Brain-Stem,Left Accumbens,Left Amygdala,Left Caudate,Left Cerebral Cortex,Left Cerebral White Matter,Left Hippocampus,Left Lateral Ventricle,Left Pallidum,Left Putamen,Left Thalamus,Right Accumbens,Right Amygdala,Right Caudate,Right Cerebral Cortex,Right Cerebral White Matter,Right Hippocampus,Right Lateral Ventricle,Right Pallidum,Right Putamen,Right Thalamus,b'7Networks_LH_Cont_Cing_1',b'7Networks_LH_Cont_PFCl_1',b'7Networks_LH_Cont_Par_1',b'7Networks_LH_Cont_pCun_1',b'7Networks_LH_Default_PFC_1',b'7Networks_LH_Default_PFC_2',b'7Networks_LH_Default_PFC_3',b'7Networks_LH_Default_PFC_4',b'7Networks_LH_Default_PFC_5',b'7Networks_LH_Default_PFC_6',b'7Networks_LH_Default_PFC_7',b'7Networks_LH_Default_Par_1',b'7Networks_LH_Default_Par_2',b'7Networks_LH_Default_Temp_1',b'7Networks_LH_Default_Temp_2',b'7Networks_LH_Default_pCunPCC_1',b'7Networks_LH_Default_pCunPCC_2',b'7Networks_LH_DorsAttn_FEF_1',b'7Networks_LH_DorsAttn_Post_1',b'7Networks_LH_DorsAttn_Post_2',b'7Networks_LH_DorsAttn_Post_3',b'7Networks_LH_DorsAttn_Post_4',b'7Networks_LH_DorsAttn_Post_5',b'7Networks_LH_DorsAttn_Post_6',b'7Networks_LH_DorsAttn_PrCv_1',b'7Networks_LH_Limbic_OFC_1',b'7Networks_LH_Limbic_TempPole_1',b'7Networks_LH_Limbic_TempPole_2',b'7Networks_LH_SalVentAttn_FrOperIns_1',b'7Networks_LH_SalVentAttn_FrOperIns_2',b'7Networks_LH_SalVentAttn_Med_1',b'7Networks_LH_SalVentAttn_Med_2',b'7Networks_LH_SalVentAttn_Med_3',b'7Networks_LH_SalVentAttn_PFCl_1',b'7Networks_LH_SalVentAttn_ParOper_1',b'7Networks_LH_SomMot_1',b'7Networks_LH_SomMot_2',b'7Networks_LH_SomMot_3',b'7Networks_LH_SomMot_4',b'7Networks_LH_SomMot_5',b'7Networks_LH_SomMot_6',b'7Networks_LH_Vis_1',b'7Networks_LH_Vis_2',b'7Networks_LH_Vis_3',b'7Networks_LH_Vis_4',b'7Networks_LH_Vis_5',b'7Networks_LH_Vis_6',b'7Networks_LH_Vis_7',b'7Networks_LH_Vis_8',b'7Networks_LH_Vis_9',b'7Networks_RH_Cont_Cing_1',b'7Networks_RH_Cont_PFCl_1',b'7Networks_RH_Cont_PFCl_2',b'7Networks_RH_Cont_PFCl_3',b'7Networks_RH_Cont_PFCl_4',b'7Networks_RH_Cont_PFCmp_1',b'7Networks_RH_Cont_Par_1',b'7Networks_RH_Cont_Par_2',b'7Networks_RH_Cont_pCun_1',b'7Networks_RH_Default_PFCdPFCm_1',b'7Networks_RH_Default_PFCdPFCm_2',b'7Networks_RH_Default_PFCdPFCm_3',b'7Networks_RH_Default_PFCv_1',b'7Networks_RH_Default_PFCv_2',b'7Networks_RH_Default_Par_1',b'7Networks_RH_Default_Temp_1',b'7Networks_RH_Default_Temp_2',b'7Networks_RH_Default_Temp_3',b'7Networks_RH_Default_pCunPCC_1',b'7Networks_RH_Default_pCunPCC_2',b'7Networks_RH_DorsAttn_FEF_1',b'7Networks_RH_DorsAttn_Post_1',b'7Networks_RH_DorsAttn_Post_2',b'7Networks_RH_DorsAttn_Post_3',b'7Networks_RH_DorsAttn_Post_4',b'7Networks_RH_DorsAttn_Post_5',b'7Networks_RH_DorsAttn_PrCv_1',b'7Networks_RH_Limbic_OFC_1',b'7Networks_RH_Limbic_TempPole_1',b'7Networks_RH_SalVentAttn_FrOperIns_1',b'7Networks_RH_SalVentAttn_Med_1',b'7Networks_RH_SalVentAttn_Med_2',b'7Networks_RH_SalVentAttn_TempOccPar_1',b'7Networks_RH_SalVentAttn_TempOccPar_2',b'7Networks_RH_SomMot_1',b'7Networks_RH_SomMot_2',b'7Networks_RH_SomMot_3',b'7Networks_RH_SomMot_4',b'7Networks_RH_SomMot_5',b'7Networks_RH_SomMot_6',b'7Networks_RH_SomMot_7',b'7Networks_RH_SomMot_8',b'7Networks_RH_Vis_1',b'7Networks_RH_Vis_2',b'7Networks_RH_Vis_3',b'7Networks_RH_Vis_4',b'7Networks_RH_Vis_5',b'7Networks_RH_Vis_6',b'7Networks_RH_Vis_7',b'7Networks_RH_Vis_8'
"[ 0.46576832  0.34263975  0.30644679  0.26005909  0.33200905  0.17580259
 -0.31421296  0.43500105  0.29243423 -0.16102593  0.17462898  0.25653431
  0.23744463 -0.25448045 -0.3497088   0.35672299  0.2794923  -0.08762157
 -0.45732857  0.20702909  0.46943409  0.43440976 -0.20696909  0.32429956
 -0.26598257  0.21315627  0.48300877  0.06241006  0.37885128 -0.20764793
  0.59129567  0.11646962  0.14268037  0.52611441 -0.21662571  0.30716498
  0.39101796  0.54422776  0.45961652  0.47191943 -0.15468593 -0.42810006
 -0.29276634 -0.0784439   0.57145199 -0.16411231  0.2090467   0.06726248
  0.32327089  0.55919317  0.24992261 -0.31439383  0.34446826 -0.33458715
 -0.04036033  0.38212263  0.23161333  0.22103993  0.30037682  0.2994839
 -0.10003152  0.33125626  0.69556907  0.35804948  0.35296117  0.60733763
  0.51672567  0.40472737  0.42619899 -0.30561757 -0.25572767  0.33973968
  0.30704353 -0.35762296 -0.20592077  0.13421508 -0.25946929  0.75927258
 -0.26869871  0.38003989 -0.12448161  0.70362992  0.12116139  0.45424321
 -0.29704805  0.25526653 -0.30517182 -0.55569122  0.46083803  0.36321478
  0.52188747  0.30058588  0.25434768  0.37586972]","[-0.34824437  0.39320008  0.33313936  0.31951634  0.27733569 -0.19336225
  0.48219158 -0.32478547  0.26304814  0.55539482  0.1418694  -0.02058763
 -0.13561119 -0.35070434 -0.2673048   0.37137274 -0.43491866  0.28124935
 -0.21924298  0.32702078 -0.27241571 -0.25787073  0.32262532  0.57722495
  0.58988023 -0.11796631  0.53786497  0.32559302  0.22271297  0.18183704
  0.59347809 -0.28570483  0.34834826  0.37801009 -0.3009865   0.03544239
 -0.38635086 -0.43042569  0.43199034  0.48342018 -0.15105933  0.50451709
  0.26546581 -0.03401148  0.57224874  0.40954178  0.25813122 -0.29344029
 -0.41537962  0.47886356 -0.23376396  0.42005142 -0.22250522  0.20086946
  0.26746024 -0.51953916  0.12239326 -0.34743719  0.32833126 -0.43853482
 -0.27503438 -0.39655421  0.50025572  0.50527445  0.29867237  0.61911198
  0.53700496  0.32733649  0.17755351  0.50479832  0.56223135  0.35454735
 -0.63823098 -0.14694324 -0.14465191 -0.03901222  0.07790032  0.58802801
 -0.21412603  0.35019533 -0.02014185  0.27054729  0.37988701 -0.37816627
  0.50051256  0.05328653  0.33711547  0.61760469  0.47801764  0.84499552
  0.21843585  0.19536146  0.25654757  0.37425506]","[ 0.13892618  0.43448244  0.51015082  0.16196181  0.3853458   0.20708876
  0.48869399  0.1442982   0.24677199 -0.15475546  0.19706258  0.39244441
  0.49332375  0.30462176  0.57394635  0.23883615 -0.15407338  0.34416405
  0.53795725  0.26312277 -0.10000339  0.27263547 -0.10655133  0.23127445
 -0.45743042  0.17521448  0.47732609  0.56602222 -0.34162621  0.29922434
 -0.25773912 -0.36734721  0.44389639  0.21556203  0.3795657   0.58474104
  0.51301799 -0.29784281  0.20825232 -0.40180181  0.25464258 -0.26486658
  0.19869653  0.20365604  0.35416201  0.26576629  0.47145547 -0.07238349
  0.09880217 -0.31309258  0.27251237  0.18158001 -0.12054869  0.43870296
  0.5105541   0.20687129  0.27295926 -0.17104165  0.17966043 -0.30920805
 -0.1338213   0.47587199 -0.52167541 -0.16950317  0.37677814  0.05382895
  0.26420193  0.426999   -0.20982397  0.04762471  0.46654527  0.55622536
 -0.15197948 -0.22882521  0.23280379  0.20289641  0.35074362 -0.36093696
  0.56799075  0.24226469  0.21428071  0.31307761  0.13599791 -0.12067245
 -0.29423712  0.4866297   0.16917099 -0.56879103  0.16488206  0.62213125
 -0.10159399  0.51896543  0.42252274 -0.14009092]","[ 0.17956789  0.04827659  0.44179048 -0.34095746  0.56473273  0.19626142
 -0.30562163  0.37696669  0.34103932  0.29933065  0.52025293 -0.19770163
 -0.22480323 -0.1585005   0.2227354  -0.35698538 -0.61161466 -0.55829957
  0.17587784  0.3478611   0.62099241  0.34228059  0.42862582  0.63296611
  0.52773054 -0.15787055  0.35340386  0.4575825  -0.02104459 -0.23603367
  0.53719174  0.1449033   0.46765938 -0.2633587  -0.58939191  0.02494041
  0.29033921 -0.45005506 -0.13514863  0.48333646 -0.14958068  0.34710402
 -0.23651978  0.47493987  0.35377481  0.40123748  0.27413399  0.34768637
 -0.35762144  0.71899398  0.39337264 -0.17141602  0.42916588 -0.1142745
  0.34459162  0.5797636   0.43206966 -0.39101837 -0.19032095 -0.22875936
  0.53814759  0.24457665  0.68529955  0.53417823  0.40087196  0.31422272
  0.47406249 -0.07066066 -0.27922566 -0.46932282  0.53058184  0.57817417
 -0.66733633 -0.05149134  0.11456408  0.20401077 -0.32040766  0.30503322
  0.53621226  0.26343031 -0.27008271  0.493541   -0.22474733 -0.32638257
  0.60602348  0.09431404 -0.28250959  0.63738642  0.501948    0.48509299
 -0.25743594  0.15946515  0.29037544  0.42436933]","[ 0.81891628  0.31093702  0.33947491 -0.16442286  0.35585757  0.31897374
 -0.12734259  0.5634955   0.63244226  0.52321346  0.22294728  0.36246173
  0.47524193 -0.4230014  -0.14715501  0.48366232  0.31263872  0.57138065
  0.21595861  0.47887477  0.54821942  0.48164296 -0.0505991   0.58707127
  0.27659164  0.34608535  0.82577017 -0.27593273  0.1700492  -0.17871433
  0.51268032 -0.23362442  0.31379622  0.58522273  0.1970281   0.7757973
 -0.2148058   0.62350158  0.72674924  0.58755161  0.31272828  0.33079165
  0.2812248   0.43702062  0.63983932  0.09145454 -0.57199006  0.26297442
 -0.31139586  0.80140935  0.42438367  0.34841991  0.49343838 -0.16995692
  0.39241713  0.60671355 -0.42457255  0.5565833  -0.06880795  0.33868362
  0.44211193  0.53729179  0.72261804  0.7196662   0.41763317  0.60739102
  0.70136294  0.50879008  0.43204195  0.30326853  0.29869161 -0.12999857
  0.29709835  0.35563917  0.12560431  0.14539605 -0.28447364  0.72183151
  0.45806333 -0.16592175  0.2670119   0.67578951  0.18971918  0.34312229
  0.62977289 -0.48106478 -0.07615921  0.59499492  0.63627687  0.45756811
  0.58836519  0.18087064 -0.3206287  -0.29790977]","[ 0.45359706  0.39079256  0.28234927 -0.44632841  0.37892254  0.2670658
 -0.589139    0.65547771  0.51123146  0.55053432  0.14985016  0.44622717
  0.68981485 -0.3026544  -0.37417371  0.47991999 -0.45108517  0.39804049
  0.45363827  0.48837769  0.39995567  0.57480447 -0.18426889  0.64533168
  0.31651861  0.35458227  0.70324155 -0.31557169  0.55722382 -0.23751708
  0.57899999  0.42809036  0.25356633  0.59879649  0.35098965  0.5609605
 -0.30007165  0.3438117   0.51887965  0.35939939  0.13198341 -0.05582609
  0.3829718   0.35641069  0.34132327 -0.09266755 -0.56807687  0.53712531
 -0.29793869  0.73448769  0.56882392 -0.37316568  0.52400265 -0.50156978
 -0.05391428  0.74509962  0.10864144  0.45297658  0.24939246  0.32448626
  0.63853898  0.44323532  0.67858302  0.68292491 -0.27231296  0.66246896
  0.66115154 -0.30772293  0.37320806 -0.32640116 -0.06903245  0.22562343
 -0.10161072 -0.16836784  0.16113278  0.11071792  0.20710831  0.68917001
 -0.44637925 -0.32341272 -0.3659552   0.54496964  0.14811975  0.40763152
  0.44538776 -0.27653229  0.11212792  0.37413681  0.68138741  0.68647469
  0.5629147   0.57148601 -0.22278969 -0.34275277]","[-0.17914856 -0.30565538  0.46964917 -0.40113683  0.34951645  0.42431682
  0.4856777   0.32428309 -0.38088042  0.36527471  0.25851116  0.35446642
  0.46966865 -0.14033102  0.4814711  -0.24320115 -0.22204514 -0.40326854
 -0.27513427  0.14896713  0.26174357 -0.25079469  0.38317686  0.08227374
  0.31431789  0.31951239  0.55101981  0.40661026 -0.25095928 -0.21611519
 -0.09329683 -0.18766903  0.28905888  0.29065622  0.2657884  -0.35769887
  0.10418383 -0.30390988  0.34219499  0.39545939 -0.27841656 -0.3650543
  0.17216572 -0.25414286  0.34886365  0.02114076  0.2622257   0.35217711
  0.1297698  -0.18714793  0.38240323 -0.10742385 -0.03045881 -0.26007758
  0.48619899  0.48040024  0.3045265   0.15487304  0.10572697  0.31725389
 -0.29876373  0.13800071  0.62422557 -0.31347564 -0.0234159  -0.16628501
 -0.28328889  0.46201219 -0.29228087 -0.20002982  0.2981119   0.46190144
  0.31704137 -0.20168641  0.24238227  0.2104522  -0.24329089 -0.46201336
  0.29904266  0.38649717 -0.22099307  0.32674746 -0.21646116  0.15882621
  0.35000295 -0.25285118  0.31686683  0.19927961  0.28847014  0.40871101
 -0.1491904   0.60470276  0.34940897  0.11009897]","[-0.27104629 -0.24218541  0.45843549 -0.25842144  0.32600861  0.30192612
  0.06878776  0.32361611  0.21665357  0.24667068 -0.18545076 -0.43807782
  0.12540428 -0.5037454  -0.26822923  0.35072116 -0.52652633 -0.29571817
  0.38950382 -0.12750135 -0.16613984  0.22329245  0.15119392  0.3040646
  0.52987065  0.2321022  -0.28771804  0.45065071  0.29013369  0.46631068
 -0.21776777  0.18728365  0.3084393  -0.16539987 -0.11627776 -0.06292834
  0.24144504 -0.26344542 -0.22565834 -0.49356844 -0.13044998  0.28266814
  0.1941593   0.22532903 -0.64478584 -0.24873936 -0.31166226  0.56299104
  0.11599956  0.33720356 -0.29950395 -0.3690467  -0.12468015 -0.26457095
 -0.24785932  0.74053717 -0.41391233 -0.0620954  -0.1943668   0.17409827
  0.64420044  0.11231247 -0.26177831  0.13618189  0.57866968 -0.3172513
 -0.23915649 -0.39988087 -0.37934097 -0.51029338  0.43795466  0.2951079
 -0.33049233 -0.12334618 -0.15146639  0.24546831 -0.10218294 -0.45561642
 -0.21661134  0.1603234  -0.22957104 -0.25648959  0.1276744  -0.23276108
  0.26787828  0.33501738  0.18420668 -0.41640466  0.65548053  0.45739143
  0.12729161 -0.37725805  0.18895932  0.47465696]","[-0.33396606  0.23371614 -0.25402567 -0.08103348 -0.28724312 -0.02870275
  0.1562667  -0.09386279 -0.21935289 -0.23799303 -0.22798425  0.41666602
  0.24740717  0.18942127 -0.10983633 -0.40773869  0.21799993  0.45696339
  0.20464082  0.19737425  0.55391419  0.4260534   0.4602384  -0.22007488
 -0.13493531 -0.25422911  0.33708614 -0.21099941  0.39598435 -0.1632788
  0.2042856  -0.13585485 -0.24714652  0.46095754  0.19582166  0.39330477
  0.36290341  0.432951   -0.34746553  0.36559607  0.22702546  0.18194597
 -0.19683916 -0.26982843  0.49659447  0.45751195 -0.14631342  0.27252327
  0.28702201  0.52186695  0.51114691  0.34265681 -0.10814584  0.16156453
  0.22320744  0.38092143  0.03710588  0.20724705 -0.33346752 -0.33871272
 -0.14279346  0.26612092  0.50806969  0.37792921  0.42408199  0.26486752
  0.34332585 -0.31859978  0.2995804   0.24776055 -0.18437583 -0.1688889
  0.34620036  0.49429755  0.24012767  0.41924129  0.49685786  0.65162712
  0.22129185  0.25069911  0.31131822  0.63900306 -0.17953682  0.34912449
  0.63956274  0.19119196  0.30873852  0.23229594  0.20142035 -0.4337557
  0.15927639  0.40946275  0.3159165   0.14381973]","[ 0.25934741  0.31895192  0.17056375 -0.46335037  0.29525968  0.41712835
  0.3518918  -0.34809893  0.18516724 -0.22043969  0.39967045  0.13998711
  0.50580962 -0.31746093  0.32647918 -0.54510505  0.33553329  0.22312906
  0.22681413  0.17405635  0.50660706 -0.30296175  0.23267764  0.33325281
  0.44812876 -0.31831187  0.71267271 -0.42190897  0.21184007  0.26303884
  0.3094205  -0.25560325  0.5566052   0.48784142 -0.34058044 -0.32640457
  0.10301897  0.64445926 -0.31697857  0.66201142 -0.30673458  0.33352642
  0.29726133 -0.16302857  0.473129   -0.4040866  -0.13183026  0.29324993
 -0.2211878   0.41853133  0.59060824 -0.46351055  0.27459774 -0.18655664
 -0.30782486  0.66220526 -0.24765413 -0.23001904 -0.35215547  0.3470266
  0.08939379  0.1487796   0.41287853  0.67842557  0.30931741  0.45568062
  0.39267549  0.21072214  0.30496101  0.34565928  0.36134644  0.56592605
  0.23532698  0.40938206  0.3112729   0.1586729  -0.12554636  0.59988388
  0.56601028  0.18667826  0.13761307  0.18072297  0.25788647  0.15109551
  0.54572958  0.57864393  0.24801457  0.50911252 -0.17353527 -0.17827913
 -0.28751526  0.59235942  0.50989101  0.26727333]","[ 0.42061033  0.49781266  0.4023755   0.40024005  0.33934129 -0.13083522
  0.13114962  0.29527963  0.48189906 -0.2232944  -0.1688282   0.55314522
  0.34959624  0.2887785   0.44970097  0.2936149   0.37616617  0.36940361
  0.22600425  0.4541931   0.26206893  0.59122157  0.66485219  0.64059029
 -0.2559444   0.52904302  0.66548335 -0.2309518   0.45254436 -0.27814866
  0.26291373 -0.25574261  0.41103486  0.55747733  0.44120622  0.71246346
 -0.13370507  0.71244586  0.6237068   0.39359828  0.36279924  0.47716011
  0.57140452 -0.16432604  0.66873356 -0.46059554 -0.37108043  0.35827256
 -0.21292716  0.8090509   0.74907218  0.38128571  0.3098699  -0.27763296
 -0.36626511  0.5906043  -0.05869637  0.18939038 -0.23666257  0.42718359
 -0.22311752 -0.39147173  0.55078708  0.3759216   0.40132761  0.44847245
  0.51898395  0.23356125  0.32466581  0.54621692  0.01513991 -0.1946026
  0.63065627  0.4706423  -0.12087509  0.36235942  0.30276682  0.78037366
  0.46583219  0.14529134  0.27075658  0.71367036  0.23230786  0.59156199
  0.39672943 -0.21047756  0.4389615   0.63069081  0.70745158  0.52948948
  0.52451524 -0.31940232 -0.25750463  0.50970792]","[-0.2297063   0.3233906   0.44319265  0.13358241 -0.20180647 -0.24985831
  0.25090448  0.39354558  0.29869767  0.50950665  0.25543907  0.07602288
  0.15049834  0.25238591 -0.38150511  0.2199306  -0.54465097 -0.20034642
 -0.48890081  0.31023707 -0.16219217  0.35381066  0.40143096  0.35775482
  0.53941007  0.32620417  0.59650438 -0.25960145  0.17059224 -0.21160327
  0.56926052 -0.3707542  -0.10628096  0.46905639 -0.47443201  0.15098777
 -0.38397394 -0.37460282  0.41580252  0.41110068 -0.24734153  0.60921261
  0.25889995  0.20909383  0.61012568  0.58737231 -0.26478747  0.32987903
 -0.44456796  0.49767069  0.50062055  0.23269497  0.47940344 -0.31035413
  0.5549658  -0.32497891  0.18035207 -0.48359226 -0.26981267 -0.3085878
  0.22938434 -0.21186365  0.40029312  0.49709691 -0.1818439   0.55477322
  0.5500291   0.27051007  0.41432545  0.18948735  0.54319283  0.52510289
 -0.56710132 -0.23311764  0.14391181  0.23309736 -0.37566271  0.4451113
 -0.27934496  0.38738218  0.30204017  0.19437843 -0.20045861  0.30525569
  0.40322365  0.24403308  0.231991    0.56249455  0.54130596  0.71409294
 -0.06768731 -0.27136105 -0.32198701  0.2493304 ]","[-0.28785236  0.36762738  0.23122849  0.41752437  0.45570138  0.36813033
  0.55059539 -0.20320922 -0.26461417 -0.23857303  0.34262386  0.30932497
  0.61729612  0.31334853  0.56688772 -0.2142068   0.37306631  0.28680446
  0.48980919  0.35203033 -0.19731236 -0.12547079  0.31533989  0.18560924
  0.30047145 -0.04704425  0.42756123  0.47367515 -0.47611837  0.3265729
  0.16066347 -0.41945867  0.39039783  0.11015592  0.50923042  0.56933262
  0.4737147   0.21951762 -0.13905012 -0.26187559 -0.14146223 -0.31923176
  0.19226979  0.16810288  0.5630023   0.23606979  0.48894109  0.32978107
  0.3244887  -0.18512033 -0.18076613  0.40729507  0.14653983  0.58547471
  0.59020111  0.17670043  0.21499756  0.39695357 -0.16315133  0.21988069
  0.12292845  0.32923655 -0.08349198  0.47099436  0.58101675  0.32379377
  0.0744908   0.63953653 -0.38662168  0.40492307  0.31957266  0.61988494
  0.56559777  0.19671852  0.54737142  0.1818311   0.16076187  0.34177738
  0.54312299  0.36396255  0.3636339   0.26782432  0.07131716  0.25471101
  0.49670037  0.45780672  0.22530211  0.46172655 -0.11966407  0.47873874
  0.36214576  0.37212314  0.59016368 -0.17150762]","[ 0.3705672  -0.26586985  0.55412548 -0.47724115  0.40498288  0.45439226
 -0.21388903  0.38780457  0.38797394  0.43321732  0.3885734   0.49098332
  0.53712421 -0.22770092 -0.18529581 -0.32826696 -0.32881359 -0.14690462
 -0.47057061  0.31914326  0.61735085  0.50979247 -0.30519817  0.43638313
  0.54380506 -0.24489262  0.47004215 -0.11739282  0.33463669  0.1374787
  0.52929314 -0.32543128  0.42120012  0.2509034  -0.36557645  0.4940858
 -0.2000924   0.33389443  0.05227844  0.34109455 -0.15948588  0.40066168
 -0.09244149  0.51713228  0.52735046  0.60056265  0.31700596 -0.20003815
 -0.37923145  0.69104282  0.42664918  0.29069662  0.50141391  0.21118003
  0.2765559   0.61481924  0.46878672 -0.44450845  0.26412656  0.22226963
  0.54960986 -0.17608055  0.66566789  0.63192828  0.37844293  0.44237513
  0.48824344 -0.23503071  0.42973927 -0.46894012  0.49254853  0.45477499
 -0.59354078 -0.26331087  0.15506093  0.22785701  0.32723659  0.31075481
  0.37303985 -0.19641929  0.27783108  0.50072046 -0.27452153  0.39126142
  0.33859217 -0.25850668 -0.27709954  0.55427065  0.56239046  0.35801255
  0.19379525  0.17232406  0.25187389  0.35523409]","[ 0.75528805  0.32047149 -0.23321452  0.24323721  0.44799029  0.36562379
  0.23547763  0.47988932  0.56568318  0.32728902  0.23997522  0.16803962
  0.35727729 -0.2635517   0.11546433  0.43454753 -0.40316063 -0.30967441
 -0.17430079  0.37902632  0.48987286  0.35809373 -0.10875921  0.4399558
  0.35741146  0.22392803  0.70294596 -0.2114535  -0.27473842 -0.11559986
  0.41952451 -0.19170476  0.40789804  0.30043642 -0.16791795  0.53192611
  0.28829461 -0.19489309  0.54485894  0.40091327 -0.22339659  0.2065331
 -0.25442154  0.38512184 -0.37310418  0.40162422 -0.28019576 -0.1845377
 -0.39689005  0.73842192 -0.21364854  0.37173073  0.3626     -0.35223622
 -0.29086581  0.58920973 -0.36272898  0.36298283  0.2047955  -0.04182164
  0.42335347  0.34416035  0.69024804  0.33493154 -0.27960021  0.52332663
  0.15746781 -0.05111495  0.25907126 -0.35753551 -0.14147849 -0.06511611
 -0.30908872  0.07052228  0.11425832  0.37129272 -0.1567088   0.62399083
 -0.36385929 -0.15771802  0.45884431  0.59548278 -0.1006454  -0.11173541
  0.51531117 -0.59943539  0.18277857  0.53875172  0.56808719  0.19568361
  0.22461094  0.45787531 -0.25310092 -0.22500755]","[ 0.65219307 -0.27310903 -0.37097869 -0.29750107  0.61875655  0.33368142
 -0.42993801  0.60789491  0.45058499  0.51023851  0.07939847  0.45150101
  0.55311026 -0.26912757  0.25587082  0.51442865 -0.27597739  0.13768016
  0.2080488   0.50170272  0.59666359  0.51564944  0.26716328  0.34107951
  0.34773548 -0.3017748   0.66224372 -0.22305939  0.46262642  0.43825454
  0.36984504 -0.23206373  0.21472706  0.59464094  0.24971733  0.53106798
  0.45437274 -0.22257477  0.19775622  0.39685181  0.05939572  0.23815266
 -0.29774949  0.45816615 -0.06122996  0.24863099  0.26975969 -0.18212636
 -0.31502658  0.75147227 -0.06508601  0.53067936  0.43672522  0.13636086
 -0.1368264   0.77660435 -0.55443396  0.48125373  0.22329391  0.24766422
  0.64816751  0.22083929  0.68473563  0.26423781  0.2900115   0.60331836
  0.54914621 -0.53638015  0.49694109  0.31198167  0.15921146  0.25551629
  0.52626666 -0.28329007  0.26019858 -0.13936524 -0.2353597   0.63008779
 -0.20096676 -0.36558067  0.27638851  0.38807079  0.16462926  0.42380386
  0.28818861  0.38072037  0.35156708  0.54015291  0.64658325  0.58309147
  0.24906407  0.58895359 -0.47541483 -0.27472878]","[-0.27486617  0.09405252 -0.18606703  0.05627621  0.58204237  0.40523751
  0.54304031  0.02097347 -0.1663194  -0.15892011  0.35565305  0.35366841
  0.48399453  0.36056727  0.42489651 -0.38471168  0.25718783  0.23758827
  0.43590684  0.24037364  0.24976765  0.21928214  0.45904759 -0.23468197
  0.42810718  0.19112387  0.46548096  0.48612791 -0.31729533  0.11155306
 -0.05791276  0.20865521  0.1497567   0.31760041  0.33080671  0.25114621
  0.49948366 -0.27200337  0.25065335 -0.27127742  0.10984865 -0.36952751
  0.20765403  0.20924411  0.54350149  0.37860976  0.3799201  -0.08381402
  0.35306191 -0.09632386  0.26123995  0.38642208  0.04329258  0.44395817
  0.51681084  0.36257424 -0.17945566  0.46863609  0.34912175  0.29232299
  0.25153518 -0.45421256  0.4951282   0.31285854  0.5290618   0.2298413
 -0.14959691  0.50358943 -0.43416402  0.34147803  0.25214447  0.38467432
  0.60318355  0.53259088  0.55077664  0.1894284  -0.2211965  -0.36344529
  0.53012225  0.66398214  0.41213425 -0.2237881   0.0611755  -0.08711163
  0.39870747  0.33636262  0.29934231 -0.16892918  0.16237269  0.48235576
  0.20913566  0.61338072  0.39611023 -0.02165277]","[-0.02867726 -0.07701404  0.5018446  -0.47982284  0.23429129  0.32162268
  0.01995335  0.47203385  0.26469886  0.359846   -0.12388045  0.04522723
  0.34609789 -0.2776598  -0.16774259  0.3578442   0.29455986  0.4581282
  0.28672044  0.25163149  0.35537516 -0.34913206  0.41557103  0.09291653
  0.51804443 -0.259918   -0.28483073  0.40800925  0.44348326  0.49324015
  0.35952818 -0.24132977  0.1402878  -0.20433921 -0.05947307  0.47095295
  0.27283227 -0.45878561 -0.22895898 -0.26048537  0.18210137 -0.22962446
  0.26851356  0.35985154 -0.54014649 -0.1275595   0.32633894  0.39465816
  0.17016299  0.36556807 -0.21960403  0.18337515  0.36122017  0.23142151
 -0.40256283  0.83092215 -0.19409682 -0.27245442  0.3522772   0.11309302
  0.65408953 -0.22087615 -0.12341558  0.36689515  0.52344878 -0.30053475
 -0.24628929  0.27756413  0.3343709  -0.36237635  0.21737228 -0.07063449
 -0.23666698  0.3502053   0.13709386  0.19939235 -0.10305166 -0.32400293
 -0.34503309 -0.20384431 -0.2730178  -0.1359562   0.13580328  0.51641331
  0.32771453 -0.05957587  0.07907861  0.36637345  0.67084199  0.48136889
 -0.17704398 -0.32017229 -0.1760315   0.39874396]","[-0.27158195 -0.12599551  0.21179972 -0.53070814  0.39644535  0.24303706
  0.43086256 -0.24876827 -0.14557093  0.06090327  0.36405095  0.1937275
  0.47942866 -0.43431725  0.29620772 -0.23925198  0.12703396 -0.16027959
  0.15857653  0.25356633 -0.14853393  0.16712277  0.22630748  0.18986467
  0.38628708  0.23892615  0.5425941   0.07893228  0.37137393  0.28297577
  0.44233326 -0.09768807  0.46329053  0.39702593  0.19723567 -0.42984708
 -0.30042694  0.31861043 -0.31618257  0.60129518 -0.13071147 -0.24902161
  0.14551034  0.15603206  0.34645027  0.01775864  0.18533545  0.20140835
 -0.31787245  0.42906348  0.49937582  0.25040885  0.22090142 -0.08671312
 -0.20573232  0.43545595 -0.4440537  -0.20285956  0.21597909  0.3989298
  0.02005348  0.20909098  0.78291711  0.40158454  0.08395744  0.05179026
  0.48979812  0.02702386  0.2764986   0.2794307   0.15352877 -0.18005661
  0.46422889  0.27399532  0.40382905  0.34179046  0.00777792  0.52804351
 -0.08992601 -0.24147721 -0.35873797  0.31023759  0.23993056  0.09215781
  0.39335952  0.27897578  0.18656567  0.41300009 -0.2153967  -0.28903495
 -0.31962061  0.38461274  0.30152508 -0.1345124 ]","[ 0.08262651 -0.11848805  0.22376976  0.25966283  0.56097849  0.56939256
  0.55409716 -0.44533267 -0.29367206  0.34592561  0.61719753 -0.1602793
  0.44678624 -0.40833976  0.6063776  -0.52673648  0.08339183  0.35685474
 -0.20966545 -0.2290808   0.26192384 -0.30923667  0.20964631 -0.27359019
  0.31940241 -0.35299347  0.60723699 -0.34301435 -0.2519233   0.39135944
  0.1751894   0.22231889  0.8223269   0.33462485 -0.29988095  0.52465748
  0.5995187   0.29807524  0.48070437  0.70840682  0.23769585 -0.25103802
  0.23436687 -0.26887211  0.29056087  0.46575851  0.33690236  0.29798821
 -0.26048031 -0.33846891  0.34000058  0.30181563  0.33574285  0.2907369
  0.33996679  0.39957554  0.10268341 -0.29413258  0.45844614  0.45283669
 -0.05042997 -0.28660559  0.43753559  0.44090097  0.23140829 -0.24799934
 -0.0944473   0.23163031 -0.34892343  0.51595918  0.54081401  0.50299951
  0.52869339 -0.19043048  0.59483349  0.14278106  0.59795847  0.20437147
  0.72080276  0.32764318 -0.24266197  0.3320041   0.53522623  0.16258147
 -0.37864404  0.68812612  0.39055074 -0.28706099  0.33578444  0.13683297
  0.31559985  0.6852994   0.59506788 -0.33525859]","[ 0.25418919  0.54364777  0.29322166  0.37875172  0.32335957 -0.08368901
  0.11072465  0.3294811   0.31550468 -0.24124279 -0.17547279  0.54356791
  0.47270846 -0.33286215  0.04484373  0.45915884 -0.24006517  0.33753602
  0.2218235   0.32470717  0.36386511  0.54510718  0.57658907  0.57921399
 -0.17065005  0.42814399  0.68479979 -0.2698946   0.33015937  0.0963689
  0.44886013 -0.32339424  0.22514849  0.55514198  0.50195036  0.67056058
 -0.29316129  0.48561627  0.37286098  0.39724441  0.13756249  0.42949378
  0.33403319 -0.15927673  0.6341333  -0.34441087 -0.25122461 -0.06536274
  0.31547103  0.82040483  0.67398185 -0.22107445  0.36343342 -0.51807975
 -0.38220365  0.66321478 -0.34064783  0.12990391  0.33465883  0.45648085
  0.39908722 -0.27633407  0.73371188  0.35794085  0.43168477  0.41377017
  0.36238566  0.35787556  0.35691843  0.22020367 -0.28704859  0.31122598
  0.22303207 -0.21172478  0.29964907  0.29783745  0.28359186  0.74117181
  0.19039813  0.19965409 -0.05541025  0.78649512  0.25707122  0.60041623
 -0.12290289 -0.13833269  0.25395897  0.66003147  0.68018055  0.50121889
  0.60078062 -0.19365067  0.22188134  0.39114267]","[ 0.31837832  0.28387518  0.20205834  0.24671695  0.30586128  0.1435756
  0.1262922   0.34930748 -0.15422638  0.55536754  0.15101224  0.10967006
 -0.14851167  0.40285535 -0.37186033 -0.21804081 -0.1382419  -0.33104044
  0.41495857 -0.11901741 -0.16388398 -0.27642293  0.1542773  -0.01223931
  0.30596344  0.02804242  0.40761122 -0.13128194  0.58294099  0.39874836
 -0.25970708 -0.21414865 -0.14661846  0.02592044 -0.18231401 -0.2306717
  0.47604691 -0.17486956 -0.24248006  0.2730859   0.29896416  0.44092513
 -0.52756768  0.06073146 -0.29737774 -0.21898507 -0.22295148 -0.03113866
 -0.0339961   0.47871364 -0.09098985 -0.12107404 -0.18035619  0.23992862
 -0.30770367  0.33808888  0.29162846  0.36731069  0.25862818  0.32163185
  0.4658675   0.20144191  0.03595582  0.355722   -0.26037248  0.07004003
  0.29791108 -0.40629722  0.32206689  0.16619118  0.55228934 -0.23305583
  0.6056256   0.22768296  0.4988156   0.36743034 -0.22279077 -0.21923561
 -0.2818687  -0.12160448 -0.30219685  0.25296273  0.13556733  0.37343677
 -0.09629005 -0.1617594   0.1020242   0.16338136  0.36845326 -0.46500584
  0.33508052  0.08942997 -0.35706991 -0.1785159 ]","[ 0.52815011  0.06357069  0.50307908  0.3747072   0.50780001  0.37931466
  0.29556672  0.70660953  0.46077536  0.41466713  0.19172712  0.55012464
  0.20441935 -0.28361057  0.31230515  0.29346725 -0.45862199  0.57556096
  0.1323572   0.59056265  0.60463159  0.65773259 -0.34118627  0.37968051
  0.62464129 -0.26523177  0.36450504  0.14215184  0.34850195 -0.2224795
  0.46094196  0.33469527  0.32835457  0.4913774   0.35288739  0.68005968
  0.65504776  0.45034962  0.76698243  0.52246789  0.34348    -0.53276708
  0.51220538  0.3886356   0.78439443  0.24252719  0.34402373  0.42782381
 -0.24984356  0.72236322  0.36151551 -0.10864066  0.55452818  0.0104283
  0.45299092  0.7538605   0.24520564  0.38423314  0.22401468  0.39349155
  0.55935241  0.35972533  0.74417546  0.48800395  0.23621945  0.53496829
  0.77568459  0.29689513  0.59302837 -0.28755511 -0.1929124   0.44202398
  0.01073024  0.03386094 -0.08772128 -0.19484203  0.38877138  0.86542422
  0.56528564  0.16909625  0.04194031 -0.59680575  0.56899179  0.45073168
  0.24004143  0.65588557  0.07232394  0.56355289  0.63278995  0.40431021
 -0.25472672  0.45621413 -0.20869371 -0.35105884]","[ 0.60772003  0.30873026 -0.25832328 -0.21716104  0.13888472  0.13795265
  0.38968703  0.43264885  0.21590762  0.51470289  0.2357793  -0.20446334
  0.32647558  0.04291598  0.19786299  0.5757511   0.28925594 -0.31708427
  0.51167475  0.74496872  0.54920378  0.47667724  0.22994628  0.61502384
  0.55002784  0.38026153  0.69564093 -0.07526251  0.27323498  0.42056865
  0.61185609 -0.37762294  0.27880608  0.67521962  0.53234062  0.78082803
  0.43324855  0.72318349  0.73196742 -0.23020761  0.40410686  0.59312143
  0.64877251  0.59244608  0.82477474  0.25279711  0.36349636  0.61255982
  0.50398355  0.8276813   0.6300067   0.3660353   0.19675695  0.5144066
  0.72848688  0.63050541  0.14111073  0.12855141 -0.15093013  0.2784174
  0.48707794  0.37002578  0.58910599  0.53591554  0.35748714  0.55593109
  0.78273494  0.46901205  0.44998913  0.1648601   0.48106106  0.361965
  0.42552013 -0.19454663  0.33118119 -0.36868999  0.17471132  0.83258066
  0.57664424  0.27816852  0.11831991  0.63510288  0.19462461  0.71806419
  0.66731127 -0.28097605 -0.11735778  0.31576097  0.57065643  0.31308879
  0.12547692  0.37742998  0.39256667 -0.12569758]","[ 0.31714903 -0.35796789  0.64346469  0.0176778   0.44941856  0.17062961
 -0.26740807  0.3147802   0.63490978  0.24947365  0.364957    0.09559161
  0.32808806 -0.21450781 -0.16586667  0.59029566  0.23013892 -0.19883839
  0.04238533  0.19825246  0.4870873   0.5098045   0.44092774  0.36359259
 -0.12492506  0.36832982  0.54000025 -0.2833283  -0.37559142 -0.16287986
  0.50136193 -0.24758073 -0.12421444  0.46083709  0.25920914  0.69166416
  0.61169455  0.44272555  0.49631795 -0.32832852  0.15125983 -0.06262853
  0.46442357  0.2439718   0.36651426  0.35307181  0.19425758  0.41943514
 -0.35857193  0.59099841  0.54518963  0.26899128  0.31579373  0.52299991
  0.26307115  0.51879539  0.29678006  0.59950747  0.19641091  0.23118647
  0.21894882  0.30918204  0.5747528   0.52529105  0.60295281  0.47485627
 -0.44330492  0.19160643  0.26570159  0.32966916  0.25941561  0.38855713
  0.15300601 -0.15655995 -0.21089579 -0.27653234 -0.44095061  0.66651554
 -0.11782876  0.42649103  0.25376661  0.58289035 -0.1454021   0.41401604
  0.40468072 -0.34632513  0.11914079  0.55170367  0.35870777  0.49738885
  0.25200832  0.36635813 -0.37201917  0.21975946]","[ 0.3980273  -0.26851497  0.24972565 -0.15913567  0.35828038  0.25884307
  0.32945914  0.1094113   0.33711202  0.145399   -0.11584187  0.36758372
  0.39229795 -0.27251484  0.00859316  0.45561619 -0.14789364  0.39582871
  0.21452472  0.29543845  0.38353894 -0.1598626  -0.31253008 -0.14877088
 -0.16264908 -0.13974833  0.41604889 -0.08277081  0.14063799  0.44118479
  0.39014447 -0.16500762  0.27082187  0.356169    0.40374127  0.28761733
  0.1801407   0.25179528  0.14247075  0.38988204  0.57014652  0.43964214
 -0.17486979 -0.13060892 -0.04063168  0.09499121 -0.30360485 -0.28905231
  0.36845242  0.52078043 -0.16319253  0.58487406  0.26512969 -0.18392609
  0.29274936  0.29040408  0.16088541  0.18671143 -0.15008233 -0.38111271
  0.21883629  0.40806319  0.59304341 -0.38778931  0.02274314  0.11469576
  0.05505819 -0.12862929 -0.29287451 -0.25102578  0.67189924  0.13280087
  0.12223612  0.27867245  0.70797826  0.35077775  0.10368152  0.24491082
  0.4499027   0.19998981  0.14044863  0.5402502  -0.14911328  0.28404691
  0.25706128 -0.27043744 -0.18508215 -0.47475765 -0.18245976  0.34300641
  0.22966127  0.36029563  0.40592336  0.05221932]","[ 0.50787252 -0.38854154 -0.22464996  0.5066421   0.66697735  0.53344768
  0.4068713   0.16424739  0.3174876  -0.19170732 -0.21705911  0.16396734
 -0.17155055 -0.38404201  0.2992008  -0.46075519  0.43568993 -0.3424431
 -0.21542844  0.25802788  0.52406763 -0.11360838 -0.40229663 -0.33185556
  0.19540967  0.03557866  0.3387582   0.43273445 -0.31452947  0.49263035
  0.22243986 -0.36789586  0.51769898  0.18921767  0.36129949  0.3018919
  0.21075073  0.49078474  0.53975624  0.68431686 -0.27595931  0.28021041
 -0.16749429 -0.16620959  0.30884462  0.41289626  0.62634159  0.23793392
  0.55508289  0.52768137 -0.22559337  0.32266066  0.39156774  0.20997387
  0.51226877  0.38098567  0.27128911 -0.22462073  0.03923411 -0.36424446
 -0.23227602  0.51464822  0.61798543 -0.35903374  0.67996974 -0.16737595
  0.49700171 -0.18444191 -0.28552829 -0.34118087  0.54591794  0.60303356
  0.16247515  0.18344944  0.70438103  0.12642824 -0.07479018 -0.2545068
 -0.11957784  0.47864332  0.19448116 -0.24035715  0.2322744   0.1341836
  0.20986982  0.32341911  0.3128715   0.51489602  0.19991783 -0.24088593
  0.63087283  0.31998285  0.40791343  0.40550291]","[ 0.43021638 -0.41636026  0.35051244  0.10934932  0.34291971  0.3864342
  0.40276286  0.08067944 -0.21855436 -0.11956178 -0.29345662  0.39468263
 -0.11046807  0.34996133  0.28975406  0.28268595  0.40039523 -0.30662015
  0.38397818  0.12120629  0.39431241 -0.11449494  0.30014832  0.21600541
 -0.13596314 -0.42174173  0.57302616  0.54074404 -0.21771846  0.30928997
  0.29944683  0.03622307  0.30103441 -0.11495924  0.38031866 -0.38280495
  0.46541015  0.31471575  0.30188085  0.54864094  0.18078715  0.14909528
  0.25691854 -0.33334856  0.62728523  0.6122785   0.43707476  0.5164267
  0.38991789  0.33731584 -0.35838137  0.38039213  0.55988158 -0.38788125
 -0.25204269 -0.18960394  0.31353354 -0.46276291  0.17279157  0.24551511
  0.13131722  0.24911178 -0.2281063  -0.27502997  0.6284825  -0.27430657
 -0.28369763  0.42283544  0.40737146  0.15790698  0.66979444  0.44093436
  0.44311349 -0.23520399  0.29845316  0.41240791  0.27024511  0.39330826
  0.26478975  0.617242    0.18690571  0.28809781 -0.14547483  0.28020633
  0.2281922  -0.34189241  0.22447857  0.14853652 -0.15847477 -0.26017795
  0.34910985  0.5383999   0.22126653 -0.21834874]","[ 0.38258033  0.28752919  0.32888509  0.50461188  0.71878781  0.59362772
 -0.23556614  0.55764818  0.39041305  0.46230169 -0.27364458  0.29474653
 -0.33949585  0.34532858  0.25278457 -0.22178993 -0.10606875 -0.48217874
  0.2631257   0.31631981  0.37559839  0.47215059 -0.28119935  0.37598904
 -0.22686802  0.44936135  0.25431779  0.59179959 -0.19990401  0.19752737
  0.34080402 -0.25580087 -0.25613998  0.26183242  0.37716028  0.47329542
  0.10626729  0.16058112  0.55525768  0.25614551  0.00102732  0.20423167
  0.24249892  0.28034997  0.05624011  0.26975506  0.40827959 -0.02270721
  0.40320382 -0.19554757 -0.32848969  0.16157047  0.22221109 -0.13864733
 -0.22663525  0.44700576 -0.27041027  0.25123094  0.24897837 -0.05303261
  0.34685088  0.51134137  0.59728541 -0.38447264  0.5283396   0.62315911
  0.59797682  0.46262936 -0.37461993  0.10710279  0.66806794  0.81228166
  0.06193025  0.45831647  0.27912001 -0.2078669   0.50410548  0.32849041
  0.48304018  0.68524957  0.22435594 -0.16932067  0.19525932  0.13966376
  0.1566506   0.56453933 -0.36803361  0.33714564 -0.17665746  0.13275427
 -0.04538747  0.63503695 -0.26195685  0.40234838]","[ 0.60077912 -0.37200302  0.5351385   0.56521714  0.5942801   0.58148354
  0.19741262  0.3519716  -0.25237266 -0.05218531 -0.17137361 -0.35938663
  0.05388273  0.29379552 -0.0330153  -0.29637494  0.53658971 -0.10504725
  0.32394132  0.08339913  0.49421657  0.18686752  0.28469465  0.28992896
  0.23631717  0.25604903 -0.32991874  0.48712914  0.22147921  0.68133563
  0.38869263  0.05438496  0.59810024  0.30588987  0.45063798  0.32834235
  0.42914873  0.39465198  0.2819435   0.37926066  0.17451172  0.34435719
  0.2276018  -0.24834203 -0.1489922   0.48639513  0.59666545  0.52205492
  0.45736572 -0.14369998  0.24535462  0.24609238  0.3004432  -0.25990269
  0.30947027  0.56473804  0.25054851 -0.17379509  0.41101714 -0.443338
  0.2611053   0.61749313 -0.24453557 -0.31157941  0.60683156 -0.14608563
  0.21865256  0.33560085  0.20635102  0.26240515  0.73296081  0.62611675
  0.50527008 -0.07277407  0.63703098 -0.19492408  0.2673488   0.58292319
 -0.26089479  0.3396761   0.45469264  0.59507092 -0.30953358  0.23717094
  0.24596619  0.29834713 -0.29111819 -0.29560646 -0.10783534  0.23560508
  0.38231135  0.65281151  0.33063258  0.41458756]","[ 0.44998384  0.17590725 -0.14142218 -0.03942122  0.65723472  0.48262046
  0.36521838  0.4748562  -0.1439926   0.25289289 -0.19771374  0.27211787
  0.54079962  0.39174595 -0.29422073  0.35773116 -0.19775386  0.27567845
 -0.16364224  0.42295557  0.52007165  0.21823177  0.21892126 -0.18926767
 -0.31164754  0.27551204  0.48468146  0.58762898  0.26146578  0.34658029
  0.32794619  0.12450009  0.16139391 -0.13713561  0.22504528  0.65747257
 -0.20877614 -0.10396763  0.38260641 -0.29458286 -0.25608818  0.54673787
 -0.18910672  0.17387514 -0.38079231  0.28577408  0.71518331  0.14062411
  0.37089581  0.06622479 -0.29797395 -0.1328874   0.40241203 -0.09982779
  0.13899759  0.56532467 -0.41080106  0.45271532  0.30158181 -0.27145857
  0.43813338  0.64929589  0.40354213 -0.44256142  0.52619646  0.08868973
 -0.24461026 -0.12927331  0.3622526   0.34779985  0.63454209  0.77368995
  0.41221692  0.18641039  0.71194028 -0.18130219  0.21713682  0.64490221
  0.47787048  0.11684589  0.44286869 -0.34434551 -0.18819329  0.10671141
  0.44109507  0.3868188  -0.23368989  0.18138395 -0.41535673  0.5024533
  0.45194474  0.66773156 -0.17460049  0.54866033]","[ 3.24279388e-01 -1.56952496e-01  2.12194110e-01  7.17424800e-01
  4.30996645e-01  4.70564795e-01  1.75989177e-01  6.99330578e-01
  1.05529859e-01  1.38711014e-01 -1.09910736e-04 -2.86240445e-01
  4.97556513e-01  4.80388973e-01 -2.98819941e-01  3.28977059e-01
  1.31725786e-01 -1.50550293e-02  1.84512837e-01  3.16051298e-01
  4.93053604e-01  2.64559471e-01  2.04380580e-01  8.96623068e-02
  2.10261818e-01  2.94295453e-01  4.35514172e-01  7.34644464e-01
  4.88147428e-01  2.90627319e-01 -2.76418060e-01 -1.10473853e-01
  1.90598116e-01 -2.63790680e-01  3.50532903e-01  6.25458751e-01
 -2.86897614e-01  3.38607115e-01 -1.91017715e-01 -2.75859570e-01
 -1.23587850e-01 -2.96589137e-01 -4.10320820e-01  2.19428876e-01
 -6.06867260e-02  2.77340691e-01  4.80038845e-01  1.49696811e-01
 -2.02409685e-01  2.35387090e-01  2.54925447e-01  3.80901608e-01
 -2.43156376e-01  2.09946552e-01  2.26076747e-01  7.59328828e-01
 -2.40253284e-01  5.30677182e-02 -2.54163874e-01 -3.04143240e-01
  4.14428265e-01  7.13190477e-01  4.26947860e-01  1.38415529e-01
  4.42970659e-01  2.03357131e-01  4.61571648e-01  3.55227965e-01
  3.52520458e-01  3.83821063e-01  4.84485682e-01  7.29317137e-01
  5.42173799e-01  2.19876004e-01  2.92263058e-01  3.62541692e-01
  4.56398090e-01 -9.85958496e-02  3.38866554e-01  4.93623308e-01
  3.68724394e-01  5.27512862e-01  2.42979453e-01 -8.95241168e-02
  1.42432699e-01  3.27291455e-01 -2.06742190e-01  6.47152844e-01
  2.10549776e-01 -1.92293564e-01  3.31777205e-01  5.86236696e-01
 -2.12465775e-01  5.12697696e-01]","[ 0.34954961  0.37876567 -0.2245258   0.31135873  0.74429061  0.71985168
  0.59561335  0.29312472 -0.30497617  0.23765212  0.49753801  0.50384537
  0.14586166  0.59854652  0.28179038 -0.36934587  0.73566598 -0.40533098
  0.61950787  0.47079414  0.21371921  0.05980394  0.70916795  0.27951552
  0.49878183  0.56828046  0.20617709  0.33745664 -0.31562586  0.65538885
 -0.20875167  0.26231817  0.57921452  0.27423769 -0.27918647  0.51881573
  0.51638316  0.69293663  0.34029475  0.75400353  0.44898981  0.62118963
 -0.42279912 -0.12188728  0.8287095   0.56016374 -0.37622792  0.67105875
  0.60921182  0.35170444  0.71273805  0.77153119  0.67856037  0.71671851
  0.36297162  0.19957307  0.42667305 -0.26190162  0.40092829  0.35669378
  0.41349314  0.65688951  0.62074602  0.26338194  0.61830109  0.17152104
 -0.29298329  0.38592136 -0.162327    0.69718166  0.66467748  0.58723131
  0.66562188  0.19666689  0.58765771  0.45951124  0.56128036  0.34062903
  0.65497729  0.37163661  0.54902404  0.34999485  0.24914473 -0.25043185
  0.67683554  0.83365261  0.66826793  0.31226817  0.29019192 -0.21995173
 -0.36310284  0.67640655  0.51033526  0.4766368 ]","[ 0.13260295 -0.24988679  0.72995289  0.75249774  0.69735801  0.71272586
  0.36170823  0.2912613   0.14079391  0.30209085  0.39569313  0.46381123
  0.5091973   0.66365728  0.37500089 -0.38499083  0.67724052  0.22236766
  0.5426383   0.41690462  0.45350622 -0.19117062  0.51382225  0.08478357
 -0.26910834  0.3040889   0.20089611  0.58973667 -0.23784094  0.61900383
  0.32278028  0.40185418  0.31594726  0.07417375  0.48861208  0.7099353
  0.35729738  0.42126538  0.2142866   0.14999914  0.17502997  0.69815171
  0.39640761  0.28780673  0.40272966  0.35413098  0.64071398  0.59887236
  0.60829193 -0.27967229  0.46807925 -0.11522207  0.5163173   0.5210002
  0.67618938  0.57596913  0.32814709  0.57989282  0.17630038  0.59069277
 -0.29705248  0.70349338  0.62432287  0.23134334  0.75254433  0.23302114
  0.26809076  0.42296466  0.29230859  0.31413942  0.81184421  0.78555252
  0.51590772  0.28187392  0.76086086 -0.30223268  0.31003581 -0.30997211
 -0.12449564  0.62914878  0.677896    0.51064233  0.41093055  0.08372499
  0.60735138  0.55798124  0.26230347  0.7604092   0.45380336  0.59958631
  0.57658382  0.80064237  0.22535364  0.61660337]","[-0.33264918 -0.31445283  0.27005213  0.42550677  0.64779501  0.26755853
  0.37335161  0.28742842  0.21366668  0.27895018  0.43595204  0.16755429
  0.50106531 -0.25631085  0.45331433 -0.43763317  0.50527865 -0.14125188
  0.556252    0.29980433  0.3860593   0.08830303  0.3000297  -0.25487362
 -0.18142022  0.30915108  0.24642562  0.36116742 -0.18653303  0.44871222
  0.27893131  0.31605689  0.39942113  0.25055513  0.26268021  0.1543961
  0.28473823  0.55526513 -0.26850643 -0.11204119 -0.1293911   0.43527963
  0.2439042  -0.01451174  0.61579027  0.24206454  0.51969484  0.33220064
  0.44754142  0.32735688  0.24066129 -0.15252806  0.49909802 -0.25763902
  0.46004751  0.42893458  0.00852242  0.25589585  0.2873754   0.3660665
  0.27787997  0.63603479  0.32235273 -0.23503397  0.57404558 -0.2451825
 -0.15273416  0.39339906 -0.30855052 -0.23408663  0.5398645   0.66337861
  0.17493817 -0.17682065  0.43395969 -0.22229208  0.30636252  0.37101475
  0.31598688  0.5343412   0.23084641  0.18462699  0.29615198  0.15657918
  0.40883816  0.34347922 -0.34224416 -0.28266166 -0.21879309  0.48556623
  0.40041835  0.55783071  0.15674103  0.20224639]","[ 0.62022723 -0.29994909  0.16433262  0.63098035  0.71982904  0.59370245
  0.6382964   0.25598666 -0.26420128 -0.10492207  0.56973514  0.39587818
  0.49562089  0.44329319  0.34406271 -0.38402009  0.55770704  0.1088854
  0.30673436  0.15201972  0.3552553   0.25471626  0.48076078 -0.26072786
  0.59885285  0.43879072  0.42900391  0.58286851 -0.23692126  0.70980918
 -0.30909661  0.23060781  0.66488032  0.19455562  0.25307502  0.07033514
  0.17734628  0.5674165  -0.33242694  0.48379869  0.25993778  0.47630742
  0.30110182  0.12116686  0.7121929   0.45872358  0.60875205  0.46812988
  0.67486409  0.67369473  0.54114692  0.50530817  0.53764765  0.61320803
  0.67670293  0.43406599  0.49048132  0.27193931  0.37910742  0.30289778
  0.31235374  0.36646228  0.32717883  0.55738194  0.74956326  0.23504585
 -0.02320893  0.36403945 -0.24888893  0.44442553  0.79507443  0.60930466
  0.51027449  0.45615469  0.66351912  0.45148869  0.42113089  0.41134684
  0.51759989  0.51231625  0.45391704  0.33463426  0.58388095  0.15819904
  0.40676971  0.68345467  0.46452929  0.07884196 -0.17626813  0.29562703
  0.71791077  0.67287945  0.24923269  0.5193487 ]","[ 0.61406272 -0.16350102  0.39402286 -0.20812187  0.11486904  0.3008294
  0.25998546  0.55192818  0.38884278  0.34375246  0.06219047  0.59289079
  0.62804388 -0.49774018 -0.26257421  0.63325538  0.5324475   0.2780542
 -0.28762453  0.23316094  0.24285822  0.37538468 -0.14414053  0.51314755
  0.41847977  0.43171841  0.77484521  0.39280389  0.56726949  0.31705488
  0.34243412  0.51702775 -0.11144341  0.767913    0.31121762  0.64980699
  0.36514211  0.48951396  0.74932625 -0.31225537  0.43965962 -0.3390669
  0.4857619  -0.18541467 -0.36900441  0.33520693  0.44090288  0.29039577
 -0.18037224  0.59313297  0.61056845  0.56703041  0.22962339  0.15641953
  0.26725734  0.72986129  0.09443945  0.76601656 -0.23227328  0.23742884
  0.40910513  0.59084686  0.80690291  0.46398025  0.52300297  0.5847256
  0.35975514  0.40372746  0.3576276   0.71523023 -0.39517823  0.4450556
  0.68808     0.31979596  0.57021426 -0.1164363  -0.2954955   0.52988606
  0.54721166  0.3582627   0.23151092  0.4376707  -0.20058614  0.33589877
  0.12970768  0.16190983  0.21566228  0.23495582  0.65472358  0.49331769
  0.32147605  0.14720166  0.11885349  0.27473502]","[ 0.26335897 -0.33151491 -0.15455946  0.49638057  0.47899683 -0.26963071
  0.25774163  0.25532133  0.1267487   0.53767894  0.23504264 -0.37792272
  0.07109633  0.52006194 -0.34902072  0.30478563  0.42956814  0.25533376
 -0.0243758   0.03116859  0.33505484  0.21153386 -0.31002807  0.20273868
  0.14344867  0.04555709  0.37108424  0.43026725  0.43682221 -0.23883196
 -0.37875804  0.17396365  0.19749898 -0.2299454  -0.27960474  0.35277222
  0.31669223  0.49971646 -0.28575699 -0.46095326  0.20743031  0.42659605
  0.27190833 -0.22837585 -0.27085949 -0.01534852 -0.08904864  0.32985171
  0.31447923  0.40313211 -0.39744029 -0.20379098  0.32159615 -0.22023186
  0.45105665  0.63569108 -0.11997142  0.20729652  0.33484183  0.32507005
 -0.22977839  0.31530422  0.55364715  0.22301516  0.58030262  0.43290722
  0.42135075 -0.25938442 -0.21914878  0.23914614  0.77488035  0.52947453
  0.59779069 -0.14429592  0.23148004 -0.04082111 -0.14614519  0.3084355
 -0.17890381  0.45784211  0.29202005  0.07793988  0.3500406   0.11593092
 -0.19080466  0.29466585  0.25771352 -0.12334706  0.16347754 -0.27926836
  0.1796392   0.70818772 -0.32991816  0.18324841]","[ 0.51835584 -0.13958403  0.10839611  0.24015819 -0.1233829   0.17682833
 -0.01892555  0.57675413  0.44416416  0.28948811  0.27228455  0.54331969
  0.58085824  0.49286333  0.344697    0.67824156  0.44785304  0.7538547
  0.23561294  0.54810583  0.40748215  0.53786235  0.17967428 -0.11060286
  0.69632351  0.23497871  0.52083271  0.33405025  0.47054077  0.19780483
  0.31188022  0.39265564  0.10979807  0.58869935  0.27166229  0.66471884
 -0.22636854  0.84362118  0.73961934  0.63238932  0.81641834  0.42327841
  0.29882852  0.57448451  0.68606997  0.35337884 -0.295459    0.24253235
  0.27046084  0.69136291  0.27230147  0.52122418 -0.24230395  0.38887287
  0.61629363  0.5704178  -0.21983011  0.8566458   0.30813765  0.65169017
  0.36805867  0.62329621  0.58183762  0.75160579  0.50827121  0.33612419
  0.74429332  0.75158265  0.70533297  0.50181957  0.76495183 -0.39114231
 -0.10415964  0.41238861  0.57405531  0.0995341  -0.3777947   0.81816316
  0.38381457 -0.15733165 -0.38297415  0.7386538   0.24282359  0.46950086
  0.46319691 -0.36187483  0.19003188 -0.45203895  0.59690876  0.63690249
  0.55425634  0.15578407 -0.27933164  0.41832516]","[ 0.67305224 -0.03035743  0.28563765  0.20647012  0.16006792  0.11881469
 -0.13875281  0.32021808  0.4611652   0.3277962   0.27196151  0.31777246
  0.24939184 -0.43725077  0.11221089  0.31275658 -0.30741068  0.43105409
  0.40265747  0.49519203 -0.1858644  -0.2119285  -0.1551588   0.53561991
  0.28358874  0.42102486  0.59558936 -0.17416175  0.49249917 -0.09635623
  0.64774986 -0.31385389  0.33786555  0.18185574  0.36915991  0.5298103
 -0.08349385  0.20132562  0.37586857  0.33602886 -0.2126057   0.59534488
  0.11034948  0.26874111  0.45775489  0.46447292  0.20640872  0.36681666
  0.16569321  0.68865466  0.26758197  0.18012517  0.38484548 -0.08521756
 -0.08987578  0.14865108 -0.05709824  0.24510121  0.14660686  0.28640617
  0.22617685  0.61208885  0.60300797  0.12918311  0.18524305  0.29236918
  0.34997015  0.29705577 -0.31850707  0.30032094 -0.05014453  0.19499571
  0.28508633  0.17419117  0.12442839  0.29694461 -0.12143688  0.48263183
 -0.24340417 -0.24752303  0.42664582  0.60679481  0.08352738  0.25996827
 -0.161372   -0.42363591  0.10613402  0.26843003  0.42483567  0.17684719
  0.55663944  0.04976787 -0.16882438  0.07714934]","[ 0.71520323  0.32591576  0.70663397  0.52877448  0.38610279 -0.40793782
  0.45426994  0.65360157  0.68598946  0.57289264  0.61619648  0.48434744
  0.70637903  0.34273281  0.57755195  0.69068295  0.64458797  0.7116406
  0.71390969  0.63351319  0.52144048  0.45786652  0.6171511   0.56188433
  0.58038646  0.45284176  0.88122191  0.5217947   0.52291408  0.47530482
  0.69529236  0.26062391  0.40858144  0.65883021  0.35824336  0.6446145
  0.34235869  0.86490578  0.86358069  0.79882572  0.35102903  0.89168058
  0.78901082  0.46442051  0.8501943   0.52108252 -0.20435551  0.49768493
  0.73888974  0.62408086  0.42599143  0.6405257   0.75841518  0.64836904
  0.77811315  0.74819205  0.03774648  0.68374836  0.13258707  0.70787097
  0.62312118  0.82703539  0.60138374  0.88150377  0.74820403  0.79144843
  0.76194428  0.89805634 -0.27469766  0.30897699  0.89413062  0.49745052
  0.35290826  0.62915684  0.85946821  0.48681571  0.4275359   0.78645807
  0.72284766  0.49430964 -0.27392158  0.65901117  0.52447737  0.6445198
  0.84870897  0.7107469   0.31220064  0.8904906   0.79861462  0.49744513
  0.53490461  0.6108539   0.39019119  0.84444175]","[ 0.76688774  0.48645717  0.37096127  0.36784865 -0.24684538  0.48123184
  0.6281359  -0.17255503  0.68302134  0.59858505  0.51127395  0.38050711
  0.52875364  0.4292807   0.27032543  0.66541218  0.27680165  0.47033863
  0.64773135  0.66082395  0.47565423  0.61896268  0.24079214  0.47113994
  0.27887193  0.63485989  0.64674454 -0.21044804 -0.10791592  0.54289059
  0.79132794  0.29183885  0.16961771  0.48063146  0.67304495  0.74860724
  0.54987646  0.66862018  0.61981934  0.52446756  0.50635191  0.84077763
  0.39382149  0.6428476   0.84774597 -0.19876771  0.78156778  0.42092258
  0.42315083  0.838127    0.67191985 -0.19253416  0.70032021  0.17682551
  0.71043892  0.54991932  0.22013735  0.49711967  0.08492831  0.10398124
  0.40532893  0.76871057  0.46931672  0.54282627  0.49400962  0.64756841
  0.52990372  0.53751948 -0.26081112  0.53862402  0.44530736 -0.08897837
  0.7052995   0.39320819  0.33031605 -0.28285191  0.24237324  0.81446698
  0.52543536  0.42568696  0.21982259  0.70415863  0.12330775  0.56898429
  0.77180218  0.60954439  0.15646432  0.45950843  0.58852684  0.65939086
  0.67269502  0.64040855  0.29283607  0.56042118]","[ 0.68092739  0.29929437  0.65166858  0.66137372  0.65759863 -0.14460706
  0.37537982  0.642975    0.68379277  0.78533084  0.60791937  0.36046382
  0.76248449  0.41970939  0.65328873  0.78749051  0.80018929  0.83584099
  0.7324387   0.70418271  0.61745677  0.76814825  0.49142962  0.77281384
  0.69876464  0.54047805  0.86489853  0.6368452   0.68016303  0.73413195
  0.78463462  0.42062238  0.53217038  0.7745806   0.44787916  0.73685976
  0.22188756  0.90100947  0.85865891  0.70919414  0.54485371  0.85897542
  0.66042092  0.61870094  0.69079192  0.44207851  0.46831867  0.61300416
  0.73827592  0.47692345  0.63052585  0.76161428  0.57247998  0.80799224
  0.77062812  0.70534992  0.55337735  0.85103008  0.32859061  0.57924582
  0.69161134  0.9019963   0.58991752  0.91895867  0.82519849  0.52259599
  0.80223194  0.86020661  0.53506793  0.66025731  0.8160753   0.80589373
  0.25394691  0.72176271  0.82028072  0.52285296  0.34283656  0.84996206
  0.74246053  0.63707066  0.05696315  0.84113342  0.49981215  0.46096768
  0.85369492  0.59869502  0.42756025  0.75633179  0.61839522  0.42362067
  0.65770352  0.76195631  0.56139897  0.27109822]","[-0.17713942  0.16505599 -0.24529673  0.5491407   0.52634904 -0.13818323
 -0.11233871  0.58155723  0.42171013 -0.06736634 -0.04637713  0.15219236
  0.17441081  0.64346948  0.36203757  0.56944134  0.40964644  0.493514
  0.49067585 -0.2206199   0.31826517  0.2721855   0.50510014 -0.12777279
 -0.30061223 -0.09514063  0.23936322  0.43428162 -0.32723624 -0.00082028
  0.28665282  0.30467487 -0.12310577  0.15628932 -0.29853105  0.60376695
 -0.31616215  0.56323005  0.07678321  0.44156706  0.62514863 -0.29874451
  0.39377472  0.1270575   0.25347137  0.39860967  0.50153812  0.1432605
  0.11661453  0.42299642  0.10647326 -0.21212141  0.09293975  0.41199292
  0.13822514  0.6126144  -0.52923965  0.20194891  0.36523836 -0.35046794
 -0.12548166  0.26951493  0.42623514  0.44715668  0.06251151  0.40484973
 -0.35568294 -0.13813013 -0.55246765 -0.12791536 -0.19755129  0.41433263
  0.52104342  0.19656076  0.17666589  0.28353681  0.37652518  0.57209916
 -0.09936141  0.31831225  0.3787464   0.48687902  0.03702944 -0.10529
  0.33035953  0.33620407  0.25889415 -0.28890565 -0.17915574 -0.3570666
  0.27668949  0.65645788 -0.40716874  0.64366692]","[ 0.75660851 -0.29435745 -0.28004167 -0.43861177 -0.20223244  0.22672026
  0.1063248   0.35245161  0.64947884  0.49272266  0.15936162  0.16279968
  0.50610506 -0.32588657  0.24471775  0.72260345 -0.32277476  0.47781801
 -0.48598071  0.37522116  0.31196349  0.57061468 -0.39065523  0.53140803
  0.22161041 -0.1120812   0.69636299 -0.24974148  0.3991015   0.27978918
  0.70188066  0.24419865 -0.01412102  0.31982967 -0.40414058  0.44669319
  0.39060061  0.7382537   0.52949677  0.36843813  0.46149197  0.48618355
  0.18558448  0.53404229  0.01699755 -0.37633113 -0.3550278   0.17127149
  0.54483028  0.39423361 -0.51983889 -0.46634567  0.61147252  0.2217802
  0.0895215   0.46206095 -0.33018082  0.48794201 -0.13713911  0.43461213
  0.53155005  0.66843717  0.49771856  0.60315906  0.49270741  0.41041176
  0.51860341  0.65081324 -0.01798457 -0.38240461  0.73620215  0.31843795
  0.4663138   0.46099243  0.32073509  0.04559904 -0.42182022  0.58075363
  0.10782023 -0.11122431 -0.23222923  0.63988552  0.15200864 -0.0887299
  0.39997629  0.28216241 -0.30534653  0.26907773  0.32223545  0.46452184
  0.31521001  0.40919993 -0.41873113  0.30761698]","[ 0.46485973 -0.27581291  0.72917881  0.19928935  0.47924513 -0.18098964
  0.50009144  0.69787987  0.32457278  0.28814302 -0.19840031  0.48163994
  0.62224846  0.33187193  0.5619658   0.40834796  0.51370864 -0.41826865
  0.65760098  0.63218259  0.63003924  0.55956575  0.38567632  0.60820705
  0.47814141  0.50393268  0.57647697 -0.37030278  0.48327223 -0.32719019
  0.51019502  0.6736357   0.39666925  0.69761385  0.53835483  0.42705498
  0.43591282 -0.324419    0.68435726  0.72798103  0.40798533  0.79820188
  0.70702023  0.55975933  0.88128804  0.41475417 -0.53670263  0.57829168
  0.65432577  0.7325369   0.64756212  0.37748986  0.80551137  0.65488438
  0.62636487  0.79769752  0.34391855  0.79026468  0.47971767  0.59986999
  0.62643488  0.61960093  0.74404707  0.42242153  0.74188633  0.70855126
  0.7824243   0.73044889  0.58723207 -0.29616995  0.54090126 -0.25275363
  0.33614939  0.42112881  0.64350507 -0.13780175  0.61379567  0.87718793
  0.38464741  0.39811313  0.36465126  0.76527495  0.34815093  0.5816153
  0.68475542  0.65294336  0.3151523   0.81847589  0.76129805  0.65936579
  0.45126376  0.47580477  0.29562557  0.56128427]","[ 0.61373299 -0.17110587 -0.12687198  0.35946819  0.5942072   0.38054393
 -0.06562773  0.29703256  0.27450271  0.40724383  0.02276578  0.25295267
  0.50603071  0.36872479  0.43059786 -0.38591702  0.31112309  0.31856578
  0.52347567 -0.33336404  0.07628562  0.14483356 -0.09957743 -0.26386084
 -0.08791839 -0.15176508  0.28477878  0.17646906 -0.29421738  0.31580711
 -0.35771972  0.21010847  0.08311066 -0.25455751  0.44381787 -0.21286029
 -0.16022955  0.47342565  0.52392144  0.09801118 -0.19558179  0.13292717
  0.15729214 -0.10036489  0.66516935  0.23004367 -0.44299194 -0.1109792
  0.36661506  0.34952834 -0.25653868 -0.43288169  0.12247032  0.45024338
 -0.25445431  0.19427072  0.35222713  0.09257376  0.38233436  0.21871771
  0.22335832  0.49918385  0.34734476 -0.36755417  0.53366614  0.38826903
  0.66261899  0.32855605  0.24132152  0.31979765  0.29499458  0.66348598
 -0.20466133 -0.20607316 -0.22517217 -0.20583404 -0.25364242 -0.578915
  0.41874456  0.73266721  0.25629698  0.23831971  0.29808544 -0.0014245
  0.54949628 -0.43544576 -0.44986506  0.19203358 -0.15847653 -0.15273721
  0.13648734  0.27872443 -0.15213826 -0.21056771]","[ 0.35013723 -0.08789297  0.21040588 -0.30316766  0.49764478 -0.31122396
  0.23181716 -0.09160455  0.3176      0.38668552  0.32608224  0.22870807
  0.39691478  0.23163889  0.4666548  -0.41862484  0.22820457  0.39282801
  0.39220343  0.35515455  0.33712656 -0.23102197  0.16042318 -0.21294159
  0.18963623  0.16244924  0.44581935 -0.23225116 -0.24494848  0.36263362
 -0.30573787 -0.38865272  0.11956991 -0.09342655 -0.18849977  0.13020038
  0.09882948 -0.18414723 -0.21555879  0.35321968 -0.11230505  0.19093423
  0.10366727 -0.14497072  0.33853229  0.20800621 -0.08287653 -0.17108524
  0.16995329  0.17252539  0.13857426  0.27190665 -0.17811957  0.20742805
 -0.27445262  0.48615312 -0.22275027 -0.18627997 -0.16163328 -0.31724717
 -0.08743382  0.24684171  0.30496814  0.10839531 -0.15627242 -0.18407551
 -0.19949737  0.2676795  -0.35189608 -0.21640812  0.30783304  0.5770378
  0.18258868 -0.2483555   0.41903023 -0.28438729  0.23599213 -0.36655265
  0.27317448  0.61187281 -0.29578113 -0.05509294  0.19378937 -0.04647005
  0.32666609  0.33563404  0.16273521 -0.19323577 -0.11746213  0.39227832
  0.13518842  0.19750693 -0.22252646  0.14806313]","[ 0.57745464  0.32254852  0.01598927  0.31768431  0.60139014 -0.24517211
  0.1696946  -0.23139313 -0.09270788  0.38057822  0.36032211 -0.24798164
  0.41469207  0.43672514  0.2096367  -0.3108861   0.49399205 -0.18322083
 -0.29574037  0.1121617   0.41600059 -0.04491653  0.30007961  0.13637056
  0.30421976  0.19103124 -0.20466021  0.28647241 -0.1933177  -0.07606815
  0.11167378 -0.18143171 -0.12398734 -0.18346189  0.37843322  0.26780772
 -0.09169475  0.27675793 -0.09706464  0.08670731  0.20875652 -0.3284476
  0.38983915 -0.17139547  0.30629573  0.34997033  0.16618214 -0.18809742
  0.31992599  0.58352283  0.21312346 -0.26131384  0.27145838 -0.1585453
  0.06836976  0.3795583  -0.1433528   0.38252841  0.26988938  0.33828289
  0.3921425   0.28900718  0.63555835  0.30900451  0.45601294 -0.13341936
  0.24518424  0.45089721  0.35808364 -0.20715267  0.7035458   0.6478701
  0.23612867 -0.24231993  0.51864246 -0.1336084   0.17863192 -0.41562616
 -0.24248753  0.55633109  0.28543228 -0.31048548 -0.17326728  0.35991336
  0.24109439  0.45727919 -0.35090337 -0.22772635 -0.40075158  0.47367692
  0.27543779  0.28403656  0.15534801  0.18476573]","[ 7.85583610e-02 -2.44183056e-01 -1.96838023e-01 -2.45353587e-01
  3.57668641e-01  2.68685984e-01  3.71042520e-01  3.12137171e-01
  4.01059720e-01 -2.37069871e-01  4.08288009e-01  3.50801378e-01
  4.77625359e-01 -4.99502096e-01  2.12039095e-01 -2.41929944e-01
 -9.89643261e-02  2.90557948e-01  2.53266396e-01 -2.16414693e-01
  5.53486522e-01 -1.73686350e-01 -3.16355543e-01  3.27781709e-01
 -4.20280951e-01  1.38422903e-01  6.55621744e-01  5.43806768e-02
 -2.44526804e-01 -3.26057050e-01  5.77006503e-01 -1.62705306e-01
  5.75532550e-01 -1.09977682e-01 -2.50423162e-01 -8.35537510e-02
 -6.83795480e-02  2.56743616e-01  4.65247975e-01  5.89070247e-01
 -7.35041872e-02  1.57671493e-01 -3.46529774e-01  2.41566288e-01
 -2.97077043e-05  2.14586487e-01 -1.87598998e-01  2.00503709e-01
 -1.77233675e-01  5.47964660e-01  2.52686928e-01 -1.31788961e-01
  2.12163215e-01 -1.75516716e-01 -3.20230045e-01  4.61504299e-01
 -1.82551071e-01  2.37931123e-01  6.18349363e-02 -2.83735048e-01
  3.63877353e-01  5.23972522e-01  6.71343739e-01  5.07763416e-01
  9.81070859e-02  4.77282285e-01  5.09238155e-01 -4.39645914e-02
 -3.00537337e-01 -3.13430964e-01  2.04444393e-01 -2.79663329e-01
  1.32777401e-01  3.38913596e-01 -5.03857759e-02  5.87962119e-02
 -2.28351202e-01 -2.78378324e-01  2.78821717e-01 -2.68945733e-01
 -1.08737292e-01  7.06742972e-01 -1.38844248e-01  1.74565494e-01
  5.41882728e-01  4.26895333e-01 -1.60548402e-01  6.46458002e-01
 -1.22462518e-02 -1.59711974e-01 -8.74961714e-02  2.44597965e-01
  2.46324110e-01 -2.28318378e-01]","[ 0.33523933  0.30528854 -0.20422883  0.47586189  0.41233932  0.1708052
 -0.17492505  0.43382604  0.36883023 -0.29407635  0.33319864  0.59316312
  0.60780167  0.32620013  0.24597607 -0.40342444  0.66002945  0.69890807
  0.43557953  0.48373703  0.61112309  0.24490546  0.33523765  0.31103728
  0.43891937  0.32671259  0.78351091  0.47501463  0.5145855   0.21735155
  0.5333909   0.64021695 -0.1586286   0.66489006  0.44923561  0.67255655
  0.52722596  0.6036706   0.4524731   0.57170532  0.6142154   0.53938632
  0.6573116   0.39097722  0.61462431  0.50154877 -0.32829973  0.10972575
  0.22984312  0.72175415  0.83980741  0.49392133  0.39999762 -0.23148012
  0.32208213  0.56008971  0.18569703  0.63966438  0.13506008  0.51178493
  0.32579684  0.56189412  0.73601825  0.45119258  0.53954828  0.40545152
  0.50571325  0.51829997  0.50624414 -0.18767986  0.56859584  0.61597301
 -0.11694704  0.50542556 -0.0552488   0.25395854  0.47117532  0.7366166
  0.16185483  0.71804812  0.19190393  0.78172163  0.2747361   0.56792846
  0.64481621 -0.27837041  0.1759619   0.64881904  0.51186345  0.61796697
  0.26811339  0.37578274  0.18454815  0.28420137]","[ 0.56201679 -0.27114648  0.29902103 -0.12278222  0.40690242  0.44558053
  0.06972317  0.57119721  0.11769042 -0.24471107  0.2856584   0.39634559
  0.46301006 -0.24665187  0.4924212   0.26504911  0.36066945  0.63104358
  0.45199225  0.30021254  0.50517542  0.46035206  0.36100158  0.34670738
 -0.26618565  0.04974351  0.48825145  0.05093856  0.41602131  0.15575846
  0.55901958  0.40260604  0.24210567  0.47477495 -0.26662027  0.67646178
  0.27320313  0.53071583  0.75289341  0.50698945  0.37624157 -0.31117678
  0.58788084  0.30881026  0.78179488  0.0486823   0.27271689 -0.21288338
 -0.26754129  0.75453449  0.54630626  0.27015446  0.65625007 -0.32389403
  0.4552178   0.72778711 -0.40881284  0.5880263   0.25629888  0.46294248
  0.45514938  0.1324479   0.7433799  -0.17147289  0.34913567  0.47208112
  0.65661833  0.23124628  0.4130944  -0.09527655  0.15439481  0.66471526
 -0.27661886  0.5549794   0.22132664  0.25776562 -0.264449    0.74075773
 -0.16257182  0.24783182 -0.4537722  -0.26935868  0.23892551  0.44424962
  0.65552927  0.37684263  0.13177455  0.46138347  0.38691378  0.68609288
  0.21716581  0.03976636 -0.14466815  0.26135484]","[ 0.34078386 -0.20587331  0.31778609  0.57572163  0.09519245  0.10467429
 -0.18074439  0.6225314   0.51017766  0.5072213  -0.16857752  0.48026537
  0.38335789 -0.23412533  0.06569673  0.40439166 -0.23004502  0.17850165
 -0.23453705  0.23885377  0.29087566  0.32541418 -0.16475933  0.30903472
  0.63201086 -0.0901211   0.75976804  0.07788205  0.49387715 -0.28254601
  0.33490147  0.27158487  0.11598495  0.25287894 -0.37726099  0.46245641
  0.44934284 -0.27128804  0.37481498  0.45287291  0.21302868 -0.26549084
 -0.51266557  0.33900778  0.38248637 -0.46732042  0.31945171  0.07761995
  0.13936342  0.40213687 -0.36400656 -0.24498447  0.51129067  0.28973695
 -0.32080364  0.35860409 -0.26199697  0.54260469 -0.15843441  0.53114058
  0.57867109  0.58294543  0.46219773  0.68593235 -0.11438966  0.35569696
  0.66005712  0.6085558   0.40534802  0.20588311  0.31339237 -0.27584809
  0.18923493  0.35467649  0.06823247  0.23454386 -0.30326809  0.52492069
  0.31997949  0.2913738  -0.40840695  0.4026203   0.23251827  0.55618279
  0.30977735 -0.53291117 -0.13056263 -0.37731242  0.49324349  0.42461672
  0.497066    0.27817036 -0.30890057 -0.0168997 ]","[ 0.3989597   0.09486013  0.65307041  0.33871309  0.11015769  0.27971043
  0.26666304  0.61644644  0.45880332  0.37099899 -0.33413402 -0.25449024
  0.56697703  0.30638183  0.3615323   0.55389599  0.5740829   0.75832659
 -0.0762574   0.46521935  0.35830683  0.5150425   0.18270783  0.25575264
 -0.33523715  0.49074047  0.78868117  0.32605141  0.27559923  0.10932594
  0.51192613  0.46994433  0.26874382  0.50074324  0.23137085  0.41246332
 -0.16379358  0.78866314  0.70419516  0.42777032  0.73164565 -0.34176256
  0.57610676  0.55989573  0.68234733  0.43119945 -0.60804325  0.19722713
 -0.24974095  0.76265787  0.34733435  0.57019136  0.16542487  0.60968761
  0.57501634  0.65343436 -0.1848442   0.85580155  0.12437462  0.54028362
  0.37615865  0.59482871  0.74747704  0.70197978  0.39993932 -0.25109636
  0.69007868  0.58676536  0.67594474  0.45062542  0.64641709  0.63055021
  0.45857331  0.4913518   0.3559096   0.54292656 -0.35957136  0.67869254
  0.33626113  0.25454844 -0.3123534   0.62124818  0.37727819  0.4956377
  0.61509177  0.27909015  0.22770538 -0.33290467  0.69208907  0.64522325
  0.59765438  0.13035391 -0.16937261  0.27639488]","[ 0.34973187 -0.47676594  0.20625366  0.46925748  0.46822307  0.5902714
 -0.13427903  0.73193802  0.31552548  0.04665765  0.01024821 -0.37548344
  0.05834128  0.30374542 -0.31802541  0.49686275  0.22100894  0.45013066
 -0.25147217  0.13402431  0.53144269  0.5077529  -0.32391987  0.2360339
  0.55401285 -0.28184404 -0.13477575  0.57086538  0.27798801  0.50046679
 -0.21467785  0.20322883 -0.05893514  0.26667854  0.18279057  0.66664761
  0.20507977  0.34931455  0.31818878  0.62883058  0.39186806 -0.23900683
  0.17381932 -0.09064181  0.3461348  -0.20335067  0.6558177   0.21976986
 -0.37482571 -0.19299604 -0.28276335  0.54411378  0.51819204 -0.06448142
 -0.07909324  0.74861317 -0.54628135  0.13765039  0.10154011 -0.29078837
 -0.20121803  0.5072438   0.50433966  0.27219524  0.1613141   0.26557511
 -0.01922138  0.05534819 -0.3295822   0.13925331  0.31594087  0.20335977
 -0.15830401 -0.19272082  0.13739399  0.20420714  0.05552071  0.4732956
  0.27061497  0.33977498  0.29546038  0.57388247  0.20294118  0.241715
  0.43001929  0.65091673  0.22850411  0.38643224 -0.12246807  0.04066454
  0.17789134  0.6887887  -0.14209592  0.33962786]","[ 0.39561102 -0.20788558 -0.2025375   0.2577337   0.31467617  0.39494129
  0.33924866  0.72554714  0.60164864 -0.1702427   0.33184841  0.21983175
  0.58703088 -0.27557131  0.35960376  0.4830795  -0.24393776 -0.32980517
  0.20077573 -0.051003    0.40998243  0.0616553   0.21502648  0.42723909
 -0.39549408  0.26638275  0.80365807 -0.18314938 -0.36931828  0.4927921
  0.38568856 -0.16093729  0.49143109  0.43629797 -0.24973837  0.42418173
  0.32176721  0.76578947  0.62020038  0.81003277  0.38109435  0.35374785
  0.33790312  0.07238815  0.29086647 -0.15600497 -0.27362701  0.2399039
 -0.3834824   0.74459507 -0.19233372  0.65507548  0.537045   -0.25697453
 -0.42995863  0.62098607  0.03360939  0.63677689 -0.07470021 -0.29345499
  0.48623498  0.62049455  0.70177747  0.54072315  0.42970525  0.49642159
  0.55551981  0.66319833  0.35028967  0.0541653   0.82890882 -0.29591509
  0.09402038  0.5713406  -0.09900076  0.14941043 -0.31452718  0.49385557
 -0.33492792  0.16393792 -0.32987671  0.72988186 -0.16716409  0.50435693
  0.64976547 -0.28724704  0.29911756  0.77645234  0.39547075  0.28519788
 -0.34875468 -0.22541655 -0.35902345 -0.25588816]","[ 0.3667849   0.2877823   0.28358549  0.26888702  0.57155398  0.46482936
  0.42071952  0.62868992  0.2616979  -0.17627281  0.31845761 -0.10927359
  0.15985854  0.36816364  0.37486584  0.37949923 -0.1962572  -0.36204365
 -0.15162592 -0.23756861  0.4044398  -0.08378692 -0.21223669  0.39102975
  0.0702633   0.11897948  0.81657811  0.35264245 -0.34095378 -0.15017912
  0.43929835  0.33228488  0.30992579  0.314442   -0.21097171 -0.29994946
 -0.22785489 -0.20581155  0.47376626  0.6979257  -0.15021572  0.18993208
 -0.00198093  0.18893845  0.2831076  -0.15144862 -0.29875168 -0.10734055
 -0.38015705 -0.13704403 -0.31376449  0.26465961  0.07383162  0.25485435
  0.15067184  0.42558989 -0.20682987  0.31696888  0.25767532  0.28034718
  0.04179512  0.27941778  0.53613089  0.48678666 -0.17089248  0.38857247
  0.45770747  0.26573787 -0.184057    0.21085473 -0.20619301 -0.19310987
  0.23071955  0.27453899  0.22368124 -0.14507812 -0.29723839  0.30063516
 -0.22312986  0.2472771  -0.21881    -0.26852103  0.31923642 -0.14808174
  0.57253648  0.53220352  0.16052047  0.37899179  0.24240759 -0.26578444
 -0.13728551  0.36851138 -0.25401649  0.43582084]","[ 0.19834197 -0.1932915  -0.18671287 -0.32413031  0.23806857  0.22086943
  0.31331958  0.68459876  0.18691783 -0.20736849  0.22364259  0.34535079
  0.58063414  0.24350234 -0.19945309  0.47917672  0.48345636  0.50816752
  0.28676011 -0.39243918  0.22949585  0.15527939  0.29232046  0.25993296
  0.34017888  0.35720724  0.59994695  0.08047784  0.36953043 -0.22193591
  0.61639816 -0.32423354 -0.10456426  0.47956107 -0.164624    0.49132435
 -0.13415463 -0.20617299  0.61420293 -0.37043559 -0.21834083  0.31122762
  0.58347655 -0.05800514  0.52000795  0.24871038 -0.42440753  0.31799978
 -0.20009418  0.35109299  0.38784502  0.6278448   0.33524762  0.26229577
 -0.3055234   0.38935274 -0.32129522  0.22117461  0.12650627  0.54484929
  0.29215329 -0.17291522  0.39513416  0.50281368  0.15772373  0.16521021
  0.43062329  0.18090451 -0.16605961  0.20029904  0.61262549 -0.2749695
 -0.02219192  0.50502887  0.15422247 -0.1816699  -0.40555215  0.45709212
  0.44278445 -0.14891614  0.25074054  0.42199574  0.31048506  0.32658042
  0.38559293  0.40911619  0.37080582  0.44199091  0.35070237  0.33959511
  0.38417277  0.14970808 -0.25789461  0.19448328]","[ 0.52390816 -0.41297172  0.19827734  0.25755288  0.17895775  0.26533874
  0.16399771  0.71731711  0.5330217   0.19284896  0.24779597  0.4673724
  0.68307942 -0.41840643  0.10982347  0.57988158  0.47664248 -0.43229904
  0.35741549  0.45997435  0.55171278  0.11914988  0.33343348  0.450507
  0.33308919  0.34739965  0.85364979  0.31728812  0.32708277  0.03168017
  0.62630577 -0.34260775 -0.14943261  0.60513352  0.27130799  0.23661838
 -0.11273627  0.44384663  0.71109512  0.78773335  0.42734752  0.68274599
  0.50316915  0.29261685  0.34929973  0.42363769 -0.29290801  0.40726849
  0.33005557  0.5384047  -0.35310237  0.7464487   0.56467386 -0.55414223
  0.34064873  0.41442812  0.28138576  0.46147554 -0.00135094  0.6734758
  0.34400852  0.6763879   0.63922427  0.76942579  0.60200204  0.70550776
  0.61576172  0.73367048  0.47482472 -0.13732823  0.80999184  0.36553737
  0.37773365  0.65847562  0.42451187  0.42081133 -0.33463615  0.43140098
  0.29979229  0.38225273  0.23751239  0.59945933  0.30337906  0.49401413
  0.72714452 -0.41014805 -0.24279225  0.72873866  0.67612764  0.41238712
  0.71338322  0.11410596  0.25547711  0.27266236]","[ 0.39466027  0.40920779  0.27962659 -0.27902286  0.36849931  0.32375165
  0.51228951  0.24511068 -0.24569465 -0.08336287  0.52803171  0.41968027
  0.55338051  0.49984881 -0.1879611   0.32646804  0.54608789 -0.19523405
  0.39916221 -0.16611901  0.39736751 -0.21087185  0.43554796  0.40697917
  0.53069099 -0.06964947  0.02604885 -0.32072774 -0.12241815 -0.1039873
 -0.17354722  0.35983872  0.52041197 -0.23684712 -0.42202074 -0.47058758
  0.36368605 -0.30201585  0.12646743  0.43122973  0.12228838 -0.32304282
  0.43416935 -0.3436368  -0.3876005  -0.21261587 -0.42944192 -0.12354747
 -0.38744731  0.27741302 -0.32696017  0.31228577  0.35563518  0.32889811
 -0.26669298 -0.33093846  0.24968852  0.30320003  0.16501193  0.16896241
  0.38760589  0.37381007  0.44182251  0.64880679 -0.17086914  0.30485955
  0.29519166 -0.29145321 -0.38521548 -0.27499579  0.35431457  0.02929031
  0.26984559  0.27496402  0.18170659  0.36344396  0.28852356  0.32158474
  0.46644535 -0.41748108 -0.29372878 -0.24347096  0.25948692  0.11829998
  0.3076336   0.77055993  0.14898196  0.31650335  0.57017859 -0.25065394
 -0.24687007  0.63299716 -0.45087385  0.1669561 ]","[ 0.71676351  0.35237608  0.69808098  0.6992012   0.48751043  0.274572
  0.18233847  0.79457882  0.6961789   0.80195289  0.59523921  0.50778474
  0.88860109  0.62237036  0.6212537   0.7789236   0.85283944  0.81649888
  0.65159072  0.51146787  0.81526006  0.81334814  0.48854234  0.69622399
  0.82327698  0.7079644   0.85976603  0.80033812  0.76114947  0.81749728
  0.75422081  0.3791459   0.46048533  0.78635848  0.37326876  0.71504125
  0.60794562  0.89682793  0.82995632  0.83099287  0.62826107  0.8804436
  0.72772472  0.73115616  0.81264213  0.59794745 -0.2859362   0.65142304
  0.68958818  0.45839636  0.53259971  0.89752072  0.42516621  0.89087314
  0.87313926  0.76530518  0.76106314  0.89229842  0.77190725  0.77455366
  0.51787169  0.79302501  0.79644047  0.92377041  0.80535094  0.36082232
  0.83890267  0.84187615  0.89392138  0.8066876   0.87924946  0.74173
  0.46185392  0.77936048  0.87848045  0.78564486  0.46871121  0.86338947
  0.73703494  0.75399806 -0.32184368  0.7517533   0.66249929  0.60862266
  0.82458434  0.14132337  0.63018562  0.63640335  0.69831095  0.78708544
  0.7519057   0.65319875  0.46792187  0.74413791]","[ 0.53294998 -0.35581168 -0.3762421  -0.43130344 -0.26898286  0.22124698
 -0.09460125  0.65742067  0.51693825  0.5874437   0.19905252  0.13833622
  0.61176133 -0.18771265  0.11809388  0.49800867  0.40693476  0.41428352
 -0.45127777 -0.32511442  0.38727942  0.40998488 -0.28128841  0.45801879
  0.6513597  -0.1603183   0.68211698  0.03247413  0.51589192  0.34527008
  0.45866866  0.24913432  0.22212477  0.72894565 -0.30855105  0.42982732
 -0.05997008  0.34664954  0.6468772   0.3567631   0.45880296  0.30612295
  0.24885721  0.32073591 -0.18364001 -0.25398343 -0.4476535   0.34891684
 -0.21358985 -0.27082362 -0.10935359  0.54008375  0.39667152 -0.33469236
  0.11814865  0.53832995 -0.30489996  0.04986658  0.06914645  0.52962251
  0.25662693  0.28165971  0.61461437  0.54898945 -0.35200259 -0.22637149
  0.6204285   0.37252785  0.68037511  0.2887822   0.72250734  0.26791768
 -0.04773298  0.44126978 -0.35570123  0.04733793 -0.45780015  0.68933288
  0.25978516 -0.21019682  0.27048539  0.39062764 -0.21074417  0.13347322
  0.3915648   0.17577461  0.1621075  -0.50900542  0.39708981  0.58899541
  0.29431424 -0.19536925 -0.26275877 -0.16700568]","[ 0.643184    0.31671693 -0.10597094  0.29334023  0.08272609 -0.15467866
  0.518727    0.25877221  0.5054333   0.46891741  0.15755175 -0.05326423
  0.55367439 -0.6250842  -0.24153733  0.48093962  0.11520011  0.42974109
 -0.24038336  0.11551014  0.39461335  0.12644869  0.20568542 -0.03268075
  0.18884062  0.52972649  0.6943385   0.35298491 -0.2303318   0.10269979
  0.29982961 -0.22614146 -0.18955373  0.10773106  0.2282501   0.59336706
  0.54026009  0.51481882  0.47091434  0.54839516  0.17873133 -0.2201512
  0.19659915 -0.19069709  0.13839979  0.19252909  0.26608532  0.13412321
  0.17143629  0.24973188  0.21430839 -0.31667591  0.44524784 -0.38316842
 -0.1766018   0.34243767  0.35072958  0.47713739 -0.13389618 -0.22143469
 -0.30710298  0.49055102  0.71707788  0.51800325 -0.24974951  0.39778784
  0.27908255 -0.21904185  0.34285764  0.17702563  0.26255442  0.48481072
 -0.14036676  0.53321388  0.37953149 -0.21447316 -0.14044568  0.74824128
 -0.26409606 -0.39116461  0.33201283  0.86636292 -0.20146378  0.20204359
 -0.26811964 -0.40010698 -0.45370765 -0.1530322  -0.31256669  0.27121835
  0.53261758 -0.31975383  0.36953811  0.42607737]","[ 0.83744042  0.65645091  0.46582928  0.64185102  0.10455219  0.29841435
  0.32197909  0.36289586  0.75333524  0.40060153  0.75382634  0.50946788
  0.58857015  0.4084884   0.60670672  0.45824221  0.56198478  0.62257467
  0.5615436   0.53284217 -0.16745562  0.58593033  0.47905391  0.67618118
 -0.09727944  0.62013194  0.74436293  0.4655707   0.17685691  0.58312646
  0.5216511  -0.15803787  0.44137466  0.22684925  0.54930079  0.59099263
 -0.11267457  0.2613812   0.57904384  0.58779797  0.26224055  0.49464505
  0.11091789  0.50330319  0.61894831  0.19416694  0.34148366  0.64413616
  0.534454    0.77180645  0.48188039  0.09011664  0.51301263  0.32018385
  0.58023363  0.17143378  0.25793766  0.61289038  0.27944016  0.34036652
  0.23846435  0.59366891  0.55992251  0.50907983  0.41242526  0.59822872
  0.38811315  0.43536281  0.34726293  0.29715122  0.34446017  0.36719816
  0.66040171  0.17998872  0.23130146  0.40516571  0.36952199  0.52555686
  0.2402018   0.69552747 -0.03851477  0.75804481  0.17290802  0.36083314
  0.36247742  0.67396293  0.17716352  0.46569374  0.63666231  0.60819622
  0.6128109   0.05119253  0.11989679  0.29132413]","[ 0.43679699  0.23310227  0.40243263  0.31830714  0.23999314  0.31499935
  0.23567012  0.59353995  0.76261128  0.09800783  0.45002558  0.49366504
  0.26268233 -0.44548747  0.09754831  0.5211296   0.63542295  0.31211753
 -0.1530806   0.40215481  0.4016676   0.32825208  0.58396223  0.76157918
  0.02479204  0.1868661   0.76419503  0.40050149  0.45870419  0.30484448
  0.40994819  0.16464122  0.429425    0.58285273  0.52116754  0.71258128
  0.30182209  0.47655506  0.63805764  0.4237875   0.5424321   0.02128286
 -0.07892631  0.32063964 -0.1888742   0.14613481 -0.2615259   0.21440042
  0.47956471  0.59271221 -0.21707135  0.43126251  0.56362012  0.26401318
  0.19308304  0.52967845  0.26098713  0.83939217  0.18803414  0.19904622
  0.30379308  0.42928944  0.7241199   0.50876387  0.5409814   0.59262852
  0.25616415  0.35116987  0.53952022  0.59135937  0.53265407  0.53127718
  0.25438033  0.59325793  0.42392215  0.19374886  0.29617299  0.61040996
  0.44452621  0.57056219 -0.17698719  0.79096795  0.32537073 -0.03909807
  0.29733868  0.71418679  0.18645284  0.23523652  0.63235224  0.309379
  0.23930662 -0.17476758 -0.10873634  0.27665539]","[ 0.91379344  0.79620734  0.50902748  0.52893735  0.2883006   0.5179269
  0.59654346  0.1585032   0.64100368  0.53964028  0.7217561   0.56030735
  0.53136113  0.39905678  0.59225955  0.51050412 -0.26487288  0.56600286
  0.69988262  0.72064727  0.28932857  0.69363441  0.3203827   0.68754624
 -0.09242623  0.62990088  0.69782994  0.37488708  0.58265998  0.49471583
  0.59534851  0.44318146  0.64063214  0.25341346  0.65991461  0.62982378
  0.47426666  0.58872692  0.76869624  0.4170634  -0.29109847  0.53151272
  0.36008609  0.64806344  0.5948097   0.40878421  0.61452927  0.64437371
  0.42791138  0.87281514  0.43460416  0.31847919  0.40577461  0.51921748
  0.5889859   0.23674659 -0.04042097  0.21180136  0.37077974  0.32149666
  0.18523081  0.64612719  0.47533487  0.69470347  0.34927179  0.71334522
  0.59398753  0.43226136  0.04828088  0.0670012   0.28410044  0.43250988
  0.71206271  0.02835468  0.18426442  0.16543839  0.16414023 -0.16078306
  0.01452902  0.62107672  0.26810068  0.5770362   0.14382435  0.16849953
  0.53366668  0.78451247  0.05514119  0.5092456   0.62741472  0.52771235
  0.76093155  0.22227895  0.41215932  0.56891267]","[ 0.76564253  0.80625278  0.41066506  0.53736316  0.16995562  0.46796493
  0.52674694  0.29994726  0.68172457  0.35874103  0.87874276  0.44365633
  0.75125517  0.40473213  0.40203157  0.38443184  0.55990764  0.55117803
  0.32265606  0.13597047  0.33795676  0.81482661  0.42435538  0.70449942
  0.23832358  0.54669609  0.63599584  0.48965166  0.08801055 -0.04081561
  0.58758405  0.36923271  0.02653222  0.49808306  0.64292414  0.57977278
  0.57725115  0.6326027   0.73211359  0.47539083  0.40545895  0.42714686
  0.35639154  0.45448255  0.53917841  0.10904489 -0.29204934  0.54575809
  0.44304327  0.61629752  0.70830569  0.22337287  0.3645869   0.46497669
  0.74562688 -0.0935437   0.30492343 -0.30626901  0.05641483  0.34053411
  0.34089654  0.69513874  0.64061412  0.75831966  0.5014925   0.68385091
  0.3028048   0.54828494 -0.42868744  0.68860381  0.60305137  0.21258727
  0.73169567  0.02823539  0.08462825 -0.04808668  0.39526302  0.38875297
  0.53358334  0.68106818  0.3472118   0.69472084  0.18365177  0.65064543
  0.62372221  0.77303266  0.18646696  0.73414022  0.51281163  0.64239232
  0.69620361  0.37389195  0.27432561  0.53476197]","[ 0.70719877  0.44406152  0.65541725  0.48322123  0.33807174  0.23041372
  0.31110205  0.68218946  0.80747578  0.14854137  0.53767835  0.62895789
  0.64741545 -0.38524623  0.48915553  0.58313678  0.64561545  0.15532446
  0.39705607  0.6101506   0.26988895  0.71233897  0.66446649  0.82323697
  0.52916456  0.43176031  0.77949704  0.55221068  0.47656478  0.47579713
  0.51740002  0.57196889  0.21678488  0.71638442  0.60931107  0.71680032
  0.56690543  0.68184509  0.8366018   0.4669385   0.65692918  0.26713115
  0.37594436  0.50778658  0.50726789  0.27635671  0.48364611  0.24670498
 -0.13922824  0.72941384  0.73766979  0.67859808  0.43077018 -0.0898722
  0.56661536  0.48427099  0.47706003  0.86716318  0.67657055  0.54342165
  0.44909129  0.7965845   0.78268304  0.80043003  0.65155046  0.77537182
  0.36826363  0.5226395   0.58495209  0.76315654  0.56008442  0.76074442
  0.66197409  0.65245092  0.41950797  0.51261878  0.62672252  0.82004642
  0.67547064  0.47880634  0.05759345  0.86138628  0.51243815  0.62851182
  0.4729603   0.76113132  0.38186625  0.57449035  0.823638    0.62206119
  0.41847759 -0.09985439  0.36941986  0.29830544]","[-0.02988223  0.31256505 -0.09304761  0.20397891  0.16309786  0.55578343
  0.2837273   0.59230703  0.28076663  0.19103961  0.60182165  0.35115592
  0.22704651  0.33187537  0.60382592  0.38354553  0.23900934 -0.22729932
  0.3164428   0.37061842  0.20046407  0.46692212  0.17170348 -0.27672953
  0.49244935 -0.23920165  0.73758803  0.15032067  0.69188799  0.61183492
  0.08127265  0.20840083  0.66271003  0.32163207  0.05404411 -0.13222677
  0.43688578  0.06906589  0.05919275  0.3758115  -0.52373726  0.43642467
  0.18812597 -0.2105414   0.42120442  0.7727398   0.05801312  0.21147597
  0.50906837  0.63385069  0.3207562   0.63251763  0.09409206  0.57048301
  0.52290992  0.22592459  0.44405181  0.57645794  0.5418597   0.28137487
  0.27270192  0.21124338  0.17589633 -0.13782822  0.11325094  0.15732025
 -0.19475514  0.37470659  0.34293381  0.87802649  0.41183206  0.32703206
  0.12695929  0.15435553  0.0995611   0.60045613  0.43268481  0.76550333
  0.73404596  0.56210698  0.66234124  0.31299823  0.20696193  0.45101321
 -0.13865936 -0.33197905  0.62005526  0.06064905  0.14624269  0.3259904
  0.35531417  0.6744394   0.49930846  0.60134709]","[ 0.85787421  0.53183464  0.49852993  0.59109226  0.14380383  0.51203397
  0.30027759 -0.17189277  0.79772922  0.23127215  0.64934564  0.49486984
  0.56461147  0.42266517  0.4468135   0.51187461  0.56393441  0.35301633
  0.52742373  0.47214895  0.23521591  0.5783083   0.3421036   0.56154113
  0.16099976  0.4666804   0.78853862  0.43714272  0.14233854  0.33208987
  0.5906599   0.31674128 -0.04336888  0.39551344  0.69831009  0.4707816
  0.41305783  0.47778063  0.71167688  0.49354116 -0.22370305  0.64490277
  0.23548648  0.59552094  0.57957843  0.26293583  0.71079785  0.51535935
  0.14510582  0.86910326  0.51591655  0.12114638  0.32609451 -0.04358227
  0.51264985  0.15802548  0.51759725  0.36899487  0.24097453  0.24431841
  0.32447761  0.66769862  0.72235568  0.43769352  0.49094797  0.73503127
  0.4237365   0.62263719  0.34683002  0.301346    0.35991514  0.42727167
  0.60532141  0.32753245  0.2246547  -0.13886885  0.34995883  0.59991467
  0.22397798  0.48071034  0.25619865  0.6721638   0.10327283  0.3278554
  0.54535689  0.6695628   0.04945157  0.6668157   0.55116474  0.6493471
  0.56994196  0.11736082 -0.25938908  0.1507179 ]","[ 0.79093038  0.36567452  0.53972349  0.22745505  0.09967207  0.21736982
 -0.20660178  0.54489059  0.73394748  0.18857041 -0.02651826  0.39899745
  0.63997571 -0.37043617 -0.10128573  0.534642    0.66529852  0.17755291
  0.14276768  0.3657835   0.28938289  0.43602183  0.58633776  0.62033458
  0.22282811  0.43925637  0.82473486  0.3122885   0.39043995 -0.18759168
  0.32689577  0.50024778  0.03946903  0.67793239  0.57355712  0.61082464
  0.51920933  0.5031392   0.70366928  0.40627197 -0.24977208 -0.02405676
  0.27970725  0.43611798  0.31491392  0.19383994  0.4327116   0.24558723
  0.45057445  0.57025023  0.44968335  0.66512013 -0.08934171  0.71895412
  0.45216625  0.32598267  0.55846995  0.83915747  0.44110419  0.31218289
  0.29314696  0.61432454  0.7810281   0.6745117   0.51254111  0.70425354
 -0.46564606  0.50510731  0.52344191  0.67150787  0.14066689  0.58460517
  0.51100577  0.4030366  -0.23859585  0.37983421  0.59135834  0.64579526
  0.55262263  0.43983583  0.07225226  0.7876117   0.27090844  0.34537734
  0.49582377  0.51822364 -0.26468064  0.69026533  0.65669759  0.61191847
  0.12289825  0.12100166  0.16252756 -0.52232419]","[ 0.23457667  0.38839984  0.26554651  0.11592106  0.23433058 -0.07901046
 -0.15346422  0.4241547  -0.32308724  0.52215327  0.20483506  0.37350048
  0.14228066  0.42358647 -0.34536231 -0.22060715 -0.16035008 -0.2623963
  0.48679047  0.17237983  0.12180184 -0.35739504  0.18868971  0.0354036
 -0.19664397 -0.11828726  0.23850046  0.09374519  0.64595512  0.31325796
 -0.28447509  0.06622589  0.30267928  0.07753457 -0.12598241  0.09552993
  0.50730804 -0.25246812 -0.36520965 -0.24495736  0.329093    0.30804348
 -0.45127541  0.07368594 -0.35520039 -0.35511994  0.23211764  0.1085506
  0.06320071  0.42865724  0.09106224  0.44227659 -0.02655022  0.18333471
 -0.25483196  0.3324232   0.22888879  0.44601708  0.26546458  0.39372284
  0.50826016  0.12503601  0.12157688  0.37760206 -0.18989369 -0.1168551
 -0.20381615 -0.33893484  0.2755089   0.38360037  0.44950514 -0.21293532
  0.66620536  0.36875586  0.43822008  0.29171619  0.27634207 -0.28701134
 -0.2070282  -0.1588831  -0.24119607  0.09196258  0.35175547  0.20240316
 -0.19311362 -0.17612857  0.09151142  0.26547258  0.41291804 -0.42934943
  0.38879265 -0.07340556 -0.53525103  0.15280481]","[-0.1828876   0.24599764  0.51130674  0.75042591  0.82667311  0.72461895
  0.43759522  0.27395147 -0.24480285 -0.23531694 -0.14909324 -0.31515141
 -0.23989308  0.56026551  0.52641129 -0.25716721  0.54350606  0.68925391
  0.24986196  0.38535071  0.39943869 -0.53387316 -0.21008205 -0.40037498
  0.76893771  0.63464838  0.50280559  0.49397708 -0.23477427  0.41313174
 -0.31705073  0.52474085  0.35814938  0.56113335  0.40045893  0.44820422
  0.53081499  0.48383115 -0.02277596  0.30355148  0.42589644  0.45547717
  0.39743767  0.20453922  0.77105196  0.29691901  0.62945511  0.31143599
  0.53678978  0.25746005  0.29340496  0.78234451  0.50146052  0.10610352
  0.71965185  0.4644624  -0.18899973  0.32882095  0.4107756   0.27499525
 -0.23643949  0.69223014  0.37597884  0.68393655  0.70481533 -0.09603949
  0.66924128  0.41846269 -0.35898394  0.68565858  0.63898485  0.51888838
  0.56399852  0.52681727  0.58314383  0.43829916  0.59408416 -0.39826436
  0.65578089  0.608668    0.54507406 -0.28538934  0.26738612  0.53570898
 -0.15243797  0.42127366  0.2185855  -0.13769406 -0.11506933  0.39180046
  0.23675459  0.79694616  0.29385746  0.54689762]","[ 0.59743708  0.26185166  0.31016953  0.41596536  0.48958389  0.56359303
  0.39019998  0.24623574  0.51550628 -0.38244151 -0.02405998  0.34465687
 -0.36558645 -0.23280931 -0.19346437 -0.33040197 -0.48730019 -0.30372031
 -0.15819674 -0.00920507  0.49931018 -0.44040286  0.19023269 -0.28751672
  0.77349112  0.354848    0.00592154 -0.18944351  0.2752876   0.37905504
  0.33285152  0.54700014  0.59764845  0.37309363 -0.11482323  0.59568091
 -0.39533023 -0.3019235  -0.08621703  0.25389252  0.43297523 -0.44785852
 -0.40242185  0.50891276  0.31071001  0.42307702  0.5957761   0.29782345
 -0.26799842  0.64989277 -0.31270987  0.82080423 -0.25683697 -0.18467277
  0.57871854  0.54431331 -0.3737868   0.36482052  0.55770119  0.21967027
  0.51048052  0.51286114  0.60667905  0.54741747  0.55714547 -0.0876144
  0.48867305 -0.2061614  -0.21921515  0.64426318  0.51848964 -0.15699739
  0.67494341  0.60608812  0.55906977  0.39109918  0.08857812  0.30715747
  0.53124595  0.01044441  0.59052808  0.26936642 -0.07233664  0.25324556
  0.43157373  0.43033026  0.30907065  0.57766385  0.20945999  0.1231789
  0.54694735  0.66835401  0.24680368 -0.27560225]","[ 0.22585002 -0.25870791  0.28039496  0.66685243  0.75371811  0.6305698
 -0.16905203  0.73389915  0.37591567  0.19879546  0.17290446 -0.3044248
 -0.13781327  0.63656913  0.37245243  0.45548173  0.55233636  0.61435264
 -0.23189001 -0.28069952  0.41987988  0.57217024  0.19814495 -0.27761472
  0.55499977  0.15296335  0.53879259  0.61191689  0.13801402  0.34888332
  0.01315799  0.35953282  0.39918237  0.30200193  0.12131292  0.1416233
  0.42808124  0.52114183  0.36226037  0.31830537  0.28804842  0.30244548
  0.3031036   0.24747849  0.06574911 -0.07885068  0.69961935  0.42358459
 -0.36739803  0.35986438 -0.32266714  0.77616062  0.24123933  0.24940518
  0.07503178  0.76737557 -0.5533005   0.19254371  0.40454538 -0.29452104
 -0.19473289  0.68301808  0.41780081  0.19849407  0.45699553 -0.25647476
 -0.22536708 -0.03031053  0.47803027  0.161553    0.13509339  0.50541458
  0.62663472  0.12873424  0.33745208  0.39964619  0.60133296  0.5311327
  0.23919434  0.16972178  0.28998479  0.72252734  0.13343316  0.24583004
  0.3293346   0.04368978  0.39839399  0.13649181  0.27741606  0.11565268
  0.17818173  0.67635748 -0.23069495  0.19020088]","[ 0.48675009  0.58934535  0.43436972  0.62436443  0.67504595  0.42646051
 -0.09445434  0.44818688  0.27226598  0.27653136  0.14422206  0.34146099
  0.18051787  0.42445098  0.54897672  0.00228671 -0.6574877   0.32402091
  0.5287885   0.33475345  0.48851531 -0.63261862  0.39868295 -0.22615619
  0.5259442   0.44720041  0.57243808  0.3199114   0.0957924   0.10932081
  0.02593698  0.46230924  0.44064904  0.43721844 -0.17205046  0.46383277
  0.270202    0.37000018  0.30364705  0.22691538  0.19618114  0.36749251
 -0.2653042   0.31014211 -0.34459027  0.16783165  0.60731512  0.12105133
  0.19711395  0.69966805  0.34655316  0.77089579  0.16497234  0.36835629
  0.30937988  0.62970349 -0.40303518  0.57615979  0.46203076 -0.29651037
  0.41884918  0.66371898  0.43338962  0.17644664  0.03781569  0.12687261
  0.63369101  0.16917278  0.23818278  0.58318617  0.36026732  0.18631146
  0.36468066  0.36708895  0.65440227  0.5260224   0.30468583  0.40637513
 -0.42659417 -0.37074076  0.60537299 -0.43233303  0.53101869  0.32856759
 -0.22160972 -0.33742744  0.28532348  0.275776    0.25137425 -0.33283472
  0.56488769  0.69495881 -0.20803613  0.48173038]","[ 4.72086401e-01  3.49467226e-01  1.19459293e-01  4.88907532e-01
  4.02274740e-01  4.92808783e-01  1.12841571e-01  3.64212452e-01
  1.48824770e-01 -2.38631909e-01  2.03757831e-01  4.57160205e-01
  5.90856109e-01 -2.32006547e-01  3.50884095e-01  2.43624967e-01
 -3.74094663e-01 -1.44375131e-01  4.08247870e-01  2.35360779e-01
  5.74797421e-01 -2.51509374e-01 -1.38092900e-04  3.60001662e-01
  4.45948715e-01 -1.48072702e-02  4.66946372e-01  1.41970493e-01
  3.11499710e-01  1.87008135e-01  2.74355015e-01  1.89342307e-01
  5.13187348e-01 -1.43902747e-01 -1.50670728e-01  5.41262354e-01
 -3.34434391e-01  1.88469452e-01  2.08977826e-01 -4.75493011e-01
  9.05210618e-02  2.71015260e-01  2.37362438e-01  3.77565577e-01
  1.29339548e-01  2.39957604e-01  1.20752244e-01  1.39201835e-01
 -4.92090928e-01  6.21206663e-01 -2.55511990e-01  4.53835519e-01
  3.93111312e-01  2.91478131e-03 -2.20717117e-01  6.73702950e-01
 -2.69821205e-01  4.71938966e-01  5.99515361e-01  2.17411872e-01
  3.31349406e-01  3.42946069e-01  6.80057033e-01  2.75929928e-01
  1.63773505e-01  2.46570934e-01  9.89507610e-02 -2.87096249e-02
  4.45306838e-01  5.61424318e-01  6.74713160e-01  3.61753765e-01
  3.18655781e-01  2.56274618e-01  1.23002116e-01  4.37175731e-01
  2.26127820e-01  3.06822032e-01 -9.52290433e-02  1.74954126e-01
  2.44324259e-01 -5.22258196e-01 -1.86607469e-01  4.50140359e-01
  2.49619001e-01  3.97021728e-01  1.93929907e-01  4.08621349e-01
 -9.68292147e-02  4.54218837e-01 -5.24910495e-02  6.62794259e-01
  2.68415244e-01  1.05878399e-01]","[ 0.42150472  0.24328778 -0.16049001  0.52223677  0.2049411   0.53076913
  0.36105893  0.18167329  0.39282837 -0.23572626  0.48361217 -0.1251101
 -0.43053564  0.44484402  0.29421953  0.2116851   0.306592    0.75835945
  0.36381679  0.04737626  0.40338887 -0.41743925  0.49255251  0.34679606
  0.73630764 -0.14088816  0.40897198  0.24639799  0.2406518   0.36678721
  0.36939254  0.4477317   0.48081035  0.24238222  0.35419816 -0.09409742
  0.4490398   0.10718752  0.05919338 -0.44284606  0.41337299  0.42429142
  0.13811149 -0.22618892  0.17555651  0.62347658  0.64082002  0.39289438
  0.12279823  0.42452384  0.2062877   0.55430824  0.14813334  0.37208899
  0.46251382  0.6592518  -0.32182435  0.5776496   0.43606552  0.38234997
  0.31726521  0.5908752   0.63170648 -0.29786298  0.30431841  0.48827436
  0.49059358 -0.20095007 -0.45370271 -0.26561471  0.45194495 -0.25804554
  0.65068151  0.40851429 -0.17941285  0.36636714  0.1157249   0.65754906
  0.52780581 -0.04388715  0.4852925   0.49805323  0.14105086  0.37283906
  0.04639342  0.40545203  0.29170621  0.2075857  -0.09056151  0.04266233
  0.7196089   0.71275409 -0.30004042 -0.42523177]","[ 0.26786581  0.30911699  0.6675872   0.67154555  0.85718824  0.60622628
  0.30738924  0.46618642  0.31859991 -0.25479641  0.41068798  0.58959769
  0.6193332   0.47981389  0.36721694  0.35282759 -0.00095952  0.77714836
 -0.16727463  0.2897513   0.28039176 -0.28367552  0.60644208 -0.44752017
  0.40795077  0.6816645   0.81521806  0.42110766  0.17702596  0.29686659
  0.23527995  0.75715937  0.55949576  0.29330434  0.38834697  0.44489665
  0.41480961  0.65136505  0.35691268  0.54218592  0.42822896  0.61258789
  0.21127289 -0.14017472  0.55565231  0.54713835  0.63217399  0.21591813
  0.31621282  0.24964218  0.57620737  0.81311785  0.61176324  0.20738787
  0.43405806  0.49944185  0.29718302  0.72265153  0.55982958  0.42092401
 -0.29786336  0.75826634  0.22917503  0.52186286  0.79588725  0.53098315
  0.70525532  0.65044469 -0.46528187  0.60851497  0.54070746  0.30945236
  0.84017635  0.58798677  0.71286524  0.38878354  0.53871843  0.36204064
  0.1362147   0.42556623  0.70061068 -0.30429512  0.49548337  0.50943629
  0.42184526  0.63333837  0.47952025  0.17880261  0.75949406  0.65128779
  0.72334197  0.73553513  0.45459765  0.77261856]","[ 0.17355725 -0.10637731 -0.27554031  0.11127448  0.29130721 -0.09020074
 -0.26869491  0.64095283  0.51684575 -0.24240404  0.1187685   0.23684562
 -0.36731526 -0.13703204 -0.32594268  0.48239157  0.34200904  0.12639288
 -0.24661642  0.1936702   0.36848454  0.34809802  0.30736129  0.2950987
  0.44349094  0.17337181  0.5360286  -0.27348805 -0.25404015  0.12639369
  0.43643424  0.19242045  0.30121339  0.26561033 -0.20791171  0.68306935
  0.14502768 -0.2926867   0.19361172 -0.3547943  -0.21419167  0.12789023
  0.44684464  0.26257082 -0.36679365  0.49138236  0.16058784  0.27168327
 -0.17452474  0.53089367  0.29047525  0.49832763  0.19101039  0.30290515
  0.2182784   0.53311405 -0.21566698  0.18654595  0.3392985   0.33477049
  0.20039004 -0.26640474  0.5198899   0.38182191  0.30813511  0.41859149
  0.21228455  0.29597734 -0.58566319  0.36141958  0.27030617 -0.28164828
 -0.23372826  0.17116651  0.18180295 -0.31282895 -0.25049187  0.70026198
 -0.3308034   0.39369246  0.44217231  0.67437263  0.15996467 -0.04649887
  0.45869582 -0.2653675   0.36086913  0.18207447  0.29258193  0.23564757
  0.18651036  0.71286676  0.19267014 -0.26081486]","[ 0.38488735 -0.4315294   0.48361818  0.23226114  0.4628682   0.48328659
  0.51251511 -0.11393622  0.2353747  -0.26243051 -0.21705237  0.25628886
  0.13659814  0.22187625  0.3954756  -0.22972982  0.6088286   0.43053672
  0.32852257  0.34228025  0.29599892 -0.13839948  0.3495225   0.32025348
  0.70681706 -0.36646007  0.42159116  0.30238859 -0.27821583  0.36297735
  0.36188586  0.30663215  0.4217391   0.37419039  0.38150876 -0.44120714
  0.48779252  0.56842859 -0.18365592  0.48321007  0.199234   -0.16810653
  0.25022188 -0.19327812  0.71457483  0.71649516  0.52459649  0.53225791
  0.3617709   0.51695652 -0.42134763 -0.31573512  0.00669031 -0.18023793
  0.36614946 -0.21557021  0.18073727 -0.32323039  0.28863075 -0.18353606
  0.16249617  0.35473565  0.31059157  0.3766251   0.68392841 -0.17209151
 -0.23275457  0.58706546  0.33981624  0.35563518  0.54698359  0.38405075
  0.68392346  0.26342089  0.31374901 -0.17252274  0.5208149   0.35809644
  0.31398139  0.63868876  0.32628243  0.26857387  0.31571184  0.41842769
  0.20985773 -0.32950461 -0.31205939  0.44201193  0.02974637 -0.1855712
  0.41845676  0.56181638  0.30156083 -0.23469034]","[ 0.52919135 -0.34454602  0.6390937   0.75924451  0.78885133  0.62298824
  0.38804472  0.5081549  -0.13294005  0.28714821 -0.16413024  0.25382984
 -0.07658945  0.19487967  0.45162937  0.12310353  0.54770282  0.51978255
 -0.29309867  0.19488026  0.30763694 -0.24409099  0.28501159  0.26654736
  0.67700605  0.4282809   0.06034233  0.47917613  0.19364731  0.56049168
  0.48064379  0.50774811  0.6751408   0.52876677  0.39672532 -0.33580093
  0.48282159  0.70210962 -0.17094566 -0.26351407  0.36922715  0.35386743
  0.39188726  0.13929754  0.61485772  0.47068902  0.7020099   0.53352219
  0.49620857  0.3524184  -0.15447746  0.37683133  0.25690961 -0.23022925
  0.53626164  0.53508264 -0.25252563  0.32112083  0.59588736 -0.43055773
  0.24902081  0.58602161  0.39324948  0.58139281  0.56115118  0.08216628
  0.5063364   0.48450587 -0.1435604   0.4153907   0.5744411   0.46897937
  0.81524551  0.07878944  0.7250257   0.31070943  0.35314809  0.60405042
  0.32705681  0.12132118  0.5346717   0.52049095  0.39391669  0.43810692
  0.21770638  0.27510448  0.36398578 -0.37828367  0.11208454  0.46415867
  0.45189453  0.57083954  0.42630113  0.50561075]","[ 0.18413803  0.11842043  0.52719018  0.80395996  0.68520296  0.53507383
 -0.10709298  0.67614136 -0.17378309 -0.2409205   0.12125515  0.41640169
  0.62087826  0.47030106  0.37705016  0.15412999  0.42348539  0.29788316
  0.25176614 -0.25572068  0.41226454 -0.46538015  0.39590237 -0.10639173
  0.20653882  0.21780549  0.65260773  0.58530295  0.27638241  0.47188588
 -0.34972305  0.5435534   0.26964536  0.25008017  0.28541457  0.0930185
  0.60160221  0.5469125   0.04349709 -0.40416942  0.35252227 -0.36985997
 -0.28522112  0.0744475   0.05574833  0.46487868  0.7250512  -0.20718958
  0.28207879  0.31685025 -0.42190554  0.59670802 -0.28305664  0.14985103
  0.33456655  0.81360217 -0.33379629  0.14286123  0.3982333  -0.27113705
  0.39252167  0.7716869   0.27611435  0.55051971  0.69111531  0.34336461
  0.4536236   0.51684186 -0.27597585  0.4022987   0.10692524 -0.13085622
  0.85239764  0.14554725  0.23518541  0.47807732  0.65421245  0.32591354
 -0.22670448  0.24002558  0.39239391 -0.33633371  0.15427169  0.11835378
 -0.33573531  0.50335852  0.39052049  0.36265593 -0.21988908 -0.21221156
  0.54034982  0.59049279  0.23011476  0.43884735]","[ 0.57904004 -0.164428    0.08387678  0.61247959  0.80582884  0.52468326
  0.62255575 -0.2421898  -0.21779606  0.10273196  0.48104707  0.22121793
  0.25096414 -0.27444104  0.26551653  0.21079433  0.45389507  0.32283997
  0.27360393  0.16430716  0.26202081 -0.24729122  0.14814608  0.28331565
  0.7773501  -0.17793026 -0.14075185  0.21363076 -0.20049054  0.26608756
 -0.32798863  0.29092337  0.5502804   0.64338113  0.49901825  0.63199568
  0.44419659  0.41996748 -0.20440646 -0.18277431  0.57353479  0.59608665
  0.40830443  0.25151879  0.70343637  0.60691925  0.43744037  0.26980956
  0.6269884   0.41812965 -0.40222461  0.77238451 -0.10695092  0.22124959
  0.63382849  0.17481     0.36688738  0.34127605  0.21475254 -0.34210046
  0.40879818  0.66850554  0.48368683  0.68688044  0.35303049 -0.2332556
  0.52477542  0.37511228 -0.32211475  0.46004677  0.83187641  0.38260748
  0.52858031  0.4572303   0.8475499  -0.04606024  0.12674335  0.64175676
  0.68292729  0.45922746  0.56837057 -0.00461518  0.2044141   0.638846
  0.33981333 -0.283621   -0.30190475 -0.22032435 -0.14761654 -0.29288728
  0.55668233  0.6838818   0.44939609  0.12540972]","[ 0.69538455 -0.28313811  0.49903145  0.74619303  0.72569519  0.66478541
  0.57609583  0.16649842  0.28945662  0.35710423  0.10063011  0.25584205
  0.6554707  -0.28337415 -0.26204964 -0.33287999  0.6755914   0.36924608
  0.51910507  0.24388784  0.2660976  -0.2126906   0.38435912 -0.25520277
  0.82102216  0.32465813 -0.02508029  0.43925895  0.07535115  0.51124643
  0.15277248  0.36628597  0.65505466  0.31941179  0.37285307  0.73465535
  0.41519587  0.57424131  0.22785209 -0.37069876  0.50419293  0.55185929
  0.22745326  0.08314504  0.61152685  0.55865846  0.41989376 -0.38477848
  0.35134364  0.68823726  0.28097498  0.82919916  0.06026945  0.16113182
  0.69658042  0.35270287  0.26148952  0.18730047  0.34550006 -0.36873836
  0.43056308  0.44954378  0.52960132  0.2714365   0.47229064 -0.06140678
  0.60191414  0.25300983 -0.32340222 -0.27501955  0.47923694  0.32712194
  0.62682886  0.63594109  0.63283283  0.15703848  0.20322677  0.36803751
  0.68182547  0.26517905  0.53912937  0.23180693  0.36036875  0.38899022
 -0.33172735 -0.40092034  0.29917203  0.44051968  0.29554393 -0.1935287
  0.77152397  0.48444095  0.50459759  0.10723145]","[ 0.63181411 -0.19266809  0.81909393  0.69297432  0.7517911   0.74507279
  0.31579609  0.49780564 -0.29821973 -0.18406656  0.51549152  0.43540559
  0.17449491  0.50525618 -0.12177121 -0.28663725  0.78139864  0.35678368
  0.31946668  0.26137133  0.4996619  -0.32475968  0.45126533  0.22063119
 -0.30313626 -0.17108424 -0.2473401   0.48156346  0.23401639  0.55529007
  0.30855744  0.51471578  0.55244343 -0.02065357  0.34819828  0.06832196
 -0.17468464  0.32730981  0.1688787   0.33090731  0.35589645  0.62299335
  0.26973172 -0.14226665  0.74218483  0.63872014  0.68133243  0.67662767
  0.61097582 -0.4250691   0.64483276  0.72329949  0.69593281  0.59278699
  0.43859802  0.49064062 -0.29126715  0.58510889  0.54946105  0.42281477
  0.34643598  0.63876997  0.57893853  0.27287767  0.73566746  0.41156652
  0.6439388   0.00327156 -0.32215182  0.45459861  0.61056505  0.50976061
  0.54819349  0.44943118  0.59900547 -0.21629122  0.60791819 -0.17883642
  0.39503598  0.2936015   0.64986968 -0.23987424  0.16569518  0.5845003
  0.79661695  0.22341646  0.3899944   0.36636733  0.5323322   0.23673419
  0.5009345   0.67462539  0.47773438  0.53415838]","[-0.1148062   0.13161833  0.45208008  0.54870623  0.751298   -0.22072563
  0.40516876  0.43738564 -0.29516223 -0.13289144  0.44304121  0.2076822
  0.37000633  0.48578059  0.46026691 -0.31092375  0.62479612  0.47733282
 -0.10024958  0.37181678  0.29551898 -0.20360349  0.43363508  0.24704736
  0.1200205   0.5395397   0.25013851  0.36706741 -0.26292242  0.20592218
  0.31150708  0.32305686  0.33976527  0.36456259  0.46734822 -0.11840533
  0.42891008  0.52273943 -0.15922105 -0.15961865  0.17158211  0.34003119
  0.03497382 -0.23525054  0.69456767  0.53518768  0.61633355 -0.12323917
  0.52177923 -0.51595649  0.07877399  0.4500226   0.44467919  0.5682901
  0.62354372  0.42108239 -0.10736983  0.47488768  0.15368953  0.39224723
  0.37468113  0.61743426  0.53032368  0.63151203  0.64167965 -0.03278495
  0.39824767  0.6175434  -0.3942302   0.47159852  0.47230442  0.60658617
  0.73238062  0.20190631  0.31672527  0.17589036  0.4554991   0.28585355
 -0.17497583  0.47572985  0.41076984  0.45993785  0.21517307  0.40923994
 -0.21350653 -0.38165193 -0.32069572  0.31924755  0.09198619  0.41793977
  0.71455135  0.71125498  0.15191456 -0.08268065]","[ 0.36495604 -0.29625201 -0.31716712  0.34909481  0.63447255  0.35211582
  0.60518787  0.49575585  0.32973607 -0.16337908  0.30069099  0.0392292
  0.13489233 -0.2779683   0.3491481  -0.38234044  0.3652979  -0.22681896
  0.31939717 -0.15793019  0.31150384  0.2189001  -0.21054245  0.33149758
  0.38902503 -0.10262204  0.51707873  0.07965219  0.30308454 -0.24448335
 -0.29481461  0.24640117  0.46096068 -0.18235606  0.31415966  0.13988472
  0.44862646  0.60927509 -0.23737595 -0.18445526  0.10627093 -0.08590124
 -0.22514761  0.05115256  0.79826921  0.25348211  0.35539024  0.11433788
  0.42051067  0.22116932 -0.17771846  0.52351062  0.3908099   0.42071292
  0.34705958  0.51529033 -0.24970249  0.21824855  0.11778447 -0.24350509
  0.34832612  0.56708432  0.45051384 -0.27824676  0.36880485  0.18135345
  0.22192098  0.31636571 -0.33147154 -0.2960677   0.23177155  0.43932414
  0.50872735  0.2919658  -0.2596743  -0.14345582  0.48114279 -0.42504301
  0.5048751   0.30127115 -0.25556844 -0.34086343  0.18172629  0.09149282
  0.22140696  0.23628929 -0.36097495  0.2214192  -0.0743322   0.24253914
  0.50053983  0.44460144  0.28492417  0.19181054]","[ 0.34026872  0.24278672  0.37166719  0.6572592   0.78354839  0.72233096
  0.65613239  0.1705666   0.26131863  0.38345772  0.6336803   0.38522347
  0.37851919  0.44352114  0.59373068  0.22914162  0.70822807  0.38573015
 -0.2318576   0.38649093  0.42480359 -0.17154371  0.47822405  0.43865653
  0.73147986  0.44866678 -0.22185813  0.62059952  0.43291658  0.56443707
 -0.28433928  0.58151319  0.60747685  0.29518124  0.28535448  0.55265663
  0.57651122  0.77075415  0.19156528  0.47639323  0.18773372  0.52558484
  0.26708114 -0.21229344  0.88044706  0.49290505  0.72519949  0.45823396
  0.53854627  0.26958629  0.60417498  0.57190044  0.56068879  0.65033408
  0.61598357  0.32079741  0.34156121  0.43290493  0.44542401  0.27362396
  0.18693301  0.72205814  0.38390361  0.68698339  0.76700626 -0.18211244
  0.42558252  0.46930937 -0.33447058  0.70721378  0.40798623  0.4662564
  0.8179425   0.43868661  0.37071385  0.39092339  0.57596888  0.39051496
  0.50180366  0.35429942  0.51015402  0.34821435  0.34298482  0.58137662
  0.41204275  0.43655939  0.45242402  0.73693406 -0.16170638  0.34031331
  0.73058765  0.68020271  0.23317359  0.42362828]","[ 0.7193514   0.38258264  0.33725571  0.43450656  0.30922566  0.12470485
  0.34257706  0.61214005  0.50634322  0.62880182  0.20008727  0.64386975
  0.63348928 -0.51296459  0.53775917  0.64844125  0.62177462  0.23054469
  0.22332639  0.61438852  0.36647403  0.53455545  0.29257783  0.61282082
  0.50722624  0.37834137  0.78643244  0.40583642  0.51058603  0.45874502
  0.7419924   0.41855004  0.12817856  0.71629191  0.28772865  0.69450777
  0.48209399  0.5897286   0.71762476  0.467838    0.50605358  0.23053027
  0.64270497  0.37796773 -0.39764625 -0.17027611  0.65213465  0.35230597
  0.31636805  0.67151152  0.69893625  0.66164764  0.40840548  0.38396621
 -0.21989993  0.75848678  0.29067963  0.80733282  0.44640772  0.21571642
  0.54482872  0.73497975  0.77887044  0.65823124  0.70950905  0.71678108
  0.56997358  0.65743133  0.42396967  0.64292883  0.02287633  0.50771634
  0.56883983  0.16710103  0.64203234  0.10218625  0.28149581  0.56332898
  0.58919095 -0.41573481  0.14299683  0.69902997  0.26616902  0.49203925
  0.62517815 -0.14088826 -0.24706894  0.4541354   0.77452133  0.56251803
  0.43365024 -0.25399684  0.24584976  0.6329432 ]","[ 0.24227055 -0.26946655 -0.31400234  0.29685548  0.34741366 -0.16711738
  0.20120296  0.32689103  0.20321912  0.28090998  0.1721874   0.17496051
 -0.1558001   0.52860676 -0.24750933  0.32097784  0.47773704  0.1759256
 -0.11166531  0.23307785  0.15879639 -0.1907387  -0.29301994 -0.13612416
  0.32170292  0.07704206  0.38326301 -0.15515674  0.44187264 -0.26618628
 -0.41887694  0.55588282  0.03824148 -0.22244867 -0.23044224  0.39453099
  0.41273401 -0.22532696 -0.44766027 -0.49475814  0.38680786  0.25257161
  0.47317009 -0.09009512  0.32566551  0.50248172  0.23469426  0.08289211
  0.33333021  0.34924329 -0.29782551  0.39331977  0.27723522 -0.19450518
  0.29545166  0.57501462  0.30782144  0.50715757  0.58046626 -0.01234289
  0.37614313  0.28255916  0.40818364 -0.20005571  0.38862136  0.37188657
  0.21350658 -0.20666503 -0.33103887  0.33630729  0.63077293  0.40094457
  0.59421679  0.17099833  0.18086961  0.17690358  0.22071607  0.53771358
  0.3569809   0.46772387  0.32230139 -0.21000562  0.50182638 -0.08252438
 -0.12792655  0.33972392  0.31855779 -0.00677153  0.12802226 -0.28256019
  0.21937434  0.76872946 -0.30759674 -0.08547043]","[ 0.52786061 -0.11131613 -0.29386937 -0.58464712 -0.27250487  0.13630556
  0.14416289  0.68681115  0.58235048 -0.1584906   0.2580958   0.40085233
  0.40065547  0.27254321  0.10166487  0.72524359 -0.34035294  0.51624174
 -0.38075971  0.59363651  0.53726445  0.51462915  0.40854607  0.1900158
  0.59758213  0.48586575  0.42969027 -0.29710875 -0.25611276 -0.18138086
  0.36653554 -0.44010291  0.02590123  0.29755125 -0.11519534  0.41548388
  0.43693087  0.61454965  0.64961585  0.61814256  0.71579281 -0.55530015
  0.36503769  0.42850022  0.61075042  0.22825303  0.24499633 -0.21882848
  0.2892787   0.81809254  0.32366683  0.3358411   0.36749311  0.35975767
  0.26333551  0.75879114 -0.33435826  0.79113113 -0.12663423  0.56385593
  0.29614363  0.67983219  0.65508837  0.58912315 -0.29937012  0.22060365
  0.43617057  0.74111705  0.65751666  0.57276761  0.54488968  0.47236598
  0.06588863  0.49085081  0.45946464  0.39367103 -0.4016117   0.72965508
  0.24735448  0.22969381 -0.34623462  0.6847378   0.23609983  0.53812425
  0.52706231 -0.42355141  0.01211042  0.68162406  0.6463156   0.55231298
 -0.12329478 -0.30576522 -0.2632983   0.63516559]","[ 0.55337164  0.33289559  0.52476387  0.72439189  0.57937525  0.62896501
  0.46996622 -0.17609105 -0.34823611 -0.21922232  0.21919266  0.42843628
 -0.31195803  0.61934162  0.69627673  0.32459972  0.23762988 -0.27934188
  0.45150678 -0.24734112  0.27661844  0.16969378  0.46755234  0.21271119
  0.32025282  0.16049455  0.13850713  0.41767955  0.56404081  0.50925679
 -0.25742448  0.51171971  0.55042557  0.25309158 -0.17986839  0.11401624
  0.44653534  0.28947824  0.29572682  0.39386265  0.20970627  0.11741589
  0.09441628 -0.27832984  0.79095129  0.74202685  0.01975602  0.62145778
  0.55209134  0.24234302  0.37142868  0.70828981  0.1291452   0.69327564
 -0.22525763  0.62816978 -0.30155191  0.31065574  0.29605062  0.5102592
  0.4493337   0.34561585  0.55626691  0.36226107  0.17681146  0.08608628
  0.48593084  0.20680883 -0.14171795  0.35491927  0.59129499  0.52405818
  0.61186675  0.324784    0.57938082  0.36760277  0.35269747  0.2070239
  0.37647225  0.62626375  0.56036221 -0.10369962  0.24437791  0.52824175
  0.22766831 -0.36100689  0.67521227  0.328451    0.09755854  0.25208688
  0.0860416   0.45083954  0.44519782  0.3052608 ]","[ 0.42610909 -0.40081034  0.6085132  -0.49182846 -0.29281485 -0.07967821
  0.22953815  0.59397575  0.63766219  0.25491335  0.01952338  0.13341114
  0.39393952 -0.2745079   0.2063046   0.77516374  0.33121316  0.24958607
  0.21940759  0.35985872  0.58284287  0.66953799  0.26493795  0.48057643
  0.38680728 -0.33849782 -0.35452528  0.35011667  0.28088935  0.34524071
  0.30750513  0.2265657   0.37750063 -0.33711835 -0.36580844  0.31794126
  0.2916671   0.23403827  0.64163117  0.65257651 -0.28782144  0.77059693
  0.26000288  0.32578463  0.72655324 -0.17839118 -0.50198654  0.38417862
  0.57638556 -0.34412267 -0.65635525 -0.36155578  0.63181147 -0.37228694
  0.64900517  0.51022234  0.45684613  0.72071368  0.21213753 -0.34167837
 -0.27366616  0.54928844  0.55371831  0.61038144 -0.3737561   0.42840975
 -0.29377901  0.58265385  0.40148407 -0.61646475  0.79859708  0.35162032
  0.41258797 -0.27998802  0.82192175  0.72154355  0.25234632  0.56342441
 -0.32134468 -0.12963094 -0.26539244  0.53850599  0.43976519  0.247012
  0.78429956  0.58242855  0.67539655  0.88087249 -0.18644514 -0.20154876
 -0.16544998  0.20341172 -0.20113717  0.32347999]","[ 0.40814078  0.63361031  0.25011     0.23927113  0.18346496  0.19631948
  0.19496479  0.3286781   0.43891562 -0.32671748 -0.14276074  0.14314434
 -0.21858405 -0.27187373 -0.11769957  0.49676312 -0.41517953  0.3980703
  0.340777    0.38782222  0.52589654  0.29102082  0.22071549  0.51795547
  0.41423408  0.36216852 -0.42920786 -0.2827578  -0.19574447  0.11447496
  0.47031525  0.22052742  0.04754178 -0.33370237 -0.17197812  0.45803711
  0.0686343   0.33872979  0.31306357  0.21290029  0.27966873  0.45094635
  0.35203821  0.54398869  0.74414753  0.56227929 -0.60452718  0.42481681
  0.30944082  0.76442851 -0.33880766  0.44938008  0.16296335 -0.12675978
  0.33056513  0.56822312  0.2063486   0.12838849  0.18040729 -0.13443375
  0.47500876  0.17499828  0.52857985  0.25646763  0.64331375  0.33742016
  0.5412403  -0.45750404  0.32910569  0.50860463  0.64319028  0.50953407
  0.34983446  0.53885403  0.23373298  0.52788227  0.29425448  0.81712817
 -0.12545864  0.15139447  0.56771173  0.5032958   0.22555426  0.41783983
  0.67917008  0.40141957 -0.21412222  0.60662495 -0.05422514 -0.21070589
  0.44487136 -0.31894151 -0.34054539 -0.43742742]","[ 0.40678062  0.5499164  -0.31674314  0.15861572 -0.28514513  0.44478361
 -0.26833055 -0.2062257   0.59210061  0.3173721   0.6173104  -0.12295853
  0.17300919  0.41946446 -0.18696113  0.62144236  0.13740254  0.19917772
  0.33544094  0.37563494  0.17965876  0.45002942  0.21335216  0.39398089
  0.45564755 -0.37226987 -0.14170502 -0.33948505  0.32433021  0.24042902
  0.69339282 -0.37316638  0.12531332  0.36219745  0.59056009  0.62653522
  0.14566361  0.44518957  0.42588819 -0.29143304  0.27551135  0.70387853
  0.52723273  0.62152742  0.71027298  0.58451092  0.35835526  0.40371275
  0.40697697  0.63223665  0.33623702  0.56065098  0.48569654 -0.26398426
  0.63778479  0.526374    0.1958615   0.34404305  0.09819975  0.11641126
  0.40664963  0.56651873  0.4137366   0.30667871 -0.33744723  0.36849259
 -0.30930248  0.24213708 -0.35869215 -0.17432287  0.45114679 -0.26684545
  0.37140979 -0.07043696  0.2446128   0.29620605  0.37299965  0.73739753
 -0.43063727  0.1878934   0.5798433   0.74870832  0.06235324  0.39595041
  0.67685346 -0.18036836 -0.0731587   0.43929822  0.42707367 -0.39818837
  0.54147683  0.45601964  0.15773419  0.52397619]","[-0.40757388 -0.33934973 -0.2663689   0.36751873  0.47116703 -0.29578263
  0.19328425  0.45831261  0.45388016  0.13831791  0.06142891  0.48677929
 -0.34148414  0.35374356  0.54016183  0.63802062  0.31481721 -0.27397046
  0.28624739  0.23261271  0.32172205  0.26992699  0.44713774  0.26977325
 -0.10078233 -0.19918651  0.24735081 -0.1890449  -0.229637    0.34159554
  0.37877461  0.15603943  0.25803509 -0.19588284 -0.1680361  -0.06012855
  0.50590754  0.28754196  0.47785889  0.24335325 -0.20078042 -0.24597163
 -0.19775294  0.28690393  0.50808564  0.56262791  0.3293472  -0.27976631
 -0.12146202  0.37117207  0.513559    0.4747692   0.42778639  0.3128177
  0.22638422  0.4596728  -0.34714549 -0.21135212 -0.13037511 -0.21233177
  0.06773     0.36494679  0.43239163 -0.30604365  0.10585064  0.36889999
 -0.13817243 -0.40365408 -0.27912225 -0.38612392  0.41746172 -0.35194188
 -0.15389128  0.15465258 -0.16619934  0.10731826 -0.05148026  0.40573531
 -0.49769034  0.25054333  0.41780648  0.50308102 -0.2627859   0.0994373
 -0.35629145  0.64981334 -0.11445222  0.26471636  0.21409103 -0.37855588
  0.15583222  0.16939864 -0.30480001  0.31893459]","[ 0.79114712 -0.41405157  0.65893416  0.29998404  0.37287963  0.33374024
 -0.2612514   0.46060326  0.45512243 -0.30114442  0.19317397 -0.37171371
  0.67858481 -0.28247105  0.58054764  0.47873278 -0.51625625  0.31905419
  0.66701462  0.57099619  0.47938774  0.47093329 -0.16700262  0.38573106
  0.21200196  0.09833137  0.7855677   0.22831497  0.06181365  0.30287968
  0.69189491 -0.17317528 -0.14413038 -0.2309885   0.38552474  0.33333628
 -0.03905738  0.09030083  0.27186042  0.50819674  0.30363346  0.67993053
  0.43904949  0.36886726  0.70687673 -0.1509614  -0.30535319  0.30193921
  0.43112727  0.78874052  0.43312368 -0.21365645  0.57402297  0.41111897
  0.06347635  0.68583985  0.28753049  0.70866074  0.17355524  0.32747998
  0.59915672  0.30728139  0.60552649  0.42583973  0.22188054  0.60236702
  0.19206646  0.49339794  0.51998491  0.30585139  0.49416785  0.21925248
 -0.5044798   0.19447452 -0.15327629  0.45336029  0.514968    0.81666373
 -0.54580106  0.44505351 -0.37242676  0.60241448  0.36811998  0.38920703
  0.49133179 -0.2318378   0.06349912  0.83736781  0.53004272  0.44730024
  0.29564363  0.36057146 -0.41407235  0.62704782]","[ 0.48428168  0.18257124  0.23956882  0.41536972  0.65827564  0.45319269
  0.26103421  0.31812848 -0.20334649 -0.22977681 -0.11623682  0.27838139
  0.40798913  0.47611942  0.56032181 -0.26638964  0.42468995  0.59547807
  0.52204794  0.12919435  0.26638826  0.15513302 -0.07764417 -0.37427892
  0.81674555  0.20286069 -0.21224844  0.18329307 -0.29144181  0.36693404
 -0.27571225  0.30329494  0.10320766  0.40245081  0.29760008  0.38193751
  0.26617007  0.43066864  0.08176231  0.2221168  -0.06474153 -0.2208077
  0.14956409  0.17939395  0.7415164   0.41157327  0.43663021  0.07582108
  0.3203983  -0.35060898 -0.3091609   0.3419227  -0.3777608   0.30827817
  0.13751494  0.16981713  0.25958468  0.1036783  -0.26293798  0.08720418
  0.22762495  0.24863754  0.35584945  0.40155971  0.50812873  0.28163939
  0.26953767  0.44925265 -0.25428102 -0.17100971  0.18975552  0.46885004
  0.39740488  0.29891223  0.19596308  0.1972112  -0.32422814 -0.27652894
  0.54189444  0.70039941  0.45004909 -0.18941048  0.10027554  0.38224755
  0.44321147 -0.36123482 -0.46405443  0.20375299 -0.17036576  0.39897457
  0.32376007  0.37592488  0.12166407  0.30807543]","[ 0.26292659  0.04835683  0.45599089  0.27731961  0.55083464  0.19417537
  0.46989947  0.28026298  0.12094705  0.18632461  0.31086162  0.21325419
  0.37297319  0.34224032  0.54137672 -0.23205262  0.50525716 -0.02506947
  0.42081732 -0.29224495  0.02213114 -0.22340384  0.2482902   0.29546412
  0.3977586  -0.23523326  0.34521521  0.29687699 -0.27280098  0.13217779
 -0.29538441 -0.41032815 -0.20185071  0.13774345  0.19297297 -0.02293004
  0.3064228   0.24052171 -0.29161746  0.47435581  0.09885303 -0.11920309
  0.15172217 -0.09118248  0.46482306  0.32925571  0.3256436   0.22904348
  0.25987187 -0.19749946  0.08531272  0.38586952  0.19022871 -0.23353978
  0.16087263  0.44918623 -0.10627901  0.0685949   0.30364155  0.2189831
  0.32755613 -0.23003907  0.28271854  0.42828654  0.14192899  0.36500805
  0.34804084  0.40169697 -0.31821873 -0.25483487 -0.1921604   0.53109303
  0.52552962 -0.28805477  0.34706173 -0.2644415   0.31431996 -0.47358857
  0.35199375  0.57135464  0.22280633 -0.14696943 -0.11565988  0.23992725
  0.37672023  0.26777479 -0.23112649 -0.49261984 -0.20554691  0.33143035
  0.49968298  0.50363208 -0.32843565 -0.20732699]","[ 0.51694833 -0.2578843   0.35968086 -0.37030598  0.35258295  0.46080038
 -0.20000328  0.27551734  0.41076179 -0.29229524  0.34593635  0.38420772
  0.58598546 -0.34452896  0.15396719 -0.31534553  0.25079631  0.42901179
  0.18737839  0.38755409  0.51744485  0.09352155  0.20346624 -0.28160263
 -0.47581503 -0.19162868  0.82963306  0.05830532 -0.19904061  0.14203672
  0.45436666  0.23416298  0.46616253  0.44804653 -0.2191286   0.53765741
 -0.11591652  0.48061563  0.36885306  0.59138738 -0.2047693  -0.09283798
 -0.51698153 -0.04176534 -0.36002344  0.19620378  0.40898251 -0.2451547
 -0.29194837  0.66396084  0.40744483 -0.23468367  0.41628972 -0.3408674
 -0.11293981  0.31090985 -0.39777579  0.56461024 -0.16327716  0.38395028
 -0.22642061  0.55659469  0.59380154  0.33020361 -0.19853245  0.34163405
  0.13527998  0.33964966 -0.26927331  0.42197267  0.4747488   0.44542909
  0.28288866 -0.12491562  0.1903045  -0.02135914 -0.31329168  0.41442856
  0.00412445  0.4525959   0.02579443  0.58646862  0.15201096  0.55983015
  0.37560363  0.24839435 -0.26269355  0.46602573  0.43663657  0.26689726
  0.43416704  0.28917176  0.48799375 -0.40412845]","[ 0.24965937  0.19164047  0.17374499  0.25076927  0.30319945  0.21460189
  0.17711629  0.70003906  0.41549887  0.49379998  0.11488383  0.61543531
  0.32619996 -0.2054681   0.18939146  0.37376197  0.21748149  0.20100784
 -0.20095101  0.41032631  0.48209619  0.17875308  0.21785853  0.17592814
  0.59663476 -0.20654799  0.77000699  0.06484316  0.38592976  0.34189631
  0.18201109  0.07658454  0.13458238  0.32102344 -0.30624709  0.39971699
  0.51941943 -0.4143237   0.34245373  0.40544579  0.21094776  0.14034194
 -0.25240561 -0.00389885 -0.28707105 -0.33084414  0.31822388 -0.1233049
 -0.32232531  0.30181103 -0.40131209 -0.06605269  0.63146481 -0.36229293
  0.27430727  0.52374854 -0.35766432  0.37454959 -0.19413799  0.50258528
  0.43153272  0.43300366  0.44088047  0.32991251  0.29905083  0.35308199
  0.41016959  0.36881632  0.41391123 -0.15527632  0.29633768 -0.34143999
  0.3081442   0.33426404  0.15872547  0.09862832 -0.37854133 -0.25992778
 -0.27431851  0.14511511 -0.3697861   0.50424821  0.16201386  0.24283698
  0.29545831  0.02438892 -0.10097705 -0.3765855   0.30680741  0.43185873
 -0.0747316  -0.25761567 -0.45697893 -0.27801934]","[ 0.77565368 -0.08719543  0.46570711  0.27441434 -0.15009295 -0.20474682
 -0.21285402  0.62760797  0.56912556  0.47189647 -0.14758881  0.41632145
  0.70134478  0.22325519  0.3239198   0.60272222  0.40837622  0.72906563
  0.3381457   0.38747043  0.36556609  0.57646729 -0.19329615  0.51991892
  0.57111911  0.47948048  0.85827221 -0.25423291  0.30617329 -0.13924475
  0.55779143  0.53541326  0.08556508  0.56535399 -0.24742714  0.27825871
  0.2699792   0.87837867  0.61959469  0.31932664  0.76981582  0.19640448
  0.62722309  0.46729315  0.83894382  0.13198376 -0.52252616 -0.13320354
 -0.22202223  0.77726969  0.58592259  0.61947767  0.70838909  0.50688297
  0.67006756  0.68580374 -0.21274684  0.75878678 -0.1636208   0.55109309
  0.44009437  0.45808444  0.66275348  0.60968865  0.53909143  0.54780278
  0.5517461   0.75167699  0.70002527  0.25046479  0.56722538  0.52879489
  0.42999491  0.5794702   0.37870111  0.41475493  0.0821775   0.66677682
  0.08507198  0.55156031 -0.45092171  0.62997508  0.41430145  0.62781608
  0.75627501 -0.57315583 -0.21188418 -0.65863017  0.7296468   0.64817585
  0.62022055 -0.25805027 -0.29048987  0.58954233]","[ 0.56984388  0.24633535 -0.3774706   0.57098309  0.6600497   0.71756914
  0.58150458  0.59433344 -0.20779095  0.2524016   0.54300705  0.19684401
 -0.17197276  0.49569322 -0.13232448  0.36014306  0.71071023  0.31508106
 -0.25009395  0.27525476  0.27455692 -0.10271073  0.61334583 -0.27079242
 -0.48892884  0.44567969 -0.14961298  0.56092075 -0.27224311  0.58511299
 -0.1608771  -0.06087688  0.29066632  0.23456857  0.15252161  0.45846225
  0.50619155  0.79866968  0.10467644 -0.36267053 -0.11297229 -0.24750741
 -0.3848904   0.15360393  0.5618614   0.39652385  0.39647911  0.54484325
  0.4042628   0.43304468 -0.2961655   0.53989426 -0.11916712  0.64108417
  0.41897057  0.55930236 -0.39107242  0.39649658  0.30804848  0.24572252
  0.40048949  0.52762683  0.37406953 -0.08974283  0.38889111  0.44284357
 -0.25341652  0.24193562 -0.1907666   0.46967369  0.24321755  0.49938486
  0.65443996  0.33355104  0.57425032  0.08506852  0.62867974  0.11476055
  0.36275894  0.20629438  0.61246052  0.42249855 -0.17548878  0.29606612
  0.61235922 -0.47235701  0.3253541   0.38908531  0.23122447 -0.20204244
 -0.33876368  0.28593839  0.50659684  0.08514336]","[ 0.41512714 -0.37578244  0.33628598 -0.16968131  0.3894468   0.56101395
  0.35313496  0.25902503  0.47954426  0.15004429  0.58571701 -0.40226307
  0.57963587  0.20384539  0.03197366  0.59461215 -0.23015609 -0.39128469
  0.48073803  0.24596114  0.49864673  0.24478765  0.32778594 -0.23890315
  0.28085623  0.15443394  0.59554734 -0.20159024  0.37293136  0.18060669
  0.66556293 -0.18296618  0.17045198  0.26685379 -0.26146672  0.29939056
  0.37358982  0.30019249  0.37463945  0.46475817 -0.23463855  0.5697383
 -0.10161255  0.09290413  0.33955675 -0.25940187 -0.37654909 -0.13707592
 -0.18246004  0.26576096 -0.52142867 -0.10240294 -0.08086436  0.1944871
  0.42481617  0.50953081  0.26895525  0.55398239 -0.1708982  -0.33730427
  0.05820824  0.37722544  0.62104466  0.63989016 -0.18735237  0.65493022
  0.3537505   0.6067769  -0.38977382 -0.3881198   0.68447748 -0.28983162
  0.43715456  0.52122175 -0.18041779  0.46864744 -0.18149468  0.38635727
  0.19466639 -0.17809501 -0.32172955  0.29722908  0.26270743  0.34612647
  0.48361768  0.27277469  0.27160686  0.73168382  0.23481524 -0.04843958
  0.05183092  0.33515874 -0.42463372  0.24345395]","[ 0.2833378   0.44495373  0.17389603  0.36141712  0.68755764  0.47223389
  0.49574024  0.44314115  0.15485433 -0.12121311  0.53372933 -0.10272706
 -0.21870509  0.48255774  0.37934912  0.33866682  0.29952895 -0.49628835
  0.18613235 -0.25571017  0.5616446  -0.18279441 -0.26176827 -0.18027122
  0.22659163 -0.10045892  0.73714606  0.30141117 -0.24240759 -0.22412734
  0.34385346  0.35555191  0.28472006  0.34584424 -0.21999459 -0.32616537
  0.41170812 -0.32744388  0.49519717  0.61557084 -0.11661051  0.11743011
 -0.19268423 -0.1123814  -0.23761447  0.03751791  0.31135108 -0.13331736
 -0.46820452 -0.20862544  0.23045492  0.12376793 -0.03511113  0.3625022
  0.44104361  0.32915436  0.21848862 -0.14304921  0.02885465  0.15030417
 -0.14324108  0.09372704  0.53329804  0.53911758  0.21052056  0.50955087
  0.40791614  0.37143045 -0.31442264  0.26658795  0.18685934 -0.3786762
  0.2222764   0.33096586  0.36219238  0.09639056  0.3424419   0.00501904
 -0.19853647  0.34453142  0.27142075 -0.27145608  0.33109844  0.1709224
  0.30118265  0.5465319   0.16575909  0.22717538  0.27695277  0.10774421
  0.08311825  0.40943801 -0.17207618  0.53143723]","[ 0.21403278  0.4050345   0.56102051  0.26770391  0.55862028  0.58823673
  0.56491088  0.11580517 -0.33356252  0.22660126  0.58836336  0.19721577
 -0.37034278  0.50153125  0.47575172  0.20038643 -0.18152672 -0.48698883
  0.26162993  0.22012898  0.50684595  0.08490968  0.22232251 -0.14577854
  0.22569011  0.13237108 -0.15549623  0.03879023  0.29312449  0.02978044
 -0.21777339  0.32354494  0.51746983 -0.2947264  -0.18588191 -0.40574032
  0.37322637 -0.31319032  0.22527327  0.22701198 -0.29428484  0.11643661
 -0.21392456  0.15394705  0.47112257  0.25779747  0.3690926   0.27677567
  0.44265238  0.16616145  0.51163044  0.06416658 -0.2165307  -0.27603765
  0.61990965  0.08110245  0.35302839 -0.32710927  0.17480677  0.47231829
 -0.23516267  0.053572    0.21471727 -0.22344924  0.32793239 -0.09971868
 -0.34704422  0.15711428  0.06982087  0.44609147  0.29287594 -0.27051869
  0.18186663 -0.27491451  0.46968714 -0.23705744  0.36908589  0.19008942
  0.16489353  0.27285343  0.12788157  0.18758073  0.19615988  0.25372026
 -0.34145284  0.67111968  0.36487419 -0.27409362 -0.14154561  0.22281685
 -0.11273695  0.43984561  0.25827084  0.60073589]","[ 0.26818145  0.388694    0.11230337 -0.21998548  0.61506768  0.50950244
  0.41982951  0.20942456 -0.13663148  0.10478457  0.61337806 -0.18357904
  0.66810873  0.55850576  0.36485625  0.32446372  0.21080238 -0.50129959
  0.24963626 -0.25782801  0.53014978  0.22325859  0.14173841  0.15480999
 -0.40633746  0.28864393  0.32946889 -0.03338162  0.22632868  0.16893746
  0.31684022  0.28567453  0.16998134  0.332449   -0.42919098  0.36493382
  0.32323218  0.07018623  0.3884542   0.32078925  0.31828533  0.36501269
 -0.16884089 -0.16961479 -0.16634928  0.43506386  0.28662239 -0.14158748
 -0.44309171  0.1493596  -0.66247854  0.4467394  -0.0883511   0.3385474
  0.31941452 -0.04605194 -0.25321508  0.56476926  0.04112408  0.4506209
 -0.36847563 -0.04756872  0.45036348  0.52796411 -0.34383221  0.62157075
  0.28524954  0.61510561 -0.31523757  0.41383186  0.55405928 -0.26781525
  0.3338177   0.29209409 -0.20116736  0.22269205  0.30165777  0.19429714
 -0.36426226 -0.29415142  0.13061513  0.26358457 -0.11207141  0.24082064
 -0.27661768  0.28435675  0.30515709 -0.3590574   0.45450413 -0.24823594
  0.07243581  0.34023202 -0.3019549   0.39594753]","[ 0.49002548  0.51075963  0.26123688 -0.09223177  0.56063391  0.37319294
  0.41342909  0.10514685 -0.21927046  0.17940105  0.68003739  0.33261269
  0.53434689  0.71320484  0.2770292   0.23756673  0.16869162 -0.33567704
  0.19502971  0.25561511  0.50049661 -0.07815706  0.00528699  0.17853477
  0.78765286 -0.13839073  0.19963243 -0.1968075  -0.35767236 -0.11294463
 -0.11169742  0.40666096  0.54706723 -0.27213305 -0.48769201  0.1866327
  0.32336729 -0.16638515  0.24402374 -0.24675698  0.19375807  0.69630909
  0.13532963 -0.29509495 -0.13764287  0.30044098  0.27309775 -0.13079532
 -0.32104355 -0.32048679  0.28035032  0.17777783  0.01105065  0.36971724
  0.10346459 -0.32941458 -0.30613232  0.53015015  0.17922569 -0.48931991
  0.43374147 -0.32993469  0.41110945  0.39319559  0.34459849  0.38530804
  0.20967329 -0.20191822 -0.48801882  0.27279769  0.5775452  -0.03349239
  0.05235684 -0.14844003  0.24518002  0.65685826  0.30534311 -0.26901849
  0.3591661  -0.23527636  0.29878408 -0.11691847  0.24612535 -0.13806195
  0.35321218  0.68808496 -0.03000553 -0.25404695  0.4824736  -0.28417178
  0.32932733  0.64859366 -0.37569676  0.45342639]","[ 0.52560392  0.31628921  0.54218684 -0.30940053 -0.00561097  0.13774867
  0.54387665  0.46153274  0.42864022  0.47712511  0.66788605  0.15880745
  0.60471579  0.33670892  0.4972767   0.27543158 -0.27812802  0.30057696
 -0.27367784 -0.23931681  0.5804922   0.1611999   0.40499968  0.23248456
 -0.37578341 -0.36650304  0.08534758 -0.29742824 -0.3573965   0.18090003
  0.02571514  0.29793025  0.2772553   0.14639673 -0.16321113 -0.52847312
  0.40482399  0.39124052  0.280314    0.5274769   0.43587972  0.27845859
 -0.15664756 -0.33671515 -0.20929165  0.36063743 -0.53319078 -0.17010467
 -0.30829029  0.29314142 -0.64055332  0.31823593  0.21184111  0.42648496
  0.19726189  0.42977047 -0.18126004  0.63098324  0.06168102 -0.40925512
  0.29798619  0.27932292  0.58961075  0.5145825   0.67184915  0.34797264
  0.33465624 -0.31470768  0.01298482  0.26069131  0.40950123  0.51500909
  0.36459812  0.24078368  0.29114989  0.19356355 -0.3624196   0.44658843
  0.24250385 -0.25656513  0.29989765 -0.16164667 -0.11893965  0.36513059
  0.54103171 -0.28488965 -0.14838827  0.28084225  0.31889271 -0.29799018
 -0.22432657  0.46342569 -0.35902844  0.22184544]","[-0.15142493 -0.22227132  0.40656953  0.46500062  0.46717265  0.25836248
  0.46892838  0.49272841  0.31862333  0.1904999   0.41048481  0.33710235
  0.31012385  0.42783588  0.66536825  0.37940495 -0.49741464 -0.39344797
  0.37242736 -0.32111887  0.65968469 -0.24003264  0.54657958  0.05851844
 -0.3123165  -0.21957978 -0.27896226  0.24298884  0.69455991 -0.41390314
 -0.39701683  0.45625199  0.38231814  0.2941582   0.32713156  0.37995708
  0.51385866 -0.28046694  0.56201775  0.34460588 -0.22967438 -0.2456678
  0.33032395  0.13950466  0.37401222 -0.12511674 -0.59729024  0.23218054
 -0.26215404 -0.45468872  0.46620736 -0.10860259 -0.22501752  0.42975328
  0.49962939  0.50882456  0.16168276 -0.15036117  0.25703179 -0.2247745
  0.21340463 -0.34347213  0.27861312  0.27737783  0.55800789 -0.41117104
  0.21395632 -0.28799883 -0.47997286  0.19119171 -0.12708413  0.50637713
  0.33733685  0.43905661 -0.19636961  0.37590772 -0.30295717  0.47253334
  0.4777853  -0.10535559  0.43383305  0.30897716 -0.14641383  0.1282886
 -0.60281801  0.58651845  0.29553648  0.31147511 -0.12599633  0.24567776
  0.35789526  0.4454931   0.22312555  0.29192385]","[ 0.03958477 -0.24688082 -0.34734997  0.32422856  0.4601563   0.22771413
  0.45607673  0.40539284  0.42538986 -0.34334822  0.35599251  0.31610533
 -0.45539323  0.40280801  0.59017293  0.52568033 -0.28031359  0.30618507
  0.45965856 -0.41447328  0.40267049  0.24106678  0.33756265  0.14272474
  0.21015167  0.09874072 -0.4675749  -0.2537202  -0.43552615 -0.28296767
 -0.33824404  0.28082967  0.44193144 -0.15664538  0.24194507 -0.31671447
  0.42066493 -0.38925357  0.3572071   0.38473452 -0.2307674  -0.45182319
  0.25743676  0.19583469  0.29235354 -0.21813729 -0.13475975 -0.36767985
 -0.08858918 -0.36850075  0.30316812 -0.40726627  0.18297537 -0.55832437
  0.39066232  0.5142752  -0.25274588 -0.22089811 -0.16197797  0.1578713
  0.0899243   0.34339457  0.46759759  0.51351568  0.56399749 -0.21923019
 -0.33521039 -0.32057914 -0.42966695  0.43937475  0.23837252  0.12024921
  0.22016996  0.24344351 -0.24676052  0.24880498  0.22829721  0.5565684
 -0.30762387  0.19708461  0.44006654  0.13434056 -0.16458038 -0.14534193
 -0.41801532  0.62453305 -0.16322179 -0.38670935 -0.0561087   0.15017566
  0.48760414  0.52946455 -0.28534817  0.48235158]","[-0.19919601 -0.24294686  0.22966179 -0.42956905  0.48061244  0.28400707
  0.24652185  0.6071794   0.26144764  0.3269072  -0.18882374 -0.15125717
 -0.25197137  0.18081787  0.44576179  0.45123493 -0.23820184 -0.26027245
  0.21753841 -0.47783894  0.43656141  0.26638629 -0.26201042  0.13125098
  0.66077329 -0.15623592  0.52984624  0.24592949  0.24731801  0.11363871
  0.29520223 -0.29640052  0.39936174  0.36519803  0.22084538 -0.34590323
  0.37743615 -0.25436463  0.42330343 -0.12922327  0.32901841 -0.39659691
 -0.01656595  0.17886182  0.02963415 -0.35219261 -0.22347739 -0.13350365
 -0.21551395 -0.28824822  0.39840022 -0.4020908   0.31247274 -0.24994949
  0.0997607   0.52961416 -0.30285618  0.2300721  -0.04405206  0.31983201
 -0.00492606 -0.13240746  0.44638337  0.09942387  0.33293197  0.15815351
  0.20060708  0.30692681  0.44691975 -0.29949013  0.4514956  -0.24667043
  0.18755357 -0.32652189  0.21805847 -0.14778312 -0.29004082  0.51547522
 -0.35357388  0.32116356  0.34536259 -0.21686912 -0.20708283 -0.08481386
 -0.32558631  0.5363264   0.14844943  0.42000221  0.26184163  0.31397841
  0.12503452  0.47748041 -0.26583151  0.13083221]","[ 0.69217574  0.69892419  0.18349147  0.56114859 -0.24336286  0.15786506
  0.40564283  0.10711197  0.60523348  0.68538847  0.38831599  0.30534761
  0.37172269  0.35957106  0.22797774  0.56077896  0.44805678 -0.32956237
 -0.28327437  0.59918812  0.15429494  0.23397062  0.34138028  0.57350915
 -0.28345587  0.64328641  0.75500355 -0.1558376  -0.28624955  0.25976389
  0.50389102  0.3080772   0.36783828  0.48855919  0.28300566  0.50225892
  0.24284552  0.55344176  0.400661    0.40922776  0.25394165  0.68742266
  0.24296887  0.07362754  0.32128757  0.16825279  0.36098503  0.20305922
  0.53521403  0.71418121  0.52527245  0.40025364  0.51079301  0.38101397
  0.5378999   0.48884943  0.44345941  0.4934221   0.06753835 -0.21309784
  0.43360099  0.60997132  0.67668477  0.51958337  0.53243428  0.44203693
  0.3773405   0.47681216  0.50814939  0.53769197  0.09327199  0.19283907
  0.2916529   0.42017129  0.25037679  0.20198175  0.07507599  0.77691002
 -0.18968095 -0.21182884 -0.00313057  0.70388363  0.21494497  0.35504586
  0.44357002  0.19328981  0.63104735  0.46879651  0.69011019 -0.3372864
  0.67495345 -0.04554916  0.20859408  0.43948182]","[0.81525131 0.80651398 0.47750936 0.70405646 0.4167067  0.27733416
 0.36645824 0.42424992 0.73812448 0.67761729 0.83013129 0.51665632
 0.67954764 0.53715979 0.67626789 0.45278482 0.69591212 0.6685584
 0.5783715  0.66722409 0.38587379 0.67954093 0.61553464 0.78591178
 0.33429991 0.69087735 0.81469565 0.4999687  0.15811484 0.68663614
 0.69292154 0.45426137 0.15477813 0.51880846 0.69223934 0.70367396
 0.38521414 0.51746849 0.65471638 0.62570826 0.54704339 0.63103034
 0.28641275 0.62272321 0.74382562 0.1406913  0.46703321 0.59642046
 0.743278   0.87653716 0.63584719 0.32788842 0.64403997 0.55173668
 0.65111954 0.29041874 0.51802399 0.59162552 0.26014171 0.54900984
 0.62339191 0.79648654 0.74299773 0.61499261 0.69473516 0.73065751
 0.57309167 0.60589426 0.71690012 0.53438317 0.44915039 0.50366226
 0.53427059 0.58337933 0.39685196 0.47001773 0.60712558 0.73035212
 0.55198414 0.8058488  0.25937683 0.86055769 0.39703434 0.57814765
 0.58225737 0.68488424 0.64294952 0.65934248 0.76670579 0.67351101
 0.70079862 0.37119387 0.52337167 0.65607355]","[ 0.60888156  0.34862814  0.2894984  -0.22284343  0.15203933  0.18900787
 -0.38740414  0.26117188  0.39198275  0.19975794  0.59811944 -0.10218857
 -0.18473995  0.12695443 -0.16896911 -0.0607411  -0.26811605  0.08883855
 -0.00761176  0.16003006  0.22979095  0.20256375  0.12855941  0.49606718
  0.44524789  0.36164348  0.56432597  0.10056303  0.57769412 -0.16020774
  0.58605888 -0.22401462  0.4055586   0.04819163  0.36477509  0.41985366
  0.39450195  0.32170243  0.18685663 -0.2460782  -0.2377012   0.46936743
  0.24631215  0.49206461  0.42552232  0.59813047 -0.18884354 -0.31211015
 -0.15515482  0.69814717 -0.28124299  0.3469447   0.32165131 -0.13066972
 -0.02383066 -0.18078282  0.4185338   0.16789916  0.50570462  0.0919437
  0.16044368  0.52085244  0.45674676 -0.1116581  -0.19451274  0.19588861
 -0.19983635  0.19718003 -0.18874668  0.30828302  0.5006881   0.12905856
 -0.32832258  0.06242736  0.024662    0.16662911  0.43979096  0.51391039
 -0.29095099 -0.1141451   0.61972458  0.36008134  0.19034436 -0.15753732
 -0.05383257 -0.3584816   0.66726421  0.36289298  0.50888492 -0.39439568
  0.39886973  0.07598216  0.1841462   0.32000436]","[ 0.85193968  0.7139878   0.45295897  0.57631498  0.32821005  0.59657673
  0.53339638  0.3075104   0.51550181  0.57979882  0.77077359  0.42144587
  0.16715216  0.52289484  0.49014727  0.34729778 -0.28876788  0.53268594
  0.65809903  0.67003094  0.37929087  0.59127242  0.35549742  0.67978461
  0.50018832  0.58851252  0.52001487  0.22635546  0.43810005  0.52379414
  0.464347    0.51966497  0.40150693  0.17166257  0.57349368  0.69158992
  0.24023817  0.59838978  0.64310454  0.48452993 -0.2565265   0.51970545
 -0.0752085   0.52614081  0.54850593  0.24573294  0.33416426  0.45963889
  0.49235622  0.75842809  0.37722094 -0.16404424  0.44783836  0.55849887
  0.61971137  0.24075721  0.18567614  0.42974096  0.2450397   0.13873077
  0.37786996  0.69720422  0.571687    0.61503486  0.12690258  0.68885659
  0.61781607 -0.1896349  -0.46598413  0.10130854 -0.07091044  0.25327283
  0.73099468  0.09506942  0.012047    0.12095485  0.39310101  0.0491721
  0.14238965  0.53941469  0.36549023  0.51407415  0.12847117 -0.09846291
  0.48815054  0.69590633  0.1537135   0.49348395  0.43031426  0.33637887
  0.64493788  0.3515165   0.23167539  0.61216428]","[ 0.61458002  0.68315036  0.51141861  0.42856771  0.17945147  0.2796973
  0.54477846  0.58972816  0.76971713 -0.11383617  0.77540005  0.53219275
  0.7689699  -0.43747889  0.46290479  0.43481808  0.65724727  0.17127663
  0.38477905  0.60998467  0.53739654  0.63390933  0.67593788  0.7387076
  0.27717921  0.57229694  0.73931372  0.45755025  0.32279736  0.60431853
  0.4719726   0.52956764  0.21371723  0.70870008  0.57804895  0.6172057
  0.53402697  0.63167422  0.81489521  0.60072341  0.58789996  0.34528669
  0.41099297  0.45662637  0.68336332 -0.12893134 -0.2748831   0.30299962
  0.58602565  0.65672552  0.56839829  0.47928114  0.26184694  0.42690064
  0.69399816  0.39444938  0.60242606  0.80975134  0.59987773  0.49528899
  0.50120347  0.83011702  0.73136861  0.69879853  0.65998223  0.74517666
  0.49248204  0.49248007  0.34355437  0.78815146  0.4547875   0.69577442
  0.50179439  0.65709217  0.15817322  0.52948505  0.59920008  0.61091005
  0.51682726  0.70894452  0.04552314  0.8214498   0.4512256   0.60230353
  0.54252165  0.70042835  0.40499835  0.62318487  0.77167399  0.70937595
  0.49096476  0.07504011  0.27543334  0.28747158]","[ 0.84038421  0.47611663  0.5929336   0.5121555   0.28747999 -0.09620504
  0.38982525  0.80292556  0.79165114  0.48627848  0.53684805  0.72758831
  0.68055193  0.38380437  0.56307345  0.69520995  0.80749537  0.29441495
  0.28208423  0.69851453  0.55695145  0.6851562   0.74671289  0.81479346
  0.78377905  0.62463798  0.8532355   0.55185294  0.66533238  0.61497248
  0.63841801  0.54902814  0.44949972  0.85607493  0.56416257  0.76882179
  0.70425614  0.78354195  0.85174015  0.64648103  0.69337404  0.42859762
  0.58849028  0.58503475  0.44306159  0.31314605  0.6290601   0.40462234
  0.66398831  0.70537561  0.78578089  0.82615691  0.6403504  -0.16969272
  0.7010654   0.69250708  0.79906632  0.90078786  0.70769241  0.62496729
  0.6111597   0.77833387  0.84347898  0.8354626   0.80166008  0.8353948
  0.63389286  0.77497084  0.68596659  0.85699612  0.74939075  0.81628478
  0.66886306  0.80509275  0.6162501   0.5315821   0.64584178  0.83724099
  0.7158383   0.64095534  0.38020177  0.88762738  0.49792414  0.66317433
  0.68737941  0.74915568  0.55308745  0.72871669  0.83084365  0.59151588
  0.30631862  0.0931904   0.48541808 -0.35910783]","[ 0.80986055  0.62395197  0.37866117  0.66691704  0.22076921  0.58019918
  0.278863    0.2558611   0.69363477  0.51071998  0.79102723  0.36882143
  0.56485296  0.45770406  0.39663594  0.43513283  0.48744957  0.3939342
  0.68546267  0.50665729 -0.3716558   0.50538992  0.39364888  0.71266236
  0.11401294  0.67250414  0.74512585  0.3880955   0.02278519  0.52495326
  0.57904895  0.27309654  0.08322285  0.65964391  0.69275882  0.62688517
  0.16305276  0.5956908   0.47564309  0.36634674  0.35337719  0.65341958
  0.06542312  0.68930294  0.67574757  0.18986404  0.62150886  0.44525813
  0.40203282  0.85227747  0.61450475 -0.0796386   0.45066229  0.31695171
  0.66889122  0.13093228  0.20354899  0.58141518  0.10577389  0.08395252
  0.44326528  0.67594124  0.63200393  0.42546448  0.43099018  0.58399404
  0.36672678  0.50213753  0.45363587  0.3170204   0.28027923  0.53771423
  0.62835721  0.30891454  0.30697054 -0.10117278  0.43305086  0.51604928
  0.45335522  0.65522961  0.01897123  0.5538658   0.07940559  0.29235218
  0.47514031  0.48250855  0.07357051  0.66191055  0.6072922   0.59649972
  0.73266121  0.39071889  0.27275942  0.47014998]","[ 0.71325328 -0.22534209  0.27741     0.28082504  0.15241259 -0.04801523
 -0.20906051  0.27463988  0.73525532 -0.17752393  0.49483571  0.37581073
  0.50807162 -0.31898825  0.26343268  0.21174234  0.34238807  0.29168406
  0.10060371  0.17877288 -0.12737797  0.29629747  0.44321521  0.65555268
 -0.07571479  0.37905251  0.66994829 -0.23950309  0.2143803  -0.22949581
  0.29141607  0.31605266  0.48319778  0.58971681  0.51985767  0.55522046
 -0.15210059  0.29275463  0.63048405  0.37689037 -0.36285751  0.44266736
 -0.13211324  0.37750814 -0.30295672  0.4677155  -0.36047422 -0.22086754
  0.4240551   0.57810178 -0.27678495  0.21240915  0.20667564  0.29487694
  0.43443853 -0.16036117  0.28900955  0.60865419  0.19558952  0.29573809
  0.19007287  0.56088339  0.68611383  0.50274342  0.51426982  0.60236245
 -0.38613006 -0.0938344   0.32859357  0.44663954  0.17270187  0.48906604
  0.22207513  0.38725983  0.02451201  0.17944099  0.45087043  0.35329373
  0.15450904  0.44182842  0.18511732  0.68807298  0.04406134  0.10232303
  0.42640202  0.45068204  0.30314595  0.63704299  0.62443925  0.69732059
  0.23292412  0.08440476  0.13044697 -0.37440702]"
"[ 0.41796767  0.3301903   0.11429713  0.43519142  0.28779025  0.20746749
 -0.3069735   0.4031605   0.20915751 -0.09490986  0.1688448   0.04723019
  0.05082528  0.0124729  -0.03302036  0.40320477  0.17659816 -0.228875
 -0.37164993  0.16299375  0.42232435  0.44640439 -0.18010186  0.31459441
 -0.01051776  0.03045068  0.45508795 -0.0116639   0.32435037 -0.26094788
  0.55808342  0.34487088  0.06538588  0.54409912  0.28017017  0.17352517
  0.40475597  0.52666839  0.32632123  0.50305363 -0.16971612 -0.30595697
 -0.53480984 -0.03037353  0.48680642  0.05422998  0.25602492  0.22830339
  0.3409244   0.55173649  0.12690195 -0.20704471  0.2486728  -0.21992047
  0.07123849  0.38615498  0.26473342  0.03842225  0.29461904  0.42758992
 -0.17273118  0.47439359  0.68524348  0.4402328   0.35602907  0.58223215
  0.49441788  0.35118605  0.40004805 -0.31322712  0.34133969  0.26893117
  0.28787909 -0.31196404 -0.16814885  0.06791384 -0.1963656   0.76421448
 -0.26104139  0.37135161 -0.08974064  0.6344384   0.25605453  0.46251079
 -0.39566858  0.43885447 -0.30248021 -0.22389158  0.370091    0.40971475
  0.42744232  0.32737998  0.4518311   0.32291759]","[-0.37223396  0.16063635  0.39927118  0.31208661  0.32395466 -0.29549578
  0.43478246 -0.23874127  0.08612869  0.66546721  0.27559734  0.45816935
  0.35837587 -0.48878311 -0.4688314   0.38730403 -0.19485958  0.5947883
  0.18081027  0.48775423 -0.19398314 -0.23529018  0.25060174  0.46249674
  0.78360225 -0.07714615  0.70561262  0.26663814 -0.1501919   0.45928522
  0.61723834 -0.04892661  0.27318879  0.67879279 -0.08678692 -0.34997811
 -0.66831184 -0.44203537  0.632193    0.74644795  0.26993544  0.56137444
  0.56352995 -0.12814533  0.69326053  0.48813895  0.24051219 -0.33619378
  0.00883712  0.54220231 -0.00843338  0.61516129 -0.27281793  0.19456573
  0.5069247  -0.26137088  0.19928119 -0.33277072  0.29067933 -0.50314293
 -0.46420266 -0.38110533  0.49165528  0.5696222   0.06070423  0.48754696
  0.50229121  0.39665122  0.28463696  0.59988943  0.42196299  0.33500305
 -0.56629854 -0.08168825 -0.11153236 -0.15944149  0.11228708  0.78649131
 -0.12308556  0.78296808 -0.01502772  0.35006124  0.70179455 -0.4360878
  0.78924797 -0.05440156  0.30262203  0.54051118  0.47743026  0.82252125
  0.35081378 -0.04748803  0.01234247  0.13256085]","[ 0.25779828  0.43500373  0.78279574  0.12335036  0.56966548 -0.05398964
  0.61594046  0.41648498  0.1463601  -0.16600835  0.69165404  0.65755089
  0.71087441  0.16959021  0.5595185   0.38043171  0.27558283  0.35947526
  0.54260385  0.50091424  0.10942829  0.58430043  0.05381947  0.14024433
 -0.36975358  0.06953558  0.57251597  0.60311158 -0.38942133  0.30944488
 -0.37247806 -0.04154968  0.57651663  0.74347898  0.55489884  0.81078951
  0.50265068 -0.26151103  0.15701461 -0.44861629  0.55651978  0.01355161
  0.54689267 -0.06193803  0.28038158  0.73835666  0.64764578  0.08114311
  0.30583873 -0.24009382  0.40044236  0.33798437 -0.19683043  0.49481287
  0.55189056  0.53106637  0.14005149  0.09385564 -0.12450303 -0.209659
 -0.38236921  0.44384661 -0.47754399 -0.07156274  0.48516057  0.2107247
  0.38355868  0.72829243  0.18475614  0.19499963  0.35260396  0.53305488
  0.1370173  -0.25893589  0.1312976   0.24137659  0.25656666  0.14963729
  0.59304538  0.1519209   0.11424062  0.40963704  0.05602     0.54295067
  0.05895099  0.64597371 -0.06509529 -0.40236807  0.68460233  0.71279214
 -0.1848013   0.50832065  0.55219271  0.37717596]","[-0.22649968  0.0039691   0.24636956 -0.08598794  0.61221451  0.11572599
 -0.31850614  0.34193542  0.19464725  0.53255486  0.4585902   0.22151412
  0.49675266  0.00452443  0.0500751  -0.40359213 -0.54718338 -0.19804188
  0.10893674  0.39057184  0.6214368   0.34934765  0.37491487  0.53007457
  0.50040069 -0.10526192  0.25673701  0.50967222 -0.13069026 -0.1279712
  0.54563893 -0.02407794  0.48099995  0.14050396 -0.52882507  0.16185962
  0.26012506 -0.44374626 -0.18239097  0.74178909  0.34038151  0.33100705
  0.44631603  0.44662032  0.69866167  0.34718456  0.32214152  0.45850625
 -0.1816956   0.84381312  0.36108427  0.20704592  0.67454402 -0.11870706
  0.3622832   0.64382468  0.42052    -0.29514002 -0.34347422  0.09427859
  0.53114314  0.23959179  0.58454234  0.67817391  0.39413972  0.21053587
  0.27972982 -0.23436313 -0.3916578  -0.35964458  0.56339357  0.59677915
 -0.64360733 -0.04980323  0.45890056  0.34782824 -0.36544542  0.44653969
  0.6087954   0.65543222 -0.3233536   0.57957732 -0.21232611 -0.32769955
  0.77593958 -0.20706082  0.25194981  0.56401701  0.67482216  0.44309384
 -0.00535666  0.1190563   0.25330667  0.38447022]","[ 0.82490231  0.47155725  0.19387023 -0.01029738  0.46269588  0.43818777
  0.71060424  0.61853612  0.57178705  0.52837814  0.37236014  0.14786668
  0.52929919 -0.38123496  0.39000607  0.45224181  0.25190233  0.53933407
  0.18506178  0.5368263   0.55027614  0.47173724  0.03591628  0.42724529
  0.2829764   0.37649057  0.84504736  0.06841334  0.08091157 -0.12686437
  0.61184367 -0.13390006  0.43860314  0.56194749  0.39148631  0.76595117
  0.46212868  0.62353166  0.74793904  0.66688845  0.4251774   0.35183021
  0.47853873  0.34220517  0.57853976 -0.0239593  -0.24407317  0.51312434
 -0.18272578  0.7964518   0.38498941  0.42583016  0.49657431  0.14274074
  0.38845545  0.59549973 -0.46486845  0.63570813  0.28498429  0.59017929
  0.36952817  0.43301558  0.70368139  0.75164699  0.43677921  0.60575117
  0.70190026  0.51723362  0.39097358  0.2624121   0.44098318 -0.15719398
  0.61082945  0.45898266  0.22082585  0.06655314  0.22631076  0.73326095
  0.08219954  0.05514242  0.2667037   0.68586039  0.406132    0.29703622
  0.615709   -0.53066797  0.56400742  0.64500504  0.72429143  0.5627151
  0.59207909  0.25693346  0.13906163  0.30079696]","[ 0.65134585  0.46370809  0.00939044 -0.41507014  0.27180536  0.34388335
 -0.38802913  0.62490726  0.38868535  0.49166383  0.1399776   0.39091693
  0.69091449 -0.17340299 -0.26199894  0.45283362 -0.19884005  0.497772
  0.5885476   0.49105079  0.46736788  0.53226951 -0.23603632  0.58340695
  0.34145338  0.1165698   0.72900114  0.17680757  0.59039481 -0.07974589
  0.57070198  0.39594127  0.25655517  0.59079684  0.28027946  0.5150175
  0.26074196  0.31976363  0.62230466  0.28355986  0.45311766  0.09087971
  0.5148282   0.24722077  0.36489823 -0.09731111 -0.38839618  0.59149382
  0.08184049  0.73770058  0.52897963 -0.27624059  0.64356636 -0.46530026
 -0.07816381  0.70640445  0.12233526  0.2546746   0.27000964  0.63090004
  0.70516925  0.35608369  0.65821595  0.72872829 -0.00119399  0.60567112
  0.67195643 -0.31332224  0.36803474 -0.37787444 -0.10284426  0.18836815
  0.49303619 -0.17087214  0.29341754  0.13519251  0.09169206  0.70184855
 -0.32597978  0.18276681 -0.38837527  0.5443629   0.3482619   0.59891897
  0.30398885 -0.03633033  0.55876138  0.40342585  0.69347064  0.67094222
  0.68189433  0.57699653  0.18948356  0.0203403 ]","[-0.18496762  0.1262166   0.53054856 -0.3928939   0.55989962  0.47939536
  0.62669832  0.3271846  -0.34770617  0.37360936  0.58448094  0.36209408
  0.64269118 -0.11284774  0.33827521  0.23443592 -0.12292586 -0.28957743
 -0.22982614  0.40678304  0.2612929   0.41979373  0.37487891 -0.0559413
  0.27049247  0.20666814  0.41594546  0.53899174 -0.41536173 -0.24977078
 -0.08536345  0.05072767  0.49230951  0.42401666  0.52404579 -0.1697845
  0.35697656 -0.06279925  0.32442516  0.39408704  0.0139     -0.34774397
  0.29923482 -0.29096455  0.61165045  0.12985474  0.23035809  0.52269079
  0.07231313  0.03868511  0.36730828  0.26022893 -0.22371906 -0.14046437
  0.50070381  0.50048791  0.34534309  0.31852445  0.06846025  0.31842314
 -0.20468632  0.11427196  0.61151044 -0.29090059  0.29762861 -0.08900666
  0.17732557  0.65488109 -0.27086028 -0.24044749  0.10477276  0.4585962
  0.60187462 -0.22473058  0.23056501  0.23715472  0.00162216  0.00882114
  0.33039586  0.28614581 -0.09990874  0.10457948 -0.18358802  0.31729666
  0.39682736  0.15949205  0.21520569  0.26856866  0.55508092  0.70640724
  0.06166922  0.55282081  0.5897836   0.48022318]","[ 0.00343591 -0.31123307  0.32231635  0.0047883   0.29574767  0.17106821
  0.17539535  0.35983321 -0.01300303  0.35111246 -0.34007453 -0.44707452
  0.39316067 -0.24753122 -0.24467527  0.36789506 -0.27668102 -0.11942472
  0.70980631 -0.25861988  0.45720069  0.31652646  0.11678251  0.32968541
  0.43367848 -0.02485084 -0.27967457  0.42784902  0.09824345  0.38984248
 -0.12403371  0.03716411  0.30136959 -0.25680628 -0.27403393 -0.20468646
  0.53197223 -0.22935837 -0.18836296 -0.14766561 -0.07035689  0.18750118
  0.54044467  0.1396396  -0.54474851  0.13718006 -0.0657503   0.49647452
  0.17837442  0.61777782 -0.31899799 -0.36534514  0.24677892  0.08205773
 -0.1885984   0.70795622 -0.34711459 -0.04821679 -0.23823563 -0.09673865
  0.68566638 -0.13160293  0.07036571  0.08906661  0.49638139 -0.41922469
 -0.06792624 -0.37081094  0.11500374 -0.52183114  0.59112834  0.68440066
 -0.33712069 -0.20166023  0.46183954  0.30722868 -0.31572301 -0.55170879
 -0.21271035  0.39594716 -0.26422172 -0.05327611  0.16045442  0.15375272
  0.08694495  0.40129497  0.2243077  -0.58467055  0.56176504  0.51327704
  0.63004936 -0.2956328  -0.10901888  0.30278042]","[-0.41169908  0.14065157 -0.24937444 -0.19958829 -0.25519355  0.04876314
  0.51168429 -0.24342663 -0.38142515 -0.29593651 -0.20050551  0.44033615
 -0.01906722 -0.16790095 -0.18414569 -0.41697236  0.0021576   0.4727536
 -0.06824372 -0.11849834  0.53857402  0.42720755  0.47837998 -0.13928272
 -0.25379524 -0.19767643  0.34246377  0.31005763  0.32114266 -0.03023669
  0.05583917  0.28949495 -0.3651842   0.39766374  0.13956718  0.31807697
  0.32662857  0.40557786 -0.34339103  0.34047897  0.27983364  0.13252438
 -0.29179698 -0.24737345  0.33076677  0.53461215 -0.02443704  0.27888461
  0.23515246  0.61526555  0.53984636  0.30566471  0.23788994 -0.11652646
  0.1926483   0.34290203  0.03319792  0.17817383 -0.30696755 -0.3043647
  0.02286208  0.20335051  0.69559238  0.4361829   0.35639889  0.10832311
  0.31574174 -0.2774351   0.40482737  0.27471365 -0.00963641 -0.03428802
  0.33291644  0.38875532  0.35740329  0.3593724   0.46314852  0.65713173
  0.06720917  0.24327196  0.30103164  0.67181885  0.54276528  0.265258
  0.63702818  0.30574189  0.6310513  -0.06410973  0.02527414 -0.46470142
  0.00494794  0.37849454  0.39495823  0.1648853 ]","[ 0.30564828  0.0932559   0.24742646 -0.46814295  0.32630452  0.408195
  0.54661407 -0.3293876   0.09821101 -0.22685144  0.61253305  0.254521
  0.33432168 -0.51861111  0.31165575 -0.55694242  0.30583162  0.2714757
  0.28203525  0.33675702  0.4293449  -0.30455062  0.23099882  0.14764426
  0.52648685 -0.15344243  0.69996803  0.09934949 -0.1119696   0.27995983
  0.38681003  0.60111126  0.52261388  0.49230772 -0.36352192 -0.1672298
  0.3962368   0.61642519  0.27953097  0.67518304 -0.14535065  0.30010517
  0.20133061 -0.10552956  0.27982935 -0.35265161  0.30756834  0.62098037
 -0.3431393   0.36402201  0.63442442 -0.46714664  0.22460661 -0.28310874
 -0.28906971  0.60036873 -0.13218219  0.02000905 -0.31374139  0.31913205
  0.08470285  0.17024662  0.69510977  0.68607832  0.13016287  0.40800646
  0.30999446 -0.02541621  0.0794962   0.33670977  0.35482606  0.62625769
  0.09882468  0.41668757  0.34552486  0.14124385 -0.08148105  0.56137339
  0.54840347  0.13410176  0.08389149  0.12533377  0.3541529   0.00114303
  0.4322013   0.78077673  0.56814831  0.38691829  0.21929734 -0.23338323
 -0.28251187  0.57416184  0.46510792  0.37441408]","[ 0.62221753  0.46256225  0.41497686  0.37969796  0.31906484  0.15695252
  0.30957186  0.32258456  0.42680349 -0.2639535  -0.12787686  0.67328058
  0.23907349  0.16317633  0.43327127  0.27511593  0.63812556  0.62432075
  0.10376415  0.47984158  0.1908085   0.62243744  0.67455169  0.44489358
  0.21819052  0.51329708  0.66829681 -0.1365574   0.35131017  0.06175128
  0.17242332 -0.27879843  0.26749157  0.63492513  0.39367739  0.63854087
  0.22349138  0.71786898  0.6742139   0.5159847   0.43977996  0.47546034
  0.52494144 -0.27828652  0.7105814  -0.366259   -0.47982334  0.35835765
  0.0838682   0.83243604  0.71930798  0.37188343  0.60935676 -0.11106747
 -0.4028339   0.49660291  0.02188312  0.20727507 -0.21988757  0.22298434
 -0.09454555 -0.29759694  0.55930675  0.2852138   0.32185779  0.40285815
  0.43402171  0.06171858  0.25535589  0.17791532  0.53721952 -0.23413914
  0.65828401  0.49956131  0.46154576  0.35037682  0.26911878  0.79200189
  0.66584212  0.43855578  0.12824438  0.72495318  0.27339621  0.52673653
  0.43911548  0.31100503  0.38269283  0.59268777  0.61527792  0.58622481
  0.45166878 -0.056145   -0.25871829  0.54505707]","[-0.10050217  0.11622129  0.41539481  0.23581225 -0.18653197 -0.52811534
  0.19714229  0.23263004  0.41812897  0.75561419  0.34097587  0.08179729
 -0.21191247  0.32359646 -0.35396779  0.22102796  0.10046747  0.47251275
 -0.59711574  0.33554766  0.5379934   0.29896406  0.40258498  0.17064296
  0.85109955  0.19284319  0.81680112 -0.36701378 -0.05470704  0.13192545
  0.5578222  -0.31530687 -0.04895929  0.77286063 -0.46241439  0.53650141
 -0.52916048 -0.3824155   0.58607604  0.57766459  0.03083678  0.62465616
  0.65843173  0.27594283  0.74007422  0.68913252 -0.04872606  0.32645931
 -0.41711139  0.45641192  0.58081089  0.48606364  0.44651426 -0.35276146
  0.58550924 -0.32810899  0.14571534 -0.46983879 -0.1313818  -0.39371173
  0.14819161 -0.26466031  0.40797029  0.53276734 -0.04353603  0.42146493
  0.48872321  0.59668624  0.40641896  0.30916525  0.37888105  0.50672234
 -0.56346314  0.11395462  0.10531753  0.2196344  -0.15441739  0.72574705
  0.0777401   0.81838406  0.31287802 -0.02153847  0.04015131  0.11415667
  0.73028727  0.01131872  0.14471433  0.59619046  0.52012017  0.66836114
  0.37989907 -0.02021013  0.25619064  0.12970919]","[-0.30943048  0.51775813  0.35289949  0.47243207  0.39924085  0.29856933
  0.83108287 -0.05414411 -0.40857264 -0.1752214   0.72230131  0.56448738
  0.72245213  0.10572103  0.5330137   0.39303947  0.57972019  0.26872688
  0.50377369  0.57208215 -0.13486559 -0.31964096  0.36264738 -0.00542703
  0.60924171  0.41725198  0.40558191  0.69414348  0.16501821  0.34952072
 -0.25179945  0.03678183  0.60020038  0.77239941  0.61128148  0.7386472
  0.55178198  0.36378473  0.42752753 -0.36056095  0.45594362 -0.11589949
  0.58752872  0.0942382   0.60149152  0.65778052  0.6385728   0.29085886
  0.43999534  0.10496283 -0.01444137  0.68453895  0.05882492  0.65626317
  0.69313584  0.37505148  0.2167329   0.55936762  0.12921483  0.33023104
 -0.27862371  0.12967652  0.06354136  0.44120173  0.6139023   0.11914311
  0.5932745   0.74418871 -0.24084607  0.31987166  0.34635452  0.60990718
  0.52135746  0.1107055   0.61546773  0.21891536 -0.13905822  0.47394779
  0.70982595  0.36350415  0.33002916  0.56879862 -0.14118072  0.46167334
  0.80274603  0.80439205  0.14161798  0.51446125  0.64495905  0.47574147
  0.32972892  0.40035543  0.62439093 -0.34676139]","[ 0.13063689 -0.04820855  0.42535825 -0.40665374  0.4030767   0.50319958
 -0.25524658  0.34328448  0.20942768  0.49710828  0.37008331  0.62260279
  0.48672222  0.04804382 -0.23285386 -0.34976902 -0.31130549  0.25631495
 -0.3033767   0.45095507  0.63384164  0.50102106 -0.32730269  0.41918163
  0.50278527 -0.17399927  0.32217577  0.1772962   0.15463163  0.0764697
  0.55571315 -0.30933104  0.48044789  0.35097976  0.05201879  0.35760176
 -0.15380234  0.37309342  0.4886855   0.64523749  0.50548497  0.34392767
  0.83371008  0.35743026  0.73564086  0.57404186  0.36139319 -0.05431701
 -0.29773395  0.81889809  0.40568733  0.26341219  0.65158603  0.19722701
  0.28161739  0.75681897  0.40636217 -0.2903773   0.02618443  0.23402278
  0.55020013  0.22114768  0.55494307  0.8261275   0.52864953  0.41417202
  0.36879968 -0.22231639  0.33992851 -0.33707996  0.7541781   0.58540156
 -0.38251064 -0.29322779  0.61987545  0.2270011   0.30410263  0.26425495
  0.53680147  0.43946737  0.13171439  0.35494312 -0.25598699  0.2378542
  0.6010608  -0.24662289  0.31839683  0.57818446  0.64233254  0.30529064
  0.3029824   0.05312428  0.2584824   0.46131902]","[ 0.74436749  0.46021823 -0.21732706  0.31142395  0.49599285  0.41351949
  0.66615331  0.53416152  0.44353323  0.34472152  0.18511503 -0.12319967
  0.39097631 -0.24009133  0.27014877  0.39016808 -0.23598465 -0.09164271
  0.00254159  0.39030476  0.51567059  0.34125799 -0.01749288  0.27169112
  0.34086517  0.19763139  0.7110043   0.13214697 -0.28063296  0.11008717
  0.5427791   0.01614441  0.53923933  0.21944673  0.39817714  0.54843385
  0.20734678 -0.13776648  0.67625203  0.4263975   0.31389363  0.24946761
  0.21625487  0.19180194 -0.42329157  0.37672397 -0.13628651  0.13857029
 -0.38593273  0.73157121 -0.19628757  0.39782508  0.42752277 -0.27193013
 -0.3024598   0.56642204 -0.45677408  0.46717932  0.33102107  0.36381347
  0.32574187  0.12979836  0.68532792  0.52693663 -0.1779012   0.51083028
  0.2183505   0.10104601  0.23588935 -0.3964557  -0.18239915 -0.0098984
 -0.26254132  0.10445932  0.23018454  0.36501932  0.15763564  0.5937657
 -0.38965596  0.03911572  0.50227518  0.58587782  0.22375432  0.2193408
  0.54109693 -0.59159695  0.34496616  0.71085085  0.72702862  0.39838517
  0.36284434  0.52268109 -0.08660162  0.00274513]","[ 6.89708664e-01  4.15574103e-01 -3.10570150e-01 -8.16876624e-02
  6.01797217e-01  3.54197799e-01 -3.50767060e-01  5.63009490e-01
  3.29164860e-01  4.89528657e-01  5.86171277e-02  4.43697525e-01
  5.45660983e-01  1.31107379e-04  3.53509000e-01  4.80281943e-01
  4.66309070e-01  4.10938656e-01  3.65729512e-01  5.44146455e-01
  5.99288610e-01  5.09286655e-01  2.60565611e-01  7.74401290e-02
  2.88957159e-01  1.25609692e-02  6.50874398e-01  2.82344411e-01
  3.82056971e-01  4.30733504e-01  3.27156686e-01 -1.98774228e-01
  2.69830222e-01  6.36196671e-01  7.18600445e-02  5.42948819e-01
  4.84655012e-01 -1.68498554e-01  6.61336215e-01  4.70234379e-01
  4.93930939e-01  3.31371014e-01  4.90485720e-01  3.40367124e-01
 -2.07531234e-01  2.13553089e-01  2.09586898e-01  4.30615098e-01
 -6.85919290e-03  7.49460385e-01 -2.70710851e-01  5.89085309e-01
  5.85424573e-01  2.16109522e-01 -9.07585642e-02  7.69472669e-01
 -5.67977909e-01  5.24353175e-01  2.26779253e-01  4.15318418e-01
  6.54146906e-01  2.72962185e-01  6.65956681e-01  4.21731210e-01
  3.65368590e-01  5.70804168e-01  5.47692904e-01 -4.43669854e-01
  5.05197285e-01  2.67010661e-01  4.62850048e-01  2.64240246e-01
  7.46633067e-01 -2.20233332e-01  6.28343798e-01 -1.32486490e-01
 -2.67174872e-01  6.35992885e-01  4.07229711e-01  6.11925810e-02
  2.34881777e-01  4.74941477e-01  4.26458593e-01  7.36189723e-01
  7.90546547e-02  2.86677128e-01  6.25743069e-01  6.39876225e-01
  7.16729548e-01  5.49658608e-01  2.16824435e-01  6.60639435e-01
  4.74675462e-02 -2.24742826e-02]","[-0.10776137  0.31737473  0.52626323  0.23848235  0.63896516  0.38575383
  0.74542973 -0.02009229 -0.35231391 -0.07535782  0.75544366  0.43468198
  0.6543823   0.3292174   0.22550124 -0.08325114  0.43368605  0.26674888
  0.50722276  0.37250013  0.13674132  0.20510045  0.40464893 -0.08547523
  0.26102082  0.48218417  0.56400373  0.64525044 -0.31546982 -0.00179888
  0.0660866   0.33127767  0.51415832  0.38556128  0.57237188  0.51738567
  0.4532852  -0.11705655  0.36234764 -0.35890472  0.13741759 -0.34254857
  0.7358458   0.12037814  0.59459323  0.47110473  0.43779854 -0.08914288
  0.51310337  0.35172218  0.12785497  0.14730289 -0.13610738  0.67082985
  0.55606007  0.26771678 -0.07392259  0.60179008  0.45907151  0.34065399
  0.09113555 -0.45821785  0.47680271  0.28677881  0.54125041 -0.06551629
  0.50799666  0.65290788 -0.24651024  0.32429763 -0.03241753  0.55841322
  0.5931301   0.50920419  0.61292251  0.1566727  -0.45109013  0.35466876
  0.58775404  0.73451088  0.28478889 -0.56613129  0.22880805  0.57052516
  0.64003915  0.64194689  0.22013523  0.12884221  0.65470129  0.63158782
  0.19102007  0.58044925  0.44019398 -0.19617568]","[ 0.477305   -0.31010322  0.40189079 -0.28326611  0.19678368  0.28832104
  0.08753452  0.49298344  0.25092694  0.3402661  -0.09236479 -0.30511456
  0.44300522  0.02358364 -0.30888292  0.42813463  0.44119344  0.45785464
  0.59354348  0.15610143  0.29998476 -0.01568987  0.38816139  0.09058294
  0.36812265 -0.11847937 -0.316419    0.53820154  0.23588638  0.54327572
  0.36564885  0.06259736  0.06162126 -0.24193322 -0.21128776  0.4870948
  0.51472219 -0.41602637 -0.09590205  0.05218959  0.12728771 -0.3251142
  0.72555615  0.31941657 -0.43922033 -0.19818352  0.23602065  0.42454518
  0.20048426  0.52786599 -0.0751948   0.60327529  0.5542329   0.44701779
 -0.29531197  0.83694936 -0.14121498  0.20622272  0.27474324  0.18810079
  0.69099806 -0.38521336  0.48927442  0.36207214  0.5716604  -0.33268101
  0.16407885  0.32745229  0.35107301 -0.22573691  0.60731177  0.30902495
  0.48056492  0.23733289  0.70133154  0.25926895 -0.25619025 -0.15365048
 -0.2035038   0.31197423 -0.1501946  -0.11908835  0.19612094  0.45354747
  0.40025705  0.18236982  0.49599434  0.11613074  0.6387555   0.48207502
  0.40374812 -0.1971802  -0.17489732  0.33898566]","[-0.39397093 -0.15240469  0.12755861 -0.46878371  0.42325959  0.19277397
  0.49200806 -0.24375678 -0.16561047  0.02451487  0.33412992  0.05193541
  0.42911257 -0.56026009  0.28278685 -0.23857286 -0.37359004 -0.32507233
 -0.09454916  0.37194915  0.0414428  -0.17763216  0.1588482  -0.08195971
  0.40194402 -0.07719312  0.65404913  0.19751323  0.24975115  0.24453974
  0.30285677  0.69612304  0.39020237  0.28819909  0.35479825 -0.12003865
 -0.25205211  0.18772902 -0.02362039  0.66837177 -0.01077684 -0.08777706
 -0.13398384  0.19455623  0.5434284   0.40720868  0.32324912  0.31734726
 -0.42968464  0.41685972  0.33121839  0.13136135  0.27666544  0.10333759
 -0.25108653  0.39046441  0.06781993 -0.03892446  0.24061257  0.32836554
  0.07023416 -0.02674896  0.74816484  0.07323898  0.03055548 -0.22612942
  0.49878743  0.03726675  0.25029877  0.22978351 -0.00075458  0.23137818
  0.39106347  0.29208864  0.39313704  0.33717737 -0.09938746  0.54243372
  0.42148491 -0.32918504 -0.35582328  0.31901793  0.33568956  0.40637641
  0.39459597  0.49502182  0.20607788  0.42029914  0.15350102 -0.26891649
 -0.41199777  0.27923478  0.21674545 -0.4880096 ]","[ 0.24129249 -0.34304673  0.27688594  0.24415413  0.51379883  0.53300927
  0.56602397 -0.42310802 -0.1204088   0.43989563  0.70362761  0.38694128
  0.3939163  -0.43086066  0.58501312 -0.53227877  0.28482689  0.36258149
 -0.02606058  0.49821654  0.25305811 -0.31218294  0.15030529 -0.54537753
  0.53938703 -0.09556196  0.58793712  0.03107626 -0.25605222  0.36217747
  0.56749848  0.44486511  0.82039165  0.31968686 -0.40245694  0.59080016
  0.57576268  0.38085142  0.71030791  0.70812621  0.50372201 -0.26811877
  0.28901103 -0.0374789   0.17067989  0.45066541  0.4641929   0.54965042
 -0.25272651 -0.34335626  0.24034659  0.38968827  0.30873166  0.27964791
  0.35491984  0.36434227  0.20826213 -0.00087837  0.58695224  0.4795114
 -0.19551785 -0.12796254  0.6246853   0.47102918  0.14646933 -0.33493917
  0.43720236  0.10519774  0.16012899  0.58149698  0.57745464  0.63281594
  0.59173548  0.28915325  0.63476381  0.10794901  0.60733566  0.13171283
  0.72356116  0.30270052 -0.3045192   0.30626814  0.63017134  0.4564015
 -0.43949805  0.835257    0.54512459 -0.15462779  0.49304366 -0.11238481
  0.27900174  0.70359687  0.62650135  0.55492035]","[ 0.27583097  0.54013142  0.10221246  0.34967022  0.47440379  0.15664811
  0.39058297  0.39388585  0.13605134 -0.28978155 -0.08135904  0.55139532
  0.4498838  -0.35828522 -0.02015153  0.45265438  0.37252684  0.47064708
  0.06245793  0.29663659  0.34468116  0.48692643  0.6313518   0.44173212
  0.29998461  0.31189659  0.70615876 -0.07305328  0.08389197  0.32120359
  0.34823197 -0.30115057  0.04328251  0.63419692  0.45968716  0.59316049
 -0.28180189  0.50584203  0.36952055  0.55035854  0.13685836  0.39735434
  0.31211723 -0.1515863   0.71725168  0.15180308 -0.28268186  0.33488597
  0.34601136  0.84928465  0.636336    0.36013533  0.62772528 -0.28735618
 -0.23611917  0.55489    -0.08379828  0.09155117  0.2067551   0.34287366
  0.50480991 -0.18238943  0.75258699  0.30163353  0.39161773  0.40394293
  0.25322063  0.18891781  0.25287879  0.07576692  0.24095687  0.22945348
  0.14153052  0.0256203   0.21841485  0.29452088  0.25092947  0.76490921
  0.30171423  0.15262327 -0.22836739  0.81817616  0.41355954  0.52925056
  0.39641762  0.29510127  0.2327957   0.6523888   0.55685467  0.45228918
  0.57599185 -0.05741899  0.02025432  0.41801512]","[ 0.59731319  0.16971232  0.0061624   0.27127483  0.27776436  0.08051133
  0.16085246  0.29322249 -0.10261602  0.54877024  0.17528365  0.38813265
 -0.60005059  0.37499416 -0.09541454 -0.29816013  0.17371001 -0.33188653
  0.69789187  0.01511791 -0.3243298  -0.28521045  0.15698485 -0.16820092
  0.29981728 -0.1875175   0.39333762 -0.25293052  0.66278907  0.43416665
  0.13273417 -0.26707407 -0.1067627   0.0888384  -0.1888908  -0.22020637
  0.48014228 -0.19478873 -0.07133455  0.05907952  0.24669588  0.42328223
 -0.62983905  0.48273162 -0.28037664 -0.02300631 -0.01318277  0.07770914
 -0.33441031  0.4161199  -0.41622002 -0.12600997 -0.16243607  0.0759625
 -0.30119619  0.11103318  0.23608488  0.37157658  0.23769496  0.53276187
  0.43611163  0.2181641  -0.05168583  0.36157187 -0.44319446 -0.21000198
  0.28007393 -0.41426056  0.414331    0.1708925   0.54374095 -0.25785695
  0.60448123  0.02488736  0.37426999  0.36527603 -0.05082239  0.05019771
 -0.2558881   0.38813681 -0.29906334  0.13449843  0.06492364  0.46729715
  0.19813344  0.49239717  0.19158603 -0.39590302  0.18562097 -0.49977433
  0.14985282 -0.04823054 -0.54462652  0.3414167 ]","[ 0.42292012  0.45037631  0.41095141  0.53153945  0.4369347   0.53041217
  0.65940746  0.73219599  0.53082108  0.41474575  0.38524263  0.45232206
  0.15734423 -0.2541061   0.17960874  0.26721361 -0.50376673  0.50703163
 -0.09666828  0.56008871  0.61460935  0.65043561 -0.26121221  0.18646338
  0.5641098  -0.32147341  0.52217548 -0.16274085  0.37852171 -0.26385354
  0.60541786  0.43768673  0.2506676   0.56697222  0.38943428  0.58610706
  0.76749312  0.41947251  0.74694125  0.8031902   0.36880833 -0.52273982
  0.6737677   0.26156242  0.78290707  0.1300045   0.40267504  0.58411874
 -0.06985795  0.78008518  0.33269198  0.02598716  0.62377291  0.10900957
  0.40542392  0.70869085  0.25731492  0.60055919  0.22349726  0.56820621
  0.60983604  0.35432986  0.70602687  0.48670741  0.4722069   0.48041703
  0.78243841  0.34343895  0.50508458 -0.35641881  0.22805549  0.41426127
  0.47334889  0.02629861  0.05836968 -0.17755129  0.35260268  0.86360262
  0.56570757  0.03946294 -0.15702431 -0.66511057  0.62093923  0.50946871
  0.3539756   0.52299111  0.51802693  0.50354879  0.59047221  0.41227054
 -0.30729718  0.4740752   0.37313106 -0.36423868]","[ 0.70875569  0.51314987  0.18980506  0.00631532  0.14813164  0.08471082
  0.69030568  0.71766803 -0.16416071  0.50148584  0.48572145 -0.40214879
  0.47453477  0.154439    0.12682245  0.54159894  0.22724561 -0.21853545
  0.61384763  0.7041316   0.6426645   0.46877752  0.27354182  0.54180368
  0.51968587  0.42593981  0.74674557  0.02948863  0.32516849  0.4509057
  0.60510777 -0.2962578   0.29535285  0.73969598  0.53897071  0.84282342
  0.50196373  0.75836336  0.73315586  0.3886346   0.38898292  0.5995087
  0.70126542  0.56621147  0.83246232  0.45341083  0.3643411   0.65380548
  0.57820987  0.82584852  0.76180559  0.35658289  0.15691954  0.48788502
  0.74574904  0.61255267  0.37037445  0.21045829 -0.01396344  0.59256565
  0.53726312  0.38230394  0.60836209  0.60886746  0.31075684  0.58056791
  0.76893757  0.48114477  0.3693587   0.16964851  0.5594152   0.50782775
  0.36055732 -0.38611652  0.42389405 -0.31333827  0.1372455   0.87042559
  0.47594144  0.27381347  0.10442774  0.71761702  0.28714596  0.73800283
  0.81096504 -0.06505113  0.5662201   0.42661643  0.56634129  0.41298766
 -0.28627034  0.38175498  0.39006088 -0.074236  ]","[ 0.520788    0.05122447  0.6721573   0.29809713  0.45156388  0.04547536
 -0.25130908  0.16244086  0.58238869  0.28999007  0.36059112 -0.01741915
  0.20387583  0.1077905  -0.16631238  0.6039437   0.17043354  0.09330597
  0.64511767  0.04124665  0.41119721  0.41956607  0.43390527  0.21256396
  0.02710665  0.38420958  0.80094876 -0.37707448 -0.29231486  0.27577439
  0.40791148  0.06848575 -0.24855752  0.63505201  0.23812479  0.73183632
  0.53446035  0.61798823  0.50092087  0.30881483  0.21431932  0.21523529
  0.49637505  0.20522356  0.340785    0.55870711  0.22767852  0.49405642
  0.01420469  0.63645827  0.45207793  0.35194159  0.37988923  0.56693702
  0.25620695  0.55146941  0.40076342  0.53413848  0.46437608  0.6879752
  0.13694783  0.31940846  0.65927781  0.63939551  0.67289376  0.60341027
 -0.46879323  0.23922284  0.2000835   0.77247516  0.62357609  0.48595768
  0.27281835 -0.03131982 -0.08274653 -0.4078981   0.03952231  0.656857
 -0.01540501  0.42168702  0.05148497  0.44211812 -0.01564617  0.52841308
  0.47429981  0.32126015 -0.10258846  0.68619402  0.35430063  0.53082927
  0.32350443  0.48065336 -0.60413133  0.08227889]","[ 0.60642076 -0.34078179  0.36647224  0.69098314  0.63653706  0.07213516
  0.32324717 -0.0122743   0.19183495  0.61506983  0.56948527  0.13512032
  0.48541692  0.25252645 -0.06235471  0.45954244  0.34354789  0.62502163
  0.20949024  0.10901964  0.24485069 -0.23815479 -0.27724744  0.05606671
  0.1439404  -0.36440221  0.65663447  0.47808432  0.09852484  0.54784366
  0.36724612 -0.0317992   0.08759585  0.43890673  0.45333816  0.6260003
 -0.37765932  0.45485342  0.03673214  0.60093539  0.56654601  0.45360336
  0.18008283 -0.19436282  0.67133806  0.62100423 -0.32339244 -0.22731782
  0.32763743  0.83388611  0.03591496  0.60028129  0.75236105 -0.26557004
  0.28910804  0.13918133  0.15511926  0.33852471  0.25571679 -0.42801778
  0.26967401  0.34875361  0.64632188 -0.26278726  0.13934459 -0.24324474
 -0.14154038  0.1211442  -0.41924282 -0.1579286   0.70334722  0.6507976
  0.40571961  0.08365148  0.6571313   0.3467455   0.53396417  0.57107256
  0.66846559 -0.15239606  0.09241796  0.46793305  0.57556075  0.19639307
  0.29579604 -0.51654682 -0.21324252  0.17141855  0.01523282  0.35952211
  0.10085021  0.50730764  0.53306588 -0.06841637]","[ 0.47205764 -0.47775166 -0.30589937  0.45099508  0.83738951  0.61445401
  0.75996057  0.26840684  0.48703181 -0.38123117 -0.1902857  -0.05539476
 -0.07671717 -0.26032947  0.24509015 -0.46928314  0.38604815 -0.36920771
 -0.34245212  0.26795225  0.57084522  0.52836294 -0.40698753 -0.52132384
  0.57036997 -0.14182999  0.30589872  0.39889801  0.13020379  0.48633654
  0.41789226 -0.28440555  0.58796882  0.17456335  0.44478889  0.27698865
  0.56245131  0.49544881  0.53448732  0.74069361 -0.20128978  0.25382722
  0.43018323 -0.26653862  0.71007118  0.45604707  0.61749205  0.50727043
  0.53693352  0.80222075 -0.00110663  0.81408443  0.4314092   0.18527772
  0.41596518  0.71033431  0.13710999  0.63615421  0.35422574 -0.0228244
  0.22806741  0.35090071  0.54771484 -0.36186891  0.72347032  0.13592979
  0.54130167  0.06719171 -0.22157686 -0.34888165  0.52706114  0.62121978
  0.6846093   0.2172441   0.76576791  0.1335563  -0.05479273 -0.04156488
  0.03430388  0.45415039  0.12324423 -0.11226722  0.21342041  0.03732102
  0.07757795 -0.07397718  0.6653503   0.64477696  0.08734674 -0.23811231
  0.64408543  0.32576652  0.61203774  0.67707567]","[ 0.48037322 -0.49638432  0.62303081  0.68233965  0.61585094  0.59401235
  0.55715822  0.65273456  0.36894653  0.1423873   0.0546801   0.51139455
  0.31354044  0.25272958  0.10437357  0.07199873  0.41103293 -0.29105533
  0.32761515  0.46879788  0.33544398  0.41159036  0.35693171 -0.09289564
  0.40527149 -0.38084497  0.62357159  0.58011943  0.14109755  0.29381722
  0.31964012  0.23524329  0.5584805  -0.09707337  0.67147295 -0.22654634
  0.52787968  0.61276443  0.4924277   0.52966337  0.55845088  0.37197818
  0.53048107 -0.32836685  0.6272541   0.50854227  0.85618232  0.52457831
  0.40697656  0.42884213  0.05871781  0.57682861  0.60741196 -0.13483479
 -0.13018481  0.77586707  0.54204626  0.06486409  0.73195718  0.46790043
  0.03822764  0.28457155 -0.26371249 -0.24507937  0.77421714  0.17809887
 -0.24407581  0.54456316  0.49361151  0.20755516  0.78501805  0.54747849
  0.75507163 -0.19275209  0.33337042  0.43462689  0.23239089  0.39506404
  0.28790265  0.78828284  0.2924809   0.04233407  0.12058299  0.57918001
  0.12312801  0.09092502  0.27463732 -0.12934876  0.63881515 -0.15159585
  0.54132991  0.3739424   0.52310226  0.26877868]","[ 0.29791022  0.29366317  0.35033877  0.49706878  0.72723594  0.70628505
  0.24857703  0.55331522  0.613289    0.47812194 -0.05394471  0.05018827
 -0.1567457   0.28238089  0.08892621 -0.2231092   0.58926581 -0.32241962
  0.26066376  0.21310764  0.35494148  0.2309986  -0.2991059   0.36374268
 -0.2661241   0.37735476  0.30855612  0.64263457 -0.35094247  0.20118478
  0.30099192 -0.28408203  0.03502112  0.30023044  0.4142335   0.74460995
  0.55854622  0.19496335  0.52660553  0.57933999  0.37831112  0.00140163
  0.69632984  0.17108288  0.30652601  0.01702116  0.38177612  0.53612041
  0.40597703  0.14792453 -0.62412468  0.45960513  0.34242976 -0.03832375
 -0.23398318  0.71155916 -0.32723428  0.24692265  0.22754436  0.14800978
  0.49717204  0.35793019  0.49704816 -0.31345552  0.73226938  0.59830225
  0.60477517  0.53201799 -0.28359603  0.07936103  0.6165962   0.79768983
  0.38611643  0.52480899  0.39205211 -0.1688038   0.45427334  0.42010396
  0.52796639  0.83523331 -0.02668393 -0.25118959  0.21547856  0.52282833
  0.15370601  0.51133589  0.26479308  0.74858398 -0.02645541  0.53569853
 -0.14359858  0.56238388  0.22469817  0.58065875]","[ 0.63273365 -0.49319501  0.5303896   0.53988264  0.72931417  0.56907747
  0.28645877  0.4629513   0.34411235 -0.24632451 -0.15279801  0.00470368
  0.30351616  0.33002166 -0.07648173 -0.35366226  0.57689785 -0.04253278
  0.59352233  0.47842214  0.48914134  0.26756919  0.28561376  0.22254006
  0.23400553  0.25972773 -0.36326326  0.49584866  0.40575478  0.69050612
  0.51684934  0.09143878  0.72950254  0.2862797   0.50019964  0.34388489
  0.33622136  0.35179488  0.64595694  0.38820177  0.33921317  0.13545612
  0.48311771 -0.28128128  0.38054944  0.36679598  0.53403347  0.74305327
  0.48639585  0.21028886  0.21450494  0.65691907  0.4539758  -0.2402822
  0.28320944  0.5650246   0.20210986  0.3042392   0.69276895 -0.09494401
  0.27761517  0.50516193  0.01160403 -0.30993557  0.6530038   0.00366055
  0.32011193  0.70376602  0.12716867  0.22004528  0.7743217   0.6158186
  0.64545017  0.14134798  0.61629129 -0.1595879   0.14459892  0.57611272
 -0.2988991   0.28190938  0.31925432  0.53085676 -0.21787304  0.10403888
  0.66173071  0.0331395   0.14875134 -0.21412344  0.54182359  0.20836742
  0.3547759   0.55401294  0.5373981   0.41276337]","[ 0.56350035  0.37219221 -0.22751497  0.4726481   0.65640496  0.38630038
  0.61390602  0.45165597 -0.11640595  0.18177265 -0.15023664 -0.10028746
  0.50519426  0.35927131 -0.35461586  0.3264314   0.50206641  0.22505869
  0.2956148   0.36686273  0.51704662  0.29186659  0.07964927 -0.21429571
 -0.23766442  0.26798875  0.44565097  0.54978303  0.22721996  0.312101
  0.33183289  0.11673732  0.3159708   0.10545645  0.35603984  0.65628425
  0.58263724 -0.47154836  0.37465829  0.37652358 -0.1479235   0.38383092
  0.33074519  0.06822055 -0.31796342  0.15854701  0.7006589   0.41272481
  0.34648145  0.47560459 -0.3673954   0.73844126  0.55400106 -0.24806295
  0.17720295  0.49626082 -0.41780101  0.66655198  0.21350081  0.40281553
  0.42788551  0.6003793   0.31965492 -0.36593444  0.53312421  0.22943796
 -0.0978513   0.54442813  0.35107407  0.31732109  0.62976095  0.84449732
  0.72848225  0.21780922  0.71137583 -0.19331472  0.15844271  0.68487003
  0.52275571  0.11153551  0.33729598 -0.36110668  0.07950683 -0.00216378
  0.64312651  0.61028457  0.38266011  0.23956355 -0.37192658  0.46893976
  0.62464374  0.66504138  0.13665055  0.72299827]","[ 4.71455632e-01  8.42970990e-02  2.12742369e-01  6.99548271e-01
  6.40729097e-01  3.45438870e-01  6.54608959e-01  7.00594000e-01
  5.84531947e-01  1.39145732e-01  9.11682266e-02 -1.84176609e-01
  5.83728614e-01  4.91390743e-01  4.70174028e-02  3.67524509e-01
  6.56760352e-01  2.62324494e-02  2.74269740e-01  5.81773521e-01
  5.08865510e-01  4.05413198e-01  1.44595811e-01 -4.40311315e-02
  8.29015551e-01  3.22647684e-01  3.76179498e-01  7.79462438e-01
  4.57580445e-01  3.67728996e-01  3.51435600e-02 -1.33946299e-01
  5.95322302e-01 -2.43730165e-01  6.34374653e-01  6.00452176e-01
  3.49755689e-01  5.28499293e-01  5.25453888e-01 -1.90957157e-01
  4.04583762e-01 -2.07090545e-01 -1.42972822e-01  4.75458871e-01
  3.23452887e-01  1.45561703e-01  4.83962301e-01  7.33713481e-01
 -2.98410114e-01  2.46669028e-01  4.48543006e-01  7.49827401e-01
 -2.81555039e-01  4.73224224e-01  4.31621076e-01  7.04895658e-01
 -2.44650341e-01  6.50346668e-01 -3.00859369e-01 -7.43624327e-05
  2.59440153e-01  7.64625636e-01  4.56497275e-01  1.82136024e-01
  6.49044800e-01 -8.49372001e-03  6.96107250e-01  6.88458177e-01
  4.29865476e-01  4.70129906e-01  5.15629348e-01  7.41869678e-01
  6.62891670e-01  5.66507206e-02  6.24862431e-01  3.64519310e-01
  3.68003972e-01  5.28830280e-01  4.56950377e-01  4.30465155e-01
  3.55319747e-01  5.23423955e-01  2.46925615e-01  5.52469709e-01
  6.36016623e-01  6.26055715e-01  4.39114277e-01  5.77324412e-01
  6.96770617e-01  1.91934954e-02  5.53679947e-01  5.90416434e-01
  4.39702731e-01  7.30756014e-01]","[ 0.39048624  0.55655455 -0.27227369  0.36262483  0.82768691  0.74759805
  0.78262215  0.2618364  -0.29772844  0.49533726  0.78122002  0.3208714
  0.14364061  0.58767502  0.66025469 -0.37322161  0.76528475 -0.50451901
  0.55377878  0.61590046  0.53777249  0.76360784  0.72700224  0.02950568
  0.48735088  0.76483591  0.6012561   0.47614381 -0.41152898  0.67568424
  0.45658124  0.68825102  0.67452791  0.85550874  0.1562667   0.77058004
  0.65803593  0.80615549  0.74602367  0.74199613  0.62183822  0.68234439
  0.37735226  0.64020185  0.8481579   0.65496556  0.63882969  0.7679149
  0.6606909   0.25478025  0.81340095  0.88402951  0.78493371  0.78764198
  0.46754463  0.69211446  0.57154797  0.36098985  0.72354332  0.49059947
  0.4043868   0.53455792  0.5390978   0.24194175  0.63284386  0.31164603
  0.41551213  0.47131801  0.19120627  0.8067913   0.72215151  0.57627368
  0.75594501  0.3868582   0.85277901  0.43719034  0.60069375  0.26776442
  0.71139561  0.29873609  0.75028733  0.36375893  0.64454738  0.61018477
  0.84424312  0.82366051  0.78147935  0.51016139  0.26166963  0.55330249
 -0.42016868  0.71653697  0.40520985  0.86216005]","[ 0.61752289  0.24169856  0.6894787   0.74568469  0.79732847  0.64814603
  0.79579433  0.49304722 -0.01028193  0.32194092  0.70241826  0.24444327
  0.64430185  0.64492343  0.42708403 -0.40916329  0.77614144  0.29784415
  0.43331747  0.38481055  0.6234579   0.64223309  0.44101275 -0.16715984
  0.09336153  0.49525552  0.68269412  0.63046765 -0.02971693  0.62521242
  0.32959282  0.60692079  0.63278806  0.50948701  0.48180733  0.71787114
  0.67983369  0.43324489  0.60060995  0.07975456  0.27572046  0.67565224
  0.72776392  0.5887531   0.33813406  0.08427806  0.74043213  0.67878598
  0.6139141  -0.10111897  0.4417091   0.70362679  0.56816732  0.63418992
  0.6765393   0.71951543  0.26152309  0.68203751  0.5080018   0.61798082
 -0.33483398  0.58733229  0.55755479  0.18841698  0.77584621  0.61049769
  0.34216174  0.78375262  0.24062814  0.32080492  0.80827682  0.81077415
  0.81818781  0.38392592  0.79765562 -0.24940552  0.36808794  0.55602564
  0.26287716  0.61971605  0.70596598  0.40211617  0.63866163  0.51500624
  0.79537836  0.48262751  0.41379265  0.72518478  0.5482773   0.69213455
  0.74302483  0.80245742  0.24926029  0.63732279]","[ 2.42536101e-03 -4.77659637e-01  5.67208962e-01  4.09580804e-01
  8.54626472e-01  9.14411980e-02  7.64842621e-01  4.47944238e-01
  3.86882454e-01  2.96442533e-01  8.20160363e-01  4.65155237e-04
  5.96599935e-01  1.26573715e-01  4.06567188e-01 -2.50101564e-01
  7.74702523e-01 -2.07776392e-01  5.55467836e-01  5.07817441e-01
  4.09937163e-01  7.13574590e-01  3.07213600e-01 -4.53939669e-01
  3.00131599e-01  3.26494800e-01  7.67336686e-01  4.02041952e-01
  4.39934959e-01  3.92002413e-01  3.06943337e-01  6.77803023e-01
  5.83126421e-01  7.35480293e-01  5.52157705e-01  2.81249580e-01
  3.70425352e-01  7.20718203e-01  1.58075940e-01  5.94102119e-01
  3.98279004e-01  4.70776301e-01  6.76723870e-01 -1.02073375e-01
  7.02433483e-01  5.70321400e-01  5.36285342e-01  4.07447245e-01
  6.09071490e-01  3.45597143e-01  4.49095044e-01  6.81257123e-01
  7.15284718e-01 -3.03673635e-01  4.61419526e-01  6.82469480e-01
  1.83939114e-01  7.11193966e-01  3.29653751e-01  2.97063045e-01
  3.02438919e-01  6.41352123e-01  4.52350384e-01 -1.75326285e-01
  6.88344278e-01  4.64524679e-01  6.93411115e-01  6.51983679e-01
 -2.25752614e-02 -1.11850896e-02  7.46926851e-01  7.06486988e-01
  7.88096875e-01  2.85576547e-01  5.31294103e-01 -2.32727184e-01
  3.49858783e-01  4.42880074e-01  3.75983585e-01  5.42527217e-01
  3.09680712e-01  3.31762349e-01  2.42457842e-01  4.33343735e-01
  3.25993842e-01  4.67700488e-01 -2.42356861e-01 -3.29724699e-01
  6.34146687e-01  7.30685877e-01  4.57300548e-01  5.46911579e-01
  3.91367095e-01  5.69679227e-01]","[ 0.55037278  0.09065395 -0.00608045  0.68773685  0.87225569  0.70442918
  0.8250566   0.41172696 -0.32532236  0.45229178  0.7652389   0.1239394
  0.57907288  0.42869041  0.5429631  -0.37544428  0.7356894   0.17229338
  0.12692788  0.26109905  0.6137442   0.68660357  0.3916927  -0.45836561
  0.53718836  0.57280606  0.4264961   0.65768579  0.2494576   0.70320463
 -0.14859792  0.48226496  0.70311721  0.50383695  0.54484775 -0.05432744
  0.32595745  0.63401781  0.18818394  0.46791986  0.61863279  0.54028857
  0.64515913  0.08784162  0.7148547   0.78019733  0.63947423  0.59288684
  0.70066272  0.67908461  0.63902903  0.85712876  0.71008913  0.57357337
  0.66630224  0.74645889  0.55695211  0.50316438  0.6096553   0.34351872
  0.15998173  0.21029922  0.28333347  0.55229498  0.73175734  0.69270287
  0.26873393  0.63033426 -0.02648722  0.38240555  0.81293181  0.59650472
  0.71933201  0.51904642  0.73387704  0.4718749   0.31874611  0.6506289
  0.66455747  0.55564731  0.50819428  0.08536623  0.65733627  0.45202518
  0.39038133  0.5236627   0.595172    0.01236863 -0.32421428  0.68673949
  0.73647971  0.61380844  0.29812988  0.62783839]","[ 0.59212668 -0.13381644  0.3496912   0.32829752  0.53591028  0.23873217
  0.35429683  0.54416179  0.37654848  0.31887525  0.52128758  0.47260786
  0.6051308  -0.440751   -0.12135007  0.65528221  0.48746168  0.26901193
 -0.38270008  0.05633962  0.1372215   0.49507356 -0.10679365  0.2989876
  0.47155236  0.44710593  0.80491783  0.18494773  0.58980342  0.38438263
  0.38830052  0.51746545  0.02503587  0.75716089  0.28564769  0.55237503
  0.61108564  0.46087792  0.70250451  0.11040807  0.41880021 -0.10314409
  0.62277746 -0.16951074 -0.29987421  0.273144    0.37837848  0.14413504
 -0.22622318  0.57859505  0.58517945  0.54944957  0.1669665   0.10358216
  0.23557918  0.73013363  0.1153916   0.73897966 -0.28867668  0.27602982
  0.30580536  0.54170487  0.82376059  0.45553842  0.48014869  0.49471342
  0.31817703  0.35883196  0.26345461  0.77726799 -0.61888383  0.47511478
  0.69198744  0.30920162  0.59009504 -0.10743858 -0.29806458  0.52117401
  0.55403309  0.14989616  0.06734456  0.40369885 -0.17317287  0.28358619
 -0.07828202  0.11867927  0.12856058  0.18979623  0.61224609  0.53583349
  0.4821382   0.19266066 -0.27131349  0.18495896]","[ 0.61698251 -0.36056175 -0.28114437  0.45294662  0.58003419  0.01750574
  0.33205055  0.66666272 -0.19526287  0.52810076  0.66049731 -0.34349529
  0.1526511   0.549955    0.07290398  0.24883094  0.34467359  0.19297035
 -0.1239728   0.36637599  0.3117068   0.37806944 -0.39212019  0.17272683
  0.18509174  0.48889096  0.35856064  0.47168331  0.41813532  0.02955024
 -0.17619781  0.09207694  0.39692567 -0.21009117 -0.08809582  0.37484583
  0.47349007  0.48115392 -0.3347926  -0.28906559  0.32163915  0.49041841
  0.08686887  0.16952057 -0.23797087 -0.29653324  0.09217479  0.47296814
  0.39546217  0.33392357 -0.44342314  0.41987137  0.12180075  0.21945939
  0.40023996  0.65304894 -0.09222712  0.10118198  0.34434404  0.28951765
 -0.22164478  0.27768386  0.44811012  0.13553412  0.52056733  0.39364627
  0.3932686   0.13298973  0.42655961  0.20798545  0.78086681  0.56565377
  0.84693205 -0.14237904  0.40463797 -0.06307973  0.11476443  0.56728513
 -0.23525773  0.32018856  0.26487147 -0.08440047  0.29133895  0.42944578
  0.24181562  0.29157727  0.12970655 -0.52381454  0.4801408  -0.38396013
  0.00915489  0.7164358  -0.31668347  0.13076891]","[ 0.60863375  0.40867835  0.5531719   0.22208786 -0.31085101  0.46589853
  0.77424993  0.69288111  0.48757196  0.31298449  0.32334182  0.59816127
  0.62351332  0.51617886  0.71532531  0.63993603  0.57028815  0.73053037
  0.26001488  0.59161955  0.47901333  0.50212609  0.09393137 -0.40177879
  0.69063632  0.33958373  0.4894082   0.49051829  0.48970821  0.2193414
  0.67233503  0.28016566  0.03319743  0.60806064  0.47504979  0.71408058
 -0.06889574  0.85564662  0.75509366  0.62331409  0.82079163  0.45197695
  0.23523717  0.54918882  0.75181569  0.29663416  0.23911898  0.60794082
  0.38903751  0.72238325  0.46649817  0.5276037  -0.07959882  0.26333361
  0.59205608  0.4920306  -0.17440039  0.86332915  0.32893833  0.7770834
  0.29754624  0.5891658   0.50051373  0.74164248  0.57412203  0.37329711
  0.75408571  0.74930748  0.70389941  0.58096317  0.65611285 -0.38319828
  0.85434501  0.36815777  0.68347681  0.04791302 -0.04829634  0.85828596
  0.45584357  0.32139048 -0.41628243  0.72673472  0.71452916  0.39731861
  0.50382155 -0.37345536  0.72860786 -0.33082253  0.64639801  0.67483966
  0.63780857  0.20563747  0.23961897  0.64715216]","[ 0.79182493 -0.10989576  0.40937751  0.61649344  0.31859145  0.37110518
  0.22801881  0.70384459  0.49275251  0.5087732   0.446145    0.46591177
  0.57270092 -0.04699588  0.20233812  0.30149731  0.14858135  0.59690273
  0.688036    0.41407543  0.30083565 -0.2336961   0.41616865  0.52933817
  0.45582712  0.4479556   0.72216237 -0.03052833  0.70742586  0.27834662
  0.64513931  0.02879549  0.49481955  0.5545717   0.36655905  0.59261623
 -0.10103576  0.68725351  0.51735625  0.60846763  0.25086401  0.66247742
  0.22941254  0.27819551  0.65387756  0.58263023  0.27859684  0.40580013
  0.52137724  0.83099509  0.56787486  0.56572984  0.70481179  0.47787176
  0.41792906 -0.19567353  0.30512875  0.51786639  0.4036084   0.63030826
  0.31079603  0.71475437  0.63307082  0.41896049  0.3875793   0.48705625
  0.41531052  0.62453711  0.03776638  0.54013383  0.66312793  0.51024686
  0.59051827  0.64138685  0.76702892  0.32905647 -0.29037297  0.68111888
  0.1311299  -0.24596734  0.42629317  0.74060178  0.20087949  0.1366796
  0.61715835 -0.55721427  0.2726558   0.61953149  0.57367937  0.18138739
  0.73923485  0.58333662 -0.27542244  0.55673798]","[ 0.8952166   0.38877616  0.70823238  0.48427476  0.46421786  0.13588585
  0.69566441  0.66050755  0.72051708  0.61908049  0.61188799  0.40039945
  0.718942    0.42872874  0.81682598  0.66167744  0.8222161   0.68041258
  0.72475505  0.65279693  0.44664095  0.60958977  0.61838061  0.56576782
  0.57868984  0.50347542  0.8785636   0.6734166   0.48231345  0.55632099
  0.84799266  0.34446034  0.55426495  0.78779703  0.46341707  0.68165635
  0.81002222  0.89081031  0.87082266  0.80720546  0.44736638  0.88131771
  0.8176887   0.45963114  0.87990648  0.56475113 -0.08721881  0.56633884
  0.70805046  0.64782303  0.58108989  0.7545427   0.76650292  0.66336656
  0.77169205  0.7534794   0.04739197  0.70506593  0.29695764  0.75865105
  0.63781704  0.81530084  0.66746118  0.88046571  0.78656357  0.7887273
  0.77455479  0.89154944 -0.00397755  0.02360358  0.88345005  0.55570205
  0.78190306  0.62116031  0.86434877  0.49123018  0.55621852  0.78079491
  0.71607905  0.6485055   0.00333928  0.75534203  0.72400069  0.62114356
  0.81685935  0.67099196  0.62673994  0.89258447  0.8795537   0.80485192
  0.70206176  0.6504625   0.47913437  0.85365053]","[ 0.75276996  0.38581376  0.37264238  0.67858404  0.01283535  0.56332532
  0.62203009  0.53189041  0.69495611  0.60378105  0.745319    0.38022958
  0.58162464  0.39107176  0.25301908  0.63161475  0.34099274  0.54669627
  0.61043877  0.65914796  0.53694075  0.572731    0.4010797   0.45590483
  0.44734323  0.6363785   0.68001859  0.05090725  0.45204747  0.64376567
  0.81115563  0.25435778  0.15732551  0.58707717  0.69402435  0.79464498
  0.4790943   0.74857924  0.65446152  0.6545315   0.57222619  0.87667481
  0.4810205   0.62143907  0.88446578  0.30482573  0.82871502  0.46760556
  0.45366378  0.87972892  0.75832217 -0.0203531   0.79777886  0.14448612
  0.71523546  0.52944463  0.43769743  0.54838294  0.62987563  0.52702316
  0.49570804  0.7898214   0.51496987  0.62575824  0.64028989  0.70878699
  0.54341508  0.67180203  0.01979728  0.64455698  0.78106595  0.01611941
  0.76703756  0.41157411  0.53241444 -0.34594677  0.21189273  0.83643742
  0.48434043  0.4301143   0.22476139  0.77561287  0.24591463  0.61454337
  0.87260933  0.76761515  0.34938742  0.72586569  0.67357614  0.6802233
  0.82756502  0.71682535  0.10572141  0.75869808]","[0.88677155 0.49933134 0.68730122 0.6080426  0.65653504 0.58935568
 0.80789328 0.75209852 0.61512275 0.79569179 0.6378801  0.44023688
 0.77246771 0.56199758 0.80727548 0.764776   0.8798451  0.83529625
 0.71242774 0.69032131 0.59738214 0.74730025 0.49835257 0.74354832
 0.73263621 0.63363177 0.88092268 0.64739653 0.69439988 0.75598201
 0.83994473 0.48514975 0.53748374 0.81386399 0.57295846 0.83068347
 0.44516059 0.89547817 0.89475229 0.73091606 0.7039703  0.86518519
 0.75274156 0.602884   0.77017658 0.4592321  0.47075878 0.78437625
 0.74778007 0.60268196 0.67269276 0.76948681 0.59387356 0.79141081
 0.76430242 0.70484604 0.41447127 0.87721321 0.44578107 0.69180547
 0.64737515 0.8967838  0.58725666 0.91400474 0.8455608  0.62521986
 0.78017875 0.87368427 0.53386116 0.63372551 0.76414223 0.81750927
 0.66104475 0.70852907 0.82335869 0.55090318 0.52560367 0.85739762
 0.74965911 0.56832866 0.09938159 0.86297658 0.70588182 0.73309492
 0.86409535 0.60347771 0.54911037 0.76489633 0.82547379 0.78059369
 0.54798433 0.75747875 0.61794068 0.45840346]","[-0.09868801  0.62228546 -0.29977301  0.58189456  0.58557338 -0.26316664
  0.56701175  0.55362146  0.32492384  0.4397127  -0.17520573  0.30238365
  0.35741294  0.63853217  0.42187297  0.54823079  0.40751207  0.55042526
  0.48483012  0.11327396  0.21569934  0.34125691  0.46274182  0.27009851
 -0.34028522  0.70940513  0.25855535  0.66116148 -0.36857289 -0.05871828
  0.66731018  0.18699979  0.24405091  0.53432694  0.02223421  0.73658383
  0.14428506  0.50524685  0.37356114  0.5021268   0.60826502  0.06964031
  0.65767607  0.54481856  0.32613395  0.62153632  0.56090549  0.30892145
 -0.02949923  0.4019379  -0.36865317  0.10294795  0.040551    0.59769594
  0.5506094   0.54210183 -0.50838696  0.2167292   0.34404304  0.00226836
  0.33580694  0.34944402  0.36265616  0.62246204 -0.13977199  0.34018596
 -0.42207949 -0.09716053 -0.60800945  0.02214394 -0.22737186  0.51394375
  0.52270452  0.2532297   0.1612842   0.14636112  0.44881524  0.6079049
 -0.17419171  0.62476824  0.35972632  0.52753304  0.43827847  0.75930481
  0.27935094  0.49684946  0.64508593  0.03254909  0.71265371 -0.35387811
  0.12572334  0.62723257 -0.36886549  0.67939106]","[ 0.7127369   0.48918118 -0.05972107 -0.42014557 -0.07268358  0.15402148
  0.78515052  0.32337131  0.66660009  0.53962038 -0.05128584  0.37726337
  0.47682743 -0.13104863  0.59972302  0.69328184  0.60491394  0.44385649
 -0.0443081   0.27198028  0.33369329  0.55030542 -0.33343362  0.34509914
  0.13490748  0.57588333  0.65610914  0.41159745  0.24787066  0.26263655
  0.80271856  0.26179737  0.37642533  0.74022039 -0.18858391  0.77146781
  0.6597343   0.70821698  0.78794223  0.38401787  0.4791478   0.51225218
  0.66884003  0.63721497  0.70276574 -0.2533492   0.01071518  0.30846292
  0.55580015  0.45294284  0.0237409  -0.31660043  0.55477498  0.29558642
 -0.03213822  0.42968791 -0.56831227  0.45249214  0.12080488  0.51752329
  0.50096759  0.73054439  0.5155923   0.66061855  0.50287149  0.6964013
  0.45215586  0.64664708 -0.10537012 -0.40573117  0.73916495  0.29184995
  0.76647035  0.46554732  0.34965168 -0.14736263  0.22909293  0.65564408
  0.26149545  0.23297708 -0.17764213  0.64251557  0.57423931  0.4007193
  0.54887436  0.43252505  0.51748009  0.63579035  0.79747749  0.80829171
  0.350339    0.51939346  0.03329444  0.69932164]","[ 0.29006909  0.1844158   0.7523885   0.28815427  0.45436475  0.32173594
  0.50798379  0.73552569  0.23033641  0.26342065  0.19498471  0.43960936
  0.65280812  0.32024772  0.71383185  0.38194561  0.58210274 -0.30143991
  0.60493     0.72985903  0.62853108  0.48472269  0.4689395   0.46248201
  0.45414618  0.36998308  0.55491288 -0.16422272  0.51377041 -0.32408954
  0.73399183  0.70456859  0.3251161   0.69822983  0.59579724  0.25535384
  0.56471877 -0.35348021  0.72389235  0.85053508  0.39066849  0.78956729
  0.7287592   0.51995652  0.8787343   0.47707717 -0.52861067  0.61596837
  0.73141161  0.82372538  0.61444173  0.39036588  0.85198278  0.6525098
  0.59953828  0.77730965  0.35976771  0.79264093  0.66542215  0.74705273
  0.57128446  0.43543047  0.7290677   0.43888204  0.76029542  0.66546232
  0.77446191  0.67791771  0.51455949 -0.29974682  0.77833618 -0.29232401
  0.4512103   0.39167807  0.60468031 -0.13164132  0.60005314  0.90661872
  0.37068564  0.43110938  0.3436341   0.78672416  0.51768538  0.46280514
  0.66664542  0.67322774  0.36082883  0.77469857  0.66549648  0.64797698
  0.3021531   0.43935415  0.28964378  0.52542281]","[ 6.10564768e-01  4.61347037e-01  6.50308713e-01  3.33702414e-01
  7.23417622e-01  4.02582702e-01  2.53812252e-01  3.36317606e-01
  2.26040248e-01  4.17125069e-01  2.28365459e-01 -8.31703095e-02
  4.96221230e-01  3.11673395e-01  3.86202541e-01 -2.55409300e-01
  3.94843382e-01  3.55966995e-01  4.40553048e-01  2.85015337e-01
  2.13581111e-01  3.39553109e-01 -1.77620684e-01 -4.00690436e-01
  3.45738904e-01 -2.67488448e-01  2.59727837e-01  8.66858041e-02
 -1.67869364e-01  3.35003253e-01 -3.55964801e-01  1.78183688e-01
  6.32654695e-01 -1.60303487e-01  4.95882281e-01 -1.05492103e-01
  5.68381965e-01  6.20140404e-01  5.06388356e-01  4.97157553e-04
 -6.83599896e-03  3.65867500e-01  7.53576016e-01  9.20894011e-03
  6.69603881e-01  2.93102690e-01 -5.88966470e-01  5.05021251e-01
  3.73545197e-01  3.56050886e-01 -2.74370257e-01 -1.61428579e-01
  8.43785459e-02  4.36144451e-01 -1.91237868e-01  7.75598760e-01
  2.74026372e-01  4.88044045e-01  5.89987791e-01  3.69925971e-01
  9.78495092e-02  5.49765108e-01  2.46513005e-01 -3.65337925e-01
  7.34521335e-01  3.70627235e-01  5.97337959e-01  2.65752476e-01
  2.46123376e-01  3.71727232e-01  3.21538001e-01  6.18256767e-01
  6.36547838e-02  2.48205512e-01  6.38576028e-01 -7.35891485e-02
 -3.94450831e-01 -4.11516557e-01  3.99390756e-01  8.41796470e-01
  2.33597879e-01  2.38653240e-01  3.64860640e-01  3.35520052e-01
  5.76160529e-01 -4.78998981e-01 -8.64728007e-02  4.24779382e-01
  5.75939528e-01  9.33269668e-02 -4.16712148e-02  2.03842025e-01
 -5.21477772e-01  9.49305970e-03]","[ 0.21537133  0.5906601   0.75918214 -0.17042973  0.62216019 -0.50493429
  0.65819522  0.11349353  0.31679324  0.38958467  0.63008367 -0.02925034
  0.50573996  0.3858082   0.40459386 -0.14772687  0.19558929  0.40969577
  0.35802948  0.34326758  0.30280113 -0.17059771  0.10326994  0.25834319
  0.17125526  0.04037843  0.38645143 -0.04808174 -0.14353199  0.36424092
 -0.19872748 -0.11115442  0.31190609  0.12935324 -0.01219725  0.02024888
  0.09881141  0.60179733  0.03309164  0.69672543  0.16522115  0.1703065
  0.37715121 -0.11734595  0.35491966 -0.052648   -0.03595289 -0.09432437
  0.19958176  0.12486246  0.44946844  0.56247754  0.10786094  0.16650136
 -0.18608408  0.51971318 -0.45735677  0.55652309 -0.00429704 -0.54165523
 -0.0455472   0.39603762  0.42189871  0.11299226 -0.06256635  0.4468553
  0.32681302 -0.03040568 -0.2505847   0.16817059  0.13424617  0.54013931
  0.15700481 -0.06330989  0.42052367 -0.32203729  0.37366052 -0.30189965
  0.14960153  0.71672218 -0.25213611  0.6519762   0.3265183  -0.33044466
  0.1685212   0.53638926 -0.12877309  0.17712117  0.62829376  0.29350422
 -0.01117544  0.27601041  0.11686279  0.16361951]","[ 0.57444678  0.56592168 -0.09242092  0.25525658  0.81996142 -0.40137959
  0.69601842  0.27200325  0.1904673   0.37796547  0.68422583 -0.13548135
  0.57465203  0.39718214  0.22268941 -0.21610654  0.84678667 -0.06267443
 -0.30518542  0.39310617  0.42929159  0.40971565  0.02088695  0.11107284
  0.43936496  0.20163919 -0.16609229  0.35198503 -0.00932807 -0.07768836
 -0.21737318 -0.1459984   0.61788728 -0.04435528  0.38488809  0.27495493
  0.65813943  0.47086017  0.47704313  0.00195985  0.33551085  0.06452832
  0.62526411  0.02979597  0.28084772  0.37286876  0.02187149 -0.09124782
  0.60995877  0.60910193  0.23686671  0.59267573  0.25554224 -0.17739525
 -0.21425022  0.64911715 -0.14167775  0.51622409  0.23552768  0.30607901
  0.25242092  0.20378511  0.57731351  0.10231362  0.42525341  0.51958357
  0.6370481   0.41379246  0.37858712 -0.1001426   0.6489647   0.65936792
  0.23953014  0.17915853  0.44925051 -0.1348488   0.39193736 -0.31345049
  0.33190679  0.79833985  0.39923385  0.27957379  0.03125989  0.46448475
  0.05127978  0.26016888 -0.41297194 -0.10742756 -0.39287513  0.63530807
  0.24224906  0.21717895  0.05930474  0.39071699]","[ 2.39405449e-01  4.61568524e-01 -2.17743510e-01 -1.77533529e-01
  2.91661265e-01  4.16801027e-01  5.55115486e-01  2.25261813e-01
  5.31762652e-01 -3.05677560e-01  5.77196656e-01  2.33540976e-01
  3.54639544e-01 -4.74041381e-01  5.32437051e-01 -2.99485395e-01
  6.32521894e-02  2.84370378e-01  1.50325005e-01  2.29599118e-01
  4.41597267e-01  3.93465655e-01 -2.64082773e-01  5.71239216e-02
 -4.00809814e-01  2.75975474e-01  6.45455775e-01  3.09672479e-01
 -3.64073885e-02 -1.29182181e-01  6.77153808e-01  3.05276105e-01
  6.00629986e-01  4.28190495e-02 -9.42373798e-02  4.82239017e-01
 -1.97084633e-01  2.46025905e-01  5.58281577e-01  5.75551210e-01
  5.58755559e-01  1.17474556e-02  8.16989774e-02  3.93438529e-01
 -4.10056540e-02  4.60453264e-01 -1.60609655e-01  6.00214779e-01
  2.37555622e-01  4.54935021e-01  2.43066377e-01  3.82541258e-01
  1.52129226e-01  2.04114962e-01 -2.99917676e-01  3.83531173e-01
  1.65513895e-01  6.52745110e-01  3.05800454e-01  2.32475882e-01
  3.34577777e-01  4.85535722e-01  6.79722527e-01  5.14920413e-01
  5.06427333e-01  4.26303469e-01  3.76693130e-01  1.49701500e-01
  7.59534156e-02 -3.01324207e-01  1.59082729e-01 -2.61979477e-01
  7.47707075e-01  3.60615490e-01  3.18169160e-01  2.02324438e-02
 -7.11004785e-02  3.53979548e-01  3.02004708e-01  9.21566541e-02
 -2.06100080e-01  7.37083759e-01 -2.20805519e-04 -5.96508851e-03
  4.46624402e-01  6.52467082e-01 -3.24542113e-01  5.88080451e-01
  5.45357406e-02  7.27180247e-01  6.46134262e-01  2.23194756e-01
  5.48804445e-01  3.92216944e-01]","[ 0.33133674  0.27213611  0.33210792  0.59148089  0.54568595  0.05536202
  0.48787855  0.38480369  0.32798725 -0.32703934  0.47642116  0.62160923
  0.60684072  0.28114027  0.50277561 -0.48285877  0.67293727  0.67548331
  0.2687177   0.35653939  0.58134683  0.21351769  0.30413763  0.32624896
  0.44290184  0.17859414  0.80877557  0.50302484  0.54767424  0.21611152
  0.71973439  0.64737211 -0.27458346  0.62273224  0.44892511  0.64280745
  0.57045533  0.62179383  0.39489525  0.77930834  0.6013778   0.54134896
  0.66381716  0.41304759  0.61897616  0.49915379 -0.28947676  0.07390169
  0.09646137  0.76809245  0.85192728  0.4240197   0.57264962 -0.17155382
  0.27078503  0.46608888  0.12762616  0.67875699  0.21243933  0.38189253
  0.32877559  0.54848789  0.76156339  0.44950848  0.5641515   0.28019695
  0.4912985   0.46114314  0.54212647 -0.01652026  0.54211642  0.54249918
 -0.00199405  0.50632851  0.33556992  0.25219404  0.55671888  0.76844504
  0.1225699   0.72258673  0.46283414  0.78142135  0.38980254  0.51459646
  0.66456869 -0.52719211  0.38446715  0.53817431  0.4273711   0.61437165
  0.21768621  0.38783483  0.11501341  0.40095591]","[ 0.45821384  0.17012243  0.03491703 -0.04080314  0.30990043  0.55493856
  0.50836476  0.55928777  0.35678944 -0.27314277  0.27841191  0.58372789
  0.41976022 -0.09588866  0.58425042  0.20639765  0.50140486  0.61171123
  0.54708485  0.38910055  0.57331085  0.41601509  0.36373228  0.464434
 -0.18858159  0.03620364  0.62697035  0.06136669  0.38953408  0.5317141
  0.66309419  0.51546508  0.14213416  0.53042972  0.07859737  0.65369772
  0.20057878  0.5239775   0.74446642  0.69722263  0.5421153  -0.32273097
  0.61411506  0.2119931   0.79801027 -0.08235851  0.27417855  0.02556663
 -0.10799126  0.82337929  0.47087575  0.16105436  0.72917161 -0.18554211
  0.44871373  0.71866305 -0.45795414  0.72826671  0.25399431  0.60067454
  0.31286557  0.3398005   0.74909418  0.62250831  0.46452022  0.38130825
  0.67823827  0.20803899  0.2740961  -0.18307556  0.03452547  0.65801353
 -0.31153782  0.4967813   0.20682153  0.24076984  0.00397347  0.7802063
 -0.15653035  0.18904666 -0.48342929  0.00627819  0.30062506  0.27032776
  0.62743301  0.45284615  0.26756215  0.29022383  0.63381477  0.69288041
  0.20693344  0.04396444  0.46782812  0.35846757]","[ 0.65316372  0.17424229  0.20469747  0.56795805  0.02413389  0.10556768
  0.22420528  0.62771481  0.49198777  0.64893535 -0.04880666  0.56759616
  0.2353731  -0.49036331  0.69222517  0.38557169  0.62513639  0.22079114
 -0.48496563  0.32335337  0.11727031  0.39050634  0.05226816  0.00231306
  0.59284438  0.24282889  0.76714357  0.3892574   0.58148005 -0.01534285
  0.40944816  0.54052629  0.38849495  0.30242418  0.19458834  0.44952322
  0.5295423  -0.28314949  0.5938985   0.42243201  0.49906781 -0.29089191
 -0.25860237  0.48485804  0.60884337 -0.45884539  0.75146924  0.56980952
  0.43988184  0.59176634  0.05015045  0.1749777   0.44409585  0.22592114
 -0.29085754  0.25106667 -0.33706148  0.52236772  0.55849995  0.48419236
  0.59666361  0.5438155   0.42466978  0.72019702  0.01752794  0.35932187
  0.58967854  0.60299396  0.63178422  0.23134438  0.1981065  -0.09703791
  0.8055      0.193673    0.63024378  0.25779838 -0.22929306  0.6778066
  0.27919335  0.20841198 -0.40184391  0.49591645  0.54850587  0.53011224
  0.35113262 -0.3629668   0.67002022 -0.22104473  0.60748589  0.36442248
  0.63314393  0.31618406 -0.07837369  0.73107771]","[ 0.16498193  0.42813352  0.68005868  0.29831121 -0.0765051   0.3613122
  0.38750648  0.73877808  0.38094964  0.35085607 -0.33461787  0.10104027
  0.61456928  0.31900275  0.77897062  0.54366048  0.62721211  0.75320301
  0.01032185  0.58180181  0.42282774  0.47550507  0.12803952  0.00933059
 -0.08377606  0.51874017  0.81211242  0.59081817  0.15237086  0.01439423
  0.62777335  0.47666438  0.09153994  0.58034378  0.62900254  0.57753279
  0.3359485   0.78029604  0.78106355  0.41269433  0.76167752 -0.16928069
  0.66017702  0.47754615  0.82031244  0.28810547 -0.35438125  0.67403388
  0.10050781  0.75859485  0.48150149  0.59351741  0.15323238  0.60652277
  0.54834644  0.60199923 -0.12933527  0.88883728  0.42766732  0.75945733
  0.28154836  0.66052782  0.74183811  0.79137185  0.57843069  0.33895439
  0.71591354  0.71416528  0.69059064  0.40677435  0.52518259  0.65707561
  0.8154329   0.41316495  0.44445968  0.55987774  0.33861101  0.85399604
  0.37267701  0.31376626 -0.31441795  0.70001246  0.47317805  0.28374737
  0.628075    0.23621721  0.74690071  0.00122464  0.77285865  0.6100124
  0.59651229  0.1525404   0.15188769  0.68793424]","[ 0.28090903 -0.00110977  0.14207074  0.60531297  0.4391684   0.68115321
  0.6078656   0.74526064  0.57795638  0.09462747 -0.02338632  0.22541242
  0.52648248  0.27947959  0.07871518  0.45949384  0.6650063   0.49010762
 -0.40020934  0.59816828  0.52734599  0.49291735 -0.3258628   0.03233273
  0.64449398  0.15370905 -0.25865061  0.78184038  0.28853375  0.51820316
  0.64984721  0.15621664  0.50065453  0.69708425  0.73419222  0.58264341
  0.65835215  0.30779877  0.83776712  0.65744788  0.65102198  0.16948573
  0.88193771  0.41926671  0.38110073 -0.41661801  0.86058085  0.60745459
  0.06179953  0.3769663   0.31195407  0.64551812  0.50515998  0.61289312
  0.42785446  0.69841645 -0.15177942  0.58855105  0.22415655 -0.35244153
 -0.26306518  0.55656038  0.58571934  0.2269713   0.64045392  0.29908785
  0.25473512  0.36530607 -0.46790428  0.096333    0.1399449   0.15218294
  0.49573456 -0.0888291   0.48747212  0.42289632  0.3963972   0.85822476
  0.57891172  0.37072962  0.43013985  0.5444964   0.72357265  0.68358371
  0.51015566  0.65759232  0.66526593  0.26109758  0.646852    0.34936607
  0.41826794  0.6801468   0.50777492  0.66652482]","[ 0.74440986  0.25992155  0.29595415  0.49900719  0.47905672  0.57248426
  0.77212333  0.71750829  0.61184522  0.45869109  0.57773765  0.43773835
  0.60473642 -0.1242411   0.82353633  0.47505544  0.58283378 -0.37232954
 -0.0551023   0.27771503  0.49458818  0.7166672   0.22252174  0.34015173
 -0.03416499  0.24423003  0.83882509  0.60733853 -0.42425872  0.70098847
  0.76803968  0.56639131  0.48685444  0.86548194  0.06995854  0.85056529
  0.72943869  0.81522168  0.81294707  0.84191845  0.58735119  0.35320573
  0.68099664  0.69885814  0.74424515  0.0009135   0.60805662  0.61743304
  0.29501573  0.76739378  0.78117827  0.80611265  0.49606472  0.143637
 -0.42013118  0.73454915  0.16638136  0.78740722  0.80665008  0.35832859
  0.5919961   0.66252753  0.73548635  0.63621838  0.67851444  0.54770768
  0.49377402  0.61515768  0.53437637  0.65999308  0.81977547  0.06097103
  0.80037224  0.51194902  0.55853775  0.44576488  0.41950895  0.67203159
 -0.08711897  0.5240739   0.23510932  0.77900134  0.67777545  0.53608127
  0.69123774  0.06522373  0.73258025  0.73267301  0.78018772  0.77216358
 -0.13812314  0.01438752  0.24706514  0.78176629]","[ 6.80400919e-01  5.63739539e-01  1.89888039e-01  6.93624414e-01
  6.46477330e-01  6.65221679e-01  8.07500405e-01  6.23720445e-01
  3.67884907e-01  4.83712987e-01  6.60813187e-01  6.21233376e-01
  2.01227160e-01  2.74831031e-01  7.35292237e-01  3.54258587e-01
  6.45712652e-01 -3.44506618e-01 -1.82100836e-01  1.23941636e-01
  5.48254627e-01  4.36341090e-01  1.34617166e-02  2.34343882e-01
  4.13735445e-01  5.48110113e-01  8.15516396e-01  8.02066181e-01
  1.45429179e-01  4.04203354e-04  6.56178022e-01  6.89774537e-01
  5.05643130e-01  6.74802213e-01  3.35889788e-01 -9.79585631e-02
  2.49338533e-01  5.70871736e-01  6.88092164e-01  7.07638472e-01
  6.23763265e-01  7.07422787e-02  6.55842565e-01  3.28711678e-01
  2.91025597e-01  4.84527782e-01  6.30476401e-01  6.01271482e-01
  2.52639882e-01  4.33266477e-01 -1.61473969e-01  6.09995846e-01
  4.65877818e-01  6.56980581e-01  1.27991396e-02  5.20561245e-01
  4.09445865e-01  3.83704002e-01  3.00890567e-01  2.02106878e-01
 -2.70531499e-02  2.41215591e-01  7.79443316e-01  5.04534021e-01
  6.56686020e-01  6.10780384e-01  5.52251904e-01  6.72868915e-01
  5.11780642e-01  3.33106612e-01  3.38209542e-01 -2.00589148e-02
  7.64370784e-01  4.29593049e-01  7.25576352e-01 -2.12620984e-01
  3.71418974e-02  5.67173581e-01  3.27679354e-01  1.34709769e-01
  8.64334765e-02  4.67273539e-01  4.60137474e-01  5.71744195e-01
  6.11390139e-01  8.33794130e-01  6.20502060e-01  5.15565230e-01
  6.51547830e-01  7.08610116e-01  7.17433495e-01  2.99839407e-01
  2.97995340e-01  7.31310691e-01]","[ 0.57352559 -0.14232324  0.15666112  0.21990044  0.21434098  0.37898065
  0.73790871  0.67788927  0.58983409  0.48695803  0.19962863  0.46919379
  0.56634469  0.04384657  0.6505412   0.44233209  0.52426263  0.42462715
  0.3673767  -0.30699577  0.00295292  0.15612101  0.4724205   0.13245198
  0.3082985   0.27170299  0.53729626  0.67323491  0.44705035 -0.09820617
  0.59758769  0.53010167  0.2022502   0.7285609  -0.11870604  0.63049611
  0.62987909  0.54719531  0.64313649 -0.37294052  0.11065462  0.42118288
  0.65930982  0.47916314  0.52085302  0.00092774 -0.35173592  0.52781614
  0.08595253  0.63742494  0.26179413  0.65319016  0.32564904  0.59547533
 -0.32338869  0.59572875 -0.07422401  0.71568557  0.24409881  0.46863646
  0.30572299 -0.13681875  0.76770857  0.49146019  0.58202495  0.44963044
  0.44297906  0.60490135  0.47121678  0.09933509  0.60421334  0.11640136
  0.34911651  0.49418562  0.49550565 -0.05462498 -0.53828247  0.68458127
  0.37968279  0.093546    0.64275737  0.73932573  0.44894158  0.74613334
  0.26107505  0.78009366  0.43389845  0.56703609  0.45662635  0.34878343
  0.32646236  0.67202877  0.21022122  0.07590817]","[ 0.78756471  0.36574356  0.56744091  0.42470488  0.54864727  0.46092748
  0.69327787  0.68824825  0.62579587  0.5035391   0.28468531  0.47939297
  0.67248935 -0.62336841  0.77865518  0.56072639  0.66525617 -0.27305684
  0.2289579   0.47647868  0.6265772   0.65378983  0.29696919  0.50001479
  0.35177509  0.42880322  0.84455126  0.76093531  0.41068047  0.51058243
  0.82174331  0.02550646  0.61728098  0.76649795  0.28857448  0.63288394
  0.61671909  0.69209183  0.84620721  0.79860159  0.47177766  0.65248164
  0.71033372  0.61492683  0.81284953  0.52790038  0.60893613  0.71748906
  0.28322747  0.50621573  0.21637511  0.83177658  0.57982823 -0.24138102
  0.36958021  0.62121878  0.24820741  0.60407067  0.72474293  0.53585838
  0.14346964  0.62775891  0.81660537  0.80233089  0.83921631  0.72474264
  0.65816388  0.83986413  0.63175059  0.54432521  0.80650013  0.55052514
  0.81880291  0.71422828  0.65117213  0.44582944  0.14130804  0.72496381
  0.30444782  0.3200184   0.5753292   0.71867187  0.6330975   0.69182355
  0.70216348  0.55858009  0.55071159  0.7235516   0.77335147  0.62058737
  0.77606392  0.27285682  0.3850015   0.56079176]","[ 5.89537355e-01  3.68343882e-01  2.14964264e-01  6.20654138e-02
  3.01265661e-01  4.74460912e-01  7.96781972e-01  2.30082549e-01
 -1.65343664e-01  5.42935060e-01  7.61302891e-01  2.94283354e-01
  5.42566266e-01  5.58229624e-01  2.14826493e-01  2.64889496e-01
  6.01203211e-01 -2.04901536e-01  4.39016992e-01  4.35753312e-01
  5.69942119e-01 -3.10710789e-02  4.20724057e-01  3.32166288e-01
  4.98219355e-01  4.78827515e-01  1.59068995e-01  3.69347215e-01
  2.92940585e-01 -9.67066223e-03  4.84235159e-01  2.29018943e-01
  7.51268505e-01  4.49696355e-01 -1.22717858e-01 -5.42687762e-01
  5.57299726e-01 -1.67162295e-01  4.45593304e-01  4.21804489e-01
  5.24696909e-01 -1.83912555e-01  4.93229609e-01  1.44822914e-01
 -2.50570831e-01  1.84504320e-02 -8.98734941e-02  6.22455382e-01
 -5.64193893e-01  1.62947095e-01 -2.83230114e-01  3.80579684e-01
  3.78257501e-01  3.68130555e-01 -2.94415574e-01 -8.84099846e-03
 -3.82671420e-02  2.76670562e-01  2.87755654e-01  3.92649516e-01
  1.43249553e-01  4.73783204e-01  6.63685751e-01  6.57316461e-01
  3.34848562e-01  6.01074432e-01  6.83756872e-01  3.04544600e-01
  3.67021546e-02  6.38788316e-02  2.19528122e-01  4.33644050e-02
  6.01130184e-01  2.76287721e-01  1.41582495e-01  3.51947964e-01
  3.18243473e-01  5.06919738e-01  4.53030183e-01 -4.56011830e-02
 -1.12632353e-01  3.18404248e-01  4.59406039e-01  3.12316340e-04
  1.81970335e-01  8.23031656e-01  5.09243634e-01  5.46963550e-01
  4.55217352e-01  2.78147520e-02 -3.53124352e-01  6.90069620e-01
 -3.73865065e-01  5.12309166e-01]","[ 0.90220521  0.66955659  0.85118273  0.7359771   0.78121642  0.65573181
  0.90549708  0.83193037  0.78092396  0.83608624  0.698899    0.6814089
  0.90159424  0.61216063  0.7704912   0.76663749  0.94597897  0.82981062
  0.67153173  0.61879862  0.82188796  0.85559332  0.61269294  0.64477704
  0.82006218  0.75655565  0.92221157  0.90193639  0.7854863   0.81077017
  0.84048162  0.47968897  0.69723811  0.86819806  0.73577868  0.84244493
  0.80690916  0.89848502  0.93066691  0.84012758  0.78261594  0.89696597
  0.84700349  0.78026791  0.81718433  0.64465509  0.38464014  0.82983679
  0.74468847  0.60981364  0.70445431  0.88861536  0.63877503  0.90723281
  0.88250377  0.82950376  0.67266046  0.88318583  0.81252962  0.79502636
  0.41062686  0.86034317  0.86581992  0.90648959  0.92848875  0.63806848
  0.88494006  0.88384423  0.90805386  0.86290471  0.83378959  0.81873659
  0.83383995  0.78129556  0.90823163  0.78572441  0.56688362  0.88435137
  0.74994668  0.77335681 -0.2221521   0.87164068  0.79640828  0.56012472
  0.82864178  0.7294482   0.85226337  0.71088765  0.88185548  0.88897053
  0.94836015  0.73290987  0.54304187  0.88761617]","[ 0.66712169  0.0394129   0.24149115 -0.15458761 -0.22779325  0.14242061
  0.80325364  0.72431831  0.52640161  0.6096764   0.19030823  0.46597289
  0.62411007 -0.45864614  0.26846686  0.48870643  0.72062709  0.38828944
 -0.56580206 -0.14497263  0.40743431  0.4718427  -0.16081817  0.25206803
  0.64642184  0.4871047   0.65030211  0.53931138  0.47040337  0.34125383
  0.59254117  0.32221914  0.60717996  0.85140145  0.0397765   0.31565976
  0.37021704  0.35928677  0.74431303  0.43439082  0.62923698  0.32854382
  0.58550876  0.28154836  0.34723507 -0.2435066   0.2800361   0.64299119
  0.13764491  0.29816596  0.13539186  0.46618238  0.35072643 -0.33730526
  0.16169524  0.53115394 -0.4659093   0.05080532  0.46496438  0.52730397
  0.17869624  0.54352902  0.61980223  0.45472326  0.15205364  0.55562143
  0.62424342  0.45308058  0.70755972  0.22985009  0.67309466  0.28809594
  0.62449841  0.37172937 -0.00492778 -0.04047087 -0.01537522  0.74328232
  0.01061258 -0.0384178   0.33395303  0.73823935  0.02985075 -0.05698335
  0.38262365  0.13864248  0.70664772  0.13774182  0.69607325  0.66021548
  0.29044701  0.19826017  0.14636174  0.58694218]","[ 0.65374209  0.23451854  0.27513782  0.28316807  0.28199107 -0.23028066
  0.6644153   0.20145064  0.40795574  0.48612118  0.38137973 -0.17329677
  0.54063823 -0.35533114 -0.21236241  0.48575025  0.36616721  0.47042767
 -0.19893853  0.4020818   0.39760288  0.52840661  0.27167881 -0.09822922
  0.29144459  0.53276414  0.68208629  0.48109653  0.25190784  0.05849873
  0.2670435   0.26722117 -0.33253202 -0.16758609  0.24335138  0.54990725
  0.41999698  0.60499357  0.395774    0.51290583  0.12032657 -0.01120778
  0.17689735 -0.19463935  0.00311509  0.1512888   0.3073421   0.26145894
  0.15495405  0.04751012  0.27850058 -0.27364971  0.38684484 -0.39702642
 -0.11930677  0.33060572  0.34174906  0.47590556  0.06002203 -0.20459624
 -0.4951967   0.42478692  0.77993037  0.51983427 -0.15032181  0.38582586
  0.18167268 -0.17692761  0.26843051 -0.01520756  0.52968929  0.53215571
  0.05842066  0.64662165  0.48294089 -0.13035048  0.02704238  0.67426048
  0.13284442  0.26617607  0.21812697  0.8411118  -0.13793079  0.21178092
 -0.43643071 -0.3667146  -0.05547297 -0.32070379 -0.48626894  0.78973229
  0.56711509 -0.31524528  0.51519145  0.41713059]","[ 0.88242558  0.70639514  0.53153706  0.70842194  0.2409195   0.42569286
  0.35243415  0.64651131  0.79895137  0.61431901  0.84909107  0.67025691
  0.70364092  0.4840292   0.69671349  0.56836295  0.63492072  0.74563342
  0.71377344  0.55867231  0.4938648   0.69379911  0.55861963  0.72706787
  0.42071829  0.65867079  0.83096857  0.53589325  0.53609958  0.72334254
  0.55575571  0.14849513  0.62450519  0.65187632  0.59486381  0.62616913
 -0.08368003  0.60458597  0.62592373  0.68475548  0.36838948  0.61035206
  0.26701565  0.58144269  0.72014747  0.44784928  0.2057246   0.70164134
  0.69000699  0.85083156  0.56833077  0.55284302  0.70105498  0.45756658
  0.62999613  0.50365945  0.4324318   0.69829595  0.46337787  0.61958292
  0.44772518  0.6739299   0.62890722  0.61489249  0.63084135  0.66819287
  0.51538844  0.55894478  0.39712917  0.56753796  0.64175645  0.54181182
  0.76861165  0.57856051  0.51453316  0.55058229  0.47818332  0.68415377
  0.41643142  0.74225903  0.37006324  0.78500495  0.27792626  0.25748027
  0.60831559  0.80739364  0.36665864  0.63697418  0.68054715  0.66482413
  0.75137792  0.52125092 -0.09862416  0.54299505]","[ 0.45429508  0.37459969  0.36533321  0.57536079  0.2569661   0.29981501
  0.51141641  0.69017163  0.77377638  0.271798    0.49180618  0.48198503
  0.232423   -0.27633529  0.32880813  0.61976418  0.66484424  0.14932975
  0.24879952  0.40940726  0.45262383  0.23811456  0.59913023  0.74408163
  0.23696871  0.46534688  0.81090842  0.36518681  0.44037391  0.34861824
  0.53748286  0.20624741  0.32696937  0.60516656  0.56650773  0.72136448
  0.41443163  0.54959989  0.68831047  0.49028523  0.58217665  0.47660759
  0.34234468  0.29044151 -0.22284431  0.38858502  0.14958668  0.31904422
  0.39697265  0.52421858  0.23026668  0.56771263  0.6077533   0.21386509
  0.17786996  0.60001236  0.27392896  0.84983463  0.18593425  0.29017247
  0.1490483   0.65150403  0.70407214  0.59047588  0.54761188  0.68754626
  0.35106961  0.46452818  0.55343868  0.64285522  0.62593145  0.54875768
  0.30187536  0.64113952  0.55499106  0.21641398  0.60084938  0.6251268
  0.47332129  0.60590342  0.30968367  0.7933443   0.42981918  0.60921733
  0.44493535  0.71612766  0.10565185  0.36718992  0.56538133  0.43381871
  0.39508061 -0.13144778  0.22552925  0.41833105]","[0.92891417 0.88195019 0.65650061 0.69997218 0.37259392 0.63625373
 0.66032657 0.65657307 0.7623272  0.67496028 0.88001202 0.75534066
 0.66642196 0.4946948  0.71634082 0.62994467 0.00782042 0.74911863
 0.88386858 0.7452789  0.59065119 0.78578075 0.50814823 0.77294955
 0.42846389 0.68039583 0.85805538 0.43449237 0.67113951 0.68520243
 0.67336779 0.58403966 0.67373939 0.65637111 0.68546162 0.70418861
 0.52641358 0.70448365 0.81550828 0.60169482 0.01226974 0.64066549
 0.47796568 0.71853452 0.70710219 0.58564895 0.62316728 0.69287273
 0.55960626 0.9167565  0.71086624 0.64907051 0.78405527 0.62409052
 0.70820571 0.26930811 0.53152884 0.6035632  0.54958479 0.55792618
 0.4565029  0.7082785  0.56949001 0.83994769 0.67153743 0.80275822
 0.70950408 0.54449223 0.38654322 0.66563194 0.66157413 0.46209579
 0.80429206 0.55471286 0.55213605 0.47207444 0.34761713 0.5801513
 0.40856603 0.70922851 0.30916301 0.79401762 0.47333877 0.4384767
 0.69589782 0.85316327 0.2420209  0.68143824 0.71144655 0.63817421
 0.85255295 0.54598631 0.42028736 0.73932756]","[ 0.78357201  0.84403718  0.4315582   0.60791941  0.27407464  0.64076532
  0.58510472  0.45097555  0.70977578  0.48844284  0.88900021  0.67675676
  0.77781804  0.49253556  0.39313029  0.45989745  0.62020602  0.62872493
  0.40315151  0.36326062  0.35041362  0.83509515  0.5125164   0.71645854
  0.49928857  0.60248897  0.7285271   0.50913978  0.54178683  0.50781911
  0.65571321  0.46282468  0.2318844   0.6662485   0.6904816   0.64814928
  0.5964898   0.73136279  0.75479062  0.58397619  0.3708481   0.54070467
  0.47101528  0.45773904  0.68454807  0.34200743  0.06488369  0.62326483
  0.57225047  0.60575671  0.76107158  0.40557305  0.44450493  0.53568754
  0.77503324  0.62081969  0.5408983  -0.32435511  0.38946416  0.44541815
  0.32171795  0.73806655  0.68633543  0.81073857  0.61765333  0.71743488
  0.43942546  0.61850851 -0.22614129  0.81973053  0.65678173  0.3390113
  0.76327164  0.50223913  0.53098069  0.04846961  0.48404163  0.60567324
  0.60417009  0.72141641  0.39260496  0.78297625  0.41819832  0.65794287
  0.71053654  0.81648774  0.43115396  0.78138238  0.58658664  0.69095495
  0.79784295  0.51474305  0.12338389  0.5441464 ]","[ 0.73304485  0.53981213  0.69048003  0.57624192  0.45762684  0.40583985
  0.43718288  0.84769426  0.81052353  0.28505355  0.59066342  0.62606615
  0.67716643 -0.25988249  0.52358292  0.67742911  0.67810791  0.22970019
  0.49370909  0.54861804  0.32643688  0.71505901  0.70462057  0.82072472
  0.62100844  0.52643435  0.86882782  0.53851876  0.46660487  0.57181326
  0.58331766  0.61382433  0.14020339  0.7522011   0.665909    0.78227627
  0.59052449  0.73931959  0.8358603   0.6408819   0.65114417  0.45823724
  0.47909228  0.51754678  0.46750414  0.45662862  0.53189866  0.3291607
  0.21935947  0.67888536  0.71000337  0.78393317  0.43147507 -0.05336714
  0.59149232  0.58799366  0.62696944  0.89629612  0.72394616  0.73057085
  0.45340287  0.81273076  0.80155302  0.82294135  0.67256306  0.78266839
  0.44876531  0.58378583  0.54009372  0.81735587  0.65498068  0.78254085
  0.7202133   0.68562307  0.65701975  0.55294152  0.6810173   0.81534653
  0.67789988  0.54584915  0.14849475  0.8613475   0.58105054  0.57365752
  0.60840452  0.76929771  0.38723289  0.63759588  0.83804315  0.66253442
  0.49902905  0.21108856  0.17126762  0.10784053]","[ 0.18518932  0.2396173   0.27516861  0.4439529   0.37085232  0.5986975
  0.35134816  0.68003299  0.1869332   0.43513591  0.70585312  0.33176225
  0.39618554  0.2980095   0.62138698  0.37050608  0.3246776  -0.17199985
  0.25551421  0.43964473  0.36644365  0.52175475  0.42532493 -0.35124552
  0.54610158 -0.02762353  0.77191185  0.05174198  0.786977    0.64550226
  0.06921008  0.29777373  0.67706903  0.56335133  0.44644262 -0.05141591
  0.46900099  0.50840881  0.39033113  0.42856586 -0.51521763  0.57868195
  0.29863095 -0.25215222  0.45962962  0.73509827  0.18222322  0.38239653
  0.54459362  0.70452262  0.4081482   0.73162397  0.34583793  0.61887119
  0.56294173  0.1255041   0.37806058  0.6648829   0.58658586  0.59881408
  0.22089299  0.22510566  0.33736743  0.19029624  0.27834384  0.2501392
  0.2074833   0.41606103  0.33858997  0.87977166  0.49352459  0.39460919
  0.2281278   0.38349603  0.59073296  0.51028261  0.41069104  0.75377429
  0.72290332  0.48897711  0.72030692  0.31765619  0.53631683  0.34335655
 -0.0221055  -0.23072006  0.61414663  0.46722547  0.18107155  0.50156061
  0.67174968  0.67479286  0.39308643  0.7120243 ]","[ 0.87191762  0.45215847  0.58052021  0.69429626  0.20042258  0.54189157
  0.33488822  0.52893118  0.79490374  0.39195827  0.79210954  0.55057021
  0.61234251  0.5039897   0.47967677  0.58901332  0.63518683  0.39350541
  0.53531675  0.54334157  0.23130824  0.56482136  0.49594945  0.58639658
  0.38132338  0.51546443  0.8254294   0.43577899  0.58765643  0.55480836
  0.64267066  0.42076567  0.25266337  0.42276824  0.75512549  0.54112703
  0.34787253  0.57968415  0.73895413  0.63476662 -0.09208018  0.71373002
  0.26331563  0.63906227  0.62278592  0.38845291  0.67356496  0.57908191
  0.29229973  0.84638439  0.58729084  0.48850904  0.43349963  0.09189888
  0.53378893  0.49930233  0.54300111  0.51231172  0.5190125   0.42540237
  0.23372287  0.68617989  0.73380997  0.53275099  0.58512841  0.75436161
  0.51164872  0.73206582  0.34753121  0.60878521  0.62658251  0.53411315
  0.70829415  0.5486847   0.53357523 -0.11779795  0.36695275  0.61927343
  0.27234126  0.53812082  0.2941217   0.80600232  0.35665228  0.17496016
  0.7152651   0.75344039  0.0349329   0.74249856  0.62573324  0.68181251
  0.6573122   0.39864771 -0.32265246  0.39270773]","[ 0.79371677  0.42733659  0.51363517  0.37291034  0.40103589  0.48000029
  0.30242486  0.69528446  0.71313413  0.36233018  0.48435974  0.40046471
  0.67561147 -0.33826436  0.28474018  0.57746942  0.691068    0.0392034
  0.49958249  0.25689556  0.33908632  0.2809298   0.65170841  0.62375177
  0.2845468   0.52397964  0.86458887  0.29521713  0.49028587  0.03603896
  0.34680278  0.52745596  0.17634207  0.73996886  0.62904657  0.65736329
  0.43517869  0.61213316  0.80569511  0.4654381  -0.01573204  0.55402216
  0.24598215  0.44859599  0.28267984  0.33425613  0.42547867  0.41957016
  0.43016125  0.50355678  0.40587917  0.75403761 -0.115498    0.69880216
  0.5048384   0.48718091  0.50931164  0.83845582  0.43203757  0.3290019
  0.20456803  0.65465071  0.79006383  0.71753596  0.58932632  0.70987761
 -0.43370898  0.5793997   0.48022383  0.85161639  0.16605388  0.62596044
  0.56183082  0.46626894  0.30297762  0.35098336  0.61669432  0.60758879
  0.57157669  0.4966027   0.0975009   0.75343923  0.27851998  0.5081837
  0.52147901  0.51071057  0.03107966  0.72760304  0.68520541  0.63863523
  0.3784292   0.38419694 -0.26360265 -0.13708442]","[ 0.50683071  0.32234622  0.04758662  0.02475115  0.13138209 -0.1736556
  0.00240517  0.41658303 -0.18385101  0.5095132   0.32959833  0.32921467
 -0.08984947  0.41598177  0.0566572  -0.28959128 -0.26106412 -0.27707551
  0.7537984   0.12321401 -0.09609847 -0.37394514  0.20042715 -0.24815022
 -0.20055645 -0.25449322  0.19978292 -0.12409013  0.73711675  0.32422437
  0.16197345  0.05859311  0.29715841  0.08078057 -0.13705358  0.11075776
  0.49554961 -0.22406086 -0.29334642 -0.38993614  0.22321812  0.27728449
 -0.55693542  0.55099205 -0.35653984 -0.14576897  0.28906225  0.16900897
 -0.19989358  0.25364272 -0.44647928  0.38568252 -0.02046472 -0.00702148
 -0.21939005  0.164045    0.26541837  0.47524918  0.15905542  0.53871793
  0.45725206  0.06683946  0.14648939  0.4154682  -0.4204835  -0.21549
 -0.16361488 -0.37488262  0.39916782  0.40237153  0.46827188 -0.20377611
  0.63111972  0.19513446  0.54815092  0.28690895  0.22864082  0.33082142
 -0.06060587  0.18772351 -0.26029557 -0.06579869  0.31179635  0.39415852
 -0.15918278  0.42094173 -0.08012642 -0.17858303  0.28315497 -0.45650444
  0.1396421  -0.04293436 -0.63551849  0.4836767 ]","[-0.30719496  0.45804341  0.41227495  0.7376386   0.85595421  0.75047983
  0.56079468  0.25670456 -0.23025498 -0.23935528 -0.15611316 -0.26448627
 -0.09447119  0.49906778  0.551207   -0.26872058  0.76408331  0.75972128
  0.33120932  0.29734231  0.4465905  -0.54596093 -0.19534315 -0.45481343
  0.79770395  0.58735374  0.44433504  0.5598867   0.18329262  0.58244331
 -0.38046261  0.47122773  0.19763516  0.46467002  0.51195127  0.61746356
  0.39289963  0.46246095  0.55233008  0.34099029  0.53381692  0.13094216
  0.59161195  0.11157982  0.77212155  0.12605969  0.62088153  0.26833124
  0.50432869  0.49026617  0.26202175  0.7555959   0.48637186  0.09600345
  0.733747    0.53870902  0.06637107  0.50881517  0.55195695  0.24108668
  0.06737156  0.65815764  0.23467163  0.78273982  0.69854965 -0.08323277
  0.64934449  0.45106891 -0.1001724   0.6914992   0.71604537  0.59940697
  0.58302321  0.65868339  0.62278274  0.44685905  0.51128697  0.06248308
  0.62277891  0.68635622  0.4729608  -0.48734357  0.30280039  0.67692324
  0.31047057  0.33030881  0.03700878  0.69017264  0.32007462  0.36813873
  0.204622    0.79360724  0.15068887  0.55040777]","[ 0.48021826  0.21415255  0.24712084  0.66047228  0.75949608  0.51969829
  0.40311189  0.45383691  0.4366915  -0.1673981   0.28717566  0.38517573
  0.12160678  0.34244029 -0.19687456 -0.3811141  -0.19394792 -0.03740795
  0.55384831  0.28581032  0.44247088 -0.47612282  0.21534525 -0.51329988
  0.7416548   0.22657123  0.03380804  0.00679573  0.34626972  0.46729173
  0.40966736  0.58846812  0.52217107  0.36314906  0.03069777  0.52521993
 -0.2142759  -0.21367888  0.73834539  0.20599202  0.57610263 -0.30020878
 -0.49911903  0.44322996  0.34710305  0.30173212  0.59427612  0.43292204
  0.46603581  0.87774785  0.13245225  0.80292681  0.05046246 -0.02231079
  0.62588407  0.40676828 -0.28813043  0.4721608   0.56083618  0.48865098
  0.55317138  0.72200914  0.55329815  0.66681723  0.56462547 -0.13660078
  0.47708595 -0.14001037 -0.15902718  0.68598696  0.50751447 -0.08823236
  0.70707703  0.62581171  0.55771787  0.38141146  0.16176075  0.64229313
  0.5450886  -0.17263142  0.53788038  0.18850407  0.17051348  0.22376081
  0.75124729  0.50635322  0.26795125  0.91888811  0.52935823  0.59141931
  0.53737548  0.62580663  0.09747736  0.20601846]","[ 0.18715713  0.3089027   0.15993985  0.63828936  0.75436942  0.67569813
  0.39254023  0.72496559  0.52656871  0.2202573   0.37642642  0.06502603
 -0.1421541   0.60998451  0.49014505  0.39714006  0.74229774  0.60542949
  0.12295897  0.22712617  0.41354802  0.56286777  0.08296933 -0.36420214
  0.49227407  0.60031086  0.52217669  0.76419754  0.3967807   0.30890879
  0.67696691  0.40633269  0.52297957  0.67302236  0.71252415 -0.08777683
  0.50864304  0.49112619  0.91089821  0.40403437  0.61431708 -0.0190257
  0.68616771  0.20953032  0.00965451 -0.36169351  0.79513178  0.49299134
 -0.01538724  0.28835188 -0.42790448  0.79854999  0.39080095  0.35153734
 -0.09954319  0.69176549 -0.4426383   0.6041804   0.34198563 -0.16572767
 -0.35953115  0.72055253  0.55146649  0.52194157  0.59422135 -0.04377655
 -0.06427939  0.02652141  0.4578084   0.56556858  0.41854394  0.51908372
  0.62581619  0.33542063  0.40103296  0.51526603  0.51455997  0.83654135
  0.07247961  0.18077483  0.53240714  0.65230402  0.50718449  0.70446434
  0.40353017  0.29508727  0.69358597  0.24381231  0.63596288  0.29671785
  0.17520681  0.75327261  0.52214966  0.52710164]","[ 0.35861597  0.54182581  0.31876851  0.63519452  0.65423245  0.48758925
  0.36359829  0.63118145 -0.01615406  0.37892644  0.77309972  0.17618597
  0.2326942   0.4653543   0.50440965 -0.22169876 -0.57285841  0.44315435
  0.71524581  0.23001548  0.47715435 -0.64388049  0.2978315  -0.13981658
  0.38355683  0.41195156  0.52163859  0.37454866 -0.07209781  0.49285351
 -0.20221845  0.51145055  0.40839383  0.38369716  0.37908777  0.82816249
  0.13593736  0.36433578  0.55831858  0.23938112  0.15744092  0.35220248
 -0.04028333  0.21269139 -0.39765414  0.31894055  0.61028986  0.1727492
  0.01468919  0.84802848  0.51731761  0.79274708  0.54258115  0.30645665
  0.16623497  0.5995702  -0.33813112  0.66625423  0.53979139  0.01744185
  0.40783339  0.6226814   0.45081445  0.41637159  0.22979358  0.15177265
  0.64096704  0.16094528  0.14948489  0.55343414  0.44419209  0.17149665
  0.37783284  0.35380126  0.63628313  0.51624549  0.25360366  0.55406502
 -0.34838013 -0.47709466  0.44729911 -0.39000216  0.53503402  0.08908678
  0.68972103  0.02825331  0.25484708  0.77118584  0.30225077 -0.15850438
  0.54913899  0.75210091  0.1232652   0.42691806]","[ 0.46659808  0.33678313 -0.25136331  0.56254698  0.39714993  0.49535828
 -0.00580184  0.41740793  0.014567    0.14362207  0.73645132  0.54402099
  0.61553859  0.42653349  0.24154895  0.17264125 -0.12785944  0.67108696
  0.48572256  0.35675013  0.59310354 -0.250302    0.03689052  0.48447982
  0.40679167 -0.10425195  0.63535058 -0.13645519  0.25044179  0.72305298
  0.20347494  0.76122294  0.45947616 -0.02440655  0.28182334  0.36187406
 -0.58068296  0.27064992  0.21535454 -0.3078359   0.28528797  0.19417027
  0.12526575  0.18037846  0.7147512   0.33267107  0.4188974   0.25456442
 -0.54014208  0.80213873 -0.10893818  0.51295411  0.73207047  0.04165155
  0.12215634  0.65043591 -0.21856147  0.50158589  0.59701106  0.08624928
  0.15943268  0.29432172  0.65708028  0.7954897   0.22214577  0.16382033
  0.37720492  0.00249791  0.29249533  0.52023503  0.61936229  0.37500096
  0.33675803  0.25214733  0.14975543  0.42170892  0.50726686  0.63794756
  0.00260512  0.35586015  0.24556674 -0.57401343 -0.14030219  0.33341963
  0.50477516  0.43591921  0.01122729  0.74483482  0.45407153  0.49650825
  0.18306167  0.62660114  0.22689037  0.10537484]","[ 0.42974704  0.73542207 -0.12757809  0.64672946  0.37663137  0.54733938
  0.76799428  0.28528035  0.303943   -0.11491976  0.62700907  0.62334589
 -0.359951    0.3869012   0.6565532   0.16949054  0.57182281  0.72825964
  0.39161947 -0.0146969   0.43372066 -0.24973372  0.47794006  0.22115976
  0.70777355  0.04226104  0.75467767  0.40395611  0.18327694  0.45376111
  0.5574261   0.4641589   0.70825979  0.28507326  0.66160488  0.25765493
  0.57079934 -0.14441578  0.85817485 -0.19171108  0.79239679  0.39540293
  0.449122    0.00421813  0.07395488  0.69707046  0.63996172  0.52062382
  0.11740627  0.68049344  0.36879601  0.63014216  0.08976586  0.3991264
  0.59302087  0.73267557 -0.31421745  0.67850353  0.72429934  0.41941168
  0.48683703  0.6069663   0.62131951 -0.26435747  0.46511168  0.52105607
  0.69215801 -0.31467894 -0.20417901  0.54279309  0.45260484  0.04030844
  0.74989673  0.56626916  0.57897772  0.35337021  0.20196222  0.66265171
  0.66188412  0.14480368  0.79436044  0.39352682  0.7548461   0.69571016
 -0.00712544  0.34601205  0.20959813  0.80139452  0.70335068  0.76046234
  0.72406529  0.78231585  0.07235407 -0.30209239]","[ 0.14545846  0.31888974  0.633542    0.72549102  0.84469452  0.54301869
  0.56758398  0.4718066   0.16468003 -0.23150015  0.49544757  0.48862885
  0.51931839  0.47669596  0.3646078   0.27585214  0.09355936  0.77012486
 -0.25883899  0.16643637  0.40881784 -0.09974643  0.52485402 -0.05065641
  0.4692228   0.623747    0.83374486  0.53181887  0.44293691  0.26482118
  0.12859819  0.83391515  0.63329743  0.54588226  0.41712025  0.59426128
  0.36613412  0.62489539  0.32138965  0.53143214  0.51519404  0.51612757
  0.26954506 -0.09096565  0.51785036  0.57876886  0.65092828  0.26726258
  0.7756963   0.7776048   0.60671768  0.82066916  0.59701586  0.09660129
  0.47689716  0.29868149  0.3042952   0.75758929  0.56665773  0.51178402
 -0.35048576  0.70573445  0.01865496  0.79325949  0.84511177  0.59843248
  0.70751786  0.81728544 -0.55476187  0.63664912  0.38003522  0.25817088
  0.84687119  0.72769155  0.73616362  0.35371576  0.54238781  0.5629921
  0.22727766  0.34666759  0.70902847 -0.17993029  0.57160256  0.54203456
  0.32772535  0.70838439  0.42153154  0.71293097  0.75039508  0.58798153
  0.71862995  0.78603442  0.44333099  0.78000069]","[ 0.47936309  0.39359399 -0.19388781  0.30710809  0.34359937 -0.11811127
 -0.26462704  0.63502185  0.37296347 -0.19495542 -0.03685798  0.17499416
 -0.26168262  0.06987765 -0.35081457  0.44645926  0.36050658  0.43148831
  0.06089586  0.05148114  0.33606658  0.31007784  0.32103455 -0.00860669
  0.51352075  0.2939336   0.70964352 -0.12380013 -0.19539915  0.56887341
  0.43092321  0.54391116  0.3758307   0.39770159  0.29623651  0.70804095
 -0.05097218 -0.31913095  0.25056112 -0.10101616 -0.14730682  0.32090255
  0.37760168 -0.00307461 -0.39623336  0.5851881   0.25031181  0.40567178
  0.59919698  0.67079619  0.34858744  0.6332913   0.20602808  0.18562852
  0.20131944  0.50495755 -0.03348459 -0.06036601  0.34362672  0.42449329
  0.21453086 -0.3516161   0.48762875  0.57382092  0.38016137  0.5262464
  0.13366206  0.32025276 -0.56744508  0.61839232  0.5441702  -0.22145077
  0.05049553  0.12890636  0.23655834 -0.30697706 -0.05967863  0.71372435
  0.20308174  0.40834709  0.36623819  0.63891482  0.36078373  0.54217818
  0.51702701  0.4438808   0.23249314  0.72580044  0.15461013  0.06382704
  0.28953291  0.73295223 -0.21194336  0.4990774 ]","[ 0.32932635 -0.43213034  0.58120774  0.64525094  0.57039102  0.59713927
  0.64416701  0.54634942  0.35368023 -0.05211882 -0.14871691  0.31290765
  0.17848647 -0.07208204  0.17748505 -0.22931747  0.65811472  0.40687302
  0.24047177  0.59130897  0.38049651  0.28012559  0.35829649  0.10365566
  0.74176301 -0.04531717  0.42619134  0.26403202  0.06747863  0.34864264
  0.45551163  0.22398072  0.51856721  0.38851334  0.68973033 -0.04209675
  0.31739048  0.67462764  0.34539725  0.61489008  0.58508455  0.36503917
  0.30819268 -0.05460343  0.72689191  0.65003913  0.80383391  0.5427836
  0.37229552  0.62953837 -0.28563446  0.03250965 -0.08556555  0.03489935
  0.37034094  0.59698123  0.52335949 -0.12818147  0.70090837  0.35212782
  0.16454738  0.36273691  0.15030422  0.3807806   0.6922945   0.11700014
 -0.06665033  0.69565405  0.59358138  0.38726088  0.78213506  0.52635267
  0.8377234   0.31346696  0.47705504  0.22584355  0.46646619  0.34758028
  0.39356847  0.7774223   0.31117338  0.15101303  0.37011185  0.62741881
  0.32016001  0.20795493 -0.1725771   0.54845237  0.69054229 -0.02912329
  0.44105057  0.59533339  0.37543047  0.28337497]","[ 0.42117591 -0.20328209  0.62495983  0.74773454  0.79415475  0.62341111
  0.322166    0.5170077   0.20210916  0.25420177 -0.17634283  0.16294931
 -0.2097163   0.2240296   0.35000482 -0.15621057  0.5479127   0.54600726
  0.61341879  0.25743214  0.25901755 -0.26372657  0.26888447  0.24315447
  0.74843107  0.30745005  0.15638218  0.51322969  0.36959903  0.61956794
  0.48807613  0.51141343  0.76316912  0.56247881  0.60450522 -0.33848906
  0.25819098  0.68008435  0.73310135 -0.21796226  0.56900779  0.15242467
  0.42701218 -0.07514071  0.59705218  0.39616374  0.6481415   0.61146318
  0.39353652  0.40523608 -0.1625574   0.42294963  0.41738975 -0.15801238
  0.46163987  0.44819552  0.19513423  0.44677169  0.73951398 -0.39559995
  0.15805571  0.38971093  0.31806777  0.64398712  0.56810597 -0.19247366
  0.52023879  0.76765266  0.17410176  0.42469455  0.69225376  0.53015452
  0.80702826  0.32902599  0.7032123   0.34758572  0.22568042  0.62349012
  0.34789579 -0.24696936  0.39399469  0.44036661  0.36204279  0.47340897
  0.57443304  0.12363144  0.34842335  0.25011165  0.56978043  0.43570231
  0.32147923  0.64428268  0.54587256  0.48097598]","[-0.02946978 -0.08020658  0.46333622  0.82666161  0.7043359   0.49221119
  0.1248337   0.65970411 -0.34906655 -0.25228727 -0.0380427   0.29117761
  0.57605324  0.46841484  0.24999535  0.35755588  0.61580813  0.26903862
  0.54036942 -0.40470051  0.38774013 -0.34431837  0.44136217 -0.47102431
  0.69094842  0.28872499  0.72239815  0.68462745  0.32896251  0.37913271
 -0.33300062  0.49968197  0.58554541  0.14124124  0.43418541  0.12885754
  0.48035826  0.64509147  0.75797738 -0.3083833   0.55728313 -0.31682652
  0.13825062  0.04003295  0.07814214  0.29101827  0.73632214  0.078545
  0.23518903  0.28327867 -0.24094908  0.67317107 -0.25542304  0.3838109
  0.27986649  0.79962517 -0.28382621  0.71721244  0.39309863  0.11338199
  0.30061851  0.76301021  0.5539264   0.57112196  0.72263487  0.34113217
  0.50713097  0.73127289  0.30053019  0.47767534  0.32581436  0.15637171
  0.83920497  0.16197671  0.48510581  0.47818088  0.61249707  0.55519743
 -0.16119279  0.05911186  0.31358526 -0.10582393  0.54416342  0.22038444
  0.22632219  0.57362354  0.44490752  0.53272786  0.22327881 -0.18603889
  0.66159786  0.6823932   0.54476607  0.60881154]","[ 0.64650962 -0.39760841 -0.12769734  0.71672313  0.81002579  0.62552774
  0.72903384 -0.23289374 -0.4051218   0.21647867  0.46946638  0.02358869
  0.30966876  0.12162881  0.08061506  0.17624236  0.42435652  0.33999046
  0.27921906  0.02056524  0.52646655 -0.05907581  0.15046251  0.18781682
  0.79697238 -0.16716318 -0.10523241  0.17252715 -0.02486455  0.57475772
 -0.3446939   0.38478476  0.47195474  0.64698907  0.5969536   0.53992226
  0.25292705  0.44310339  0.02848693 -0.29315629  0.63820177  0.4919899
  0.3206227   0.11220402  0.79910562  0.53753643  0.45263006  0.22922493
  0.53491252  0.46996194  0.07403325  0.74984152  0.62876491  0.20331312
  0.61069079  0.55157569  0.27309379  0.60846179  0.21769744 -0.49910714
  0.56109405  0.65700613  0.56346607  0.67767014  0.39804555 -0.55414234
  0.49137895  0.28321763 -0.26524555  0.41208653  0.88322501  0.48414439
  0.68127099  0.42379731  0.86301425 -0.13381389  0.34704229  0.67171749
  0.68123395  0.4963461   0.54826622 -0.42327863  0.45260053  0.63326152
  0.14516743  0.28852863 -0.38339259  0.57538705  0.24313946 -0.29499152
  0.68350855  0.66100156  0.34469562 -0.16821408]","[ 0.67573574 -0.04937648  0.42468726  0.74738512  0.72084709  0.6716082
  0.72650697  0.2104602   0.42360517  0.32907227  0.70993403  0.7255117
  0.67721551  0.133197   -0.46161137 -0.33523293  0.69089707  0.52066524
  0.53081535  0.331678    0.52824715  0.21686007  0.37069954 -0.09655738
  0.81611327  0.14330252 -0.03240349  0.56142727  0.44087696  0.51560846
  0.10746382  0.39660912  0.64699177  0.59740526  0.67910952  0.66953779
  0.33644271  0.60935287  0.4933148  -0.43366059  0.69210178  0.49967867
  0.04222428 -0.21923237  0.81500805  0.47256941  0.5177782  -0.37169812
  0.3970156   0.75531677  0.15081625  0.83244286  0.44024078  0.07929577
  0.66041524  0.50702186  0.29825082  0.67088936  0.31032999 -0.47756113
  0.38627072  0.36398326  0.47276167  0.30344695  0.51496391 -0.24219842
  0.66440435  0.24500017 -0.58040805 -0.28490605  0.63235699  0.27358453
  0.73977079  0.6523577   0.72570939  0.25088584  0.53970531  0.34921458
  0.66573622  0.00713324  0.62029184  0.04623636  0.39027291  0.15958126
  0.09594314 -0.48632846  0.54400494  0.73920699  0.23479344  0.41788889
  0.74713138  0.60118849  0.40383314  0.23494698]","[ 5.61540858e-01  6.99649192e-01  7.70991248e-01  8.61098602e-01
  7.75310370e-01  7.16296463e-01  7.50223279e-01  7.27849557e-01
 -3.72531934e-01  2.33998398e-01  7.01835043e-01  4.32706380e-01
 -4.54280471e-02  3.94619032e-01  7.38706674e-04 -3.08500797e-01
  8.40831423e-01  3.69058785e-01  2.47256979e-01 -1.17321884e-01
  5.66852192e-01  2.68861586e-01  4.44739636e-01 -1.28164355e-01
 -1.68648732e-01  4.68252670e-01  6.16706239e-01  7.06056718e-01
  2.56756224e-01  5.51003935e-01  2.41008896e-01  6.77570684e-01
  6.65265287e-01  8.67957178e-01  6.91899122e-01  7.64843660e-01
 -9.08052711e-02  4.55732032e-01  8.44879076e-01  3.76767561e-01
  5.95664633e-01  6.03549961e-01  5.62453563e-01 -2.64080480e-01
  6.96952588e-01  6.07715808e-01  8.59088642e-01  7.65716744e-01
  6.96077635e-01  2.03817931e-01  6.32996238e-01  7.88996451e-01
  7.10117522e-01  7.27851206e-01  4.24100395e-01  6.75894044e-01
  1.45540423e-01  6.91450496e-01  7.35383584e-01  4.22851558e-01
  3.01862504e-01  6.11175024e-01  5.24064511e-01  4.41915891e-01
  7.41505732e-01  4.74325244e-01  6.78413816e-01  5.50842681e-01
 -8.03738622e-02  5.83497021e-01  6.79395073e-01  5.85222660e-01
  6.79526139e-01  5.09689586e-01  7.42416018e-01  2.27995857e-01
  6.35843420e-01 -2.15856179e-01  3.69578052e-01  4.98399968e-01
  7.31559657e-01  1.30942007e-01  6.08008037e-01  7.35648011e-01
  8.46843681e-01  4.71066770e-01  2.57261410e-01  6.83892736e-01
  6.47757919e-01  7.85524170e-01  6.64912739e-01  8.21540373e-01
  4.13900163e-01  5.33532249e-01]","[-0.12387756  0.42361843  0.4454164   0.47969494  0.8099145  -0.3388026
  0.6902394   0.46296015 -0.31972176  0.1535217   0.70996246  0.04054173
  0.5045523   0.44966624  0.32125615 -0.0854459   0.71315677  0.518695
  0.24095657  0.58280977  0.43249615  0.44855713  0.3837305   0.06361965
  0.56182892  0.59485925  0.69256796  0.56706488  0.33679886 -0.06903579
  0.25798926  0.64812636  0.66720829  0.42998948  0.63262969  0.01100024
  0.28817864  0.61034788  0.39362235  0.5032906   0.25824288  0.20419464
  0.61056281 -0.43247721  0.72822955  0.65986775  0.65096358 -0.2570172
  0.62114963 -0.5337974  -0.06433961  0.63838531  0.42926174  0.60395698
  0.56311731  0.6868946  -0.29760915  0.66154944  0.46023595  0.46643676
  0.21220957  0.52063067  0.44772408  0.69992189  0.57997331  0.36646402
  0.44638947  0.77247824 -0.2346237   0.50614633  0.62754242  0.70878213
  0.69582546  0.33994469  0.49751973  0.16393432  0.44347521  0.24682105
 -0.00567137  0.47944969  0.50789183  0.43427459  0.33465251  0.46087238
 -0.2132486  -0.25437274 -0.17624832  0.44242351  0.49417197  0.68434353
  0.74145233  0.74910933 -0.00625837 -0.33079017]","[ 0.50034922  0.27646386 -0.0503221   0.30435619  0.70749215  0.35099758
  0.77245985  0.4856878   0.24268369 -0.17733975  0.73636322  0.59411957
  0.33964221  0.00239401  0.18101849 -0.38000591  0.44393881 -0.20244323
  0.34846365  0.29837462  0.42900206  0.44007154  0.00984502  0.24773857
  0.66529327  0.30301416  0.58812411  0.1127018   0.23212711 -0.25751638
  0.33773111  0.4924311   0.64885841  0.62190758  0.4842379   0.57215368
  0.27042171  0.73468074  0.14094302  0.27936836  0.56202166  0.34946984
  0.67804375  0.03047482  0.81747823  0.55040508  0.38163922  0.38216363
  0.42550952  0.19490123 -0.17734916  0.77829535  0.46515628  0.5150756
  0.19172894  0.5777938   0.26960236  0.73601046  0.38867442 -0.2464842
  0.22090054  0.52026748  0.51919376 -0.23059739  0.38619348 -0.08373957
  0.62180418  0.60334695 -0.25616074 -0.0175286   0.62227672  0.52081608
  0.64824908  0.25222927  0.65310664 -0.11020693  0.32388019  0.05957168
  0.54560341  0.37904877 -0.1983831   0.23309821  0.26218327 -0.36477172
  0.34580975  0.71750264 -0.29844109  0.16042749  0.43806633  0.74326096
  0.46329334  0.47140273  0.03861999  0.28162031]","[ 0.30250056  0.59052592  0.20138972  0.75959766  0.86850989  0.77296946
  0.80148974  0.56184364  0.08098753  0.55241601  0.70080136  0.59247269
  0.41187931  0.37911088  0.60537892  0.0622076   0.82958091  0.34317987
 -0.49198338  0.46274196  0.6566483   0.34802497  0.46734435  0.3547276
  0.71306269  0.40010004  0.32171373  0.6392063   0.5388595   0.57837715
  0.50543118  0.74910105  0.76278226  0.8166184   0.67667412  0.60416161
  0.41372915  0.78739093  0.67905514  0.53607509  0.51897259  0.67125917
  0.4512785  -0.00672035  0.88651388  0.62325955  0.75238453  0.50742237
  0.44148856  0.2104857   0.58002974  0.78153885  0.65653447  0.65143957
  0.62035796  0.56466009  0.63918027  0.64547744  0.66761347  0.25658644
 -0.03461655  0.58537028  0.32586592  0.7552321   0.74906493  0.27478063
  0.56847939  0.80113075 -0.08577064  0.74172342  0.58394307  0.51614161
  0.85388264  0.53793877  0.76442704  0.41893584  0.62642935  0.35406577
  0.61977173  0.39602079  0.58408382  0.16205439  0.41510376  0.61101338
  0.32246871  0.37933636  0.61219439  0.68489899  0.3887625   0.73431768
  0.69732408  0.88163817  0.05460324  0.71984233]","[ 0.76817364  0.38140317  0.28152065  0.45621877  0.54360258  0.19120784
  0.38672704  0.57460874  0.39440099  0.60253996  0.57740476  0.55789052
  0.61469367 -0.54232756  0.51626192  0.6517555   0.59698051  0.28626286
  0.04701535  0.57128279  0.33877595  0.48747203  0.3071518   0.48232308
  0.52048654  0.35587354  0.80548757  0.19729524  0.56482807  0.59050427
  0.77385167  0.40012176 -0.2136955   0.69218933  0.48200075  0.63678084
  0.59315113  0.53839711  0.62215148  0.57116329  0.47603817  0.22874577
  0.66422683  0.34189532 -0.37186105  0.48985132  0.60362474  0.39710745
  0.19110138  0.66420351  0.71400741  0.66230226  0.21790321  0.37541907
 -0.3267352   0.77173126  0.49533667  0.81090753  0.4003591   0.43248692
  0.48676705  0.71920874  0.80235182  0.6659458   0.73117475  0.75016297
  0.50589993  0.57950564  0.44922624  0.63129359  0.08798301  0.56757781
  0.52327439  0.26999503  0.60391858  0.06947397  0.19833453  0.59801249
  0.5212162  -0.44070226 -0.02741467  0.64443456  0.48392737  0.35509006
  0.55043134  0.54103066 -0.26386107  0.43339137  0.73008992  0.59802828
  0.55503375 -0.17643263 -0.06432312  0.59804617]","[ 0.23510399 -0.12885818 -0.55657717  0.21378944  0.23650679  0.12844337
  0.19385842  0.44422873 -0.27539187  0.42911789  0.64483053  0.16533818
  0.13320895  0.56214598  0.12760958  0.28614651  0.41769666  0.50855215
 -0.11877287  0.236178    0.13694819 -0.01867212 -0.20007579 -0.16136068
  0.33185604  0.4162455   0.38818134 -0.02401459  0.37996121  0.54752553
 -0.55044264  0.54752156 -0.06929927 -0.24726893 -0.03055709  0.3695228
  0.42111869 -0.08326476 -0.45462345 -0.49964232  0.53992143  0.46995843
  0.54845943  0.0315652   0.30626115  0.35058054  0.18504245  0.13130047
  0.33830865  0.67089765 -0.23118293  0.45285855  0.13416443 -0.29316874
  0.09711775  0.44400281  0.2067898   0.40296541  0.55418594  0.15122957
  0.33268751  0.10503073  0.39447651  0.55318049  0.49235967  0.38119021
  0.13650177 -0.10732952  0.41541125  0.41205138  0.61558185  0.5482716
  0.58220135  0.13318725  0.41207595  0.14346351  0.13055431  0.45043631
  0.30455575  0.29444711  0.30159461 -0.34311246  0.49345211  0.45483928
 -0.07314419  0.34257706  0.17109552  0.23211127  0.34686192 -0.4691255
  0.07640148  0.75906854 -0.49809349 -0.09138852]","[ 0.71643666  0.23335602  0.00155229 -0.60208176 -0.2067535   0.06657809
  0.65683447  0.75049339  0.52704742  0.07671144  0.25793596  0.48483634
  0.40347165  0.17708667  0.52252303  0.68423682  0.20427968  0.50743525
 -0.39606953  0.63276089  0.52260103  0.49153868  0.32854706 -0.27609226
  0.56945893  0.52056887  0.53967559  0.5301232  -0.29432155 -0.13402073
  0.64483232 -0.37318538  0.31747869  0.47125179  0.64268154  0.40118957
  0.46882285  0.59554362  0.65985187  0.63959326  0.76667883 -0.57541467
  0.46652639  0.36207451  0.72033408  0.25677525  0.3509812   0.39348193
  0.29088627  0.80369647  0.47254621  0.35400155  0.34754875  0.40497496
  0.376029    0.73437433 -0.42829447  0.8421934  -0.04644518  0.70739718
  0.4125923   0.70237451  0.66845599  0.58875436 -0.0297229   0.27740938
  0.42306568  0.71937976  0.65044481  0.64340453  0.44216209  0.46642718
  0.77145684  0.46211341  0.49514622  0.40365331  0.00620926  0.7348318
  0.29344267  0.30247347 -0.33208435  0.66223948  0.67626043  0.34306605
  0.4925592  -0.5212106   0.49273438  0.69880678  0.66334744  0.59222279
 -0.05239246 -0.209687    0.41643099  0.63677429]","[ 0.56057451  0.44145679  0.47996989  0.77194038  0.64320176  0.69075683
  0.8531816  -0.24599435 -0.54545844  0.25945136  0.42859596  0.35604145
 -0.31250174  0.60853703  0.75323108  0.2730437   0.22752396 -0.33705794
  0.347457    0.27835868  0.65795197  0.60219249  0.47381795  0.09298216
  0.52017068  0.42608845  0.69672099  0.43087358  0.57769749  0.55021129
 -0.05051946  0.77385652  0.74481524  0.66364149  0.41827747  0.39780416
  0.40828181  0.305845    0.69993166  0.35482077  0.34862582  0.4579049
  0.52290144  0.5184764   0.78260626  0.73980826  0.27365012  0.86402757
  0.38148603  0.04200755  0.3278979   0.7295539  -0.02309246  0.72546506
 -0.05746201  0.69561939  0.11003398  0.26871206  0.70617315  0.50734675
  0.57200768  0.30515401  0.42952098  0.37576588  0.31747556  0.03038717
  0.41350727  0.23785051 -0.22406954  0.40258848  0.77491467  0.59686344
  0.75048591  0.35924617  0.60128337  0.50082459  0.61181411  0.2952428
  0.48187823  0.65229094  0.73159866 -0.47231478  0.63801223  0.54090264
  0.38746548 -0.44033088  0.71670138  0.57147546  0.7485694   0.73280436
  0.17555315  0.74547728  0.23430839  0.47240053]","[ 0.7789165   0.22980506  0.62562683 -0.12895487 -0.00538038  0.40282195
  0.8350699   0.62237061  0.66469469  0.28395363 -0.20541208  0.25941342
  0.35894669  0.20194954  0.70040426  0.73884     0.41359992  0.40697813
  0.16156356  0.21219478  0.60276855  0.65258894  0.22401332  0.27303615
  0.45398429  0.07703228  0.31423825  0.39065375  0.23924258  0.35727657
  0.58036251  0.33211815  0.51604474  0.66518155 -0.00710936  0.41014226
  0.70518845  0.25346323  0.87761182  0.66322535  0.14542412  0.8051966
  0.61517625  0.60715228  0.71201523  0.49059107 -0.4203341   0.71416734
  0.58284594  0.22107573 -0.59120129  0.15797496  0.64927694  0.15857583
  0.67592444  0.60820692  0.349418    0.80215746  0.35039443 -0.28958082
  0.18651218  0.5616436   0.58196489  0.57256886 -0.12313874  0.71985715
  0.45054293  0.53955439  0.54495821 -0.59721429  0.78085689  0.44316722
  0.61061112 -0.3186131   0.81619226  0.72807987  0.4095293   0.59846923
 -0.15869438  0.49521387  0.06387613  0.52758539  0.65481414  0.63083518
  0.77316596  0.56953014  0.68528142  0.89334659  0.61927752  0.78359931
  0.51645651  0.12695476  0.29392678  0.49231533]","[ 0.37044067  0.5207138   0.1972499   0.35199882  0.34327159  0.27842221
  0.63768389  0.62093781  0.36918601 -0.03288424  0.77596387 -0.22751143
 -0.1094607   0.03013197  0.29981456  0.45922552 -0.25231718  0.53119413
  0.28018515  0.39229284  0.48261777  0.22054664  0.1889328   0.4029281
  0.40099827  0.35363132 -0.11099545 -0.04607049 -0.10903144  0.33444976
  0.44504643  0.34009613  0.08423084 -0.09735335  0.1005031   0.50557986
 -0.02837856  0.34804397  0.38141137  0.12147897  0.51134925  0.55551408
  0.3376482   0.52911224  0.80675117  0.51259126 -0.12813862  0.48033397
  0.6605643   0.81648553  0.53184247  0.53669071  0.47692728 -0.00862306
  0.35969907  0.47999933  0.31739826  0.42001643  0.19153748  0.4542047
  0.47139649  0.22987399  0.53558985  0.23158791  0.64437097  0.30375521
  0.55240492 -0.45163988  0.23317154  0.45593354  0.72944289  0.5141962
  0.32687728  0.53235946  0.25459086  0.56568466  0.27388758  0.80562881
 -0.00656965  0.08311559  0.55185576  0.47977869  0.33310842  0.20288376
  0.8295368   0.58033218  0.26224378  0.87110748  0.14855765  0.38011591
  0.5546844  -0.31833211  0.12193237  0.05554545]","[ 4.65518956e-01  4.55977188e-01  4.04112432e-02  6.26506052e-01
  2.07157440e-02  4.36132398e-01 -3.65675923e-04  5.48678875e-01
  5.53978474e-01  3.62423055e-01  7.95781455e-01  3.03795547e-01
  3.08702062e-01  3.73851066e-01  7.85683087e-02  5.93442184e-01
  2.07687642e-01  2.69563318e-01  3.71477901e-01  2.47006057e-01
  1.77269544e-01  2.98281657e-01  4.22160706e-01  3.35121796e-01
  4.26470594e-01 -3.73206547e-01  5.06065393e-02 -3.63295721e-01
  4.93243985e-01  4.33352452e-01  7.23646364e-01 -1.31177895e-01
  2.41409771e-01  5.20933323e-01  6.25791442e-01  6.66112924e-01
  2.63943338e-01  5.69081821e-01  4.43895026e-01 -1.98830040e-01
  3.21329447e-01  7.23443240e-01  4.87455895e-01  5.89049944e-01
  7.90569933e-01  5.78124424e-01  5.08527711e-01  4.28759435e-01
  4.88305198e-01  6.89137259e-01  5.45296827e-01  5.81333891e-01
  6.25451494e-01 -3.22140685e-01  6.49348639e-01  4.76880126e-01
  3.66365347e-01  3.26959575e-01  3.82697036e-01  5.93373894e-01
  4.56029607e-01  6.21326943e-01  4.32805288e-01  4.65749892e-01
  1.78565668e-01  4.77798562e-01 -1.96467971e-01  3.78728776e-01
 -9.81903287e-02  2.11084783e-01  7.33936941e-01 -2.11236326e-01
  5.47018810e-01  2.72068151e-01  4.75025628e-01  2.92616348e-01
  3.12998927e-01  7.55080751e-01 -4.19734860e-01  1.83064733e-01
  5.41417286e-01  7.48413357e-01  3.66255360e-01  1.39118178e-01
  8.45059068e-01  4.05683711e-01 -3.52073940e-02  8.04877134e-01
  5.13633942e-01 -4.00622989e-01  7.07886973e-01  4.74514595e-01
 -8.91852159e-02  7.66651682e-01]","[-0.09735334  0.38643952 -0.18873516  0.37479374  0.57374795 -0.34186021
  0.7701273   0.36529374  0.45097032  0.41472962 -0.14617592  0.40246085
 -0.19229665  0.34433253  0.60762814  0.60331625  0.50494423 -0.05220879
  0.21021568  0.06241828  0.28686504  0.21996891  0.44684082 -0.02203361
  0.0050981   0.55812758  0.14288823  0.51814809 -0.20892936  0.32766858
  0.64827437  0.19303898  0.45642973  0.29654572  0.43829484  0.71212869
  0.72278792  0.19849698  0.80582004  0.2591508   0.27655986 -0.06617461
  0.69426545  0.555967    0.60968467  0.52088737  0.73194683 -0.07293267
 -0.03708122  0.25343149  0.55488845  0.517298    0.32568225  0.30994896
  0.2115455   0.34237138 -0.47294556 -0.06464371 -0.16926388 -0.05202414
  0.43188287  0.44665475  0.41183206 -0.27085448  0.17878894  0.26768037
  0.10725264 -0.42757317 -0.23293174 -0.3925736   0.41241621  0.22548488
  0.56467142  0.25710987  0.14004932 -0.00175691  0.44427704  0.64290431
 -0.27626095  0.58096791  0.43701797  0.48617402  0.50900986  0.40424855
 -0.04601491  0.6589266   0.57137995  0.34056167  0.78682239  0.03829492
  0.32871586  0.43260863  0.32088295  0.39064834]","[ 0.7302295  -0.2543765   0.76415614  0.30483206  0.58154894  0.31860065
  0.38432587  0.44237084  0.36372052 -0.33913261  0.56506488 -0.04797897
  0.73595372 -0.1420391   0.5716778   0.46185301 -0.23160351  0.28583168
  0.66587997  0.54018544  0.36193009  0.47225538  0.00363107  0.15586624
  0.23891079 -0.03264331  0.79794073  0.24964788 -0.08649851  0.37701925
  0.77854168 -0.12608907 -0.31663237  0.58526381  0.42624017  0.12011706
  0.17581794  0.40056613  0.75765911  0.5362505   0.36776726  0.6340619
  0.32285168  0.1998586   0.76990083 -0.04878119 -0.18255671  0.32267046
  0.60963277  0.79836188  0.48896121 -0.08682787  0.76545927  0.41580403
  0.442139    0.65935281  0.25339442  0.76309743  0.42281482  0.34489461
  0.5255195   0.22084837  0.62383963  0.59751739  0.14134899  0.59666793
  0.19768361  0.48941393  0.48982344  0.3050933   0.48887874  0.24806117
 -0.32551871  0.14108316 -0.17377006  0.45010006  0.49782762  0.81872186
 -0.40192788  0.42769366 -0.37453586  0.51866955  0.40001171  0.31562253
  0.58036973 -0.42566357  0.01119593  0.91513614  0.61395064  0.61676264
  0.61565518  0.44067177 -0.20404955  0.62392235]","[ 0.48514311  0.52429892  0.63675348  0.39620597  0.65329993  0.46896246
  0.42797024  0.30404035 -0.38065555 -0.24990034  0.14105924 -0.02832734
  0.37302708  0.42465315  0.51659175 -0.30014037  0.43511978  0.57757478
  0.41187866  0.41478171  0.47909696  0.20537516 -0.20083001 -0.47589749
  0.82272873  0.06093471 -0.18268205  0.08391888 -0.0311722   0.4363144
 -0.23226877  0.15361145  0.48631579  0.41514122  0.39503193  0.36427013
  0.28372606  0.46598921  0.51606479  0.48369488  0.28469589 -0.0923078
  0.67482961  0.28779647  0.74722406  0.3966692   0.39670712  0.21635221
  0.12581253 -0.39447758 -0.31729461  0.32701571 -0.39394434  0.31284614
  0.2180935   0.65331195  0.2109882   0.37852902 -0.00105367  0.27513941
  0.13812383  0.27508676  0.24988656  0.39862601  0.47142359  0.27025731
  0.20878928  0.47629167 -0.29745681 -0.0439908   0.38723538  0.60297814
  0.37672537  0.35601976  0.40092891  0.21131148 -0.29856159 -0.22316322
  0.45252318  0.78253072  0.41292982 -0.05798264  0.53632349  0.56562934
  0.5144392  -0.39028955 -0.46785304  0.72566409  0.35815429  0.54248534
  0.16652871  0.29187949 -0.35035152  0.12628642]","[ 0.13994416  0.70066519  0.76324742  0.28575992  0.62837227 -0.21719788
  0.69701273  0.27681452  0.32147831  0.24903836  0.48232551  0.1706995
  0.39927432  0.4541818   0.47143043 -0.00781891  0.58311353  0.20070832
  0.39010408 -0.0850223   0.33047467 -0.15789665  0.20175821  0.49748185
  0.59871033 -0.11396435  0.2232638   0.19466558 -0.20018363  0.13112425
 -0.03449797 -0.00845878  0.2140249   0.55581489  0.53502557  0.06669484
  0.16040519  0.38827795 -0.00483299  0.72862669  0.24718609  0.00151848
  0.60116167 -0.15310102  0.47995296  0.22620527  0.25907223  0.30312558
  0.16280223 -0.04993683  0.41763718  0.61988096  0.18527119 -0.24281542
  0.01400833  0.37112644  0.1417043   0.65842226  0.41654367  0.20975025
  0.23754299 -0.04786321  0.35834393  0.47398484  0.05287452  0.58193984
  0.7074765   0.27658314 -0.28781717  0.11306826 -0.53966325  0.55047061
  0.79364158 -0.25521957  0.25269043 -0.25073858  0.50299987 -0.30222461
  0.25092486  0.66531766  0.3556038   0.34829367  0.04927849  0.12814601
  0.17000142  0.70095601 -0.28909445 -0.52109795  0.69928957  0.33912161
  0.63191345  0.60839272  0.00778171 -0.0163074 ]","[ 0.59601036  0.0589619   0.25654225 -0.27163308  0.10621395  0.46279532
  0.18313511  0.26577065  0.53468029 -0.29409492  0.38264655  0.51123323
  0.61326702 -0.34112373  0.63841705 -0.32375687  0.26371423  0.41108543
  0.01630977  0.37859675  0.45620802  0.23273572  0.15314627 -0.30981562
 -0.53781654 -0.11580336  0.82613692  0.13169381 -0.02949837  0.03617683
  0.70357148  0.21009609  0.38243523  0.59464653 -0.10445721  0.70424686
  0.24788398  0.41775311  0.52552716  0.64818902  0.47666889 -0.15705265
 -0.52881437  0.28521616 -0.38763209  0.29488208  0.43725408 -0.07253889
 -0.4891018   0.606319    0.29062522 -0.23495581  0.46544345  0.0070054
 -0.02285288  0.56362634  0.13819328  0.76457003 -0.06406637  0.35997122
 -0.2247787   0.53824922  0.64598977  0.34236352  0.39040955  0.25101238
 -0.02574347  0.27206073  0.3793792   0.43300488  0.35425654  0.39962216
  0.31199374  0.15326644  0.56581716  0.0401654  -0.38882311  0.40276499
 -0.02426658  0.28755525  0.42849978  0.62769917  0.34554616  0.67453379
  0.09317153  0.5110954  -0.13577501  0.27667294  0.65697777  0.7523434
  0.61947913  0.34980007  0.6062166   0.47376234]","[ 0.69048481  0.15494401  0.16697318  0.02219782  0.20783669  0.26406577
  0.60293713  0.69312535  0.40177654  0.70065913  0.32082382  0.65122632
  0.26580471 -0.36763031  0.68913218  0.37165872  0.5158384   0.19986459
 -0.01876635  0.47047029  0.39308628  0.14819416  0.20026283 -0.01305179
  0.65079752  0.1967377   0.80164506  0.611535    0.42521326  0.49818394
  0.41879865  0.28058316  0.4133437   0.27371798 -0.05365376  0.5461368
  0.52475923 -0.30909378  0.73060018  0.40083658  0.45098264  0.06388841
  0.15892767  0.59414256  0.06831065 -0.42302528  0.66048271  0.61944334
 -0.05302813  0.57926418  0.05940453  0.02087999  0.59977427 -0.13841283
  0.2642451   0.55645714 -0.42017947  0.30662676  0.09257163  0.46659729
  0.41146623  0.53638761  0.61947715  0.37435189  0.18714512  0.57187648
  0.39567216  0.30637739  0.47210057  0.44241379  0.28528706 -0.24122993
  0.83660382  0.18381188  0.7411776   0.11439165  0.0230259   0.70463993
 -0.11807392  0.14577715 -0.33843219  0.61746007  0.70804059  0.17191386
  0.28728719 -0.11913606  0.53987386 -0.13720029  0.49451277  0.40933598
  0.29552309 -0.07821858  0.05245405  0.73131708]","[ 0.78149486  0.16539884  0.28102103  0.2440459  -0.26347455  0.01315496
  0.17520556  0.67584335  0.60620672  0.46034647 -0.22954726  0.61796737
  0.70955176  0.170896    0.69998735  0.58218249  0.56970786  0.73388912
  0.30116256  0.60050339  0.36762085  0.53657045 -0.19970009  0.33169822
  0.55096886  0.52080567  0.84982349  0.33519819  0.23460612 -0.05313818
  0.70855343  0.5341299   0.18423234  0.71642382  0.42463401  0.5255397
  0.1814523   0.8734789   0.75615252  0.3705534   0.80604705  0.14845189
  0.6508492   0.47859409  0.85039404  0.06419229 -0.17983504  0.65242648
  0.03041677  0.78181911  0.56764434  0.6249314   0.75060956  0.48816323
  0.66119292  0.63777286 -0.32883803  0.81604732 -0.11479947  0.64138257
  0.43414956  0.67571778  0.66682891  0.74188276  0.59499523  0.54639437
  0.56391428  0.70318194  0.69282508  0.48027992  0.39683805  0.59489671
  0.65616233  0.5598521   0.4275106   0.41564946  0.36358428  0.82282084
  0.09950028  0.54048859 -0.46310816  0.64787553  0.5807351   0.55152161
  0.75471921 -0.59173584  0.4869454  -0.42028008  0.80081112  0.67394603
  0.65025903 -0.23845315  0.35442916  0.73290686]","[ 0.60083678  0.47103866 -0.14956193  0.78691783  0.77451913  0.8131286
  0.87372633  0.6245123   0.19370583  0.41377327  0.70842455  0.85646814
  0.38547048  0.47217647  0.32651189  0.34056085  0.82373861  0.37108277
 -0.42218652  0.42125457  0.66424491  0.6645188   0.59445178 -0.43927015
 -0.31777101  0.63529284  0.44799876  0.76252839 -0.23577703  0.5962613
  0.64267446  0.68369823  0.56626281  0.88539591  0.58059877  0.76714251
  0.6252847   0.87279783  0.81618958  0.34028624  0.6952828   0.03595353
  0.5397114   0.48981684  0.56011095  0.36462699  0.8239546   0.82718313
  0.33119209  0.6195714   0.08149107  0.67860915 -0.10293697  0.81449186
  0.52222203  0.59656287  0.12000266  0.53876314  0.69940599  0.1858378
  0.43211537  0.50144832  0.26353457  0.02062591  0.46979239  0.49487339
  0.71461634  0.61342581  0.40298313  0.83081509  0.67432896  0.60966157
  0.83465908  0.47706442  0.88480737  0.3566413   0.75577442  0.71716034
  0.14616135  0.32492659  0.71813576  0.21534613  0.76169749  0.532405
  0.82177875 -0.20984373  0.63451015  0.55900973  0.64715176  0.84885749
 -0.32946146  0.57541408  0.39743632  0.72613096]","[ 0.73265449  0.19009611  0.60860524  0.65609782  0.67085332  0.69944524
  0.69681017  0.37929792  0.688993    0.56374518  0.56752388  0.0547601
  0.55719868 -0.10205592  0.76406808  0.58064505  0.51071653 -0.22529605
  0.39988328  0.48588421  0.69145457  0.57447967  0.30316138  0.00356675
  0.11841248  0.21630477  0.70227614  0.56542973  0.38356779  0.44050355
  0.85872642  0.40604206  0.52993998  0.84951187  0.33763047  0.79089485
  0.78376268  0.2077741   0.79416248  0.51881347  0.53538831  0.52519904
  0.47412566  0.69738443  0.49112397  0.30032355  0.46249637  0.6215745
  0.32668633  0.50548411  0.25517381  0.7808209   0.07300912  0.51711717
  0.49372283  0.73217139  0.23759298  0.7592832   0.71878905 -0.19635067
  0.68727925  0.40421378  0.73927719  0.64913154  0.73631728  0.71143719
  0.40789066  0.61744956 -0.06227796  0.41920351  0.77701621  0.00921627
  0.73145221  0.62430829  0.69271865  0.50896894  0.48661845  0.69699409
  0.29874477  0.34969658  0.23741677  0.41895489  0.69395449  0.6958521
  0.56176096  0.71330317  0.55386225  0.68305412  0.80578461  0.84924679
  0.72456851  0.37652909 -0.07658597  0.47918544]","[ 0.84241604  0.65507235  0.60294422  0.74311424  0.77585349  0.70499645
  0.79103425  0.42230476  0.56624014  0.55670643  0.71647976  0.60957286
  0.036973    0.42393928  0.69943938  0.31310224  0.75546447 -0.29497996
 -0.17131447  0.23068524  0.71256854  0.46679799 -0.17128801 -0.22778144
  0.57423526  0.52408687  0.77647353  0.71424313  0.4128588  -0.07393201
  0.67204359  0.74864375  0.58158325  0.71394544  0.35077926 -0.14121434
  0.63835767  0.23882599  0.53061277  0.64826615  0.58757862  0.14553425
  0.73557315  0.60694315  0.21155237  0.46151698  0.65403299  0.62643135
 -0.07792133  0.28287859  0.37744333  0.74421247  0.26265909  0.65949007
  0.48058382  0.67881093  0.54434252  0.6382187   0.69736158 -0.14406866
  0.3180867   0.48569193  0.67384604  0.5872785   0.67450513  0.63668272
  0.56715218  0.75802081  0.45892855  0.37280388  0.28260781 -0.3728159
  0.78467428  0.39733178  0.87243329  0.05611829  0.4078924   0.39150177
  0.26786009  0.23564878  0.49409808  0.44295872  0.39988115  0.58621866
  0.58784687  0.79665437  0.63463683  0.3678579   0.67425679  0.81924506
  0.73606999  0.62097973  0.4665547   0.76696737]","[ 0.73469421  0.41934654  0.63343291  0.60451346  0.70324919  0.66132228
  0.75309091 -0.16725208  0.03254691  0.33424692  0.58931828  0.05679179
 -0.36082866  0.32631239  0.71407527  0.2514675  -0.29083518 -0.36189475
 -0.11743208  0.3873214   0.48747631  0.37481273  0.27311874 -0.01648583
  0.74939966  0.46737897  0.09798204  0.63231629  0.31392341 -0.14715106
  0.52868829  0.47675521  0.50121591  0.71875017  0.0780548  -0.43600476
  0.74449348  0.05440643  0.13050189  0.3066352   0.07880294  0.08860318
  0.00389011  0.44373286  0.45558294  0.17872001  0.66195865  0.76958909
  0.48611588  0.41861273  0.43305889  0.64653071  0.02561253 -0.08118053
  0.65553005  0.56119974  0.26157796  0.42219295  0.48588358  0.37754424
 -0.088555   -0.02285982  0.76524511 -0.18984631  0.68168053  0.33912197
  0.0256179   0.32890359  0.21910326  0.64838748  0.17502426 -0.27799471
  0.51246848 -0.10002312  0.71673784 -0.06111794  0.24488571  0.31427633
  0.36390613  0.18966717  0.57561794  0.15626419  0.37263003  0.6986469
 -0.02211309  0.87646671  0.57595163  0.59889784  0.61118947  0.64770574
  0.55880408  0.41081374  0.49077771  0.75653215]","[ 0.76480183  0.53839856  0.62423389  0.44756096  0.71434999  0.7952096
  0.79312962  0.00519999  0.2656777   0.50799451  0.6434658   0.24938006
  0.60546691  0.54276171  0.79296575  0.30683865  0.52801447 -0.34617758
  0.08939163  0.51230162  0.63716151  0.68703268  0.05080051  0.1228163
  0.15570578  0.38447414  0.34718669  0.63710831  0.27212702  0.38075
  0.63090137  0.55475803  0.6315385   0.74965428 -0.08745873  0.58888883
  0.67866768  0.3542952   0.69787021  0.4151688   0.61937602  0.22299159
  0.62418729  0.58187167  0.71704855  0.39326845  0.86522228  0.70190564
 -0.14499294  0.45793863  0.1639303   0.78781876  0.08067376  0.42395147
  0.33581278  0.65717913  0.18194244  0.67083033  0.74779788  0.31756695
  0.04943406  0.45489411  0.67411297  0.58493204  0.56657861  0.6884781
  0.13123408  0.57172524  0.39225273  0.75291114  0.62268563 -0.37318605
  0.79611997  0.251388    0.37842458  0.2300315   0.35232988  0.65798888
 -0.20351932 -0.45710807  0.55890717  0.5249358   0.61995113  0.67171777
 -0.35942358  0.61274088  0.62587192  0.23534617  0.59591096  0.7251417
  0.7468946   0.46611824  0.22364971  0.70764461]","[ 0.75178357  0.57189746  0.27995793  0.4337563   0.58867918  0.59732093
  0.80344853 -0.08560845  0.14422085  0.34782147  0.75672863  0.09604352
  0.46916087  0.70256271  0.58598541  0.17388323  0.59741769 -0.36433564
 -0.01882712  0.49074197  0.66900681  0.46364063 -0.00339077 -0.06121472
  0.76510502  0.66944052  0.06885421  0.41735474 -0.32226497 -0.13984982
  0.44439754  0.41215585  0.82783755  0.58657417 -0.32457266 -0.19864549
  0.59858203 -0.1363707   0.41342917 -0.18802491  0.58348246  0.70576083
  0.40472747 -0.00785945  0.05251032  0.36946669  0.44898713  0.58509077
 -0.29518254 -0.07799134  0.23901294  0.3469812   0.02701715  0.42513197
  0.18129882  0.12369209 -0.42881948  0.54072904  0.21259931 -0.41880145
  0.21619562 -0.04614555  0.61546935  0.35044286  0.35084423  0.68725034
  0.78797466  0.34174849  0.0575805   0.7019948   0.55585023 -0.12122133
  0.7767083   0.06705861  0.42752319  0.63192652  0.37075121  0.40550076
  0.33619851  0.22215565  0.4494408   0.50246712  0.35762548  0.43545985
  0.08447098  0.82780261  0.4288479   0.43884893  0.49931691  0.06170038
  0.49926755  0.72595441 -0.01506309  0.42237456]","[ 0.76537113  0.2176869   0.60631657  0.30164336 -0.13892908  0.30095649
  0.83919923  0.4394561   0.37845587  0.6961986   0.71933504  0.61736212
  0.64455327  0.28695787  0.63918121  0.15504123  0.12841615  0.26939283
 -0.16551437  0.49524167  0.56837282  0.25149679  0.49809829  0.01319714
 -0.3479971  -0.05392104  0.40259917  0.25761802 -0.24483534  0.14206976
  0.74781681  0.29009668  0.67072476  0.77548446  0.44997139 -0.52638186
  0.71417731  0.53103787  0.67515879  0.52901897  0.66344048  0.11356054
  0.74205575 -0.01386061  0.04299438  0.42890377 -0.21875364  0.47984696
 -0.06025186  0.29691448  0.00500809  0.55542477  0.2408154   0.5673976
  0.2123771   0.58285737 -0.55215374  0.68083325  0.6518283  -0.21070719
  0.19433166  0.51086768  0.66722164  0.58157283  0.687639    0.76706734
  0.61115301  0.50010742  0.15490564  0.51021103  0.29776953  0.5834496
  0.74342605  0.1898788   0.57044995  0.18404647  0.30928555  0.70907203
  0.35972202  0.29276161  0.55573895  0.64055563  0.48907605  0.39158169
  0.45370878  0.19442446  0.52721814  0.49814172  0.73575766  0.58514041
 -0.22070787  0.70444616  0.22194326  0.7550846 ]","[ 0.59945261  0.16499029  0.54534741  0.49251587  0.64813868  0.42757182
  0.85534593  0.54615846  0.12692119  0.47436179  0.52297354  0.278733
  0.2705129   0.46739507  0.66625592  0.36659521  0.34032934 -0.43894472
  0.23942884  0.1462217   0.68372398 -0.00636597  0.61370695  0.03441816
  0.07364874 -0.01931108 -0.2020788   0.4194208   0.73598542 -0.29479734
  0.1047712   0.49885149  0.54009503  0.59369406  0.6647746   0.31347894
  0.72896095 -0.18872851  0.80874148  0.45008142  0.32986522 -0.00641118
  0.80136352  0.34538497  0.32817469  0.25569101 -0.38716223  0.65281283
  0.25063919  0.29932167  0.54326692  0.17965888 -0.30718807  0.36560799
  0.45461994  0.51701958  0.03540695  0.41468754  0.28611326 -0.02881392
  0.29193302 -0.27827886  0.17230759  0.34270357  0.54622621  0.23592779
  0.38106738 -0.31629329 -0.47998176  0.47141691  0.03243813  0.63622295
  0.7649374   0.389412    0.31652367  0.33908196  0.16159889  0.45465446
  0.52876108  0.38407488  0.51382581  0.45947084  0.3853471   0.407889
 -0.51415136  0.60087596  0.55557076  0.25725087  0.64176112  0.73882646
  0.37485134  0.43917887  0.42833995  0.50591491]","[ 0.55586133 -0.00489233  0.11695733  0.71109324  0.45444113  0.08637197
  0.8640095   0.4150968   0.39948529  0.0023626   0.34174648  0.28057231
 -0.4875658   0.29432538  0.65592103  0.48723884  0.69388548  0.26629867
  0.42324591 -0.43286438  0.40402692  0.08144686  0.36271907 -0.17568758
  0.20649295  0.50931585 -0.31951746  0.61296131 -0.44517841 -0.28401225
  0.26988883  0.33940259  0.6109983   0.75339553  0.35797049  0.19499357
  0.74343146 -0.26708508  0.74741275  0.44840688  0.41249377 -0.25917403
  0.75414895  0.46020327  0.2463527   0.10066008  0.44840465  0.07491894
 -0.04279479  0.15437557  0.33329714  0.03416022  0.03218312 -0.21407902
  0.32131729  0.5284338  -0.4788201   0.37659924  0.15383197  0.19452139
  0.28563131  0.31030467  0.47184181  0.46015511  0.57065411  0.71934264
  0.03638007 -0.40195547 -0.42541196  0.66340274  0.08429083  0.11846356
  0.58938848  0.21273438  0.63704024  0.18184304  0.24588063  0.59071178
 -0.23159337  0.44612021  0.42098626  0.44810329  0.51064212  0.42939262
  0.29611799  0.75232528  0.4497694  -0.31780268  0.79263368  0.77312227
  0.44898821  0.61186844  0.24023307  0.64810056]","[ 0.4796245   0.29035953  0.33419467  0.22198238  0.44484224  0.17440824
  0.79608398  0.66671363  0.21396656  0.43376991 -0.09313338 -0.03175671
 -0.07070584 -0.1418804   0.53122775  0.43891287  0.6442809  -0.28711178
 -0.04022023 -0.2859715   0.46840949  0.28518581 -0.13129512 -0.14192519
  0.64222067  0.5487243   0.51324551  0.57663639  0.03710837  0.19630745
  0.49543702  0.14737421  0.65626909  0.72679923  0.14482995 -0.31737404
  0.4887042  -0.10835845  0.60774951  0.19178764  0.62343846 -0.37033292
  0.6520456   0.28913624  0.35252585 -0.39463978  0.51357004  0.56425531
  0.0657498   0.22495273  0.42747328 -0.12604238  0.27199084 -0.26215918
  0.18438176  0.50372431 -0.45543071  0.22132417  0.48269436  0.36470475
  0.29228272  0.29979255  0.45163497 -0.09678954  0.3823103   0.70286529
  0.27452605  0.34425441  0.42152079 -0.02667782  0.34150479  0.02282404
  0.74068052 -0.33064687  0.47803536 -0.1118776   0.27613854  0.63266151
 -0.35029     0.42852168  0.44297518  0.50069003  0.32024611 -0.38271693
  0.04147592  0.59763787  0.62374844  0.61520017  0.60297675  0.52003577
  0.07813317  0.63046606  0.25078079  0.61027935]","[ 0.74549947  0.62916762  0.24670463  0.53136751 -0.15448593  0.0951062
  0.48993166  0.04682181  0.53169131  0.74638244  0.41641784  0.09545808
  0.48330601  0.51628957  0.28506541  0.56611134  0.44358125 -0.35933344
  0.17089877  0.54396904  0.28200108  0.18109275  0.5350791   0.57257371
 -0.2253206   0.65743076  0.79748476 -0.27856609  0.03845521  0.29603043
  0.47297865  0.4058432   0.38423884  0.44776988  0.30070553  0.32654846
 -0.04741602  0.66795227  0.40886973  0.46660309  0.27356146  0.67197479
  0.21335293 -0.18032776  0.35328582  0.33076484  0.34919843  0.24950954
  0.5668805   0.66981831  0.68313982  0.57447243  0.55936935  0.38039295
  0.5711542   0.41998586  0.66775918  0.6683681   0.26307942 -0.27802522
  0.43183606  0.69665786  0.74870112  0.64268259  0.55345371  0.27808921
  0.37540603  0.60107208  0.49445623  0.54964222  0.56178156  0.05854065
  0.46323541  0.64064543  0.37756472  0.2241715  -0.13916495  0.80791641
 -0.17751045 -0.23399894 -0.09648659  0.68358896  0.40077201  0.07488824
  0.52598429 -0.0188868   0.62544121  0.70387391  0.66195123  0.02828946
  0.70741703  0.02234816 -0.03866345  0.23855996]","[0.83481072 0.8216262  0.5441171  0.74614752 0.45052497 0.27349366
 0.45155191 0.70192341 0.75662717 0.73471235 0.85242466 0.65852411
 0.74515898 0.56637581 0.70077802 0.58740081 0.72994839 0.71342665
 0.61904389 0.75695218 0.64717507 0.72983402 0.68948346 0.81601149
 0.50063683 0.72667525 0.86177839 0.52457824 0.52081442 0.75653376
 0.72949913 0.56358089 0.23109721 0.6793374  0.71657257 0.74314565
 0.39994507 0.66609436 0.7011033  0.72753258 0.58901682 0.67416456
 0.44393917 0.63316042 0.7979328  0.38854169 0.52930613 0.65867131
 0.79366067 0.87929585 0.57274005 0.53809763 0.72658095 0.6006235
 0.69184141 0.57622187 0.62072607 0.70463924 0.41846284 0.67646828
 0.6264426  0.81235903 0.76150149 0.67448918 0.74911497 0.74397268
 0.66797324 0.6567     0.7378417  0.6566573  0.67385485 0.64737886
 0.61943084 0.70983543 0.65694886 0.5705124  0.72440736 0.75981788
 0.63641118 0.82755207 0.29126002 0.87953674 0.49901241 0.55765468
 0.70256252 0.77937368 0.67641463 0.71128775 0.78922843 0.72437356
 0.77135511 0.52340979 0.46429779 0.68273088]","[ 0.75821855  0.28997603  0.52182759 -0.23405489  0.30753007  0.2783672
 -0.24044367  0.70168779  0.39716974  0.43426744  0.74245124  0.3764622
  0.30534222  0.42357813  0.02432673  0.03071078  0.13482522  0.44550904
  0.4400553   0.0302084   0.19488385  0.11337144  0.48178156  0.55975416
  0.49781601  0.34858309  0.68203226  0.0878383   0.6772148   0.44398312
  0.57405029  0.14029283  0.46615835  0.24625565  0.38062993  0.60767756
  0.40402073  0.65393976  0.37237395  0.04249646  0.32978875  0.54764289
  0.37061712  0.50102419  0.59581185  0.66265277  0.18081093 -0.25127673
  0.35334902  0.76603444  0.19959239  0.69368303  0.59917384  0.31794309
  0.26342249  0.17693924  0.51474585  0.65156301  0.55922961  0.61687181
  0.29736249  0.65185307  0.56589164  0.45479332  0.40877785  0.40218054
  0.30988373  0.31791095  0.09606969  0.44612723  0.65871019  0.3391358
 -0.15900136  0.66198339  0.61080153  0.39320592  0.49997161  0.65304361
 -0.20529181 -0.3002574   0.60221007  0.48586608  0.25388432 -0.17928912
  0.5424163   0.35757287  0.69521565  0.76446258  0.66216939 -0.2482923
  0.70041392  0.32518305 -0.22098952  0.52916903]","[ 0.89714816  0.77379663  0.66740853  0.73798246  0.38083472  0.68185288
  0.6102501   0.50200985  0.7304737   0.71645517  0.92038041  0.71371604
  0.57648323  0.64074665  0.65318694  0.60178016  0.30431768  0.70001826
  0.80238004  0.66343345  0.51292647  0.7540381   0.55638222  0.73642304
  0.60394504  0.65138311  0.77732318  0.30964571  0.63105902  0.70381282
  0.59165998  0.59909548  0.50088678  0.71197127  0.6928655   0.75805607
  0.37418337  0.72657425  0.81583036  0.67259775  0.22012097  0.62645104
  0.34171048  0.6791306   0.74086537  0.52234763  0.51164457  0.52416775
  0.6890613   0.91402949  0.64235596  0.43797638  0.72402031  0.6921832
  0.71711599  0.52926138  0.60088143  0.41153723  0.51250455  0.52742128
  0.53932421  0.75273831  0.70093007  0.7421695   0.65376708  0.77180247
  0.7345231   0.22754429 -0.10369837  0.69030799  0.6244967   0.44868075
  0.85602305  0.54078306  0.56489052  0.50645454  0.49571415  0.56141598
  0.49507794  0.70109485  0.38955294  0.78119352  0.45374614  0.48472101
  0.70261204  0.81528735  0.31794915  0.6595257   0.66886053  0.51519178
  0.79630503  0.61293372  0.20506099  0.74648147]","[ 0.62784819  0.77060445  0.50052305  0.53699716  0.28677812  0.53449233
  0.62727658  0.75840988  0.77815633  0.37584993  0.81167984  0.55682005
  0.79362784 -0.46209655  0.56933998  0.50020319  0.68832534  0.37637877
  0.5171882   0.57206161  0.61376861  0.65313888  0.71147499  0.75102721
  0.52881484  0.65271505  0.7986984   0.47488759  0.37227311  0.71791186
  0.57095188  0.59236586  0.46002907  0.77503879  0.66205849  0.67199479
  0.52747134  0.68764746  0.82106188  0.69594529  0.59663078  0.54179393
  0.50792903  0.47322804  0.65830724  0.30505953  0.01308184  0.46129492
  0.53106265  0.62943797  0.51989637  0.59831104  0.42996875  0.502075
  0.7343555   0.55825953  0.63180329  0.81895257  0.63031687  0.63935825
  0.38479382  0.84488131  0.74786951  0.73874611  0.67620323  0.76146631
  0.5569913   0.55709077  0.33413104  0.8342056   0.50198756  0.7457492
  0.57027027  0.71669262  0.46420536  0.56583804  0.65948682  0.64251396
  0.54617526  0.74156365  0.20766298  0.82682577  0.5469914   0.58302106
  0.65228406  0.72407662  0.49261395  0.67363869  0.79570675  0.73388433
  0.5749597   0.43764114  0.15743465  0.18962072]","[ 0.85604935  0.51433841  0.6210894   0.68805357  0.43281882  0.31817413
  0.51032757  0.84284698  0.77318524  0.54770216  0.66259929  0.72151687
  0.67919611  0.28966183  0.6421426   0.75322468  0.83522681  0.2954416
  0.4931811   0.64064564  0.574692    0.65770074  0.75678846  0.80013677
  0.79745629  0.70486691  0.88248511  0.50573471  0.65981114  0.65696316
  0.69716585  0.60009151  0.38477996  0.8441278   0.66194642  0.81520658
  0.7100559   0.80813289  0.86073965  0.70378872  0.69364003  0.60909488
  0.62666753  0.59129787  0.40185107  0.36569006  0.64954215  0.52454755
  0.67290939  0.68163832  0.76123713  0.87439642  0.58983176 -0.17583605
  0.69863472  0.73514118  0.81709806  0.91107369  0.71325484  0.76442888
  0.60149193  0.79558971  0.84810585  0.84430477  0.81014797  0.8332482
  0.64362538  0.78275222  0.66181953  0.87817113  0.77839269  0.8121652
  0.68527778  0.81880274  0.7584006   0.54613476  0.71494161  0.81778466
  0.71895946  0.62281677  0.39037779  0.90656065  0.57261155  0.54652596
  0.72975824  0.76549571  0.60831383  0.7434436   0.83269922  0.6442374
  0.45428387  0.34138678  0.31908249 -0.30268908]","[ 0.87029315  0.61274507  0.56214652  0.78030526  0.24312769  0.6766794
  0.32311193  0.60912741  0.73928353  0.5906399   0.90193356  0.58956897
  0.62391213  0.52676458  0.54620452  0.42705882  0.58560748  0.35401265
  0.67254872  0.46035288 -0.41005725  0.64963008  0.60220561  0.74382247
  0.34931994  0.69522987  0.78064487  0.41545999  0.65347814  0.63717843
  0.61389399  0.347791    0.39236006  0.77760626  0.73638576  0.67400478
  0.09975016  0.73287253  0.5753366   0.53950628  0.34642113  0.70856344
  0.06955635  0.71154301  0.75325365  0.36554485  0.67104796  0.51853974
  0.59884965  0.90841525  0.67746691  0.55366727  0.57582091  0.37269505
  0.70125384  0.59781003  0.46583025  0.70237287  0.3858212   0.54587741
  0.4205414   0.70458071  0.66587463  0.53629877  0.6205164   0.66512765
  0.42246768  0.60196644  0.52997017  0.53041188  0.53974709  0.61663321
  0.74696197  0.65135017  0.56463003  0.12982097  0.44484344  0.6855389
  0.53929181  0.67493957  0.1349388   0.73625786  0.40392172  0.19373712
  0.71643686  0.64986049  0.21548221  0.80203809  0.63934776  0.62739944
  0.79700071  0.56031165  0.15417762  0.60120264]","[ 0.7365817   0.14098813  0.25164561  0.34908529  0.42228932  0.3974136
  0.14859532  0.3446918   0.73952955  0.31059847  0.58557092  0.22986241
  0.55592133 -0.24004032  0.23239271  0.2369593   0.46514921  0.26642991
  0.46211788  0.36371918  0.1547497   0.18328065  0.5459023   0.66680455
  0.208964    0.49938391  0.74277678 -0.00318441  0.4808291   0.02534066
  0.42908753  0.44527532  0.59216827  0.6515757   0.59803628  0.62173036
 -0.08056995  0.47814018  0.69230344  0.51952009 -0.36013385  0.51188044
 -0.06749992  0.40056978 -0.34167708  0.52295351 -0.2705078   0.04700415
  0.44088682  0.52832704  0.12562484  0.45291046  0.26552058  0.35009681
  0.54275913  0.55361987  0.42397725  0.68952812  0.27169617  0.41899684
  0.10266864  0.61842514  0.6838159   0.58902808  0.63517804  0.63362244
 -0.30936741  0.07397608  0.32241592  0.85840048  0.21185564  0.60981045
  0.26056699  0.5693501   0.19945091  0.03305335  0.42282102  0.29193876
  0.35191166  0.49267362  0.25553492  0.7248508   0.12478561  0.44915102
  0.511729    0.56620224  0.35358808  0.68269884  0.67313081  0.70880713
  0.42241491  0.39020475  0.14848832 -0.35049288]"
"[ 0.42839141  0.31302126  0.24396745  0.47378952  0.24655442  0.19835053
 -0.29903253  0.39387278  0.19803397 -0.11822756  0.15519827  0.04263825
  0.09556374 -0.01910318 -0.04800012  0.43976884  0.18514782 -0.25261521
 -0.34820671  0.15547198  0.43649087  0.45110851 -0.18445054  0.29886529
  0.25333595  0.00687881  0.43471704  0.02903505  0.32793693 -0.32332181
  0.56810467  0.35387885  0.114881    0.57045841  0.3104568   0.1790187
  0.41479282  0.50325553  0.38750891  0.51244419 -0.18507186 -0.16312671
 -0.49285288 -0.08051409  0.53979389  0.03486511  0.2049418   0.21845485
  0.3338542   0.55037575  0.14364145 -0.05608763  0.27794777 -0.01026922
  0.12595091  0.38463693  0.25028064  0.08560476  0.28651043  0.42694765
 -0.10365568  0.49818215  0.69567551  0.46333037  0.34771853  0.58274064
  0.44046322  0.26127097  0.40438777 -0.27089729  0.33435648  0.27370411
  0.26612105 -0.34463167 -0.15391071 -0.06712185 -0.24114047  0.7665924
 -0.20748992  0.36865375  0.00718358  0.61812331  0.10933042  0.46650368
 -0.38857086  0.37884305 -0.31647669 -0.29763997  0.39081007  0.3962273
  0.47877228  0.31715397  0.43332278  0.31144434]","[-0.35709616  0.16405535  0.39837978  0.30669091  0.28292191 -0.28488144
  0.40508487 -0.20074627  0.11544526  0.655422    0.27134213  0.41381285
  0.3162252  -0.46899156 -0.4437736   0.4102494  -0.20086288  0.63712687
  0.16772738  0.47697405 -0.21634325 -0.21706497  0.17735237  0.46224825
  0.81608367  0.0621606   0.74044385  0.2801907  -0.2174622   0.54982973
  0.61443492  0.14474493  0.28352719  0.71917401  0.07192229 -0.34194536
 -0.66137832 -0.44380206  0.63968928  0.79516603  0.36128673  0.56875706
  0.55639248 -0.15767862  0.74287012  0.51142159  0.07248201 -0.4069949
 -0.00193907  0.46674499 -0.03792738  0.71543709 -0.22058276  0.162385
  0.54782336 -0.24483944  0.19303363 -0.32016828  0.16897343 -0.49280659
 -0.43221577 -0.34046145  0.49079946  0.61789417  0.04831509  0.50303582
  0.50055268  0.54245567  0.26918475  0.67857993  0.39325735  0.27515915
 -0.55069786 -0.07509301  0.14873959 -0.13554211  0.07065996  0.78863121
  0.11548257  0.76933437  0.01016737  0.34042844  0.74356035 -0.4693136
  0.79843885  0.01973802  0.3084071   0.55577432  0.47488274  0.81061916
  0.36639624 -0.00127969 -0.04434995  0.13457064]","[ 0.23807495  0.46434782  0.77449653  0.12393159  0.60410192  0.00527665
  0.65112913  0.49803758  0.11970077 -0.18231194  0.6899992   0.65223836
  0.71450635  0.1803238   0.54609358  0.44656919  0.39701935  0.40668369
  0.55022634  0.51645069  0.0915548   0.64762079  0.15138412  0.17011015
 -0.22707156  0.20555306  0.59972828  0.55654563 -0.41230766  0.33893771
 -0.34357566  0.19609425  0.56747079  0.78143766  0.59145294  0.80694295
  0.4464491  -0.1871911   0.08905419 -0.46598306  0.59120441  0.14579111
  0.56174155 -0.01931115  0.3876756   0.7535004   0.67870912  0.14464913
  0.3311054  -0.20025503  0.43432854  0.50733478 -0.1358734   0.5003902
  0.59671461  0.5083554   0.17397517  0.26798545 -0.11664635 -0.2330317
 -0.40873002  0.41562186 -0.40771222  0.09276775  0.50514334  0.17145882
  0.43986521  0.69202818  0.18513923  0.13767208  0.34410898  0.5158021
  0.37192023 -0.32456396  0.07456559  0.22631089  0.22624695  0.12224868
  0.61597432  0.19285493  0.0884839   0.40521747 -0.12651651  0.63040051
  0.0170021   0.63874891 -0.04410233 -0.41608231  0.68357292  0.7567256
 -0.18474201  0.49002937  0.5556273   0.36714951]","[-0.20376032  0.06532162  0.3451518  -0.00551738  0.59846956  0.11819598
 -0.34552966  0.29716351  0.20265529  0.45255069  0.37017437  0.18100616
  0.50703901  0.03884761  0.1059521  -0.46898633 -0.55052542 -0.00702102
  0.14721328  0.40417509  0.61079834  0.32647828  0.37038702  0.5152049
  0.43755227 -0.06944096  0.33390617  0.55571319 -0.18969178 -0.031154
  0.54750868  0.02800175  0.47358014  0.20774869 -0.43400985  0.2527024
  0.2739119  -0.41937502 -0.21191794  0.80466648  0.35610329  0.29656744
  0.44918465  0.35880855  0.814224    0.36014054  0.22835728  0.57175616
 -0.18050992  0.86859184  0.39383057  0.11301374  0.6764778  -0.13278947
  0.37002862  0.62306966  0.40603237 -0.22929639 -0.21129115  0.02589389
  0.54692455  0.26149218  0.60678929  0.69131225  0.38476977  0.23237118
  0.26560298 -0.40133882 -0.38138249 -0.28617621  0.59100478  0.58804611
 -0.61575849 -0.19160546  0.40409752  0.36797877 -0.34278117  0.48990167
  0.64263535  0.64278007 -0.36103746  0.54412336 -0.28140445 -0.32586385
  0.7949743  -0.28664464  0.18591656  0.62384878  0.68096674  0.43122604
  0.40942143 -0.00223934  0.21448287  0.38858333]","[ 8.28614751e-01  4.68505650e-01  2.55565804e-01 -7.39919386e-02
  4.78839855e-01  4.27020633e-01  7.22508880e-01  6.01778896e-01
  5.80405649e-01  5.35972565e-01  3.92716356e-01  1.83067894e-01
  5.21547134e-01 -3.70674008e-01  3.63776926e-01  4.38328162e-01
  3.66209461e-01  4.80430440e-01  1.80502963e-01  5.48365627e-01
  5.13651102e-01  5.28116797e-01 -7.06889143e-02  4.28860782e-01
  1.88792549e-01  4.65373152e-01  8.42525110e-01  9.78462818e-02
  6.67676374e-02 -6.71289100e-02  6.09797955e-01  4.93717790e-04
  4.59994953e-01  5.72084439e-01  5.38990067e-01  7.56030785e-01
  4.39544190e-01  5.81743749e-01  7.40190846e-01  6.90158099e-01
  4.47803881e-01  3.80939452e-01  5.16635445e-01  3.39882350e-01
  5.80854225e-01 -1.51221287e-01 -2.26520734e-01  5.29212778e-01
 -1.95076884e-01  8.00860728e-01  3.74068789e-01  4.61696415e-01
  5.21478237e-01  3.17634273e-01  3.86560151e-01  5.95704033e-01
 -4.51769898e-01  6.25070388e-01  2.64593441e-01  5.68424967e-01
  3.95155363e-01  3.68349512e-01  7.15157422e-01  7.34084704e-01
  4.23421701e-01  6.12272245e-01  6.81659570e-01  5.08666700e-01
  3.98364267e-01  1.60173438e-01  4.75838652e-01 -2.08555486e-01
  6.72673830e-01  3.52498772e-01  1.61633811e-01 -4.22900610e-02
  1.74149051e-01  7.32670101e-01  2.97727847e-01  5.20121650e-02
  1.10416857e-01  7.09036222e-01  2.66937094e-01  2.61683411e-01
  6.00477748e-01 -5.29832253e-01  5.56049879e-01  6.54633599e-01
  7.20454529e-01  6.44485991e-01  5.64864198e-01  1.25768857e-01
  1.42386872e-01  2.18388184e-01]","[ 0.6517817   0.45255322  0.17092741 -0.38577807  0.23694494  0.31860104
 -0.18408459  0.58327601  0.41875925  0.47879726  0.12494667  0.39686364
  0.6958082  -0.17257373 -0.27922352  0.43777539 -0.22097657  0.55510293
  0.58867924  0.49668311  0.40193227  0.47840125 -0.30818158  0.56211432
  0.30229027  0.21907529  0.74051049  0.24542509  0.58081517  0.05035172
  0.57375898  0.39227363  0.25639123  0.5828861   0.2563613   0.53135212
  0.18772937  0.26628366  0.61317724  0.37154889  0.45563282  0.01322966
  0.52337337  0.31824296  0.37375694 -0.1348839  -0.44634601  0.57707841
  0.06208154  0.73950829  0.52267449 -0.20760796  0.68256359 -0.37450733
  0.07566665  0.70516147  0.13176751  0.32689099  0.19637956  0.62132965
  0.68404298  0.51302595  0.67477364  0.71658091 -0.00677621  0.59654653
  0.63624671 -0.30590356  0.39776032 -0.49090735 -0.02894969  0.41018121
  0.60103288 -0.18504961  0.37941546  0.11284061  0.06071051  0.69546968
 -0.10444912  0.14487675 -0.41909125  0.54575008  0.25318653  0.57286543
  0.27867061  0.00849931  0.55482572  0.42775537  0.68936875  0.62824776
  0.67131067  0.58106926  0.19544651 -0.03921134]","[-0.20023397  0.18241438  0.51719716 -0.31247265  0.59785551  0.47154548
  0.65732192  0.37544961 -0.39379388  0.36475308  0.61904994  0.32445895
  0.62909335 -0.087659    0.33477634  0.4818824  -0.11688786 -0.14989196
 -0.23864099  0.34908308  0.30886057  0.47867968  0.27692398 -0.04622664
  0.32372047  0.29584326  0.47042415  0.5223373  -0.41042806 -0.27857356
 -0.07934243  0.18211732  0.5019554   0.52898963  0.56346223 -0.15940952
  0.3832346   0.1154202   0.27812132  0.28189383  0.23369041 -0.27880873
  0.2927154  -0.19759585  0.65199775  0.1870711   0.24354521  0.49564968
  0.13447353 -0.01917234  0.36582958  0.38673169 -0.25120286  0.03078528
  0.50204547  0.47776196  0.34913358  0.34317823  0.16822743  0.31224599
 -0.1926855   0.13115641  0.60459908 -0.24084644  0.26702891 -0.11559299
  0.37506819  0.69458683 -0.24561803 -0.28101064  0.10630114  0.44403413
  0.63526119 -0.24643259  0.12175551  0.21230716 -0.08054911 -0.04297319
  0.29754305  0.29773484  0.030298    0.14401122 -0.28718381  0.38850309
  0.36173483  0.1096424   0.21791205  0.23932289  0.55373778  0.78609175
  0.18418827  0.55413374  0.59654821  0.46013625]","[-0.02585941 -0.2281203   0.35699652  0.11921484  0.21802076  0.16378423
  0.26251007  0.37514345  0.04406526  0.33658142 -0.41596242 -0.38304577
  0.32432168 -0.14198216 -0.20734024  0.37377751 -0.27290667 -0.06095248
  0.72223191 -0.29706987  0.40245595  0.39428223  0.03650863  0.32837649
  0.44189608  0.01446458 -0.31652619  0.43042418  0.11432969  0.33650072
 -0.09453982  0.15014352  0.31527822 -0.22458427 -0.23242742 -0.20589156
  0.53338273 -0.22074112 -0.14910707  0.22481086 -0.02086211  0.09312506
  0.54093495  0.00767161 -0.35635461  0.17348482  0.04376903  0.49893405
  0.16599395  0.59233557 -0.31105855 -0.32991682  0.3498357   0.19784797
 -0.10945034  0.71147578 -0.33564551  0.00858348 -0.35560057 -0.05522604
  0.62047418 -0.29085963  0.01206262  0.0100048   0.49908817 -0.41391366
 -0.00914533 -0.35727794  0.07140206 -0.56806061  0.59707231  0.76874826
 -0.31566305 -0.24610275  0.46819873  0.35977211 -0.27514124 -0.51665051
 -0.06404867  0.34375948 -0.20484246 -0.04771533  0.10247972  0.17548674
  0.10384464  0.42106062  0.22499087 -0.56827299  0.56228412  0.53939088
  0.64872732 -0.17956245 -0.07782951  0.31049839]","[-0.41237995  0.11833966 -0.24980567 -0.29639431 -0.20467409  0.06453669
  0.49131633 -0.3682614  -0.40729756 -0.37091439 -0.13325499  0.45100531
  0.04361235 -0.10273219 -0.17614043 -0.43169358  0.07255557  0.50399916
 -0.04687668 -0.0616368   0.57013433  0.43016682  0.46806779 -0.22814012
 -0.26183617 -0.11863012  0.37753468  0.24948906  0.34854734  0.10294027
  0.04801785  0.39380765 -0.34239615  0.38587809  0.12097205  0.33827562
  0.36474639  0.38025877 -0.28930964  0.3267467   0.23913674  0.03063649
 -0.25766339 -0.22389448  0.39742714  0.524423    0.09827664  0.20159601
  0.23849465  0.60824727  0.53884522  0.24478288  0.31559011 -0.14313269
  0.23050156  0.33860209  0.04000777  0.15226305 -0.19214138 -0.30802385
 -0.00116471  0.03571548  0.68363217  0.39166853  0.34726117  0.11778792
  0.21159874 -0.20263987  0.39959821  0.27427449 -0.01423201  0.14441916
  0.19270747  0.33855183  0.38764359  0.2972597   0.43953553  0.65818331
 -0.01347747  0.24429897  0.27768502  0.67625783  0.59310191  0.26722495
  0.63104329  0.31407124  0.60970945 -0.05043896  0.02683215 -0.50582376
 -0.18791686  0.31328128  0.39422662  0.16945014]","[ 0.28182622  0.13683733  0.23116947 -0.47971784  0.28774568  0.40425756
  0.53304251 -0.35296057  0.08633603 -0.18738851  0.605082    0.17432929
  0.35497073 -0.50604413  0.29733727 -0.54874384  0.31596309  0.19054202
  0.2764859   0.35516649  0.45204218 -0.30907136  0.21393491  0.06282966
  0.57493172 -0.11859311  0.68868849  0.14726556 -0.15033583  0.23059469
  0.38155969  0.6461177   0.51596159  0.48823993 -0.40739906 -0.2152248
  0.44752792  0.59914924  0.49508214  0.67625164 -0.09714919  0.26671649
  0.21296215 -0.00280339  0.32046643 -0.38965919  0.35109878  0.67343673
 -0.31821781  0.3545997   0.63545682 -0.44900793  0.17682791 -0.44947484
 -0.22206364  0.61026809 -0.17044442  0.1861441  -0.1879394   0.31243787
  0.07784712  0.1904227   0.67016692  0.73675075  0.17083214  0.39873228
  0.3133135  -0.04733918  0.13558928  0.316052    0.37334474  0.65345739
  0.07051612  0.39939164  0.33639236  0.11208215 -0.08755142  0.63127272
  0.5313208   0.14460804 -0.02186787  0.11725203  0.40791666  0.02264327
  0.42560718  0.64960623  0.5540474   0.39896445  0.18525073 -0.32084696
 -0.30090284  0.60282288  0.475168    0.37253935]","[ 0.62009202  0.42720364  0.42266127  0.3754144   0.27996413  0.1193533
  0.44850045  0.35016303  0.42473769 -0.28808416 -0.06289724  0.67862554
  0.25393165  0.16114876  0.42560743  0.23900451  0.62833214  0.64210129
  0.08917706  0.48123508  0.18833139  0.56811144  0.67017909  0.45856551
  0.45365671  0.49313418  0.65003445 -0.10085351  0.35808783  0.24743816
  0.17011969 -0.30413342  0.29723937  0.6075016   0.4235098   0.6401734
  0.22451178  0.70497198  0.70174081  0.51554909  0.43173493  0.5196894
  0.54131206 -0.39573068  0.75943329 -0.3813529  -0.61068759  0.34870523
  0.09444286  0.83471401  0.71091123  0.36491766  0.66678311  0.01723304
 -0.3086559   0.51201518  0.0539656   0.19454591 -0.20127946  0.16584345
 -0.08058413  0.02837364  0.56644688  0.36051838  0.3186142   0.3901587
  0.39656769 -0.04930534  0.23999795  0.51636326  0.52564132 -0.32177501
  0.66010639  0.49582786  0.48488984  0.35204263  0.25879723  0.77363045
  0.73229944  0.44032935  0.12171509  0.74144992  0.27298727  0.54991925
  0.38081885  0.30952412  0.36502014  0.63506136  0.61575634  0.57965913
  0.42520819 -0.06024842 -0.2895085   0.53964184]","[-0.14078447  0.11685205  0.45025054  0.28933139 -0.19871714 -0.50388517
  0.11100434  0.20995037  0.43167203  0.77153557  0.36626477  0.13905185
 -0.19767086  0.30674846 -0.34731451  0.21751899  0.10613912  0.49085046
 -0.59524375  0.31318972  0.42912886  0.25347361  0.36880204  0.14571078
  0.83467153  0.18196208  0.84739309 -0.29721694 -0.07693474  0.30893896
  0.55208843 -0.06285405 -0.04926433  0.821619   -0.42747335  0.53967025
 -0.51696443 -0.38717835  0.53692252  0.62224915  0.21904892  0.65574326
  0.67345838  0.28227395  0.80132813  0.68288524 -0.04357986  0.32854835
 -0.36117954  0.42288542  0.57330241  0.57423681  0.47839765 -0.36749806
  0.59163352 -0.31034017  0.33584566 -0.45464895 -0.00690448 -0.38131277
  0.14564672 -0.42164832  0.40618513  0.56910828 -0.04765978  0.4293699
  0.45440661  0.64317535  0.40128753  0.43561775  0.3706734   0.47536478
 -0.57392015  0.3070207   0.00591148  0.09633453 -0.16852256  0.71367795
  0.42075408  0.81341875  0.31567062  0.00797065  0.17314139  0.1304978
  0.7112382   0.01639879  0.19000539  0.61726351  0.52608864  0.65859638
  0.42866482  0.0973138   0.2185877   0.12353586]","[-0.30787822  0.51823127  0.35694114  0.54504594  0.40252884  0.30234282
  0.83801394  0.10957867 -0.43204375  0.14666415  0.74257778  0.57835978
  0.7094344   0.11074412  0.52050754  0.47049687  0.61509037  0.2257572
  0.51638055  0.57266312 -0.1221824  -0.34067435  0.39284524 -0.0065957
  0.64627041  0.48818517  0.33676046  0.72059123  0.10871415  0.40438199
 -0.22365936  0.27421963  0.56040105  0.81502959  0.64166275  0.73250853
  0.53247045  0.45213526  0.48585876 -0.32081711  0.54975328  0.08044053
  0.59165304  0.18579956  0.66294712  0.68035722  0.68239045  0.3009588
  0.4366609   0.05463035 -0.00262609  0.71541791 -0.02730272  0.65331302
  0.70117652  0.33649858  0.21824006  0.59045614  0.36816872  0.24334575
 -0.2743975   0.1261701   0.05259423  0.45047335  0.61723967  0.13525006
  0.60401393  0.77789471  0.07535421  0.34915999  0.35166428  0.57920285
  0.54758238  0.0042968   0.63981297  0.18924009 -0.08196017  0.46980738
  0.75541913  0.3658507   0.31344274  0.54098438 -0.3061848   0.4797336
  0.80783852  0.80227313  0.14542495  0.49563308  0.67707013  0.43862108
  0.30728399  0.43752438  0.55260064 -0.34090887]","[ 0.15625195 -0.0916941   0.47753282 -0.29420759  0.40599321  0.48241869
 -0.30223853  0.23515619  0.22551543  0.52589169  0.31325195  0.59132681
  0.48337714  0.09462287 -0.22319062 -0.36651035 -0.28309772  0.30945972
 -0.26962344  0.44343766  0.62180421  0.49586254 -0.31475591  0.42685155
  0.46579299 -0.02193382  0.43985906  0.20263842  0.14244282  0.09205154
  0.55170124 -0.25687041  0.47180925  0.37516287  0.03778707  0.3767051
 -0.16684491  0.21469485  0.48150302  0.73384589  0.55291664  0.31431559
  0.83107465  0.33001583  0.86104069  0.59237724  0.30241258  0.18675207
 -0.28093856  0.82090482  0.42020481  0.16008882  0.6646361   0.23207927
  0.31163407  0.73398845  0.39368287 -0.14985662  0.06868775  0.23436206
  0.5512827   0.30358747  0.56615416  0.83637155  0.50749181  0.38814675
  0.38345251 -0.31132129  0.3668812  -0.4038811   0.76044352  0.57818086
 -0.22303027 -0.3929401   0.60674471  0.2228152   0.28010394  0.28467816
  0.53317081  0.42287478  0.13808366  0.44829042 -0.29016704  0.26906298
  0.60512944 -0.31045646  0.28320682  0.6257449   0.63876369  0.34082729
  0.45757256  0.06666882  0.23107656  0.45644858]","[ 0.7535908   0.39625675  0.04907645  0.31143669  0.46993594  0.41410358
  0.6817103   0.50926643  0.4478065   0.34336244  0.17132301 -0.07619528
  0.41517838 -0.21419481  0.23152105  0.37089215 -0.21728839 -0.04490719
  0.01437139  0.42937317  0.47454716  0.25701121  0.01037869  0.28374401
  0.30505987  0.32406807  0.69117377  0.17223586 -0.27486065  0.29867625
  0.53742063 -0.01101314  0.54562033  0.29860993  0.57348486  0.53541815
  0.19826782 -0.22854386  0.6672772   0.4395541   0.41018268  0.28781166
  0.20664307  0.21425452 -0.42617289  0.34475586 -0.09111757  0.24996547
 -0.37196701  0.73717229 -0.28967919  0.38023459  0.52698486 -0.1584769
 -0.26546853  0.55654286 -0.44252858  0.52088052  0.35013993  0.36880869
  0.38768746  0.13036226  0.69215864  0.53094421 -0.19954432  0.52842394
  0.21459674  0.07683705  0.26686085 -0.57477792 -0.1558471   0.09401104
 -0.21668418  0.03566058  0.16857113  0.30125059  0.09858936  0.59275413
 -0.43838056  0.03539049  0.47351478  0.64671374  0.10166313  0.22000652
  0.52334129 -0.57582943  0.32222091  0.72007261  0.72219632  0.62987543
  0.28603482  0.54607227 -0.12446734 -0.06470249]","[ 0.6986914   0.37806041 -0.09044718  0.09619805  0.59582761  0.34733418
 -0.01296609  0.5222361   0.34218686  0.51999921  0.00370538  0.44639073
  0.55144909  0.00245247  0.32104584  0.47298423  0.50257098  0.44408812
  0.37666411  0.56631645  0.51960433  0.48869056  0.24840415  0.04429464
  0.36720658  0.13488206  0.65731201  0.38066795  0.3693503   0.41155791
  0.34461559 -0.17458561  0.29304692  0.62744445  0.03985838  0.55129579
  0.29171119 -0.13999786  0.66993188  0.51985404  0.50922253  0.32895291
  0.50033299  0.37492989 -0.18823074  0.19720902  0.0849832   0.54360462
  0.06082947  0.7506746  -0.31044645  0.61837396  0.64925054  0.15309363
  0.09436482  0.7677443  -0.57431791  0.52336279  0.14254597  0.40877392
  0.64929796  0.46812841  0.67445398  0.42594829  0.36894239  0.57594847
  0.5352488  -0.41229824  0.55107537  0.34080999  0.46992408  0.32062861
  0.76067418 -0.40667848  0.62877769 -0.12962632 -0.301956    0.63263568
  0.51221455  0.02858884  0.29341379  0.45977354  0.37183611  0.73195372
  0.09740388  0.28651773  0.6263968   0.63695117  0.71109812  0.56163704
  0.20254379  0.67617889  0.011308   -0.07235942]","[-0.12761221  0.38850098  0.5613936   0.36176188  0.68195093  0.3752828
  0.75368046  0.07067961 -0.34517497  0.05236297  0.75594201  0.40584017
  0.63569618  0.32245184  0.19675926  0.24019693  0.44564808  0.27867793
  0.51341103  0.3429914   0.14511804  0.19587637  0.36173003 -0.10944075
  0.44985111  0.46730447  0.620819    0.67100197 -0.29958398 -0.11677982
  0.02124612  0.29949978  0.50815757  0.33604286  0.61204497  0.51250591
  0.45926022  0.11237388  0.37005572 -0.38875793  0.20742251 -0.23690737
  0.74595832  0.1217481   0.6541378   0.49910696  0.41574179 -0.10942025
  0.50515586  0.28899661  0.12693562  0.27776531 -0.23334397  0.67266948
  0.54698892  0.25181667 -0.09315273  0.62098132  0.41075997  0.31604474
  0.01468361 -0.45696723  0.46282327  0.25232842  0.54493181 -0.07414922
  0.5086038   0.69230651 -0.23260978  0.24566938  0.00207207  0.52047788
  0.5850656   0.48650695  0.62680111  0.04421912 -0.44426821  0.3188588
  0.6010535   0.72853628  0.41126188 -0.55805159  0.11128331  0.60363833
  0.64146595  0.61000873  0.18178922  0.08356183  0.65184372  0.63411883
  0.27855925  0.58127104  0.40204578 -0.26061407]","[ 0.4599095  -0.27439492  0.41327043 -0.14045499  0.05974797  0.29256977
  0.12472372  0.50924536  0.27099419  0.26030799  0.10429657 -0.34265921
  0.40341595  0.08586022 -0.29075722  0.47799447  0.45450128  0.43817199
  0.59392959  0.18739751  0.29277696  0.17175139  0.36553946 -0.00095798
  0.33551206 -0.03562898 -0.3679287   0.59479169  0.21579256  0.50239867
  0.37403382  0.19353316  0.09482161 -0.27010998 -0.12767864  0.4800246
  0.50435593 -0.41702342  0.14566745  0.3405085   0.19301139 -0.31468012
  0.71874386  0.20568845 -0.21160082 -0.20753375  0.27829328  0.48981663
  0.18470902  0.50703491 -0.09832218  0.59662753  0.57527343  0.48137081
 -0.1505286   0.83006621 -0.16201726  0.29527798  0.21050507  0.162506
  0.66771692 -0.57194676  0.47881641  0.35642639  0.56090329 -0.3414447
  0.228915    0.23177237  0.36962051  0.01516818  0.61182446  0.49202639
  0.5858946   0.16757609  0.6928907   0.22693529 -0.13938735 -0.07368799
 -0.0884037   0.26958897  0.25850991 -0.10014088  0.25126273  0.472662
  0.38614854  0.1849837   0.49555209  0.11747863  0.63523383  0.4687693
  0.44097659 -0.05290796 -0.14893213  0.33324468]","[-4.03290369e-01 -6.04047777e-02  1.69945818e-01 -3.99777986e-01
  3.88563231e-01  1.93918334e-01  4.96289162e-01 -2.07497212e-01
 -2.62597778e-01 -1.03226072e-01  3.17399449e-01  3.51656444e-02
  4.34495162e-01 -5.63134380e-01  2.58923112e-01 -1.68543142e-01
 -3.73882740e-01 -4.61396129e-01 -6.70733423e-02  3.34964835e-01
  3.21696381e-02 -1.86050383e-01  2.01130534e-02 -1.17885374e-01
  3.87672881e-01  5.93608825e-02  7.00838271e-01  2.34279027e-01
  2.73200753e-01  1.98614173e-01  3.12572631e-01  7.08307350e-01
  3.77176090e-01  2.99748763e-01  4.15418412e-01 -1.33446385e-01
 -2.64593512e-01  2.46843134e-01  1.67870316e-01  6.66594083e-01
 -5.20128971e-03 -5.33313245e-02 -1.03982004e-01  3.08991019e-01
  6.59038332e-01  3.87794931e-01  2.00044621e-01  3.27170691e-01
 -4.24659323e-01  4.31563876e-01  3.38448197e-01  9.03917937e-02
  2.79124817e-01  2.28937955e-01 -2.39390890e-01  3.89344175e-01
  2.37816550e-02  1.00037312e-01  2.15442876e-01  3.44311592e-01
  9.19439968e-02  7.88365750e-02  7.51286140e-01  3.77958438e-01
 -6.09287888e-04 -2.59632061e-01  4.95856507e-01 -7.86886818e-03
  2.57425289e-01  9.98714246e-02  2.14553899e-02  3.27903259e-01
  3.41599668e-01  2.93789985e-01  3.95573471e-01  3.32207656e-01
 -7.37996593e-02  5.22039193e-01  4.30350936e-01 -3.13476952e-01
 -3.42605221e-01  3.04592454e-01  4.12692350e-01  3.90427695e-01
  3.82917897e-01  4.69067769e-01  1.74972024e-01  4.25010599e-01
  1.31243829e-01 -2.28533418e-01 -5.27518381e-01  2.04540695e-01
  2.20947395e-01 -4.81848861e-01]","[ 0.22409274 -0.33790171  0.2712599   0.14891241  0.49710571  0.52897482
  0.58066703 -0.45723503 -0.21950334  0.37390152  0.7054946   0.41476135
  0.40273922 -0.41920904  0.59137718 -0.51697524  0.26079309  0.3666197
 -0.02766285  0.43117772  0.27002902 -0.3175261   0.12091107 -0.56927876
  0.525915    0.10675091  0.58847794  0.0236325  -0.2748912   0.32837142
  0.56863674  0.54690674  0.83135299  0.24779067 -0.47281839  0.58487761
  0.57053207  0.44086394  0.69856425  0.70168889  0.5435372  -0.30690812
  0.28230022  0.2291244   0.23354713  0.42698403  0.5132312   0.58240585
 -0.25993527 -0.35099003  0.25476088  0.31345857  0.29983751  0.21355334
  0.37218889  0.37529246  0.16721703  0.13855113  0.6010957   0.48591279
 -0.17018813  0.08342345  0.59305628  0.49747577  0.15660783 -0.34909525
  0.51922631  0.09620896  0.13353126  0.58764669  0.57224958  0.66850897
  0.61293131  0.41939814  0.62514778  0.07365584  0.58765413  0.10165467
  0.69554416  0.30035748 -0.36971454  0.30413021  0.58137478  0.40650729
 -0.41920352  0.81849425  0.52587905 -0.10321346  0.50051524 -0.15417764
  0.25027089  0.73703683  0.62831267  0.51010521]","[ 0.26459022  0.54116326  0.09935935  0.34226343  0.46579393  0.12833328
  0.40478848  0.33471364  0.13499706 -0.33172196 -0.26646758  0.57512383
  0.45192727 -0.35251381 -0.03267089  0.41496951  0.3599941   0.56271525
  0.05235235  0.29496825  0.34626987  0.51205712  0.64325131  0.44248309
  0.45612656  0.31846811  0.7430419  -0.07437402  0.07649887  0.36640369
  0.3400479  -0.2863154   0.09272453  0.62148447  0.47452192  0.5885256
 -0.28773474  0.49472861  0.36690397  0.63473758  0.14054333  0.47423026
  0.33634067 -0.12775992  0.75822606  0.09893336 -0.42953573  0.2801907
  0.34937182  0.85460257  0.63456284  0.56697281  0.6574361  -0.09002305
  0.01245829  0.55875185 -0.05723528  0.09316301  0.17875319  0.35253706
  0.48389981  0.01795158  0.7577689   0.40002889  0.39347765  0.39038548
  0.26752026  0.1123505   0.27774169  0.12887231  0.24661785  0.19478691
  0.07331524  0.19471597  0.19716379  0.28250335  0.2358154   0.76702398
  0.4936266   0.14934322 -0.06243865  0.8214039   0.34183882  0.54193416
  0.35876869  0.20336681  0.2172087   0.67095542  0.56880679  0.41969432
  0.5546877  -0.12946601 -0.03427585  0.39859919]","[ 0.5739114   0.18298441  0.01573535  0.20973977  0.21790152  0.06406398
  0.10152942  0.20899451 -0.15927759  0.54338662  0.32759305  0.4120408
 -0.57741425  0.38039036 -0.06309735 -0.23433598  0.15329662 -0.32024116
  0.69474447  0.05160913 -0.32555076 -0.28207928  0.14987636 -0.20285893
  0.28010954 -0.22387911  0.41234531 -0.25203864  0.65462179  0.40055194
  0.11981555 -0.33855422 -0.121888    0.14462321 -0.04445142 -0.22185901
  0.48889535 -0.1539786   0.05654972  0.05597434  0.22465738  0.39269057
 -0.63717947  0.47948572 -0.14781015  0.03647867  0.08421733  0.26723299
 -0.31249398  0.42166075 -0.41562466 -0.15090252 -0.15230788 -0.06696142
 -0.25305576  0.14854409  0.26348066  0.38502217  0.17896334  0.5174678
  0.42415925  0.1957586  -0.06330227  0.35894458 -0.40097982 -0.19197961
  0.2496196  -0.44514335  0.42163056  0.12850477  0.55215292 -0.27101028
  0.59533153 -0.0355567   0.35979058  0.37162742 -0.0687588   0.01751628
 -0.09854681  0.34166892 -0.25124712  0.13648723  0.05542116  0.4598471
  0.20540423  0.50547313  0.20171117 -0.39005728  0.18037019 -0.54783623
  0.10943341 -0.07156234 -0.52936567  0.34051711]","[ 0.43262698  0.43055823  0.25558353  0.56908237  0.43993663  0.5270869
  0.66726698  0.73199668  0.51844475  0.44923087  0.38755542  0.47179668
  0.1973118  -0.26515122  0.2153626   0.23525577 -0.4895204   0.43708889
 -0.11482841  0.54956655  0.62139268  0.61263232 -0.43418581  0.199248
  0.50251061 -0.34810022  0.5883827  -0.14261444  0.37416758 -0.35429237
  0.61029601  0.57892289  0.2582968   0.62287244  0.43978352  0.59873713
  0.76568425  0.37590522  0.7480148   0.84213966  0.35249067 -0.41122666
  0.68507446  0.19898776  0.79629223  0.12988171  0.37270938  0.61895004
 -0.01333531  0.78048945  0.325339    0.13479258  0.62464199  0.15796452
  0.35033198  0.70998599  0.24735928  0.62752211  0.15397671  0.575307
  0.61348702  0.2946803   0.7245036   0.46391158  0.44156175  0.46687192
  0.77295682  0.33955801  0.51307595 -0.3771887   0.15333752  0.40185806
  0.47041969  0.12961142  0.13910859 -0.06902725  0.32729799  0.86487554
  0.55991006  0.06080155 -0.25708349 -0.68651267  0.64692619  0.50210787
  0.3725323   0.49194161  0.49756078  0.5264642   0.59317841  0.45235751
 -0.33359439  0.48095658  0.38831647 -0.37435522]","[ 0.7060994   0.50320338  0.15993197  0.12765379  0.1552774   0.09128306
  0.67064746  0.74123091 -0.1211782   0.50131805  0.48947448 -0.40050222
  0.46052519  0.16900464  0.13687849  0.52077819  0.26024601  0.01809464
  0.60827415  0.71966724  0.59205233  0.46066704  0.28629016  0.53158983
  0.4960529   0.44800392  0.74209873  0.02030761  0.3173207   0.4493616
  0.6158296  -0.2873989   0.3207631   0.74966099  0.52507771  0.87435385
  0.5013461   0.73766073  0.74002121  0.60954547  0.38470231  0.60285141
  0.71888493  0.52185006  0.83519722  0.43598911  0.37584673  0.63526434
  0.57068813  0.82797927  0.7532542   0.39721587  0.13173171  0.43697844
  0.73793967  0.5979429   0.37643267  0.23364102 -0.03031143  0.59451253
  0.55342719  0.41098374  0.61903751  0.58308111  0.30300846  0.58231358
  0.71766445  0.49165432  0.37831577  0.22377977  0.57885173  0.3947627
  0.3343121  -0.43272529  0.36692496 -0.26151998  0.13701152  0.86584821
  0.45340657  0.27198731  0.0239172   0.68350598  0.15085619  0.74533251
  0.81086488 -0.05641652  0.5574548   0.42399942  0.55832478  0.42367924
 -0.32947819  0.38982832  0.38799998 -0.06315952]","[ 0.51846243  0.05375902  0.70193578  0.29279746  0.41058157  0.06160315
 -0.07213384  0.38306091  0.58845999  0.29999224  0.33146692  0.01543742
  0.25043408  0.10307648 -0.07949742  0.60402526  0.15899105  0.17079688
  0.6293931   0.05717963  0.42733818  0.39560033  0.43480416  0.2289965
  0.2226373   0.37588407  0.8575109  -0.33157193 -0.30229986  0.53527436
  0.39767986  0.20589957 -0.2492382   0.64079146  0.19839477  0.71893882
  0.47434168  0.64386921  0.61459293  0.58047265  0.15754886  0.37976338
  0.44594795  0.16904365  0.2980004   0.56725878  0.26577426  0.42232359
 -0.0039595   0.6400171   0.44635504  0.41996437  0.51738759  0.5558541
  0.23548367  0.5572216   0.42691059  0.50491413  0.52111191  0.69351881
  0.15440466  0.33071868  0.66362839  0.63875067  0.66401785  0.6036232
 -0.45405014  0.29654822  0.16467789  0.77336802  0.61949867  0.46643786
  0.31406065  0.16069249 -0.06634568 -0.41510044 -0.03458948  0.65904462
  0.06444748  0.42837772  0.03687961  0.46104973  0.03697783  0.52216168
  0.4361658   0.29317587 -0.08700078  0.67537436  0.33456141  0.51198467
  0.2837238   0.41321138 -0.5985527   0.09048574]","[ 0.60350639 -0.32629123  0.44128799  0.73965188  0.64086734  0.14304697
  0.26925281 -0.04772993  0.21804608  0.65337946  0.5680277   0.16787064
  0.47312289  0.21546864 -0.07045194  0.47137571  0.34441067  0.62715101
  0.1947323   0.15996916  0.28845753 -0.29992325 -0.22129529  0.03902089
  0.27418429 -0.43590011  0.68249828  0.46759248  0.09241428  0.53120943
  0.3619986   0.11696746  0.10355514  0.41582789  0.55471558  0.62631061
 -0.350906    0.52545033 -0.01146741  0.6310527   0.53571722  0.50116663
  0.16254967 -0.14447084  0.72169833  0.62730952 -0.31453581 -0.34546563
  0.32775507  0.84691502 -0.01638513  0.59023718  0.78282244 -0.38567545
  0.27543145  0.09067179  0.14541695  0.32817487  0.35148258 -0.42110127
  0.23629341  0.39078093  0.65480562 -0.14682465  0.13788647 -0.21239511
 -0.2295264   0.28472801 -0.43567761  0.08449614  0.69271806  0.68415427
  0.48687088  0.08534599  0.61725523  0.29669563  0.48328051  0.56251982
  0.65693934 -0.10364211  0.09382442  0.5449684   0.59192498  0.15263878
  0.28387035 -0.51352628 -0.2318563   0.11343029 -0.07968812  0.33934079
  0.20149859  0.48761719  0.54792011 -0.04644005]","[ 0.48584271 -0.47250067 -0.29803442  0.43287983  0.86362556  0.60089227
  0.76330773  0.34205844  0.49162493 -0.41908977 -0.05900399 -0.06862399
 -0.07294924 -0.25055293  0.24012697 -0.44081943  0.34148208 -0.48272451
 -0.36115035  0.30251396  0.57247375  0.57527309 -0.42664197 -0.49941319
  0.5497378  -0.14628466  0.24775579  0.38752752  0.14978374  0.47432613
  0.38329415 -0.21471943  0.59066133  0.15826928  0.59890381  0.27379388
  0.57822949  0.50995244  0.53352411  0.72547697 -0.10796547  0.18587862
  0.42603243 -0.37783352  0.73283656  0.42162329  0.57851332  0.55725317
  0.54586942  0.8142257  -0.0139827   0.84609473  0.43650148  0.16973088
  0.48724576  0.67565141  0.07594531  0.65855822  0.371035   -0.02986038
  0.21682705  0.39519776  0.56065872 -0.35044659  0.72680068  0.15672618
  0.5296283   0.14526564 -0.22131503 -0.27187498  0.53065369  0.63759605
  0.71306452  0.24936669  0.7847704   0.14921788 -0.08482303 -0.05708183
  0.26051224  0.46818049 -0.00736845 -0.10731467  0.19420451  0.04512428
  0.12886577 -0.13798308  0.65282344  0.62989123  0.10069137 -0.21571409
  0.65528052  0.32588856  0.60357728  0.64767993]","[ 0.46908286 -0.49780216  0.55180147  0.71557426  0.72233779  0.57893216
  0.56425457  0.70548653  0.34390336  0.28041005  0.32305928  0.53394831
  0.26545093  0.27411548  0.09203408  0.04558544  0.41405168 -0.30312544
  0.33448063  0.45355703  0.33160277  0.53538809  0.44860542 -0.05794998
  0.39894147 -0.39604052  0.62050881  0.57856455  0.17174254  0.20348646
  0.30249136  0.24072945  0.54786156 -0.0151308   0.71722014 -0.242954
  0.44077509  0.61051001  0.52471783  0.54675025  0.56206939  0.57269575
  0.50545936 -0.15139216  0.60558517  0.52472548  0.86915638  0.53634556
  0.4774292   0.4142207  -0.02390938  0.61383343  0.65112589  0.09489193
  0.09690982  0.73443224  0.53841627  0.23621946  0.76069453  0.4549718
 -0.03179616  0.39943133 -0.24870017 -0.19887204  0.77673069  0.19524104
 -0.10582708  0.53923413  0.49003377  0.20325429  0.78073104  0.64692928
  0.78610643 -0.10602244  0.39081553  0.49525755  0.19201566  0.40003786
  0.20027837  0.78846555  0.41990603  0.07413064  0.29941881  0.57326205
  0.12516995  0.06714914  0.26529312 -0.07700115  0.67168194  0.13732641
  0.50221274  0.38954549  0.54050609  0.30939401]","[ 0.30722947  0.3040037   0.39967517  0.48438255  0.7175708   0.7093377
  0.42370042  0.5452607   0.59603157  0.40502812  0.17955137  0.09138855
 -0.11334437  0.30578785  0.10041424 -0.16553184  0.5694473  -0.23483687
  0.25939091  0.23928471  0.3704314   0.37771893 -0.33535358  0.34740634
 -0.36916723  0.44904481  0.27546902  0.65465656 -0.32740102  0.18055622
  0.29483675 -0.38049562  0.07468165  0.39996412  0.5312354   0.77698952
  0.57556111  0.21469776  0.51823764  0.70527314  0.42605389  0.05735769
  0.64485218  0.18155765  0.41522944 -0.02898124  0.35502315  0.63818499
  0.38401435  0.16972581 -0.62330611  0.5082444   0.34604875 -0.02009455
 -0.22300213  0.7021796  -0.32320641  0.3517597   0.34180839  0.10455312
  0.48916791  0.39734889  0.49787092 -0.20661293  0.73319423  0.60138874
  0.64053316  0.55692819 -0.29142665  0.02804576  0.63558615  0.80949558
  0.43910321  0.53935609  0.45363943 -0.0641258   0.46498873  0.4175452
  0.56829963  0.81645565 -0.0757706  -0.30625628  0.08173495  0.52017118
  0.14634995  0.50741859  0.21451223  0.73168811 -0.02169865  0.53649052
 -0.32347107  0.59354842  0.26180865  0.56013228]","[ 0.63916515 -0.50646712  0.51491972  0.53463636  0.75827902  0.55875047
  0.38900981  0.49673166  0.33604211 -0.31411516 -0.15795068 -0.06575672
  0.33822945  0.31621533 -0.08612999 -0.31867096  0.58235482 -0.08503445
  0.59383908  0.45544178  0.50219374  0.38211869  0.24147997  0.23825637
  0.27312767  0.19537822 -0.42642138  0.50296212  0.38813243  0.68848779
  0.51264039  0.12779044  0.70807217  0.29119859  0.62696062  0.34317135
  0.24785704  0.32171859  0.66243472  0.41222121  0.38598389  0.19377811
  0.44723605 -0.2884879   0.56933388  0.34422069  0.551139    0.77838801
  0.38982711  0.19624349  0.2175542   0.65847133  0.60469028 -0.17220458
  0.30218854  0.56190743  0.14329084  0.44847363  0.70316307 -0.09424005
  0.27314541  0.5802678   0.04910819 -0.30615903  0.66341504 -0.00084479
  0.40984599  0.67385509  0.17245487  0.2222023   0.77727033  0.61058196
  0.7008762   0.26469136  0.59885265 -0.03678859  0.16043139  0.57270109
 -0.27735321  0.29508843  0.33714688  0.55145282 -0.15772961  0.20523253
  0.65682231 -0.02305186  0.08465489 -0.24681448  0.53691448  0.19725439
  0.32436038  0.56366611  0.56754027  0.40467608]","[ 0.58005726  0.34483763 -0.23309001  0.48262434  0.64101814  0.39284652
  0.63022453  0.44788395 -0.10497696  0.15307982 -0.0589888  -0.1548294
  0.50303819  0.36522837 -0.35859437  0.32797227  0.50854122  0.1799226
  0.30575382  0.38846432  0.53783247  0.39769552  0.04972829 -0.25879592
 -0.08069602  0.28977271  0.40557724  0.56835985  0.25726747  0.32335269
  0.33176127  0.17546078  0.36367715  0.20630379  0.40635721  0.66985102
  0.56287118 -0.53424564  0.35024939  0.60924339 -0.04171973  0.50807505
  0.34179019 -0.10752736 -0.2244278   0.10762023  0.6747527   0.5739215
  0.32951359  0.49028616 -0.3743517   0.73558706  0.59595074 -0.37746143
  0.14967079  0.48758866 -0.43539999  0.71818293  0.31942913  0.36437348
  0.41366284  0.66314642  0.32929679 -0.25562016  0.55255618  0.20623059
 -0.03824255  0.51809438  0.38401724  0.34190782  0.67722569  0.84637669
  0.76409493  0.30431254  0.71480662 -0.25686045  0.14990133  0.68054982
  0.53873562  0.11557673  0.3389499  -0.35616207  0.10106512 -0.01543814
  0.44498028  0.60426233  0.34875331  0.23261743 -0.38120675  0.4777522
  0.70755772  0.65884583  0.17885249  0.70856275]","[ 0.47556482  0.04565281  0.17123494  0.68226069  0.68582561  0.34837188
  0.67869375  0.68320605  0.59066047  0.38603227  0.20783312 -0.22701021
  0.59193529  0.49246575 -0.04924512  0.41869907  0.66064712  0.08345237
  0.2643728   0.57883611  0.51787797  0.54438004  0.01844746 -0.05057408
  0.80816492  0.37212524  0.34824837  0.79955107  0.46496016  0.37448995
  0.06256134 -0.06101109  0.60155913 -0.12820819  0.67894427  0.61682348
  0.2961265   0.57814085  0.55550623 -0.01836515  0.45659097 -0.06466178
 -0.18508415  0.51768759  0.44725499  0.16607243  0.47667129  0.7819797
 -0.28219842  0.23471015  0.42065433  0.76913559 -0.35382953  0.5267398
  0.41146802  0.70613867 -0.24323309  0.64193006 -0.30728874 -0.03914673
  0.29276718  0.80600432  0.46564264  0.12199605  0.66421842  0.07227575
  0.66211074  0.66153085  0.45542382  0.47401699  0.50586679  0.77161467
  0.7391455   0.04636186  0.64253226  0.35823485  0.37082935  0.50812296
  0.53512898  0.43524867  0.30006418  0.51551262  0.36563946  0.61883047
  0.57268983  0.67166155  0.40101688  0.56889539  0.69887717  0.06742299
  0.69036982  0.62263302  0.45467272  0.71919333]","[ 0.38675315  0.52267099 -0.26764093  0.3373154   0.81198231  0.74761394
  0.78490359  0.30689714 -0.25025637  0.64489342  0.82653335  0.33394717
  0.10468488  0.58981014  0.63791902 -0.31675218  0.7616593  -0.59796911
  0.56109412  0.5220327   0.52051796  0.77902209  0.73181848  0.06097067
  0.48173594  0.78803131  0.60625823  0.51678461 -0.4045687   0.66551053
  0.43982073  0.71029724  0.67563369  0.85238836  0.41965425  0.73527812
  0.64557753  0.8311597   0.76628252  0.72927345  0.6143086   0.68318752
  0.2908959   0.60924608  0.86294638  0.6341285   0.63643806  0.79126119
  0.56747665  0.34431064  0.8032702   0.91295953  0.79435393  0.80574928
  0.43017328  0.66947927  0.5785399   0.5458616   0.76757565  0.48455109
  0.38223961  0.59337359  0.53992001  0.2357616   0.62284809  0.29237716
  0.40241276  0.46968063  0.28362982  0.81521898  0.72330147  0.58789489
  0.81471407  0.42521279  0.85915687  0.46180367  0.58990952  0.26590923
  0.72301736  0.29075852  0.69038702  0.27088866  0.59499081  0.54434116
  0.85792999  0.7889319   0.7827699   0.48112294  0.28307002  0.6629891
 -0.482562    0.69903395  0.37360858  0.85856846]","[ 0.60564228  0.18790602  0.68148724  0.71409113  0.80517973  0.64860606
  0.80605393  0.65371778 -0.00698534  0.39576887  0.73386164  0.29478168
  0.64538479  0.6492715   0.42998046 -0.3831336   0.7724748   0.28384206
  0.43055693  0.32396539  0.61607893  0.70713641  0.39210315 -0.09797979
  0.26030539  0.55280218  0.6805414   0.64851314 -0.05594588  0.63294041
  0.32339259  0.72189875  0.64464561  0.59340813  0.55921693  0.72398055
  0.69002465  0.56468603  0.61322026 -0.07725065  0.35175462  0.73442965
  0.72856744  0.55556098  0.28002696  0.06183472  0.67912264  0.70545221
  0.60950218 -0.06600213  0.45060549  0.72917013  0.54800129  0.65943591
  0.65935636  0.7288366   0.27912633  0.69012217  0.59663392  0.62463717
 -0.33618163  0.60959852  0.52771767  0.08041367  0.77235543  0.57618594
  0.39002456  0.74097487  0.27169879  0.29481788  0.80954586  0.81184035
  0.86004336  0.52719568  0.78861426 -0.08252373  0.35991549  0.64824756
  0.50109243  0.62415791  0.67789696  0.38508117  0.64812647  0.54466612
  0.76719328  0.49847153  0.38298427  0.72316561  0.54251881  0.71178346
  0.75551309  0.79075957  0.24199821  0.62935272]","[-0.04681464 -0.43787445  0.55254395  0.37990981  0.86824125  0.05751243
  0.77863483  0.53796595  0.38999126  0.32060664  0.84544349 -0.02471399
  0.57732918  0.12479911  0.39220359  0.05100031  0.79355851 -0.30684195
  0.55581901  0.50616646  0.37877896  0.71304213  0.30594412 -0.42264303
  0.41685432  0.37789858  0.78514935  0.41855704  0.45878674  0.45230958
  0.27762519  0.70567669  0.58114861  0.76448771  0.61566031  0.27165113
  0.31930885  0.75279471  0.58943523  0.60286237  0.51828777  0.54604769
  0.6788229  -0.10443727  0.72334597  0.58867647  0.52140724  0.51174258
  0.64037885  0.31978129  0.42283601  0.7199692   0.73244973 -0.39409517
  0.44266549  0.64530723  0.18104159  0.74447817  0.29415231  0.30362035
  0.29482018  0.69629909  0.44713306 -0.10401939  0.70012483  0.49577426
  0.76197824  0.68257372  0.10647476  0.16179381  0.74076634  0.7247518
  0.80572345  0.43886651  0.5726888  -0.24478945  0.3386378   0.42196851
  0.38449991  0.54709765  0.19371489  0.33321898  0.22603582  0.54998363
  0.31079312  0.45041516 -0.20782849 -0.32813729  0.64656253  0.7626916
  0.44204708  0.55363832  0.40286347  0.56603746]","[ 0.5519306   0.01681058  0.03019442  0.6605896   0.86697663  0.695665
  0.82736801  0.54835502 -0.36209976  0.56188259  0.8098222   0.14635071
  0.58085005  0.42442646  0.52850389 -0.26123076  0.75900552  0.18944522
  0.16429227  0.25591262  0.58402021  0.75178181  0.49330469 -0.46802914
  0.5089148   0.60036253  0.45693208  0.66914169  0.25902006  0.71294965
 -0.19390112  0.63586079  0.69820622  0.6298744   0.67609598 -0.0671677
  0.29525035  0.68120381  0.40350169  0.43261222  0.61687067  0.68179042
  0.64802648  0.1759262   0.71165337  0.75222858  0.60371821  0.64324393
  0.70661616  0.68613977  0.62720127  0.89588381  0.73113873  0.53696598
  0.65068272  0.74094995  0.55627655  0.58589275  0.59292451  0.36136573
  0.17075591  0.26625404  0.28489098  0.54726908  0.73594857  0.65990957
  0.53326309  0.66210475  0.06492832  0.31861481  0.82130092  0.58652174
  0.77859789  0.55701223  0.75925393  0.47000978  0.30317117  0.65212966
  0.67356189  0.56174869  0.52982494  0.04463685  0.65342485  0.59089309
  0.40858022  0.41735352  0.59164587  0.02143124 -0.28318725  0.70635916
  0.73621275  0.56142054  0.31543313  0.61814282]","[ 0.59748008 -0.12873675  0.37234183  0.17799278  0.53486042  0.23933802
  0.41385462  0.52935372  0.38105555  0.29321648  0.58960649  0.45015521
  0.60819894 -0.43122892 -0.18673856  0.66152487  0.48740923  0.25066183
 -0.37089127  0.07008759  0.14153254  0.50307516 -0.14207037  0.2558904
  0.46242994  0.50317911  0.82052714  0.27995102  0.58406964  0.42835258
  0.37637855  0.50624818  0.02598364  0.74587137  0.38393782  0.5621927
  0.61039006  0.41513837  0.7301903   0.27346213  0.3863243   0.05878855
  0.59092205 -0.11937537 -0.15364529  0.29989382  0.31505199  0.11277654
 -0.20771687  0.57332909  0.57808655  0.52865232  0.27718088  0.19647705
  0.14641072  0.723324    0.12879875  0.75189345 -0.40982087  0.19361411
  0.33227594  0.5335899   0.83043013  0.42401825  0.47988459  0.48279848
  0.33422133  0.30512277  0.23969352  0.7830624  -0.58060246  0.45733967
  0.67486033  0.23436228  0.60828    -0.16099695 -0.26814989  0.49882326
  0.63471144  0.17616609  0.00734338  0.41356552 -0.20912838  0.28119626
 -0.10671983  0.14298225  0.11112705  0.21495591  0.61557646  0.55203724
  0.48822331  0.15001511 -0.22047732  0.20990247]","[ 0.60067211 -0.33449691 -0.19759791  0.40835169  0.63209699 -0.01501912
  0.33363586  0.69963873 -0.12776056  0.57743309  0.69408512 -0.39114378
  0.09210581  0.55456772  0.02740086  0.20612553  0.32349991  0.18886954
 -0.11964072  0.32358091  0.29004633  0.50767882 -0.41627355  0.18302233
  0.30046989  0.4808595   0.35106706  0.50706032  0.4235798   0.28125096
 -0.19488292 -0.01774702  0.39706861 -0.07456312  0.11403722  0.39323189
  0.36744013  0.45894029 -0.35518343 -0.11757971  0.35032136  0.58930918
  0.13557804  0.33172093 -0.19211479 -0.23880837  0.18817813  0.54627613
  0.32052267  0.34114775 -0.43011649  0.47858565  0.09363501  0.37433872
  0.4103149   0.65162345 -0.14595268  0.01631064  0.3149603   0.28727838
 -0.22893259  0.18755917  0.46133765 -0.04970572  0.53255822  0.38139725
  0.37899109  0.32286208  0.43834236  0.12746974  0.81952468  0.5734246
  0.86174197 -0.08095948  0.467316   -0.01350957  0.06039508  0.54082755
 -0.23945258  0.31863726  0.1827489  -0.1492355   0.21020936  0.36353889
  0.18168519  0.20558449  0.1319801  -0.46881258  0.46572476 -0.43072982
 -0.03708214  0.71001228 -0.33394071  0.10001236]","[ 0.60388948  0.38961682  0.53612783  0.22175574 -0.32255867  0.45033572
  0.77525271  0.695969    0.49675542  0.4046373   0.37715527  0.59711542
  0.62507496  0.51707148  0.71885071  0.62387093  0.54668535  0.69029209
  0.26481642  0.61610716  0.42655723  0.42777342  0.04080972 -0.37531704
  0.67091896  0.38095145  0.48306194  0.49838236  0.49124938  0.17469485
  0.69999903  0.32411946  0.04221688  0.58028374  0.55527668  0.72648819
 -0.12655728  0.84975175  0.75853569  0.61504666  0.8142935   0.50621772
  0.31129946  0.54290471  0.77555989  0.3168858   0.36219134  0.6083029
  0.40771471  0.71910266  0.44975994  0.52372008  0.0290499   0.29930256
  0.56737122  0.47591415 -0.19439485  0.86388659  0.26380742  0.77629036
  0.32475836  0.60130185  0.52518456  0.69542815  0.57167655  0.33231425
  0.72331457  0.74317577  0.71671142  0.56295218  0.69901684 -0.37628153
  0.82895359  0.34087337  0.68212017 -0.06860649 -0.08301282  0.85133925
  0.44543975  0.24852797 -0.48841893  0.72456991  0.71113928  0.41286699
  0.51563506 -0.37287204  0.72568016 -0.30604025  0.64517545  0.66472646
  0.65842465  0.39268317  0.21704871  0.64850472]","[ 0.80316142 -0.04423436  0.51173815  0.65077837  0.25416031  0.37341789
  0.18498498  0.63937175  0.51860564  0.56035335  0.41659081  0.46191394
  0.56116695 -0.08592779  0.19907754  0.25121955  0.15839691  0.65367458
  0.72621685  0.43693644  0.25540838 -0.38820634  0.50674626  0.51418823
  0.46308935  0.48898423  0.72380693 -0.00687843  0.73329197  0.35261685
  0.65047347  0.18106978  0.51076297  0.5901047   0.30971456  0.57793783
 -0.11316338  0.65761136  0.59742332  0.65892323  0.35812813  0.67722736
  0.22735207  0.2679304   0.66112     0.55886375  0.20281684  0.36270348
  0.48941627  0.83291311  0.50205662  0.60410318  0.76341131  0.53448485
  0.49938368 -0.21781156  0.27560362  0.55535887  0.43745062  0.63918298
  0.31205883  0.72040259  0.64627118  0.49153455  0.36851367  0.47638723
  0.48670706  0.69571552  0.02920178  0.53236085  0.66620806  0.5212822
  0.67254229  0.59949872  0.772651    0.32546031 -0.26220412  0.64792328
  0.28873    -0.22364798  0.32852551  0.7522837   0.01777751  0.09489064
  0.61343185 -0.54470914  0.25279981  0.62565487  0.56197694  0.17821604
  0.7473813   0.54627442 -0.2767194   0.54418837]","[ 0.89443878  0.3923848   0.6841851   0.6451332   0.46284848  0.07299266
  0.74053825  0.63418106  0.72044265  0.651556    0.60672663  0.42099462
  0.71564758  0.42936658  0.81015113  0.62564193  0.82029798  0.67982711
  0.73699918  0.63369308  0.3945211   0.6815051   0.61004477  0.56448396
  0.57225599  0.56731634  0.86851679  0.65877113  0.50825684  0.55188149
  0.85056995  0.40533128  0.55983685  0.80451343  0.53404127  0.69018119
  0.77997756  0.88388422  0.88521292  0.81066865  0.5161872   0.86897029
  0.81773535  0.64907486  0.87579921  0.58119426 -0.0326622   0.59619253
  0.71925264  0.63444427  0.56469232  0.76576186  0.74745548  0.65747767
  0.77165521  0.75145069  0.0589626   0.67960406  0.33454815  0.76555139
  0.64617814  0.80972533  0.66680297  0.88019337  0.78340009  0.79110883
  0.75694005  0.88867794  0.05253433  0.17904986  0.87419365  0.63242987
  0.81428097  0.60838156  0.85675817  0.48791335  0.5424083   0.75793869
  0.71235973  0.63515567  0.25603175  0.78403954  0.73547034  0.60943372
  0.81118882  0.67937279  0.6218454   0.90787224  0.8700831   0.86377529
  0.70158465  0.63217403  0.47342433  0.85477957]","[ 0.75524411  0.34281201  0.40760554  0.72672309  0.05670879  0.57482459
  0.6073745   0.55012692  0.71953573  0.61256288  0.75218171  0.37761225
  0.578731    0.37234411  0.2800467   0.60528167  0.37420198  0.44922204
  0.61340689  0.67457417  0.49396916  0.50463044  0.44027761  0.41448579
  0.42949336  0.63690561  0.64251363  0.01491653  0.47430544  0.6914122
  0.81700565  0.37049676  0.17756284  0.5828848   0.67921739  0.79475535
  0.49449203  0.72956144  0.76057025  0.69531915  0.59055731  0.8873896
  0.4843083   0.61977852  0.88723753  0.28974236  0.83808964  0.42485667
  0.43339753  0.88294895  0.73089231  0.32028056  0.81816087  0.08404776
  0.72260674  0.53299142  0.45201162  0.51877643  0.62295888  0.54293333
  0.50763114  0.79731381  0.52838208  0.60708276  0.62544778  0.71282872
  0.5280688   0.69450918  0.03527576  0.65259116  0.78112711  0.08323818
  0.78423042  0.42267344  0.55950697 -0.4429343   0.20263288  0.82733981
  0.54447677  0.44135864  0.10865614  0.78236143  0.11020098  0.62318272
  0.86323936  0.76737493  0.335991    0.74118569  0.66237178  0.65976889
  0.8348604   0.69346965  0.1135394   0.76507327]","[0.88009566 0.50732627 0.64286162 0.60560409 0.65607059 0.55964675
 0.80423031 0.7708452  0.63090097 0.80633366 0.63143139 0.44024052
 0.76994394 0.55593922 0.80599363 0.75157387 0.87759511 0.83220965
 0.71723355 0.70992316 0.56079455 0.71596269 0.48045545 0.74051219
 0.72803541 0.64938144 0.878721   0.64667833 0.70377582 0.74984773
 0.84363325 0.53312129 0.58092078 0.82984771 0.59758662 0.84444591
 0.4619416  0.88066363 0.88969609 0.7513638  0.70710265 0.87149353
 0.77504989 0.611239   0.7662061  0.46232855 0.45921673 0.78700377
 0.7468787  0.60602681 0.66438061 0.76930662 0.56682174 0.76359004
 0.75514982 0.70449752 0.44886462 0.86594083 0.40667169 0.69696584
 0.67932579 0.89122882 0.59594008 0.91701675 0.85282517 0.62316814
 0.75503848 0.87443199 0.54079739 0.63695974 0.77212852 0.82738249
 0.71481016 0.69592904 0.82005363 0.56833817 0.50598898 0.85653292
 0.74953833 0.55298835 0.03862671 0.87366232 0.74822464 0.75633558
 0.86090844 0.61068078 0.55979592 0.76754204 0.81421091 0.76619922
 0.53516381 0.753121   0.62028605 0.46729043]","[-0.08794658  0.60377589 -0.30872165  0.56605097  0.57383304 -0.22413985
  0.61015847  0.55426017  0.35161119  0.48791513 -0.15314852  0.3227777
  0.30439038  0.63873451  0.41378152  0.5230006   0.41604991  0.52208448
  0.48279003  0.16898934  0.17461706  0.38016105  0.41626973  0.235003
 -0.35925187  0.70213092  0.40387919  0.73436892 -0.35861904 -0.16760889
  0.66882275  0.18492028  0.24146826  0.43031216  0.26484688  0.73903104
  0.09802166  0.46336542  0.38204755  0.50391039  0.60001013  0.31024545
  0.66419091  0.57966144  0.43632647  0.60688528  0.60670512  0.50373495
 -0.06622571  0.37610859 -0.38845907  0.25210172 -0.00953862  0.57011001
  0.55626811  0.54173815 -0.50272886  0.2610932   0.25083309 -0.00802901
  0.29009735  0.43984059  0.36995802  0.62560152 -0.10874056  0.34776198
 -0.52470862 -0.11485145 -0.63901721  0.06510662 -0.23294292  0.53236929
  0.54257131  0.20455177  0.14927817  0.15071717  0.43174663  0.60669992
 -0.07700906  0.62209318  0.271099    0.52062587  0.47869748  0.74674092
  0.26553642  0.48680974  0.65058527  0.01257657  0.72375709 -0.3776941
  0.11109248  0.60678536 -0.36853586  0.66829101]","[ 0.7223194   0.49817011 -0.03996821 -0.404755    0.09459473  0.14738268
  0.79567881  0.21477908  0.66227582  0.58660418 -0.01784034  0.39449514
  0.50242027 -0.15237044  0.58769085  0.65295158  0.63473418  0.44055267
 -0.0994998   0.31344868  0.27610237  0.61612885 -0.17652861  0.34328547
  0.08960534  0.60520456  0.6486352   0.43304553  0.24898241  0.20327958
  0.80520325  0.21144527  0.43274998  0.75816207  0.04144739  0.77395899
  0.62099884  0.67753884  0.78400954  0.35639425  0.46485753  0.41852784
  0.68128952  0.64812005  0.73703063 -0.29197341  0.14833528  0.38556987
  0.54896817  0.45038182 -0.13139325 -0.12479367  0.50233757  0.34180004
 -0.15178242  0.43202906 -0.5441674   0.3629171  -0.05448854  0.50988194
  0.5012411   0.75842888  0.51921613  0.66283081  0.50422851  0.68244307
  0.42031256  0.65142614 -0.13753555 -0.47615934  0.73199841  0.33512117
  0.8166585   0.45100433  0.34207756 -0.28400099  0.16080821  0.65968611
  0.32459656  0.20105181 -0.08161713  0.64398146  0.56547925  0.3760712
  0.57220909  0.39929906  0.53780474  0.66622309  0.79093296  0.81697318
  0.34410639  0.54191166  0.06032454  0.67815717]","[ 0.31335368  0.13311366  0.70824935  0.36366554  0.47197293  0.29175981
  0.57828139  0.72471695  0.25965807  0.26760292  0.42571866  0.4448035
  0.65424792  0.30882052  0.68654375  0.32099306  0.59803792 -0.23362171
  0.55627669  0.74866849  0.5923702   0.45169053  0.49809349  0.46438894
  0.41788536  0.37262885  0.52975527 -0.18479466  0.52165008 -0.37902959
  0.72879435  0.71095439  0.35597743  0.699568    0.5928246   0.27230623
  0.632844   -0.4361352   0.70952622  0.88984712  0.3326743   0.79244212
  0.73050591  0.46633783  0.87133648  0.45124177 -0.53973533  0.60100642
  0.73601086  0.82004927  0.61422167  0.40417307  0.86403157  0.65262794
  0.56620882  0.77859464  0.37587975  0.76231407  0.67834151  0.74119281
  0.57616002  0.53646753  0.74567466  0.43047017  0.75439609  0.66979682
  0.76774912  0.67270786  0.52122124 -0.27374726  0.79745131 -0.33543858
  0.46456073  0.36837764  0.57737556 -0.14792933  0.58650189  0.90772219
  0.3134509   0.42574192  0.2777585   0.79855457  0.50915754  0.46027084
  0.66481901  0.66321176  0.34056245  0.79551088  0.67671428  0.64061436
  0.24051291  0.41863115  0.30178154  0.51591155]","[ 0.61467751  0.47757993  0.66142808  0.40583455  0.73789103  0.4052463
  0.31807062  0.42979758  0.24611464  0.3874903   0.40083969 -0.02948772
  0.48184516  0.32814722  0.36890478 -0.07840174  0.35789735  0.37420544
  0.45913287  0.21380583  0.19850021  0.4307554  -0.24182274 -0.37125454
  0.36042079 -0.31884364  0.13729681  0.1099409  -0.15908003  0.32901457
 -0.37410536  0.10456019  0.66017432 -0.0188589   0.52954364 -0.12171864
  0.61578756  0.64692764  0.50144346 -0.12285563  0.18313291  0.39286439
  0.72684735 -0.10066764  0.66455533  0.31149904 -0.59736069  0.54094241
  0.34233793  0.34236398 -0.28279526  0.02983601 -0.06247229  0.38024453
 -0.0656856   0.75506369  0.27178603  0.49315229  0.6053338   0.36187476
  0.112224    0.54289479  0.22177905 -0.37597593  0.73472774  0.3475196
  0.5531155   0.18601018  0.28287044  0.34324769  0.3045435   0.67718083
  0.12242687  0.34815435  0.61611221  0.12339812 -0.41769212 -0.43603925
  0.36913968  0.84316161  0.19569463  0.2407609   0.47359346  0.25459234
  0.5583944  -0.4693723  -0.11104672  0.38518239  0.54743894  0.27265813
 -0.17254561  0.09394736 -0.48437393 -0.01315537]","[ 0.23841124  0.56313164  0.73086801 -0.22606684  0.61528942 -0.48171126
  0.660109    0.26478773  0.31593835  0.28938699  0.64098335 -0.00212095
  0.48894915  0.37574786  0.38257465  0.09949387  0.20823647  0.38022409
  0.34573984  0.35201081  0.30723915 -0.11293163  0.01038302  0.22975163
  0.14200488  0.04574295  0.42124279 -0.03488683 -0.12451466  0.33694734
 -0.19674492  0.03211863  0.33074923  0.36269884  0.16919185  0.04646354
  0.07210246  0.64753699  0.08674226  0.63719778  0.18431532  0.11072362
  0.37840945 -0.07769289  0.34811442  0.00227832  0.00134077  0.06840072
  0.20470003  0.13029318  0.44427824  0.60101339  0.1851284   0.0857899
 -0.11130312  0.46951792 -0.46396032  0.55752716 -0.03789962 -0.54565114
  0.01473032  0.43015576  0.43444776  0.11933539 -0.08765206  0.47354583
  0.42114191 -0.0216434  -0.22981732  0.25655592  0.14992737  0.53902414
  0.14215036  0.29455117  0.41039106 -0.39460025  0.3669886  -0.32472892
  0.13107902  0.71198521 -0.10303273  0.64100325  0.17674503 -0.34809846
  0.16670179  0.53740376 -0.12565444  0.15962252  0.63514307  0.33215802
 -0.01539758  0.29356764  0.12693597  0.17186669]","[ 5.87540016e-01  5.55273123e-01 -1.09055523e-01  2.31919009e-01
  8.39815955e-01 -3.89227123e-01  7.12488979e-01  4.82312489e-01
  2.07511075e-01  4.83776083e-01  7.43182715e-01 -1.54625642e-01
  5.58911538e-01  4.06992677e-01  2.10954185e-01  4.53805228e-02
  8.72066872e-01 -9.47679048e-02 -3.08296585e-01  3.58552971e-01
  4.12930639e-01  4.68480324e-01  4.44999124e-02  1.18884403e-01
  4.24000471e-01  2.22642101e-01 -6.19089335e-02  3.72920760e-01
  1.11997683e-02 -8.53778586e-02 -1.70747853e-01  9.64397641e-03
  6.27848158e-01 -2.92557947e-02  3.67985071e-01  2.78946993e-01
  6.92165108e-01  5.40905094e-01  5.00504223e-01 -6.24283746e-02
  3.67586710e-01  2.81782277e-01  6.22675518e-01  2.06786621e-02
  2.39533293e-01  3.73766162e-01 -3.68597263e-02  8.05953577e-02
  5.83882331e-01  6.24437653e-01  2.38858024e-01  6.51014957e-01
  2.47358115e-01 -1.49844889e-01 -4.35777512e-01  6.21431484e-01
 -1.22341745e-01  5.59044244e-01  2.04383075e-01  3.16850129e-01
  2.57978047e-01  3.25192470e-01  5.81884147e-01  1.62452517e-01
  4.36867301e-01  5.28720517e-01  6.52105881e-01  4.77155979e-01
  4.04935007e-01  1.19605246e-01  6.35179653e-01  6.56042959e-01
  2.39532325e-01  2.44906114e-01  4.14037166e-01  8.22904014e-04
  3.69383071e-01 -3.56112087e-01  3.82407325e-01  7.93936303e-01
  4.06757947e-01  2.40644379e-01  1.55623149e-01  4.70231077e-01
  8.09655468e-02  2.29171878e-01 -3.72912872e-01 -1.25713378e-01
 -3.85236389e-01  6.75938621e-01  1.84693487e-01  1.56891101e-01
  5.33318760e-02  3.62206847e-01]","[ 0.24270848  0.44532415 -0.2332814   0.00722468  0.28077416  0.40408272
  0.60520721  0.21261942  0.50690718 -0.36754851  0.61023849  0.25715203
  0.36637457 -0.477222    0.53209758 -0.21636444  0.00951958  0.14977128
  0.11771544  0.28099285  0.46733314  0.45829531 -0.31273904  0.06524675
 -0.31345568  0.36038348  0.62798044  0.29863207 -0.02343293  0.06749988
  0.69096792  0.3817469   0.58881612  0.18761575 -0.09303768  0.48086548
 -0.11437006  0.2265899   0.56585307  0.53606401  0.5483746   0.00687564
  0.08756197  0.43775364 -0.06916018  0.45130339 -0.21592393  0.63224844
  0.24716385  0.45149154  0.26076945  0.46910652  0.1329751   0.25690639
 -0.30203189  0.39001334  0.10742837  0.68958963  0.2362078   0.23196838
  0.32044677  0.45872656  0.68283887  0.50102075  0.48875208  0.45376848
  0.39266293  0.24176485  0.15284047 -0.2813438   0.12454304 -0.15365548
  0.77606459  0.30915855  0.35542271 -0.01406516 -0.11028306  0.33265259
  0.30104635  0.11096992 -0.32267553  0.75698649 -0.09633124  0.04244808
  0.44076435  0.57909422 -0.31459142  0.58792561  0.05210104  0.75315426
  0.65801148  0.19209133  0.55608035  0.37180227]","[ 0.34350767  0.29199615  0.28486849  0.62634634  0.57028302  0.01783916
  0.46779772  0.34705834  0.35274392 -0.34923276  0.54386023  0.62713734
  0.60632529  0.30121037  0.50082855 -0.61170257  0.64673315  0.63005347
  0.30037058  0.35958621  0.58495705  0.1806458   0.31519777  0.29988694
  0.41323142  0.18652606  0.81441038  0.50587327  0.53934407  0.09444915
  0.71477337  0.66647638 -0.26256393  0.5820916   0.4029876   0.63901584
  0.57819544  0.6028371   0.41724361  0.80001421  0.58974154  0.50951947
  0.65283913  0.38594221  0.6779613   0.49104715 -0.29720073  0.03908903
  0.09832119  0.76823061  0.84258262  0.42310261  0.6832696  -0.09182184
  0.25541518  0.4681495   0.19208251  0.66950893  0.21315589  0.39050282
  0.33129404  0.57913297  0.76432243  0.56428641  0.58963608  0.27288912
  0.47971635  0.41685561  0.56456462  0.08284158  0.53233699  0.53156548
  0.07522663  0.47848094  0.51627655  0.22531657  0.53428243  0.77307049
  0.11662845  0.71658487  0.51540627  0.78444169  0.3285406   0.50692606
  0.65574387 -0.50669034  0.34300866  0.55159824  0.4338158   0.607686
  0.10768532  0.34553829  0.14130672  0.41908823]","[ 0.474668    0.14338057  0.05368844  0.04932724  0.2601518   0.52255827
  0.53062984  0.53530083  0.32614817 -0.32568857  0.3075343   0.58927196
  0.43995056 -0.13220498  0.58318409  0.15064596  0.47002286  0.64817519
  0.57099123  0.41313533  0.53990823  0.38373877  0.37194872  0.43646255
 -0.06873829  0.15390467  0.72286073  0.08110994  0.39862194  0.54581415
  0.66374221  0.55403441  0.17025014  0.50420911  0.35082888  0.65479126
  0.17138464  0.5135147   0.7547605   0.75907842  0.5542248  -0.34177059
  0.61061063  0.22999679  0.84348225 -0.06322182  0.19043676  0.20553291
 -0.08209638  0.82194202  0.46736077  0.12994966  0.78642698  0.10473564
  0.41221619  0.71469357 -0.46281972  0.71563341  0.21567554  0.60285478
  0.31937281  0.41531026  0.75500724  0.620616    0.4451541   0.38005224
  0.67035021  0.20930927  0.30250877 -0.28283757  0.01244143  0.60773372
 -0.2645251   0.43968389  0.17492838  0.22301119  0.02213819  0.77697637
 -0.20481626  0.19164413 -0.50479271  0.05109915  0.28104661  0.3086361
  0.61483273  0.43459581  0.23938214  0.33434361  0.6375405   0.67307374
  0.15160884 -0.02473628  0.4795902   0.37311103]","[ 0.57545009  0.10876238  0.20243544  0.54339031  0.09009292  0.0528819
  0.36125604  0.59038982  0.51392675  0.66674939  0.15103201  0.58344114
  0.26085314 -0.46202912  0.67401961  0.36994471  0.61045388  0.20114268
 -0.46982357  0.33451576  0.08996685  0.38035792  0.13881167 -0.00728222
  0.55429141  0.31823641  0.7602183   0.37840355  0.58272533  0.05774702
  0.40907512  0.60452119  0.40689508  0.36662985  0.34277083  0.45414769
  0.5359183  -0.21048406  0.61137555  0.40271989  0.50264631 -0.30428847
 -0.18067064  0.55866956  0.6521957  -0.45894255  0.64295966  0.62574849
  0.44903075  0.57266259  0.03717051  0.28122512  0.41598489  0.17622323
 -0.25264143  0.25822939 -0.32788949  0.51881215  0.61598352  0.45574514
  0.61899815  0.6456269   0.45817867  0.71397644  0.01100264  0.35222603
  0.54885497  0.60633616  0.62832095  0.29754177  0.20353914  0.1322708
  0.81335431  0.18858025  0.62020551  0.26775994 -0.26337898  0.6850322
  0.2387008   0.19854213 -0.40041377  0.47951534  0.7166233   0.56492877
  0.4005783  -0.40191928  0.67592752 -0.26040685  0.60056532  0.33802205
  0.62499349  0.3158141  -0.06788593  0.74170666]","[ 0.19317742  0.40977166  0.66927176  0.17727013 -0.15717313  0.34289919
  0.54342739  0.73513262  0.38809185  0.29188212 -0.33853326  0.0913873
  0.60933836  0.3255997   0.78442805  0.54429823  0.60712855  0.74656489
 -0.04454179  0.59619543  0.393763    0.4047551   0.10697534 -0.00165406
  0.10447808  0.5546334   0.82111003  0.59165558  0.19030568  0.03202388
  0.65200939  0.45164915  0.03787355  0.65150646  0.7636412   0.60628181
  0.37961888  0.77091387  0.79682188  0.4120545   0.74812101  0.05851652
  0.66303923  0.47367988  0.83584978  0.2941279  -0.17085592  0.6840905
  0.11923578  0.76195593  0.44399748  0.59067952  0.0713843   0.57702795
  0.50393352  0.60819088 -0.11354518  0.90546434  0.39663996  0.76074425
  0.33241906  0.74406593  0.75273148  0.80090274  0.56616129  0.34528714
  0.6946944   0.72014683  0.70336438  0.40379459  0.53185883  0.67291167
  0.83225619  0.37086662  0.45415471  0.54172511  0.32355429  0.85522267
  0.31444614  0.28913087 -0.34430986  0.68907243  0.47035013  0.35687561
  0.61852286  0.19447888  0.69519814  0.02561648  0.76521412  0.57474478
  0.58218081  0.1032108   0.19263458  0.68689683]","[ 0.28217474 -0.06622133  0.12080388  0.5985414   0.45812423  0.67072777
  0.60400377  0.74094085  0.534584    0.34816503 -0.03656445  0.17979078
  0.54742428  0.28945685  0.05477898  0.4580103   0.66340885  0.48807829
 -0.37017964  0.61704664  0.58109118  0.51272953 -0.30251705  0.00423826
  0.66383617  0.47096058 -0.2153954   0.80005843  0.34463658  0.55401824
  0.66399829  0.10210421  0.50338889  0.75151931  0.73947176  0.59400779
  0.65501189  0.39399947  0.83003933  0.6632233   0.67565963  0.44301513
  0.88785472  0.52975108  0.45853413 -0.40142594  0.85816314  0.65023435
  0.02706517  0.32755197  0.26525997  0.65451264  0.50033832  0.59062759
  0.44737703  0.71344019 -0.19978327  0.60758137  0.3575057  -0.37157897
 -0.2579311   0.69258659  0.58911465  0.18399006  0.62854783  0.27669771
  0.34864333  0.49121575 -0.44733345  0.07834779  0.13706079  0.27843376
  0.56503932  0.03125423  0.51876247  0.43605389  0.34983582  0.84533233
  0.59219086  0.4314089   0.59105233  0.54481403  0.71036288  0.70477839
  0.50586257  0.64755895  0.66709739  0.28337069  0.64415089  0.44717408
  0.42341672  0.71780806  0.5391137   0.6397364 ]","[ 0.71613389  0.19516902  0.30379457  0.59274675  0.49334386  0.56420763
  0.7838036   0.69759311  0.59787895  0.58417758  0.63917635  0.44440391
  0.60694191 -0.10634475  0.82608593  0.48302223  0.58650562 -0.37990433
 -0.03818811  0.40858013  0.48062037  0.7080881   0.19788324  0.3430662
  0.32371087  0.37912317  0.84449945  0.63587004 -0.41537522  0.74105731
  0.77801433  0.69213326  0.49807799  0.87354837  0.13601348  0.85239134
  0.71241571  0.8090839   0.8215081   0.85152373  0.6088777   0.13139973
  0.64723801  0.69631257  0.71142284  0.00123907  0.55585658  0.69158851
  0.29664968  0.77024043  0.77492268  0.81594459  0.44730346  0.53161011
 -0.41381725  0.72497469  0.15817531  0.76844151  0.82645799  0.3453732
  0.61446706  0.65424256  0.7420971   0.64347332  0.65553923  0.54652703
  0.46448326  0.6116576   0.54598402  0.67756045  0.82020055  0.33656825
  0.83434815  0.61358776  0.6255052   0.47596422  0.44720326  0.68106412
  0.1210826   0.46163258  0.44756867  0.79138898  0.7065048   0.6540958
  0.69413943 -0.00827501  0.73167661  0.73446211  0.77906868  0.80224002
 -0.02545775  0.09020619  0.28793006  0.80451891]","[ 0.6787515   0.5538838   0.17895169  0.71586882  0.66068903  0.66031534
  0.81377319  0.60278517  0.33662855  0.5879039   0.7048446   0.64192821
  0.20272653  0.29570526  0.72345312  0.3662364   0.6902489  -0.18552489
 -0.15404927  0.14394572  0.53498815  0.47514135  0.13821336  0.22259736
  0.47410535  0.55024996  0.82382709  0.77876888  0.11965617  0.14217091
  0.66301754  0.7168914   0.50336831  0.73461505  0.50985992 -0.10369045
  0.22637833  0.60847353  0.6866745   0.71076645  0.61555714  0.12842078
  0.68989368  0.4788102   0.24337915  0.48874536  0.66753899  0.64942213
  0.29976423  0.36262598 -0.21956615  0.64965279  0.49415561  0.67648873
 -0.0081468   0.50322549  0.34703123  0.45290096  0.31759564  0.21202486
  0.02347958  0.33881552  0.74928749  0.49887969  0.58018282  0.58974219
  0.60809274  0.62029592  0.58227813  0.48211691  0.31081734  0.32730802
  0.78037235  0.44930233  0.7534134  -0.20607756 -0.05911001  0.58382197
  0.45360347  0.13458108  0.41115932  0.52398536  0.45466541  0.60235971
  0.61775307  0.81007822  0.61927759  0.51761116  0.66057307  0.7214588
  0.70146168  0.33197147  0.35376969  0.73291724]","[ 0.57396893 -0.13039686  0.20873865  0.34919947  0.17421872  0.38274877
  0.73034564  0.6605691   0.57969023  0.60967022  0.20049488  0.47365325
  0.55645615  0.06592127  0.62194296  0.42686353  0.5117066   0.39428954
  0.33193357 -0.31773641  0.06106795  0.12951628  0.47789195  0.12872028
  0.08744827  0.30026742  0.49537659  0.68096426  0.44643542  0.01357003
  0.59533298  0.55498289  0.16244338  0.81010657 -0.02176088  0.62977036
  0.64108274  0.60769359  0.63476398 -0.36478144  0.3043984   0.37119465
  0.66005091  0.47712404  0.52982154  0.01790625 -0.21840502  0.61257673
  0.03288543  0.63486329  0.28846132  0.67208065  0.31185507  0.55852595
 -0.32023555  0.57859772 -0.10398251  0.67461182  0.24763038  0.46653314
  0.29176207 -0.02931953  0.68499825  0.48732765  0.5840434   0.45093251
  0.4945672   0.60529435  0.48051432  0.13663149  0.59910099  0.36435743
  0.36576858  0.49804664  0.52220413  0.01524979 -0.54978646  0.6145977
  0.35090031  0.11281553  0.6933281   0.73640181  0.48377383  0.74182466
  0.21315315  0.76880469  0.43202363  0.57580638  0.4373574   0.32669847
  0.25047808  0.68387626  0.22644846  0.06068976]","[ 0.73236671  0.37527165  0.52177366  0.6410198   0.55621229  0.42655572
  0.69898481  0.67545526  0.60171757  0.62619455  0.27025807  0.53058565
  0.6821005  -0.60787965  0.75957588  0.55980592  0.65398743 -0.16520877
  0.23881682  0.5061343   0.61268772  0.64138705  0.28670438  0.49202129
  0.44223731  0.48973991  0.83938551  0.78205265  0.41420158  0.54450456
  0.81346091  0.37230101  0.63699273  0.81501273  0.37238538  0.63511276
  0.59168964  0.68669956  0.84349873  0.7929113   0.56492112  0.62677414
  0.69457833  0.67511393  0.80610737  0.5157367   0.72464282  0.74773209
  0.30723301  0.52047369  0.15470989  0.85452992  0.59464018 -0.00146931
  0.3988      0.61630298  0.19375859  0.65377375  0.72660522  0.55303248
  0.1946937   0.61186992  0.81681887  0.81602445  0.8089985   0.7256413
  0.5872632   0.84151291  0.63568076  0.57178746  0.80136117  0.62785237
  0.84730615  0.72006166  0.64350953  0.42449457  0.08455517  0.708295
  0.31956129  0.30676883  0.61600105  0.72515558  0.64841915  0.71909658
  0.70809229  0.37812691  0.53181435  0.70334126  0.76818613  0.67649017
  0.75154078  0.4466447   0.41223317  0.55479575]","[ 0.59018552  0.34837032  0.2421578   0.36374277  0.29909861  0.46762533
  0.7985786   0.18816696 -0.19426902  0.60598706  0.76080774  0.27927735
  0.56589554  0.54572075  0.16070065  0.27382856  0.62752703 -0.1178303
  0.46798513  0.34264256  0.5124569   0.22802963  0.37850558  0.33033931
  0.53597145  0.49083802  0.21237585  0.46704862  0.2363359   0.08538299
  0.47416406  0.31849356  0.74366591  0.57043427  0.12785317 -0.5269383
  0.55671266  0.10152717  0.52657982  0.4230017   0.52360418 -0.19869649
  0.50421632  0.30009475 -0.04434443 -0.01124661  0.08074783  0.5995764
 -0.54100566  0.2317116  -0.33159127  0.43936661  0.35347286  0.3519081
 -0.27513692  0.0570376   0.00784497  0.28978346  0.39370513  0.34432413
  0.19065879  0.48706065  0.66871616  0.66755862  0.30161797  0.61383838
  0.68220803  0.55095059  0.0763956   0.23633865  0.23314782 -0.11253614
  0.62948563  0.22185574  0.10626936  0.30277119  0.30562483  0.49366959
  0.42403466 -0.03328297  0.06178407  0.34672069  0.38691877  0.04309614
  0.20553662  0.7794565   0.50709702  0.56080309  0.46901531  0.10921005
 -0.3653833   0.69965344 -0.34602874  0.48928636]","[ 0.90171846  0.65851714  0.83967035  0.73447172  0.79119969  0.64717721
  0.90504502  0.83129051  0.7565986   0.84933754  0.72905993  0.68391942
  0.89644142  0.61236167  0.7560885   0.75599518  0.9405617   0.82850331
  0.699118    0.6396294   0.79787773  0.85882512  0.66280192  0.64776484
  0.81178143  0.76206654  0.91843019  0.87718819  0.78859931  0.81487509
  0.85437427  0.58726209  0.69847165  0.90704527  0.76100685  0.86705224
  0.79602153  0.87618611  0.92637546  0.85333907  0.78944579  0.89777856
  0.85333945  0.81363169  0.83619658  0.63045651  0.47249096  0.8424702
  0.73841196  0.61919962  0.70055415  0.89565299  0.63631864  0.9095089
  0.88053272  0.82751525  0.6800147   0.88967523  0.80365062  0.8022693
  0.45041602  0.88976874  0.86214083  0.91895671  0.93600059  0.61448077
  0.88291456  0.89777792  0.91555454  0.85175721  0.84317923  0.84703897
  0.8378308   0.77476583  0.90908899  0.77728493  0.54757106  0.88551427
  0.72960128  0.77337551 -0.02041311  0.88077021  0.81330132  0.59233579
  0.83420875  0.7138292   0.83942636  0.74674775  0.8773364   0.90142833
  0.94411858  0.7720448   0.5602472   0.88641227]","[ 0.68031926  0.0134462   0.14131692  0.03450265 -0.11801259  0.12819429
  0.80921526  0.73195773  0.51853297  0.63569784  0.22397227  0.44398391
  0.61084032 -0.4387358   0.20635497  0.50246541  0.74441831  0.33853292
 -0.55617015 -0.11081666  0.37936455  0.45199584  0.03561796  0.25870778
  0.64980639  0.53108676  0.60921445  0.54835159  0.48188836  0.36535181
  0.58458527  0.38851159  0.60388356  0.85447574  0.21381323  0.33641457
  0.32500185  0.38882736  0.7497355   0.47591963  0.63983996  0.27449078
  0.5998656   0.27873418  0.47470262 -0.21136644  0.6243898   0.65657139
  0.11546995  0.2991284   0.08522275  0.47975748  0.30178141 -0.35173156
  0.18153601  0.52942606 -0.45993212  0.09976091  0.46573625  0.5298124
  0.192296    0.60823477  0.62635841  0.45875224  0.10596061  0.49715075
  0.58124258  0.55154456  0.71450197  0.32548982  0.67902825  0.41924934
  0.64185993  0.33465878  0.21675648 -0.15827961 -0.03769715  0.74804591
  0.02152109 -0.0586475   0.20540692  0.72516715  0.21403815  0.00309312
  0.43093901 -0.0068877   0.68147446  0.08894054  0.70261495  0.64588776
  0.2873054   0.41240412  0.0895139   0.61087376]","[ 0.66395757  0.26801449  0.29561904  0.15255973  0.08017227 -0.23219388
  0.6572747   0.19037255  0.41933713  0.47902957  0.47868259 -0.10248137
  0.54222523 -0.3973309  -0.22119489  0.49492317  0.34743284  0.49010026
 -0.21393941  0.39588333  0.39069078  0.54675694  0.25699417 -0.11519429
  0.22137612  0.50002216  0.68144545  0.46212569  0.24508681 -0.16699516
  0.27911437  0.51249285 -0.32334657 -0.14924252  0.16757113  0.54152607
  0.4448686   0.53663077  0.39780588  0.47054737  0.0129912   0.20245814
  0.18661735 -0.25464087 -0.04178534  0.15342733  0.22674772  0.14026266
  0.18193865  0.06999895  0.27364852 -0.28685153  0.38040707 -0.31501371
 -0.08972479  0.35909452  0.35512845  0.46144146  0.09515405 -0.21127128
 -0.43507445  0.37194373  0.76795548  0.46862548 -0.14481505  0.38660797
  0.20635809 -0.11304411  0.323691   -0.02539926  0.53189375  0.48640257
  0.11451336  0.64525346  0.44068247 -0.00432205  0.02098602  0.66897154
  0.30376355  0.21507577  0.11301074  0.84660756 -0.20552513  0.27226173
 -0.43537803 -0.35094754 -0.03675048 -0.2611373  -0.46250229  0.80903743
  0.54607052 -0.26121648  0.52494277  0.42040385]","[ 0.89463776  0.73451669  0.5810126   0.76671     0.15892608  0.43841277
  0.34873174  0.66877739  0.7936507   0.67448977  0.87421448  0.67070815
  0.69885165  0.43153314  0.7008535   0.53491602  0.63970711  0.73483094
  0.78700808  0.55840292  0.44438189  0.65793364  0.57140873  0.71462201
  0.28482342  0.63128214  0.83711561  0.53750447  0.55700396  0.74521746
  0.55101959  0.20034296  0.65011612  0.6674716   0.56635666  0.622687
 -0.09654397  0.55941999  0.63099519  0.69313768  0.44158089  0.61092218
  0.27969877  0.57494476  0.73745918  0.41032773  0.14700491  0.67823253
  0.68610879  0.85359404  0.49854747  0.54629221  0.70135169  0.454449
  0.6211522   0.46387432  0.39254905  0.69009452  0.45028828  0.628874
  0.45035151  0.65497435  0.63207325  0.59039724  0.62634007  0.66886378
  0.51866689  0.59552836  0.42978716  0.60825641  0.64614249  0.56421368
  0.80453991  0.55519955  0.5227594   0.57161908  0.48957536  0.64243429
  0.42400024  0.77863048  0.2582787   0.7748065   0.24015422  0.24016189
  0.58955327  0.81149818  0.38606469  0.63841354  0.7029668   0.651023
  0.76026393  0.37929395 -0.13787192  0.50450306]","[ 0.46824059  0.39327135  0.40145992  0.56877689  0.16427912  0.31257919
  0.52191505  0.71993505  0.767646    0.23070048  0.46622723  0.470847
  0.25589386 -0.30810438  0.3184708   0.61740717  0.6652117   0.00902779
  0.29564888  0.4262121   0.45116298  0.23757488  0.6109024   0.73502689
  0.17488962  0.55129563  0.80993633  0.40920959  0.44781291  0.37725251
  0.54086582  0.28070072  0.3265997   0.59330594  0.52938413  0.71581821
  0.40783545  0.50251692  0.67368436  0.49005692  0.58846111  0.36586752
  0.38560001  0.30765846 -0.325108    0.37454201  0.3047959   0.22494267
  0.34821953  0.53662797  0.15231936  0.59016047  0.61991007  0.25981061
  0.17347449  0.58508651  0.25686439  0.85513353  0.09522125  0.25353525
  0.11243444  0.62013759  0.7133951   0.54423637  0.55234128  0.70236276
  0.29500648  0.46327269  0.54819548  0.63247711  0.63883276  0.52533546
  0.27226678  0.62708993  0.57552155  0.14528802  0.5801669   0.61120198
  0.41047693  0.6086234   0.29991727  0.80513067  0.33696755  0.59802336
  0.43708439  0.71962926  0.13257885  0.35561157  0.56472775  0.47953053
  0.35738726 -0.22477092  0.19280425  0.38240392]","[ 0.93853073  0.89901406  0.69242796  0.73598027  0.3334182   0.6388623
  0.66359307  0.69322007  0.76035932  0.72426962  0.90249501  0.76007556
  0.65786581  0.47418278  0.72477927  0.61545926 -0.03146173  0.73710829
  0.88877505  0.74794334  0.53195457  0.77082998  0.52827435  0.76468394
  0.32403472  0.65805731  0.87562229  0.42539826  0.6752761   0.71180573
  0.67076806  0.61613654  0.67238251  0.67881129  0.66460026  0.69687361
  0.48506196  0.69444503  0.86310943  0.66381563  0.11957158  0.69981161
  0.4675127   0.71604212  0.72176035  0.55968281  0.59171297  0.67210914
  0.55351735  0.92152186  0.67838151  0.71357717  0.80142212  0.66190429
  0.72048191  0.25482096  0.51028682  0.61904565  0.56943962  0.56045435
  0.46567779  0.69195776  0.5824024   0.87262901  0.66626553  0.80345043
  0.71972503  0.56754933  0.38677231  0.65296745  0.67336504  0.42903061
  0.83481668  0.52201105  0.56365405  0.46462902  0.30871139  0.55481381
  0.44832405  0.75732362  0.25117123  0.7693611   0.29117943  0.36352936
  0.67689621  0.85893358  0.25344745  0.6846088   0.72733558  0.67499565
  0.86376032  0.48804685  0.3687911   0.73140439]","[ 0.78837896  0.85685877  0.52371428  0.5745635   0.21851036  0.638133
  0.56477319  0.52395314  0.70433294  0.4523897   0.89765798  0.69802081
  0.77701857  0.43763094  0.44959389  0.49689337  0.63083648  0.58551483
  0.58973044  0.36065773  0.33921922  0.81952786  0.51807478  0.70586048
  0.4944159   0.55567226  0.72865056  0.51656618  0.54171474  0.52423783
  0.64824674  0.4564953   0.26682413  0.7244424   0.65496287  0.7013969
  0.59255756  0.7601256   0.82248481  0.61275699  0.36294177  0.49357472
  0.46443149  0.43891731  0.74336262  0.30249474  0.21429134  0.58669432
  0.56661249  0.60250681  0.72847505  0.50292428  0.39617996  0.54290813
  0.76812868  0.58892737  0.52746529 -0.34744028  0.38629358  0.45271179
  0.34806445  0.71686265  0.69442654  0.80486346  0.61570299  0.72138258
  0.47542981  0.64701562 -0.2120441   0.82212181  0.6531861   0.40215609
  0.7559693   0.48788803  0.48405863  0.00646987  0.47091869  0.55268676
  0.59566685  0.75655697  0.33841165  0.75512967  0.31931138  0.64111597
  0.69329741  0.83931888  0.45333109  0.78565132  0.57627857  0.70360866
  0.81429034  0.43901411  0.11551344  0.5290197 ]","[ 0.74274516  0.55740369  0.70350889  0.54058553  0.401129    0.43182016
  0.42387125  0.86457328  0.81140135  0.13808557  0.54803743  0.62523148
  0.67496597 -0.30285646  0.52632706  0.67827482  0.68416956  0.11256087
  0.51085486  0.57497972  0.31866806  0.69600043  0.70144295  0.81420558
  0.62658603  0.52170029  0.91086897  0.55179426  0.44160489  0.60470882
  0.57907324  0.60815563  0.1723739   0.77379037  0.66014767  0.7769305
  0.56948071  0.73690771  0.87685657  0.6805017   0.64548057  0.40637469
  0.45910824  0.47121417  0.37358588  0.4301427   0.52209119  0.27090101
  0.15324653  0.67870821  0.68419643  0.81983378  0.4681333  -0.13881066
  0.56095287  0.5679958   0.62883636  0.91626292  0.71089384  0.72464799
  0.47094971  0.82022159  0.80785968  0.8101348   0.67703762  0.78345399
  0.44419059  0.60858472  0.5450479   0.83735034  0.66193444  0.78374022
  0.71316969  0.68787597  0.66968391  0.53103035  0.6734282   0.8126473
  0.67319513  0.54309301 -0.11312042  0.86193231  0.54843473  0.56172994
  0.58306157  0.77526472  0.37969593  0.64074174  0.82664332  0.64299437
  0.47457868  0.04073073  0.13304589  0.13181148]","[ 0.172385    0.19096535  0.47314845  0.46420091  0.36593618  0.60536566
  0.33977642  0.67999754  0.18745461  0.45398171  0.73391721  0.30590778
  0.40048782  0.2628955   0.61380822  0.34197717  0.33336886 -0.09762168
  0.30101002  0.41565971  0.385075    0.56688492  0.48330765 -0.37286292
  0.53201676 -0.01075218  0.77190596  0.10164904  0.81097534  0.64919786
  0.14283076  0.28263399  0.69592035  0.59427709  0.50582327 -0.08642117
  0.45619838  0.40990742  0.3115489   0.37509174 -0.50471711  0.57365198
  0.27986693 -0.29485162  0.45414345  0.73978748 -0.02373438  0.37227079
  0.52010177  0.71783128  0.38244584  0.74440967  0.43724322  0.62081713
  0.55008004  0.08524125  0.37803595  0.70099026  0.56723153  0.59064771
  0.25191356  0.30301774  0.30711243  0.22320481  0.20475031  0.27233431
  0.16269726  0.43343988  0.33579415  0.88026654  0.50719127  0.39705473
  0.23460539  0.260906    0.59925699  0.51225659  0.41763358  0.74993926
  0.72218443  0.49588502  0.69140524  0.33427804  0.52430758  0.29638352
 -0.01058885 -0.18372011  0.60959907  0.47025329  0.17291775  0.64350007
  0.67156939  0.64580472  0.38521858  0.69054932]","[ 0.88541419  0.45502897  0.64312334  0.73511333  0.1881773   0.54122443
  0.32656429  0.57616567  0.80024706  0.36841516  0.82457679  0.54715807
  0.60532413  0.46548065  0.5207084   0.54973676  0.64473808  0.35241324
  0.54678668  0.55878595  0.20945974  0.50389182  0.49063749  0.56648729
  0.32648795  0.46945697  0.82450643  0.43946537  0.60715064  0.58329042
  0.63397537  0.42869583  0.28392125  0.40790974  0.75353633  0.53286208
  0.34902369  0.5433365   0.74299847  0.65287585  0.06021592  0.70572733
  0.25868477  0.63179967  0.62793078  0.37216073  0.65908992  0.53196917
  0.23492978  0.85188022  0.51599176  0.53323556  0.40640345  0.12673227
  0.50746581  0.4634581   0.53429544  0.57585111  0.57729053  0.39263571
  0.26121984  0.67623928  0.73844541  0.46810408  0.57427165  0.75730669
  0.48079977  0.75270307  0.39413789  0.62354685  0.62730614  0.54493267
  0.71092281  0.57022026  0.53482753 -0.19917498  0.35161453  0.61305347
  0.22975052  0.56237169  0.19899361  0.80691415  0.16867777  0.13838723
  0.69899208  0.77797492  0.08563298  0.7485435   0.61446563  0.66448538
  0.66081496  0.23409015 -0.34436852  0.34862606]","[ 0.79943288  0.42218983  0.60620615  0.49924459  0.23920584  0.48406298
  0.42259956  0.73401122  0.7201099   0.33545388  0.43150741  0.40291529
  0.67287095 -0.34893498  0.27560522  0.57037794  0.69653172  0.01228416
  0.50536959  0.31051193  0.32665872  0.3069233   0.65112531  0.60622168
  0.24178168  0.55932657  0.89198783  0.31392395  0.50388978  0.24034579
  0.34972822  0.52530671  0.11978349  0.72995579  0.63916492  0.68468533
  0.42432029  0.66759737  0.79271014  0.50067334  0.1206741   0.52471705
  0.23542969  0.39781509  0.19775538  0.35952874  0.41224176  0.27992285
  0.41085234  0.51183267  0.40072129  0.76797873 -0.19646185  0.68307763
  0.47087193  0.47538254  0.52868455  0.85847986  0.44615538  0.32300586
  0.23823052  0.69705606  0.79748868  0.68440644  0.58945001  0.71409912
 -0.36835538  0.59144789  0.4775949   0.87064608  0.1704747   0.6204664
  0.5606703   0.49412002  0.39234248  0.29319708  0.60872492  0.60566867
  0.57434222  0.50601815 -0.09523939  0.75501402  0.21245108  0.52198019
  0.49301108  0.50692198  0.07641841  0.73085114  0.67605063  0.63911292
  0.31306696  0.181968   -0.22178434 -0.20938483]","[ 0.49717369  0.33203733  0.0827136  -0.01084624  0.03500364 -0.17072254
 -0.0110442   0.37354914 -0.2807012   0.49363828  0.42410881  0.36302706
 -0.09608544  0.41960373  0.02439322 -0.17059673 -0.25129193 -0.23876681
  0.75799046  0.14095916 -0.05473952 -0.39955537  0.2153277  -0.26080417
 -0.18237624 -0.2995125   0.2302573  -0.12228214  0.73228116  0.26044493
  0.16594277 -0.02499182  0.2967242   0.16071344 -0.00709491  0.16592309
  0.50663466 -0.11195854 -0.19921965 -0.40318209  0.17301379  0.23660734
 -0.56599646  0.54888341 -0.31803215 -0.09988045  0.21985943  0.34182227
 -0.1814367   0.27292036 -0.4265325   0.34917117 -0.04336426 -0.12006211
  0.04293304  0.19870196  0.27593647  0.47414984  0.13317362  0.5208456
  0.4551602   0.06915589  0.12649832  0.41050404 -0.37537308 -0.21237062
 -0.06077971 -0.45581933  0.40904605  0.37948372  0.49194223 -0.21709703
  0.58440269  0.18032589  0.54767858  0.2886487   0.22031701  0.27876101
  0.22058003  0.11932243 -0.18660435 -0.08254257  0.28931079  0.36107951
 -0.1669868   0.39195238 -0.11002674 -0.15777989  0.28896728 -0.4937251
  0.13084973  0.06985899 -0.59807066  0.48229968]","[-0.29104188  0.49226421  0.46640849  0.70842412  0.87222703  0.73681043
  0.56977351  0.24586611 -0.25458105 -0.25000534 -0.16325231 -0.29527895
 -0.08531133  0.51384454  0.5254554  -0.14016267  0.76961563  0.76050798
  0.37333776  0.26831594  0.43708917 -0.50235084 -0.18580583 -0.47134044
  0.81151634  0.58111194  0.40472642  0.57409965  0.16208331  0.61762992
 -0.36303618  0.48499855  0.22944617  0.45166687  0.5525933   0.61113305
  0.383484    0.44660138  0.59221276  0.39383202  0.53247535  0.23540361
  0.63006573 -0.04296153  0.78182163  0.06773127  0.57363701  0.27944472
  0.5281952   0.524955    0.27270604  0.78526032  0.49333984 -0.05764879
  0.72935951  0.57107898  0.07020802  0.56563938  0.59977266  0.24382708
  0.02601994  0.69203793  0.21115191  0.80383795  0.69867202 -0.091528
  0.63966001  0.44670099 -0.08718468  0.67457931  0.72182314  0.63298544
  0.55784923  0.66810103  0.62753015  0.46584503  0.51674684  0.08501044
  0.60349819  0.66619788  0.41514358 -0.49490932  0.26917811  0.68558858
  0.32143913  0.3096173   0.01318325  0.67652536  0.2954826   0.37102519
  0.15090226  0.76350385  0.14494846  0.54056955]","[ 0.49622713  0.2211912   0.32256242  0.67503536  0.7363799   0.51943203
  0.44252861  0.35808218  0.41453364  0.00280202  0.36317873  0.42561812
  0.07252722  0.37508332 -0.17874113 -0.46179577 -0.19926775  0.09659941
  0.56616497  0.22179851  0.48126611 -0.54765438  0.1927402  -0.49081807
  0.75884574  0.20453258 -0.06790683 -0.01686144  0.38343775  0.44787306
  0.40859856  0.56379497  0.53492327  0.32443499  0.11021465  0.53264824
 -0.24869502 -0.16459341  0.72893442  0.06522134  0.60878236 -0.17200916
 -0.48766475  0.40611189  0.39955899  0.30716714  0.56550021  0.43987037
  0.51440501  0.8687306   0.09443765  0.80639426  0.17523035 -0.01342662
  0.68040891  0.41270451 -0.34510194  0.53337063  0.56040534  0.48994282
  0.55536512  0.69887931  0.55590744  0.68500931  0.56677635 -0.16453288
  0.44721116 -0.13242879 -0.08027607  0.68498545  0.50032749  0.09041881
  0.69670237  0.63181201  0.49842315  0.36659813  0.1469414   0.65940158
  0.53049995 -0.16917809  0.54918624  0.24101811  0.35109368  0.22716284
  0.72622388  0.47553479  0.26422604  0.93219243  0.54370923  0.60778875
  0.51131538  0.56826376  0.10822205  0.20020053]","[ 0.19226182  0.25614015  0.41065422  0.60515608  0.75587579  0.66427862
  0.41876261  0.72099799  0.5157481   0.30133991  0.48660161  0.03313796
 -0.11260225  0.62134409  0.48305414  0.39230038  0.77574943  0.57910764
  0.14187784  0.20416507  0.41716551  0.55077928  0.01562687 -0.37195756
  0.47483501  0.58485044  0.52677901  0.76909083  0.43316521  0.25029724
  0.690586    0.41740095  0.50194308  0.68881221  0.71086354 -0.09117971
  0.38875392  0.52777856  0.89976041  0.44645413  0.62617608  0.01049703
  0.74707279  0.37626424  0.06241533 -0.40947008  0.80282269  0.46682182
  0.02764089  0.29450998 -0.39965638  0.80652684  0.51143266  0.37586263
 -0.22141011  0.70907274 -0.47446185  0.6094773   0.35835878 -0.17268092
 -0.35826992  0.7509587   0.55301139  0.53055611  0.58391075 -0.09715645
  0.00192788 -0.04223269  0.47915462  0.56502983  0.38541204  0.58065982
  0.62168008  0.42208627  0.4285135   0.53319261  0.5179079   0.8271112
  0.10780907  0.18980521  0.62545385  0.66843954  0.53503302  0.72883697
  0.38979009  0.32157703  0.69546322  0.2277386   0.62927026  0.40221966
  0.14538391  0.76939339  0.54849672  0.49847128]","[ 0.3660028   0.54715044  0.35880282  0.62907494  0.66431119  0.50384652
  0.3882661   0.62051172  0.00717364  0.33307367  0.76372772  0.17796531
  0.21922493  0.51628808  0.47976732 -0.13495259 -0.54366801  0.39270255
  0.73029209  0.23146453  0.4328567  -0.60729236  0.23988807 -0.17096371
  0.49846631  0.42297794  0.49038566  0.40423448 -0.05853225  0.51037566
 -0.09012976  0.53644938  0.38508335  0.35915075  0.41208787  0.81492974
  0.10274991  0.30972458  0.57139114  0.31898739  0.14923933  0.29497647
 -0.09002441  0.17906454 -0.46463609  0.27738932  0.60503061  0.06400135
  0.05605506  0.85113075  0.5092356   0.80026489  0.56435011  0.36762606
  0.31487429  0.61104696 -0.36180838  0.71556297  0.55204825  0.01728551
  0.43453761  0.59971043  0.45751771  0.52343096  0.20615616  0.15652363
  0.64042228  0.15233814  0.24099705  0.53299366  0.49406472  0.2329989
  0.31981172  0.40292776  0.59634954  0.49305153  0.23448415  0.55569287
 -0.22607958 -0.48440552  0.48158863 -0.38590091  0.50796209  0.10708245
  0.72466947  0.03282585  0.26228814  0.76832497  0.29948183 -0.07654285
  0.47810152  0.73422518  0.11644604  0.40112592]","[ 0.45428499  0.33855228 -0.04624337  0.59346314  0.37611562  0.46481822
 -0.09386549  0.41013351  0.05813265  0.33431656  0.73372072  0.56351124
  0.62242096  0.42444453  0.27666044  0.09213807 -0.13288089  0.67690193
  0.50886914  0.41038287  0.55345692 -0.30528326  0.08770798  0.47779157
  0.38267794 -0.20194758  0.73160669 -0.11890705  0.25874938  0.73205691
  0.21880789  0.76787833  0.41391168  0.00377756  0.3258212   0.37501403
 -0.56625719  0.32089667  0.25498297 -0.16287634  0.3366474   0.18401715
  0.08184723  0.21153607  0.77160946  0.3208889   0.35672729  0.32134434
 -0.51633132  0.8080217  -0.13459892  0.54126965  0.79101582  0.16239384
  0.24918297  0.64981602 -0.25173527  0.47556384  0.57439299  0.07024633
  0.15147481  0.2851924   0.65865305  0.79805567  0.20291289  0.17000138
  0.3869694  -0.13100558  0.32978448  0.47292637  0.5838772   0.3937052
  0.4027664   0.22845211  0.08205999  0.40478564  0.48455639  0.64001098
  0.05700733  0.31907234  0.21193643 -0.57197983 -0.16962387  0.3483287
  0.49120214  0.44530831 -0.01649248  0.75553011  0.46532185  0.49602116
  0.45322039  0.60525475  0.20998057  0.1088284 ]","[ 0.43786571  0.7543837  -0.1575804   0.67621771  0.36125903  0.55278615
  0.79162399  0.3642747   0.32193784  0.1278134   0.62349944  0.61189946
 -0.37840233  0.40417569  0.64719628  0.21190322  0.57808818  0.71332666
  0.40782815  0.07821824  0.45446436 -0.0878123   0.45485151  0.229534
  0.72587706  0.22259706  0.77784047  0.41167993  0.14736466  0.44973655
  0.5598491   0.44490791  0.69914903  0.25136208  0.68028926  0.22885196
  0.59615603 -0.22047909  0.84818516  0.05097219  0.77764615  0.30154256
  0.4929907   0.24726347  0.0479658   0.70441867  0.61381153  0.59158815
  0.02789157  0.68116455  0.33029464  0.62014681 -0.03144631  0.37330104
  0.58542862  0.72719709 -0.31529406  0.71699302  0.74900667  0.42053729
  0.45198233  0.65546339  0.60940189 -0.15829286  0.4433776   0.52465448
  0.70195436 -0.41043877 -0.26456416  0.59161843  0.45013949  0.18792171
  0.7771692   0.640292    0.64645867  0.33864238  0.17880525  0.67045577
  0.64375359  0.12919589  0.74372547  0.41652578  0.76526307  0.7334825
 -0.01570513  0.34793994  0.17622097  0.79861106  0.72651587  0.76300122
  0.72927747  0.79013357  0.05549475 -0.31364497]","[ 0.16788059  0.30692388  0.6508613   0.69267496  0.83260668  0.5593067
  0.59643703  0.44959475  0.20525211 -0.14300977  0.47696581  0.48050956
  0.50297033  0.47466911  0.37266182  0.09322428  0.15189771  0.76246955
 -0.23388565  0.16874009  0.40003801  0.12974278  0.49605901 -0.06412304
  0.49095666  0.61611124  0.84873064  0.5544832   0.42527129  0.42692318
  0.14067776  0.83570293  0.62860724  0.46782003  0.42075287  0.59833707
  0.33707629  0.58682156  0.28746369  0.52914853  0.53389632  0.43314751
  0.2765347   0.02012578  0.49452755  0.56899577  0.62421122  0.29150118
  0.78120413  0.78640924  0.60600086  0.82286667  0.61895477  0.15975287
  0.43225777  0.32719732  0.30312973  0.76885547  0.57340023  0.52892356
 -0.11883332  0.7071169  -0.04949568  0.80835006  0.84417966  0.5940115
  0.68258079  0.77855577 -0.52342463  0.61263012  0.35833143  0.3193342
  0.84722134  0.74689348  0.72263674  0.31537228  0.53779821  0.56049205
  0.28302096  0.35565107  0.70446939 -0.24406019  0.57331173  0.53259991
  0.35263973  0.71191072  0.44668299  0.71892648  0.75022314  0.5983612
  0.69367027  0.7656692   0.44081519  0.78478263]","[ 0.48415834  0.35568358  0.08392195  0.43125845  0.30003821 -0.09760647
 -0.23310015  0.62706124  0.38309733 -0.16088652 -0.02387323  0.18428244
 -0.26478117  0.05960253 -0.34833234  0.4267373   0.36758582  0.44559597
  0.05564785  0.05826742  0.3080566   0.2390045   0.26041831 -0.02230623
  0.52230145  0.26637492  0.75096876 -0.07263376 -0.2008953   0.58768718
  0.44838293  0.60412376  0.37034385  0.35775792  0.38816271  0.68653982
 -0.07906823 -0.2933505   0.25929425  0.14438046  0.03066978  0.47970096
  0.38387305  0.05836924 -0.45677834  0.5877717   0.15837132  0.27822358
  0.58742229  0.67474311  0.29584902  0.69619992  0.37214115  0.17305262
  0.21645525  0.49817324  0.02011247 -0.0332655   0.34615683  0.43023432
  0.25403143 -0.400106    0.49770831  0.62153343  0.39681691  0.52838778
  0.09206616  0.35049443 -0.59813096  0.71422125  0.53852623 -0.15644784
  0.31290885 -0.00184264  0.10907979 -0.20141265 -0.11238918  0.71041518
  0.47702857  0.41259283  0.30152152  0.64863779  0.22580997  0.55047623
  0.47523698  0.45437245  0.25661562  0.70798456  0.16261335  0.05298097
  0.19469794  0.70119787 -0.25675144  0.48816379]","[ 3.48157171e-01 -4.43165302e-01  6.11097582e-01  6.96047791e-01
  6.70276659e-01  5.89033044e-01  6.71160785e-01  6.04354034e-01
  3.61465756e-01  2.11504628e-01  1.20257966e-01  3.12883995e-01
  1.81584219e-01  2.83727878e-04  2.05561607e-01 -1.19874627e-01
  6.58892726e-01  3.39138790e-01  2.52320155e-01  5.95987382e-01
  3.72698345e-01  5.06703186e-01  4.26927589e-01  1.35646744e-01
  7.48014217e-01 -1.96475483e-01  3.75560192e-01  2.36644642e-01
  7.69743363e-02  3.32014737e-01  4.36235984e-01  1.96025041e-01
  4.91552221e-01  3.88945988e-01  7.37665077e-01  1.24216789e-03
  3.31722332e-01  6.87576546e-01  6.08177751e-01  6.36132368e-01
  6.15457710e-01  5.47788032e-01  3.16458042e-01  9.50286977e-02
  7.19747943e-01  6.61216415e-01  8.15299166e-01  5.55749206e-01
  3.84809575e-01  6.22088235e-01 -2.96291642e-01  3.36660103e-01
 -9.82973253e-02  1.64725589e-01  3.82241414e-01  5.82739139e-01
  5.33286562e-01 -1.01329472e-01  7.34747651e-01  2.67989234e-01
  1.35533587e-01  5.07402294e-01  1.76696683e-01  3.76540629e-01
  6.99112239e-01  9.29698003e-02  9.77653500e-02  6.91968321e-01
  6.07359318e-01  3.70112441e-01  7.79865326e-01  5.85411097e-01
  8.59548056e-01  3.57344602e-01  5.22818301e-01  3.49547905e-01
  4.47886517e-01  3.41854027e-01  3.59073381e-01  7.85556924e-01
  2.75687218e-01  1.69825334e-01  3.52963315e-01  6.21631384e-01
  2.95544958e-01  1.71284556e-01 -2.37199603e-01  5.60779169e-01
  7.03955942e-01  3.09505527e-02  4.20651300e-01  6.46247580e-01
  3.69939516e-01  2.32257814e-01]","[ 0.45166473 -0.22677336  0.62544122  0.73013157  0.79618228  0.62203826
  0.32832549  0.48932091  0.13610549  0.15894567 -0.16797146  0.17489913
 -0.21707976  0.24799619  0.36721924 -0.19733901  0.55460681  0.53933935
  0.63665376  0.22747757  0.27124811 -0.2819927   0.22494221  0.25365543
  0.761283    0.28848978  0.18384152  0.5303429   0.35367092  0.634855
  0.47030555  0.48639992  0.76027241  0.58416113  0.67229257 -0.35057345
  0.2494387   0.64765508  0.73650135  0.03089459  0.57023024  0.19883426
  0.43415336 -0.25862517  0.6339764   0.38000414  0.63809416  0.6231903
  0.27350939  0.4281666  -0.14357613  0.57925666  0.49754985 -0.13656291
  0.47073567  0.44138091  0.16019115  0.47025354  0.73530047 -0.40124367
  0.18157832  0.40041079  0.35273233  0.65868957  0.56882317 -0.14778545
  0.53292758  0.76263223  0.25246411  0.43018919  0.69921805  0.56237763
  0.8042708   0.3616447   0.69885842  0.37849917  0.22556391  0.61597996
  0.37109299 -0.25677553  0.46280229  0.42432112  0.33309836  0.48210925
  0.56135654  0.04440648  0.34709962  0.14535015  0.57651639  0.43170653
  0.28112063  0.68967282  0.57830367  0.46551887]","[-0.0737725  -0.0728703   0.48356661  0.79797391  0.73227655  0.48772745
  0.27524922  0.62929688 -0.33073429 -0.18355375 -0.06627129  0.3204325
  0.56334769  0.4829026   0.24619175  0.46641229  0.65111823  0.22838699
  0.58517454 -0.46411686  0.32137282  0.04235251  0.42718583 -0.4337703
  0.72176654  0.34720604  0.73154062  0.74393079  0.33150591  0.40509928
 -0.32024222  0.47065655  0.5817304   0.16402001  0.48831219  0.16975389
  0.48270383  0.70568262  0.73355441 -0.19334365  0.57358531 -0.22611502
  0.11649505  0.27429417  0.10095036  0.27327285  0.74049144  0.27405743
  0.25324164  0.29255633 -0.28985695  0.70055991 -0.2272545   0.29058315
  0.27811548  0.79830053 -0.27732321  0.68738775  0.3728506   0.09380306
  0.3256401   0.75058931  0.54865135  0.52875874  0.73292549  0.34123711
  0.5072409   0.67778644  0.34619036  0.49486026  0.34341591  0.30027786
  0.8564224   0.26458741  0.48908459  0.45612036  0.60267505  0.5267992
 -0.03054406  0.04775596  0.41682751 -0.13790851  0.54944919  0.32687957
  0.2563774   0.57205406  0.44153481  0.52476735  0.21779977 -0.16267368
  0.71232185  0.71527628  0.56703261  0.60335516]","[ 6.44312002e-01 -3.81235480e-01  8.00683313e-02  7.11631396e-01
  8.01674733e-01  6.19925792e-01  7.22794436e-01 -1.15498192e-01
 -4.14981877e-01  2.09699573e-01  4.57699233e-01  5.83228513e-02
  3.07721206e-01  2.18384275e-01  9.21053270e-02  1.57502680e-01
  4.17120839e-01  3.69868017e-01  3.03286253e-01  4.68117159e-04
  4.93718235e-01 -4.20048670e-02  2.14707476e-01  1.93362432e-01
  7.94835784e-01 -2.47161655e-01 -1.91472939e-01  1.98978515e-01
 -2.66742727e-02  5.72863075e-01 -3.46514523e-01  4.34962169e-01
  4.89759055e-01  6.13966100e-01  6.56390308e-01  5.41386875e-01
  2.72096854e-01  4.09981336e-01  3.75315929e-02 -4.02406705e-01
  6.23756013e-01  4.77914872e-01  3.25592751e-01  6.74951443e-02
  8.36178083e-01  5.41384604e-01  4.16462159e-01  2.17411589e-01
  5.61172554e-01  4.49925229e-01  3.50877217e-02  7.82829767e-01
  6.67284911e-01  1.13244557e-01  5.62655272e-01  5.28294735e-01
  2.75334874e-01  6.55007099e-01  2.28420168e-01 -4.95600407e-01
  5.44264426e-01  6.42147687e-01  5.73853740e-01  6.70804645e-01
  3.98128718e-01 -5.31819051e-01  4.66190967e-01  2.58439420e-01
 -2.72960315e-01  3.60510896e-01  8.76830640e-01  4.46279137e-01
  6.15464603e-01  3.74295576e-01  8.59159015e-01 -2.27935587e-01
  3.07551820e-01  6.70860357e-01  6.52666192e-01  4.82643974e-01
  5.03147712e-01 -3.94647995e-01  4.60259705e-01  6.24448759e-01
  1.53124483e-01  2.04374662e-01 -3.93308226e-01  5.52758999e-01
  2.67439324e-01 -3.01651617e-01  6.94790635e-01  6.56622537e-01
  3.11323709e-01 -2.05272129e-01]","[ 0.69584414 -0.07038981  0.46344873  0.73894153  0.72663966  0.66239416
  0.70720813  0.26104765  0.40507675  0.31428677  0.70643724  0.74966155
  0.67080101  0.16000728 -0.42393359 -0.3014025   0.69825301  0.46378585
  0.51432427  0.37129051  0.5074789   0.38221705  0.34951308 -0.0944936
  0.81994074  0.07974543 -0.05078911  0.57590356  0.43365291  0.5116443
  0.13866707  0.43778296  0.65875034  0.57364935  0.71625019  0.64954471
  0.36164667  0.60008097  0.63579186 -0.51131964  0.68476212  0.42187437
  0.02613063 -0.35017434  0.82663436  0.46762995  0.52334544 -0.4227014
  0.4163784   0.75637382  0.1564245   0.83621904  0.44886087  0.02078935
  0.6943846   0.46737091  0.25431107  0.6464579   0.28529616 -0.46061113
  0.39919201  0.32864013  0.48843316  0.36036242  0.50441481 -0.17829803
  0.67313103  0.21481886 -0.54106331 -0.15530342  0.63063825  0.22922725
  0.70093855  0.64461314  0.73653837  0.26814108  0.53066741  0.34584343
  0.62286773  0.05579297  0.59616451  0.14009838  0.33824315  0.17692451
  0.08309452 -0.46890548  0.53404032  0.71886631  0.26188598  0.44451172
  0.70845805  0.59540036  0.41020105  0.1906924 ]","[ 5.78774414e-01  6.88529842e-01  7.93673248e-01  8.69998678e-01
  7.57672886e-01  7.21428382e-01  7.71927593e-01  7.72150434e-01
 -4.35143451e-01  4.03675556e-01  7.38966175e-01  4.04897539e-01
  7.38831302e-04  3.71671640e-01 -5.51663311e-02 -2.03827969e-01
  8.45589019e-01  3.29184859e-01  2.50829632e-01 -1.25036568e-01
  5.53256938e-01  4.51234495e-01  4.30703860e-01 -1.11907096e-01
  1.08951491e-02  6.07703318e-01  6.02533619e-01  7.36977828e-01
  2.14563288e-01  5.56450920e-01  1.05754142e-01  6.83024581e-01
  6.48172225e-01  8.92369491e-01  7.08022843e-01  7.45301998e-01
 -1.00007995e-01  5.27396977e-01  8.65351438e-01  4.31620334e-01
  6.10329912e-01  6.70345938e-01  5.76501427e-01 -1.82693613e-01
  6.68020408e-01  6.09531130e-01  8.57383026e-01  8.08810725e-01
  6.92284690e-01  2.09993923e-01  6.29997299e-01  8.16874504e-01
  7.15680963e-01  7.16396983e-01  3.98353887e-01  6.66849281e-01
  1.09444446e-01  7.30518311e-01  7.36018238e-01  4.16198497e-01
  4.16893353e-01  6.57511817e-01  5.29570633e-01  5.34974775e-01
  7.42184560e-01  4.58196294e-01  6.79856041e-01  5.79664527e-01
 -1.36922792e-01  6.05196589e-01  6.81624134e-01  5.86527095e-01
  6.64167565e-01  5.33522016e-01  7.58816710e-01  3.44583252e-01
  6.27075453e-01 -1.91050439e-01  3.35034801e-01  4.89507051e-01
  7.47519106e-01  1.15557719e-01  6.41007145e-01  7.47241594e-01
  8.50838248e-01  4.82140157e-01  2.81339785e-01  6.71429459e-01
  6.74800192e-01  8.11024248e-01  6.70427211e-01  8.54460177e-01
  4.15403820e-01  5.11878983e-01]","[-0.09394658  0.38185643  0.4389695   0.49673757  0.81751982 -0.31888798
  0.72985978  0.49937284 -0.37445965  0.48594629  0.74452791  0.00346603
  0.50813582  0.45964243  0.29841398  0.13188948  0.70493714  0.50521442
  0.26484562  0.59682033  0.42886015  0.5317738   0.37588837  0.08329412
  0.59277186  0.60096766  0.71389806  0.57635952  0.34642123 -0.07179008
  0.23061037  0.63477996  0.67204914  0.56228906  0.71656176  0.0048211
  0.27284103  0.61923001  0.55970285  0.54191355  0.26623431  0.29057146
  0.65003299 -0.49996837  0.7222382   0.68736798  0.58835438 -0.32623231
  0.60912959 -0.50898148 -0.03576139  0.69976218  0.4440619   0.60719349
  0.50498158  0.6652323  -0.2557306   0.69051361  0.54565829  0.45856202
  0.22065671  0.53586915  0.42049638  0.69943621  0.61200041  0.37326255
  0.5650965   0.80731112 -0.22500627  0.42936159  0.63796267  0.71845454
  0.72483488  0.42066857  0.61328638  0.15540403  0.42498912  0.19588614
  0.18147019  0.47857439  0.52697109  0.37526513  0.35097143  0.46138331
 -0.23680458 -0.25862642 -0.25068545  0.4418214   0.4806506   0.68394105
  0.71846489  0.79075192 -0.01581399 -0.32817888]","[ 0.52833762  0.24022527 -0.04242007  0.26339971  0.7224476   0.33394052
  0.7621598   0.4823802   0.27107205 -0.16515814  0.75678757  0.57742657
  0.30318183  0.00473034  0.19330704 -0.29290829  0.44311393 -0.07534782
  0.35076027  0.31393329  0.4157258   0.48421775  0.076989    0.25273435
  0.70451679  0.41472465  0.60113174  0.1241104   0.26645767 -0.29192171
  0.33964325  0.52910654  0.65067401  0.65685274  0.62122456  0.56540828
  0.25020088  0.7434689   0.39659764  0.44484859  0.54595192  0.49542863
  0.7029184   0.04479006  0.82690143  0.57262115  0.33928573  0.47659212
  0.43252246  0.18406238 -0.18150556  0.83608204  0.48579419  0.53316539
  0.31254007  0.5669393   0.28118995  0.7572242   0.45142141 -0.25944202
  0.2242405   0.50749351  0.51979913 -0.19713349  0.40349264 -0.03299675
  0.69959759  0.63243937 -0.19335401  0.07388295  0.62091412  0.50470305
  0.69799489  0.17281519  0.64344654  0.00257841  0.33394587  0.014229
  0.58321189  0.3730371  -0.08211716  0.28675578  0.1376372  -0.19463679
  0.34155697  0.7231586  -0.29137221  0.01616515  0.44746982  0.73909877
  0.40168906  0.40070195  0.06463322  0.20892561]","[ 0.3683695   0.59524647  0.24492767  0.74588747  0.88453275  0.76933189
  0.81437249  0.605716    0.05196794  0.57382434  0.75588164  0.58222789
  0.37327054  0.39417173  0.59202622  0.05325289  0.82716346  0.29945602
 -0.47528598  0.44633475  0.65948291  0.5523489   0.44349489  0.36030167
  0.71529832  0.47321826  0.53893844  0.63676117  0.5401866   0.58498059
  0.51037598  0.76854663  0.75316982  0.83369716  0.71771863  0.59258242
  0.40775531  0.78861934  0.73762059  0.51871168  0.50840028  0.70866033
  0.52745019  0.07516815  0.88869029  0.64571     0.73764277  0.49103082
  0.46073935  0.1939608   0.56563331  0.83195487  0.6912455   0.65587694
  0.6049371   0.53480161  0.65381564  0.66934704  0.68804069  0.24534049
  0.03566274  0.61476331  0.34752574  0.76308059  0.75441787  0.2805048
  0.62071874  0.8095081  -0.14148136  0.74274937  0.60208395  0.56424319
  0.89144041  0.54573215  0.77587612  0.45088969  0.62889771  0.3471913
  0.61480067  0.38646998  0.58058173  0.07499668  0.47523861  0.65394558
  0.32406583  0.37299679  0.61369883  0.68903173  0.36935153  0.75637158
  0.65797708  0.89760183  0.07844629  0.71074127]","[ 0.77683695  0.37476002  0.31897613  0.40821075  0.51779656  0.1653661
  0.41662157  0.55306389  0.42789067  0.56338485  0.6413144   0.55910279
  0.62550949 -0.53184011  0.51393494  0.63740271  0.58723415  0.28364532
  0.02038225  0.58107779  0.34883185  0.52080764  0.2809529   0.46290679
  0.49983865  0.52318356  0.85265293  0.27344146  0.55298676  0.64396223
  0.76602586  0.37827813 -0.18548848  0.67109643  0.54016487  0.64549738
  0.58528632  0.53987466  0.67776883  0.61040997  0.45722416  0.3132516
  0.65567063  0.2888991  -0.31354174  0.48963645  0.57434434  0.29762529
  0.18641831  0.66459619  0.70604319  0.64364568  0.22450761  0.37615245
 -0.29488373  0.77316543  0.4967167   0.84518842  0.33964294  0.40672924
  0.5001289   0.7155736   0.80959782  0.66644518  0.73511752  0.7653557
  0.53203196  0.559228    0.45451174  0.59743011  0.10374644  0.54207504
  0.48701976  0.15038407  0.58954119  0.0465626   0.29648594  0.59142025
  0.65985233 -0.44771998  0.02185415  0.63153185  0.51917001  0.384449
  0.52344358  0.52218914 -0.27032223  0.42668189  0.73438369  0.61669109
  0.52940962 -0.20645062 -0.02169518  0.58144446]","[ 0.23991583 -0.10953232 -0.52281083  0.16249643  0.20183497  0.11970867
  0.10130036  0.55444832 -0.22916706  0.46961486  0.6659384   0.16449059
  0.12887574  0.56929725  0.07132799  0.19441347  0.42777518  0.51253149
 -0.13551906  0.21828895  0.14476045  0.2879799  -0.19658095 -0.06484628
  0.41199316  0.38880199  0.35514163  0.04272728  0.3929066   0.58479307
 -0.58188929  0.53999498 -0.13267305 -0.18215808  0.21712929  0.38840949
  0.41146621 -0.2314236  -0.47225017 -0.4734041   0.52920802  0.5046186
  0.53789931  0.11579147  0.22315613  0.32554027  0.16605468  0.10482301
  0.33697256  0.68276472 -0.25810836  0.44789734  0.18130106 -0.33877747
  0.11661953  0.45055176  0.19354268  0.31088456  0.51867569  0.10728496
  0.3479059   0.07920514  0.41771985  0.57464219  0.49793916  0.38849454
  0.05473416 -0.06292123  0.41361629  0.40293338  0.63383073  0.56718065
  0.5807322   0.16964038  0.43678589  0.0803064   0.13742138  0.43563489
  0.27870491  0.28676618  0.20001097 -0.41843454  0.45432416  0.38733707
 -0.06276955  0.3486168   0.2134044   0.20349141  0.32560864 -0.59536987
  0.04371356  0.74537799 -0.50637142 -0.07225313]","[ 0.70994833  0.23221062 -0.04711993 -0.62435398 -0.05951698  0.06791702
  0.69937066  0.74927692  0.53340082  0.43884217  0.22314169  0.49420147
  0.40681445  0.15992387  0.5237568   0.6640898   0.23764656  0.46938016
 -0.38194826  0.63328867  0.45724819  0.46525088  0.3156887  -0.26649729
  0.53655812  0.54446614  0.53626043  0.56907382 -0.28812381 -0.19457548
  0.64071876 -0.20320276  0.36058873  0.52158331  0.66062612  0.42472059
  0.46479509  0.57810729  0.68192489  0.65876678  0.75756532 -0.58055611
  0.46949561  0.46195606  0.71769371  0.17999314  0.16030414  0.56702702
  0.2990317   0.80723441  0.45637041  0.3474059   0.36146404  0.41956304
  0.33751088  0.72762218 -0.40289702  0.84794363 -0.09560928  0.70225633
  0.42095785  0.70589918  0.65360106  0.58484261 -0.01573274  0.28745759
  0.41299461  0.7073138   0.66457017  0.64946253  0.44640181  0.45940264
  0.80739836  0.35593261  0.57215493  0.37343121 -0.01566324  0.73421807
  0.32130607  0.31086115 -0.29972908  0.66561082  0.67638562  0.49680285
  0.48914597 -0.5066858   0.49594862  0.70625102  0.65647973  0.58298319
  0.1575163   0.0240125   0.41462877  0.64326921]","[ 0.57524401  0.39349331  0.58676923  0.75846404  0.63733451  0.6859511
  0.86962759 -0.32731522 -0.48434902  0.48414218  0.60264669  0.33071132
 -0.3253531   0.61411796  0.73731734  0.21050651  0.25048908 -0.26707689
  0.35054915  0.25745188  0.67399974  0.65691043  0.48445954  0.10725861
  0.58364191  0.52844216  0.75586745  0.43926948  0.58119381  0.53370195
 -0.09279603  0.77361855  0.75750274  0.66175363  0.48320468  0.40475324
  0.43408164  0.16360027  0.72246708  0.36432938  0.43975611  0.49247133
  0.49643534  0.58461968  0.78320086  0.72254256  0.23929488  0.87472649
  0.33303462  0.08891586  0.29425378  0.72633194 -0.11972006  0.73298528
  0.08027689  0.69064223  0.04463854  0.24632263  0.77950536  0.50277495
  0.48746251  0.37348613  0.42913841  0.35409582  0.29244383  0.01587068
  0.39985652  0.20660024 -0.26730264  0.35829904  0.77809845  0.66320951
  0.75003892  0.34830895  0.63058951  0.54592395  0.64170581  0.29364127
  0.48910753  0.63547195  0.681829   -0.46453515  0.60466507  0.5541142
  0.38486479 -0.43225686  0.72542921  0.56920509  0.77382386  0.75927187
  0.10612666  0.72291524  0.20406768  0.44033284]","[ 0.75820888  0.21325946  0.60001007  0.03204661  0.25289568  0.39673701
  0.843428    0.60363214  0.6690838   0.4383381  -0.31918122  0.21814911
  0.37106474  0.21156282  0.67662023  0.71433168  0.42625357  0.45226918
  0.20204496  0.21606936  0.57183883  0.61930035  0.17645083  0.28981287
  0.46415662  0.33380891  0.48114523  0.40685029  0.2282244   0.33633565
  0.6161831   0.39253095  0.54806451  0.74668711  0.22796399  0.39308092
  0.70969069  0.23236736  0.86401227  0.6715371   0.43321505  0.80345484
  0.61187872  0.64425455  0.68905634  0.4872377  -0.41904316  0.75078935
  0.57190696  0.22868502 -0.61924539  0.17739901  0.61579058  0.12490519
  0.69367654  0.61796536  0.34572828  0.79168159  0.30635281 -0.30583261
  0.22822058  0.56821137  0.57872272  0.58106781 -0.16468047  0.70690555
  0.56162508  0.5196123   0.637887   -0.55064552  0.76857335  0.48630179
  0.64099308 -0.39873436  0.80904823  0.7216032   0.39063436  0.44903363
  0.05106869  0.47343989  0.31417114  0.55104516  0.73867319  0.64672407
  0.77299549  0.5342773   0.69405744  0.90931953  0.62572051  0.80255332
  0.59413127  0.10704844  0.32978355  0.49130281]","[ 0.37374378  0.52541436  0.25898575  0.38177761  0.3479251   0.28463895
  0.66548979  0.64934724  0.39451524  0.0422286   0.77208883 -0.25727003
 -0.1369653  -0.02492095  0.27323544  0.43118573 -0.31906929  0.51933051
  0.28928758  0.39309842  0.44815425  0.02221524  0.19059568  0.38794595
  0.34614369  0.35321882  0.00408431 -0.01837497 -0.11046069  0.42206524
  0.44801084  0.34717404  0.13055558  0.06322146  0.10457132  0.53594444
 -0.06880558  0.35977561  0.58022128  0.16867976  0.5392023   0.54430151
  0.34512193  0.51968891  0.82681627  0.49460256  0.01585169  0.41303046
  0.64226596  0.81826772  0.47740343  0.55856996  0.54066806  0.03633005
  0.37032303  0.47116933  0.32168405  0.55996702  0.2111162   0.45699767
  0.47924515  0.26210068  0.54265781  0.20992117  0.64135563  0.33776623
  0.55205911 -0.55415631  0.23911301  0.45792018  0.71713754  0.52397648
  0.24644882  0.49227097  0.20348224  0.57966016  0.27225995  0.80964114
  0.16152808  0.08453714  0.53100026  0.49484608  0.19488868  0.24958552
  0.82541008  0.57531439  0.2219633   0.88616874  0.1538576   0.60960542
  0.5721309  -0.30296383  0.11882489  0.06436761]","[ 0.45265649  0.45411898  0.11142772  0.67814566  0.19584285  0.46133367
  0.15905953  0.60319952  0.56476196  0.3669425   0.7842227   0.29896165
  0.29630788  0.36457435  0.08393146  0.57178227  0.26561756  0.32022642
  0.36560947  0.26448702  0.11235587  0.2541655   0.50090093  0.32539558
  0.39388656 -0.37604511  0.04098271 -0.34700085  0.5015      0.48303261
  0.72899445  0.04079407  0.23849065  0.52966911  0.59228499  0.6661097
  0.27224403  0.54360892  0.63984517 -0.02597863  0.28054905  0.7209324
  0.48750502  0.58561873  0.78960342  0.5670784   0.54490644  0.40554057
  0.46679999  0.69653353  0.47191994  0.58533242  0.71962917 -0.36101874
  0.65090568  0.46964978  0.38071933  0.26178273  0.41208718  0.59262165
  0.46362379  0.62333391  0.46009776  0.4299905   0.16733407  0.42974285
 -0.13267691  0.35052221 -0.1017824   0.31644982  0.73165829 -0.14167222
  0.56812427  0.3733243   0.4546387   0.28009679  0.30655409  0.74493555
 -0.41874898  0.18275079  0.50425291  0.75753487  0.09025448  0.18255424
  0.83447702  0.40125043 -0.01356036  0.81699925  0.49830724 -0.44128699
  0.7086343   0.50482326 -0.085426    0.77133654]","[-0.10399732  0.348622   -0.20827199  0.38372877  0.57557565 -0.33242087
  0.7722715   0.35262116  0.44578307  0.52484754 -0.30556509  0.40637873
 -0.18179141  0.34455148  0.59942889  0.57953261  0.52257763 -0.02757554
  0.21133126  0.12848726  0.25081917  0.17066635  0.42995899 -0.03931132
  0.11012673  0.57764428 -0.02720257  0.68618226 -0.16126501  0.23861661
  0.65635521  0.16349766  0.47339442  0.42535566  0.55737599  0.72521091
  0.74655356  0.15685784  0.80492013  0.2283654   0.41589739  0.15504808
  0.7130635   0.58269875  0.66682787  0.52516658  0.74435564 -0.05576227
 -0.04722472  0.30814055  0.51311093  0.60324739  0.25122998  0.30226396
  0.18569709  0.38673156 -0.46968346  0.02922984 -0.23775822 -0.03260561
  0.37409238  0.45279565  0.42195391 -0.21150179  0.16673662  0.30233956
  0.21475963 -0.50765692 -0.28238141 -0.4212254   0.4309399   0.39059276
  0.61663934  0.33667455  0.32037505  0.01901368  0.37914753  0.65357915
  0.00109668  0.57174694  0.41386141  0.48568629  0.51386481  0.37901505
 -0.00722221  0.64285011  0.58833716  0.36064524  0.78572849  0.47071141
  0.19746489  0.46568663  0.31195004  0.3638697 ]","[ 0.75796338 -0.28503625  0.76918285  0.32383983  0.6067651   0.33864197
  0.38072357  0.40924105  0.38247918 -0.30637885  0.57736723 -0.05639284
  0.7352992  -0.12345326  0.5732249   0.41571559 -0.2183847   0.27214712
  0.67755462  0.5488799   0.31733643  0.42927428  0.21143698  0.18326848
  0.08915368  0.04555646  0.80057676  0.27528036 -0.10037856  0.3420899
  0.77981255 -0.10852675 -0.27681179  0.67530356  0.51464439  0.12255157
  0.18868287  0.43635149  0.77004014  0.56075716  0.37460663  0.60804096
  0.35183119  0.29654025  0.80001806 -0.06071207 -0.16524737  0.25026814
  0.62656875  0.80074592  0.46761737  0.06685338  0.8178811   0.4216703
  0.48313681  0.65902634  0.24375397  0.76066089  0.42468335  0.33423869
  0.53623626  0.24516736  0.61919925  0.60558881  0.2116076   0.59315458
  0.13779691  0.47270528  0.49567738  0.22283422  0.4746748   0.27880446
 -0.27423392  0.09935739 -0.26733348  0.44215775  0.48697525  0.81995149
 -0.13980549  0.42213281 -0.40077011  0.53900198  0.37729049  0.3147353
  0.56630105 -0.52289072 -0.00369313  0.93893553  0.61486405  0.66493499
  0.61203286  0.43813651 -0.19517836  0.62397809]","[ 0.4745859   0.50930542  0.59583164  0.38404592  0.62367819  0.4631956
  0.47765678  0.37052692 -0.38113174 -0.25060693  0.29903485  0.00854244
  0.36873762  0.4388089   0.49640888 -0.27004274  0.41671245  0.57445153
  0.42730619  0.39633318  0.40624425  0.31557917 -0.19978287 -0.45421998
  0.83209838 -0.00957278 -0.12290416  0.11252943 -0.03792733  0.44572447
 -0.25562147  0.21171356  0.50997585  0.44318577  0.43846929  0.38330418
  0.27239203  0.48148916  0.55832852  0.50046126  0.31794678 -0.06902689
  0.64551319  0.21237465  0.74556535  0.4176159   0.34857487  0.36004208
  0.10969103 -0.38674639 -0.30116383  0.28065353 -0.43726621  0.27947339
  0.30241961  0.63636517  0.16450639  0.4124895   0.11813363  0.25112968
  0.14452981  0.22103827  0.23759054  0.38617007  0.49344222  0.28369094
  0.12741267  0.45649115 -0.22712722 -0.07089474  0.35771331  0.57092521
  0.35277983  0.38828762  0.4222      0.22575984 -0.2631621  -0.18686044
  0.42794613  0.79418997  0.39200981 -0.09302905  0.56350885  0.55918207
  0.4890565  -0.38184891 -0.45513394  0.71829737  0.36280186  0.65679816
  0.23848742  0.18993054 -0.33335254  0.15139317]","[ 0.18266897  0.67578959  0.70413473  0.29400643  0.64056325 -0.13951365
  0.72113305  0.25722684  0.29897648  0.27088642  0.52461982  0.20367491
  0.38960407  0.45368413  0.45780877  0.21230495  0.58569298  0.2165712
  0.39901021 -0.1267123   0.32128602  0.07897787  0.11946625  0.47405034
  0.59460476 -0.03516192  0.3329495   0.20528568 -0.21360777  0.05155297
 -0.05834246  0.2011723   0.22275872  0.53628022  0.53852997  0.06303605
  0.13506643  0.5039235   0.14987272  0.70137856  0.29234964  0.12772822
  0.58258903 -0.03012294  0.47588898  0.23476692  0.17688175  0.38279984
  0.16078472 -0.05773386  0.40489854  0.54897489  0.23204705 -0.23328771
  0.0785811   0.34469326  0.11445343  0.67847301  0.45888847  0.16778583
  0.25271425  0.03999838  0.37115827  0.47080907  0.0487363   0.5844107
  0.73582221  0.20525577 -0.27708922  0.2581519  -0.54252756  0.53659819
  0.81120567 -0.13414078  0.1587232  -0.24487814  0.48888731 -0.3405469
  0.19771713  0.66314019  0.44502252  0.30272617 -0.13637114  0.08600038
  0.17820936  0.7020457  -0.27906843 -0.50782533  0.70405851  0.44230278
  0.63812094  0.63779878 -0.01557062 -0.04268905]","[ 0.60648004 -0.00468702  0.27440045 -0.18539463  0.15832296  0.4381176
  0.23751572  0.26066252  0.51014759 -0.29768535  0.39107575  0.52948091
  0.60882992 -0.34383273  0.61103177 -0.29979806  0.26688554  0.39298491
 -0.00874261  0.3894294   0.46054067  0.26918049  0.12572017 -0.34077158
 -0.55877141 -0.01792862  0.82638385  0.14743356 -0.045716    0.01953229
  0.72475976  0.14189204  0.39106496  0.60190939  0.03323025  0.68347537
  0.22821528  0.39043341  0.55970154  0.64354825  0.53903894 -0.1357961
 -0.5366002   0.4367503  -0.45886269  0.28990925  0.38602815  0.18251236
 -0.47618864  0.60816392  0.2867865  -0.22808082  0.52987455  0.12449852
 -0.09602369  0.54045063  0.16696954  0.77933439 -0.14194403  0.36637074
 -0.19086516  0.57707015  0.62106043  0.30048584  0.35086982  0.24976628
 -0.01444353  0.25419354  0.40493426  0.41417946  0.36792434  0.34574588
  0.29863274  0.2819409   0.57189862  0.03559858 -0.39543716  0.40322415
 -0.01245428  0.3059971   0.46621581  0.62686848  0.36608036  0.67806558
  0.13878739  0.51912793 -0.18120379  0.29927579  0.65952053  0.73905344
  0.64867429  0.35938289  0.60911729  0.3946157 ]","[ 6.12794058e-01  1.13692784e-01  1.65945937e-01  2.45919103e-01
  2.23890106e-01  2.18427240e-01  5.82127890e-01  6.63550558e-01
  4.26153921e-01  7.11551180e-01  4.43497331e-01  6.60315982e-01
  2.63463201e-01 -3.61337776e-01  6.69311795e-01  3.51997085e-01
  5.15148857e-01  1.87216772e-01 -6.22485377e-02  4.75901455e-01
  3.64786897e-01  1.53290371e-01  2.59553572e-01 -2.55685867e-04
  6.35334113e-01  4.08439486e-01  8.01725094e-01  6.07330122e-01
  4.28757038e-01  5.04227725e-01  4.10643385e-01  3.88116462e-01
  4.28359814e-01  2.72392542e-01  2.37555662e-01  5.53847431e-01
  5.30172588e-01 -1.24543391e-01  7.43018383e-01  3.80346276e-01
  4.72168707e-01 -9.72090544e-02  1.48284604e-01  6.46574755e-01
  3.62349341e-01 -4.05127429e-01  7.17261859e-01  6.39334433e-01
 -3.27113986e-02  5.73620175e-01  3.37488587e-03  3.34863285e-03
  5.99317437e-01  2.28806224e-02  2.31781494e-01  5.55275782e-01
 -4.28141465e-01  3.60465515e-01  3.52545167e-01  4.67842522e-01
  4.15103511e-01  5.91244120e-01  6.02406408e-01  3.62304443e-01
  1.66296070e-01  5.59381494e-01  3.73165069e-01  2.99996359e-01
  4.60737954e-01  5.32111978e-01  2.59574571e-01 -4.64461652e-02
  8.44763710e-01  1.68055122e-01  7.36211037e-01  1.33711895e-01
 -4.41465649e-02  7.10872896e-01  2.96358884e-02  1.26794478e-01
 -3.02655922e-01  6.08488004e-01  7.64566754e-01  1.94298556e-01
  3.40156442e-01 -1.60795712e-01  5.40463900e-01 -1.77904321e-01
  4.90991995e-01  4.33499611e-01  5.12213723e-01  8.66272797e-02
  3.37309257e-02  7.46217450e-01]","[ 0.7874402   0.12652246  0.33033306  0.2155096  -0.37036104 -0.04921116
  0.44051771  0.67132425  0.59363936  0.44870272 -0.27487453  0.63024557
  0.70823282  0.15765162  0.69028582  0.57343232  0.54283311  0.74123241
  0.30397461  0.61495416  0.34601187  0.47243576 -0.09345848  0.33484452
  0.50338404  0.55883157  0.85172304  0.4650986   0.24378433  0.08578255
  0.71535301  0.56891376  0.3001873   0.73546418  0.52344551  0.53236457
  0.14958744  0.86596066  0.74574236  0.4295324   0.7925819  -0.00134475
  0.65492615  0.54163208  0.84549152  0.03605255 -0.0443069   0.66756313
  0.06690917  0.78280006  0.56044776  0.62266478  0.78349442  0.44012605
  0.63935177  0.6364301  -0.24316297  0.82157104 -0.15402556  0.65253064
  0.45817441  0.72621497  0.66012746  0.74673924  0.59556043  0.55573912
  0.49986047  0.68968437  0.70663975  0.49746378  0.39140395  0.59640791
  0.69787073  0.48873446  0.5069159   0.40990455  0.36348206  0.8237583
 -0.08997409  0.53215421 -0.49108123  0.64817337  0.55292694  0.62344823
  0.75077077 -0.5871966   0.47229551 -0.43579707  0.78911864  0.65058337
  0.62951503 -0.27847821  0.33809732  0.72160564]","[ 0.60996923  0.42506872 -0.17145167  0.81087655  0.792572    0.8151686
  0.89070121  0.62972416  0.08904159  0.45452995  0.78109418  0.85700218
  0.33869082  0.47703244  0.31289565  0.31696097  0.81695748  0.30561739
 -0.41332398  0.45202546  0.62184749  0.68537275  0.582725   -0.4307905
 -0.06476426  0.68554514  0.53180288  0.7665235  -0.22002524  0.588389
  0.65906887  0.67610526  0.56660899  0.89536897  0.57330604  0.75595316
  0.60906055  0.88988709  0.82665817  0.40029311  0.67638163  0.26649547
  0.61712852  0.46691512  0.52979491  0.35809394  0.82580727  0.87094897
  0.34412546  0.60568837 -0.01884674  0.67453147  0.02954303  0.82563932
  0.38955677  0.59354702  0.06287826  0.54761605  0.75663039  0.20168401
  0.4964428   0.57843558  0.29721784  0.01914145  0.43600131  0.49881117
  0.67735231  0.62707766  0.48089238  0.83073859  0.68294246  0.64127235
  0.87100866  0.51638301  0.88426488  0.38537873  0.73399698  0.70597137
  0.14088798  0.32717498  0.75031249  0.27060706  0.76015034  0.49728025
  0.82477549 -0.2670874   0.63973056  0.55949093  0.64060189  0.85899346
 -0.33560243  0.59861353  0.40048875  0.71221342]","[ 0.7090104   0.1340974   0.60930646  0.68854726  0.70594249  0.68850561
  0.7190638   0.39079102  0.66064334  0.67359768  0.55152517  0.03103963
  0.55698381 -0.09235652  0.74021561  0.5756441   0.48694555  0.05475358
  0.39034619  0.54090004  0.66799884  0.59724403  0.25028312  0.01338873
  0.33673067  0.41919551  0.75335073  0.65505493  0.39263201  0.4949863
  0.8572532   0.52485562  0.53782639  0.84797482  0.4458165   0.81991623
  0.77300632  0.19305589  0.7867093   0.5090517   0.57144608  0.45155619
  0.42028304  0.68329559  0.54025585  0.27421936  0.53443871  0.65529024
  0.31947399  0.54659625  0.16250061  0.7988957   0.26863007  0.62326051
  0.4730493   0.73546473  0.20970232  0.72046703  0.7756498  -0.1986409
  0.69030133  0.41885744  0.74348927  0.66471121  0.7247558   0.7114273
  0.48541627  0.60885128 -0.09761357  0.50184772  0.74974215  0.15183965
  0.77773988  0.63076113  0.72876797  0.50572093  0.43556667  0.65668274
  0.4698372   0.36018858  0.42114366  0.43120048  0.73245081  0.73022149
  0.50879186  0.71663014  0.55864495  0.71993865  0.81298702  0.86806392
  0.76309071  0.39309668 -0.05549551  0.49971653]","[ 0.85531735  0.64583599  0.61563922  0.75746439  0.79284649  0.69766325
  0.79774894  0.41554197  0.48793245  0.64209018  0.74568248  0.6391204
  0.02809145  0.43768874  0.68961467  0.33140918  0.74343728 -0.0720166
 -0.14191132  0.28796681  0.7132462   0.52093308 -0.03669326 -0.21254105
  0.61006385  0.54524805  0.79699193  0.67567662  0.40253721  0.08811701
  0.68520317  0.74733885  0.58682392  0.74063089  0.48525586 -0.16564303
  0.63617614  0.42875113  0.4907671   0.66225677  0.57348001  0.27056208
  0.76707065  0.5938634   0.45654023  0.45243174  0.70301692  0.63899585
 -0.05115405  0.21240019  0.3425988   0.76746374  0.42132613  0.68473557
  0.53138383  0.66455345  0.54298187  0.68476104  0.72050051 -0.18056762
  0.34464264  0.66276642  0.66357476  0.58957895  0.64290403  0.63922454
  0.68999836  0.70795768  0.45820687  0.49254938  0.30273364 -0.38470575
  0.8239488   0.47089765  0.87108835  0.0628193   0.3710682   0.38283896
  0.42510737  0.25305572  0.64084324  0.4725723   0.41242527  0.61544191
  0.55094151  0.78543485  0.63604642  0.36114702  0.6911687   0.80743057
  0.7265117   0.59136663  0.49343041  0.79152631]","[ 6.84031376e-01  4.18499226e-01  6.41403353e-01  6.31038761e-01
  7.24618956e-01  6.63533405e-01  7.45357754e-01 -3.12265133e-01
 -6.15063010e-04  4.94511179e-01  6.08315995e-01  8.89728456e-02
 -3.51682309e-01  3.36902320e-01  7.13105745e-01  3.28021526e-01
 -2.61209749e-01 -1.76134870e-01 -4.64412901e-02  3.63466556e-01
  5.02956202e-01  3.91914614e-01  2.35552859e-01  7.01419012e-03
  7.28939020e-01  5.15935107e-01  2.48728228e-01  6.42693009e-01
  2.68780846e-01 -2.49484105e-01  5.56204480e-01  5.37249273e-01
  5.03011418e-01  7.49462078e-01  2.25054042e-01 -4.05609983e-01
  7.59586703e-01  2.25461875e-01  1.48432927e-01  2.82867490e-01
  2.88188247e-01  1.53612599e-01 -7.63641953e-02  5.37037943e-01
  4.53347886e-01  1.19958442e-01  7.26051209e-01  8.11452363e-01
  4.71209014e-01  4.03561347e-01  4.38510116e-01  6.76256252e-01
  6.09105286e-02  6.87989275e-02  6.44009397e-01  5.53390095e-01
  2.54209898e-01  4.71506707e-01  5.49330818e-01  3.97007635e-01
 -7.32481741e-02  7.21437469e-02  7.50069741e-01 -1.81148493e-01
  6.50950300e-01  2.88445445e-01  1.73783283e-01  4.45040182e-01
  1.87762851e-01  6.70012105e-01  1.81709874e-01 -3.62600750e-01
  6.52375719e-01  1.12584199e-01  7.26265745e-01  1.46926357e-03
  2.38112070e-01  3.88266896e-01  3.98061840e-01  2.15909921e-01
  6.23015736e-01  1.39741203e-01  3.85373532e-01  7.19402426e-01
 -4.07554377e-02  8.66191655e-01  5.55368394e-01  4.82955448e-01
  5.79072009e-01  6.27625070e-01  5.35115278e-01  5.43578072e-01
  4.99467368e-01  7.54786384e-01]","[ 0.73316916  0.50653837  0.60605603  0.62314901  0.72189065  0.76363978
  0.8022619  -0.0099402   0.23010922  0.58889779  0.67885857  0.24985812
  0.61880707  0.5524815   0.78524602  0.31044558  0.52753761 -0.1252466
  0.0944678   0.53054216  0.64400604  0.68932664  0.12575598  0.1234304
  0.4010511   0.5968694   0.46842088  0.68118875  0.26381917  0.41597464
  0.6504212   0.59439389  0.64608643  0.79276766  0.10457345  0.57873392
  0.66511809  0.41418063  0.70592922  0.42076471  0.62984284  0.17832507
  0.63555786  0.62304245  0.69262775  0.37838238  0.83631428  0.70830206
 -0.09248025  0.40916536  0.045212    0.83110697  0.2564542   0.46022216
  0.25240804  0.67259857  0.14475692  0.68799445  0.75189891  0.32251348
  0.00929086  0.6552658   0.66128487  0.58316049  0.56390244  0.68482606
  0.2192159   0.55537235  0.40940194  0.77163186  0.61250079 -0.44360472
  0.8156482   0.32219199  0.6823114   0.20110439  0.30424764  0.66262918
 -0.01477247 -0.45632544  0.59895599  0.51488664  0.60941151  0.71350984
 -0.30668588  0.56729631  0.60587955  0.20526012  0.58798921  0.72586358
  0.72401158  0.57205573  0.23108922  0.71374368]","[ 0.74137194  0.56643063  0.30461617  0.55682147  0.59744552  0.60881372
  0.79981621 -0.01133614  0.07257538  0.48811938  0.76761231  0.08568513
  0.45131163  0.70380184  0.5760067   0.1877611   0.67128967 -0.36356781
 -0.02884507  0.48302022  0.61874887  0.47109767 -0.12067402 -0.06477978
  0.74642473  0.66928333  0.08267339  0.57508782 -0.31416876 -0.07517497
  0.34804255  0.4452562   0.82990005  0.74076697 -0.10615611 -0.21441668
  0.60012585 -0.12338408  0.51276299  0.02029758  0.59164331  0.70368049
  0.42053797  0.21965212  0.19517668  0.32579156  0.49654217  0.57105498
 -0.28922334 -0.0648201   0.23173974  0.5248927  -0.05351227  0.43315962
  0.24168052  0.15614665 -0.39791602  0.62374868  0.16648447 -0.42382131
  0.26928245  0.06499375  0.6155227   0.44701661  0.32481945  0.68579054
  0.77778265  0.48675672  0.03790144  0.74512948  0.53200294 -0.00664437
  0.80387278  0.27458038  0.36877445  0.62457989  0.36794648  0.40869365
  0.22492736  0.17130614  0.5025392   0.47190563  0.36690986  0.51610703
  0.1126694   0.8259277   0.42081401  0.41555809  0.50221162  0.4076752
  0.52129098  0.70782808  0.02302525  0.43615017]","[ 0.74792958  0.17126918  0.60638353  0.41612361 -0.20313874  0.30469035
  0.84251009  0.40942301  0.39966666  0.76210263  0.72290339  0.59192126
  0.62819504  0.29907642  0.61470265  0.17909142  0.24926924  0.24767632
 -0.14654175  0.50765766  0.54711461  0.56903108  0.53332819  0.01400093
 -0.37321283  0.09362811  0.49698253  0.35052188 -0.2606013   0.11967694
  0.75207904  0.34896293  0.65939391  0.8070648   0.56529875 -0.53398338
  0.70916609  0.53754351  0.71266732  0.53566307  0.65501693  0.10193711
  0.71233471  0.17200194  0.23814342  0.3985374  -0.12115785  0.58918544
 -0.09600084  0.33060125 -0.15350301  0.71558303  0.20849923  0.62992104
  0.32792087  0.60703785 -0.53197404  0.70517368  0.68484851 -0.22520364
  0.17884943  0.5909425   0.6638491   0.58927332  0.67890191  0.76299405
  0.62986641  0.62859842  0.21449748  0.44186082  0.30120481  0.61179428
  0.76080376  0.09758325  0.56774712  0.15309519  0.22085632  0.73883351
  0.32315213  0.21395397  0.64766477  0.64259751  0.45427751  0.54457624
  0.43105645  0.1211469   0.52413171  0.44109889  0.72356881  0.69493764
 -0.14148021  0.7093468   0.25458322  0.76715323]","[ 0.62610547  0.14562078  0.5482578   0.54268846  0.64767593  0.43635641
  0.86672155  0.5358421   0.1201047   0.60817824  0.53410184  0.27549883
  0.22739886  0.46219817  0.65436472  0.39348644  0.65767193 -0.47997031
  0.26438519  0.19631647  0.6588985   0.14154361  0.63511105  0.01734353
  0.08234559  0.18043914 -0.0577055   0.62309714  0.75013665 -0.13004785
  0.1458753   0.53415837  0.5243964   0.63963271  0.68000463  0.29581029
  0.74990833 -0.06747753  0.80180207  0.51923027  0.44506082  0.10816057
  0.81667919  0.39696349  0.33420364  0.24072683 -0.17362554  0.71266936
  0.18750341  0.22026673  0.52351927  0.41518986 -0.37853497  0.33964189
  0.4223117   0.52801688  0.02914793  0.4376869   0.32739561 -0.08597817
  0.29109059 -0.18524408  0.21123936  0.2157541   0.56676186  0.16124837
  0.33721078 -0.32591449 -0.47086557  0.50425672  0.04543798  0.69959707
  0.79421922  0.35964228  0.44308261  0.29119019  0.08811786  0.45601411
  0.54375343  0.33765125  0.5231167   0.38673922  0.36691396  0.47208581
 -0.44693662  0.56632623  0.55171741  0.28514694  0.65096231  0.79205351
  0.42693079  0.40861824  0.43364142  0.45804071]","[ 0.59478963 -0.02917579  0.19193663  0.7216555   0.47221966  0.079267
  0.86990672  0.3875367   0.3945463   0.34558478  0.28650631  0.28894523
 -0.48814597  0.30714225  0.65110183  0.48416885  0.69186793  0.17599623
  0.42652678 -0.41476488  0.39534541  0.18481244  0.45280752 -0.18393613
  0.18566538  0.53577192 -0.1896854   0.70463894 -0.44030552 -0.25589528
  0.26111854  0.39277191  0.59712551  0.82289864  0.3900147   0.17360085
  0.74412593 -0.13696322  0.72289569  0.47497936  0.52595969 -0.11977471
  0.74708548  0.44794347  0.37464483  0.10601073  0.42758959  0.27807685
 -0.08766265  0.10541267  0.29307494  0.35923196 -0.17222793 -0.18330586
  0.29492813  0.52107152 -0.46763658  0.54445115  0.29604715  0.18906067
  0.27827304  0.42931629  0.48280937  0.4683837   0.58437105  0.70094023
  0.20120828 -0.482061   -0.43490197  0.68929238  0.06379578  0.25574134
  0.60607536  0.13785245  0.61293729  0.12271381  0.1420459   0.60360603
 -0.12535084  0.43658682  0.35384026  0.45686756  0.50755106  0.47816226
  0.32009897  0.74940193  0.46331455 -0.37463932  0.8065105   0.7864696
  0.4662303   0.60882503  0.26933699  0.63738962]","[ 0.48582031  0.24034864  0.30395875  0.27297912  0.41911148  0.15763479
  0.80505833  0.66486417  0.22234819  0.52854135  0.0691727  -0.08526173
 -0.04769467 -0.0672251   0.53118288  0.45695957  0.73407686 -0.30221388
  0.04262963 -0.27038565  0.41888082  0.29454401  0.05828229 -0.13739077
  0.64484578  0.5686046   0.43692976  0.66356573  0.08968269  0.23812383
  0.50826829  0.13124036  0.6506504   0.75048986  0.2076251  -0.31104952
  0.4748879  -0.0581476   0.55931345  0.18340183  0.6413788  -0.36461484
  0.66755722  0.32249326  0.52366739 -0.36445825  0.67366185  0.54660004
  0.02206654  0.21262626  0.42248452  0.05969134  0.15460199 -0.30358049
  0.16984311  0.50424204 -0.441678    0.30749312  0.42853227  0.37879313
  0.25325409  0.4472278   0.44848345  0.00412817  0.37102923  0.67318405
  0.34049075  0.33868281  0.43608206  0.08679639  0.3549373   0.31219124
  0.75559687 -0.2450508   0.48738447 -0.18455179  0.18925452  0.63780673
 -0.42823498  0.43779991  0.3731891   0.47493503  0.3472274  -0.26140311
  0.13667465  0.58221168  0.62001523  0.6093947   0.60025859  0.48299419
  0.03116085  0.62686531  0.2323655   0.61623498]","[ 0.75250758  0.62388532  0.31568969  0.48841727 -0.07264112  0.07155054
  0.52998246  0.03594925  0.54332367  0.74533983  0.42253579  0.12999458
  0.4721835   0.51815073  0.30109158  0.56936474  0.44375678 -0.32866476
  0.17696597  0.55217009  0.18886753  0.08061761  0.54372298  0.5797045
 -0.13197701  0.64881618  0.78292509 -0.24041753  0.05696     0.35128338
  0.48801102  0.4148963   0.39051455  0.40121668  0.25032028  0.32305437
 -0.02730524  0.64950395  0.48643592  0.43192902  0.32532287  0.64902864
  0.22873263 -0.23297026  0.40454276  0.3177609   0.24518286  0.19666337
  0.5462228   0.67743951  0.66760415  0.59488829  0.60929097  0.37838989
  0.5860486   0.41869314  0.65939569  0.67676025  0.30618282 -0.25746084
  0.44520194  0.70055036  0.75722002  0.63286252  0.53911802  0.31427516
  0.3134778   0.62580619  0.49979134  0.56322959  0.55574533  0.06512248
  0.45941475  0.59844419  0.46818973  0.26544501 -0.16279499  0.79615962
 -0.18668911 -0.37027271 -0.19067877  0.68495872  0.25203945  0.06116608
  0.50506539  0.00909608  0.61447494  0.70432972  0.66316833  0.15609824
  0.70450557  0.10099311 -0.09681121  0.25034117]","[0.84101792 0.836913   0.60169327 0.72883966 0.41881148 0.31587068
 0.39475132 0.7319004  0.75680386 0.75735299 0.84197061 0.65543993
 0.74464388 0.53463504 0.69790028 0.56985199 0.73182049 0.68684589
 0.63791011 0.76365728 0.57255154 0.69893664 0.69402443 0.80840948
 0.43412117 0.70634695 0.85995094 0.52480878 0.5226175  0.76790737
 0.73300824 0.54493556 0.32064241 0.72975528 0.68794294 0.74116973
 0.38361222 0.65329976 0.72438222 0.73945298 0.57804119 0.65688313
 0.43638732 0.61466358 0.8006463  0.30334656 0.47838274 0.61624728
 0.78959148 0.88221994 0.54196724 0.60370658 0.71332523 0.59878758
 0.69944588 0.54424612 0.59877139 0.71552308 0.33797725 0.68773388
 0.65719624 0.80196089 0.76275565 0.64111364 0.7445929  0.74536374
 0.65238012 0.66784693 0.7443638  0.64563348 0.67214416 0.68776571
 0.62577826 0.70114525 0.66066079 0.57134706 0.7149007  0.75534522
 0.61946773 0.84804172 0.16847465 0.88996579 0.43458487 0.52907839
 0.68679861 0.79908171 0.67640542 0.71409727 0.79262781 0.70810838
 0.76990885 0.44132109 0.43183372 0.66843619]","[ 0.75533722  0.29992635  0.58674292 -0.25631991  0.19040804  0.30874844
 -0.14774259  0.68401033  0.40341746  0.50168085  0.72842235  0.38035477
  0.288244    0.38875365 -0.02950657 -0.06230898  0.15292472  0.45567869
  0.48786133  0.04245557  0.17226126  0.07416026  0.52037776  0.54806954
  0.44946909  0.30896991  0.67486893  0.11349461  0.69980845  0.42954762
  0.57660229  0.32146143  0.46707037  0.3128642   0.33613947  0.6071071
  0.40946019  0.6276593   0.63507495  0.34181296  0.41468284  0.53424047
  0.44500928  0.49500358  0.588805    0.64442676  0.20146974 -0.24895831
  0.28600691  0.76945896  0.09206906  0.77184446  0.71558686  0.41908908
  0.34970029  0.16262162  0.52539099  0.65590503  0.56343397  0.61888398
  0.31195155  0.66022945  0.55600803  0.50951582  0.43797954  0.31006722
  0.42501855  0.37832966  0.03299312  0.4656443   0.66237125  0.33898353
 -0.04263518  0.64814429  0.60302176  0.47707591  0.4691341   0.65043933
 -0.19727215 -0.29505164  0.54852299  0.5065728   0.19785702 -0.21338753
  0.53212917  0.36515708  0.68885108  0.7905997   0.65388531 -0.24152101
  0.70528158  0.28938574 -0.27471868  0.5479683 ]","[ 0.91348368  0.78176536  0.69934746  0.77836173  0.33183788  0.68327287
  0.58809919  0.53237741  0.73144759  0.74853758  0.92108914  0.73595278
  0.56224835  0.62271404  0.66223856  0.59027765  0.31742564  0.66910103
  0.81386013  0.67333458  0.47324808  0.72995317  0.61071504  0.72867255
  0.55846495  0.63225719  0.80420315  0.30255814  0.63917074  0.72672122
  0.59095646  0.60434058  0.48021918  0.72675961  0.72802107  0.73811121
  0.27418137  0.75782574  0.85692403  0.70237116  0.24359046  0.63621956
  0.37681411  0.68160241  0.769963    0.48425952  0.49085854  0.50427911
  0.68254     0.91370176  0.58663696  0.45688138  0.76752541  0.71208884
  0.72238296  0.50616394  0.58265953  0.34887678  0.53028829  0.52906628
  0.55141154  0.74277538  0.70222271  0.75320785  0.63415735  0.77456655
  0.74258065  0.34813276 -0.12557357  0.65316955  0.62244469  0.43581002
  0.87514615  0.51946546  0.58327704  0.46601732  0.46672071  0.52676658
  0.45812433  0.68588907  0.29458396  0.78291846  0.35414475  0.43546279
  0.68592232  0.82725676  0.37089086  0.66321446  0.6901182   0.59793473
  0.81138105  0.573572    0.16174072  0.74087512]","[ 0.6370983   0.77833823  0.5504082   0.53038633  0.17611656  0.54080819
  0.61506596  0.79543141  0.77718465  0.44651688  0.79608152  0.55356436
  0.79360593 -0.50367045  0.57715298  0.51305341  0.69136962  0.22028597
  0.53149592  0.59433919  0.55433549  0.6369548   0.70803771  0.74084814
  0.54291323  0.68109703  0.80785715  0.48422934  0.35925134  0.73869752
  0.55509641  0.5828405   0.48347924  0.81007536  0.66331535  0.66470893
  0.51666114  0.67908813  0.86954132  0.71703047  0.58869896  0.53726532
  0.49647164  0.4328758   0.67876236  0.27470756 -0.00340867  0.36726714
  0.51909411  0.63672903  0.50658143  0.62574643  0.35674469  0.49765886
  0.7285816   0.5357066   0.62903575  0.83346265  0.61922048  0.65142107
  0.4276873   0.84452071  0.75534757  0.71215779  0.67384166  0.7626895
  0.57559957  0.57556163  0.34833856  0.85027064  0.50974627  0.75308798
  0.57336685  0.69299516  0.4527756   0.55245823  0.64927372  0.63284249
  0.53217456  0.77715556  0.25193933  0.82735253  0.4986873   0.56731851
  0.63716742  0.72969294  0.49484562  0.67793543  0.80387566  0.72419893
  0.56175638  0.23647743  0.16013028  0.17737167]","[ 0.86898391  0.51191745  0.65324998  0.70525612  0.37632765  0.36576619
  0.50584619  0.85342     0.77663693  0.50614072  0.64901014  0.71823223
  0.68405059  0.30810732  0.64450071  0.7506779   0.83628031  0.21354677
  0.50502828  0.66472231  0.57060604  0.65549312  0.74822266  0.79029612
  0.78653654  0.72879329  0.91024187  0.53296672  0.65650574  0.68450581
  0.69390457  0.59542382  0.4066313   0.84549889  0.68124035  0.81426413
  0.69938568  0.80232745  0.85773864  0.72067137  0.68863838  0.62081862
  0.61311959  0.56604157  0.4536798   0.38621572  0.63589502  0.46238265
  0.66348695  0.68355768  0.74783284  0.89412617  0.59220904 -0.16421925
  0.68727397  0.72895978  0.82200295  0.92499891  0.69910009  0.76009809
  0.60648098  0.768901    0.85440319  0.83581911  0.81206842  0.8356733
  0.64711667  0.78455893  0.67235287  0.89131273  0.78284448  0.81223323
  0.67589829  0.81635249  0.78580246  0.49694405  0.71104379  0.81559214
  0.72146393  0.6262458   0.35131039  0.90730803  0.52733876  0.56265462
  0.71436695  0.76957355  0.60403014  0.74978017  0.82935048  0.66167214
  0.42097941  0.17879066  0.32641032 -0.30065187]","[ 0.87402158  0.62012615  0.6429919   0.81005911  0.27777663  0.68686778
  0.30779494  0.53377142  0.75159214  0.60076378  0.90369233  0.58542704
  0.61953072  0.50264975  0.54210449  0.42517978  0.59586108  0.26335829
  0.69449603  0.47363367 -0.44246733  0.59735918  0.60689467  0.73339709
  0.33778925  0.67473308  0.77196764  0.41923543  0.65753804  0.6884624
  0.61385608  0.37798842  0.41827866  0.80751423  0.7193234   0.6694385
  0.06034118  0.72924223  0.61939896  0.56704224  0.39668344  0.70006492
  0.08789665  0.7093589   0.7589217   0.36347527  0.64737053  0.45971889
  0.57262775  0.92023989  0.63047069  0.54474255  0.58460962  0.4158911
  0.69144504  0.56701966  0.43785558  0.71390736  0.44317728  0.54268162
  0.45695742  0.68428165  0.66998818  0.49047275  0.61252834  0.66557808
  0.44872679  0.61517956  0.53759365  0.58905324  0.53745036  0.64479518
  0.78382376  0.63720536  0.58370224  0.27738281  0.4584293   0.64074203
  0.51761696  0.68607952 -0.11424075  0.7351986   0.17250329  0.17039681
  0.70062545  0.65647626  0.2573113   0.81351377  0.62648864  0.60908196
  0.78930325  0.49499066  0.14396661  0.57890489]","[ 0.74107442  0.1197166   0.42680167  0.33231418  0.24369564  0.40076711
  0.29499675  0.43349875  0.74642888  0.31930912  0.53433304  0.25641621
  0.55181171 -0.26642223  0.24228038  0.28957444  0.50502381  0.19801262
  0.5378293   0.41613424  0.10615606  0.19979053  0.52833809  0.65210444
  0.25065606  0.55253433  0.74606329  0.05994555  0.52264981  0.09827634
  0.41518367  0.43591541  0.57723093  0.61791416  0.60731991  0.689735
 -0.10560305  0.43553253  0.67659897  0.56185735 -0.35965507  0.51334032
 -0.07773663  0.35537328 -0.33045846  0.49964177 -0.17734056 -0.0339998
  0.40778229  0.51682509  0.05091355  0.48792513  0.21188235  0.28662879
  0.51211595  0.52944261  0.40105829  0.74067374  0.36747131  0.42086755
  0.18447859  0.64198458  0.69500448  0.52830743  0.63110599  0.63663199
 -0.2737473  -0.03310479  0.33357777  0.86171656  0.20147798  0.63552439
  0.23648784  0.61686633  0.28444743 -0.13466591  0.42655662  0.24925918
  0.39220746  0.51187866  0.28920361  0.70848017 -0.01159265  0.48881061
  0.47328819  0.52924301  0.3424981   0.68553318  0.67948122  0.71616092
  0.37957837  0.12837771  0.13149442 -0.37765533]"
"[ 0.42296276  0.31568886  0.14878297  0.45163564  0.22509431  0.18837753
 -0.25596669  0.38251022  0.18617565 -0.15665248  0.12077741  0.03365779
  0.0554747   0.03044329 -0.03278488  0.44068751  0.15053032 -0.23992411
 -0.36197581  0.1813239   0.42786192  0.44993438 -0.15633509  0.28726355
  0.27999411 -0.04233849  0.40646601  0.00798903  0.32785304 -0.42404745
  0.56357669  0.37853994  0.11576857  0.59118766  0.36063855  0.14997543
  0.4243559   0.49557467  0.34471117  0.53969968 -0.16148812 -0.10308672
 -0.53039233 -0.11721246  0.55307029  0.05022454  0.27700821  0.2570777
  0.34174753  0.56368758  0.10712836 -0.00633746  0.24041873  0.00561542
  0.01116143  0.37583295  0.26652976  0.00588223  0.29835493  0.41451686
 -0.16439062  0.52340104  0.6776535   0.4749086   0.32768692  0.56974719
  0.44076725  0.22221789  0.40748417 -0.30257611  0.31766985  0.30058862
  0.29005447 -0.39040928 -0.23561794 -0.12641138 -0.21241248  0.76234322
 -0.19172433  0.36120307  0.12248256  0.62406293  0.07470674  0.46330615
 -0.39277319  0.42989945 -0.31886564 -0.23745785  0.38415101  0.35502212
  0.45923301  0.30639891  0.44921632  0.28788575]","[-0.39458654  0.16265402  0.40730975  0.29151197  0.27568852 -0.28456776
  0.44467652 -0.22608621  0.13163738  0.6520422   0.27924759  0.40160156
  0.30852728 -0.47202567 -0.44969933  0.40759331 -0.18970255  0.63508054
  0.20191591  0.47473391 -0.19634585 -0.1781941   0.12486666  0.46493429
  0.80777117  0.14506553  0.71473542  0.27749801 -0.19672864  0.51323666
  0.60736227  0.13177319  0.2864833   0.702202    0.0905617  -0.37951424
 -0.66431451 -0.44433755  0.61581438  0.78478272  0.33512521  0.5618028
  0.55103347 -0.10377906  0.78373016  0.53064674 -0.0156875  -0.45550656
  0.02439114  0.56093758 -0.05824231  0.63579958 -0.23536407  0.19501873
  0.51458147 -0.27100368  0.19120017 -0.31330802  0.17914914 -0.50977345
 -0.46203239 -0.31534255  0.4833778   0.61423023  0.06702462  0.49394508
  0.48574079  0.51664395  0.29653432  0.6783673   0.43935667  0.23856628
 -0.55934338 -0.0286339   0.09919905 -0.12061707  0.09936865  0.78317486
  0.15190164  0.74226393  0.09995698  0.32740114  0.72140578 -0.46596211
  0.80584021 -0.00350173  0.30143767  0.55298927  0.47774145  0.8108083
  0.3738001   0.02805676 -0.00502731  0.13947207]","[ 0.26208786  0.47695349  0.77214794  0.16333698  0.58917483 -0.02823455
  0.66561228  0.51142447  0.14471551 -0.17805268  0.66984257  0.64967691
  0.67725046  0.19032417  0.5446482   0.39175864  0.23097141  0.39173277
  0.5430382   0.52644874  0.09438059  0.59996332  0.11916804  0.14033769
 -0.21666691  0.21196595  0.60069063  0.56092177 -0.36125907  0.3138354
 -0.34649648  0.23715797  0.57028493  0.77575064  0.55422556  0.79807189
  0.50955694 -0.14000005  0.00232774 -0.50002481  0.56247261  0.24209595
  0.54870011 -0.03771177  0.40857494  0.7479689   0.6729855   0.24123032
  0.32518097 -0.23436723  0.38365641  0.47670619 -0.12746137  0.50889492
  0.57247351  0.51475212  0.15444376  0.30806263 -0.07989366 -0.22685513
 -0.28830992  0.42596238 -0.469379    0.14932213  0.49557999  0.12222085
  0.40354399  0.72562914  0.18700437  0.16934145  0.36136779  0.48291675
  0.35989528 -0.35557049  0.0569525   0.22120897  0.24926257  0.17924514
  0.60440689  0.1786169   0.09782175  0.36960185 -0.18315152  0.57106728
  0.04598563  0.67419337 -0.047449   -0.40004112  0.68060354  0.74413674
 -0.10797404  0.47502638  0.53395181  0.40019019]","[-0.23001686  0.01917739  0.35360674 -0.01797453  0.59856723  0.08975782
 -0.32377962  0.23690705  0.20333721  0.47125495  0.40131251  0.22477851
  0.49238822  0.02226097  0.06300742 -0.50441014 -0.45013781 -0.02392131
  0.12207522  0.36978064  0.61697472  0.29260231  0.37288059  0.53369509
  0.42915209 -0.00273909  0.36440266  0.54797925 -0.17811578 -0.00616882
  0.53961712 -0.00724814  0.48040066  0.28059009 -0.41839913  0.14733772
  0.26345968 -0.40531001 -0.25007898  0.78164922  0.32438511  0.28039744
  0.41691794  0.35406387  0.82452833  0.34769093  0.14595845  0.57060214
 -0.16604995  0.86398382  0.38169084 -0.02331854  0.6915482  -0.04416072
  0.32226633  0.61686303  0.41160856 -0.2065491  -0.34048091  0.04403635
  0.54035629  0.22416594  0.5983429   0.69840541  0.37029966  0.21798459
  0.37963866 -0.42636507 -0.38857959 -0.21827591  0.58490166  0.58362273
 -0.60929892 -0.26836653  0.40911719  0.33899153 -0.36651142  0.48064012
  0.64213894  0.63060141 -0.41472111  0.5657769  -0.2826281  -0.33107444
  0.79915087 -0.2273635   0.21776589  0.57849762  0.6838422   0.4302327
  0.35691777 -0.0513313   0.21394343  0.38706113]","[ 8.21241843e-01  2.08040456e-01  2.21858177e-01 -1.29157459e-01
  4.64337718e-01  4.12354696e-01  7.14630285e-01  5.92191450e-01
  5.68937809e-01  5.29303042e-01  3.75611147e-01  1.84791298e-01
  5.19913907e-01 -3.73498773e-01  3.42655886e-01  4.18837733e-01
  3.24428389e-01  4.77385990e-01  1.78158038e-01  5.39604659e-01
  5.25909447e-01  5.15275500e-01 -1.51503941e-01  4.47696308e-01
  1.68178891e-01  4.61534595e-01  8.37893221e-01 -5.67349900e-04
  3.53151977e-02 -1.17408455e-01  5.93914692e-01 -1.41667386e-02
  4.80448824e-01  5.81775942e-01  5.02397273e-01  7.65582983e-01
  5.13319836e-01  5.80780109e-01  7.62010151e-01  6.74318547e-01
  4.13176046e-01  3.78559587e-01  5.11874519e-01  3.59210634e-01
  5.68808729e-01 -5.95070684e-02 -8.05390218e-02  5.43184654e-01
 -1.77103227e-01  7.98669808e-01  3.76280144e-01  4.67223581e-01
  4.83154919e-01  3.17481957e-01  3.69228086e-01  5.62683275e-01
 -4.69006313e-01  6.32788229e-01  2.10667625e-01  5.87628727e-01
  3.74866151e-01  4.74052067e-01  6.91422353e-01  7.18507761e-01
  4.10716433e-01  6.00938285e-01  6.58600132e-01  5.06939173e-01
  3.80756916e-01  1.22694737e-01  4.24683038e-01 -2.12953960e-01
  6.50936335e-01  3.24564891e-01  1.10435801e-01 -1.13440510e-01
  2.14427927e-01  7.33933502e-01  3.04539133e-01  6.09489671e-02
  1.11254818e-01  6.78861497e-01  2.51052524e-01  2.72510221e-01
  5.97135499e-01 -5.08988941e-01  4.98357035e-01  6.20869651e-01
  7.30136106e-01  6.35046981e-01  5.40918618e-01  9.82892893e-02
  1.33620899e-01  2.28168175e-01]","[ 6.43425268e-01  4.24037725e-01  8.78989253e-03 -3.69096920e-01
  2.50356477e-01  3.13052755e-01 -2.67768324e-01  6.03581602e-01
  4.13663456e-01  4.62881454e-01  6.23897877e-02  4.02068140e-01
  6.94554623e-01 -1.47815720e-01 -2.73054121e-01  4.12882592e-01
 -2.09082501e-01  5.33319373e-01  5.81674054e-01  4.94503821e-01
  4.40422883e-01  4.96442071e-01 -3.39931760e-01  5.76372533e-01
  2.88382951e-01  2.04500193e-01  7.37480267e-01  2.37897584e-01
  5.75372717e-01 -5.11924735e-04  5.68667339e-01  3.68098234e-01
  2.40675577e-01  5.22315004e-01  2.14217899e-01  5.27832125e-01
  2.36683189e-01  2.54040734e-01  6.20366160e-01  3.82617843e-01
  4.08975226e-01 -7.48241976e-02  4.96336922e-01  3.04988027e-01
  3.48209361e-01 -1.04196542e-01 -4.40754248e-01  5.90594542e-01
  8.79614445e-02  7.41462824e-01  5.23216420e-01 -1.76334389e-01
  6.77388772e-01 -3.47890047e-01  1.02880344e-01  6.94307651e-01
  1.16545619e-01  3.10259895e-01  1.91743806e-01  6.21798314e-01
  6.89755401e-01  5.05252852e-01  6.67458836e-01  7.05459757e-01
  2.58989873e-03  5.90542549e-01  6.45902851e-01 -2.74998023e-01
  3.81057088e-01 -5.26088399e-01  2.19045331e-02  4.81272535e-01
  5.68481964e-01 -2.15710089e-01  3.85853670e-01  1.33448274e-01
  5.67528039e-02  6.87320594e-01 -8.01593524e-02  1.67725640e-01
 -4.26119448e-01  5.47411539e-01  2.00494420e-01  6.01305454e-01
  2.73988526e-01 -4.25385941e-03  5.45717309e-01  3.90196746e-01
  7.14145139e-01  6.28483659e-01  6.92674617e-01  5.74306348e-01
  1.89611825e-01 -1.57609848e-02]","[-0.2072327   0.17847852  0.52452362 -0.28956574  0.62942102  0.46837835
  0.65944497  0.41430977 -0.34190209  0.32943067  0.63007467  0.32346116
  0.6175324  -0.0489572   0.33394201  0.45028888 -0.13643834 -0.06016407
 -0.18664076  0.35406021  0.23729183  0.48471869  0.28123834 -0.06859917
  0.33860841  0.25236453  0.47857383  0.52814517 -0.42029226 -0.30574901
 -0.09070244  0.1960037   0.48897554  0.55597957  0.531867   -0.13718378
  0.38895129  0.10145343  0.22464715  0.28276508  0.26023226 -0.23908729
  0.29738697 -0.25417493  0.59793713  0.17836199  0.3522993   0.52430841
  0.09520887  0.03325253  0.34165526  0.40425264 -0.28524499  0.0573708
  0.50338324  0.47765644  0.36795572  0.33369991  0.2103266   0.30214625
 -0.183354    0.0941087   0.61661932 -0.20387652  0.27426001 -0.11212928
  0.31412899  0.67994132 -0.27248087 -0.33213811  0.11597181  0.41066208
  0.65856299 -0.2406229   0.10369727  0.21426928 -0.01446217 -0.05132218
  0.25348858  0.28705421  0.11472103  0.11042707 -0.30891453  0.36101928
  0.39184644  0.1424177   0.22252283  0.2673597   0.5479429   0.75121836
  0.21775207  0.52572227  0.57805538  0.48082368]","[ 0.01924241 -0.31160932  0.36197377  0.24672145  0.21182911  0.16697021
  0.27664625  0.37277215  0.0190007   0.26799751 -0.42592452 -0.40001674
  0.34531519 -0.20449282 -0.2050603   0.35194712 -0.26585103 -0.09983918
  0.70587282 -0.27330969  0.40512994  0.43206258  0.05139269  0.34048056
  0.45993511 -0.05484657 -0.28472685  0.45339532  0.11695158  0.31633584
 -0.17552791  0.13325885  0.31007261 -0.19682244 -0.26411489 -0.25131666
  0.52463694 -0.11493975 -0.11989306  0.18719161 -0.0165968   0.04870425
  0.52016036  0.01050082 -0.18228378  0.1354524   0.1000788   0.50395761
  0.15695649  0.59639295 -0.2803436  -0.31653966  0.4148428   0.27937969
 -0.08942846  0.70395925 -0.32443262  0.01121616 -0.36011886 -0.11610315
  0.65284906 -0.41211178  0.01078383 -0.01792833  0.49442483 -0.4127142
  0.06242356 -0.34972646  0.07806388 -0.56251067  0.5561679   0.75457751
 -0.30783787 -0.24425441  0.48204565  0.39007956 -0.29901752 -0.52242369
 -0.02696707  0.37062662 -0.20197179 -0.02408354  0.05677902  0.12786222
  0.0980479   0.41744976  0.23933385 -0.58244862  0.56016986  0.52476684
  0.69205332 -0.14128894 -0.08464401  0.31882538]","[-0.40723356  0.1059811  -0.27615596 -0.31134332 -0.22963908  0.00190941
  0.54513365 -0.36078326 -0.39704799 -0.39491889 -0.0957728   0.45864705
  0.0124526  -0.14012573 -0.11866306 -0.45608523  0.02998163  0.5007398
 -0.0562306  -0.09363638  0.55719175  0.40463264  0.47267767 -0.14487911
 -0.27875332 -0.08202537  0.387476    0.25975535  0.33585477  0.000971
  0.0372314   0.38064308 -0.35909162  0.37597795  0.0743235   0.3188808
  0.36864251  0.37882417 -0.25538611  0.3483498   0.25339426  0.02697286
 -0.27732842 -0.20034607  0.42670392  0.53209878  0.14880336  0.22026782
  0.23117472  0.61055342  0.53798671  0.19526033  0.29801611 -0.23760341
  0.14699882  0.34903875 -0.03387959  0.112731   -0.18515649 -0.30798229
  0.02719549  0.00299436  0.69085093  0.40142135  0.34719209  0.11684264
  0.29548326 -0.12836606  0.44126273  0.31025237 -0.02316766  0.15107974
  0.16273608  0.30478408  0.36469045  0.28387837  0.45299387  0.65373893
  0.0177365   0.23583844  0.28330694  0.66369275  0.59425042  0.26485317
  0.64413376  0.32174082  0.59750658 -0.04341875  0.03062543 -0.52399644
 -0.23193283  0.30137439  0.3835006   0.20750962]","[ 0.2931326   0.10231848  0.22850005 -0.48174379  0.26663926  0.38123257
  0.57526214 -0.38271747  0.08662886 -0.2242922   0.59723421  0.20894603
  0.35213784 -0.51066151  0.3020069  -0.56242325  0.29684808  0.16668246
  0.28076904  0.39015091  0.45331162 -0.31853765  0.17498973  0.16795015
  0.61348522 -0.06854145  0.70437823  0.06598871 -0.16465034  0.20644833
  0.38614195  0.67363987  0.51965789  0.47630022 -0.4246308  -0.15992513
  0.43036596  0.58582834  0.53004217  0.67731868 -0.08910966  0.30195252
  0.19955381 -0.07087262  0.36170952 -0.39014279  0.42347921  0.69340307
 -0.31800146  0.35824041  0.63923811 -0.42835057  0.15303344 -0.44671914
 -0.16756448  0.60904942 -0.07257765  0.24291959 -0.19097683  0.31721123
  0.09374409  0.1486343   0.68969588  0.76464582  0.13580552  0.41166155
  0.31606056 -0.04542469  0.13599726  0.27685684  0.3847706   0.67003463
  0.11371843  0.36128519  0.32535305  0.1079304  -0.04693051  0.63273893
  0.51585049  0.14260875 -0.04384478  0.1277177   0.47594216  0.01871
  0.43294556  0.79414735  0.54784831  0.40421428  0.23575851 -0.35978901
 -0.29546186  0.5792939   0.47073834  0.36116362]","[ 0.60051397  0.42741825  0.42018749  0.38815911  0.27773258  0.14375764
  0.44175924  0.35589461  0.40424233 -0.31268806 -0.09643766  0.6665862
  0.24400539  0.15069069  0.44024639  0.20591615  0.63599262  0.65026751
  0.11559148  0.46893846  0.16311733  0.63317917  0.66990716  0.4881563
  0.43129674  0.48622363  0.63655962 -0.05844251  0.32510574  0.2546842
  0.13961169 -0.29940512  0.30098794  0.59443976  0.40830319  0.63721493
  0.23040355  0.6969414   0.6876397   0.53334351  0.3920079   0.55098694
  0.52508993 -0.37330563  0.77999151 -0.36317189 -0.61200864  0.33911068
  0.07270397  0.83725823  0.69485539  0.35082795  0.66197405  0.12390719
 -0.32729884  0.50025356 -0.03822604  0.23880413 -0.20338577  0.20392717
 -0.08079918  0.06216544  0.55617362  0.3574517   0.33906704  0.40776067
  0.38100052 -0.01163129  0.23173588  0.50309819  0.48250692 -0.37412698
  0.64823422  0.47049331  0.4412387   0.35638958  0.2459106   0.78788903
  0.76711736  0.42598948  0.12259121  0.73305982  0.25437735  0.54950344
  0.41114947  0.32755155  0.37287002  0.58750837  0.62470708  0.58159329
  0.48355214  0.03741283 -0.2746347   0.53492641]","[-0.13929411  0.12117329  0.45710305  0.2512196  -0.22477508 -0.52058078
  0.04784727  0.14585716  0.42807676  0.75444726  0.3775138   0.08803754
 -0.17799814  0.29304048 -0.33850836  0.18290092  0.1718268   0.49726532
 -0.56947676  0.31062911  0.48107745  0.24222601  0.36680803  0.1756491
  0.81247475  0.21590643  0.8248904  -0.31976662 -0.06143065  0.37058381
  0.55173204 -0.04787936 -0.03378829  0.82831876 -0.41581749  0.51836578
 -0.52497203 -0.36126433  0.58169203  0.62050366  0.23327783  0.66064155
  0.62627604  0.29302722  0.81610832  0.68155463 -0.06983512  0.32076579
 -0.18644644  0.45200894  0.55448279  0.54240356  0.49606157 -0.38535433
  0.55992651 -0.30190513  0.20110223 -0.44240675 -0.02873593 -0.3978058
  0.14568826 -0.45500775  0.39879837  0.56380042 -0.03937698  0.42963698
  0.41198555  0.6065418   0.40497235  0.46703745  0.40788122  0.46503019
 -0.57921245  0.33718575 -0.04942227  0.11911019 -0.14127981  0.70459195
  0.46761073  0.80740749  0.39078264 -0.02503912  0.20903318  0.1240512
  0.73232518  0.03346014  0.15754266  0.60676478  0.52578223  0.65624053
  0.39352992  0.15085751  0.25014392  0.13702099]","[-3.15084050e-01  5.03587801e-01  4.08547314e-01  5.88321281e-01
  4.23851850e-01  2.74894788e-01  8.40476799e-01  1.26764380e-01
 -4.11601396e-01 -4.69350604e-02  7.19394027e-01  5.74765074e-01
  7.02969684e-01  1.17737967e-01  5.17853147e-01  3.80474471e-01
  5.49783801e-01  1.90511848e-01  5.18761580e-01  5.80924815e-01
 -1.24138860e-01 -3.83766113e-01  3.89800167e-01 -1.74260025e-02
  6.45832350e-01  4.82060766e-01  2.83863141e-01  7.31821108e-01
  1.46855222e-01  3.96510341e-01 -2.01505830e-01  3.60012102e-01
  5.49273130e-01  7.96863373e-01  6.39162611e-01  7.31345095e-01
  5.65545655e-01  4.56221161e-01  4.93043084e-01 -4.55770018e-01
  5.12139054e-01  1.06267713e-01  5.76460434e-01  1.46895978e-01
  6.80689892e-01  6.64517752e-01  7.00813337e-01  3.28434571e-01
  4.66752775e-01  4.93422311e-02 -5.06154324e-02  6.85429631e-01
  7.44495365e-04  6.56719119e-01  6.93329000e-01  3.51768023e-01
  2.00754188e-01  6.20819425e-01  3.71382110e-01  2.62076940e-01
 -2.74558159e-01  1.12425949e-01 -2.82641382e-02  4.44609523e-01
  6.18404582e-01  1.20415400e-01  5.53714701e-01  8.00702644e-01
 -2.40357093e-01  3.79885810e-01  3.70418692e-01  5.81896451e-01
  5.67944178e-01 -1.92950854e-02  6.34181659e-01  1.81335186e-01
 -1.38999516e-01  4.58945763e-01  7.33070027e-01  3.64025902e-01
  2.75428027e-01  5.60709881e-01 -3.55732130e-01  4.62966288e-01
  7.98075579e-01  7.99958783e-01  1.37396264e-01  5.04844424e-01
  6.46709258e-01  4.08528274e-01  3.36964904e-01  4.51625655e-01
  6.22379216e-01 -3.03895506e-01]","[ 0.15656051 -0.08697843  0.46778143 -0.30593691  0.3783841   0.48255382
 -0.24996736  0.21836112  0.22721373  0.53786907  0.28688807  0.62028218
  0.49449061  0.08928184 -0.2116714  -0.37041493 -0.18553534  0.27136446
 -0.30397849  0.43710251  0.62739547  0.48971925 -0.29345744  0.40401886
  0.46093777  0.00182905  0.42312188  0.18818469  0.12408794  0.09347173
  0.56137963 -0.24708451  0.46592312  0.40410453  0.06857386  0.35530431
 -0.14220249  0.30192581  0.50608085  0.69823899  0.49702054  0.32804939
  0.81765246  0.34648203  0.85857175  0.58188066  0.25361386  0.22964605
 -0.28770987  0.8484753   0.39857926  0.07881606  0.6685324   0.23013009
  0.35568808  0.73108839  0.39685994 -0.10413552 -0.00613708  0.23360223
  0.54997817  0.31265881  0.54081836  0.83373323  0.48922718  0.4063203
  0.40359049 -0.34242931  0.34626781 -0.43558873  0.74719134  0.56962381
 -0.13446444 -0.39256383  0.58774792  0.20356074  0.28128018  0.28691738
  0.55547079  0.41977765  0.13519854  0.40372497 -0.26623694  0.24888976
  0.59024395 -0.23955159  0.2895631   0.58063766  0.64440715  0.37073508
  0.41025108  0.0797685   0.23699232  0.44986601]","[ 7.33704961e-01  1.93844268e-01 -2.40287881e-01  3.01617228e-01
  4.45964629e-01  3.92925020e-01  6.95322657e-01  5.01374822e-01
  4.39392826e-01  3.18312917e-01  1.55047761e-01 -7.96993777e-02
  4.04559548e-01 -2.27004292e-01  1.88370833e-01  3.46564736e-01
 -2.49897280e-01  1.31426517e-04 -1.01596459e-02  4.22161009e-01
  4.88570540e-01  2.21105210e-01  5.10477503e-03  2.98178872e-01
  2.68471436e-01  3.64444609e-01  6.82290716e-01  1.45756569e-01
 -2.80864439e-01  2.22884180e-01  5.28102013e-01 -2.33707003e-02
  5.60500912e-01  3.28634565e-01  5.38970928e-01  5.57112973e-01
  2.64463051e-01 -2.28111478e-01  7.28751643e-01  4.31762919e-01
  3.56297713e-01  3.03339362e-01  2.04248507e-01  1.90198685e-01
 -4.20552643e-01  3.51365800e-01  7.68286875e-02  3.32784679e-01
 -3.93727529e-01  7.25029651e-01 -2.85824563e-01  3.51406863e-01
  4.58219029e-01 -1.27832933e-01 -3.30865062e-01  5.34620452e-01
 -4.36894909e-01  5.36465156e-01  3.17754894e-01  3.63098072e-01
  3.34652908e-01  1.93999282e-01  6.67367877e-01  4.75491401e-01
 -2.47867536e-01  5.11391116e-01  1.61023765e-01  2.28049268e-02
  2.11666427e-01 -5.76439607e-01 -1.70155534e-01  1.19357676e-01
 -1.23492898e-01  2.75617788e-02  1.24009959e-01  2.98728200e-01
  1.44495030e-01  5.95441336e-01 -4.37606877e-01  4.32125515e-02
  4.62580377e-01  5.93689228e-01  7.82156662e-02  2.41204987e-01
  5.05196633e-01 -5.68144801e-01  3.32090051e-01  7.04274882e-01
  7.32578611e-01  5.66012466e-01  2.04786747e-01  5.37543401e-01
 -1.15732834e-01 -6.10411167e-02]","[ 0.67760596  0.34798373 -0.33122148  0.19016316  0.58468663  0.32330085
 -0.10315042  0.51399011  0.33829533  0.49801096 -0.04436673  0.45371466
  0.54999743 -0.00449137  0.30260688  0.45670522  0.48331418  0.39806647
  0.36126425  0.56784315  0.57513191  0.46737094  0.23458673  0.0796758
  0.41602913  0.18579514  0.64312357  0.31014597  0.3648529   0.41210045
  0.34791688 -0.18744709  0.299635    0.63189454 -0.00797261  0.54438536
  0.27242598 -0.13864738  0.69063827  0.48250652  0.47800365  0.28012509
  0.46468692  0.35480862 -0.17797165  0.21485635  0.00396137  0.56610978
  0.07995016  0.73513861 -0.29275958  0.58915377  0.64840599  0.20907353
  0.10283505  0.76022746 -0.5668366   0.49237827  0.12060825  0.41376247
  0.64692521  0.47077189  0.6652949   0.43250058  0.3807062   0.5721157
  0.50524341 -0.38155085  0.53189114  0.35933362  0.45707211  0.28850615
  0.76965639 -0.44896498  0.63513349 -0.13853831 -0.27451219  0.62161775
  0.53843687  0.04524904  0.30913323  0.4629026   0.27413891  0.72812163
  0.03211403  0.30020741  0.63101532  0.63076148  0.75077423  0.57179032
  0.25701759  0.66687341  0.02081641 -0.07586352]","[-0.13222282  0.34368241  0.56094293  0.41229764  0.67472628  0.37816931
  0.76617801  0.11096401 -0.34531983  0.11697916  0.74789566  0.38055768
  0.63104866  0.32291714  0.20193762  0.27375095  0.43183817  0.27540041
  0.51743531  0.36455965  0.14209591  0.12036965  0.3451257  -0.1579957
  0.49225167  0.47644617  0.63555765  0.64220088 -0.28983184 -0.15004975
  0.0574288   0.31356482  0.4640133   0.33312839  0.60972116  0.49337286
  0.4986501   0.1424222   0.32911471 -0.37892792  0.21064001 -0.2221771
  0.71116739  0.08738767  0.64547662  0.50380217  0.45274021 -0.0490914
  0.50868954  0.32039154  0.10621449  0.29518586 -0.27119018  0.67775235
  0.56258477  0.24755032 -0.0450431   0.61094363  0.42015027  0.31356283
  0.09189877 -0.47402067  0.47923015  0.23964383  0.54577024 -0.05189991
  0.48728744  0.72034724 -0.25087084  0.19450565  0.00421788  0.53184177
  0.58680312  0.47321741  0.62365607  0.02907521 -0.44813837  0.30542155
  0.58988462  0.72645999  0.40117757 -0.56383307  0.05719214  0.57099167
  0.63479064  0.6192832   0.19944917  0.08130222  0.65573101  0.61191787
  0.30170839  0.59505118  0.41449395 -0.20441553]","[ 0.49128377 -0.2896178   0.40709546 -0.04039735  0.02353834  0.29135674
  0.1308255   0.51702734  0.25596417  0.21211727  0.16727053 -0.34391
  0.41033359  0.01158188 -0.28794465  0.4999115   0.54638794  0.45098859
  0.57372507  0.19074629  0.2949465   0.29920674  0.38554988  0.07049704
  0.35037421 -0.05938812 -0.38408985  0.58469818  0.21700807  0.45378858
  0.36405497  0.20746831  0.06542798 -0.21976578 -0.24371548  0.47512565
  0.50975143 -0.40481128  0.12846305  0.3149934   0.19151505 -0.30609999
  0.70237909  0.20072542 -0.07405961 -0.22044527  0.3096243   0.45282515
  0.18613291  0.53349275 -0.04948969  0.61903931  0.58812663  0.50897567
 -0.08150841  0.82343267 -0.10291689  0.32030444  0.19066838  0.11741257
  0.67648792 -0.59821976  0.43260759  0.3427166   0.55832038 -0.34016468
  0.36033094  0.20791189  0.35417243  0.0156986   0.61514161  0.49964075
  0.57759552  0.16684112  0.71985489  0.30623763 -0.29146944 -0.04653533
 -0.02855437  0.28524772  0.30306393 -0.09100968  0.23963918  0.44770043
  0.36704656  0.15284441  0.50240942  0.11684041  0.60777716  0.45791398
  0.48621534 -0.02603449 -0.18552509  0.3666762 ]","[-0.41345245 -0.11288663  0.10396135 -0.37389409  0.32906608  0.17029658
  0.48475987 -0.14457729 -0.19525215 -0.06500838  0.32616051  0.06247479
  0.43247179 -0.56911252  0.28212854 -0.17909867 -0.34700807 -0.47038659
 -0.09082697  0.36311287  0.01999229 -0.157251   -0.03249368 -0.07712233
  0.38500683  0.0271334   0.71627561  0.19505141  0.29638098  0.19493847
  0.30179447  0.7029214   0.39379454  0.29134506  0.39901843 -0.10691087
 -0.25500278  0.26066549  0.30729128  0.66384786 -0.0208058  -0.08386422
 -0.12940491  0.23159226  0.64937459  0.38709769  0.19863658  0.39396055
 -0.40833022  0.42335574  0.3145957   0.04429375  0.25866849  0.28430947
 -0.2985046   0.38536722  0.0268285   0.14293314  0.21804995  0.33541693
  0.15137187  0.03683404  0.72664045  0.43381226  0.05175063 -0.25882787
  0.48760868  0.0824597   0.27190566  0.04982834  0.03665994  0.35351211
  0.35583945  0.26170667  0.39301317  0.34670595 -0.08347078  0.51209646
  0.44550439 -0.31208266 -0.35213269  0.31716718  0.44347333  0.37547039
  0.37583194  0.47694034  0.16730303  0.40907363  0.15182186 -0.23168975
 -0.55178566  0.20305935  0.21687345 -0.48317335]","[ 0.2135693  -0.36645704  0.27051227  0.12722936  0.47698236  0.51682545
  0.59677954 -0.46246015 -0.1699736   0.37419585  0.68657389  0.32626815
  0.39858583 -0.42569879  0.58821042 -0.53478371  0.27678255  0.36375586
 -0.03940673  0.46441761  0.27049383 -0.32424874  0.08338949 -0.54545066
  0.50417082  0.17942796  0.59631375  0.01437728 -0.25609597  0.33822694
  0.60335338  0.57885397  0.81214551  0.23161682 -0.48006519  0.59045916
  0.58854396  0.40822252  0.70536253  0.70504024  0.53075307 -0.28251819
  0.27487343  0.2113835   0.27510623  0.42907226  0.51055257  0.61787553
 -0.23381442 -0.34080846  0.26452892  0.29046572  0.28057246  0.19026032
  0.36148366  0.38094572  0.21958083  0.17475149  0.580771    0.45961934
 -0.1366987   0.12104219  0.6085784   0.50516782  0.15521401 -0.3615067
  0.52258092  0.14144707  0.15327805  0.57666592  0.56314715  0.68576038
  0.62998349  0.40979057  0.62268234  0.03803633  0.59781852  0.15277312
  0.67964168  0.29563899 -0.34852991  0.30721503  0.61708312  0.41579217
 -0.43740843  0.81483403  0.51952171 -0.11284274  0.50389349 -0.14107798
  0.24521638  0.73819566  0.62454464  0.51670913]","[ 0.29401117  0.53777841  0.11314449  0.33234889  0.49480112  0.1400919
  0.41867227  0.35438063  0.12147571 -0.35777228 -0.27129006  0.56402611
  0.44653249 -0.35678848  0.00687657  0.39709188  0.39180611  0.56596805
  0.08120518  0.28688456  0.33618465  0.54492336  0.64550215  0.46236695
  0.46338015  0.29386644  0.72939591 -0.09391273  0.04727265  0.27346309
  0.31652668 -0.29125563  0.07401591  0.59396313  0.45884563  0.57765909
 -0.28240537  0.45831537  0.36488669  0.61777888  0.10646186  0.51225134
  0.30087049 -0.14866209  0.77866359  0.13076951 -0.43980569  0.32245152
  0.32716323  0.8322057   0.62575198  0.56201076  0.65128115  0.06352204
  0.06849495  0.54453207 -0.12611379  0.14621655  0.16064676  0.31913187
  0.46589     0.09633532  0.74428793  0.4354705   0.40694671  0.41754577
  0.22471532  0.13851179  0.26356932  0.0918136   0.21287004  0.17230702
 -0.00661106  0.1226997   0.21368845  0.27442555  0.22014418  0.7601372
  0.50363776  0.15866629  0.08856401  0.81630177  0.29828305  0.53994787
  0.38738378  0.28542074  0.19832721  0.65587933  0.57214063  0.40201096
  0.57256412 -0.03754107 -0.08012658  0.39244951]","[ 0.57125163  0.16111686  0.0301077   0.22669303  0.17876602  0.06268635
  0.05805705  0.26101981 -0.14801289  0.54556221  0.27652453  0.3923238
 -0.56311428  0.38647969 -0.06520092 -0.20254654  0.16833205 -0.31671452
  0.68618044  0.03040086 -0.32288118 -0.28670545  0.16322437 -0.17247733
  0.27820092 -0.2831062   0.41593132 -0.25379059  0.61043645  0.373838
  0.12282443 -0.35228115 -0.10098593  0.18401269 -0.07436651 -0.23141374
  0.48766454 -0.1928764   0.04718037  0.079183    0.20755216  0.38684411
 -0.63830583  0.46556996 -0.13885913 -0.02876168  0.10434035  0.32932453
 -0.38204692  0.39865764 -0.36584861 -0.00717825 -0.10405988 -0.10537258
 -0.21531947  0.1417641   0.2263852   0.3869582   0.19707798  0.53279405
  0.42280548  0.1660234  -0.03541549  0.34101341 -0.41060258 -0.19642255
  0.21925934 -0.39574774  0.41343052  0.10348285  0.51590683 -0.25611486
  0.57233761 -0.03363893  0.37540526  0.36605721 -0.03580158  0.01954714
 -0.01651416  0.35032039 -0.2871659   0.12925422  0.07209889  0.43596921
  0.19093463  0.49481245  0.16014052 -0.40649282  0.1837306  -0.5870854
  0.12993526 -0.05162764 -0.52687999  0.36556204]","[ 0.42774111  0.34943161  0.46829546  0.55480394  0.4375605   0.52305867
  0.66782314  0.73444412  0.52334229  0.4325604   0.35860381  0.46678586
  0.25980858 -0.25692315  0.21036566  0.20669545 -0.49593174  0.43707023
 -0.10770032  0.55225934  0.61048295  0.61427992 -0.4562497   0.18012375
  0.49656158 -0.3691487   0.58924947 -0.15928688  0.34839299 -0.38412677
  0.61150133  0.56425757  0.27133712  0.64265634  0.43474692  0.59018844
  0.75991704  0.38504191  0.73648142  0.82704345  0.32574188 -0.36696252
  0.6808966   0.18688397  0.7930834   0.13856789  0.37042663  0.60169059
 -0.09037503  0.78030734  0.35808131  0.17080163  0.63624168  0.17472368
  0.33501039  0.69515239  0.23027118  0.61826976  0.16660658  0.5632159
  0.60024622  0.29597323  0.70848766  0.43685841  0.4361739   0.45619579
  0.75020885  0.3129692   0.49667704 -0.41254303  0.18252182  0.39608827
  0.47577106  0.18020055  0.07996078 -0.07676736  0.30732545  0.86330466
  0.55597123  0.06952696 -0.25880303 -0.6217066   0.62800029  0.50761083
  0.33163145  0.51778719  0.50317676  0.52102166  0.62035372  0.47150836
 -0.35527726  0.47748865  0.37555167 -0.37301099]","[ 0.69733593  0.33017883  0.21877569  0.11274334  0.09962531  0.09807601
  0.68042725  0.76190296 -0.13256251  0.51205624  0.46673047 -0.39478902
  0.45736967  0.19769603  0.15140172  0.49528584  0.23347125  0.06305171
  0.60672066  0.71753615  0.61924088  0.44879843  0.32556912  0.55193707
  0.49777608  0.44235602  0.74827078 -0.00490059  0.27324922  0.41705701
  0.61284363 -0.36469052  0.34156529  0.75154621  0.52315758  0.8555971
  0.48085504  0.72795575  0.71800517  0.59089218  0.37310889  0.60295187
  0.69906723  0.50582793  0.82374494  0.45533218  0.39628798  0.6276312
  0.56085627  0.82661429  0.74805748  0.37657242  0.16931478  0.4198843
  0.72545422  0.56993894  0.33919765  0.24561809 -0.01921092  0.60828434
  0.52504893  0.40193528  0.57974684  0.53497643  0.30245427  0.56451986
  0.74692948  0.48247692  0.35960744  0.25901111  0.55857422  0.41769246
  0.32178698 -0.44309361  0.3353765  -0.28006463  0.14704593  0.85692065
  0.47277866  0.26795651 -0.06787439  0.66137098  0.10287217  0.72680675
  0.83095185 -0.12455592  0.55999306  0.37790357  0.55851317  0.39884678
 -0.32791418  0.1391946   0.38915108 -0.04146014]","[ 0.51116268  0.03255226  0.67939165  0.1059924   0.37477743  0.03400063
 -0.06141364  0.40948556  0.57763121  0.25871301  0.32081769  0.00864538
  0.20505207  0.10543666 -0.15566364  0.58998775  0.15384294  0.1989628
  0.63248942  0.06998389  0.42183348  0.40143149  0.38351018  0.27102896
  0.25739792  0.37446345  0.83664383 -0.3328267  -0.31691818  0.4852264
  0.38365097  0.21670505 -0.21787089  0.59510816  0.15461894  0.71704726
  0.50421486  0.62081008  0.52888774  0.59327891  0.16501335  0.40784739
  0.43981749  0.12097252  0.2525655   0.58250153  0.26208119  0.41619495
  0.01477515  0.62024495  0.44006331  0.44137909  0.50185387  0.56417232
  0.19480279  0.53500501  0.37305984  0.49069313  0.48881641  0.6916981
  0.13197975  0.31534244  0.63598269  0.61739877  0.64949227  0.57963623
 -0.50511827  0.18456061  0.19139575  0.76423908  0.59722455  0.4861446
  0.29630543  0.10348529 -0.09528978 -0.45976958  0.03661277  0.66045544
  0.12181002  0.42419644  0.00427616  0.44307814  0.02772671  0.52040917
  0.44278742  0.23114735 -0.14922458  0.65213107  0.3352219   0.46205052
  0.15532097  0.40594038 -0.60102729  0.1045776 ]","[ 0.60126635 -0.34137783  0.3704008   0.70328772  0.63035248  0.11021433
  0.25504625 -0.14609104  0.19883156  0.64286822  0.56397904  0.15289933
  0.47671425  0.24994189 -0.05836215  0.46866768  0.29926186  0.6219396
  0.20322832  0.13892131  0.27101432 -0.29157108 -0.23996179  0.02873148
  0.28599554 -0.45089148  0.65396219  0.46303472  0.07101305  0.51067236
  0.34502927  0.11757749  0.10845851  0.39597291  0.56512647  0.58307425
 -0.37330607  0.47878438 -0.1539293   0.61760362  0.53485728  0.47989025
  0.15935117 -0.08560196  0.72046313  0.57856073 -0.30371025 -0.36387133
  0.32503882  0.84552486  0.00530271  0.5715625   0.75930687 -0.43669035
  0.2513343   0.12988856  0.11439928  0.3697331   0.34724242 -0.42648331
  0.24501944  0.40172367  0.63065147 -0.16062557  0.10920861 -0.2205703
 -0.21100507  0.28913692 -0.41703486  0.04485123  0.6826535   0.64580643
  0.43697772  0.09786017  0.61840895  0.28271793  0.4791958   0.53380367
  0.66603184 -0.15297537  0.055571    0.51466953  0.51976775  0.16870064
  0.27506186 -0.50001122 -0.27357386  0.17264442 -0.02508182  0.335834
  0.22639085  0.46998745  0.52935863 -0.08313333]","[ 0.4834867  -0.48538601 -0.29312232  0.42859162  0.8521717   0.60342328
  0.73110266  0.3020281   0.46200597 -0.43739355 -0.01702217 -0.07069039
 -0.04085636 -0.24151038  0.24717342 -0.44960394  0.37261314 -0.45905424
 -0.3529796   0.26633941  0.56519169  0.57014285 -0.45166023 -0.49427271
  0.57030164 -0.14437783  0.15653813  0.41079768  0.13345028  0.46147507
  0.38851886 -0.21044188  0.57134616  0.15366214  0.56065357  0.26368486
  0.60748276  0.51035367  0.5376287   0.71883502 -0.08153915  0.19478554
  0.37691249 -0.36574296  0.73647749  0.42852421  0.58787972  0.54442759
  0.53532923  0.79670766 -0.02587454  0.82743754  0.4311249   0.19050213
  0.49940527  0.67161944  0.09018554  0.65642485  0.346211   -0.00794992
  0.21227921  0.38549763  0.54330185 -0.33961721  0.7181944   0.06635316
  0.47064396  0.18825192 -0.21389559 -0.31031081  0.52039958  0.63176345
  0.71581693  0.25013076  0.77340303  0.11450113 -0.06450637 -0.04935197
  0.21983113  0.45835267 -0.01782607 -0.07905822  0.09874211  0.0356689
  0.09324765 -0.1333555   0.66718858  0.65872655  0.0812844  -0.23554943
  0.64095898  0.30136093  0.57667056  0.62487557]","[ 0.46299409 -0.50186839  0.61563958  0.69601224  0.69723961  0.58950882
  0.56338252  0.71619966  0.33701616  0.30827126  0.37420102  0.51638452
  0.25286441  0.27196381  0.08191228  0.05894373  0.40042556 -0.32893447
  0.32934971  0.45598371  0.32975075  0.48019239  0.44780072 -0.10968131
  0.40660411 -0.34055859  0.62363934  0.56447521  0.14724187  0.17707482
  0.33972689  0.28485161  0.52206193 -0.0098175   0.70935984 -0.22393407
  0.48292969  0.55695151  0.50312647  0.54867493  0.54184817  0.5769014
  0.52893121 -0.04236598  0.5993309   0.52785957  0.85670085  0.53137494
  0.49374833  0.41155394 -0.00118891  0.60203263  0.65721746  0.19430067
  0.17414955  0.76317439  0.52969285  0.22623965  0.75652999  0.47356211
 -0.08946028  0.3687812  -0.244416   -0.13146326  0.7670081   0.17367135
 -0.10745649  0.54008657  0.48623912  0.17491254  0.75938808  0.60475347
  0.76267961 -0.09744057  0.39203517  0.50161395  0.23712285  0.39150497
  0.25941908  0.77878925  0.43674258  0.06205327  0.31037722  0.5778253
  0.09102025  0.0721983   0.29768659 -0.08309375  0.63570563  0.23052111
  0.51711548  0.42955697  0.49054254  0.30327884]","[ 0.31820541  0.31095835  0.41786108  0.45334127  0.72622821  0.71189067
  0.42650512  0.54137431  0.59345561  0.41550805  0.30446114  0.09418571
 -0.08485004  0.31219059  0.08581886 -0.15541098  0.57972179 -0.21596552
  0.25981242  0.23368975  0.35974354  0.35630845 -0.36128125  0.3537973
 -0.33782597  0.41116968  0.19759226  0.65293223 -0.3378839   0.13003099
  0.26670215 -0.40677178  0.11718656  0.43695038  0.52034491  0.77554728
  0.58545396  0.2555161   0.49852688  0.68887364  0.36907527  0.09350472
  0.67896471  0.14026257  0.42123491 -0.00698207  0.33287288  0.56253035
  0.39722162  0.14413945 -0.60723352  0.50878479  0.38416673 -0.0263282
 -0.2205522   0.70166934 -0.32623449  0.37490632  0.31091719  0.11492827
  0.48860369  0.43249294  0.51322523 -0.15040168  0.72336013  0.60723018
  0.66001266  0.56405164 -0.26601392 -0.01686209  0.63910951  0.80247566
  0.37421703  0.53008042  0.47131767 -0.0958703   0.45745459  0.42418221
  0.56255101  0.82629441 -0.13518165 -0.26576363  0.05666382  0.52396312
  0.13846742  0.5315896   0.25874678  0.73969859  0.02250062  0.52564781
 -0.33703242  0.57787255  0.24469648  0.55141785]","[ 0.62750854 -0.4963794   0.51703157  0.54914996  0.76406762  0.55262055
  0.35206219  0.48447737  0.31880717 -0.31821934 -0.22507625 -0.05872512
  0.34478641  0.30407992 -0.06303909 -0.32193181  0.57003391 -0.14053834
  0.57732198  0.4880288   0.48520685  0.34306991  0.19734632  0.22649418
  0.27566016  0.21396543 -0.46799726  0.49609825  0.39661912  0.68673498
  0.51123288  0.15639189  0.71744686  0.26782206  0.57478038  0.30915633
  0.34372888  0.32961369  0.66057596  0.39580829  0.36396906  0.23251924
  0.47891919 -0.28579622  0.56616144  0.3542421   0.52475266  0.77127316
  0.40405552  0.20691126  0.17743716  0.64771038  0.66461248 -0.0958565
  0.32510619  0.55789414  0.14318386  0.51663292  0.7172537  -0.09331906
  0.30451352  0.55048209  0.02845823 -0.28670309  0.64635423  0.02854989
  0.38065669  0.70433343  0.13655644  0.20838399  0.76806768  0.60308563
  0.68115623  0.25583966  0.57766054 -0.01992012  0.16136195  0.57829503
 -0.35448997  0.29312559  0.31425046  0.54625752 -0.06251865  0.11180374
  0.64845794  0.04499233  0.14278711 -0.24248983  0.51935508  0.20135021
  0.26035376  0.62552298  0.4983763   0.39163117]","[ 0.57522209  0.34195479 -0.23345302  0.44742055  0.64983207  0.38713085
  0.58383027  0.40943483 -0.13179896  0.17447209 -0.11016352 -0.11639176
  0.52415463  0.36748193 -0.35478319  0.30763023  0.51505123  0.16180806
  0.30117658  0.37696285  0.52061317  0.40239788  0.04824326 -0.25455352
 -0.0718583   0.25408683  0.35675639  0.57961551  0.23565509  0.2854921
  0.32446251  0.136138    0.37789152  0.2792985   0.47199918  0.64937852
  0.57497468 -0.54427998  0.3218304   0.59741491 -0.03584827  0.4892094
  0.3343234  -0.16522438 -0.13916765  0.13535064  0.68066526  0.56055288
  0.33135411  0.50346388 -0.38482413  0.70253759  0.58825068 -0.36322374
  0.12487898  0.48157736 -0.43292217  0.70509087  0.36477455  0.40369203
  0.43400079  0.63686216  0.32667051 -0.24636542  0.53277411  0.23257279
  0.01097251  0.57472068  0.35393809  0.30743215  0.68883386  0.84299819
  0.719876    0.25535833  0.71128404 -0.28852663  0.14089038  0.68564839
  0.53631425  0.09896011  0.31965033 -0.35460769  0.1547279  -0.01300735
  0.61608205  0.59034248  0.42513202  0.2186603  -0.36972826  0.46873856
  0.66353053  0.65257761  0.13379516  0.70842426]","[ 0.46563278  0.10687571  0.17345307  0.68972991  0.67118676  0.29527428
  0.62425223  0.67460374  0.56965038  0.34129828  0.18211743 -0.18936108
  0.5937813   0.48335173  0.00387153  0.41842664  0.64584989 -0.01557849
  0.30472393  0.54579498  0.50603174  0.51092143 -0.07259259 -0.10216671
  0.7950212   0.36725642  0.33122976  0.79031683  0.46046976  0.42452464
  0.07411816 -0.06469586  0.59610194 -0.26431328  0.63134976  0.59794782
  0.41461742  0.52495361  0.58895366  0.02596828  0.41175636 -0.01042559
 -0.17443002  0.50244275  0.45507974  0.15222771  0.47295268  0.78795127
 -0.30374215  0.24008472  0.35882712  0.74441937 -0.38185807  0.46931156
  0.36243819  0.69862274 -0.23939397  0.61269793 -0.30560906 -0.01164498
  0.28104708  0.79114553  0.46220412  0.08713991  0.65770397  0.02938434
  0.62327743  0.72127501  0.43493812  0.43592219  0.50514266  0.7291538
  0.69686516  0.00494505  0.60999627  0.35420694  0.36174548  0.48528118
  0.51158001  0.43769133  0.28328065  0.52485051  0.36437495  0.57226784
  0.60071186  0.60383658  0.4366325   0.5724445   0.70454278 -0.01182923
  0.64247276  0.60178215  0.40544997  0.71687413]","[ 0.35519761  0.47832436 -0.26913309  0.29421235  0.81576703  0.74276378
  0.77321505  0.31773996 -0.27595204  0.64572465  0.79051764  0.33981182
  0.12558057  0.59070495  0.62217354 -0.32039165  0.75386339 -0.5712404
  0.57124568  0.56039726  0.50036086  0.75329279  0.72172903  0.03319285
  0.47174991  0.80324953  0.62248543  0.50008342 -0.41723892  0.65606316
  0.47162309  0.7007548   0.67853334  0.83470979  0.4695936   0.75581765
  0.63373898  0.79950112  0.75322001  0.71987263  0.57865598  0.67597435
  0.31138617  0.619734    0.85619973  0.64648661  0.68435365  0.8114632
  0.61008578  0.30079813  0.78666692  0.91403667  0.80321916  0.79949765
  0.38619179  0.6670938   0.54846461  0.57381845  0.74589107  0.4858978
  0.39314233  0.5980633   0.53773554  0.20291754  0.61523783  0.25933111
  0.46066269  0.49690732  0.24477559  0.81951415  0.70237791  0.59169027
  0.81418885  0.41880997  0.85876195  0.45389439  0.60885975  0.2783592
  0.71137976  0.28964268  0.67068295  0.34250594  0.59402707  0.58654004
  0.82996899  0.80494075  0.76364013  0.49324218  0.29746779  0.654968
 -0.50124968  0.72623681  0.40557871  0.85357751]","[ 0.58596692  0.35641355  0.70153412  0.73326562  0.8073722   0.64428174
  0.76506006  0.66683911 -0.01793407  0.37999309  0.70018519  0.27496164
  0.65419918  0.64355406  0.44591146 -0.37611401  0.76682825  0.25161052
  0.42956962  0.39881473  0.62325165  0.68968656  0.34948633 -0.14933267
  0.31948559  0.56983463  0.65603256  0.67662687 -0.05339102  0.61090916
  0.33549985  0.68539464  0.63061188  0.5410076   0.52156972  0.71393398
  0.70770245  0.49642615  0.60123183 -0.07035584  0.30710152  0.72254705
  0.72015555  0.56026536  0.25583419  0.08477933  0.68868528  0.72030242
  0.5674872  -0.09380757  0.4619675   0.67188791  0.53129385  0.65071257
  0.67465587  0.72356386  0.28052552  0.66582054  0.59699189  0.62552866
 -0.30486958  0.61565019  0.56048505  0.0746596   0.75958644  0.56922005
  0.37031707  0.77365041  0.2463378   0.22325164  0.80302062  0.81183302
  0.82950511  0.50143764  0.76104671 -0.01470044  0.37064172  0.59909974
  0.48922953  0.624425    0.63789333  0.43679333  0.63855047  0.52271362
  0.75825732  0.48950183  0.43025874  0.72711359  0.53599557  0.70191467
  0.73069864  0.78881912  0.21811482  0.62275019]","[-0.05092539 -0.43676716  0.55809958  0.41732581  0.85770603  0.08540788
  0.75080492  0.51048537  0.38682454  0.30667654  0.8285444  -0.03548829
  0.61249695  0.14984793  0.39647653  0.10945281  0.76486479 -0.34911343
  0.55139361  0.51230922  0.38326512  0.6823211   0.29074426 -0.43677051
  0.44684854  0.41518122  0.77533722  0.40622049  0.4353605   0.44527582
  0.31476572  0.68800962  0.5491167   0.7258457   0.59639619  0.26938624
  0.36651192  0.7349498   0.58533017  0.60328564  0.50788706  0.50655434
  0.65608146 -0.10757643  0.7098662   0.60270096  0.5816195   0.52608336
  0.65120254  0.33007025  0.34071199  0.68719227  0.72966581 -0.4375896
  0.44815259  0.6483742   0.18679761  0.72111146  0.27953803  0.29503613
  0.31865362  0.69431157  0.44650582 -0.025887    0.67418428  0.4686997
  0.72808467  0.68036813 -0.02719222  0.22995586  0.71850978  0.71941092
  0.80745514  0.40580534  0.5976816  -0.25475344  0.39640807  0.43770815
  0.38307893  0.54276041  0.26290209  0.34980502  0.22875109  0.45527201
  0.29462347  0.43073998 -0.1704918  -0.32917564  0.61507242  0.71727344
  0.46911378  0.54138074  0.3552704   0.56473958]","[ 0.55560437  0.00454045  0.01514665  0.6554026   0.85517293  0.69826658
  0.79481977  0.48034899 -0.34640041  0.575402    0.78187186  0.14861869
  0.59851014  0.41919693  0.55177075 -0.28938505  0.72319443  0.18142262
  0.14793391  0.2486059   0.57734209  0.72548732  0.46107301 -0.44522361
  0.45389207  0.57250528  0.45012094  0.66355501  0.20437751  0.7093017
 -0.13441139  0.61174129  0.69284353  0.5756284   0.65991163 -0.08857588
  0.30653678  0.63755029  0.49922419  0.42337509  0.57854926  0.67176016
  0.6151053   0.17749078  0.69695011  0.78468583  0.6094394   0.64149188
  0.69403642  0.67844107  0.59382727  0.8876216   0.72341838  0.52796983
  0.66193201  0.71366194  0.53654241  0.58803992  0.59979596  0.35078149
  0.17673216  0.25709804  0.25996979  0.54560279  0.72626049  0.64631898
  0.52188993  0.66540174 -0.01605109  0.31416697  0.8132403   0.59700607
  0.78054001  0.5591502   0.75759197  0.4668797   0.34828995  0.64041747
  0.64141712  0.55954893  0.56423577  0.09358655  0.64199779  0.48159186
  0.37738258  0.47065609  0.62167147  0.04414777 -0.27471629  0.71897807
  0.72954161  0.57437639  0.30987652  0.61194232]","[ 0.59829039 -0.1822896   0.36223378  0.2009555   0.57798562  0.24437454
  0.42643417  0.55081135  0.3710092   0.26453246  0.56501679  0.45624776
  0.60720135 -0.41105479 -0.18427274  0.65141921  0.48504832  0.25095438
 -0.37290501  0.07688697  0.11432955  0.50874446 -0.15452504  0.27497764
  0.43222175  0.4940205   0.82336421  0.25748276  0.60258294  0.42915364
  0.37522323  0.50397608  0.04356325  0.74430065  0.36644647  0.55330141
  0.5834762   0.38713368  0.71363997  0.2932956   0.336757    0.08913617
  0.59781002 -0.04459825  0.00912374  0.29940575  0.31229394  0.11251179
 -0.21357673  0.57469954  0.57045355  0.52287767  0.22647023  0.24141075
  0.08052856  0.71802375  0.07622361  0.7407294  -0.41127266  0.26924424
  0.33179984  0.48231234  0.82353669  0.40657755  0.51624978  0.48149028
  0.33552753  0.28604228  0.22811295  0.79830147 -0.58574679  0.43226567
  0.67308716  0.21348235  0.61312552 -0.17254288 -0.26450561  0.50673331
  0.64793225  0.13874658  0.03414548  0.41938793 -0.25628552  0.28859726
 -0.11058346  0.12011912  0.10140207  0.16388751  0.62256518  0.53922576
  0.471616    0.14646314 -0.22979957  0.19449268]","[ 0.58837867 -0.36297063 -0.2418651   0.43011748  0.62224794 -0.02628065
  0.32678406  0.6678876  -0.16789948  0.56310039  0.63986384 -0.37063951
  0.11366891  0.55469392  0.04433139  0.18502149  0.30964898  0.18977699
 -0.14200656  0.35808243  0.28694279  0.51447091 -0.42313303  0.13969385
  0.28009563  0.4903716   0.34555177  0.47777903  0.42570539  0.30362115
 -0.13546687 -0.09314204  0.39453142 -0.03490632  0.14039886  0.36862512
  0.4236846   0.45738001 -0.3820046  -0.06955932  0.32035075  0.57602227
  0.11031668  0.3118834  -0.17185581 -0.27095375  0.26414062  0.55684512
  0.40607796  0.35569348 -0.41576202  0.47397159  0.08195807  0.38697003
  0.40481858  0.63148029 -0.12584565 -0.03147674  0.30190709  0.28865996
 -0.22856338  0.18612829  0.45558875 -0.13874533  0.51423023  0.37804613
  0.36811052  0.30717881  0.43069641  0.02278792  0.78861302  0.5662645
  0.83794942 -0.10740031  0.50769848  0.00912735  0.13527975  0.53066324
 -0.26858607  0.34579229  0.17244852 -0.10235515  0.20440483  0.42855519
  0.20137735  0.29329642  0.14705605 -0.48881587  0.4731257  -0.44054526
 -0.15083847  0.70937664 -0.33812694  0.10428862]","[ 0.60516039  0.39993568  0.5275064   0.23706092 -0.37943281  0.46768863
  0.78114387  0.65984034  0.49763516  0.38467165  0.34582831  0.61037882
  0.63504358  0.50966402  0.71319304  0.62213301  0.55587884  0.68649221
  0.26263061  0.60745961  0.44752148  0.42094044  0.02552921 -0.37158001
  0.66246167  0.3529067   0.46749617  0.47084441  0.36295858  0.15350166
  0.68577192  0.30136496  0.0478072   0.58841052  0.55329437  0.71682209
 -0.04216912  0.84468448  0.75753385  0.60969634  0.80724623  0.47226506
  0.26691917  0.52844908  0.77876959  0.3164388   0.44049726  0.59369803
  0.39129145  0.71887887  0.39074124  0.50072682  0.02971221  0.27813691
  0.54437574  0.45178191 -0.215861    0.85333949  0.24687526  0.78185687
  0.30664477  0.57729475  0.50584443  0.74039936  0.5657138   0.34339648
  0.71423079  0.74355209  0.71054323  0.57905711  0.70637805 -0.37763812
  0.83437255  0.30986381  0.66773977 -0.06233312 -0.08094635  0.84985705
  0.43348603  0.28671485 -0.52081155  0.72058449  0.71081029  0.40308853
  0.50296221 -0.36570422  0.71063925 -0.33546417  0.65452325  0.67116302
  0.66440667  0.36137083  0.2012592   0.66015714]","[ 0.7818337  -0.16888342  0.44918853  0.59068377  0.17238837  0.32336121
  0.15343896  0.69325069  0.49611924  0.53013729  0.4092753   0.44746945
  0.57151199 -0.07741675  0.18832974  0.20828861  0.13636949  0.63053139
  0.7022521   0.43042722  0.25599232 -0.36209661  0.45417962  0.53127243
  0.43759442  0.43299767  0.70426409 -0.03387256  0.71539637  0.28931987
  0.62396032  0.12418229  0.52800606  0.54861162  0.30465978  0.55234529
 -0.07152692  0.60182188  0.53116401  0.63260311  0.38094818  0.66065589
  0.22604364  0.263201    0.63366308  0.60873332  0.19715254  0.32354249
  0.43718154  0.82923498  0.4873627   0.56452234  0.73587562  0.46388962
  0.38864603 -0.23336821  0.26683824  0.50206495  0.45372463  0.6122819
  0.26878979  0.6955758   0.632868    0.42004224  0.36557124  0.38439908
  0.45500048  0.62346105  0.03123811  0.50471358  0.62257424  0.53985957
  0.62528871  0.56139784  0.73536942  0.32874767 -0.24724847  0.62248127
  0.25149611 -0.2180643   0.29620465  0.72035694 -0.05759079  0.10017754
  0.60377022 -0.54202996  0.24948561  0.58954314  0.55337913  0.12692343
  0.72092739  0.49480209 -0.29781831  0.5318032 ]","[ 0.88447547  0.38257089  0.70482368  0.51609662  0.42582191  0.10012427
  0.74419033  0.60028336  0.71679907  0.64104368  0.60293235  0.41521414
  0.71216054  0.42123409  0.8000454   0.6230447   0.82020736  0.66464062
  0.7279035   0.65332571  0.37093396  0.69100542  0.59324668  0.56330527
  0.5882867   0.54580873  0.87392729  0.64810052  0.44708158  0.55832377
  0.85187365  0.40794843  0.53887367  0.81721069  0.51902953  0.68215143
  0.79624464  0.87231264  0.86979108  0.81070059  0.52542864  0.86819512
  0.816631    0.6448058   0.86869959  0.57236245 -0.02528327  0.6116095
  0.71030723  0.62896807  0.55819626  0.76849012  0.74027871  0.66027757
  0.760618    0.73579875  0.02904028  0.67265542  0.31795409  0.77365806
  0.60204257  0.80464691  0.64152954  0.87740083  0.77328632  0.78500555
  0.73883478  0.88267393  0.02211753  0.17155913  0.87087859  0.60797077
  0.81116213  0.60159676  0.85607072  0.49099369  0.5674355   0.76902162
  0.71363637  0.63324077  0.23010981  0.77859268  0.72285899  0.63881744
  0.7997494   0.67541614  0.54465702  0.89239984  0.87651205  0.86891897
  0.69952406  0.60259883  0.46159895  0.8463115 ]","[ 0.74588468  0.35313038  0.37637406  0.69989847  0.05183343  0.54612714
  0.60324875  0.6060842   0.71220524  0.6102691   0.73503453  0.37150727
  0.57098727  0.36609067  0.25689602  0.59254882  0.32022816  0.45555498
  0.60712113  0.66946387  0.50044163  0.51738946  0.41828116  0.44939173
  0.40230804  0.63436308  0.65559877  0.01796519  0.48914809  0.6501748
  0.80812107  0.30318106  0.19081615  0.53307798  0.66960422  0.78206646
  0.50443963  0.71756998  0.66073637  0.67724145  0.58051827  0.87866089
  0.44691484  0.60804218  0.88347603  0.31690514  0.82858303  0.41359133
  0.41697082  0.88209077  0.72117628  0.2762063   0.80396281 -0.01998728
  0.70983989  0.49543049  0.41330454  0.51036575  0.59424598  0.51795932
  0.47721145  0.78907339  0.50656413  0.55716194  0.6080672   0.68815719
  0.48464807  0.68058094  0.03682279  0.63755516  0.75510997  0.12945393
  0.7618396   0.41216964  0.50395102 -0.48280357  0.18916993  0.81964576
  0.52291871  0.43219994  0.04805807  0.76954262  0.04716075  0.62207892
  0.86374169  0.7352326   0.33989686  0.69632203  0.65155587  0.64790004
  0.82739465  0.6627562   0.10728813  0.75099647]","[ 0.89199598  0.50280071  0.66102492  0.63061807  0.64086321  0.5581812
  0.81672179  0.75160053  0.63276198  0.80067315  0.62867891  0.44881753
  0.76959613  0.55602087  0.79577992  0.74934795  0.87388727  0.82700959
  0.71291708  0.69356993  0.57910921  0.71934303  0.47706687  0.74923347
  0.71558343  0.64303521  0.88272399  0.64743292  0.6922277   0.74670105
  0.84374869  0.53941448  0.57003417  0.82490476  0.59202214  0.83682543
  0.49167215  0.87954673  0.87418466  0.74430416  0.69827766  0.86791439
  0.76636216  0.59171763  0.76961873  0.45755691  0.44649762  0.79386422
  0.74648874  0.58690386  0.66475215  0.76767988  0.55567037  0.78201019
  0.74832007  0.68827862  0.4479232   0.86192474  0.37732872  0.69480284
  0.66995071  0.88925757  0.54347499  0.92140243  0.84413452  0.63122994
  0.72737231  0.87728817  0.53751185  0.63565581  0.7701235   0.81280688
  0.72380937  0.69913273  0.80952955  0.56870183  0.50744837  0.85216835
  0.73775764  0.54841061 -0.04849227  0.85127962  0.74064333  0.76104831
  0.85793915  0.6083333   0.56261476  0.75721483  0.81462863  0.74196459
  0.50868723  0.7393798   0.61591223  0.43968291]","[-1.20266502e-01  5.98467164e-01 -3.44542976e-01  5.51714428e-01
  5.58949882e-01 -2.31478333e-01  5.87288696e-01  5.45828101e-01
  3.34972516e-01  4.77208357e-01 -1.82300010e-01  3.08620990e-01
  3.76777886e-01  6.35056856e-01  4.05230363e-01  4.97290587e-01
  3.89785225e-01  5.25487507e-01  4.87278138e-01  1.63379440e-01
  1.84235563e-01  4.08668176e-01  4.19817585e-01  2.32664569e-01
 -4.18539136e-01  7.04212618e-01  4.88646983e-01  7.24886920e-01
 -3.80928350e-01 -1.64256662e-01  6.77335027e-01  1.53589488e-01
  2.80411049e-01  5.04974928e-01  2.65851427e-01  7.39332702e-01
  1.75226873e-01  4.48086297e-01  4.00732607e-01  5.01077527e-01
  5.83830271e-01  3.66419114e-01  6.68860686e-01  5.67507663e-01
  4.46787246e-01  6.10785906e-01  6.09547420e-01  5.21164823e-01
 -5.50373728e-02  4.02136024e-01 -3.68757118e-01  1.74296132e-01
 -4.90248421e-02  5.77257215e-01  5.41523015e-01  5.28440070e-01
 -4.96491399e-01  2.82087142e-01  2.38919839e-01  1.11319383e-02
  3.15444239e-01  4.53535147e-01  3.44239814e-01  5.95508451e-01
 -1.34474025e-01  3.35446447e-01 -5.74256383e-01 -9.00940967e-02
 -6.05885320e-01  1.75123287e-01 -2.44049874e-01  5.09473093e-01
  5.76840788e-01  1.98485233e-01  1.43000277e-01  1.26737934e-01
  4.37025932e-01  6.08964693e-01  3.16636901e-04  6.35801785e-01
  2.41203970e-01  5.18826480e-01  4.73743024e-01  7.48116643e-01
  2.64250819e-01  4.39389106e-01  6.62327071e-01 -8.38377613e-02
  7.40119397e-01 -3.82339646e-01  6.85016057e-02  5.86122758e-01
 -3.88394273e-01  6.67437585e-01]","[ 0.71498696  0.49292343 -0.07814951 -0.40538471  0.15954997  0.12330092
  0.77624779  0.20362389  0.65019838  0.58477635 -0.0040545   0.40467739
  0.49596888 -0.15021066  0.58259485  0.64579553  0.59915815  0.42892863
 -0.07434213  0.29339559  0.27732344  0.6176117  -0.1031883   0.37207769
  0.06851729  0.61391509  0.64947695  0.40236387  0.23830657  0.16767946
  0.80733832  0.15791389  0.42967627  0.75450237  0.08309919  0.75543224
  0.67072704  0.66617301  0.79234152  0.36302486  0.44245885  0.43764299
  0.65668663  0.63734085  0.73407362 -0.28270715  0.24015521  0.46808296
  0.55182974  0.42740546 -0.07390765 -0.1002568   0.4974868   0.34936537
 -0.09414121  0.4149099  -0.56198765  0.34492078 -0.05111112  0.51498021
  0.50411092  0.75246941  0.51298217  0.63182062  0.48734526  0.71033696
  0.38350883  0.64786272 -0.1283691  -0.51800091  0.72197361  0.35342664
  0.8147261   0.4402965   0.34234252 -0.28691339  0.22399764  0.66468975
  0.25817983  0.21573968 -0.08449869  0.63410337  0.56172231  0.38223954
  0.55517029  0.43166727  0.52784692  0.6393075   0.78998675  0.78202254
  0.34881611  0.53109414  0.05936525  0.66067587]","[ 0.30448235  0.16750917  0.73661613  0.36362409  0.48045209  0.28139051
  0.59693818  0.72338017  0.249214    0.26567879  0.43394567  0.43394416
  0.65377648  0.29446674  0.72345169  0.30532002  0.59842179 -0.22324464
  0.57526184  0.74445116  0.62614755  0.43268837  0.49884881  0.47429575
  0.43001011  0.33400434  0.55361404 -0.18069588  0.44280323 -0.40590106
  0.73202636  0.69559525  0.35202515  0.71316149  0.58926502  0.26442928
  0.61485299 -0.45897022  0.69113349  0.87461894  0.30348339  0.78923887
  0.72453743  0.45985562  0.86711502  0.45264449 -0.53426356  0.60103381
  0.72011044  0.79796928  0.6294696   0.38896471  0.85697456  0.64720654
  0.55777479  0.76682786  0.35280784  0.77347412  0.67100035  0.74801695
  0.56670268  0.54226507  0.72285086  0.41137913  0.74859978  0.6585782
  0.76156583  0.6575621   0.51487817 -0.3037584   0.77230062 -0.36898913
  0.48207526  0.33877093  0.57912268 -0.1684391   0.59071971  0.90451386
  0.29294727  0.43245967  0.2251594   0.77757818  0.50975661  0.46367146
  0.66723035  0.64286585  0.31511817  0.77908872  0.69470493  0.64399678
  0.30737357  0.44758131  0.29245593  0.52382095]","[ 0.59751475  0.43559253  0.63588989  0.42738357  0.72601835  0.40953987
  0.30193912  0.39212195  0.23056453  0.38853233  0.44063052 -0.03372441
  0.48682796  0.32525855  0.36004567 -0.00546457  0.36344936  0.40586155
  0.4580759   0.21979978  0.20498659  0.42245011 -0.27812337 -0.38492305
  0.35321318 -0.36373123  0.0759977   0.09852634 -0.15513932  0.31841763
 -0.36305526  0.06692813  0.62795265  0.04516232  0.51880272 -0.10472327
  0.61050395  0.61947252  0.4799327  -0.13215474  0.20821387  0.37402136
  0.72375492 -0.15573587  0.66740144  0.29221943 -0.62629682  0.52211663
  0.39509159  0.33411062 -0.23953595  0.09899923 -0.11827947  0.36537653
 -0.0100002   0.75482688  0.27076031  0.50232466  0.58843917  0.36144856
  0.08635659  0.53533914  0.22799099 -0.36214282  0.72527628  0.33060479
  0.51790982  0.12787324  0.26235464  0.35946555  0.30140819  0.6615976
  0.03806899  0.27542342  0.61039885  0.1041569  -0.37610283 -0.35655886
  0.36766087  0.82669581  0.16400656  0.24713457  0.4506893   0.28425209
  0.53817278 -0.47273553 -0.02700317  0.42394428  0.56311179  0.23870539
 -0.26146927  0.10819529 -0.49591649 -0.00745041]","[ 0.22702142  0.55905523  0.76425757 -0.18569979  0.62795577 -0.49733831
  0.65759406  0.2995403   0.2939071   0.29299358  0.61975795 -0.02353813
  0.4983117   0.38386578  0.39461295  0.14331308  0.20165226  0.4097149
  0.35187961  0.3477956   0.32151709 -0.09065612 -0.05140945  0.21165895
  0.10815496  0.07553746  0.40328665 -0.0241526  -0.12724836  0.33383704
 -0.17866017  0.08623583  0.33424461  0.33158408  0.20474141  0.05189165
  0.13620131  0.63648058  0.12756752  0.6402385   0.2089517   0.06088676
  0.31979496 -0.07229933  0.32500867 -0.01781828  0.17572901  0.11433511
  0.21236853  0.10252426  0.39578928  0.58720686  0.18004906  0.04159963
 -0.08253838  0.46925937 -0.44347382  0.56578495 -0.09657909 -0.55213145
 -0.02723971  0.43758805  0.39489373  0.10113359 -0.06980113  0.45004282
  0.47073898 -0.06797455 -0.22229971  0.29358073  0.15317399  0.52850774
  0.17680202  0.26771274  0.42546109 -0.40085906  0.39492525 -0.27240963
  0.08258782  0.6990737  -0.06410654  0.64369359  0.16147264 -0.33072207
  0.15901927  0.57560545 -0.09734424  0.18382867  0.62382205  0.30021228
 -0.00079771  0.31105272  0.09201864  0.16677678]","[ 0.55793266  0.55827797  0.01886158  0.24272016  0.82950931 -0.39650999
  0.67939797  0.4469032   0.2067384   0.49751909  0.73587849 -0.15422161
  0.56338424  0.39008395  0.22926437  0.0604892   0.84979118 -0.15937949
 -0.31091329  0.39163653  0.41834162  0.51723032  0.01453853  0.11036654
  0.45935702  0.24835225 -0.03548571  0.35127805 -0.00489977 -0.03130736
 -0.17991377  0.08350106  0.61407671 -0.09077687  0.3734996   0.25984851
  0.68914962  0.51201391  0.47317709 -0.10794468  0.35649125  0.30633791
  0.61503396 -0.04680769  0.21221407  0.38174458  0.0187377   0.11507437
  0.60192408  0.61573435  0.23905451  0.63673404  0.24888264 -0.13008324
 -0.43002374  0.6105781  -0.14232547  0.54283005  0.09403446  0.30630582
  0.26282917  0.35469807  0.59918112  0.20814918  0.42946038  0.49508151
  0.64919244  0.4882302   0.38751104  0.05403102  0.64305449  0.63375494
  0.22143835  0.23281973  0.42893955 -0.04194642  0.39595745 -0.34814516
  0.35172686  0.8106766   0.39076371  0.33872852  0.19336994  0.45046193
  0.04657512  0.29552638 -0.32616217 -0.13091281 -0.38148717  0.63621255
  0.19674618  0.14562613  0.03276919  0.37239957]","[ 0.21618345  0.45607242 -0.2413331   0.05829381  0.26604386  0.40286379
  0.62305548  0.15683152  0.50694124 -0.40067996  0.60563271  0.24464907
  0.361526   -0.46902602  0.51657199 -0.26676915  0.04253823  0.1423911
  0.17043335  0.27603236  0.45799885  0.43638293 -0.29718898  0.06203337
 -0.28017587  0.40118097  0.6246112   0.30235457 -0.0254183   0.14272022
  0.68349082  0.34781331  0.59066727  0.2202036  -0.05441453  0.47625619
 -0.09497232  0.25667242  0.57103236  0.54861511  0.53972819 -0.0193861
  0.05095644  0.42623632 -0.09324873  0.43597773 -0.10190536  0.65469054
  0.26970732  0.45754607  0.20777435  0.47798193  0.10253951  0.29974049
 -0.31201727  0.3824635   0.10048994  0.69438572  0.16627897  0.23764751
  0.32202393  0.4405136   0.67475523  0.49634599  0.47983932  0.4510961
  0.39620546  0.32589709  0.11994259 -0.26094279  0.10894967 -0.14890231
  0.80542292  0.33455494  0.340425   -0.02103834 -0.04271037  0.30884265
  0.32606547  0.08946601 -0.33914598  0.76607985 -0.05217936  0.00919395
  0.4471242   0.6298501  -0.31740156  0.5839082   0.07779884  0.74435078
  0.6275474   0.17160968  0.53514589  0.36242577]","[ 0.32586066  0.26939331  0.28837403  0.60159643  0.5877507   0.02672248
  0.54197547  0.31084981  0.33323543 -0.35624319  0.54797455  0.6236234
  0.60450182  0.2807142   0.52408411 -0.63906814  0.64861834  0.61617244
  0.31994681  0.3715055   0.57654036  0.16370129  0.31235152  0.33981037
  0.41043266  0.17143767  0.83229936  0.48316431  0.53317201  0.06383428
  0.70005081  0.65789582 -0.25831884  0.58536132  0.40539754  0.63530179
  0.56688059  0.58892938  0.41758009  0.78408228  0.5782837   0.50574534
  0.63798405  0.35230951  0.64922144  0.48426766 -0.35564295  0.00691339
  0.08342451  0.76437977  0.83621973  0.39842104  0.66076057 -0.04352794
  0.24223467  0.45822287  0.13231028  0.68049444  0.2345578   0.39663548
  0.31809309  0.60317541  0.75279799  0.65630919  0.59240256  0.27854662
  0.45144237  0.39709496  0.5680534   0.0458708   0.50351935  0.52821468
  0.17685057  0.47665317  0.46309418  0.23616246  0.50679196  0.77275574
  0.05941595  0.71040713  0.47222238  0.78082992  0.34829727  0.49885828
  0.65180607 -0.51555285  0.34086662  0.54518397  0.43780754  0.60565776
  0.13511559  0.3277527   0.13423523  0.39893561]","[ 0.45585521  0.10694717  0.08210371  0.03299045  0.26211394  0.54279712
  0.54967017  0.53500707  0.30162599 -0.32768057  0.34425442  0.59279575
  0.43581578 -0.1329578   0.59642635  0.08690879  0.49294299  0.63111797
  0.55614098  0.4015212   0.52562805  0.3759848   0.28395025  0.45723713
 -0.16762224  0.18472666  0.73393477  0.02697713  0.27819488  0.49763842
  0.67100793  0.52948664  0.21254332  0.38643295  0.37928482  0.64020958
  0.18874918  0.50775631  0.73974518  0.73788168  0.53589554 -0.3515245
  0.60497477  0.17556586  0.8382808  -0.08323448  0.1912802   0.3122475
 -0.08554382  0.81654495  0.47503297  0.10519892  0.79138965  0.06703221
  0.40335087  0.69192454 -0.47107618  0.72202984  0.1996387   0.59552125
  0.3009756   0.41020898  0.73625232  0.61466545  0.43469653  0.3572722
  0.66724955  0.18313642  0.28791624 -0.29570915 -0.01607381  0.63201863
 -0.27498058  0.43122713  0.16778154  0.22479834  0.03875381  0.77311493
 -0.21059425  0.18237717 -0.49830156  0.0463534   0.25490898  0.28015289
  0.61125407  0.46117781  0.24722109  0.32946202  0.67013309  0.66304798
  0.11029068 -0.03416405  0.45242635  0.35077017]","[ 0.6240669   0.13776867  0.24930303  0.52627271  0.06916533  0.08039361
  0.42761764  0.56516845  0.50189148  0.63233714  0.1240012   0.58161474
  0.24428514 -0.47219039  0.66113977  0.33400587  0.63203996  0.13587003
 -0.48500093  0.3370387   0.09076457  0.37890457  0.20550499 -0.02474294
  0.55614705  0.3590793   0.76328818  0.37561317  0.57873586  0.08814699
  0.41998267  0.59059453  0.38897443  0.38048134  0.34500228  0.4544793
  0.53414585 -0.25951054  0.62615766  0.40085138  0.48842531 -0.33252747
 -0.21604243  0.57120895  0.62886254 -0.42919721  0.70328368  0.63927336
  0.42929022  0.58603259  0.00382405  0.30716663  0.40890925  0.10307856
 -0.24619736  0.23481405 -0.3180978   0.49727548  0.60018314  0.47244486
  0.60576589  0.58307846  0.42050249  0.71646945  0.00357076  0.35406976
  0.54228153  0.61067541  0.6321374   0.29333624  0.17681529  0.18239145
  0.80422944  0.16414032  0.64143911  0.2806021  -0.24562763  0.65938555
  0.20986605  0.19740935 -0.39698733  0.50778378  0.66763949  0.54029923
  0.35587559 -0.37898759  0.65537518 -0.2471968   0.59864638  0.3713413
  0.63154665  0.29994804 -0.09026868  0.73116668]","[ 1.76418450e-01  3.97878677e-01  6.65286785e-01  1.32639658e-01
 -1.67139507e-01  3.59193177e-01  5.52329916e-01  7.03062887e-01
  3.80642620e-01  2.66905897e-01 -3.43869136e-01  1.06747545e-01
  6.11112950e-01  3.05402050e-01  7.74190312e-01  5.31483468e-01
  6.13798915e-01  7.33351710e-01 -1.37672024e-03  6.03998552e-01
  3.67478254e-01  4.04481065e-01  4.45607037e-02  3.92614491e-04
  1.10517356e-01  5.27392379e-01  8.30424900e-01  5.80041547e-01
  1.47313854e-01 -1.07274757e-01  6.37499554e-01  4.64935336e-01
  6.93327738e-02  6.39799728e-01  7.24541750e-01  5.98279426e-01
  3.61850955e-01  7.66570903e-01  8.12817129e-01  4.08927360e-01
  7.40874994e-01  1.02197290e-02  6.51665675e-01  4.45279100e-01
  8.31457932e-01  3.10241447e-01 -4.29139187e-02  7.01690666e-01
  1.14209674e-01  7.60461909e-01  4.17109868e-01  5.76290862e-01
  1.67858773e-02  5.67948221e-01  4.80874902e-01  5.84888920e-01
 -1.09194836e-01  8.94383224e-01  3.91228099e-01  7.48059012e-01
  3.02071878e-01  7.22364743e-01  7.32736642e-01  7.93033213e-01
  5.71375045e-01  3.39224805e-01  6.81510059e-01  7.25192909e-01
  7.00604126e-01  4.10750514e-01  5.95793552e-01  6.67130924e-01
  8.21521206e-01  3.42423043e-01  4.53556661e-01  5.53344393e-01
  3.31433704e-01  8.52814727e-01  2.55821896e-01  2.82393131e-01
 -3.61224392e-01  6.76020323e-01  4.55859547e-01  3.39831991e-01
  6.21342061e-01  2.34532616e-01  6.88606890e-01 -7.42056246e-03
  7.74094744e-01  5.79027097e-01  5.99821774e-01  8.03927798e-02
  1.50600786e-01  6.79123011e-01]","[ 0.28492082 -0.03483045  0.14508239  0.60068425  0.4601257   0.67247431
  0.57799972  0.74029088  0.5214415   0.34449551 -0.09251846  0.19718506
  0.52856117  0.29417805  0.07285098  0.44564915  0.64131824  0.48925634
 -0.38860214  0.62395278  0.56590772  0.51613983 -0.2976148  -0.0073163
  0.64971832  0.47736476 -0.19310221  0.79061186  0.32056576  0.5292828
  0.68773496  0.09337951  0.51661159  0.74113594  0.72716902  0.58840813
  0.68024694  0.41117228  0.84267821  0.65663734  0.64634948  0.4665319
  0.87754196  0.55641346  0.48526565 -0.40854176  0.8567554   0.67776122
  0.09328244  0.34933565  0.30608765  0.64905983  0.51962847  0.60528956
  0.47987144  0.67283825 -0.2080229   0.59828583  0.30196567 -0.37940311
 -0.26083992  0.64996111  0.57095791  0.19313623  0.62767548  0.27779563
  0.31832922  0.52732097 -0.45861038  0.08605172  0.1668393   0.23525837
  0.57917978  0.0706736   0.50027662  0.44229879  0.37435899  0.85101274
  0.54949551  0.46382574  0.52635528  0.55201134  0.69531324  0.68759002
  0.49805932  0.65466284  0.67928191  0.25638325  0.65029625  0.48882517
  0.43743817  0.68378372  0.50682489  0.6367961 ]","[ 0.73802284  0.21896003  0.29741879  0.60900054  0.47212934  0.56575668
  0.76969602  0.69037677  0.59106332  0.56711308  0.60936273  0.43788333
  0.60864821 -0.12290338  0.81585258  0.46705766  0.5866653  -0.41730705
 -0.0645097   0.37856112  0.48173556  0.71989982  0.21822801  0.33386564
  0.28721166  0.39671399  0.83878637  0.63240242 -0.42430003  0.73743803
  0.78234409  0.62600067  0.50800677  0.87681776  0.1600985   0.84455839
  0.7491603   0.81216782  0.81887094  0.84669711  0.57270851  0.21604596
  0.67046746  0.71925924  0.72662281 -0.02829552  0.52465852  0.71490286
  0.34502776  0.77407311  0.72715331  0.81770654  0.41899666  0.56489497
 -0.37765133  0.71411508  0.12998441  0.7753892   0.81196903  0.36214779
  0.60232887  0.63626854  0.72316858  0.62316057  0.64251274  0.51409763
  0.41275293  0.61521101  0.53642262  0.666815    0.80966282  0.39865856
  0.82924562  0.60387207  0.6181674   0.47135662  0.47559914  0.67945668
  0.10630588  0.43738294  0.4347532   0.79046322  0.71019155  0.62500131
  0.6940946   0.05655023  0.69038244  0.72383988  0.77753573  0.78976536
  0.06270161  0.16214742  0.22727     0.7796232 ]","[ 0.642489    0.56588949  0.18800514  0.73194427  0.65721714  0.65048088
  0.784119    0.60244306  0.34132477  0.60185524  0.68209732  0.60582502
  0.18250468  0.29271419  0.75326415  0.34652752  0.58865031 -0.12158899
 -0.16144195  0.1599821   0.50481425  0.47584851  0.1706136   0.25094779
  0.47409582  0.54301044  0.82658797  0.78185333  0.12827658  0.21505311
  0.68404229  0.70808021  0.46771338  0.64143043  0.50164021 -0.09915695
  0.31641941  0.53662576  0.7134062   0.71284838  0.57246607  0.13420661
  0.63909794  0.49316378  0.17423656  0.46625252  0.61342219  0.66799698
  0.38364878  0.36461668 -0.21799215  0.6637239   0.48965609  0.64731527
  0.07457661  0.50320866  0.35379008  0.45972257  0.36161725  0.18952791
  0.03426435  0.28858166  0.7581707   0.4795203   0.62068646  0.57507959
  0.6165072   0.68233589  0.54028979  0.49820666  0.30246204  0.35651124
  0.79458792  0.46699698  0.73114385 -0.23265068  0.01314779  0.56954843
  0.47669016  0.12904941  0.42102607  0.50677378  0.46739978  0.57796639
  0.61417475  0.8151531   0.61882946  0.51526131  0.65129368  0.75303328
  0.70727344  0.3413796   0.3206039   0.73516251]","[ 0.56606179 -0.13385236  0.19838272  0.41444849  0.13337656  0.36844292
  0.72225905  0.6587738   0.55674056  0.59155924  0.19299269  0.43646483
  0.55726822  0.07004253  0.64671499  0.4007137   0.49332033  0.36319053
  0.35102393 -0.30910766 -0.0339364   0.11083305  0.46290006  0.14942826
  0.19592215  0.28054422  0.48585849  0.67435857  0.44871327  0.0620146
  0.5896886   0.54741847  0.19261726  0.79802135  0.00183905  0.62113126
  0.64499507  0.58430865  0.62103788 -0.37651661  0.37016102  0.4024319
  0.66182755  0.47190608  0.53904346 -0.00507956 -0.14175548  0.62823146
  0.09819546  0.64426241  0.25953578  0.68704327  0.32296223  0.57259998
 -0.34307267  0.58004996 -0.10437555  0.69582057  0.29099501  0.46856646
  0.28684767  0.07435942  0.7518532   0.47953051  0.5832464   0.43102439
  0.4834535   0.60285959  0.46364939  0.15774649  0.58410369  0.35260354
  0.43750637  0.4947567   0.53455995  0.05197781 -0.54745045  0.66198562
  0.34085696  0.12917293  0.69498578  0.71175383  0.50482866  0.73837922
  0.20910749  0.75398536  0.4340186   0.57335691  0.43119495  0.26507735
  0.28824588  0.69175912  0.21752748  0.07719072]","[ 0.76382952  0.3527234   0.54443327  0.66436451  0.5458851   0.42089512
  0.68356647  0.65858266  0.59947592  0.60456566  0.33394771  0.53742489
  0.6782344  -0.61604279  0.78039853  0.55063554  0.64246235 -0.11430325
  0.24356776  0.45459323  0.6068175   0.61571027  0.27368598  0.48928183
  0.43276277  0.51820052  0.83778452  0.76476176  0.40737812  0.50104249
  0.82031473  0.39982219  0.60753855  0.8276116   0.37945747  0.64471784
  0.61567248  0.69263137  0.85014662  0.79855385  0.53284248  0.6189289
  0.68277809  0.64733575  0.80057922  0.50859343  0.70268318  0.75510271
  0.29152042  0.50367622  0.12972077  0.85659878  0.58640597  0.12718362
  0.39512967  0.61225963  0.18821981  0.64373259  0.71538296  0.54781004
  0.17139695  0.59434394  0.79819127  0.80372643  0.82293531  0.72102096
  0.5837423   0.86179816  0.63794579  0.6255244   0.79595667  0.62468867
  0.8521618   0.72002376  0.60711365  0.43782581  0.13875549  0.71938267
  0.30093252  0.29704406  0.58618893  0.73147312  0.6428196   0.70076776
  0.70996694  0.546492    0.51515049  0.70622147  0.76372872  0.68168614
  0.75218214  0.41663691  0.39337751  0.54527465]","[ 5.77187343e-01  3.51603204e-01  2.27368294e-01  4.00587640e-01
  3.15741427e-01  4.59269352e-01  7.90108160e-01  1.64265818e-01
 -1.92345329e-01  6.03619494e-01  7.43695864e-01  2.92819163e-01
  5.72205177e-01  5.43196574e-01  1.66831555e-01  2.55196270e-01
  6.16682733e-01 -9.41110060e-02  4.51714425e-01  3.92764443e-01
  5.09350650e-01  3.07440002e-01  3.36156910e-01  3.31066555e-01
  5.27176935e-01  5.29775258e-01  2.43788263e-01  4.49148526e-01
  2.42076201e-01  1.21621463e-01  5.03369217e-01  3.51486982e-01
  7.18859954e-01  5.45499814e-01  2.00397668e-01 -5.12911658e-01
  5.29845372e-01  1.71363769e-01  5.22397701e-01  4.18505215e-01
  4.92520732e-01 -1.76600287e-01  4.99834902e-01  3.45301751e-01
 -8.88466083e-03  4.41187438e-03  1.40286405e-01  6.08218766e-01
 -5.37966447e-01  1.61546632e-01 -3.13789164e-01  4.60311402e-01
  3.64087622e-01  3.69890329e-01 -2.61746240e-01  5.86125730e-02
  1.09435060e-04  3.02136665e-01  4.15033766e-01  3.86226190e-01
  1.70198068e-01  5.15104431e-01  6.66763794e-01  6.65729264e-01
  3.17583221e-01  6.23703737e-01  6.99283930e-01  5.32797627e-01
  5.00326223e-02  3.38555317e-01  2.39851514e-01 -1.79615659e-01
  6.48744669e-01  1.84684025e-01  1.06714377e-01  3.15457253e-01
  3.08454489e-01  5.02660777e-01  4.46836037e-01 -2.63620482e-02
  9.97163239e-02  3.53413265e-01  3.83522416e-01  1.31297195e-02
  1.94449290e-01  8.15675244e-01  4.95957362e-01  5.46627359e-01
  4.61471308e-01  1.63291167e-01 -3.82721644e-01  6.90631792e-01
 -3.39413040e-01  4.97179021e-01]","[0.90254336 0.69413988 0.83747768 0.74669376 0.78984895 0.65674379
 0.89691004 0.81061035 0.7751685  0.84673734 0.74057356 0.69668638
 0.8940248  0.60127439 0.75495162 0.75604948 0.94428311 0.81898438
 0.68413981 0.62495809 0.81529618 0.859878   0.5981546  0.64902704
 0.81156456 0.75695917 0.92106506 0.87799998 0.7829596  0.80234239
 0.85255309 0.59161997 0.6993969  0.90834984 0.74187032 0.86206595
 0.79519208 0.87514393 0.93107736 0.8537689  0.77787729 0.89477659
 0.84291283 0.82601046 0.83665969 0.58197942 0.48575809 0.85409087
 0.7415755  0.6031244  0.71278349 0.89787745 0.63857417 0.90257096
 0.8764429  0.81850424 0.67423777 0.88086829 0.79950773 0.80596977
 0.38140724 0.88838389 0.8543546  0.9212088  0.9280478  0.69978054
 0.8726051  0.89781657 0.90968585 0.84794251 0.83425396 0.83901663
 0.82764424 0.77480973 0.90441015 0.78448675 0.53826446 0.87761005
 0.723224   0.77077197 0.02707907 0.89158506 0.80362199 0.5898837
 0.83177084 0.73003605 0.83472091 0.73441268 0.87500565 0.90260496
 0.94416723 0.75297788 0.55276731 0.87853887]","[ 0.67616365  0.01083248  0.17770501  0.10417121 -0.08363874  0.13064332
  0.79598994  0.71229489  0.5010826   0.62851375  0.20904305  0.47543561
  0.60670947 -0.45572151  0.22031437  0.49237997  0.72253651  0.29282179
 -0.54800669 -0.12340946  0.37677599  0.47201048  0.10429567  0.28540272
  0.65305526  0.53421835  0.59739901  0.52969002  0.47397727  0.38235199
  0.60114161  0.35800162  0.60956303  0.85446031  0.22562338  0.34755678
  0.35506785  0.37469189  0.76726055  0.45958794  0.61847647  0.24298481
  0.57960634  0.24921433  0.48476338 -0.21090477  0.6394731   0.67951141
  0.12061137  0.27384568  0.09435769  0.46685289  0.28744373 -0.36027738
  0.27919496  0.51116951 -0.47392489  0.07271378  0.43111735  0.53168157
  0.19169648  0.59333455  0.61293652  0.43064742  0.13178628  0.50659935
  0.56833439  0.55193257  0.71198408  0.35233168  0.67737338  0.42313133
  0.59634396  0.31147869  0.21239526 -0.14670233 -0.03401856  0.74980234
  0.01891018 -0.05892441  0.23108041  0.72882772  0.20509742 -0.04502459
  0.39212646  0.13438039  0.67473225  0.10030053  0.70606998  0.66029054
  0.26949217  0.35341361  0.10721071  0.58288632]","[ 0.65093559  0.23909392  0.17168423  0.13673184  0.04880064 -0.25719623
  0.64059734  0.26238302  0.41746131  0.4725975   0.45045949 -0.10214097
  0.53842875 -0.39901068 -0.21362035  0.50243889  0.37884685  0.45819491
 -0.19257415  0.37029272  0.36305014  0.54399821  0.23636367 -0.24932074
  0.20613045  0.4960363   0.68034156  0.49475633  0.26583184 -0.17393146
  0.26987587  0.48835118 -0.33184504 -0.11195028  0.12669256  0.5208304
  0.4599794   0.5505124   0.37168394  0.46931271 -0.01859566  0.25562987
  0.16151125 -0.31153832 -0.05978168  0.15338772  0.2658437   0.12473137
  0.17593408  0.05004042  0.26373455 -0.30327201  0.3446142  -0.3055127
 -0.041351    0.32338481  0.36592684  0.45330097  0.14466143 -0.20831428
 -0.45431298  0.35959417  0.75192383  0.47544477 -0.14748792  0.37807382
  0.22159225 -0.07490442  0.30255989 -0.03829146  0.502202    0.53694904
  0.2152631   0.62330171  0.4548605   0.07328962  0.06446634  0.67130527
  0.33551529  0.25453205  0.13673156  0.83988115 -0.2222505   0.2321573
 -0.44589027 -0.29665066 -0.05726349 -0.27848233 -0.47375008  0.81978493
  0.53587766 -0.26755147  0.50048601  0.4199181 ]","[ 0.88008527  0.6446564   0.54364294  0.72793513  0.07793023  0.37624962
  0.33206979  0.6661488   0.77649794  0.63193223  0.85617645  0.66086502
  0.70922719  0.41213423  0.67844514  0.49327944  0.63322607  0.71540493
  0.74274671  0.54613378  0.43653904  0.65415385  0.49244999  0.72347487
  0.24146061  0.61678361  0.81989186  0.51504592  0.58604014  0.70568699
  0.48002705 -0.10177429  0.61780943  0.61240298  0.54258682  0.59271339
 -0.03966484  0.45110805  0.59257565  0.68115928  0.41701183  0.57890472
  0.22341997  0.52717429  0.71484795  0.44783584  0.18810888  0.65904772
  0.64980305  0.87165437  0.46158454  0.50007363  0.67411797  0.36857707
  0.56880182  0.38755121  0.40744728  0.66902906  0.41895203  0.60659038
  0.3889615   0.60950535  0.61031814  0.53137005  0.59831767  0.63797527
  0.3725355   0.52846251  0.41290848  0.56732566  0.60380264  0.51258634
  0.78117862  0.50712788  0.45463251  0.54587045  0.46837029  0.6191817
  0.31028972  0.77354005  0.16675689  0.76642163  0.18529285  0.24958763
  0.55528014  0.77462267  0.34797808  0.58624643  0.67407208  0.61641718
  0.7216191   0.27547498 -0.12424628  0.45647324]","[ 0.45377951  0.20679649  0.38091818  0.56214385  0.07512567  0.31393649
  0.51232028  0.70162407  0.75188449  0.15452946  0.44813002  0.48378052
  0.25303022 -0.27950797  0.24746628  0.50544373  0.65323455  0.02446612
  0.30925838  0.41829685  0.44189868  0.23494945  0.5750165   0.73845091
  0.03039105  0.5522317   0.78565302  0.39098737  0.40951808  0.35849522
  0.49255009  0.20243363  0.3353849   0.58001517  0.5330578   0.70018697
  0.41962685  0.4593102   0.67215216  0.48400094  0.56763866  0.33352137
  0.34119168  0.24975573 -0.36149841  0.39543106  0.39486666  0.22418709
  0.35063949  0.54258336  0.19398541  0.53139819  0.59301867  0.17850011
  0.10712471  0.54910838  0.23201036  0.85047564  0.04381662  0.27667892
  0.03891745  0.60785577  0.68898122  0.49345031  0.53998853  0.70584765
  0.12490295  0.38784487  0.54186909  0.6122897   0.6152582   0.51384985
  0.28396976  0.59603085  0.54400382  0.12808946  0.56816959  0.61967689
  0.38603143  0.61088944  0.30386902  0.80392675  0.29620632  0.60148789
  0.4226824   0.69792674  0.11791571  0.23365038  0.56393246  0.46752575
  0.27554563 -0.26058759  0.20667456  0.3728401 ]","[0.92498107 0.86180506 0.66831159 0.70279758 0.29213231 0.61379123
 0.62844647 0.68794633 0.73739489 0.69444134 0.88442753 0.7634421
 0.66613139 0.44258686 0.70756737 0.5788292  0.01026639 0.69628018
 0.87112051 0.73861889 0.53644698 0.76622141 0.41963183 0.76387222
 0.27920133 0.6343995  0.86962927 0.36930823 0.6927528  0.66022575
 0.62063323 0.56136118 0.66270429 0.61857147 0.65245768 0.66940996
 0.51535161 0.64662425 0.8126366  0.63639055 0.19694662 0.63602985
 0.40227388 0.68844166 0.69934262 0.59459964 0.60150267 0.65047427
 0.51330126 0.91596333 0.64354317 0.63738207 0.77593001 0.61969296
 0.67980567 0.21130421 0.49543654 0.56867238 0.54748296 0.52503396
 0.42150525 0.65433001 0.57270511 0.83665248 0.6508959  0.78471149
 0.65227874 0.50891676 0.37468994 0.60982038 0.62233157 0.44111645
 0.81423024 0.48822843 0.50066278 0.43498511 0.3260909  0.5070184
 0.3733713  0.7517261  0.23637106 0.7697506  0.24797079 0.34832123
 0.65196545 0.83650696 0.2165799  0.64357625 0.70645227 0.64591675
 0.84628428 0.41376832 0.35612193 0.7238509 ]","[ 0.77194328  0.81008532  0.43014174  0.54406662  0.19307695  0.62624276
  0.53108137  0.53621384  0.68000353  0.47156413  0.88425398  0.68563019
  0.7886054   0.41661294  0.3891278   0.41658746  0.60740064  0.55750356
  0.38643107  0.34841824  0.33656437  0.82993877  0.34803661  0.71521816
  0.40566746  0.54361148  0.70135305  0.50102674  0.57043798  0.41509785
  0.58616673  0.36358932  0.21937906  0.68084276  0.64704492  0.60528372
  0.61457691  0.68438945  0.74045034  0.5943203   0.34995548  0.46685055
  0.41804354  0.41657052  0.71376995  0.33948544  0.35604036  0.55876994
  0.54859527  0.59687444  0.71372095  0.44049474  0.36785665  0.4960838
  0.74091321  0.55829855  0.53368362 -0.35802184  0.32544269  0.44234447
  0.30429091  0.69314947  0.6767      0.78498049  0.59734972  0.69597039
  0.32749154  0.60602878 -0.22342583  0.82413357  0.62094246  0.39089781
  0.74794903  0.44395742  0.40806791  0.04620051  0.45417273  0.51958496
  0.54940055  0.74769315  0.28679191  0.73826384  0.20895362  0.63876471
  0.67521868  0.77932826  0.41282694  0.78064388  0.58846132  0.67634628
  0.7833991   0.36919795  0.12070995  0.5187209 ]","[ 0.72489635  0.43425462  0.69826277  0.52607779  0.33091433  0.39015465
  0.40373645  0.85516907  0.79916983  0.11006312  0.53159018  0.63097573
  0.67363201 -0.33143906  0.47847649  0.59194547  0.66597903  0.10341921
  0.46595507  0.56323506  0.30571499  0.70723011  0.67319693  0.80913766
  0.57214588  0.50905497  0.89626089  0.54166929  0.39024896  0.55716477
  0.5187649   0.57079242  0.15966496  0.75070793  0.6530781   0.76126592
  0.59760625  0.7149875   0.82776186  0.65549342  0.62837439  0.38418456
  0.42625983  0.43684062  0.32907151  0.43452319  0.53425459  0.23702415
 -0.01597904  0.68254327  0.69073215  0.79455198  0.46243926 -0.21626279
  0.51865275  0.52219883  0.61263924  0.91153928  0.70208914  0.72974666
  0.42455598  0.81664389  0.79061745  0.79704442  0.66363991  0.77066519
  0.35249407  0.54994613  0.55362637  0.82730242  0.62538133  0.77447766
  0.70096887  0.65476152  0.63472042  0.51142061  0.6632311   0.80894591
  0.6464722   0.53281206 -0.1640189   0.86215836  0.51647522  0.56236415
  0.57152536  0.75848346  0.36077017  0.59802209  0.82614488  0.6308696
  0.40576152 -0.0805425   0.13860079  0.1234894 ]","[ 0.16034764  0.17585419  0.29495226  0.43394725  0.29822206  0.58132083
  0.31423279  0.67018242  0.19306183  0.41245378  0.73560844  0.31188479
  0.38678261  0.25567139  0.6057605   0.31140474  0.29520048 -0.01085795
  0.27881426  0.43839522  0.36714706  0.58028716  0.4054145  -0.34628309
  0.5020747  -0.02886776  0.75253219  0.07099518  0.79777709  0.64656066
  0.03410292  0.2236788   0.68339933  0.63110865  0.48964943 -0.11812058
  0.49449626  0.30790068  0.0089238   0.36948506 -0.49171523  0.5433734
  0.23937732 -0.32712748  0.47091541  0.74700234 -0.03501817  0.35404316
  0.50971047  0.70220174  0.37254698  0.72642987  0.34908062  0.59882181
  0.50447831  0.08542739  0.39817359  0.70697408  0.55748212  0.57417863
  0.22650947  0.32895588  0.27198475  0.20397595  0.1412995   0.15562445
  0.02143467  0.39528512  0.3399963   0.87586871  0.48301197  0.33157361
  0.20562088  0.20284811  0.55026875  0.49633555  0.41209059  0.75573695
  0.71542884  0.49249214  0.682765    0.32196498  0.50224122  0.32996219
 -0.0319043  -0.23330124  0.60534895  0.38432656  0.12561202  0.61934105
  0.61813651  0.63835344  0.39121592  0.69074345]","[ 8.69400449e-01  3.98234746e-01  5.98147635e-01  6.89641693e-01
  1.07951504e-01  5.17098958e-01  3.02252893e-01  5.93061491e-01
  7.88832691e-01  3.08609857e-01  7.98254866e-01  5.39749397e-01
  5.97568501e-01  4.30713276e-01  4.72344464e-01  5.39998197e-01
  6.28406204e-01  3.72237711e-01  5.31178303e-01  5.46485827e-01
  2.18686019e-01  5.11674725e-01  2.90780037e-01  5.83327532e-01
  2.75238371e-01  4.44008294e-01  8.08690863e-01  4.26571041e-01
  6.30096442e-01  5.24575638e-01  5.74699951e-01  3.25068115e-01
  2.02868254e-01  3.77898396e-01  7.55011541e-01  4.83164029e-01
  3.85938612e-01  5.02402337e-01  7.14330728e-01  6.34405482e-01
  1.20039307e-01  6.82029032e-01  2.26846458e-01  5.99114919e-01
  5.97922356e-01  3.78325567e-01  6.51910607e-01  5.24645019e-01
  1.96057468e-01  8.52514836e-01  4.98454491e-01  4.72581520e-01
  3.54129309e-01 -5.20394479e-04  4.81070589e-01  4.01986777e-01
  5.38851563e-01  5.34198981e-01  5.56809166e-01  3.97420084e-01
  2.34604971e-01  6.49788559e-01  7.25469665e-01  3.81330059e-01
  5.47510354e-01  7.39451564e-01  3.97409350e-01  7.29460519e-01
  3.84621388e-01  6.00995830e-01  5.82556262e-01  5.05797533e-01
  6.91932199e-01  5.31855115e-01  4.71652788e-01 -2.43495329e-01
  3.43262229e-01  6.00054566e-01  1.88783169e-01  5.53980890e-01
  1.44350202e-01  7.86433557e-01  1.43082022e-01  1.44935370e-01
  6.82817886e-01  7.42203260e-01  4.75271744e-02  7.22944933e-01
  5.91449654e-01  6.46333294e-01  6.16310753e-01  1.11581059e-01
 -3.52094340e-01  3.29383955e-01]","[ 0.78692922  0.38874465  0.53376878  0.44681422  0.2065238   0.46101674
  0.40641071  0.70958805  0.69122058  0.34846368  0.43394154  0.41088502
  0.66876181 -0.36392686  0.23511137  0.55500793  0.66272989 -0.00593863
  0.48648675  0.29421836  0.30955115  0.30641148  0.56428671  0.6157083
  0.23329698  0.53800185  0.87849207  0.30125134  0.46990865  0.22344043
  0.27280075  0.47520435  0.17375463  0.72198856  0.63125503  0.63307368
  0.45882687  0.56705857  0.82507309  0.47875773  0.0673439   0.54865514
  0.21772033  0.35734897  0.12270825  0.31828504  0.3735595   0.25059084
  0.42208333  0.49429952  0.40072439  0.76275493 -0.26216004  0.69708443
  0.41138744  0.45079077  0.5140168   0.84993002  0.43227533  0.32239484
  0.21369856  0.68517339  0.78922466  0.65559552  0.57653205  0.6979496
 -0.38044377  0.53502396  0.49459591  0.87028455  0.09688021  0.60365957
  0.56137587  0.45578991  0.41189121  0.21075648  0.59381529  0.60434103
  0.53810535  0.49000616 -0.1182835   0.76120626  0.19010201  0.52407409
  0.48098384  0.4742569   0.08575506  0.7093459   0.65753974  0.63861421
  0.122516    0.14231473 -0.22515437 -0.15488558]","[ 5.01353120e-01  3.18839031e-01  8.88141933e-02 -1.96384776e-02
 -2.53118903e-02 -1.77189307e-01 -2.78859330e-03  3.71504841e-01
 -2.47584002e-01  4.93230834e-01  3.76146123e-01  3.48319949e-01
 -1.00124263e-01  4.17031920e-01  3.34688294e-02 -1.31304190e-01
 -2.63068139e-01 -2.52182558e-01  7.40670149e-01  1.04638770e-01
 -7.62417014e-02 -4.00310702e-01  2.40080770e-01 -2.21594026e-01
 -1.66837566e-01 -3.71725765e-01  2.21232869e-01 -1.37314267e-01
  6.98864197e-01  1.88099155e-01  1.74836888e-01 -8.37799552e-03
  3.07102090e-01  1.94915845e-01 -1.93933523e-02  8.85740980e-02
  5.04132092e-01 -1.50334116e-01 -1.79960357e-01 -4.20408070e-01
  1.63111497e-01  2.40122709e-01 -5.58659934e-01  5.32189830e-01
 -3.41703339e-01 -1.32760329e-01  3.10844748e-01  3.93702615e-01
 -2.31870415e-01  2.73972442e-01 -4.27631989e-01  5.24240851e-01
  1.40903280e-02 -1.52597641e-01 -2.27288333e-04  2.03087936e-01
  2.47495087e-01  4.70836118e-01  1.34633573e-01  5.35584419e-01
  4.46812911e-01  3.11601162e-02  1.58483942e-01  3.81430913e-01
 -3.87542920e-01 -2.19704565e-01 -2.79225471e-02 -4.71873067e-01
  4.06748548e-01  3.32635536e-01  5.10030056e-01 -1.65960385e-01
  6.07448185e-01  1.99926061e-01  5.41155468e-01  2.96519343e-01
  2.19739764e-01  2.82545991e-01  2.88219411e-01  1.25034508e-01
 -1.94436382e-01 -7.92533884e-02  2.90449591e-01  3.26124753e-01
 -1.53083284e-01  4.09923254e-01 -1.26876718e-01 -1.52215520e-01
  2.98024850e-01 -5.17367792e-01  1.15200819e-01  1.06522830e-01
 -5.88507798e-01  4.92077991e-01]","[-0.30918473  0.39729643  0.49802255  0.70382128  0.85956833  0.73726156
  0.53956557  0.24105541 -0.25541632 -0.25297886 -0.1664133  -0.18181772
 -0.07532306  0.51911785  0.51813679 -0.10662699  0.75463279  0.75399757
  0.35296282  0.2789811   0.44282534 -0.47803166 -0.18654795 -0.48320132
  0.78924613  0.57494943  0.36806055  0.56386911  0.13135053  0.5941578
 -0.3644693   0.45793313  0.22540624  0.42885519  0.55647099  0.61824173
  0.40316287  0.46837311  0.59946513  0.39386991  0.50320911  0.27645401
  0.61092281 -0.13245415  0.77719693  0.08331315  0.56298431  0.25836202
  0.50538206  0.50247021  0.26351161  0.7719987   0.50333611 -0.07222762
  0.72685001  0.55058928  0.06292937  0.53881748  0.58462255  0.23691737
  0.02459959  0.70046748  0.22854005  0.79450091  0.69958871 -0.08055988
  0.6318796   0.44453193 -0.10422495  0.65720983  0.71649912  0.61229794
  0.5463711   0.6624231   0.62434138  0.46034399  0.51594947  0.03469001
  0.58155031  0.66288586  0.38132853 -0.47213186  0.23350884  0.69308729
  0.31751451  0.36566825  0.04530693  0.67027846  0.34575406  0.3990255
  0.06428356  0.77383493  0.15408975  0.53004213]","[ 0.47613584  0.19396095  0.30797702  0.65968289  0.72141948  0.512688
  0.4434283   0.42243393  0.41100034 -0.00295592  0.34395189  0.45758449
  0.10210579  0.36653675 -0.17543811 -0.49873808 -0.17862426  0.14309658
  0.53298731  0.25069942  0.46811959 -0.55178592  0.14122125 -0.52319343
  0.74516695  0.19765372 -0.14334348 -0.00685703  0.36200681  0.3943038
  0.40016721  0.55124608  0.52978688  0.34654826  0.12222116  0.46394843
 -0.23828167 -0.18981626  0.73704469  0.02061297  0.55666978 -0.12887741
 -0.50330913  0.40070517  0.40708326  0.30401501  0.57346515  0.44254439
  0.42060024  0.88160611  0.1329904   0.78868874  0.20252112  0.03013669
  0.66072675  0.39968226 -0.32503595  0.51708039  0.54732891  0.48138663
  0.53427336  0.69833535  0.53039006  0.64420419  0.56069003 -0.1663226
  0.42451111 -0.12230366 -0.14510499  0.66031722  0.50924096  0.10478861
  0.69962047  0.6289785   0.49839989  0.35625617  0.13668456  0.65825609
  0.5115699  -0.16872395  0.53995222  0.23974393  0.2485316   0.21955174
  0.73692406  0.49043389  0.25749983  0.91802911  0.54245925  0.59455069
  0.49477513  0.59293458  0.09721211  0.21459886]","[ 0.19524092  0.28269229  0.17252646  0.60306552  0.75725411  0.66514574
  0.4267172   0.71422288  0.50876789  0.27184391  0.46213643  0.13190237
 -0.09246896  0.62233702  0.47627269  0.37548992  0.74994751  0.56798136
  0.09687993  0.2365836   0.38456191  0.5494124  -0.04284592 -0.36126166
  0.46025394  0.59922161  0.50560235  0.75023605  0.39844292  0.21310791
  0.69624334  0.39723483  0.50927331  0.65062037  0.7017575  -0.09804646
  0.45758237  0.54354708  0.90696248  0.43987503  0.59037231  0.07415366
  0.71492555  0.37671768  0.05507463 -0.40710717  0.81264241  0.47222012
  0.07864794  0.29370332 -0.42111141  0.79298192  0.4994685   0.38175886
 -0.26207368  0.69186022 -0.46205793  0.59670955  0.3451142  -0.16971935
 -0.34738957  0.73816802  0.54166333  0.4978341   0.56810228 -0.07417824
  0.12435897  0.00922018  0.46299704  0.49926409  0.41002096  0.59083661
  0.62238303  0.41051587  0.4408094   0.52539734  0.52250598  0.82901726
  0.14124003  0.19029323  0.62418367  0.65992157  0.52054787  0.71247224
  0.38799261  0.2619853   0.70168212  0.1992278   0.62879924  0.46271217
  0.11558492  0.75684796  0.52562713  0.4940734 ]","[ 3.73253670e-01  5.61275485e-01  3.32148757e-01  6.34512472e-01
  6.51350694e-01  4.86848673e-01  3.55100730e-01  6.28078640e-01
  7.78603200e-03  3.08383470e-01  7.50606522e-01  1.86724833e-01
  2.30079782e-01  5.18486614e-01  4.85352456e-01 -1.90398776e-01
 -4.25108223e-01  4.19600457e-01  7.01791810e-01  2.33208895e-01
  4.63685056e-01 -5.89518890e-01  2.18133354e-01 -1.49893914e-01
  4.88144266e-01  4.04780036e-01  5.08815075e-01  3.72024933e-01
 -7.60579277e-02  4.06880328e-01 -1.25412238e-01  4.65803181e-01
  4.03087426e-01  3.38914913e-01  3.93041492e-01  8.13187333e-01
  1.68040281e-01  2.68791515e-01  5.96643906e-01  3.66653795e-01
  1.25384890e-01  2.73772428e-01 -6.52234895e-02  1.70644269e-01
 -4.63256602e-01  2.94867656e-01  6.23594484e-01  5.00103371e-02
  1.38155641e-02  8.53071837e-01  5.21385277e-01  7.94445576e-01
  5.62175896e-01  2.94783905e-01  3.26117928e-01  6.07568059e-01
 -3.31977689e-01  7.13648189e-01  5.39994788e-01  3.35760962e-02
  4.05081307e-01  5.89324172e-01  4.41466509e-01  5.26704470e-01
  1.89129822e-01  1.36065851e-01  6.06067743e-01  2.09211761e-01
  1.69363887e-01  5.09140083e-01  4.99010765e-01  2.55565739e-01
  2.66918365e-01  4.01384819e-01  6.01046445e-01  4.94612165e-01
  2.25686165e-01  5.75575431e-01 -1.50332869e-01 -4.79999109e-01
  4.96393711e-01 -3.72733072e-01  4.81754409e-01  1.07789595e-01
  7.25885593e-01  5.96884444e-03  2.58816713e-01  7.06413481e-01
  3.14684779e-01 -7.67980578e-05  4.62158175e-01  7.58045978e-01
  9.14213044e-02  3.94455948e-01]","[ 4.39773095e-01  3.31729688e-01 -2.35244931e-01  5.71396234e-01
  3.82611305e-01  4.74166126e-01 -1.13405178e-01  4.16485360e-01
  2.87397659e-02  3.25397412e-01  7.23855017e-01  5.60277982e-01
  6.17570817e-01  4.07940399e-01  2.79534340e-01  5.85009575e-02
 -8.50226060e-02  6.56558016e-01  4.77098811e-01  3.88602439e-01
  5.82780431e-01 -2.20724374e-01  2.72972724e-02  4.85913878e-01
  3.70232334e-01 -1.88126256e-01  7.30817582e-01 -1.18864944e-01
  2.46688586e-01  6.75374546e-01  2.30517621e-01  7.49847556e-01
  4.52818299e-01  7.45591235e-03  3.44070379e-01  3.48728777e-01
 -5.76853063e-01  2.87706547e-01  1.90596406e-01 -1.44477406e-01
  2.99798917e-01  1.58356230e-01  7.89613200e-02  2.07312292e-01
  7.63539980e-01  3.14190453e-01  3.13223987e-01  3.50464009e-01
 -5.35115381e-01  7.99658655e-01 -8.83777511e-02  5.09225735e-01
  8.08911009e-01  1.07208321e-01  2.35345179e-01  6.22160938e-01
 -2.53417290e-01  4.84960913e-01  5.67578323e-01  7.55177523e-02
  1.38721345e-01  2.76980507e-01  6.46351875e-01  7.66161419e-01
  1.77478508e-01  1.59756259e-01  4.33831707e-01 -2.35297505e-01
  3.07353211e-01  4.63398791e-01  5.65227012e-01  3.99626233e-01
  4.39465706e-01  2.23703314e-01  6.46386617e-02  4.00389500e-01
  4.89361027e-01  6.03879618e-01  8.61220787e-02  3.38353614e-01
  1.74218969e-01 -5.66949806e-01 -1.54651211e-01  3.41304391e-01
  4.91856645e-01  4.54730045e-01 -1.51217273e-04  7.46889599e-01
  4.92228129e-01  4.51337782e-01  4.35937862e-01  5.95558873e-01
  2.18285456e-01  1.21032513e-01]","[ 0.43171275  0.75862546 -0.14272224  0.67322339  0.35035398  0.54593264
  0.76893388  0.36747131  0.32078663  0.10677614  0.6312777   0.62313294
 -0.35695798  0.40482172  0.64751453  0.19976218  0.55321838  0.70108992
  0.3788817   0.06441708  0.44362283  0.0487778   0.44252756  0.23212309
  0.7141818   0.32248768  0.77818198  0.40500217  0.16179407  0.40994291
  0.55555462  0.44192969  0.68765431  0.29007559  0.67234632  0.25856663
  0.59685942 -0.16898255  0.85846017  0.02137757  0.73584855  0.30101593
  0.40508019  0.29500529  0.04845076  0.70027258  0.63063911  0.59555029
  0.12667059  0.6738738   0.37107763  0.61730213 -0.00867558  0.3861465
  0.60617906  0.71649092 -0.30492357  0.72196301  0.73257196  0.41926212
  0.46129013  0.62733377  0.55258189 -0.135469    0.44821655  0.47560846
  0.71050414 -0.35993645 -0.252327    0.51413027  0.45024384  0.24022193
  0.78028178  0.63439157  0.65394213  0.32843632  0.17949662  0.6749943
  0.63665154  0.13889985  0.7231533   0.40405972  0.75732468  0.72486863
 -0.06375241  0.34490121  0.22411524  0.775774    0.72525735  0.76080601
  0.71929008  0.79851675  0.02912299 -0.31530379]","[ 0.1661561   0.29590317  0.65653373  0.68788285  0.83226226  0.55571564
  0.57798619  0.4474321   0.189807   -0.05418501  0.46355381  0.47308282
  0.51955436  0.47803797  0.36501525  0.09622427  0.23889475  0.75266488
 -0.26169991  0.12943336  0.38345417  0.21024585  0.50693303 -0.05650958
  0.46353646  0.59711271  0.84093997  0.53442589  0.42333288  0.38969969
  0.13387809  0.82685332  0.62139641  0.51224168  0.41030101  0.57079821
  0.35288238  0.58416183  0.27063127  0.51654134  0.48526898  0.46523952
  0.26434357  0.05701949  0.48610951  0.57120996  0.6117414   0.25914388
  0.76919012  0.77794594  0.61802145  0.80518035  0.62845152  0.14112377
  0.40724139  0.31050137  0.2990122   0.75966884  0.58424791  0.53307477
 -0.34132898  0.7145717  -0.01830449  0.78396062  0.84245779  0.60208088
  0.65898314  0.81588348 -0.5418689   0.59439571  0.36639916  0.3278732
  0.84050004  0.72709027  0.72433086  0.2220579   0.53295121  0.58751168
  0.34674686  0.34634022  0.67553456 -0.20911346  0.55508495  0.5467033
  0.34428406  0.70694142  0.45009076  0.70973598  0.74281423  0.60152612
  0.69623476  0.77521178  0.42342735  0.76804379]","[ 0.46732976  0.3700789  -0.22925587  0.30663704  0.24441451 -0.09495745
 -0.2186632   0.63089799  0.37743344 -0.17000365 -0.00891572  0.22839499
 -0.14848671  0.04376916 -0.36987684  0.3988743   0.35284514  0.45874562
  0.06699902  0.05209232  0.31529058  0.17129274  0.24088601  0.03350645
  0.51475752  0.27037278  0.73004847 -0.09112258 -0.22004617  0.51259277
  0.43060547  0.56129155  0.38592036  0.38181013  0.37949089  0.68040095
 -0.01512943 -0.30714861  0.16841306  0.19583287  0.09197003  0.48855541
  0.38664475 -0.04221652 -0.48231094  0.59516399  0.1238073   0.26969477
  0.59720773  0.65320265  0.28947357  0.62574982  0.3619281   0.12695684
  0.13901547  0.48973815 -0.01733174 -0.03816936  0.3454825   0.44284923
  0.20057324 -0.45594908  0.4693419   0.60102239  0.40071763  0.49625684
  0.01163728  0.28494833 -0.5552713   0.7083324   0.4676641  -0.06842382
  0.34141633 -0.09736789  0.07924912 -0.1536747  -0.08948122  0.71225722
  0.41669184  0.42056439  0.26483436  0.64747015  0.16447105  0.56711515
  0.46266882  0.38841875  0.25071648  0.69060624  0.1605183   0.06316163
  0.10149455  0.69714273 -0.21863305  0.51467209]","[ 0.33354172 -0.43057763  0.58801607  0.67283684  0.6655966   0.59257035
  0.65079761  0.61557206  0.3502631   0.30250666  0.14608787  0.32411392
  0.1522839   0.0117975   0.19125286 -0.10553779  0.64757251  0.32033182
  0.27665063  0.59771253  0.36833311  0.46019559  0.40802873  0.10073924
  0.74346084 -0.10942093  0.36111559  0.26738228  0.06126954  0.30873625
  0.44660324  0.21374503  0.48375538  0.36766806  0.71871518  0.00736786
  0.32927362  0.65600613  0.51961602  0.63100611  0.58426455  0.57057741
  0.31953651  0.14624049  0.71348837  0.66170969  0.81407816  0.56007403
  0.41198658  0.61145855 -0.2665791   0.3699282   0.02430531  0.21342284
  0.39506708  0.59180083  0.51459763 -0.05571825  0.73593663  0.31935172
  0.1373771   0.46174569  0.17154198  0.36286331  0.69106946  0.08376153
  0.13768922  0.67084103  0.59326429  0.35616567  0.75189284  0.56123995
  0.85294733  0.38722425  0.51925418  0.34103474  0.46728922  0.33958618
  0.36529614  0.77992592  0.29312206  0.16058677  0.38603971  0.63228617
  0.27518689  0.18501286 -0.18715035  0.56134373  0.68602077  0.05996422
  0.45705218  0.65960149  0.36194207  0.23019701]","[ 0.45616036 -0.22944818  0.62317886  0.7279799   0.79225829  0.61913177
  0.31932345  0.48853643  0.12635389  0.1178627  -0.21188516  0.17064537
 -0.20252046  0.24661863  0.36207228 -0.21666694  0.53776403  0.52588676
  0.60056542  0.26761825  0.24567069 -0.29081116  0.1908566   0.2462487
  0.75180045  0.29781464  0.25191368  0.51531063  0.36201905  0.61757949
  0.48217088  0.49738959  0.75058723  0.57459184  0.65399532 -0.33967825
  0.27325806  0.64506931  0.75497695  0.0198657   0.53786391  0.26734683
  0.42394661 -0.26856915  0.62909291  0.384365    0.62382024  0.62561541
  0.30734226  0.44051158 -0.09483412  0.61880251  0.57618448 -0.07267138
  0.45665744  0.43574088  0.17226868  0.49118412  0.75035709 -0.40146959
  0.15358027  0.44057168  0.32685962  0.65189552  0.55857362 -0.11163417
  0.53787821  0.7579394   0.18408067  0.43397017  0.6879117   0.54975532
  0.79515103  0.35354833  0.69062946  0.35817006  0.22181362  0.61784414
  0.34440474 -0.24541559  0.45838758  0.447411    0.36200347  0.49496188
  0.56477172  0.11979139  0.36298585  0.21537556  0.57235515  0.43899074
  0.25830308  0.70402966  0.48075257  0.46262636]","[-0.04178893 -0.04221305  0.48175138  0.81320849  0.72044888  0.48044949
  0.28478076  0.63167628 -0.34987    -0.20127917 -0.11591976  0.32632755
  0.57643377  0.48503865  0.2538921   0.4686498   0.60872269  0.19225906
  0.52546125 -0.4278587   0.37177843  0.0523015   0.40653699 -0.4868476
  0.7237895   0.35434799  0.71016312  0.68773     0.32929191  0.38602799
 -0.3490678   0.45926786  0.58079396  0.02489849  0.48365173  0.12897371
  0.49786273  0.65789064  0.74025654 -0.20826234  0.53206024 -0.16983383
  0.10896479  0.21665514  0.08948119  0.28536167  0.74586297  0.28208236
  0.234926    0.29845753 -0.28438149  0.66625092 -0.18515775  0.29732939
  0.23752886  0.78937403 -0.26526507  0.68136294  0.3797064   0.10073033
  0.30474744  0.74693529  0.54145189  0.5254928   0.72681344  0.34015857
  0.50118135  0.68565431  0.30086816  0.4448451   0.42562501  0.27168899
  0.85334689  0.26041661  0.46658949  0.44277936  0.60851663  0.52596875
  0.03959311  0.05042718  0.41554621 -0.1113077   0.53220204  0.27127204
  0.23675824  0.51138401  0.48129949  0.49751773  0.27604863 -0.15993867
  0.69189205  0.70405087  0.51486472  0.60832679]","[ 6.35702138e-01 -4.16145166e-01 -2.17336676e-02  6.89227750e-01
  7.99108963e-01  6.20530314e-01  7.31963623e-01 -7.27618945e-02
 -4.38662831e-01  2.41689117e-01  4.54823132e-01  4.45484422e-02
  2.94838116e-01  2.31535401e-01  6.71019963e-02  1.14659722e-01
  4.21300661e-01  3.95838499e-01  2.98402966e-01 -1.37928056e-04
  4.73557649e-01 -1.38909064e-01  2.48349179e-01  1.83028314e-01
  7.91188741e-01 -1.90580610e-01 -2.26507880e-01  1.77549594e-01
 -2.64260003e-02  5.52409040e-01 -3.54409063e-01  4.11062656e-01
  4.68085715e-01  6.01898869e-01  6.67879552e-01  5.35471968e-01
  2.72134910e-01  3.39428384e-01  8.55699886e-02 -4.31501753e-01
  6.17727274e-01  4.60171957e-01  3.00313614e-01  5.52410526e-02
  8.36503090e-01  5.39452534e-01  3.98421010e-01  2.13407899e-01
  5.78775464e-01  4.37752522e-01  5.16405266e-02  7.95784446e-01
  6.39820400e-01  1.19797450e-01  5.46625169e-01  5.28885551e-01
  2.75062610e-01  6.67065154e-01  2.16420432e-01 -4.99258967e-01
  5.34561494e-01  6.24749250e-01  5.51293718e-01  6.51916784e-01
  3.75212613e-01 -5.51296837e-01  4.54469431e-01  2.18953848e-01
 -2.74346783e-01  3.37362349e-01  8.79341480e-01  4.15804136e-01
  6.07799133e-01  3.67423441e-01  8.59372962e-01 -2.43226347e-01
  3.36165736e-01  6.70784082e-01  6.69590318e-01  4.74630912e-01
  4.92539195e-01 -3.88336638e-01  3.86870651e-01  6.37430646e-01
  1.37636252e-01  2.86504172e-01 -4.07968281e-01  6.11468056e-01
  2.45849339e-01 -2.40092215e-01  6.64313007e-01  6.81890481e-01
  3.48564095e-01 -2.13955133e-01]","[ 0.67159195 -0.08443436  0.44247683  0.73537141  0.71304108  0.66353145
  0.73535063  0.31282965  0.38027718  0.31193649  0.70076191  0.73611768
  0.66446286  0.18317817 -0.44624258 -0.27763236  0.67417836  0.49161036
  0.48695717  0.36537158  0.49396045  0.44194036  0.34464369 -0.10775745
  0.81920147  0.11086995 -0.0377651   0.56001658  0.43484164  0.48034152
  0.11450389  0.38754529  0.64796432  0.5922153   0.70977206  0.65579132
  0.40060229  0.55602338  0.63210168 -0.53234208  0.66561473  0.41425666
  0.01668733 -0.4000979   0.81748179  0.47824217  0.50337486 -0.42448987
  0.3959278   0.7517778   0.15375539  0.83145442  0.41011824  0.04049477
  0.69323834  0.44288937  0.25517213  0.68645145  0.2629151  -0.46588036
  0.38264188  0.33840875  0.45208674  0.34068156  0.48895743 -0.21003515
  0.67759968  0.21298718 -0.56192942 -0.07795116  0.61269235  0.21020961
  0.70350568  0.64503111  0.73035211  0.26793644  0.53123393  0.35229504
  0.64252237  0.04898555  0.57936383  0.09442144  0.30375125  0.19008109
  0.08570466 -0.46433669  0.53984141  0.72237748  0.25940813  0.49549779
  0.71872284  0.59584795  0.40924648  0.18048434]","[ 0.58950659  0.69467187  0.78712599  0.86752641  0.76097693  0.71624477
  0.76264415  0.7527142  -0.4002066   0.39941347  0.71635931  0.40869763
 -0.0153027   0.38665646 -0.01312767 -0.1957597   0.84747648  0.2958898
  0.23128504 -0.08001961  0.5545855   0.55681371  0.41886031 -0.11687513
  0.04905955  0.61956493  0.61861036  0.71660903  0.23020587  0.53128475
  0.2279071   0.6908378   0.63674294  0.89757932  0.68939906  0.74921608
 -0.03756509  0.54949336  0.85098535  0.39206975  0.56583679  0.6688178
  0.56011812 -0.24579479  0.66182868  0.6118423   0.85735102  0.78892523
  0.67212933  0.22002336  0.63368923  0.80199389  0.72988285  0.70455366
  0.39870323  0.6635819   0.12593831  0.73483406  0.73131934  0.41477447
  0.30983442  0.65528235  0.50313286  0.52892655  0.73315339  0.47179847
  0.70319418  0.60333376 -0.12471107  0.56989843  0.66751049  0.57077725
  0.69127009  0.53342623  0.76638537  0.34185203  0.63050242 -0.19589533
  0.31903104  0.48494021  0.73704104  0.11515451  0.59916413  0.74535202
  0.83550534  0.47740167  0.2844245   0.658384    0.6415048   0.80139277
  0.6893161   0.85198657  0.39081889  0.51599886]","[-0.09894462  0.36519835  0.46523559  0.51806722  0.81548247 -0.32400901
  0.68644655  0.49549822 -0.34254     0.4671989   0.71690733  0.00965252
  0.53347726  0.46402032  0.29595412  0.18285071  0.70554977  0.48494883
  0.24337499  0.61392195  0.41418542  0.51582659  0.36029952  0.05481265
  0.58869279  0.57839476  0.69593987  0.56641387  0.34661709 -0.04050485
  0.26779374  0.64100865  0.66648364  0.5184961   0.70662863 -0.02567772
  0.29022789  0.59581897  0.55652144  0.52958291  0.28880049  0.36476754
  0.61297592 -0.5288836   0.70798809  0.67261645  0.60945405 -0.35876752
  0.61728422 -0.5280647  -0.13160399  0.67559269  0.47540724  0.6120325
  0.49461257  0.66428255 -0.27483204  0.68369545  0.53213663  0.4568877
  0.23023772  0.56859111  0.43198145  0.69653983  0.59860237  0.30012594
  0.56958233  0.79125867 -0.25557494  0.4069051   0.62233654  0.70912954
  0.70155536  0.38218362  0.61411342  0.09965255  0.44450134  0.23180178
  0.21221273  0.46254192  0.5335283   0.4287602   0.34371844  0.44113874
 -0.2554251  -0.25581856 -0.16489168  0.467086    0.50421342  0.66900097
  0.72611572  0.79769099 -0.05371735 -0.31983083]","[ 0.48587807  0.23260154 -0.04946918  0.3026233   0.72836669  0.33654357
  0.78503098  0.4728923   0.22168542 -0.15121243  0.73653864  0.57093508
  0.30676959  0.03391237  0.18189631 -0.29505955  0.43644481 -0.02909837
  0.3615533   0.33176268  0.36871405  0.4815309   0.03450848  0.2471725
  0.72415526  0.45356074  0.61040852  0.10639036  0.2492161  -0.23961092
  0.38239473  0.55825317  0.6409758   0.56728599  0.61995674  0.56323362
  0.30978726  0.73026175  0.47411158  0.43251524  0.50358378  0.46800736
  0.66322387  0.05671905  0.817518    0.56003385  0.34309079  0.49775938
  0.56127067  0.16666516 -0.18320124  0.82056111  0.51236963  0.5345556
  0.37005755  0.56869786  0.30918397  0.75851546  0.4223888  -0.25453486
  0.21519914  0.49117543  0.51389375 -0.13290889  0.39450804 -0.0693933
  0.67173487  0.59814108 -0.22520915  0.14526582  0.61098282  0.5366602
  0.74360183  0.16131735  0.66219089  0.02891068  0.33715022  0.03107742
  0.57835717  0.37614555 -0.0013449   0.24806241  0.13419568 -0.32225884
  0.35728144  0.75557264 -0.2788419   0.15704419  0.47138076  0.75719007
  0.41278945  0.44649375  0.04827847  0.26825179]","[ 0.31019092  0.59297322  0.25334322  0.72946111  0.87815229  0.76057271
  0.79059863  0.60977272  0.05644769  0.56676112  0.72327457  0.56585374
  0.39126945  0.39563894  0.58903188 -0.06509221  0.81347797  0.29484158
 -0.47649309  0.47551749  0.64223117  0.54407087  0.41889429  0.35107726
  0.70248957  0.46817481  0.53641626  0.63378473  0.53216192  0.58567842
  0.52455554  0.76056038  0.74266995  0.80995174  0.70503006  0.57429224
  0.42005049  0.78481254  0.7185734   0.5366273   0.44874492  0.70609608
  0.45779927  0.13135116  0.8842762   0.64244358  0.74351086  0.47727202
  0.46935456  0.19618268  0.56614855  0.8198778   0.69483097  0.6436672
  0.60807615  0.50771635  0.64214654  0.66039453  0.65695311  0.23239121
  0.00674325  0.61436597  0.27730235  0.74125959  0.7490013   0.26005193
  0.57604762  0.82040011 -0.11078661  0.73212549  0.58928519  0.58024782
  0.88850359  0.5458728   0.77176551  0.43827984  0.63568666  0.37691156
  0.59124235  0.39185428  0.58230368  0.11080569  0.49015713  0.65053423
  0.30007431  0.42849333  0.64611918  0.68740156  0.38593576  0.77553175
  0.67471626  0.89318868  0.06726268  0.70233736]","[ 0.76111669  0.34450365  0.29567039  0.39754048  0.50741847  0.20274996
  0.42099128  0.55885854  0.41831218  0.56111513  0.63019164  0.56468178
  0.62970503 -0.53363186  0.50017994  0.63639389  0.57947158  0.26903162
  0.02239275  0.5744186   0.34493997  0.5207587   0.249168    0.48281888
  0.49675239  0.48108784  0.85380439  0.25451755  0.56395804  0.64016086
  0.75771151  0.38380707 -0.19964437  0.67141068  0.53053494  0.63800263
  0.59602034  0.52150849  0.65434077  0.60347876  0.45444788  0.32558537
  0.65405761  0.26275004 -0.25525835  0.47333617  0.57812273  0.32205416
  0.18177862  0.66123939  0.6837231   0.64742768  0.22095456  0.34955775
 -0.28275129  0.75841921  0.44936611  0.83651843  0.34144137  0.41764791
  0.48631533  0.70791602  0.79895293  0.66959579  0.73916664  0.75808091
  0.50777148  0.54698102  0.45922656  0.71982583  0.06277787  0.52425618
  0.50801572  0.12119008  0.58003768  0.03063244  0.20633724  0.58547984
  0.65076527 -0.44029687  0.07637675  0.64278074  0.44036474  0.37454816
  0.53170363  0.529146   -0.27487879  0.41258678  0.73586228  0.61332804
  0.49834287 -0.21872582 -0.01994262  0.59357759]","[ 0.22464538 -0.15544328 -0.53348958  0.18438644  0.19031626  0.12349996
  0.1174612   0.57420598 -0.2579812   0.47111902  0.61312187  0.1508679
  0.19137777  0.56662413  0.09009261  0.18754914  0.42096643  0.50952782
 -0.09993583  0.21823773  0.12752593  0.32039755 -0.18120138 -0.16361642
  0.38307491  0.40600264  0.35922458  0.01111003  0.39215283  0.5909616
 -0.57317517  0.53188135 -0.09464661 -0.139213    0.24932013  0.36781051
  0.39339686 -0.27783488 -0.54698482 -0.41723606  0.51337862  0.50059011
  0.53605172  0.10704897  0.15313087  0.33990162  0.2290005   0.15501667
  0.337717    0.6666892  -0.26039367  0.43427628  0.18783609 -0.37665645
  0.0924182   0.45654994  0.20548418  0.3430715   0.50706454  0.11801519
  0.33526497  0.11345659  0.4103753   0.59849349  0.51190665  0.38335517
  0.02511632 -0.00385526  0.39440135  0.38252133  0.63137536  0.55834896
  0.56009078  0.17286065  0.48088334  0.07855871  0.14611135  0.44889249
  0.326921    0.31093155  0.21078309 -0.39428432  0.40810288  0.51597962
 -0.12362022  0.34798295  0.20345055  0.22322014  0.35598969 -0.61833749
 -0.13769389  0.79150497 -0.50019646 -0.07080018]","[ 0.71017043  0.23582858 -0.04438956 -0.62831823 -0.03764228  0.06240052
  0.69543211  0.73563071  0.52606431  0.40450807  0.20560737  0.51284168
  0.41808639  0.12324943  0.52500644  0.65959018  0.22401927  0.44787332
 -0.38604469  0.56345748  0.49844627  0.45130768  0.29035065 -0.25877786
  0.52091811  0.5162854   0.5455284   0.5094342  -0.31284674 -0.22280267
  0.6401765  -0.23052897  0.39601954  0.50884339  0.64796176  0.41021001
  0.4770132   0.57619659  0.67586041  0.64908175  0.75437654 -0.5997346
  0.4490086   0.44924814  0.73042951  0.25343399  0.17698142  0.60774198
  0.29298957  0.80809419  0.46670072  0.33624562  0.34621057  0.38342125
  0.34891091  0.71630248 -0.39290928  0.84302848 -0.15268226  0.69954821
  0.39351852  0.69731773  0.66097888  0.57211781 -0.02468299  0.28858963
  0.41995257  0.70333598  0.66037633  0.63285693  0.44129761  0.44608809
  0.80456495  0.34002013  0.54054245  0.39976025 -0.00423545  0.73493535
  0.33534109  0.30660711 -0.26054773  0.65983249  0.65462536  0.44517715
  0.48294499 -0.51533333  0.5168559   0.67804606  0.6909473   0.58171784
  0.16345224  0.0008456   0.3943254   0.63852706]","[ 0.55052815  0.41239296  0.52593531  0.74221328  0.61996336  0.67265035
  0.86558986 -0.37245487 -0.52480852  0.455725    0.60250243  0.34453347
 -0.32066987  0.61388883  0.72715027  0.10758382  0.19871764 -0.11487444
  0.34493575  0.29183675  0.66272827  0.65000104  0.47822932  0.11662347
  0.54827159  0.51694964  0.74519187  0.42611271  0.57073196  0.51017752
 -0.04075169  0.79129495  0.75853937  0.68901154  0.46369127  0.39748442
  0.45820685  0.14155232  0.6852518   0.35458226  0.38276814  0.49763763
  0.49938866  0.61728416  0.7803156   0.73142194  0.37858252  0.87662733
  0.41354444  0.07015615  0.29674412  0.6982788  -0.17435892  0.72653439
  0.10213803  0.68060879  0.05240038  0.25771828  0.73013987  0.50513406
  0.53999995  0.35188422  0.4138252   0.32997376  0.2346726   0.01601642
  0.43640957  0.17274841 -0.19501069  0.35318802  0.75947652  0.63637
  0.75612192  0.33394992  0.63786215  0.54807756  0.6100324   0.27981079
  0.46995593  0.64950114  0.63321741 -0.4492155   0.60275229  0.58711732
  0.38596106 -0.43738104  0.73071685  0.51837666  0.75392051  0.75894329
  0.06971558  0.75970907  0.22951973  0.44272064]","[ 0.78310894  0.21555759  0.61546951  0.16066584  0.25385703  0.39617514
  0.83583828  0.58725743  0.6688231   0.4254754  -0.37559141  0.2748113
  0.37590403  0.20096383  0.68654737  0.71085753  0.41154986  0.43278944
  0.18115571  0.21582887  0.58429389  0.62695202  0.13751187  0.30283432
  0.43466218  0.38489898  0.37274786  0.38289899  0.21563765  0.30699944
  0.60286492  0.36892504  0.53655263  0.7542767   0.25504274  0.41035862
  0.70968145  0.13556718  0.87983691  0.68020781  0.42250576  0.81329872
  0.61946184  0.63641833  0.68655155  0.48041176 -0.38470132  0.7826277
  0.57646014  0.17807473 -0.60770497  0.22537582  0.61217126  0.24446976
  0.68716974  0.60488727  0.34285149  0.78781201  0.28187677 -0.29698452
  0.22574221  0.57151209  0.58261487  0.55227814 -0.12695106  0.73224546
  0.57923215  0.50904854  0.60955397 -0.54604599  0.77422402  0.45504581
  0.65215078 -0.42291807  0.80487821  0.71492363  0.39981158  0.61677576
  0.12709878  0.48146908  0.27126749  0.55941962  0.71798478  0.64796139
  0.7732272   0.5454682   0.64981642  0.91132198  0.63707345  0.78254391
  0.57157497  0.03051969  0.30102165  0.46567079]","[ 3.64115766e-01  5.34091129e-01  1.78440882e-01  3.06170034e-01
  2.95661319e-01  2.87726477e-01  6.45947046e-01  6.48744878e-01
  3.80646038e-01  1.02592699e-01  7.72183379e-01 -2.48389263e-01
 -1.15705108e-01  8.78719479e-03  2.98326325e-01  4.06270815e-01
 -3.17827447e-01  5.10202986e-01  2.17579476e-01  3.97376202e-01
  4.56442372e-01  1.70482650e-02  1.77635767e-01  4.29259979e-01
  3.08664914e-01  3.54665451e-01  8.58885380e-02 -4.53106300e-02
 -6.89308994e-02  3.10656850e-01  4.41461347e-01  3.05102547e-01
  1.22400128e-01  1.02702688e-01  7.49367065e-02  5.13208043e-01
 -1.12074126e-02  3.83919287e-01  4.18840248e-01  2.01899663e-01
  5.25362789e-01  5.30223509e-01  3.33448727e-01  5.11218473e-01
  8.32907480e-01  5.01766934e-01  2.11911251e-02  4.12948399e-01
  6.02773431e-01  8.15131460e-01  4.91384337e-01  5.28748378e-01
  5.08354695e-01 -2.00826129e-04  3.29615724e-01  4.58193353e-01
  3.23887487e-01  5.73914675e-01  2.08992016e-01  4.53360614e-01
  4.58893549e-01  2.44584527e-01  5.06630065e-01  2.37248989e-01
  6.37723880e-01  3.25578793e-01  5.53170713e-01 -5.86749144e-01
  2.25053961e-01  4.25065650e-01  7.08016606e-01  5.37479352e-01
  2.45916454e-01  4.84843593e-01  1.82506116e-01  5.73164506e-01
  2.59714118e-01  8.06736960e-01  2.43981219e-01  9.46869008e-02
  5.04055434e-01  4.80254358e-01  1.51131790e-01  2.36840889e-01
  8.27619217e-01  5.18471417e-01  2.56326996e-01  8.57247374e-01
  1.82120776e-01  5.99015412e-01  5.27572930e-01 -3.09732251e-01
  1.10856929e-01  9.80397978e-02]","[ 0.44633251  0.47198955  0.02841208  0.62559725  0.14595964  0.43613972
  0.1748209   0.62961066  0.56115666  0.35247686  0.7771745   0.22757309
  0.27932347  0.3690541   0.08204129  0.54686398  0.22868805  0.32921733
  0.35435084  0.25599454  0.13067975  0.29733952  0.48515328  0.34489597
  0.36376198 -0.38119655  0.10027897 -0.36306826  0.52936092  0.3888518
  0.714558    0.03520634  0.23166975  0.50417752  0.57753085  0.65666838
  0.27823399  0.5188987   0.47047437  0.03866061  0.2770302   0.71631835
  0.46975141  0.57029614  0.77961616  0.58338623  0.54092874  0.39470728
  0.44098276  0.68813093  0.45347251  0.56595146  0.69361282 -0.41702215
  0.62820421  0.45775292  0.38656942  0.26332766  0.43776635  0.57694781
  0.42679168  0.59291839  0.43024657  0.33041029  0.15940146  0.40832025
 -0.16313251  0.33875099 -0.09706148  0.36996335  0.70372484  0.01600151
  0.53498186  0.339272    0.4067923   0.26887246  0.3013919   0.7351276
 -0.42982081  0.1973071   0.47789881  0.75056735  0.03056594  0.18558133
  0.83522784  0.35129869 -0.01235317  0.777211    0.49638641 -0.46048443
  0.67547914  0.45786871 -0.07416813  0.74827245]","[-0.11746176  0.35322573 -0.21556316  0.38519969  0.55881454 -0.32741077
  0.7578216   0.35417178  0.43534315  0.49309471 -0.33731941  0.41707862
 -0.21698509  0.33772906  0.59599461  0.55949816  0.50519978 -0.00181604
  0.17111855  0.10438415  0.25595383  0.13169842  0.40858306  0.02690819
  0.13795293  0.57910829 -0.08409835  0.65779521 -0.19422987  0.24923209
  0.67152821  0.1670759   0.48474828  0.48423206  0.52527083  0.70383016
  0.74950481  0.12010868  0.80886097  0.22833319  0.35938115  0.18200324
  0.69519879  0.5719735   0.62389335  0.53264123  0.74549419  0.01703031
 -0.03655221  0.31538837  0.53807617  0.54250446  0.22944737  0.29313641
  0.17565231  0.32810676 -0.48094697  0.04691415 -0.27117876 -0.056012
  0.42481433  0.44615175  0.41216864 -0.25521228  0.07930427  0.29415962
  0.22174233 -0.5287985  -0.23436067 -0.45921364  0.42297039  0.44694809
  0.61070165  0.35168344  0.33153816  0.05865138  0.44786055  0.65030215
  0.04799354  0.56722845  0.38926308  0.482977    0.51527375  0.38645705
 -0.04734875  0.64819233  0.56907879  0.34852359  0.77817901  0.45473642
  0.1726623   0.44294963  0.33010326  0.36339034]","[ 7.21979952e-01 -2.58578973e-01  7.81282887e-01  2.91299404e-01
  5.65744903e-01  3.17144299e-01  4.19245528e-01  4.03726342e-01
  3.67900844e-01 -3.39929197e-01  5.66278434e-01 -4.47501479e-02
  7.29983536e-01 -9.01637693e-02  5.81190096e-01  3.93031513e-01
 -1.85925438e-01  3.09011543e-01  6.74206645e-01  5.44360967e-01
  3.44875590e-01  4.32841955e-01  2.71210418e-01  1.89986478e-01
 -6.79876690e-04  8.15837301e-02  7.96138393e-01  2.44182995e-01
 -1.35066592e-01  2.98223098e-01  7.76201182e-01 -1.51094253e-01
 -2.53703534e-01  6.70105820e-01  5.02665958e-01  1.12526746e-01
  1.92824971e-01  4.45018177e-01  7.79367114e-01  5.68679227e-01
  3.69528636e-01  6.02258041e-01  3.34117046e-01  2.97454977e-01
  7.93882567e-01 -2.56743131e-02 -1.98324876e-01  2.57369904e-01
  5.66165340e-01  7.95547037e-01  4.78841291e-01 -2.00434172e-02
  8.05751409e-01  4.18902410e-01  3.62516838e-01  6.40277236e-01
  2.38259507e-01  7.50795122e-01  4.08950711e-01  3.33216852e-01
  5.27286433e-01  4.59243915e-01  5.97279724e-01  5.84292110e-01
  2.29223026e-01  5.80663268e-01  4.51171235e-02  4.47675499e-01
  4.86600594e-01  1.30888482e-01  4.63260495e-01  2.16496054e-01
 -2.30453265e-01  1.04939086e-01 -2.82103822e-01  4.46258522e-01
  4.88884844e-01  8.15706250e-01 -7.58418340e-02  4.29069019e-01
 -3.94490137e-01  5.17358209e-01  3.80722517e-01  3.14333659e-01
  5.90615931e-01 -4.30526040e-01 -4.33529388e-02  9.33981920e-01
  6.17542362e-01  6.68585370e-01  6.01442489e-01  4.51716227e-01
 -2.10274594e-01  6.02012099e-01]","[ 0.4794761   0.45059018  0.58978203  0.3948761   0.62262711  0.46272415
  0.43980214  0.34070334 -0.36859888 -0.25593238  0.36502372  0.00632366
  0.37145134  0.43269385  0.49177297 -0.2919471   0.42014662  0.57140007
  0.42376387  0.39615915  0.42113584  0.34678177 -0.25721097 -0.46600692
  0.82096447 -0.05272131 -0.13695895  0.11212111 -0.03507224  0.45829956
 -0.27014814  0.17745424  0.51614282  0.46289876  0.43365743  0.38028839
  0.29644035  0.47973067  0.53576697  0.50281786  0.3236096  -0.01341805
  0.64662424  0.17569786  0.74644379  0.40572569  0.2874884   0.38120238
  0.14172449 -0.40035915 -0.30466736  0.25179048 -0.45416608  0.29562205
  0.23727454  0.63739782  0.19099278  0.43463035  0.17333705  0.26111844
  0.13880706  0.19780559  0.2333854   0.36286045  0.4877799   0.25378418
  0.08562714  0.43905398 -0.24112347 -0.12675286  0.35595776  0.58077368
  0.31325004  0.35191164  0.45240718  0.17991969 -0.27002392 -0.1723117
  0.4582349   0.77522848  0.36189414 -0.06351088  0.52589087  0.56849349
  0.48478525 -0.37662521 -0.40440308  0.72945082  0.38083552  0.6302562
  0.17432473  0.21263693 -0.34296562  0.11435272]","[ 0.16829862  0.67459412  0.74054755  0.32407484  0.64425315 -0.20282478
  0.70528396  0.21361908  0.28060598  0.25699041  0.50569335  0.18762612
  0.39649732  0.45585019  0.46812478  0.29730495  0.58412895  0.16790747
  0.39657881 -0.10140484  0.32681875  0.08341374  0.09458125  0.46666621
  0.59686699  0.08466794  0.2683585   0.19769177 -0.20696047  0.05684525
 -0.04161246  0.26124872  0.24129636  0.5555042   0.5244495   0.1323242
  0.17330043  0.48356252  0.23544642  0.71506796  0.26332157  0.17001617
  0.57294717 -0.00495994  0.47051036  0.23792967  0.22322666  0.40410531
  0.18451762 -0.08060713  0.356533    0.6861255   0.2321965  -0.27600364
  0.10796628  0.35121309  0.12766775  0.66469268  0.44567632  0.18143974
  0.24491205  0.04037742  0.33897532  0.44798049  0.05067279  0.57361319
  0.73174069  0.1824278  -0.26504806  0.22987774 -0.52473614  0.5411821
  0.82107656 -0.1009503   0.19352769 -0.22632639  0.49410922 -0.30105867
  0.18758749  0.66075322  0.44238866  0.3268972  -0.15015431  0.12650523
  0.17349645  0.70348878 -0.28869684 -0.52227063  0.69124575  0.43994934
  0.64895879  0.6219145  -0.08222049 -0.04016271]","[ 0.57386949  0.03303209  0.27520508 -0.13530821  0.09747245  0.44738339
  0.34071103  0.23803999  0.50612917 -0.29872596  0.38057279  0.52927528
  0.60472656 -0.3316059   0.62336427 -0.28858887  0.24949247  0.3643471
  0.01409484  0.37911547  0.45709897  0.30053303  0.11298207 -0.34849514
 -0.58880099  0.04751047  0.83474136  0.11699601 -0.01938415  0.04489763
  0.73220237  0.09602008  0.38517372  0.61082142  0.0618195   0.67678594
  0.26409053  0.40187544  0.59208065  0.64042397  0.51949074 -0.11073831
 -0.54538693  0.42594796 -0.49365815  0.30510524  0.36476115  0.18968101
 -0.48214826  0.61134428  0.283019   -0.21372802  0.536248    0.21183318
 -0.08574171  0.51850247  0.12236173  0.77972528 -0.11914842  0.35760364
 -0.18076724  0.55403931  0.59196614  0.3181071   0.36364928  0.24711821
 -0.01268808  0.24485315  0.37825188  0.38501367  0.36828186  0.32936567
  0.3013112   0.32060585  0.56386532  0.00826855 -0.34676912  0.42883258
  0.02323581  0.29969041  0.42152233  0.62836077  0.3817222   0.66552043
  0.13386729  0.54309759 -0.17341497  0.29634504  0.67034531  0.74479389
  0.63469557  0.36536278  0.59168761  0.42637995]","[ 0.62721615  0.12680329  0.16155983  0.31311933  0.24083704  0.22752516
  0.58921126  0.64835121  0.40831245  0.71523672  0.38548949  0.65571256
  0.25751392 -0.35249897  0.65934769  0.31435792  0.49954955  0.13451508
 -0.07162938  0.4794279   0.37261564  0.16012639  0.30291326 -0.0231941
  0.6449989   0.45650424  0.80028661  0.59888907  0.42452735  0.50798011
  0.42797762  0.39259358  0.4123628   0.30603942  0.27192671  0.5349269
  0.50378996 -0.1421562   0.76105669  0.37068437  0.45253443 -0.1050707
  0.14154207  0.63346466  0.3573067  -0.38873607  0.7425939   0.65926938
 -0.03231131  0.55941142  0.00595466  0.07264706  0.59001596  0.07938107
  0.22016488  0.54649526 -0.38996947  0.30921151  0.41643041  0.4668102
  0.39701878  0.54266506  0.60107777  0.35311695  0.18106249  0.55577854
  0.33532056  0.30886147  0.47807246  0.53782537  0.23982572  0.07873649
  0.83629622  0.1466632   0.74209577  0.19361983  0.01175976  0.69097136
  0.02495409  0.13041675 -0.26832746  0.60339584  0.74183002  0.17336055
  0.29388692 -0.08996343  0.52786975 -0.14059891  0.4933415   0.48639982
  0.4992022   0.09331739  0.01761959  0.72809088]","[ 0.77819038  0.09906924  0.32255073  0.18067806 -0.43757778 -0.02549822
  0.46254148  0.63379645  0.57871428  0.4475784  -0.32278718  0.63763619
  0.70698174  0.14133646  0.68670948  0.55484797  0.55035033  0.72428197
  0.30241882  0.6118158   0.36107859  0.47596684 -0.09053345  0.35808299
  0.49721233  0.53987339  0.84853236  0.31672768  0.22697816 -0.06992769
  0.72974832  0.53951646  0.30615911  0.76565501  0.5787517   0.52343657
  0.22610687  0.86370735  0.75977357  0.40425833  0.78316823 -0.06631702
  0.64726337  0.52465171  0.82779865  0.07564639  0.03000832  0.69545143
  0.06355678  0.78061261  0.55786518  0.60810274  0.78185268  0.43757037
  0.62618044  0.60903836 -0.25994978  0.82031889 -0.20756933  0.61853084
  0.4293125   0.71051716  0.65718666  0.72841209  0.59338661  0.52343291
  0.47595953  0.67898574  0.704568    0.50259553  0.37803534  0.59258616
  0.69189048  0.48059992  0.47999424  0.41413812  0.3462119   0.82477716
 -0.16457234  0.52905279 -0.47939499  0.64988321  0.55282987  0.61756861
  0.74948299 -0.58348873  0.44905152 -0.44157644  0.81318394  0.65172782
  0.63094116 -0.27574648  0.32082002  0.72143679]","[ 0.57769984  0.4085944  -0.17033368  0.79687063  0.78016005  0.80318387
  0.88000419  0.62653083  0.12142839  0.43518333  0.74332183  0.85680339
  0.3529944   0.47447873  0.30562881  0.24438655  0.81458716  0.33413094
 -0.40018715  0.48469146  0.64583053  0.68698314  0.58959927 -0.42919483
 -0.05313868  0.69185675  0.52970757  0.74675272 -0.21687752  0.59536728
  0.64225103  0.68427205  0.54827057  0.87308136  0.56538909  0.74457795
  0.62016039  0.88826873  0.81891529  0.39107916  0.62232633  0.29296321
  0.4956731   0.46897226  0.53186201  0.36724974  0.84974257  0.86810362
  0.50576008  0.61034057  0.01281678  0.67689908  0.13760872  0.82138936
  0.41061471  0.56304543  0.08044089  0.56849308  0.7232611   0.20118576
  0.44289158  0.58334089  0.25114499 -0.04200256  0.42887656  0.46687617
  0.71464281  0.6405549   0.45472825  0.82493032  0.67272681  0.62616034
  0.8784724   0.506172    0.88269761  0.39244639  0.73929477  0.71301676
  0.16239247  0.32391434  0.74990959  0.25831008  0.77186982  0.51923862
  0.80970312 -0.16126111  0.61552963  0.56698186  0.65935341  0.86295979
 -0.32254604  0.60086462  0.42174676  0.71055299]","[ 0.73474418  0.21358059  0.5873139   0.68903126  0.70246655  0.67828312
  0.73159382  0.40740075  0.66206809  0.64056077  0.54337481  0.08496808
  0.56148667 -0.09759078  0.73535013  0.56532835  0.49590043  0.13270765
  0.38600808  0.52632014  0.68241634  0.60338155  0.21865775 -0.01272127
  0.29948497  0.43065975  0.7404393   0.60837753  0.38796045  0.49691599
  0.84821617  0.51707137  0.53561982  0.85544055  0.4589347   0.78145927
  0.78355625  0.18851995  0.80952492  0.52084669  0.56667594  0.4367971
  0.40603972  0.70239574  0.58568665  0.31626817  0.58534978  0.68070354
  0.35005769  0.52206764  0.17340158  0.78175462  0.29245082  0.60820669
  0.48358281  0.72637308  0.20628844  0.73731887  0.74990722 -0.18960309
  0.70227214  0.39548142  0.71657193  0.6551236   0.70795493  0.6968469
  0.52757697  0.62327911 -0.0796935   0.50030622  0.75714555  0.23203213
  0.77242721  0.62890561  0.71474952  0.52379692  0.47830668  0.68672439
  0.42789282  0.33730753  0.42513052  0.42147091  0.72202159  0.7066064
  0.57809574  0.72984097  0.55340047  0.72977762  0.80290736  0.85454854
  0.74682716  0.39973114 -0.04743351  0.45126051]","[ 0.85036925  0.65171965  0.60472564  0.76722176  0.7928721   0.69383186
  0.76683426  0.41109663  0.51562898  0.62507024  0.7248538   0.61704134
  0.04490655  0.43055081  0.70599102  0.31637233  0.7350439   0.03384921
 -0.14482471  0.31486873  0.70886715  0.54472397  0.09014431 -0.2249049
  0.5774071   0.55788732  0.80181234  0.67645224  0.39274082  0.13931473
  0.69433367  0.71543908  0.56093163  0.69201577  0.51408057 -0.15881477
  0.67644038  0.39122468  0.52853214  0.67178842  0.53011892  0.29365471
  0.72483223  0.60830996  0.45988818  0.45424711  0.75805116  0.65784289
 -0.02371116  0.20932808  0.30996655  0.76720889  0.47883444  0.67595781
  0.52121112  0.65591024  0.53315326  0.67323107  0.67410073 -0.18873372
  0.38643214  0.61751109  0.66474286  0.56266092  0.65130772  0.65455645
  0.67544025  0.75224753  0.43766491  0.52290932  0.27619389 -0.43980085
  0.83866363  0.49354757  0.85189418  0.03893857  0.40487887  0.41159093
  0.40905675  0.21033211  0.61691655  0.46911184  0.41545471  0.5903962
  0.56122652  0.80375432  0.6169822   0.34205593  0.66777823  0.83560195
  0.69931729  0.5842361   0.45873811  0.77289451]","[ 0.70059109  0.42935274  0.61984128  0.63934717  0.70598042  0.66179976
  0.75052626 -0.31033467  0.00295478  0.5008572   0.5968797   0.06463819
 -0.35524728  0.32537596  0.72175989  0.35161333 -0.29713358 -0.09951345
 -0.07377705  0.37105385  0.49335542  0.39001137  0.25269597  0.0180923
  0.68389969  0.54089217  0.27190149  0.61812575  0.28641371 -0.28631175
  0.54526396  0.5712426   0.46860501  0.77065104  0.25712188 -0.38609273
  0.77131422  0.1408577   0.16058844  0.26869206  0.2924258   0.18372722
 -0.04816424  0.535498    0.47946117  0.14180046  0.74080614  0.81277838
  0.49969971  0.39285039  0.42824466  0.68137357  0.092143    0.15242276
  0.63988243  0.54923026  0.24403903  0.49169203  0.48749671  0.38334808
 -0.03875139  0.01858108  0.73363923 -0.17063368  0.64575256  0.31587402
  0.30667023  0.53239267  0.21531729  0.68255455  0.16898168 -0.3416246
  0.68466038  0.20867806  0.70874872 -0.00764726  0.2514122   0.33850371
  0.35798316  0.19612336  0.59023016  0.16352862  0.43686442  0.74022087
  0.01511888  0.87696694  0.56045746  0.39902258  0.61371539  0.67044724
  0.54770503  0.52625736  0.45873673  0.73992579]","[ 0.75188385  0.51723339  0.59901131  0.65478754  0.72144544  0.76335388
  0.78362302 -0.03048283  0.2188509   0.58547643  0.66998355  0.30606423
  0.61398502  0.54704764  0.79870009  0.26472746  0.51117307 -0.0027943
  0.10466313  0.53721069  0.64845055  0.67095935  0.17882769  0.11583733
  0.46146289  0.60152782  0.42021409  0.66019998  0.25858121  0.34714646
  0.64169796  0.6136013   0.60589686  0.78287383  0.14769994  0.57874038
  0.68022162  0.42588072  0.71939206  0.43673903  0.60865321  0.20345492
  0.60776961  0.66108605  0.70150034  0.39335011  0.83487174  0.72077369
 -0.08393906  0.41701977  0.0599293   0.82788124  0.31246847  0.43973285
  0.26650299  0.64154017  0.1394552   0.70033017  0.72968105  0.31277893
  0.05246729  0.62405963  0.65181379  0.55293137  0.56479326  0.66372756
  0.29129283  0.55701212  0.39524169  0.75329002  0.61064365 -0.47685362
  0.81322503  0.34641982  0.6144044   0.22089277  0.34150023  0.63624134
 -0.03601784 -0.46072741  0.58457175  0.52378189  0.60719362  0.69525334
 -0.317464    0.58390744  0.60185556  0.19822708  0.58337945  0.74638435
  0.70801836  0.54223137  0.20649523  0.69992737]","[ 0.74303901  0.57177952  0.29244702  0.62624115  0.5927152   0.58009396
  0.79631755  0.01366038  0.10125773  0.49793201  0.741746    0.08623103
  0.45491005  0.70051917  0.56908046  0.12267297  0.59745732 -0.34715692
 -0.0163945   0.481671    0.64970157  0.48519061 -0.12717202 -0.05493383
  0.73810737  0.68246058  0.13855702  0.43480855 -0.32856629 -0.0209859
  0.32719111  0.50431045  0.82188132  0.74935342 -0.04781302 -0.21200929
  0.59702953 -0.02733176  0.53043117  0.06110928  0.57158939  0.70218768
  0.43868507  0.25966341  0.23673903  0.334773    0.56046754  0.57370095
 -0.26024732 -0.08900077  0.2319134   0.55586556  0.04483774  0.4508342
  0.21682011  0.12117398 -0.42974795  0.63800556  0.13899954 -0.41178232
  0.2541218   0.13516631  0.61137853  0.48346537  0.33528069  0.69032497
  0.79511562  0.48690489  0.04301867  0.73222048  0.54076599  0.0503404
  0.80852285  0.30388974  0.35638402  0.63086693  0.36515225  0.35927069
  0.19266822  0.20282881  0.48710064  0.50096203  0.36072538  0.4880898
  0.10971188  0.82464897  0.41605523  0.39591178  0.50779496  0.40173102
  0.50713928  0.71222228  0.02161185  0.440172  ]","[ 0.75619612  0.18037555  0.59729257  0.46954671 -0.2447075   0.29605822
  0.83537106  0.39862474  0.38703198  0.7461375   0.71575271  0.63438299
  0.63219414  0.29139254  0.61031739  0.07570754  0.24369505  0.2560256
 -0.14296022  0.51496829  0.55494451  0.56122007  0.50132671  0.03216307
 -0.38801541  0.13774429  0.50827644  0.30929778 -0.25556458 -0.01033637
  0.75376125  0.39019288  0.66844588  0.809216    0.55169997 -0.50086168
  0.7159615   0.49770347  0.67809482  0.54332942  0.64099229  0.10101723
  0.71233386  0.2247962   0.30087678  0.40881269 -0.03392314  0.59998139
 -0.04717119  0.29477531 -0.12853466  0.72361323  0.16288684  0.64156691
  0.35559082  0.58620996 -0.53277839  0.70265532  0.65428533 -0.20443303
  0.152611    0.58419848  0.65313794  0.57345496  0.66849184  0.77588895
  0.65355961  0.58070292  0.17684554  0.52202142  0.30256501  0.58911045
  0.763599   -0.00697934  0.59688122  0.15629142  0.3006988   0.73587481
  0.26451015  0.25836656  0.6429816   0.63385431  0.44935256  0.52810328
  0.43856115  0.21636781  0.54921583  0.43433661  0.72390855  0.69927568
 -0.11875828  0.69329977  0.22058161  0.74774035]","[ 0.63856607  0.15167331  0.53593505  0.57094672  0.65813021  0.42782379
  0.85362304  0.47767275  0.1297551   0.58430986  0.49997712  0.29622466
  0.22536157  0.45252432  0.64981554  0.37489329  0.6937261  -0.53899251
  0.23682415  0.16509335  0.66810149  0.18286011  0.62352897  0.05057132
  0.07627403  0.25600957  0.03196442  0.58548323  0.73519083 -0.19437932
  0.12021122  0.54385842  0.54135308  0.64008218  0.65845176  0.29631528
  0.73615116 -0.08737771  0.81232152  0.50242628  0.40637008  0.17069019
  0.79052361  0.39528123  0.3663054   0.25087883 -0.06426959  0.73489883
  0.23746299  0.24248454  0.51253367  0.4517807  -0.43557387  0.36563082
  0.40776796  0.50786957  0.03581604  0.45008793  0.31053369 -0.05296476
  0.30921347 -0.19880864  0.17283575  0.23495939  0.55467108  0.17233832
  0.33133073 -0.3044628  -0.47252033  0.50494412  0.0256169   0.63764455
  0.8067375   0.3662072   0.42963185  0.29360789  0.11961401  0.44935367
  0.53485275  0.36453343  0.5271716   0.54609736  0.36355295  0.46285762
 -0.50406173  0.58397917  0.55531291  0.25652186  0.6564148   0.75779213
  0.44048489  0.38255575  0.41228542  0.43740124]","[ 0.54781808 -0.01293698  0.15662462  0.70737601  0.45252637  0.06610762
  0.85047219  0.32693732  0.36254167  0.3317607   0.25497589  0.27956754
 -0.49622975  0.31123006  0.65142579  0.47400108  0.73294981  0.14529933
  0.43773058 -0.42240921  0.3909889   0.17253384  0.36305272 -0.16937592
  0.17243692  0.54424426 -0.31378617  0.67511171 -0.44359111 -0.27616432
  0.27807684  0.42283348  0.6038855   0.8167052   0.4146496   0.18596395
  0.74084609 -0.12620716  0.75649864  0.45631159  0.49047102 -0.024766
  0.73504743  0.43873352  0.41969537  0.13755735  0.53143983  0.41996591
 -0.05061424  0.08834276  0.28629371  0.41426182 -0.21249378 -0.0887763
  0.29311689  0.48294241 -0.47513314  0.55728643  0.29300467  0.18110222
  0.31015444  0.45536888  0.47403815  0.431116    0.58005946  0.6796153
  0.2588925  -0.50305428 -0.42150227  0.69602736  0.07462656  0.26474448
  0.61678126  0.06406628  0.60821964  0.12639101  0.22872326  0.60006033
 -0.0643216   0.42962254  0.35393322  0.44838306  0.5028703   0.45263637
  0.23721143  0.71764944  0.44327943 -0.33093673  0.80134983  0.76165906
  0.44480245  0.60572638  0.21497864  0.60986341]","[ 0.47865443  0.2500681   0.30428824  0.2647148   0.40857747  0.16497127
  0.78837835  0.64235578  0.21350674  0.52214031  0.0549111  -0.05459275
 -0.06876045 -0.08084383  0.51812109  0.44572151  0.68264567 -0.3384817
  0.00517068 -0.2726417   0.43016554  0.304616    0.1616535  -0.10876786
  0.64950693  0.57596482  0.4229633   0.63103887  0.03947205  0.25999654
  0.51673272  0.16140746  0.65927312  0.7418098   0.23535835 -0.30061622
  0.48271742 -0.03133837  0.62536856  0.16464502  0.61940034 -0.37328758
  0.64881944  0.3061755   0.51868523 -0.36414262  0.656154    0.58178379
  0.04039995  0.19685663  0.41121256  0.09890451  0.11146608 -0.3567778
  0.16190997  0.48785958 -0.45181992  0.32073233  0.37143274  0.35981438
  0.29501819  0.42565709  0.45295739 -0.06987614  0.38620175  0.65836855
  0.36656663  0.40106945  0.42975636  0.2181971   0.34270017  0.36441925
  0.72450399 -0.26045941  0.48309311 -0.21517231  0.24679827  0.62115469
 -0.40845581  0.43105651  0.37085258  0.4791791   0.36042523 -0.35387477
  0.0509399   0.59846795  0.61552123  0.57423872  0.6001874   0.48546424
  0.04010962  0.62414104  0.26595196  0.58869345]","[ 0.7358198   0.55525037  0.22306929  0.4836769  -0.06039039  0.07761778
  0.54874511  0.04182412  0.53294041  0.74159327  0.42159103  0.1285758
  0.4560578   0.50814791  0.28330803  0.5636065   0.43937456 -0.29567356
  0.16464757  0.54753673  0.22642184  0.02332521  0.508783    0.56916953
 -0.12673232  0.64723799  0.77761063 -0.28479339  0.06216339  0.34323552
  0.47760419  0.33043171  0.3806335   0.4049669   0.24923473  0.30154724
 -0.03817112  0.56882754  0.43488834  0.43579278  0.35402068  0.64320278
  0.20973555 -0.32138246  0.42280368  0.28758734  0.24132312  0.13581142
  0.5455516   0.67289999  0.6637318   0.57272516  0.5975987   0.36323924
  0.55643434  0.39436841  0.65025677  0.64225272  0.25003018 -0.27834316
  0.42760472  0.68255018  0.75304238  0.59557641  0.53673366  0.30118644
  0.28255935  0.58229687  0.49778901  0.54475312  0.50565421  0.05104355
  0.40254056  0.57549871  0.43296946  0.3149606  -0.13414603  0.79068463
 -0.21920114 -0.27064093 -0.20762231  0.6847693   0.22014446  0.05570418
  0.49716719 -0.03917659  0.61063865  0.67943416  0.66045917  0.22844592
  0.67532491  0.10179818 -0.06047918  0.25169409]","[0.82638183 0.78730711 0.56573151 0.71270188 0.40266541 0.28055303
 0.37305732 0.76080453 0.73868032 0.73817869 0.83876222 0.6580569
 0.75397219 0.52757569 0.67914596 0.54097036 0.73618557 0.67514811
 0.61436323 0.77785982 0.5652373  0.70169931 0.65362045 0.80672903
 0.40037586 0.69917264 0.84868597 0.506724   0.52591338 0.73930996
 0.70503519 0.49406496 0.2256004  0.68282466 0.68351185 0.72292403
 0.41361672 0.59053344 0.68720344 0.72803786 0.56034342 0.63828536
 0.38871927 0.5806215  0.80331469 0.35717663 0.47493414 0.60963451
 0.76824887 0.89889578 0.55041755 0.55621665 0.69306918 0.57251117
 0.66160502 0.48855799 0.60685204 0.6863737  0.34082984 0.70263537
 0.62370839 0.78877294 0.74533568 0.59742631 0.72893316 0.72766509
 0.60052247 0.63018541 0.73891506 0.61327343 0.61609991 0.63153564
 0.59999576 0.67413796 0.6136059  0.55117014 0.70477546 0.74482682
 0.57973646 0.84588693 0.14122577 0.87414626 0.38051114 0.53895476
 0.66969708 0.76060236 0.66128566 0.68522056 0.77876943 0.69527285
 0.74021923 0.36742634 0.41751665 0.65112056]","[ 0.74756776  0.27684318  0.51556713 -0.25620556  0.08787713  0.23995854
 -0.11927902  0.70183163  0.38112082  0.46199335  0.72913394  0.38014937
  0.27303194  0.38083349 -0.04066938 -0.10638535  0.13050212  0.47529204
  0.44372585  0.03693314  0.1714863   0.1397858   0.43815314  0.55871291
  0.41585687  0.29243748  0.65796221  0.03648811  0.68586679  0.38200078
  0.56434719  0.25469524  0.45414758  0.36285026  0.33337936  0.57464418
  0.41847076  0.54108198  0.37558005  0.31761742  0.44565858  0.50693706
  0.32398135  0.47387476  0.56087612  0.69225426  0.24563536 -0.2221922
  0.22543199  0.76218855  0.11389211  0.70450354  0.67920422  0.32858917
  0.33335527  0.10221698  0.53532639  0.62055951  0.54947682  0.60367163
  0.26514891  0.63201961  0.55324066  0.43277003  0.42074874  0.27116945
  0.39295104  0.27840025  0.01357606  0.43908726  0.64672017  0.35459967
 -0.01463326  0.59511487  0.55413115  0.45503227  0.45505081  0.63032854
 -0.26819931 -0.27737664  0.53820502  0.47349754  0.15803758 -0.20238839
  0.53136269  0.31816035  0.6877014   0.75031831  0.6545632  -0.25699524
  0.6695378   0.24304132 -0.23235206  0.51011877]","[ 0.8957755   0.7443295   0.66992034  0.75196813  0.31143154  0.66426349
  0.55588733  0.66365841  0.70345152  0.72978163  0.90997619  0.74397756
  0.5745312   0.59599614  0.63174368  0.54539861  0.28383143  0.64237781
  0.79618671  0.6622915   0.48579083  0.72447696  0.4443112   0.72187045
  0.56147658  0.60557242  0.77858846  0.29077781  0.60931448  0.67678571
  0.50641696  0.55321152  0.46409396  0.68023836  0.67604     0.71440646
  0.34509438  0.67782144  0.80326248  0.68126569  0.24926364  0.60604886
  0.27666655  0.64428745  0.774851    0.51142814  0.48086776  0.45670705
  0.64860517  0.90847198  0.54718259  0.45574078  0.70324182  0.67768486
  0.68322222  0.48713381  0.56941927  0.35465116  0.49827218  0.49446017
  0.50665979  0.71685421  0.69213371  0.73334748  0.6194869   0.75407005
  0.68792797  0.28465243 -0.13694561  0.59967083  0.54403142  0.47316978
  0.86533466  0.48103848  0.52895494  0.43946266  0.44840421  0.48588067
  0.39421169  0.71298902  0.24614508  0.75089956  0.24853818  0.40938424
  0.66627146  0.79282228  0.21435894  0.61780694  0.66169608  0.56485262
  0.78122827  0.51413647  0.15707863  0.73664002]","[ 0.60952966  0.72189483  0.52241388  0.46764559  0.15229249  0.51871565
  0.60172286  0.80327468  0.76325882  0.36366758  0.80310132  0.55770804
  0.8021689  -0.48281391  0.53219186  0.43491924  0.67365873  0.21177233
  0.49273371  0.58198491  0.55125395  0.64072614  0.6789378   0.74831686
  0.46167797  0.67120468  0.78868762  0.45852668  0.36212819  0.69850428
  0.49503671  0.5351505   0.47105454  0.78474127  0.65427948  0.63451777
  0.55385844  0.65145384  0.84397642  0.70034993  0.570297    0.5202338
  0.47014663  0.39584535  0.64611472  0.29152169  0.06307446  0.32195913
  0.52064714  0.64972338  0.52000456  0.58621198  0.34399233  0.48839205
  0.70194023  0.48424467  0.62422731  0.8265486   0.60421224  0.66289729
  0.39635177  0.84186521  0.73644593  0.6838377   0.65578565  0.74719042
  0.46446827  0.50711488  0.34603756  0.84625113  0.46336525  0.73142675
  0.5495815   0.67228269  0.36427901  0.53093759  0.6317647   0.61940424
  0.48729847  0.76548838  0.27947807  0.8277439   0.45849595  0.57849032
  0.61553455  0.70714923  0.46255675  0.6459254   0.78932474  0.71577672
  0.49037955  0.16747557  0.16119675  0.17195265]","[ 0.84903816  0.42304496  0.63337285  0.67408728  0.32436252  0.32997903
  0.50044665  0.83802668  0.76857773  0.50461103  0.65308592  0.72530983
  0.68109557  0.28409634  0.62073046  0.67170101  0.82250757  0.18421197
  0.46964832  0.66747209  0.56477395  0.65445305  0.73267873  0.79600978
  0.77375228  0.73156442  0.89704033  0.52138962  0.59038147  0.6609893
  0.66306344  0.57322925  0.40742213  0.84006959  0.67356966  0.80290735
  0.71493427  0.79021308  0.87645161  0.70672846  0.67522085  0.60699488
  0.58479424  0.5219798   0.45697418  0.36767993  0.64531105  0.46054784
  0.660516    0.68605435  0.75654617  0.8849517   0.56792824 -0.1722056
  0.67421901  0.70665923  0.81249963  0.91899867  0.69517316  0.77084691
  0.58989234  0.80570111  0.84492084  0.82940722  0.80376896  0.83119892
  0.5987801   0.76681025  0.67015678  0.88878323  0.75697536  0.80948884
  0.67325526  0.79791098  0.74180522  0.49498539  0.70035488  0.8168837
  0.70162818  0.62544843  0.32519396  0.90402443  0.49380222  0.56772897
  0.70886539  0.75048355  0.54569848  0.73259363  0.81657436  0.65295263
  0.34017015  0.13196488  0.33223981 -0.30314638]","[ 0.86125043  0.59018988  0.58712708  0.77637135  0.22838019  0.66065764
  0.25878518  0.65318195  0.7338891   0.57991454  0.89137098  0.57957524
  0.60902857  0.47277449  0.51755816  0.41596523  0.56390337  0.28434218
  0.67466271  0.47162614 -0.41837777  0.59358695  0.46930267  0.7420204
  0.2690466   0.66048724  0.75263575  0.40104284  0.67290857  0.64507538
  0.56489877  0.2831952   0.35296342  0.76691626  0.71586131  0.63840068
  0.11850845  0.68902015  0.55411485  0.5430604   0.44882816  0.68006337
  0.01851761  0.6889031   0.74589586  0.32365275  0.6449409   0.44870453
  0.52427109  0.91684784  0.61992236  0.48768743  0.54696371  0.32685454
  0.66152029  0.51417443  0.44440765  0.68866999  0.420463    0.51808666
  0.4126667   0.65521806  0.64926997  0.40906402  0.58910022  0.63341971
  0.35606903  0.56682456  0.54919683  0.55931311  0.48320463  0.61194505
  0.76046774  0.60100971  0.52214292  0.29112148  0.44422038  0.61391828
  0.4602817   0.68185726 -0.23796042  0.72055063  0.02300932  0.18105227
  0.68656806  0.62094098  0.23945479  0.78968036  0.60403874  0.58739685
  0.77091462  0.44017414  0.11610649  0.54571457]","[ 0.72198756  0.07769238  0.2761007   0.19234859  0.20497168  0.35733753
  0.26269565  0.44961583  0.72633824  0.29519201  0.50632823  0.25767567
  0.54338863 -0.29353485  0.21934644  0.30388002  0.47400337  0.18724
  0.44093945  0.40362567  0.15575178  0.19716845  0.44638217  0.61483107
  0.21767229  0.514853    0.72329789  0.03282195  0.5124121   0.05756595
  0.33062884  0.32115195  0.58366298  0.60946493  0.60676614  0.57627774
 -0.02688422  0.35661934  0.66069032  0.52829434 -0.3723637   0.50726189
 -0.12480155  0.32301351 -0.37603685  0.51196134 -0.07078161  0.0422573
  0.40236609  0.53092861  0.07608345  0.43593424  0.1448334   0.29333675
  0.46764553  0.50545362  0.40447757  0.72861485  0.37902214  0.38544095
  0.10046941  0.62322877  0.67478457  0.46692923  0.60775252  0.60889132
 -0.33866914 -0.10644308  0.35228324  0.86693987  0.12865821  0.60906317
  0.24324506  0.58145761  0.27890419 -0.16528736  0.42050247  0.25405202
  0.31225093  0.49759779  0.29375231  0.70244735 -0.03777953  0.48215922
  0.44492423  0.49557848  0.34487176  0.65716984  0.66264686  0.71481683
  0.25078183  0.10372895  0.13010314 -0.37643092]"
"[ 0.412121    0.31227735  0.13749701  0.42955847  0.20293109  0.19768234
 -0.24714802  0.39857422  0.18190689 -0.11845337  0.10699338  0.01987175
  0.07920046  0.04538734 -0.00823244  0.42875743  0.16251271 -0.20328261
 -0.38616974  0.16616883  0.42718531  0.44857042 -0.17039807  0.20809483
  0.29189179 -0.0303223   0.41630122  0.04359484  0.32193891 -0.43288071
  0.55871367  0.3715233   0.10732262  0.59190157  0.35396297  0.19044825
  0.41452269  0.49584177  0.36632092  0.53626085 -0.16557821 -0.15955412
 -0.48454763 -0.06907209  0.56145043  0.01398036  0.26060808  0.25323595
  0.34264158  0.56012435  0.13743289 -0.01524403  0.23018394 -0.04561692
 -0.00133103  0.36766733  0.2637761   0.00379365  0.2610138   0.40730703
 -0.17174506  0.51887236  0.67822932  0.36627571  0.33296695  0.56470125
  0.44745223  0.2252864   0.41752861 -0.30629408  0.2349751   0.29425373
  0.28150038 -0.39948838 -0.24323791 -0.14207134 -0.21606942  0.75944021
 -0.1729926   0.35808517  0.08806875  0.61967573  0.10343113  0.47259549
 -0.39384468  0.45038973 -0.329471   -0.20935715  0.3934731   0.36870006
  0.45330096  0.28676355  0.46568598  0.28940627]","[-0.37452415  0.16229086  0.40826653  0.28643059  0.28487105 -0.30313022
  0.46459032 -0.23649242  0.18968763  0.6455239   0.2649911   0.39561076
  0.30698455 -0.46866117 -0.45489643  0.41222572 -0.21813513  0.63807563
  0.21086535  0.36731013 -0.1968541  -0.18478054  0.11635601  0.46867252
  0.82696579  0.09527441  0.71465242  0.26552691 -0.14255183  0.51171795
  0.60741973  0.13626253  0.28139763  0.69649146  0.06866534 -0.36143385
 -0.65970263 -0.45030338  0.60922914  0.77017997  0.34936825  0.55294708
  0.54308485 -0.12993692  0.77762145  0.508477   -0.00224069 -0.45193278
 -0.00118238  0.47275443 -0.03875092  0.63091262 -0.2026663   0.18169806
  0.50317075 -0.28450262  0.20722206 -0.30974853  0.14590836 -0.51009558
 -0.46160007 -0.33043115  0.47078668  0.6062751   0.07418882  0.49186058
  0.48069579  0.51283478  0.26463952  0.68492064  0.45969294  0.1993055
 -0.52938093 -0.04490847  0.09397047 -0.09064729  0.12534637  0.77303488
  0.15007598  0.74702149  0.09911255  0.33025461  0.72325309 -0.47093999
  0.79533208 -0.01602058  0.30249572  0.55067073  0.48251708  0.80771619
  0.35452685  0.04337833  0.0141494   0.16232884]","[ 0.20913127  0.443588    0.74539505  0.10276729  0.59021784 -0.05302381
  0.65714847  0.50179625  0.16231671 -0.16262934  0.68112451  0.65901515
  0.63763026  0.19070655  0.55610551  0.46229324  0.21585386  0.37117338
  0.51209804  0.49955081  0.09456833  0.60027045  0.14879874  0.10811245
 -0.21629623  0.22692774  0.58760585  0.53653338 -0.37408342  0.28989703
 -0.37329174  0.2418414   0.56678633  0.79980362  0.59353258  0.78700999
  0.5227006  -0.14487592  0.03276391 -0.50797744  0.55660373  0.22109799
  0.55512052 -0.01985473  0.39209987  0.70519306  0.67569432  0.22248684
  0.28909102 -0.19180173  0.37880336  0.47042406 -0.09595099  0.49730594
  0.55939805  0.52348886  0.14670886  0.27799178 -0.07062749 -0.22287575
 -0.30721228  0.42844633 -0.48257883  0.13815676  0.46663324  0.08779599
  0.40440978  0.7021489   0.19777765  0.14225633  0.36120367  0.46839846
  0.36728686 -0.33423523  0.0429814   0.23058435  0.24391233  0.14106454
  0.72502508  0.16572968  0.06335511  0.36454906 -0.20053249  0.53709335
  0.03251234  0.6781957  -0.03783557 -0.38281641  0.68093929  0.72394046
 -0.13863793  0.46994426  0.54155915  0.39348093]","[-0.2271876   0.05855203  0.29710067 -0.0098316   0.60367616  0.0694372
 -0.34699342  0.2386944   0.24732844  0.48359191  0.35824074  0.18573583
  0.42438818  0.00858317  0.0488545  -0.49623128 -0.49035347  0.02075856
  0.11694916  0.37019     0.61298002  0.28085071  0.34786937  0.51973201
  0.41979311  0.03463547  0.3359169   0.54246023 -0.16678653  0.00975157
  0.54579227  0.0049542   0.48449774  0.301744   -0.43715755  0.17309562
  0.26011135 -0.40824787 -0.26133208  0.77871193  0.34356195  0.28740812
  0.39730269  0.34366916  0.82165548  0.35413021  0.13791507  0.57426382
 -0.17880217  0.86339261  0.40209258  0.01687867  0.67046176 -0.05141366
  0.35436112  0.62986737  0.40975457 -0.18305368 -0.41033431  0.05874826
  0.52971435  0.19482265  0.58400648  0.70115953  0.37240401  0.2294099
  0.42489159 -0.41282209 -0.39551404 -0.2188325   0.58693767  0.59118579
 -0.58349739 -0.27478648  0.40573562  0.33957236 -0.37542865  0.47347327
  0.63251031  0.62659531 -0.31599807  0.56471262 -0.27464842 -0.3369063
  0.80103399 -0.1888687   0.22629791  0.56532884  0.68309366  0.42728184
  0.3523509  -0.01746487  0.24952932  0.38715744]","[ 0.82442333  0.18787561  0.1918225  -0.11504629  0.46116928  0.43873903
  0.69002951  0.59486395  0.58230384  0.51651298  0.38631838  0.19517808
  0.52160927 -0.39185822  0.3632052   0.43005745  0.34190655  0.47723035
  0.16558368  0.54584323  0.52338534  0.52375284 -0.11680918  0.42219947
  0.17922851  0.48377323  0.8324494   0.0041198   0.04017547 -0.15598625
  0.59921004 -0.0054606   0.45233037  0.59727213  0.47809781  0.75728789
  0.52028699  0.5737789   0.76583516  0.66019198  0.41745898  0.3844578
  0.48728747  0.35618552  0.57235727 -0.0769706  -0.08989538  0.55218107
 -0.17282388  0.80236967  0.37643973  0.47658247  0.47703154  0.30062452
  0.346586    0.56076447 -0.43630116  0.63760658  0.16010806  0.58744074
  0.36883739  0.47445326  0.69334522  0.7081137   0.41299607  0.60273692
  0.63495247  0.50537363  0.36919629  0.07364742  0.42946847 -0.23048389
  0.66005568  0.34106735  0.1295343  -0.08363282  0.2234871   0.7343206
  0.27561326  0.07960373  0.1241982   0.70353989  0.27739556  0.29465495
  0.59246959 -0.50628345  0.5447523   0.59922903  0.72248766  0.64017865
  0.5228883   0.0472677   0.12751356  0.21774642]","[ 0.65892462  0.41155949  0.0279599  -0.37803776  0.23188092  0.3305835
 -0.3021972   0.60309133  0.42448394  0.47085085  0.03717759  0.39810678
  0.70286151 -0.16329355 -0.26887703  0.42725395 -0.23440343  0.53661165
  0.5783545   0.49792998  0.42441227  0.48640016 -0.33168859  0.55732616
  0.29523651  0.25215653  0.72910107  0.2158076   0.57916497 -0.01228105
  0.55948215  0.3826126   0.22915266  0.59381109  0.18138705  0.51776635
  0.25801259  0.23900348  0.62463783  0.3800864   0.42144944 -0.04469811
  0.48196711  0.30422574  0.32605263 -0.13987495 -0.49328095  0.6001926
  0.10302771  0.74558328  0.52751685 -0.15484222  0.69183414 -0.34282762
  0.10216806  0.69165768  0.11094491  0.33748297  0.19622189  0.60748103
  0.68840433  0.5240063   0.66611032  0.69645723 -0.01907463  0.5952857
  0.6606582  -0.23272135  0.37964264 -0.55141885  0.0839437   0.49054929
  0.56152949 -0.20945242  0.37994321  0.13391947  0.08402441  0.68649861
 -0.07684504  0.16518272 -0.40013511  0.54802343  0.16760262  0.61265159
  0.27619674 -0.02371091  0.53661465  0.37276214  0.692073    0.6225675
  0.69103511  0.57006604  0.18182328 -0.01196137]","[-0.2115527   0.15855888  0.51322776 -0.31473223  0.62163734  0.46868384
  0.65031548  0.38992441 -0.289736    0.33559165  0.61910797  0.31062222
  0.55918863 -0.06473948  0.33726805  0.44001215 -0.14239511 -0.10133736
 -0.23486351  0.37057795  0.27125324  0.48024711  0.28049325 -0.11802242
  0.33942612  0.28189347  0.47697416  0.51710358 -0.4156567  -0.28540183
 -0.08130654  0.19869256  0.47013258  0.5953423   0.52753914 -0.16986787
  0.37219944  0.11064902  0.247932    0.28244198  0.25302201 -0.26895762
  0.30782455 -0.25480961  0.60271973  0.12905606  0.32373004  0.50742982
  0.07353635 -0.0289374   0.33675589  0.41738021 -0.27392878  0.05509669
  0.50229287  0.47679135  0.35072721  0.30930692  0.22551501  0.3099649
 -0.20167797  0.1092627   0.62418215 -0.20580538  0.26087884 -0.09727313
  0.33942061  0.67382716 -0.26871613 -0.30591054  0.10065865  0.40568204
  0.66228801 -0.23828426  0.10249996  0.21539126 -0.01691849 -0.03757722
  0.27744764  0.25437472  0.12032152  0.08520571 -0.29553997  0.31104322
  0.3955708   0.13121229  0.22438336  0.27750412  0.53500932  0.70851743
  0.2508267   0.52379065  0.57983675  0.46836417]","[ 0.01162057 -0.32458457  0.37057013  0.23032665  0.19978181  0.1815171
  0.29971312  0.37166536  0.01483675  0.26595868 -0.44525268 -0.32719465
  0.33488895 -0.2548303  -0.18741629  0.3638851  -0.29038771 -0.06384583
  0.72605792 -0.2306425   0.39117953  0.41354454  0.05541314  0.31635459
  0.44593058 -0.0467013  -0.2972904   0.45770705  0.12662693  0.32054636
 -0.11034716  0.16121075  0.30994137 -0.17527217 -0.25048403 -0.23393861
  0.51730557 -0.14821484 -0.11959448  0.2158067  -0.00137449  0.05874846
  0.52212281  0.01819309 -0.22040007  0.12424771  0.10648809  0.46656636
  0.15112978  0.62396517 -0.23245977 -0.32505204  0.42248854  0.24264829
 -0.05379608  0.70676603 -0.31203321 -0.00774188 -0.38415872 -0.10991604
  0.63971757 -0.41708609 -0.00434349 -0.05166611  0.47716167 -0.398906
  0.13883646 -0.34421578  0.09285506 -0.56163775  0.55746116  0.76284659
 -0.31540934 -0.25704018  0.50082346  0.37978918 -0.2903279  -0.51631971
 -0.04867614  0.382455   -0.1726186  -0.0387702   0.07025898  0.13451372
  0.10918196  0.40302132  0.21537862 -0.58554866  0.55388715  0.52762851
  0.66826179 -0.14816443 -0.07777059  0.33016595]","[-0.406086    0.09412763 -0.30161728 -0.27688385 -0.26194207 -0.01599342
  0.53551038 -0.39980623 -0.37501437 -0.40407378 -0.10052562  0.45650679
 -0.00417562 -0.15475172 -0.09690045 -0.4600258   0.00227624  0.49394187
 -0.04058565 -0.06552834  0.55507025  0.39591788  0.47850637 -0.18979163
 -0.27838596 -0.05373091  0.35294904  0.26076649  0.33614976  0.01517213
  0.03781808  0.36014317 -0.35796609  0.40141505  0.09669933  0.30620977
  0.34781387  0.36989918 -0.23289899  0.36022577  0.23675909  0.0067264
 -0.26667656 -0.20792031  0.44726409  0.52322804  0.14180839  0.21434035
  0.23762621  0.61020011  0.5370683   0.17803528  0.28414663 -0.23631792
  0.15205877  0.35003071  0.00222375  0.14384221 -0.11150643 -0.29359275
 -0.05053904  0.01787453  0.69962057  0.37118067  0.34597387  0.12705712
  0.29280086 -0.15151314  0.43290427  0.28018868 -0.02160133  0.16041523
  0.20574391  0.3050416   0.367218    0.28011614  0.43987016  0.65494824
 -0.00315665  0.22911754  0.29876258  0.67259711  0.61727838  0.27147495
  0.63518356  0.31872909  0.6022428  -0.06622849  0.02957985 -0.51929334
 -0.2171552   0.26605684  0.40401281  0.1889274 ]","[ 0.27358802  0.11132743  0.18531848 -0.4550447   0.24253529  0.39588496
  0.59497103 -0.36675224  0.12909691 -0.17945718  0.58769909  0.15706203
  0.33986795 -0.507705    0.30092818 -0.57112874  0.28495889  0.17488511
  0.27357306  0.41409011  0.44837391 -0.31333179  0.17456071  0.15904334
  0.5616282  -0.06099514  0.7081385   0.03663615 -0.1259609   0.18680451
  0.39660447  0.64896024  0.52319467  0.48763262 -0.41720005 -0.1752979
  0.4418976   0.60737229  0.51706094  0.67538201 -0.06261365  0.30298434
  0.20130667 -0.02668635  0.36486157 -0.39613882  0.36663113  0.70007827
 -0.3315557   0.37306571  0.63243472 -0.43453225  0.15580892 -0.41451338
 -0.22874432  0.60419399 -0.06723647  0.31208005 -0.19989709  0.32380553
  0.02140402  0.18939886  0.69192525  0.7865542   0.12721151  0.40842579
  0.33483014 -0.037188    0.11747073  0.27039617  0.38785882  0.66217482
  0.09035919  0.38016735  0.31170929  0.10498145 -0.07746212  0.59162603
  0.50860122  0.14305171 -0.03610222  0.13242165  0.44657099 -0.00302271
  0.42714209  0.79033911  0.54454084  0.38224409  0.23175564 -0.30613419
 -0.30321699  0.61495649  0.42641271  0.36537074]","[ 0.60296128  0.43084829  0.42325143  0.37878531  0.28054579  0.17136658
  0.44361531  0.34047345  0.43314006 -0.27128086 -0.10647417  0.66940242
  0.24351315  0.16943768  0.4481288   0.20795955  0.61784232  0.6372794
  0.13639452  0.49578772  0.20437271  0.61882749  0.66938462  0.49394232
  0.43856613  0.48804655  0.62627575 -0.13940511  0.32938823  0.26810933
  0.15322362 -0.30360074  0.29266682  0.62731017  0.38911892  0.64078879
  0.22794509  0.69391461  0.68642434  0.60243044  0.39623425  0.57113296
  0.5295372  -0.33774714  0.78162992 -0.38105867 -0.62202095  0.35601991
 -0.01262809  0.82756383  0.69664968  0.37772208  0.65915225  0.09651714
 -0.32167659  0.50229978 -0.042503    0.25875102 -0.17855777  0.2386692
 -0.10908921  0.02731012  0.568053    0.36969885  0.34992778  0.41018863
  0.39740073  0.01750733  0.22438488  0.5022413   0.47607301 -0.36209559
  0.64880369  0.46262892  0.4154801   0.3474101   0.25100204  0.78662202
  0.76302492  0.41475288  0.12746817  0.73788657  0.26344973  0.56388867
  0.42288465  0.30657183  0.37269868  0.61021397  0.62940247  0.58956804
  0.44811548  0.07338862 -0.23590378  0.52828333]","[-0.12658403  0.12265305  0.44167672  0.23998986 -0.20270155 -0.53933644
  0.07101928  0.13463451  0.42503591  0.74547729  0.3654176   0.03850342
 -0.1642591   0.31821952 -0.34029447  0.16423936  0.12485327  0.46513116
 -0.58265436  0.2986703   0.47561364  0.22521928  0.35466996  0.1397842
  0.81639088  0.18252043  0.82903672 -0.34946916 -0.04501013  0.39010311
  0.55077438 -0.03011744 -0.03001514  0.82005498 -0.42220078  0.51113113
 -0.51852766 -0.36190348  0.57703735  0.5797481   0.26587839  0.66281975
  0.63336859  0.27677363  0.81412064  0.68952818 -0.07296321  0.31575486
 -0.20922088  0.48018015  0.57205411  0.53156407  0.48562387 -0.3940784
  0.55393547 -0.28270775  0.37877175 -0.44495796  0.01562371 -0.39584013
  0.18964739 -0.45254871  0.40053613  0.54564379 -0.04490801  0.43333141
  0.40899964  0.60029439  0.40841787  0.48690764  0.39468141  0.4530511
 -0.56165316  0.34428557 -0.07584317  0.1288366  -0.12763189  0.717067
  0.47769249  0.80325683  0.37700213 -0.04229575  0.20501658  0.14520596
  0.72478754  0.04482754  0.15326601  0.57306252  0.53036011  0.64821801
  0.35745553  0.17249753  0.24271334  0.1533736 ]","[-0.29994932  0.51079682  0.32598926  0.55168655  0.44634495  0.26180877
  0.83543251  0.11068249 -0.36658816 -0.01027293  0.71548517  0.54081884
  0.68681558  0.11738386  0.53349468  0.43223283  0.54775101  0.16697641
  0.49196754  0.56512788 -0.11663541 -0.38329414  0.39184853  0.00800721
  0.63081515  0.46375608  0.28215013  0.74306399  0.16330398  0.39242748
 -0.20593359  0.34010906  0.55108088  0.81558417  0.64473497  0.70072132
  0.56491018  0.43763183  0.50291648 -0.49241539  0.50877403  0.07866657
  0.57445809  0.16367884  0.69094998  0.62383585  0.66472659  0.33063417
  0.44082868  0.04161672 -0.06758636  0.67372986 -0.049769    0.64023697
  0.67393996  0.33724135  0.20719582  0.62586837  0.35309805  0.30531214
 -0.24393871  0.11387666 -0.03592108  0.45746172  0.61399389  0.11516577
  0.53578674  0.78382349  0.03775535  0.35933793  0.39079212  0.56597489
  0.57160461 -0.00582057  0.63034057  0.1860875  -0.12918614  0.4694999
  0.73192416  0.36428071  0.29839365  0.52223342 -0.33492141  0.41342757
  0.78309743  0.80152902  0.14090677  0.50576878  0.65484782  0.41075263
  0.31852937  0.44452293  0.63766479 -0.29966885]","[ 0.15177805 -0.06910292  0.46637365 -0.28783307  0.38536282  0.47750801
 -0.28048769  0.20648584  0.24596544  0.53004646  0.28954499  0.60512748
  0.47025961  0.09009184 -0.22765639 -0.37399415 -0.22965785  0.27848225
 -0.30374397  0.44441037  0.62244087  0.48137343 -0.29684539  0.35532598
  0.44825761  0.04071128  0.43766169  0.16070734  0.10717812  0.10503273
  0.56729731 -0.23016148  0.476362    0.42811648  0.04004919  0.36185341
 -0.12983432  0.32546827  0.50196463  0.69266662  0.50931703  0.33092051
  0.80296532  0.33771633  0.86591945  0.58908654  0.23496425  0.22145304
 -0.28984564  0.84265674  0.4243465   0.09557138  0.66872956  0.23001858
  0.35816738  0.74169614  0.39947459 -0.07434228  0.0264859   0.2353859
  0.54532582  0.22749465  0.53950596  0.83452987  0.49279163  0.41336111
  0.48387836 -0.31160645  0.33593468 -0.42805067  0.76566775  0.58416243
 -0.12702551 -0.38753001  0.57118415  0.20497948  0.27677563  0.28826932
  0.54076372  0.40947907  0.14395578  0.43304694 -0.26084709  0.24081674
  0.60878061 -0.23630796  0.28541711  0.54976704  0.63917285  0.35342737
  0.39257112  0.08331951  0.24183232  0.44341036]","[ 0.73811853  0.20633111 -0.22012581  0.28906418  0.4368742   0.40627392
  0.66863799  0.50766083  0.45626287  0.33017871  0.19893877 -0.0614352
  0.40806537 -0.25933437  0.20309133  0.36026679 -0.26585642  0.00334083
 -0.03212094  0.47755825  0.4856323   0.14310032  0.02748044  0.28275923
  0.28492981  0.43571375  0.67733315  0.17840837 -0.29609119  0.20675571
  0.52661255 -0.04506611  0.54052654  0.3530575   0.51683336  0.55228502
  0.26923769 -0.24466976  0.68322092  0.41431842  0.34983575  0.31625644
  0.19328843  0.18675487 -0.43248329  0.34973528 -0.01553931  0.30537908
 -0.39482888  0.73719041 -0.26831368  0.3648252   0.44692551 -0.16426682
 -0.32111426  0.530495   -0.4395287   0.5431064   0.30569025  0.3537224
  0.33225046  0.187643    0.67030376  0.44797625 -0.25983112  0.50879927
  0.14619046  0.02564219  0.21784849 -0.57393705 -0.13094858  0.12629608
 -0.12766975  0.0614175   0.13679461  0.30042823  0.15932839  0.60436689
 -0.45842818  0.05081194  0.44342534  0.63491075  0.12412724  0.28918425
  0.49955085 -0.56296799  0.32180637  0.68248777  0.72643867  0.57373178
  0.18849223  0.53355375 -0.09381259 -0.04834209]","[ 0.66532592  0.35726386 -0.32392406  0.15188758  0.57258698  0.31876743
 -0.12814687  0.52102099  0.35436355  0.51199373 -0.04939668  0.45280237
  0.56512014 -0.0163682   0.30449671  0.46880928  0.47002942  0.40513099
  0.37646816  0.52573125  0.57332851  0.45841755  0.23031901  0.06337844
  0.41753188  0.20806042  0.65907094  0.23956457  0.3718746   0.40774691
  0.32102828 -0.168646    0.27491456  0.63407801 -0.00581914  0.53579266
  0.29989795 -0.1156211   0.68385885  0.46569728  0.47819547  0.30937475
  0.42563049  0.34984723 -0.18059677  0.19436258  0.00449582  0.56510082
  0.08476778  0.74133026 -0.29405309  0.57987053  0.65996357  0.1658344
  0.09543293  0.75514311 -0.55294762  0.51043476  0.13650329  0.39735266
  0.64469698  0.46653689  0.66712643  0.43181335  0.37161009  0.57780054
  0.48307069 -0.39988903  0.53618945  0.33455164  0.48560552  0.28211135
  0.77251596 -0.42218506  0.64480462 -0.14461176 -0.27262436  0.62153127
  0.57280493  0.04556892  0.30314014  0.46452517  0.34078704  0.71774915
  0.0227952   0.30754064  0.62173549  0.62756608  0.71305418  0.56399312
  0.26384284  0.68126671  0.03971422 -0.07073532]","[-1.06638752e-01  3.07388204e-01  5.23555190e-01  3.61357122e-01
  7.05316986e-01  3.76551483e-01  7.55695740e-01  9.58262071e-02
 -3.18988910e-01  1.58863314e-01  7.33340708e-01  3.98882573e-01
  6.14688456e-01  3.31055544e-01  2.13223201e-01  2.86811171e-01
  4.21005604e-01  2.49171337e-01  5.04337018e-01  3.95137880e-01
  1.44250902e-01  1.07143474e-01  3.49746323e-01 -1.80650726e-01
  4.89298500e-01  5.08648936e-01  5.97299930e-01  6.50532941e-01
 -3.01526237e-01 -1.25849141e-01  8.17797794e-02  2.71679388e-01
  4.62802811e-01  2.93769166e-01  6.05997673e-01  4.90324104e-01
  4.98709403e-01  1.28883671e-01  3.35537975e-01 -3.99047047e-01
  1.90556065e-01 -2.34001314e-01  6.92506017e-01  9.89816112e-02
  6.47439938e-01  4.84063372e-01  4.27517918e-01 -1.50870921e-04
  5.06840223e-01  3.10083387e-01  1.21242126e-01  2.72359889e-01
 -3.06507913e-01  6.55997822e-01  5.61986047e-01  2.46482434e-01
 -5.05368563e-02  6.11045042e-01  4.45134022e-01  3.29880253e-01
  5.49305132e-02 -4.69596617e-01  4.92487831e-01  2.36717195e-01
  5.34180963e-01 -3.24957481e-02  5.02180585e-01  7.16817931e-01
 -2.60798174e-01  1.60887171e-01  3.10719789e-03  5.14012232e-01
  5.75711271e-01  4.76893548e-01  6.19621270e-01  3.10633095e-02
 -4.29826924e-01  3.16611269e-01  5.92423089e-01  7.15430792e-01
  4.32049114e-01 -5.76922485e-01  7.11904991e-02  5.28439815e-01
  6.22550343e-01  6.21358183e-01  2.21599403e-01  8.04315653e-02
  6.45078695e-01  5.91664719e-01  3.06749338e-01  6.10959026e-01
  4.24280211e-01 -1.52278411e-01]","[ 5.11758493e-01 -3.35426578e-01  4.10137193e-01 -6.14690117e-02
  3.25640294e-04  2.97609670e-01  1.47851224e-01  5.03076476e-01
  2.46747144e-01  2.11325970e-01  1.47397834e-01 -3.38993618e-01
  4.05101983e-01  2.89116414e-03 -2.86246583e-01  4.93924681e-01
  5.33677926e-01  4.46816143e-01  5.90590302e-01  1.87848470e-01
  3.02614540e-01  2.84297138e-01  3.69971006e-01  5.06134707e-02
  3.37161114e-01 -5.26200139e-02 -3.69653645e-01  5.82550508e-01
  2.34545388e-01  4.45655395e-01  3.74819133e-01  2.65069966e-01
  9.66847863e-02 -2.10582428e-01 -2.00652380e-01  4.75391888e-01
  5.09766987e-01 -3.91384110e-01  1.33246240e-01  3.30707356e-01
  1.99365283e-01 -2.84793622e-01  7.02800480e-01  1.96855657e-01
 -1.27297783e-01 -2.25318345e-01  3.19476567e-01  4.26433759e-01
  1.87181385e-01  5.93635486e-01 -7.87517703e-03  5.66763482e-01
  5.79901607e-01  4.91615668e-01 -5.28619475e-02  8.25374229e-01
 -1.40408139e-01  3.35196705e-01  1.86826468e-01  4.42170551e-02
  6.61696107e-01 -5.95533931e-01  4.50175462e-01  3.40142067e-01
  5.38789872e-01 -3.37534156e-01  4.09717570e-01  1.88273381e-01
  3.50035464e-01  3.35624525e-02  6.17044528e-01  4.96723913e-01
  5.26670179e-01  1.52351665e-01  7.01286045e-01  2.93798353e-01
 -3.35797646e-01 -1.01451137e-01 -5.89451380e-02  2.88798158e-01
  2.87085442e-01 -1.14789406e-01  2.49359292e-01  4.32179935e-01
  3.51341677e-01  1.36662859e-01  4.87932067e-01  1.24705842e-01
  6.26555486e-01  4.60993629e-01  4.79131591e-01 -4.35228339e-02
 -2.18865299e-01  3.85001034e-01]","[-0.40758013 -0.11219984  0.05291249 -0.41544578  0.33192848  0.19247758
  0.49318494 -0.16377232 -0.13424805 -0.0487447   0.3309392   0.07871214
  0.42643005 -0.57354256  0.29955961 -0.21272439 -0.34989183 -0.47405979
 -0.10026225  0.37239254  0.03115808 -0.14937815 -0.05297283 -0.14012984
  0.3895471   0.05111616  0.69036052  0.2024169   0.26837714  0.19037457
  0.30469404  0.69085468  0.39348727  0.32413724  0.40859918 -0.1347441
 -0.23922001  0.25381068  0.31541136  0.66296855 -0.04005208 -0.10198837
 -0.18023321  0.23534617  0.61187807  0.35968936  0.12336611  0.37740909
 -0.41283673  0.42256171  0.3239989   0.07791702  0.25199449  0.270754
 -0.27791857  0.39649199  0.05840047  0.18148425  0.21491913  0.33235265
  0.09435074  0.02779957  0.72312658  0.40385909  0.06395522 -0.26873855
  0.47644043  0.06672548  0.26920442  0.03117395  0.00497681  0.38335253
  0.33893914  0.26466992  0.38604783  0.33525417 -0.08417293  0.53203622
  0.46264858 -0.31642689 -0.34371566  0.30614637  0.43248477  0.38605837
  0.35138266  0.47762796  0.16955841  0.39480068  0.13485459 -0.19407225
 -0.563611    0.19739197  0.21842974 -0.46851482]","[ 0.20780357 -0.39578631  0.24065393  0.11878925  0.47535534  0.52432826
  0.58614055 -0.45980416 -0.0710069   0.41076923  0.68076353  0.31978596
  0.39060604 -0.43451087  0.58632147 -0.53968142  0.24952259  0.37645511
 -0.00678445  0.45753062  0.27419446 -0.32647465  0.13322915 -0.54240096
  0.47591242  0.18368026  0.60839966 -0.01265105 -0.26476478  0.32605515
  0.60168113  0.5771005   0.81192865  0.21570089 -0.50024282  0.58209035
  0.60219803  0.38523181  0.7020416   0.69453746  0.52031252 -0.28316899
  0.28624313  0.22711447  0.25145726  0.43948668  0.45883155  0.60815283
 -0.24598896 -0.31736776  0.27198989  0.23963691  0.28928946  0.16300151
  0.37590767  0.38494538  0.23567444  0.17405442  0.55561994  0.46272367
 -0.15752656  0.0804256   0.61416893  0.51585075  0.14154251 -0.35734481
  0.49802842  0.13213445  0.14342677  0.56495328  0.57391265  0.6804112
  0.62173416  0.40158632  0.62675878  0.03128623  0.6023465   0.16515649
  0.69183575  0.29382074 -0.35476598  0.32298207  0.60122976  0.41448797
 -0.45251842  0.81656685  0.51096153 -0.17059065  0.50274185 -0.15711166
  0.23967467  0.76305993  0.62405641  0.50223201]","[ 0.30119299  0.53793352  0.13220688  0.33131237  0.49986381  0.16818327
  0.41181275  0.29605164  0.16943609 -0.34148469 -0.21814984  0.55371579
  0.42655272 -0.36030647 -0.09615875  0.41499816  0.37070657  0.55319161
  0.11065576  0.3642726   0.34716411  0.53594954  0.64384086  0.49386707
  0.45598722  0.31777515  0.71747156 -0.09393547  0.10936664  0.26936033
  0.33428029 -0.29167639  0.06268318  0.60542645  0.45834849  0.57978218
 -0.27398989  0.45562094  0.36952471  0.60483924  0.10449337  0.50293625
  0.28277953 -0.14444587  0.76302541  0.10316811 -0.48760253  0.33109722
  0.24468295  0.82764661  0.6243866   0.56779141  0.65201453  0.01062296
  0.09562188  0.54635821 -0.1451297   0.15090952  0.19365733  0.355322
  0.44857571  0.04024526  0.75802259  0.41421762  0.40236751  0.42145104
  0.20977327  0.16744188  0.25374686  0.08228406  0.23734553  0.18161123
  0.01460433  0.1198068   0.21145806  0.26673403  0.22838814  0.75961481
  0.49613302  0.1577979   0.03642161  0.81492172  0.31480683  0.55352003
  0.38236575  0.30600595  0.20002661  0.6369014   0.57104556  0.4083578
  0.54746436 -0.00448526  0.06891454  0.37913543]","[ 0.59178821  0.16365226  0.04086854  0.21502078  0.16290561  0.06140587
  0.07508844  0.19889398 -0.07367554  0.53599042  0.27070318  0.3838236
 -0.53203705  0.37625372 -0.07432533 -0.22824772  0.1612307  -0.29740238
  0.67804511  0.01460389 -0.31376249 -0.29093429  0.1562002  -0.19695115
  0.284382   -0.29211434  0.41547302 -0.23690666  0.61323851  0.36040407
  0.11157068 -0.35978297 -0.08762523  0.16057809 -0.0973008  -0.23278886
  0.484055   -0.2182195   0.07758387  0.08123553  0.18867481  0.39051574
 -0.645868    0.4722954  -0.14916944 -0.04328738  0.16774745  0.33376894
 -0.41672499  0.42809308 -0.30873221 -0.04139091 -0.1021189  -0.10085422
 -0.17905783  0.14512067  0.24259353  0.3811841   0.17326716  0.53511291
  0.41268758  0.17050849 -0.02487645  0.32788019 -0.41025407 -0.17967533
  0.22672006 -0.41387783  0.41723989  0.1085041   0.56138704 -0.2688313
  0.58674215 -0.07498876  0.36964833  0.36543157 -0.01020904  0.06328864
  0.0226188   0.35552768 -0.2457574   0.12098626  0.08831966  0.42900081
  0.16411495  0.48868978  0.17131437 -0.40225067  0.19215746 -0.58363351
  0.09333743 -0.08135633 -0.5305812   0.36553935]","[ 0.41667674  0.3303338   0.45824856  0.55498594  0.44473749  0.53836663
  0.66641517  0.74387962  0.51508654  0.43664863  0.35269582  0.45468554
  0.30044621 -0.2636548   0.18866819  0.17456835 -0.50203767  0.43539099
 -0.07418652  0.5506171   0.60392745  0.60532269 -0.44174205  0.15792465
  0.49484578 -0.36935841  0.57553752 -0.19586128  0.32953166 -0.39139056
  0.61025849  0.60979884  0.25479081  0.64485822  0.43684904  0.5882253
  0.76449977  0.37256205  0.73880243  0.81831498  0.34483626 -0.3647839
  0.67387344  0.17584751  0.78604809  0.10034809  0.33997163  0.60470418
 -0.1059223   0.78526642  0.37099415  0.1847724   0.63983176  0.18786037
  0.33975469  0.69705142  0.25245582  0.61718998  0.15239725  0.56510767
  0.59535736  0.30989865  0.70634436  0.42385609  0.42763323  0.46134649
  0.74581549  0.31167177  0.47236339 -0.39535206  0.17032885  0.4101107
  0.46947427  0.15929131  0.06733646 -0.05645861  0.31124312  0.86056935
  0.5573574   0.06855652 -0.28577795 -0.62412606  0.6306702   0.55705047
  0.32880543  0.43626529  0.49541181  0.52254286  0.59094007  0.46638399
 -0.30580142  0.47389448  0.3557378  -0.37540316]","[ 0.70193847  0.44972729  0.2317242   0.04797652  0.09254368  0.10559607
  0.68163383  0.74720094 -0.17520902  0.51588505  0.46279312 -0.39323974
  0.45701261  0.18175748  0.05365606  0.50418735  0.23145544  0.05880168
  0.60356129  0.71381869  0.60646992  0.4444138   0.32652076  0.52865988
  0.49745305  0.43255842  0.7384401  -0.03580878  0.30799412  0.39798236
  0.60282912 -0.36578154  0.36302919  0.73902141  0.5285819   0.85571046
  0.4637833   0.70480768  0.71784083  0.50487321  0.37249551  0.57734292
  0.70563368  0.50143604  0.83114641  0.4311203   0.36056552  0.62586236
  0.54159747  0.82261201  0.74273947  0.39506897  0.16079143  0.41958051
  0.72517989  0.56065832  0.35309249  0.28616326 -0.0648943   0.59301588
  0.5248555   0.40576408  0.57933236  0.48971741  0.31263419  0.55839254
  0.75660847  0.47720808  0.34636298  0.26773579  0.55397739  0.42655364
  0.32307512 -0.46165658  0.33683655 -0.29240358  0.1601227   0.85558442
  0.4686996   0.27558787 -0.11026978  0.68497866  0.12886104  0.76280875
  0.82987061 -0.14639813  0.54853074  0.35893692  0.56284386  0.40476508
 -0.33678452  0.182122    0.38935912 -0.05913402]","[ 0.50630588  0.01353769  0.67296123  0.06042523  0.35930986  0.04103618
 -0.08689146  0.37741917  0.57673171  0.24375546  0.32765648  0.00691382
  0.16733023  0.08316339 -0.16275102  0.59157425  0.14919152  0.18676564
  0.61432843  0.13221639  0.41526304  0.39470217  0.43815247  0.22659008
  0.26879137  0.37547237  0.83613185 -0.36377866 -0.3257204   0.47472321
  0.38777086  0.26301951 -0.24390481  0.61261607  0.15393049  0.70517717
  0.50802957  0.59497009  0.48032151  0.56955829  0.19151098  0.38084754
  0.45336024  0.10651687  0.2520395   0.5651582   0.2456238   0.44928586
 -0.03569987  0.60324827  0.43695446  0.44174929  0.49892574  0.55951126
  0.17759529  0.50851764  0.36813935  0.49306975  0.47020078  0.6719756
  0.12198434  0.2807276   0.62541583  0.58389777  0.63891118  0.56597779
 -0.48998245  0.23228766  0.21366403  0.75009068  0.60553096  0.45485891
  0.29970864  0.04986199 -0.09060216 -0.45221885  0.04836742  0.65507486
  0.13649434  0.41721472 -0.01469662  0.44180349  0.02039973  0.53365149
  0.44030574  0.32454732 -0.10728144  0.62632182  0.33964654  0.46222584
  0.13637483  0.37833794 -0.60278313  0.09255479]","[ 0.60127182 -0.34736791  0.33699583  0.69610434  0.62993475  0.08652705
  0.24544273 -0.05576272  0.20930801  0.656077    0.57121067  0.14982878
  0.47374431  0.27409822 -0.08429936  0.5268604   0.35579182  0.63764009
  0.19016485  0.15545009  0.26488373 -0.30003648 -0.24354374  0.03877714
  0.29453807 -0.420638    0.63945089  0.45951725  0.06576334  0.50572138
  0.35421605  0.14076947  0.08910235  0.39240285  0.55248753  0.58209247
 -0.37616763  0.46238153 -0.13314914  0.61535558  0.53738567  0.44564094
  0.16810495 -0.09053992  0.71529945  0.55123752 -0.350509   -0.35050447
  0.32946504  0.83854421  0.02683645  0.57686724  0.74583977 -0.45032464
  0.26283165  0.13417545  0.10963463  0.39355392  0.32854504 -0.43148451
  0.25774349  0.38077842  0.63285079 -0.11391257  0.05919497 -0.16077297
 -0.1898307   0.28098107 -0.40866677  0.06554502  0.67284674  0.63911971
  0.44985793  0.10134623  0.61402869  0.29151472  0.4857786   0.53472025
  0.66234734 -0.11941812  0.03299751  0.52321685  0.53067495  0.18718044
  0.26651414 -0.48905779 -0.26854575  0.19769969  0.02191378  0.32904887
  0.23657275  0.44544469  0.50454029 -0.10573645]","[ 0.48307648 -0.4768962  -0.29971905  0.43368121  0.8432602   0.60226375
  0.71750229  0.28279022  0.4491683  -0.45302567 -0.01411897 -0.03718823
 -0.0128956  -0.24523904  0.25466612 -0.46199028  0.38146471 -0.47358625
 -0.33681615  0.25150932  0.54986178  0.56547683 -0.44223298 -0.50043036
  0.53683827 -0.14740868  0.16427158  0.41509246  0.1153307   0.46664239
  0.38764164 -0.21165539  0.58516227  0.19926239  0.55546862  0.26796083
  0.60628144  0.49390461  0.53685753  0.71931763 -0.08261092  0.17935272
  0.36952358 -0.40500015  0.73527978  0.43110533  0.59008151  0.55142615
  0.52929973  0.80080819 -0.04261119  0.82174555  0.41642626  0.17447829
  0.48803157  0.70709879  0.09255903  0.65206411  0.2862459   0.00861453
  0.21688969  0.39412237  0.54452568 -0.34015909  0.71060955  0.05470395
  0.45974174  0.19151512 -0.21705676 -0.34243676  0.53364377  0.63216735
  0.7248828   0.22556206  0.7752531   0.13114545 -0.0980021  -0.03826253
  0.22025973  0.44945975 -0.03278268 -0.0728073   0.10067034  0.02936988
  0.08793381 -0.11137938  0.65831515  0.65523066  0.0760395  -0.24789554
  0.63804925  0.30684976  0.5827027   0.61735192]","[ 0.47235759 -0.50331893  0.62034629  0.69244161  0.7088694   0.57173649
  0.56557602  0.6896995   0.38641996  0.31642782  0.36770643  0.51489945
  0.21539593  0.26162709  0.09240936  0.0532105   0.39858054 -0.31824907
  0.34832394  0.42844196  0.33226505  0.46447435  0.44370509 -0.13543647
  0.40494038 -0.34274461  0.59485891  0.56047453  0.13908855  0.18624875
  0.32607049  0.25516654  0.51056523  0.03551969  0.69185807 -0.23220012
  0.49825084  0.52703041  0.50451015  0.54731848  0.54135148  0.53583125
  0.52795322 -0.06438733  0.60744995  0.5235291   0.85745792  0.53484364
  0.48430229  0.39119101  0.02527891  0.59497921  0.67484446  0.20915965
  0.16610664  0.75434879  0.53083095  0.23175451  0.77867102  0.46493134
 -0.01032476  0.3509266  -0.26210546 -0.18173387  0.7558484   0.14969382
 -0.04688368  0.52507657  0.49062569  0.15656092  0.76500277  0.59869725
  0.76398597 -0.04227914  0.39750401  0.5350325   0.22140709  0.40087974
  0.25800991  0.77254529  0.44356889  0.06372612  0.31366262  0.5811004
  0.08658916  0.08371027  0.28173082 -0.07085013  0.64151249  0.22014447
  0.52474614  0.42773268  0.47655498  0.2836751 ]","[ 0.32408472  0.32176918  0.39954833  0.40224138  0.71791499  0.69016864
  0.39561139  0.54442732  0.57822759  0.40287226  0.29398698  0.09444695
 -0.07381097  0.30396054  0.10217868 -0.16335817  0.576695   -0.20454725
  0.25907739  0.24419413  0.34915673  0.34168727 -0.3590052   0.36164669
 -0.44372125  0.42282786  0.21986012  0.64981077 -0.35740375  0.12802894
  0.28400575 -0.41762148  0.1197501   0.42694652  0.53933329  0.76915765
  0.57385486  0.24283391  0.49980827  0.69704708  0.38914547  0.07933797
  0.66846417  0.13388724  0.41469638 -0.00099176  0.33933712  0.52932953
  0.4345366   0.12990845 -0.62879031  0.49835297  0.37090511 -0.0157852
 -0.21998449  0.69859845 -0.32106912  0.37779789  0.2939588   0.1029507
  0.48401132  0.4598282   0.5200074  -0.14847894  0.7137898   0.59931041
  0.69297771  0.57433374 -0.26723122 -0.03264316  0.64170663  0.80493175
  0.37211405  0.51749269  0.47589504 -0.04076192  0.46110124  0.43869271
  0.55817024  0.806245   -0.08236412 -0.28694552  0.05943226  0.52277469
  0.11427335  0.53495125  0.24099676  0.72611801  0.00556948  0.54076458
 -0.36060112  0.57214738  0.23361077  0.54038188]","[ 6.25001623e-01 -4.75834396e-01  5.08537927e-01  5.39066015e-01
  7.49375260e-01  5.47182514e-01  3.43790851e-01  4.78662727e-01
  3.36103713e-01 -3.35807782e-01 -2.47475835e-01 -3.23460740e-02
  3.38418215e-01  3.16353980e-01 -6.07548836e-02 -3.38939668e-01
  5.51243812e-01 -1.28018196e-01  5.68322160e-01  4.62257624e-01
  4.84605035e-01  3.18637458e-01  2.04320315e-01  2.36449705e-01
  2.84081146e-01  2.21398179e-01 -4.33974103e-01  4.99501589e-01
  3.81301488e-01  6.87655900e-01  5.08421690e-01  1.04775452e-01
  7.09760516e-01  2.80744384e-01  6.07739972e-01  3.10185093e-01
  3.61121694e-01  3.03895633e-01  6.58128980e-01  3.91290285e-01
  3.55462315e-01  2.21120617e-01  4.73750173e-01 -3.07935667e-01
  5.67988565e-01  3.70472530e-01  5.51284592e-01  7.67216033e-01
  4.07650336e-01  2.48826533e-01  1.84511913e-01  6.36891770e-01
  6.72276854e-01 -6.52028757e-02  3.07956553e-01  5.59052623e-01
  1.57915582e-01  5.09870488e-01  7.30228123e-01 -9.31581488e-02
  2.74982256e-01  5.78805962e-01  2.09438487e-02 -2.82032957e-01
  6.32026673e-01 -1.47700611e-03  3.54593148e-01  7.06156511e-01
  1.12520932e-01  1.95598414e-01  7.78868884e-01  6.13507208e-01
  6.85311601e-01  2.54644649e-01  5.78187193e-01 -6.97401635e-04
  1.49562015e-01  5.80303642e-01 -3.79336563e-01  2.89870253e-01
  3.44421662e-01  5.42385889e-01 -7.16515108e-02  1.33741613e-01
  6.39688881e-01 -6.93307683e-02  1.34716280e-01 -1.99070725e-01
  5.14719192e-01  1.80436650e-01  2.53142778e-01  5.89650661e-01
  5.05340739e-01  3.96948296e-01]","[ 0.56222621  0.36423034 -0.25274703  0.45420475  0.64927115  0.3823973
  0.57964267  0.4113553  -0.12927462  0.16684654 -0.0924777  -0.08693376
  0.53243469  0.3547005  -0.35451507  0.31530443  0.50218795  0.10039035
  0.28013134  0.3722591   0.51678024  0.39216593  0.05994412 -0.24556827
 -0.03623294  0.27139371  0.35486268  0.553746    0.21571581  0.29022039
  0.3246624   0.08277154  0.33495187  0.26029866  0.4992167   0.65004688
  0.57835373 -0.55799265  0.35993479  0.59809139 -0.02568775  0.49426045
  0.30929865 -0.17557461 -0.17601985  0.147122    0.67688229  0.56144599
  0.33055385  0.51033025 -0.37856873  0.70244606  0.5882762  -0.35073789
  0.11450433  0.48528053 -0.42991558  0.69224313  0.36675412  0.35411517
  0.4207206   0.65434025  0.32541329 -0.2903776   0.51686191  0.22526293
 -0.02034113  0.57022326  0.34487738  0.3065701   0.7009673   0.83827554
  0.73946556  0.26126746  0.69652824 -0.28264843  0.15264642  0.69038947
  0.5248568   0.09692329  0.3391401  -0.35841225  0.16869596  0.04627993
  0.63899515  0.58167602  0.3787253   0.1783755  -0.37428413  0.46971432
  0.66815011  0.64371516  0.09220489  0.69907955]","[ 0.45454428  0.15474929  0.17079413  0.68060409  0.66951695  0.33584069
  0.6104477   0.67603471  0.53903403  0.38975363  0.17026391 -0.14350346
  0.59597814  0.46865661  0.0167295   0.41144152  0.64986601 -0.04160284
  0.3028672   0.51137339  0.50837343  0.48118348 -0.0584194  -0.17494343
  0.79054974  0.35590259  0.356464    0.79218339  0.44963849  0.42594724
  0.06073391 -0.11872385  0.57594452 -0.3027798   0.63493952  0.59044487
  0.41888125  0.50139678  0.59210685  0.04740309  0.41889346 -0.03562188
 -0.2109529   0.48113841  0.44524063  0.09800727  0.47483251  0.78366636
 -0.30060441  0.22340391  0.38644069  0.730596   -0.37730405  0.46377069
  0.35984351  0.70078722 -0.24706493  0.6058181  -0.28821434 -0.01680601
  0.27089085  0.80515054  0.45528604  0.05982774  0.63960742  0.05044061
  0.62315183  0.71779126  0.425797    0.43450849  0.53278177  0.72581602
  0.71283724  0.02224937  0.5991177   0.35822323  0.36085505  0.46642251
  0.48881775  0.42702527  0.26248237  0.53204809  0.36204385  0.55050611
  0.60301943  0.59337307  0.4288704   0.56599652  0.69410045 -0.01504824
  0.65744802  0.59551211  0.38596303  0.7102157 ]","[ 0.37326083  0.49321915 -0.26076597  0.28912117  0.80782048  0.75190945
  0.76331119  0.31178289 -0.27967361  0.64084873  0.79208699  0.36367227
  0.18539871  0.59000326  0.6463114  -0.30140214  0.75299643 -0.59022749
  0.55950923  0.57806196  0.51851839  0.74955303  0.72615024  0.04799262
  0.46208947  0.81422171  0.60431624  0.46736149 -0.41889443  0.67511006
  0.48692137  0.68983869  0.67512473  0.85661773  0.48664197  0.76171735
  0.65400576  0.79165557  0.76209156  0.7154784   0.58841967  0.65172877
  0.30564393  0.62133949  0.85330504  0.65472383  0.6626166   0.7920962
  0.60735756  0.30932549  0.78949907  0.91006019  0.80217747  0.79400301
  0.41007808  0.66748999  0.53431887  0.56951514  0.72716169  0.4801613
  0.39620999  0.60832263  0.53056177  0.19279745  0.61274312  0.25640493
  0.48462337  0.49231812  0.23375801  0.81939713  0.70618479  0.58375903
  0.81505869  0.43794353  0.86730699  0.45280093  0.61270048  0.26980924
  0.70635963  0.29787946  0.667592    0.35962839  0.6210613   0.57786814
  0.82025846  0.81203304  0.75936511  0.49536739  0.31410518  0.60886047
 -0.48306016  0.72330835  0.37670705  0.8425707 ]","[ 0.60587592  0.2323525   0.68903409  0.72698229  0.79843273  0.63896365
  0.7526923   0.6332748  -0.01964472  0.36315397  0.69254008  0.2745431
  0.64818201  0.63944524  0.47909163 -0.39959832  0.75793679  0.2156001
  0.42778479  0.36497644  0.61484469  0.69264559  0.35191977 -0.1462577
  0.29822144  0.58435596  0.66887489  0.63542178 -0.08962568  0.60907169
  0.34605775  0.65688219  0.61523697  0.5222418   0.54002172  0.70350865
  0.71313904  0.48220564  0.61067551 -0.10753595  0.31348114  0.72023773
  0.71363025  0.52907133  0.25679598  0.08952561  0.68243161  0.70839461
  0.58015524 -0.08903131  0.46671258  0.64984295  0.51740808  0.62953416
  0.6850797   0.71837989  0.26609462  0.65912411  0.61878164  0.62673169
 -0.30597397  0.63969905  0.55852916  0.04451673  0.75348345  0.58061896
  0.33384951  0.77173176  0.2376095   0.239876    0.81358968  0.79834689
  0.8407878   0.49567126  0.7515298  -0.00653935  0.36514331  0.61865145
  0.4778456   0.62328947  0.62746718  0.44678593  0.6393242   0.48598443
  0.74526688  0.47229016  0.41698003  0.72153222  0.52424007  0.69201737
  0.73589323  0.78023015  0.20528034  0.6153    ]","[-0.03853055 -0.43405853  0.5555754   0.35319387  0.85152567  0.08914678
  0.7415685   0.47610341  0.41460524  0.30525067  0.82500114 -0.02974438
  0.61836414  0.15120841  0.40891638  0.07736609  0.75299373 -0.37618294
  0.54578498  0.50962599  0.40121201  0.67604437  0.31841706 -0.47432096
  0.45783901  0.41001078  0.74988656  0.41472325  0.43412634  0.44375039
  0.32440957  0.69290395  0.54599079  0.78691304  0.58234532  0.27670685
  0.37398248  0.72267435  0.58253922  0.59783141  0.50521225  0.50436297
  0.65510138 -0.12122195  0.71424555  0.587014    0.58029758  0.53443528
  0.63066564  0.33310834  0.33587527  0.66711088  0.70746502 -0.44865841
  0.44544684  0.65113715  0.20112889  0.71542778  0.23874176  0.30968254
  0.31801447  0.71060346  0.45911557 -0.06221554  0.6664614   0.42389916
  0.74739764  0.68922808 -0.04019227  0.23446392  0.72369047  0.72128442
  0.8092269   0.45146254  0.60360257 -0.23263725  0.35152069  0.4501678
  0.37341532  0.53959216  0.24423846  0.34617242  0.21608088  0.37862161
  0.29349586  0.43475971 -0.20679283 -0.34231139  0.6318372   0.71221798
  0.47026999  0.55259612  0.32677226  0.54386839]","[ 0.55676555  0.03001949  0.00636204  0.66363451  0.85469005  0.70164725
  0.78276609  0.50110451 -0.32784468  0.57163306  0.78655191  0.16197828
  0.60813225  0.39379028  0.55274185 -0.27890719  0.71293936  0.15429645
  0.14161863  0.23642492  0.58960295  0.73484381  0.44702332 -0.49536388
  0.45187576  0.57346982  0.45829819  0.65525292  0.2140763   0.71187753
 -0.12667544  0.5974475   0.69358122  0.57542232  0.66765685 -0.04442881
  0.3625945   0.62875033  0.49283127  0.4300342   0.59828251  0.6534373
  0.6146866   0.18096253  0.70515791  0.77118631  0.61735269  0.65166136
  0.65790915  0.67776927  0.60153681  0.8837824   0.73300858  0.52161195
  0.66920094  0.71497714  0.54017514  0.59224996  0.61067158  0.35327633
  0.16982302  0.26577139  0.28117512  0.54409267  0.72535336  0.64279796
  0.50654781  0.66559388 -0.03144213  0.3021476   0.81837103  0.60182612
  0.7804491   0.56514523  0.74595683  0.46991952  0.33383047  0.62810642
  0.63319451  0.5598182   0.52517617  0.10923782  0.64722097  0.45350732
  0.35919957  0.47699521  0.61392176  0.03751957 -0.28963968  0.6988425
  0.72638169  0.52615615  0.30028026  0.60748471]","[ 0.60312755 -0.21880455  0.35590876  0.15093527  0.57407982  0.26104035
  0.40996531  0.53262827  0.37404884  0.25916993  0.54132317  0.44274031
  0.5879295  -0.42855084 -0.16792373  0.64449849  0.48576314  0.24294834
 -0.37024642  0.08826586  0.08964891  0.50808998 -0.06905599  0.30682827
  0.44275281  0.50890199  0.81982977  0.23823486  0.6076604   0.41512808
  0.37855776  0.49158944  0.03826957  0.74949747  0.33888301  0.55854302
  0.61844032  0.38296333  0.70492097  0.29379582  0.33265931  0.09224161
  0.608243   -0.03213233 -0.01761612  0.27495758  0.30221666  0.12993153
 -0.23586338  0.56609787  0.56385983  0.51537892  0.21010242  0.23041523
  0.0906314   0.71420258  0.08793395  0.74977465 -0.39308304  0.28385073
  0.33684694  0.50278322  0.82149423  0.39826175  0.5118649   0.48061421
  0.32043767  0.29806257  0.21715067  0.80575606 -0.56866794  0.42681922
  0.6919623   0.18751566  0.60971461 -0.18127808 -0.23553541  0.50202712
  0.64821594  0.13383078  0.01299302  0.40496573 -0.21859089  0.30242778
 -0.10068455  0.10346105  0.11077128  0.13852717  0.61309172  0.54420848
  0.46680924  0.11235229 -0.29227192  0.16395041]","[ 0.60120415 -0.40361977 -0.23802398  0.42891921  0.61886458 -0.05694201
  0.31847722  0.65005384 -0.15139454  0.56863173  0.63686916 -0.34614015
  0.11083534  0.53583094  0.05270411  0.16736553  0.32467508  0.15197229
 -0.15281379  0.37684756  0.30177331  0.49480571 -0.36359646  0.10481535
  0.33817557  0.51212941  0.36761309  0.5064922   0.41842836  0.29664835
 -0.13079345 -0.1495719   0.39506226 -0.03131629  0.11982564  0.36291147
  0.4297094   0.44400265 -0.37613047 -0.06958304  0.33613312  0.55780054
  0.10198675  0.31118567 -0.13076771 -0.29693176  0.24782292  0.56911878
  0.39395352  0.37381314 -0.42665169  0.44864723  0.09028334  0.37360953
  0.41297472  0.62907367 -0.11673204  0.02380217  0.30623538  0.28327357
 -0.22661021  0.19100235  0.45915477 -0.16722855  0.50559353  0.3832556
  0.36832766  0.31186017  0.40335903  0.07811805  0.7834053   0.55515502
  0.82999428 -0.07831258  0.51841381 -0.01574533  0.13517708  0.50742025
 -0.28518464  0.34092567  0.14401385 -0.09720974  0.2357601   0.49382407
  0.17942074  0.27900891  0.13150956 -0.51865006  0.47145407 -0.45222457
 -0.12369537  0.70951292 -0.36467191  0.11214132]","[ 0.60659292  0.39361155  0.50866452  0.2141864  -0.31812543  0.47657596
  0.78134855  0.68056234  0.47435628  0.40201287  0.32414049  0.61176267
  0.62595875  0.5039519   0.69841535  0.62080547  0.55240592  0.68809105
  0.2522237   0.60240941  0.44758137  0.40393334  0.0096104  -0.41826749
  0.66075394  0.36912205  0.4919455   0.46293086  0.46171821  0.15216746
  0.66809042  0.27079179  0.05415722  0.5771943   0.54777279  0.71015118
 -0.03926298  0.83823286  0.76589235  0.59893678  0.81095044  0.46077183
  0.28865038  0.51496532  0.78755592  0.2862467   0.41991258  0.59200911
  0.38254723  0.71238698  0.40236073  0.5104515   0.06242486  0.27085094
  0.56112234  0.43898031 -0.18540621  0.85785552  0.24081084  0.77707215
  0.30452425  0.58074105  0.50353442  0.72015329  0.57381229  0.36399102
  0.68981768  0.74968308  0.70089369  0.57022211  0.70615502 -0.36946865
  0.84713211  0.32209552  0.66892047 -0.07450845 -0.07155371  0.84454049
  0.43147332  0.2790394  -0.51990574  0.72081931  0.72150886  0.36746243
  0.51009524 -0.34867369  0.68235778 -0.3227168   0.6442042   0.66953195
  0.66556214  0.31866308  0.18230403  0.65463844]","[ 0.7762184  -0.17780871  0.41175141  0.58262565  0.15874557  0.31944635
  0.12355756  0.6738282   0.48642216  0.52229965  0.41897488  0.4180179
  0.53679319 -0.09623712  0.15521505  0.22992679  0.11055264  0.63050074
  0.6895484   0.44116333  0.25529154 -0.38285455  0.46030913  0.53047277
  0.43716719  0.39930183  0.67678735 -0.04727027  0.71786701  0.28206278
  0.62017641  0.13309011  0.50748841  0.54169635  0.30927083  0.54290235
 -0.03044082  0.58048654  0.528125    0.62150562  0.38669719  0.65013159
  0.12441714  0.26093103  0.63738917  0.60351454  0.10790203  0.30712259
  0.40634105  0.80455807  0.47655014  0.57059943  0.70257329  0.46017072
  0.39490633 -0.23481322  0.28797654  0.46567964  0.4718655   0.61458957
  0.27143241  0.64607412  0.61724329  0.36512011  0.3662699   0.3634882
  0.4286115   0.61436654  0.03390621  0.50277832  0.61702983  0.53907501
  0.64615494  0.55727761  0.70603138  0.30814523 -0.23249716  0.61741218
  0.24195447 -0.22923555  0.26990691  0.74791777 -0.01194341  0.10023252
  0.59540656 -0.54796525  0.25251329  0.56109085  0.54287888  0.11662835
  0.71488759  0.43616689 -0.23655733  0.5179165 ]","[ 8.88271715e-01  3.79048292e-01  7.01362378e-01  5.82279957e-01
  4.36302256e-01  1.16435417e-01  7.48020361e-01  6.20883356e-01
  7.22196712e-01  6.40952530e-01  6.05916637e-01  4.18718028e-01
  7.17814306e-01  4.25733578e-01  7.90728703e-01  6.27712446e-01
  8.11970333e-01  6.60300847e-01  7.18414377e-01  6.47113257e-01
  4.06937331e-01  6.65058574e-01  5.87503966e-01  5.38074867e-01
  5.81920045e-01  5.68321809e-01  8.71795843e-01  6.60042531e-01
  4.77582781e-01  5.77599241e-01  8.50700046e-01  4.14272077e-01
  5.35508716e-01  8.29430179e-01  5.12966915e-01  6.72562738e-01
  8.07374980e-01  8.68859298e-01  8.75440428e-01  8.02390522e-01
  5.14960461e-01  8.63095758e-01  8.18563840e-01  6.37868474e-01
  8.73323955e-01  5.67563648e-01 -4.34908711e-02  6.18126894e-01
  7.28513688e-01  6.37843307e-01  5.56085909e-01  7.73432104e-01
  7.37826446e-01  6.60608816e-01  7.55003516e-01  7.38870914e-01
  4.76588962e-02  6.74832230e-01  3.05091484e-01  7.65067769e-01
  6.24658654e-01  8.04941036e-01  6.54651147e-01  8.74972188e-01
  7.74744484e-01  7.89755469e-01  7.24269447e-01  8.83625056e-01
  3.18788224e-04  1.44429311e-01  8.72152818e-01  5.82705560e-01
  8.11427608e-01  6.06101012e-01  8.55903928e-01  4.88842935e-01
  5.64500487e-01  7.72051438e-01  7.13631594e-01  6.28189932e-01
  2.78745416e-01  7.84200415e-01  7.30256923e-01  6.38414076e-01
  7.99171588e-01  6.79453128e-01  6.06845243e-01  8.85156805e-01
  8.72640373e-01  8.65536546e-01  7.01081010e-01  5.69988318e-01
  4.67614568e-01  8.46322568e-01]","[ 0.74552     0.33260416  0.37124454  0.67990856  0.04675291  0.53864151
  0.59855875  0.58982569  0.70588533  0.60663864  0.72652952  0.36145325
  0.57321269  0.37665127  0.23375065  0.59894699  0.30278435  0.44903314
  0.60009688  0.67430648  0.4898063   0.50452651  0.41392917  0.42247216
  0.39888049  0.64156851  0.61545032  0.01431047  0.47925324  0.64665848
  0.80782789  0.34367018  0.09961244  0.55460042  0.67481141  0.7708592
  0.5193404   0.6905996   0.66151128  0.67836903  0.55866564  0.87491996
  0.44777873  0.59925173  0.87962291  0.28987919  0.81455804  0.42144585
  0.38696115  0.87506393  0.70745602  0.26297362  0.78349168 -0.01394288
  0.7104652   0.48433596  0.41454408  0.48429899  0.56731814  0.51274653
  0.47016204  0.77296027  0.50554406  0.52082243  0.59808669  0.67101556
  0.45733577  0.66642401  0.03226325  0.64438804  0.74937296  0.1215804
  0.76619337  0.34269688  0.51261932 -0.50405619  0.20708629  0.81821976
  0.48542951  0.43965518  0.02967006  0.76721223  0.0927123   0.64822173
  0.85277628  0.72903786  0.34112243  0.66826231  0.64529673  0.64786905
  0.82485191  0.61741782  0.12411488  0.74734124]","[ 0.89070861  0.49365803  0.66649392  0.62026465  0.62669921  0.59002651
  0.81683394  0.75794869  0.63218994  0.79875847  0.62281275  0.4722387
  0.77713912  0.56137061  0.78635523  0.73606246  0.86928447  0.82645752
  0.70989605  0.68702879  0.5776047   0.71473596  0.47296372  0.73137087
  0.71552848  0.65422104  0.87906487  0.65116231  0.68846311  0.73955428
  0.84154848  0.53955271  0.56815779  0.82675869  0.59503651  0.8285223
  0.45158055  0.87965619  0.88180227  0.73647523  0.70493605  0.86495859
  0.77152106  0.58828975  0.77822993  0.4411037   0.42806828  0.79192718
  0.74505695  0.59196691  0.66290228  0.76802265  0.54646198  0.78876511
  0.75072323  0.68552701  0.4432124   0.8563159   0.33600548  0.68812443
  0.65944954  0.88970421  0.55448608  0.92136381  0.83918197  0.64307152
  0.72663832  0.87424432  0.53479671  0.635466    0.76857496  0.80717471
  0.72068687  0.70324256  0.80858665  0.56318734  0.51402283  0.85282063
  0.74575016  0.54796443 -0.09256492  0.87159101  0.75181655  0.74052751
  0.85658213  0.60527116  0.56133419  0.75035979  0.819128    0.7712598
  0.57222144  0.72436576  0.62122839  0.42736966]","[-0.11761682  0.56082233 -0.33285957  0.55157394  0.55343907 -0.25319149
  0.56773728  0.53447319  0.35597734  0.47993722 -0.18184037  0.29951808
  0.34864406  0.6336463   0.40662468  0.50319395  0.38884296  0.51136802
  0.50604745  0.17614776  0.17629767  0.40443225  0.44034711  0.17082017
 -0.37834875  0.70126952  0.48348926  0.69519346 -0.38799132 -0.16678949
  0.67611037  0.14746261  0.27356865  0.50325978  0.25342463  0.7442868
  0.20065721  0.44975459  0.43266927  0.51217528  0.58819844  0.34294103
  0.65671909  0.55238845  0.42945069  0.59208051  0.61739517  0.46775899
 -0.05640196  0.40889903 -0.37308573  0.23599743 -0.05988231  0.54811471
  0.55783899  0.52226148 -0.51916041  0.26102715  0.25391757 -0.0104606
  0.304799    0.44736594  0.34888612  0.56104441 -0.12417632  0.34146448
 -0.5962259  -0.06461338 -0.60029272  0.21454185 -0.26077532  0.53974938
  0.58150625  0.1950443   0.16401496  0.12961802  0.4453822   0.60184901
  0.02889305  0.62462297  0.2259907   0.52019118  0.49305564  0.76200104
  0.25550778  0.4351891   0.64570013 -0.00814641  0.73955612 -0.37883983
  0.05757378  0.57469606 -0.39257541  0.66098408]","[ 0.72002134  0.48135315 -0.07247296 -0.38899666  0.1482592   0.12664882
  0.77217437  0.19859506  0.66356857  0.57435316 -0.01821067  0.39211951
  0.50606226 -0.16532501  0.57508428  0.65273966  0.55818604  0.43305285
 -0.04931692  0.2936121   0.27976636  0.60057408 -0.14545596  0.35296682
  0.06208537  0.61302328  0.64311233  0.38022812  0.2400171   0.16939775
  0.80915215  0.14873462  0.37517029  0.75863232  0.0918844   0.75774317
  0.65954885  0.65750801  0.80445181  0.33450966  0.45340073  0.44335941
  0.65932846  0.63354672  0.71641661 -0.25174841  0.2438102   0.44195916
  0.55096223  0.42518492 -0.0738428  -0.05563954  0.50130832  0.35093349
 -0.08600562  0.41298288 -0.54054556  0.27237703 -0.04146829  0.50518629
  0.48417886  0.74358267  0.51791254  0.65579605  0.48891871  0.70259672
  0.37993442  0.65173767 -0.15148236 -0.53019947  0.72319948  0.3513812
  0.81413095  0.45762334  0.3350254  -0.31405098  0.22386342  0.65923728
  0.25456526  0.20281611 -0.0937985   0.64247037  0.58227912  0.40687574
  0.5491802   0.44314619  0.51584931  0.64048103  0.78671103  0.7812562
  0.34243861  0.50285876  0.04917336  0.64122473]","[ 0.29842543  0.10294522  0.72104278  0.36095906  0.47523214  0.26531807
  0.5855525   0.72370743  0.22433202  0.22821584  0.43911462  0.42860338
  0.65257019  0.30116216  0.71645776  0.3064929   0.59425478 -0.23713841
  0.57662717  0.74402161  0.62052317  0.42172298  0.50181719  0.4447481
  0.4289208   0.3489298   0.52683646 -0.2098742   0.46536587 -0.41104322
  0.72782443  0.69488565  0.34793672  0.70902859  0.5870589   0.25156963
  0.62253373 -0.46732761  0.69143328  0.85978266  0.31895387  0.78661827
  0.72528956  0.45856506  0.86569409  0.42446709 -0.54446077  0.60261593
  0.72909868  0.78988516  0.6509647   0.40430516  0.86168951  0.6478342
  0.56247283  0.76938952  0.43683518  0.78315426  0.64140944  0.73675555
  0.567973    0.5717077   0.72579999  0.39918914  0.74831522  0.66005154
  0.75474642  0.66613528  0.49695107 -0.29212905  0.78036328 -0.37739521
  0.48056786  0.34721568  0.57475957 -0.1623701   0.59351974  0.90118708
  0.29799559  0.43670638  0.23119606  0.77775281  0.52436019  0.49174928
  0.66609963  0.63783412  0.31187741  0.77495676  0.67531769  0.64657942
  0.4125667   0.42187697  0.27565615  0.52654578]","[ 0.60287227  0.41291274  0.63004857  0.36849271  0.74264519  0.4079719
  0.2799447   0.35642425  0.23220759  0.39575095  0.42944642 -0.0557316
  0.47668097  0.31189097  0.36618441 -0.03594121  0.36811683  0.40489534
  0.45199561  0.16308652  0.24094441  0.40219875 -0.25907823 -0.37455377
  0.37753643 -0.32349692  0.11329367  0.09819917 -0.17922824  0.30912711
 -0.36523111  0.03560827  0.62013315  0.11691612  0.50116222 -0.12643977
  0.59512154  0.606491    0.48932702 -0.16018333  0.23646161  0.37374697
  0.70931247 -0.12937486  0.66569575  0.24488672 -0.60007747  0.51185155
  0.38126629  0.34062018 -0.26463745  0.11368625 -0.13597097  0.34745037
 -0.03410726  0.75005881  0.2964808   0.50106023  0.58209392  0.36120688
  0.1098733   0.52928968  0.22187967 -0.3748941   0.7190389   0.3560797
  0.51310531  0.14713872  0.30286467  0.34808405  0.31500117  0.64533289
  0.06057326  0.26511471  0.6350327   0.13808844 -0.40480036 -0.41190518
  0.36085464  0.82905014  0.1819876   0.2422193   0.43842398  0.27909558
  0.52943635 -0.46689365 -0.0391697   0.42477152  0.5685581   0.21455286
 -0.26666356  0.04295936 -0.52227329 -0.03659456]","[ 0.21818725  0.55117376  0.75839172 -0.26745594  0.61855948 -0.51227912
  0.63570012  0.27622236  0.30907514  0.30934675  0.61362825 -0.02416283
  0.48391129  0.38047257  0.39728127  0.14137194  0.20266618  0.42437631
  0.35441576  0.34733366  0.31607152 -0.10013959 -0.0282176   0.1946522
  0.08390489  0.05562144  0.38482266 -0.04649823 -0.14648086  0.3372479
 -0.18730791  0.07140225  0.30928443  0.37609732  0.2058904   0.06242007
  0.11942334  0.64135497  0.13476458  0.64555656  0.25419191  0.07035329
  0.33746931 -0.07373879  0.31891642 -0.02102411  0.1589519   0.10843401
  0.20856911  0.11807692  0.38364619  0.57362983  0.16720052  0.01168016
 -0.06233299  0.47758884 -0.38428109  0.55510173 -0.08380458 -0.53979738
 -0.05088658  0.42900926  0.37670427  0.10544881 -0.06416362  0.43585712
  0.44579859 -0.04326993 -0.24007583  0.29158381  0.12899953  0.53228353
  0.18335494  0.31149811  0.41819615 -0.37730152  0.39455717 -0.25242702
  0.07429557  0.69894229 -0.07159955  0.6484624   0.16846986 -0.3682645
  0.15402104  0.56831472 -0.07036198  0.16638333  0.61685967  0.28395034
 -0.01414853  0.31936613  0.04139346  0.15309396]","[ 0.56722866  0.5495819  -0.02433582  0.23594182  0.83275727 -0.41753094
  0.66496188  0.43407419  0.18341269  0.49210963  0.73700513 -0.13273175
  0.54639557  0.39064607  0.2326671   0.05863462  0.84161025 -0.09982362
 -0.31487712  0.39208864  0.4217956   0.49084528  0.03141384  0.1066743
  0.46243631  0.23613468 -0.06311754  0.34538541 -0.02704481 -0.05921709
 -0.21811842  0.0595746   0.60650352 -0.08131944  0.3654763   0.25268328
  0.67666123  0.49398369  0.48017689 -0.14707178  0.34651606  0.35728649
  0.60784411 -0.06922086  0.23213151  0.38658602  0.01236653  0.13083942
  0.59802389  0.62062798  0.22898121  0.627148    0.23444983 -0.09740639
 -0.43048037  0.6197619  -0.16653424  0.54697259  0.113233    0.30864967
  0.26252484  0.34706901  0.59630988  0.20956402  0.41503859  0.45702926
  0.6621517   0.49803211  0.38767889  0.10252068  0.65868763  0.63698814
  0.16648437  0.27554852  0.42557955 -0.00691992  0.39107218 -0.35482798
  0.35584033  0.81186673  0.24500841  0.41576357  0.17622881  0.43898389
  0.05512813  0.30979243 -0.38088778 -0.13432264 -0.38801915  0.63029944
  0.15700216  0.13769703  0.02083132  0.34183987]","[ 2.17509500e-01  4.57999176e-01 -2.29936791e-01  4.98413096e-02
  2.61377188e-01  4.18261763e-01  6.12372496e-01  1.69304014e-01
  5.42664761e-01 -3.92211565e-01  5.99706845e-01  2.33634875e-01
  3.91381597e-01 -4.42765491e-01  5.21802767e-01 -2.24837477e-01
  2.07324565e-02  1.55888398e-01  1.70659384e-01  2.29898316e-01
  4.48863642e-01  4.27999539e-01 -2.92602218e-01  4.69998474e-02
 -2.62104357e-01  4.20678365e-01  5.96306969e-01  3.19960176e-01
 -2.97811891e-02  1.74168793e-01  6.83596706e-01  3.39076886e-01
  5.88026204e-01  2.72296563e-01 -5.11697217e-02  4.69585289e-01
 -4.90396777e-02  2.34354290e-01  5.76092693e-01  5.42620280e-01
  5.41280934e-01 -2.75795302e-02  3.65263250e-02  4.18488475e-01
 -8.73972416e-02  4.21500989e-01 -1.27944812e-01  6.20606349e-01
  2.34544756e-01  4.66551285e-01  2.13354120e-01  4.80182589e-01
  9.46780208e-02  2.75852589e-01 -3.06115674e-01  3.90176176e-01
  1.24199909e-01  6.93624182e-01  1.56037253e-01  2.33030015e-01
  3.13571427e-01  4.39995964e-01  6.79962716e-01  4.88654633e-01
  4.91628411e-01  4.42742366e-01  3.96609651e-01  3.21552878e-01
  9.52028776e-02 -2.82815036e-01  1.25186087e-01 -1.69463464e-01
  8.04825089e-01  3.17809246e-01  3.36656401e-01 -1.91574177e-02
 -3.22535868e-05  3.02639806e-01  3.17951690e-01  6.77338485e-02
 -3.81940720e-01  7.63018906e-01 -6.62182166e-03 -3.19818142e-02
  4.47070907e-01  6.46084829e-01 -3.20507548e-01  5.67260482e-01
  5.53451262e-02  7.10829685e-01  6.72057945e-01  1.46793748e-01
  5.29504657e-01  3.49802036e-01]","[ 0.32911693  0.26632001  0.35242229  0.57418724  0.59694969  0.06168731
  0.52581281  0.3241797   0.37294389 -0.32630294  0.5014792   0.62018833
  0.60181391  0.28939392  0.53534296 -0.62153132  0.65662816  0.6350424
  0.32603613  0.36982412  0.57658096  0.1470243   0.31552878  0.33432348
  0.3945467   0.18803669  0.81716936  0.47621527  0.53564655  0.05217485
  0.71142391  0.66353022 -0.28810213  0.58286316  0.41033495  0.62934795
  0.573891    0.58678985  0.43559074  0.7756259   0.57662913  0.49158457
  0.63792629  0.3614271   0.65571451  0.47358742 -0.36445306  0.01860421
  0.0998195   0.76477696  0.83764202  0.41463396  0.66213617 -0.06353077
  0.25078174  0.45960386  0.13955593  0.68202946  0.21592142  0.40064117
  0.31456442  0.5899644   0.76245338  0.65018354  0.59121194  0.27916848
  0.45358807  0.39341565  0.55874912  0.05219207  0.50833514  0.52997831
  0.16684096  0.46645396  0.44721599  0.2288033   0.54760777  0.77351381
  0.05477939  0.71385253  0.458785    0.78464695  0.3560571   0.51113665
  0.64324442 -0.53093206  0.330655    0.5464098   0.43342617  0.60314806
  0.12483148  0.35050981  0.13472093  0.40387669]","[ 0.46073078  0.13776522  0.0847151  -0.01140135  0.24138209  0.54670802
  0.55552901  0.54163965  0.3624587  -0.3048463   0.35728014  0.58566769
  0.46596872 -0.11213674  0.58799621  0.10768114  0.49231687  0.63304897
  0.54888282  0.41210693  0.51790761  0.36526634  0.33324191  0.44818374
 -0.16200893  0.21975755  0.7404999   0.06554683  0.38172203  0.48709085
  0.66537228  0.52246993  0.2110434   0.45290448  0.3447548   0.63233301
  0.21756376  0.50878848  0.74505159  0.7242953   0.53679069 -0.35958812
  0.5994414   0.17514608  0.85204523 -0.09545458  0.14303444  0.34443829
 -0.09012261  0.81789346  0.48824251  0.11266692  0.82855644  0.05196886
  0.40126969  0.68782118 -0.44683222  0.71605887  0.19927441  0.59588593
  0.30982139  0.38870414  0.73543337  0.60753515  0.44362357  0.37239592
  0.6599473   0.20070447  0.27227551 -0.32895468 -0.03495148  0.6481122
 -0.29204377  0.39649438  0.18174698  0.23563202  0.05125486  0.77068986
 -0.20674333  0.18375455 -0.50374058  0.0310613   0.25971242  0.31215282
  0.61247027  0.45394388  0.24123632  0.3390044   0.65323822  0.66589048
  0.12135987 -0.04876494  0.4731428   0.30444517]","[ 0.61635416  0.1154947   0.20728788  0.52340235  0.01900242  0.09009983
  0.41049999  0.59061048  0.51880571  0.63281559  0.11390639  0.57318098
  0.2657721  -0.47819907  0.65944524  0.35240935  0.62367466  0.17289101
 -0.49703083  0.31696317  0.1016196   0.37030488  0.20375307 -0.03545903
  0.56678553  0.36291584  0.76017882  0.37450477  0.57268344  0.10108174
  0.40445763  0.58155212  0.37650767  0.38482631  0.36445815  0.4634273
  0.52196261 -0.25985544  0.60758368  0.39566627  0.49541406 -0.35044315
 -0.2298033   0.57268259  0.61315246 -0.49631028  0.7104774   0.64117646
  0.43939499  0.56942236  0.0303924   0.26622294  0.41435569  0.08736365
 -0.23453516  0.22291577 -0.28993346  0.51865836  0.56123985  0.47890143
  0.5841392   0.60556562  0.42263696  0.71035949  0.03977587  0.36321569
  0.51330734  0.60934411  0.6439791   0.19536494  0.19259437  0.18044591
  0.80142508  0.19421313  0.64601847  0.28134185 -0.2553519   0.68230922
  0.22022731  0.19295716 -0.38932544  0.50121107  0.70172243  0.54435687
  0.32826045 -0.33109684  0.64464311 -0.23543451  0.5977903   0.34981339
  0.63043855  0.25640817 -0.11915814  0.70094177]","[ 1.80909681e-01  3.94675277e-01  6.54991639e-01  1.35212405e-01
 -2.40669391e-01  3.60137188e-01  5.54541620e-01  7.23319534e-01
  3.79342985e-01  2.81045784e-01 -3.52250589e-01  1.33346059e-01
  5.99587572e-01  2.87029218e-01  7.75986532e-01  4.78489390e-01
  6.12027742e-01  7.40029056e-01 -1.89187864e-03  5.55996841e-01
  4.19644486e-01  3.95138223e-01  5.56657885e-02  3.54975408e-04
  1.50679285e-01  5.44893607e-01  8.29822170e-01  5.36219090e-01
  1.52404616e-01 -1.51334911e-01  6.30733098e-01  4.51597072e-01
  5.60405598e-02  6.38904678e-01  7.22950639e-01  5.88507682e-01
  3.68370659e-01  7.70321957e-01  8.10309706e-01  4.06380929e-01
  7.46957013e-01  2.25648645e-02  6.60662785e-01  4.39403649e-01
  8.36287665e-01  2.77620901e-01 -3.63749022e-02  6.93255154e-01
  1.13030376e-01  7.61999082e-01  4.21987629e-01  5.87239578e-01
  1.56491932e-02  5.62141068e-01  4.96420312e-01  5.77747249e-01
 -1.07261501e-01  8.96889383e-01  3.92851451e-01  7.57252373e-01
  2.80124515e-01  7.23951442e-01  7.20543574e-01  7.89255062e-01
  5.84334532e-01  3.49574106e-01  6.68719038e-01  7.24584215e-01
  6.92244955e-01  3.99231590e-01  6.07266012e-01  6.65996933e-01
  8.20474620e-01  3.33153564e-01  4.50595175e-01  5.45795725e-01
  3.45253571e-01  8.39464746e-01  2.64911134e-01  2.82155128e-01
 -4.07072417e-01  6.86515305e-01  4.59474624e-01  3.29697367e-01
  6.20924457e-01  2.52734167e-01  6.55797480e-01 -1.71382606e-02
  7.73633817e-01  5.75469082e-01  5.85803968e-01  6.31682349e-02
  1.42626344e-01  6.68454602e-01]","[ 0.27510784 -0.04004851  0.14856376  0.58582111  0.46807597  0.665693
  0.56327057  0.73935744  0.55093183  0.35574735 -0.06388716  0.22342835
  0.51949171  0.28893101  0.08295321  0.44912425  0.63313148  0.49895771
 -0.41814     0.62349067  0.56156664  0.49577283 -0.29873439 -0.02992125
  0.65369826  0.47781229 -0.14121065  0.77589563  0.30972842  0.53531415
  0.69024382  0.12175033  0.50646748  0.74166298  0.73051427  0.54462794
  0.68685299  0.36991389  0.8458305   0.63572873  0.6558635   0.45492186
  0.8677247   0.53980171  0.48852722 -0.40755088  0.84811548  0.67262834
  0.0894376   0.36277115  0.30285019  0.66383601  0.52512025  0.55022919
  0.46634318  0.669632   -0.16066697  0.59219165  0.33417474 -0.36640632
 -0.26284601  0.65775389  0.57868756  0.20688089  0.62457337  0.27682946
  0.30642935  0.5348674  -0.47319042  0.06902007  0.16521358  0.24148768
  0.58816682  0.07597924  0.49772969  0.45062075  0.376608    0.84030192
  0.55042202  0.46542441  0.56631837  0.54746354  0.70813014  0.68630347
  0.50207593  0.6484312   0.6753607   0.26682177  0.64698146  0.46657563
  0.43930808  0.70742259  0.48309371  0.63112364]","[ 0.73573384  0.22260038  0.25556223  0.60745279  0.48151982  0.57764509
  0.7537279   0.69090624  0.60480942  0.55714754  0.61264326  0.41983794
  0.61295545 -0.14277536  0.81491713  0.47681385  0.57784206 -0.4080907
 -0.07792799  0.3480501   0.47446346  0.69754731  0.21903797  0.30975623
  0.22662019  0.40675101  0.83204971  0.59802171 -0.43434591  0.7550466
  0.77329904  0.62321046  0.51210157  0.8814599   0.1476515   0.83064993
  0.75732563  0.81440923  0.8213994   0.83904783  0.57134583  0.21567316
  0.63799939  0.71001191  0.72345558 -0.06315756  0.5334261   0.70307827
  0.32609918  0.77514619  0.73749678  0.81400899  0.41959202  0.49098356
 -0.3899595   0.71316884  0.14838191  0.77118654  0.804989    0.35336141
  0.59077083  0.6276091   0.72762571  0.64468734  0.64524319  0.50199972
  0.41223871  0.62301085  0.53750974  0.66891174  0.81257872  0.40649214
  0.83943938  0.61268406  0.61359822  0.46729028  0.47898688  0.669989
  0.09679476  0.4278311   0.41525286  0.78930647  0.72225214  0.59949285
  0.67240514  0.05183067  0.67699689  0.72531833  0.77012997  0.78288431
  0.0808341   0.16746895  0.20151646  0.76272495]","[ 0.63865263  0.55717283  0.18156366  0.70791446  0.65846735  0.66464603
  0.77284602  0.58449583  0.35543778  0.60033873  0.68259153  0.58846188
  0.19131571  0.28476596  0.72608011  0.35778955  0.59294675 -0.13129149
 -0.16104317  0.12828056  0.53217181  0.46255231  0.1666705   0.22698373
  0.44724199  0.54725158  0.80387039  0.7825659   0.11767085  0.22005112
  0.67792192  0.70152791  0.46564141  0.76163162  0.50968731 -0.12929602
  0.34278993  0.51342282  0.71565109  0.70250058  0.59910287  0.1203618
  0.64330782  0.50527075  0.19523583  0.44820141  0.51068694  0.67519604
  0.31160581  0.38107296 -0.20319388  0.66504104  0.46316747  0.61535316
  0.08120216  0.51292992  0.37699255  0.47506647  0.35535511  0.19869843
 -0.04103126  0.28611277  0.77787477  0.46612601  0.62996372  0.58522643
  0.61181486  0.67484001  0.5164588   0.47308304  0.31959287  0.34204205
  0.78961641  0.47666238  0.74020816 -0.22202532  0.05399269  0.56676148
  0.47563612  0.13042408  0.40104452  0.48580257  0.47815747  0.55660169
  0.61138211  0.81731046  0.6019545   0.51980982  0.63469247  0.74768191
  0.70599473  0.35735207  0.28357001  0.72443281]","[ 0.58054779 -0.15996785  0.18432174  0.37070078  0.12622535  0.39247595
  0.71865008  0.65783064  0.55091355  0.60385038  0.19278893  0.44496925
  0.5582532   0.05567882  0.6271507   0.41647232  0.50283779  0.35953983
  0.36240004 -0.29927844 -0.07217434  0.07566954  0.46025163  0.12652949
  0.22132874  0.31082828  0.47701725  0.67329986  0.44723551  0.03649948
  0.58200056  0.53603146  0.21622995  0.79587635  0.01093564  0.59488774
  0.64681769  0.56947868  0.62874913 -0.37372132  0.36975259  0.29925947
  0.6695511   0.47985856  0.5380777   0.00574702 -0.15479525  0.63445694
  0.12212647  0.66177176  0.23759675  0.68241999  0.30995014  0.53995188
 -0.34566108  0.57418254 -0.077994    0.69765396  0.28749954  0.47186873
  0.2813597   0.01615153  0.73919961  0.44747987  0.58138021  0.44651471
  0.48649376  0.5873512   0.45363358  0.14398733  0.58730682  0.35648863
  0.41666286  0.48425581  0.52880865  0.0797792  -0.54251583  0.68427143
  0.35776774  0.14047799  0.69091721  0.71377058  0.51026631  0.73862314
  0.18403863  0.74044559  0.43523245  0.56597165  0.4362095   0.26323412
  0.30225977  0.68723325  0.20536805  0.06877233]","[ 0.74687298  0.35316871  0.52482961  0.63004139  0.54287987  0.4485059
  0.67202319  0.65623997  0.61412075  0.61301835  0.4111297   0.52595891
  0.68048316 -0.6167369   0.76512545  0.55382969  0.63454632 -0.09711203
  0.24506065  0.47606033  0.60313945  0.60625968  0.28862546  0.46842102
  0.42940349  0.53702776  0.82441304  0.74632371  0.40602266  0.50410882
  0.819349    0.41512947  0.59949316  0.83788782  0.36984458  0.63450288
  0.63991161  0.70282011  0.85440404  0.79126546  0.53648907  0.59849684
  0.68547915  0.66453898  0.80716724  0.50361764  0.69346723  0.75915818
  0.29485033  0.5157888   0.1278569   0.85469545  0.57935574  0.08991238
  0.38921064  0.6298621   0.20388928  0.64706563  0.70826669  0.5479298
  0.13882961  0.5832836   0.81148272  0.80154287  0.8345911   0.72017761
  0.55988847  0.85938693  0.64201409  0.59354764  0.79736805  0.62580855
  0.8566984   0.71489133  0.65342754  0.43524964  0.14708439  0.73749137
  0.30793019  0.29053639  0.57985062  0.74052523  0.65158911  0.67847396
  0.71128935  0.55091029  0.48821887  0.70796374  0.75253687  0.69112849
  0.73636415  0.4119631   0.37060982  0.53895648]","[ 0.59067904  0.34085334  0.23057972  0.38469464  0.30506927  0.45871782
  0.78658449  0.14870383 -0.15789858  0.60823668  0.74655165  0.32157624
  0.57050377  0.54067296  0.13759242  0.26367092  0.60177732 -0.07064616
  0.44321944  0.35709767  0.56711329  0.31603228  0.36245267  0.30307063
  0.5422097   0.54864217  0.25262497  0.33413376  0.26184022  0.15637452
  0.49852577  0.33867685  0.71997263  0.54884929  0.15395787 -0.49328424
  0.5374078   0.16554378  0.51269994  0.40800422  0.47900281 -0.19273477
  0.50461475  0.40176611 -0.00356297  0.0064599   0.11693208  0.60173782
 -0.54935796  0.16743332 -0.33169217  0.46405864  0.36173272  0.34447411
 -0.27268032  0.01582242  0.00333044  0.31451367  0.41357502  0.38359311
  0.16094758  0.53206228  0.66832654  0.65342135  0.32380995  0.63249005
  0.72054969  0.52698349  0.0312844   0.29407877  0.23257374 -0.2051276
  0.65344972  0.210101    0.11889713  0.29835692  0.30848994  0.49571733
  0.46813063 -0.02146029  0.09790984  0.3784373   0.40654511 -0.04543775
  0.16823106  0.81380203  0.49110842  0.54080132  0.4498737   0.20943187
 -0.34636725  0.69524478 -0.40490391  0.49573211]","[0.89823205 0.66865637 0.84086087 0.72882619 0.78939758 0.66573786
 0.89860682 0.82037778 0.76694766 0.84875796 0.71820662 0.71098818
 0.89140488 0.59645371 0.74575107 0.74138426 0.94515855 0.81838567
 0.66956073 0.61968485 0.81852979 0.8523625  0.58986063 0.62913243
 0.81246181 0.76310667 0.91685328 0.87067495 0.78417902 0.8128518
 0.85298084 0.56490065 0.69047295 0.90676358 0.74256181 0.86282076
 0.80229724 0.86782452 0.9337041  0.85197902 0.76787263 0.88640238
 0.85530423 0.83332172 0.83266567 0.59429542 0.4830697  0.84969482
 0.74751292 0.61131543 0.71788859 0.8973328  0.63651993 0.90448816
 0.87981042 0.81939059 0.67333841 0.88395016 0.79074851 0.79622459
 0.41641181 0.88925403 0.86060084 0.91674615 0.92134155 0.63693513
 0.86847856 0.89962728 0.90524614 0.85015703 0.83819971 0.83209238
 0.82850377 0.77015156 0.90237768 0.78201525 0.53896441 0.88162836
 0.72409298 0.76815794 0.01030646 0.89287375 0.80748272 0.58599305
 0.83010915 0.71783404 0.82913457 0.74050344 0.87500923 0.90045231
 0.94541468 0.75556547 0.56436043 0.87741212]","[ 0.66900762  0.0076232   0.16056102  0.06949758 -0.11147531  0.15442646
  0.78817614  0.70943851  0.52812625  0.63045721  0.20740391  0.47048498
  0.61475098 -0.4541865   0.22754139  0.50524751  0.71492539  0.22183409
 -0.56698579 -0.13969712  0.38858848  0.45667088  0.09636532  0.29000709
  0.65129819  0.54407575  0.59627912  0.52052991  0.47155142  0.38286805
  0.59545666  0.31668948  0.60374337  0.84377809  0.21784687  0.33974433
  0.34137323  0.37488955  0.76742452  0.43457895  0.62445872  0.25086274
  0.59987508  0.25444433  0.49498585 -0.27673342  0.62920144  0.65719881
  0.11651864  0.26046377  0.10580271  0.47206012  0.29733711 -0.35624715
  0.28471626  0.50743881 -0.42481429  0.12274401  0.40934459  0.53071549
  0.16515013  0.58263572  0.61390847  0.40225279  0.14580585  0.50076886
  0.56182995  0.55144474  0.71207277  0.31539986  0.67629003  0.42084692
  0.6032727   0.32652887  0.21933631 -0.16057575 -0.03429098  0.74294434
  0.03236979 -0.05996622  0.20739683  0.7433237   0.20282499  0.00904676
  0.38393743  0.15034095  0.6604448   0.08798521  0.7004931   0.65538414
  0.19660786  0.34037955  0.09189313  0.55886274]","[ 6.46116552e-01  2.39846713e-01  1.75313815e-01  1.61281563e-01
  6.11626317e-02 -2.30809059e-01  6.28285197e-01  2.48009042e-01
  4.31442309e-01  4.76845001e-01  4.42004387e-01 -1.27519300e-01
  5.45629802e-01 -3.74733079e-01 -1.60950599e-01  4.98968616e-01
  3.64086233e-01  4.34691205e-01 -1.87465599e-01  3.32341813e-01
  3.64351004e-01  5.40701872e-01  2.28259269e-01 -2.82241796e-01
  2.23791107e-01  4.53953061e-01  6.68829195e-01  5.08368547e-01
  2.36475805e-01 -1.29055971e-01  2.72113550e-01  4.46000482e-01
 -3.32670155e-01 -1.03619383e-01  1.33135904e-01  5.27343445e-01
  4.61626641e-01  5.12909099e-01  3.81033075e-01  4.62498761e-01
 -2.86069049e-02  2.35193402e-01  1.71161215e-01 -3.16942928e-01
 -4.85892261e-02  1.51092659e-01  2.52701636e-01  1.36764684e-01
  1.61766834e-01  7.76499361e-02  2.55878414e-01 -3.31592581e-01
  3.39433914e-01 -3.35991764e-01  7.37696431e-06  3.45681118e-01
  3.55974222e-01  4.60773214e-01  1.11666816e-01 -2.06486278e-01
 -5.03690618e-01  3.61366876e-01  7.52912293e-01  4.76236706e-01
 -1.64219931e-01  3.72368638e-01  2.11035187e-01 -6.45947946e-02
  2.96455694e-01 -3.26912592e-02  4.97642969e-01  5.41777713e-01
  2.14454029e-01  6.22942770e-01  4.59523840e-01  5.02203763e-02
  6.94001741e-02  6.76711971e-01  3.55431472e-01  2.55516767e-01
  7.98120759e-02  8.43847595e-01 -1.86520945e-01  1.71374890e-01
 -4.52812895e-01 -3.09656679e-01 -7.15683039e-02 -3.00201853e-01
 -4.92554762e-01  8.03467906e-01  5.28290714e-01 -2.51458449e-01
  5.09273079e-01  4.17296822e-01]","[ 0.87828918  0.62033424  0.49583786  0.68692851  0.0501228   0.36295003
  0.3205741   0.68116801  0.77640691  0.63603178  0.84922363  0.63059011
  0.6994279   0.39360977  0.66833121  0.46548131  0.60380129  0.70701571
  0.72928535  0.55890082  0.40933947  0.64671389  0.49153542  0.72047351
  0.23814459  0.57290626  0.81451391  0.52456634  0.57089794  0.70275452
  0.48372037 -0.09728729  0.60012702  0.61707975  0.55023766  0.59426392
 -0.02168525  0.46044074  0.59292841  0.66569632  0.40589935  0.55753439
  0.13962089  0.52186841  0.71456642  0.44210434  0.14215626  0.65550089
  0.6358014   0.85867473  0.46036904  0.49417493  0.6591123   0.37348695
  0.56613063  0.344694    0.40296577  0.64342836  0.39974742  0.60482443
  0.37287777  0.58077099  0.62859445  0.50709201  0.58608721  0.62195801
  0.32449468  0.50730208  0.40516366  0.5692254   0.60308272  0.4902227
  0.79391436  0.51380976  0.46066156  0.53540873  0.48301705  0.61614716
  0.26921388  0.78408009  0.02907384  0.77467333  0.2081009   0.26220208
  0.54423398  0.77690196  0.39520555  0.55897194  0.69897174  0.61818668
  0.71925682  0.21054634 -0.09268558  0.43094563]","[ 0.43173488  0.16855255  0.37550216  0.55467137  0.06408232  0.3283725
  0.494151    0.68834262  0.75680957  0.16149858  0.43946496  0.47191276
  0.25389441 -0.29423308  0.27856591  0.59630244  0.64641936  0.05223394
  0.32247878  0.43673905  0.44005929  0.25435993  0.57527309  0.7318221
  0.06084816  0.49351067  0.78443864  0.40751709  0.4354752   0.36025192
  0.50092229  0.20495487  0.34409039  0.58543639  0.5342439   0.69406123
  0.44053255  0.45677452  0.6726364   0.46682395  0.56828483  0.33931346
  0.33841081  0.25524966 -0.31562781  0.36359268  0.39048051  0.2279719
  0.32374599  0.55888458  0.19128081  0.50694237  0.58510777  0.1958905
  0.13504281  0.53738849  0.25277228  0.85011089  0.08012966  0.28140874
  0.09923383  0.57831266  0.69799738  0.48920044  0.53231568  0.70621287
  0.14397283  0.39522965  0.53645234  0.61492881  0.61132453  0.50147087
  0.30129922  0.61607928  0.54532667  0.13107363  0.5896867   0.62639887
  0.36104201  0.57972693  0.3078061   0.80124998  0.31422085  0.61636735
  0.3874741   0.69758895  0.14490748  0.21561513  0.57206995  0.48083833
  0.25775399 -0.26508115  0.23950853  0.37233298]","[ 0.92764282  0.85249199  0.6341568   0.68182575  0.27706749  0.60273114
  0.6140153   0.70195719  0.73197527  0.69672934  0.87774248  0.74340439
  0.65567896  0.41863213  0.69295519  0.57022598 -0.00228282  0.68916616
  0.87120709  0.78585577  0.51358657  0.75816629  0.40354698  0.76668823
  0.27994421  0.59380106  0.86890473  0.38208217  0.68612823  0.65707463
  0.61508539  0.5535424   0.65314396  0.61857842  0.65558035  0.66143265
  0.51554295  0.64272919  0.81264003  0.62048255  0.19945052  0.62298106
  0.37729305  0.68152181  0.69790027  0.59121657  0.59467727  0.64776717
  0.48091804  0.91051122  0.63579944  0.63392207  0.74683702  0.61082917
  0.67170682  0.19549218  0.48395509  0.51992743  0.53305115  0.52669897
  0.38775982  0.63131025  0.58604996  0.82651944  0.63987805  0.77357809
  0.62135464  0.49102244  0.38399284  0.6088679   0.6261141   0.43859358
  0.82567811  0.4833272   0.5043201   0.4161826   0.32398682  0.48653691
  0.30191927  0.77045471  0.16701235  0.76222892  0.25729101  0.32707471
  0.64344141  0.83670187  0.22480857  0.61784354  0.70543565  0.66334971
  0.8447575   0.33668022  0.36682821  0.71903911]","[ 0.77740401  0.80090308  0.40590498  0.53162427  0.20794107  0.63369214
  0.51193775  0.5916627   0.68649074  0.47082889  0.88169309  0.66371829
  0.77067394  0.40491271  0.40304467  0.37622707  0.58514729  0.54104271
  0.3753885   0.38719937  0.32642688  0.82841817  0.43765307  0.71057946
  0.40683033  0.50372321  0.67896991  0.52258253  0.49506098  0.40719567
  0.58387265  0.36615767  0.07516228  0.67003968  0.65402979  0.59980909
  0.62470811  0.67860316  0.74296695  0.56747664  0.33728139  0.45112286
  0.36579635  0.41420814  0.7169922   0.31913713  0.35914872  0.55277712
  0.52406592  0.59483165  0.70853995  0.43879795  0.3354426   0.48196279
  0.73753049  0.52863577  0.51154033 -0.33960264  0.28408661  0.44569172
  0.30212397  0.6740372   0.68276544  0.77295177  0.58793476  0.68502388
  0.27067809  0.58256954 -0.20919837  0.81890582  0.62451933  0.40111706
  0.76063552  0.44070979  0.41190454  0.01292862  0.46304223  0.50972292
  0.52065689  0.76097246  0.27263867  0.74229088  0.21270619  0.65025629
  0.66687154  0.8178237   0.45350536  0.74492067  0.61876734  0.69674901
  0.78273039  0.29010583  0.12966063  0.52210633]","[ 0.72833206  0.4117171   0.68513235  0.52037457  0.33771105  0.39858903
  0.34813368  0.8551359   0.8033295   0.06611761  0.53046949  0.62319263
  0.66395191 -0.34831246  0.49451386  0.65467123  0.64123232  0.10549987
  0.4643852   0.56689834  0.30002363  0.70565402  0.67791684  0.81482498
  0.57265088  0.49652482  0.89137454  0.55866022  0.46155832  0.55587104
  0.52489049  0.56330101  0.13563792  0.75668512  0.65436839  0.75611033
  0.60874865  0.69083971  0.8299775   0.63720458  0.62265802  0.36790943
  0.3896985   0.43673247  0.34390503  0.42314171  0.5344741   0.24039673
 -0.15356184  0.69011519  0.68266223  0.79180852  0.4018539  -0.24352529
  0.51984987  0.49471315  0.60500864  0.90872689  0.72985993  0.72713778
  0.43181791  0.80889451  0.79620619  0.78843688  0.65532453  0.76623568
  0.30393848  0.54216524  0.55796201  0.82947554  0.62013455  0.76630942
  0.71861272  0.65698544  0.63481615  0.51631653  0.66863186  0.80878431
  0.61761286  0.53350844 -0.27071551  0.85799199  0.5271014   0.58704737
  0.56025762  0.78548687  0.38495129  0.57476764  0.83050142  0.63316547
  0.39462516 -0.21130008  0.13614513  0.11686527]","[ 0.19435916  0.16531201  0.21644906  0.40664433  0.28718912  0.57826139
  0.31252263  0.66293396  0.18345054  0.40544545  0.73936382  0.34569519
  0.37350267  0.25693598  0.61187634  0.31979148  0.27295528 -0.03341806
  0.2504371   0.5579688   0.35038583  0.58712091  0.40870518 -0.30015025
  0.50768096 -0.05945415  0.73729619  0.0920651   0.79256044  0.64851569
  0.01325874  0.20294373  0.66812407  0.66021799  0.50347982 -0.14079841
  0.49014679  0.2724693   0.00668659  0.35610953 -0.48085463  0.52618656
  0.23359724 -0.31124433  0.47602873  0.74730489 -0.06587731  0.34568722
  0.51753091  0.69552475  0.36278487  0.7325503   0.28098831  0.59399206
  0.52833323  0.10460814  0.38750609  0.71556471  0.60014033  0.63683944
  0.24954504  0.28998853  0.30094107  0.13841989  0.14410965  0.14548626
 -0.06858711  0.38506004  0.3435297   0.86680455  0.4660339   0.32614686
  0.231277    0.21017587  0.55069876  0.49018677  0.41337087  0.76384885
  0.6966306   0.50605912  0.67184005  0.32138875  0.53439607  0.37358285
 -0.06040056 -0.23812439  0.61084514  0.33698674  0.10713732  0.63800379
  0.60765331  0.6173901   0.40818628  0.68043964]","[ 0.86967279  0.31731838  0.5543988   0.65221973  0.09466543  0.53207774
  0.29147773  0.59349369  0.78934262  0.30203615  0.79665075  0.51938684
  0.59414344  0.40811654  0.47348721  0.51806338  0.60531897  0.36028119
  0.53230443  0.56607685  0.20796829  0.5083342   0.39016894  0.57288636
  0.27577217  0.41654582  0.79399673  0.44062431  0.61594075  0.52322265
  0.57557759  0.33260041  0.14230939  0.37095945  0.76653552  0.48014604
  0.42026414  0.46561907  0.71459406  0.61690851  0.09141485  0.6693818
  0.2277862   0.59450106  0.60131909  0.36337033  0.66476219  0.52930639
  0.14542445  0.85423994  0.4912103   0.44136871  0.32393619 -0.02223016
  0.48538933  0.36603106  0.52236189  0.49572068  0.55612151  0.37731287
  0.23629397  0.62696404  0.72099119  0.36341236  0.53679685  0.7284419
  0.35885558  0.71192013  0.37875418  0.59884362  0.58151304  0.49337532
  0.70593476  0.52873464  0.48086167 -0.22546234  0.35770161  0.6000448
  0.13225587  0.60752317  0.13056641  0.78094277  0.17575658  0.16725316
  0.67308707  0.74723368  0.089053    0.70320687  0.58835176  0.64317813
  0.60855854  0.00850881 -0.34089968  0.31273863]","[ 0.78909879  0.33814362  0.52172602  0.45551253  0.20918404  0.46918839
  0.38107954  0.71287366  0.69494942  0.34847909  0.44777805  0.40624585
  0.66063742 -0.38137556  0.27256324  0.524432    0.65840225 -0.00962512
  0.50440287  0.31499707  0.28963062  0.29312254  0.60521893  0.60494412
  0.23684618  0.53282175  0.8687764   0.3256062   0.47531521  0.21435042
  0.29041082  0.46817738  0.15118005  0.71843605  0.63487545  0.66246249
  0.48423738  0.5583511   0.80324752  0.46165819  0.06717977  0.5478861
  0.22672086  0.35858647  0.12164567  0.31863922  0.38929162  0.26321301
  0.41540386  0.53230933  0.40619161  0.75779774 -0.27580786  0.69133911
  0.41773764  0.41589113  0.51670312  0.85662593  0.44399903  0.32178569
  0.21086708  0.67540512  0.78829764  0.63953219  0.56563223  0.68832618
 -0.40950524  0.51958069  0.52300138  0.86951882  0.09777109  0.59093896
  0.58089926  0.45074189  0.40843745  0.22470481  0.60010022  0.60875206
  0.5044201   0.50647028 -0.1708206   0.76019542  0.20222974  0.52441103
  0.48159298  0.49475426  0.10037932  0.68837356  0.67593796  0.64174835
  0.08418178  0.02726967 -0.2526158  -0.18203036]","[ 0.52580076  0.31618448  0.09165539 -0.02218085 -0.00776878 -0.183999
  0.03024168  0.35383729 -0.16653557  0.50971127  0.37581038  0.34381007
 -0.06877205  0.40817346  0.02662091 -0.19121115 -0.25597415 -0.23583912
  0.73888252  0.1090875  -0.07918276 -0.3978608   0.24097746 -0.26279278
 -0.16545834 -0.37100825  0.18574527 -0.15399555  0.69920817  0.20142651
  0.1733065  -0.03371335  0.29982669  0.25450476 -0.03964966  0.07333124
  0.50278711 -0.1399768  -0.15771395 -0.37471782  0.14411858  0.23570834
 -0.56599919  0.53451408 -0.33507051 -0.18175713  0.32437765  0.39321778
 -0.23300737  0.28105248 -0.40155799  0.47426583  0.01007893 -0.14566406
  0.03419732  0.20517858  0.25315322  0.46671638  0.13662069  0.53643463
  0.44386546  0.04606338  0.10746437  0.35898397 -0.38810222 -0.22836774
 -0.02667955 -0.47552253  0.41155586  0.34898287  0.49960975 -0.18099874
  0.5927076   0.16900902  0.53581352  0.29234982  0.2243904   0.29123595
  0.33350009  0.11658669 -0.14462378 -0.10157999  0.30757605  0.34663331
 -0.14346818  0.42385975 -0.12014283 -0.15525098  0.29326103 -0.51694166
  0.07092828  0.10699904 -0.57059198  0.48383595]","[-0.29477508  0.38274528  0.47773654  0.65325951  0.85796806  0.74374177
  0.52090074  0.23854741 -0.2747345  -0.23335151 -0.16034411 -0.20250914
 -0.0860264   0.50563528  0.52152976 -0.13946772  0.74875445  0.75721999
  0.34750406  0.31132396  0.44521292 -0.48343017 -0.15458493 -0.43047419
  0.78736762  0.5878165   0.3728118   0.50986716  0.14339229  0.59393462
 -0.36785612  0.46106741  0.23085444  0.45396223  0.56370394  0.6193033
  0.42448065  0.45903377  0.59413088  0.39055069  0.49829085  0.29329158
  0.57381161 -0.1440605   0.78341733  0.09573104  0.58022626  0.2625412
  0.50915286  0.48446469  0.27904494  0.7111331   0.49962902 -0.0503981
  0.73627676  0.54845412  0.05549035  0.52965125  0.5654904   0.23652428
  0.02361754  0.70899819  0.2331304   0.79376984  0.69586521 -0.08375295
  0.63975302  0.44217167 -0.10505314  0.66185731  0.71818067  0.59100087
  0.5493776   0.64704248  0.6262226   0.45085838  0.51879015  0.04835989
  0.56762262  0.65320406  0.34484017 -0.4760506   0.24564841  0.68886357
  0.30544588  0.37234141  0.03530714  0.68022374  0.34079022  0.38606537
  0.04971996  0.75925658  0.18329016  0.53423602]","[ 4.82706960e-01  2.07980865e-01  2.45457502e-01  6.43781149e-01
  7.24960663e-01  5.09466839e-01  4.25630216e-01  4.37587996e-01
  4.14197008e-01  6.32286921e-02  3.27568606e-01  4.04421883e-01
  8.45825089e-02  3.40618454e-01 -2.03268632e-01 -4.77817758e-01
 -2.11484262e-01  1.59715838e-01  5.45954710e-01  3.15460535e-01
  4.70385511e-01 -5.48175250e-01  1.19994873e-01 -5.17248094e-01
  7.26435257e-01  2.31089973e-01 -1.25815413e-01  6.24229268e-03
  3.47250498e-01  3.89745437e-01  3.95148814e-01  5.48917770e-01
  5.33277847e-01  3.71277090e-01  1.19096806e-01  4.88123308e-01
 -2.51630832e-01 -1.80806990e-01  7.21944731e-01  9.41973368e-03
  5.29724729e-01 -1.50650656e-01 -4.92691149e-01  3.87618549e-01
  4.09551254e-01  3.09550845e-01  5.83878193e-01  4.41180223e-01
  4.91655795e-01  8.81868147e-01  1.68293810e-01  7.87790916e-01
  2.23207156e-01  8.04102847e-04  6.69983100e-01  4.11794513e-01
 -2.93373375e-01  5.21994331e-01  5.30607921e-01  4.73703846e-01
  5.13992990e-01  6.91425975e-01  5.34441466e-01  6.49488503e-01
  5.53783540e-01 -1.98653786e-01  4.09584619e-01 -1.23075569e-01
 -1.76538397e-01  6.64023972e-01  4.93768932e-01  1.16488514e-01
  6.92475291e-01  6.20464706e-01  4.97397868e-01  3.51927772e-01
  1.47154229e-01  6.48082107e-01  4.91067946e-01 -1.59377679e-01
  5.56886584e-01  2.56050074e-01  2.72656207e-01  2.18183978e-01
  7.14094974e-01  5.23772850e-01  2.51657547e-01  9.12221343e-01
  5.26941090e-01  6.07208734e-01  4.76043478e-01  5.69667398e-01
  1.00115509e-01  1.98014629e-01]","[ 0.1872034   0.26737554  0.1777821   0.59546954  0.76241204  0.65916495
  0.413093    0.70875325  0.50793277  0.27145932  0.45815461  0.12922195
 -0.0529068   0.61286102  0.48074837  0.37211128  0.73670194  0.56671668
  0.06168055  0.26973996  0.38168257  0.54262064 -0.11323476 -0.35714296
  0.45539022  0.60723348  0.53012702  0.74687448  0.35616674  0.20603875
  0.7004188   0.40287398  0.49376071  0.70884516  0.6857275  -0.09496044
  0.48666867  0.55210854  0.90522607  0.41598454  0.58999715  0.10224132
  0.67751851  0.36158755  0.0879633  -0.37167852  0.80432541  0.46635329
  0.06705346  0.29080312 -0.45321745  0.792616    0.50329332  0.3706741
 -0.22894094  0.66938825 -0.40346724  0.58958707  0.3538583  -0.18128921
 -0.33902578  0.74053756  0.56101599  0.47689821  0.56477556 -0.08756263
  0.09766877  0.03669051  0.45738998  0.50441812  0.40405524  0.59463821
  0.62506452  0.39797906  0.4479005   0.52562132  0.52284889  0.84614857
  0.20960282  0.16636121  0.62903064  0.65346761  0.54531394  0.7131401
  0.39322918  0.27076285  0.69580904  0.18308412  0.6252113   0.48565184
  0.10359175  0.76016904  0.52364372  0.48821446]","[ 0.37139589  0.57690238  0.31884693  0.63471644  0.65213881  0.47182192
  0.33317093  0.6291515  -0.01052636  0.31700899  0.75554523  0.18587419
  0.20976599  0.50493113  0.48091151 -0.20178148 -0.4970824   0.44732252
  0.68991     0.24152806  0.46294638 -0.61989212  0.23039746 -0.14951425
  0.49144284  0.40201163  0.57051723  0.37171528 -0.10240894  0.37983796
 -0.16409202  0.46638564  0.40201078  0.35248797  0.39039046  0.79649433
  0.17874224  0.27763849  0.58066942  0.36539946  0.1037678   0.28318091
 -0.09297831  0.1490689  -0.48494386  0.26574751  0.62107584  0.02807448
 -0.0102812   0.84619587  0.53948521  0.78984723  0.5644206   0.30756679
  0.28645137  0.60165071 -0.3272256   0.71162297  0.5241003   0.02217476
  0.402065    0.59806985  0.45246587  0.50296546  0.19051858  0.11593368
  0.60725973  0.21813266  0.15422356  0.50855278  0.51573259  0.27180269
  0.2705906   0.38985823  0.6036993   0.48710896  0.242623    0.5496417
 -0.09980226 -0.48684801  0.5189568  -0.35679359  0.48627556  0.10985487
  0.7153404  -0.01756583  0.25393869  0.70431193  0.30428925  0.04803712
  0.44640973  0.74262144  0.10903593  0.3969236 ]","[ 0.44045835  0.33383484 -0.26010024  0.55795892  0.38428536  0.46406973
 -0.12008802  0.39905846  0.05666995  0.35462681  0.7064871   0.56058966
  0.62821553  0.37482476  0.23342462  0.07769231 -0.09210766  0.66367581
  0.46773366  0.43822065  0.56342691 -0.25636078  0.08236891  0.50867013
  0.38154391 -0.11625787  0.74121674 -0.06887496  0.23746781  0.66704459
  0.2275021   0.74749825  0.47002481  0.02735881  0.31966886  0.36166047
 -0.56914562  0.28372109  0.17180067 -0.12906248  0.29195941  0.15191962
  0.072189    0.19799198  0.78358589  0.32376174  0.27933211  0.3700132
 -0.53944788  0.79369769 -0.09411537  0.51075776  0.81465694  0.09446751
  0.24918938  0.61144889 -0.22920538  0.47407306  0.57242334  0.06753628
  0.14231496  0.29132949  0.64655973  0.76903738  0.15439831  0.15323014
  0.45886701 -0.21042443  0.29652463  0.45347574  0.55545552  0.37083565
  0.44154385  0.22176349  0.06644535  0.405091    0.48734513  0.60294152
  0.15591357  0.35240247  0.15234196 -0.56637413 -0.14293611  0.35678358
  0.49877859  0.45974819  0.00679673  0.74744542  0.4821876   0.47084192
  0.41640066  0.60428375  0.23732058  0.11142111]","[ 0.43740293  0.7608456  -0.15543052  0.67457999  0.34796021  0.5434555
  0.75443841  0.34226076  0.31259338  0.0344694   0.62809043  0.59451814
 -0.36611677  0.39812628  0.6354043   0.20701096  0.54588282  0.71602507
  0.3707295   0.07576531  0.43843302  0.04625057  0.44205391  0.1812142
  0.70680483  0.3525409   0.76568004  0.39651831  0.16842538  0.41892416
  0.55666696  0.44690937  0.69514825  0.28773991  0.66782633  0.25305529
  0.60970208 -0.19384115  0.86505187 -0.05838679  0.72106688  0.28040523
  0.50396338  0.26473579  0.05121717  0.67214982  0.62169298  0.59135112
  0.10900292  0.67432849  0.41877373  0.60819342 -0.06853466  0.35861416
  0.593692    0.71666581 -0.30912194  0.73383082  0.75883309  0.42004986
  0.46594736  0.61348466  0.57453375 -0.10754466  0.44312958  0.46553169
  0.68322392 -0.37118645 -0.28398052  0.52413688  0.45572664  0.30448101
  0.78120488  0.61987135  0.64645276  0.33355309  0.17334284  0.67380643
  0.6275406   0.11656357  0.7160602   0.40917191  0.77071191  0.70750842
 -0.11595429  0.34643523  0.21370859  0.7788997   0.71948585  0.76344603
  0.72778055  0.77431265  0.01979354 -0.33414249]","[ 0.17087776  0.29533221  0.64792745  0.69656117  0.82448688  0.53693788
  0.5851625   0.456316    0.17817394 -0.05250579  0.45418081  0.46848188
  0.52487965  0.47324757  0.37013425  0.07929812  0.08467125  0.75188041
 -0.28731169  0.18791734  0.37077332  0.20086299  0.51076782  0.06844211
  0.45448051  0.60475695  0.85062584  0.52977939  0.31744112  0.3785432
  0.12434075  0.8184546   0.62158756  0.52040049  0.40409439  0.53732406
  0.35579508  0.5860945   0.25249256  0.50989438  0.47910589  0.53778384
  0.22570525  0.04712674  0.49235734  0.5646239   0.61441748  0.23619244
  0.78453418  0.77205476  0.61927724  0.80358269  0.63569107  0.21808211
  0.42365865  0.31292595  0.31932872  0.75808238  0.6034724   0.52502034
 -0.34859924  0.7240153  -0.01832274  0.77860534  0.84355366  0.60413989
  0.6390666   0.81724559 -0.57580629  0.59904619  0.35222066  0.33592787
  0.83508156  0.71740577  0.72233191  0.2920094   0.53792109  0.58879848
  0.33225798  0.35267297  0.68481608 -0.1661514   0.56549365  0.5786366
  0.34460774  0.70019077  0.4352461   0.70834185  0.74479248  0.58599143
  0.68382176  0.77495266  0.41838867  0.76433481]","[ 4.56081647e-01  2.28394733e-01 -2.07386171e-01  2.71812126e-01
  2.27570117e-01 -8.27933473e-02 -2.29969450e-01  6.18982018e-01
  3.74478247e-01 -1.73107456e-01 -5.75842749e-03  1.77537274e-01
 -2.67370066e-01 -1.80991656e-03 -3.60195788e-01  4.13057894e-01
  3.40729186e-01  4.48131507e-01  7.68107685e-02  1.24539238e-01
  3.11838063e-01  1.68387433e-01  2.65218620e-01  4.30147412e-03
  5.18469377e-01  3.10745598e-01  7.05210975e-01 -9.89682991e-02
 -2.24306316e-01  4.97630129e-01  4.37636238e-01  5.51832517e-01
  3.70100629e-01  4.02632358e-01  3.70104791e-01  6.77871125e-01
 -1.36833496e-04 -3.06210953e-01  1.43182417e-01  2.02416749e-01
  8.47550948e-02  4.78914584e-01  3.86764472e-01 -5.55427556e-02
 -4.84298709e-01  5.82575286e-01  9.36661668e-02  2.89060290e-01
  5.69007385e-01  6.37115045e-01  2.81802854e-01  6.09649071e-01
  3.65409375e-01  1.17621409e-01  1.23742961e-01  4.78226268e-01
 -3.55700937e-02 -1.22895046e-02  3.58026284e-01  4.34227202e-01
  2.09440524e-01 -4.64477601e-01  4.60719938e-01  5.68363347e-01
  3.89050678e-01  4.75700120e-01 -7.71917741e-02  2.77654295e-01
 -5.52553395e-01  6.74282094e-01  4.53455186e-01 -8.08111246e-02
  3.55483082e-01 -1.33389162e-01  8.93955335e-02 -1.80626322e-01
 -6.84332473e-02  7.08317645e-01  4.14938479e-01  4.16320033e-01
  2.55583198e-01  6.45413380e-01  1.85439285e-01  5.81452967e-01
  4.37769598e-01  4.04238445e-01  2.48352641e-01  6.82325140e-01
  1.71027412e-01  7.47063596e-02  6.61618289e-02  6.95563760e-01
 -1.60414193e-01  5.10277245e-01]","[ 0.34554272 -0.42968372  0.58914078  0.65713846  0.67313345  0.58363743
  0.650217    0.60438443  0.36509296  0.30748852  0.12290022  0.30713077
  0.13955188 -0.00830414  0.19582854 -0.12016337  0.63970652  0.33085781
  0.29177898  0.57582658  0.36747358  0.44804615  0.40268954  0.09752024
  0.74525585 -0.11001765  0.35098157  0.26625714  0.05213941  0.30784501
  0.45343192  0.19287067  0.47441166  0.37084011  0.70722504 -0.00819343
  0.38629322  0.63703204  0.52130794  0.62096358  0.59646746  0.53776326
  0.30569244  0.14668727  0.71484112  0.65924432  0.81529104  0.56816342
  0.4006277   0.5983133  -0.28287963  0.35854851  0.03665194  0.19758401
  0.39450817  0.58592129  0.52716826 -0.0760936   0.76690611  0.32804785
  0.12365194  0.49181641  0.17619191  0.35316412  0.6812249   0.07420147
  0.13702277  0.67412348  0.5954969   0.35176038  0.75639707  0.55084887
  0.85159253  0.38248242  0.55072593  0.35472844  0.45585452  0.35445899
  0.3592798   0.77162071  0.29405719  0.16660159  0.38429845  0.64709577
  0.27016704  0.18004064 -0.20678463  0.58294122  0.68981934  0.05677367
  0.44978237  0.66968757  0.36800031  0.21605467]","[ 0.44046236 -0.22330346  0.61925994  0.72350707  0.78969786  0.61302804
  0.31400279  0.49996536  0.16279037  0.12340217 -0.21668335  0.15922977
 -0.21023574  0.24121296  0.34720484 -0.21656134  0.5225233   0.52843107
  0.58774907  0.30144234  0.23758489 -0.3176275   0.19177236  0.25767741
  0.74646089  0.32197501  0.24896652  0.52082572  0.34993432  0.61154217
  0.48421055  0.47795112  0.74434298  0.58367132  0.65883801 -0.37661079
  0.32708171  0.63725874  0.74874716 -0.03344777  0.53040559  0.26235179
  0.41342102 -0.27672467  0.64041202  0.39712243  0.6397815   0.62175375
  0.41205206  0.41782539 -0.10686491  0.61312934  0.60656826 -0.07296276
  0.46367406  0.43531183  0.17806766  0.50068915  0.75286038 -0.39831066
  0.14784551  0.45898706  0.28944686  0.64973813  0.55151121 -0.07420993
  0.53805471  0.77458969  0.14347133  0.42704301  0.69676689  0.54161995
  0.79120364  0.33306333  0.68855594  0.35981349  0.2299813   0.62304538
  0.32286937 -0.22210757  0.49225103  0.45874801  0.35226528  0.50546863
  0.56195392  0.16188247  0.35761215  0.236966    0.56023471  0.41160224
  0.25212917  0.70391822  0.51429708  0.47053332]","[-0.04158584 -0.00836455  0.47065463  0.79727391  0.7150873   0.46442917
  0.28254557  0.63774171 -0.31601972 -0.20409803 -0.11798062  0.3277646
  0.59749188  0.4710134   0.25146944  0.44782074  0.58720985  0.19275445
  0.51850842 -0.34009293  0.37945163  0.05694316  0.40589795 -0.48044993
  0.73087186  0.35001923  0.73465546  0.70349717  0.31584693  0.36818231
 -0.37446584  0.45453121  0.54526637  0.05063871  0.47086076  0.08999262
  0.50375597  0.6232312   0.7458755  -0.19146709  0.52124963 -0.17190548
  0.06973514  0.20364951  0.04450196  0.29026777  0.74707792  0.2896735
  0.23281091  0.30395349 -0.25035903  0.6564653  -0.12232555  0.31141106
  0.3261966   0.78742187 -0.2546932   0.67154048  0.36956364  0.09921065
  0.30777354  0.76078016  0.53511922  0.51268487  0.71581862  0.32548063
  0.51390962  0.67887666  0.31635249  0.44281893  0.36412018  0.27491916
  0.85468832  0.25112485  0.45297966  0.44513528  0.61446744  0.49891854
  0.02089182  0.04424953  0.4304149  -0.10439684  0.54136292  0.24937081
  0.20660471  0.513059    0.47173046  0.50726244  0.22701913 -0.25359189
  0.69124317  0.69029622  0.50924577  0.60915599]","[ 0.63225837 -0.40478404 -0.11508286  0.67230821  0.79101925  0.62776168
  0.71341703 -0.06912187 -0.39365845  0.2042128   0.44723415  0.03696865
  0.29377483  0.21735461  0.09332897  0.13268212  0.41451504  0.39775023
  0.26957621  0.08593903  0.48133882 -0.08976968  0.260417    0.17836834
  0.78468444 -0.18975657 -0.23429446  0.18257465 -0.04422728  0.54625937
 -0.34066061  0.40796478  0.47302724  0.6074601   0.6672291   0.56648105
  0.27966953  0.35558815  0.09466335 -0.42523579  0.61671273  0.47025328
  0.31618173  0.08122948  0.82640629  0.54757913  0.40108019  0.23548172
  0.57079623  0.44210705  0.03955236  0.79598525  0.63333013  0.12936193
  0.54730981  0.55869222  0.28558625  0.66229609  0.20099695 -0.48596659
  0.53418205  0.63173583  0.55239374  0.6501368   0.36140403 -0.55657385
  0.42445325  0.23280624 -0.2839951   0.30871339  0.88414023  0.4632723
  0.63443501  0.37878495  0.86583156 -0.21027631  0.34454168  0.67341101
  0.68274294  0.47953393  0.48574918 -0.40601515  0.42019236  0.63468253
  0.12563254  0.29175924 -0.41375582  0.65261834  0.21837394 -0.24411501
  0.65517189  0.68273723  0.3698655  -0.20555024]","[ 0.67476983 -0.05724795  0.42070308  0.73878644  0.71085146  0.66570293
  0.72356374  0.31429131  0.39805906  0.30453067  0.69124136  0.72078425
  0.66508285  0.18250524 -0.44239195 -0.24665752  0.67236583  0.5073657
  0.49777399  0.40877308  0.51650322  0.43789409  0.33388527 -0.12251998
  0.81267647  0.12804503 -0.056786    0.5593472   0.43322603  0.49814031
  0.12528379  0.39024447  0.64637191  0.6046976   0.70192997  0.67186831
  0.42277999  0.56060328  0.62684129 -0.55105019  0.67594972  0.40039838
  0.05164281 -0.35384903  0.81823161  0.4807301   0.50200539 -0.41492907
  0.39827732  0.75668429  0.16306142  0.8297755   0.39745365  0.02271029
  0.69374019  0.44583131  0.27928579  0.67662051  0.25073333 -0.46930977
  0.39053971  0.35082041  0.45676521  0.34905594  0.48084248 -0.19216356
  0.66660844  0.19720637 -0.5688865  -0.08126502  0.62319598  0.20800794
  0.69372329  0.6434876   0.72999224  0.27121299  0.53355302  0.36576789
  0.63321766  0.03074389  0.58380038  0.0818616   0.31717954  0.20772222
  0.07569743 -0.46174717  0.53509739  0.72427552  0.24035181  0.49415288
  0.7019058   0.60260126  0.42467919  0.18639155]","[ 0.57079645  0.70137109  0.78336051  0.86646463  0.74925799  0.71161503
  0.75434429  0.72426851 -0.37357516  0.40902464  0.714135    0.42372564
 -0.00445904  0.37565148  0.04998275 -0.20457354  0.83729773  0.31603867
  0.22203366 -0.04624053  0.53916731  0.44316687  0.42259208 -0.09107646
  0.06474792  0.63106747  0.60758468  0.69781931  0.22293672  0.51463785
  0.26183453  0.68206535  0.64298958  0.89668669  0.68876426  0.75665541
 -0.03133721  0.55205889  0.85459591  0.34203362  0.57050684  0.68225684
  0.53609356 -0.23796689  0.65766112  0.59741414  0.85036297  0.79054569
  0.68460743  0.17530303  0.63303474  0.80663962  0.71583395  0.68846933
  0.41633982  0.66119716  0.15243228  0.73643427  0.74306016  0.41838887
  0.31494381  0.66897222  0.51028287  0.53939761  0.7248974   0.46975475
  0.68946302  0.61494337 -0.17365689  0.57309712  0.67707945  0.55916337
  0.67953939  0.54936551  0.76613952  0.33993554  0.63080567 -0.18717363
  0.31460007  0.4871281   0.75172731  0.2000637   0.61482508  0.74184534
  0.82539596  0.47433702  0.27596698  0.65812781  0.62419548  0.80855242
  0.68902393  0.84179227  0.39123994  0.51662229]","[-0.07804553  0.35034991  0.45657551  0.46789835  0.81235662 -0.33858516
  0.6615579   0.50112375 -0.34005899  0.46158942  0.7182336   0.02814426
  0.5309574   0.45478577  0.31059524  0.13474232  0.68902865  0.47297036
  0.22779167  0.58251719  0.42162311  0.52730196  0.36441773  0.03388743
  0.592908    0.56524396  0.67558496  0.55550327  0.34523535 -0.05165491
  0.27340314  0.59935315  0.65847638  0.55346361  0.68147097 -0.06904527
  0.25150291  0.59778313  0.55287811  0.52076505  0.2831974   0.41523519
  0.57374703 -0.53425612  0.71297004  0.65872212  0.60166783 -0.33668002
  0.59067039 -0.49036702 -0.01891216  0.65663109  0.46387522  0.61862761
  0.51297694  0.66971315 -0.28917339  0.68080441  0.54344426  0.4522214
  0.22619505  0.59597138  0.44342314  0.70165087  0.58557325  0.2450271
  0.56844828  0.78766623 -0.25631149  0.41492918  0.64094039  0.69494137
  0.69445674  0.37158849  0.6125231   0.11120854  0.43797656  0.24252525
  0.20901174  0.47256421  0.52879941  0.44835085  0.34691826  0.42044689
 -0.27089192 -0.25934367 -0.19250615  0.46540395  0.49480351  0.665743
  0.70697803  0.80753947 -0.05305753 -0.34673864]","[ 0.47230268  0.21215532 -0.05797754  0.33302054  0.74053238  0.33172068
  0.75368849  0.43936701  0.19278859 -0.11995934  0.73189187  0.57262541
  0.275627    0.0461361   0.19390637 -0.27768571  0.43076857 -0.03691343
  0.36539037  0.35084296  0.40737201  0.4551775   0.04694581  0.24090839
  0.71216249  0.45532278  0.59013174  0.08130025  0.23581472 -0.1916849
  0.34744417  0.52985914  0.63826602  0.61599073  0.61353145  0.54702866
  0.32681585  0.72001645  0.49825761  0.43369708  0.50815243  0.45443235
  0.65328834  0.05469999  0.82056581  0.55422301  0.33076458  0.49904542
  0.48262453  0.16294315 -0.17688803  0.80421777  0.48952041  0.53153664
  0.38256891  0.59645665  0.25962087  0.76168825  0.38133096 -0.24171233
  0.21635289  0.50901699  0.52917466 -0.16888415  0.38265924 -0.09183882
  0.68506587  0.57332488 -0.2309463   0.13229148  0.60991829  0.51477276
  0.74246693  0.1882409   0.66739293  0.03979399  0.33121757  0.05002694
  0.57105165  0.37644543  0.00368464  0.23117345  0.16606132 -0.34407198
  0.32917305  0.7420203  -0.28217332  0.10541222  0.46347187  0.7601991
  0.40705424  0.45390161  0.0822911   0.28825865]","[ 2.81398410e-01  5.91458713e-01  2.46977035e-01  7.37684404e-01
  8.78530117e-01  7.55900604e-01  7.80196146e-01  6.25881083e-01
  9.08742208e-02  5.55388284e-01  7.51682977e-01  5.82417671e-01
  4.11045346e-01  3.86998571e-01  6.03966084e-01 -1.24187067e-02
  8.01083429e-01  2.93620539e-01 -4.94417979e-01  4.88119441e-01
  6.40673676e-01  5.42515689e-01  4.32440356e-01  3.55864031e-01
  6.99886250e-01  4.75140351e-01  5.10375155e-01  6.43084551e-01
  4.62266249e-01  6.03735467e-01  5.16660077e-01  7.58395713e-01
  7.36994354e-01  8.20798321e-01  7.14503832e-01  5.71295389e-01
  4.34975223e-01  7.85990432e-01  7.19277908e-01  5.30181051e-01
  4.46615659e-01  7.06507423e-01  4.06416279e-01  1.48848326e-01
  8.79437556e-01  6.17680807e-01  7.39196526e-01  4.71229548e-01
  4.58874722e-01  2.02264215e-01  5.66078546e-01  8.18448165e-01
  6.92385291e-01  6.38464463e-01  6.10720831e-01  5.15684151e-01
  6.40385798e-01  6.51995137e-01  6.74092081e-01  2.46609285e-01
 -4.75648482e-04  6.60329064e-01  2.80861333e-01  7.36784171e-01
  7.43681028e-01  2.58803197e-01  5.41732908e-01  8.17904244e-01
 -1.21488346e-01  7.28214070e-01  5.86530530e-01  5.75386564e-01
  8.83302428e-01  5.41263418e-01  7.68333629e-01  4.37808079e-01
  5.95878882e-01  3.99751779e-01  5.84083973e-01  4.02797041e-01
  5.67731315e-01  1.34191249e-01  5.26261523e-01  6.53072938e-01
  2.92212219e-01  3.67309500e-01  6.22010188e-01  6.87464529e-01
  3.79596956e-01  7.64313769e-01  6.63651753e-01  9.01012209e-01
  8.79459934e-02  6.98147745e-01]","[ 0.74891741  0.32897998  0.28313945  0.37778016  0.52281126  0.24510715
  0.39875206  0.54990188  0.41974244  0.55866142  0.61853327  0.5524832
  0.60756001 -0.53525326  0.50299917  0.6388562   0.58256487  0.26074969
  0.02150957  0.57801561  0.33543807  0.50521617  0.27347071  0.47181896
  0.50003597  0.51481559  0.85529422  0.24638477  0.57335477  0.62667093
  0.76373302  0.3729713  -0.21701259  0.6701153   0.50933367  0.64597839
  0.6086331   0.52433548  0.66792011  0.59163158  0.44674527  0.32517649
  0.6461159   0.26339897 -0.27057115  0.39485998  0.57791603  0.34051298
  0.17023812  0.65741296  0.67384113  0.63708301  0.23179576  0.35154876
 -0.27202426  0.75316754  0.46295094  0.83925565  0.34492735  0.42554482
  0.49833034  0.69745991  0.79972221  0.65957005  0.73515815  0.74740238
  0.4949858   0.56638252  0.45556754  0.72580073  0.06675847  0.52397382
  0.52604704  0.0539365   0.58229782  0.0027664   0.20312702  0.58742886
  0.63801381 -0.4237183   0.04916127  0.64053138  0.46396943  0.37723368
  0.53561772  0.52533892 -0.28166303  0.40990923  0.73225994  0.61662823
  0.48195674 -0.27061897 -0.06678642  0.58477595]","[ 0.23631403 -0.21567869 -0.53073831  0.16743969  0.1817096   0.13468542
  0.10488413  0.5519651  -0.23700598  0.45611082  0.61379389  0.1234471
  0.1728688   0.55668452  0.11684223  0.16916934  0.42217403  0.51843233
 -0.10869484  0.23701594  0.12352731  0.33656471 -0.15719537 -0.12479783
  0.38539582  0.41934547  0.35477727  0.02753659  0.38547171  0.56163929
 -0.55573999  0.52018182 -0.0532011  -0.15335398  0.22397791  0.35729586
  0.41754699 -0.23810929 -0.57000144 -0.42421101  0.52204053  0.46442305
  0.53279723  0.06905892  0.17215581  0.34311118  0.23150911  0.21708734
  0.32537484  0.67295142 -0.23722568  0.43309086  0.19742573 -0.36792953
  0.12445395  0.45023935  0.19969845  0.31990139  0.51215447  0.1321365
  0.33516616  0.11470104  0.41107478  0.59262141  0.48465886  0.37357903
  0.01080513  0.01027657  0.39127511  0.3876205   0.63539477  0.55313181
  0.56437532  0.15673137  0.49536057  0.05099794  0.14501329  0.44059787
  0.24764096  0.33139022  0.17205217 -0.40790088  0.41870321  0.51864665
 -0.16096177  0.34638316  0.20547652  0.22610518  0.33736127 -0.60927235
 -0.14020848  0.7905611  -0.50977987 -0.08820804]","[ 0.70935021  0.22224362 -0.05381678 -0.627898    0.02666362  0.07592582
  0.68629264  0.74143923  0.53751413  0.42054459  0.19177157  0.5029189
  0.4158945   0.1548863   0.51971218  0.67057745  0.20755666  0.44477868
 -0.39905374  0.54732936  0.49785103  0.43354224  0.30064991 -0.27243048
  0.50864813  0.53296306  0.56085386  0.4959335  -0.30936986 -0.21294469
  0.62318832 -0.24029618  0.35970303  0.50341314  0.65171263  0.4068846
  0.46944888  0.57180302  0.67694909  0.63183823  0.75650108 -0.59625154
  0.46892536  0.43535262  0.72468517  0.18940884  0.14430155  0.60513357
  0.29128505  0.80675307  0.46147914  0.3373582   0.35617556  0.37095345
  0.36346712  0.71185261 -0.38618108  0.84843003 -0.12964359  0.69934395
  0.39198056  0.70210676  0.6676474   0.5628092  -0.0250834   0.31541998
  0.3865459   0.70421273  0.65104901  0.61340748  0.42604775  0.45795229
  0.81171164  0.34733504  0.52505577  0.37637617  0.00467147  0.72952688
  0.33276443  0.30059133 -0.26573937  0.66276832  0.66262913  0.37855704
  0.48667595 -0.50568799  0.50480997  0.67208275  0.65899759  0.58631482
  0.21802704 -0.027413    0.38006239  0.63262765]","[ 0.46676576  0.42292434  0.47880431  0.75506034  0.61654162  0.67971322
  0.8539102  -0.37354955 -0.53946645  0.47750686  0.6108324   0.40593091
 -0.32547299  0.59885359  0.74248454  0.15591397  0.18450496 -0.10067283
  0.34097953  0.36342317  0.6550033   0.64515688  0.48242846  0.12769315
  0.52990061  0.53712724  0.7091344   0.43915938  0.56049782  0.51214211
 -0.00743733  0.77802799  0.74891619  0.69069576  0.48134034  0.39011319
  0.46710323  0.16578611  0.69520165  0.36128178  0.37690759  0.47853503
  0.50339115  0.5821559   0.78234667  0.73060912  0.38655712  0.8717142
  0.47151701  0.08746149  0.29863161  0.72992605 -0.20677161  0.72004837
  0.12776431  0.67906123  0.08779166  0.240409    0.75528402  0.50666049
  0.51968649  0.37378386  0.40501282  0.31978178  0.21720562  0.00700454
  0.41899788  0.16487064 -0.17901007  0.36026486  0.75642953  0.63456343
  0.75614027  0.34875396  0.63426168  0.52450374  0.62683806  0.30814858
  0.47650895  0.61938907  0.61994001 -0.45003417  0.63041091  0.60477091
  0.38584159 -0.42835578  0.72302614  0.53435433  0.75538158  0.75272409
  0.05077985  0.73244255  0.25913449  0.44354175]","[ 0.75960809  0.19978869  0.61173713  0.14404358  0.18280712  0.40674446
  0.83123221  0.58256598  0.66211359  0.42211412 -0.37110136  0.29748804
  0.38559265  0.1961239   0.66724664  0.69744002  0.39443431  0.44288678
  0.16253601  0.22008931  0.58144568  0.61860395  0.16576748  0.28588226
  0.43835968  0.39038414  0.37881582  0.36201085  0.2149278   0.28149773
  0.58760892  0.37171462  0.53083928  0.73102218  0.25551726  0.39211709
  0.72321226  0.14169326  0.8875227   0.68595101  0.40048313  0.80012348
  0.59405346  0.63445805  0.68529445  0.45824043 -0.41663833  0.78441949
  0.58205585  0.17046204 -0.61849677  0.25638614  0.60219814  0.19156755
  0.68666076  0.59483558  0.34532482  0.8003038   0.28513048 -0.2939844
  0.17583063  0.57488083  0.60296185  0.55560591 -0.15519793  0.73597893
  0.51989063  0.50853757  0.60351268 -0.56009638  0.77158065  0.45677639
  0.66180713 -0.4305257   0.80139022  0.72310183  0.38334389  0.60680605
  0.1105656   0.47516328  0.29648889  0.57455293  0.74076209  0.60497702
  0.77595999  0.54931844  0.68657607  0.90082366  0.634005    0.76586564
  0.57937262  0.00506442  0.28853591  0.45990556]","[ 0.36868492  0.53019813  0.20662127  0.31804839  0.2759746   0.24461821
  0.64193206  0.65739737  0.36796651  0.12775593  0.78057668 -0.1733461
 -0.11409113  0.03346028  0.28511136  0.42304222 -0.33333737  0.52342867
  0.25778638  0.38184001  0.44904614 -0.03757324  0.19170189  0.40589887
  0.31582441  0.35682491  0.12256555 -0.04663212 -0.09354012  0.30123157
  0.44017375  0.29499757  0.02389379  0.27176273  0.07225165  0.50952707
  0.05826674  0.36393435  0.41082222  0.18500331  0.50454665  0.52366208
  0.33496576  0.50455059  0.82537215  0.50169497  0.0097583   0.43361582
  0.62885272  0.81411015  0.49560011  0.53343108  0.4865046   0.01740997
  0.33624752  0.45215073  0.31575376  0.59256704  0.1980312   0.440593
  0.45997965  0.23504698  0.51120141  0.1836189   0.62879443  0.32896331
  0.54892863 -0.59301489  0.22423832  0.45552219  0.70672107  0.52877445
  0.24619267  0.47264996  0.16962021  0.5727197   0.26082293  0.80546519
  0.21869904  0.07381069  0.45862769  0.50148579  0.16758477  0.2831224
  0.81828781  0.52076934  0.24933992  0.84162638  0.15297814  0.59318369
  0.55236105 -0.3583005   0.10250667  0.08746664]","[ 0.45629868  0.46239268  0.0342439   0.61321995  0.14507543  0.4362488
  0.1643716   0.61795669  0.55289893  0.33885784  0.78106059  0.21303316
  0.25217556  0.36424149  0.01454259  0.55601845  0.21054529  0.33437572
  0.34311296  0.27264476  0.12126061  0.27454687  0.47782863  0.29193276
  0.36276475 -0.36090757  0.02896986 -0.3656144   0.52043124  0.38677844
  0.71992515  0.04693095  0.19880633  0.52469702  0.58910786  0.65391748
  0.28188245  0.48673271  0.46536507  0.02030245  0.24418498  0.71130508
  0.47053382  0.56154299  0.77699208  0.5872505   0.50219543  0.40287828
  0.42006214  0.68507589  0.44351144  0.56560904  0.66193351 -0.40393336
  0.62657809  0.44576089  0.3830142   0.23796444  0.38837366  0.57716119
  0.42793581  0.57577044  0.42300591  0.31545615  0.15545668  0.39483704
 -0.17571721  0.31985991 -0.09404931  0.35057837  0.7011543  -0.03095352
  0.54163888  0.30968538  0.41520021  0.26093978  0.31601426  0.73491011
 -0.44353948  0.18908964  0.47253477  0.75107974  0.06089945  0.20359994
  0.82860142  0.37045171  0.01596049  0.75403712  0.4881753  -0.46366059
  0.66894247  0.43120335 -0.06081492  0.74648072]","[-0.13479688  0.3761745  -0.21191332  0.37499427  0.5475385  -0.31118055
  0.75621366  0.33457813  0.45899698  0.49005297 -0.3608358   0.41546221
 -0.17019549  0.33748629  0.58335916  0.56519689  0.52561968  0.01203197
  0.17561106  0.09559555  0.25374449  0.12763283  0.41042084 -0.03647252
  0.1489752   0.58046748 -0.07112703  0.50165911 -0.20381131  0.24353752
  0.67162105  0.14577473  0.45829756  0.45349195  0.51335939  0.69513603
  0.77320048  0.09719059  0.81917788  0.21275013  0.35533408  0.18162171
  0.6852616   0.56411535  0.63642614  0.51628033  0.73356685  0.0027484
 -0.04170646  0.3399572   0.53704386  0.5580389   0.22948502  0.28554705
  0.181248    0.32185448 -0.45150744  0.08602266 -0.22427648 -0.05862319
  0.39544398  0.44428508  0.41840168 -0.28837987  0.08430502  0.29086489
  0.21516309 -0.5166289  -0.23804837 -0.46864776  0.42039315  0.44656831
  0.63401143  0.38364808  0.32553118  0.04045902  0.44848338  0.64504577
  0.03805766  0.54762462  0.36243457  0.48844605  0.53878149  0.40094663
 -0.07475857  0.64180184  0.5609674   0.33810054  0.78550895  0.38907115
  0.16268041  0.43827839  0.29984797  0.35175302]","[ 0.71931552 -0.25248817  0.76693463  0.29369927  0.57258346  0.30907436
  0.3950526   0.40313009  0.35743709 -0.33191604  0.56411408 -0.05178822
  0.73281555 -0.11233412  0.56707271  0.38871592 -0.22858609  0.30533324
  0.67809081  0.55066264  0.35154769  0.4195604   0.26828332  0.17743123
  0.00286736  0.12673276  0.78362777  0.25805671 -0.13010343  0.30231687
  0.77754204 -0.14567336 -0.2853291   0.6899606   0.49191241  0.10813872
  0.1722015   0.4366031   0.77988875  0.55790118  0.37816925  0.60449742
  0.31602205  0.29257645  0.80123217 -0.10558102 -0.31712472  0.27314433
  0.58068609  0.79690531  0.47840824 -0.00868601  0.80787116  0.41396639
  0.39105     0.63909568  0.25565888  0.75746556  0.39903251  0.33031625
  0.52439715  0.39519871  0.61082617  0.55765158  0.23038075  0.57460071
  0.03872096  0.43011875  0.49127184  0.13020328  0.48078624  0.21602888
 -0.21522269  0.09115432 -0.27797349  0.44448674  0.49128502  0.81433038
 -0.03542301  0.42550896 -0.40879836  0.52418508  0.39327401  0.32899313
  0.56745624 -0.39698222 -0.07372767  0.92568043  0.61501388  0.67135645
  0.61054603  0.45943052 -0.22306263  0.60108491]","[ 0.487875    0.44198974  0.61141958  0.37078481  0.61303414  0.45294358
  0.4109849   0.31365672 -0.37529472 -0.2557188   0.35361849  0.00212854
  0.36202378  0.37502676  0.48634848 -0.29254201  0.41950295  0.57177062
  0.4231332   0.39416501  0.45937437  0.32109754 -0.21845418 -0.44681984
  0.8196455  -0.06057981 -0.16228875  0.08531235 -0.05689145  0.45162092
 -0.24755651  0.16537191  0.5155813   0.48349196  0.44215829  0.37063672
  0.29395007  0.47256119  0.53223179  0.50326343  0.30050057 -0.01430275
  0.6402297   0.15695855  0.74844915  0.3969649   0.29887389  0.39329779
  0.13389563 -0.39207675 -0.27607472  0.24925655 -0.46093431  0.27825689
  0.24549485  0.64127681  0.21098599  0.44807538  0.17211764  0.26781229
  0.16020937  0.16904588  0.22805253  0.37872907  0.46254402  0.23240524
  0.05747454  0.45944186 -0.19675599 -0.10782207  0.36603179  0.56985179
  0.28934204  0.35420732  0.47409295  0.19340109 -0.2799868  -0.1702646
  0.44161354  0.77291916  0.37029677 -0.0529467   0.5088142   0.56022652
  0.47508449 -0.36977695 -0.45774056  0.73006868  0.37914384  0.5987931
  0.16557477  0.19540539 -0.33140107  0.12313304]","[ 0.15335369  0.68039094  0.73137884  0.28564596  0.64624218 -0.22570934
  0.69749201  0.22408157  0.28960049  0.28173073  0.48527554  0.17326861
  0.39390201  0.43749003  0.46304519  0.29495276  0.57706275  0.17408666
  0.37502706 -0.0995427   0.36226906  0.1147895   0.11735158  0.49330319
  0.60540914  0.08518996  0.25582443  0.2117319  -0.21033421  0.0967284
 -0.03466104  0.24140616  0.22222662  0.57248087  0.51937944  0.11548624
  0.17809731  0.50112968  0.2787411   0.72307219  0.2987842   0.16812463
  0.57063958 -0.00652111  0.46864508  0.24388758  0.20360002  0.39043853
  0.17528125 -0.06883076  0.3417457   0.66827434  0.22463608 -0.27658587
  0.12651425  0.35143471  0.12412603  0.68182309  0.44864959  0.20257725
  0.24623794  0.04448041  0.35212528  0.46026132  0.00229333  0.5686833
  0.73118977  0.19584841 -0.25906334  0.23564172 -0.41717796  0.53120532
  0.81888118 -0.10954644  0.20479402 -0.19444515  0.49320162 -0.29042232
  0.19844998  0.65628856  0.43786216  0.35868259 -0.14980219  0.11616296
  0.17653593  0.71314245 -0.24119948 -0.52427954  0.6909858   0.41315256
  0.64342227  0.63966007 -0.08195635 -0.03614507]","[ 0.58343112  0.03601036  0.26763682 -0.13595158  0.1036987   0.45060132
  0.3357164   0.23089121  0.54431958 -0.26129702  0.37554503  0.5103495
  0.60525188 -0.32323421  0.63633969 -0.26282062  0.24104559  0.39515718
  0.0429561   0.4253403   0.45706443  0.28766678  0.13535512 -0.34068023
 -0.58477337  0.09060903  0.82690239  0.12155672 -0.02046621  0.05824304
  0.72839004  0.10519747  0.39788514  0.6263729   0.06533189  0.67463448
  0.29391146  0.39308624  0.59602383  0.62332669  0.51139975 -0.11665719
 -0.53418706  0.4233577  -0.49191255  0.26734266  0.34766248  0.18972934
 -0.490724    0.61287998  0.28603647 -0.20648531  0.51817831  0.16186652
 -0.08359805  0.53143904  0.15836533  0.77661213 -0.15021698  0.36378514
 -0.23466933  0.55221989  0.60280079  0.27877285  0.3941233   0.23806883
 -0.00438893  0.24026905  0.36701736  0.37440214  0.3708901   0.30745869
  0.28939419  0.32847495  0.55607497 -0.0075744  -0.31380414  0.44582474
  0.02797406  0.29692861  0.37392618  0.63555345  0.39612501  0.67349763
  0.1008627   0.55200045 -0.18042921  0.2958891   0.66723605  0.76149781
  0.63658711  0.35161876  0.60942806  0.40936169]","[ 6.31056472e-01  1.29922620e-01  1.54175993e-01  2.86747738e-01
  2.28934927e-01  2.32292476e-01  5.79233049e-01  6.72761906e-01
  4.21193695e-01  7.22152595e-01  3.85418665e-01  6.40965709e-01
  2.67120896e-01 -3.79571147e-01  6.69119588e-01  3.30327281e-01
  4.84624771e-01  1.72977354e-01 -7.57059964e-02  4.72412861e-01
  3.76431221e-01  1.38379568e-01  3.00119471e-01 -5.14463616e-02
  6.50689207e-01  4.47708227e-01  7.97383661e-01  6.08280716e-01
  4.22377817e-01  5.39145592e-01  4.19038504e-01  3.87581479e-01
  4.06592530e-01  3.14056374e-01  2.44526604e-01  5.43310542e-01
  4.80546302e-01 -1.12284378e-01  7.55139815e-01  3.10777511e-01
  4.57194952e-01 -9.17780525e-02  1.78933150e-01  6.28515138e-01
  3.40577763e-01 -4.58592584e-01  7.31531153e-01  6.36864189e-01
 -7.81165031e-02  5.48234890e-01  3.52794063e-02  5.43790906e-02
  5.87679562e-01  5.33716343e-02  2.11497782e-01  5.39706826e-01
 -3.64621689e-01  3.37593210e-01  3.60476479e-01  4.65034160e-01
  3.72385776e-01  5.31100503e-01  6.13987632e-01  3.59146604e-01
  2.30737573e-01  5.41927402e-01  3.18625380e-01  3.05619032e-01
  5.06747655e-01  5.23878476e-01  2.41199150e-01  1.16894335e-01
  8.38945796e-01  1.69762323e-01  7.33057551e-01  1.85547991e-01
  8.75301946e-03  6.79742313e-01  1.15093216e-02  1.07411266e-01
 -2.62808562e-01  6.01987151e-01  7.59809099e-01  1.71378703e-01
  2.57227181e-01 -9.06049035e-02  5.20408429e-01 -1.29692174e-01
  4.93911667e-01  4.47058030e-01  5.12119201e-01  6.88712371e-02
  5.78529297e-04  7.07980935e-01]","[ 0.78006097  0.09472986  0.31092334  0.17601473 -0.43422918 -0.00314413
  0.45013965  0.65678099  0.60549002  0.43785964 -0.31342841  0.62734223
  0.70695487  0.1532798   0.67914131  0.57146437  0.55461443  0.73142878
  0.29371362  0.62599678  0.37305872  0.4674087  -0.07405507  0.33294175
  0.49738298  0.56255786  0.84994288  0.31175717  0.23608356 -0.12454988
  0.72110467  0.56774264  0.29517694  0.75534882  0.5293484   0.50285001
  0.23684874  0.86743593  0.75888837  0.39529649  0.78483418 -0.08265528
  0.64882069  0.5232735   0.83583948  0.0203224   0.03065487  0.69877652
  0.07770147  0.78190119  0.55163027  0.62622     0.79168808  0.42084869
  0.64044921  0.60238141 -0.23941165  0.83258669 -0.12730921  0.62218143
  0.41967984  0.70583522  0.66128361  0.71568676  0.60248202  0.54445879
  0.46376329  0.68647004  0.69873327  0.48284635  0.39669005  0.592029
  0.6979992   0.48305429  0.47366124  0.40766728  0.34138758  0.81889119
 -0.15710281  0.51910638 -0.5296485   0.64690491  0.55788735  0.57275183
  0.74330844 -0.58523262  0.43830247 -0.42982235  0.79413128  0.65080424
  0.63176939 -0.29825757  0.30891228  0.72351857]","[ 0.56864222  0.45201008 -0.19316942  0.78875751  0.78060455  0.81367366
  0.87402066  0.61275597  0.16173104  0.41843282  0.75342494  0.85297255
  0.3585248   0.46554712  0.32991699  0.28576439  0.80800675  0.32489051
 -0.40204089  0.50327435  0.63665102  0.6618485   0.5901892  -0.41263238
 -0.01832936  0.70196353  0.50119336  0.76030981 -0.2288367   0.61971069
  0.66039611  0.68425542  0.543144    0.88414196  0.58221569  0.73712991
  0.63705992  0.88723823  0.81993544  0.3754538   0.63809743  0.28943415
  0.56606707  0.47581747  0.52656431  0.37604644  0.84054913  0.86846053
  0.45439001  0.6205115   0.03249949  0.67286199  0.12863991  0.80055545
  0.40493403  0.55845696  0.08927249  0.56076972  0.72267791  0.20571416
  0.43854631  0.58258735  0.25545819 -0.09495653  0.43184621  0.46808851
  0.73722153  0.65742532  0.45052405  0.82184744  0.6845836   0.62232564
  0.87596211  0.50204503  0.88688153  0.38465865  0.73778099  0.70740103
  0.14434426  0.31630644  0.75968546  0.24407002  0.79193661  0.53851797
  0.79257871 -0.15461708  0.6214006   0.57363379  0.65250934  0.86630986
 -0.30126961  0.59366725  0.44240498  0.68925774]","[ 0.71946918  0.2057515   0.55689963  0.68249002  0.67831003  0.68248969
  0.72465731  0.40315564  0.65014881  0.64118807  0.54555603  0.00664711
  0.56250408 -0.11631749  0.730962    0.57321011  0.48728839  0.10106678
  0.39359843  0.50319508  0.65567737  0.57100042  0.2104213  -0.04240675
  0.29453341  0.45192688  0.733191    0.57255111  0.38909181  0.47277082
  0.85614088  0.51042614  0.52080153  0.84926406  0.48490725  0.77569262
  0.78371533  0.19953522  0.81489622  0.52787589  0.55449088  0.43416564
  0.45574597  0.70955664  0.59290602  0.2439244   0.58062431  0.67575934
  0.37931632  0.50254893  0.16676979  0.77744865  0.29515347  0.56848313
  0.47357556  0.72577132  0.22745661  0.7502247   0.75290671 -0.18518353
  0.67661463  0.39469386  0.73733835  0.65755577  0.72386346  0.69629697
  0.53488807  0.62977549 -0.02540177  0.48045764  0.76552941  0.22336121
  0.78680513  0.63748908  0.70996432  0.5126615   0.48380766  0.70756955
  0.41987618  0.31491568  0.41117051  0.40231512  0.73132168  0.68644745
  0.56878504  0.728033    0.55769734  0.73944908  0.80076906  0.85021538
  0.74377663  0.37887584 -0.08856155  0.47190492]","[ 0.8493015   0.64186418  0.59098805  0.75506173  0.78290412  0.6905324
  0.75911255  0.40234179  0.52263529  0.6261641   0.72738677  0.59523894
  0.06810529  0.42705154  0.69287266  0.32224803  0.72459333  0.02242804
 -0.14591198  0.28151167  0.70205899  0.51233132  0.07403304 -0.18458324
  0.56104954  0.57410357  0.78561727  0.68571603  0.3761961   0.16770968
  0.68097783  0.70762695  0.55257311  0.77198447  0.51198982 -0.18239376
  0.69475187  0.3705616   0.54028832  0.67284085  0.55034326  0.29892635
  0.71434388  0.6308814   0.43286159  0.40726132  0.72577706  0.64995266
 -0.05176437  0.20656682  0.33093048  0.76287267  0.46757152  0.63319046
  0.51709046  0.66491575  0.52506702  0.65956326  0.66585454 -0.16135834
  0.35338809  0.62762159  0.67771534  0.54681132  0.64160971  0.68280257
  0.67067328  0.67950199  0.42709184  0.48620291  0.27097807 -0.47168534
  0.83393252  0.49233876  0.85573525  0.04752278  0.39621605  0.40208998
  0.40050321  0.24694207  0.59896474  0.44767428  0.43239501  0.5664472
  0.54201047  0.8026011   0.59942537  0.36685171  0.66754133  0.83077267
  0.71502647  0.56743379  0.42606881  0.75951823]","[ 0.69858282  0.42653344  0.61788     0.62584107  0.71936256  0.68957103
  0.74630277 -0.30270118  0.02390853  0.51442902  0.59802593  0.0623886
 -0.34810861  0.3199182   0.70270841  0.33234526 -0.30899162 -0.11125368
 -0.09143955  0.37880852  0.49198914  0.36971945  0.24073276 -0.00918288
  0.64803459  0.54552536  0.26510434  0.61338583  0.28665152 -0.29124527
  0.5278908   0.56442073  0.4885023   0.7550304   0.24073807 -0.40191982
  0.76655512  0.20088806  0.16920756  0.28368435  0.2198742   0.16090405
 -0.03826087  0.54437542  0.46833236  0.14952117  0.7178683   0.81331118
  0.50655615  0.38363267  0.4386251   0.65413715  0.07570096  0.12444172
  0.64144883  0.55595003  0.2765195   0.494787    0.51423965  0.38742514
 -0.040786   -0.00608995  0.74991171 -0.13457213  0.63442881  0.30117703
  0.30134529  0.50912238  0.22159159  0.64148093  0.19300371 -0.36632937
  0.68510423  0.16501063  0.70892506 -0.02227715  0.24275563  0.3368777
  0.34588229  0.19939471  0.55879158  0.1429086   0.44651767  0.71804384
 -0.05953497  0.87672736  0.54952027  0.49932205  0.60222876  0.69320588
  0.53715685  0.51869721  0.44721907  0.73015348]","[ 0.75073509  0.51704886  0.59244184  0.64444492  0.72496184  0.7776684
  0.77970747 -0.01650366  0.23049854  0.58715363  0.66945787  0.27805757
  0.6107455   0.53673983  0.7792303   0.28234321  0.49142811 -0.01881883
  0.09523225  0.52364075  0.64201469  0.66544543  0.1647134   0.13683857
  0.4244081   0.62718194  0.40956347  0.65091308  0.26104701  0.4076468
  0.62386188  0.60265173  0.59000869  0.82739633  0.15188825  0.56534742
  0.68916993  0.44812948  0.71952773  0.45950873  0.60459333  0.23106532
  0.6267195   0.67912989  0.7162724   0.3718255   0.83535527  0.7152594
 -0.11510578  0.47871529  0.07529516  0.82874416  0.28001493  0.41620497
  0.26009412  0.65242335  0.15172558  0.68197238  0.73861131  0.31522574
  0.01066329  0.61232924  0.67866318  0.51514408  0.55163344  0.68213287
  0.29088326  0.55748342  0.39311498  0.72876191  0.61279224 -0.4904362
  0.81862598  0.36959704  0.61932807  0.20761125  0.34804136  0.63761758
 -0.03103606 -0.45899097  0.56106437  0.50705394  0.62159993  0.67047739
 -0.35199286  0.62768919  0.58918975  0.19572347  0.56884378  0.75230532
  0.71042805  0.55011703  0.18005097  0.68756649]","[ 0.7383166   0.571671    0.30187029  0.60702239  0.58148249  0.58451024
  0.79225632  0.0097191   0.15130167  0.51175954  0.7544124   0.09949497
  0.44982432  0.66483829  0.55035276  0.12697966  0.58787222 -0.30819381
 -0.03088784  0.47148002  0.64797204  0.4593072  -0.1308867  -0.05486423
  0.7374529   0.69634086  0.17856624  0.42795722 -0.33573825  0.02073454
  0.46788943  0.49492535  0.81865716  0.73499217 -0.0819684  -0.20330244
  0.60535315 -0.02198473  0.52294488  0.0405995   0.5542753   0.68098504
  0.39146446  0.281897    0.25319377  0.34141565  0.5130013   0.57976664
 -0.27278088 -0.11851453  0.22206216  0.58693225 -0.01845474  0.42990098
  0.18569848  0.10812805 -0.43114882  0.6403567   0.14233535 -0.41679046
  0.24249033  0.12927058  0.61904679  0.50685887  0.32530951  0.69101092
  0.80990335  0.46553736  0.03996325  0.71781852  0.52944517 -0.00286379
  0.81927765  0.27524138  0.37301706  0.62531042  0.36438057  0.35649682
  0.21029763  0.21744517  0.44011605  0.50506182  0.3839314   0.45016321
  0.07812659  0.82497541  0.43119119  0.40458161  0.50186558  0.38692356
  0.51120565  0.72647238 -0.04251784  0.43840525]","[ 0.75846553  0.17848192  0.59125896  0.44160569 -0.24513846  0.32451146
  0.82337272  0.39781542  0.38807202  0.74474206  0.71696717  0.62701061
  0.65006857  0.28825467  0.61292673  0.11570797  0.24497359  0.24948591
 -0.16876258  0.51459744  0.55285268  0.51720295  0.50555875  0.01715558
 -0.34185107  0.14874526  0.49492412  0.30437993 -0.25837693  0.00940831
  0.73431326  0.38392198  0.66358601  0.79757624  0.56115893 -0.47360837
  0.72449441  0.49817697  0.67352133  0.54173703  0.64547639  0.12100608
  0.70210881  0.2504108   0.29183861  0.4295453  -0.03924864  0.58693244
 -0.03931646  0.28909074 -0.09187196  0.7388755   0.13837291  0.60878389
  0.35955099  0.58060059 -0.53775521  0.70768307  0.65386482 -0.20008439
  0.15243471  0.59824105  0.66791166  0.54237514  0.66602968  0.77534902
  0.65725624  0.56891405  0.13246457  0.48744266  0.31541099  0.58264044
  0.77293532  0.01825586  0.61459305  0.143813    0.30639658  0.7203553
  0.2751216   0.26150992  0.64291774  0.61128817  0.4691177   0.41062426
  0.43001813  0.21751474  0.54240382  0.42614422  0.7039789   0.69060546
 -0.08120739  0.67391017  0.15906583  0.73468003]","[ 0.64078393  0.14718192  0.52500866  0.57992377  0.61678196  0.41018627
  0.84085295  0.5020741   0.12462125  0.57412241  0.49436693  0.30865505
  0.23525384  0.44120516  0.64361416  0.38773463  0.6072104  -0.5136945
  0.23811631  0.14357335  0.66658857  0.1606152   0.63995121  0.03009654
  0.07925606  0.2372227   0.02295607  0.58889255  0.736511   -0.21525007
  0.08817759  0.54492521  0.5388068   0.65592495  0.68410291  0.29953743
  0.74658356 -0.09994295  0.82212003  0.49289381  0.39973869  0.16754165
  0.78692519  0.39797655  0.34142282  0.27420917 -0.07235852  0.75407589
  0.25536211  0.31153653  0.5214226   0.47686399 -0.45301652  0.35165887
  0.41005103  0.51182956  0.04110297  0.42424988  0.3179007  -0.05176823
  0.31205643 -0.20959618  0.16382819  0.22566712  0.5455151   0.150228
  0.31459617 -0.2886496  -0.47553402  0.49190341  0.03345197  0.61607574
  0.81562723  0.35291471  0.41607467  0.26958112  0.1094522   0.44486162
  0.52970285  0.3645244   0.50050513  0.51420191  0.37088721  0.39937296
 -0.51994098  0.58517466  0.55481777  0.25674633  0.64254231  0.75316551
  0.44157528  0.40595097  0.40613364  0.45084096]","[ 0.52421927 -0.0223702   0.15968491  0.71067953  0.25121277  0.0542308
  0.83756788  0.36736803  0.40569993  0.35032411  0.27677321  0.28777139
 -0.50103347  0.29890389  0.63297416  0.48220807  0.72373926  0.13794337
  0.42759413 -0.43643393  0.39472477  0.17413951  0.42660676 -0.1795739
  0.16611348  0.53580396 -0.31164549  0.63988411 -0.4436887  -0.29885676
  0.25146673  0.41853207  0.57992664  0.80014451  0.40772849  0.17125344
  0.74677392 -0.13023714  0.75896196  0.43074627  0.4777463  -0.02207765
  0.72130078  0.43331475  0.39240278  0.0850215   0.45548211  0.38323519
 -0.05724847  0.0698629   0.30102406  0.43793    -0.20746203 -0.13273244
  0.29471898  0.4848777  -0.42557261  0.55110806  0.30308846  0.17449106
  0.26972107  0.45457928  0.47613023  0.42296607  0.56169275  0.66388091
  0.19645644 -0.475231   -0.41701753  0.66778672  0.10889456  0.255469
  0.62216803  0.09749272  0.6088792   0.12687336  0.2342452   0.5917469
 -0.08030275  0.41143491  0.32968237  0.44064029  0.5099272   0.40055996
  0.20977231  0.71539061  0.43977529 -0.31756575  0.79840146  0.74854582
  0.4540396   0.59275668  0.23976885  0.59758596]","[ 0.47319296  0.2386342   0.30408839  0.30161541  0.14170232  0.17716675
  0.77401017  0.64179171  0.24325602  0.52811162  0.06352293 -0.03006464
 -0.10043664 -0.1234935   0.51710527  0.46163923  0.66708558 -0.31655757
 -0.03104624 -0.29557264  0.43830745  0.28462974  0.18092139 -0.09704394
  0.65089114  0.57938009  0.41794483  0.58231713  0.03127165  0.22712006
  0.50227697  0.15729181  0.6543849   0.73917308  0.22493815 -0.27706939
  0.46865724 -0.03836147  0.62146434  0.15639547  0.61990641 -0.39823994
  0.63254393  0.30514069  0.49721179 -0.38344703  0.6347919   0.54281539
  0.04078095  0.18778097  0.41782153  0.11256972  0.12290411 -0.36346732
  0.15387195  0.48744429 -0.43371105  0.33239923  0.34160094  0.35357233
  0.25478157  0.39656894  0.4538498  -0.08474795  0.37318615  0.66339935
  0.3551648   0.40089324  0.42930919  0.14836791  0.35558172  0.35492895
  0.73174152 -0.24238877  0.48452637 -0.24177521  0.25814543  0.60366931
 -0.41471329  0.42014457  0.3450556   0.5148439   0.33995804 -0.34246595
  0.02881183  0.59592295  0.61515377  0.55715732  0.6026274   0.47347131
  0.08274527  0.6253406   0.22628464  0.58355471]","[ 0.72164908  0.62189689  0.22640767  0.48532323 -0.05964683  0.07958464
  0.52609442  0.02146833  0.54433541  0.73530926  0.42623796  0.12756458
  0.43962331  0.47974188  0.26328682  0.56933186  0.43811032 -0.2710072
  0.14568467  0.56238098  0.21471106 -0.03449649  0.50071633  0.56687821
 -0.12494773  0.62296569  0.76965758 -0.28609029  0.05524085  0.34079915
  0.47654113  0.33151211  0.36027709  0.40647482  0.25002662  0.30514402
 -0.01793764  0.54995702  0.42677281  0.42466165  0.36114211  0.64836172
  0.21275954 -0.29821017  0.40639744  0.2739822   0.22467155  0.1283907
  0.54539848  0.66298669  0.65963879  0.5785519   0.57297965  0.36084749
  0.54981205  0.39689123  0.65229813  0.61067348  0.20954683 -0.27149607
  0.42404582  0.65147891  0.74964066  0.56305372  0.53530288  0.30768438
  0.25804365  0.57177691  0.50193236  0.53833271  0.50018173  0.08046957
  0.42586592  0.57758525  0.39637046  0.29701542 -0.11124953  0.7913895
 -0.26959859 -0.26394754 -0.20463723  0.70849421  0.23131861  0.05949875
  0.46885715 -0.04075092  0.61759149  0.6632949   0.65828431  0.22392659
  0.66624796  0.04688657 -0.0268082   0.25849285]","[0.82966105 0.77911359 0.51538523 0.71060251 0.3960967  0.29977651
 0.36471241 0.77231725 0.74059905 0.73694503 0.83100959 0.62133728
 0.73461708 0.51385955 0.68018927 0.51700335 0.71287039 0.66773739
 0.62938684 0.78278885 0.55116854 0.69743541 0.65045536 0.81048165
 0.39642049 0.67098537 0.83900755 0.51929089 0.52807109 0.73625594
 0.70576548 0.49116294 0.14542535 0.68044909 0.6875874  0.7216729
 0.443795   0.59224983 0.68774771 0.71606733 0.55141883 0.62739781
 0.32510709 0.57984635 0.78887519 0.32019355 0.4642275  0.61076652
 0.75704934 0.89785572 0.54315455 0.51785357 0.6799687  0.56589122
 0.65694383 0.45639936 0.59840596 0.6655849  0.32884564 0.71815406
 0.61548345 0.77288707 0.76152007 0.58012543 0.7221677  0.72097975
 0.5667556  0.6115401  0.73571894 0.61737163 0.63417555 0.60016737
 0.61737538 0.68101042 0.6183463  0.54423324 0.71314434 0.74535615
 0.54692632 0.84761635 0.0897501  0.87979918 0.4013264  0.55309475
 0.6599051  0.76231788 0.67055539 0.66621547 0.79091244 0.70177574
 0.73757043 0.30454235 0.43205372 0.64921209]","[ 0.73632461  0.26797819  0.47977919 -0.25697758  0.08869792  0.253912
 -0.13212857  0.69586244  0.37661538  0.47647935  0.72808343  0.34634412
  0.25057283  0.34470802 -0.08555224 -0.05254641  0.09482906  0.46948309
  0.39067431  0.03578199  0.15394242  0.09882182  0.43533823  0.5510965
  0.42098731  0.29492688  0.62295232  0.08130542  0.68761798  0.37662986
  0.56158037  0.26097982  0.42362818  0.40945992  0.33511524  0.55674412
  0.41954982  0.52958787  0.37809237  0.31620333  0.45587599  0.49215981
  0.33335407  0.46804436  0.56469614  0.69055558  0.22174414 -0.22476182
  0.18268771  0.75390508  0.09940898  0.70115798  0.6346286   0.33349694
  0.31076773  0.0481426   0.52410099  0.59574358  0.55072689  0.60413164
  0.20976419  0.61628022  0.55530021  0.38381324  0.41262549  0.24928819
  0.34848046  0.26204847  0.01626177  0.44590447  0.64745712  0.31934035
  0.00352627  0.59193967  0.55630207  0.43384483  0.46881993  0.6226867
 -0.32413965 -0.25639882  0.51640608  0.48717074  0.17665102 -0.2293676
  0.51787299  0.30726259  0.6880198   0.72449275  0.65058471 -0.25784587
  0.66895364  0.16081267 -0.16073596  0.47597687]","[ 0.89688413  0.72909415  0.6389171   0.73409595  0.30341248  0.65570241
  0.53543956  0.65000767  0.69438187  0.73226792  0.90891362  0.71308585
  0.57019618  0.57652139  0.61713099  0.54640191  0.25085343  0.62848987
  0.77928033  0.66444225  0.46337718  0.71366144  0.49905988  0.7345486
  0.56917154  0.55985029  0.75658111  0.28513415  0.64098146  0.67397619
  0.50198931  0.54784325  0.44701949  0.68354982  0.6724392   0.7118708
  0.344269    0.6716234   0.80180935  0.665278    0.26078967  0.58812538
  0.23047194  0.6336174   0.74265008  0.50041285  0.46908695  0.45193981
  0.63240531  0.89830257  0.52909639  0.43881198  0.69024711  0.67178639
  0.67673933  0.46311864  0.56015708  0.33502768  0.47753279  0.49496356
  0.4960105   0.69515749  0.69827862  0.71987224  0.61954606  0.74075222
  0.66136165  0.29082728 -0.09532617  0.59790444  0.56663517  0.46390505
  0.87279344  0.47951682  0.53089015  0.42210544  0.46044059  0.46605766
  0.32403383  0.73706195  0.23884555  0.74101078  0.30743426  0.38702937
  0.65543726  0.7967516   0.21700297  0.59042087  0.65977252  0.59777024
  0.78035431  0.45222667  0.17016726  0.73195067]","[ 0.61757423  0.71149056  0.51194988  0.46012233  0.16770844  0.52583752
  0.58525987  0.80224975  0.76993401  0.36865394  0.7911646   0.5501076
  0.7877719  -0.51260374  0.54964912  0.48967896  0.66001621  0.19740773
  0.49048618  0.59086488  0.54554654  0.64547005  0.68199314  0.74236017
  0.45883994  0.66268137  0.77135027  0.47653363  0.33002261  0.69865517
  0.50124288  0.53085377  0.38274168  0.78059125  0.65502982  0.69660798
  0.56630706  0.62635717  0.85506553  0.68204033  0.55867538  0.51445255
  0.43497691  0.39721801  0.64779407  0.29744981  0.04852944  0.32931084
  0.49931323  0.66726395  0.51917507  0.57914905  0.28231628  0.47375066
  0.70320027  0.44645229  0.62110469  0.82486951  0.60011714  0.66482798
  0.39884594  0.83303815  0.73911298  0.67123296  0.64884818  0.73961582
  0.43293706  0.49726365  0.34386311  0.83217149  0.44691767  0.72292425
  0.57270771  0.67175726  0.36122973  0.52715284  0.63728941  0.61937511
  0.45712617  0.76951419  0.16000609  0.82271474  0.47571238  0.60167887
  0.60614578  0.76176698  0.49193028  0.62280796  0.79955247  0.71364135
  0.47695029  0.04212041  0.16721987  0.16791041]","[ 0.84476665  0.42026329  0.61798877  0.67655428  0.33897918  0.35103562
  0.45642644  0.84165722  0.77412399  0.49765895  0.65929624  0.71925509
  0.67284882  0.26229421  0.63413427  0.73466696  0.82320286  0.19096547
  0.46361939  0.66351509  0.55759323  0.65888666  0.73593969  0.78763923
  0.77539597  0.72776761  0.89089138  0.53176308  0.66173996  0.65765467
  0.66999382  0.55937787  0.40863463  0.8466351   0.67288534  0.79298633
  0.7231509   0.77739723  0.87834904  0.68795634  0.67364132  0.60839741
  0.58233231  0.51842753  0.45505888  0.32548665  0.64196002  0.47224271
  0.64490442  0.69769377  0.75085766  0.87859268  0.5555198  -0.19616517
  0.66633109  0.69433995  0.81058955  0.91877045  0.71857408  0.763776
  0.59270639  0.80012102  0.84877683  0.82276382  0.799192    0.82743758
  0.57089809  0.76349258  0.66479951  0.89014875  0.76612001  0.80563538
  0.68963571  0.79923821  0.74300245  0.49611535  0.70362334  0.81713937
  0.67819728  0.61983341  0.28459835  0.9073997   0.50947437  0.58496984
  0.70157441  0.77690989  0.60469984  0.71834972  0.8296591   0.63757327
  0.3466781   0.0721393   0.32549613 -0.30948666]","[ 0.86180059  0.56761107  0.5480781   0.76522199  0.22863679  0.65504391
  0.24836415  0.63653921  0.70767505  0.57240956  0.88905933  0.53073413
  0.60903166  0.4469218   0.50652425  0.44177044  0.55084277  0.27625105
  0.64308614  0.47851562 -0.41297501  0.57911367  0.53256568  0.73890785
  0.26168221  0.62917862  0.73363119  0.40908141  0.65820167  0.64114484
  0.57254058  0.2957358   0.25143057  0.77297282  0.72385732  0.63254595
  0.13049881  0.68073972  0.55516504  0.51508566  0.44568596  0.66885878
  0.02327894  0.68337162  0.74721653  0.31093519  0.64143083  0.45874418
  0.5065824   0.91100586  0.6046417   0.47747508  0.5237035   0.31825916
  0.66265126  0.47696408  0.44448058  0.65661602  0.41176233  0.52633807
  0.4131332   0.63433723  0.6535257   0.37392149  0.57589193  0.61205462
  0.31425871  0.54575761  0.5431823   0.55342672  0.45307843  0.58414067
  0.77259616  0.60091847  0.52888003  0.2668849   0.45477809  0.6080089
  0.41594926  0.71680161 -0.31356396  0.71272276  0.08594452  0.17518267
  0.67516454  0.62719233  0.27257295  0.76692713  0.61352943  0.58236388
  0.76639569  0.36984514  0.13766751  0.53160222]","[ 0.72815607  0.0598934   0.26043033  0.27386052  0.23631646  0.37479361
  0.2458011   0.44052018  0.72915316  0.30485198  0.50748576  0.25553833
  0.54145255 -0.32611965  0.20831453  0.32833952  0.42235198  0.18615774
  0.46333183  0.47942832  0.11990083  0.2121885   0.43915712  0.6542434
  0.21197387  0.51114953  0.70197582  0.06329863  0.49476817  0.0393341
  0.34645562  0.31284091  0.56918411  0.60364772  0.61700707  0.64104082
 -0.00922484  0.30468931  0.66891752  0.49365302 -0.37669689  0.51213516
 -0.12310276  0.3210507  -0.36496097  0.50587625 -0.11718982  0.06376042
  0.39293036  0.5469834   0.07388054  0.43675507  0.12634668  0.26461016
  0.48378283  0.47689641  0.39145543  0.71680235  0.3929697   0.41959699
  0.10601009  0.60814159  0.67721037  0.44738189  0.59708307  0.59138102
 -0.3912621  -0.10030016  0.39452508  0.85979663  0.14673154  0.58828028
  0.26371528  0.60488694  0.28401365 -0.11934039  0.43352649  0.25010691
  0.23307289  0.54163291  0.29936953  0.70491008 -0.03126961  0.49264248
  0.44361909  0.50194419  0.3486741   0.63383646  0.67104268  0.70757766
  0.22718965 -0.02540967  0.1484609  -0.37639647]"
