Brain-Stem,Left Accumbens,Left Amygdala,Left Caudate,Left Cerebral Cortex,Left Cerebral White Matter,Left Hippocampus,Left Lateral Ventricle,Left Pallidum,Left Putamen,Left Thalamus,Right Accumbens,Right Amygdala,Right Caudate,Right Cerebral Cortex,Right Cerebral White Matter,Right Hippocampus,Right Lateral Ventricle,Right Pallidum,Right Putamen,Right Thalamus,b'7Networks_LH_Cont_Cing_1',b'7Networks_LH_Cont_PFCl_1',b'7Networks_LH_Cont_Par_1',b'7Networks_LH_Cont_pCun_1',b'7Networks_LH_Default_PFC_1',b'7Networks_LH_Default_PFC_2',b'7Networks_LH_Default_PFC_3',b'7Networks_LH_Default_PFC_4',b'7Networks_LH_Default_PFC_5',b'7Networks_LH_Default_PFC_6',b'7Networks_LH_Default_PFC_7',b'7Networks_LH_Default_Par_1',b'7Networks_LH_Default_Par_2',b'7Networks_LH_Default_Temp_1',b'7Networks_LH_Default_Temp_2',b'7Networks_LH_Default_pCunPCC_1',b'7Networks_LH_Default_pCunPCC_2',b'7Networks_LH_DorsAttn_FEF_1',b'7Networks_LH_DorsAttn_Post_1',b'7Networks_LH_DorsAttn_Post_2',b'7Networks_LH_DorsAttn_Post_3',b'7Networks_LH_DorsAttn_Post_4',b'7Networks_LH_DorsAttn_Post_5',b'7Networks_LH_DorsAttn_Post_6',b'7Networks_LH_DorsAttn_PrCv_1',b'7Networks_LH_Limbic_OFC_1',b'7Networks_LH_Limbic_TempPole_1',b'7Networks_LH_Limbic_TempPole_2',b'7Networks_LH_SalVentAttn_FrOperIns_1',b'7Networks_LH_SalVentAttn_FrOperIns_2',b'7Networks_LH_SalVentAttn_Med_1',b'7Networks_LH_SalVentAttn_Med_2',b'7Networks_LH_SalVentAttn_Med_3',b'7Networks_LH_SalVentAttn_PFCl_1',b'7Networks_LH_SalVentAttn_ParOper_1',b'7Networks_LH_SomMot_1',b'7Networks_LH_SomMot_2',b'7Networks_LH_SomMot_3',b'7Networks_LH_SomMot_4',b'7Networks_LH_SomMot_5',b'7Networks_LH_SomMot_6',b'7Networks_LH_Vis_1',b'7Networks_LH_Vis_2',b'7Networks_LH_Vis_3',b'7Networks_LH_Vis_4',b'7Networks_LH_Vis_5',b'7Networks_LH_Vis_6',b'7Networks_LH_Vis_7',b'7Networks_LH_Vis_8',b'7Networks_LH_Vis_9',b'7Networks_RH_Cont_Cing_1',b'7Networks_RH_Cont_PFCl_1',b'7Networks_RH_Cont_PFCl_2',b'7Networks_RH_Cont_PFCl_3',b'7Networks_RH_Cont_PFCl_4',b'7Networks_RH_Cont_PFCmp_1',b'7Networks_RH_Cont_Par_1',b'7Networks_RH_Cont_Par_2',b'7Networks_RH_Cont_pCun_1',b'7Networks_RH_Default_PFCdPFCm_1',b'7Networks_RH_Default_PFCdPFCm_2',b'7Networks_RH_Default_PFCdPFCm_3',b'7Networks_RH_Default_PFCv_1',b'7Networks_RH_Default_PFCv_2',b'7Networks_RH_Default_Par_1',b'7Networks_RH_Default_Temp_1',b'7Networks_RH_Default_Temp_2',b'7Networks_RH_Default_Temp_3',b'7Networks_RH_Default_pCunPCC_1',b'7Networks_RH_Default_pCunPCC_2',b'7Networks_RH_DorsAttn_FEF_1',b'7Networks_RH_DorsAttn_Post_1',b'7Networks_RH_DorsAttn_Post_2',b'7Networks_RH_DorsAttn_Post_3',b'7Networks_RH_DorsAttn_Post_4',b'7Networks_RH_DorsAttn_Post_5',b'7Networks_RH_DorsAttn_PrCv_1',b'7Networks_RH_Limbic_OFC_1',b'7Networks_RH_Limbic_TempPole_1',b'7Networks_RH_SalVentAttn_FrOperIns_1',b'7Networks_RH_SalVentAttn_Med_1',b'7Networks_RH_SalVentAttn_Med_2',b'7Networks_RH_SalVentAttn_TempOccPar_1',b'7Networks_RH_SalVentAttn_TempOccPar_2',b'7Networks_RH_SomMot_1',b'7Networks_RH_SomMot_2',b'7Networks_RH_SomMot_3',b'7Networks_RH_SomMot_4',b'7Networks_RH_SomMot_5',b'7Networks_RH_SomMot_6',b'7Networks_RH_SomMot_7',b'7Networks_RH_SomMot_8',b'7Networks_RH_Vis_1',b'7Networks_RH_Vis_2',b'7Networks_RH_Vis_3',b'7Networks_RH_Vis_4',b'7Networks_RH_Vis_5',b'7Networks_RH_Vis_6',b'7Networks_RH_Vis_7',b'7Networks_RH_Vis_8'
"[ 0.31350644  0.0985125   0.11413268  0.14899557  0.24615817  0.17055317
  0.19869734  0.27054345  0.09736211 -0.11196293  0.00974607  0.16068205
 -0.11078172 -0.10503293 -0.17464156  0.10328102  0.04076532 -0.0774811
 -0.29305152  0.0950766   0.29026519  0.1978324  -0.00357949 -0.15107522
  0.00251402 -0.19720263  0.26740502  0.04745933  0.20871888 -0.04945046
  0.28116729  0.21633273  0.21119846  0.46865162 -0.18140879  0.11667807
  0.34655762  0.40106023 -0.08923432  0.36586386 -0.10531585 -0.25665826
 -0.21435288 -0.25006751  0.56738367 -0.03861834  0.06245653  0.01341135
  0.03633705  0.34844588 -0.02624514 -0.11871911 -0.06368668 -0.26864866
 -0.19014761  0.01497884 -0.04020082 -0.36156447 -0.14574637  0.31264046
 -0.13175469  0.20919071  0.55746824  0.39785727  0.14991412  0.38925487
  0.31881587  0.20104564  0.25243554 -0.0274781   0.21825596  0.24589808
  0.30827515 -0.10298687 -0.07719089  0.1403049  -0.2684479   0.75129169
 -0.28660711  0.3983328  -0.12124059  0.69847303  0.09375936  0.19592457
 -0.28813813  0.2617161  -0.30040333 -0.68925157  0.45117701  0.36317098
  0.51773894  0.28497682  0.25029183  0.37334421]","[-0.19495204  0.0565197   0.0663059   0.11983142  0.2829502  -0.03082877
  0.19010531 -0.31199947 -0.2300911   0.23338829  0.08578232 -0.01160105
  0.1099462  -0.31492677 -0.14708638  0.01737224 -0.20835796  0.24276047
  0.17378743  0.06484035  0.09776675 -0.10047812 -0.30211863  0.47847007
  0.56364707 -0.2362973   0.40090849  0.15927265 -0.01358972  0.10482123
  0.47064418 -0.01044011  0.13424983  0.29279173 -0.18944555  0.16630561
 -0.37067374 -0.33730107  0.18755782  0.4616522   0.09949193  0.39467843
  0.11957542 -0.1550625   0.57704172  0.3972871   0.00624059 -0.18105156
 -0.12811986  0.31190626 -0.07125143  0.50979795 -0.18398806  0.04213272
  0.21138616 -0.02370145  0.05662025 -0.00833845  0.16340481 -0.40576735
 -0.26658537 -0.29511304  0.32630765  0.49283037  0.12735587  0.41661434
  0.15144871  0.22719143  0.07714905  0.66545743  0.52705642  0.14632942
 -0.14139475  0.13640449 -0.22078626 -0.02370619 -0.0781604   0.58877521
 -0.20555889  0.34871368  0.07143393  0.2260004   0.37332122 -0.35212878
  0.50085519 -0.02958469  0.32737589  0.6094175   0.49153808  0.84614864
  0.21446266 -0.20609915  0.25344186  0.37342248]","[ 0.18551341  0.2750857   0.43886646  0.18078531  0.16799362 -0.19614157
  0.5735163   0.29724855  0.02917799 -0.02811601  0.3074723   0.32663269
  0.44760576  0.23911027  0.37976393  0.11874321  0.15366291  0.39410602
  0.42517691  0.28720302  0.15309042  0.26105976  0.12341979 -0.19760443
 -0.09462407  0.00213267  0.43241547  0.53742321 -0.15852119  0.17346168
 -0.21293211 -0.27400684  0.47475975  0.42596039  0.17013286  0.46562765
  0.5087109  -0.13063307 -0.01354393 -0.25053622  0.27522635  0.02723601
  0.26085524  0.11872684  0.34265271  0.33250815  0.26630427  0.20333368
  0.03346481 -0.00436306 -0.00175368  0.28037509 -0.00910631  0.24940228
  0.39971329  0.12743598 -0.00235334 -0.10996798  0.11074454 -0.3054848
  0.02429066  0.35028729 -0.17159931  0.17593735  0.21958374 -0.09495182
 -0.02686753  0.37824249  0.0211828   0.12247983  0.29139261  0.46020536
  0.23316592 -0.24635018  0.0703684   0.24360847  0.33914899 -0.34268454
  0.56263087  0.24427277  0.21719649  0.30766064  0.11609517 -0.11853573
 -0.27174652  0.4851997   0.16395789 -0.55464653  0.16788563  0.62036832
 -0.09935925  0.51390597  0.42191309 -0.1425292 ]","[-1.53954749e-01 -1.80634554e-01  3.70858718e-01 -9.49296279e-02
  5.29794480e-01  6.10542969e-02 -1.82866020e-01  2.95241919e-01
  1.24579176e-01  1.91225056e-01  2.38251520e-01 -7.03986311e-02
 -1.78975556e-01  1.98697999e-01 -1.36056300e-01 -1.26498365e-01
 -4.06164703e-01  2.31987648e-03  1.04014343e-01  3.34427149e-01
  3.96347092e-01  1.10223124e-01  3.35171424e-01  5.56708227e-01
  4.61940738e-01  5.92775582e-02  1.30414054e-01  3.37218294e-01
 -2.23517409e-01  8.07857342e-02  3.71849174e-01  1.68505811e-01
  1.99958105e-01  8.02315813e-02 -3.16972219e-01  3.11296133e-01
  2.89028472e-01 -1.32019546e-01 -1.83055822e-01  4.89522610e-01
  4.36574831e-02  1.89303314e-01  1.37303315e-02 -3.58053368e-01
  4.27805304e-01  3.69350657e-02 -5.87582790e-02  2.51528991e-01
 -2.64943558e-01  6.30768184e-01  1.53439778e-01  7.04133758e-02
  2.34204267e-01  1.44804359e-01  2.08531439e-01  4.13148737e-01
  1.32333088e-01 -1.58494084e-01  5.71239530e-02 -1.84729231e-01
  3.84164148e-01 -1.52101353e-01  5.36433787e-01  5.95722017e-01
  1.83230262e-01 -1.35328446e-04  2.69710301e-01  9.50349079e-02
 -9.99283783e-02  1.95074068e-01  4.80637503e-01  3.58277158e-01
 -1.88829182e-01 -2.95403988e-01  1.41423277e-01  1.96524302e-01
 -3.04198422e-01  3.62854281e-01  5.30951979e-01  2.58335841e-01
 -2.49824386e-01  4.74383745e-01 -2.27774586e-01 -3.21092864e-01
  6.02699845e-01  4.40820957e-02 -2.73285778e-01  6.33739190e-01
  5.04664955e-01  4.75967256e-01 -2.57465333e-01  1.51536348e-01
  2.86989890e-01  4.05026644e-01]","[ 0.67705354  0.16612402  0.1592192  -0.04389889  0.2799612   0.31021745
  0.38607331  0.42986218  0.45746361  0.22355769  0.21947498  0.34468578
  0.39430222 -0.27413041  0.10220241  0.13388632 -0.07970536  0.39734875
 -0.03923026  0.51666383  0.36867112  0.44151537 -0.04340482  0.44481179
 -0.01890333  0.36353733  0.61191155 -0.12173443 -0.08004958 -0.02318294
  0.28815861 -0.30846112  0.16640707  0.11676721  0.10981875  0.49076376
 -0.16901778  0.42244932  0.35681384  0.53264972 -0.0686446   0.03836822
  0.19743909  0.08055234  0.53074664  0.20883216  0.06579924 -0.02796468
 -0.13258316  0.67837655  0.20031513  0.35647896  0.26619114  0.02013565
  0.1048565   0.22437053 -0.02872762  0.49022639  0.18892554  0.35559978
  0.26611607  0.2790174   0.54028701  0.51836572  0.2309001   0.34997329
  0.49762621  0.40815023  0.08973283 -0.07584837  0.26337654  0.00178861
  0.32259117  0.1580435   0.16827851 -0.01185801 -0.27390272  0.72110236
  0.45510807 -0.16475167  0.23028923  0.66633135  0.1008666   0.21463099
  0.62162395 -0.47490519 -0.0097895   0.59165841  0.63320867  0.45147387
  0.58622922  0.18661818 -0.31415273 -0.27911578]","[ 0.42111537  0.20002279  0.12236538 -0.11674206  0.11707668  0.22970443
 -0.30654572  0.47023501  0.25285755  0.27739867 -0.02591377  0.38403816
  0.56885549 -0.27348218 -0.37435896  0.19572825 -0.26473223  0.39352243
  0.39036199  0.50910902  0.20334127  0.39627133 -0.31879121  0.58419385
  0.11634506  0.22931413  0.55695688 -0.12510946  0.38283992  0.10810066
  0.3087576   0.20930496  0.04903261  0.29890546 -0.18837643  0.26615179
 -0.28252572 -0.09686659  0.23300571  0.35359638  0.09649986  0.0088333
  0.1549133   0.09530646  0.30273702  0.10403323 -0.29640061  0.29238714
  0.09869047  0.62420313  0.30680488 -0.15562704  0.38022103 -0.37831858
  0.02640657  0.44779563 -0.08039934  0.35476426  0.32411636  0.3601632
  0.46846192  0.08840357  0.5230285   0.51794138 -0.12128121  0.47840396
  0.32717268 -0.02731216 -0.09624614 -0.52665809  0.10710758  0.30154747
  0.17023292 -0.02888989  0.06816278  0.11374416  0.16375967  0.68733092
 -0.47617129 -0.31962867 -0.31093465  0.52374633  0.13163002  0.39717062
  0.44434918 -0.27450075  0.12593382  0.35570588  0.68025168  0.68118525
  0.56261235  0.55958299 -0.20836072 -0.33547581]","[ 0.1008671  -0.20163603  0.32574867  0.06442606  0.18669075  0.25683525
  0.56450534  0.29372104 -0.22178194  0.0265434   0.33806449  0.28356058
  0.38600898 -0.01917298 -0.0647099  -0.10676076 -0.09124251  0.20315234
 -0.14766964 -0.08121908  0.23496443  0.06032117  0.157382   -0.35480067
  0.2572363  -0.0835881   0.40114892  0.35037861 -0.09064932 -0.10316417
 -0.09459367 -0.20407904  0.29998188  0.12255263  0.19552701 -0.37396886
  0.10054793 -0.14946062  0.21051261  0.35500388  0.06471549 -0.10274146
  0.18335984  0.19274996  0.33065879 -0.00967776 -0.0888903   0.30421927
 -0.12255146 -0.0019797   0.0802335   0.25824272 -0.1275282   0.01451854
  0.25578339  0.29679659  0.05591941 -0.18296127  0.13748399  0.24022427
 -0.07670602  0.11416526  0.42781621 -0.01751209 -0.01345815 -0.09515603
  0.1787434   0.38454872 -0.14627148 -0.47875817  0.12218748  0.32290563
  0.4162929  -0.23090004  0.00779743  0.25480361 -0.23606449 -0.44391394
  0.35866183  0.38199242 -0.21727129  0.33109141 -0.21257009  0.15254766
  0.33836876 -0.26151294  0.30689556  0.18729589  0.17829862  0.40040226
  0.01607595  0.60054562  0.34660791  0.06023504]","[ 0.07751975 -0.01558723  0.3603486  -0.02296324  0.04601985  0.2167053
  0.18514921  0.33449094 -0.10238788 -0.11923481 -0.24968115  0.06300226
  0.03984179 -0.33598106  0.30384382 -0.08366393 -0.30805461 -0.16880173
  0.47178468  0.04832747  0.04312356  0.21234722  0.28644531  0.06051443
  0.31232256 -0.22526929 -0.14262931  0.29078931  0.09922704  0.32143774
  0.01906584  0.14290818  0.04209171 -0.15449532 -0.15291279 -0.01666739
  0.22621452 -0.02338896 -0.14461562 -0.07192147  0.15211603 -0.01670958
  0.12588721 -0.33761185 -0.30952012 -0.1352105   0.00850438  0.38627468
 -0.03470429  0.34251469  0.06158878 -0.16883208  0.15031913 -0.04117719
  0.14012962  0.51232842  0.01926222  0.00442505 -0.16302672  0.15686453
  0.452253   -0.07494467  0.00834586  0.1424905   0.42448462 -0.11876372
  0.09282395 -0.2352663  -0.22812406 -0.39176888  0.44310591  0.35781614
 -0.24749847 -0.15722435  0.21227056  0.2520194  -0.10841299 -0.42463175
 -0.18336882  0.16558701 -0.22594182 -0.25469118  0.1226121   0.17212523
  0.26868376  0.32826718  0.17958754 -0.34614172  0.64561975  0.45049376
  0.09741418 -0.04119675  0.18343794  0.47941362]","[-0.18957324 -0.05326619 -0.06776109 -0.13231881  0.15578819 -0.12985032
  0.21867962  0.08770137 -0.08819916 -0.05558656 -0.09010791  0.18400228
  0.08403247  0.05765473 -0.06972346 -0.10365468  0.0465195   0.31793197
  0.03077514  0.06095808  0.27199006  0.26581226  0.37529057  0.28396291
 -0.29214662 -0.05886685  0.07206759  0.09402428  0.24824511 -0.05690164
 -0.20640865 -0.14624792 -0.19372823  0.46617129  0.11048348  0.24119145
  0.35184318  0.16952223 -0.14861122  0.31223736  0.06036456  0.15558325
 -0.15411559  0.09311558  0.4632331   0.29259905  0.18558977  0.17706107
  0.09346184  0.49228745  0.36022927 -0.15978047  0.07993758 -0.25375577
 -0.01908091  0.20221515 -0.16979633  0.38622207 -0.02275836 -0.32600755
 -0.14926316  0.02645725  0.36511252  0.47065387  0.16529299 -0.01011812
  0.32846662 -0.05982853  0.14772294  0.28800492  0.02583012 -0.12317035
  0.00163827  0.36432811  0.06661804  0.40552845  0.47696907  0.64230818
  0.20643195  0.27066953  0.30504123  0.63902962 -0.17704701  0.32530684
  0.63788817  0.19055206  0.30500503  0.21586439  0.19894346 -0.4194511
  0.1479496   0.42226159  0.3116642   0.12309054]","[ 0.24684004  0.03403717  0.04153306 -0.06789304  0.28139079  0.26950975
  0.40089902 -0.07170987  0.00494694 -0.09751833  0.23440078 -0.04889773
  0.35141472 -0.25106698 -0.20159297 -0.07932715  0.2080974   0.07845852
  0.15380111  0.02188023  0.1803338  -0.06226328 -0.05985214  0.35982341
  0.255344   -0.1354388   0.50032978 -0.05570847  0.00214457  0.24632673
  0.12648171  0.04649093  0.20253248  0.42224133 -0.23368804 -0.1654771
  0.11755045  0.44682832  0.12894706  0.57116137 -0.36251507  0.35318845
  0.0679117  -0.09402046  0.45214398 -0.22958912  0.12158688  0.24766903
 -0.12416418  0.250967    0.41867594 -0.24930819 -0.0356654  -0.17901693
 -0.1196158   0.49324986  0.02989198  0.47182888 -0.01217663  0.35322681
  0.1447153  -0.15264958  0.25646509  0.7210905  -0.03696011  0.01571381
  0.56158119 -0.08495815  0.1887855   0.23508694  0.36870304  0.53280317
  0.27355856  0.22573803  0.03244081  0.02009499  0.01495873  0.59772647
  0.55981018  0.21081095  0.13816472  0.1717809   0.25863718  0.13868706
  0.49081087  0.57649645  0.24969497  0.49567745 -0.17747902 -0.16943488
 -0.27927327  0.59066081  0.50850189  0.26391724]","[ 0.35785323  0.25545362  0.23020001  0.10214071  0.20644381  0.17817759
  0.19860135  0.19952876  0.27085775 -0.19593599 -0.14895616  0.32927676
  0.20964234  0.19857121  0.18350933  0.05939086  0.26408954  0.31736217
  0.1824691   0.09731334 -0.05410656  0.38592436  0.57972049  0.60142145
 -0.06984918  0.44314497  0.49255397 -0.13498653  0.23809761 -0.16421321
 -0.14074969 -0.20287645  0.19438546  0.35774221 -0.15957816  0.52429227
 -0.29490093  0.62270056  0.31464899  0.4136012   0.21205679  0.4595313
  0.42408515 -0.17437055  0.61148457 -0.07697581 -0.17602058  0.25184319
  0.06395419  0.65060125  0.66246992  0.08013199  0.19501012  0.01516131
 -0.03254237  0.29392418 -0.07077042  0.31505548 -0.11811445  0.39102053
  0.06139373 -0.1580627   0.3516418   0.34579158  0.19637601  0.12314654
  0.36502825  0.16251543 -0.06186575  0.40194653  0.37385172  0.09736005
  0.52767613  0.39467856 -0.24934046  0.35145979  0.25117158  0.77576178
  0.45312546  0.17510688  0.27236694  0.71121337  0.21100657  0.57200731
  0.38804231 -0.20555397  0.43118062  0.61783653  0.70721921  0.52478871
  0.52219619 -0.23426986 -0.22952153  0.50434705]","[-0.02269814 -0.0802461   0.27475399  0.05934222 -0.21069895 -0.17840396
 -0.02829555 -0.00481527  0.31787609  0.24953901  0.12566081 -0.01623206
 -0.00772009  0.28867832 -0.16722058 -0.23106919 -0.20454455  0.22068639
 -0.06073737  0.14307053  0.12526963  0.15990035  0.16823679 -0.14938611
  0.56855283 -0.18127051  0.49022111 -0.08241067 -0.06192249 -0.01469529
  0.42537852  0.02924944  0.05425017  0.44901995 -0.31773937  0.33085635
 -0.34113042 -0.1842612   0.25327976  0.24355073  0.1336317   0.54896697
  0.03351193  0.15593852  0.59342078  0.57521367  0.02200155  0.07765362
 -0.02795864  0.38252138  0.42494948  0.37591923  0.15754638 -0.27254585
  0.21415797 -0.00416854  0.05742272 -0.26736082 -0.05397564 -0.30336028
  0.12329722 -0.16403651  0.01930906  0.44196497  0.06159143  0.3380966
  0.12746646  0.18825841  0.02758052  0.54414523  0.48994776  0.32242032
  0.01430265  0.34045906 -0.23947694  0.24058858 -0.25714576  0.4488182
 -0.25007447  0.38865679  0.29378133  0.19044784 -0.20280064  0.28599464
  0.40126553  0.24709707  0.24639416  0.55555221  0.54729489  0.71423758
 -0.07511831 -0.27261338 -0.31115164  0.23483023]","[-0.18420004  0.17335284  0.05992919  0.45020064  0.3042461   0.12263858
  0.57555162 -0.11717343 -0.29940022 -0.12836802  0.3953828   0.31142879
  0.55608882  0.14653586  0.40133055 -0.02359588  0.2938215   0.29346993
  0.35815618  0.11688213 -0.01705179  0.04455899  0.24196095 -0.15445542
  0.29951001  0.08265649  0.09122185  0.35708332 -0.21710249  0.2914932
  0.10465518 -0.06149771  0.40071307  0.34293938  0.34828265  0.33653367
  0.48202765 -0.00732993 -0.05745976 -0.15692597  0.14896448 -0.09827829
  0.26203312  0.21559862  0.57428654  0.19464469  0.33247276  0.30660996
  0.0878515   0.00790661 -0.20496732  0.17586096  0.12207305  0.37985272
  0.41409507 -0.04115363  0.11030397  0.29466159 -0.14060033  0.29422086
 -0.01820777  0.08614951  0.13530046  0.40315448  0.52005014 -0.07152855
  0.08304861  0.53293849 -0.25980633  0.32587915  0.2299305   0.52474127
  0.54297073 -0.1147477   0.22719779  0.22328634  0.16460762  0.35536174
  0.54286381  0.37720693  0.36476457  0.26330104  0.05213272  0.25618562
  0.4965833   0.45287201  0.22779526  0.4542171  -0.13572167  0.46786708
  0.36259958  0.35696107  0.58956891 -0.16358941]","[ 0.18134431 -0.16872896  0.43396695 -0.28357365  0.30016312  0.29196499
  0.01680802  0.23229929  0.3061824   0.21488244  0.07358443  0.45293907
  0.45903596  0.19338882 -0.23585066 -0.04732016 -0.27402969 -0.03544337
 -0.25605763  0.34008054  0.45213512  0.20727975 -0.23964333  0.37336538
  0.29126819  0.14521684  0.29839117 -0.07599084  0.12356121  0.17966178
  0.51129754 -0.00569938  0.21727604  0.2182218  -0.09692541  0.3990343
  0.04654063  0.07935626  0.11195803  0.39222924  0.09542625  0.29314311
  0.22232012 -0.1121459   0.57068163  0.47544073  0.01394473 -0.12692813
 -0.34150079  0.60607001  0.27643012  0.10881183  0.33059886  0.19121983
  0.22001054  0.50220579  0.11844434 -0.0815365   0.19897821  0.22573084
  0.39735826 -0.12282354  0.50946968  0.71612311  0.15754168  0.14763221
  0.29674828 -0.09493863 -0.01636178 -0.1745944   0.50274404  0.20730346
 -0.1047166  -0.33234538 -0.06542044  0.22069617  0.35995605  0.31682324
  0.37180748 -0.20528211  0.27963597  0.49008487 -0.27716895  0.3849079
  0.3409053  -0.3871876  -0.24320403  0.54914938  0.55526301  0.35019524
  0.19664596  0.17403964  0.24925027  0.34279025]","[ 0.59138708  0.14215091 -0.09574832  0.16807011  0.31977385  0.29751703
  0.45272288  0.35862673  0.36106062  0.10538049  0.09283119  0.17918367
  0.30024323 -0.15999302 -0.31308557  0.11720625 -0.29447435  0.01160483
 -0.12056646  0.43579854  0.37393558  0.17813534  0.20640688  0.22297861
  0.28055127  0.40324211  0.50966752  0.04886645 -0.19509115  0.03471174
  0.24454839 -0.25329186  0.22448863 -0.22216559  0.14608508  0.35591191
  0.36751187  0.01621966  0.22052683  0.30302719 -0.14390113 -0.074131
  0.09941548  0.02008399 -0.25569658  0.39375273  0.0817137  -0.04811343
 -0.20257656  0.63946276 -0.0670347   0.08889346  0.06942659 -0.03008693
 -0.29990176  0.14897532  0.09379931  0.40190667  0.2772841   0.12573273
  0.22572213  0.07478587  0.50702176  0.28648118 -0.19260666  0.26191311
  0.07985746 -0.04215839 -0.21346638 -0.47702325 -0.15839384 -0.0385177
  0.09769404 -0.23639493  0.18922981  0.35336058 -0.13278419  0.62405536
 -0.38510799 -0.13203184  0.45354532  0.58536772 -0.10123855 -0.11033668
  0.50965817 -0.59130914  0.19574303  0.53583124  0.5685185   0.18885866
  0.2225647   0.45516941 -0.24435424 -0.21380995]","[ 0.54170632  0.06870781 -0.15573989  0.17609091  0.26235333  0.27113281
 -0.06882606  0.42850658  0.22198559  0.20747579  0.01481087  0.41389397
  0.44794171  0.06589731 -0.21018569  0.26184554  0.11489511 -0.02091644
  0.21121696  0.56218653  0.412278    0.26989153  0.0221146   0.34846238
  0.23866672  0.27827801  0.54376843  0.07495834  0.30787831  0.3544467
  0.02964795 -0.16840635 -0.07267246  0.2321702  -0.26527319  0.21032996
  0.47775252 -0.25577455 -0.00333619  0.36838562  0.17353049  0.03083039
  0.15360699  0.15552004  0.14533651  0.19886797 -0.06080352  0.03758416
 -0.07370245  0.64800402 -0.06013747  0.22339747  0.28917375 -0.19602549
 -0.03946511  0.47964622 -0.10444633  0.38132003  0.3375362   0.2886724
  0.46851494 -0.05651398  0.52484353  0.3251149   0.19520595  0.39317325
  0.23081046 -0.27594847  0.14858484  0.34904637  0.16097056  0.15491205
  0.55113307 -0.31059254  0.07940074 -0.13414877 -0.25568817  0.62655299
 -0.31111338 -0.36421418  0.26343645  0.37723338  0.14894988  0.41889632
  0.28745748  0.37533726  0.35554186  0.51890864  0.6437872   0.57708471
  0.24293332  0.58716404 -0.44321507 -0.26301741]","[-0.10670917  0.00112164  0.12628679  0.2974616   0.28664152  0.14051297
  0.55456047 -0.16323014 -0.25036102  0.00180105  0.40634327  0.30633766
  0.4418577   0.16015954  0.18374649 -0.12657262  0.12650369  0.30030707
  0.32725099  0.09867653  0.08934537 -0.02585202  0.28860905 -0.3868485
  0.29349627  0.30036867  0.38635512  0.44780237 -0.23746945  0.00720004
 -0.04955257 -0.06755004  0.27114276  0.08260111  0.29794785  0.10240554
  0.50089101 -0.17381137  0.16352491 -0.18726315  0.16724557 -0.14239617
  0.25442353  0.0647256   0.49152209  0.23576669  0.14406096 -0.01679302
  0.23531693  0.1996876  -0.0773068  -0.21539819  0.06482729  0.36080077
  0.41476129  0.0717625  -0.07938868  0.19775543  0.35527177  0.33494935
  0.08267312 -0.17371081  0.32811692  0.14114442  0.29140344  0.13607632
  0.17567581  0.43550872 -0.36038161 -0.17039057  0.0319884   0.29889279
  0.63032321  0.28108837  0.28356133  0.21689756 -0.2870021  -0.40138185
  0.52652822  0.66378448  0.40779021 -0.22926711  0.03126239 -0.10041129
  0.40023394  0.33009607  0.28391822 -0.17392193  0.03075585  0.48024332
  0.21436243  0.60762929  0.39214475 -0.05870618]","[ 0.39612457  0.03318319  0.39784572  0.05909931 -0.01371268  0.09871475
  0.07162907  0.44281138  0.18329155  0.0096266  -0.04274113 -0.04791175
  0.23919878  0.03190578  0.05071839 -0.0150533   0.12516634  0.22499155
  0.39876563  0.35032407 -0.2397041   0.03859119  0.40706803  0.1094437
  0.18412875 -0.11080331 -0.17152911  0.20713522  0.27341662  0.26043207
  0.26486646  0.06513686 -0.03076577  0.02610115 -0.14902171  0.31880009
  0.26479423 -0.44165891 -0.17785684 -0.0333883   0.21417726  0.03358467
  0.20655767 -0.28947648 -0.25280689 -0.05277748  0.16991981  0.11990322
 -0.05307462  0.27905581  0.0728889   0.13316363  0.34817461  0.11496373
  0.05199543  0.61615681  0.00858221  0.20651761  0.08996675 -0.16321
  0.48717983 -0.16955972  0.16620448  0.22401103  0.32689317 -0.06512629
  0.30192893 -0.10439714 -0.03447662  0.04288933  0.31673095  0.16041081
  0.15040242  0.04409891  0.13259125  0.22824028 -0.08217917 -0.20674955
 -0.34865888 -0.19456866 -0.26503358  0.13551614  0.13283215  0.51334238
  0.31955366 -0.0621446   0.09948939  0.36458542  0.65667756  0.47447163
 -0.16441723 -0.29107395 -0.17026863  0.39465119]","[-2.13018265e-01 -1.34533018e-01  3.10105894e-02 -9.02231793e-02
  2.93464182e-01  6.66456700e-02  3.77218084e-01 -8.32039399e-02
 -1.11361523e-02 -3.77814784e-04  3.07808457e-01 -5.50123403e-02
  3.93964126e-01 -3.24571766e-01  1.13779637e-01 -1.01976173e-01
 -3.96221847e-02 -1.98040864e-01 -4.54547640e-02  1.41375757e-01
 -2.08457804e-01  1.45358556e-02 -3.15614444e-01  4.56616782e-02
  1.63810275e-01 -1.24837695e-01  2.99920239e-01 -8.60211125e-02
  1.02293940e-01  2.88143223e-01 -2.13008614e-02  1.15068813e-01
  2.82243324e-01  3.16621873e-01  2.01787755e-01 -3.74060092e-01
 -3.04891057e-01  4.54176631e-02  1.72192314e-01  4.24794454e-01
 -8.58127052e-02 -1.44243646e-01 -1.85991609e-01  1.80017995e-01
  3.83856896e-01  1.20175756e-01  1.08315365e-01  1.37998769e-01
 -1.89283824e-01  1.84679385e-01  2.56631868e-01  9.87172036e-02
  7.13492783e-04  7.73858898e-02 -2.47103573e-01  1.52146656e-01
 -1.93632977e-01  3.15223892e-01  1.62784357e-01  4.24863479e-01
  7.22092593e-03  3.96431957e-02  6.19581183e-01  4.32787479e-01
 -7.40138774e-02 -6.52513223e-02  2.20053116e-01 -1.52726153e-02
  6.22261475e-02 -1.10880855e-03  3.81625064e-02 -5.30937121e-02
  1.80134695e-01  3.00956955e-02  6.87909922e-02  3.42114129e-01
  4.09366592e-02  5.18775162e-01 -5.12356101e-02  1.47487496e-02
 -3.55924053e-01  3.10154467e-01  2.43941432e-01  2.58527245e-02
  3.90863229e-01  2.79161832e-01  2.08968681e-01  3.93220496e-01
 -2.28513640e-01 -2.88285665e-01 -3.11549589e-01  3.80534507e-01
  2.87269087e-01 -1.43133172e-01]","[ 0.04661648 -0.04651434  0.107532    0.28603092  0.51751671  0.28423857
  0.46961551 -0.09428834 -0.08831021  0.10115838  0.46823991 -0.05129798
  0.23533602 -0.29630253  0.27967331 -0.19854502  0.05399176 -0.04459577
 -0.03723909  0.04852977  0.31141021 -0.06318486 -0.07156108  0.0697569
 -0.0483225   0.13889127  0.43432467 -0.06251964 -0.01317603  0.38644608
  0.16901683  0.16120176  0.64810579  0.33304913 -0.37762096  0.27461665
  0.59262486 -0.19295949  0.37080378  0.48641251  0.13001148 -0.24729416
  0.12423723  0.15825329  0.30122746  0.39411978  0.19195941  0.22907238
 -0.13265135 -0.03651716 -0.06519517  0.06671602  0.01520882 -0.06858947
  0.1856341   0.21713384 -0.06210683  0.31378217  0.39703117  0.46588454
  0.1478293  -0.19658877  0.30925742  0.4930062   0.03511234 -0.20629982
  0.49764532  0.08511136 -0.04052407  0.52848453  0.50591162  0.50159887
  0.53016128 -0.02859969  0.23409167  0.14094     0.60656017  0.23796857
  0.71646163  0.33727045 -0.24755348  0.34071562  0.53892705  0.15417977
 -0.37718798  0.68683466  0.39490316 -0.29685482  0.31518639  0.13401815
  0.3032496   0.68292667  0.57907384 -0.32901047]","[ 1.15802349e-01  3.37289486e-01  1.09163822e-01  9.56712493e-02
  3.87803871e-01  9.41210745e-02  2.36271115e-01  3.10763784e-01
  1.71594554e-01 -1.55856269e-01 -3.19376128e-01  3.63062356e-01
  4.20912778e-01 -2.29823390e-01 -3.65643277e-01  9.16087929e-02
  6.09402615e-02  2.89356485e-01  2.07275184e-01  4.30739091e-02
  1.48524314e-01  3.47170235e-01  4.80705190e-01  5.72531211e-01
 -3.80613144e-02  2.60854996e-01  4.55251653e-01 -1.43752897e-01
  4.19259430e-02 -7.14917471e-02  1.65351516e-01 -1.69417950e-01
  3.57418480e-02  3.65973508e-01 -7.26173724e-02  5.14219611e-01
 -3.11734627e-01  3.24724698e-01 -2.82866863e-02  3.97844951e-01
 -1.11983347e-01  4.91283099e-01  1.75508914e-01 -1.68236780e-01
  5.86930485e-01  4.98016781e-02 -6.01590260e-02  2.05912394e-02
  3.05593359e-02  6.72078436e-01  5.76019790e-01  3.03079039e-01
  1.99145487e-01 -1.33352495e-01  4.83752307e-02  2.99954887e-01
 -1.22212100e-01  2.08187888e-01  1.54312984e-01  4.34280904e-01
  2.91223389e-01  1.04395708e-02  5.45658932e-01  4.22684410e-01
  2.72144578e-01  8.38005096e-02  1.09258663e-01  1.67645828e-01
  8.19600771e-02  1.94214078e-01  2.47321495e-01 -7.35234313e-05
 -3.96134934e-02  1.74521618e-01  3.02294256e-01  2.79236831e-01
  2.34397558e-01  7.38086174e-01  1.79588576e-01  2.15015013e-01
 -9.49392164e-03  7.84040674e-01  2.40264427e-01  5.78671713e-01
 -1.87881594e-01 -1.52854373e-01  2.41329255e-01  6.51374592e-01
  6.73707649e-01  4.91163644e-01  6.01491301e-01 -6.64921052e-02
  1.18220703e-01  3.90205316e-01]","[ 0.42623649 -0.02477649  0.03018063  0.09807769  0.21005361 -0.13650931
 -0.10949628  0.13988471 -0.06472914  0.26209024  0.08236113 -0.08625417
 -0.07081372  0.29787532 -0.22903347  0.07969887  0.06179917 -0.01059039
  0.4299218   0.16954635  0.09971549 -0.11088407  0.11128041 -0.3991319
  0.09086657 -0.17498339  0.18947647 -0.13856177  0.40000984  0.23570269
  0.01743079 -0.09111445  0.18540943  0.02443259  0.01323179 -0.25298347
  0.44675703 -0.37643832 -0.26082663  0.24554257  0.23829984  0.07379258
 -0.32784741  0.35318395 -0.28885157  0.0496628  -0.20464161  0.0808837
 -0.27700121  0.37953442  0.17374092 -0.27685204 -0.00377728 -0.3650024
  0.22920356  0.05128612  0.22795064  0.20380225  0.26666657  0.37105268
  0.22820995  0.01270074  0.13281275  0.28191187 -0.19803205  0.05172019
  0.01123571 -0.12125181  0.04026562 -0.29367413  0.46995128  0.16141772
  0.46061148 -0.32110404 -0.09219695  0.34903849 -0.12110003 -0.21358621
 -0.27844817 -0.11184009 -0.20090228  0.25153412  0.1457937   0.36592357
 -0.0988491  -0.18401572  0.10000109  0.04233616  0.35432943 -0.45924223
  0.32469555  0.1001067  -0.35546203 -0.19605446]","[ 0.38192815 -0.00203328  0.43824723  0.19936067  0.39792314  0.30202549
  0.2975709   0.54038429  0.41876155  0.3406153   0.05671529  0.51734694
  0.10211631 -0.09606763 -0.22372906  0.05773798 -0.40273772  0.31683663
  0.00471244  0.57745866  0.30882163  0.51813928 -0.43292294  0.12722686
  0.35989288 -0.31393324  0.25381524 -0.01550447  0.26221335 -0.00219204
  0.09729917  0.31218735  0.01087237  0.33980439  0.07093319  0.5332356
  0.61013003  0.35108071  0.39322353  0.51338068  0.12838766 -0.12947449
  0.33718006 -0.22672764  0.6732448   0.15544216  0.02499403  0.0312577
 -0.2171474   0.59017284 -0.05569953 -0.12671311  0.51823468  0.26649597
  0.2840216   0.48575473  0.2041878   0.20254951 -0.09410993  0.42277255
  0.38327693  0.1604996   0.58995492  0.27049483  0.23229427  0.35731823
  0.59255224  0.09782915  0.2850395  -0.13500427  0.08504635  0.38085265
  0.22654331  0.18786956  0.10016571 -0.20232651  0.36693882  0.8621329
  0.55709543  0.21209763  0.01572168 -0.56780305  0.5605268   0.43762179
  0.24181397  0.65298224  0.08191525  0.5566214   0.63262425  0.39572871
 -0.24364755  0.43413356 -0.20025943 -0.3394971 ]","[ 0.47165463  0.1830137   0.17868145  0.01826068  0.16568228 -0.07273274
  0.3421872   0.42788589 -0.01029355  0.22934182  0.16197823  0.11086999
  0.30599381 -0.01073491 -0.3355365   0.18042353 -0.14858285  0.18241902
  0.35760715  0.66348931  0.31064295  0.26984566  0.36655721  0.47408012
  0.33345316  0.06253019  0.54892349 -0.06059091  0.0783605   0.19947877
  0.2500553  -0.35182986  0.10511036  0.45815016  0.21605839  0.56929075
  0.35287387  0.57059617  0.3221185   0.30232071  0.26339219  0.50009926
  0.47094027  0.26774003  0.70392735  0.20271242  0.01351014  0.3752694
  0.40638399  0.68983133  0.45928775  0.10061081  0.074707    0.42627252
  0.47269052  0.23056462  0.01963907  0.31881035  0.13864682  0.30950808
  0.3504205   0.07245418  0.440611    0.38433919  0.19928202  0.30345465
  0.57009008  0.32643117  0.15978923  0.1234944   0.4230579   0.25613683
  0.31875518 -0.18371441 -0.02292664 -0.35309324 -0.01574225  0.83085225
  0.57549405  0.26965947  0.05292724  0.61867909  0.16984663  0.6927012
  0.66269635 -0.27996893 -0.1016709   0.30263313  0.56182018  0.30122659
 -0.01899356  0.32097396  0.3803993  -0.11562252]","[ 0.13899648  0.0876477   0.5158381   0.07100194  0.23277353  0.14860398
 -0.03666825  0.08593365  0.43498907  0.1076807   0.32234714  0.24503591
  0.25719858 -0.27294973 -0.12844559  0.26422524  0.0681961   0.01887808
  0.21261176 -0.05438918  0.33294567  0.43210302  0.24012686  0.16315907
 -0.1415525   0.25184715  0.40783672 -0.27258667 -0.256197    0.08279462
  0.40973041  0.10937711 -0.33826401  0.32367085 -0.17307778  0.39114032
  0.54325411  0.31829513 -0.17684148  0.22295946  0.05266941 -0.00484606
  0.29797485 -0.21281997  0.27684684  0.46606034 -0.17114616  0.25911151
 -0.04010824  0.31471703  0.51431247  0.07359048 -0.05247304  0.31893781
 -0.18682789  0.19652708 -0.01210775  0.2866266  -0.01604479  0.27348463
  0.15905083  0.24390503  0.42282354  0.43017367  0.47376029  0.25829852
 -0.12593545 -0.00375436  0.20314636  0.71875031  0.43237384  0.3557833
  0.10278139  0.05091155 -0.16393596 -0.28249995 -0.40830778  0.6604083
 -0.21940409  0.41847217  0.23195794  0.57799094 -0.14320636  0.4030866
  0.40209307 -0.34875672  0.10645395  0.53547784  0.35587021  0.49926069
  0.25110312  0.38142368 -0.35706164  0.0316384 ]","[ 4.01430445e-01 -2.87856998e-01 -2.41674269e-02 -1.79068285e-01
  5.17072521e-01 -2.16086548e-01  2.92766766e-01 -6.09224705e-02
  1.35064388e-01  2.05116878e-01  4.89960925e-02  2.40922395e-01
  3.67965835e-01  3.23699547e-01  8.32957283e-02  3.48634133e-01
  3.63043550e-02  4.24583090e-01  7.72842236e-02  1.70803226e-01
  2.66412944e-01  1.09252303e-01 -1.83265510e-01 -1.25228417e-01
 -1.67606724e-01  7.45778674e-02  2.91753767e-01  5.95247457e-02
  8.30398563e-02  2.99612134e-01  1.82376178e-01  1.70750909e-01
 -8.78287243e-02  3.29550237e-01  2.04141603e-01  3.86623151e-01
  1.13335044e-01  2.94530242e-01 -3.29464517e-01  3.81101827e-01
  4.79186821e-01  3.44505738e-01  6.02133969e-02 -2.29007719e-01
 -1.69696568e-01  3.41539256e-01 -1.95960779e-01 -9.19158145e-03
  2.42546016e-01  5.01579041e-01 -9.28170550e-02  4.34555554e-01
  1.22261137e-01 -2.02551340e-01 -1.62976552e-02 -1.73525567e-01
 -2.44623215e-02  4.35446910e-01 -1.58744552e-01 -3.64991133e-01
  5.19208156e-02  2.16553359e-01  4.44257321e-01 -3.82356907e-01
 -8.62090839e-02 -1.17779186e-01 -1.77680417e-01 -6.18266564e-02
 -7.54522062e-02  1.98305277e-01  6.85769473e-01  3.06687538e-01
 -2.00730695e-02 -2.04431716e-01  2.25488638e-01  3.82072171e-01
 -4.70727265e-04  2.60186286e-01  4.49323854e-01  1.26803015e-01
  1.55525511e-01  5.32809462e-01 -1.45992339e-01  2.69138335e-01
  2.44869660e-01 -2.78541195e-01 -1.75738916e-01 -5.08898004e-01
 -1.39124211e-01  3.43269518e-01  2.35067374e-01  3.51846766e-01
  4.02421861e-01  2.59275899e-02]","[ 0.43104489 -0.27654596 -0.15700329  0.22950068  0.31175471  0.25901652
  0.4927861  -0.29906339  0.19618722 -0.11088783  0.10638764  0.01587276
 -0.13043925 -0.07912778  0.10688916 -0.14178756  0.3313313  -0.24222504
 -0.13089289  0.13292683  0.43099375  0.1267946  -0.3185654  -0.34368869
  0.0898065   0.08892808  0.07210394  0.29178168 -0.22272091  0.39578387
  0.18313237 -0.24770359  0.34081963 -0.04807988  0.33110056  0.31116101
  0.24294685  0.19398027  0.21137928  0.59664304 -0.05905926  0.19233543
  0.02148652 -0.21367769  0.182838    0.33498854  0.33230137  0.21280653
  0.44864676  0.49132204 -0.26030211  0.33702011  0.25964788  0.08469967
  0.33017255  0.32228912 -0.05613997  0.30271167  0.07023511 -0.33572453
  0.00280921  0.39720611  0.36794071 -0.33000325  0.55598981 -0.16536736
  0.05232555  0.09648709  0.16131775 -0.22335027  0.57517244  0.56337109
  0.38581136  0.12565274  0.18675722  0.11982593  0.05087786 -0.27125308
 -0.12408978  0.47999437  0.18718211 -0.21650124  0.24279943  0.09033549
  0.18912402  0.31910832  0.30926047  0.51143062  0.2235984  -0.25118866
  0.62639653  0.32340825  0.40732665  0.40275733]","[ 0.38696614 -0.3501986   0.31431322 -0.02185929  0.20421522  0.20014077
  0.39475493  0.26849692  0.06995161 -0.08620287  0.15323706  0.3005526
  0.12343874  0.27072656  0.04071176  0.08406684  0.31321168 -0.21458597
  0.23477216  0.10422342  0.22940347  0.22600494  0.28615873 -0.51093489
  0.03054473 -0.10997533  0.52732585  0.52738651 -0.25450523  0.03895422
  0.10514037  0.03770654  0.13750269  0.00125717  0.33661195 -0.26704099
  0.46748345  0.12507511  0.21672579  0.42400339  0.18580155  0.20925706
  0.15563967 -0.15870567  0.5397166   0.3518788   0.18276944  0.48911615
  0.15762264  0.15279965 -0.15191924  0.53617434  0.38521516  0.22156295
 -0.23121367  0.04990937 -0.1147989   0.22095408  0.41395685  0.26810138
  0.00848636  0.22938261 -0.16390923  0.0036872   0.53188213 -0.25461145
  0.31037438  0.34553405  0.38334572 -0.16567713  0.60616573  0.39090608
  0.40714891 -0.28424034 -0.08027947  0.42169073  0.19174192  0.40128745
  0.32010041  0.61612254  0.18633278  0.28354193 -0.12695309  0.26462162
  0.23376996 -0.31992118  0.22795849  0.14822724 -0.17384669 -0.23748492
  0.35257173  0.53332657  0.2178021  -0.27112001]","[ 0.22363169  0.14295799  0.18972236  0.45490333  0.40250729  0.35714035
  0.30067071  0.3203496   0.32344303  0.25126898  0.20100045  0.14402104
 -0.2573402   0.23473963  0.03117788 -0.07451632  0.15277476 -0.38031601
  0.18759293  0.28297171  0.04243744  0.28807557 -0.23413584  0.14591383
  0.0049529   0.41914003  0.15160621  0.56382112 -0.15735917  0.22182858
 -0.10852082 -0.24813939 -0.02946553  0.03499485  0.1686306   0.56442685
  0.06850601  0.0560006   0.16619418  0.37585416  0.06832743  0.07790087
  0.29071177 -0.39673645  0.22839778 -0.0938475   0.11135803 -0.03524225
  0.30205251  0.0586323  -0.06965432  0.40048868  0.00786819 -0.10426707
 -0.21771502  0.37802176  0.01156464 -0.06537937 -0.11989718 -0.064831
  0.19091815  0.44369196  0.46512147 -0.22850325  0.48166817  0.43246194
  0.6449374   0.27235953  0.15306406 -0.03303572  0.5484227   0.6874345
 -0.10121933  0.39789576  0.03871296 -0.19625503  0.5307342   0.34470946
  0.47284429  0.68293803  0.21872542 -0.11755371  0.17546066  0.14532932
  0.1615919   0.55988019 -0.34474606  0.34180817 -0.12337108  0.14594449
  0.03778024  0.6248395  -0.24822384  0.3893603 ]","[ 0.54472987 -0.39996713  0.42564835  0.46910999  0.18173389  0.11310591
  0.27730948  0.18530138 -0.05528594  0.09895935 -0.18200957 -0.15408844
 -0.15233744  0.15888948 -0.07263293  0.15155688  0.45207435 -0.13191572
  0.23456413 -0.00789392  0.28689685  0.21532989  0.02606414 -0.19656247
  0.04391052  0.25084735 -0.08248596  0.44283114  0.01718213  0.55626817
  0.24517937  0.06399958  0.39802553  0.17938363  0.45603276  0.17357
  0.43482968 -0.02219144  0.18016425  0.21103353  0.20384007  0.27632488
  0.22378011 -0.28958975 -0.10314724  0.37386176  0.29976067  0.44569432
  0.21897393  0.21311039 -0.02814797  0.50435489  0.21800574 -0.01399884
 -0.04074054  0.47768647 -0.24482766  0.36750286  0.43234291 -0.33214973
  0.14341388  0.57339741 -0.14282626 -0.278619    0.48866559  0.00164305
 -0.08549852  0.38281825  0.03296472  0.06122424  0.63078822  0.51501634
  0.4983093  -0.09338823  0.21425452 -0.19625377  0.23125516  0.58586845
 -0.26148798  0.34414375  0.45842301  0.59272249 -0.31625848  0.2134328
  0.22465224  0.31046326 -0.29039802 -0.29831323 -0.10672642  0.23366204
  0.38229328  0.65247429  0.32783756  0.40469936]","[ 0.33537038  0.03336097 -0.14618165 -0.06614412  0.27132063  0.01966657
  0.31791631  0.17747743  0.08684142  0.24299728 -0.0820131  -0.02454128
  0.28823849  0.20559807 -0.25256725  0.05079147  0.02985126  0.03213186
  0.02241995  0.3822755   0.21333279  0.18161407  0.02872285 -0.1734545
 -0.31003732  0.07311571  0.18269361  0.45192909 -0.02179341  0.21614577
  0.11090157 -0.21442268 -0.04889528  0.12405922  0.21963189  0.41578166
  0.21925471 -0.26761707  0.16883809  0.29344609 -0.03828454  0.42934372
  0.18477473 -0.31222645 -0.29494924 -0.01468092  0.48830136  0.14384895
  0.31348485  0.17944458 -0.33215164  0.41235364  0.25211823 -0.02006876
 -0.20365356  0.3320463   0.05192558  0.24957917  0.31864079 -0.21406391
  0.26554478  0.55398946  0.26553362 -0.1582025   0.25187435  0.01659928
 -0.01728103  0.19878668 -0.00551233  0.22347704  0.56930836  0.7357906
  0.36320455 -0.0356337   0.15793574 -0.18217204  0.23042406  0.64329603
  0.47866017  0.12392742  0.43963743 -0.34398938 -0.18720036  0.10809619
  0.43235901  0.37246311 -0.23340297  0.16229322 -0.40017146  0.46714547
  0.45037828  0.65716054 -0.18397698  0.54416058]","[ 0.28473533 -0.05695168 -0.00448447  0.51684497  0.1518325   0.05671337
  0.3558978   0.5151661   0.2100617   0.03128322  0.05347752 -0.19947093
  0.27616362  0.35931816 -0.18175128  0.07544282  0.10945531 -0.00842981
 -0.04533597  0.25114685  0.27117435  0.26164102 -0.32161699 -0.29525075
  0.24227135  0.18029262  0.24607316  0.62567136  0.33714431  0.14884563
  0.04984242  0.0616567   0.28236329  0.12141708  0.30060384  0.3417649
 -0.2335982   0.1124726   0.01673079  0.15640678  0.14645488  0.05227186
 -0.02981766  0.30897927  0.11144075  0.17347121  0.16764572  0.13762938
  0.0260106  -0.05963012 -0.07108081  0.63895782 -0.07969305  0.27850275
  0.02513041  0.58569316  0.15887348 -0.24213536  0.15142895 -0.20973008
  0.19497022  0.62981077  0.37275417  0.23665104  0.40659719  0.03016322
  0.18871829  0.35290516 -0.0301501   0.26175994  0.35096333  0.63829956
  0.37880031  0.01720084 -0.09834362  0.35443811  0.43190948 -0.12145673
  0.35523618  0.49121902  0.31805433  0.51468212  0.23108934 -0.10351699
 -0.01698907  0.32383991 -0.20476464  0.64574171  0.2208035  -0.21240018
  0.33163875  0.57512303 -0.20201354  0.51062012]","[ 0.30136331  0.33412258 -0.00256702  0.12639875  0.40064095  0.5054508
  0.55990579  0.20936858 -0.13866316  0.21385394  0.39243326  0.33551081
  0.0192943   0.48025417  0.32210251 -0.11873603  0.64593984  0.11406998
  0.54560369  0.15414403  0.18357461  0.24233513  0.64895443 -0.18792424
  0.31517747  0.6691715   0.33055421  0.19185848 -0.16858342  0.53045559
  0.20835205  0.31393586  0.33560331  0.31381776  0.03069906  0.41290647
  0.51914574  0.58471868  0.28906107  0.66824817  0.36639234  0.51099024
  0.12085896  0.26946967  0.808714    0.44079974  0.22676877  0.51610056
  0.50027206  0.24069026  0.60563199  0.45161643  0.63352696  0.5064916
 -0.21088583  0.04509419  0.12543032  0.51630685  0.3853054   0.30917761
  0.2349732   0.49878519  0.47689993  0.18579155  0.54691065  0.14181821
  0.21332667  0.31941924 -0.15260848  0.61869561  0.60167898  0.51142664
  0.7332251   0.25016343  0.21017926  0.46999733  0.54035104  0.34527136
  0.64635927  0.38721292  0.5481093   0.35252829  0.26224537 -0.25655682
  0.67708469  0.82949057  0.66709256  0.31078867  0.27458363 -0.03976763
 -0.39705329  0.67443905  0.5007412   0.46783117]","[ 2.14179423e-01 -1.43310267e-01  5.93301651e-01  6.00064268e-01
  3.39527636e-01  3.38479172e-01  4.80440597e-01 -6.19105867e-03
  1.45353000e-01  7.29758193e-02  3.26493499e-01  2.63164127e-01
  3.72273043e-01  5.27689117e-01  1.74003397e-01  2.83722562e-04
  5.90823601e-01  1.66627234e-01  4.34583427e-01 -8.17117991e-02
  4.78512587e-01  2.15601137e-01  7.03261194e-02 -2.75007127e-01
 -6.14246236e-02  4.17437402e-01  2.79694404e-01  5.33922680e-01
 -2.40916134e-01  5.20085254e-01 -1.87816117e-02  2.99417039e-01
  3.48865122e-01  2.80218202e-02  4.44724756e-01  3.44164156e-01
  3.87332674e-01  1.27992215e-01  2.02779255e-01 -1.52540128e-01
  1.03576825e-01  5.99023257e-01  4.25147340e-01  2.77799558e-01
  3.83597797e-01  6.34663861e-02  3.80346627e-01  4.98945830e-01
  5.30081433e-01 -2.26139779e-02  2.71088404e-01  3.33081644e-01
  3.88486269e-01  3.04012698e-01  6.33843679e-01  4.77777740e-01
  1.10653324e-01  2.37327437e-01  3.39376709e-01  5.25120116e-01
 -1.03988015e-01  5.45785068e-01  5.13137886e-01  1.42945423e-01
  6.30436149e-01  1.13321413e-01  2.96127695e-02  3.72471622e-01
  1.33886001e-01 -1.37117422e-01  7.13852167e-01  7.37195604e-01
  4.92489907e-01  2.29881679e-01  1.61814752e-01 -3.16504571e-01
  2.42276533e-01 -3.53428170e-01 -1.15851710e-01  6.30064649e-01
  6.72351557e-01  5.02721951e-01  4.24436672e-01  6.80292925e-02
  5.67162153e-01  5.52418988e-01  2.65216121e-01  7.62813062e-01
  4.50325209e-01  5.95724579e-01  5.76056473e-01  7.97537270e-01
  2.18061699e-01  6.13411188e-01]","[-0.13384469 -0.02488393  0.19652416  0.32757438  0.32251704  0.16070412
  0.46590489 -0.03255866  0.03004856  0.01947025  0.4601469   0.05579495
  0.36080921 -0.05417855 -0.06702972 -0.24114217  0.45899355 -0.11662356
  0.41689978  0.16309691  0.31758426  0.2255967   0.22015363 -0.32066134
  0.14028815  0.19168765  0.3998243   0.22889036 -0.14687459  0.25440898
  0.21583876  0.24337041  0.23327786  0.32497675  0.25290416  0.10447285
  0.28553499  0.44832077 -0.27525691  0.12913699  0.16710931  0.25847487
  0.24583656 -0.17780316  0.56624775  0.17189267  0.27353758  0.27802172
  0.22239777  0.17338648 -0.00645304  0.33813533  0.33220542 -0.15463215
  0.2056483   0.33553698 -0.06141483  0.15558238  0.09698227  0.39185196
  0.06858989  0.35246698  0.10794235  0.17343443  0.45965848 -0.09992713
  0.29189876  0.34503734 -0.15600579  0.23702414  0.50842837  0.57672015
  0.40764331  0.17356092  0.08619712 -0.22103418  0.26547607  0.37711618
  0.30861731  0.52680314  0.22397182  0.18421026  0.28477141  0.14436566
  0.41043714  0.34003764 -0.33641977 -0.28099903 -0.21082313  0.48183569
  0.39881942  0.53632804  0.12979125  0.19107247]","[ 0.4905402  -0.1858861   0.09682102  0.42136226  0.37409986  0.45483246
  0.59493359 -0.03704754  0.01005244  0.04697352  0.44748038  0.24040374
  0.31492194  0.34096975  0.14166246 -0.15648552  0.48892294  0.09676905
  0.02502608  0.05859547  0.31169924  0.2869395   0.22574879 -0.3383612
  0.47309042  0.37655693  0.38584761  0.4906083   0.01530991  0.533733
 -0.02361301  0.18642742  0.4112393   0.29066071  0.10834013 -0.14061526
  0.16456591  0.52392062 -0.19256476  0.41438554  0.25909525  0.42160455
  0.29116565 -0.18520744  0.65747412  0.35602533  0.35860712  0.3928752
  0.59795936  0.54445892  0.41532868  0.33612091  0.34462577  0.24988021
  0.56919058  0.37719097  0.29785903  0.16062787  0.37969675  0.28045034
  0.02519634  0.11866216  0.17668255  0.43078694  0.60423943  0.12976767
  0.12516961  0.34720403 -0.10188343 -0.05617694  0.68753985  0.53484061
  0.53919147  0.42997259  0.18525934  0.45294906  0.35782087  0.40765596
  0.51862424  0.51224082  0.44739905  0.33535654  0.58517615  0.15836608
  0.40422112  0.6815695   0.46193108  0.08166472 -0.14265143  0.28496521
  0.71765599  0.67194463  0.24438511  0.51384643]","[ 0.54289365 -0.03642354  0.20836007 -0.19016845  0.32400757  0.18912768
  0.22224983  0.32787453  0.23380579  0.15778936  0.2121055   0.35581744
  0.5502077  -0.36577948 -0.06172903  0.44795753  0.40412969  0.2281152
 -0.01634104  0.09193817  0.11500141  0.37026165  0.05339033  0.28143019
  0.33086542  0.4139799   0.61733829  0.05807186  0.23966349  0.18264628
 -0.01567014  0.31496263 -0.24963506  0.38264642 -0.09372659  0.38723895
  0.29520909  0.32497465  0.34700111  0.17173621  0.05295197 -0.04455484
  0.35753652  0.18831083 -0.40582279  0.19696868  0.26243268  0.10990921
 -0.09901776  0.47606906  0.56046741  0.28062124 -0.31506467  0.04514651
 -0.09311727  0.53357135  0.1299424   0.40750148  0.09109898  0.29258599
  0.26809248  0.30877207  0.59669765  0.33827741  0.37428476  0.41867521
  0.30388137  0.27099238 -0.00794495  0.7265747  -0.40679512  0.31700223
  0.62310685 -0.19093923  0.28321237 -0.10481613 -0.27406365  0.5145271
  0.55323888  0.35869522  0.19374866  0.4492223  -0.20011899  0.32822458
  0.13035503  0.15439065  0.20794602  0.22385352  0.65829876  0.4851043
  0.31592487 -0.04276926  0.13272535  0.27424589]","[ 0.3948672  -0.18000106 -0.07032755  0.44033594  0.24022395 -0.13993344
  0.24076022  0.31811143  0.05263246  0.27433389  0.25788236 -0.24357538
 -0.0931399   0.41057593 -0.07410316  0.08787769  0.35200671  0.24623266
 -0.05694357  0.22217605  0.32046961  0.18036127 -0.2971656   0.0779865
  0.14832289  0.35293841  0.33923343  0.46561775  0.10714819  0.09631811
 -0.19405235 -0.25908772 -0.07044097 -0.29934022 -0.21117218 -0.14461416
  0.35000914  0.19415952 -0.37216639 -0.01198943  0.14961301  0.33852633
 -0.09208883  0.12234078 -0.14839142 -0.06446923  0.04997552  0.32321496
  0.02769988  0.16051329 -0.04316612  0.03685819 -0.09421922  0.1917601
  0.19938606  0.49903485 -0.04574355 -0.08253123  0.41107205  0.30274978
  0.1156914   0.10606705  0.38215854  0.19330232  0.46430437  0.29712863
  0.34249211  0.05164387 -0.15915069 -0.39946057  0.66038032  0.49990219
  0.57100847 -0.30082786  0.0844788  -0.17263414 -0.03739234  0.25849692
 -0.18170005  0.45661281  0.26199549  0.22814846  0.36570651  0.11223284
 -0.19020121  0.28266071  0.26303647 -0.12777661  0.18990603 -0.2678407
  0.1658521   0.70506177 -0.31996088  0.17640991]","[ 0.3682855   0.07334005  0.0154277  -0.13029385  0.18868847  0.27120866
  0.37115993  0.45119994  0.27832804  0.1293422   0.16681246  0.39337724
  0.49683536  0.34652841  0.37427519  0.61893507  0.27929665  0.5696644
 -0.10156079  0.53658059  0.11762651  0.34779874 -0.20899426  0.02111104
  0.3914738   0.20146796  0.47269299  0.13078746  0.29363743  0.0781708
  0.26332161  0.04505337 -0.27582081  0.38428493  0.14340909  0.32421292
 -0.24810967  0.77608897  0.42342876  0.50854033  0.61595888  0.31674268
 -0.11064176  0.1646835   0.5502487   0.09102861  0.05164209 -0.16246335
  0.06002278  0.54576553  0.05332561  0.49120453 -0.05374954 -0.07486391
  0.28275218  0.26383521 -0.0138475   0.55902678  0.20247263  0.68511507
  0.16518983  0.40764649  0.49475846  0.47302138  0.39013502  0.06503608
  0.55852061  0.65751013  0.39181593  0.23497263  0.70314196 -0.27484585
  0.32114099  0.13156991  0.29144401  0.08579297 -0.33100212  0.81630002
  0.40468437 -0.15340606 -0.36972469  0.73040834  0.22991351  0.46879192
  0.44942185 -0.35774041  0.1855806  -0.4395989   0.5839949   0.62351699
  0.54506032  0.08499943 -0.27379368  0.4107773 ]","[ 0.56419199 -0.22078491  0.12892574  0.10525989 -0.14374754 -0.11452025
  0.19961268  0.27428838  0.19403919  0.08923124  0.17948495  0.42278663
  0.30440265 -0.10381138 -0.35510331 -0.15686647 -0.20112989  0.35590598
  0.27808255  0.31737554  0.06645162  0.08639614  0.34857238  0.3819461
  0.05430151  0.03112267  0.32802347  0.03054546  0.40885051  0.06174845
  0.40268792  0.02745658  0.07000902  0.21102431  0.22346159  0.27152524
 -0.17386402  0.32214238 -0.22316446  0.34667291  0.14200512  0.49998706
  0.06086774  0.02977107  0.40318545  0.4994803   0.1618175   0.23579667
  0.01455885  0.57463632  0.00111133  0.35801372  0.16399627  0.26488444
 -0.18118622 -0.24768996  0.15577664 -0.09291601  0.2251622   0.28002333
  0.10366958  0.48378719  0.40289491  0.15043147  0.08625284  0.08501749
 -0.00335017  0.17221286 -0.05505473  0.25936235  0.3659546   0.37023219
  0.16804453  0.36304193 -0.18633367  0.32250692 -0.01456104  0.48332639
  0.00662679 -0.23516255  0.41010897  0.60346257  0.11701746  0.05576782
 -0.08012398 -0.42218243  0.11091961  0.26077389  0.41765121  0.16789759
  0.55596951 -0.04475172 -0.17948612  0.04819198]","[ 0.66069575  0.13711754  0.57356715  0.20424628  0.05876227  0.04249561
  0.35411961  0.48602998  0.53422543  0.27734997  0.50529866  0.44972801
  0.58756018  0.00542972  0.63848948  0.60921905  0.49091804  0.54873767
  0.48691235  0.61376714  0.24444213  0.44635102  0.28941277  0.39996339
  0.24104133  0.44734941  0.71973147  0.33181177  0.32741643  0.3609633
  0.50950197 -0.0758136   0.41482038  0.15428867  0.10274785  0.28833573
  0.2866831   0.76445828  0.50659125  0.64625199  0.07515345  0.7221229
  0.59660067  0.25989834  0.69127391  0.44766386  0.03818958  0.2687464
  0.62707328  0.45399219  0.24108818  0.72295728  0.63694605  0.58983976
  0.71450499  0.55196613 -0.10740085  0.37300953  0.15480022  0.71051581
  0.44497905  0.62586104  0.460081    0.57485315  0.62010528  0.55071162
  0.47583601  0.73764672 -0.30313243 -0.02250898  0.81311535  0.32537226
  0.41530819  0.23880265  0.45517376  0.47300375  0.41929891  0.78725544
  0.72431424  0.49094059 -0.26498593  0.65392611  0.51063837  0.64339684
  0.84385577  0.71072122  0.30777398  0.89027463  0.79528709  0.48868329
  0.53338566  0.37265553  0.37943874  0.84463246]","[ 0.609009    0.29844033  0.23711958  0.19662885 -0.36964183  0.05918426
  0.40103309  0.15649813  0.47115106  0.29948163  0.43946182  0.40825603
  0.45060379  0.23687029 -0.28807397  0.47195234  0.00757969  0.35685822
  0.41904665  0.57631469  0.28629344  0.4521272   0.36446274  0.20412779
 -0.02902215  0.54356296  0.45677631 -0.01257507  0.01371914  0.38893837
  0.5042188   0.15684923 -0.02820343  0.26862047  0.47263824  0.45536589
  0.47044062  0.51387836  0.2067384   0.45998073  0.35558396  0.72640245
  0.2321879   0.30422144  0.77903575  0.29489008  0.59034626  0.26308865
  0.33747512  0.71499667  0.53185596  0.02634546  0.56402892  0.06873553
  0.36763394  0.1816934   0.04671016  0.1587469   0.23691717  0.11398125
  0.31884236  0.58821499  0.27407479  0.3859751   0.37870911  0.35989684
  0.10940593  0.43568045  0.00857709  0.49363089  0.53352312  0.18288006
  0.63154444  0.38003605  0.04094669 -0.28601304  0.1959398   0.81236125
  0.51554557  0.41484748  0.19867871  0.68977298  0.09441858  0.52168048
  0.77031026  0.60171339  0.12013338  0.45932733  0.5840259   0.65913747
  0.67179224  0.50751171  0.28591908  0.5363852 ]","[ 0.65966258  0.05226752  0.53149646  0.38718489  0.60365685  0.19929489
  0.31619686  0.46179294  0.47460395  0.41234901  0.48746636  0.16286877
  0.65231868  0.12548954  0.6737778   0.70880261  0.65834211  0.64290677
  0.51611292  0.66307794  0.38309291  0.62133177  0.22269311  0.61555996
  0.37931801  0.59760871  0.75006046  0.46730974  0.50569675  0.61247739
  0.54298933  0.06789099  0.44238021  0.35789326  0.23510861  0.35735921
 -0.18447814  0.78866584  0.46906962  0.57675739  0.34090034  0.69540181
  0.51302542  0.41954097  0.54635814  0.224835    0.16049981  0.27271537
  0.65154409  0.2961719   0.4602539   0.74135655  0.47829134  0.64145145
  0.69201157  0.51568991  0.33696702  0.55824484  0.16472169  0.5944958
  0.49570379  0.67855748  0.44988715  0.6212298   0.6894679   0.3015139
  0.59236155  0.71801449  0.21167454  0.39282804  0.72556648  0.65859524
  0.38627096  0.39207864  0.39348253  0.50630759  0.34882591  0.85079492
  0.74506683  0.63471469  0.21828455  0.83602303  0.48956096  0.45846025
  0.84654727  0.59909156  0.4235095   0.75237892  0.6098308   0.41118783
  0.65622642  0.75078179  0.55944132  0.2595794 ]","[-0.11540866  0.25199768 -0.13464281  0.39799909  0.31571781  0.08728737
  0.18733979  0.35913529  0.21754551  0.2027791   0.03056356  0.25951401
 -0.15282511  0.51507779 -0.27650872  0.22238168  0.26023208  0.28305195
  0.36765845  0.27236993  0.14923539  0.03069687  0.4291297  -0.0866772
 -0.06959894  0.48711573  0.24734061  0.32886686 -0.23120524  0.10628285
  0.24300903 -0.01249334 -0.1544327  -0.06297072 -0.15782984  0.1772018
 -0.29570272  0.31828158 -0.25250672  0.38116878  0.37565848  0.04198143
  0.41980179  0.09826154  0.32486887  0.47708565  0.38526661  0.05689866
  0.13091928  0.16855967  0.00418212  0.18857585  0.03441077  0.25233424
  0.00194231  0.22999261 -0.31179538  0.08099234  0.16572474 -0.37905151
 -0.15199275 -0.09267931  0.29830968  0.38661963 -0.0998378   0.17370489
 -0.1448878  -0.09527666 -0.172035   -0.01379835 -0.20602928  0.1513088
  0.46593208  0.01186582  0.25878048  0.28703814  0.39480398  0.56702422
 -0.12667506  0.30892681  0.37158448  0.4686196   0.12990796 -0.10358412
  0.31789163  0.33945132  0.1632507  -0.25941824 -0.14648267 -0.34935446
  0.27531011  0.65009833 -0.3872728   0.63592999]","[ 0.53967151  0.13715429 -0.07974692 -0.23272557  0.01095355  0.05991492
  0.39146524  0.22951267  0.48170148  0.18986247  0.14081581  0.08436153
  0.1301033  -0.18391156  0.17017191  0.64940895  0.02531703  0.31976769
 -0.06814542  0.35582186  0.0812282   0.46538582 -0.09550828  0.36165083
  0.10479418  0.42406291  0.50650026 -0.03421761  0.1732152  -0.05339166
  0.47196001 -0.21136539  0.1216966  -0.07326587 -0.08731061  0.16286862
  0.444785    0.50382156  0.28122719  0.31097414  0.02532941  0.24895609
  0.19844485  0.52719874  0.05592559 -0.13476218  0.22961727 -0.04708336
  0.40699601  0.2363793  -0.12840344  0.3163439   0.49377432  0.09450373
 -0.02535611  0.06929872  0.00341769  0.29083416  0.12302563  0.45148997
  0.34042576  0.4676358   0.28561151  0.06751089  0.33096606  0.23501056
  0.08091254  0.54157117 -0.19867329 -0.55976192  0.63128423  0.17992944
  0.51591516  0.07061136  0.01944366  0.0484286  -0.43367197  0.57752761
 -0.15877974 -0.11494633 -0.00956556  0.6235963   0.10035988 -0.07651947
  0.38716294  0.26619473 -0.31414707  0.26944762  0.3133515   0.4589134
  0.31563983  0.28350113 -0.4173449   0.30480817]","[ 0.1658967  -0.03092308  0.60470834 -0.00449978  0.33604957  0.20537762
  0.29796417  0.52140103  0.32208803  0.23090784 -0.01023681  0.44228208
  0.52054608  0.2950427   0.48573741  0.05986137  0.29816836 -0.06188108
  0.45472045  0.62022362  0.38381513  0.44712863  0.43850738  0.46899549
  0.13147783  0.10447405  0.4247364  -0.08346647  0.3249595  -0.10324253
  0.27298133  0.59308722  0.36621694  0.41053757  0.28701358  0.35062382
  0.36992452 -0.19189854  0.30778042  0.61618869  0.17047417  0.66563494
  0.53408275 -0.09485888  0.75238297  0.29324919 -0.30610741  0.32380848
  0.55798747  0.59862496  0.43867026  0.31497749  0.70436184  0.60408139
  0.38588228  0.54571418  0.17524189  0.47895978  0.27298079  0.61224962
  0.43981501  0.37143044  0.5864024   0.05889868  0.59940874  0.47075738
  0.57769448  0.58513865  0.27093724 -0.23274249  0.57779025 -0.05969047
  0.36463507  0.30732988  0.33658438 -0.12269812  0.58640765  0.87644017
  0.38345952  0.38416404  0.35688307  0.75161523  0.33016335  0.56279394
  0.68226329  0.65059108  0.31120068  0.81636462  0.76095137  0.6598111
  0.44806597  0.46647607  0.28759511  0.55550175]","[ 0.53484125  0.10148294  0.086684    0.30241117  0.32361831  0.21875168
  0.18276869  0.13666305  0.03176672  0.12591325  0.10855496 -0.07280051
  0.37676457  0.24069257  0.09912982 -0.07048344  0.15415046  0.07201615
  0.35157253  0.08403359  0.22751887  0.16472007 -0.23531121 -0.38958474
  0.11692395 -0.3584426   0.01698819  0.03469363 -0.29284419  0.09004865
 -0.20793524 -0.00385273  0.16739488 -0.2229047  -0.0009746   0.01148896
 -0.17576376  0.30881116  0.32688747 -0.04302207  0.00337097 -0.03151269
  0.22959327 -0.08199307  0.4881054   0.08441644 -0.25621416 -0.00399521
  0.26982336  0.09293433 -0.18983313  0.01507238  0.06515045  0.25755795
 -0.0709307   0.24690949  0.24716355  0.04972575  0.14733488  0.211233
  0.05938133  0.35721466  0.1562513  -0.24617777  0.47093686  0.15734354
  0.29342981  0.07467338  0.2305419  -0.04085059  0.18377505  0.50484789
 -0.29599381  0.25052518  0.20582134 -0.22158866 -0.21834131 -0.5508949
  0.41738958  0.7309628   0.24543348  0.2253352   0.29594912  0.09769953
  0.54865216 -0.42387352 -0.39308798  0.19155794 -0.13658613 -0.11878282
  0.14900413  0.275447   -0.14888628 -0.18895198]","[ 0.09228087  0.1554751   0.18986692  0.22083151  0.23474897 -0.25046542
  0.41650099  0.03597308  0.11272911  0.03818732  0.28968843 -0.03177571
  0.2703995  -0.0020081   0.14215017 -0.15409154 -0.07687514  0.30895876
  0.26821927  0.23943799  0.25342746 -0.12848153 -0.18231491 -0.21088639
 -0.21749487  0.1184728   0.24199847 -0.08267233 -0.24138521  0.04546978
  0.02767959 -0.34523841  0.16366374  0.07022746  0.12552781 -0.09086771
  0.12978716  0.28899275 -0.22303599  0.30106314  0.16052817 -0.09188165
  0.08854448 -0.16350513  0.29774168  0.15032425 -0.21211511  0.10260136
  0.08824909 -0.08762276 -0.08274996  0.0889441   0.01679619  0.20733624
  0.06202459  0.32554546 -0.00597882  0.07311328 -0.24282049 -0.30198841
  0.00180175 -0.07578161  0.08956396 -0.07455336 -0.21164671 -0.05332746
  0.13431494  0.03207691 -0.15292921  0.2178861   0.10875464  0.51036368
  0.27807755  0.18489713  0.19024472 -0.28080696  0.16132913 -0.35794813
  0.25306092  0.61293039 -0.2668007  -0.07145838  0.17758323 -0.007498
  0.32678961  0.33070054  0.1423451  -0.20221577 -0.20959715  0.38726527
  0.13211176  0.2298913  -0.22202085  0.14915515]","[ 0.50930306  0.11072829  0.00230543  0.14950218  0.38051716 -0.10729509
  0.38964044 -0.20784888  0.02604725 -0.03884113  0.34603254 -0.02825136
  0.33474694  0.20931872 -0.04106094 -0.17718489  0.45237554 -0.22233797
 -0.15113302  0.16294253  0.41478192  0.06405177 -0.22119789 -0.08728554
 -0.07167388  0.21544012 -0.07224173  0.23542808 -0.22669759  0.08419693
  0.0087608  -0.326097    0.26921339 -0.09966205 -0.03442871  0.27898605
 -0.10257101  0.14540531 -0.30605857 -0.06675277  0.05706743 -0.00269761
  0.38225193 -0.21915823  0.25714721  0.22984412 -0.21505459  0.07683136
  0.19795669  0.46966322 -0.24428922  0.2849839   0.15763805 -0.11159532
 -0.07578079  0.30402605 -0.00280132  0.09641616 -0.26124364  0.34082901
  0.21208578  0.04666848  0.47894584  0.33722259  0.168616   -0.06287623
  0.14230412  0.35564169  0.17955486  0.07549326  0.65843317  0.60458003
 -0.22350164  0.1213806   0.049813   -0.16613333  0.18773554 -0.41248852
 -0.239257    0.55405954  0.27983816 -0.28689997 -0.17870644  0.34579877
  0.25575849  0.45322689 -0.29136078 -0.21931083 -0.35632577  0.46965642
  0.27340432  0.27977239  0.15456097  0.18381782]","[ 0.09949775  0.17358723 -0.19548814  0.01119478  0.20845164  0.31873989
  0.45715953  0.23560725  0.29149984 -0.06557673  0.37044859  0.16878476
  0.34824571 -0.25247167  0.10008347 -0.19729566  0.0189129   0.10907558
  0.04680883  0.06438474  0.43240625  0.05726992 -0.20692501  0.06803432
 -0.04795738  0.29805386  0.45150383  0.23429699 -0.15368908 -0.0997314
  0.43694446 -0.08577236  0.32048878 -0.10530071 -0.1263004   0.2421864
 -0.02955682  0.2422711   0.20355127  0.42113551  0.17935031 -0.07571188
 -0.13185718 -0.17614494  0.06627678  0.17330009 -0.20259271  0.14504816
 -0.1308244   0.44647224 -0.04940435  0.213581   -0.06217584  0.08823982
 -0.13286964  0.27677697  0.16134293  0.394453    0.05987629 -0.24369996
  0.0428429   0.34199842  0.51175908  0.36671988  0.24078856  0.21459193
  0.05340854 -0.00981191 -0.21757193 -0.01434871  0.01335503 -0.1602748
  0.47125022  0.03183688  0.09429626  0.07454419 -0.22036421 -0.2216489
  0.27740811 -0.26674759 -0.10274692  0.69951288 -0.10632321  0.15190825
  0.53381068  0.42501172 -0.1596563   0.64224124  0.1314435  -0.1745236
 -0.09055334  0.25269712  0.24229101 -0.20806115]","[ 0.06801297  0.1120912   0.18042343  0.27164165  0.23466565  0.21508653
  0.27362184  0.30853201  0.21124952 -0.09578039  0.2616034   0.52293231
  0.50028093  0.29202005  0.39033922 -0.25511238  0.53028707  0.59271138
  0.2725883   0.40813047  0.38137982  0.21314897  0.1314341   0.35097103
  0.01362503  0.04430092  0.58515678  0.28656343  0.38086287  0.18228545
  0.3789456   0.59193619  0.01155331  0.34533362  0.14735797  0.50045503
  0.48430704  0.35300665  0.134622    0.49348735  0.44004489  0.49503154
  0.47876127  0.06338925  0.53980483  0.43914621 -0.23340168 -0.21780225
 -0.12033447  0.6181791   0.72226789  0.19713601  0.29425405 -0.09391287
  0.13626601  0.35335214 -0.1135863   0.50454857  0.17807024  0.48432415
  0.17512884  0.34041811  0.56869771  0.58730278  0.38700124  0.14063334
  0.06940268  0.3947964   0.3403217   0.16741394  0.34979384  0.53549808
 -0.01498386  0.26944457  0.03325314  0.27996957  0.44473793  0.73346527
  0.17879317  0.72398644  0.19523203  0.77874199  0.24281436  0.53242177
  0.64420287 -0.29675696  0.16474879  0.64273312  0.50979691  0.62593619
  0.25967076  0.36483766  0.17919569  0.26575678]","[ 0.24724862 -0.08070047  0.19160487 -0.10849812  0.10762286  0.28154128
  0.29214424  0.40629792  0.20929819  0.07801114 -0.07285884  0.39611763
  0.3722458   0.10296755  0.35411294  0.05008067  0.16838021  0.56817894
  0.39007487  0.19913018  0.32278629  0.34895056  0.19290483  0.20684195
 -0.23201512  0.34104757  0.38146438  0.14340756  0.21826335  0.13572693
  0.41720357  0.29244189 -0.06455777  0.10187205 -0.09705001  0.35811254
  0.32275662  0.40434568  0.38926985  0.46828399  0.20973164 -0.30224567
  0.34903778 -0.26959784  0.71756142 -0.01975419 -0.07087885 -0.07547272
 -0.16029291  0.64999573  0.47739575  0.01742728  0.43091465 -0.1438886
  0.25096494  0.42061111 -0.00176366  0.37149118  0.25269364  0.51763553
  0.28020468  0.1394581   0.58843191  0.30202714  0.20147593  0.30212554
  0.5174969   0.11393139  0.1248417  -0.37677243 -0.07176889  0.5435616
  0.06480628  0.38553646  0.18760637  0.24235479 -0.2534888   0.73753184
 -0.16939052  0.20625153 -0.40596697 -0.03489275  0.2228319   0.43715836
  0.65137573  0.37614255  0.14008387  0.45650146  0.38005796  0.68655329
  0.21409355  0.12614687 -0.13498219  0.25024868]","[ 0.41441331  0.1390142   0.16736183  0.35520192 -0.22978824  0.11321592
  0.28180397  0.48434377  0.39462043  0.26307957  0.07240496  0.39217968
  0.04509623 -0.03492609  0.29451839  0.17198622  0.03708996  0.10836768
 -0.35755316  0.28376983  0.0900811   0.0877163   0.24029723 -0.15173163
  0.50313265  0.3343584   0.65361455  0.07709878  0.31350367 -0.21921625
  0.09774924 -0.01313049  0.1355544   0.07822437 -0.11634222 -0.11976919
  0.44134241 -0.28568559  0.07325894  0.36602565  0.11114278 -0.22388548
 -0.24947295  0.5094822   0.43454334 -0.21707721  0.03475134  0.13264818
 -0.1821138   0.19323308 -0.22749565  0.14516904  0.4333747  -0.2190278
 -0.23464557  0.12454617  0.13126577  0.303804    0.31859395  0.57166088
  0.31835148  0.43814377  0.37027777  0.38760427  0.04045748  0.15884574
  0.29575714  0.4992252   0.19317443  0.10428818  0.15891219  0.19011028
  0.41736712 -0.16738453  0.18571422  0.23626472 -0.32803259  0.51904016
  0.34407179  0.29556651 -0.33994882  0.3777985   0.21148978  0.54836406
  0.30039731 -0.51315597 -0.12452943 -0.37245733  0.47350002  0.36757269
  0.49148894  0.22050113 -0.31543928  0.02722754]","[ 0.00224608  0.16115961  0.53777843 -0.07999815  0.02648011  0.30163351
  0.22555106  0.47594513  0.28650928  0.11669799 -0.17656026 -0.21251164
  0.46052586  0.24869685  0.54132138  0.45671667  0.35329599  0.60224152
 -0.09358602  0.49236     0.19836846  0.3645826  -0.10180246  0.10131274
 -0.25372732  0.41621211  0.63400437  0.15259735  0.06069634 -0.01204343
  0.324547    0.33688047 -0.24451016  0.24177223  0.11408726 -0.14741813
 -0.4024216   0.66314841  0.29999398  0.36647157  0.52644043  0.0301222
  0.39365087  0.32262532  0.51231888  0.25567639  0.08629373  0.07370074
  0.06087675  0.62229335  0.18660712  0.47220755  0.0390911   0.35677255
  0.12987607  0.309511   -0.03643092  0.5347326   0.12837834  0.5842305
  0.13900252  0.40822055  0.60653877  0.63204631  0.25729335 -0.14435837
  0.4953887   0.522443    0.4395965   0.12607041  0.64029884  0.56062265
  0.47625782  0.23099195  0.28227554  0.53542692 -0.37928546  0.67928447
  0.36126342  0.24752416 -0.31740927  0.61980636  0.36071624  0.49144834
  0.60816886  0.2385835   0.22177846 -0.38221334  0.68295938  0.62971054
  0.58795803  0.14066595 -0.16007899  0.26982931]","[ 0.25727119 -0.25191884  0.04971406  0.28593524  0.31617425  0.29186309
  0.31166843  0.53189975  0.25984625 -0.08667995 -0.01355804 -0.14005883
 -0.20023346  0.17975852 -0.12729843  0.34140548  0.2228508   0.27099017
 -0.15935109  0.1375873   0.23798703  0.48938344 -0.41784079  0.22245244
  0.53055744  0.31454871  0.09645517  0.51372185  0.23062117  0.36258665
  0.26802631 -0.11579586  0.0812653  -0.03776367  0.19914538  0.40241298
  0.25464718  0.16342483  0.23725847  0.48912003  0.29203371  0.19035374
  0.31730409 -0.07540824  0.15787159 -0.09540731  0.41058129  0.17071489
  0.01016519  0.21738702 -0.06095469  0.6574339   0.3872975   0.30067709
  0.18637804  0.46261379 -0.18880203  0.115175    0.1655317  -0.23336624
 -0.01590613  0.46307563  0.33135374  0.06748634  0.16243043  0.10228926
  0.12122013  0.08539401 -0.23612817 -0.28095364  0.07101219  0.00877039
  0.39569572 -0.16311816  0.05949235  0.18392408  0.03236691  0.47084111
  0.29158654  0.34865261  0.29684608  0.55931674  0.18748033  0.22291465
  0.43389984  0.64783002  0.22827038  0.37967783 -0.01270619  0.03937942
  0.17544747  0.67530133 -0.13444527  0.33299979]","[ 3.99049129e-01  2.24703820e-01  6.51024765e-02 -7.61788819e-02
  1.59068889e-01  3.69630825e-01  4.70580315e-01  5.63771684e-01
  4.72780279e-01  9.25242578e-02  3.02606173e-01  8.06791358e-02
  3.19227170e-01  1.11546753e-01  4.35467624e-01  1.73212262e-01
  4.47793506e-02 -5.28718359e-02 -7.90717891e-03  2.77694649e-01
  1.91990636e-01  1.03712979e-01  1.29615677e-01  1.57920715e-01
  1.32803875e-01  2.48338903e-01  6.73221393e-01  4.88097250e-02
 -2.57604210e-01  4.46369358e-01  3.79681474e-01  7.12245969e-02
  1.87004701e-01  7.44117489e-02 -2.23481271e-01  2.36129618e-01
  3.68185791e-01  5.67296253e-01  3.92020208e-01  6.64285099e-01
  6.80417555e-02 -2.64434109e-03  1.68559331e-01  3.40614634e-01
  1.61347792e-04  6.08153871e-02  4.66416535e-02  1.98774149e-01
 -2.06647628e-01  6.21799273e-01  2.94207596e-02  7.67816254e-01
  3.08032554e-01  1.03741865e-01 -1.37161978e-01  4.77878097e-01
 -7.86865277e-02  4.00101361e-01  3.21977951e-01 -2.78988174e-01
  2.36757907e-01  4.05591243e-01  5.28939384e-01  7.17769693e-02
  3.64057744e-01  2.11769220e-01  1.34050965e-01  5.34504543e-01
 -8.41656034e-02  4.61527419e-01  7.21485943e-01  1.58306918e-01
  3.58489779e-01  1.08177513e-01 -7.62547737e-02  1.59757498e-01
 -2.96847967e-01  4.87544838e-01 -3.32463694e-01  1.71680949e-01
 -3.24155006e-01  7.24237581e-01 -1.75767703e-01  5.03905280e-01
  6.49807532e-01 -2.78909238e-01  2.95851622e-01  7.74079585e-01
  3.98062535e-01  2.80546193e-01 -3.30100465e-01 -2.54951947e-01
 -3.53216629e-01 -2.52166447e-01]","[ 0.40690802  0.26520867  0.22991447  0.16217708  0.30423069  0.41315968
  0.43737143  0.4949688   0.14284887  0.14688993  0.26289334  0.20924802
  0.07014922  0.23026922  0.29120145  0.05648923  0.16205342  0.09051564
 -0.17707206  0.00716434  0.15967102  0.12341649 -0.0249002   0.385795
 -0.15916268  0.35069614  0.63014595  0.4082299  -0.21250862 -0.20251758
  0.28954826  0.27969975  0.22252742  0.16691285  0.13897206 -0.31675894
 -0.19273427  0.11734118  0.10123142  0.58035989  0.11075792  0.09510479
  0.17412705 -0.17581623  0.22568554  0.1362181   0.09084166  0.09506147
 -0.16530324  0.12112715  0.0401684   0.5273021   0.04713825  0.20580077
 -0.13331638  0.28024565  0.13512539  0.28392402  0.38620658  0.30409498
 -0.11991798 -0.04707054  0.40316127  0.36513059  0.24919274  0.23360246
  0.26381462  0.2749522   0.0564221   0.46918062 -0.04452082  0.18658474
  0.4696684   0.20807465  0.08451291 -0.16137606 -0.30509901  0.2988312
 -0.21980588  0.25087847 -0.20930621 -0.26359122  0.30340838 -0.10568062
  0.572317    0.52960153  0.15265242  0.35705264  0.24300785 -0.26356796
 -0.14401941  0.36275144 -0.24042588  0.40488433]","[ 0.31507294  0.02482003 -0.07863531  0.04557737  0.00914078  0.1962588
  0.41557274  0.52572311  0.22775354  0.16337753  0.01527404  0.24284154
  0.48296901  0.16557329  0.30538011  0.16974233  0.38933122  0.39421027
  0.27485943 -0.23797082 -0.06626756  0.10379462  0.19729363  0.2251938
  0.10390986  0.23713616  0.39588495  0.20483153  0.04935407 -0.01963248
  0.24989963  0.15895477  0.1635324   0.29482795 -0.06082527  0.14996153
 -0.1349282   0.30073113  0.36583604 -0.04410918  0.08457426  0.29715524
  0.42306154  0.22679606  0.45955349  0.15411802 -0.106533    0.15571562
  0.10285441  0.36583026  0.09947062  0.54750959  0.03295414  0.10418275
 -0.03096962  0.16841242  0.09289518  0.41743563  0.20187109  0.54200968
  0.1655378   0.11857466  0.1983171   0.42827109  0.28093898 -0.0353603
  0.25645693  0.14465252  0.08267702 -0.2888565   0.51666042  0.22923334
  0.27043658  0.18184299  0.18308581 -0.16234763 -0.40598075  0.45395776
  0.43576033 -0.14033933  0.24439025  0.41842871  0.29701991  0.28238686
  0.38573439  0.38388655  0.36205891  0.43206427  0.34143143  0.32558537
  0.3863208   0.16689722 -0.25352862  0.18543682]","[ 0.5093575   0.05446777  0.17059561 -0.01732714  0.14341833  0.16917683
  0.35366864  0.55531924  0.40087747  0.12535518  0.19188009  0.40602094
  0.5768498  -0.29968001  0.34654487  0.47096723  0.35649252 -0.03674252
  0.14685184  0.30129548  0.36645445  0.22616855  0.03676694  0.41571312
  0.17245497  0.37460978  0.68074281  0.24866056  0.02297696  0.14072778
  0.49315582 -0.03725562  0.28236267  0.195729   -0.00873707  0.03486775
 -0.17541618  0.29865783  0.43333215  0.63006773  0.12681534  0.54223021
  0.4007892   0.29061062  0.20123003  0.41988836  0.14954353  0.18205437
  0.1583733   0.30755994 -0.03755009  0.77464059  0.32260053 -0.2757062
  0.11077951  0.37893986  0.10343695  0.42661254  0.28953535  0.65800303
  0.06430863  0.45588769  0.48187912  0.51569429  0.53420813  0.50559426
  0.35114132  0.61744552  0.23455603  0.50734243  0.73798595  0.382639
  0.41555053  0.25399316  0.10089372  0.40319211 -0.33867906  0.42777642
  0.30556685  0.37033443  0.23294601  0.59169442  0.28746408  0.49172238
  0.7233725  -0.39667832 -0.2328984   0.70891828  0.66849397  0.4079633
  0.71005239  0.09099362  0.25068946  0.25175892]","[ 0.25349597  0.33222008  0.05307548  0.00581144  0.16782075  0.14095153
  0.55831761  0.18774042  0.02188861  0.12053388  0.32834127  0.25332451
  0.50140846  0.36449884  0.04452392  0.14746181  0.34888664 -0.19494979
  0.26025585 -0.01186722  0.32344765  0.14787045  0.08844115  0.13075905
  0.50262691  0.33845675  0.15663266 -0.15140314 -0.17952041  0.00184686
  0.09105804  0.20548378  0.36254031 -0.19173595 -0.22128012 -0.10697058
  0.41530103 -0.02774514 -0.03587476  0.30289951  0.1338329  -0.03190912
  0.20099206 -0.00099045 -0.28159544 -0.2041391  -0.0085257   0.01338954
 -0.26416392 -0.06004662  0.11904137  0.35853242  0.14861304  0.0283236
  0.02439423 -0.21035721  0.09731552  0.32730264  0.26662967  0.20525104
  0.17368135 -0.06728398  0.33033239  0.47817663  0.08198854  0.01643558
  0.47949892  0.06884021 -0.30344738  0.39401447  0.20024865  0.01131939
  0.37149825  0.07925022  0.09075379  0.35246646  0.289008    0.31908368
  0.46499358 -0.42527345 -0.00201057 -0.23491618  0.24479715 -0.06516118
  0.30212357  0.77102688  0.14413099  0.3101963   0.55535332 -0.15026091
 -0.23427632  0.61936123 -0.44132217  0.17136562]","[ 0.64628246  0.14978959  0.57644844  0.47415657  0.67106064  0.17788191
  0.36115788  0.5905231   0.52209505  0.33720865  0.56062268  0.36483887
  0.74857231  0.34738383  0.61349051  0.70987342  0.69122368  0.62297567
  0.41844952  0.37681382  0.59036484  0.69973377  0.39385445  0.53582534
  0.70276535  0.72399271  0.76245388  0.65107396  0.55067239  0.66908532
  0.57065816 -0.01670059  0.49935544  0.36201839  0.26016025  0.27530864
  0.51451653  0.80478336  0.50105021  0.6792823   0.48114943  0.71861015
  0.58429866  0.63162273  0.69439294  0.49745943  0.23663896  0.35782208
  0.55467578  0.29279157  0.42784893  0.82688772  0.40898612  0.76928309
  0.81177359  0.61117666  0.51887675  0.56425386  0.54440196  0.77443444
  0.28296533  0.59483617  0.64193951  0.63778334  0.72074711  0.03724753
  0.71925358  0.70038364  0.70823972  0.40337433  0.79284091  0.64163144
  0.48077223  0.53929539  0.48762958  0.77353776  0.46191672  0.86438855
  0.74124138  0.75104711 -0.3151712   0.75160335  0.65157444  0.60722096
  0.82004734  0.14255379  0.63510272  0.63298213  0.69613444  0.78844982
  0.74961485  0.65071115  0.47033616  0.74247124]","[ 4.30609948e-01  2.05777646e-02 -1.19764354e-01 -1.00715622e-01
 -2.76007701e-01  1.99669166e-01  4.29518486e-01  5.57712031e-01
  3.49081756e-01  2.60805508e-01  1.50709392e-02  3.19965344e-02
  4.84220470e-01 -3.19721774e-01 -1.89834896e-01  3.18043878e-01
  2.78555819e-01  3.63412941e-01 -3.99149209e-01  1.24542706e-01
  1.94702967e-01  3.19662574e-01  1.29048195e-01  4.00139932e-01
  5.21938508e-01  3.73099151e-01  5.77638486e-01  8.75117923e-02
  2.87436489e-01  2.67065482e-01  1.60419621e-01 -1.95498746e-01
  2.89068418e-01  3.09548307e-01  1.45754801e-01 -4.31253872e-02
  2.22967504e-01  6.89784687e-02  3.71067850e-01  3.24206717e-01
  2.42832509e-01  9.63424935e-02  1.86329429e-01  3.22921798e-01
 -4.47812973e-02 -1.36249907e-01  1.11138754e-01 -2.19714562e-02
 -2.92524392e-02  1.02504758e-01 -1.04217821e-01  5.39209280e-01
  2.52653793e-01 -2.62958090e-01  1.91083887e-01  1.37115039e-01
  1.95816364e-02  1.07178332e-01  3.02333088e-01  5.46714063e-01
 -7.24130236e-02  6.17683439e-02  5.05941274e-01  3.96809423e-02
  7.20881888e-02 -9.68525662e-02  4.62839428e-01  1.87666549e-01
  4.25992246e-01  2.09345827e-02  6.52902618e-01  2.72193716e-01
  2.73592985e-01  9.15404791e-02  2.08731742e-02  3.66563803e-02
 -4.23405421e-01  6.88579263e-01  2.61533714e-01 -2.04721457e-01
  2.38388783e-01  3.80706123e-01 -2.17915672e-01 -4.43905749e-02
  3.78755658e-01 -3.43291258e-04  1.55550225e-01 -5.02696731e-01
  3.91702000e-01  5.72227259e-01  2.83174340e-01 -1.06067026e-01
 -2.60263199e-01 -1.60628160e-01]","[ 0.5125755   0.15638689 -0.09274057  0.06931083 -0.05389758 -0.08397652
  0.47501689  0.20823624  0.28751715  0.08260491  0.26907987 -0.10961465
  0.45035513 -0.08857157 -0.29702456  0.20438928 -0.00281971  0.44116668
 -0.21531101 -0.11646973  0.30745419  0.21783657  0.16372406 -0.25024995
  0.08726844  0.21072849  0.56247549  0.38331807 -0.13232113 -0.05257319
  0.06533407  0.06245046  0.14999082  0.03747783  0.27168078  0.24579367
  0.46691113  0.4184701  -0.13495683  0.33965817 -0.21236285  0.0939702
 -0.10924649 -0.1685979  -0.16818213  0.19061701  0.16509004  0.05155823
 -0.12430744 -0.13091811 -0.05307511 -0.02718848  0.19413036 -0.35614911
 -0.24481302  0.30549271  0.1183431   0.25461039  0.24656333 -0.24057668
 -0.26561387  0.35509177  0.50536056  0.29877877 -0.08695615  0.11860412
 -0.19071646  0.04107962 -0.23258583 -0.25332545  0.31347116  0.36654348
  0.12000228  0.45454628 -0.06084382 -0.20095038 -0.10723387  0.74496658
 -0.25940266 -0.37031979  0.32285754  0.86583163 -0.18716013  0.20419678
 -0.26085029 -0.39230935 -0.45355661 -0.25920919 -0.29480806  0.26858558
  0.5293414  -0.31137101  0.36726136  0.40817409]","[ 0.70238683  0.49801053  0.25353652  0.36392339 -0.27352053 -0.08393192
  0.1828612   0.31376013  0.51416821  0.0469221   0.6121758   0.51976794
  0.54520221  0.28131626  0.26424271  0.22250749  0.40767779  0.57214486
  0.41498531  0.30846515  0.18187564  0.50609261  0.33789688  0.4635426
 -0.2515436   0.3450696   0.50876891  0.35524641  0.11684969  0.42005747
  0.35862201 -0.16696126  0.22555787  0.23005532  0.37296595  0.04542101
 -0.20901727  0.19222875  0.15369666  0.46170205  0.17687371  0.40235468
  0.05411725  0.32365684  0.54607424  0.34365422  0.35917237  0.4735493
  0.32667655  0.63229869  0.2199364   0.25258765  0.26442351  0.27055296
  0.30912788 -0.15256628  0.05245705  0.20447094  0.13685254  0.33991112
  0.16090045  0.43717218  0.36866244  0.3515817   0.33105394  0.3045299
 -0.17830403  0.22816087  0.19602477  0.3357015   0.26682566  0.37486415
  0.53896639  0.33327393 -0.09487699  0.38470932  0.42528558  0.53331332
  0.23760929  0.69254134 -0.01574019  0.74645374  0.14397525  0.24894125
  0.355064    0.66729276  0.17775085  0.46696709  0.63273274  0.61239079
  0.61217004  0.13074247  0.14392436  0.32777893]","[ 0.20320833  0.04455378  0.16507799 -0.07721918 -0.22523082  0.23789157
  0.23264205  0.48180352  0.58295375  0.12879202  0.1978897   0.36335448
  0.14475982 -0.2942341  -0.15894475  0.35439366  0.46032408 -0.11069875
 -0.11330806  0.32625517  0.25907592  0.33708392  0.36140322  0.56857369
  0.01433129  0.35104196  0.5246328   0.17915868  0.22167692  0.11746188
  0.12667593 -0.24186466  0.17631822  0.17981953  0.27931885  0.39454435
  0.19054101  0.03766549  0.30871947  0.32121746  0.27217287 -0.05404902
  0.14555474  0.22104549 -0.24656069  0.19327294  0.29390635  0.02270183
  0.39903977  0.47802631  0.0609664   0.26235824  0.45563089  0.22742641
  0.0184325   0.09431407  0.05085438  0.50119659 -0.09069401  0.23556592
  0.09525622  0.08150367  0.53697511  0.257747    0.4033809   0.37315756
 -0.31943188  0.1706424   0.26336817  0.37082064  0.40042878  0.45136225
 -0.03899961  0.45016036 -0.04429076  0.15081201  0.28527771  0.61193665
  0.44546484  0.57731125 -0.18767451  0.79260772  0.30232692  0.05643142
  0.3195311   0.71264668  0.1861824   0.23704366  0.63121567  0.30330293
  0.23883118 -0.02178774 -0.10083192  0.27827065]","[ 0.77718789  0.63775032  0.35943768  0.3539618  -0.29299388  0.05410343
  0.39625209  0.22586036  0.41257084  0.13796205  0.61251134  0.58297879
  0.49616344  0.31572767  0.24105374  0.27312127 -0.13288574  0.55918474
  0.59550959  0.46364049  0.15363678  0.54332581  0.18050192  0.52239737
 -0.22891857  0.35263849  0.52642299  0.26843866  0.46294472  0.34988604
  0.4623773   0.31936204  0.36314374  0.25937828  0.53994115  0.16749645
  0.37037962  0.33820379  0.41348103  0.36768489  0.12719299  0.4715736
  0.20924616  0.45519216  0.53899286  0.50211584  0.46751918  0.47094963
  0.09587455  0.74103299  0.16938467  0.5047311   0.19223594  0.44597224
  0.36731819 -0.17252671  0.08015398 -0.16153626  0.34526001  0.2903577
  0.15484702  0.48720228  0.27446067  0.6232947   0.30579343  0.46028349
  0.23592798  0.2268942   0.21638495  0.35221932  0.33933903  0.45343038
  0.63918766  0.27570007 -0.17437244  0.13651179  0.38682382 -0.16401266
 -0.05902834  0.61718982  0.26831151  0.56907053  0.11861435  0.17347089
  0.5311491   0.78153443  0.07513501  0.50777598  0.623237    0.52761218
  0.76004135  0.23742956  0.4003706   0.55712063]","[ 0.62123695  0.63913497  0.19737464  0.26945801 -0.02856303  0.03354509
  0.26805865  0.27413129  0.45767706  0.12288949  0.71880718  0.51995025
  0.64423311  0.18983498  0.15692137  0.09897597  0.41121249  0.50253065
 -0.09994995  0.23168168  0.06951556  0.69436509  0.1504841   0.5234966
 -0.11767533  0.35926376  0.37916032  0.36890119  0.07781723  0.01661562
  0.4334694   0.09825002 -0.25556833  0.31142273  0.4883403   0.02801034
  0.46160821  0.35538625  0.32670501  0.36864073  0.18386891  0.24423987
  0.19541193  0.25419873  0.50833065  0.29836525  0.36323059  0.34617436
  0.20257508  0.3574185   0.47012032  0.10905544  0.22900967  0.34697271
  0.58653287  0.06283161  0.04422237  0.16576155  0.07020617  0.27468717
  0.20546512  0.44890188  0.45680402  0.5658031   0.39043693  0.41071814
 -0.16031224  0.38485789  0.01131301  0.59532703  0.39606347  0.25776151
  0.61300324  0.23551194 -0.21054865 -0.17042024  0.42964146  0.39009774
  0.50183669  0.67830556  0.35068982  0.68340955  0.1588003   0.64106729
  0.62204792  0.76914221  0.18228194  0.73215071  0.51035502  0.64216188
  0.69614415  0.37109094  0.27002268  0.5533289 ]","[ 0.57020331  0.372498    0.50924822  0.17393064 -0.12538907  0.20928002
 -0.11025903  0.53605889  0.60667435  0.10523904  0.32646703  0.57588772
  0.56933129 -0.02997345  0.26066853  0.41545555  0.50039222 -0.07545139
  0.20468703  0.498735    0.21291021  0.64105683  0.55033633  0.66512062
  0.3515191   0.37139154  0.5694464   0.40257458  0.21648557  0.31568953
  0.34467139  0.28898954  0.01110957  0.35853621  0.38420559  0.45075093
  0.46339808  0.39447863  0.42770601  0.40270693  0.39188416  0.08749935
  0.23654202  0.3682012   0.37371184  0.25892516  0.4552154   0.14026244
  0.08576455  0.62016813  0.61634858  0.50163045  0.10980224 -0.08462953
  0.38182501  0.12299212  0.12192952  0.48964475  0.44335852  0.5640065
  0.29309649  0.54591814  0.59054213  0.56339923  0.52562219  0.51708738
 -0.19905993  0.35768891  0.3227587   0.51066503  0.37017585  0.63977834
  0.57620841  0.51332821 -0.00547027  0.4822434   0.61740042  0.81970753
  0.66781672  0.47156451  0.03497866  0.86017635  0.49575587  0.58253708
  0.47570618  0.75717522  0.37384104  0.57236984  0.82349241  0.62248276
  0.41810936  0.02647817  0.36216915  0.35641198]","[ 0.05629276  0.155231   -0.06749612  0.05834534 -0.03972601  0.36360295
  0.21722369  0.63289644 -0.01242141  0.01924637  0.53157518  0.22429671
  0.22842147 -0.15344343  0.14743847  0.06484951  0.13257709 -0.0932174
  0.15992816  0.2686358   0.05212877  0.33197497  0.26914216 -0.05105059
  0.36010797  0.09465367  0.4675484  -0.04673057  0.55740964  0.52120392
 -0.0722356  -0.07948439  0.39576928  0.35787465  0.11175442 -0.06703853
  0.51926096  0.11965797 -0.3530853   0.2641494  -0.13645606  0.32063597
  0.17112469 -0.32549815  0.42354391  0.69101996  0.14621856  0.13450671
  0.49965368  0.51623101  0.0490098   0.61540477 -0.10664686  0.54083244
  0.04205067 -0.14300392  0.47184486  0.36365916  0.44562551  0.29174311
  0.10232636  0.1595618   0.14139938 -0.04602973 -0.10390962 -0.13181234
 -0.37886712  0.18581642  0.27572421  0.65194587  0.47075523  0.27091779
 -0.13991287  0.13616267 -0.2064714   0.61035033  0.48508674  0.76810037
  0.73043685  0.5773681   0.65934985  0.34256991  0.22704189  0.45600463
  0.08778994 -0.33037109  0.63266623  0.0743561   0.15334401  0.33345483
  0.35442577  0.67385854  0.49261233  0.59115418]","[ 7.08062509e-01  4.26880688e-01  3.06883541e-01  3.29575224e-01
 -3.41601949e-01  4.40519185e-02  1.63739079e-01  2.59076808e-01
  5.65207009e-01  8.88174560e-02  5.27404230e-01  4.88285144e-01
  4.74623482e-01  2.74439605e-01  3.29747065e-02  2.77879848e-01
  4.04458145e-01  2.68354388e-01  2.85092775e-01  3.63431205e-01
  1.57376374e-01  4.96951354e-01  1.89153158e-01  3.40032064e-01
 -1.68679744e-01  5.20625486e-02  5.35653322e-01  2.61635052e-01
  1.44257146e-01  1.98033866e-01  4.15120426e-01  4.84282309e-02
 -1.97458570e-01  3.96081039e-02  5.35535162e-01 -1.47941213e-05
  2.92974907e-01  1.96683452e-01  3.15393439e-01  3.91872607e-01
  9.32302828e-02  5.15770505e-01  1.01258205e-01  3.81008702e-01
  4.81252994e-01  3.66885180e-01  6.11487461e-01  3.08642468e-01
  9.64067421e-02  7.38241040e-01  2.88464327e-01  1.44155664e-01
  5.36041557e-02  1.28848398e-01  2.22092401e-01 -8.86145107e-02
  1.93104749e-01 -6.57214426e-02  2.69019133e-01  2.23174512e-01
  1.59568898e-01  4.12131401e-01  5.07622994e-01  2.42369506e-01
  3.69873185e-01  4.55628626e-01 -5.55352008e-02  4.56153232e-01
  2.11483214e-01  4.45793934e-01  2.95961600e-01  3.90299162e-01
  5.27738606e-01  4.17650139e-01 -5.10389129e-02 -1.61403072e-01
  2.66592862e-01  6.02096508e-01  2.25336679e-01  4.81181039e-01
  2.42921974e-01  6.62015996e-01  8.53423842e-02  3.16286154e-01
  5.26789136e-01  6.63352505e-01  8.85653520e-02  6.65906724e-01
  5.43873044e-01  6.49026561e-01  5.66232182e-01  1.32773204e-01
 -2.45280477e-01  2.64350982e-01]","[ 6.26986400e-01  3.53977948e-01  3.39260614e-01 -9.88229596e-02
  1.23713800e-01  2.76458366e-01  9.63262248e-02  4.01823584e-01
  5.50243396e-01  2.36361341e-01  2.81875333e-01  4.40398725e-01
  5.30025459e-01 -3.34018915e-01 -1.98427283e-01  3.22324239e-01
  5.08265648e-01 -1.90213876e-01  2.00794231e-01  2.78681725e-01
  1.72339117e-01  4.10525275e-01  4.21723872e-01  4.53244955e-01
 -1.40379393e-01  4.11230750e-01  5.87887175e-01  5.46745575e-02
  1.88330617e-01 -2.44204843e-02  1.97013410e-01  2.00125815e-01
 -2.34452664e-01  3.57378669e-01  3.13860321e-01  3.32864372e-01
  4.22756749e-01  1.97297457e-01  3.32348850e-01  2.96563531e-01
 -3.13626646e-01  7.55531729e-02  8.70346206e-02  1.90882314e-01
 -1.11327591e-01  3.14896271e-01  3.03469225e-01  1.33318378e-01
  1.61811694e-01  4.83050254e-01  2.86152917e-01  4.66961210e-01
 -4.41168835e-04  5.08715479e-01  2.19883639e-01 -8.62174053e-03
  3.74438367e-01  4.80026426e-01  2.48990419e-01  3.18165814e-01
  1.06091147e-01  1.99278061e-01  5.70744540e-01  4.20398807e-01
  4.02382756e-01  4.46235896e-01 -4.15407925e-01  3.56471841e-01
  2.95335555e-01  6.61778426e-01  8.60436420e-03  4.54041760e-01
  4.28560609e-01  3.95074736e-01 -2.09239857e-01  3.42507406e-01
  5.91648537e-01  6.44901652e-01  5.35137638e-01  4.48785163e-01
  2.14108715e-02  7.87009572e-01  2.44245377e-01  3.43668000e-01
  4.63855708e-01  5.09489317e-01 -2.49193579e-01  6.84727035e-01
  6.48836491e-01  6.07282076e-01  1.31912428e-01  1.70722153e-01
  1.60914255e-01 -4.25500328e-01]","[ 0.37819458  0.09938315  0.10793294 -0.05330268  0.17793087 -0.01469981
 -0.06324082  0.25908447  0.09758604  0.23819065  0.13164051  0.09736435
  0.02477887  0.32852233 -0.22043728  0.01288588 -0.08993076  0.05333131
  0.4856445   0.17004295  0.0864135  -0.18263038  0.2002981  -0.37778378
 -0.05225542 -0.20649874  0.04951169 -0.08908612  0.43649129  0.19308159
  0.04292673  0.11208674  0.31825562 -0.17949396  0.0346163  -0.22090632
  0.47524135 -0.35615893 -0.17295132  0.08968572  0.20932045 -0.09947474
 -0.33731843  0.40903727 -0.32636017 -0.06651945 -0.13788287  0.09309104
 -0.32541567  0.29387123  0.11439601  0.20533453  0.02432723 -0.37120541
  0.26587797  0.10059542  0.2581004   0.25931667  0.27504757  0.43461146
  0.27519537 -0.05755917  0.14452683  0.30581515 -0.17394422  0.05355346
 -0.34585636 -0.17340899 -0.04535537 -0.18316664  0.44343836  0.23560958
  0.53715604 -0.03015384 -0.04696994  0.27256873  0.26049961 -0.27906851
 -0.20038762 -0.07975325 -0.2001595   0.14162019  0.36721746  0.19156907
 -0.19277032 -0.1828673   0.10131447  0.25637634  0.40692932 -0.42673405
  0.38653157 -0.07049751 -0.5212209   0.13886271]","[-0.13147048 -0.01813591  0.41664592  0.53453439  0.78381728  0.44040836
  0.42033606  0.11947972  0.04101409 -0.13811562  0.08208503 -0.12566799
 -0.00649257  0.42270661  0.3357531  -0.10343395  0.4725071   0.45173798
  0.2027626  -0.10302041  0.11645132 -0.18506333 -0.02001858 -0.26056198
  0.66775166  0.56512974  0.26830012  0.45639447 -0.1160332   0.34907979
 -0.15043587  0.37624985  0.1763196   0.40853467  0.38680971  0.18458101
  0.57313348  0.2384098   0.05062596  0.1521251   0.38157118  0.2390316
  0.29290123 -0.11698022  0.64266539 -0.02644038  0.52752863  0.24412637
  0.44552831  0.16697914  0.0967806   0.51971832  0.4456683  -0.15389612
  0.69013487  0.41637174 -0.00809424 -0.02928931  0.43165878  0.24607122
 -0.02423924  0.58280742  0.18088777  0.37142276  0.54860366 -0.04339984
  0.47234925  0.09342594 -0.12484386  0.26545278  0.58391548  0.4545056
  0.27583733  0.48020824  0.05438914  0.43751179  0.63511098 -0.36553683
  0.64577619  0.60693476  0.54288574 -0.27238699  0.28591322  0.52209418
 -0.16919331  0.41919533 -0.07682304  0.15673488 -0.10572098  0.39157322
  0.25829969  0.79012173  0.28699711  0.52406778]","[ 0.3555381  -0.05622826  0.21076275  0.18941119  0.62668833  0.2538864
  0.36398271  0.3787482   0.3837441  -0.03618472 -0.10870846  0.30412834
  0.09671947  0.11561946 -0.03390068  0.0898018  -0.30295193 -0.22133604
  0.12440293  0.05637791  0.18875331 -0.00133345 -0.04973923 -0.50991317
  0.66780239  0.40143602  0.01285978  0.13565983  0.19195129  0.29932184
  0.23286765  0.39653949  0.44038044  0.38996132 -0.04141717  0.3713861
 -0.3623874  -0.00480901  0.22268604 -0.12716117  0.24708046 -0.26372984
 -0.17847016  0.0484748   0.21314758  0.35755248  0.60279295  0.18613908
 -0.05596329  0.58941714 -0.30786901  0.65771281  0.12799691  0.06673976
  0.55708406  0.24705036  0.03426369  0.19707368  0.47148803  0.26480308
  0.31226968  0.31168816  0.44020458  0.32648087  0.45751023 -0.15139874
  0.03508763 -0.05831819 -0.16831912  0.41685448  0.49968251  0.00128066
  0.59596482  0.47324742  0.20849893  0.37449976  0.08743831  0.31280828
  0.49506174  0.14077731  0.59053032  0.2461924  -0.05416519  0.23165559
  0.42764944  0.42381209  0.31554962  0.57612986  0.23194229  0.12205574
  0.53431766  0.66174071  0.23131235 -0.25764734]","[ 0.25016815 -0.10782635  0.15710628  0.46764987  0.66780759  0.32172104
  0.2864704   0.49719466  0.31164161 -0.10446233 -0.03733749 -0.10076118
 -0.09944684  0.47836742  0.01932885  0.27598936  0.49285679  0.37554883
 -0.0406699   0.17591778  0.09804623  0.47289012 -0.25545087 -0.03007316
  0.38942769  0.53408434  0.31252876  0.58121749  0.04207447  0.29658396
  0.25241499  0.1252073   0.11209796 -0.09719921  0.20767085 -0.18541072
  0.47694406  0.40571607  0.31114011  0.32758555  0.14410932  0.02743142
  0.28009184 -0.32309726 -0.20841027 -0.12732555  0.60354273  0.31596787
 -0.06070811  0.2058379  -0.19020093  0.59576463  0.17000097  0.16791022
 -0.22319472  0.55696893 -0.10564828  0.25898241  0.33349543 -0.09484412
 -0.23151867  0.60534561  0.29693824 -0.15337125  0.26274367 -0.25467658
  0.28637125 -0.1174401   0.18795609  0.30028038  0.14203179  0.31756172
  0.56896569  0.14481148  0.23067614  0.38983171  0.62005497  0.53106633
  0.23917232  0.1535318   0.29759739  0.7169455   0.14919228  0.22496255
  0.32335644 -0.018371    0.3931424   0.13372722  0.28286798  0.05654346
  0.16771528  0.66660243 -0.22146449  0.20342973]","[ 0.25103502  0.48268872  0.35391964  0.4824473   0.6667737   0.09463817
  0.18001991  0.32979629  0.05858111 -0.02920889  0.20968728  0.32144678
  0.13068055  0.34531911  0.3212894   0.0578464  -0.245984    0.01312571
  0.45327026  0.31644245  0.22695268 -0.31421443  0.20082826 -0.01252819
  0.27689608  0.19581773  0.44426318  0.24085899 -0.1677793  -0.0572851
  0.03450551  0.33190301  0.10283001  0.2950582   0.10772934  0.55248132
  0.31740102 -0.0828048   0.27884398  0.12315897  0.08039598  0.01010366
  0.08753982 -0.01670841 -0.25834398  0.26832275  0.53943938  0.0187831
  0.1769478   0.6329142  -0.02700996  0.6970997   0.06810675  0.21710171
  0.08943122  0.30831079 -0.01118631  0.29920831  0.37931523 -0.21855879
  0.21046498  0.48533637  0.24513795  0.02646495  0.04811534 -0.06928982
  0.41436807 -0.07316033 -0.23152709  0.14549941  0.18589593  0.12559059
 -0.02290214  0.26808091  0.10290981  0.52662969  0.36885751  0.41515899
 -0.43194206 -0.29727318  0.60454014 -0.41702997  0.54677974  0.31297814
 -0.21200302 -0.3627918   0.29212498  0.2746235   0.2477676  -0.25043688
  0.56068155  0.68862148 -0.16081886  0.47807523]","[ 0.2303987   0.19401157 -0.11157292  0.31215825  0.34247989  0.26282417
  0.09194928  0.2638825   0.16648911  0.11716626  0.27921621  0.413351
  0.51444098  0.33031074 -0.1271754   0.12295736 -0.11155551  0.27040074
  0.40147907  0.15575295  0.34760941 -0.04506134 -0.05215009  0.29314304
  0.23952053  0.16149356  0.33198351  0.20450978  0.14370232  0.11299657
  0.07630956  0.27339355  0.24245601  0.17395294  0.1216033   0.2784966
 -0.33071097  0.09329327 -0.34641983  0.09872866  0.1171628  -0.04923081
  0.00328849 -0.06861006  0.23023559  0.23643576 -0.10805139  0.03497229
 -0.22605444  0.55172241 -0.15312941  0.45139641  0.22714325 -0.03318531
  0.07018538  0.3188543  -0.05854868  0.31173934  0.45389262  0.25048907
  0.13558433  0.19697441  0.53430253  0.13297976 -0.00718762  0.08385997
  0.23769484 -0.10086835  0.19984903  0.14145776  0.60480604  0.34613403
  0.26041658  0.28066061  0.07108622  0.42127494  0.13276073  0.32135858
 -0.07903102  0.16308979  0.21002276 -0.5238196  -0.19189243  0.39810338
  0.24464735  0.39873138  0.1818395   0.40661003 -0.10231761  0.44888212
 -0.03956433  0.64864709  0.260458    0.08011202]","[ 0.25752935  0.21802889  0.08877098  0.38721836  0.14653993  0.28939557
  0.49671479 -0.04510109  0.11934089 -0.27511535  0.39029234  0.19434076
  0.03738116  0.3140685   0.28866682  0.04767234  0.26957719  0.5091194
  0.23763299  0.12568903  0.1433453  -0.26014531  0.40702872 -0.08476502
  0.63308549  0.39442122  0.51644105  0.13806689  0.01134451  0.31512986
  0.2978735   0.23076233  0.31549044  0.38835049  0.27042824  0.25141132
  0.50890181 -0.06110958  0.23128189 -0.16380364  0.32284402 -0.01063185
  0.21036869 -0.06439739  0.15021622  0.55081708  0.5322171   0.30338299
  0.08755598  0.40532053  0.02611435  0.29539969 -0.04826467  0.11013344
  0.4461597   0.51044024  0.00515595  0.35667183  0.39988106  0.34851322
  0.17068137  0.39074493  0.48829232 -0.19664032  0.20467776  0.21793819
  0.39780679 -0.12164401 -0.38686157  0.24612864  0.30475669 -0.0797008
  0.7110571   0.38259729  0.21550566  0.35527196  0.08624311  0.65567929
  0.51579588  0.04396348  0.4826972   0.47599806  0.15418775  0.36415723
  0.17140258  0.40758078  0.29900382  0.21065584 -0.07741252  0.04657168
  0.71700556  0.70243394 -0.29156115 -0.42114658]","[ 0.28354118  0.16321034  0.54093726  0.52797074  0.68420613  0.25116243
  0.43260226  0.35238426  0.14368332  0.00351213  0.21785791  0.37260969
  0.4652314   0.29084691  0.16694967  0.16922324 -0.15943119  0.56645417
 -0.15856249  0.0168107   0.1291031   0.12720005  0.42777684 -0.20907411
 -0.04633414  0.58701244  0.68164752  0.31291404  0.06750227  0.1496004
  0.14663103  0.66589251  0.23619888 -0.22482496 -0.16836184  0.48659056
  0.45120533  0.4210376   0.28976882  0.25603172  0.34478235  0.36600222
  0.05492805 -0.24509401  0.47015442  0.43359453  0.52817983  0.12936914
  0.17453724  0.36339353  0.41144272  0.75285223  0.39657125 -0.13998528
  0.22428115  0.28620974  0.07014045  0.3538316   0.4828489   0.36075596
 -0.10759778  0.60382504  0.01465938  0.21414937  0.66469486  0.3283217
  0.28754416  0.50440299 -0.29903417  0.09829145  0.39095312  0.22593413
  0.7487554   0.5295285   0.28856033  0.38060586  0.55936133  0.37240047
  0.14157351  0.41647719  0.68893189 -0.29652886  0.50979862  0.50505743
  0.42276065  0.62988461  0.47274119  0.18635494  0.75802749  0.65231304
  0.71935227  0.73161886  0.45181187  0.77063226]","[ 0.13659016  0.05171159 -0.16612437  0.06404125  0.12563736  0.077342
  0.08522175  0.45527457  0.24464661 -0.06307487  0.11078295  0.26765259
  0.05369348 -0.17015006 -0.23784595  0.05681102  0.17688371  0.07120444
 -0.0836644  -0.0462551   0.22378942  0.13861714  0.10399773  0.10892081
  0.45254164  0.32662285  0.33397629 -0.0361862  -0.11083043  0.09732673
  0.36040687  0.09668061 -0.04289439 -0.09394495  0.01502443  0.23952117
  0.04540203 -0.25355218 -0.4802227   0.0459693   0.13486482  0.04712861
  0.24333436 -0.22042877 -0.28381744  0.52136542  0.00652368  0.14026565
  0.05383693  0.23678845  0.08954198  0.58492267 -0.20318944 -0.012205
 -0.28681373  0.22015976 -0.07988916  0.07327873  0.18714305  0.27138562
  0.09304408 -0.13040088  0.37030496  0.38211867  0.20929577  0.16541887
 -0.15936555  0.10995788 -0.08834791  0.69044264  0.40918629 -0.02810778
  0.12152024 -0.1051918   0.25213478 -0.33363773 -0.1904207   0.69602384
 -0.21385989  0.39600541  0.43519059  0.66702219  0.18980093 -0.05958666
  0.45872451 -0.26469991  0.37125812  0.17330186  0.28978902  0.23826399
  0.19275429  0.70540269  0.18219941 -0.27273607]","[ 1.98289877e-01 -3.70163374e-01  4.39641349e-01  8.23565553e-02
  1.79254402e-01  2.14006922e-01  4.62611472e-01  4.20706123e-01
  1.21661123e-01 -2.17198336e-02 -7.41101722e-02  8.02473987e-02
  8.87793139e-02  2.20730509e-01  2.10775543e-01  1.14395968e-01
  5.10041744e-01  9.55076673e-02  1.37746207e-01  1.70306837e-01
 -5.86307250e-02  1.85648880e-01  2.33601393e-01 -4.03753695e-01
  6.14057762e-01  1.83694321e-01  3.21172617e-01  3.36198243e-01
 -3.40765338e-01  1.68513183e-01  1.20667437e-01  3.86050275e-02
  1.64021030e-01  2.54077191e-01  3.26116525e-01 -2.93971624e-01
  4.83172223e-01  2.51834483e-01 -2.05287486e-01  3.59595872e-01
  2.16089405e-01  2.01641326e-01  1.21367731e-01  3.68132753e-02
  6.30836441e-01  5.92796110e-01  2.75731458e-01  5.02682092e-01
  1.06145544e-01  3.63869046e-01 -2.06109831e-01  1.52889190e-01
 -1.48656654e-01  1.48721044e-01 -1.52127215e-02  2.65743701e-02
 -1.27852169e-01 -4.74687104e-03  4.79048659e-01  1.15258255e-01
  4.66927011e-02  2.71234679e-01 -9.03050311e-02 -9.13874079e-02
  5.49623261e-01  4.87182038e-02  3.13471747e-01  4.61926867e-01
  3.51489775e-01  1.40447195e-01  5.26388626e-01  3.44222913e-01
  6.39412805e-01  1.67166536e-01 -6.67231585e-02 -1.61673353e-01
  5.18296402e-01  3.65692377e-01  3.61518303e-01  6.35744852e-01
  3.25362484e-01  2.60724480e-01  3.16975174e-01  4.08677837e-01
  2.16890052e-01 -2.98208363e-01 -3.17255361e-01  4.37551034e-01
  1.15451594e-04 -6.82547649e-02  4.12102644e-01  5.54219497e-01
  2.97346353e-01 -2.49675423e-01]","[ 0.3175327  -0.34792618  0.52759249  0.59255158  0.44651953  0.24543961
  0.28743868  0.41469781  0.0732607   0.10987027 -0.23304007  0.0909295
 -0.07315349  0.12594668  0.185833    0.22790692  0.47808155  0.23040848
  0.12404442  0.03373332  0.13734216  0.06375006 -0.10956939 -0.17604925
  0.55320147  0.40073054  0.24934281  0.4482778  -0.01791783  0.3548394
  0.19234625  0.37189686  0.4362087   0.53427477  0.44687858 -0.19199687
  0.49977648  0.44884626 -0.01115486 -0.12985458  0.35819141  0.22472526
  0.35451759 -0.30969817  0.51644383  0.37757043  0.60220252  0.43032635
  0.36534071  0.36174591 -0.07205158  0.10767707  0.21309216  0.11333523
  0.22266957  0.31842785 -0.19373545  0.2779691   0.49624601 -0.27465116
  0.02984449  0.48289852  0.17192969  0.21561659  0.42939003  0.07451018
  0.2054398   0.36277793 -0.23365738  0.32348251  0.43881402  0.41637497
  0.72669849 -0.0589341   0.15194158  0.30291724  0.36667889  0.60316457
  0.31356136 -0.10336141  0.54214807  0.51356624  0.39328758  0.41950317
  0.21222786  0.27720398  0.36382853 -0.38291523  0.14093853  0.46587859
  0.45151317  0.56462303  0.41667757  0.5037299 ]","[ 0.18068603  0.0622298   0.41129586  0.55345169  0.31887672  0.11329252
  0.25159227  0.49310594 -0.02110727 -0.05833633 -0.10947277  0.20051969
  0.45296303  0.40346122 -0.09186253 -0.00512903  0.33957959  0.09838303
  0.25078421 -0.18742355  0.18671195 -0.05072216  0.33282244 -0.29132483
  0.19773039  0.26389662  0.54248976  0.53002318 -0.00147859  0.38052148
 -0.22480563  0.4299028   0.21685389 -0.16145908  0.23815327 -0.10385166
  0.60777145  0.24067772  0.16871291  0.17044969  0.33364078 -0.09472177
  0.14411813 -0.1794495   0.07919551  0.22527795  0.60052632 -0.09560966
  0.07618199  0.29841027 -0.3208631   0.37699417  0.0558539   0.25265692
  0.09994232  0.62619442  0.00311632  0.2278339   0.37827817 -0.1955529
  0.18903467  0.63889221  0.07385803  0.26845375  0.5583556   0.02777037
  0.30439247  0.31257357 -0.29097952  0.25538584 -0.20887981  0.17813137
  0.78712396  0.14205577  0.06860518  0.47435679  0.65431818  0.31833439
 -0.23962655  0.24022047  0.395717   -0.32540878  0.16023309  0.10746295
 -0.34898755  0.50234553  0.38733064  0.34937919 -0.22798147 -0.07572348
  0.54028285  0.59281868  0.22990645  0.43287917]","[ 0.40107834 -0.23660937 -0.14550193  0.33047961  0.64902214  0.34660795
  0.55895673 -0.21898767 -0.18486127  0.03895958  0.31079186  0.08400278
  0.09002827  0.04132949  0.31201595  0.11380151  0.37796403  0.18328302
  0.10369378 -0.04423544  0.14045278  0.04883326  0.28221765 -0.01678124
  0.74470266  0.17940011 -0.10015064  0.13703999 -0.20145913  0.18909392
 -0.06572424  0.11292635  0.32627533  0.51208446  0.45507278  0.22962891
  0.46385526  0.29643508 -0.15723061  0.18433379  0.45670834  0.3838127
  0.24814923 -0.14378217  0.59344806  0.50800952  0.3290886   0.18409316
  0.58034327  0.27552051 -0.13268188  0.39735483 -0.00592026  0.06632783
  0.45641026  0.06567417  0.27297352  0.30260622  0.17523298 -0.33566471
  0.24882411  0.44330506  0.28038489  0.4168315   0.2008677  -0.29001474
  0.2137375   0.10469    -0.10109949 -0.13492282  0.80327797  0.37431694
  0.52605205  0.15463459  0.35401456  0.01574973  0.14565661  0.64833119
  0.68051425  0.45475859  0.58088801  0.01539956  0.20999494  0.62796792
  0.33381613 -0.28609359 -0.42589136 -0.2331526  -0.16528536 -0.29173441
  0.55893797  0.68608004  0.44598893  0.11163354]","[ 0.51338361 -0.21508252  0.37434929  0.57680772  0.6888033   0.26824512
  0.54285961 -0.04369995  0.16743552 -0.02375453  0.25068422  0.32711341
  0.53577775 -0.06961224  0.00600238  0.0400798   0.5912246   0.20853683
  0.35568409  0.27768211  0.22441861  0.00923622  0.10753254 -0.16208721
  0.77885523  0.37542467  0.06546873  0.4133869  -0.12991624  0.32470155
  0.16351547  0.23579256  0.50201994  0.44732528  0.32716837  0.39265275
  0.41707228  0.58787999  0.086792   -0.19085297  0.3670111   0.41493462
  0.0855669  -0.36398     0.46652302  0.53216369  0.24738195 -0.17751228
  0.21594327  0.62658636  0.16396795  0.67387792 -0.21350745 -0.05300061
  0.66255982  0.05479351  0.11501212  0.35467289  0.20459643 -0.21728867
  0.20523223  0.29518406  0.30618144 -0.28153024  0.39435963 -0.0597321
  0.51886628  0.10005818 -0.02282624 -0.30882867  0.45432421  0.04674272
  0.60603679  0.45472991  0.18968963  0.14898983  0.22984269  0.38391741
  0.67743658  0.25850878  0.53945094  0.2176627   0.37392698  0.3766968
 -0.33963991 -0.39344933  0.30111327  0.43816327  0.31263988 -0.19927307
  0.77071028  0.48308431  0.49681794  0.1248231 ]","[ 0.50335076  0.10510575  0.66286588  0.473275    0.48851971  0.41705266
  0.47258799  0.2138036   0.08358348 -0.08569275  0.35256149  0.32382568
  0.03591864  0.38273975 -0.13080505  0.00406263  0.67511121 -0.05243597
  0.05645203 -0.10773845  0.32840903  0.04800937  0.23092062  0.19086874
 -0.27131288  0.43965835  0.27684147  0.43160154  0.03837491  0.47718649
 -0.00360606  0.39718734  0.3496847   0.29465814  0.24239301  0.37184428
 -0.13963715  0.24332225  0.13129032  0.13316789  0.30638266  0.52176076
  0.16631423 -0.35361751  0.63773884  0.53432059  0.401058    0.52243191
  0.51809385  0.07846221  0.55995854  0.52956575  0.62438314  0.41622542
  0.20767152  0.38698195  0.02970344  0.28879695  0.48570937  0.38243335
  0.14926732  0.41203809  0.37919193  0.10027517  0.59154803  0.21994453
  0.56690938  0.11649005 -0.2244858   0.29477424  0.41075228  0.40158205
  0.55491774  0.3887064   0.15016543 -0.21718004  0.6362775  -0.18609589
  0.3826366   0.28704403  0.65063747 -0.23183291  0.1835066   0.58257754
  0.79560606  0.2283317   0.38566305  0.36054589  0.52585387  0.23066035
  0.49957551  0.67302453  0.46904996  0.50826345]","[-0.14058097 -0.15283678  0.39667694  0.42684463  0.47499041 -0.14933606
  0.45242025  0.09594896 -0.0172218   0.00966892  0.33736238  0.11491221
  0.22727561  0.41522531  0.23725084 -0.11184645  0.52002268  0.35105451
 -0.12158451  0.16970909  0.12127986  0.12682771  0.34735653 -0.39565645
  0.0049297   0.45046767  0.22288593  0.23500888 -0.28521375  0.04362539
  0.17770339  0.23496105  0.33727546  0.44796641  0.15985784 -0.2748393
  0.42117926  0.24398939 -0.15477284 -0.0299178   0.18794817  0.19115742
  0.22445193 -0.33118709  0.60623836  0.41089951  0.35752122  0.0223862
  0.44101765 -0.16371738 -0.12955908  0.18464619  0.2706955   0.30973988
  0.56079404  0.34408726 -0.09939641  0.16727248  0.31465589  0.41508666
  0.14283345  0.32685683  0.30821949  0.32955455  0.38188129 -0.08207816
  0.11464346  0.49448818 -0.13699315  0.06488117  0.38880223  0.56048086
  0.50166069  0.24675587  0.01740036  0.17559429  0.44916021  0.28403088
 -0.17957926  0.46647687  0.42121083  0.45517885  0.22332267  0.39512887
 -0.21624234 -0.36472971 -0.42565066  0.31191457  0.1005859   0.39678619
  0.71436989  0.71052536  0.13869021 -0.11938304]","[ 0.27033047 -0.02962656  0.03534586  0.32859093  0.41391096  0.1642702
  0.58362752  0.33092824  0.17099164  0.04264024  0.27319514  0.17792583
  0.08803692 -0.09964205  0.13394184 -0.23746192  0.32919785  0.0239915
  0.21361148  0.18648412  0.2030596   0.27295826  0.09798669 -0.13169245
  0.38829124  0.27631292  0.46548107  0.09991695  0.18782847 -0.28183395
  0.23676794  0.18475974  0.35922903  0.21570366  0.12923845  0.18652865
  0.45465106  0.3967387  -0.20733733 -0.21704018  0.12794248  0.13044732
  0.15291981 -0.16893505  0.73771422  0.18534409  0.18283512  0.20306295
  0.14207462  0.10128706 -0.11151621  0.25493274  0.34166086  0.27834178
  0.07736383  0.32048414 -0.25267993  0.23934602 -0.04199387 -0.20163951
  0.08583933  0.2592381   0.2737684   0.22565586  0.14418733 -0.19426151
  0.34488948  0.2200753  -0.24755512  0.25619748  0.33089307  0.41593446
  0.60760111  0.12167236  0.20259003 -0.10372578  0.50858785 -0.45092808
  0.49683352  0.30140234 -0.19253609 -0.41968224  0.16905218  0.07027516
  0.22420922  0.22945192 -0.35664655 -0.18394965 -0.11550767  0.24532106
  0.4916452   0.4504387   0.27726204  0.19453202]","[ 0.14189015  0.14480219  0.29577796  0.44963878  0.50882396  0.41662762
  0.59538293  0.23035894  0.09253212  0.24200267  0.48112594  0.38763029
  0.24825063  0.32559375  0.39095879 -0.03086462  0.62486847  0.24119242
 -0.24182809  0.09560464  0.30196546  0.20175201  0.15958987  0.09073804
  0.61105984  0.49608888  0.22116503  0.54958788  0.26955314  0.40138327
  0.23590509  0.53334558  0.41452252  0.39807841  0.18202502  0.17370174
  0.58776874  0.71975232  0.0592719   0.2432593   0.20308151  0.43104709
  0.14726216 -0.2112135   0.78746605  0.33707533  0.62729472  0.36264518
  0.45457753  0.06386236  0.54695098  0.34269516  0.38570126  0.40972334
  0.36922671 -0.02580303  0.22953598  0.16874725  0.44240198  0.28380328
 -0.11403091  0.57283876  0.19882015  0.41401493  0.61106804 -0.17725081
  0.27580272  0.38767352 -0.11482683  0.52570599  0.28439778  0.43875571
  0.78018529  0.37577419  0.11799623  0.38885533  0.58218052  0.39059651
  0.49451342  0.34419051  0.51912163  0.34212566  0.3537661   0.57045954
  0.39979662  0.43005757  0.44998024  0.73193753 -0.13985905  0.33790627
  0.73179162  0.6821592   0.22389707  0.41525563]","[ 0.5773292   0.3581364  -0.0074      0.19721223  0.35773369  0.21479557
 -0.09642514  0.39765662  0.32630894  0.36188495  0.30850104  0.44398841
  0.58329432 -0.34316987  0.42109658  0.43142773  0.47687703  0.23097199
  0.07431989  0.42770489  0.18598546  0.43949178  0.1816984   0.46381394
  0.44858665  0.34744112  0.59547412  0.12582602  0.21891849  0.38933924
  0.4889909   0.22358129 -0.28248718  0.29264106  0.03426615  0.49130733
  0.39066227  0.5026138   0.32918112  0.35864455  0.24040295  0.20447083
  0.4656338   0.04942122 -0.34907799  0.25950106  0.50616913  0.19519716
  0.02324096  0.56454473  0.61273324  0.43644769 -0.03475969  0.33552037
 -0.2334566   0.4194815  -0.17691264  0.43761109  0.16130858  0.26416993
  0.34609427  0.4794603   0.57015646  0.55155799  0.57062728  0.49428025
  0.27082235  0.50779858  0.09224384  0.68027697 -0.15438723  0.39482184
  0.48550542 -0.18441223  0.39353127 -0.09743331  0.28087045  0.55326714
  0.59595467 -0.41026869  0.04807723  0.70076696  0.25270055  0.48794609
  0.62213385 -0.12218629 -0.23584716  0.44664996  0.77748095  0.55343191
  0.42830589 -0.24496422  0.24316556  0.63898085]","[ 0.2798994  -0.12299564 -0.20775774  0.28927223  0.05191678 -0.06636826
  0.21667622  0.36435783 -0.00837445  0.02418153  0.24139002 -0.09336741
 -0.03439831  0.44156813  0.04977497  0.2415624   0.3684567   0.26166452
  0.08392704  0.28923285  0.07543641  0.08145737 -0.14334575  0.08263294
  0.22927652  0.35656889  0.38213951  0.14519131  0.09574822  0.14465983
 -0.26856126  0.36590321 -0.28717176 -0.33672066 -0.14452092  0.03979
  0.43286946 -0.33515818 -0.34447697 -0.20519686  0.3059096   0.20268259
  0.29654077 -0.17506099  0.28859623  0.42372658  0.07239791  0.05755083
  0.06537431  0.30791861  0.13326309 -0.04101788 -0.1167103  -0.20902537
 -0.16294551  0.38603649  0.14656161 -0.00167379  0.51076117  0.17809078
  0.27128018  0.06511164 -0.05990029  0.38032349  0.31761019  0.18376419
  0.03349526 -0.04842637 -0.11557427 -0.09118609  0.53558678  0.43191727
  0.43917841  0.03840939  0.09879393  0.1592786   0.25255271  0.52557547
  0.3536623   0.46931639  0.30484951 -0.20644226  0.51998003  0.08190088
 -0.14086042  0.34126496  0.31472595  0.05386233  0.13796882 -0.26175123
  0.21843988  0.76488356 -0.30251786 -0.1103544 ]","[ 0.45975167 -0.01848588 -0.09829876 -0.35889135  0.3209864   0.16667987
  0.33497721  0.50968144  0.4220759   0.00835901 -0.06061529  0.33551489
  0.30423222 -0.01700885  0.15163521  0.64744933 -0.14556484  0.2566655
 -0.37684955  0.61340936  0.30676083  0.40903315  0.20571327  0.16316147
  0.2338422   0.38603117  0.46526167  0.0666905  -0.21729678 -0.07518616
  0.2382438  -0.22412839  0.01359112 -0.18332831  0.17019168 -0.11024647
  0.43547512  0.42221389  0.24015456  0.49580097  0.54653691 -0.09812204
  0.09269971  0.1870129   0.48145728  0.08841035  0.00248644 -0.03924665
 -0.01038563  0.6764367  -0.03391309  0.18063058  0.15785974  0.01766652
 -0.03235615  0.50873224  0.0463642   0.45489396  0.1154452   0.60669743
  0.04829618  0.51185171  0.53182384  0.43337694 -0.05226099 -0.0710479
  0.24558437  0.62394049  0.39433115  0.14511142  0.35037422  0.29529273
  0.37895369  0.09870017  0.172098    0.38022248 -0.28833862  0.7244202
  0.1789965   0.22742224 -0.33985144  0.68501039  0.2191631   0.53714103
  0.5162483  -0.4166982   0.02396533  0.67570591  0.63148854  0.52300517
 -0.12014563 -0.32738154 -0.25614666  0.63384252]","[ 0.36794145  0.31447222  0.46692736  0.53468402  0.42135525  0.47441692
  0.50928457 -0.2726512  -0.26414572  0.04253478  0.19836115  0.25141081
 -0.12548635  0.48001252  0.40691949  0.05354919  0.13308903  0.18170235
  0.27004506  0.26815744  0.38242213  0.2254241   0.48154546  0.09366931
  0.04022317  0.41117671  0.43000792  0.39986592  0.43510874  0.45275633
  0.15062111  0.47205466  0.37320374 -0.10408646  0.04580122  0.2122549
  0.49833642  0.09716483  0.23943373  0.19769654  0.00600441  0.22138733
  0.18654719  0.1051855   0.69953748  0.64202191  0.2949156   0.52697227
  0.48105452 -0.03942813  0.15080956  0.35265473 -0.01298378  0.57847447
 -0.29570329  0.47999301 -0.09425016  0.10933092  0.3385294   0.50015763
  0.26545026  0.12542957  0.2452423   0.31509573  0.08406078 -0.02871128
  0.45356843  0.01114371  0.06636691  0.17100769  0.48349757  0.27271415
  0.63050143  0.12871356  0.1505237   0.36691254  0.36967113  0.13609279
  0.36313481  0.62293651  0.55360683 -0.09719634  0.25600681  0.52411592
  0.22545601 -0.34902318  0.66861862  0.33857208  0.10332037  0.24983304
  0.13722417  0.45317441  0.43901956  0.30287942]","[ 4.35152755e-01 -1.31695675e-01  4.89037008e-01  6.02659704e-02
  3.61944987e-04  1.59990418e-01  4.42806389e-01  4.44362220e-01
  4.89421772e-01  6.89139007e-02 -1.07496112e-01  1.01938427e-01
  2.82770855e-02  1.44402992e-01  3.41857439e-01  6.96483778e-01
 -2.73307098e-03  1.49144365e-01  7.62052823e-02  3.38196174e-01
  5.44015052e-01  5.77319997e-01  1.46471526e-01  2.07658664e-01
  9.24264508e-02  2.35646970e-01  3.25168400e-02  1.25520355e-01
  1.21995253e-01  7.77285723e-02  2.20327482e-01 -2.30198188e-01
  4.68635395e-01 -1.12930459e-01 -7.58463024e-02  2.72957759e-01
  3.51900498e-01 -1.65964178e-01  3.37894583e-01  5.35157959e-01
  6.66478354e-02  6.32912845e-01  2.39763487e-01  2.55652964e-01
  6.61235453e-01  1.60491506e-01 -9.55400053e-02  1.14676995e-01
  4.74441190e-01 -4.58094390e-04 -3.07166171e-01  9.99641048e-02
  5.18157115e-01  1.05136421e-01  5.21807147e-01  3.10950973e-01
  1.81326641e-01  3.79899806e-01  1.36826298e-01 -3.12276275e-01
 -1.31207265e-01  3.03561292e-01  4.10630986e-01  1.17960515e-01
 -2.59891053e-01  2.26243502e-01  2.68087774e-01  3.04910967e-01
 -1.07940896e-01 -4.20248557e-01  7.21314539e-01  1.63263581e-01
  4.80988599e-01 -3.40504761e-01  4.00251971e-01  6.98407258e-01
  2.76648182e-01  5.61910702e-01 -3.63207976e-01 -1.22592625e-01
 -2.54870509e-01  5.29411848e-01  4.23524070e-01  2.48493897e-01
  7.78643297e-01  5.82938185e-01  6.74623892e-01  8.79064073e-01
 -1.96663447e-01 -1.91115991e-01 -1.40859689e-01  1.65483058e-01
 -1.99026977e-01  3.49652461e-01]","[ 1.03539242e-01  4.80258012e-01  1.23792777e-01 -1.70433828e-01
 -8.61035910e-02 -4.12879288e-03  4.12662824e-01  3.48778274e-01
  1.33245074e-01  5.55779802e-02  1.83976197e-01 -2.39700852e-02
 -3.86834974e-02 -4.52435671e-02  3.00092751e-02  9.69632457e-02
 -3.42952075e-01 -3.56949639e-04  1.31171616e-01  2.09645032e-01
  3.44267816e-01  2.68097880e-02  1.98772257e-01  3.55152400e-01
  3.48485972e-01 -2.69138374e-02 -2.35751465e-02 -8.54905227e-02
 -1.18229198e-01 -1.80662984e-02  1.16502337e-01  1.22455748e-02
 -6.11241844e-02 -3.61025147e-01  6.45725833e-02  3.92872578e-01
  1.50731891e-01  1.49389042e-01 -2.61531079e-01  1.32217362e-01
  1.47287698e-01  3.44349375e-01  2.39488818e-01  1.78252338e-01
  7.23037997e-01  5.16017391e-01 -1.62494646e-01  2.33296746e-01
  1.91714767e-01  6.56500968e-01 -3.09514866e-01  4.20658081e-01
  5.74413431e-03 -7.82705723e-02 -3.34374100e-02  1.61025224e-01
  1.89566701e-01  3.25785684e-01  1.59261868e-01 -1.40239142e-01
  3.06166673e-01  2.87834793e-01  3.99923877e-01  6.66735420e-02
  5.23493110e-01  8.57729001e-02  3.89070337e-01 -3.71926039e-01
 -3.62029456e-02 -6.45692744e-02  6.15359833e-01  3.83338586e-01
  2.46223117e-01  3.45511960e-01  2.36302606e-02  5.08107911e-01
  2.83729653e-01  8.16538788e-01  1.27170315e-01  1.55295508e-01
  5.66930601e-01  4.97508624e-01  2.03745675e-01  4.14583009e-01
  6.75941017e-01  4.04430632e-01 -2.06859269e-01  6.04545506e-01
 -5.03220605e-02 -1.51727074e-01  4.40823317e-01 -3.27499569e-01
 -3.34922969e-01 -4.26234260e-01]","[ 0.13415939  0.36717434  0.00450584  0.0540242  -0.29390125  0.14071078
  0.25263949  0.12838363  0.36166969  0.13701984  0.51452672  0.23614296
  0.22897125  0.22572057 -0.38595333  0.21189589 -0.07606503  0.10382994
  0.19201806  0.14082448  0.09643038  0.20347799  0.41009139  0.11847574
  0.2801343   0.09302187  0.08074462 -0.23438772  0.25092375  0.0386341
  0.5003617  -0.03282179  0.03732843  0.0872028   0.47754676  0.34068352
  0.07474477  0.32862557 -0.13431517  0.18556537  0.16597537  0.56613178
  0.34360268  0.27017316  0.68234562  0.5532351   0.07904782  0.25783897
  0.34365355  0.54071647  0.06411052  0.50321962  0.23292872  0.02803079
  0.23593439  0.15901145  0.23064596  0.07750504  0.11834777  0.11088383
  0.28146076  0.41689403  0.24217397  0.19600143  0.00264666  0.1148244
 -0.17828788  0.05741452 -0.09218977  0.43639112  0.47599924 -0.0885294
  0.26474393  0.28164454  0.05912011  0.28039136  0.2464429   0.73576096
 -0.43689632  0.18435613  0.5794454   0.74219262  0.04891227  0.37223979
  0.67304548 -0.1898457  -0.05718499  0.43854791  0.42293519 -0.38360312
  0.54103293  0.2024419   0.14780822  0.5144849 ]","[-0.16636389  0.16705792 -0.04557197  0.38305989  0.28905202  0.03740335
  0.41579364  0.28614143  0.27253182  0.1252005  -0.01687393  0.37089647
 -0.24342838  0.26128973  0.1692673   0.49567733  0.22916551  0.12143751
  0.03491886  0.38258309  0.14250161  0.0709055   0.33946494  0.13503917
  0.05894219  0.42165259 -0.07509713  0.05208561 -0.14031744  0.18006186
  0.24816915  0.00977191  0.1877149  -0.23992524  0.05920841  0.27039019
  0.56551059 -0.18176006  0.25051623  0.14299875 -0.16928052  0.07890501
  0.25595251  0.22126449  0.40626566  0.49284199  0.21773567 -0.10933487
  0.00102563  0.21127853  0.28226264  0.39238482  0.20215576  0.20673319
  0.08198067  0.18569651 -0.05094202  0.26477076 -0.04927481 -0.23829047
  0.02580851  0.0727253   0.28040171 -0.17558427 -0.03389538  0.06199256
  0.09809847 -0.09508111 -0.12440869 -0.58942355  0.14302222  0.06358195
  0.31727628 -0.16306333  0.04522882  0.11384936  0.12726415  0.40179405
 -0.50454138  0.25352582  0.42044828  0.49607114 -0.26143709  0.08794109
 -0.35294516  0.65208081 -0.19674835  0.27071011  0.19857666 -0.36970759
  0.16017513  0.16480173 -0.29820605  0.34452632]","[ 0.63496077 -0.18749215  0.55467883  0.21038996  0.51273774  0.11252083
  0.39647807  0.30669087  0.34303782 -0.03325963  0.09425577 -0.21678122
  0.59190331 -0.08243248  0.3387876   0.18724398 -0.21763958  0.07054649
  0.51986995  0.57326122  0.22251256  0.32748212  0.31798556  0.27091526
 -0.01837943  0.33711851  0.63354015  0.0932644  -0.00392341  0.1791689
  0.52225437 -0.17625935 -0.01973733 -0.13602819  0.07230336 -0.16752628
 -0.07612633  0.24422483  0.18941972  0.41572023 -0.07336363  0.56106373
  0.13485478 -0.34596804  0.64242467  0.19080843 -0.11978325  0.12047437
  0.16909037  0.67887925  0.16485912 -0.04487645  0.37583278  0.05680283
  0.00581635  0.37033327  0.0329259   0.39915602  0.12238603  0.35603476
  0.41774757  0.07006297  0.4546181   0.41425776 -0.0935952   0.32774143
 -0.19765403  0.27133958  0.22926893 -0.27651168  0.31527036 -0.07414241
 -0.07009334 -0.10648405  0.04454728  0.4353879   0.49289606  0.81625842
 -0.48283098  0.43790126 -0.31174695  0.5943418   0.35246415  0.31147046
  0.48205026 -0.22459962  0.06447413  0.83714683  0.53822298  0.43759728
  0.29713382  0.34156903 -0.40654282  0.59661219]","[ 0.4287636  -0.03072846  0.2278417   0.24589775  0.45649892  0.19254281
  0.27690331  0.1797555  -0.15495493 -0.124485    0.05944909  0.04352058
  0.27716531  0.35932667  0.33156733  0.13169309  0.24042614  0.37615372
  0.29738685 -0.05430657  0.2578834   0.08914599 -0.28866646 -0.40055865
  0.74530694 -0.44037955 -0.17238516  0.03030998 -0.27746231  0.24967751
 -0.10786776  0.04647478  0.20579511  0.25889244 -0.08031308  0.31599895
  0.30668818  0.37045025 -0.11584232  0.21493905  0.09909803 -0.02221317
  0.23331418 -0.0246795   0.57403011  0.18538976  0.11790412  0.03887015
  0.21762817 -0.23108419 -0.20556446 -0.22890221 -0.30085379  0.16140941
  0.07907773  0.14903795  0.15903284 -0.01746082 -0.18562702  0.18425546
  0.01420163 -0.03065384  0.12314496  0.16917166  0.25888874 -0.00677328
  0.01202629  0.28476132 -0.09601657 -0.32595635  0.20215242  0.37837849
 -0.10458542  0.27826609  0.10691225  0.2051904  -0.26305895 -0.25393911
  0.53458811  0.70067089  0.45168629 -0.08994712  0.10422708  0.37467692
  0.44011716 -0.35610187 -0.44665327  0.19495997 -0.17443847  0.39851477
  0.31835733  0.36194856  0.11851872  0.28481393]","[ 0.11766001  0.1561509   0.37903184  0.3610886   0.36755773 -0.22136089
  0.47875585 -0.12814164  0.16465422  0.09486273  0.25026774  0.06333955
  0.2503893   0.20365275  0.16702343 -0.04105331  0.43471032 -0.09681062
  0.25791278  0.11679245  0.0619864  -0.07080892 -0.06655707  0.19011221
  0.30716704 -0.02052146  0.11565313  0.1195361  -0.20552092 -0.18741311
  0.12617173 -0.22681112  0.08881809  0.21103048  0.27890882 -0.09090262
  0.32548521  0.28549027 -0.23696199  0.36568442  0.03414358 -0.07497141
  0.19276443  0.01611935  0.43514643  0.18077812 -0.08099273  0.24209942
  0.17846533 -0.14744195 -0.08832237  0.10393557 -0.10254996  0.06902546
  0.29639635  0.2499172  -0.074828    0.03676251  0.03041407  0.25115656
  0.11111384 -0.33094414  0.01548689  0.11103737 -0.15340305  0.16828314
  0.35914059  0.22498783 -0.09476166  0.07317408 -0.17442512  0.45035897
  0.59100723  0.05992458  0.13636132 -0.25258803  0.22289007 -0.46006235
  0.33317461  0.56819763  0.24689072 -0.12991905 -0.11640573  0.23950052
  0.37598275  0.26248493 -0.22866829 -0.48202842 -0.2122769   0.328205
  0.49771279  0.5086877  -0.32775013 -0.19876194]","[ 0.35402931  0.08417836  0.24717528 -0.12063248  0.339334    0.35166797
  0.32994913  0.24098608  0.29572777 -0.02529966  0.13310314  0.29564552
  0.46453042 -0.1360801   0.3025157  -0.12577557  0.05216832  0.3767506
 -0.20365293  0.34474657  0.33934215  0.0662422   0.08774861 -0.24305144
 -0.33938746  0.28508704  0.64343694  0.09186166 -0.15712693  0.16287512
  0.36145824  0.02127149  0.19677112 -0.01091355 -0.06441697  0.55004602
 -0.03055527  0.34716629  0.00510584  0.42258923  0.16435604 -0.15241319
 -0.26621148  0.17335941 -0.37643849  0.15773792  0.13849468 -0.16375821
 -0.12455504  0.5705707   0.18510447 -0.05121271  0.24994039 -0.07381781
 -0.02571206  0.03256959 -0.10130065  0.37923156  0.09538488  0.38613903
 -0.16640034  0.37423288  0.45167192  0.31976922  0.16624568  0.12177671
 -0.00665389  0.12454287 -0.10376287  0.22826011  0.30087256  0.2360338
  0.17254871 -0.20890491  0.21356601 -0.06001822 -0.29082517  0.40671412
  0.0692461   0.45339645  0.02170919  0.56508855  0.12772223  0.51519629
  0.36807501  0.23884142 -0.25250651  0.45997945  0.43049062  0.2727318
  0.43301282  0.27695311  0.48662269 -0.24798384]","[ 0.40786311  0.20060058  0.06520114 -0.01755612 -0.02728971  0.17902861
  0.36767322  0.53408     0.31379343  0.21339663  0.20437957  0.46993118
  0.13700247  0.02771605  0.29498418  0.1594562   0.05460711  0.18312646
 -0.11300779  0.45814279  0.3908079   0.02646667  0.34011994 -0.2509544
  0.56878883  0.32370483  0.68023453  0.1881546   0.14360969  0.2254423
  0.08310189 -0.11145068  0.04595842  0.14331458 -0.12508756  0.0140422
  0.50506412 -0.05330632  0.03104428  0.25502292  0.20310693 -0.12406132
 -0.10482785  0.50499995 -0.06826916 -0.17783104  0.0989408   0.12398068
 -0.27037854  0.15379553 -0.28556474 -0.22553022  0.52046812 -0.18523245
  0.04961782  0.29551673  0.12910367  0.20623451  0.25619338  0.53978597
  0.12110189  0.31017783  0.31944026 -0.12282762  0.08723756  0.09382847
  0.16081383  0.13070778  0.24393113  0.38816426  0.15015688  0.17293615
  0.46431921 -0.17039121  0.13747359  0.09473396 -0.38757048 -0.25371678
 -0.27204106  0.1492396  -0.22354291  0.50622623  0.13595633  0.23393156
  0.28692781 -0.17235895 -0.09646133 -0.36976235  0.27785581  0.35462424
 -0.07934164 -0.25233676 -0.44495488 -0.27265595]","[ 0.63241778  0.07926043  0.34628661 -0.04840203  0.05924167  0.24406497
  0.33584758  0.48189819  0.42082447  0.2292238  -0.1627185   0.36796504
  0.57335134  0.10125496  0.4490414   0.51922544  0.18468239  0.64242179
 -0.00267969  0.43885211  0.21947483  0.43678393  0.02401085  0.30199512
  0.24435791  0.49311228  0.69866298  0.02881426  0.1017588  -0.06664879
  0.43209683  0.46071067  0.15781242  0.05343243 -0.09133202 -0.11653502
  0.29106763  0.76708125  0.26950717  0.2611194   0.56898047 -0.05981112
  0.43382422  0.33102543  0.70511109  0.01363634  0.07110805  0.08443613
 -0.02064796  0.6595476   0.4758656   0.51130632  0.51361138 -0.02877874
  0.4023354   0.32870532 -0.09656309  0.41699054  0.13776831  0.57914264
  0.1941294   0.29279615  0.52352559  0.55575826  0.3104737   0.29473723
  0.13623335  0.62609908  0.50251723  0.12167832  0.37018643  0.42793887
  0.45954551  0.36026114  0.21712407  0.40284803  0.04842002  0.66577836
  0.13480636  0.54678608 -0.41249285  0.63106657  0.39753573  0.62430491
  0.75130353 -0.55703631 -0.17507179 -0.63913311  0.72200406  0.63404695
  0.61279803 -0.22281594 -0.28287972  0.58688313]","[ 0.43511797  0.25485887 -0.02325568  0.40866204  0.47888011  0.46957214
  0.56859399  0.34193605 -0.00612152  0.1160239   0.3981638   0.36124152
  0.13272243  0.3763788   0.20914603  0.01491862  0.64618398  0.29909363
 -0.18408671  0.37484521  0.30301642  0.21953193  0.56345297  0.02251213
 -0.18006046  0.59398345  0.09359838  0.53605366 -0.020463    0.47647759
  0.26885741  0.0780045   0.15325373  0.36211097  0.21390101  0.4315354
  0.54624698  0.8009097   0.14238029 -0.23008027  0.14499323  0.03883992
  0.07195601 -0.06089769  0.55457264  0.24496951  0.33749175  0.46481513
  0.20218539  0.41956758 -0.19676019  0.26838149  0.14461709  0.49604686
  0.06114032  0.25357471 -0.05039001  0.2751072   0.32666365  0.23949736
  0.28564812  0.34478558  0.07821264 -0.08156851  0.35326923  0.16378551
  0.34063454  0.31688464  0.10226172  0.63158157  0.37697483  0.44189923
  0.70892249  0.23041253  0.24302186  0.10571469  0.636839    0.01372682
  0.34487275  0.19920972  0.61313319  0.41888268 -0.17774204  0.28704995
  0.61012722 -0.46058824  0.33362755  0.39544817  0.23043818 -0.19584359
 -0.33180409  0.2964432   0.49869734  0.09933192]","[ 0.40469591  0.03857103  0.17822178  0.09027049  0.31426235  0.43515044
  0.47023348  0.17647501  0.32167108  0.14799092  0.47746025 -0.10360158
  0.34927848  0.08983647  0.3688716   0.51949159 -0.03415434  0.25244562
  0.44021616  0.27240091  0.36616986  0.14186036  0.04078064 -0.16192321
 -0.00107929  0.37742498  0.52940842  0.14264267  0.26396548  0.14645569
  0.53913623 -0.21071228  0.22781786  0.01780758 -0.04844034  0.47534739
  0.40549282 -0.06558298  0.30647776  0.33163062  0.0303123   0.31281763
  0.12458416  0.29882645  0.10429979  0.11991344  0.21780976  0.10456671
 -0.24544648  0.2254684  -0.246647    0.45199826  0.07150342  0.12677069
  0.19977026  0.37791336  0.06974796  0.42129717  0.22549706 -0.30757437
  0.19146436  0.08783954  0.43895915  0.08908594  0.26205719  0.40551159
  0.22533458  0.38748463 -0.21984835  0.42524701  0.66049047  0.17288492
  0.48583567  0.22199175  0.07622726  0.45226138 -0.18140131  0.38491074
  0.20213296 -0.17885094 -0.31589042  0.29060544  0.24398556  0.35275173
  0.48264891  0.2605121   0.26695157  0.73080378  0.2281902  -0.02876934
  0.0405465   0.21625454 -0.42184791  0.269831  ]","[ 0.45180757  0.3904106   0.23227824  0.22615226  0.39130747  0.37600544
  0.47859554  0.36137221  0.11108601  0.12439914  0.36348427  0.19850599
 -0.05510386  0.36080192  0.27108328  0.01061876  0.3158253   0.16057959
 -0.12039694  0.12230592  0.44692012  0.11498657  0.1718569  -0.24878116
 -0.07502225  0.42341416  0.62220589  0.3743501  -0.05931726 -0.22536009
  0.26174179  0.28601936  0.20382258  0.09751433  0.02885732 -0.22562043
  0.43226124 -0.02282488  0.19750496  0.44226896  0.13717807  0.07456396
  0.14230932  0.26657116 -0.18468854  0.20622765  0.0337768   0.06622166
 -0.26334573  0.08107348 -0.01105874  0.50009451  0.10298052  0.24950702
  0.10192785  0.10203255  0.13249207  0.24799315  0.29319963  0.17214498
 -0.065878    0.12523182  0.31012409  0.36710845  0.26148058  0.2996829
  0.17098517  0.33438     0.02283358  0.47594474 -0.10281594 -0.00499226
  0.49323958  0.19702014  0.02953919  0.01575386  0.32937118  0.14144702
 -0.15813216  0.34393416  0.26714641 -0.25271242  0.31219476  0.1827443
  0.30165348  0.54592441  0.0774173   0.22447351  0.27119588  0.05762604
  0.07707016  0.38142187 -0.13414396  0.53163375]","[ 4.24049977e-01  2.23439987e-01  4.52435683e-01  1.77432125e-01
  3.18706926e-01  4.48403950e-01  5.61849591e-01  2.13126435e-01
 -1.96573931e-01  1.68938426e-01  4.50983843e-01 -5.45174433e-02
 -2.19129572e-01  4.01881581e-01  3.49718673e-01  5.05893504e-02
 -3.67540818e-02  5.88779327e-02 -2.65083045e-02 -1.36587420e-01
  2.95083343e-01  9.12144299e-02  2.83242790e-01  1.42043033e-04
 -2.72436192e-02  3.66160645e-01  6.05818083e-02  3.05924375e-01
  1.80946803e-01 -3.64553901e-02  1.44668532e-01  2.53231196e-01
  2.65374372e-01 -7.48272493e-02 -8.01406965e-02 -3.23515746e-02
  4.11806818e-01  2.15112641e-01  1.45846344e-01  7.97431099e-02
 -1.16050981e-01 -4.80635396e-02 -1.60285698e-01  3.30034571e-01
  4.49101280e-01  8.70598917e-02  7.10455250e-02  2.45887298e-01
  3.99945179e-01  1.43599971e-01  3.00847011e-01  3.18122205e-01
 -2.50222485e-02 -2.77105238e-01  5.72433893e-01 -6.92580909e-02
  2.41649083e-01  3.31108502e-01  2.35857422e-01  4.77453833e-01
 -1.62540347e-01 -1.92884350e-01  8.85647144e-02  3.04189774e-01
  3.48826548e-01 -1.42383692e-01  1.52761454e-01  2.43491892e-01
  6.54491351e-02  6.81438074e-01 -3.73164751e-02 -2.28462255e-01
  4.13785207e-01  1.64720779e-01  4.65184685e-02 -2.57584474e-01
  3.56684956e-01  2.09108369e-01  1.61690076e-01  2.85181283e-01
  9.21974073e-02  1.85867289e-01  1.85211874e-01  2.47284243e-01
 -2.18797670e-01  6.68536849e-01  3.53985490e-01 -2.71635264e-01
 -9.68490681e-02  2.18556781e-01 -1.09165805e-01  4.26431214e-01
  2.49014656e-01  5.96434167e-01]","[ 0.42641922  0.34927163  0.11091485  0.16690057  0.35003613  0.35858429
  0.4591267   0.2004004  -0.12295478  0.11877646  0.44172297 -0.08198581
  0.53888196  0.44247702  0.3511294   0.08397766  0.2465565   0.18498472
  0.12874238  0.1463227   0.50458756  0.24896902  0.05901593  0.08873334
  0.03857562  0.47579435  0.18203545  0.26311986  0.04858423  0.09520739
  0.21097621  0.23547926  0.27030712  0.11642418 -0.21553663  0.3968055
  0.36609854  0.26148103  0.27730814  0.07369009  0.15188763  0.21762115
  0.12119594  0.30837728 -0.07536309  0.25746065  0.14713801  0.10605529
 -0.24076243  0.17089444 -0.19327716  0.68560081  0.03433425 -0.17947879
  0.13884989 -0.08968546  0.04038819  0.19379036  0.30911653  0.4518216
 -0.05886109  0.15073053  0.27940554  0.32211474  0.15139452  0.43960366
  0.06607345  0.37902151 -0.11762592  0.62227397  0.46597276 -0.08017148
  0.42924309  0.02864111 -0.06598141  0.20438632  0.28860437  0.19751915
 -0.35154621 -0.32530846  0.08741118  0.26123272 -0.12652823  0.24149163
 -0.29565531  0.27769434  0.29572543 -0.3598821   0.43961597 -0.24372464
  0.07491873  0.32776004 -0.29158276  0.39617702]","[ 0.44478037  0.43024655  0.02016212  0.16943262  0.28865634  0.2007389
  0.5163644   0.16670441  0.0805076   0.10111927  0.52268902  0.16193512
  0.4874949   0.59091628  0.2721905   0.15000951  0.19363115 -0.25640451
  0.15009964 -0.15983916  0.47631958  0.17795247 -0.19258153  0.00440838
  0.72700776  0.45119365  0.09800744  0.04832178 -0.23469285 -0.14009743
  0.04095181  0.30206208  0.41811791 -0.13869352 -0.2492937  -0.12456321
  0.37686722 -0.05040539  0.22346134 -0.03626102  0.07432598  0.56002627
  0.05968962 -0.13751704 -0.15609381  0.14041447  0.05140367  0.01043992
  0.04904472 -0.21379602  0.02039233  0.45769382  0.21456333  0.08530312
  0.04954074 -0.21825903  0.0179835   0.31523524  0.10678521 -0.50973898
  0.29159201 -0.30099193  0.24480464  0.47800062  0.18880961  0.20837464
  0.4738362   0.11141377 -0.2515765   0.45113637  0.48265746 -0.07595974
  0.49488677 -0.03394291  0.24156912  0.64131587  0.30703199 -0.18640621
  0.35171961  0.17135183  0.27454265 -0.11720587  0.2358058  -0.11991204
  0.35485955  0.68443924 -0.03395795 -0.26192581  0.46211662 -0.28441508
  0.31116167  0.63946135 -0.35856041  0.46196398]","[ 0.49287079  0.21202987  0.4214145   0.12364623  0.06840434  0.12403409
  0.54313681  0.32506012  0.24034842  0.24614752  0.51536061  0.12902784
  0.3755238   0.03547098  0.19879172  0.0431278  -0.00842592  0.10221891
 -0.28066155  0.2198688   0.37188298  0.21686018  0.43420407  0.15631176
 -0.07663883  0.07537178  0.31057503 -0.061858   -0.26091966 -0.01026459
  0.22235305  0.25304779  0.37020705  0.07257167 -0.00192426 -0.1792154
  0.46597413 -0.07840032  0.3062363   0.37896173  0.14337421  0.05885502
  0.2186211   0.18248195  0.14360543  0.20805266 -0.15385582  0.15660491
  0.09914891  0.0471161  -0.28724006  0.60259022 -0.0965764   0.14699853
  0.33094383  0.24184568  0.08567974  0.3263304   0.14810316 -0.41893175
 -0.03736437  0.14945668  0.43213296  0.41085781  0.54825885  0.16734506
  0.28159857  0.10347422 -0.07802791  0.14554491  0.23330133  0.47705054
  0.54972814  0.1925855   0.26700849  0.1895187  -0.36513548  0.44174234
  0.22308975 -0.24722176  0.29780466 -0.15892255 -0.12561773  0.36223426
  0.53779479 -0.27847175 -0.12194607  0.26831747  0.31514799 -0.29320011
 -0.21272298  0.46528855 -0.35278063  0.22162664]","[ 0.24120898  0.03827901  0.2638715   0.32689286  0.23198977  0.21802091
  0.52231884  0.49397343  0.18359223  0.08356281  0.31913751  0.04449831
 -0.030511    0.34029677  0.50425944  0.09103025 -0.07736404 -0.12359387
  0.25155603  0.0848595   0.62339842 -0.01031828  0.47341137  0.18407754
 -0.25711529  0.09240331  0.00983777  0.05651558  0.53733868 -0.17295488
  0.12678198  0.34559937  0.25655358  0.11137629  0.24568788  0.15473368
  0.54167454 -0.14754723  0.36428012  0.29251881  0.02844316  0.04244966
  0.33379955  0.07613893  0.35509178  0.05181564 -0.12188711  0.1684487
  0.22163401  0.08216649  0.28805209  0.52715976 -0.1608952   0.11840963
  0.34041852  0.15914288  0.10639056 -0.15892664 -0.00501514 -0.20730336
  0.11546911 -0.25583298 -0.12189128  0.20105123  0.19472678 -0.12847254
  0.00161004 -0.23618504 -0.24915584  0.28033584 -0.0535978   0.4402768
  0.5377409   0.19826238  0.00263895  0.36758508 -0.29669409  0.47401415
  0.46017236 -0.12916818  0.42694898  0.30981146 -0.14787875  0.13142528
 -0.57786216  0.5831375   0.26798414  0.29891794 -0.14121065  0.23634458
  0.35258527  0.44594041  0.20539675  0.28928116]","[ 0.15942096  0.03526568 -0.15371691  0.18678293  0.24756353  0.19903705
  0.51165472  0.45154285  0.19275356  0.06101414  0.1786136   0.04833909
 -0.32737541  0.29458087  0.34583494  0.30571905  0.06878373  0.20104536
  0.34664806  0.17636174  0.21129917  0.10036337  0.25522577 -0.09480917
 -0.01556749  0.37131498 -0.27482426  0.00898623 -0.2553099  -0.20186315
  0.25384283  0.20301707  0.27503802 -0.0347247   0.06551283 -0.14904485
  0.43642613 -0.14365755  0.21181555  0.33753107  0.10068187  0.13574628
  0.27881468  0.2599539   0.33728076  0.0203688   0.04828733  0.04153014
  0.0939398  -0.0392219   0.02328082  0.42727047 -0.03057797 -0.21593096
  0.23406276  0.2513247   0.08196431  0.25069788  0.12451037  0.20277612
 -0.07212429  0.15306781  0.2228387  -0.15756498  0.3717998   0.02217247
 -0.0114597  -0.08649577 -0.19190808  0.4627796   0.0957681   0.1346423
  0.30553757 -0.08611562 -0.07051669  0.25678646  0.19232676  0.5491178
 -0.30670619  0.19904977  0.43373844  0.13163288 -0.16554173 -0.18032946
 -0.41219392  0.62128159 -0.18844216 -0.35801585 -0.02860219  0.13669746
  0.49268622  0.53595786 -0.27521801  0.48105881]","[ 0.14350431  0.17169964  0.01627649  0.07158583  0.22502288  0.21176647
  0.46400627  0.55780194  0.07507728  0.01411587  0.03415971 -0.03431161
 -0.16665073 -0.07502117  0.15492488  0.17714965  0.01255352  0.0117809
  0.0162579   0.11598885  0.26706077  0.11095584  0.16113153  0.19247683
  0.51845388  0.3782696   0.40981882  0.11742553 -0.09834265  0.05597497
  0.11069179  0.0057085   0.33655306  0.11676399  0.0354704  -0.24297952
  0.39017249  0.07532945  0.23284866  0.10260526  0.18419778  0.06844451
  0.23246676  0.30510507  0.23011197 -0.26326366  0.06140701 -0.03357994
  0.05562971  0.08182061  0.09950558  0.30832724  0.14465332 -0.09469644
  0.19809522  0.14013622  0.0295083   0.28174006  0.21551175  0.34667999
 -0.13096086 -0.09704091  0.16841938 -0.39878466  0.07557005  0.07006249
  0.20224571  0.2499353   0.26215412  0.27368427  0.31142148  0.12477393
  0.39544062 -0.3454136   0.02955297 -0.0617064  -0.29369824  0.51090844
 -0.35127239  0.3231576   0.31398309 -0.22597485 -0.18459428 -0.0676193
 -0.33253774  0.52917424  0.1112887   0.41199976  0.24988945  0.3082292
  0.13359925  0.471902   -0.26393662  0.09950275]","[ 0.56940143  0.5950567  -0.1682036   0.28702976 -0.42549664  0.01576743
  0.44606421 -0.02961191  0.33285017  0.27130918  0.21802321  0.30954375
  0.32522806  0.34571744  0.01844588  0.22609891  0.19324362 -0.17769128
 -0.11653764  0.37926518  0.16419113  0.16304948  0.35469352  0.30927655
 -0.24934989  0.4325136   0.51967814 -0.01744312 -0.06343986  0.14086811
  0.3727553  -0.02461011  0.26633786  0.03084884  0.25500148  0.34339432
  0.15044647  0.26202086 -0.20653558  0.34472725  0.06994375  0.55467864
  0.06587316 -0.23815914  0.32146656  0.20654889  0.03506742  0.08053211
  0.44395781  0.54107826  0.38153624  0.22246897  0.31105875  0.00437763
  0.37888299  0.11042909  0.05516271  0.13303003  0.14782576 -0.19677046
  0.25587287  0.45295441  0.45837698  0.37825398  0.35699564  0.20838277
  0.00892083  0.32608332  0.05743508  0.42292483  0.30454141  0.14645256
 -0.02599174  0.37624311 -0.0795584   0.19959931  0.13722616  0.77608589
 -0.21424763 -0.20604055  0.0408047   0.6966901   0.19239507  0.13878456
  0.32135465  0.19486842  0.62702207  0.46596185  0.69662388 -0.2013888
  0.67286507 -0.03158346  0.21304308  0.38776476]","[ 0.66444488  0.64349462  0.26306727  0.39511733 -0.16171236 -0.12039994
  0.14600787  0.35035066  0.50995776  0.22860222  0.65922272  0.5201557
  0.59859533  0.3608304   0.43871061  0.27316191  0.52566189  0.55872796
  0.38114314  0.54462311  0.27007818  0.58780984  0.44005505  0.60405456
  0.0318019   0.49716361  0.57759707  0.36456252  0.07299806  0.51313552
  0.47182824  0.12454177 -0.03427482  0.30667387  0.55717427  0.07583177
  0.25276574  0.26295513  0.24950963  0.48354612  0.33339002  0.47496205
  0.13827695  0.38269716  0.64943121  0.19454222  0.31261475  0.36922466
  0.6448797   0.73962766  0.45812203  0.1928642   0.49704158  0.42495638
  0.42384532  0.01012878  0.15674338  0.16791281  0.11204846  0.52770462
  0.43007539  0.60471574  0.52459312  0.40978375  0.55861143  0.45624803
  0.15276206  0.45377698  0.47505642  0.36062344  0.34367799  0.46805219
  0.32825674  0.52560416 -0.02686532  0.44814128  0.61553178  0.73391419
  0.52114814  0.80522363  0.23154414  0.85512848  0.37311281  0.5655328
  0.57999625  0.68228419  0.63931484  0.65799927  0.76370925  0.67538569
  0.69927982  0.34951257  0.52130441  0.65285625]","[ 4.97891314e-01  1.09835411e-01  1.41987429e-01 -1.05511961e-03
 -1.35119994e-01 -3.12989977e-02  1.51349035e-01  2.88246341e-01
  8.64309332e-02 -3.51202190e-02  5.17155056e-01  3.06075532e-01
  1.40420993e-01  9.53169527e-03 -2.81996597e-01 -2.64918463e-01
 -2.02809035e-01  1.66650758e-01  1.20079014e-01  1.33606341e-01
  1.19567045e-02  1.80366001e-01  2.98406929e-01  3.62562879e-01
  2.81672474e-01  1.40397892e-02  2.99625322e-01  1.04360086e-01
  4.62435758e-01  6.29028746e-02  4.04503561e-01  5.21766302e-02
  2.87908476e-02  1.18957580e-01  3.05499035e-01  2.12837039e-01
  4.35716804e-01  3.17114263e-01 -3.20307368e-01  1.72239296e-01
  1.10926407e-01  2.88541700e-01  2.47967557e-01  2.73739274e-01
  3.67167224e-01  5.90076243e-01 -4.55964671e-02 -8.52933570e-02
  5.37429177e-02  5.65489940e-01 -2.28778611e-01  5.50438177e-01
 -1.91909444e-02  2.85227546e-01 -7.62790000e-02 -2.40507760e-01
  4.02966291e-01 -4.31901857e-01  4.01487976e-01  1.06780903e-01
  8.26797178e-02  4.48604266e-01  2.73672621e-01  1.10039506e-01
  8.08221997e-02  2.99843190e-02 -3.27463693e-02 -2.64092171e-03
 -3.37743001e-02  2.47804984e-01  6.07715443e-01  3.02097531e-01
 -1.63455233e-02  3.56289880e-01 -2.27378931e-01  1.91474949e-01
  4.89191770e-01  5.10933946e-01 -2.20348156e-01 -1.14225342e-01
  6.09251488e-01  3.42300358e-01  2.10918770e-01 -1.85105427e-01
 -7.13966586e-02 -3.48010493e-01  6.74998444e-01  3.65075375e-01
  5.00798338e-01 -2.15102191e-01  3.99094140e-01  3.53684287e-04
  1.78740375e-01  2.01820523e-01]","[ 0.72745378  0.54061112  0.31136009  0.38878101 -0.24433599  0.12525816
  0.36694038  0.16285697  0.28293832  0.1872038   0.6671408   0.52755692
  0.28245575  0.4386694   0.11092342  0.0755386  -0.12449128  0.52966068
  0.54059475  0.43495223  0.13008719  0.47972052  0.27454705  0.51014976
  0.21323277  0.26007342  0.37552724  0.14012293  0.35768442  0.37818927
  0.35291797  0.30812835  0.01393167  0.27887302  0.36928623  0.37101482
  0.11718965  0.35339106  0.33290465  0.40306957  0.1061518   0.43065355
  0.04453381  0.43126417  0.51406066  0.41712388  0.08391054  0.33966859
  0.22631362  0.65105704  0.05136883  0.2568193   0.19844715  0.48480834
  0.38381859  0.02642282  0.18493914 -0.08013245  0.25943713  0.1283624
  0.26842129  0.52699379  0.38344636  0.53088475  0.21910706  0.42287701
  0.26752152 -0.08932491 -0.00619387  0.39449898  0.28959372  0.37960816
  0.69635631  0.30114347 -0.26699027  0.11618895  0.38962844  0.01958929
  0.1558918   0.52778137  0.35999107  0.50377581  0.09841937 -0.05273374
  0.48627821  0.69290566  0.14541777  0.49184653  0.42896086  0.32940457
  0.64401531  0.35601059  0.17219347  0.60436873]","[ 0.43093154  0.55663005  0.27946191  0.15891714 -0.0647269   0.31925578
  0.21747006  0.45446682  0.56414666  0.23715066  0.62299681  0.52674754
  0.66103271 -0.30078855  0.33327621  0.27694737  0.49852258 -0.05571226
  0.0904505   0.4891044   0.32374717  0.57946822  0.5338216   0.57495895
 -0.08698009  0.60255006  0.4697016   0.32973588  0.14235182  0.45887075
  0.20659776  0.25781684  0.05225709  0.36726742  0.3024586   0.06820062
  0.42055383  0.27908804  0.37538378  0.46590069  0.31605575  0.13588062
  0.27901205  0.24896268  0.59885495  0.22073433  0.25653558  0.10355617
  0.49831508  0.57186593  0.40722343  0.32281127  0.22448075  0.28180131
  0.49499697  0.07867829  0.32070313  0.4729738   0.34334365  0.48523047
  0.28697921  0.59200635  0.53959927  0.47490127  0.53271834  0.47231824
 -0.01384927  0.33666719  0.08957483  0.53157329  0.17008724  0.57043309
  0.32146814  0.50303778 -0.2086401   0.50035657  0.59994844  0.61101483
  0.49221441  0.70794027 -0.00496537  0.81492261  0.42934498  0.56087008
  0.54016822  0.69341745  0.39975296  0.62029468  0.76846487  0.70889658
  0.48777289  0.0557827   0.26396807  0.34744754]","[ 7.08077557e-01  3.97195794e-01  4.30568155e-01  1.42259532e-01
 -8.74191643e-04  1.05823718e-01 -6.37404815e-02  5.97048595e-01
  5.98752169e-01  2.55668528e-01  4.29285676e-01  6.33929454e-01
  5.86438312e-01  2.24871876e-01  4.99037796e-01  5.82728593e-01
  6.36783333e-01  2.16130797e-02  5.94535681e-02  5.99208378e-01
  3.44920355e-01  5.99822007e-01  6.53972855e-01  6.70589255e-01
  6.82889188e-01  6.32648429e-01  6.18199045e-01  3.29125712e-01
  4.36828819e-01  4.40648924e-01  4.43261654e-01  2.17563158e-01
  3.20575827e-01  4.18005813e-01  3.22880326e-01  5.45911170e-01
  6.22248893e-01  4.99293183e-01  4.55056567e-01  5.15380365e-01
  4.23411236e-01  3.17842673e-01  4.33953391e-01  3.62205277e-01
  3.08658405e-01  2.34760428e-01  5.30693897e-01  2.18127033e-01
  6.03520775e-01  6.11312901e-01  6.87935634e-01  6.30388191e-01
  5.13982318e-01 -1.01094762e-02  6.00975543e-01  3.16973390e-01
  5.26641806e-01  5.18202230e-01  4.07852449e-01  6.38279343e-01
  4.12202654e-01  5.16035117e-01  6.38156850e-01  5.74418828e-01
  6.60425570e-01  5.97593267e-01  2.24131729e-01  6.35183453e-01
  4.20523438e-01  6.41474919e-01  6.12187302e-01  6.62223092e-01
  5.60564546e-01  6.26277973e-01  1.74249074e-01  4.96039288e-01
  6.32603382e-01  8.37010306e-01  7.11762768e-01  6.36605598e-01
  3.49185652e-01  8.88326776e-01  4.79872238e-01  6.39327608e-01
  6.86035463e-01  7.45479274e-01  5.50981674e-01  7.23685204e-01
  8.31020479e-01  5.85442117e-01  3.04050823e-01  1.03004950e-01
  4.80774667e-01 -3.23763674e-01]","[ 0.67695986  0.50639384  0.21641518  0.45614052 -0.24641928  0.084666
  0.14613328  0.17919504  0.46764845  0.17541085  0.6631518   0.4571216
  0.48795695  0.30964097  0.0093182   0.15229698  0.27558332  0.26146668
  0.48930758  0.32692492  0.2696427   0.4322366   0.3453273   0.52509025
 -0.19042639  0.42705499  0.47642916  0.25265633  0.11785774  0.35737289
  0.41951567  0.0537175  -0.16926126  0.41906535  0.5430115   0.13316256
 -0.20872711  0.43722776  0.00511919  0.27988927  0.25463224  0.50926216
  0.02698521  0.50751015  0.6189672   0.34563239  0.42063884  0.27299949
  0.19803249  0.74275295  0.40149304  0.21295444  0.14383537  0.2519315
  0.44645314 -0.01158676  0.33386846  0.14780435  0.17772792  0.08868489
  0.29711368  0.42784952  0.42568406  0.25736936  0.32815405  0.29531819
 -0.07109543  0.34136056  0.27159401  0.41128856  0.16618643  0.50915077
  0.56653553  0.43030247  0.00556491 -0.10866843  0.35888977  0.51676889
  0.42318312  0.65314652  0.0134018   0.55817204  0.0469668   0.22286918
  0.47361236  0.47282232  0.01379515  0.66087822  0.59807155  0.59608279
  0.73102922  0.34574006  0.26447381  0.47181721]","[ 0.55137093  0.16691601  0.06452473  0.04067414  0.06728135  0.189578
  0.13337876  0.16738968  0.52066513  0.21367661  0.36547468  0.39120933
  0.38141952 -0.24751862 -0.15244186  0.05651163  0.17783883 -0.0811256
  0.18118376  0.22431319  0.07818598  0.32152377  0.27029328  0.48825503
 -0.27602564  0.41554341  0.41538151 -0.0368054   0.10177174 -0.04669879
  0.08115037  0.03082822  0.23313963  0.3183811   0.33947678  0.03256375
 -0.11912958  0.01306315  0.25953971  0.27763745 -0.32516393  0.22015529
 -0.0147511   0.14352576 -0.34203705  0.45924703  0.25028299  0.00838053
  0.23691288  0.45496293  0.07165009  0.04043016 -0.11169775  0.24745802
  0.25969814 -0.00681089 -0.08039125  0.24854638  0.17581043  0.26774352
 -0.08395228  0.12694032  0.48140638  0.28322311  0.41461918  0.2994345
 -0.41646166 -0.13416628  0.24215788  0.71336733  0.01413032  0.44384014
  0.09840408  0.4636019  -0.18295036 -0.17595264  0.35985544  0.35383758
  0.18163116  0.44185798  0.18022089  0.67962473 -0.04942492 -0.0386258
  0.42922531  0.43971367  0.33557485  0.63064225  0.6143903   0.69967207
  0.23915741  0.14088404  0.13320687 -0.25466422]"
