Brain-Stem,Left Accumbens,Left Amygdala,Left Caudate,Left Cerebral Cortex,Left Cerebral White Matter,Left Hippocampus,Left Lateral Ventricle,Left Pallidum,Left Putamen,Left Thalamus,Right Accumbens,Right Amygdala,Right Caudate,Right Cerebral Cortex,Right Cerebral White Matter,Right Hippocampus,Right Lateral Ventricle,Right Pallidum,Right Putamen,Right Thalamus,b'7Networks_LH_Cont_Cing_1',b'7Networks_LH_Cont_PFCl_1',b'7Networks_LH_Cont_Par_1',b'7Networks_LH_Cont_pCun_1',b'7Networks_LH_Default_PFC_1',b'7Networks_LH_Default_PFC_2',b'7Networks_LH_Default_PFC_3',b'7Networks_LH_Default_PFC_4',b'7Networks_LH_Default_PFC_5',b'7Networks_LH_Default_PFC_6',b'7Networks_LH_Default_PFC_7',b'7Networks_LH_Default_Par_1',b'7Networks_LH_Default_Par_2',b'7Networks_LH_Default_Temp_1',b'7Networks_LH_Default_Temp_2',b'7Networks_LH_Default_pCunPCC_1',b'7Networks_LH_Default_pCunPCC_2',b'7Networks_LH_DorsAttn_FEF_1',b'7Networks_LH_DorsAttn_Post_1',b'7Networks_LH_DorsAttn_Post_2',b'7Networks_LH_DorsAttn_Post_3',b'7Networks_LH_DorsAttn_Post_4',b'7Networks_LH_DorsAttn_Post_5',b'7Networks_LH_DorsAttn_Post_6',b'7Networks_LH_DorsAttn_PrCv_1',b'7Networks_LH_Limbic_OFC_1',b'7Networks_LH_Limbic_TempPole_1',b'7Networks_LH_Limbic_TempPole_2',b'7Networks_LH_SalVentAttn_FrOperIns_1',b'7Networks_LH_SalVentAttn_FrOperIns_2',b'7Networks_LH_SalVentAttn_Med_1',b'7Networks_LH_SalVentAttn_Med_2',b'7Networks_LH_SalVentAttn_Med_3',b'7Networks_LH_SalVentAttn_PFCl_1',b'7Networks_LH_SalVentAttn_ParOper_1',b'7Networks_LH_SomMot_1',b'7Networks_LH_SomMot_2',b'7Networks_LH_SomMot_3',b'7Networks_LH_SomMot_4',b'7Networks_LH_SomMot_5',b'7Networks_LH_SomMot_6',b'7Networks_LH_Vis_1',b'7Networks_LH_Vis_2',b'7Networks_LH_Vis_3',b'7Networks_LH_Vis_4',b'7Networks_LH_Vis_5',b'7Networks_LH_Vis_6',b'7Networks_LH_Vis_7',b'7Networks_LH_Vis_8',b'7Networks_LH_Vis_9',b'7Networks_RH_Cont_Cing_1',b'7Networks_RH_Cont_PFCl_1',b'7Networks_RH_Cont_PFCl_2',b'7Networks_RH_Cont_PFCl_3',b'7Networks_RH_Cont_PFCl_4',b'7Networks_RH_Cont_PFCmp_1',b'7Networks_RH_Cont_Par_1',b'7Networks_RH_Cont_Par_2',b'7Networks_RH_Cont_pCun_1',b'7Networks_RH_Default_PFCdPFCm_1',b'7Networks_RH_Default_PFCdPFCm_2',b'7Networks_RH_Default_PFCdPFCm_3',b'7Networks_RH_Default_PFCv_1',b'7Networks_RH_Default_PFCv_2',b'7Networks_RH_Default_Par_1',b'7Networks_RH_Default_Temp_1',b'7Networks_RH_Default_Temp_2',b'7Networks_RH_Default_Temp_3',b'7Networks_RH_Default_pCunPCC_1',b'7Networks_RH_Default_pCunPCC_2',b'7Networks_RH_DorsAttn_FEF_1',b'7Networks_RH_DorsAttn_Post_1',b'7Networks_RH_DorsAttn_Post_2',b'7Networks_RH_DorsAttn_Post_3',b'7Networks_RH_DorsAttn_Post_4',b'7Networks_RH_DorsAttn_Post_5',b'7Networks_RH_DorsAttn_PrCv_1',b'7Networks_RH_Limbic_OFC_1',b'7Networks_RH_Limbic_TempPole_1',b'7Networks_RH_SalVentAttn_FrOperIns_1',b'7Networks_RH_SalVentAttn_Med_1',b'7Networks_RH_SalVentAttn_Med_2',b'7Networks_RH_SalVentAttn_TempOccPar_1',b'7Networks_RH_SalVentAttn_TempOccPar_2',b'7Networks_RH_SomMot_1',b'7Networks_RH_SomMot_2',b'7Networks_RH_SomMot_3',b'7Networks_RH_SomMot_4',b'7Networks_RH_SomMot_5',b'7Networks_RH_SomMot_6',b'7Networks_RH_SomMot_7',b'7Networks_RH_SomMot_8',b'7Networks_RH_Vis_1',b'7Networks_RH_Vis_2',b'7Networks_RH_Vis_3',b'7Networks_RH_Vis_4',b'7Networks_RH_Vis_5',b'7Networks_RH_Vis_6',b'7Networks_RH_Vis_7',b'7Networks_RH_Vis_8'
"[ 0.46576749  0.34171816  0.30120519  0.26005929  0.32137415  0.17491397
 -0.31133384  0.43356052  0.28883869 -0.10244208  0.15987531  0.25589307
  0.21984001 -0.23824222 -0.34692287  0.34485513  0.27980918 -0.08039857
 -0.45131599  0.14327165  0.46925852  0.43285739 -0.20681256  0.31660591
 -0.27608545  0.21292079  0.48305824  0.08184347  0.37768084 -0.19162411
  0.58996696  0.11390086  0.12045174  0.52594238 -0.20959312  0.28659234
  0.39094866  0.54397481  0.45631113  0.46045656 -0.14485384 -0.41765956
 -0.34327522 -0.08151365  0.57123095 -0.12425196  0.17868778  0.07014273
  0.31958967  0.5589986   0.23690278 -0.31612806  0.33055159 -0.31997389
  0.02159368  0.38034129  0.2281421   0.15376736  0.29035767  0.29426571
 -0.01577227  0.32426082  0.69548298  0.3548194   0.35066688  0.60719335
  0.51657959  0.39456164  0.42316876 -0.28647693 -0.26074511  0.33950864
  0.30694677 -0.3557601  -0.1890863   0.1230272  -0.25943122  0.75925662
 -0.17983437  0.38003359 -0.10393936  0.70361147  0.09334142  0.44952904
 -0.29773304  0.21019483 -0.30460324 -0.53940499  0.46080899  0.36295705
  0.52088561  0.27465231  0.24832901  0.37573327]","[-0.34132918  0.38913624  0.32642945  0.32036721  0.27466755 -0.18883827
  0.48233307 -0.31647853  0.26229693  0.55536771  0.13499409 -0.01408029
 -0.13505771 -0.34257687 -0.25717209  0.37006529 -0.43229603  0.28061936
 -0.20566167  0.32067211 -0.27093294 -0.21851438  0.29357564  0.57722487
  0.5898354  -0.09091154  0.53746977  0.29818348  0.17622181  0.17221268
  0.59283293 -0.26783516  0.3167383   0.37484167 -0.31039292  0.00225115
 -0.37126184 -0.42723515  0.43197129  0.48336614 -0.15615315  0.50449696
  0.26244143 -0.00917618  0.57223255  0.40820336  0.16514675 -0.29285991
 -0.39950927  0.47825832 -0.2235888   0.42041803 -0.14789557  0.18618844
  0.26717933 -0.51908261  0.08495973 -0.3475388   0.32169739 -0.4414015
 -0.26843854 -0.36707306  0.49990323  0.50524885  0.29805668  0.61911369
  0.53691601  0.32704319  0.16905946  0.50470144  0.56202655  0.35294853
 -0.56562097 -0.13506822 -0.12619403 -0.06202853  0.04983956  0.58794704
 -0.17801202  0.34921675 -0.01690101  0.26749056  0.37974522 -0.43546758
  0.50050126  0.07908401  0.3271956   0.61719508  0.47017574  0.84499458
  0.20335604  0.0723171   0.24203558  0.37274133]","[ 0.13397064  0.434246    0.51014382  0.08007858  0.38069332  0.20540671
  0.4894265   0.14029876  0.23518758 -0.17124977  0.1945177   0.39127309
  0.49319278  0.20310934  0.57362213  0.23647851 -0.04888261  0.33267805
  0.53780638  0.26197845 -0.04622565  0.27285846  0.00416999  0.23117204
 -0.35867596  0.15238501  0.47595724  0.5672275  -0.33440755  0.29855523
 -0.2393526  -0.36856895  0.44387111  0.21530296  0.37485651  0.58473987
  0.51294975 -0.29632968  0.14488312 -0.38420679  0.25454162 -0.26017946
  0.18604482  0.18423607  0.35381529  0.26585177  0.47101499 -0.06067998
  0.09952525 -0.31091449  0.27531589  0.1798626  -0.09045899  0.43552218
  0.51062898  0.19925789  0.27226797 -0.12947309  0.17604472 -0.31035143
 -0.10618577  0.47589576 -0.47736089 -0.13399415  0.36683298  0.06685487
  0.26158527  0.42690909 -0.15123244  0.00895572  0.46648131  0.55623016
 -0.15522167 -0.23205298  0.23230291  0.19630359  0.35016382 -0.34443274
  0.56803755  0.20793657  0.19679761  0.30809406  0.121996   -0.10768787
 -0.29842497  0.48627157  0.16799222 -0.5555101   0.16341307  0.62215694
 -0.10051673  0.51893875  0.42227639 -0.14819141]","[ 0.11089358 -0.00622916  0.44196114 -0.32901633  0.564581    0.14301981
 -0.31095892  0.35277496  0.33988038  0.29940748  0.52021077 -0.18283849
 -0.2290408  -0.14603281  0.17186525 -0.35204916 -0.613032   -0.52986626
  0.16146196  0.31163161  0.62079441  0.32463244  0.42846541  0.63294532
  0.52598607 -0.17781318  0.34695049  0.45779445 -0.03070632 -0.22494903
  0.52182104  0.0742157   0.4635921  -0.25029537 -0.5895431   0.00956549
  0.28451549 -0.45252074 -0.10372678  0.48305425 -0.1513682   0.34447029
 -0.23758081  0.47492427  0.35267912  0.3936212   0.25768788  0.34522223
 -0.3493668   0.71901797  0.39188053 -0.0815133   0.42862452 -0.11118998
  0.34427081  0.57973142  0.43170113 -0.38990283 -0.16430864 -0.2256756
  0.53813605  0.22563077  0.68529776  0.53414476  0.39895277  0.27934529
  0.47087736 -0.01491258 -0.27853429 -0.4747697   0.5263039   0.57802061
 -0.65166179 -0.03109422  0.10345146  0.2028184  -0.28341285  0.30023172
  0.53531231  0.26271765 -0.28347787  0.49149346 -0.22518981 -0.32508188
  0.60563866 -0.00332627 -0.28531125  0.63717392  0.50116741  0.48436009
 -0.25189979  0.15843934  0.28154402  0.42181207]","[ 0.81891506  0.30575074  0.33620399 -0.16302228  0.35585556  0.31861004
 -0.11503392  0.56337391  0.63238953  0.52079392  0.22187015  0.36246664
  0.47517303 -0.41884508 -0.08738408  0.48131454  0.31056815  0.57164524
  0.22219172  0.47097065  0.54832924  0.48088024 -0.05290065  0.58663103
  0.27306935  0.33834202  0.8257661  -0.24519559  0.10611472 -0.17895249
  0.50718572 -0.22884398  0.31380259  0.58510959  0.12382735  0.77575675
 -0.2060124   0.6232694   0.72659624  0.58730269  0.31079852  0.32926295
  0.28224481  0.43638024  0.63981713  0.04332744 -0.57160364  0.26326655
 -0.31962901  0.80137318  0.42471431  0.34330077  0.49423213 -0.13124264
  0.37900915  0.60647074 -0.39900972  0.55637826 -0.05446415  0.33703844
  0.44214718  0.53562552  0.72261895  0.71965344  0.41270545  0.60706879
  0.70135005  0.50819837  0.43136441  0.30221305  0.30631441 -0.13096307
  0.29621568  0.35561092  0.1228139   0.13416075 -0.27775404  0.72182744
  0.45851614 -0.15207905  0.26667682  0.67577393  0.17715524  0.34078111
  0.6297553  -0.45328727 -0.05107778  0.59485912  0.6362659   0.45666119
  0.58802868  0.17878586 -0.31768965 -0.30166671]","[ 0.45288833  0.390899    0.23163678 -0.4266284   0.37921771  0.26696137
 -0.52426519  0.65510246  0.51054696  0.54976991  0.13652802  0.43646716
  0.68983588 -0.30316947 -0.3636909   0.47921347 -0.45274956  0.39776106
  0.45395501  0.48346261  0.39567248  0.57461872 -0.19017485  0.64525344
  0.31494693  0.35368806  0.70320809 -0.28711562  0.55722194 -0.17666639
  0.57897317  0.42748024  0.25398175  0.59833348  0.34998215  0.5543173
 -0.30621786  0.34015064  0.51876276  0.3593969   0.13210286 -0.07457175
  0.38163659  0.35595724  0.32946129 -0.05951277 -0.53961675  0.5371035
 -0.27388097  0.73448097  0.56827512 -0.3268121   0.52414013 -0.48697552
 -0.03209455  0.74472449 -0.08825563  0.45282516  0.24700794  0.3221831
  0.63853883  0.44322908  0.67839341  0.68291501 -0.28819554  0.66243141
  0.66111    -0.29647392  0.36973296 -0.32029355 -0.02609413  0.18860414
 -0.04679349 -0.16852855  0.1589447   0.09930728  0.17059593  0.68905697
 -0.3833956  -0.32177411 -0.36335731  0.54430789  0.14467343  0.40689134
  0.44524427 -0.24594239  0.11356427  0.37203086  0.68144918  0.68647188
  0.56300964  0.57127461 -0.22000619 -0.33974321]","[-0.18646328 -0.29099908  0.46908886 -0.34489747  0.34591619  0.42393354
  0.48580841  0.32531662 -0.37964131  0.35411825  0.25569965  0.35402729
  0.4695652  -0.08236839  0.48150912 -0.24102291 -0.22222775 -0.35178378
 -0.27154783  0.14993878  0.260942   -0.25216479  0.37913698  0.08091238
  0.31494782  0.3175427   0.55099485  0.40354227 -0.25053817 -0.23191255
 -0.09467178 -0.19274861  0.28854777  0.28596114  0.25114543 -0.35137472
  0.10120568 -0.30071017  0.33108022  0.39087604 -0.27729232 -0.36190334
  0.14520723 -0.25746156  0.34793791  0.04408403  0.25939341  0.35160644
  0.12670446 -0.17148055  0.38212112 -0.10086655  0.00722738 -0.25970162
  0.48621442  0.47938816  0.30441657  0.15006665  0.10512318  0.28156668
 -0.28572694  0.09441785  0.62422504 -0.31180951 -0.04398972 -0.19032615
 -0.272032    0.46173044 -0.29952548 -0.17687238  0.29641952  0.46084365
  0.31602666 -0.18432411  0.21274928  0.200688   -0.24200512 -0.46280262
  0.30940008  0.38516675 -0.20614748  0.32653443 -0.21766554  0.14617007
  0.34870772 -0.16897763  0.31291503  0.1760572   0.2815944   0.40870622
 -0.13850463  0.60471801  0.34803276  0.05476811]","[-0.26939625 -0.21964883  0.4585692  -0.26556133  0.3243934   0.30170373
  0.04672265  0.31742284  0.20897595  0.24431854 -0.18227223 -0.4299121
  0.0883181  -0.50516951 -0.26622504  0.35070035 -0.52012076 -0.23863317
  0.38947768 -0.07466407 -0.0979725   0.14572806  0.15009366  0.30210436
  0.52849043  0.23101166 -0.28781349  0.45032304  0.28984562  0.46628402
 -0.16033543  0.18651663  0.30709346 -0.17386373 -0.10878358 -0.10162457
  0.23900162 -0.16442318 -0.2297296  -0.46211958 -0.13586936  0.27975815
  0.19070148  0.2248434  -0.63303081 -0.23926049 -0.30157911  0.5611314
  0.11408648  0.33720344 -0.30322525 -0.36520565 -0.10437582 -0.31008296
 -0.23579961  0.73999941 -0.41151691 -0.04165207 -0.15807672  0.17243017
  0.64410115  0.06237813 -0.2720959   0.13132624  0.57870259 -0.30237708
 -0.16744005 -0.39991102 -0.378628   -0.51031921  0.43714949  0.29446251
 -0.32749408 -0.11835808 -0.1457392   0.23213538 -0.09012695 -0.44937884
 -0.16823028  0.12693373 -0.2340089  -0.24758525  0.093067   -0.16645977
  0.2600664   0.32700199  0.16749314 -0.39725225  0.65541988  0.45657106
  0.08846226 -0.37098531  0.18496266  0.4745317 ]","[-0.3545888   0.176122   -0.25577229 -0.13898469 -0.28851724 -0.02585851
  0.12852042 -0.10187183 -0.20787066 -0.2340307  -0.19511892  0.41659574
  0.24866819  0.11486345 -0.07087883 -0.41081165  0.21827135  0.45346576
  0.20399224  0.15432856  0.55387948  0.42464288  0.46049834 -0.11586247
 -0.14232482 -0.24367474  0.33663707 -0.1305528   0.39578804 -0.14669768
  0.20412558 -0.12290569 -0.2717366   0.45806077  0.19057941  0.33903897
  0.36190781  0.43032864 -0.34686114  0.36532026  0.22665471  0.17722771
 -0.17937498 -0.26826774  0.49650166  0.45446875 -0.14784618  0.26672953
  0.2866479   0.5216115   0.51056305  0.33247956 -0.10719879  0.13789055
  0.21824096  0.37985445 -0.04212303  0.1703323  -0.33022871 -0.33457439
 -0.13828621  0.25452532  0.50807     0.35134982  0.42140936  0.26344709
  0.34321568 -0.33528271  0.29928211  0.24878577 -0.11340881 -0.16325581
  0.33510201  0.49459842  0.23174517  0.41841891  0.49680613  0.65153985
  0.20565155  0.2466463   0.31153947  0.63910989 -0.17595271  0.34460476
  0.6395093   0.17635741  0.30874307  0.22786659  0.1843991  -0.42692958
  0.12918445  0.40845025  0.31283193  0.10759689]","[ 0.26006747  0.31431731  0.12594264 -0.46779327  0.28766665  0.41678281
  0.3500607  -0.34201139  0.16916025 -0.22052532  0.39901675  0.11905715
  0.50574193 -0.32822643  0.32327225 -0.54184602  0.33550078  0.18865524
  0.22406395  0.17423961  0.50673796 -0.30936455  0.22664036  0.33031591
  0.4467058  -0.32256102  0.71268224 -0.38425501  0.20846815  0.24741561
  0.30937888 -0.25546967  0.55599942  0.48374598 -0.33532667 -0.32954265
  0.09372029  0.64431471 -0.27880703  0.66201154 -0.32567609  0.33311304
  0.29748841 -0.1709361   0.47301558 -0.38826185 -0.06761675  0.29466425
 -0.19464413  0.41778611  0.59025154 -0.45670637  0.27055077 -0.18861577
 -0.25894926  0.66216244 -0.25615559 -0.22141689 -0.34435238  0.33332818
  0.08048362  0.06474547  0.41208329  0.67817228  0.30789899  0.454725
  0.3923095   0.19951598  0.30483742  0.34425401  0.34532323  0.56519154
  0.22932434  0.40699475  0.30708437  0.11371656  0.02089274  0.59975458
  0.56478864  0.18918281  0.13166363  0.17475651  0.23659446  0.14993067
  0.54496388  0.57861793  0.24799418  0.50919928 -0.14899066 -0.1124223
 -0.28805718  0.59221768  0.50978159  0.23476229]","[ 0.42037228  0.49772389  0.39871345  0.38830636  0.33982424 -0.1285506
  0.11813243  0.2653184   0.48093205 -0.2257832  -0.15263435  0.55280387
  0.34920815  0.28777582  0.44975554  0.27434927  0.37596847  0.36865149
  0.22666415  0.45353227  0.24185894  0.59001324  0.66483659  0.64054251
 -0.25384183  0.5278718   0.66541633 -0.18865956  0.45229558 -0.26852565
  0.25296186 -0.25366552  0.41060003  0.5573437   0.43959968  0.71269385
 -0.11890133  0.71235348  0.62361166  0.39351082  0.36153488  0.47575669
  0.57132129 -0.16512928  0.66873228 -0.39510705 -0.38063209  0.35757144
 -0.16479566  0.80904964  0.74904381  0.38055739  0.3060248  -0.26891424
 -0.35076985  0.58972473 -0.02285331  0.18932722 -0.23937045  0.42723456
 -0.2296582  -0.38595235  0.54961046  0.37109412  0.40048783  0.4484117
  0.51893639  0.22965997  0.32373339  0.54548471  0.03579502 -0.16302164
  0.63064346  0.46937983 -0.12490097  0.35999552  0.30289639  0.78036105
  0.46506428  0.14556208  0.26781705  0.71361411  0.223768    0.59155073
  0.39450729 -0.20634864  0.43716864  0.62651354  0.70708709  0.52938122
  0.5245113  -0.30279241 -0.27107752  0.5095121 ]","[-0.18466016  0.30904245  0.44322751  0.14067646 -0.14867376 -0.24341049
  0.23711952  0.39152902  0.29887888  0.50946894  0.25699487  0.06954324
  0.14969026  0.24214279 -0.35565957  0.19584378 -0.53544152 -0.21236319
 -0.47345112  0.30249752 -0.11152815  0.34990595  0.40271991  0.35783211
  0.53892039  0.32175955  0.59648912 -0.18674566  0.1695039  -0.20270096
  0.56947517 -0.34230142 -0.05142288  0.46892008 -0.46866884  0.14448577
 -0.36736528 -0.35136812  0.41559918  0.40705347 -0.25014307  0.60913724
  0.24936586  0.20910263  0.61016484  0.58725061 -0.17213783  0.33021214
 -0.41552694  0.49722767  0.50035271  0.23091533  0.4794373  -0.28980876
  0.55490417 -0.31905843  0.16531649 -0.48182419 -0.23948645 -0.31005664
  0.2207142  -0.13291542  0.39902077  0.49696952 -0.18331022  0.55450477
  0.5500335   0.26769612  0.40612764  0.11795271  0.54281288  0.52505315
 -0.56717577 -0.21353666  0.09924102  0.22731533 -0.36543261  0.44331557
 -0.26915783  0.38686256  0.3024145   0.19435359 -0.20227002  0.30306738
  0.40322292  0.22154472  0.2267094   0.56186263  0.53473277  0.71409651
 -0.06554117 -0.26442411 -0.32042876  0.22294126]","[-0.28453435  0.36735578  0.17366763  0.41476007  0.45255038  0.36796009
  0.5505882  -0.17830418 -0.28032444 -0.23812124  0.3426046   0.30930098
  0.61732468  0.21184074  0.56556783 -0.21433223  0.3726918   0.27680802
  0.48984428  0.34345052 -0.1307267  -0.14193685  0.31563035  0.18248852
  0.30007682 -0.03517644  0.42685204  0.47377902 -0.37874179  0.32038493
  0.11517804 -0.41981185  0.39020957  0.10659119  0.50893463  0.56932319
  0.47358903  0.17407789 -0.12934946 -0.23679489 -0.09148451 -0.32283043
  0.15476523  0.13283879  0.56256287  0.23631792  0.48395036  0.32827718
  0.31941584 -0.1941294  -0.16478842  0.40662259  0.14304759  0.58545418
  0.59015182  0.15475345  0.21018964  0.39698879 -0.16320319  0.15018769
  0.08948557  0.32851001 -0.06671442  0.47114262  0.57957697  0.32279394
  0.05102194  0.63941    -0.36013709  0.40387239  0.32318946  0.61960685
  0.56379157  0.19544577  0.54664243  0.1648038   0.14361895  0.31426609
  0.54309443  0.35768543  0.3514922   0.26731605  0.06033297  0.25269477
  0.49668105  0.45777976  0.22527691  0.45211839 -0.07529026  0.47871315
  0.34938106  0.36794292  0.59014879 -0.19001767]","[ 0.36798737 -0.26154585  0.55443965 -0.41414051  0.40746022  0.45410701
 -0.1850702   0.3730347   0.38690657  0.43354699  0.38857958  0.49096092
  0.53698738 -0.2799578  -0.1563243  -0.32312104 -0.35668869 -0.06471347
 -0.43032612  0.28302891  0.61747642  0.50897424 -0.27063569  0.43628495
  0.5407738  -0.24055042  0.46952039 -0.02904122  0.3284777   0.14113108
  0.52129878 -0.32433205  0.4175987   0.25060593 -0.22380801  0.49633047
 -0.1378577   0.30601953  0.04694497  0.34030074 -0.15396376  0.39996529
 -0.08216546  0.51674875  0.52729082  0.6002526   0.30866725 -0.123598
 -0.3427858   0.69094398  0.42525697  0.25293722  0.50031812  0.20984331
  0.27619484  0.61463792  0.46916697 -0.4445458   0.26498726  0.2114619
  0.54962443 -0.11425141  0.6656534   0.63193142  0.37630622  0.43707434
  0.48802916 -0.17076344  0.42977095 -0.46046906  0.49189429  0.45363055
 -0.56969985 -0.26112384  0.15402808  0.22372263  0.33080216  0.29439918
  0.37458808 -0.17861898  0.27796196  0.49926071 -0.27511998  0.39046799
  0.33780982 -0.31024155 -0.27719298  0.55362814  0.56255256  0.357201
  0.18655032  0.15191157  0.24513671  0.35530345]","[ 0.75526581  0.31571463 -0.2374579   0.20772086  0.44801006  0.36559986
  0.23461873  0.47760869  0.56555593  0.32108844  0.23999005  0.16768754
  0.35676492 -0.25045958  0.09247193  0.43092445 -0.40456245 -0.3075681
 -0.10645905  0.37319614  0.48960627  0.34801039 -0.10619291  0.4382813
  0.34694264  0.2137323   0.70296239 -0.16469376 -0.27532267 -0.11862653
  0.40293896 -0.18077927  0.40809092  0.29980331 -0.13774552  0.53134841
  0.28570261 -0.12250716  0.54461353  0.39984871 -0.22483078  0.20443815
 -0.25134946  0.3835594  -0.35976509  0.4009196  -0.28407915 -0.17986168
 -0.35946872  0.73806112 -0.20255021  0.3715696   0.36320093 -0.34729551
 -0.29248855  0.58876889 -0.35066743  0.3593564   0.20410135 -0.01024466
  0.42329848  0.31514226  0.69024746  0.33432642 -0.28437549  0.52292476
  0.14871456 -0.00930487  0.20449669 -0.35900027 -0.05528297 -0.04400791
 -0.30441345  0.06230967  0.09377341  0.37007461 -0.13892221  0.62398621
 -0.32548255 -0.15515853  0.45892161  0.59548082 -0.09308383 -0.10901838
  0.51516576 -0.57125259  0.15946672  0.5384745   0.56808693  0.17392518
  0.21776444  0.45623744 -0.25185654 -0.22620533]","[ 0.65221569 -0.26800656 -0.37264767 -0.23246205  0.61873175  0.33355617
 -0.42813507  0.60721159  0.45016187  0.51018236  0.06994379  0.43948943
  0.55311026 -0.26841257  0.24412391  0.51256746 -0.27757373  0.11912195
  0.21189285  0.49984761  0.59597948  0.5153251   0.25263483  0.33858724
  0.3451915  -0.29918148  0.66213361 -0.08302821  0.46261272  0.43691282
  0.36428599 -0.2311197   0.21694737  0.59418241  0.14756073  0.52116189
  0.45194712 -0.22176259  0.19597207  0.39586083  0.05919173  0.22523859
 -0.29206521  0.45789486 -0.03279619  0.2456911   0.26706064 -0.18358601
 -0.29226215  0.7512215  -0.06462053  0.53063697  0.43696647  0.00514658
 -0.1269865   0.77602053 -0.5037888   0.48091516  0.21965527  0.24283438
  0.64816375  0.22113183  0.68454438  0.26391269  0.28831603  0.60331629
  0.5492754  -0.53218932  0.49647472  0.30604725  0.13598296  0.25308062
  0.52528696 -0.28353103  0.25968444 -0.11912338 -0.23990973  0.62948649
 -0.20972962 -0.36392767  0.2749222   0.3859162   0.16203223  0.42360369
  0.28834291  0.36849315  0.34587369  0.5388028   0.6467022   0.5830531
  0.24846567  0.58866514 -0.46953426 -0.27193706]","[-0.27353171  0.06332692 -0.13816694 -0.02647239  0.58208439  0.40514707
  0.5430371   0.02386072 -0.1756703  -0.15916143  0.35528958  0.35222717
  0.48377691  0.32280883  0.42487011 -0.37515686  0.25111102  0.20333532
  0.4359472   0.24001699  0.23866161  0.20800697  0.45875895 -0.24612503
  0.41814631  0.19114652  0.4651664   0.48619838 -0.30821352  0.05306255
 -0.13612487  0.17853041  0.14526308  0.30466385  0.33024097  0.24137066
  0.49859549 -0.25948489  0.25080959 -0.28993024  0.06504853 -0.36446638
  0.19289126  0.18102241  0.54349314  0.37716645  0.37485719 -0.0848642
  0.35305889 -0.08714364  0.23578789  0.38640782  0.0649542   0.44340337
  0.51678617  0.35581619 -0.16716268  0.4682801   0.34859659  0.28847548
  0.25116412 -0.44544589  0.49477422  0.31278058  0.52758532  0.22727025
 -0.15195653  0.50349234 -0.4277815   0.32459478  0.25142411  0.3846679
  0.60247752  0.53258597  0.55012189  0.17987047 -0.24180871 -0.35294448
  0.52975339  0.66361649  0.41221231 -0.20750052  0.04015097 -0.08834039
  0.39823092  0.33301678  0.29465719 -0.14572525  0.16037267  0.48245792
  0.20703545  0.61336036  0.39530473  0.00388585]","[ 0.01814921 -0.05256816  0.5018657  -0.46876956  0.22079078  0.32065855
  0.01853524  0.47059233  0.26279237  0.35570553 -0.09769176 -0.00517949
  0.34435576 -0.26227216 -0.11234265  0.35623826  0.29424672  0.45698605
  0.28641599  0.24096507  0.3526547  -0.34492715  0.41572379  0.07811378
  0.51805719 -0.26178566 -0.27601178  0.40755529  0.44340504  0.49210651
  0.35792377 -0.23482266  0.07082416 -0.2174135  -0.09045476  0.46936759
  0.26547644 -0.45194103 -0.2362139  -0.27818658  0.17729364 -0.22631781
  0.26823568  0.35983039 -0.53460854 -0.1062191   0.32224799  0.39096287
  0.16747241  0.36455923 -0.22126815  0.18619131  0.35780534  0.19976622
 -0.39745244  0.83087224 -0.19138167 -0.26708445  0.34604564  0.11332284
  0.65370993 -0.2097589  -0.1264548   0.35828828  0.52348834 -0.30132292
 -0.17838774  0.17396406  0.33012755 -0.37941749  0.17694498 -0.06102303
 -0.24490865  0.34996119  0.09390511  0.12400189 -0.10485154 -0.32330732
 -0.345466   -0.19892334 -0.26910906 -0.06159992  0.1254521   0.51441608
  0.32769014 -0.02092382  0.0440644   0.36089162  0.67088922  0.48077987
 -0.17256971 -0.31597346 -0.17572319  0.39752126]","[-0.19788195 -0.08660081  0.12824658 -0.48733129  0.3862325   0.23388532
  0.42500057 -0.272635   -0.15030365  0.02158256  0.36410957  0.19365332
  0.47943275 -0.42311864  0.29255616 -0.20415127  0.1180931  -0.16056031
  0.15283774  0.2532593  -0.17055937  0.12019629  0.22201408  0.15816064
  0.37102618  0.20642754  0.54254337  0.06237127  0.36695292  0.27455681
  0.44290202 -0.06765733  0.46123323  0.38869383  0.19060651 -0.36078437
 -0.29843443  0.31537914 -0.27893246  0.60083768 -0.12951844 -0.24007223
  0.14501412  0.10026369  0.34479527  0.01118532  0.05373881  0.17473761
 -0.29606832  0.42352035  0.49918348  0.21975014  0.21204295 -0.08028551
 -0.18896349  0.43423063 -0.44033435 -0.19413093  0.21799412  0.39538444
  0.01563478  0.09460519  0.78291647  0.39935437  0.04434411  0.02885084
  0.49005795  0.00807845  0.25978291  0.27534795  0.0930956  -0.18297314
  0.46442276  0.27398702  0.40427634  0.34070766  0.01779012  0.5250073
 -0.02209541 -0.18588406 -0.35770863  0.31009142  0.23908225  0.08523152
  0.39332893  0.27435193  0.18385047  0.41250717 -0.20221689 -0.27587273
 -0.32351605  0.37762342  0.29932915 -0.13350247]","[ 0.04321552 -0.11410389  0.21006381  0.21087002  0.55963634  0.56930911
  0.55395468 -0.41960558 -0.27771025  0.34638417  0.6171637  -0.16010041
  0.44679153 -0.4058771   0.60636778 -0.52006527  0.08167618  0.35675395
 -0.18454005 -0.21836958  0.26136175 -0.31770905  0.1981073  -0.2685814
  0.27541928 -0.32798593  0.60693534 -0.25255058 -0.22507956  0.39200825
  0.17470555  0.20433899  0.82231572  0.33052978 -0.28635494  0.52391328
  0.59861003  0.26720933  0.48060616  0.70812474  0.23554759 -0.24618124
  0.21193129 -0.24207074  0.28865388  0.46479901  0.31683728  0.29238811
 -0.25455565 -0.33764934  0.33685001  0.2318012   0.31829645  0.28533583
  0.33978953  0.39702513  0.0731454  -0.2944678   0.45794614  0.44904568
 -0.01809342 -0.25912155  0.43753581  0.43664559  0.22896047 -0.21506433
 -0.08813879  0.22992923 -0.26589999  0.51449135  0.53930255  0.50204516
  0.52659677 -0.18356812  0.59487043  0.13508761  0.59667845  0.17325169
  0.72071154  0.32825562 -0.23724331  0.33055134  0.53464256  0.14082359
 -0.37792825  0.6881252   0.39022678 -0.21634845  0.32581907  0.13591034
  0.29481647  0.68497704  0.5949213  -0.3312307 ]","[ 0.23712004  0.54355376  0.28178201  0.34979946  0.32301956 -0.08982668
  0.0520586   0.30775152  0.3136968  -0.24249633 -0.18304691  0.54336984
  0.47237474 -0.33251661  0.04480423  0.45519043 -0.23523244  0.33509724
  0.21838593  0.3247726   0.36007374  0.54444278  0.57659466  0.5789789
 -0.17285426  0.42648775  0.68479436 -0.23878225  0.3285359   0.04665245
  0.44882484 -0.32371121  0.19706472  0.55449583  0.50205208  0.67062118
 -0.29474022  0.48472077  0.36609842  0.39705856  0.12625626  0.4295022
  0.33391271 -0.16329387  0.63411432 -0.31597075 -0.26575788 -0.06495723
  0.30408597  0.82039286  0.67397762 -0.22110437  0.36245557 -0.50809194
 -0.36012875  0.66257348 -0.32610471  0.12996091  0.33604606  0.45648211
  0.39908674 -0.3001534   0.73369774  0.35251967  0.42896719  0.41384299
  0.36177816  0.35754929  0.35634469  0.22000077 -0.25951725  0.31036523
  0.21276755 -0.22144766  0.29508919  0.2943351   0.28381722  0.74097447
  0.12915191  0.19901324 -0.0117282   0.78648868  0.25276138  0.60044786
 -0.05576717 -0.127831    0.2488922   0.65947764  0.68009133  0.50120173
  0.60082974 -0.112296    0.21669487  0.39075506]","[ 0.31802256  0.28150895  0.1984879   0.24347642  0.30224962  0.14174643
  0.05880228  0.34058979 -0.16196144  0.55502464  0.09685696  0.01620421
 -0.12359233  0.40308524 -0.3602331  -0.20636913 -0.1427314  -0.33233212
  0.41456303 -0.08697886 -0.16470147 -0.27607802  0.14330939  0.00873003
  0.30488844  0.04034911  0.4059198  -0.11386533  0.58292759  0.39700616
 -0.21176308 -0.19287118 -0.02222922  0.04073047 -0.18040095 -0.17726893
  0.474581   -0.17242814 -0.17878888  0.27391617  0.29854446  0.43885723
 -0.52743984  0.0502674  -0.26406449 -0.14619855 -0.22017456 -0.01706653
 -0.01816122  0.47842166 -0.08775663 -0.11174264 -0.09061711  0.16732725
 -0.29258906  0.3356933   0.30084628  0.36482685  0.25771477  0.31903253
  0.46549916  0.1999664   0.01827921  0.35530791 -0.26354623  0.05636711
  0.29893112 -0.40444685  0.2935027   0.09107877  0.55223038 -0.21964066
  0.60548675  0.22566967  0.49876561  0.36659018 -0.22161404 -0.2389515
 -0.23815467 -0.10790968 -0.28962411  0.23773505  0.12227217  0.36464984
 -0.08703764 -0.15473851  0.08606647  0.14114459  0.37135202 -0.46477729
  0.33218207  0.074169   -0.35285409 -0.18025676]","[ 0.52725566  0.03359729  0.50140711  0.37470842  0.50713285  0.37892542
  0.2936778   0.70657042  0.46029686  0.4129796   0.16676061  0.55006429
  0.20072018 -0.26872651  0.29620495  0.29091598 -0.45944903  0.5749853
  0.13291647  0.59050332  0.60461073  0.65758392 -0.29996577  0.37876308
  0.62404357 -0.25784788  0.36377289  0.1455967   0.34779909 -0.22196642
  0.46042487  0.33245975  0.32832805  0.49031487  0.34815079  0.68004976
  0.65504404  0.45030458  0.76696727  0.52232708  0.34383992 -0.5249934
  0.51186716  0.38825991  0.78439432  0.23544134  0.34112981  0.42772697
 -0.21185592  0.72165817  0.36000134 -0.11240712  0.55451944  0.00104023
  0.45253371  0.753845    0.1847843   0.38387068  0.2177066   0.39369758
  0.55933277  0.36130777  0.74417481  0.48892312  0.23542359  0.5348307
  0.77563977  0.28862864  0.59273604 -0.25025285 -0.21601203  0.44144328
  0.02460252  0.0081207  -0.01145673 -0.1913839   0.38917681  0.86542307
  0.56168603  0.17698248  0.03744941 -0.5955822   0.56897659  0.45048403
  0.19973963  0.65586855  0.03423452  0.56271348  0.63287675  0.40348915
 -0.23361551  0.45618247 -0.20881726 -0.34677135]","[ 0.60777162  0.30839326 -0.15778908 -0.2080868   0.13711818  0.11396042
  0.38990116  0.43255455  0.2046321   0.51436681  0.23487834 -0.20500569
  0.32606806  0.02366948  0.08665386  0.5756198   0.28575751 -0.31765333
  0.51128835  0.74494623  0.54918716  0.47567353  0.22789452  0.6150474
  0.54666599  0.3752693   0.69562456 -0.0077758   0.24998749  0.41757077
  0.61106292 -0.38022462  0.2815972   0.6748068   0.53166857  0.78082227
  0.43271723  0.72318441  0.73195743 -0.23421093  0.40252508  0.59051213
  0.64877644  0.59224212  0.82477076  0.24761365  0.35302725  0.61255814
  0.50398451  0.82767741  0.62994793  0.35937119  0.20271773  0.51453066
  0.72838623  0.63049497  0.03527592  0.10433707 -0.12682028  0.27834839
  0.48694805  0.36023472  0.58898872  0.53554506  0.35551543  0.55593671
  0.78265825  0.46865297  0.44714879  0.15762435  0.48073597  0.35995142
  0.4254832  -0.1929787   0.33083117 -0.35694204  0.18014946  0.83258106
  0.57626542  0.26679622  0.06218761  0.63506268  0.18813446  0.71804996
  0.66725698 -0.28113546 -0.12767686  0.30252787  0.57075872  0.30240718
  0.06747315  0.37084178  0.38936062 -0.12258163]","[ 0.30836682 -0.35100926  0.6428105   0.01831157  0.44923216  0.16421426
 -0.25903422  0.30153879  0.63481529  0.24740081  0.36390853  0.07351701
  0.32210452 -0.21407387 -0.13657654  0.58918324  0.22743662 -0.19835589
  0.00401083  0.19536031  0.48693396  0.50901418  0.43888789  0.36156458
 -0.12935509  0.36116928  0.53999986 -0.2240735  -0.37552986 -0.17498735
  0.49774184 -0.2472525  -0.1101343   0.46039058  0.16635504  0.69158345
  0.61169204  0.44269907  0.49430815 -0.31521413  0.10826373 -0.07079531
  0.46431577  0.2400884   0.35622842  0.35188809  0.13155058  0.41934532
 -0.34995782  0.59094096  0.54512313  0.26624328  0.31567848  0.52289995
  0.26347138  0.51853523  0.28836601  0.59949437  0.19578535  0.22893815
  0.21893371  0.29686616  0.57473211  0.52528809  0.60275283  0.47489096
 -0.44365071  0.1787367   0.20531263  0.32940185  0.25904345  0.38854249
  0.15283191 -0.15715597 -0.21279602 -0.29176685 -0.40792392  0.66595852
 -0.03297273  0.42544871  0.23984507  0.58283877 -0.14794436  0.41379801
  0.40455814 -0.29279273  0.11929653  0.55144999  0.35872857  0.49735204
  0.24494446  0.35778072 -0.3722357   0.19191129]","[ 0.39791535 -0.25973341  0.25018084 -0.15711706  0.35798417  0.15377719
  0.32790325  0.11283599  0.33547901  0.12178282 -0.0998484   0.36734865
  0.39148837 -0.30870444  0.03860766  0.45565819 -0.14740967  0.39574672
  0.17532208  0.29188529  0.38406504 -0.15161685 -0.31065302 -0.15383759
 -0.15945878 -0.13353739  0.41603858 -0.0623526   0.09550261  0.43689025
  0.38147368 -0.16665011  0.16631316  0.35859337  0.40233486  0.27957744
  0.17378086  0.25132674  0.08562005  0.38316669  0.57014218  0.43944324
 -0.17634454 -0.11554328 -0.01387522  0.11458873 -0.32495291 -0.28172808
  0.36784147  0.5207753  -0.10866017  0.58415328  0.26471573 -0.17628773
  0.26363222  0.2695806   0.15071588  0.18846594 -0.18084243 -0.3783113
  0.22211046  0.40802137  0.59298384 -0.38918925 -0.03595159  0.13137406
  0.02229862 -0.09914886 -0.29648664 -0.23149172  0.67209893  0.13362508
  0.07587178  0.27499421  0.70797302  0.3504697   0.00576736  0.24429132
  0.44967359  0.19867782  0.13880385  0.53963607 -0.14797702  0.27901645
  0.25239085 -0.27532867 -0.197616   -0.39641457 -0.1667151   0.3407414
  0.14757869  0.36028304  0.40584213  0.01589854]","[ 0.50644608 -0.38145419 -0.22582619  0.50657563  0.666974    0.53205905
  0.40631726  0.07615995  0.31350633 -0.21772546 -0.2322086   0.15899374
 -0.17178888 -0.38065554  0.29902576 -0.45977763  0.43469723 -0.33599027
 -0.19621635  0.18019205  0.52373868 -0.12151655 -0.39087527 -0.33020868
  0.18535261  0.01533816  0.3240051   0.43171459 -0.31326869  0.49222393
  0.21600738 -0.35955522  0.51728596  0.17601418  0.35259212  0.30149818
  0.20856724  0.48919521  0.53951454  0.68419168 -0.2638087   0.26919204
 -0.12839153 -0.18319048  0.30901705  0.41186064  0.62591383  0.24107351
  0.55521432  0.527646   -0.22064568  0.32260013  0.39406063  0.20916836
  0.51160048  0.38085518  0.26835575 -0.22390648  0.0472194  -0.34517158
 -0.22859755  0.51470434  0.6174278  -0.35897759  0.6797168  -0.1340461
  0.49693063 -0.14485722 -0.28165701 -0.35791352  0.53101071  0.602948
  0.15890787  0.12145768  0.70436607  0.11401349 -0.06593398 -0.15696821
 -0.08219597  0.4775403   0.14493158 -0.19260225  0.11987817  0.12600904
  0.20617843  0.32364203  0.31193568  0.5147885   0.19522252 -0.24124588
  0.63086646  0.32029044  0.40751778  0.40479303]","[ 0.42804709 -0.41772847  0.34834216  0.10906033  0.34186043  0.38645323
  0.40138452  0.07625978 -0.22737799 -0.12082396 -0.29835702  0.39346047
 -0.09854494  0.33435108  0.28882763  0.2722683   0.40009935 -0.28035754
  0.38303673  0.08714102  0.39119933 -0.1141303   0.29384142  0.17367888
 -0.13409889 -0.41504806  0.57305454  0.54068241 -0.23089477  0.30607595
  0.27745263  0.0354799   0.29907694 -0.06558892  0.38034814 -0.35532898
  0.46467313  0.31451477  0.29513713  0.54798022  0.18058928  0.11757865
  0.24776256 -0.34655219  0.6272801   0.61206515  0.43691702  0.51652475
  0.38918154  0.3355183  -0.35255149  0.37953078  0.55987493 -0.38385607
 -0.27942147 -0.19558438  0.3093633  -0.44581558  0.17506463  0.23900268
  0.12847549  0.24949419 -0.14907995 -0.21718849  0.62848159 -0.29699616
 -0.28185796  0.42263196  0.40656153  0.15030875  0.66978055  0.44074082
  0.44296637 -0.23664444  0.29706     0.40794745  0.26803142  0.35123941
  0.24591085  0.61723738  0.18359348  0.28676826 -0.11941315  0.23925225
  0.22802477 -0.32795196  0.21076417  0.14330295 -0.13926993 -0.25836834
  0.34818868  0.53694339  0.21720594 -0.22003455]","[ 0.38261039  0.28029135  0.32319536  0.50434713  0.71880115  0.59343044
 -0.1995028   0.55480925  0.39021603  0.45369942 -0.27569136  0.29153591
 -0.33795755  0.34498836  0.24713801 -0.22186658 -0.08123585 -0.46117051
  0.26340275  0.31848515  0.37124425  0.47207165 -0.26450063  0.36775756
 -0.17200328  0.44923093  0.20688596  0.59228773 -0.2027191   0.20266434
  0.33780442 -0.25313369 -0.25840978  0.257643    0.37653205  0.47317177
  0.07909145  0.15942111  0.555328    0.24891924  0.02106233  0.10668913
  0.24015285  0.27388246  0.06731719  0.27009407  0.40790188  0.02894624
  0.39029085 -0.18427792 -0.33935476  0.1187764   0.2041873  -0.12733528
 -0.23957403  0.44615264 -0.27002934  0.246299    0.24731496 -0.05926902
  0.34700049  0.51087425  0.59726765 -0.3823454   0.52834017  0.62315547
  0.59712875  0.46289081 -0.40949067  0.08142979  0.66765793  0.81227782
  0.03053435  0.45768977  0.27871183 -0.18709484  0.49897466  0.29596849
  0.47545422  0.68515279  0.22110815 -0.1737673   0.1942769   0.0710638
  0.15531927  0.55678175 -0.36707903  0.33664387 -0.08891127  0.13243721
 -0.02302781  0.63476637 -0.26215203  0.39909641]","[ 0.6007655  -0.37964774  0.53513177  0.56514509  0.59424587  0.58082117
  0.19615139  0.35133805 -0.2383891  -0.02692175 -0.1213816  -0.35903601
  0.05331882  0.29093774 -0.02645687 -0.2963228   0.53586018 -0.073827
  0.324175    0.01711692  0.49353054  0.18683948  0.28733235  0.2775863
  0.23589751  0.25414083 -0.32307857  0.48513333  0.22160926  0.68127447
  0.38204828  0.06630599  0.59811324  0.29347262  0.44956904  0.25407675
  0.42915587  0.39414362  0.28366427  0.37575202  0.16217061  0.31891072
  0.18870076 -0.22886942 -0.11516086  0.48624678  0.59553686  0.52209165
  0.45719756 -0.08270617  0.17973098  0.24407911  0.25667293 -0.25764171
  0.30802883  0.56267601  0.19416783 -0.11071794  0.41084103 -0.43159036
  0.25944662  0.61746171 -0.20060328 -0.30614164  0.60672661 -0.14834103
  0.20426077  0.33268427  0.20369016  0.25803362  0.73297067  0.62609379
  0.50512858 -0.075672    0.63703083 -0.20003187  0.26446682  0.58177047
 -0.25744234  0.34053212  0.45442352  0.59456059 -0.30625681  0.23451683
  0.24521474  0.29508872 -0.27492798 -0.28244063 -0.09836135  0.23375697
  0.38239198  0.65262505  0.33061065  0.4120272 ]","[ 0.44920878  0.14936438 -0.08833362 -0.00704969  0.65710493  0.48253714
  0.36206772  0.47460434 -0.14372805  0.24342833 -0.18982576  0.24229408
  0.5406392   0.39162425 -0.29501279  0.3531009  -0.20871559  0.19177594
 -0.1253262   0.4230117   0.51996777  0.21461639  0.21543121 -0.10134331
 -0.31197821  0.2740034   0.48480554  0.58741697  0.2580277   0.3468386
  0.3182651   0.08650889  0.1615992  -0.13583208  0.17613311  0.65651789
 -0.1946456  -0.11883749  0.38302987 -0.2935906  -0.24162524  0.5462147
 -0.11864208  0.15891261 -0.38368368  0.28413845  0.71510589  0.14100859
  0.37023159  0.06731863 -0.30282674 -0.13315405  0.40247818 -0.04407544
  0.13152591  0.5645988  -0.39808104  0.45263492  0.30103987 -0.27034663
  0.4381285   0.64930496  0.40330899 -0.43208333  0.52611564  0.08725588
 -0.2346225  -0.1307816   0.33397266  0.3478363   0.63392665  0.77369047
  0.41195643  0.10510681  0.71190252 -0.19007725  0.20802262  0.64122589
  0.47798962  0.06057783  0.44166618 -0.33224501 -0.17769106  0.10795414
  0.44052446  0.37996343 -0.22621385  0.1673013  -0.39628562  0.50016499
  0.45195896  0.66757299 -0.17264614  0.54859673]","[ 0.32046581 -0.1245275   0.20990614  0.71742317  0.42904682  0.47053196
  0.17474572  0.69931475  0.09984607  0.10600364  0.00079263 -0.28448694
  0.49745532  0.48019636 -0.27830638  0.32895334  0.09894656 -0.05401857
  0.16784995  0.31612731  0.49296682  0.26460984  0.18453995  0.08147572
  0.21022809  0.29126259  0.43423879  0.73422299  0.48814376  0.28768075
 -0.28658219 -0.07623982  0.18975135 -0.2618271   0.34231016  0.62596531
 -0.28697115  0.33830409 -0.13623137 -0.2773883  -0.10315533 -0.2950343
 -0.4114971   0.21769632 -0.05058342  0.27262104  0.47808068  0.14912102
 -0.18094399  0.23125623  0.24398836  0.38081117 -0.18804361  0.2077339
  0.22426901  0.75901849 -0.2160398   0.0500363  -0.2525886  -0.30451486
  0.41442112  0.71318629  0.42694923  0.13881702  0.44294429  0.20037393
  0.45960515  0.35421873  0.3339836   0.38368331  0.48384871  0.72931712
  0.54225867  0.21975952  0.29219018  0.36002893  0.45631318 -0.07186668
  0.33876998  0.4936144   0.34643576  0.52669818  0.24343098 -0.06839038
  0.11824275  0.31942004 -0.20208687  0.64673368  0.18419753 -0.1491193
  0.33186714  0.58587473 -0.2120301   0.51156933]","[ 0.3495396   0.37498817 -0.22464418  0.30349785  0.74426427  0.71983821
  0.59567803  0.28561734 -0.30430164  0.2367341   0.49742848  0.50370995
  0.14219086  0.59855052  0.27991522 -0.37198645  0.73565537 -0.42068579
  0.61834958  0.46860738  0.20439721  0.05763118  0.70899612  0.26122036
  0.49412888  0.56827737  0.20329662  0.32895091 -0.3163866   0.65524608
 -0.25291519  0.26158265  0.57924156  0.27343227 -0.2760485   0.51861181
  0.51623651  0.69291848  0.33938514  0.7539958   0.44842612  0.62119055
 -0.4030036  -0.12037389  0.82871262  0.56019367 -0.36548658  0.67106086
  0.60855332  0.35189437  0.71271909  0.77152913  0.67853241  0.71671482
  0.36205612  0.19123154  0.4257679  -0.25893893  0.40040591  0.355817
  0.41341732  0.65675377  0.62068213  0.26398053  0.61820529  0.16512973
 -0.28266747  0.38608097 -0.0528519   0.6971807   0.66348099  0.58720962
  0.66559804  0.19718103  0.58765801  0.4594421   0.55954457  0.3332621
  0.65493726  0.36785986  0.54881349  0.35106368  0.24209578 -0.19504558
  0.67672968  0.83365158  0.66824404  0.30294439  0.28980807 -0.21207792
 -0.40552054  0.67639204  0.50733307  0.47582591]","[ 1.25786593e-01 -2.00944949e-01  7.29892210e-01  7.52483757e-01
  6.97340316e-01  7.12723984e-01  3.61696119e-01  2.90268346e-01
  1.32670931e-01  2.94110923e-01  3.95610910e-01  4.62945888e-01
  5.09164073e-01  6.63640496e-01  3.72023185e-01 -3.84855359e-01
  6.77216809e-01  1.73316697e-01  5.42605110e-01  4.17122305e-01
  4.53484046e-01 -1.87527897e-01  5.14597667e-01  7.58548316e-04
 -2.69349131e-01  2.97818795e-01  1.77256721e-01  5.90448987e-01
 -2.36315201e-01  6.18703307e-01  3.11096923e-01  3.98190956e-01
  3.15067203e-01  3.64440987e-02  4.88058429e-01  7.09919912e-01
  3.57082538e-01  4.20613970e-01  2.13949485e-01  1.42721989e-01
  1.51498157e-01  6.98165247e-01  3.96096599e-01  2.84046121e-01
  4.02774232e-01  3.53756952e-01  6.40484246e-01  5.98819585e-01
  6.08271960e-01 -2.64476287e-01  4.67992080e-01 -1.04609778e-01
  5.16355623e-01  5.21875479e-01  6.76201217e-01  5.75523675e-01
  3.25014183e-01  5.79788438e-01  8.95166982e-02  5.85608707e-01
 -2.95462990e-01  7.03353095e-01  6.24316192e-01  2.29245695e-01
  7.52524807e-01  2.32138735e-01  2.66883626e-01  4.22549579e-01
  2.63738077e-01  3.13909547e-01  8.11836242e-01  7.85543011e-01
  5.15912591e-01  2.81251641e-01  7.60851175e-01 -2.77114023e-01
  2.90447470e-01 -2.93542384e-01 -8.92962517e-02  6.28456820e-01
  6.77114464e-01  5.08709538e-01  4.09792916e-01  7.39668363e-02
  6.07349723e-01  5.57654741e-01  2.40710595e-01  7.60263422e-01
  4.52200375e-01  5.99494935e-01  5.76593017e-01  8.00646655e-01
  2.24154482e-01  6.16558747e-01]","[-0.34133575 -0.31440915  0.26044453  0.42187307  0.64773845  0.26101303
  0.37315318  0.28669309  0.2130667   0.27333378  0.4354858   0.16496395
  0.50106889 -0.1715128   0.45103489 -0.43723424  0.50519007 -0.11300385
  0.556425    0.28922101  0.3859996   0.08756756  0.30044664 -0.2001223
 -0.17159964  0.30860073  0.24617928  0.35547144 -0.17081045  0.44855312
  0.27802489  0.31060997  0.39870605  0.24893727  0.25894691  0.12537849
  0.27845137  0.55525915 -0.26172051 -0.11154234 -0.13047111  0.43531949
  0.24293808 -0.03100179  0.61578558  0.24072279  0.51807629  0.33126291
  0.44764235  0.32690253  0.24191566 -0.1459046   0.49913475 -0.25243693
  0.45272521  0.42592566  0.00742664  0.25534369  0.2871266   0.36289515
  0.27671884  0.63601891  0.32136267 -0.22243257  0.5734853  -0.23692049
 -0.14845079  0.39236515 -0.30065193 -0.23421181  0.53971983  0.66337627
  0.17429483 -0.166984    0.43326892 -0.22517323  0.3053875   0.34664032
  0.31390426  0.53262823  0.21112281  0.18337493  0.29457718  0.14423399
  0.40819123  0.34458097 -0.34179196 -0.2835767  -0.23019747  0.48551792
  0.39992486  0.55770698  0.13534638  0.19289791]","[ 0.61985381 -0.26804822  0.15768611  0.62897075  0.71983116  0.5934895
  0.63828831  0.25530889 -0.26335005 -0.10357428  0.56947205  0.39531598
  0.49391909  0.44347151  0.34383308 -0.38599085  0.55776808  0.04194204
  0.30242787  0.14991358  0.35161253  0.25429849  0.47999571 -0.2943466
  0.5984666   0.43720313  0.42772986  0.58315036 -0.23416715  0.70961314
 -0.33190031  0.21790602  0.66477164  0.18711118  0.24658072 -0.00894352
  0.1688268   0.56738912 -0.28075325  0.4836604   0.26000199  0.47628291
  0.29930571  0.11980414  0.71211493  0.45865776  0.60589861  0.46802013
  0.67480497  0.67370551  0.54117703  0.50529796  0.53725314  0.6129885
  0.67665965  0.43368953  0.49026468  0.26495193  0.37933861  0.28146755
  0.31229446  0.3660316   0.32354548  0.55681284  0.74954563  0.23377797
 -0.01126007  0.36305041 -0.239389    0.44420266  0.79507086  0.60916068
  0.51028331  0.45539846  0.66346671  0.44972192  0.41938767  0.41127742
  0.5175885   0.5096604   0.45268059  0.3327183   0.58372001  0.10873905
  0.40646137  0.68345071  0.46294735  0.03840985 -0.1772471   0.29355968
  0.71779513  0.6728603   0.23591033  0.51885754]","[ 0.61401214 -0.15153201  0.39350462 -0.21069872  0.11016285  0.30066936
  0.25952864  0.55166814  0.38903239  0.32789227  0.04482561  0.59278479
  0.62804049 -0.49210462 -0.25395372  0.63262856  0.53226343  0.27930369
 -0.28784875  0.23113462  0.23616123  0.37543205 -0.13961639  0.51258605
  0.41847882  0.43076086  0.77484388  0.38832114  0.56178261  0.31736111
  0.33855104  0.51716036 -0.08715074  0.76787646  0.31084744  0.64941007
  0.36256006  0.48912465  0.7493249  -0.26423908  0.43805845 -0.34833582
  0.48576397 -0.17562662 -0.3631469   0.33578292  0.44107751  0.28909965
 -0.18945478  0.59293751  0.61048015  0.56681327  0.22757866  0.1161301
  0.25184256  0.72983531  0.07213101  0.76603538 -0.23316826  0.233269
  0.40769723  0.58921615  0.80690524  0.46386774  0.52188176  0.58472848
  0.35915761  0.39982562  0.35532509  0.71518846 -0.37253151  0.44389058
  0.68809165  0.31836866  0.57004631 -0.13180603 -0.33533284  0.52581365
  0.54626379  0.35887488  0.23137452  0.43575012 -0.20529194  0.33585404
  0.12230219  0.1542465   0.20852432  0.18837735  0.65422697  0.49322767
  0.30819718  0.0472133   0.08578245  0.21880361]","[ 0.261581   -0.31854191 -0.15562661  0.49605879  0.4788228  -0.26532532
  0.24791765  0.25463867  0.11691979  0.53612061  0.22822296 -0.37320323
  0.07033728  0.51981432 -0.3438995   0.30240385  0.42876641  0.25746394
 -0.02805171  0.00677153  0.33420551  0.21011922 -0.31364915  0.20256635
  0.14096579  0.03438781  0.37114361  0.42905996  0.43393505 -0.22591358
 -0.37529966  0.13864181  0.17058865 -0.23073957 -0.27589693  0.33077675
  0.31454604  0.49981491 -0.2728329  -0.4574891   0.20720165  0.42602424
  0.26818904 -0.20956827 -0.18294012 -0.00414992 -0.09389988  0.3306069
  0.3110824   0.40212515 -0.41729852 -0.19662676  0.32207732 -0.21516852
  0.45102197  0.63520202 -0.0918502   0.1943665   0.32946094  0.31031675
 -0.22421724  0.31337999  0.55302192  0.19327785  0.58016169  0.43282506
  0.4205431  -0.20625481 -0.24720471  0.23119558  0.77487515  0.5298433
  0.59778428 -0.13976421  0.19791658 -0.09133564 -0.11263458  0.30074654
 -0.12845565  0.45786976  0.28917431  0.04457161  0.34627745  0.09914495
 -0.18623893  0.2628897   0.25157928 -0.11638092  0.15910928 -0.28270896
  0.14172663  0.70747024 -0.33075685  0.16895315]","[ 0.51813372 -0.08232007  0.06563298  0.21377723 -0.13407365  0.17629418
 -0.01777291  0.57674221  0.44396048  0.28701826  0.27050465  0.54334599
  0.58082597  0.49235465  0.34412667  0.67824315  0.4473378   0.75384599
  0.1816379   0.53666391  0.40720933  0.5377995   0.16780743 -0.05333276
  0.69628122  0.13714613  0.52133327  0.33049368  0.4690663   0.19681669
  0.31234057  0.3925375   0.11599228  0.58383695  0.26921256  0.66484757
 -0.22699348  0.84361378  0.73962244  0.63231153  0.81641471  0.41191833
  0.26871546  0.57422539  0.68605372  0.34747568 -0.28489393  0.24104706
  0.27013538  0.69132101  0.25786402  0.51764991 -0.22111277  0.38202919
  0.61609089  0.57040211 -0.22321892  0.85664244  0.30782146  0.65166912
  0.36800337  0.62330708  0.58155351  0.75158919  0.50813137  0.3330469
  0.74427814  0.75158299  0.70470316  0.50175425  0.76496907 -0.39096473
 -0.09810561  0.41228393  0.57312691  0.09679816 -0.40706277  0.81815962
  0.38382367 -0.16319206 -0.3585477   0.73864595  0.24057328  0.46894181
  0.46313818 -0.35962187  0.18580796 -0.44588152  0.5971694   0.63689011
  0.55315233  0.11676029 -0.27982392  0.41797344]","[ 0.67304836 -0.10024556  0.28483313  0.20728222  0.13471034  0.09981433
 -0.08470823  0.31690961  0.45982775  0.32703076  0.27247402  0.31778835
  0.24912419 -0.43383326  0.1071473   0.3071168  -0.30653403  0.43053529
  0.40271019  0.49515865 -0.19142829 -0.19696071 -0.11764544  0.53562359
  0.26161224  0.42084738  0.59558383 -0.12704655  0.49292982 -0.07938658
  0.64540852 -0.30297389  0.337653    0.18191659  0.36824147  0.52983514
 -0.02373969  0.20115677  0.3758846   0.3349591  -0.2165338   0.59524567
  0.0890883   0.26449704  0.45730663  0.46358234  0.20471533  0.36670413
  0.15907063  0.68865451  0.2637167   0.18008674  0.38491897 -0.06221098
 -0.10872491  0.08430779 -0.01272386  0.24427574  0.14300396  0.28609235
  0.22608808  0.61202079  0.60302339  0.1285985   0.13449788  0.28503433
  0.34568659  0.29567338 -0.28856786  0.29927451 -0.02072934  0.19939028
  0.28151061  0.17301869  0.12457994  0.29648847 -0.08791467  0.48192321
 -0.1634781  -0.24599353  0.42608812  0.60677174  0.03672759  0.25964317
 -0.16187503 -0.40095406  0.08503004  0.26659064  0.42493754  0.17280882
  0.55663943  0.01574118 -0.11339276  0.0679949 ]","[ 0.71519645  0.31839535  0.70660249  0.52465298  0.38570451 -0.39762426
  0.45420126  0.65318309  0.68591313  0.57212205  0.61600693  0.48438258
  0.70614706  0.34044145  0.57750168  0.69064946  0.64456708  0.71160091
  0.71382054  0.62675271  0.52087403  0.45777055  0.61679727  0.56099796
  0.58071436  0.44611216  0.88121544  0.52132735  0.52249893  0.47317647
  0.69524417  0.25576337  0.41082652  0.65816968  0.35605436  0.64467765
  0.34218727  0.86491007  0.86357975  0.79882323  0.34055305  0.89167657
  0.78900967  0.46399398  0.85018817  0.5204397  -0.1825054   0.49774654
  0.7388892   0.62349502  0.423519    0.64051448  0.75840498  0.6476151
  0.77804777  0.74817467 -0.01952438  0.68374994  0.11341933  0.70787973
  0.62311052  0.82703203  0.60137462  0.88149788  0.7481881   0.79144198
  0.76190428  0.89805388 -0.21625458  0.29365625  0.89413225  0.49741935
  0.35257509  0.62894973  0.85947184  0.4829447   0.42748691  0.78644781
  0.7228291   0.49332881 -0.22808212  0.65902498  0.52399051  0.64442201
  0.84870964  0.71086356  0.30955799  0.8904905   0.79860315  0.49736602
  0.53495883  0.60984088  0.3874365   0.84444004]","[ 0.76640941  0.48638655  0.36982265  0.36734822 -0.2373825   0.48123157
  0.62814543 -0.1657945   0.68285359  0.59845553  0.51127424  0.38050532
  0.52867958  0.42858278  0.26984426  0.66534499  0.27291138  0.47018871
  0.64744266  0.66081647  0.47479199  0.61875943  0.23018988  0.4712671
  0.27285362  0.63207137  0.64674383 -0.12697167 -0.10899339  0.54058286
  0.79133294  0.28577079  0.17299385  0.47971382  0.67291806  0.74860924
  0.54987762  0.66862025  0.61979816  0.52381423  0.5057514   0.84077039
  0.39380353  0.64274281  0.84774436 -0.19916406  0.781583    0.41976557
  0.42274499  0.83812571  0.67190784 -0.1917858   0.70029789  0.17081219
  0.71043301  0.5498572   0.16742947  0.49694542  0.06819326  0.08147071
  0.40518242  0.76869217  0.46968257  0.54281561  0.49344651  0.64749811
  0.52973741  0.53733555 -0.20778406  0.53856162  0.44501347 -0.05382007
  0.70529815  0.39323917  0.32922085 -0.28277635  0.23009675  0.814464
  0.52437343  0.42528747  0.2171591   0.70415855  0.10275641  0.56892687
  0.7718029   0.60711629  0.15481011  0.45918383  0.58852228  0.6593688
  0.67268316  0.64006652  0.29210849  0.56008378]","[ 0.68081979  0.29787092  0.65167037  0.6611654   0.65759877 -0.13464586
  0.3752201   0.64297112  0.68375275  0.78530215  0.60740733  0.36042578
  0.76233207  0.41907745  0.65328316  0.78750037  0.80020077  0.83583974
  0.73240827  0.70086903  0.61731694  0.76813449  0.49085012  0.77281632
  0.69874983  0.53843158  0.86491027  0.63680235  0.68006294  0.73404208
  0.78460111  0.41972727  0.52891896  0.77449246  0.44670358  0.73687949
  0.20446296  0.90101294  0.8586538   0.70919326  0.5446161   0.85897259
  0.66041564  0.6184022   0.69079209  0.4349964   0.46288412  0.61300491
  0.73829001  0.47555628  0.62951534  0.76161715  0.57253923  0.80799016
  0.77059863  0.70532824  0.55338975  0.85103211  0.32704318  0.57918733
  0.69163406  0.90200407  0.58989324  0.91895864  0.82519185  0.52221231
  0.80222596  0.86019966  0.53381707  0.66015023  0.81607626  0.80589517
  0.25302434  0.72165915  0.82025384  0.52100688  0.34202469  0.84996203
  0.74240082  0.6370521   0.1127088   0.84113336  0.49973248  0.4602891
  0.85369244  0.59870515  0.42660341  0.75633338  0.61840114  0.42278099
  0.65769238  0.76195926  0.56086199  0.26726356]","[-0.1813027   0.16067126 -0.26467643  0.54507359  0.52602284 -0.11940894
 -0.08934166  0.58157825  0.42118286 -0.06825914 -0.04732572  0.07195751
  0.16563166  0.6434538   0.36191956  0.56870504  0.40897393  0.49347636
  0.49090964 -0.12665149  0.31230971  0.26796084  0.50039569 -0.10850216
 -0.26429016 -0.07351526  0.16434955  0.42862169 -0.32950705 -0.00628846
  0.28401976  0.29798236 -0.12921374  0.14176457 -0.28761476  0.60371971
 -0.31348289  0.56330812  0.03772874  0.44166291  0.62511929 -0.29844138
  0.39312974  0.11932059  0.22966927  0.39802139  0.50005625  0.11769547
  0.10871654  0.42326811  0.02542962 -0.25556762  0.06588493  0.41191661
  0.13652153  0.61232225 -0.51417945  0.20196045  0.36267645 -0.35011157
 -0.1331647   0.26558644  0.42620105  0.44680569  0.04508455  0.40449905
 -0.34650695 -0.12106966 -0.44058924 -0.12746617 -0.19555622  0.40963469
  0.5205554   0.19123849  0.17676725  0.28361892  0.33205207  0.57201798
 -0.02982129  0.31828574  0.37789701  0.48682794  0.01100649 -0.09529028
  0.3300383   0.32406742  0.2590675  -0.2699475  -0.14685521 -0.35556438
  0.26830366  0.65628769 -0.40751119  0.6432076 ]","[ 0.75610974 -0.29492612 -0.2815723  -0.43968155 -0.13677045  0.22594105
  0.08053072  0.33725389  0.649616    0.49233625  0.14851424  0.16214164
  0.50316258 -0.30812765  0.24456794  0.7225583  -0.31926832  0.47650588
 -0.48106473  0.33158563  0.3091672   0.57034356 -0.39197539  0.53139993
  0.21820496 -0.10605078  0.69619216 -0.16880936  0.39440273  0.27468687
  0.70188466  0.22850027  0.006494    0.31942208 -0.37800419  0.4464889
  0.38923091  0.73824114  0.52914269  0.36827455  0.45738179  0.48542474
  0.16494776  0.53417791  0.02739971 -0.36527397 -0.34414289  0.14127843
  0.54428894  0.39318886 -0.46641458 -0.46575369  0.61109964  0.20417145
  0.02067772  0.46061444 -0.27327828  0.48782106 -0.09693877  0.43469446
  0.52870421  0.66842512  0.49507823  0.60314695  0.49204859  0.41017342
  0.51855769  0.65081731  0.03620194 -0.38186985  0.73618635  0.31782644
  0.46608526  0.46088334  0.3151307  -0.00427196 -0.39856554  0.58003052
  0.01176353 -0.0867416  -0.16798527  0.63979279  0.10844313 -0.081511
  0.39595735  0.23533529 -0.30709309  0.26182403  0.32251553  0.46452692
  0.31430985  0.40847639 -0.42268003  0.29964223]","[ 0.4594034  -0.25818616  0.72919716  0.19615195  0.47603154 -0.18251022
  0.49998579  0.69766009  0.32332809  0.27735019 -0.17741073  0.48161863
  0.62225807  0.32805265  0.5618439   0.40753649  0.5133504  -0.41485409
  0.65758175  0.63163488  0.62988551  0.55955363  0.38304658  0.60813012
  0.47382823  0.50309456  0.57636768 -0.37331834  0.48290037 -0.3306048
  0.51011078  0.67358448  0.39710121  0.69727054  0.53839202  0.42246374
  0.4357344  -0.32407092  0.68434575  0.72797552  0.40798812  0.79818117
  0.70704676  0.55952216  0.88128803  0.41296808 -0.52957485  0.57830894
  0.65432089  0.73243485  0.64665541  0.37440696  0.80550806  0.65486387
  0.62533833  0.79768863  0.3422078   0.79023918  0.47969064  0.59972151
  0.62641288  0.6198913   0.74404215  0.41922302  0.7419091   0.70851255
  0.78205835  0.73043753  0.58713495 -0.29201024  0.54075166 -0.25020043
  0.33713214  0.42066089  0.64349534 -0.11646614  0.61380509  0.87718728
  0.37650448  0.39868907  0.36158967  0.76517764  0.34793148  0.58148896
  0.68475442  0.65296357  0.31479026  0.8184416   0.76127982  0.65936531
  0.45132002  0.47231145  0.29210823  0.56117925]","[ 0.61355929 -0.17653839 -0.11394159  0.35944819  0.5942059   0.38009123
 -0.025734    0.28761077  0.27451229  0.40738997  0.01275789  0.24902019
  0.50594869  0.3686722   0.43024669 -0.38416082  0.30596768  0.28350108
  0.52371891 -0.32806666  0.08049024  0.14343109 -0.08937884 -0.26326028
 -0.04119393 -0.13366028  0.20415423  0.13720568 -0.28717809  0.31316713
 -0.35784021  0.20411013  0.07268927 -0.26093045  0.44278927 -0.13113039
 -0.17485479  0.47267196  0.52396262  0.09806633 -0.18776434  0.11050926
  0.15649614 -0.1012726   0.66516266  0.22483369 -0.43973973 -0.0964315
  0.36649902  0.34446942 -0.27589092 -0.42743071  0.08247491  0.44986038
 -0.25191446  0.19055829  0.35180207  0.09324183  0.38196523  0.20649373
  0.22455633  0.49905871  0.34703942 -0.34789698  0.53346164  0.3880385
  0.66257607  0.32677991  0.23011964  0.31913579  0.29576623  0.66345051
 -0.2033661  -0.11917107 -0.22630178 -0.2011018  -0.26819116 -0.56359291
  0.41851042  0.73265652  0.24558241  0.21459079  0.2968095  -0.00554246
  0.54949344 -0.43527315 -0.4470251   0.18527111 -0.15372583 -0.10083081
  0.08748006  0.2777095  -0.15330983 -0.19289004]","[ 0.34098783 -0.07716443  0.19503699 -0.2100428   0.49689821 -0.32363088
  0.22914177 -0.0720637   0.31550873  0.38469758  0.32616466  0.22904224
  0.396722    0.22638295  0.46529268 -0.40891226  0.18341872  0.39202042
  0.39072953  0.34114434  0.33230775 -0.23972918  0.16137822 -0.21483647
  0.18660001  0.11663166  0.44571256 -0.17374887 -0.23872228  0.35639716
 -0.28107622 -0.35588417  0.07709265 -0.09227195 -0.17884339  0.1259962
  0.09631602 -0.17432063 -0.14017134  0.35312765 -0.10212848  0.18492496
  0.10197234 -0.13535498  0.33797709  0.14009856 -0.07335944 -0.14858947
  0.16861034  0.1727548   0.12933511  0.26934012 -0.14508147  0.20675124
 -0.27252405  0.48528719 -0.22196425 -0.19036817 -0.16049426 -0.3203355
 -0.01133635  0.24535643  0.30402986  0.08428443 -0.14903799 -0.18363213
 -0.18055429  0.2670446  -0.31189457 -0.2051388   0.30374958  0.57693462
  0.13502915 -0.24317756  0.41966358 -0.26625443  0.22639192 -0.38132011
  0.27142884  0.61168079 -0.31357818 -0.04074207  0.19188783 -0.05288528
  0.3150352   0.33110551  0.15697083 -0.17815269 -0.12880435  0.38908014
  0.12431548  0.17780667 -0.23751849  0.15174124]","[ 0.57680199  0.3217199   0.01391948  0.31640018  0.60137231 -0.24471926
  0.15417737 -0.23053622 -0.12506037  0.3708208   0.35909272 -0.23785921
  0.41349262  0.43405273  0.20010729 -0.31154285  0.49384878 -0.17549191
 -0.2896632   0.09955723  0.41587446 -0.08643222  0.29990682  0.09639419
  0.30189391  0.19084899 -0.19610403  0.28123698 -0.19442353 -0.04705799
  0.03051289 -0.19670718 -0.11298483 -0.18949309  0.37388929  0.26319685
 -0.09244952  0.27607675 -0.05302299  0.08674261  0.20882749 -0.32588662
  0.38982911 -0.10457837  0.30595076  0.34641923  0.14527656 -0.19099116
  0.31805527  0.58333585  0.21408697 -0.26111896  0.22813101 -0.15870952
  0.05770053  0.37945239 -0.12574938  0.38277388  0.26211916  0.32835523
  0.392034    0.28523738  0.63552487  0.306007    0.45375465 -0.12767159
  0.24373832  0.45069624  0.35083164 -0.20527174  0.70321266  0.64771999
  0.22980583 -0.21644672  0.51840114 -0.1324236   0.16671692 -0.40878137
 -0.25943414  0.55615014  0.28096896 -0.30701001 -0.17324885  0.35098029
  0.18561192  0.45419526 -0.34705309 -0.21801663 -0.33759353  0.471831
  0.25751106  0.27571676  0.1535078   0.1826039 ]","[ 0.03344636 -0.24423551 -0.17665975 -0.26784005  0.35765197  0.26776175
  0.37145423  0.31144333  0.40046042 -0.23868793  0.40832325  0.34803528
  0.47775511 -0.49759449  0.21167087 -0.18298619 -0.0757591   0.28948736
  0.25401607 -0.19297144  0.55331402 -0.16542874 -0.31515736  0.3273677
 -0.3941365   0.13279806  0.6554035   0.05820621 -0.2495904  -0.33186064
  0.57668307 -0.15554532  0.57566035 -0.05264004 -0.25106038 -0.07753094
 -0.06344908  0.25660654  0.46156114  0.58808168 -0.05395751  0.15632648
 -0.34655881  0.23901435  0.00563555  0.21458148 -0.18530043  0.19753081
 -0.15716122  0.54453288  0.22410578 -0.13359719  0.19127347 -0.15554995
 -0.30536634  0.45811033 -0.12858507  0.23720656  0.02654122 -0.27643373
  0.34484676  0.52395826  0.67129591  0.50758724  0.04366521  0.47681171
  0.50904998  0.01167737 -0.29902185 -0.30706555  0.20187297 -0.27721722
  0.13632009  0.33877545 -0.01548383  0.02204371 -0.23013823 -0.27551522
  0.27979979 -0.26789562 -0.0853129   0.70651173 -0.08300841  0.16923175
  0.5415479   0.42548173 -0.15722586  0.64626926 -0.01039988 -0.16759621
 -0.0861856   0.21829088  0.2439041  -0.23704402]","[ 0.32642262  0.29683526 -0.12037192  0.4750742   0.4122983   0.16611658
 -0.18549338  0.43352983  0.35944666 -0.29368423  0.33184708  0.59259768
  0.60736267  0.30426817  0.24661111 -0.405094    0.6599807   0.69890084
  0.43483098  0.4747942   0.61120816  0.24339757  0.33351534  0.29971922
  0.43944928  0.32119506  0.78351086  0.47440153  0.5145599   0.21189377
  0.53326772  0.64018583 -0.10083587  0.66480129  0.44861157  0.67156664
  0.52730968  0.60356896  0.45279098  0.571665    0.61389835  0.53935528
  0.65727614  0.39074996  0.61463394  0.50061261 -0.3282078   0.08001799
  0.22881242  0.72171841  0.83974229  0.49307492  0.39737179 -0.20815365
  0.29214911  0.56011802  0.08690855  0.63960964  0.10701422  0.51148643
  0.32608272  0.56107008  0.73601893  0.44319031  0.5392385   0.40534729
  0.50307049  0.5182778   0.50599551 -0.18886198  0.56769359  0.61594837
 -0.06677008  0.50542552 -0.01057222  0.25273353  0.47095677  0.73642423
  0.15756508  0.71780515  0.19181302  0.78173849  0.25299615  0.56792909
  0.64481579 -0.24794261  0.17314367  0.64889512  0.51076385  0.61807019
  0.25194321  0.37253407  0.18451353  0.26732345]","[ 0.56156985 -0.27136711  0.29852666 -0.14608418  0.40585405  0.44426015
  0.0575793   0.57005488  0.10899563 -0.25031212  0.28596267  0.39578711
  0.46296956 -0.2313077   0.49212602  0.25273091  0.35735795  0.63101899
  0.44987379  0.30056836  0.50516463  0.45991981  0.35972332  0.3454218
 -0.19997343 -0.00302818  0.48821148  0.04411497  0.41557276  0.15901636
  0.55575604  0.40236071  0.21970134  0.47473139 -0.26688922  0.67640926
  0.27317025  0.5306625   0.75280801  0.50607949  0.37560935 -0.31511114
  0.58732116  0.3085858   0.78179312  0.05764375  0.27143073 -0.2122334
 -0.25978306  0.75451615  0.54328869  0.26939488  0.65620662 -0.29954908
  0.45564415  0.72776947 -0.40103759  0.58804496  0.23218003  0.46271268
  0.45510095  0.13420679  0.74338047 -0.19138424  0.34741921  0.47208115
  0.65660353  0.22811767  0.41254499 -0.06679052  0.14227887  0.66462418
 -0.26406985  0.55463284  0.2231497   0.25671518 -0.26517798  0.74074589
 -0.15403204  0.24718759 -0.38358664 -0.27201241  0.23711642  0.44395868
  0.65526329  0.37713799  0.10526625  0.46069016  0.38918267  0.6860715
  0.20817688  0.04554819 -0.14581047  0.24767199]","[ 0.34039005 -0.19779444  0.317741    0.57570616  0.07472937  0.09388456
 -0.19143682  0.6220138   0.50985139  0.50624865 -0.17542718  0.47989517
  0.38239405 -0.23308016  0.04845841  0.40300916 -0.2211998   0.15198205
 -0.20606884  0.19123086  0.28803673  0.32466765 -0.14835629  0.30815326
  0.63177011 -0.09082394  0.75975371  0.05885661  0.49252844 -0.28542621
  0.31659027  0.27111003  0.13576981  0.24545705 -0.36266224  0.45875229
  0.44803694 -0.25108443  0.37087133  0.45276238  0.2034598  -0.26779242
 -0.5076137   0.3385295   0.38201771 -0.44691197  0.3145162   0.08098832
  0.12770382  0.40169043 -0.36494466 -0.23673696  0.51090525  0.27584361
 -0.32128886  0.3580035  -0.25798285  0.54285068 -0.13224617  0.52998504
  0.57866197  0.58293028  0.46094194  0.68588867 -0.05941431  0.35037663
  0.65996376  0.60840617  0.40340025  0.19638548  0.31338821 -0.22934997
  0.18826148  0.35204251  0.06944204  0.23255959 -0.30341722  0.52455568
  0.31899074  0.28719405 -0.38781396  0.40271854  0.22987282  0.55612998
  0.30902334 -0.48202109 -0.13071575 -0.37534577  0.49363501  0.42336626
  0.49659237  0.27465454 -0.30080046 -0.0644196 ]","[ 0.39805295  0.07139055  0.65308027  0.30133778  0.05303315  0.2791135
  0.26430159  0.61644433  0.45865831  0.37074378 -0.31555661 -0.23026319
  0.56681484  0.30533717  0.36137329  0.55327135  0.57289799  0.7583175
 -0.06588682  0.45648735  0.35823408  0.51491891  0.14622002  0.2569981
 -0.34294789  0.47688611  0.78866842  0.32368477  0.2571844   0.10047597
  0.51017696  0.46997389  0.25566807  0.49908502  0.23074553  0.4131927
 -0.1459508   0.78865228  0.70419172  0.42621908  0.73160846 -0.21677954
  0.57597332  0.55976849  0.68234476  0.42776442 -0.60278323  0.19633352
 -0.19106226  0.76261532  0.34386923  0.56885618  0.168431    0.60754023
  0.57493185  0.65331118 -0.16513401  0.85580013  0.10658696  0.53986565
  0.37464455  0.59496636  0.7474613   0.70187583  0.39971687 -0.25203322
  0.69001318  0.58677565  0.67522903  0.45067256  0.64612727  0.63045871
  0.45830817  0.49091388  0.34418053  0.54289836 -0.35294464  0.67859293
  0.33539061  0.25340252 -0.30303873  0.62124768  0.3766928   0.49563054
  0.61412746  0.2346521   0.22580925 -0.3391878   0.69209717  0.64515996
  0.59340654  0.13221678 -0.0808634   0.2714634 ]","[ 0.34506305 -0.46638516  0.17757189  0.46887597  0.46768977  0.59019263
 -0.11973097  0.73190553  0.31533177  0.01069049  0.02859485 -0.37507649
  0.03368906  0.30375462 -0.31273507  0.49681553  0.21652428  0.44517113
 -0.24510942  0.11785256  0.53141568  0.50761177 -0.31989759  0.23147584
  0.55395332 -0.29220288 -0.15279559  0.57100383  0.27852477  0.49987797
 -0.19368911  0.2029649  -0.03518118  0.26620312  0.17787298  0.66683896
  0.20035286  0.34826662  0.31791473  0.62874016  0.39186126 -0.22676582
  0.17314938 -0.09093152  0.34603336 -0.18832791  0.65558388  0.21844087
 -0.36134339 -0.19521937 -0.27808463  0.54403573  0.51552154 -0.02726377
 -0.06781377  0.74832037 -0.52718163  0.1364859   0.10164893 -0.2905803
 -0.19307144  0.5072962   0.50432824  0.26262069  0.14696033  0.26384286
 -0.0082836   0.06801864 -0.33193754  0.12293295  0.30407441  0.19836634
 -0.13078375 -0.17938656  0.13737691  0.2041135   0.00275719  0.47329001
  0.269432    0.3388263   0.29529144  0.57381469  0.20232943  0.22813111
  0.42984596  0.65098387  0.22830084  0.37592939 -0.06822686  0.04366435
  0.09703972  0.68872614 -0.14207754  0.33693049]","[ 0.3940939  -0.20914495 -0.1149424   0.24755462  0.31479126  0.39484364
  0.33946259  0.72558536  0.60163624 -0.17314527  0.33223935  0.21653161
  0.58540674 -0.2639214   0.35954698  0.47954053 -0.23911757 -0.33108396
  0.20523241  0.02931838  0.40942835  0.04350563  0.15441821  0.42687654
 -0.3910107   0.24598419  0.80365026 -0.19171699 -0.3661933   0.49260872
  0.38418752 -0.1608843   0.49146565  0.43608594 -0.2279392   0.4241909
  0.31986048  0.76578541  0.61992593  0.81003012  0.38040715  0.34447249
  0.33717853  0.05779886  0.29057784 -0.11156407 -0.24889629  0.23997712
 -0.37551863  0.74443969 -0.19362648  0.65506893  0.53683308 -0.23853327
 -0.43175651  0.62064109 -0.10055555  0.6366714  -0.07839669 -0.30320321
  0.48625505  0.62039164  0.70177855  0.54013069  0.42923621  0.49639511
  0.55551887  0.6631795   0.34992607  0.02517479  0.82886173 -0.29721027
  0.0908759   0.57122257 -0.02832963  0.14452138 -0.32415067  0.4892502
 -0.32060944  0.15227691 -0.32104822  0.72983722 -0.16170406  0.50456268
  0.64981272 -0.25506659  0.2989013   0.77639691  0.39523819  0.28493917
 -0.34517384 -0.22100865 -0.35942946 -0.24231317]","[ 0.36623204  0.28340772  0.28399237  0.26484474  0.57149364  0.46480851
  0.42074154  0.62836962  0.25443926 -0.18201671  0.31769009 -0.11265102
  0.13858198  0.35760162  0.37421039  0.37569277 -0.19447833 -0.40695984
 -0.11078163 -0.23910264  0.40395705 -0.08809187 -0.21310539  0.39081906
  0.06294395  0.10356163  0.81657201  0.35183364 -0.34069566 -0.15537221
  0.4378307   0.33270795  0.30898741  0.31130737 -0.17420143 -0.29945501
 -0.22304027 -0.24523633  0.47312943  0.69786837 -0.14823085  0.18948284
 -0.00526955  0.1802231   0.27940751 -0.11597915 -0.29828918 -0.11125218
 -0.36769618 -0.14268151 -0.31721604  0.25685555  0.080185    0.23458519
  0.06723452  0.42535684 -0.20548446  0.31639498  0.25497639  0.26299222
  0.00210938  0.27439387  0.53612935  0.4866813  -0.1646209   0.38857269
  0.4545068   0.26352573 -0.14161497  0.2096947  -0.1635544  -0.15217392
  0.23057697  0.26849628  0.22377399 -0.14916477 -0.28252484  0.29736286
 -0.22040999  0.22555526 -0.20593145 -0.2584068   0.31900126 -0.14391542
  0.57243362  0.53177346  0.15683226  0.37937741  0.22709604 -0.2655314
 -0.13467252  0.36773195 -0.25448526  0.43542588]","[ 0.19838031 -0.18331464 -0.11382439 -0.3297122   0.23753986  0.21371992
  0.31233788  0.68435574  0.17734054 -0.16786564  0.21607028  0.34330189
  0.58064182  0.22658501 -0.19621258  0.47796972  0.4826365   0.50637963
  0.2861839  -0.38733529  0.18269102  0.15505353  0.2922197   0.23255032
  0.3392362   0.34808093  0.59981605  0.08428645  0.36690486 -0.20530105
  0.61633659 -0.31026188 -0.09743234  0.47964385 -0.16783229  0.49139293
 -0.15420422 -0.20125403  0.61410216 -0.3709946  -0.21794788  0.31091576
  0.58364306 -0.06040064  0.51849081  0.22376769 -0.42251233  0.31810648
 -0.18217154  0.35066809  0.38639818  0.62776092  0.3189152   0.24603673
 -0.25473671  0.38430518 -0.32450357  0.22124878  0.13156465  0.54377681
  0.29020849 -0.06909448  0.39493545  0.50250318  0.15614674  0.16588744
  0.42763361  0.17748761 -0.16131846  0.19896807  0.61263035 -0.26272898
 -0.00367708  0.50475498  0.14968659 -0.1894363  -0.39825316  0.44191319
  0.44033663 -0.15791148  0.25036913  0.42122412  0.30667044  0.32654731
  0.38498182  0.40857856  0.36421108  0.44126223  0.34672694  0.3401806
  0.38272379  0.10219207 -0.25560871  0.15076876]","[ 0.52335118 -0.40832216  0.18627792  0.24873832  0.17738697  0.25712488
  0.16386126  0.71731026  0.53297722  0.19056698  0.22566837  0.46672496
  0.68301703 -0.41842524  0.10523589  0.57822803  0.47616403 -0.43586949
  0.35724103  0.43221271  0.55167474  0.11617114  0.3357066   0.45012341
  0.3145555   0.33789859  0.85363785  0.31665684  0.3204298   0.04140493
  0.62625326 -0.34141127 -0.144722    0.60511119  0.24379187  0.22775554
 -0.07251353  0.44337697  0.71098785  0.78772664  0.42657648  0.68273094
  0.50325442  0.29170568  0.34908658  0.42192661 -0.28826615  0.40727182
  0.33024183  0.53624999 -0.35272334  0.74644893  0.56327842 -0.5255601
  0.28471415  0.41436035  0.23877847  0.45998792 -0.00943203  0.67334959
  0.34296905  0.67637496  0.63921922  0.76942587  0.60200728  0.70550621
  0.61567467  0.73365603  0.4746216  -0.08619944  0.80999478  0.36604053
  0.3776651   0.65847683  0.42493974  0.42042807 -0.32692505  0.419749
  0.29706022  0.37961512  0.23064424  0.59944765  0.30271895  0.4932685
  0.72711602 -0.3404556  -0.24270612  0.72861809  0.67613835  0.41145604
  0.712871    0.11350926  0.24647964  0.26083901]","[ 0.39378475  0.40920608  0.26470405 -0.30154524  0.36840438  0.31312169
  0.51205402  0.23968188 -0.242842   -0.0883146   0.52806328  0.41919035
  0.55308824  0.49972101 -0.18385679  0.3242015   0.54600305 -0.15994954
  0.39933436 -0.18604932  0.39733907 -0.21087249  0.4348013   0.39066925
  0.52955026 -0.0447118   0.02655638 -0.30401605 -0.08036177 -0.04245057
 -0.12669774  0.35496499  0.52009904 -0.1780271  -0.42247058 -0.45855331
  0.36147215 -0.28427827  0.11903677  0.43120804  0.09729438 -0.32300729
  0.43407721 -0.34348032 -0.39313261 -0.19029567 -0.42128126 -0.11100935
 -0.3708557   0.24835696 -0.32707838  0.31188547  0.35443188  0.31846882
 -0.26112619 -0.315891    0.24394855  0.30434732  0.13221611  0.11202629
  0.38578329  0.37328433  0.44180848  0.64874671 -0.15061373  0.30512108
  0.29463683 -0.26766738 -0.37142493 -0.2889541   0.34989572  0.01695595
  0.26794603  0.26959086  0.17939709  0.36096965  0.26688664  0.28174571
  0.46611565 -0.40754202 -0.22547962 -0.24295006  0.25881928  0.07638935
  0.29438574  0.77050631  0.14866152  0.30600515  0.57019664 -0.2601561
 -0.23017573  0.63278438 -0.44234745  0.16023957]","[ 0.71606889  0.34939164  0.69807315  0.69917799  0.48751538  0.27423058
  0.18316002  0.79457588  0.69602553  0.80194133  0.59384851  0.50779501
  0.88860133  0.6224295   0.62125845  0.77889675  0.85283904  0.81649079
  0.65088696  0.49670728  0.8152605   0.8133419   0.48391291  0.69606611
  0.82304992  0.70756817  0.85978059  0.80032804  0.76102924  0.81745446
  0.75414031  0.37870417  0.46058032  0.78634903  0.37303921  0.71465256
  0.60784021  0.89683317  0.82995487  0.83099271  0.62820965  0.88044262
  0.72772145  0.73107516  0.81264212  0.59749137 -0.21001137  0.65142485
  0.68953737  0.45770442  0.53127752  0.89752027  0.4248647   0.89087241
  0.87314222  0.76531018  0.76106274  0.89229467  0.77190258  0.77454544
  0.51776378  0.79302521  0.79642685  0.92377055  0.80534106  0.36006231
  0.83889947  0.84186552  0.8939211   0.80667443  0.87924506  0.74173199
  0.46177831  0.77929477  0.87847023  0.78563118  0.46014152  0.86338928
  0.73701292  0.75398675 -0.23764136  0.7517508   0.66237819  0.60742396
  0.8245929   0.14101937  0.62983147  0.63542944  0.69827829  0.78708503
  0.75189384  0.65319601  0.4676582   0.74411737]","[ 0.5323947  -0.34929004 -0.37643503 -0.41295226 -0.27256052  0.21438859
 -0.04520863  0.65740029  0.51685666  0.58730992  0.19678928  0.11369616
  0.61163637 -0.16792403  0.05488551  0.49537706  0.40560384  0.40392844
 -0.4334369  -0.35176238  0.3868796   0.40983828 -0.28249817  0.4579349
  0.65125733 -0.13306473  0.68183298 -0.01019241  0.51586245  0.34547204
  0.45912258  0.24688333  0.21944765  0.72892982 -0.29476521  0.42761381
 -0.02080386  0.34537918  0.64688194  0.35646485  0.45814364  0.29122091
  0.24878117  0.32047386 -0.17328875 -0.23854241 -0.43674734  0.34812186
 -0.20712954 -0.25753907 -0.10809155  0.5384748   0.39772882 -0.32021786
  0.04987717  0.53679334 -0.32154416  0.05235856  0.05051588  0.52904485
  0.25669171  0.27908591  0.61157841  0.54824302 -0.35148877 -0.23884084
  0.62040453  0.37250821  0.67966794  0.26799547  0.72249931  0.2629987
 -0.0464334   0.44100751 -0.35648728  0.00812518 -0.45374745  0.68890357
  0.2441372  -0.21158003  0.21499507  0.39022156 -0.22387025  0.10999117
  0.39095602  0.07844893  0.13706562 -0.50683025  0.3976347   0.58884242
  0.29394918 -0.11670468 -0.27776395 -0.15266436]","[ 0.64318233  0.30903623 -0.08157205  0.29308975  0.08266301 -0.14908817
  0.51821709  0.25297081  0.50388188  0.46804095  0.15436342 -0.03741486
  0.55362842 -0.58575862 -0.23862895  0.47431773  0.06517473  0.42664048
 -0.23516383  0.10502669  0.39387432  0.11336636  0.20293059 -0.03419818
  0.17820533  0.52950404  0.69416874  0.35273589 -0.21832245  0.04977007
  0.30101106 -0.22744872 -0.16714476  0.05081332  0.22758823  0.59276775
  0.54021814  0.51472682  0.4669615   0.54770996  0.17717996 -0.2112207
  0.17882493 -0.20726663  0.11836358  0.19659179  0.25403404  0.06700381
  0.12075499  0.2468624   0.21252533 -0.30513579  0.44409046 -0.3841736
 -0.16123459  0.34236032  0.35073615  0.47693002 -0.10738746 -0.214945
 -0.29405791  0.49039837  0.71708366  0.51441657 -0.24383921  0.39640707
  0.24485512 -0.20304531  0.33990128  0.172838    0.25864452  0.48463846
 -0.12222794  0.53322565  0.37733479 -0.22573188 -0.14104719  0.74810489
 -0.25354176 -0.38894818  0.32710354  0.86635835 -0.20142485  0.2001357
 -0.2669042  -0.38709662 -0.45169529 -0.0715726  -0.3057271   0.27108094
  0.53156425 -0.26557783  0.3682595   0.42567796]","[ 0.83744444  0.65637475  0.46585845  0.64180829  0.06655605  0.29837072
  0.32208008  0.36342549  0.75333522  0.40060177  0.75380409  0.50927817
  0.58854845  0.40799881  0.6064659   0.45751385  0.56154982  0.62255404
  0.56166975  0.5328359  -0.14437264  0.58579441  0.47760464  0.67618637
 -0.11197466  0.62011549  0.74436212  0.46556719  0.17684585  0.58291386
  0.51974916 -0.15458439  0.44124004  0.22463221  0.54920003  0.59095406
 -0.07037287  0.26122914  0.57903883  0.5877428   0.26032103  0.49456983
  0.11072466  0.50289513  0.61891522  0.1885464   0.34179239  0.64414156
  0.53445278  0.77180652  0.48154484  0.07409458  0.51299888  0.32079134
  0.5802357   0.17131493  0.25904951  0.61286831  0.27809484  0.33983814
  0.23831072  0.59363505  0.55987411  0.50907822  0.4120987   0.59765928
  0.3879548   0.43406401  0.34991848  0.29673038  0.34378942  0.36730575
  0.66036359  0.17961225  0.23118059  0.40514904  0.36979334  0.52540577
  0.23899284  0.69552727 -0.0185092   0.75804518  0.17073529  0.36071414
  0.36242508  0.67327478  0.17589755  0.46519731  0.63666177  0.6081821
  0.61279976  0.02305961  0.08337119  0.28981186]","[ 0.4289839   0.21673868  0.40368207  0.31834108  0.20988834  0.31486055
  0.23293049  0.59277144  0.76261567  0.06913206  0.43645597  0.49261022
  0.25943421 -0.44111036  0.08478378  0.5199053   0.635404    0.29343731
 -0.13632331  0.3995237   0.40083113  0.32738579  0.5822338   0.76152903
 -0.0105412   0.18338439  0.76418887  0.39909853  0.45496183  0.30384141
  0.40864281  0.14453741  0.42980396  0.58283508  0.52086172  0.7121991
  0.2962088   0.47655429  0.63796836  0.42290855  0.54242682  0.00693103
 -0.0470474   0.32020408 -0.17779058  0.13501933 -0.26222826  0.21317881
  0.47978037  0.59202415 -0.21181534  0.43132749  0.56362212  0.2620565
  0.12992729  0.52967492  0.25237876  0.83938505  0.15072908  0.20057723
  0.30339327  0.4292694   0.72411975  0.50875763  0.54078898  0.59271692
  0.25140941  0.35021136  0.53829205  0.59124434  0.53247294  0.53127919
  0.24586799  0.59325238  0.4237538   0.18364536  0.29274191  0.61041258
  0.44419356  0.57051548 -0.17842466  0.79096536  0.32191171 -0.02534198
  0.29238813  0.71421271  0.17749126  0.2311585   0.63223003  0.30846934
  0.22988291 -0.11613095 -0.06505637  0.21485873]","[ 0.91379445  0.79620517  0.5087681   0.52893814  0.28665848  0.51783984
  0.59653644  0.16526733  0.64098828  0.53962864  0.721754    0.56028616
  0.53131656  0.39905641  0.59219203  0.51025386 -0.26174075  0.56597993
  0.699878    0.72064511  0.27648863  0.69358672  0.31988667  0.68755091
 -0.10477579  0.62987348  0.69782991  0.3751423   0.58255651  0.49436253
  0.59382764  0.44291243  0.64049524  0.25185844  0.65990952  0.62983118
  0.47412859  0.58872449  0.76868153  0.41683431 -0.29036285  0.53156123
  0.36003012  0.6477646   0.59478527  0.40795762  0.61447252  0.64431557
  0.42792713  0.87281347  0.43362389  0.31852238  0.40570813  0.51926209
  0.58899066  0.23465102  0.02890201  0.21106767  0.37082208  0.31798194
  0.18363366  0.64607281  0.47528276  0.69470579  0.34854255  0.71332108
  0.59361923  0.43112163  0.0544068   0.05833234  0.28405348  0.43180207
  0.71204995  0.02062779  0.18128798  0.1636765   0.15252365 -0.15139893
 -0.00528086  0.62106087  0.26462262  0.57703586  0.12899563  0.16857528
  0.53366825  0.78448296  0.06164319  0.50878556  0.62733825  0.52776785
  0.76092632  0.21719329  0.41183459  0.56842293]","[ 0.76564318  0.80624359  0.4094766   0.53735941  0.16141426  0.46796012
  0.52667998  0.29562473  0.68144181  0.35860179  0.87874104  0.44361571
  0.75125234  0.40459182  0.40196522  0.38044043  0.55974369  0.55119278
  0.30300483  0.13531323  0.33450526  0.81481605  0.4242261   0.7045572
  0.2304895   0.54665063  0.63591507  0.48961804  0.05792956 -0.08862582
  0.58739207  0.36876492  0.03702611  0.49808065  0.64276366  0.57984264
  0.57727063  0.63259004  0.73210469  0.47531491  0.40356478  0.42702278
  0.35629321  0.45411785  0.53865584  0.07318897 -0.21564983  0.54576834
  0.44303498  0.61618292  0.70827974  0.22243736  0.36544722  0.46545221
  0.74562232 -0.08358839  0.30641058 -0.29914107  0.05967615  0.33998148
  0.34082918  0.69511455  0.64061404  0.75831986  0.50114585  0.68382989
  0.29715581  0.54808268 -0.39129952  0.68860299  0.60288389  0.21066547
  0.73164121  0.02815853  0.07710919 -0.00713943  0.39549363  0.38549191
  0.53353602  0.68106754  0.34569191  0.69472078  0.17472553  0.6506454
  0.62372663  0.77296789  0.18554243  0.73411775  0.5127668   0.64237858
  0.69620844  0.37277018  0.266605    0.53385803]","[ 0.70719508  0.44319724  0.65537773  0.48320345  0.33773447  0.23008304
  0.31084647  0.68214469  0.80747919  0.14861172  0.53561493  0.62863029
  0.64735732 -0.37932678  0.48867757  0.58277285  0.64561144  0.14575664
  0.39582566  0.6100718   0.25697187  0.71233714  0.66399575  0.82323628
  0.52912317  0.43158414  0.77949656  0.55216134  0.4716856   0.4748846
  0.51788481  0.5715822   0.21839369  0.71636192  0.60925562  0.71679469
  0.56690019  0.6818377   0.83659922  0.46683849  0.65686993  0.26637332
  0.3758789   0.50757092  0.50664505  0.27315174  0.4805812   0.2464472
 -0.06707764  0.72940769  0.73749186  0.67859743  0.43004142 -0.06241487
  0.56656866  0.48420389  0.47659963  0.86716068  0.67656567  0.54331212
  0.44894189  0.79658143  0.78268261  0.80042899  0.6514537   0.7753727
  0.36355073  0.52223392  0.58327837  0.76315553  0.55999708  0.76074326
  0.661646    0.65245092  0.41932988  0.51245095  0.62621068  0.82004497
  0.67551823  0.47878038  0.05420401  0.86138755  0.51202435  0.62850633
  0.47274632  0.76112149  0.38176236  0.57424474  0.82363567  0.62199162
  0.41739049 -0.11826501  0.36943026  0.26529416]","[-0.01648986  0.2989903  -0.0628148   0.20251977  0.15227547  0.555782
  0.27411048  0.5910681   0.27776875  0.19174094  0.60171861  0.34866095
  0.22624088  0.33204643  0.60296471  0.37515575  0.22637372 -0.21859838
  0.31820445  0.37064461  0.1846336   0.46622559  0.14215699 -0.26364544
  0.48530444 -0.2301512   0.73758681  0.09992305  0.69187814  0.61171469
  0.01591348  0.16870669  0.66271994  0.30433798  0.05292614 -0.11167072
  0.43626139  0.06676046  0.05865103  0.37427282 -0.49848491  0.43647702
  0.18169447 -0.20881413  0.42441967  0.77242036  0.01490454  0.19960415
  0.49556538  0.63381102  0.2928253   0.63248427  0.08129529  0.57032733
  0.52288207  0.2236004   0.43883228  0.57647445  0.54192494  0.28004513
  0.26915862  0.19945434  0.17648079 -0.13658935  0.08719248  0.14405793
 -0.18824111  0.37162796  0.3042155   0.87802723  0.41134822  0.32759494
  0.11393623  0.15364614  0.09752063  0.60046461  0.43219056  0.76554483
  0.73402223  0.5623205   0.6618879   0.31630788  0.20140104  0.45094842
 -0.09787696 -0.37097654  0.62020504  0.04946836  0.11984078  0.32041651
  0.35509128  0.67335768  0.4979291   0.60004725]","[ 0.85787421  0.53134554  0.49824841  0.5910948   0.1409677   0.51201852
  0.29881344 -0.1714179   0.7977297   0.22828702  0.64930282  0.49459151
  0.56453077  0.42231067  0.44532896  0.51144024  0.56380496  0.35178373
  0.52405223  0.47212179  0.22879864  0.57828044  0.34165995  0.56165893
  0.14796007  0.46640403  0.78853748  0.43710381  0.14242807  0.32817512
  0.59055837  0.31559088 -0.03844002  0.38776637  0.69823353  0.47067026
  0.41277807  0.47776861  0.71167929  0.49346608 -0.22392188  0.64491086
  0.23517196  0.59535761  0.57954518  0.26218462  0.71065311  0.5152718
  0.11777063  0.86910281  0.51565396  0.10033738  0.32617723  0.0008928
  0.51263064  0.15643163  0.51746564  0.36902398  0.24079793  0.21160635
  0.32225129  0.66737619  0.72235779  0.43764676  0.48943464  0.73501395
  0.42243229  0.62246536  0.3381036   0.30129036  0.35990265  0.42731249
  0.60491545  0.32734802  0.22371221 -0.11830297  0.34953459  0.59980928
  0.22152175  0.48071385  0.25626057  0.67215744  0.10055055  0.32784369
  0.54536002  0.6687178   0.06395138  0.6666849   0.55091574  0.64934166
  0.56985362  0.10288578 -0.23778209  0.08426566]","[ 0.7909244   0.3624414   0.53837137  0.22518979  0.09983412  0.21692496
 -0.21169879  0.54387833  0.73394658  0.16667076 -0.0733844   0.39677652
  0.63990421 -0.36815079 -0.10961143  0.5341899   0.66529538  0.17116833
  0.14030695  0.36385955  0.2894923   0.43426695  0.58588161  0.62033186
  0.21959317  0.43862182  0.82473278  0.31230606  0.38707702 -0.17935639
  0.31358059  0.49987043  0.00617303  0.6778478   0.573351    0.61004362
  0.5192133   0.50313347  0.70366501  0.40432274 -0.25248455 -0.02512876
  0.27951527  0.43532146  0.29468492  0.18086946  0.42843134  0.24505594
  0.44908771  0.56998493  0.44905661  0.6651182  -0.04321612  0.71890696
  0.45229931  0.32422648  0.55551092  0.83915779  0.44083351  0.31209999
  0.29047392  0.61349387  0.78103013  0.67450942  0.51229589  0.7042469
 -0.4519836   0.50454921  0.51736565  0.67149644  0.12226451  0.5843405
  0.50804994  0.40285696 -0.21542306  0.37816578  0.59127325  0.64581748
  0.55274143  0.43959453  0.06012722  0.7876021   0.26156577  0.34202366
  0.49588766  0.51620688 -0.25516394  0.69015804  0.65668673  0.61175425
  0.1136655   0.09073312  0.14184697 -0.51512832]","[ 2.32050444e-01  3.87677413e-01  2.64414875e-01  3.70941767e-03
  2.33039961e-01 -7.55522576e-02 -7.50560825e-02  4.23772994e-01
 -3.17720141e-01  5.20548993e-01  1.94058142e-01  3.68654542e-01
  9.35181407e-02  4.24120027e-01 -3.25586796e-01 -2.21027752e-01
 -1.70614323e-01 -2.62749344e-01  4.86609896e-01  1.68028449e-01
  9.68168877e-02 -3.56742645e-01  1.85316058e-01  2.63095604e-03
 -2.01607299e-01 -1.23502977e-01  2.31553073e-01  8.86941386e-02
  6.45976503e-01  3.12279837e-01 -2.66364063e-01  2.41952631e-02
  2.94046574e-01  8.29769691e-02 -1.22949156e-01  4.54134020e-02
  5.05314295e-01 -2.52584399e-01 -3.34306119e-01 -2.26874524e-01
  3.27948666e-01  3.02967870e-01 -4.48846767e-01  6.72179967e-02
 -3.53907983e-01 -3.23501381e-01  1.99696611e-01  1.03045506e-01
 -2.45673384e-04  4.28420088e-01  8.81557798e-02  4.42308961e-01
  2.43404785e-02  1.03580863e-01 -2.36663458e-01  3.27464635e-01
  2.34419123e-01  4.45457336e-01  2.64766453e-01  3.91316205e-01
  5.08080984e-01  1.26161401e-01  8.22070112e-02  3.76797846e-01
 -1.95478141e-01 -1.21280860e-01 -2.00733961e-01 -3.38018538e-01
  2.35780503e-01  3.77266048e-01  4.49421711e-01 -1.51628125e-01
  6.65958438e-01  3.68273998e-01  4.38140759e-01  2.91468295e-01
  2.70957830e-01 -2.93637669e-01 -1.84111131e-01 -1.62512639e-01
 -2.21497433e-01  4.01782787e-02  3.51655345e-01  1.85167760e-01
 -1.82828435e-01 -1.77011366e-01  7.59886807e-02  2.63403060e-01
  4.14468496e-01 -4.29275186e-01  3.88979634e-01 -6.71706046e-02
 -5.25495121e-01  1.49666932e-01]","[-0.18750177  0.24390042  0.50968581  0.7504106   0.82664156  0.72460088
  0.43780611  0.19619249 -0.25499874 -0.23193101 -0.14552088 -0.31554136
 -0.23092102  0.56026969  0.52634032 -0.25792869  0.54316073  0.68909772
  0.24877149  0.37605348  0.39760512 -0.53222119 -0.20220232 -0.42688989
  0.76890849  0.63460064  0.50303472  0.49170734 -0.23019374  0.41305452
 -0.27104777  0.52214968  0.3572256   0.56113424  0.40083012  0.44718779
  0.53075556  0.48189315  0.00337309  0.29766361  0.42580017  0.45263151
  0.39011061  0.1946842   0.77100697  0.28878263  0.62774252  0.31124374
  0.53644642  0.22714927  0.25467     0.78232815  0.5006846   0.04841728
  0.7196275   0.46512356 -0.17273595  0.32856115  0.41099568  0.27073923
 -0.19040398  0.69220231  0.37553067  0.68393639  0.70461694 -0.07106007
  0.66876292  0.41915162 -0.37459923  0.6856512   0.63886358  0.51875611
  0.56455998  0.52654479  0.58313975  0.43708583  0.59393711 -0.32738428
  0.65571093  0.60832249  0.54503423 -0.28756326  0.26728295  0.53307607
 -0.1381628   0.41865745  0.11369655 -0.08801758 -0.03531582  0.39162947
  0.23224842  0.79694618  0.28080865  0.54636579]","[ 0.59694639  0.25969884  0.30736002  0.41522485  0.48954231  0.56353701
  0.39068403  0.23304594  0.5151675  -0.38307963  0.00219449  0.34438718
 -0.35674854 -0.19532022 -0.19446876 -0.33122965 -0.48275631 -0.3037353
 -0.140078    0.02242039  0.49931926 -0.43260616  0.18570177 -0.28281152
  0.77348666  0.35492944  0.0360508  -0.1812178   0.27015777  0.37756493
  0.31217217  0.54372585  0.59769948  0.35957775 -0.09455402  0.59567975
 -0.38666188 -0.31521884 -0.06019079  0.25430806  0.43285802 -0.44832795
 -0.39424125  0.50849579  0.28338308  0.42396359  0.58489705  0.29606992
 -0.2557207   0.64985016 -0.31097078  0.82080378 -0.24694739 -0.17614247
  0.57827717  0.54439717 -0.38981876  0.36464049  0.55708658  0.21720295
  0.51019583  0.51311059  0.60667752  0.54682686  0.55661032 -0.08958192
  0.48746194 -0.1635895  -0.15388561  0.64412321  0.51845681 -0.15202614
  0.67494293  0.60608753  0.55903836  0.38634301  0.09162864  0.27844562
  0.5318783  -0.00684947  0.59001961  0.26013012 -0.07001838  0.25131656
  0.43143873  0.42112817  0.30296577  0.57765933  0.17296487  0.11697167
  0.54335346  0.66835627  0.23138139 -0.27736225]","[ 0.21619753 -0.25783303  0.26021561  0.66682765  0.75369637  0.63056351
 -0.17015741  0.73385552  0.37562461  0.19973286  0.17369673 -0.30448962
 -0.13829943  0.63658552  0.37178055  0.45524482  0.55144707  0.61389365
 -0.18530634 -0.26012131  0.41969635  0.57164032  0.17157921 -0.26475496
  0.55498962  0.14032694  0.53864164  0.61200556  0.13785734  0.34776146
  0.02859147  0.3589708   0.39994354  0.30074377  0.10099586  0.1125121
  0.42818342  0.52091683  0.36242524  0.31676076  0.28756711  0.29577016
  0.30011776  0.24718761  0.00084853 -0.02634885  0.69868675  0.42258286
 -0.35596881  0.36050747 -0.35595522  0.77615596  0.2277067   0.24912294
 -0.01257027  0.76704079 -0.5156718   0.19251563  0.40004268 -0.29292601
 -0.21007093  0.68302329  0.41779971  0.18146275  0.45374585 -0.28563069
 -0.19840004  0.01662723  0.47201557  0.14772338  0.01140434  0.50266694
  0.62639277  0.12018612  0.33632612  0.39966125  0.6009343   0.53107396
  0.17615703  0.14905901  0.28960056  0.72242978  0.13300344  0.23935306
  0.32647546 -0.03827586  0.39793506  0.10621673  0.27773408  0.10093444
  0.17019799  0.67640483 -0.22494531  0.12990172]","[ 0.48496996  0.58924955  0.43006973  0.62418023  0.67371413  0.42636351
 -0.10965973  0.44773218  0.26939268  0.27259333  0.14343308  0.3409862
  0.15346628  0.42438034  0.5485651  -0.01415454 -0.64151258  0.31908684
  0.52872454  0.33592685  0.48858981 -0.62895116  0.39824623 -0.21058205
  0.52554311  0.44680511  0.57225996  0.32000545  0.08211272  0.10583999
  0.02100226  0.45773391  0.44130579  0.43533228 -0.14931518  0.46220363
  0.26898458  0.36873324  0.30226523  0.18491161  0.19213131  0.36779784
 -0.20970131  0.30156222 -0.35094527  0.16936937  0.60089193  0.12056945
  0.13709384  0.69966031  0.34104495  0.77085649  0.14290901  0.36814441
  0.29905898  0.62881299 -0.39997178  0.5760725   0.46186536 -0.29545203
  0.41863808  0.66367256  0.43302373  0.1359591  -0.00603429  0.12554264
  0.63191525  0.17423629  0.0850626   0.58259938  0.35954847  0.15767932
  0.34603235  0.36704321  0.65406263  0.52130681  0.30460333  0.37257044
 -0.42498137 -0.34293527  0.60477064 -0.43182696  0.53101358  0.32820645
 -0.22421292 -0.37869296  0.27004885  0.27485125  0.25067519 -0.30532615
  0.56490249  0.69489594 -0.20658025  0.48043597]","[ 0.47187235  0.34928907  0.1106916   0.48864279  0.40147822  0.49246788
  0.11766987  0.36220196  0.14682698 -0.22991902  0.20382803  0.45706733
  0.59085458 -0.22816367  0.35094535  0.24300191 -0.36977295 -0.13739972
  0.40805386  0.23571646  0.57479743 -0.21311638 -0.0030376   0.35886257
  0.44199482 -0.02478632  0.46673021  0.14683687  0.31019779  0.18649508
  0.21456915  0.18921319  0.51133465 -0.13007765 -0.07181853  0.54141611
 -0.33284402  0.17799633  0.16064563 -0.47662916  0.08830115  0.26926554
  0.15643829  0.3766059   0.1196936   0.24172909  0.05847556  0.12142947
 -0.47494842  0.62112582 -0.22926806  0.45333897  0.39280114 -0.00386591
 -0.20879839  0.67368385 -0.1734866   0.47200719  0.59757764  0.21486754
  0.33133692  0.33733326  0.68005545  0.27522806  0.15707676  0.24650441
  0.08894995  0.00687985  0.44486434  0.56139175  0.67459154  0.36010938
  0.32209564  0.25306603  0.11712626  0.43606456  0.22638811  0.30477528
 -0.0750087   0.16971823  0.22879748 -0.5195387  -0.1846618   0.4494886
  0.24888271  0.38962253  0.12815628  0.40826734 -0.03513708  0.45406083
 -0.0366565   0.66283289  0.25948055  0.05119856]","[ 0.42014709  0.24332375 -0.07240793  0.52145148  0.20533771  0.53071202
  0.361115    0.16402453  0.39241327 -0.22722861  0.48368527 -0.12094297
 -0.43008957  0.44442824  0.29373518  0.20832183  0.30609731  0.75833581
  0.36124682  0.06525136  0.39712589 -0.41602312  0.48503651  0.33906107
  0.73629443 -0.15221786  0.40896275  0.24230335  0.23763777  0.36422841
  0.34801923  0.44406289  0.48079834  0.23783872  0.35138259 -0.09097965
  0.44806102  0.06118486  0.05954005 -0.4267337   0.41333431  0.42397102
  0.06125417 -0.20514264  0.17563109  0.62349066  0.63606432  0.39372125
  0.12718831  0.41855842  0.20150621  0.5542256   0.11961189  0.37201999
  0.46206812  0.65917609 -0.31051912  0.5776763   0.43584567  0.36633019
  0.31744312  0.59089909  0.63169796 -0.26322815  0.29216349  0.4876642
  0.49044928 -0.17413111 -0.45919638 -0.26394505  0.45035088 -0.25016357
  0.65070652  0.40759667 -0.1796733   0.34146904  0.08637501  0.65690819
  0.52796642  0.00417776  0.4851221   0.49707066  0.14070263  0.37261663
  0.00906006  0.39018255  0.2342084   0.20610124 -0.08998238  0.02679228
  0.71921796  0.71257078 -0.29940937 -0.42903227]","[ 0.26490703  0.30214086  0.66701021  0.67129264  0.85715232  0.60604095
  0.30729752  0.46507183  0.31697855 -0.22066134  0.41068161  0.5870047
  0.61925465  0.47809229  0.36577553  0.35276416 -0.00454643  0.77712981
 -0.17828475  0.27108735  0.27912198 -0.28424415  0.60642995 -0.4100213
  0.40771813  0.68164263  0.81519585  0.42084044  0.17616294  0.29164619
  0.15996673  0.75717783  0.55948346  0.28233088  0.38854829  0.42713729
  0.41467873  0.65134404  0.35640219  0.54177186  0.42820295  0.61264972
  0.17812649 -0.15757545  0.55519194  0.54702749  0.63037702  0.2142239
  0.31596031  0.24808602  0.57549532  0.81311256  0.6137539   0.20779665
  0.43036539  0.4990489   0.27466016  0.72239154  0.55993598  0.41954509
 -0.28962284  0.75802331  0.20199544  0.52082624  0.79586863  0.52981572
  0.7052547   0.65037878 -0.49386945  0.60819917  0.54059296  0.30444038
  0.84017015  0.58797215  0.71285783  0.37483626  0.53778884  0.32079911
  0.13732247  0.41655956  0.69923913 -0.30165274  0.49545746  0.50942414
  0.42102723  0.63290328  0.47521369  0.17771893  0.75955396  0.6512922
  0.72333971  0.73539878  0.45436799  0.77260053]","[ 0.15082517 -0.04917666 -0.29896662  0.10287569  0.29063975 -0.0808558
 -0.25703993  0.64098172  0.51587428 -0.24388931  0.12192083  0.2368095
 -0.36755541 -0.09200838 -0.32247607  0.47993463  0.33782809  0.12474584
 -0.2439633   0.19315339  0.36836254  0.33604821  0.30197679  0.27335851
  0.43939434  0.13645013  0.53602422 -0.22180949 -0.25621345  0.11452393
  0.42760764  0.18533881  0.30180386  0.25640291 -0.16875713  0.68283026
  0.14496427 -0.28600704  0.17782037 -0.35154001 -0.22425055  0.12139335
  0.44692635  0.25721329 -0.32999951  0.49125555  0.10130454  0.2716682
 -0.16144547  0.53076518  0.27912333  0.49818476  0.19126831  0.29524001
  0.21904311  0.53277133 -0.20682367  0.16296276  0.33924955  0.32765998
  0.19809938 -0.23478823  0.51987972  0.3814394   0.30371578  0.41848217
  0.13445254  0.28663596 -0.48195169  0.36061688  0.27772988 -0.26979328
 -0.22768768  0.16280015  0.17855992 -0.30574399 -0.16368184  0.70010324
 -0.30548025  0.3937033   0.44209379  0.6743364   0.15619874 -0.02988888
  0.45848032 -0.27036342  0.34809294  0.17372066  0.29253008  0.22952785
  0.18591345  0.71103356  0.18019104 -0.24836493]","[ 0.37829315 -0.43608189  0.48333518  0.23223814  0.46136729  0.48319449
  0.51227638 -0.09844514  0.23221464 -0.25769971 -0.23386321  0.25163911
  0.10967525  0.10837496  0.39545324 -0.22211561  0.60882375  0.42988336
  0.3265835   0.34155901  0.29202807 -0.13584945  0.34884465  0.31319282
  0.70669753 -0.3668967   0.42087237  0.30164415 -0.31427605  0.36238793
  0.35094278  0.30660502  0.42014007  0.37090254  0.38081396 -0.41530514
  0.48692046  0.56842632 -0.14595952  0.48290788  0.19885132 -0.1622531
  0.22703966 -0.17719335  0.71456222  0.71647019  0.52326431  0.53223038
  0.35915998  0.51671856 -0.42384202 -0.3098839  -0.05407171 -0.1901265
  0.35428094 -0.16375545  0.18101738 -0.3228635   0.28864216 -0.17704806
  0.162664    0.35464461  0.27016758  0.362727    0.68390395 -0.16006696
 -0.2636484   0.58701008  0.33970617  0.35509426  0.5469593   0.38221774
  0.68390817  0.26267262  0.3123881  -0.16827012  0.5206134   0.30015524
  0.31291898  0.63863336  0.32575131  0.26778385  0.28958503  0.40898215
  0.20969585 -0.32642108 -0.30384854  0.44198868  0.01942129 -0.1765483
  0.41296262  0.56147104  0.2954666  -0.23442311]","[ 0.52862158 -0.34295652  0.6390042   0.75923914  0.78882552  0.62279614
  0.38786344  0.50790428 -0.13718411  0.26837087 -0.1603488   0.2350549
 -0.06919923  0.18785708  0.45170205  0.1062681   0.54757044  0.51501068
 -0.2753901   0.19336459  0.30668683 -0.24382342  0.28530773  0.26300412
  0.67692521  0.42732563  0.06316302  0.47888248  0.1931903   0.56090146
  0.4729808   0.50775714  0.67513507  0.5283131   0.39710321 -0.26356511
  0.48239663  0.70210803 -0.15638699 -0.27740195  0.36906601  0.33931102
  0.39266555  0.095265    0.61417236  0.47182562  0.70143867  0.53365813
  0.49534084  0.35221595 -0.04893327  0.37546743  0.19252496 -0.22755668
  0.53465367  0.53448561 -0.19252758  0.32143685  0.59581543 -0.42884057
  0.24457953  0.58602746  0.39153509  0.58108456  0.56058847  0.07933433
  0.50222427  0.48453046 -0.22586283  0.41538433  0.57443488  0.46813913
  0.81524557  0.04177929  0.72493536  0.30831272  0.35261832  0.60242572
  0.32667303  0.04295938  0.53419062  0.51967598  0.38563054  0.43792497
  0.21484209  0.24787592  0.35524413 -0.38285964  0.08831988  0.46357577
  0.45110401  0.57044473  0.42539936  0.50529754]","[ 0.17950213  0.09924845  0.52611706  0.80395898  0.68519993  0.53495159
 -0.08352485  0.67579601 -0.1783301  -0.2315461   0.12243025  0.41085184
  0.62065458  0.47015733  0.37207138  0.1536224   0.4225456   0.25251688
  0.24442548 -0.27504693  0.41235055 -0.45830394  0.39511137 -0.08495259
  0.20593293  0.20522625  0.65243013  0.58572088  0.27616617  0.47106359
 -0.3595372   0.54276625  0.26967999  0.21855718  0.2689198   0.09764207
  0.60149525  0.54691314  0.04586829 -0.40470365  0.35207764 -0.37049138
 -0.23642271  0.05534845  0.03485898  0.46461878  0.72484464 -0.20017428
  0.2784645   0.30915566 -0.42031651  0.59652034 -0.25597708  0.09420571
  0.32393275  0.81328656 -0.32916498  0.14483047  0.39615494 -0.27627675
  0.39251809  0.77167493  0.27602703  0.55034699  0.69104134  0.34324413
  0.45360461  0.51686576 -0.242513    0.40020546  0.0986547  -0.12030023
  0.85239611  0.14645144  0.23552036  0.47795983  0.654258    0.32534436
 -0.2279762   0.23919723  0.39057672 -0.33731114  0.15224279  0.11298938
 -0.30284631  0.50056033  0.38450212  0.36098847 -0.14179648 -0.15487005
  0.54028969  0.59022983  0.22979061  0.43689991]","[ 0.57900844 -0.16714129  0.04789156  0.61237626  0.80582654  0.52460396
  0.62254502 -0.22842178 -0.22684061  0.05974011  0.47698056  0.21431409
  0.22841509 -0.25253644  0.26531854  0.15501645  0.45345478  0.32115
  0.25557722  0.16378605  0.25503364 -0.18136459  0.1523816   0.28092754
  0.77731155 -0.16112257 -0.13017472  0.18078932 -0.21115031  0.26286053
 -0.3379697   0.28518415  0.55002274  0.64306588  0.49898761  0.63199549
  0.44263697  0.41920443 -0.15650705 -0.12686136  0.5735336   0.59571944
  0.40473964  0.25302268  0.70312344  0.60637468  0.41511655  0.25959571
  0.62742119  0.41398503 -0.39918148  0.77246183 -0.08671174  0.18696132
  0.62897801  0.15281798  0.36607365  0.34009553  0.20851887 -0.32569267
  0.40885605  0.66847265  0.48356701  0.68679308  0.34726595 -0.23861379
  0.52449489  0.37330644 -0.31208036  0.45184285  0.83181654  0.38160751
  0.52476727  0.45701277  0.84755191 -0.06150153  0.11024461  0.64176874
  0.68266961  0.459306    0.56698033  0.0133371   0.20189777  0.63873448
  0.33975227 -0.2750266  -0.34745037 -0.16101715 -0.09906536 -0.2924057
  0.55629087  0.68383228  0.4481325   0.10522836]","[ 0.69503957 -0.28313679  0.4987134   0.74618209  0.72563994  0.66477139
  0.57608418  0.16917741  0.28456981  0.35656393  0.0869213   0.25236547
  0.6552801  -0.25930443 -0.26001702 -0.33131861  0.67556866  0.36683224
  0.51899529  0.24263258  0.26426304 -0.21490719  0.36604431 -0.24289467
  0.82100172  0.32140655 -0.01597361  0.43900353  0.02524142  0.51154715
  0.07591313  0.36013322  0.65489852  0.31296011  0.37256441  0.73464996
  0.41406961  0.57412807  0.21510519 -0.37428775  0.50417968  0.55189692
  0.17389949  0.07883245  0.61111976  0.55908699  0.41281625 -0.37817861
  0.35041225  0.6880645   0.26581828  0.82918899  0.05219699  0.13140304
  0.69656227  0.35258597  0.23271059  0.18619112  0.33876003 -0.27508406
  0.43036691  0.44971169  0.52946832  0.26888588  0.47152196 -0.01582842
  0.59952125  0.19107353 -0.32431694 -0.2573205   0.47947741  0.32413097
  0.62636339  0.63597197  0.63274594  0.15663298  0.18589706  0.32360227
  0.68155328  0.24707195  0.53867347  0.21511303  0.35963263  0.38847173
 -0.33167743 -0.3988208   0.29325321  0.44028895  0.28694412 -0.19315553
  0.77149268  0.4843381   0.50354548  0.10453981]","[ 0.6317983  -0.18117801  0.81908744  0.69298877  0.75178004  0.74507152
  0.31456682  0.49752856 -0.26475154 -0.18834413  0.51535795  0.43294259
  0.14249445  0.5043628  -0.06626409 -0.28332788  0.78139455  0.34083377
  0.30993772  0.23823684  0.49952811 -0.32113326  0.4321369   0.2142981
 -0.30230816 -0.17375676 -0.25064654  0.48171785  0.23316681  0.55547081
  0.27664242  0.51474895  0.55245097 -0.0157032   0.34645512  0.01637253
 -0.17401761  0.32020814  0.16890869  0.33089806  0.3557195   0.62299795
  0.26642673 -0.12786593  0.74216521  0.63862211  0.68130132  0.67661988
  0.61080369 -0.44305059  0.64438094  0.72329415  0.6965896   0.59277664
  0.43438426  0.48999659 -0.26149794  0.58511393  0.54937467  0.39981132
  0.34635205  0.63863798  0.57881299  0.27033805  0.73562036  0.40692698
  0.64393916  0.01723729 -0.31100917  0.45460541  0.61046341  0.50986254
  0.54845459  0.44487322  0.59895005 -0.21832467  0.60760207 -0.17560306
  0.39444635  0.28998735  0.6492667  -0.24013064  0.1594497   0.58412756
  0.79661607  0.22069318  0.38601085  0.3643362   0.53202329  0.23574949
  0.50042619  0.67462072  0.47724811  0.5281134 ]","[-0.13521611  0.09598123  0.45188613  0.54853174  0.7512975  -0.22094837
  0.40515545  0.43677382 -0.27980272 -0.10499261  0.44197018  0.20643201
  0.36982162  0.48586977  0.45997344 -0.31191746  0.62474677  0.47598377
 -0.04325834  0.37212552  0.29161515 -0.20074669  0.43335953  0.23316892
  0.06707861  0.53938228  0.25118703  0.36671776 -0.26176592  0.18232447
  0.29569288  0.3159968   0.33859466  0.36452207  0.46731007 -0.1341045
  0.42791494  0.52180138 -0.12955247 -0.15917734  0.14081289  0.33962924
  0.0380313  -0.24195562  0.6945675   0.53484137  0.61623049 -0.12267508
  0.52193078 -0.46553428  0.0476467   0.44977852  0.42814355  0.56816003
  0.62306813  0.42027591 -0.10243607  0.47468694  0.09396652  0.38949636
  0.37379939  0.61651307  0.5273331   0.63145566  0.64138663 -0.01408004
  0.39827289  0.61753534 -0.39528615  0.47157598  0.47147156  0.60655532
  0.73236382  0.18441811  0.31697043  0.15804672  0.4552416   0.27403268
 -0.16512944  0.47287321  0.4098886   0.45936122  0.21322348  0.40110025
 -0.21463382 -0.37559308 -0.3113262   0.30846114  0.08977802  0.41744401
  0.71447772  0.71125155  0.14587475 -0.08275201]","[ 0.36545481 -0.29175067 -0.32251731  0.3269075   0.63470325  0.35163608
  0.60527629  0.4957333   0.32965366 -0.14667359  0.29988064  0.03987027
  0.09669522 -0.27557042  0.34851164 -0.38250908  0.36396169 -0.19551557
  0.31803159 -0.12477427  0.30351036  0.2188386  -0.20788356  0.33035237
  0.38879663 -0.1003731   0.51681476  0.10982288  0.29468069 -0.26890586
 -0.2913235   0.2348405   0.4605693  -0.17444609  0.31155319  0.14280957
  0.44795378  0.60894637 -0.23123952 -0.16400314  0.1062078  -0.03673655
 -0.22470778  0.05103485  0.79810444  0.25469555  0.34097248  0.11050649
  0.4206443   0.2167985  -0.16220397  0.52345111  0.39006538  0.42064612
  0.34331899  0.51514448 -0.24608578  0.2174956   0.10985779 -0.24664059
  0.31242705  0.56672838  0.45007121 -0.20287632  0.36268729  0.14022659
  0.22088075  0.31214894 -0.33046116 -0.31992754  0.23451835  0.43884118
  0.50877733  0.2917496  -0.22629169 -0.14708361  0.48105014 -0.41991492
  0.50478054  0.2655575  -0.2241752  -0.24292938  0.17868917  0.08585397
  0.18874637  0.22876935 -0.34694656  0.2208291  -0.06463633  0.24190169
  0.50027494  0.44447144  0.28299481  0.17416227]","[ 0.33479804  0.24279858  0.36916503  0.65490744  0.78352322  0.72232162
  0.65613306  0.15405739  0.20772575  0.38258249  0.63362819  0.38473815
  0.37419201  0.44088395  0.59369474  0.16650236  0.7082231   0.38507895
 -0.18683976  0.38663919  0.42260359 -0.17077646  0.47676709  0.43930968
  0.73139915  0.44743361 -0.21526188  0.62009708  0.42815491  0.56428033
 -0.29011547  0.58146112  0.60746418  0.29529527  0.28321202  0.55243156
  0.57584861  0.77074251  0.18719498  0.47164949  0.18771277  0.52557627
  0.25029467 -0.21451984  0.88045777  0.49289364  0.72426249  0.45816877
  0.53904995  0.26555214  0.60440193  0.57168248  0.56062556  0.65032729
  0.60339864  0.32077035  0.3405966   0.43272152  0.44519635  0.25395726
  0.18260082  0.72202974  0.38339144  0.68695684  0.76697946 -0.20797998
  0.4250879   0.46934631 -0.3029941   0.7071954   0.40679215  0.46350291
  0.81794202  0.43863485  0.37050981  0.39050642  0.57562988  0.37934716
  0.50178526  0.34563816  0.50961163  0.34754704  0.34091102  0.58114576
  0.41203612  0.43645225  0.45219234  0.73692823 -0.16376588  0.33992111
  0.73050225  0.68020409  0.22329414  0.42092682]","[ 0.71927953  0.38256301  0.33684843  0.43442324  0.30925285  0.12344349
  0.34248113  0.61227089  0.50605804  0.62795999  0.19960759  0.64376454
  0.63348006 -0.48830234  0.53768364  0.64768669  0.62173955  0.23007436
  0.22251404  0.61438899  0.36724601  0.53434742  0.28888299  0.6126634
  0.50722247  0.37817966  0.78642865  0.40628166  0.50384145  0.45685758
  0.74199723  0.41719661  0.06456527  0.71639622  0.28703832  0.69438313
  0.48166271  0.58957307  0.71761923  0.46758059  0.50463691  0.22832546
  0.64270271  0.37500133 -0.37394965 -0.15638344  0.65215487  0.3516643
  0.31000024  0.67148868  0.69893717  0.66164442  0.40914117  0.38165371
 -0.2328203   0.75846851  0.28903158  0.80733107  0.44629226  0.20005721
  0.54451266  0.73498087  0.77886533  0.65822282  0.70941437  0.71677909
  0.56989676  0.65725524  0.42247241  0.64254177 -0.01928307  0.50685128
  0.56882715  0.15864547  0.64211387  0.07568747  0.19524348  0.56288834
  0.58884591 -0.41307245  0.10673257  0.69838602  0.26567539  0.49191085
  0.6251868  -0.11316565 -0.2471028   0.45241459  0.77439872  0.56211148
  0.42957648 -0.2471446   0.2402215   0.63268981]","[ 0.24011329 -0.29409509 -0.31199764  0.29297405  0.34374253 -0.14808957
  0.16989437  0.32743407  0.19401026  0.27747155  0.16858848  0.17131378
 -0.11529159  0.52837104 -0.22628426  0.31652581  0.47722434  0.16389381
 -0.04510167  0.23120968  0.14053627 -0.19615235 -0.28850502 -0.10762934
  0.32090843  0.06040338  0.38321549 -0.06377759  0.43901339 -0.25458134
 -0.3953989   0.55518895  0.0030663  -0.2112562  -0.21882519  0.3793125
  0.40825439 -0.21452229 -0.38070558 -0.49049944  0.38654509  0.24901059
  0.47321462 -0.08007323  0.30283658  0.50221124  0.23443433  0.06524323
  0.33275593  0.34858843 -0.29144542  0.39279174  0.27384668 -0.14462239
  0.28999259  0.5717713   0.30438545  0.50744323  0.58020229 -0.03553155
  0.37566751  0.25644821  0.399974   -0.18899452  0.38452352  0.37021396
  0.21635707 -0.18801808 -0.34718708  0.33503509  0.63062103  0.40141092
  0.59075467  0.16404358  0.12123408  0.16586311  0.16941695  0.53575079
  0.3568272   0.46705234  0.31070355 -0.17152834  0.50147989 -0.03420464
 -0.08857324  0.34222077  0.30979938 -0.0141882   0.12761341 -0.27972949
  0.20040293  0.76825635 -0.30535648 -0.0736087 ]","[ 0.52715389 -0.09403598 -0.29468307 -0.55080805 -0.26272875  0.10475179
  0.10995484  0.68678875  0.58223414 -0.16552027  0.25621058  0.40050569
  0.39576916  0.21874773  0.10061431  0.72523497 -0.34101206  0.51338151
 -0.37626     0.58891673  0.53665153  0.51407945  0.40553441  0.19004996
  0.59663019  0.47628226  0.42942079 -0.25694619 -0.26009044 -0.18990882
  0.36323007 -0.40509513  0.06411788  0.2679334  -0.11101229  0.40908922
  0.43588232  0.61335165  0.64960772  0.61814276  0.71577833 -0.47154791
  0.36525135  0.427969    0.61067738  0.21736025  0.17623534 -0.20876994
  0.2829705   0.81805849  0.31699002  0.32510075  0.36492983  0.35369629
  0.25794118  0.75850484 -0.30307993  0.79111852 -0.0929446   0.56382313
  0.29622057  0.67939841  0.65495727  0.58881644 -0.29629557  0.21722056
  0.43543703  0.74108612  0.65575994  0.57223705  0.54232503  0.46788265
  0.0384632   0.49017507  0.4553147   0.39359442 -0.37346955  0.72965783
  0.24613175  0.2286157  -0.31081097  0.68473598  0.23475265  0.53809409
  0.52578105 -0.42194275  0.00402155  0.68131637  0.64648305  0.5522047
 -0.1186199  -0.28162539 -0.26447155  0.63517808]","[ 0.55258431  0.33293525  0.52353833  0.72437635  0.57935019  0.62894131
  0.46988769 -0.16463917 -0.33875009 -0.22135953  0.22048707  0.42832719
 -0.31132302  0.61934183  0.69627325  0.29246781  0.23304118 -0.35222938
  0.45211467 -0.17896694  0.27318253  0.16688629  0.46584076  0.18082679
  0.29682083  0.123852    0.133524    0.41085069  0.56363228  0.50797795
 -0.27270265  0.51177523  0.55034803  0.2289471  -0.1878801   0.05745058
  0.44631029  0.28944005  0.29484227  0.39378534  0.20224594  0.07966666
  0.00436133 -0.27916097  0.7909284   0.74199224  0.02664589  0.62145287
  0.55420895  0.24151521  0.3553013   0.70824299  0.0981364   0.69327001
 -0.22454654  0.62814319 -0.30056709  0.31187687  0.29471932  0.51064618
  0.44931299  0.34549318  0.55555541  0.36331603  0.16162942  0.03043599
  0.48564127  0.19860195 -0.05199046  0.35025665  0.59132944  0.52343101
  0.61115419  0.31770862  0.57880518  0.36757426  0.34873661  0.20602661
  0.36774901  0.62625466  0.56031811 -0.06566817  0.23775748  0.52819114
  0.22337837 -0.3756467   0.67516428  0.31905997  0.09563928  0.24793607
  0.04660886  0.44927744  0.44501166  0.28513552]","[ 0.42370992 -0.39905374  0.60832116 -0.46252363 -0.25887116 -0.05001964
  0.22893784  0.59391691  0.63773539  0.24461365 -0.01365821  0.08754471
  0.3895017  -0.27377643  0.20453427  0.77515588  0.31915157  0.19730323
  0.19632426  0.35094575  0.58290238  0.669521    0.26206121  0.47933474
  0.37663091 -0.34574359 -0.34975239  0.34823977  0.23196819  0.34285536
  0.26372673  0.19865014  0.37542517 -0.32841744 -0.36606787  0.3155288
  0.28970679  0.21285546  0.641627    0.65257576 -0.29074892  0.77058487
  0.25958795  0.32504615  0.72649979 -0.17577837 -0.49599344  0.3839282
  0.57648499 -0.33837754 -0.65381432 -0.38030212  0.63179059 -0.33985039
  0.64897062  0.50550766  0.45721672  0.72071387  0.21089198 -0.33901171
 -0.2464785   0.54445938  0.55372771  0.61057021 -0.43412781  0.42806786
 -0.29660443  0.58094252  0.40173619 -0.61630229  0.79857118  0.35012966
  0.41092861 -0.27628955  0.82191751  0.72109729  0.25211146  0.55640449
 -0.31453415 -0.13652404 -0.24603113  0.53851872  0.43960261  0.24476665
  0.78428168  0.5821584   0.67529963  0.88087148 -0.1754054  -0.20715476
 -0.17283208  0.14623028 -0.1886988   0.31755811]","[ 0.3992802   0.63354756  0.20789162  0.12739871  0.17434876  0.1959336
  0.19096821  0.32216746  0.4388347  -0.32200178 -0.13480477  0.13044734
 -0.23552973 -0.29023532 -0.11440357  0.49585964 -0.4174364   0.39739081
  0.33955976  0.38785547  0.5256547   0.28629327  0.21794735  0.51820774
  0.40997545  0.35760698 -0.42044596 -0.28167664 -0.19128471  0.09748852
  0.45841074  0.18035408  0.07959146 -0.31594325 -0.13805966  0.45805575
  0.05066327  0.33587062  0.3124508   0.13310029  0.27903739  0.45076291
  0.3513068   0.54328017  0.74413852  0.562301   -0.57717715  0.42471129
  0.30936307  0.76441456 -0.32883585  0.44763481  0.16527224 -0.08760257
  0.3303772   0.56811626  0.20933545  0.1235364   0.17982268 -0.11986464
  0.47499063  0.09625018  0.52824927  0.21400866  0.6424675   0.33634424
  0.53850221 -0.47308439  0.32856857  0.50766683  0.64300919  0.50972083
  0.34472598  0.53732326  0.22674284  0.52724828  0.29441891  0.81712517
 -0.01065552  0.14089543  0.56749997  0.50319743  0.22498867  0.41785454
  0.67917151  0.39885374 -0.18903116  0.60660114  0.00330908 -0.19306084
  0.44479004 -0.26413511 -0.33986654 -0.43916748]","[ 0.39763716  0.54984403 -0.31650039  0.15848936 -0.26406319  0.44480239
 -0.23851623 -0.19585658  0.5917906   0.31683975  0.61728097 -0.07306619
  0.16050306  0.41839946 -0.1872357   0.62135217  0.05028991  0.19692465
  0.33355456  0.37615092  0.12539215  0.44887273  0.21057873  0.39385184
  0.4512636  -0.37120041 -0.1402239  -0.30370588  0.32423662  0.23061695
  0.69318469 -0.3663244   0.10794444  0.35064488  0.59054408  0.62608794
  0.14496439  0.44516924  0.42588072 -0.28725871  0.25480069  0.70365441
  0.52722837  0.62130331  0.71027098  0.58298998  0.35893872  0.40243782
  0.40699052  0.63216755  0.33556647  0.56045612  0.48479991 -0.26641932
  0.63748282  0.52627244  0.18621804  0.34382246  0.09330531  0.1131415
  0.40665261  0.5664075   0.41383413  0.30666805 -0.34375553  0.36551933
 -0.31696847  0.22400671 -0.33514732 -0.17606146  0.45193727 -0.2678796
  0.37122081 -0.07066415  0.24313746  0.28854381  0.36920519  0.73738304
 -0.39412033  0.18492184  0.58019407  0.74870507  0.05241298  0.39554069
  0.67685092 -0.08905528 -0.05835851  0.43906156  0.4253232  -0.39717929
  0.54138931  0.45512926  0.1572444   0.5238657 ]","[-0.38670945 -0.3398749  -0.256972    0.34974336  0.47003513 -0.2936974
  0.18993369  0.45229154  0.4497896   0.13282491  0.04742057  0.48660251
 -0.25116373  0.35149115  0.53989046  0.63751766  0.31341511 -0.2721207
  0.26909003  0.18958185  0.31011959  0.26684559  0.43101632  0.27041928
 -0.06759288 -0.20544347  0.20237556 -0.08131859 -0.22278377  0.32793729
  0.37804372  0.10534518  0.25820928 -0.17924272 -0.15628808 -0.07098087
  0.50581779  0.28070833  0.47749439  0.24231231 -0.2047362  -0.24128245
 -0.1835345   0.28613663  0.50807636  0.56255699  0.32024213 -0.27804671
 -0.08552629  0.37160623  0.51107395  0.47401962  0.42685864  0.30756217
  0.22030303  0.45644253 -0.33680781 -0.208262   -0.12929942 -0.24188395
  0.06489945  0.35723574  0.42950139 -0.29644819  0.06120568  0.36717287
 -0.09155893 -0.39991724 -0.2488483  -0.38573662  0.41315109 -0.35427724
 -0.14800944  0.11160177 -0.16045265  0.09298204 -0.01725118  0.40130942
 -0.46628291  0.25048731  0.42246483  0.50141902 -0.2590502   0.08918525
 -0.35331257  0.64913857 -0.09162721  0.25979987  0.21753656 -0.37740561
  0.15405144  0.16977374 -0.30390226  0.31421608]","[ 0.79112592 -0.41239263  0.65892953  0.27729051  0.37008727  0.33362896
 -0.26089596  0.4559362   0.45389158 -0.30272456  0.18761478 -0.37003922
  0.67850842 -0.27515397  0.58065326  0.4764641  -0.46603444  0.31434411
  0.66698022  0.56980406  0.47934592  0.46747838 -0.16866363  0.38506076
  0.12619314  0.07802123  0.78556487  0.22630036  0.00654449  0.30064553
  0.69186025 -0.16538236 -0.10148372 -0.22948957  0.38445539  0.33220301
 -0.0391445   0.02506675  0.27129208  0.50748342  0.30108651  0.67989791
  0.43716116  0.36820532  0.70687439 -0.08917308 -0.35814333  0.30230466
  0.43186312  0.78847451  0.43150403 -0.21423296  0.57364299  0.40897337
  0.06388182  0.68580808  0.24482712  0.7086632   0.16622916  0.32410766
  0.59915191  0.29519593  0.60551697  0.42562299  0.16229094  0.60235869
  0.19181877  0.49263787  0.51980595  0.2591499   0.49283886  0.19655806
 -0.44817009  0.1922655  -0.15849064  0.45094855  0.51498024  0.81666418
 -0.4725879   0.44220929 -0.33502464  0.60213742  0.36810008  0.389171
  0.49074539 -0.19571935  0.06026076  0.83737262  0.52922162  0.44668213
  0.28897355  0.35952167 -0.413479    0.62596698]","[ 0.48407519  0.17206354  0.23734308  0.41520506  0.65819279  0.45316048
  0.26009994  0.3103805  -0.19877012 -0.2019865  -0.08421959  0.2701347
  0.40763384  0.47614847  0.56017663 -0.26460088  0.42203529  0.59554905
  0.52189878  0.08118936  0.26016946  0.14428432 -0.0294183  -0.37601442
  0.81672906  0.19433395 -0.18234746  0.16375066 -0.2868945   0.36551812
 -0.3100413   0.29901533  0.0684885   0.39808003  0.29571511  0.37893435
  0.25831717  0.42990356  0.06577729  0.22208519 -0.03600529 -0.21206922
  0.14805801  0.17760281  0.74151153  0.412976    0.43194144  0.07752946
  0.32007618 -0.34529427 -0.25753598  0.33655985 -0.36884039  0.30671977
  0.08373262  0.16941014  0.2588507   0.1035339  -0.25575396  0.02499833
  0.22522148  0.24459475  0.35435364  0.39961593  0.50724587  0.28092449
  0.26870952  0.44923488 -0.24883818 -0.16892487  0.16303175  0.46912906
  0.39698757  0.29597844  0.11195343  0.16277453 -0.32587032 -0.32517355
  0.54189615  0.70038581  0.44906947 -0.18349194  0.0982375   0.3785792
  0.44311183 -0.36532555 -0.46209489  0.19904292 -0.14213269  0.3987414
  0.31010078  0.37555876  0.11918909  0.30611757]","[ 0.23278782  0.0326435   0.45590517  0.27714997  0.55115256  0.17465804
  0.46987104  0.27129363  0.11899266  0.18715454  0.3115467   0.2129547
  0.37295505  0.34068513  0.54099901 -0.23386298  0.5050558   0.00233747
  0.42090598 -0.27975115  0.02975947 -0.25491735  0.24838002  0.29139742
  0.39757194 -0.21731094  0.34531988  0.29361479 -0.27163451  0.10192381
 -0.30499328 -0.36356877 -0.19804651  0.13639953  0.1937772  -0.00688402
  0.30431414  0.22074512 -0.2845758   0.4741818   0.07777158 -0.12034661
  0.15161338 -0.08668672  0.46214738  0.32791654  0.32506496  0.22843382
  0.2594116  -0.20114014  0.09231457  0.38581021  0.191611   -0.21547186
  0.12122794  0.44468735 -0.07717747  0.04629953  0.29795785  0.21509006
  0.32094555 -0.23065214  0.27974681  0.42761626  0.12672682  0.36408757
  0.34745948  0.40164285 -0.26422356 -0.24979687 -0.170375    0.53111547
  0.52497011 -0.29097346  0.34518764 -0.25498174  0.31382344 -0.46724051
  0.35111989  0.57060758  0.19134219 -0.12697236 -0.11498006  0.23933716
  0.37469828  0.26572197 -0.23064638 -0.48334789 -0.20384127  0.32241619
  0.49837942  0.50363259 -0.3294365  -0.20928813]","[ 0.51627463 -0.26121551  0.36143853 -0.36897766  0.35208479  0.46069348
 -0.19828698  0.27778053  0.40996666 -0.29122907  0.34536292  0.38174818
  0.58575429 -0.34154844  0.15400071 -0.30583296  0.24357683  0.42876757
  0.15342109  0.37201702  0.51705637  0.02591214  0.20163109 -0.29332915
 -0.46032852 -0.19094285  0.82962163  0.04666018 -0.20901089  0.13754179
  0.45343001  0.23157215  0.46165426  0.44718665 -0.20375624  0.5362603
 -0.11792837  0.48051736  0.36801552  0.59115865 -0.13831368 -0.07633965
 -0.47672485 -0.02591045 -0.36732749  0.19770181  0.39847671 -0.22859164
 -0.26741544  0.66384801  0.40555201 -0.24584479  0.41453361 -0.345798
 -0.0530966   0.31124511 -0.3760283   0.56460736 -0.14902566  0.38214855
 -0.19194341  0.55671386  0.59378164  0.330051   -0.17641966  0.34100415
  0.03828251  0.33080307 -0.24384238  0.41930746  0.47344681  0.44289298
  0.27285893 -0.12547078  0.17724654 -0.00151869 -0.30630255  0.41431392
  0.02827897  0.45253441  0.04675544  0.5863113   0.14470429  0.5597964
  0.37142138  0.23207881 -0.26320323  0.46689806  0.43711086  0.26623999
  0.43216565  0.2877027   0.48801475 -0.38865572]","[ 0.24736425  0.18643386  0.17211157  0.23308136  0.30317024  0.21353496
  0.16853345  0.69999266  0.41562193  0.49362677  0.10925885  0.6154315
  0.32572681 -0.16373113  0.18868979  0.37095865  0.21355341  0.19285817
 -0.13726422  0.40204669  0.48210077  0.17750805  0.21175188  0.175825
  0.59661868 -0.21076339  0.77000128  0.05951744  0.38029145  0.33916407
  0.10880429  0.02260358  0.12010314  0.31980032 -0.30566948  0.39771193
  0.51845251 -0.39923908  0.3422118   0.40504709  0.20740893  0.12664093
 -0.24681518  0.01537734 -0.27765462 -0.30536486  0.31176833 -0.115539
 -0.26879567  0.30058447 -0.39971242 -0.02086188  0.6314745  -0.36175803
  0.26561251  0.52273178 -0.30669132  0.37447162 -0.17818232  0.49862117
  0.43120644  0.4329542   0.44023649  0.3296762   0.28752766  0.35268453
  0.40914462  0.36881664  0.40916074 -0.16387726  0.29552332 -0.32380541
  0.30738947  0.33078456  0.15137679  0.08818164 -0.3776535  -0.25173934
 -0.25418665  0.13350092 -0.35000278  0.50416847  0.1569921   0.24026854
  0.26542345 -0.03253225 -0.07671631 -0.37640481  0.30398434  0.43070996
 -0.06763398 -0.21090312 -0.4545754  -0.2805252 ]","[ 0.77558553 -0.08822883  0.46482138  0.20007534 -0.14153471 -0.19550505
 -0.18561821  0.62696653  0.56912097  0.47062734 -0.11358027  0.41626055
  0.70119965  0.15833055  0.32421191  0.60239963  0.40797434  0.72889146
  0.31437543  0.37066862  0.36548081  0.57638641 -0.15878404  0.51965165
  0.57022522  0.46737212  0.85826691 -0.24240836  0.29754501 -0.12958831
  0.55610773  0.53530268  0.10789359  0.56498615 -0.24671854  0.2705882
  0.26934903  0.87837864  0.6195401   0.31852119  0.76980184  0.16531783
  0.62717727  0.46728584  0.83894366  0.09264221 -0.51578534 -0.11346453
 -0.14929459  0.77703064  0.58470349  0.61897752  0.70834583  0.50179101
  0.67009058  0.68579057 -0.23456154  0.75878664 -0.13083653  0.55049312
  0.43928652  0.45810689  0.66261668  0.60969191  0.53907055  0.54625075
  0.55132358  0.75167105  0.69970809  0.2512773   0.56708663  0.52715944
  0.42834741  0.57924831  0.37460457  0.41253515 -0.04118842  0.66664889
  0.03244125  0.55156188 -0.43502557  0.62997889  0.41383825  0.62777306
  0.75610299 -0.56736734 -0.21156327 -0.6588445   0.72965743  0.64811203
  0.6200349  -0.20317455 -0.28905553  0.58951825]","[ 0.57001476  0.22884392 -0.3777846   0.56989069  0.66005015  0.71757139
  0.5815089   0.59321138 -0.21422699  0.25052766  0.54313307  0.19660847
 -0.16891974  0.49259999 -0.05860837  0.35025383  0.71070433  0.30557468
 -0.25161793  0.25738899  0.27394181 -0.09958952  0.61350546 -0.26759496
 -0.48888161  0.44556163 -0.1509368   0.56127911 -0.25439608  0.58507086
 -0.1641268  -0.06525538  0.29163505  0.23428904  0.14905822  0.45808159
  0.50541025  0.79867014  0.09004845 -0.33757072 -0.11393729 -0.24474325
 -0.3847135   0.15081991  0.56164064  0.39721335  0.39598952  0.54484324
  0.40696759  0.43316592 -0.32296334  0.53988394 -0.07174496  0.64108472
  0.41849189  0.55926483 -0.39385932  0.39645877  0.30787233  0.21443831
  0.40053858  0.52515377  0.373815   -0.076542    0.38726041  0.44146385
 -0.25323867  0.24232365 -0.16072828  0.46958508  0.24114704  0.49951678
  0.65439492  0.3322734   0.57424078  0.08384901  0.62865429  0.07180878
  0.36285717  0.20366204  0.61240673  0.42249637 -0.17594423  0.2875283
  0.61234757 -0.45121902  0.32505851  0.38757646  0.22721173 -0.20084001
 -0.32235017  0.28358011  0.50447208  0.03997552]","[ 0.41332694 -0.37555622  0.33639223 -0.13709622  0.38979602  0.56091651
  0.3531945   0.26080191  0.47748173  0.14341041  0.58566999 -0.40334461
  0.57725485  0.10332303  0.02145131  0.59379918 -0.23003626 -0.39054567
  0.48168802  0.1931136   0.49759981  0.24217993  0.32266719 -0.20205958
  0.18750208  0.07371875  0.59520224 -0.16218709  0.37155071  0.17444018
  0.66555954 -0.18277951  0.14342535  0.26605652 -0.2627946   0.2993833
  0.37317799  0.2988186   0.37381741  0.46454981 -0.23326837  0.56797225
 -0.05304432  0.07591432  0.34174602 -0.23497329 -0.37469875 -0.12375694
 -0.17531938  0.26275014 -0.52074657 -0.09614793 -0.0614082   0.16566938
  0.4073482   0.50832876  0.25897148  0.55388275 -0.16435505 -0.32234117
  0.0152761   0.37379933  0.62098906  0.63985336 -0.18751354  0.65492904
  0.35065475  0.60665799 -0.351636   -0.36756335  0.68442987 -0.25602076
  0.43669131  0.52102963 -0.15985736  0.46853577 -0.17818223  0.37565679
  0.19031562 -0.18289841 -0.31916926  0.28881228  0.26019371  0.34539941
  0.48333786  0.2563593   0.27068523  0.73171515  0.23406807 -0.03151958
  0.04921639  0.33300991 -0.41920488  0.18148554]","[ 0.2830732   0.44477817  0.17260946  0.36021517  0.68753206  0.47223507
  0.49578306  0.44237516  0.12303405 -0.10814283  0.53355344 -0.09278569
 -0.22146429  0.47946069  0.37911187  0.33379795  0.29949397 -0.46172204
  0.15077873 -0.2541233   0.56163319 -0.17262453 -0.24987183 -0.17943327
  0.21086977 -0.10921463  0.73708757  0.29772355 -0.21450955 -0.20220145
  0.33901596  0.35472375  0.28536514  0.3447439  -0.19563005 -0.33730991
  0.40868964 -0.26992233  0.49519516  0.61547647 -0.11167884  0.11379673
 -0.19081015 -0.10709814 -0.23472523  0.01344351  0.30974058 -0.13434576
 -0.44964452 -0.21159764  0.2274478   0.12296848 -0.00246108  0.36180844
  0.43263588  0.32895596  0.20755851 -0.14302197  0.03798985  0.07437892
 -0.13733186  0.09649981  0.53334843  0.53906394  0.20991879  0.50950297
  0.40391519  0.37064432 -0.25399778  0.2656246   0.15419317 -0.32061195
  0.2220447   0.33048639  0.36210288  0.05420407  0.33666831 -0.08265328
 -0.19427875  0.34368973  0.27348383 -0.27414017  0.33001253  0.16758761
  0.29814255  0.54625604  0.15519494  0.19010233  0.27976287  0.09960866
  0.07804976  0.40963167 -0.17252664  0.53143725]","[ 0.20414376  0.40441011  0.56101986  0.26021325  0.5585981   0.58820413
  0.5649418   0.08792125 -0.33227629  0.22620108  0.58822802  0.18782095
 -0.35966254  0.50144638  0.47573299  0.17710396 -0.14016487 -0.46972929
  0.21407716  0.21412059  0.507009    0.03598516  0.22042189 -0.06042952
  0.21992496  0.10288861 -0.07304353  0.04096817  0.29133833  0.01288401
 -0.19112848  0.32201269  0.51754483 -0.28879724 -0.16074809 -0.40737642
  0.37297047 -0.28586007  0.22541013  0.22580848 -0.29574733  0.11615698
 -0.21685621  0.13308749  0.47099365  0.25780658  0.36759244  0.27657759
  0.44246783  0.16245637  0.50945157  0.06024443 -0.21084595 -0.22518329
  0.61983803  0.07906307  0.34964369 -0.31472414  0.17677351  0.47068197
 -0.23337942  0.0332272   0.21419581 -0.22489368  0.32695115 -0.07280096
 -0.34691217  0.1396783   0.02016065  0.44568132  0.29256397 -0.26858988
  0.17819639 -0.28015279  0.46924476 -0.22591336  0.33119087  0.13297044
  0.11740748  0.26927052  0.09994037  0.18623707  0.19506392  0.25203826
 -0.29052485  0.6711138   0.36430236 -0.25289488 -0.09407723  0.22030235
 -0.11531041  0.43991994  0.25692207  0.60073268]","[ 0.26781518  0.38771654  0.0981482  -0.19048381  0.6150388   0.50948681
  0.41979112  0.20897234 -0.11427853  0.09923566  0.61334075 -0.18561355
  0.66730756  0.55643308  0.36484731  0.30970116  0.21065409 -0.48553631
  0.24788226 -0.23390743  0.53006662  0.22291568  0.10691775  0.15314995
 -0.35816789  0.28500683  0.30620205  0.02550238  0.18272353  0.16690678
  0.31419294  0.2760506   0.16915783  0.33133907 -0.43010272  0.35511928
  0.32186704  0.06059646  0.38862798  0.32151063  0.3179056   0.36361525
 -0.17216661 -0.16190393 -0.16995708  0.43530318  0.28438051 -0.13969709
 -0.41175977  0.13926358 -0.63155041  0.44662902 -0.02642121  0.31743764
  0.29084064 -0.03101572 -0.26339763  0.56447754  0.03077574  0.44544488
 -0.34694539 -0.03835085  0.45034549  0.52795685 -0.32248441  0.62156196
  0.26720218  0.61491599 -0.28834241  0.41289823  0.55167455 -0.20426933
  0.33300772  0.28973475 -0.1840707   0.22144789  0.26826287  0.18633439
 -0.35197984 -0.2990135   0.09045078  0.26255263 -0.08134432  0.238658
 -0.25037658  0.27275128  0.30397016 -0.35425766  0.45495185 -0.2501282
  0.06911527  0.34054245 -0.30084982  0.39586448]","[ 4.90010340e-01  5.10693428e-01  2.49903503e-01 -6.64349120e-02
  5.60535240e-01  3.72811990e-01  4.13256593e-01  4.36673134e-02
 -2.12113760e-01  1.72654176e-01  6.80029187e-01  3.30517172e-01
  5.34224454e-01  7.13240611e-01  2.76332798e-01  2.01937565e-01
  1.24127799e-01 -3.33287419e-01  1.94852854e-01  2.46377768e-01
  5.00460523e-01 -7.08586496e-02 -1.39618534e-02  1.54013266e-01
  7.87619052e-01 -1.39647175e-01  1.92504104e-01 -1.78724980e-01
 -3.52401449e-01 -1.01876132e-01 -6.96602912e-02  4.01942096e-01
  5.47056029e-01 -2.71752304e-01 -4.86269348e-01  5.80424547e-02
  3.23078566e-01 -1.26693240e-01  2.43835491e-01 -2.79443405e-01
  1.90764460e-01  6.96293763e-01  8.81318339e-02 -2.93763808e-01
 -1.07397202e-01  3.00200233e-01  2.72893977e-01 -1.18668164e-01
 -2.65209475e-01 -3.14031226e-01  2.38247428e-01  8.80615989e-02
  4.88089184e-02  3.63357664e-01  9.09008401e-02 -3.33108456e-01
 -3.28046882e-01  5.29266636e-01  1.68254314e-01 -4.29428882e-01
  4.32973133e-01 -3.12402667e-01  4.10978523e-01  3.92627311e-01
  3.43716485e-01  3.83645938e-01  2.07474776e-01 -1.69217562e-01
 -4.30149241e-01  2.60809095e-01  5.77546543e-01 -8.57441888e-07
  2.02393128e-02 -1.44596184e-01  2.42610485e-01  6.56523951e-01
  2.80389996e-01 -2.48908031e-01  3.57967837e-01 -2.28095286e-01
  2.96994811e-01 -1.20878982e-01  2.45416058e-01 -1.61311437e-01
  3.53576074e-01  6.87822067e-01 -3.63079622e-02 -2.22473464e-01
  4.82140413e-01 -2.90596567e-01  3.28923491e-01  6.48536056e-01
 -3.72923493e-01  4.53452261e-01]","[ 0.5257334   0.30834264  0.54199393 -0.30681942  0.02951207  0.12843402
  0.54391185  0.46111354  0.42844597  0.47690887  0.66767134  0.14955068
  0.60341476  0.32728952  0.49719779  0.22223918 -0.28091701  0.28246372
 -0.25824904 -0.25954914  0.58020561  0.11467038  0.40405063  0.23047563
 -0.37990805 -0.36746039  0.02552727 -0.27897251 -0.35802257  0.1342285
  0.01435324  0.29614306  0.27728606  0.14502022 -0.16358715 -0.51765003
  0.4047649   0.38438792  0.27908679  0.52680615  0.43547918  0.27753021
 -0.15702737 -0.33860284 -0.19564611  0.36021838 -0.51975562 -0.1674391
 -0.28202937  0.26241287 -0.62575407  0.31798299  0.21213403  0.42400236
  0.19694322  0.42531656 -0.19461089  0.63089888  0.0368866  -0.41076642
  0.29476042  0.28721614  0.58939106  0.51265554  0.67175679  0.34707366
  0.33187191 -0.30352388  0.05068402  0.25328201  0.40356286  0.51411279
  0.36221652  0.22343897  0.28927687  0.18675077 -0.34808056  0.43875462
  0.23566069 -0.25687246  0.29986513 -0.16540176 -0.11906588  0.36515095
  0.54094071 -0.24959028 -0.163653    0.21160859  0.31898229 -0.30097261
 -0.22748527  0.46368827 -0.35134639  0.2199739 ]","[-0.03704831 -0.13164121  0.39797648  0.45999814  0.4678448   0.25279458
  0.4686668   0.49164465  0.30410616  0.18590158  0.41030368  0.32758949
  0.30937839  0.42725514  0.66541426  0.37281854 -0.49003963 -0.35626561
  0.36529043 -0.31894108  0.6595115  -0.19832636  0.54506718  0.07366597
 -0.30689836 -0.23602367 -0.28201721  0.20267336  0.69447086 -0.39716819
 -0.41353848  0.45429968  0.38097168  0.28982516  0.32639347  0.37901134
  0.5137309  -0.27247156  0.56191345  0.34353961 -0.2280255  -0.25532916
  0.32969803  0.13746877  0.37019824 -0.12859989 -0.57918577  0.23327667
 -0.1889173  -0.44928983  0.46499859 -0.06555698 -0.21306277  0.42881616
  0.49934679  0.50409741  0.16077488 -0.11809935  0.2330846  -0.20176553
  0.21508663 -0.35325362  0.2785399   0.26433225  0.55661047 -0.41145663
  0.12559418 -0.29467221 -0.47433305  0.18114862 -0.07064411  0.5063217
  0.33710414  0.4386773  -0.11816522  0.37239549 -0.30524982  0.46931064
  0.47464945 -0.07041019  0.4330087   0.30990778 -0.14718604  0.08698724
 -0.60204251  0.58579611  0.28952988  0.27536892 -0.0905943   0.24309056
  0.35217523  0.43801126  0.22113238  0.2802994 ]","[ 0.00159795 -0.19876187 -0.34656682  0.31577442  0.45869673  0.22654039
  0.45581482  0.40288014  0.42588696 -0.33452297  0.35545837  0.29499324
 -0.45647009  0.40278537  0.58997153  0.52528397 -0.26768711  0.29171433
  0.46134161 -0.43641908  0.4001743   0.21700494  0.33346154  0.13011696
  0.20936032  0.04878346 -0.46917339 -0.2504657  -0.42372142 -0.28400678
 -0.32975827  0.2599023   0.44170219 -0.15234614  0.23878399 -0.30033616
  0.4206594  -0.37124443  0.35719702  0.38459161 -0.21498896 -0.45404684
  0.25584927  0.19514156  0.28538678 -0.20731197 -0.06680907 -0.35727292
 -0.06003484 -0.36823192  0.2876709  -0.40652458  0.14573017 -0.5222693
  0.39071896  0.51318974 -0.251012   -0.22144281 -0.13204196  0.1017401
  0.07875631  0.34156999  0.46252744  0.51368432  0.56340994 -0.21522491
 -0.33576107 -0.34276653 -0.40432019  0.43718766  0.2393384   0.0841016
  0.21807177  0.2380213  -0.25470754  0.24439304  0.17689956  0.55136679
 -0.30285401  0.1945907   0.4397962   0.12139491 -0.16267202 -0.10803346
 -0.4167448   0.6243114  -0.1408295  -0.39174743 -0.0311443   0.14044374
  0.48706833  0.52936332 -0.2816108   0.48251501]","[-0.11571572 -0.24217737  0.22182365 -0.41385386  0.47702833  0.28149404
  0.24376011  0.60687435  0.2584425   0.32489827 -0.19601402 -0.11503826
 -0.24341728  0.17288331  0.44604197  0.44808455 -0.20401796 -0.26135858
  0.16570671 -0.4538743   0.43583813  0.26530092 -0.23072399  0.13171818
  0.66040492 -0.14734029  0.52924459  0.24752536  0.24405941  0.11656501
  0.29570797 -0.29424033  0.39894128  0.36362181  0.21559471 -0.346403
  0.3740871  -0.22436098  0.42328658 -0.11621946  0.32847473 -0.39704184
 -0.01699646  0.18016666  0.0151537  -0.33974845 -0.22232565 -0.12237749
 -0.17144296 -0.28739627  0.39440251 -0.40355589  0.31323951 -0.25457308
  0.04726615  0.52548666 -0.30368532  0.21963731 -0.04600621  0.31394184
  0.01651216 -0.1420384   0.43879096  0.0323402   0.33080691  0.12739143
  0.19748391  0.30659727  0.43854122 -0.30442708  0.45145888 -0.19409723
  0.18746211 -0.3214321   0.21792472 -0.15252881 -0.29001191  0.51283276
 -0.33208852  0.32099094  0.3501808  -0.21386918 -0.21031982 -0.06971035
 -0.32392557  0.53302783  0.11818015  0.41309198  0.26139594  0.31075834
  0.12586188  0.47682011 -0.26987284  0.13441245]","[ 0.69217576  0.69892001  0.18175522  0.56031707 -0.21622495  0.15624014
  0.40603225  0.10852185  0.60504082  0.6853174   0.38539045  0.30536657
  0.3714941   0.35914069  0.22344816  0.55979596  0.44717939 -0.32337323
 -0.27370126  0.59929439  0.11193309  0.21170285  0.34087609  0.57253044
 -0.29138506  0.64309953  0.75499981 -0.0748426  -0.28025264  0.25609617
  0.49868781  0.30651414  0.36576299  0.48784448  0.28061264  0.50264162
  0.24347092  0.55345652  0.40013114  0.40682682  0.25267629  0.68722882
  0.24283557  0.02340707  0.32136665  0.16150481  0.35924932  0.19225122
  0.53506971  0.71417779  0.52443215  0.39840712  0.51069954  0.3763671
  0.53774825  0.48862274  0.44358802  0.49335506  0.05995762 -0.2171444
  0.4315749   0.60930649  0.67671009  0.51954256  0.52933914  0.4412504
  0.37632957  0.47674218  0.50684504  0.53798159  0.10526596  0.19367869
  0.28989268  0.42011223  0.24025548  0.18950185  0.07330333  0.77688954
 -0.15485274 -0.21324355  0.00767861  0.70387959  0.21197994  0.35388715
  0.44304185  0.12879037  0.63103742  0.46859584  0.69016164 -0.31161284
  0.67489565 -0.00720462  0.17066806  0.4390499 ]","[0.81525851 0.80650492 0.47746836 0.70405667 0.41644635 0.27718473
 0.36614079 0.42402809 0.73811239 0.67761712 0.83009148 0.51664276
 0.67954184 0.53713272 0.67617386 0.45223078 0.69585586 0.66853686
 0.57842843 0.66721839 0.38462089 0.67954028 0.61520787 0.78591294
 0.33188208 0.69088512 0.81469554 0.50103657 0.14118522 0.6866425
 0.69222644 0.45415482 0.15977813 0.5187468  0.69221194 0.70367467
 0.3850956  0.51744963 0.65472238 0.62570366 0.54604854 0.63095161
 0.28632799 0.62255706 0.74381738 0.12782975 0.46698943 0.59641379
 0.74327883 0.87653709 0.63578316 0.32831378 0.64399005 0.55178163
 0.65112068 0.29037667 0.51785989 0.59150528 0.24729874 0.5489552
 0.62339227 0.79648163 0.74300061 0.61499138 0.6946842  0.73062955
 0.57283896 0.6056218  0.71682907 0.53436853 0.44919011 0.50366223
 0.53373806 0.58336696 0.39680751 0.46991485 0.60712157 0.73033539
 0.5520701  0.80584873 0.25918431 0.86055772 0.39645695 0.57814603
 0.58226307 0.6843074  0.64294547 0.6592161  0.76670253 0.67350807
 0.70078404 0.36993531 0.5233464  0.65590386]","[ 0.60865503  0.33989562  0.28866627 -0.21107586  0.11154238  0.18778157
 -0.38813576  0.25274178  0.3888604   0.19760464  0.59806331 -0.09517113
 -0.18902272  0.0811467  -0.16234242 -0.03939746 -0.28918206  0.02862588
 -0.00641604  0.14374896  0.22774446  0.19916591  0.11301003  0.49650678
  0.43081723  0.36222908  0.56433426  0.0813323   0.57781262 -0.14416535
  0.58061717 -0.22301656  0.40594694  0.09590026  0.36425363  0.42015987
  0.3940452   0.32195292  0.18246381 -0.25476594 -0.24911258  0.46930485
  0.24406542  0.49190108  0.42372167  0.59770163 -0.18431202 -0.31317199
 -0.1508352   0.69814414 -0.27016421  0.3468039   0.32075836 -0.10329431
 -0.02894542 -0.17921088  0.41842145  0.16549318  0.50521873  0.09235064
  0.16019147  0.52037302  0.45673478 -0.11271827 -0.19803288  0.19281319
 -0.2053879   0.16625924 -0.06116142  0.29594003  0.49908193  0.10787085
 -0.32983593  0.06008462  0.01323193  0.16610261  0.43942797  0.51013481
 -0.26164919 -0.10962938  0.61934826  0.36030984  0.1762765  -0.15327882
 -0.01777038 -0.33643531  0.66725903  0.36281091  0.50894159 -0.36193351
  0.3988415   0.03900108  0.14918896  0.31607989]","[ 0.85193948  0.71397055  0.45264382  0.57630597  0.32467568  0.59656635
  0.53351214  0.30219008  0.51522874  0.57978913  0.77077364  0.42152836
  0.16608421  0.52289424  0.48935735  0.34572858 -0.30210492  0.53267373
  0.65807316  0.6700303   0.37200805  0.59111229  0.35557313  0.67984674
  0.49748035  0.58852051  0.51988925  0.2271894   0.43802472  0.5236207
  0.4622057   0.51946115  0.40116194  0.17313303  0.57349035  0.69133311
  0.23880583  0.59837696  0.64309168  0.48448691 -0.25497855  0.51964595
 -0.05376786  0.52568456  0.54847229  0.23910012  0.33405626  0.45931785
  0.49235617  0.75842246  0.37619421 -0.16903819  0.44779906  0.55854456
  0.6197167   0.23903355  0.14442818  0.42779237  0.24493105  0.12404096
  0.37787771  0.6971488   0.57169583  0.61503678  0.1102777   0.68883377
  0.6175307  -0.18170335 -0.4156012   0.09948386 -0.024373    0.25192356
  0.73099445  0.09345845  0.00544876  0.11192251  0.3934369   0.03593489
  0.1451322   0.53920445  0.36410853  0.51398386  0.10986842 -0.09347437
  0.48797141  0.69531459  0.15481815  0.49284959  0.430293    0.33607493
  0.64494179  0.35062744  0.13572985  0.61168608]","[ 0.61449403  0.6831358   0.51089009  0.42861571  0.17796542  0.27967644
  0.54461525  0.5891639   0.76970657 -0.10288238  0.77535446  0.53036393
  0.76896942 -0.42014993  0.46224676  0.43359097  0.65717356  0.16222036
  0.38345109  0.60998766  0.536514    0.63385757  0.67596558  0.73875927
  0.27590967  0.57228485  0.73931279  0.45728008  0.31857009  0.60416961
  0.470239    0.52923963  0.21287764  0.70870135  0.57709352  0.61721655
  0.53404034  0.63162618  0.81489287  0.60066613  0.58762252  0.34394597
  0.41090295  0.45620589  0.68334025 -0.1415376  -0.2698677   0.30250126
  0.58601109  0.65656047  0.56796629  0.4792009   0.2627785   0.42631412
  0.69400101  0.3939503   0.60243688  0.80973514  0.59987606  0.49527321
  0.50117088  0.83011915  0.73136843  0.69879742  0.65979568  0.74516627
  0.49176541  0.49201497  0.32172986  0.78815017  0.45492215  0.69577374
  0.50111493  0.65709754  0.15618029  0.52921307  0.59917044  0.61054107
  0.51683718  0.70894428  0.00382966  0.82144923  0.4506227   0.60231425
  0.54252331  0.70037343  0.40503763  0.62303366  0.7716737   0.70932108
  0.4907684   0.04612496  0.27525753  0.23291041]","[ 0.84037083  0.47570727  0.5924169   0.51213916  0.2865221  -0.07000355
  0.38939906  0.80292899  0.79164649  0.48603075  0.53559082  0.72752118
  0.68052156  0.38242126  0.56280316  0.69515876  0.80749596  0.28369894
  0.27990085  0.69850763  0.55679196  0.68511132  0.74648788  0.81479018
  0.78377987  0.62438666  0.8532355   0.55162772  0.66498111  0.61471102
  0.63841189  0.54825185  0.44542395  0.85607743  0.56372903  0.76883296
  0.70424673  0.78353714  0.85173983  0.64641047  0.69320282  0.42827489
  0.58848891  0.58488797  0.44127911  0.30951757  0.62850435  0.40441788
  0.66391668  0.70526651  0.78578344  0.82615686  0.64035868 -0.14280418
  0.70076749  0.69250091  0.79906272  0.90078841  0.70763633  0.62472009
  0.61113938  0.77832483  0.843479    0.83546134  0.80165704  0.83539574
  0.63375504  0.77495263  0.68555084  0.85699667  0.7493858   0.81627418
  0.66829452  0.80509198  0.61622327  0.53121925  0.64519797  0.83724288
  0.71587745  0.64081121  0.38001646  0.88762765  0.49749027  0.66312495
  0.6873836   0.74915769  0.55282408  0.72864754  0.83084419  0.5912773
  0.30070947  0.06535584  0.48537871 -0.30506914]","[ 0.80985169  0.62395435  0.37723319  0.66691435  0.21057758  0.58019656
  0.27513257  0.25056913  0.69357603  0.51070201  0.79102682  0.36874574
  0.56479367  0.45766862  0.394306    0.43429396  0.48723155  0.39285349
  0.68544371  0.50664557 -0.36321024  0.50525134  0.39318982  0.71266403
  0.0904167   0.67249513  0.74512417  0.38831743  0.02684134  0.52469714
  0.57914707  0.27130318  0.07940783  0.65956862  0.69274561  0.62695233
  0.13530521  0.59568913  0.47561717  0.36598215  0.34764472  0.65334124
  0.04710002  0.6892307   0.67574183  0.17741623  0.62156027  0.44421476
  0.40211515  0.85227586  0.61438792 -0.07595263  0.4505364   0.31626459
  0.66888648  0.13064049  0.21625287  0.58140458  0.10511422  0.06163416
  0.44315913  0.67560731  0.63199896  0.42544783  0.4294689   0.58344524
  0.36336526  0.50158211  0.4528625   0.31681512  0.28274411  0.53771236
  0.62817856  0.30886755  0.30672615 -0.10131511  0.43242813  0.51593574
  0.45378268  0.65522846  0.02033796  0.55390736  0.05347191  0.29238512
  0.47515324  0.47312127  0.05870313  0.66183403  0.60720589  0.59656774
  0.73264536  0.38893421  0.2709886   0.46945434]","[ 0.71324523 -0.2262787   0.27758627  0.28055053  0.15144576 -0.02108617
 -0.21269753  0.26648591  0.73524935 -0.16258688  0.49223172  0.37307591
  0.50745004 -0.31308888  0.26007291  0.20201926  0.34146063  0.29089377
  0.0874144   0.17519835 -0.08708713  0.28815721  0.44225033  0.65528222
 -0.09154605  0.37872674  0.66991558 -0.19748696  0.21003957 -0.23259751
  0.27643533  0.31522933  0.48315237  0.58884883  0.51965945  0.5552554
 -0.12986514  0.2930307   0.63046161  0.37636586 -0.36620101  0.44253963
 -0.13292257  0.37636071 -0.2995117   0.46708378 -0.3473348  -0.22217648
  0.42276202  0.57802176 -0.27680051  0.20692761  0.21172498  0.29135874
  0.4344289  -0.16407119  0.28509591  0.60864305  0.19587764  0.29566598
  0.17984681  0.55887108  0.68612022  0.50273553  0.51389645  0.60233112
 -0.35036177 -0.0783561   0.28283028  0.44662181  0.16994148  0.48908009
  0.20277493  0.38699905  0.01682216  0.17739609  0.45030492  0.35332652
  0.15016538  0.44180553  0.17032641  0.68804884 -0.01320373  0.09963125
  0.42646259  0.44451063  0.30506482  0.6369231   0.62442734  0.69730231
  0.23171867  0.04843901  0.12925776 -0.35199818]"
"[ 0.46986376  0.41510102  0.29050994  0.48375895  0.22617944  0.08440714
 -0.20047277  0.36120177  0.24568502 -0.03567851  0.2403974   0.02460139
 -0.11634629 -0.17335434 -0.24021182  0.15416483  0.15501315 -0.17684892
  0.1286445  -0.04754991  0.4095089   0.44125091  0.16220023 -0.0822806
  0.0525992   0.0938758   0.45614951 -0.1324518   0.3012299  -0.43800832
  0.45461837  0.26626578  0.22039018  0.64114458  0.38230714  0.11034771
  0.34228353  0.20617951  0.43627643  0.46882466 -0.21015102 -0.0955183
 -0.52505374 -0.16299354  0.60745635 -0.21593033  0.27820706 -0.24080119
  0.21651265  0.56645016  0.10419855 -0.03808974  0.36211215  0.03981418
 -0.1614758   0.41267413  0.20424281  0.08358067  0.18649518  0.35993796
 -0.20875549  0.4071004   0.69292213  0.35950448  0.22430433  0.5766577
  0.522609    0.17512067  0.43371082 -0.29770229  0.1284094   0.32020392
  0.20376558  0.08852912  0.00642579  0.18465788 -0.13594534  0.68282869
 -0.32093061  0.273427   -0.078603    0.61917285 -0.09457504  0.3904356
 -0.37058033  0.03324299 -0.25632236 -0.46768193  0.42284151  0.189577
  0.49052677  0.22402039  0.37860443  0.21660082]","[ 0.00470424  0.04954874  0.324898    0.28985324  0.0941229  -0.24613114
  0.50813633 -0.25629861  0.22365566  0.53742956  0.19616174  0.47737528
  0.22802707 -0.34505129 -0.3423893   0.3160394  -0.30429736  0.53812773
 -0.07391005  0.15954034 -0.27375025 -0.17995045 -0.01882029  0.44054157
  0.56173448 -0.01867026  0.64038157  0.29375967 -0.0921712   0.45807622
  0.56358317  0.05647982  0.33221223  0.50480766 -0.20199889 -0.38017944
 -0.46098267 -0.65273214  0.5824648   0.78674832  0.24803213  0.40278551
  0.43263619 -0.11840713  0.728096    0.51838648  0.2205379  -0.09853072
  0.10277085  0.53644762  0.01928768  0.33069373 -0.26284267  0.3005969
  0.30640263  0.00700824  0.09181474 -0.29197739  0.27538907 -0.40875171
 -0.05405978 -0.34396082  0.45534446  0.62087112  0.17267243  0.43736818
  0.50484053  0.46158014  0.2302012   0.61580391  0.42672953  0.45514327
 -0.09306457 -0.3075907   0.36230298 -0.2663997  -0.26095927  0.73795618
  0.21782607  0.54429571  0.03302243  0.21603462  0.51961452 -0.04194706
  0.79719272  0.02703468  0.31403883  0.61384397  0.48931285  0.77022672
  0.27164993  0.05136839  0.26165531  0.03815765]","[ 0.27903324  0.46775326  0.70208043  0.30465531  0.52613693  0.06305459
  0.60060552  0.39351237  0.31399472 -0.25459643  0.48937714  0.51456065
  0.56119992  0.08764214  0.47271242  0.32715967  0.41593352 -0.05201712
  0.54231504  0.32843158  0.07185012  0.5774157   0.28610816  0.09161016
 -0.08709355  0.28129308  0.51601954  0.40245895 -0.47749413  0.19211801
 -0.21508605  0.42811579  0.44420981  0.52746431  0.54188627  0.755913
  0.182111   -0.03844716  0.09185011 -0.24167152  0.35799955  0.08813844
  0.49242221  0.06577398  0.382756    0.63835488  0.70099131 -0.01195733
  0.4513262  -0.07849122  0.35821972  0.46839381 -0.30430488  0.0512862
  0.46452821  0.39031535  0.05093844  0.17230363  0.08946465 -0.23572941
 -0.42168237  0.21779588 -0.07140822 -0.23774589  0.39602696 -0.03827443
  0.21699926  0.5252321   0.20165107  0.03531424  0.27972078  0.48732485
  0.18451019 -0.13556198 -0.04833282  0.26007146  0.22322958 -0.11054228
  0.67781746  0.08628121  0.14456592  0.30154774 -0.1947013   0.40671658
  0.31618838  0.60927053  0.08048727 -0.37386271  0.55120392  0.70047545
 -0.31401124  0.46690868  0.53875755  0.26219804]","[-0.03422547 -0.21073516  0.40499695  0.07614223  0.52303439 -0.02677787
 -0.24497778  0.198295    0.18944745  0.35675621  0.33981912  0.37497424
  0.2811577   0.03863248  0.17350181 -0.57293242 -0.04212763  0.11583773
  0.21589381  0.29697491  0.599815    0.08318449  0.27149858  0.50595434
  0.51436343 -0.04911299  0.36610841  0.53657324 -0.30402696 -0.13733452
  0.47426728  0.06762587  0.4511551   0.2868679   0.03277651  0.27388228
  0.32819959 -0.51624653 -0.01087189  0.7542149   0.00776369  0.30605978
  0.51204737  0.31528275  0.69560122  0.24114782  0.24603404  0.52791281
 -0.0799194   0.77853097  0.41392887  0.30394485  0.55075457 -0.09798265
  0.3146699   0.56159198  0.39125793 -0.35241362 -0.19573968 -0.05801198
  0.57063158  0.27044882  0.55236618  0.70097485  0.28970787  0.22923394
  0.32443433 -0.00313446 -0.38888557 -0.08761891  0.59132791  0.6255459
 -0.2952441  -0.49483136  0.28470396  0.17560138 -0.05909488  0.32713484
  0.66155077  0.24596278 -0.17520204  0.49871977 -0.17988602 -0.35357382
  0.79878607 -0.41755022  0.01403075  0.63534252  0.58864004  0.37260609
  0.28225707  0.03978677  0.32994397  0.22143256]","[ 0.74674619  0.29895878  0.19383147 -0.36416976  0.25725899  0.28488778
  0.55091331  0.45393529  0.57352585  0.44187772  0.55679866  0.24978577
  0.40798345 -0.46280969  0.19779595  0.36424252  0.06049792  0.494798
  0.16566366  0.54581071  0.54421387  0.30554646 -0.07674366  0.44538066
  0.09775557  0.41191505  0.79806873 -0.30646658 -0.3364531  -0.10808214
  0.58663709 -0.22659277  0.36474535  0.47539523  0.13216963  0.75380507
  0.49773399  0.51769261  0.72713131  0.6217014   0.15577402  0.3483396
  0.18054925  0.29175958  0.40130981 -0.37433315  0.06867583  0.08973337
 -0.10745001  0.76787849  0.34740572  0.26318221  0.43449275  0.11083245
  0.34145073  0.52592382  0.06516874  0.60943676 -0.29802481  0.4334532
  0.36719341  0.53359666  0.62974342  0.62768274  0.29888335  0.50190082
  0.65106699  0.44450827  0.28533522 -0.1678417   0.29354634 -0.15267628
  0.42139059  0.14252243 -0.05510548 -0.03462715  0.07851457  0.68664584
  0.32137064 -0.22859497 -0.28305776  0.64465018  0.09799048  0.13153183
  0.49334318 -0.38351328  0.53223176  0.51764955  0.64492684  0.51271783
  0.42734693 -0.06261737 -0.00418995  0.20249726]","[ 0.51165221  0.41705055  0.11124658 -0.37358765  0.28905748  0.19661882
 -0.31175063  0.51264793  0.34036253  0.46921629  0.47681768  0.3773177
  0.61793112 -0.12379078 -0.15828412  0.41801193 -0.29467918  0.42356192
  0.52223013  0.48441876  0.45903019  0.51070438 -0.29506253  0.50591872
  0.2241983   0.3715426   0.70930972  0.23491934  0.53257841 -0.18946449
  0.44738272  0.3884886   0.31056852  0.45359382  0.19510925  0.52733094
 -0.17812412  0.18123079  0.51808173  0.40796164  0.04194914  0.20839855
  0.51996855  0.25925454  0.15363717 -0.31021958 -0.40107064  0.45355694
 -0.00189428  0.68341964  0.55657191 -0.37177378  0.64125459  0.10738516
 -0.15456423  0.62132286  0.2261459   0.38976397  0.01774794  0.49882533
  0.58906555  0.57332168  0.62204778  0.68783743  0.00320913  0.48750492
  0.63832437  0.31209409  0.39969598 -0.35586471  0.16998399  0.22072316
  0.51951375  0.18229624  0.13270623  0.12223128  0.17975201  0.59202228
 -0.16974299 -0.09070187 -0.489334    0.52909465 -0.01432332  0.48217377
  0.13306801 -0.13635235  0.42832547  0.35465602  0.59179439  0.53805524
  0.54324636  0.46587378 -0.0032751   0.03770903]","[-0.21393423  0.30556308  0.4977532   0.30958832  0.58932271  0.4375844
  0.65205741  0.39596405  0.08773227  0.31975064  0.4985571   0.18460025
  0.50124424 -0.15911594  0.25571764  0.24727691  0.24354969 -0.45801591
 -0.14741465  0.20236532  0.31588803  0.27709461  0.11378584  0.00269508
  0.28790963  0.29809614  0.53656074  0.53412057 -0.49796996 -0.47303964
 -0.07811774 -0.22350754  0.33401286  0.33685197  0.22657608 -0.03825162
  0.19463577  0.24897639  0.17666462  0.31146529 -0.26745155 -0.28504884
  0.29503758 -0.08628637  0.50686797  0.14563075  0.24352144  0.28634826
  0.34155211 -0.12801574  0.33646223  0.31167009 -0.22241908  0.14434166
  0.49539483  0.4735016   0.21537828  0.19151956 -0.04104919  0.32908877
 -0.05883556 -0.04432847  0.58611326 -0.46091972  0.37720279 -0.20377986
  0.34181064  0.63260247  0.18285651 -0.00635792  0.0540708   0.44214204
  0.50400299 -0.23385521 -0.0294782   0.13935719 -0.09364731 -0.3122432
  0.32654649  0.4030173  -0.11117006  0.23623185 -0.45350803  0.32578327
  0.47888398 -0.05740825 -0.00772268  0.13392858  0.45021174  0.67782581
  0.08976275  0.56201776  0.49968659  0.13479816]","[-0.25930681 -0.26712543  0.39609223  0.18981978  0.20913842  0.21116347
  0.09809281  0.15148375  0.03546729  0.08217547 -0.29685399  0.14810977
  0.20060565  0.33851548 -0.18439997 -0.05175325  0.19416821 -0.10452911
  0.62191583 -0.31532595  0.3244194   0.28166863  0.12772967  0.22125606
  0.20796671  0.10552996 -0.03244023  0.46190865  0.16433259  0.31264403
 -0.20485785  0.3576519   0.1940082  -0.16036682 -0.14342928 -0.17232502
  0.27815118 -0.00241027 -0.29154257 -0.06996872 -0.0769813   0.10363407
  0.45821836 -0.05222775 -0.52627776 -0.25344487 -0.09606258  0.67285486
  0.13076168  0.56884948 -0.06837983  0.31497057  0.44828367  0.35814424
  0.04173877  0.65511574 -0.34581812 -0.05402583 -0.22927865  0.12191224
  0.5850155  -0.20647329  0.17076464 -0.07599142  0.50454149 -0.32089261
  0.03232532  0.47389409 -0.1501649  -0.20566471  0.56502474  0.45864385
 -0.16520779 -0.23323811  0.30503212  0.41453533 -0.13605086 -0.40768999
  0.23612143  0.14672128 -0.23115323 -0.23611592 -0.03001994  0.27956728
 -0.04700102  0.3820856  -0.12798429 -0.0554303   0.51926467  0.42143953
  0.47892626 -0.33637754 -0.00757596  0.20169556]","[-0.23298715  0.03966638 -0.23995167 -0.43872568 -0.08125489 -0.03810525
  0.46155717 -0.10279543 -0.30434618 -0.13447081 -0.56006262  0.34923164
 -0.18228433 -0.16089759 -0.33418086 -0.54347999  0.08606298  0.35460826
  0.13571999  0.20277286  0.62511524  0.32478921  0.42090253  0.07487458
 -0.09855362 -0.20257226  0.52717215  0.33896715  0.37103635  0.05058858
  0.1607648   0.18743144 -0.31316629  0.42283624  0.14847226  0.37425339
  0.37919234  0.33620199 -0.27645051  0.48642003  0.1503359   0.03923981
  0.14602252 -0.24991987  0.61052455  0.3569393  -0.0187728   0.07922495
  0.24521852  0.53126005  0.56175964 -0.10027291  0.19639681  0.12015537
  0.23358533  0.35433795  0.25913556  0.30014061 -0.39134733 -0.29785636
 -0.09585778 -0.03098549  0.55604858  0.29105941  0.28835055  0.19633917
  0.23962456  0.32295827  0.44793511  0.08876738 -0.08651475  0.17179619
 -0.05681253  0.40556966  0.26356335  0.34772839  0.47134833  0.58757574
 -0.04064366  0.32648179  0.30414669  0.67724789  0.44506086  0.29098162
  0.66706125  0.15050242  0.46415213  0.01313972  0.02055475 -0.50053076
  0.0355522   0.1560288   0.2748785   0.20251073]","[ 0.25747914  0.18769249  0.01697179 -0.33358073  0.08970247  0.36582155
  0.57055978 -0.28309939  0.13148352  0.18053691  0.27245566  0.26466312
  0.2365927  -0.36104456  0.32094491 -0.26511369  0.36582695  0.21755727
  0.10021724  0.38472238  0.45793671 -0.1506723   0.16892411  0.22335518
  0.59999017 -0.07235761  0.70305196  0.32800442 -0.15415924  0.11895428
  0.30032853  0.53815801  0.53469537  0.45097946 -0.44904978  0.30382161
  0.34631348  0.52790967  0.14446158  0.71281188 -0.36804872  0.2164355
  0.16040864 -0.18392482  0.50188554 -0.30868027  0.30487679  0.52973278
  0.11632468  0.25903543  0.60201068 -0.42428501  0.06007695 -0.13466625
 -0.01254017  0.54785082 -0.10746294  0.27603191  0.0495235   0.38757752
 -0.18150832 -0.03716793  0.57152616  0.69648841  0.21931137  0.44659611
  0.36799707  0.06173892  0.19141686  0.2746189   0.55616583  0.62179047
  0.0654053   0.39160541  0.26867665 -0.22306808  0.18962302  0.50441208
  0.40946359  0.16655332  0.08802531  0.03858291  0.19645125 -0.02780792
  0.38675391  0.53266078  0.38016046  0.30166935  0.00709263 -0.3051009
 -0.20526505  0.68290224  0.44328298  0.29454511]","[ 0.58151553  0.18875469  0.3512408   0.31757166  0.26886615  0.05710601
  0.44579116  0.2882839   0.37535663 -0.23935754 -0.14816184  0.53938691
  0.11078614  0.12516373  0.4618341  -0.1257153   0.48736418  0.55281199
  0.20714508  0.31085996  0.29160623  0.51024114  0.63723067  0.5265951
  0.31498633  0.49767072  0.61356881 -0.0791913   0.35414607 -0.04696926
  0.32692806 -0.37910581  0.33195855  0.50016971  0.46147216  0.69533102
  0.13955104  0.64739731  0.64417771  0.62915004  0.39911897  0.51970251
  0.5290343  -0.30079536  0.51086636 -0.42451739 -0.48132467  0.37494684
  0.2206712   0.75221919  0.69200113  0.43222751  0.56215272 -0.11182116
 -0.30224514  0.40958989  0.26347564  0.30217456 -0.24297506  0.23078549
  0.10201838 -0.02715353  0.48357979  0.26505541  0.39066453  0.37148779
  0.39724343 -0.01440467  0.08759278  0.3605723   0.40952255 -0.42389753
  0.67691543  0.54196868  0.41170419  0.32103151  0.34662348  0.71419125
  0.54769444  0.16377487  0.1956587   0.69657209  0.1417789   0.38784143
  0.32191915  0.12282099  0.44935624  0.66024403  0.68495231  0.4723876
  0.44815105  0.09301656 -0.39867811  0.36467327]","[ 0.1040415   0.0191944   0.40501814  0.16011948 -0.2698629  -0.34074079
 -0.12240976  0.22787092  0.3654457   0.47542449  0.31300082  0.19712188
 -0.14170203  0.08599365 -0.3531994  -0.26387422  0.12784022  0.13745637
 -0.4305126   0.02975142  0.24567787  0.08378451  0.30588141  0.26024711
  0.58006829  0.07798154  0.74184751 -0.01216901 -0.08048629  0.43621473
  0.48960178 -0.12948116 -0.11803136  0.62841303 -0.42276107  0.29657196
 -0.47220851 -0.66430432  0.52221033  0.56723569 -0.02351269  0.66325821
  0.44819301  0.3304231   0.73928238  0.55528793  0.11476231  0.27813043
  0.17336044  0.50689869  0.46597415  0.16576094  0.53407417 -0.33143075
  0.47995943 -0.27981696  0.35930306 -0.48864839  0.02923662 -0.4423789
  0.14795869 -0.50391685  0.20755471  0.54273894 -0.13127519  0.33024923
  0.4708863   0.594168    0.45054336  0.15664807  0.50386413  0.58024714
 -0.55952366  0.12893844  0.15507376  0.15129622 -0.18283083  0.61269838
  0.54582216  0.61468357  0.2392256   0.05812003 -0.05388541  0.15090459
  0.79561385  0.15692584  0.19685123  0.5547588   0.53270836  0.70382569
  0.31004741  0.15668437  0.13265722  0.17812419]","[ 0.05931201  0.40534592  0.44780391  0.6500673   0.46299084  0.25715799
  0.78117315 -0.12302934 -0.28369133  0.03886122  0.56144478  0.38623816
  0.57035683 -0.2261492   0.48320342  0.19340394  0.51428998  0.13734544
  0.56132253  0.53438756  0.18863331 -0.09339359  0.34843289  0.005404
  0.44194504  0.26613781  0.48682104  0.65776702 -0.03292424  0.40339708
 -0.2766899   0.41376298  0.40255368  0.64386847  0.52457896  0.66386602
  0.47280859  0.46614383  0.27008665 -0.09624781  0.30026273 -0.1650587
  0.41038985  0.21862969  0.64550198  0.60189156  0.56343957  0.39375643
  0.52817966  0.15640482  0.08539674  0.57663824 -0.16396226  0.54953961
  0.54592201  0.1542607   0.17327739  0.3172274   0.07881132  0.3505865
 -0.19364666  0.11586776  0.2077728   0.49323177  0.52081973  0.12485531
  0.29368959  0.76309102  0.15648229  0.24199999  0.04822317  0.54818145
  0.45399688  0.14839974  0.61996171  0.21743626  0.08593417  0.28583327
  0.67954202  0.40634801  0.34404497  0.52170691 -0.36595529  0.39835434
  0.74985213  0.66969716  0.21120056  0.38228219  0.45608064  0.44530492
  0.11984922  0.41667342  0.60019702 -0.10999287]","[ 0.1912397  -0.19527528  0.515067   -0.05507601  0.40037108  0.45138144
 -0.04637371  0.18150202  0.29092493  0.42053795  0.20352781  0.46927162
  0.39720428 -0.04234633 -0.00819864 -0.40605843  0.25012295  0.22740433
  0.19999896  0.38687959  0.60283207  0.48648135 -0.28033144  0.38608331
  0.5401788   0.03800018  0.45837622  0.31081481  0.13698339  0.20482428
  0.48891246 -0.20020032  0.47537039  0.28744648  0.33257539  0.47286462
 -0.43218172 -0.02744495  0.30958656  0.67247982  0.19999856  0.32914998
  0.72571666  0.30620543  0.80923645  0.51483977  0.26679015 -0.00335554
 -0.04513798  0.78315913  0.45349412  0.26069512  0.58708181  0.13122004
  0.26909454  0.71921015  0.3140255  -0.28185049  0.16107176  0.18351925
  0.58193214  0.30598224  0.49575799  0.79085681  0.42289131  0.41757411
  0.40373129  0.1088815   0.15551549 -0.19211064  0.66353322  0.56209554
 -0.13282391 -0.46946462  0.5056524  -0.03941259  0.40815849  0.17326398
  0.58329037  0.06694407  0.25826782  0.5240276  -0.3186478   0.20573964
  0.50258665 -0.45628368  0.03503634  0.58640539  0.59458552  0.19596772
  0.31385176  0.09588034  0.22498265  0.23218814]","[ 0.64845906  0.27714184 -0.4200481   0.09342999  0.26503495  0.23340489
  0.62761998  0.37511746  0.45118052  0.07667582  0.37326386  0.05484622
  0.25520502 -0.31881054 -0.0395301   0.26976846 -0.47771006 -0.12918408
  0.18417053  0.3610163   0.49314299  0.06158568 -0.21019166  0.25602688
  0.18147741  0.29032375  0.60436808 -0.16475387 -0.4290884   0.09292608
  0.4587958  -0.21071525  0.44066781  0.30485923 -0.05969683  0.5801232
  0.22001592 -0.39795918  0.66459819  0.35638878  0.10684433  0.21398645
 -0.12771748  0.12353274 -0.37488385  0.20874542  0.15680999 -0.24119114
 -0.10440157  0.71073653 -0.22175825  0.16730932  0.28787347 -0.14377001
 -0.33694452  0.5009158  -0.43124895  0.4285455   0.00754296  0.13881097
  0.36097766  0.37279517  0.58796927  0.31167496 -0.42432828  0.41636291
  0.05097204 -0.19807427 -0.01078753  0.03133194 -0.24270892 -0.06441364
 -0.40955271 -0.28377087 -0.36700838  0.29308891 -0.06505614  0.57526169
 -0.17616133 -0.20853854  0.33454552  0.58592638 -0.22962638  0.1181164
  0.41589509 -0.50723291  0.36519058  0.5307713   0.67029489  0.46495346
  0.0398221   0.4086042   0.0692883  -0.12341118]","[ 0.57840788  0.00585679 -0.29767804  0.32542425  0.58267475  0.2540581
 -0.04679019  0.43427603  0.2245322   0.47003676  0.4511841   0.41635592
  0.47583613  0.18065775  0.15346855  0.42591734  0.545632    0.32548964
  0.31156556  0.56951485  0.54157602  0.48384659  0.10603656  0.16258959
  0.4027664   0.287789    0.66491233  0.3520228   0.35636428  0.31985728
  0.19624327 -0.00970919  0.27705263  0.57561235 -0.1581107   0.53525504
  0.08680949 -0.25754953  0.56309993  0.48344446  0.01697995  0.30838304
  0.20855211  0.34633409 -0.04824149 -0.07327105  0.14341867  0.28755091
 -0.05142867  0.7008857  -0.15063305  0.42771897  0.60484573  0.37369177
  0.0365378   0.67718081  0.02946298  0.48004446  0.00630084  0.31922731
  0.59544489  0.48667875  0.6130435   0.26017521  0.27818336  0.52385879
  0.51296166 -0.0073357   0.60408448  0.40103007  0.29680095  0.19004913
  0.64884485 -0.27186322  0.48721868 -0.02970377 -0.0049799   0.53327648
  0.60371656 -0.21535456  0.20607231  0.43212519  0.10719069  0.64797729
  0.03319419  0.03155691  0.39444559  0.5982671   0.62343898  0.46061996
  0.07663071  0.62219813 -0.11428508 -0.14605991]","[-0.25987968  0.20430848  0.31174488  0.47134942  0.69573468  0.35520795
  0.67774373 -0.00142124  0.05892887  0.17760538  0.56008278  0.47524089
  0.44365519  0.21552441  0.2790948   0.16535603  0.49505178 -0.19621056
  0.5476653   0.46411467  0.24412261 -0.24512419  0.37826126  0.01447453
  0.17371281  0.40184079  0.58172601  0.59459523 -0.36946745 -0.34710037
 -0.20680581  0.14984599  0.26141282  0.21798339  0.35749046  0.52822308
  0.35880662  0.31762724  0.20592559 -0.28926457  0.04432379 -0.25399426
  0.70991685  0.18344194  0.59634766  0.38116392  0.4449099  -0.12119359
  0.54358637  0.11074422  0.15937784  0.18202156 -0.14847745  0.58455761
  0.51901254  0.26308069 -0.12155767  0.51864775  0.10881712  0.32130444
  0.01037972 -0.41169814  0.40818786  0.20517987  0.59345299  0.24905134
  0.12177504  0.56837741  0.14767673  0.12911673  0.14381794  0.3298432
  0.5090805   0.47492298  0.65726893  0.23971758 -0.29792059 -0.07394173
  0.53383919  0.6563911   0.29355541 -0.44006955 -0.33094659  0.31048644
  0.58874481  0.4620998  -0.01459283 -0.26677087  0.48993742  0.52256436
  0.17740389  0.57864761  0.42946576  0.08582202]","[ 0.21757466 -0.09325552  0.46596354  0.12576334  0.11576109  0.33054919
  0.04121905  0.39106752  0.22569929  0.22592647  0.00433423  0.38780031
  0.31088926  0.44506655  0.17164678  0.01265536  0.47790177  0.40249727
  0.5376467   0.24673056  0.20227032  0.19779278  0.35015295  0.09299497
  0.46822709  0.09089768 -0.22311786  0.62803491  0.32332854  0.29474223
  0.27074427  0.46558912 -0.24918871 -0.40578685 -0.04434297  0.35829654
  0.08167786 -0.45231819 -0.1125815   0.2102347   0.06140769 -0.30523539
  0.53042395  0.10422626 -0.43659839 -0.24945136  0.24275729  0.59608396
  0.21092234  0.49259665  0.11039577  0.48374265  0.53440831  0.48596808
 -0.28111745  0.78339359 -0.09340457  0.09133272  0.22355696 -0.04720994
  0.61415904 -0.51393295  0.26918826  0.23918994  0.48338844 -0.34906333
  0.2257873   0.58210183  0.31251417 -0.01179568  0.43953478  0.2749492
  0.54148939  0.14078611  0.55399749  0.32043006 -0.02273375 -0.18596759
  0.25922319 -0.06434464 -0.11792388 -0.13976876  0.12730587  0.54492977
  0.28092767 -0.04729794  0.14153095  0.06725635  0.57631429  0.3717633
  0.01552381 -0.29786782 -0.26961706  0.34817867]","[-0.23777824  0.11444048 -0.1934915  -0.14029609  0.37492803  0.14495452
  0.46365923 -0.11320378 -0.43292442 -0.20334732  0.32449271 -0.02727771
  0.34475181 -0.49856109  0.14219929 -0.33075801 -0.06141219 -0.29247994
  0.16354713  0.29146198 -0.41643449 -0.25747778 -0.01898895 -0.09436273
  0.3315823   0.02506831  0.54219224  0.10279992  0.33943518 -0.03020052
  0.36250098  0.56093306  0.36257432  0.32059258  0.19553187  0.25411378
 -0.31273982  0.13394855  0.02661751  0.62734171  0.0037924  -0.063033
 -0.17602943  0.07639836  0.61227417  0.21620382  0.17577682  0.10963575
 -0.16145349  0.12136074  0.33321293  0.17629319  0.16061782 -0.05927257
 -0.1903198   0.42251677  0.18698377 -0.00934517  0.06545854  0.32418303
 -0.15744534  0.22226136  0.69192312  0.25380937  0.25417523 -0.04058167
  0.44529476 -0.17246569  0.31526142 -0.24468247 -0.24360584  0.3215383
  0.22087919  0.19763379  0.36686437  0.30214359 -0.07846699  0.43350148
  0.13528858 -0.2866175  -0.32715448  0.23336969  0.36460226  0.23472262
  0.35795966  0.33699628  0.28597389  0.41265087  0.12800347 -0.30666574
 -0.53211563  0.13543824  0.22661702 -0.48720596]","[ 0.09509416 -0.1801267   0.15843522  0.27858776  0.4195204   0.49590085
  0.58307332 -0.24009562  0.05421085  0.35853083  0.49772084  0.46804603
  0.2696244  -0.41116845  0.62971737 -0.30411385  0.25305604  0.47097162
 -0.09499043  0.4065688   0.30431127  0.03339782  0.02021708 -0.44267084
  0.52873511  0.21325914  0.50618169  0.24057163 -0.16452442  0.20546477
  0.5624021   0.41803666  0.81739875  0.05276713 -0.33346439  0.55710351
  0.4146097   0.07814721  0.64489083  0.69225386  0.31497369 -0.30758247
  0.23156406 -0.05437242  0.45757658  0.32094288  0.41782353  0.44126674
 -0.09441338 -0.17231715  0.26347639  0.34456894  0.20942176  0.12988817
  0.33513533  0.37027733  0.26549819 -0.07237202  0.59536844  0.54377806
 -0.08466803  0.36661116  0.49237103  0.45510173  0.29939531 -0.3632502
  0.31856315  0.15161622  0.24918375  0.50340415  0.56282082  0.64844871
  0.47300066  0.19640033  0.59311039 -0.15911191  0.57508816  0.05066612
  0.67607977  0.31158516 -0.3001286   0.30902535  0.55971304  0.34341254
 -0.45761475  0.67961715  0.41725837  0.42870559  0.42058762 -0.10547431
  0.29737584  0.79866909  0.6261601   0.16598495]","[ 0.18710786  0.21988493  0.15789488  0.24050431  0.38916036  0.00879151
  0.40794435  0.27233439  0.18259744 -0.28596302 -0.09677947  0.47210263
  0.33493432 -0.33062952  0.1650825   0.36581339  0.1312886   0.40519556
  0.09462082  0.14289488  0.37814532  0.47852722  0.64811605  0.50430745
  0.213136    0.44302162  0.7266954  -0.13736107  0.16718307  0.00314532
  0.39338174 -0.42823471  0.10887389  0.51294335  0.53984719  0.66391557
 -0.23689161  0.41391134  0.34398944  0.60604287  0.16084181  0.55341923
  0.22814818 -0.16049204  0.66614316 -0.09831366 -0.07962096 -0.23455823
  0.41330907  0.79524899  0.61457843  0.32323059  0.50158082  0.15787583
 -0.20493168  0.5539122   0.23117117  0.19779049  0.03667315  0.34248267
  0.41807581 -0.10002217  0.64912246  0.13852809  0.41060891  0.33795723
  0.23059956  0.29809282  0.22652708  0.12929281 -0.10498266  0.10344854
  0.0805501   0.32420887  0.18634956  0.21411395  0.22935071  0.65228957
  0.31704522  0.14287211 -0.01822141  0.76534735  0.17041583  0.49176625
  0.03693829 -0.25792447  0.26537173  0.68633036  0.6316426   0.34684864
  0.51692051 -0.04818157 -0.19543556  0.30003438]","[ 0.46504416  0.30691369  0.10484601  0.13724773  0.26941866 -0.09304785
  0.23748517  0.14083255 -0.0420928   0.52913672  0.40053392  0.28861449
 -0.53934617  0.38893876 -0.0637931  -0.18917489  0.09518265 -0.02166404
  0.63920874  0.01575812 -0.23760345 -0.29286781  0.33088988 -0.27215222
  0.23629376 -0.03064426  0.25808843 -0.17788463  0.59008004  0.13390235
 -0.16455474 -0.2974172  -0.21190458  0.06593915  0.16496218  0.05060652
  0.11985297 -0.36424924  0.26104102  0.18452476  0.09356841  0.32262895
 -0.34465867  0.39671692 -0.10797471  0.18626101  0.34584878 -0.28371418
 -0.08269516  0.43979932  0.02731404  0.214654   -0.22886116  0.01402549
 -0.18057962  0.20353528  0.26066247  0.2129006   0.20902333  0.41127288
  0.37489577  0.11175248 -0.06604903  0.21181728 -0.32363408 -0.32315658
 -0.06924695  0.12973564  0.25535656  0.2576933   0.64929798 -0.32704183
  0.60248953 -0.47212174  0.37615555  0.34223582 -0.14857316  0.07633839
 -0.11137834 -0.09119975 -0.12579682  0.17571836 -0.01282525  0.44597528
  0.09575999  0.1869046  -0.06891553 -0.37356235  0.31473001 -0.39207543
  0.1220891  -0.08848748 -0.49956317  0.23321099]","[ 0.41720628  0.12890588  0.38437568  0.4771075   0.47683094  0.41053905
  0.60422727  0.71761183  0.45890592  0.48988673  0.30561459  0.46290559
  0.01108246 -0.42007709  0.34583103 -0.23362977 -0.56533673  0.41808594
 -0.17763646  0.48068667  0.55416975  0.58875647 -0.24358454  0.18191555
  0.48275176 -0.27545337  0.46949067 -0.04532245  0.25822537 -0.52600121
  0.48579527  0.54137771  0.27669137  0.52802906  0.31188729  0.61264771
  0.74241533  0.46148757  0.7666469   0.76289896  0.03676684 -0.52510492
  0.53862112  0.24710117  0.80127902  0.02302453  0.40294718  0.43332509
  0.2471867   0.66193775  0.35204322 -0.05919957  0.55924229  0.06090152
  0.39670971  0.65963924  0.32376611  0.55909338  0.16677204  0.43499933
  0.5262638   0.28362651  0.65114411  0.35905705  0.35328685  0.42896566
  0.6306277   0.36947669  0.51120083 -0.35970233  0.28205562  0.39050461
  0.32191211 -0.13490192 -0.10172931 -0.20351868  0.26092388  0.81069925
  0.38545745  0.09265875 -0.24554733 -0.62377485  0.64914946  0.25754636
  0.24803034  0.44288391  0.42385386  0.60225212  0.62049111  0.35570369
 -0.50543984  0.41774773  0.33669989 -0.34615599]","[ 0.62709894  0.42967663 -0.12310919 -0.14584818 -0.0176699  -0.25335857
  0.64499787  0.49156362 -0.18913935  0.47783367  0.50723885 -0.16650805
  0.20967843  0.02099993  0.21863459  0.41197521 -0.0982136  -0.16892271
  0.58639932  0.66903335  0.57826032  0.39758809  0.38078375  0.47592298
  0.49347661  0.4113112   0.54478777 -0.15885284 -0.05642758  0.39401162
  0.55582556 -0.43401508  0.19688272  0.67520313  0.45903588  0.82073061
  0.46032289  0.62324002  0.72202671  0.61842163  0.33224903  0.62942668
  0.49298267  0.37854503  0.68927257  0.33818428  0.42780358  0.52088647
  0.55470962  0.78076023  0.68868779  0.3617168   0.08380753  0.47026472
  0.67127451  0.55445084  0.09749716  0.20488824 -0.28481556  0.43483252
  0.42679585  0.36343009  0.4317363   0.45713217  0.21467662  0.49908441
  0.69628218  0.48650617  0.27247698 -0.19737836  0.41680705  0.36453373
  0.300607   -0.46257048  0.2888806  -0.16550849  0.11032532  0.79103101
  0.47500402  0.27772195 -0.28787188  0.62761628  0.00198394  0.66440332
  0.80055504 -0.38287006  0.41868558  0.360773    0.38889766  0.11950001
 -0.48142752  0.28281098  0.33353719  0.10872869]","[ 0.38407069 -0.3817901   0.58626772 -0.30319554  0.24952446 -0.0741398
 -0.0385972   0.2024964   0.56491995  0.15012285  0.55047376 -0.26733047
  0.05883427 -0.24984995  0.21806602  0.40897659  0.03233355 -0.25892005
  0.57733567 -0.23303483  0.4630499   0.42365168  0.43509527  0.19357106
 -0.13427477  0.2781331   0.70544534 -0.4875596  -0.36561952  0.43677047
  0.47981582  0.11519022 -0.29543673  0.40405719  0.25527065  0.70409487
  0.53102683  0.57128069  0.36739323  0.54450628 -0.10136336  0.29318679
  0.32643306 -0.18847355  0.30594796  0.31559886  0.24479236  0.33379946
  0.19124637  0.64189916  0.56757749  0.27916222  0.49177769  0.51525612
  0.10509975  0.44619393  0.19396783  0.41972953  0.42620082  0.51172948
  0.16399807  0.20299145  0.47184916  0.50803578  0.54049491  0.47764987
 -0.55841042  0.19238666  0.34439652  0.70736764  0.3703313   0.29057621
  0.15918334 -0.10250715 -0.59158294 -0.29294529 -0.23893802  0.62426487
  0.23950505  0.38962338 -0.11826499  0.49021126 -0.21702594  0.42928342
  0.28991621  0.24654851  0.10603819  0.5267312   0.2019614   0.38349473
  0.08576815  0.1477842  -0.39091747  0.17737547]","[ 0.48738584 -0.35458821 -0.0067322   0.42986757  0.49134014  0.11698595
  0.27143591 -0.01863901  0.05160814  0.45629585  0.33721098  0.3847787
  0.34996315  0.03065956 -0.23417898  0.43069742  0.00752523  0.58321341
  0.04546092 -0.03708519  0.26199101 -0.30498127 -0.24463877 -0.01860325
 -0.12089149 -0.17226821  0.46376795  0.05335713 -0.27256468  0.41995719
  0.3520499   0.06091737  0.17092888  0.28928028  0.35663482  0.52090862
 -0.0240745   0.39308099  0.15599312  0.4863895   0.55298912  0.29879979
 -0.08656021 -0.16083017  0.50896687  0.21665439 -0.36461268 -0.46790978
  0.31975838  0.74260707 -0.14536722  0.41969836  0.61660841 -0.22673852
 -0.20289286  0.28560806  0.12639835  0.27421673  0.09346033 -0.43975281
  0.12761816  0.30470279  0.56393128 -0.14194799 -0.26983519  0.12882551
 -0.25486807  0.04162707 -0.23383413  0.08085422  0.60236813  0.38239464
  0.17369709 -0.1022613   0.61409803  0.32972456  0.11634205  0.47381105
  0.58366543 -0.20176517 -0.35244317  0.47125921  0.29618025  0.12389576
  0.06533443 -0.30170849 -0.2910145  -0.30701266 -0.1247956   0.36503841
  0.23234209  0.23753371  0.59732008  0.14428134]","[ 0.33826806 -0.45383834 -0.00436758  0.28368097  0.82797621  0.43596252
  0.6133807  -0.0683546   0.31122024 -0.0803904   0.43117235  0.2396251
 -0.32948675 -0.30602902  0.36814003 -0.29871651  0.59178375 -0.16555124
 -0.28030545  0.33986205  0.52781447  0.61048713 -0.45445192 -0.20275381
  0.61635762 -0.09827886  0.11278681  0.38818816  0.04982107  0.41692288
  0.30006672 -0.04592576  0.55167654  0.22899379  0.45792518  0.19664345
  0.43015614  0.42571724  0.53310931  0.64986082 -0.23772731  0.12973448
  0.25332432 -0.31740068  0.8005515   0.28551983  0.64131881  0.15670082
  0.3623739   0.75574771 -0.34421441  0.65744174  0.35687099  0.16091154
  0.46484873  0.62712737  0.1006417   0.49702827  0.15421608 -0.27748705
  0.2332446   0.50148253  0.54849606 -0.42844227  0.71853323  0.27288567
  0.2639744   0.02441948  0.14856603 -0.63814217  0.5977045   0.62921352
  0.47106339  0.22821551  0.7527087  -0.00872583  0.07895908 -0.04487806
  0.15589112  0.48505429 -0.11843887  0.05038419  0.00636357  0.02833476
  0.05726796 -0.03535932  0.55773581  0.50557783 -0.07435258  0.02042205
  0.59580901  0.3237965   0.67486759  0.55473624]","[ 0.43683434 -0.50301341  0.55676968  0.47111488  0.67983339  0.16068896
  0.44643305  0.43650927  0.46397066  0.34209187  0.23166653  0.39140904
  0.12910473  0.3145953   0.16084725  0.26271214 -0.05221947 -0.40940616
  0.2738881  -0.0467675   0.33889948  0.27326938  0.50631115  0.02907709
  0.32173648  0.12245454  0.48385133  0.48959429 -0.19929011  0.20451435
  0.18614465  0.09675225  0.31288135 -0.16178978  0.53633787 -0.28633063
  0.37982641  0.15799811  0.50858516  0.4880818   0.33738472  0.50710653
  0.02874878 -0.35524939  0.58570331  0.42565095  0.75640116  0.43780005
  0.42722521  0.4434997  -0.25082882  0.35410491  0.61395597 -0.17288767
 -0.25637092  0.50178977  0.46756202  0.18665597  0.56681194  0.32648192
 -0.04633452  0.40361083 -0.3108296  -0.30758468  0.74181617  0.1995373
 -0.41075118  0.51238651  0.42603618 -0.17102537  0.65401954  0.39919532
  0.73986071 -0.08697681  0.34347519  0.41123764  0.15764343  0.36117801
  0.25888036  0.64385179 -0.00993677  0.19962624  0.12037792  0.3878345
  0.01410673 -0.14462914  0.00374146  0.06750436  0.45466247 -0.00962069
  0.41660285  0.46093129  0.32420178 -0.09518736]","[ 0.19754592  0.25733401  0.50793306  0.48329071  0.6961246   0.57874396
  0.24882804  0.50618817  0.55248895  0.47574002  0.1500796   0.24483178
 -0.33047343  0.319399    0.19854826 -0.26348353  0.54189376 -0.26082117
  0.15847221  0.29718877  0.37332093  0.34434443 -0.23213476  0.33999811
  0.18195047  0.3823993   0.14636423  0.54177984 -0.45779461  0.06910723
  0.29150862 -0.40102952  0.12961699  0.39562598  0.58011552  0.77855298
  0.38014958  0.17318776  0.5229827   0.67023524 -0.05071788  0.04216356
  0.5103794   0.23417672  0.35324731  0.01316495  0.50192917  0.22086568
  0.41621905  0.19373813 -0.60461929  0.21154252  0.33563141 -0.10344059
 -0.3433463   0.57220987 -0.22353192  0.18248909  0.33743233 -0.01703947
  0.4058671   0.56946557  0.52497476 -0.24633209  0.64233332  0.64931889
  0.28524144  0.48096422 -0.49963142 -0.12300885  0.64221733  0.76403639
  0.29037207  0.50891592  0.42736149 -0.1801241   0.40859458  0.2741362
  0.412435    0.74522044 -0.11234462 -0.42869155  0.03741972  0.41520046
 -0.16860028  0.52358387 -0.02109362  0.67272126  0.06841557  0.3996293
 -0.19981177  0.59646494  0.09466537  0.54127798]","[ 4.42905915e-01 -3.14106876e-01  5.58713140e-01  5.09536643e-01
  6.65613103e-01  4.96047994e-01  3.05690766e-01  3.93170511e-01
  1.85729551e-01  9.98144054e-02  1.04718369e-01 -1.28800954e-01
  1.73594512e-01  3.85704979e-01  2.23110548e-01 -1.44651822e-01
  6.45563271e-01  2.60125206e-02  4.65090120e-01  2.49157205e-01
  3.57032499e-01  1.83264403e-01 -1.42501633e-01  2.08372819e-01
  3.33734929e-01  3.60382699e-01 -2.69769021e-01  4.18480893e-01
  5.56371371e-04  6.60408384e-01  2.97367633e-01  1.04059002e-01
  6.51046936e-01  3.48711297e-01  4.07686556e-01  1.97189035e-01
  2.87981238e-01  2.70337682e-01  6.07172223e-01  2.84925404e-01
  6.77645979e-02  2.98305544e-01  2.73447689e-01 -2.79821098e-01
  5.61467944e-01  1.66578722e-01  6.06472564e-01  5.73045626e-01
  1.84582159e-01 -7.71105951e-02  3.25001157e-02  3.09487226e-01
  5.61255402e-01 -1.87649707e-01  1.80568086e-01  5.16330352e-01
 -7.02117223e-02  5.56332430e-01  5.92725597e-01 -1.54838702e-01
  2.58224020e-01  5.59060903e-01 -1.75580505e-01 -3.97286093e-01
  6.24650933e-01  3.25673167e-01  7.48219945e-02  6.29156605e-01
 -2.10324854e-01  1.21605679e-02  7.08473309e-01  5.89185127e-01
  6.69708888e-01  3.95825396e-02  5.83564427e-01 -1.73080060e-01
  1.86902153e-01  5.89089299e-01 -3.12223048e-01  3.52941332e-01
  3.59848993e-01  5.47577833e-01 -1.01810014e-01  1.89237825e-01
  3.19195549e-01 -1.95416073e-01 -1.51893528e-01 -3.13361816e-01
  3.76360937e-01  2.21396898e-01  2.41290452e-01  5.76979373e-01
  4.88427701e-01  4.06647118e-01]","[ 0.34963427  0.29214045  0.1204348   0.45993105  0.64767397  0.39905773
  0.52177999  0.40654461  0.09832506  0.1469784  -0.04698956  0.30524753
  0.24639786  0.33072258 -0.29984926  0.23986366  0.45547226  0.00207825
  0.38175732  0.303831    0.46695106  0.34287284  0.16660263 -0.16734159
 -0.09365801  0.22920457  0.31744225  0.52016949 -0.05656126  0.18233331
  0.3364647   0.24290341  0.22616188  0.13504498  0.36236523  0.53084504
  0.36567513 -0.31428557  0.38188243  0.48379802 -0.41930318  0.59387575
  0.28212356 -0.00909462 -0.10053398  0.01619762  0.70410925  0.13138602
  0.09608904  0.50089911 -0.37069428  0.60030049  0.53050558 -0.28702412
 -0.13525092  0.46875759 -0.40844643  0.70691746  0.27933195  0.1958745
  0.45010416  0.75473356  0.38010211 -0.33080893  0.57604353  0.01117916
 -0.1849028   0.37940818 -0.09402133  0.29397489  0.70014642  0.81043046
  0.70823376 -0.22837887  0.68086393 -0.29675693  0.14247544  0.68120858
  0.44812608  0.23995214  0.35532041 -0.10032954 -0.01345311 -0.0643418
  0.6092107   0.51268373  0.19494532  0.01170709 -0.30746997  0.54370503
  0.58240093  0.64206149 -0.02289972  0.69140537]","[ 0.2107174  -0.04887762  0.24073484  0.62902887  0.5948162   0.32895317
  0.48427037  0.60719463  0.47423706  0.33737852  0.40237373  0.08121091
  0.4033789   0.48958461  0.06542456  0.22350906  0.54406069  0.1948485
  0.22278865  0.49168432  0.45259003  0.31405045  0.05788744 -0.06292238
  0.66053579  0.40711106  0.41535636  0.7126274   0.22031361  0.01657918
 -0.0229075   0.07319265  0.50771211 -0.16461924  0.45373852  0.50198234
  0.05193554  0.35668824  0.37540433 -0.11266256 -0.03622272 -0.20745983
 -0.21181417  0.5907976   0.26522486  0.07103606  0.52032792  0.58593685
 -0.32126781  0.21967636  0.19587452  0.44857888 -0.20351612  0.37944388
  0.12537645  0.66419514 -0.31608284  0.45263187 -0.31160529 -0.21781009
  0.29962107  0.77688211  0.46024271 -0.12370916  0.66556437  0.16508132
  0.55629826  0.57572198  0.18327034  0.46222149  0.4749387   0.69179791
  0.74630337 -0.04057614  0.51160756  0.29132747  0.21043166  0.17313492
  0.38215692  0.55032536  0.33973718  0.44777897  0.2663876   0.42317085
  0.39643805  0.48182407  0.15196324  0.58246887  0.60847976  0.1837877
  0.4301509   0.6308321   0.27951076  0.71431141]","[ 0.00423262  0.25407243 -0.41529683  0.02056244  0.7495563   0.62366936
  0.72014334  0.10095234 -0.25833046  0.60621936  0.70811986  0.66527427
 -0.37028153  0.56280854  0.41859676 -0.43013232  0.6391969  -0.62690308
  0.55575511  0.43106734  0.35662109  0.6094358   0.71858221  0.07876806
  0.42621377  0.76647148  0.28412807  0.32546092 -0.53185541  0.52796736
  0.23638318  0.67720953  0.56697495  0.68119411 -0.03431521  0.78381401
  0.54564078  0.74262021  0.67939543  0.67712915  0.45621297  0.60599476
  0.46001401  0.47277403  0.71301521  0.48756395  0.56323299  0.71757875
  0.51360904  0.07630226  0.73887432  0.84458305  0.71652732  0.70567336
  0.13689767  0.555901    0.53439269  0.47186051  0.41179192  0.36311045
  0.20649351  0.68982192  0.53168954 -0.16519176  0.55388193  0.3524517
  0.13827554  0.44792225  0.45092483  0.73352147  0.71582951  0.56194209
  0.76673388  0.14349217  0.79143431  0.38411448  0.64854884  0.26983351
  0.65412622  0.32134971  0.47678867  0.34947136  0.27267677  0.53549444
  0.78873755  0.73252576  0.77220959  0.30472865  0.19149931  0.54688906
 -0.42274574  0.69034667  0.49629037  0.82479773]","[ 0.25492646  0.26054288  0.73256455  0.67108373  0.74828613  0.562385
  0.63874752  0.30367477  0.16502276  0.03258745  0.55041245  0.53534888
  0.4577619   0.62273593  0.46819169 -0.33159746  0.79903224  0.09680109
  0.3884268   0.40313333  0.47006694  0.57029937  0.45547053  0.14373278
  0.03420429  0.49998654  0.54235775  0.56543765 -0.21371134  0.64270255
 -0.02294228  0.6674942   0.45579709  0.3387389   0.43582882  0.75920539
  0.47178539  0.43176227  0.50396452 -0.34252976  0.1564668   0.69509988
  0.66728264  0.56087181  0.34498004  0.04195716  0.69516179  0.53864129
  0.3634466   0.0073008   0.52470996  0.357906    0.42391231  0.51519646
  0.62943867  0.5998736   0.42314716  0.60385049  0.33794987  0.63213017
 -0.32999579  0.74648459  0.55117462 -0.0692947   0.70067041  0.34931996
  0.38597936  0.62113012 -0.01499704  0.29993902  0.80286349  0.78188383
  0.79953053  0.44165294  0.71237229 -0.38777357  0.15359749  0.51738973
  0.38768188  0.66563708  0.66469746  0.34444696  0.48442632  0.4765097
  0.6271036   0.39664309  0.33935435  0.72320588  0.57103442  0.69707962
  0.56915454  0.76653125  0.22540145  0.65193169]","[-2.10558081e-01 -3.24323719e-01  2.89361779e-01  4.03765909e-01
  8.02200894e-01 -1.41609204e-02  6.09926805e-01  3.03306109e-01
  2.23348524e-01  2.11462376e-01  6.96271703e-01 -8.69811864e-02
  4.08673904e-01  1.63790342e-01  3.94493757e-01 -3.06869332e-02
  7.71788147e-01 -2.27164628e-01  6.22556792e-01  3.26904495e-01
  4.43448846e-01  5.49359515e-01  2.54166282e-01 -2.05127089e-01
  4.66951585e-01  3.39226873e-01  6.35899792e-01  3.56849785e-01
  2.34635589e-01  2.87574939e-01  2.74638155e-01  4.52069864e-01
  4.39987176e-01  6.05817234e-01  2.82194611e-01  2.40731844e-01
  2.20088040e-01  5.96801591e-01  2.58333922e-01  4.09826646e-01
  2.01333837e-01  5.67844495e-01  5.28432445e-01  5.18965971e-02
  6.47275988e-01  4.91810664e-01  5.12813138e-01  7.65997680e-02
  6.81521080e-01  3.33826775e-01  2.98883647e-01  4.28872436e-01
  7.27313442e-01 -4.24852855e-01  3.59725898e-01  5.93186065e-01
  9.69585322e-05  5.49021583e-01  2.76317347e-01  3.31245619e-01
  1.50954665e-01  6.87692566e-01  1.51128379e-01 -2.94776157e-01
  6.38298896e-01  3.83311951e-01  4.62469348e-01  6.66520963e-01
  5.75016921e-01 -1.37191229e-01  6.07559535e-01  6.14702991e-01
  6.52731447e-01  5.03150049e-01  5.32183958e-01 -2.60967109e-01
  2.32817386e-01  4.04527612e-01  3.28718150e-01  5.52234032e-01
 -4.28542434e-02  2.26538760e-01  1.94022267e-01  4.33032299e-01
  2.98937209e-01  2.17291971e-01 -2.80816379e-01 -2.14574221e-01
  5.19904456e-01  6.48652264e-01  4.00626734e-01  5.06485199e-01
  3.64150365e-01  3.84930590e-01]","[ 0.45317473 -0.07160711  0.08713813  0.64323977  0.80149046  0.67913926
  0.75520283  0.2507022  -0.27138261  0.49762872  0.72168991  0.32774163
  0.47389433  0.41252613  0.47658617 -0.29858556  0.69250684 -0.18051315
  0.20038044  0.15606745  0.57276383  0.60032252  0.60080059 -0.19592513
  0.54253715  0.47463832  0.37137424  0.53212164  0.05414862  0.65798901
 -0.23859916  0.53485333  0.62789929  0.28556359  0.49255852 -0.30131637
  0.07053443  0.60384853  0.21396081  0.41232688  0.29945904  0.58039695
  0.43869522  0.37260506  0.68894036  0.64092398  0.64117301  0.18051707
  0.58113933  0.59557045  0.53155948  0.77862532  0.69504339  0.43628087
  0.62099255  0.68561778  0.60186371  0.34942528  0.44122356  0.1242622
  0.19596743  0.3830037   0.14730564  0.49758418  0.68713476  0.70320958
 -0.13171689  0.58701472  0.10007092  0.29728517  0.77776352  0.4240299
  0.69593597  0.57784435  0.71579524  0.38017923  0.26849792  0.51571537
  0.5890031   0.55358548  0.45334312  0.07112828  0.45525446  0.39577781
  0.30449885  0.5643379   0.56568944 -0.05544415 -0.21422786  0.64615779
  0.73329835  0.58571919  0.40707041  0.59113501]","[ 0.60007992 -0.38379953  0.35205949  0.2101163   0.48161171  0.26404586
  0.42350263  0.48734264  0.37114003  0.22310544  0.54852511  0.4104197
  0.49454137 -0.43885849 -0.16584406  0.19121213  0.40499374  0.10521034
 -0.34809992  0.17970951  0.30068361  0.42018113 -0.31926506  0.30994718
  0.34005674  0.49746396  0.77666736  0.37203139  0.46479602  0.42879392
  0.38170566  0.47554251 -0.11618616  0.72615623  0.32564858  0.57485955
  0.46925149  0.40651939  0.70415448  0.40670021  0.3444505  -0.00263413
  0.44212287 -0.15494337 -0.06049721  0.28850719  0.26894858  0.11306764
  0.11745297  0.57107992  0.60077173  0.49057538  0.35893052  0.24855227
  0.0843298   0.69610867  0.0779421   0.63386227 -0.32976737  0.23240191
  0.31918682  0.47693336  0.7270677   0.29975925  0.49552135  0.33705546
  0.38496275  0.2651991   0.21626424  0.67603424 -0.24717439  0.31720278
  0.57803483  0.30640817  0.53962535 -0.13423673  0.21081954  0.52819602
  0.63950459  0.28499661 -0.08607089  0.36197802 -0.4144333   0.29727606
 -0.21944721  0.10446472  0.06145661  0.2215831   0.56664058  0.38295096
  0.39163417 -0.45479854 -0.08096327  0.17803248]","[ 0.5232039   0.03103695 -0.23179145  0.12886503  0.49250261 -0.05273397
  0.33918401  0.41329134 -0.02533134  0.59758524  0.61382358 -0.07826299
 -0.17502776  0.41278738  0.07453405 -0.12798701  0.24644588  0.0974771
 -0.00426941  0.08327069  0.32495106  0.49224102 -0.39020004  0.2361379
  0.0184206   0.39922133  0.32255934  0.49460374  0.31226652  0.05138608
 -0.26418084  0.19272972  0.23991092 -0.02795507  0.3082142   0.4147083
  0.14686489  0.42392005  0.02049664  0.16718378  0.25610102  0.53953124
  0.11181367  0.06432621 -0.10402842 -0.2594783   0.15848729  0.22793927
  0.16786503  0.39264848 -0.31290061  0.1512884   0.34406165  0.08174696
  0.32390775  0.67488687 -0.36673951 -0.53803697 -0.01764398  0.14308228
  0.04984897  0.39801204  0.45159051 -0.3929238   0.59400677  0.32001469
  0.32838044  0.178654    0.03778488  0.26461587  0.79249259  0.36776063
  0.83739198 -0.20868873  0.37288487 -0.38183759 -0.08547639  0.45419672
  0.0409226   0.32559116  0.2599899  -0.10140577  0.0789361   0.31629217
 -0.08145658  0.0695601   0.21907553 -0.46713271  0.33912852 -0.12549466
 -0.05936234  0.37818727 -0.28944857  0.10705156]","[ 0.42798153  0.21980618  0.15883168  0.36191496 -0.0984157   0.23464296
  0.73310993  0.62047605  0.32069266  0.44217343  0.3828386   0.51856829
  0.49817529  0.46939381  0.52607659  0.59025766  0.49985993  0.65064287
  0.29973201  0.6244526   0.38621701  0.42095124  0.17931523 -0.24381327
  0.61282767  0.42783638  0.39853559  0.39141919  0.31925293  0.12443939
  0.65821697  0.27028344  0.14557991  0.43849572  0.31642463  0.6010632
 -0.19528868  0.81174208  0.73450829  0.59433996  0.77742848  0.35372074
 -0.03523094  0.53777704  0.60633113  0.23024766  0.55892643  0.27378732
  0.51633746  0.60704488  0.28377404  0.40963546 -0.23050448  0.3597037
  0.48759922  0.53642492 -0.20422334  0.81921594  0.15441399  0.72694758
  0.24613392  0.52528656  0.51534836  0.67599393  0.4429288   0.34061639
  0.69207241  0.79086421  0.68692026  0.29414474  0.66505602 -0.34311783
  0.77237395  0.33671896  0.59763153 -0.0440227  -0.15916798  0.75540961
  0.31278975  0.02228603 -0.45522818  0.7304928   0.58280376  0.36553132
  0.42808762 -0.18046175  0.62203535 -0.37766018  0.65511535  0.59026426
  0.58350185  0.43946617 -0.07089604  0.57100309]","[ 0.66197856 -0.57256668  0.13413225  0.42038298 -0.27284686 -0.12224617
 -0.00541771  0.32714393  0.3923946   0.1662666   0.42747479  0.22674104
  0.31351757 -0.45407815 -0.26308436 -0.00222924 -0.35992271  0.56435715
  0.55066088  0.26468678 -0.1317179  -0.34175799  0.23514406  0.34969234
  0.13629415  0.24173626  0.57277733 -0.41594247  0.39473485  0.05598183
  0.5489694  -0.14284843  0.21938018  0.2622096   0.23986243  0.4557034
  0.0359701   0.31356801  0.35259859  0.51681621  0.00645068  0.54541235
 -0.44423878 -0.013808    0.37781209  0.36147711 -0.30903971  0.25106495
  0.10271788  0.73381577  0.28461256  0.17434623  0.55787888  0.07766298
 -0.16673477 -0.06853409 -0.09577915  0.34208216  0.00327749  0.31528811
  0.12945628  0.62223964  0.49566191  0.08489851  0.01611972  0.20911417
  0.35196857  0.41585795 -0.39996601  0.24357988  0.38457506  0.1635851
  0.41739514  0.06991316  0.51940757  0.24118808 -0.38454867  0.43903462
  0.28849855 -0.37921463  0.19749057  0.63353047 -0.52974433 -0.03777004
  0.29559726 -0.35075185  0.12271608  0.32547628  0.43089786 -0.17891772
  0.5934398   0.09834751 -0.52605941  0.41849812]","[ 7.84862631e-01  4.03216488e-01  6.60923372e-01  6.10897621e-01
  3.26682959e-01  1.86071700e-02  6.94864575e-01  5.96279430e-01
  6.47798337e-01  6.24885234e-01  6.58532945e-01  3.46834225e-01
  6.35536370e-01  3.87477779e-01  6.43546116e-01  5.24485047e-01
  7.62912860e-01  6.85216141e-01  6.58023548e-01  6.47211497e-01
  4.61663664e-01  4.16337538e-01  5.09562991e-01  4.34856640e-01
  5.09564429e-01  6.36364154e-01  8.26756985e-01  6.34050020e-01
  4.28077165e-01  4.31856553e-01  7.60082034e-01  1.82339952e-01
  5.62954128e-01  6.96572903e-01  3.50746447e-01  5.83432236e-01
  6.13623580e-01  8.09730485e-01  8.75411166e-01  7.91703928e-01
  3.65580256e-01  7.95832515e-01  7.40275982e-01  4.94286895e-01
  8.29215640e-01  4.33476313e-01 -7.05258722e-02  4.51564003e-01
  7.47280793e-01  5.79579578e-01  6.11588449e-01  7.09431158e-01
  7.25959855e-01  6.31180320e-01  6.48306805e-01  6.49230422e-01
  1.65559042e-01  6.20135794e-01 -5.38168451e-06  6.90650430e-01
  5.60214045e-01  7.54946350e-01  5.73318553e-01  8.25395269e-01
  7.11121365e-01  7.06377376e-01  6.81221708e-01  8.70109276e-01
 -3.14315113e-01  3.93186712e-02  7.99793820e-01  5.29019169e-01
  5.77546132e-01  5.11706202e-01  7.88093592e-01  4.20534541e-01
  4.78782659e-01  7.53949537e-01  6.64547253e-01  4.97604074e-01
 -1.13668269e-01  6.83897770e-01  6.58356533e-01  6.26329315e-01
  7.78114111e-01  6.64462079e-01  4.99972579e-01  8.56698507e-01
  8.03895400e-01  8.15944767e-01  5.86655126e-01  5.53703659e-01
  3.48620447e-01  7.92959665e-01]","[ 0.69069249  0.44188134  0.22608779  0.42138887 -0.32166861  0.47180566
  0.52464126  0.22887821  0.64436332  0.47382891  0.6753503   0.2127451
  0.43639213  0.34108929  0.28665549  0.55427144  0.06204445  0.41440691
  0.61422843  0.56623221  0.47008747  0.57778815  0.36903523  0.28400602
  0.18797135  0.64460542  0.58073148 -0.32611025 -0.02078305  0.59709429
  0.73436382  0.28939665  0.02177769  0.42350912  0.59159202  0.72844988
  0.53916248  0.59248861  0.59516863  0.62259864  0.40639683  0.80890753
  0.05216455  0.45897711  0.79463617 -0.19060437  0.77384061  0.32835239
  0.41360394  0.8481708   0.66053573 -0.24768076  0.74878672  0.0916511
  0.55018949  0.45267679  0.19424057  0.39587671  0.37300407  0.13772119
  0.35642282  0.71995526  0.32345027  0.45731246  0.43543211  0.61764604
  0.43179047  0.59198811 -0.34995809  0.52433755  0.57412269 -0.33662939
  0.69483778  0.0491132   0.31667922 -0.26668546  0.00250108  0.79411712
  0.51039652  0.37103874 -0.19574396  0.75287001 -0.134041    0.50254855
  0.80419531  0.68629172  0.16021645  0.50576424  0.53258336  0.56344999
  0.74132672  0.56954242  0.24038918  0.5762282 ]","[ 0.82409639  0.4789685   0.52777577  0.62240717  0.52021851  0.32491004
  0.70863775  0.6244934   0.53709391  0.78145849  0.59165272  0.37995705
  0.71427393  0.50844722  0.61629309  0.67092196  0.8399517   0.73607888
  0.75216917  0.6758593   0.55964414  0.71562343  0.4676702   0.67290347
  0.64854531  0.65644712  0.78555988  0.63713888  0.56342635  0.6380531
  0.76369732  0.38633055  0.48227989  0.8078231   0.40798776  0.7352724
  0.36123946  0.83037591  0.87348118  0.73283122  0.53371884  0.82439506
  0.74679946  0.56078031  0.64933461  0.34188852  0.40106507  0.65528671
  0.75652722  0.56833429  0.62192655  0.74247788  0.49380468  0.76724562
  0.69037438  0.67981855  0.4718027   0.81614852  0.29484071  0.65156979
  0.64246947  0.826173    0.48036235  0.86529026  0.8118682   0.57842437
  0.73158458  0.86812927  0.41628789  0.51793371  0.6694523   0.79134739
  0.55829534  0.64555061  0.73286994  0.44715484  0.31951124  0.81113558
  0.70082705  0.51197082 -0.04876179  0.81348205  0.66342556  0.70937018
  0.82924884  0.63417023  0.37328682  0.73301649  0.69609093  0.6896557
  0.44436281  0.74220789  0.55377424  0.04754438]","[-2.62811729e-01  4.23510355e-01 -2.49108847e-01  3.73170638e-01
  4.19560357e-01 -3.21095638e-01  5.26851411e-01  3.33652492e-01
  3.57095839e-01  4.01939770e-01  4.28530530e-01  5.06759585e-02
  3.82643603e-04  6.02336203e-01  4.05265917e-01  4.62895072e-01
  2.67601718e-01  2.94993371e-01  4.53147691e-01  2.39212839e-01
  3.06376120e-01  4.18201348e-01  4.06817891e-01 -3.22224534e-02
 -4.28940408e-01  5.37212499e-01  1.78985771e-01  5.62663076e-01
 -4.84801012e-01 -4.22984901e-01  5.07137195e-01  1.75724866e-01
  2.68615114e-01  4.05365655e-01 -3.33381173e-01  7.05069884e-01
 -5.52722428e-02  4.82433984e-01  2.26362428e-01  6.42705120e-01
  5.31142259e-01  3.75887358e-01  4.15984819e-01  5.39351038e-01
  3.45175459e-01  4.76801508e-01  6.39816549e-01  1.43843398e-01
  3.74727431e-02  2.20000364e-01 -4.67255014e-01  5.81075221e-02
 -3.97295865e-02  5.14737315e-01  1.90918339e-01  5.56196582e-01
 -8.24838386e-02  1.79347121e-01 -7.91217831e-02 -2.43509586e-01
  1.23775023e-01  5.42326402e-01  2.87155482e-01  4.68328282e-01
  2.53585825e-01  3.38395573e-01 -5.05397455e-01 -2.28001813e-01
 -2.83997092e-01 -1.13473575e-01 -2.81590980e-01  4.89055060e-01
  4.49831187e-01 -2.93662227e-02  1.86133374e-01 -3.35777418e-02
  3.70671506e-01  5.54646445e-01  7.83624273e-02  4.02917801e-01
  1.73506697e-01  5.63959854e-01  1.97827864e-01  6.54929210e-01
  2.21739060e-01  4.07026742e-01  5.70434810e-01 -2.93318283e-01
  6.00092427e-01 -4.55658841e-01 -4.15543999e-02  6.42537735e-01
 -1.65017553e-01  6.64266177e-01]","[ 0.687208    0.19708483 -0.27822271 -0.43587949 -0.07550498  0.24215888
  0.7242171   0.12838079  0.61406614  0.517084    0.34061059  0.19251591
  0.49714594 -0.30705137  0.49058862  0.57933214  0.46628422  0.37308452
 -0.12789166  0.22429422  0.32487611  0.59175183  0.10529695  0.34267318
  0.11393855  0.53955782  0.70522269  0.3411198   0.12666759  0.25407578
  0.74130392 -0.12233818  0.17359679  0.72184779 -0.27371498  0.65977485
  0.34898429  0.62871028  0.72995444  0.19019894  0.2588875   0.40224812
  0.51440903  0.5761311   0.62200622 -0.36600515  0.42759353  0.05548576
  0.59546563  0.41069829  0.14945079  0.23969537  0.51652057  0.27725668
 -0.2276032   0.40068699 -0.15844065  0.32250101 -0.39862541  0.52190319
  0.4342061   0.73108872  0.44069306  0.60005859  0.42862425  0.56940011
  0.48384203  0.55902975 -0.24031403 -0.5533207   0.63712659  0.34758908
  0.60637349  0.41942333  0.25529829 -0.18335519 -0.06952174  0.62524891
 -0.08552456 -0.05002378 -0.36166112  0.57664735  0.34609623  0.28365885
  0.59088212 -0.03214569  0.34929203  0.34393202  0.70112809  0.73069942
  0.24455725  0.65155291 -0.20018324  0.44654788]","[ 0.29163729 -0.19174787  0.6499588   0.42923121  0.49815732  0.18157118
  0.53047549  0.61604187  0.24054373  0.40555858  0.29668436  0.34247754
  0.55457402  0.23859574  0.57853295  0.22874957  0.51032269 -0.33681982
  0.58381581  0.63055911  0.59419113  0.4506657   0.44880966  0.41903381
  0.32300595  0.46939584  0.53133196 -0.30059061  0.32023743 -0.56131695
  0.6209879   0.64144598  0.38028376  0.63985943  0.40944944  0.55886449
  0.66165769 -0.27427193  0.68656907  0.80265701  0.23164852  0.7087696
  0.68747238  0.34613643  0.83916216  0.37140802 -0.4412353   0.50906659
  0.70566014  0.59582394  0.62878154  0.33854052  0.78276454  0.61784998
  0.54138292  0.71838189  0.36865678  0.76690714  0.56906907  0.60570688
  0.52232045  0.36578656  0.69616601  0.29336564  0.65806754  0.58799074
  0.73021619  0.7433785   0.50007995 -0.19395163  0.72718198 -0.24637527
  0.41721236  0.3316892   0.63180528 -0.15578287  0.49818731  0.85513644
 -0.22303578  0.45137191  0.25641728  0.73216685  0.42939345  0.319542
  0.60726199  0.57813894  0.40491845  0.75742446  0.66105044  0.54587459
  0.3269764   0.42905759  0.21952081  0.3813492 ]","[ 0.45107229  0.04601016  0.55176639  0.39118055  0.72804617  0.41684631
  0.18008142  0.26722009  0.13173729  0.43941281  0.13001183  0.14193647
  0.2559422   0.37910311  0.31987809 -0.1301096   0.41047236  0.12120748
  0.46330749  0.08042091  0.22477456  0.37735665 -0.08634388 -0.39757569
  0.24785834 -0.19256761  0.05607371  0.18991345 -0.26022235  0.33409321
 -0.28645779 -0.11194691  0.33247526 -0.12303614  0.4101407   0.21532559
  0.30240746  0.49976601  0.37008817  0.0670138   0.10633522  0.23585249
  0.526137   -0.40455411  0.68083399  0.23204073 -0.04401689  0.24969503
  0.57463453  0.34759599 -0.41171593 -0.20854362 -0.16145971  0.34158103
 -0.11685777  0.59106994  0.20410641  0.25508088  0.55125766  0.38224424
 -0.01528543  0.59673791  0.2613877  -0.35534143  0.67451466  0.26619331
  0.40505144  0.25375239  0.25701461  0.18848432  0.22045787  0.66098048
  0.21374725  0.40131663  0.52565024 -0.03738269 -0.11389947 -0.27859144
  0.42837668  0.80104748  0.09664681  0.35327435  0.25272861  0.20979829
  0.46359208 -0.45369205 -0.33038264  0.38416598  0.43073451  0.51334831
 -0.29240268 -0.1743489  -0.0744552  -0.21038595]","[ 0.28639452  0.40498793  0.60734805  0.18084827  0.62869234 -0.58932785
  0.54820905 -0.00289389 -0.06191795  0.16915417  0.49202069  0.22495971
  0.28476328  0.30996718  0.34676773 -0.05203411  0.21065527  0.31704536
  0.34726172  0.24782201  0.32124779 -0.25258486  0.08970681  0.37351092
  0.08129913  0.11720826  0.4437735   0.17002475 -0.21122869  0.21216602
 -0.18490958 -0.04683604  0.06382506  0.30630429 -0.14021501  0.1175429
  0.20593799  0.53098587  0.02981062  0.46487229 -0.09868708  0.16525149
  0.33533555  0.09988607  0.31663156 -0.23858947 -0.1313849  -0.15684039
  0.38200874  0.17903706  0.28046068  0.42390191  0.26890161 -0.13734545
 -0.07647916  0.43209674 -0.48123584  0.34560086 -0.24940029 -0.30983076
  0.10821909  0.38511447  0.17162749  0.07052075  0.07046118  0.31689107
  0.22676463 -0.08951476  0.06470847  0.1161552   0.10641647  0.50480431
  0.03651466  0.34321217  0.39665737 -0.17306597  0.23568305 -0.3592154
  0.13618996  0.61692794 -0.30911321  0.41378065  0.06267561 -0.05362524
  0.22543993  0.48679489 -0.26052584 -0.0700919   0.46050798  0.53631225
 -0.15227086  0.11715516  0.25073463  0.29863702]","[ 0.38931952  0.43709708  0.0497366   0.33014041  0.75484982 -0.47517074
  0.53219384  0.33188851 -0.17186205  0.34923363  0.45563172 -0.06206194
  0.40217837  0.44784549  0.18420722  0.03756608  0.77666234  0.02333788
 -0.12832745  0.12750701  0.55001439  0.34830516  0.26552058  0.06175414
  0.29476557  0.06454118  0.196438    0.23289623 -0.15841432 -0.24165935
 -0.21179429  0.17014861  0.39055691 -0.0024691   0.23565278  0.25402456
  0.38954944  0.34973945  0.3911956  -0.08477754  0.30075275  0.28354498
  0.51068012  0.21927127  0.27137047  0.32727437  0.03472718 -0.12792519
  0.58330335  0.62141451  0.29507716  0.36505273  0.23349047 -0.20118745
 -0.18317158  0.45356143 -0.2361502   0.34398953  0.06391693  0.3741011
  0.27878249  0.40475953  0.54346325 -0.18072395  0.52286554  0.23444197
  0.52565718  0.45832755  0.30175067  0.31335728  0.70828336  0.69720289
  0.2427998   0.36510386  0.3914323  -0.09854917  0.27629627 -0.46758477
  0.344398    0.70719012  0.31875613  0.28524056 -0.02258804  0.4980511
  0.03540094  0.36238772 -0.52096121 -0.2001983  -0.37625579  0.60112458
 -0.15713421  0.03870465  0.1500962   0.3561454 ]","[ 0.01457929  0.02727698 -0.31776348  0.25445589  0.27241659  0.29268517
  0.51220192  0.21450146  0.41306351 -0.01948023  0.52914533  0.31066767
  0.30350465 -0.44994779  0.37785366 -0.43206247  0.08488041  0.06051939
  0.15227843  0.1208231   0.47312563  0.30629538  0.07445034  0.09069121
 -0.37269901  0.44182156  0.51973825  0.26568566 -0.21209191 -0.05939659
  0.68160011 -0.00304035  0.54339696  0.5399231  -0.2946173   0.4463072
  0.08563288  0.22056922  0.54179473  0.53494444  0.28878883 -0.05715299
  0.17600348  0.49986633 -0.25615054  0.4002084  -0.30347609  0.27586984
  0.3310056   0.49339432  0.07790182  0.31941243  0.07724336  0.07910158
 -0.20327428  0.5779794  -0.03593195  0.529888   -0.001692    0.10313349
  0.2083591   0.3544976   0.55672637  0.32054666  0.40328105  0.50801053
  0.36810571  0.1948986   0.04614612 -0.32455372  0.03472828 -0.33287667
  0.61670498  0.21755902  0.09621082 -0.06095853 -0.10412382  0.27289028
  0.25027657  0.01439127 -0.0768264   0.7718654  -0.07458678  0.08468532
  0.38254713  0.57731378 -0.21249326  0.49246161  0.03073562  0.73613985
  0.59766637  0.20794843  0.57304378  0.24566954]","[ 0.26521827  0.21791936 -0.03576982  0.57306201  0.58884976 -0.22371151
  0.30111211  0.50495492  0.33990022 -0.12425473  0.09026594  0.51905783
  0.50139701  0.20618197  0.17972203 -0.64323255  0.62730696  0.61893215
  0.30244609  0.52052917  0.51057381  0.11585928  0.31570124  0.27427993
  0.38817474  0.2646645   0.81013337  0.57464047  0.46143543 -0.03674502
  0.71700181  0.6803056  -0.41313489  0.54034588  0.35155767  0.57905724
  0.52195739  0.459367    0.39082375  0.68384105  0.56699066  0.39376557
  0.22379307  0.24270789  0.6659077   0.37367584 -0.19439317 -0.22166815
  0.21608021  0.70627457  0.7999101   0.45524824  0.6672332   0.06231761
  0.24655154  0.54152213  0.26173771  0.67467479 -0.21757608  0.43274406
  0.29855682  0.21494731  0.70488265  0.53736681  0.4307111   0.2025431
  0.45008699  0.40798309  0.4553792  -0.07152192  0.49564573  0.54500729
  0.13413036  0.5092585   0.40984836  0.07861964  0.41055909  0.73007498
 -0.3864643   0.5813545   0.20684396  0.76808936  0.30816035  0.36973122
  0.49816431 -0.43914173  0.29998329  0.52248867  0.47909116  0.63213903
 -0.16837617  0.33705427 -0.00869449  0.38022865]","[ 0.41432055  0.26211655  0.19135313 -0.06516804  0.21707704  0.41796603
  0.55369628  0.43224988  0.2862935  -0.14137908  0.39937667  0.5189616
  0.42364932 -0.22689282  0.49895991 -0.07763792  0.36587567  0.39904929
  0.48239729  0.11558986  0.51733167  0.29619465  0.30744653  0.22800331
 -0.35291719  0.19490281  0.63273822  0.04071225  0.29791068  0.29010534
  0.54887267  0.58069836  0.36839847  0.23789691  0.41964602  0.61829097
  0.27889993  0.47426693  0.7648912   0.67699437  0.29777196 -0.35204294
  0.53875385  0.26653358  0.83398379 -0.25361171  0.17220825  0.06734513
 -0.14211597  0.7193701   0.45567819 -0.04857222  0.77509545 -0.1439245
  0.37763504  0.6729135  -0.04696392  0.65219761  0.0443839   0.41080315
  0.27832696  0.35435383  0.68947137  0.48249345  0.2868484   0.37323101
  0.64510221  0.21452255  0.1757188  -0.17832572  0.19811085  0.63179706
 -0.34482495  0.49738407  0.14118146  0.21595181 -0.21634521  0.71657951
 -0.03947144  0.03075808 -0.55719743  0.21502394  0.18102428  0.31842729
  0.52701749  0.33623974  0.14447302  0.43506641  0.5378126   0.40129665
  0.03518998 -0.27363987  0.41619373  0.26468414]","[ 0.45658632 -0.07057931  0.25029707  0.47927645 -0.17888918 -0.15534762
  0.42981982  0.53713193  0.26607067  0.57297368  0.44950175  0.50286755
  0.30334113 -0.33542434  0.55397078  0.30103561  0.53801543  0.05719287
 -0.15459522  0.25452632  0.17306016  0.50975966  0.17286321 -0.11892133
  0.61458269  0.3217991   0.60889598  0.16050529  0.47070193 -0.09529166
  0.15085104  0.45343357  0.30980242  0.29939534 -0.0695292   0.34949119
  0.43571313 -0.18001416  0.55648027  0.39855798  0.26002054 -0.34899158
 -0.17573564  0.20940749  0.45710829 -0.47818767  0.70602508  0.31200012
  0.27524087  0.39041648  0.1414885   0.3375484   0.38769063  0.21931419
 -0.46405639  0.1629981  -0.34664905  0.46801267  0.45305721  0.3491317
  0.55777961  0.59024933  0.40985959  0.69073383  0.05112661  0.29386763
  0.638208    0.60983031  0.53106954  0.18352058  0.0919583  -0.01279347
  0.71704552  0.21104225  0.46472243  0.24548197 -0.19576468  0.65053736
  0.19084901 -0.03724228 -0.49601793  0.45862853  0.64796842  0.54138018
  0.40020294 -0.43190373  0.55469007 -0.42196087  0.56544353  0.18679827
  0.57029663  0.24013362 -0.3562774   0.59739134]","[ 0.1170379   0.21285211  0.54034504 -0.04498263 -0.32408015  0.26308299
  0.47649801  0.65697771  0.42321707  0.42880583  0.19473162  0.07965267
  0.46322046  0.18718572  0.6382807   0.34380652  0.51746635  0.61130194
  0.09267068  0.63795125  0.33363311  0.36715962  0.16090503  0.00765253
 -0.22674892  0.5601353   0.6987171   0.47347442 -0.25457418 -0.03888838
  0.65812243  0.41789158  0.09392058  0.58585641  0.50819698  0.43002714
  0.3825506   0.73791077  0.73815838  0.4816268   0.63948607  0.17867885
  0.58802189  0.39883754  0.76386653  0.3252068   0.37690065  0.32959269
  0.05670402  0.64464562  0.30791404  0.45322579 -0.26420102  0.59367599
  0.44645507  0.60755955  0.08995105  0.84218372  0.14650784  0.66001101
  0.30744528  0.70753888  0.71898834  0.73352705  0.40536198  0.15890909
  0.65937739  0.67642527  0.63324803  0.26053856  0.56467526  0.63764147
  0.70006114  0.37314665  0.39106995  0.41371173  0.19547378  0.78428516
  0.13424947 -0.00440602 -0.44516456  0.6455537   0.43460591  0.3195307
  0.58182187 -0.29517051  0.6281993  -0.25479079  0.71224483  0.3904109
  0.53816282 -0.00110692 -0.1332252   0.61586344]","[ 0.17065448 -0.17703131  0.49696742  0.50992333  0.45668907  0.55787
  0.53068393  0.61191081  0.45914975  0.53080545  0.48140198  0.3451996
  0.36462878  0.27032944  0.00597903  0.29148957  0.53623566  0.49989903
 -0.01514224  0.53648817  0.40383545  0.51456981 -0.49452229  0.05914054
  0.59491328  0.50294466  0.22095957  0.73537207  0.16107332  0.51547436
  0.5871053   0.14874534  0.50838765  0.59298905  0.45077775  0.59060561
  0.31964775  0.42462136  0.74263245  0.65659107  0.30276182  0.48702585
  0.72471609  0.68245804  0.34623672 -0.5098276   0.83247878  0.39669768
 -0.13049543  0.20976777 -0.00917265  0.53086011  0.50707023  0.36883789
  0.20520404  0.69286683  0.15991168  0.31944328  0.31284544 -0.39326798
  0.08446612  0.73006204  0.47774674  0.19934251  0.63641682  0.24485233
  0.22402585  0.39171445 -0.53200951 -0.25253538  0.35585954  0.28617505
  0.51835926 -0.27728384  0.50707964  0.17746475  0.42976312  0.72057155
  0.21314945  0.22146168  0.23449395  0.52411418  0.55747157  0.5667574
  0.34358859  0.61804822  0.45701365  0.34411103  0.57921937  0.2453752
  0.4721766   0.70722568  0.42795526  0.58565889]","[ 0.64979529 -0.12940512  0.0648608   0.58815707  0.26841657  0.35623336
  0.7078674   0.61491396  0.59950008  0.45568391  0.68107088  0.29348541
  0.5281899  -0.21114212  0.69048573 -0.05641459  0.42249771 -0.47855671
 -0.05238777  0.11703199  0.40510986  0.57471623 -0.00322379  0.32224111
  0.11935836  0.45692618  0.73620484  0.52173095 -0.55085895  0.59867002
  0.72191635  0.40598846  0.47856424  0.75652084 -0.03431248  0.75441502
  0.46244494  0.74716242  0.80773888  0.79375177  0.34358552  0.05889096
  0.69819573  0.62008249  0.66675429 -0.34190429  0.44481232  0.57348181
  0.40760913  0.61769387  0.60652738  0.7588517   0.41344886  0.52798306
 -0.39801571  0.64681759  0.13808559  0.74470679  0.61362259  0.17364856
  0.44713785  0.4377016   0.68857838  0.4765413   0.5823208   0.40456089
  0.47754735  0.56021663  0.41015575  0.56839511  0.74165502  0.10351281
  0.58504778  0.5367769   0.4307901   0.10321203  0.42880955  0.58248579
 -0.25433374  0.37357154 -0.1325124   0.80528205  0.50913138  0.54571702
  0.59939683 -0.23477194  0.68126489  0.68762499  0.73286457  0.75132053
  0.23006845  0.20075483  0.06160084  0.63905424]","[ 0.52560485  0.2982693   0.30516475  0.68350438  0.59323334  0.60978164
  0.66071942  0.5210339   0.24140602  0.5036433   0.5051845   0.63337111
 -0.11272043  0.28507179  0.5530085   0.20256498  0.57908162 -0.49043178
 -0.08715644  0.24166007  0.49243681  0.32368533 -0.13034292  0.27743493
  0.43564203  0.52308806  0.69103387  0.68805764 -0.18577414  0.08310606
  0.58436058  0.52787853  0.38905161  0.63655595 -0.02750593 -0.34691969
 -0.00776037  0.39604243  0.6492007   0.68431748  0.21868933  0.06473415
  0.5791893   0.57522615  0.13964517  0.24032802  0.42777293  0.35599438
  0.21060411  0.19099704  0.19956768  0.37515412  0.35307301  0.55443639
 -0.13783859  0.60529665  0.1694549   0.28544646  0.20816563  0.21851405
 -0.11799204  0.17235676  0.6253032   0.23525888  0.51216823  0.65848834
  0.48128053  0.61965863  0.38094052  0.4133463  -0.00526586 -0.28516254
  0.65731544  0.30193815  0.67259206 -0.10755742  0.24276892  0.49436799
  0.22535564  0.11086935 -0.13213927  0.52560497  0.31719505  0.52261978
  0.48177193  0.75076364  0.45178032  0.44997931  0.47912076  0.61513267
  0.68932943  0.53084655  0.30370621  0.54552189]","[ 0.49387679 -0.08233342  0.05562659  0.48614265  0.06178168  0.37041401
  0.7411689   0.58383772  0.52470946  0.62277595 -0.00779616  0.44556871
  0.43399619  0.06974407  0.21681761  0.33059067  0.31747775  0.40996308
  0.27091646 -0.23466567  0.26166621  0.10553102  0.21998811 -0.01388414
  0.17035059  0.41444867  0.38281723  0.52979264  0.36304098 -0.09112681
  0.40258408  0.47630554 -0.06008801  0.6783602   0.07173333  0.54283904
  0.38837067  0.46398947  0.53357502  0.25775367  0.51894373  0.23565459
  0.53601737  0.36479123  0.56562554 -0.10827924 -0.46543314  0.42253266
 -0.14705155  0.51239401  0.11490407  0.61506047  0.31942302  0.55047393
 -0.13343404  0.42910293 -0.22448771  0.58123838 -0.09204402  0.41940939
  0.13963757 -0.12505593  0.57295051  0.32507056  0.60963002  0.28524925
  0.4614122   0.43940422  0.19653416 -0.13212547  0.46744652  0.05330813
  0.33841015  0.58167373  0.32836154 -0.19916845 -0.36294859  0.53553039
  0.32788573 -0.13308712  0.41965511  0.63978353  0.3407391   0.64440323
  0.10503346  0.67039972  0.22936676  0.40923508  0.32519126  0.03652555
  0.06389178  0.63171083 -0.06064874  0.14763809]","[ 0.68199223 -0.12588317  0.42219064  0.71900293  0.34088747  0.32369201
  0.56261696  0.6653345   0.52030612  0.57905344  0.02822353  0.48863159
  0.60302559 -0.45426145  0.50998649  0.2177965   0.55444699 -0.29173484
  0.18275425  0.57474647  0.48515733  0.5162651   0.15563724  0.33922738
  0.72116742  0.5318271   0.80726209  0.6729114   0.32893447  0.38803198
  0.78959114  0.11691285  0.41906573  0.77089435  0.16141174  0.60825548
  0.37074876  0.57076384  0.80343405  0.76840646  0.44998837  0.50860609
  0.59181639  0.55204042  0.72939486  0.42856358  0.580974    0.58840263
  0.34229651  0.54552288  0.47032944  0.71333446  0.55589395  0.34641919
  0.21126793  0.59586513  0.16871829  0.5265967   0.52896762  0.54926407
  0.19372744  0.49610199  0.71348724  0.67128073  0.70083348  0.63372325
  0.51624701  0.81129782  0.55183481  0.61226656  0.6969496   0.46941413
  0.66089129  0.70516313  0.59767202  0.39939994  0.00275144  0.58595534
  0.13815567  0.26372524  0.24810433  0.66053329  0.51168031  0.63340369
  0.58405946  0.21251171  0.38481628  0.66770716  0.66773694  0.66825413
  0.63297806  0.47562911  0.32689924  0.48596885]","[ 0.38134018  0.37154164  0.14669873  0.23487927  0.30601617  0.322011
  0.77128808  0.14742854 -0.20664856  0.55280554  0.59121268  0.43287876
  0.52368076  0.49163711 -0.10085167  0.07436466  0.63539728  0.04642029
  0.43800047  0.13086441  0.56203654  0.12897014  0.24600281  0.26310532
  0.44662806  0.34698251  0.07285617  0.51980777 -0.19292238  0.15143925
  0.27761459  0.27328797  0.60491406  0.69354491 -0.00657057 -0.20356219
  0.43500922 -0.39993105  0.40752282  0.39592407  0.2386423  -0.23234944
  0.50603843  0.51749814 -0.02320187 -0.25733016  0.12849541  0.35274812
 -0.30443346  0.17922499  0.26091772  0.34445844  0.30849408  0.42956607
 -0.25865874 -0.35018858 -0.29132122  0.26948489  0.24571875 -0.03599164
  0.25181298  0.45531276  0.55156574  0.63981358  0.28877479  0.51075908
  0.57082886  0.23073716 -0.04768845  0.3074458   0.10855619  0.1255949
  0.50647504  0.21262194  0.0964477   0.29300031  0.29496795  0.31567498
  0.26341757 -0.33912858 -0.27486772 -0.16199829  0.23839351 -0.10047742
  0.08674783  0.78461251  0.44674969  0.38360273  0.37706585  0.37288106
 -0.12054044  0.70024633 -0.44036577  0.33164116]","[ 0.83835656  0.559312    0.74219864  0.72176728  0.65074799  0.52679363
  0.79532949  0.77774174  0.62292025  0.82758945  0.59284544  0.62042412
  0.81356729  0.60121154  0.55887919  0.6783326   0.88152777  0.60757109
  0.65526237  0.58611045  0.70955141  0.80231408  0.62907797  0.57862371
  0.78626529  0.74820465  0.82119715  0.8600224   0.60705489  0.7534261
  0.8152264   0.49538932  0.58936955  0.86013475  0.49010591  0.78172109
  0.76452776  0.83007009  0.87059261  0.83196024  0.66939596  0.81161547
  0.78781692  0.79658803  0.69720872  0.51274153  0.52863967  0.74064717
  0.70755341  0.5622552   0.64652005  0.83609253  0.51162222  0.89920536
  0.79902477  0.76983827  0.64948547  0.8398415   0.71290702  0.7515368
  0.47189769  0.81161382  0.75561022  0.86302365  0.8986687   0.6241365
  0.84395441  0.88546455  0.90048691  0.84013072  0.75458182  0.71713796
  0.67382108  0.72154911  0.83808896  0.71418626  0.49487124  0.84677213
  0.68066602  0.67077022 -0.11742726  0.8319264   0.76691305  0.49918901
  0.77156484  0.61258958  0.71490407  0.72115939  0.79919907  0.83192524
  0.9025334   0.8166554   0.51517734  0.73752769]","[ 0.45140788 -0.21477155  0.09259198 -0.24448133 -0.3748875  -0.04370892
  0.74209594  0.70291255  0.4429468   0.58475244  0.28467095  0.402028
  0.51957218 -0.21042687  0.12747298  0.09392929  0.64702491 -0.02270455
 -0.44923085 -0.24947393  0.36429328  0.37527038  0.31058754  0.29731165
  0.6680046   0.33188362  0.5405633   0.41460196  0.47400061  0.33636385
  0.52107682  0.38188635  0.5294002   0.80231694 -0.05733546  0.34913978
 -0.06916961  0.23852089  0.66559912  0.42290363  0.40248025  0.24093034
  0.59747486  0.12834386  0.23264042 -0.27674286  0.64376159  0.38255545
 -0.00737411  0.16088932  0.27219428  0.36552464  0.30277678 -0.30125428
 -0.06580434  0.4922466  -0.40874011  0.06514724  0.03447928  0.45188815
  0.15177678  0.60941457  0.54527336  0.35950725  0.08914461  0.57743373
  0.57028515  0.56868892  0.69495241  0.31189012  0.54530527  0.24814143
  0.50754322  0.33866903 -0.04795572 -0.14223445 -0.10962319  0.6953657
 -0.04614271 -0.21665771  0.23081702  0.62755764 -0.05605166  0.1090058
  0.4565828  -0.54020745  0.41371192  0.6489074   0.65225675  0.53964738
  0.15816013  0.42185631  0.15210185  0.40425792]","[ 0.60407744  0.08900928 -0.39713404  0.25345099 -0.42815351 -0.23463735
  0.68362603  0.10560076  0.41117121  0.36849386  0.43062196  0.03181827
  0.47740812 -0.27206086 -0.40954814  0.40570534  0.24740416  0.12055516
 -0.06265358  0.19481025  0.35622932  0.34455732 -0.00151066 -0.10080688
 -0.12146747  0.45968585  0.7011444   0.38335855 -0.05052258 -0.51378129
  0.21296109  0.20431232 -0.10842577  0.06073022 -0.09451319  0.4874782
  0.54045665  0.41915592  0.35782245  0.42479639 -0.01171929  0.28672464
 -0.07532356 -0.43526484 -0.06563189  0.00203312  0.11645728 -0.3223201
  0.28632281 -0.10024364  0.28706851 -0.18475832  0.42504132 -0.36899481
 -0.31093849  0.42925625  0.3158304   0.40761339 -0.29143285 -0.37030927
 -0.26376711  0.31804762  0.60135247  0.28713555 -0.10140847  0.35737012
  0.19685774 -0.12168039  0.31747736 -0.04826927  0.296811    0.45563002
  0.0437735   0.48508808  0.52130391 -0.25402278  0.04432028  0.6831066
  0.40467076 -0.20674355  0.09559197  0.833758   -0.34284086  0.22150199
 -0.5669519  -0.17783391  0.09581102 -0.1905608  -0.46806069  0.74612045
  0.53566862 -0.40100766  0.46243419  0.45545555]","[ 0.80765552  0.56728999  0.35997047  0.66816666 -0.42681419  0.12262523
  0.1106465   0.37465505  0.67797477  0.27819204  0.72598693  0.46987602
  0.55915433  0.29566078  0.54850851  0.35885347  0.47607738  0.58236374
  0.56185182  0.39364624  0.09356299  0.49799885  0.42803597  0.5049358
 -0.30434293  0.49913781  0.75471385  0.33874053  0.10298376  0.63275343
  0.39657086 -0.48281471  0.29165682  0.20354532  0.4444126   0.47317477
 -0.1215054   0.25334005  0.46076678  0.54987684  0.21812204  0.43380138
 -0.43861946  0.38149974  0.57669423 -0.0333452   0.1471514   0.55641015
  0.52424546  0.79814011  0.35649428  0.04224633  0.52241937  0.24958398
  0.40218258  0.02424971  0.12894511  0.59886557  0.27296814  0.34144997
  0.15600021  0.52141091  0.40886513  0.36747294  0.3778615   0.51936393
  0.3213129   0.43571702  0.25581701  0.37352985  0.37917639  0.18698473
  0.69422554  0.16815019  0.25342223  0.27637467  0.24497669  0.42765345
  0.18202131  0.67402014 -0.39579513  0.72966878  0.05110303  0.19766047
  0.32620432  0.69760924 -0.08079431  0.41279637  0.556772    0.52709394
  0.61691802 -0.0273035  -0.09601637  0.21757777]","[ 0.34538885 -0.00460448  0.2796913   0.35422771 -0.25747954  0.09055909
  0.32348269  0.69195621  0.71661147 -0.32940285  0.18030018  0.35883767
  0.07252404 -0.58317862 -0.04424677  0.40721164  0.54637654  0.14769318
 -0.0333616   0.35245248  0.40873806 -0.01951704  0.49377364  0.62176458
 -0.40803025  0.23679374  0.7487706   0.36694466  0.28644635  0.30560989
  0.39728954 -0.19433337  0.27348642  0.56861968  0.47801314  0.61829354
  0.24811134  0.32244154  0.61914332  0.43728978  0.53181104 -0.04314285
 -0.29378157  0.10219114 -0.31394703 -0.03362842  0.09762731 -0.12861474
  0.37956343  0.65051056  0.20034766  0.34522721  0.52784539  0.18997671
 -0.15353806  0.35950165  0.32294303  0.84266798 -0.13614619  0.19504578
  0.21420636  0.50397198  0.64601133  0.40565492  0.45647002  0.67234814
  0.18497989  0.27390107  0.44508965  0.52387039  0.46281044  0.44765265
  0.17654284  0.52297678  0.4659275  -0.12768838  0.32217572  0.5386283
  0.33041064  0.50571054 -0.1151946   0.83745442  0.22354219  0.39178333
  0.16949978  0.66223924  0.1178996   0.12254656  0.41657385  0.34279733
  0.130543   -0.48453049 -0.03888706  0.17743593]","[ 0.86921452  0.79470876  0.41483755  0.59395704  0.03887669  0.44440713
  0.4731131   0.16586518  0.600912    0.36158764  0.75348433  0.57002986
  0.48773793  0.30752247  0.56616204  0.36355874 -0.42240242  0.53417284
  0.798593    0.56479732  0.35730869  0.67970618  0.29405096  0.6109176
 -0.15921041  0.5238736   0.78523472  0.26281959  0.3559586   0.57948492
  0.51080164  0.42100454  0.45133568  0.27288374  0.61886904  0.57673179
  0.37538012  0.52179014  0.73635789  0.43694792 -0.19869472  0.53063351
  0.14725978  0.47729041  0.55835293  0.26730943  0.50451926  0.560978
  0.37034288  0.87989272  0.42625788  0.30238833  0.60615541  0.50121774
  0.44154389 -0.32565133  0.01091529  0.37872715  0.25848185  0.28960003
  0.10416599  0.5759582   0.36943943  0.75082673  0.43173438  0.66702759
  0.56799344  0.41016974  0.1629898   0.36833933  0.43515473  0.25023775
  0.74635705  0.08492131  0.25289536  0.07132737 -0.08736978 -0.030672
  0.08850464  0.60962065 -0.1079852   0.62658034  0.11167186 -0.13336122
  0.47562514  0.79145856 -0.41847976  0.47016964  0.59055155  0.54154975
  0.7907868   0.20738186  0.37804367  0.54499016]","[ 0.66853686  0.75181217  0.27377872  0.45280174 -0.26585657  0.45554346
  0.38663296  0.32441204  0.55908652  0.18503367  0.81839531  0.43928606
  0.71066504  0.23116916  0.37339816  0.21978377  0.48011562  0.37492054
  0.22072917 -0.11803118  0.31610197  0.7309812   0.28923346  0.54481177
  0.21385451  0.43681208  0.60520628  0.43471773  0.01743713  0.20246124
  0.47653985  0.26511544 -0.51718059  0.42545437  0.58423676  0.48570614
  0.55410416  0.53824806  0.70553473  0.44116605  0.35192718  0.28212738
  0.08426476  0.31736723  0.60618936 -0.24317423  0.2936638   0.46109204
  0.56342692  0.62665151  0.63654274  0.11517533  0.29624204  0.40811382
  0.60539048 -0.11846917  0.22076579 -0.26379246 -0.08133928  0.29428484
  0.28849083  0.64943899  0.53979639  0.72465073  0.4484437   0.62113968
  0.26848998  0.47610609 -0.10709639  0.7115572   0.49252926 -0.09579654
  0.71103441  0.12646404  0.03667531 -0.10580576  0.27097517  0.33056739
  0.47878989  0.64041215  0.14901956  0.69261767  0.08140723  0.46600459
  0.55290014  0.73345649 -0.13169963  0.69742904  0.42875195  0.61299462
  0.72198918  0.26822292  0.15905771  0.42579683]","[ 0.65644079  0.23794009  0.51789597  0.42344189  0.11664456  0.03478108
  0.21233599  0.80314924  0.73812412 -0.33757335  0.37682689  0.52309506
  0.54759617 -0.56106529  0.39896788  0.50530144  0.57297506 -0.19894053
  0.30123897  0.48098045  0.29134616  0.62650214  0.5959661   0.72022248
  0.41355326  0.39521246  0.82622057  0.44662015  0.32670289  0.53566747
  0.43822457  0.45306262  0.02084107  0.71578274  0.53906635  0.66107651
  0.49905755  0.63504796  0.81761164  0.54316498  0.60337181  0.18394687
  0.14031242  0.38863651  0.38077206  0.17837308  0.49792282 -0.04604166
  0.21456026  0.74995073  0.68231579  0.64914255  0.33919931 -0.21610885
  0.35104464  0.38426329  0.44714245  0.85758241  0.61728249  0.62974296
  0.36533674  0.79203917  0.67530662  0.74342862  0.59197962  0.68106166
  0.35652312  0.40412406  0.57846517  0.76632015  0.52455136  0.72920938
  0.67029669  0.62138687  0.45807066  0.39763793  0.62002321  0.73822756
  0.6487395   0.3930462  -0.29688437  0.86925669  0.46291906  0.4843657
  0.41857517  0.72929556  0.2748289   0.50953317  0.7411469   0.56694496
  0.33772251 -0.37107326  0.13500741  0.11457298]","[-0.3239823  -0.00493402 -0.3327865   0.00864678 -0.19836282  0.16935039
  0.06371713  0.5037888   0.18402183 -0.04166666  0.72152749  0.21979896
  0.08515201 -0.07431165  0.3366139   0.05289574 -0.01186053  0.07626807
  0.26673617  0.19677243  0.271578    0.39778618  0.08323693 -0.36904186
  0.29928898 -0.26276955  0.6857216  -0.29364947  0.57311864  0.54349065
 -0.23903929  0.00221208  0.51351594  0.43211915  0.0224817  -0.47810663
  0.20018677 -0.05026112 -0.14293928  0.33359215  0.04994281  0.34984099
 -0.16441543 -0.46621324  0.20441034  0.6884372  -0.46044275 -0.07239481
  0.26923166  0.56189541  0.17250235  0.46912555 -0.01280828  0.38196321
  0.3089858  -0.07197022  0.18310682  0.5993945   0.39039762  0.20800109
  0.1483378   0.15866617 -0.02845452 -0.29605824 -0.33158601 -0.12156155
 -0.47971873  0.32453016  0.25594235  0.80361481  0.18641477  0.20116562
 -0.08736714 -0.34512613  0.18541643  0.48059486  0.21966871  0.71763141
  0.7204234   0.31102099  0.54968274  0.19421848  0.11321896  0.2981294
 -0.32148008 -0.40308413  0.57539358 -0.1823695  -0.34141683  0.37929395
  0.3516525   0.48437241  0.28687824  0.68599037]","[ 0.79248343  0.45087432  0.38061911  0.60111484 -0.32261224  0.43223444
  0.0219655   0.27768607  0.73877226 -0.05654624  0.6192729   0.37595541
  0.48210903  0.28037108  0.31844582  0.42264653  0.48115433  0.31521204
  0.46525248  0.41430845  0.18748401  0.49134566  0.20311137  0.45208291
 -0.08022901  0.3190825   0.76414736  0.34534815  0.17441179  0.46250993
  0.46687438  0.22271331 -0.4352017   0.25042873  0.66363801  0.31438962
  0.32919262  0.35214329  0.6686498   0.46909842 -0.28221511  0.57256124
 -0.07352907  0.45725074  0.47683312  0.04010052  0.69387939  0.38894322
  0.14567368  0.86752621  0.4174391   0.03017558  0.16518834 -0.25014021
  0.38007036 -0.04467816  0.39063501  0.42282348  0.21709349  0.13763944
  0.20481279  0.57653987  0.61587369  0.33353233  0.39532749  0.62482322
  0.37480646  0.65613254  0.2432615   0.47491373  0.34892225  0.2572567
  0.59733743  0.20601959  0.25661372 -0.23924757  0.14568603  0.51001874
  0.10710518  0.42638458 -0.05898924  0.69820992 -0.04386357  0.03162923
  0.45894686  0.6931079  -0.46161817  0.61234521  0.47628649  0.58898467
  0.46063496 -0.08621851 -0.40805722  0.0202882 ]","[ 0.73206703  0.09726336  0.48830699  0.15997885 -0.32786882  0.20277351
  0.074886    0.6602749   0.64436017 -0.04215307  0.14366891  0.306519
  0.54480951 -0.63045585 -0.12075038  0.34325094  0.58338935 -0.2897848
  0.10775315  0.27506304  0.37494846  0.17232485  0.50372082  0.48688653
  0.07818099  0.47242468  0.82404675  0.22837743  0.26683471  0.12658468
  0.26845663  0.41028294 -0.18700139  0.67055666  0.53189246  0.56538085
  0.4791803   0.42324874  0.73792621  0.41505228  0.07875394  0.33812552
 -0.11471546  0.3096934   0.09223748 -0.10083256  0.43203171  0.02738161
  0.52423051  0.61414794  0.46234111  0.62669304 -0.38662689  0.67207316
  0.30957758  0.25041609  0.5240904   0.8209328   0.46259803  0.17921592
  0.18102317  0.66693137  0.66255682  0.56327321  0.46595769  0.5982707
 -0.44042356  0.42946789  0.66921585  0.83081732 -0.15336206  0.57284322
  0.48688732  0.31778017  0.13022995  0.3315929   0.49007123  0.57105603
  0.50131111  0.37450074 -0.05557202  0.79433505  0.13131094  0.47454813
  0.34375352  0.47846683 -0.13721145  0.61933756  0.59110982  0.6293969
 -0.1589049  -0.39393802 -0.22946045  0.17090868]","[ 0.37594231  0.39932448  0.13487007 -0.18006449  0.13110035 -0.12918366
  0.22436609  0.33986531  0.05530372  0.40764649  0.48537042  0.43264849
 -0.39497819  0.4063581   0.02673714 -0.2421292  -0.27634562  0.0335755
  0.68699557  0.23431483  0.06761294 -0.39572466  0.35751234 -0.25181166
 -0.2240535  -0.22854622 -0.17386464 -0.09970673  0.61804432 -0.07329458
 -0.12905269  0.03778863  0.05546485  0.14837125  0.15271022  0.23056047
  0.29915898 -0.33060446 -0.12551023 -0.17711773 -0.0331286   0.10370615
 -0.07669519  0.3478403  -0.24991479  0.10437563  0.39517002 -0.08834867
  0.00181873  0.35606573 -0.14855072  0.34297116 -0.16735874 -0.0482747
 -0.06343625  0.1471618   0.20203705  0.41718458  0.21752042  0.39501456
  0.41879459 -0.20940765 -0.06694041  0.18544891 -0.35786469 -0.41207505
 -0.40126505  0.32854764  0.13665264  0.40461108  0.63403522 -0.30889193
  0.61649985  0.09924143  0.52000585  0.31322418  0.23222817  0.36826728
  0.28193716 -0.31996098 -0.05231462 -0.17025443  0.19058199  0.2860572
 -0.09120802  0.13341844 -0.02499246 -0.30807433  0.39508903 -0.35823329
  0.09782629 -0.09191415 -0.55199399  0.41743353]","[-0.14398219  0.13856155  0.54063044  0.69496185  0.79842222  0.66966366
  0.54823694  0.06182733 -0.21531248 -0.22078587  0.11814629  0.09061847
 -0.30593928  0.44051042  0.55430674 -0.08394357  0.75353488  0.72223039
  0.17428851  0.30311267  0.50850318 -0.38230314 -0.23243167 -0.43374086
  0.7828546   0.54502738  0.36515802  0.4800141  -0.11004847  0.48179438
 -0.30602771  0.27601159  0.33477476  0.40334434  0.41309525  0.4795613
  0.50575113  0.55815     0.38619087  0.31682491  0.37802964  0.27982225
  0.51084032 -0.09232244  0.74201813  0.0100978   0.64752674  0.26871697
  0.51382033  0.25026608  0.14024742  0.71154161  0.49029303  0.14118031
  0.51786138  0.51138426  0.266811    0.32515658  0.59181656  0.27783024
  0.22887883  0.66960469  0.20245188  0.71590923  0.73532843  0.08768235
  0.66889285  0.33413988 -0.23895558  0.68672934  0.62050749  0.49130503
  0.49257226  0.57058966  0.57110406  0.33365653  0.46577822 -0.09882662
  0.61611072  0.61795263  0.42769372 -0.19475406  0.01092462  0.61541929
  0.21718466  0.39395434  0.16544787  0.4598363   0.29099146  0.3722053
  0.09541706  0.79257533  0.13423593  0.55397124]","[ 0.50070963 -0.22698604  0.17067151  0.55728155  0.54011155  0.43633191
  0.52303982  0.2938706   0.35494122  0.15400489  0.55386978  0.24185742
 -0.26864679  0.17592979 -0.20054888 -0.46214191 -0.11191     0.12651441
  0.351177   -0.13236213  0.43334237 -0.43133903 -0.12131403 -0.33121748
  0.7958396   0.33853366 -0.13861829 -0.15116893  0.15789342  0.22598149
  0.36218206  0.35846254  0.55815938  0.34439155 -0.34002751  0.45700454
 -0.42201332 -0.3838088   0.65000346  0.05786632  0.41866642 -0.19978082
 -0.52310792  0.2004908   0.39114634  0.24899163  0.59594433  0.19084899
  0.31459375  0.79568879  0.08516547  0.73759923  0.1199979   0.08802157
  0.39949269  0.47013037 -0.10954094  0.48155498  0.49273938  0.34438867
  0.49513431  0.53423124  0.50854664  0.45361579  0.50791892 -0.13852734
  0.38394214 -0.21207757 -0.12759252  0.59274733  0.48788503 -0.29128968
  0.55826087  0.5313592   0.36544814  0.28710105 -0.18157095  0.47903723
  0.63574842 -0.11898762  0.56082758  0.2944826  -0.04525781  0.05331579
  0.56030813  0.43667569  0.31357535  0.83955251  0.38915633  0.42663002
  0.4507446   0.65167432 -0.10084107 -0.02733378]","[ 0.12935835  0.14232878  0.25371787  0.58783379  0.6885261   0.51644348
  0.46772703  0.61570525  0.44752172  0.37270055  0.4034668   0.39651956
 -0.30540942  0.56988841  0.43777245  0.29639071  0.71109597  0.63198592
  0.31306943  0.24787452  0.30025966  0.55085003 -0.49433663 -0.33183655
  0.47639548  0.51526609  0.59844498  0.72250793  0.03139845  0.18691696
  0.55596129  0.17468533  0.39249205  0.5874072   0.51879502  0.13273797
  0.45964041  0.68776358  0.82461994  0.27171462  0.29671984  0.01859013
  0.51411812  0.53585013 -0.1508045  -0.35368634  0.65949557  0.29412974
 -0.06319845  0.13945146 -0.36490881  0.78613765  0.27218885  0.34353234
 -0.22130845  0.69456404  0.10453932  0.25700815  0.29317328 -0.2805526
  0.08832719  0.76562463  0.45416749  0.27298719  0.65047702 -0.02993377
 -0.15824664  0.06347908  0.46408213  0.26829539  0.4950932   0.57283871
  0.46067571  0.22511563  0.36118972  0.36044003  0.5617403   0.72937722
  0.21093033  0.0502261   0.55387993  0.74238764  0.31215895  0.56577833
  0.30868479  0.00624985  0.43021846  0.0949473   0.59211428  0.20165325
  0.10722657  0.71184829  0.43379794  0.52283632]","[ 0.44302344  0.48669693  0.41048778  0.5143267   0.64663646  0.38342963
  0.31752321  0.39438248  0.06681808  0.35741651  0.69090743  0.20589644
 -0.2126857   0.4868141   0.55788148 -0.24391377  0.07818596  0.28538912
  0.73372888  0.25919374  0.46190799 -0.51735043  0.41775226 -0.32242788
  0.38094764  0.37162126  0.50057546  0.21990699 -0.33959414  0.06672517
 -0.12108545  0.19870562  0.36047554  0.29057648 -0.19931171  0.75914589
  0.08935168  0.29985177  0.53020739  0.27085508 -0.00725025  0.01508115
  0.24970042 -0.01424374 -0.36135335  0.08225376  0.60489873 -0.49815544
 -0.21488452  0.77854789  0.45538359  0.69700651  0.32511197  0.46053498
  0.08015041  0.53260901 -0.06929324  0.70773448  0.31375848 -0.0698267
  0.42103762  0.61298779  0.43347794  0.17376117 -0.04144838 -0.35385641
  0.53707403  0.21623775 -0.52822299  0.55965609  0.43576867 -0.09841594
  0.31786576  0.2472087   0.44215737  0.42543803  0.18376957  0.47491725
 -0.00199353 -0.38285889  0.47708381 -0.31823432  0.3219724   0.21777524
  0.49784703 -0.31713049  0.26372037  0.45498038  0.24951368 -0.18689276
  0.38823104  0.71522216  0.07948942  0.40653392]","[ 4.09277964e-01  2.37671602e-01 -2.55109011e-01  5.01931639e-01
  4.42024418e-01  3.95373835e-01  7.81859463e-02  2.99799844e-01
  1.08534211e-01  7.60053468e-02  7.04260470e-01  4.55960974e-01
  5.52650130e-01  2.40855647e-01  3.16934676e-01  1.45295841e-01
 -1.30611711e-02  4.28170092e-01  4.36740376e-01  1.58400094e-01
  5.41211010e-01 -2.76778342e-01  4.51071566e-02  3.17640422e-01
  3.17645582e-01  7.29313941e-02  6.69823940e-01  4.42554033e-03
  1.42365429e-01  4.99263851e-01  1.61676920e-01  7.18465149e-01
  5.14477688e-01 -4.05642973e-01  1.36903820e-01  4.56832431e-01
 -4.25165298e-01  1.13947295e-01  4.03900513e-01 -2.70610145e-01
  1.52232446e-01  6.36385109e-04 -9.16300259e-02  1.54514533e-01
  6.93263456e-01  1.10607785e-01  2.15895079e-01  5.61426460e-02
 -3.53960694e-01  6.57077311e-01  8.82849914e-02  2.73190295e-01
  6.66927959e-01 -4.09930118e-01  1.60377844e-01  5.82787614e-01
 -6.43015663e-02  4.10223817e-01  4.82628718e-01  8.57852602e-03
  2.06474973e-01  3.65822688e-01  5.96953512e-01  6.02113040e-01
 -3.16544405e-01  1.31005893e-01  2.87718398e-01 -1.26015987e-01
  2.44152521e-01  5.04963846e-01  6.27335155e-01  3.59356082e-01
  3.80884673e-01  2.77775090e-01 -1.74054150e-01  3.78867423e-01
  1.08233698e-01  4.08109900e-01  2.48172284e-02  2.16209955e-03
 -3.49351843e-01 -4.94784227e-01 -2.38104653e-01  2.10756535e-01
  4.15063396e-01  3.01568237e-01 -9.29337685e-02  6.69577599e-01
  3.17208920e-01  3.00767808e-01  2.63883505e-01  5.51128497e-01
  1.59811961e-01 -1.73681744e-01]","[ 0.34300903  0.57051932  0.11465762  0.6718866   0.03848458  0.52292514
  0.77439616 -0.02538401  0.30870534 -0.05715425  0.58262116  0.43638686
 -0.49024558  0.38563821  0.58454426  0.17005455  0.43743856  0.71256943
  0.43438467  0.09091679  0.35337246 -0.12714966  0.42686476  0.12648261
  0.63598578  0.33454748  0.60025399  0.2832278  -0.03418929  0.18600081
  0.48391294  0.43168686  0.58898592 -0.07747262  0.2741837   0.19472009
  0.58384711 -0.10302642  0.75773802 -0.39829918  0.51482237  0.12943229
  0.41925164  0.26992756  0.04148796  0.61790387  0.64123906  0.51506239
  0.0056536   0.4520101   0.33798109  0.44749081  0.12577476  0.2822766
  0.31181287  0.67251022  0.13585281  0.74592228  0.60568997  0.40315324
  0.27908175  0.64573239  0.5774733  -0.09444129  0.43074635  0.36490166
  0.66419856 -0.31739485 -0.45002098  0.5331805   0.33960462  0.15624077
  0.64201373  0.52550506  0.47883262  0.2072671   0.0095756   0.65867295
  0.61987904 -0.25064252  0.6379324   0.49746036  0.54223124  0.64421224
  0.16057169  0.02881687  0.23044303  0.6684978   0.63295405  0.6627217
  0.69250819  0.71327404  0.07911    -0.36889235]","[ 0.23537249  0.16346862  0.65802096  0.57649448  0.76485034  0.38575781
  0.59586958  0.375846    0.30164881 -0.4785754   0.35118356  0.61945162
  0.37718354  0.40337119  0.4440898   0.18950246  0.21254862  0.64012349
 -0.13908823 -0.11278658  0.16726804  0.16830683  0.61714957  0.15278951
  0.04091729  0.64850249  0.80327108  0.46336016  0.25003115  0.37633248
 -0.11569698  0.8021742   0.54393228  0.52813971  0.32169558  0.59970362
  0.36416746  0.56887575  0.35082625  0.35402548  0.41635821  0.49195419
  0.32831595 -0.44942008  0.56478266  0.49217222  0.61556691 -0.18462212
  0.66288922  0.69900882  0.48857431  0.76564395  0.70231035  0.42581809
  0.19850084  0.39472542  0.3980967   0.75173803  0.46718584  0.45313713
 -0.02131031  0.6839364  -0.19442668  0.67763277  0.77135127  0.42020832
  0.66377158  0.74111041 -0.55817736  0.58426332  0.38630569  0.02874667
  0.77566323  0.67133659  0.61968663  0.3006901   0.5088041   0.52770902
  0.37022766  0.43109461  0.69149119 -0.07361165  0.4956327   0.48630496
  0.2299478   0.58697211  0.418507    0.70309628  0.68136204  0.63899203
  0.66425727  0.75426115  0.46838879  0.76154659]","[ 0.39664248  0.34834027 -0.46220754 -0.14371279  0.02851514 -0.13849069
 -0.22466226  0.45252283  0.43507895 -0.41386676  0.44872517 -0.10525849
 -0.51540625 -0.39797223 -0.2732838   0.39078027  0.24174876  0.03367324
 -0.09840407 -0.08331749  0.34149143  0.13545896  0.32196012 -0.13892041
  0.42022254  0.16450276  0.64710105 -0.17272308 -0.32766921  0.45209448
  0.45389505  0.42663886  0.29295482  0.21852333 -0.08415513  0.66302128
  0.02154162 -0.52107272  0.15613559  0.14401629  0.05181199  0.30293747
  0.27484994 -0.21642767 -0.51278698  0.37111536  0.00487919  0.11847272
  0.46888959  0.47825422  0.27849074  0.39410803  0.41064254  0.25104829
 -0.0484611   0.43823084 -0.16028943 -0.12207351  0.18381383  0.30961371
  0.14457606 -0.3873355   0.28337231  0.48952553  0.22983465  0.36149353
 -0.31097404  0.21544053 -0.13971993  0.64622902  0.27643291 -0.18149484
  0.19262596 -0.28797421  0.04604503 -0.23341551 -0.36305693  0.67456166
  0.49334773  0.3491322   0.24158865  0.69434001 -0.21082197  0.16515218
  0.33963266  0.14361502  0.36662086  0.52055028  0.20463429 -0.06312509
 -0.12867146  0.58295906 -0.33464076  0.08412508]","[ 0.33389981 -0.50188665  0.56682097  0.4389355   0.67363357  0.24504874
  0.5893723   0.34420695  0.3560792   0.2654011  -0.01787548  0.33890615
  0.04601741  0.25763197  0.35078494  0.01586713  0.62865959  0.29569972
  0.06678676  0.40776844  0.31029555  0.33314785  0.42515707  0.23354465
  0.53853069  0.27254713  0.33490148  0.347412   -0.24854146  0.31690139
  0.33286352  0.14257912  0.4385493   0.40609059  0.60429788 -0.28583176
  0.31458281  0.59555068  0.57444191  0.5475081   0.24159084  0.45643016
  0.16741808  0.04793106  0.70573662  0.58789317  0.68352084  0.4757765
  0.3214623   0.68512918 -0.37815412  0.08278176 -0.29435983 -0.11477648
  0.39452819  0.33476548  0.43819247 -0.22867116  0.64180223  0.10216006
  0.09320331  0.4394498   0.19782984  0.12911298  0.714797    0.18623777
 -0.24628139  0.6436508   0.42956221  0.30029412  0.60248394  0.29922407
  0.84274416  0.23400542  0.44405034 -0.05793313  0.4321478   0.30426209
  0.32704169  0.62998583  0.21040252  0.24762084  0.19364875  0.48949047
  0.08289707 -0.19072281 -0.48523237  0.59279738  0.54096698 -0.16138132
  0.36227013  0.68246164  0.38897964 -0.08964375]","[ 0.4996464  -0.29873781  0.58463866  0.68929101  0.70500002  0.56095665
  0.41546488  0.49325882  0.31876397  0.48188561  0.13882458  0.19970476
 -0.27218206  0.16101088  0.41229264  0.05232866  0.6083279   0.50678679
  0.4886299   0.42414889  0.12090046 -0.23718909 -0.26101624  0.20537191
  0.6905673   0.46041144  0.30782282  0.44778779  0.04395042  0.61533543
  0.33167113  0.36375018  0.70641204  0.54458071  0.52204049 -0.23352606
  0.30026264  0.63488134  0.7304395  -0.02463607  0.31732106  0.24402903
  0.4144301   0.08208637  0.65448027  0.20075418  0.60682537  0.47251015
  0.30213437  0.09843136 -0.14081367  0.18863305  0.4682106  -0.28272852
  0.41501095  0.47353385 -0.17713941  0.51963267  0.66910042 -0.44250693
  0.27809618  0.43003315  0.28717346  0.61311665  0.51474052  0.00507297
  0.48837342  0.67720262 -0.35135903  0.36151115  0.56284507  0.35483539
  0.7712206   0.28770392  0.66858767  0.19242708  0.32113376  0.62040298
  0.27432571 -0.10605806  0.446888    0.15566534  0.18780457  0.4247068
  0.22822322 -0.47247781  0.34031676 -0.03817621  0.41438979  0.45285333
  0.13898929  0.64399839  0.56455871  0.52593957]","[-0.15777972 -0.10531581  0.51492647  0.75508494  0.61269334  0.34985614
  0.23643205  0.55159679 -0.17479118 -0.0375843   0.50504724  0.53231897
  0.386276    0.46145613  0.27732764  0.31851291  0.59161975  0.16567388
  0.51942916  0.10580087  0.31147488 -0.20572434  0.36310203 -0.1803339
  0.3458405   0.31820075  0.6965219   0.55227179  0.10998899  0.37859639
 -0.31888644  0.22479169  0.42447686  0.2266327   0.42761484  0.18865839
  0.34483612  0.59590416  0.67125673  0.01743968  0.33137374 -0.27744562
  0.17634107  0.49081155 -0.11167553  0.23418547  0.70823578 -0.11495388
  0.11652999  0.01909047 -0.36463958  0.68183633 -0.02040687  0.35715617
  0.3011653   0.7271171  -0.17459839  0.51480747  0.33083198 -0.23798581
  0.33993932  0.78147542  0.50019788  0.5469772   0.78622411  0.16910681
  0.49428246  0.72367544 -0.26523634  0.42109388  0.23805132 -0.19605075
  0.81894284 -0.101042    0.47646515  0.34595405  0.58898305  0.18957635
  0.28030876  0.21688368  0.47315949 -0.23696806  0.26963797  0.18297233
  0.09319249  0.51184807  0.33272072  0.37810547  0.01685012  0.0929198
  0.63596935  0.67086227  0.43953194  0.59950639]","[ 4.73803132e-01 -4.37141330e-01 -1.80071088e-01  5.25598740e-01
  6.39108655e-01  5.38900947e-01  6.71748983e-01 -2.87304821e-01
 -1.97252315e-01  4.69933505e-02  3.63804720e-01  2.14728992e-01
 -3.86124996e-01  6.02131240e-02  2.48230858e-01  2.53159292e-01
  4.36679520e-01  3.46991299e-01  3.23376559e-01 -2.27786053e-01
  4.36413671e-01  2.57862361e-01 -2.52869049e-03  2.08013202e-01
  6.30174810e-01  2.94940980e-02 -3.77647967e-01  1.21580828e-01
 -4.00943865e-01  4.19198759e-01 -3.17747238e-01  2.52862851e-01
  5.20513164e-01  5.72156732e-01  3.13363544e-01  5.96548960e-01
  8.35082033e-02  2.42754244e-01  1.29221451e-01 -2.84756430e-01
  3.91683435e-01  3.93446777e-01  3.01287290e-01  1.55611763e-01
  7.17673832e-01  3.55026769e-01  3.65960773e-01  2.18249103e-01
  5.18245979e-01  3.04127644e-01 -1.89023079e-01  6.54782811e-01
  3.56709469e-01  9.55307084e-02  2.39451338e-01  3.46624444e-01
  3.31656221e-01  5.89598068e-01  8.29603051e-02 -4.31469420e-01
  4.36608980e-01  5.30374934e-01  3.86374883e-01  3.46667255e-01
  2.58585951e-01 -3.21317833e-01  4.82292195e-01  2.03239561e-01
 -9.91949642e-02  2.85585643e-01  8.46779822e-01  5.05239202e-01
  5.07932567e-01  3.26865521e-01  8.69703897e-01  1.23809646e-02
  1.36846748e-01  6.39097565e-01  6.66010068e-01  4.42864403e-01
  4.26279033e-01 -3.94651948e-01  9.24167731e-02  5.65371030e-01
  2.19735234e-02  2.68562112e-01 -3.14209942e-01  4.33034607e-01
 -4.06512563e-04 -3.77116110e-01  4.99416673e-01  5.95312782e-01
  4.53138449e-01 -5.39892466e-03]","[ 0.64589097 -0.33404446  0.3181856   0.75770416  0.60170942  0.61244823
  0.7066275   0.26318274  0.22058893  0.48552974  0.50087118  0.6120048
  0.54800277 -0.00711709 -0.14065372 -0.24504398  0.69705909  0.52290859
  0.4677251   0.09130744  0.34179998  0.17233953  0.27567766  0.00586913
  0.75645441  0.31241505 -0.29469386  0.41360147  0.06448585  0.47564094
 -0.02555409  0.27351583  0.65370052  0.40051143  0.46346659  0.63124337
  0.42764214  0.426221    0.55891522 -0.62581211  0.50050204  0.37862074
  0.25541984  0.04887943  0.69519095  0.43763153  0.4220502  -0.54356505
  0.36926484  0.65609248 -0.20909315  0.79891776  0.08756262  0.04586241
  0.57698308  0.39557435  0.46700104  0.64792207  0.29791826 -0.2208257
  0.40566574  0.45320811  0.41229567 -0.01873862  0.32668891  0.01958226
  0.6418967   0.03936807 -0.25826008 -0.61678563  0.52509183  0.26183076
  0.61861554  0.50889395  0.67056479  0.02554921  0.18298593  0.2758895
  0.58195208 -0.0031922   0.46440716  0.14360697  0.09583023  0.30022663
 -0.22185408 -0.25402966  0.50581003  0.58583595  0.18709336  0.15822736
  0.57462047  0.5132682   0.47323574  0.28684675]","[ 0.60627351  0.57569684  0.7750153   0.77212486  0.63051667  0.63520042
  0.72301212  0.54614679 -0.04421016 -0.00152057  0.546854    0.47262362
 -0.02691221  0.33056806  0.07689612 -0.10819315  0.79238412  0.33372216
  0.19041287 -0.00532811  0.38631274  0.28684847  0.36260993 -0.00461383
 -0.09863653  0.55374633  0.58261058  0.57077446  0.04359904  0.48149758
  0.09709681  0.73152673  0.56914388  0.76464211  0.41749751  0.6342508
 -0.04431269  0.44159327  0.74482418  0.2273226   0.36288491  0.59451434
  0.55592481  0.08596702  0.71109016  0.5338956   0.79674334  0.5940459
  0.53033008 -0.08994423  0.45220964  0.50839436  0.72936406  0.59369706
  0.03155389  0.47716713  0.31465151  0.65108693  0.61596271  0.36511121
  0.28667193  0.74980409  0.52197983  0.47328728  0.7190704   0.36092094
  0.69273628  0.4947882  -0.26342262  0.46632448  0.6025791   0.44160902
  0.60660471  0.3474202   0.65750985 -0.0722156   0.5560878  -0.21236728
  0.39004225  0.4045737   0.66372722  0.30280752  0.3980447   0.68216628
  0.77894043  0.38783799  0.32550382  0.45427018  0.5814901   0.65342222
  0.52386869  0.77676219  0.48515085  0.57503349]","[-0.33221816  0.12020089  0.49621411  0.34094532  0.75057648 -0.28720901
  0.57652117  0.4076789   0.04002708  0.32066256  0.58446035  0.02157838
  0.36870347  0.45261616  0.38696252  0.05203656  0.77803433  0.36878364
  0.10471182  0.47584292  0.4569284   0.35133337  0.45035197  0.23112632
  0.28853203  0.48675622  0.67882259  0.53302614  0.14665526 -0.06202084
  0.19914721  0.54694303  0.37735813  0.37776902  0.51815528 -0.16256167
  0.29638327  0.60551397  0.43004483  0.30716772  0.14640325  0.28539658
  0.58945801 -0.26735419  0.67700522  0.63005523  0.66676028 -0.19754495
  0.52370979 -0.55842794  0.12218911  0.44026508  0.41974296  0.54716637
  0.56213707  0.52232733  0.03117804  0.59828255  0.29187502  0.4239129
  0.25495683  0.65463375  0.39160403  0.56929883  0.64280434  0.01808697
  0.46161392  0.80327815 -0.27079483  0.42147733  0.46503585  0.55536695
  0.64580178  0.39591951  0.54453301 -0.03756282  0.39639228 -0.08648368
  0.20557754  0.51842375  0.37355042  0.31114563  0.02854663  0.44586913
 -0.31943062 -0.34543692 -0.49471388  0.3416776   0.40207824  0.50368234
  0.67749903  0.76180923  0.06563938 -0.0250462 ]","[ 0.32539238 -0.13834525 -0.0606287   0.4492561   0.65678317  0.32055545
  0.71516417  0.34659845  0.20613297 -0.32650596  0.61455114  0.32036392
  0.25693296 -0.18843114  0.19433293 -0.2053648   0.39831584 -0.05657397
  0.56643714  0.08311703  0.33453725  0.44982913  0.02049279  0.24293467
  0.60601546  0.31645862  0.54963308  0.12746925  0.05857541 -0.33486413
  0.25166429  0.15040102  0.45307248  0.47496684  0.42970377  0.55397412
  0.32555343  0.66730711  0.4818806   0.40104148  0.08258887  0.41343069
  0.49782626  0.35855325  0.78099885  0.4144035   0.36424019  0.10944303
  0.43875602  0.23593506  0.08608428  0.7214544   0.4183144   0.36920189
  0.27702695  0.50665193  0.22768255  0.54821733  0.15765859 -0.24880922
  0.17543475  0.55165281  0.33900574 -0.12166899  0.39142989  0.08835686
  0.43839069  0.53495925 -0.09261608 -0.28233037  0.30758542  0.37627813
  0.61113254  0.25470736  0.63278975 -0.16447194  0.38537733 -0.21052523
  0.49269901  0.11616922 -0.28541725 -0.1050079   0.0913005  -0.10548877
  0.25978966  0.64211277 -0.19817394 -0.28010832  0.43686481  0.61387989
  0.35142257  0.45711602  0.29006479  0.29926863]","[ 0.15306824  0.46894793  0.49565936  0.68144439  0.80008315  0.72170773
  0.76535564  0.27881422  0.20741388  0.52731045  0.72240694  0.50599599
  0.26979379  0.37333411  0.58006491 -0.09055882  0.73391293  0.28744684
 -0.33084822  0.46573616  0.57051579  0.42272738  0.46703747  0.39129703
  0.69753454  0.46144601  0.3285114   0.62101665  0.39918891  0.58180983
  0.34687318  0.61098611  0.65608082  0.6522804   0.42795368  0.50149638
  0.32063762  0.77038416  0.60351998  0.4544218   0.15183376  0.66119416
  0.32640417  0.34443129  0.86506311  0.57486079  0.65919131  0.26898364
  0.45892313  0.30319341  0.5633417   0.7153727   0.62237468  0.63362291
  0.58285549  0.35953405  0.50140002  0.51121227  0.54859465  0.28565756
  0.13037274  0.74054351  0.32112168  0.56151097  0.73247085  0.20334567
  0.39730066  0.74971529 -0.21540094  0.70505636  0.38280297  0.40841024
  0.84868533  0.48686001  0.66288009  0.18706028  0.54772832  0.40598975
  0.5257197   0.33955497  0.43023669  0.13301134  0.26909565  0.64184793
  0.26476075  0.47520817  0.55804656  0.67953336  0.36801061  0.50403517
  0.59373476  0.79188788  0.12360481  0.61799402]","[ 0.68100271  0.30739442  0.27967731  0.36779606  0.19293738  0.22298831
  0.26033071  0.51018125  0.53242171  0.53324507  0.61640211  0.38578713
  0.51836762 -0.45048616  0.49473236  0.2128386   0.50765406  0.30826942
  0.08233442  0.55938487  0.43131259  0.47492936  0.20142052  0.46702106
  0.43249449  0.52662719  0.81366391  0.35117362  0.36931012  0.62137109
  0.6840633   0.36459781 -0.28668228  0.62997297  0.34232573  0.65659702
  0.51463183  0.63336263  0.58823601  0.62868961  0.3904294   0.26809659
  0.56349347  0.2306162  -0.38518184  0.15525162  0.61849757  0.24587483
  0.33777136  0.62760927  0.6970513   0.56540796  0.46187491  0.44248612
 -0.06294794  0.66448125  0.3476129   0.77210948  0.41572559  0.36283526
  0.45387724  0.65898766  0.68916022  0.59051678  0.68623377  0.6001427
  0.55586312  0.58901325  0.35859827  0.44729472 -0.07018608  0.46013837
  0.53635499  0.19010967  0.45475967 -0.11609571  0.43175719  0.53038684
  0.65870835 -0.44399599 -0.17275976  0.57429721  0.33193309  0.42026064
  0.43468888  0.4345479  -0.19366315  0.50503726  0.68865896  0.53460422
  0.31449035 -0.37260039  0.07963283  0.5227709 ]","[ 0.17128729  0.22765591 -0.37105805 -0.06650674  0.17782711 -0.06613905
  0.25118378  0.24675084 -0.02054602  0.48357401  0.57543912  0.07790867
 -0.13985915  0.43830641  0.00800729  0.05217602  0.44406055  0.34342392
 -0.06124741  0.27031554  0.18979833 -0.00233897 -0.13688549  0.11729155
  0.22930829  0.3741181   0.374242    0.07844817  0.30441143  0.38242274
 -0.31493395  0.43145582 -0.18764123 -0.10380777  0.27998413  0.38398106
  0.23720702 -0.00704932 -0.11903389 -0.03580445  0.37016573  0.41782749
  0.3867407  -0.22538883  0.12569207  0.27966721  0.25425273 -0.08683202
  0.00230127  0.58671813  0.06776249  0.00741251  0.40212887 -0.16307435
  0.07237904  0.52761293  0.1689828   0.22431686  0.41856276  0.03094383
  0.37130309  0.19180018  0.43434631  0.34523366  0.48015501  0.32410495
  0.09761618 -0.05972439 -0.02204669  0.34282291  0.65714254  0.29886463
  0.58494326 -0.01764625  0.37997361  0.04018187 -0.04029477  0.50178302
  0.3673942   0.43880885  0.25050278 -0.33912606  0.21718737  0.19678415
 -0.26417247  0.04916416  0.24222676  0.15399585  0.19767508 -0.25967985
  0.17674401  0.64272385 -0.39955903 -0.02258525]","[ 0.55371876 -0.01738764 -0.19834068 -0.61053416  0.10150127  0.08939216
  0.66080905  0.68614175  0.32248792  0.31961901  0.26453509  0.39986766
  0.298113    0.04301163  0.29101817  0.59272104  0.05887178  0.31857177
 -0.30055213  0.64286703  0.46696824  0.3686296   0.51223642 -0.08692658
  0.60078738  0.50185861  0.44976965  0.47843178 -0.47945855 -0.42247924
  0.58135158 -0.07699449  0.26743327  0.45973768  0.21695181  0.35324201
  0.34045231  0.4274526   0.64466307  0.59333064  0.71209723 -0.1676082
  0.36734827  0.54616654  0.60872917  0.15535747  0.36286167  0.40549319
  0.33053376  0.72981279  0.35495385  0.13733383  0.25989348  0.29135772
  0.10691863  0.69427681  0.07723633  0.80179301 -0.01273008  0.56981912
  0.18160421  0.5883388   0.60632029  0.46007089 -0.02092325  0.11075629
  0.4124079   0.74752519  0.61977977  0.48117007  0.37137042  0.47652638
  0.61328604  0.31080378  0.52195193  0.18226812 -0.14372669  0.6865832
  0.18238482  0.05219255 -0.39221661  0.65336499  0.44825109  0.43965233
  0.46220757 -0.3263477   0.34500101  0.63163437  0.63867894  0.45349918
  0.45232548  0.04616255  0.1166742   0.58873067]","[ 0.43747632  0.21006063  0.31087121  0.59259745  0.41356616  0.49476201
  0.80909668 -0.44722435 -0.51986193  0.44485021  0.65286999  0.58859242
 -0.45549113  0.49681298  0.65076364 -0.02222536  0.06310256 -0.56832211
  0.33187135 -0.01097947  0.36016313  0.55263377  0.30576932  0.0498924
  0.4833393   0.40948353  0.49258348  0.28885506  0.4393913   0.32787193
 -0.16126314  0.7188031   0.64734014  0.60704575  0.00819635  0.27303013
  0.41927235  0.02893562  0.42654745  0.33145663  0.28448555  0.47533187
  0.24499554  0.57181803  0.74026034  0.62499047  0.05145973  0.74948802
  0.39421347  0.03638114  0.25028737  0.51592519 -0.2902429   0.66107415
 -0.32065224  0.64007395 -0.10078912  0.15499908  0.49233668  0.44179572
  0.43251208  0.51542282  0.42660868  0.06114861 -0.06350714  0.0838257
  0.49245774  0.04819807  0.1052144   0.38437115  0.68970845  0.61695622
  0.56785449  0.11845737  0.55714236  0.27239016  0.37198532  0.31781208
  0.50012699  0.62480397  0.50366949 -0.13248506  0.26178422  0.5550429
  0.48783692 -0.32684662  0.67626937  0.25640771  0.67991484  0.55014964
  0.11424302  0.71582081  0.42912719  0.49387899]","[ 0.71659248 -0.21612524  0.57355197  0.22045201 -0.05714704  0.12084906
  0.75281779  0.54196474  0.5309577   0.49691118  0.18428339  0.34093058
  0.31236577  0.07967272  0.45052153  0.59614008  0.34027631  0.09849971
 -0.09988902  0.2927119   0.57098456  0.64247987  0.20280342  0.31754912
  0.471316    0.42967941  0.55161188  0.43451676  0.20851185  0.25999823
  0.42477815  0.17174134  0.4699562   0.61240714 -0.24362889  0.34324864
  0.55534894  0.01766835  0.85102119  0.71422328  0.29435992  0.71398821
  0.41558769  0.56188865  0.65590902  0.18907999 -0.40325412  0.5802812
  0.63551699  0.20402778  0.08080762  0.36624961  0.57314691  0.2690501
  0.67335686  0.53364246  0.32076278  0.75552802  0.08890911 -0.33188823
  0.14427995  0.47889401  0.5039086   0.55839642  0.0157829   0.74383364
  0.17363154  0.45932729  0.49589757 -0.01927544  0.65850953  0.17517259
  0.57084997 -0.47020142  0.71524032  0.58985405  0.15131009  0.48988875
  0.05455003  0.15510399 -0.25040402  0.42346755  0.62728587  0.64509959
  0.69657861  0.47685542  0.65857142  0.84083093  0.36886203  0.74628894
  0.54075769  0.13398278  0.12246523  0.29630088]","[ 0.29460738  0.50358095 -0.15305153  0.25508088 -0.09317908  0.11756823
  0.6200057   0.39224216  0.35424561 -0.06126585  0.59031737 -0.12192051
 -0.26533935 -0.17648118  0.21190492  0.36906425 -0.56489335  0.35303139
  0.32810778  0.25857537  0.51686987 -0.0869142   0.34766413  0.36551298
  0.30345637  0.31590151 -0.0916223  -0.36669541 -0.3154854   0.18829116
  0.34465605  0.16471374 -0.19366025 -0.15957405 -0.41255314  0.48825887
 -0.18869629  0.178877    0.3826938   0.07347329  0.33136005  0.47238788
  0.25300312  0.35079345  0.70361129  0.40820081  0.12472255  0.27391875
  0.45467483  0.75127631  0.26027078  0.32983365  0.25203894  0.03701898
  0.32305502  0.45609306 -0.14651231  0.49641698 -0.21832381  0.31919526
  0.44504198  0.11803924  0.41485975 -0.076048    0.55979789  0.2538084
  0.48740564 -0.55707544  0.08859988  0.45254734  0.58620704  0.48607945
  0.05432485  0.43954409 -0.07520257  0.4388332   0.14712198  0.7792529
  0.31445862 -0.1813141   0.46710932  0.45148155  0.04330936  0.1688012
  0.75719321  0.45143537  0.2213898   0.76138762 -0.07192844  0.43253828
  0.41758708 -0.1889337  -0.10539521 -0.14769144]","[ 0.38294868  0.46879633 -0.30474852  0.32570306 -0.25162077  0.40677265
  0.1222802   0.16232248  0.56938571  0.07109953  0.69283774 -0.17825873
 -0.20814921  0.36842282  0.24357231  0.48366948 -0.22076073  0.25362395
  0.4396667   0.15437681  0.20937506  0.47120551  0.36161833  0.2238955
  0.30033228 -0.28797124 -0.31389063 -0.58003737  0.23490492  0.27713631
  0.58808791 -0.13473844 -0.12946927  0.33760092  0.50262341  0.64221989
  0.04173989  0.41348017  0.21979444  0.01685887 -0.04783781  0.65238272
  0.28777429  0.41621056  0.69927411  0.45021311  0.3728839   0.29121529
  0.36039593  0.57129943  0.36670361  0.35334615  0.5383221  -0.34327171
  0.59939132  0.39890177 -0.14077966  0.21976053  0.21424569  0.2324037
  0.35614778  0.51156855  0.24859318  0.18839421 -0.17828583  0.32268557
 -0.42681408  0.16512052 -0.37067572  0.10141094  0.48010621 -0.2777538
  0.51748685  0.18709647  0.2406491   0.24549762  0.18742142  0.68222594
 -0.33321445  0.16135537  0.41584014  0.7301157  -0.23346361  0.17279613
  0.72447362  0.3312746  -0.42133093  0.5999122   0.43451922 -0.6067541
  0.49244974  0.40862705 -0.07178208  0.60806377]","[-3.65598061e-01 -2.32609747e-02 -2.96602311e-01  3.81052242e-01
  3.99951239e-01 -3.45791131e-01  7.37725244e-01  1.81841433e-01
  4.65595322e-01  4.72853802e-01 -3.65627845e-02  3.68948611e-01
  4.41113089e-02  3.78059595e-01  5.45591045e-01  4.53333538e-01
  3.63259645e-01 -9.98580653e-02 -2.46877474e-01  1.00571112e-01
  3.30352466e-01  2.06178387e-01  5.20561562e-01  8.31450003e-02
  2.93844841e-01  4.22476577e-01  6.01576492e-02  4.43639151e-01
 -3.70232445e-01  1.31246568e-01  4.41423780e-01  1.27332052e-01
  2.40487879e-01  5.65952186e-01  1.03455416e-03  6.00575334e-01
  5.65269470e-01  2.71421488e-01  7.56699537e-01  9.81931681e-03
  1.83770149e-01  2.66889932e-01  3.58521464e-01  4.35583331e-01
  5.55812296e-01  4.61327979e-01  7.07872314e-01 -3.77011981e-01
  7.91173345e-02  1.50092016e-01  4.20116882e-01  6.91180212e-01
  2.45129374e-01  4.06420064e-01  1.09952175e-01  3.61333423e-01
 -4.26208971e-01  3.80816345e-04 -3.97761704e-01 -2.45851720e-01
  2.62951183e-01  2.84216882e-01  3.66214473e-01 -4.16065313e-01
 -2.25484978e-01  2.96743290e-01  2.11966631e-02 -3.97985538e-01
 -2.45174696e-01 -4.47220158e-01  3.05415524e-01  1.62346619e-02
  2.70507714e-01  2.12963565e-01  1.52583979e-01 -1.85908187e-02
  3.71405845e-01  5.93542491e-01 -1.39988812e-01  4.81688722e-01
  2.51137444e-01  4.51400819e-01  1.77205601e-01  3.02538887e-01
 -1.72345488e-01  5.51696223e-01  4.12052821e-01  2.04251980e-01
  6.60590378e-01  5.86825284e-01 -1.31162587e-01  5.76646276e-01
  5.08548129e-02  3.08124077e-01]","[ 0.72804171 -0.42461575  0.66123817  0.29935938  0.46158385  0.21843589
  0.43087235  0.29214076  0.33787382  0.00217686  0.48379597 -0.27351846
  0.64301422 -0.11734716  0.48474404  0.28047886  0.30051037  0.09979049
  0.60322623  0.56909245  0.35504473  0.42076995  0.10126737  0.25707823
  0.07347159  0.22450208  0.76819689  0.09215475 -0.32803626  0.10293024
  0.69257852 -0.3220267  -0.2854179   0.5722241   0.29217947  0.28298327
  0.30532532  0.18557595  0.65833915  0.53844464  0.20476106  0.58127482
  0.25279326  0.45761569  0.75428946 -0.23561865  0.25219708 -0.10350836
  0.58893254  0.69882604  0.4328934  -0.27491253  0.7075563   0.36418037
  0.0538161   0.63144862  0.24971279  0.74526075  0.27104937  0.29734948
  0.50792356  0.25361173  0.49196608  0.35567694 -0.16415634  0.46996089
  0.02063767  0.39204081  0.41971402  0.30764495  0.45234019 -0.04426719
 -0.04555585 -0.03744614 -0.36167017  0.38449735  0.3691205   0.77433209
  0.31667191  0.34799572 -0.49508214  0.59634712  0.32707083  0.2305873
  0.10962938 -0.54173262  0.35009243  0.88657897  0.59080104  0.62471031
  0.55822973  0.35689362 -0.2906657   0.52269637]","[ 0.33886701  0.33823631  0.45597294  0.22421235  0.51726239  0.41248536
  0.31377596  0.29148412 -0.31993864 -0.14996728  0.11243793  0.1403032
  0.29162893  0.39602953  0.43637899 -0.14021079  0.50531359  0.52713695
  0.46679765  0.26863761  0.42401934  0.3387821   0.15701162 -0.46946767
  0.81963957 -0.08565657 -0.07537352  0.16237044 -0.23239102  0.42471455
 -0.2109797  -0.07048376  0.23669777  0.31178103  0.29946782  0.35980854
  0.30026509  0.43277634  0.40155223  0.39796775  0.19500818 -0.05920779
  0.35017828  0.14082755  0.7309719   0.43204701  0.44769619 -0.00162049
  0.44351386 -0.38843906 -0.32557679  0.10061931 -0.43669352  0.25967369
  0.04233135  0.42943564  0.05726773  0.18243026  0.09454191  0.30952227
 -0.03761837  0.26126735  0.27867418  0.24280733  0.58065194  0.17638269
  0.03223725  0.53786945 -0.17710769 -0.10507188 -0.06722758  0.48213804
  0.2376806   0.43715004  0.52298381  0.05230219 -0.29764502  0.07489721
  0.47682816  0.70211477  0.28692002  0.21597415  0.30658295  0.47533918
  0.27612864 -0.39215313 -0.53713354  0.60376862  0.20054926  0.69371177
  0.28418686  0.07662161 -0.07433923  0.18992264]","[-0.142452    0.60106415  0.60165155  0.38688186  0.61981481 -0.08798561
  0.62729576 -0.0981378   0.05184901  0.10110793  0.35940004  0.24807763
  0.32241284  0.42039443  0.3695858   0.06490531  0.51344976 -0.0027233
  0.42645813 -0.13934738  0.29845843 -0.40070009  0.26462692  0.45892515
  0.47469707 -0.1491723   0.48832245  0.27455763 -0.2778043   0.07734099
 -0.12393367  0.01492325 -0.05001984  0.51712672  0.13947061  0.15664616
  0.28293567  0.40348992 -0.01694677  0.61552985 -0.03466091  0.10254684
  0.47881799  0.11197163  0.44364358  0.27350491  0.09025987 -0.0462764
  0.4596457  -0.19834945  0.21987686  0.45508331  0.37499261  0.19846594
  0.25594177  0.42108494 -0.12539376  0.55418434  0.2941321   0.21290048
  0.18689407  0.17063732  0.26160945  0.46949791  0.19221747  0.51409642
  0.57563333  0.15318474 -0.350062    0.06580493 -0.67840741  0.50811842
  0.71480893  0.171443    0.22130061 -0.02508951  0.3932351  -0.42157628
  0.25925997  0.61931186 -0.11705589  0.06631671 -0.2948891   0.11199104
  0.31691361  0.57907939 -0.4063255  -0.48692411  0.61125478  0.59902865
  0.46091544  0.44159129  0.17029274 -0.04734295]","[ 0.4724121  -0.27618855  0.33708016 -0.24972499  0.25851592  0.32458567
  0.18028785  0.22629201  0.3781805  -0.18386845  0.45480067  0.4651764
  0.49378638 -0.34200963  0.49065915 -0.54350613  0.00145122  0.31736363
  0.14742693  0.24184069  0.43217721 -0.08974738  0.1269961  -0.42769845
 -0.5143137   0.08944069  0.75603399  0.193156   -0.37271336 -0.20441466
  0.67927093  0.15107968  0.4978976   0.58497398 -0.28112088  0.59407341
  0.06201597  0.37154641  0.549152    0.57756983  0.24684597 -0.13861434
 -0.55163928  0.30545828 -0.48448635  0.12737267  0.27257159 -0.23124994
 -0.16902974  0.58534261  0.25988099 -0.16786341  0.49849607  0.31159761
 -0.09376388  0.50405032  0.19405684  0.67961297 -0.2435786   0.37346021
 -0.34649696  0.42453367  0.50297069  0.18889297  0.18344867  0.24254375
  0.01956823  0.11195981  0.17054977  0.25708096  0.37098899  0.29498406
  0.16163155  0.02008966  0.43513503 -0.18384886 -0.14714027  0.42351314
 -0.01361138  0.38176995 -0.12905964  0.61011123  0.13694948  0.62501586
  0.19639761  0.24771425 -0.27125022  0.22067494  0.58083326  0.52123529
  0.66122597  0.3570413   0.60729792  0.36069836]","[ 0.46383761 -0.04012118  0.16054926  0.27594887  0.16856915 -0.04023226
  0.45319721  0.61508876  0.18281209  0.574353    0.58647671  0.54132375
  0.25871558 -0.34820148  0.48124242  0.27028945  0.37503394  0.16853681
  0.13586415  0.42734632  0.48380223  0.11681557  0.33595548 -0.19755999
  0.66980345  0.36224406  0.73198131  0.41627883  0.22371551  0.36881846
  0.10098103  0.22274875  0.31282734  0.14414108  0.33090073  0.48009563
  0.41859241 -0.26434618  0.68288257  0.41540767  0.13794732 -0.02954133
  0.43348909  0.37024801  0.04652987 -0.32074697  0.60185504  0.30761616
  0.17543465  0.3439483   0.2478833   0.22709124  0.60359656  0.35304224
  0.12127767  0.48736343 -0.19339736  0.19790376  0.07844071  0.2510654
  0.41009221  0.35421795  0.52646086  0.26026943  0.08487032  0.44129718
  0.41365874  0.18665927  0.33960301  0.35367928  0.20448448 -0.28219679
  0.72948292  0.16398542  0.5900563  -0.01105575 -0.07262371  0.61173737
 -0.22556255 -0.13877646 -0.44441935  0.57326135  0.58758168  0.26882135
  0.33091594 -0.54792092  0.42816541 -0.31867614  0.5386397   0.3178133
  0.53564297  0.11284722 -0.27283952  0.68151323]","[ 0.68388659 -0.06246093  0.36511559  0.18828869 -0.3080385  -0.14880604
  0.47690659  0.63060916  0.57212587  0.50355947  0.41185909  0.53738544
  0.62989959  0.07334573  0.47824671  0.40506664  0.43707536  0.64741093
  0.35687614  0.55215345  0.32346382  0.44146391  0.09594212  0.37050542
  0.46446475  0.5640982   0.77940373  0.3413247  -0.08560035  0.05923319
  0.65172293  0.57694957  0.309876    0.54283291  0.52258476  0.40921854
  0.04213056  0.84132071  0.72131081  0.38138856  0.73697616  0.01531693
  0.59685093  0.60225732  0.78424676 -0.153785    0.34164868  0.38697416
  0.11520527  0.65843431  0.6200731   0.54264543  0.72654329  0.33728538
  0.58563459  0.63569792  0.21894116  0.75394958 -0.17377405  0.48719472
  0.39608252  0.52469739  0.59069451  0.62724567  0.45089169  0.46660287
  0.4507591   0.76617592  0.62969391  0.30209025  0.46999279  0.52718468
  0.59477603  0.50451297  0.49100119  0.14278378  0.2523048   0.73941032
 -0.52635342  0.38982535 -0.61313633  0.62936698  0.49893902  0.63053948
  0.68690134 -0.52049755  0.33883324 -0.63694808  0.73823031  0.46208417
  0.55523643 -0.40773425  0.09651543  0.66597366]","[ 0.53491364 -0.02964213 -0.37033698  0.72396949  0.5719406   0.75438134
  0.8289337   0.48743698 -0.174955    0.49621888  0.74427644  0.75024627
  0.01111964  0.43003794  0.01087599 -0.06288844  0.76708545 -0.09901827
 -0.4082712   0.35205688  0.49069224  0.51613004  0.48590001 -0.42178033
  0.38208966  0.63647872  0.45005395  0.62428522 -0.40318714  0.52748543
  0.4327427   0.46214133  0.4131102   0.76476401  0.12905457  0.71889652
  0.51730509  0.83471292  0.71554414  0.05375301  0.30450718  0.16473749
  0.62791161  0.28259561  0.33330011  0.24224563  0.61760403  0.70631934
  0.44885052  0.54585708  0.04983057  0.6274811  -0.15938288  0.71851648
  0.27466377  0.52416623 -0.27542069  0.50132946  0.40642467 -0.02610702
  0.35057076  0.73018209  0.27803324 -0.46551155  0.26252175  0.38255506
  0.36735861  0.5240653   0.27322705  0.7549012   0.52375848  0.43367975
  0.75807982  0.37375402  0.82034052  0.25078918  0.67309497  0.65536048
  0.15766096  0.09246705  0.62667709  0.35578182  0.54838409  0.39506936
  0.69438795 -0.25765992  0.57261466  0.50467014  0.60871878  0.75588779
  0.19581785  0.37701659  0.47559365  0.61181329]","[ 0.51259437 -0.24033533  0.3804867   0.63214734  0.46430752  0.56626629
  0.69818137  0.25689971  0.55656716  0.69781741  0.58187549 -0.15555686
  0.45722004 -0.23764437  0.41078097  0.38198294  0.24975797 -0.07370429
  0.43848549  0.3615669   0.55954368  0.54536892  0.1871989  -0.28191755
  0.45065499  0.41287707  0.58875946  0.46841144  0.28931592  0.31871654
  0.80583328  0.20660554  0.45767468  0.74453965 -0.02794563  0.50643211
  0.62987367  0.00734719  0.72292618  0.41516134  0.46615302  0.3362105
  0.15984012  0.57377332  0.53176536  0.07326501  0.63469738  0.46791224
  0.36483169  0.39691032  0.24823618  0.56773794  0.29462755  0.54607155
  0.32192635  0.63619548  0.1973006   0.69627756  0.58912465 -0.19967948
  0.62326224  0.03626475  0.64781099  0.60073638  0.50341329  0.55489016
  0.31189374  0.50770178 -0.12536982  0.49218699  0.67141396 -0.02909806
  0.56840826  0.55262202  0.6674102   0.51410222  0.34079312  0.59169372
  0.29827624  0.22235549 -0.13103268  0.31499964  0.61159508  0.64695915
  0.48522077  0.52953924  0.51738154  0.70163056  0.68435988  0.80193084
  0.57986102  0.28347737 -0.08676156  0.40007349]","[ 0.75349943  0.55196628  0.51556219  0.6993336   0.71982578  0.61874413
  0.67920302  0.32554701  0.36926851  0.52715055  0.57729862  0.72145744
 -0.25371802  0.45415146  0.55714533  0.0149715   0.65450912 -0.37319289
 -0.14067441  0.00912221  0.59207604  0.39959552 -0.01800062 -0.13709528
  0.40234193  0.5208554   0.61034092  0.54540995  0.06234391 -0.04589697
  0.54935764  0.56706418  0.39864847  0.62405376  0.27032146 -0.19925086
  0.50099454  0.25548929  0.60305881  0.65542729  0.1628584   0.23856521
  0.55107404  0.68510191  0.04993697  0.27415578  0.61363352  0.44852589
  0.06766704  0.00806885  0.40571354  0.53208655  0.34647398  0.54410435
  0.39924203  0.60973615  0.36988941  0.39698079  0.52437541 -0.37614006
  0.06852882  0.59807655  0.50213192  0.35401614  0.54176124  0.62428042
  0.48773299  0.65280795  0.21950998  0.37227228 -0.00888283 -0.5264989
  0.70479807  0.29701315  0.79387238  0.09652577  0.37126207  0.3662934
  0.1751594   0.27183914  0.20486745  0.38201796  0.35071564  0.53330335
  0.44987482  0.74903334  0.47905933  0.07676085  0.53528493  0.66884139
  0.6560735   0.7119912   0.4277427   0.56153754]","[ 0.55013841  0.4343452   0.54901418  0.65001463  0.5692552   0.62220602
  0.67176629 -0.03229267 -0.33081423  0.43233488  0.53581625  0.252618
 -0.52852472  0.46133921  0.52901446 -0.28524497 -0.13693456 -0.35616592
 -0.16550934  0.09272335  0.46911304  0.29460143  0.22885295  0.04777816
  0.60030646  0.45767786  0.37987458  0.574222    0.08411565 -0.28639694
  0.2758625   0.41916068  0.52108341  0.67046429  0.11927209 -0.13576357
  0.63219405  0.27850548  0.21196643  0.14162279  0.08114916 -0.06210252
 -0.12286304  0.4456186   0.49087202  0.01416206  0.60117565  0.61484781
  0.44214305  0.24696217  0.45959115  0.15067932  0.22641862  0.37663049
  0.57647055  0.48159079  0.25400573  0.21830526  0.23479043  0.36616396
 -0.23277824  0.02278513  0.48990312 -0.2398515   0.55108431  0.2547907
 -0.0151315   0.46479717  0.15742154  0.5959163   0.02817038 -0.26100945
  0.46649144 -0.12176909  0.75543698 -0.22023049  0.21952599  0.32603364
  0.38566393  0.20084007  0.07519598  0.19500673  0.12766934  0.68750196
  0.27233054  0.78104189  0.38663219  0.60476833  0.62290857  0.52090597
  0.37179102  0.6688945   0.44845592  0.48592797]","[ 0.58326814  0.27662224  0.20148026  0.63611931  0.63141176  0.68689491
  0.66601864 -0.03621731  0.03897018  0.50904244  0.56653583  0.16896837
  0.54300596  0.52722548  0.61475601 -0.15949413  0.43535362 -0.43870768
  0.1148792   0.27831652  0.57135762  0.5448071  -0.12480753  0.11421596
  0.68745744  0.5557337   0.46540613  0.54853177 -0.01123496  0.27329637
  0.60793894  0.56423828  0.3047311   0.66483843  0.02454591  0.49541668
  0.53247684  0.45564746  0.61595442  0.48526584  0.324       0.14942685
  0.30701166  0.64546667  0.52774123  0.3331418   0.7374637   0.54105354
  0.070523    0.27225371  0.23115207  0.58605763  0.35016651  0.511507
  0.25017586  0.48274398 -0.26333422  0.52812683  0.67007509  0.2912109
 -0.05698923  0.48150562  0.52909318  0.33202291  0.30731632  0.57261746
  0.14186511  0.44939689  0.3754275   0.72935941  0.46898631 -0.33257538
  0.64832983  0.17942505  0.62170244  0.17184585  0.35924511  0.54514027
 -0.19376357 -0.52777171  0.13076665  0.32365501  0.42170624  0.66474354
 -0.36756834  0.3862652   0.42741539  0.45448089  0.4830136   0.57470451
  0.62265988  0.73697974  0.17179808  0.45668006]","[ 0.62304546  0.58219419  0.10462421  0.59079557  0.55680488  0.33305728
  0.75182565 -0.04039779 -0.0761012   0.45895293  0.6479884   0.25486403
  0.48491016  0.6789402   0.32141329 -0.41667825  0.50395161 -0.16752277
 -0.05214334  0.45420637  0.53025771  0.3033137  -0.34396533  0.1132913
  0.64013094  0.57382015  0.00105512  0.30077223 -0.5005723  -0.06081889
  0.32323278  0.47023748  0.69188632  0.69105551  0.0518896   0.12660972
  0.5382546  -0.40833886  0.39313672 -0.20912814  0.36182798  0.6210915
  0.22280397  0.47992005  0.11983283  0.1356198   0.51720564  0.33861922
 -0.30443631 -0.2130036   0.31387405  0.43566969 -0.12707139  0.5275864
  0.07984964 -0.27357088 -0.46303066  0.54204475  0.11565415 -0.53829887
  0.2609827   0.35551901  0.4692273   0.49999112  0.32261986  0.64049839
  0.60277187  0.2467084   0.37400427  0.64483552  0.35216537  0.02568067
  0.66269583 -0.06434354  0.14006932  0.59389664  0.24491715 -0.05790808
 -0.02567782 -0.15154162  0.27593645  0.3062996   0.15791334  0.36140577
  0.0815513   0.8088352   0.23761949  0.27691924  0.41042495  0.51327966
  0.51285421  0.74662179 -0.02248606  0.31848717]","[ 0.66848498  0.25816745  0.56136646  0.37707856 -0.09822349  0.15072001
  0.7999026   0.31029818  0.36914413  0.74177315  0.64939976  0.62873545
  0.57063808 -0.070791    0.40945751 -0.17061988  0.387509    0.12122591
 -0.3404142   0.11330822  0.53723266  0.5007164   0.50046447  0.19538843
 -0.56214942  0.0848597   0.17564381  0.18927845 -0.49271689 -0.10280037
  0.73636039  0.35120602  0.46171309  0.66383729  0.40620841 -0.34958126
  0.55844166  0.08484375  0.4761632   0.54392477  0.5219207   0.1233934
  0.62777272  0.45032228  0.16796803  0.21942092  0.39506032  0.46438324
 -0.22344101  0.32155675  0.29240917  0.59537511  0.12135088  0.57032833
  0.113272    0.56879262 -0.53272866  0.62905951  0.39721684 -0.18575904
  0.06587889  0.46730319  0.50913587  0.40821655  0.47538857  0.79608822
  0.43031793  0.4126494   0.00383871  0.38591864  0.31994797  0.40303264
  0.6730572   0.12072821  0.35235663  0.12168012  0.1808895   0.63227226
  0.24778756 -0.01302531  0.42550308  0.45352156  0.06765979  0.60066914
  0.3235942  -0.01789469  0.41704831  0.4511761   0.68871088  0.67282434
  0.23154784  0.65614691  0.19110683  0.58769   ]","[ 0.56838334  0.0991848   0.35038445  0.57941312  0.48878499  0.33471097
  0.79546888  0.47105468  0.24630749  0.57079443  0.5316352   0.42172848
  0.1632758   0.45617509  0.58073435 -0.05831101  0.54757603 -0.49994636
  0.05130532  0.14190047  0.65024426  0.20547682  0.70039835  0.19625983
  0.36378545 -0.05409131 -0.04087818  0.46104628  0.67195699 -0.33855612
  0.16034785  0.37160231  0.42391336  0.55687356  0.36859442  0.30797135
  0.60772955  0.12798659  0.71533506  0.48861995  0.3095898  -0.02649137
  0.67355346  0.34339632  0.19101845 -0.13752808  0.41081816  0.64963893
 -0.1317489   0.32495953  0.55947576  0.54292451 -0.3876081   0.40141603
  0.3871585   0.50338254 -0.02687015  0.25788059  0.15901099 -0.20129881
  0.27191595 -0.08656175 -0.08330004  0.200974    0.65647546  0.3990575
  0.24501667 -0.31067358 -0.39857488  0.50015931  0.12940328  0.51809221
  0.63450761  0.15697602  0.25681613  0.3172652  -0.14602153  0.34454745
  0.57769077  0.26510849  0.34656086  0.34711382 -0.02846152  0.51467227
 -0.27378275  0.45321169  0.43920822  0.13502954  0.58331135  0.57363546
  0.51336875  0.38156659  0.33519436  0.26340346]","[ 0.4370573   0.07280163 -0.27898466  0.74562517  0.07553163 -0.0359748
  0.78207967  0.34913889  0.26395345  0.01817691  0.35130749  0.44849497
 -0.45934049  0.32645081  0.61145649  0.28220211  0.65433041 -0.24088659
  0.3807335  -0.37154503  0.46557921  0.08980051  0.51821972  0.0341959
  0.22835602  0.29065184 -0.16536902  0.51750542 -0.44089669 -0.38040398
  0.33344673  0.41835674  0.45810737  0.68866141  0.14292745  0.21093487
  0.51480227 -0.11194578  0.67912147  0.35778866  0.29085829  0.04810954
  0.63178917  0.3563604   0.27632059 -0.08335583  0.43560471  0.29218244
 -0.14941608 -0.13767593  0.40617344  0.54868878 -0.31708265  0.27451677
  0.14207551  0.44126993 -0.58859112  0.2448798  -0.04443217 -0.02650962
  0.19787088  0.51594754  0.4087486   0.5005565   0.61388275  0.69339546
  0.04302398 -0.4014006  -0.39670121  0.66298743 -0.04145725 -0.06360684
  0.36675205 -0.04979593  0.50824883  0.30138527 -0.12827384  0.48980572
 -0.12476994  0.30934883  0.42553443  0.20169944  0.24427105  0.56977631
  0.23048145  0.70387293  0.38987791 -0.18483124  0.75257414  0.61608851
  0.57668268  0.62431698  0.30991687  0.47477306]","[ 0.21021977  0.10173798  0.32152894  0.06481246  0.14005933  0.01634392
  0.7471561   0.63998127  0.23072589  0.49964884  0.12393801  0.20251191
 -0.36829055 -0.15226068  0.45100955  0.40751598  0.63412928 -0.38436035
 -0.23766005 -0.33056029  0.44628926  0.22231735  0.36550044  0.05276687
  0.68265264  0.37706237  0.38684939  0.44538214 -0.37737708  0.24147943
  0.31696729  0.38579193  0.51461726  0.65615453  0.0488846  -0.27459339
  0.1146769   0.10967543  0.46451202 -0.19873727  0.39664745 -0.38993921
  0.5553969   0.21621596  0.27212711 -0.28741884  0.6634541   0.15507746
 -0.22836477  0.00369656  0.44344897  0.11455593  0.15715114 -0.2284594
  0.09231851  0.45730274 -0.4367139   0.20536917 -0.0987161   0.35889394
  0.10197843  0.55599937  0.38111604 -0.21500143  0.3808773   0.67252514
  0.24541062  0.41146345  0.43784647  0.19126405  0.188547   -0.10331224
  0.66409296 -0.28115308  0.25431175  0.05071928  0.07249339  0.49710255
 -0.34869167  0.31981852  0.29031751  0.21553545 -0.07461001  0.154583
  0.14775404  0.22949313  0.34720622  0.59208533  0.45413701  0.32254759
  0.18690163  0.57098974  0.27363445  0.27873616]","[ 0.63825331  0.61378214 -0.34558911  0.52756538 -0.45926839 -0.072764
  0.52566647 -0.0746      0.52406394  0.57784825  0.44190576  0.106086
  0.27198805  0.36505737 -0.03047683  0.27968064  0.3573643  -0.20723672
  0.29862305  0.55782817  0.2113532   0.10083823  0.34067013  0.51882688
 -0.49384483  0.60298591  0.71226934 -0.24037187 -0.24879217  0.2708179
  0.46894522  0.16151967  0.41451723  0.38375641  0.16578429  0.33413879
  0.1867181   0.34647903  0.38149878  0.45894496  0.19013839  0.65055842
 -0.0668054  -0.37892159  0.33840685 -0.13373373  0.12078639 -0.07398614
  0.47043557  0.65851717  0.46698534  0.39045259  0.53874879  0.3347805
  0.50181123  0.43423061  0.46494425  0.50118274 -0.13572312 -0.37423719
  0.36995222  0.60300124  0.62146674  0.46014585  0.46477693  0.35000812
  0.38741001  0.47590487  0.4233458   0.46324297  0.26086776 -0.05235911
  0.25648466  0.26992171  0.34047114  0.09323418 -0.05874799  0.75548177
 -0.19667951 -0.52945439 -0.38616571  0.64245911  0.12642689  0.10211295
  0.38027197  0.26048929  0.54779388  0.52281969  0.63899038  0.15325184
  0.61127179 -0.07435748 -0.13969598  0.2966437 ]","[ 0.75424945  0.71450135  0.37698414  0.66984217  0.22960644  0.16749884
  0.22688808  0.51214907  0.65659624  0.53620905  0.75870955  0.45413399
  0.64810174  0.3999154   0.59223323  0.40301104  0.6232972   0.58714873
  0.53670102  0.59584116  0.44544572  0.60106341  0.53928895  0.67050879
  0.22594153  0.64074443  0.79989276  0.41458517  0.04520146  0.69994842
  0.57508474  0.34615202 -0.17599669  0.46669505  0.62363975  0.65278323
  0.30379689  0.44311261  0.59799091  0.62143298  0.47276464  0.54152032
  0.04810357  0.47839223  0.71344922 -0.26653895  0.31196541  0.4398462
  0.65832244  0.84338535  0.56045157  0.30398223  0.60615245  0.44786521
  0.45969278  0.19141325  0.41195302  0.6023124   0.19827809  0.54792938
  0.54835643  0.71760007  0.65430183  0.45277737  0.63649033  0.62021381
  0.52977521  0.50466943  0.63909252  0.48079128  0.45332416  0.41086644
  0.46331992  0.56193667  0.41948046  0.31243202  0.55842936  0.65700482
  0.48996788  0.73407955  0.13652089  0.81591486  0.31531751  0.45656402
  0.51123182  0.71548135  0.52374783  0.59172626  0.65540969  0.64055943
  0.66186789  0.26700208  0.38348675  0.56947203]","[ 5.95345849e-01  1.54641133e-01  1.32118976e-01 -3.62239888e-01
 -2.86415371e-01 -6.06553491e-02 -2.65592762e-01  2.41723462e-01
  3.39847261e-01  9.71150390e-03  6.50955263e-01 -1.80643775e-01
 -3.04981011e-01 -1.31851718e-01 -2.56500549e-01 -4.54477784e-01
 -2.42230111e-01  2.19490880e-01  4.21854426e-01 -3.78682821e-01
 -1.77892267e-01  1.54233550e-01  1.97888451e-01  4.41189199e-01
  3.00135061e-01  3.29879202e-01  4.75978563e-01 -2.28277070e-01
  5.05257917e-01  1.84380441e-01  5.14570570e-01 -8.76456290e-02
  2.51878410e-01 -9.95543360e-02  2.54145451e-01  3.85757959e-01
  2.07173335e-01  2.38750379e-01  2.17248659e-01 -1.49638641e-04
  1.89036593e-01  3.41807105e-01  2.83129065e-02  2.57346923e-01
  3.60768390e-01  4.13016692e-01 -1.80103164e-01 -5.50023385e-01
 -1.25719458e-01  7.18598513e-01 -3.58581469e-01  3.52884478e-01
  4.63647868e-01 -1.88682395e-01 -2.39475627e-01 -3.72178788e-01
  2.29077105e-01  3.86871979e-01  3.27668830e-01  2.03369329e-01
 -3.89389966e-02  5.28740765e-01  4.05886242e-01  1.45935356e-01
  1.61165882e-02  1.05125683e-01 -1.07341331e-01  3.62845793e-02
 -2.45373167e-01  3.00552122e-01  4.86423042e-01 -2.54292627e-01
 -4.06253602e-01  2.17242902e-01  1.64354235e-01  7.89571351e-02
  2.62127401e-01  4.57582494e-01 -7.45663395e-02 -3.42518901e-01
  4.21984402e-01  3.23085203e-01 -4.41510319e-01 -5.91521688e-01
  1.24426237e-01  1.71879181e-01  6.62328603e-01  4.88542614e-01
  5.35463370e-01 -2.76621865e-01  4.29127162e-01 -5.17057056e-02
 -4.35610139e-01  2.10357629e-01]","[ 0.81374853  0.68332561  0.39674657  0.62868481  0.12202031  0.50200161
  0.47845691  0.2429119   0.5135136   0.44929011  0.82465245  0.47961213
  0.19865981  0.44817907  0.51590448  0.40302275 -0.31801542  0.4307158
  0.73159436  0.48136261  0.31557775  0.58812256  0.34657981  0.58598135
  0.3063222   0.49063885  0.62649287  0.0667697   0.33814373  0.59658593
  0.3516771   0.42027154  0.22127433  0.33748585  0.57330249  0.70394851
  0.1093629   0.57597577  0.66078206  0.50415578  0.1509617   0.44933335
 -0.37222951  0.36757438  0.6213868   0.06298097  0.28261538  0.4177709
  0.5432544   0.85003324  0.37548726  0.06893595  0.55043432  0.57470774
  0.45668159 -0.13948902  0.04227895  0.24680881  0.15635328  0.07869153
  0.31943997  0.65355529  0.50497352  0.6327564   0.34027865  0.638567
  0.60903442 -0.21584122  0.65724919  0.40569759  0.23325394  0.12348681
  0.80402806  0.12043531  0.11527308  0.04299071  0.22516157 -0.01087528
  0.12560801  0.4675111   0.13734622  0.59560055  0.09917725 -0.22041764
  0.47763594  0.75407972 -0.3294358   0.43812439  0.44339678  0.46909691
  0.69276321  0.31435672  0.22972598  0.59377395]","[ 0.51706355  0.62891497  0.46502241  0.3281266  -0.10662732  0.15902591
  0.44436356  0.68197074  0.66788436 -0.35772436  0.7070717   0.41992234
  0.72480464 -0.71150159  0.42230364  0.21050038  0.57656625 -0.15844344
  0.26173576  0.48043592  0.60513183  0.52837374  0.59608727  0.56844696
  0.30216468  0.65103961  0.73929726  0.39998742  0.12444055  0.6707939
  0.39443316  0.3853828   0.15570599  0.60979992  0.55573036  0.53465509
  0.46704138  0.54905821  0.79575616  0.60225421  0.51501851  0.33055762
  0.20838147  0.31562944  0.6749177  -0.3783471  -0.17360934  0.08102895
  0.60170944  0.70599058  0.55642946  0.4069517   0.14662838  0.37917187
  0.54394499  0.3051576   0.51203481  0.80228857  0.54365098  0.50829677
  0.4010303   0.7963762   0.64856252  0.59615762  0.57408446  0.69012223
  0.43836619  0.37871217  0.19796345  0.76282173  0.31145404  0.69129699
  0.50153214  0.60422065  0.13231753  0.4109738   0.53999824  0.51873319
  0.44185776  0.67906122 -0.12607429  0.8334751   0.38961219  0.4530272
  0.48077041  0.68662663  0.28463623  0.54392102  0.6637089   0.68508442
  0.35942314 -0.12848706  0.14847877  0.02008477]","[ 0.80284952  0.30963138  0.54457848  0.55496513  0.0848755  -0.11644092
  0.34697149  0.83614732  0.7183763   0.38369324  0.53256324  0.5907209
  0.57685613  0.30737098  0.53439392  0.64936328  0.73900122  0.19517255
  0.20256734  0.66598762  0.58353753  0.42876195  0.68402965  0.68333747
  0.73185626  0.6664617   0.84967945  0.51721296  0.63129489  0.66127809
  0.55576505  0.49044302  0.4256096   0.8281244   0.56334014  0.73448554
  0.65774299  0.6600885   0.84979139  0.64699364  0.65969214  0.48786455
  0.38625346  0.4086531   0.28570691  0.16798538  0.57061235  0.29096369
  0.71128505  0.71272393  0.73735676  0.78045179  0.48840207 -0.15580371
  0.55978219  0.5800883   0.74674173  0.85709679  0.67157508  0.64364052
  0.52995677  0.79629504  0.74657684  0.76466605  0.75778851  0.76704589
  0.60662001  0.73180687  0.63052471  0.85318865  0.68690699  0.80223703
  0.65925903  0.7746996   0.64955709  0.43531619  0.63582669  0.76996761
  0.65686919  0.56333394  0.3029194   0.89840347  0.44756244  0.49681583
  0.54139846  0.74650452  0.58957767  0.59481822  0.75273701  0.62060331
  0.1971894  -0.11228666  0.31504962 -0.28746113]","[ 0.7736687   0.63206034  0.34708679  0.7301098  -0.30316949  0.54124697
 -0.26309744  0.26074551  0.6761747   0.32589873  0.79493121  0.27174181
  0.48869091  0.37372682  0.30794746  0.34167319  0.38957902  0.31209041
  0.64923357  0.33817163 -0.26420593  0.4632211   0.35190017  0.59195355
 -0.19281597  0.58537143  0.67805733  0.27693603  0.19879493  0.57486422
  0.48287445  0.19741921 -0.27857529  0.63643927  0.64330175  0.56090917
 -0.01267325  0.48068441  0.39529757  0.37158658  0.14718318  0.56288703
 -0.46309657  0.58793348  0.62958595 -0.13164137  0.52598328  0.34140147
  0.35871553  0.86974456  0.51732719 -0.00930309  0.36635709  0.27018606
  0.4988038   0.07186628 -0.10874616  0.6211011  -0.04363929 -0.00322643
  0.32653529  0.58151298  0.49957381  0.33661936  0.40404733  0.51246293
  0.3001761   0.4439885   0.41278644  0.41147717  0.18932732  0.42083365
  0.68167155  0.33609035  0.30704344 -0.18073371  0.2953251   0.46093377
  0.33604881  0.6049488  -0.33221874  0.58575088 -0.1494979  -0.03705473
  0.47136783  0.57434414 -0.50892239  0.6556353   0.52585814  0.52194011
  0.70369163  0.31218261  0.11921905  0.36602005]","[ 0.67644443 -0.18564669  0.09406597  0.03139819 -0.09914208 -0.04038241
 -0.22185599  0.30201806  0.64787605 -0.37363937  0.36515752  0.24131994
  0.450524   -0.66038721  0.18332496 -0.01453085  0.1996656   0.0437985
  0.05057127 -0.12183038  0.10349253  0.0881082   0.30823478  0.4897343
 -0.33480531  0.41614341  0.6267724  -0.3380934   0.11656575 -0.14054397
  0.22884408  0.22509403  0.36422149  0.62569959  0.44048768  0.44012406
 -0.08003756  0.076544    0.5866204   0.41036041 -0.31976621  0.37886392
 -0.51209286  0.24015855 -0.35915755  0.22891247  0.02417228 -0.5269238
  0.48136038  0.54081462  0.27203188  0.15348599  0.14017126  0.08849128
  0.32921486 -0.13090271  0.21943978  0.69176998  0.32501912  0.36288268
 -0.01512924  0.56583339  0.56298376  0.41682564  0.4573259   0.51910679
 -0.54631081 -0.50434896  0.57915166  0.7854292  -0.09305878  0.40443487
  0.03095711  0.41050308 -0.16812246 -0.13006374  0.27444989  0.24372651
  0.13618386  0.37809439 -0.20286195  0.69129547 -0.26441403  0.39977576
  0.29521894  0.46306259  0.11939815  0.55163474  0.5398581   0.69665015
  0.02936301 -0.43830198 -0.14453447 -0.41218733]"
"[ 0.49228006  0.41630251  0.26754571  0.45007301  0.21149737  0.0528215
 -0.25375705  0.3695619   0.25996755 -0.04238039  0.24150859  0.00630548
 -0.12272963 -0.19448203 -0.242456    0.03099741  0.12159036 -0.18354522
  0.14496528 -0.03432759  0.4110217   0.43641817  0.13443469 -0.13221167
  0.0245837   0.10868973  0.46445827 -0.14341581  0.3059238  -0.44998087
  0.43618143  0.27043595  0.23707233  0.62585861  0.34781765  0.10373812
  0.35733495  0.27341012  0.44958898  0.45515458 -0.2138501  -0.02737523
 -0.52185169 -0.15586977  0.60621808 -0.21473457  0.28023799 -0.27170194
  0.16252486  0.55518049  0.09946855 -0.01319069  0.35688785  0.1252928
 -0.16922662  0.42014019  0.14187585  0.07801436  0.17475515  0.35513575
 -0.21908503  0.39235366  0.65662893  0.34958213  0.21076766  0.57965838
  0.53675087  0.17545824  0.4345645  -0.30152734  0.12450139  0.32647631
  0.18451072  0.07673029  0.01387594  0.16496244 -0.13700376  0.69861127
 -0.25419991  0.27532872 -0.0847421   0.62150672 -0.1613011   0.42302276
 -0.36020707  0.0123106  -0.22228892 -0.44890735  0.428006    0.22809673
  0.50690953  0.2232838   0.31883603  0.18800113]","[ 0.0889318   0.0143121   0.30935167  0.2405636   0.07512852 -0.24250928
  0.43934296 -0.26192499  0.24354282  0.52003926  0.23546929  0.517859
  0.20270169 -0.33438245 -0.35900668  0.21816782 -0.31209486  0.39770325
 -0.08282     0.20228884 -0.25719958 -0.17870977 -0.04832079  0.42914193
  0.59238707 -0.04517633  0.63314662  0.29838293 -0.09721928  0.41818941
  0.53676952  0.04776572  0.33088372  0.51549768 -0.19266218 -0.37817439
 -0.44072115 -0.6495217   0.40821844  0.77304665  0.21618394  0.4353559
  0.3955086  -0.10658744  0.74694401  0.51334536  0.22070248 -0.22987766
  0.05137302  0.44283612  0.13245964  0.32912881 -0.25577616  0.29919761
  0.31759801  0.00606675  0.0996125  -0.28546034  0.2699615  -0.40278862
 -0.04583864 -0.33123098  0.44411131  0.6003268  -0.03126444  0.45236029
  0.51024546  0.44707461  0.23969421  0.60182631  0.49604854  0.44614652
 -0.08106309 -0.31535387  0.41945472 -0.27557542 -0.24860447  0.7169748
  0.22217472  0.48833768  0.00863104  0.2238775   0.47646039 -0.08067743
  0.79007989  0.04674898  0.28663569  0.59061738  0.48007842  0.76522528
  0.25930964  0.09234721  0.25074117  0.08104985]","[ 0.24483572  0.46709323  0.67103036  0.30207877  0.53625385  0.03362067
  0.58580436  0.35705766  0.24877985 -0.2407163   0.4837699   0.50761177
  0.55801873  0.06916102  0.45985155  0.33535913  0.39244521 -0.02764002
  0.55647719  0.32653593  0.05699095  0.5815212   0.32542161  0.16813051
 -0.07994574  0.26458685  0.47057114  0.44943231 -0.48345956  0.0446254
 -0.16094467  0.45757838  0.4577654   0.38849446  0.53653024  0.76007979
  0.26119286 -0.00801418  0.0837967  -0.20282636  0.34531601  0.04320356
  0.47616515  0.0729291   0.38845072  0.60192772  0.67895864  0.03189664
  0.42578233 -0.09679952  0.32780277  0.45124521 -0.31711256  0.06963264
  0.41909058  0.38481984  0.0485436   0.15814808  0.11485216 -0.21399178
 -0.40278127  0.13907222 -0.08634234 -0.26191351  0.39706902 -0.03707472
  0.2261219   0.54952256  0.18823463  0.05397215  0.30629126  0.49308213
  0.17860399 -0.11292248 -0.00514465  0.24314248  0.19903755 -0.12536136
  0.55879622  0.08566652  0.04110282  0.36577395 -0.24001716  0.34303647
  0.32622663  0.46000202  0.04630917 -0.36589731  0.55419146  0.70179024
 -0.28997091  0.47286349  0.50904388  0.1505554 ]","[-0.02445441 -0.20251158  0.40276873  0.08879545  0.50380298 -0.06191194
 -0.22511431  0.17557672  0.14514957  0.31370775  0.31844241  0.35487299
  0.22193626  0.03138523  0.16274392 -0.52861037 -0.05374129  0.09750514
  0.20501668  0.2954242   0.58466152  0.04675349  0.26084608  0.50402004
  0.49690583 -0.03684584  0.35643243  0.54756606 -0.34748756 -0.16404208
  0.46047002  0.09985491  0.445085    0.31753003  0.20100434  0.24133265
  0.22770174 -0.50530299  0.0030515   0.7361563  -0.02172066  0.27202098
  0.51147149  0.29681319  0.67775077  0.24481752  0.2437662   0.54064292
 -0.08480765  0.78848334  0.43195991  0.32138708  0.5525887  -0.0759752
  0.33290983  0.56294328  0.36802237 -0.35910316 -0.20460425 -0.0958154
  0.53693514  0.25407993  0.52526261  0.68165389  0.30240595  0.22807002
  0.31234859 -0.05244801 -0.40208893 -0.06125443  0.59560326  0.60741546
 -0.29110411 -0.51208945  0.27492281  0.08655705 -0.06283325  0.32200419
  0.64967913  0.2356037  -0.20884214  0.49274215 -0.15064685 -0.34755674
  0.79307682 -0.41932863  0.01990428  0.58111982  0.59545665  0.35661629
  0.32424182  0.01443529  0.30628101  0.14846128]","[ 7.34472100e-01  2.60909141e-01  1.60315445e-01 -3.85210789e-01
  2.24318952e-01  2.51520477e-01  5.40432410e-01  4.59328498e-01
  5.22569326e-01  4.33212905e-01  5.37380931e-01  2.25124004e-01
  3.60694116e-01 -4.63580414e-01  1.96270230e-01  3.40769261e-01
  2.53453755e-02  4.74953815e-01  1.63783393e-01  5.48309236e-01
  5.21366363e-01  3.47657749e-01 -1.22482781e-01  4.40431641e-01
  5.56504516e-02  4.87950147e-01  7.49073991e-01 -3.18309392e-01
 -3.50627077e-01 -1.63506791e-01  5.50933677e-01 -2.56973830e-01
  3.43332679e-01  5.19051874e-01  1.09686074e-01  7.38785149e-01
  4.99460347e-01  5.17993274e-01  7.53211336e-01  6.23233598e-01
  1.48740081e-01  3.39045435e-01  1.85286935e-01  3.06665532e-01
  3.84420019e-01 -3.60852723e-01  6.66191503e-02  1.16398815e-01
 -1.19201095e-01  7.68814639e-01  3.33488663e-01  2.16377712e-01
  4.09787289e-01  1.17246085e-01  3.30436881e-01  5.39568774e-01
  7.57734927e-02  6.06974583e-01 -3.34639222e-01  4.28811073e-01
  3.47321313e-01  5.38031205e-01  5.29306771e-01  6.24369616e-01
  2.87677294e-01  5.34794195e-01  6.27166010e-01  4.27444086e-01
  2.94605916e-01 -2.16556312e-01  2.40167558e-01 -1.77771217e-01
  4.09846957e-01  1.62451285e-01 -8.58318334e-02 -6.52427039e-02
  7.88678406e-02  6.85333368e-01  3.31959684e-01 -2.29074085e-01
 -3.05322609e-01  6.27581185e-01  3.96198259e-02  1.66228860e-01
  4.61026448e-01 -3.83818164e-01  5.02853246e-01  5.07958763e-01
  6.43560181e-01  5.14323810e-01  4.42518622e-01 -1.01305947e-01
 -1.10821615e-04  1.40448146e-01]","[ 0.50220728  0.40146029  0.11091396 -0.3713538   0.28562281  0.13450565
 -0.30493166  0.49813784  0.40292964  0.4625461   0.47524598  0.37749454
  0.63983225 -0.13940191 -0.1391162   0.1378237  -0.28721781  0.39828571
  0.52332689  0.47657702  0.44058531  0.50918055 -0.31559595  0.44202606
  0.21173129  0.3447953   0.70535395  0.21682998  0.53475673 -0.20976243
  0.46371017  0.39411777  0.30385659  0.47274134  0.19416073  0.51285428
 -0.15791953  0.14061912  0.57658045  0.42751859  0.03815673  0.20588922
  0.49622165  0.27001397  0.15762466 -0.27455055 -0.38080381  0.44422962
 -0.02939523  0.67855057  0.56003163 -0.37517112  0.63009954  0.16152041
 -0.13881951  0.62007193  0.22342175  0.3695277  -0.00373255  0.48394835
  0.59980005  0.57520372  0.55029435  0.68217405 -0.0062405   0.48853025
  0.63665752  0.27059709  0.3782076  -0.33483427  0.18345126  0.17943933
  0.52130904  0.20133493  0.1138685   0.125251    0.18622641  0.59144547
 -0.07741549 -0.0962054  -0.49470305  0.53192293 -0.07394024  0.54988971
  0.14901857 -0.14721408  0.42399691  0.32852701  0.60122151  0.53413881
  0.52404231  0.44636184  0.0110387  -0.00076409]","[-0.21642891  0.30450512  0.50463446  0.27742381  0.58821199  0.40186706
  0.65027581  0.38565883  0.07433905  0.37467958  0.45569707  0.25900669
  0.49648626 -0.16200462  0.221843    0.24786491  0.1871596  -0.45747884
 -0.15404336  0.20836275  0.2889116   0.22517867  0.09717659 -0.03526419
  0.2780663   0.275576    0.54724085  0.55484365 -0.51119756 -0.45379046
 -0.06155338 -0.25225136  0.31644207  0.29357158  0.18444516 -0.0233711
  0.18790373  0.2587423   0.16697064  0.28104203 -0.2750219  -0.29892038
  0.29633261 -0.01709592  0.49648335  0.06043643  0.22729818  0.19368491
  0.25323428 -0.12818688  0.3355695   0.30561338 -0.23572388  0.13846968
  0.47761625  0.46956362  0.22889038  0.15539827 -0.04372003  0.3196777
 -0.04092058 -0.04104238  0.60796939 -0.48632596  0.47360038 -0.16762321
  0.43376323  0.63194924  0.14974805 -0.00909571  0.03120636  0.44263216
  0.53839761 -0.23845282 -0.03493483  0.13116732 -0.11270765 -0.32677058
  0.32934745  0.39358964 -0.10645175  0.26699686 -0.49868204  0.29550278
  0.46618688 -0.06826139 -0.03240926  0.09743223  0.40686181  0.67430628
  0.11065328  0.4258253   0.45405153  0.14497429]","[-0.24652923 -0.24663101  0.41813653  0.2267966   0.20204669  0.20997794
  0.15745026  0.12560583  0.0446405   0.06585548 -0.28047098  0.13688906
  0.18824201  0.34117826 -0.16807371 -0.04097617  0.18309498 -0.1329699
  0.59885768 -0.33332556  0.35927542  0.26894034  0.11733254  0.18334702
  0.13507654  0.09646468 -0.05761603  0.41415874  0.18091892  0.31926027
 -0.19437594  0.3568061   0.20088799 -0.17839447 -0.10842235 -0.17103106
  0.29211558  0.01202188 -0.29658609 -0.04107375 -0.05306307  0.1038726
  0.43098486 -0.03662404 -0.51951835 -0.26477583 -0.09075448  0.67420586
  0.18449689  0.54892991 -0.01863245  0.30034234  0.42333444  0.35855686
  0.10285427  0.64381965 -0.35048503 -0.05276188 -0.23169224  0.09826688
  0.56487406 -0.2286597   0.17527251 -0.10666978  0.51622615 -0.30431239
  0.01122632  0.45025382 -0.11472089 -0.20943765  0.54562376  0.42433899
 -0.16578282 -0.24359242  0.29676691  0.38715798 -0.10382226 -0.4076139
  0.25192929  0.09736171 -0.24786073 -0.23613645 -0.08997345  0.30570671
 -0.11185482  0.39439513 -0.11372704 -0.05355801  0.50281647  0.41000979
  0.5062696  -0.33861147 -0.05104932  0.25833373]","[-0.13165598  0.03916009 -0.24204366 -0.40476362 -0.05615023 -0.070202
  0.45078233 -0.142952   -0.31506684 -0.08101235 -0.53034755  0.32867228
 -0.19794731 -0.18848194 -0.34743224 -0.51502968  0.03656854  0.37956653
  0.14740534  0.23587973  0.59230342  0.32205466  0.42362885  0.08620401
 -0.09695309 -0.21794631  0.53743523  0.32304875  0.3692939   0.03376586
  0.14703409  0.15865019 -0.31505773  0.4087243   0.15965344  0.42103164
  0.36972998  0.33399089 -0.26810098  0.44988532  0.10650124 -0.04323046
  0.13691846 -0.24517371  0.61342685  0.37569523 -0.00208411  0.05330398
  0.22622969  0.50636867  0.54294404 -0.16380237  0.21342436  0.11859273
  0.24297053  0.3688066   0.27626785  0.35057594 -0.39136186 -0.29497194
 -0.07810697 -0.03566024  0.49959414  0.23896245  0.27368324  0.21460021
  0.29303659  0.29867627  0.35574161  0.12843084 -0.08894935  0.16756248
 -0.06964684  0.40240715  0.25107647  0.34849122  0.42061552  0.60535352
 -0.06026043  0.30742641  0.3091893   0.65588516  0.40013101  0.28512701
  0.65893806  0.13118589  0.47101922 -0.0468953  -0.0486922  -0.49673697
  0.08230304  0.19559018  0.2917797   0.22558199]","[ 0.25152359  0.19137165 -0.02977788 -0.33424043  0.04894455  0.35724011
  0.57155337 -0.27638532  0.12648049  0.16865048  0.29891619  0.28203397
  0.24132922 -0.36851694  0.31138485 -0.23334176  0.36094104  0.21059098
  0.0569964   0.36383812  0.46686234 -0.08632144  0.13859298  0.20186744
  0.61453527 -0.03925889  0.70546949  0.37425241 -0.18399632  0.06824233
  0.25622603  0.49481177  0.54219545  0.50359237 -0.43982797  0.31468905
  0.35128675  0.53931625  0.12124503  0.693501   -0.37096425  0.14339522
  0.13055241 -0.16157063  0.47567545 -0.30387917  0.26326741  0.55519239
  0.09410163  0.24225161  0.60257488 -0.4235257   0.05847358 -0.11798646
  0.01292334  0.56759423 -0.07442054  0.28336858  0.08062612  0.37401779
 -0.22069178 -0.04875585  0.53113494  0.67192386  0.19764269  0.44825927
  0.35704898  0.0553136   0.2104441   0.27217961  0.53230506  0.61567574
  0.06505836  0.38434409  0.2634113  -0.23492215  0.17282071  0.53448534
  0.39361741  0.16285316 -0.0190509   0.02625108  0.17701933 -0.03522713
  0.38392727  0.55564398  0.37830853  0.31411978 -0.01264202 -0.30192667
 -0.14735173  0.67369748  0.45105728  0.29093474]","[ 0.54953047  0.1508328   0.34724894  0.3175523   0.25292993  0.06178997
  0.44430714  0.26553111  0.37966177 -0.22524313 -0.1652972   0.53550774
  0.11651743  0.06482295  0.45298183 -0.17673541  0.48013094  0.55564743
  0.21386101  0.37230293  0.27337626  0.53198664  0.63235303  0.53593482
  0.23117172  0.47292044  0.58528501 -0.09829043  0.36400596 -0.07726781
  0.30937181 -0.3997378   0.26617309  0.45526158  0.49350011  0.68303229
  0.11710197  0.65921038  0.65814984  0.62193329  0.39452339  0.45936888
  0.49609032 -0.31078792  0.58526992 -0.42004502 -0.45311727  0.37210644
  0.20287304  0.74885523  0.71472065  0.4165498   0.59230487 -0.08963183
 -0.28233527  0.38499204  0.24126818  0.33687301 -0.22714521  0.26179509
  0.08470521 -0.03965845  0.47692521  0.18868183  0.38109901  0.37775179
  0.42074872  0.00464987  0.12742209  0.36492363  0.39897246 -0.46783223
  0.67009554  0.52323975  0.32026519  0.2986931   0.3612979   0.71365098
  0.56022915  0.16202793  0.20909826  0.67013052  0.12175911  0.42162582
  0.32115882  0.14393246  0.40755466  0.65513536  0.66953276  0.45702062
  0.38483906  0.15199409 -0.33524453  0.3967301 ]","[ 0.11271055  0.01400625  0.40180721  0.16385768 -0.26643049 -0.33242767
 -0.1576087   0.22251352  0.33662821  0.48032501  0.34717778  0.22883312
 -0.16752809  0.05045977 -0.36754803 -0.30864046  0.1181907   0.12324089
 -0.40312338  0.09131836  0.20869201  0.06219376  0.30975142  0.23489433
  0.56801709  0.02888368  0.72633406  0.01358043 -0.08935352  0.380667
  0.45765141 -0.13506023 -0.15463184  0.64246382 -0.41075038  0.26183624
 -0.48034563 -0.63843743  0.51601534  0.52117358 -0.01501854  0.65259336
  0.44130247  0.3281714   0.74923183  0.58395431  0.11860369  0.28408859
  0.15227482  0.54067492  0.48640506  0.14198227  0.56119692 -0.33546477
  0.45841876 -0.2845966   0.3815977  -0.49306601  0.01990304 -0.44984183
  0.15398558 -0.46752834  0.16937668  0.50785207 -0.13791046  0.34654409
  0.46460327  0.45300253  0.46617294  0.17530666  0.50626352  0.57609338
 -0.52641457  0.15021361  0.20819206  0.11464362 -0.19221899  0.59831732
  0.49237651  0.58471069  0.22724679  0.06363488 -0.02904013  0.19680812
  0.76398445  0.1633993   0.18327732  0.56011532  0.53697764  0.70200077
  0.2797239   0.1459857   0.16239142  0.18429074]","[ 0.05604979  0.40004883  0.43017707  0.65324446  0.47676262  0.24993535
  0.75389852 -0.12719192 -0.2822682   0.04344986  0.51273012  0.44505366
  0.54584265 -0.22654689  0.47879594  0.21770851  0.51163552  0.0946442
  0.58113887  0.52799834  0.18885483 -0.07368243  0.36043666  0.02589837
  0.43390243  0.21237663  0.47250397  0.63855042 -0.05922544  0.2407648
 -0.27173366  0.43810768  0.36943875  0.57295662  0.56338841  0.66232624
  0.52645062  0.51216139  0.25051869  0.00704319  0.28235611 -0.19094099
  0.36867506  0.23368419  0.64179105  0.58200255  0.52359358  0.41613945
  0.5109742   0.15264048  0.08347453  0.56014358 -0.1674034   0.54680889
  0.56574283  0.1294176   0.17663315  0.36813153  0.09709982  0.34401649
 -0.17202386  0.04169314  0.18948221  0.48643266  0.55699114  0.10337737
  0.24565492  0.72397451  0.08193849  0.26329946  0.07498457  0.55515265
  0.51696949  0.14289135  0.61474125  0.20313812  0.08474735  0.43266338
  0.63919541  0.38549616  0.33579199  0.55153022 -0.38410577  0.31785483
  0.75061461  0.67988803  0.22718881  0.42329276  0.4281443   0.46777142
  0.04488311  0.40216464  0.60390552 -0.09188332]","[ 2.15981342e-01 -1.96718530e-01  5.19103719e-01 -3.59651043e-02
  3.83466615e-01  4.30902081e-01 -5.25064108e-03  1.64979230e-01
  3.15533822e-01  4.02339975e-01  1.91304850e-01  4.70040637e-01
  4.09921031e-01 -6.42343043e-02 -4.77782732e-04 -4.30403416e-01
  2.39571000e-01  2.04561590e-01  1.98443903e-01  3.75567797e-01
  5.93103733e-01  3.78133581e-01 -2.87519348e-01  3.58978706e-01
  5.25690160e-01  4.19780447e-02  4.61557144e-01  2.83750444e-01
 -5.98359820e-02  1.93480861e-01  4.27118103e-01 -1.88362161e-01
  4.83017978e-01  3.22433331e-01  3.20857464e-01  4.53840794e-01
 -4.12633971e-01 -2.54855074e-02  3.96185930e-01  6.48811311e-01
  1.78057889e-01  3.19545256e-01  7.15360320e-01  3.02597080e-01
  8.10604524e-01  5.21882862e-01  2.64399691e-01  3.14946890e-02
 -5.56096880e-02  7.36922184e-01  4.25042350e-01  2.57229385e-01
  5.84004171e-01  6.60108755e-02  2.95602292e-01  7.00460445e-01
  3.35606385e-01 -2.86600148e-01  1.61145104e-01  1.31575439e-01
  5.68951116e-01  2.84103168e-01  4.71181437e-01  7.78360262e-01
  4.13714091e-01  4.29406158e-01  3.93125695e-01  1.02508647e-01
  2.14688633e-01 -1.65080575e-01  6.60959177e-01  5.59102443e-01
 -1.24055883e-01 -4.88474290e-01  4.86127971e-01 -8.11445427e-02
  4.10725820e-01  1.33666322e-01  5.49504641e-01  9.65287279e-02
  2.21210213e-01  4.82817396e-01 -3.12042757e-01  1.93831999e-01
  3.91350681e-01 -4.61669094e-01  7.81038350e-02  5.49530513e-01
  6.10794810e-01  1.51677417e-01  2.56390570e-01  9.55116333e-02
  1.42376391e-01  1.45932342e-01]","[ 0.63775252  0.23067184 -0.43124928  0.07004913  0.24001383  0.22858093
  0.6103121   0.31685151  0.47126754  0.09295562  0.33454524  0.06871879
  0.23723192 -0.32342105 -0.01812965  0.22571853 -0.48295536 -0.1057207
  0.17099297  0.38262402  0.46819082  0.22794637 -0.23500042  0.24613786
  0.16131957  0.37785141  0.60406989 -0.15827634 -0.44292602  0.02590565
  0.47256106 -0.22597343  0.44072473  0.30487261 -0.07974321  0.54916333
  0.22914287 -0.4292087   0.69304198  0.32252771  0.10644039  0.21360035
 -0.13409999  0.12957861 -0.35572381  0.21432974  0.15056851 -0.24225491
 -0.11683898  0.71221169 -0.21697725  0.16730032  0.28716547 -0.14244802
 -0.31880487  0.50854347 -0.40960034  0.42110653 -0.03872882  0.1410836
  0.3343472   0.37557232  0.49566069  0.29402565 -0.43055485  0.42930326
  0.04808274 -0.21144918 -0.04774634  0.02230493 -0.23512432 -0.0843186
 -0.40978939 -0.29465099 -0.43641133  0.27356965 -0.07632034  0.56961955
 -0.13844664 -0.21019404  0.29207413  0.52601427 -0.29568012  0.14631264
  0.41137693 -0.50954461  0.35658748  0.53418725  0.66189039  0.46854398
  0.02792152  0.39633287  0.03006648 -0.14162842]","[ 5.51692554e-01 -2.77947025e-02 -2.90160942e-01  3.24582106e-01
  5.37594320e-01  2.48397050e-01 -3.43531573e-04  4.19383113e-01
  2.78499794e-01  4.51332477e-01  4.93811067e-01  4.11547827e-01
  4.76806454e-01  1.54731289e-01  1.50100282e-01  2.48276190e-01
  5.28286599e-01  2.48978498e-01  2.94175503e-01  5.67298104e-01
  5.68283223e-01  4.75752602e-01  2.52593312e-02  1.47392299e-01
  4.19773734e-01  2.96453332e-01  6.62107592e-01  3.51434140e-01
  3.63377236e-01  3.09923876e-01  2.12337865e-01 -1.94157830e-02
  2.74237441e-01  5.66939238e-01 -1.50811478e-01  5.25064166e-01
  1.21961012e-01 -2.43410241e-01  5.65053128e-01  4.63493565e-01
  2.26435175e-02  3.11955510e-01  2.07317749e-01  3.60681625e-01
 -4.81821527e-02 -4.66753557e-02  1.46833944e-01  2.55550533e-01
 -4.61635892e-02  6.94349273e-01 -1.47359385e-01  4.48481457e-01
  6.01972643e-01  3.88078474e-01  6.53291588e-02  6.74410609e-01
  3.40868931e-02  4.56804824e-01 -5.91327501e-03  3.01266267e-01
  5.93926786e-01  4.93565454e-01  5.26289002e-01  2.66878196e-01
  2.95050589e-01  5.08219290e-01  4.95523175e-01  3.21039640e-01
  5.77122186e-01  4.16581604e-01  2.62654082e-01  1.58392922e-01
  6.38472821e-01 -2.68556344e-01  4.12449470e-01  1.18194693e-02
  2.71107386e-02  5.19045522e-01  5.99612201e-01 -2.23931436e-01
  1.73234434e-01  4.22915041e-01  4.93551202e-02  6.52808915e-01
  1.75154404e-02 -1.22725173e-02  4.07418775e-01  5.84579375e-01
  6.59981684e-01  4.41886098e-01  6.50739785e-02  6.07951391e-01
 -1.34647473e-01 -1.62853907e-01]","[-0.2574584   0.21543604  0.26884901  0.47089364  0.69572234  0.35934018
  0.67056882 -0.01077629  0.12125385  0.18581163  0.53474712  0.47769818
  0.4360236   0.18168292  0.26411136  0.15700967  0.43413339 -0.19016059
  0.48943667  0.49848742  0.225945   -0.2438707   0.31989301  0.04198907
  0.21847027  0.38364997  0.57176624  0.58511779 -0.37351608 -0.33019734
 -0.1786931   0.13608117  0.24082304  0.17036437  0.41952485  0.54762927
  0.41487934  0.31151782  0.19831824 -0.27454126  0.03465778 -0.224728
  0.65568379  0.200873    0.59840537  0.36364114  0.41309646 -0.08091729
  0.5485551   0.11515112  0.15177943  0.15901164 -0.14231047  0.57546227
  0.53073274  0.24978583 -0.1096285   0.50482411  0.15652673  0.30471794
  0.03260341 -0.41857594  0.41842912  0.19207755  0.6215031   0.32497302
  0.10095404  0.55628471  0.07644382  0.17144272  0.12565677  0.35418131
  0.5160637   0.46103408  0.63819141  0.23418036 -0.28169758 -0.0932923
  0.50405376  0.6263652   0.28142754 -0.42819336 -0.34744179  0.30368589
  0.59398531  0.45010982 -0.07089311 -0.22604626  0.40727907  0.48915965
 -0.01813772  0.56857507  0.38691816  0.12775359]","[ 0.22329724 -0.03946131  0.47043859  0.13719442  0.10521044  0.32399586
  0.07499891  0.36448843  0.2314185   0.21848186 -0.0058725   0.36114893
  0.30376875  0.42915757  0.0673985   0.0244071   0.51550264  0.3810686
  0.53098827  0.21875825  0.17620344  0.22715817  0.33898745  0.08655211
  0.49525759  0.0795707  -0.09332655  0.58846763  0.23395874  0.30549835
  0.25546669  0.4673219  -0.23041433 -0.44024982  0.01885237  0.36612836
  0.10335136 -0.45765956 -0.13969652  0.21052882  0.07756612 -0.2997568
  0.51464474  0.16798236 -0.42656365 -0.23995554  0.23528726  0.54215291
  0.27014444  0.45773738  0.15091905  0.46434803  0.50283333  0.48493673
 -0.25848695  0.78234208 -0.08868092  0.06939195  0.21101325 -0.01561622
  0.61419528 -0.50587548  0.27863555  0.22721571  0.44080105 -0.33883532
  0.2344418   0.54064841  0.26443722 -0.01843661  0.40540479  0.27331257
  0.38843522  0.14846586  0.43638167  0.33097265 -0.01032378 -0.1547508
  0.26302709 -0.04141072 -0.18492908 -0.13470066  0.04924843  0.51547498
  0.28392945 -0.03128916  0.18673295  0.07066203  0.5889673   0.34928374
  0.09598694 -0.30744802 -0.26970668  0.33786215]","[-0.26905614  0.14034912 -0.19131533 -0.14061543  0.35071707  0.13173359
  0.47396701 -0.0967553  -0.45371627 -0.20753287  0.28457537 -0.00900406
  0.36457595 -0.49596952  0.10456261 -0.32486976 -0.09461445 -0.30555101
  0.17094695  0.29758409 -0.40701117 -0.23461528 -0.0490388  -0.08342412
  0.31655865  0.03082325  0.53225511  0.07899741  0.33722835 -0.05299798
  0.34133256  0.55255291  0.35452367  0.33598049  0.13871783  0.23974181
 -0.30179683  0.10839305  0.01529943  0.60878598 -0.00202888  0.00101191
 -0.18358516  0.07712549  0.57947492  0.24718457  0.17325095  0.12810339
 -0.16541501  0.12040936  0.32726389  0.16373187  0.15398951 -0.10044737
 -0.15244665  0.4449717   0.24785492  0.01168832  0.05549657  0.30718918
 -0.13273584  0.29112603  0.63005411  0.27242954  0.28193957 -0.01723979
  0.43254395 -0.16563184  0.36002008 -0.25348501 -0.21744816  0.34944789
  0.14928332  0.19648126  0.34951856  0.29910218 -0.01566741  0.44351472
  0.13493127 -0.30265816 -0.28276342  0.22328663  0.32221113  0.26264524
  0.31338327  0.34963945  0.26330894  0.39422188  0.12134348 -0.30490452
 -0.52497866  0.1071592   0.18340277 -0.48416774]","[ 0.06376657 -0.11857439  0.13169128  0.28826805  0.41150272  0.49753816
  0.58219642 -0.20985595  0.02370494  0.37420364  0.50647107  0.45627712
  0.27081911 -0.41568101  0.6101891  -0.27475065  0.17144886  0.4475713
 -0.11345711  0.34875227  0.30073589  0.09097499  0.01318499 -0.44137701
  0.55368173  0.18392083  0.5007386   0.20465282 -0.16710434  0.14656859
  0.52289587  0.4046806   0.81587842  0.02433373 -0.34181068  0.56435145
  0.48877486  0.02679679  0.62664941  0.67861707  0.30138071 -0.29446893
  0.24020383 -0.03521335  0.46410628  0.29249239  0.39589888  0.47811312
 -0.04730999 -0.12946     0.25242176  0.36279977  0.20358877  0.17501271
  0.33998538  0.40042981  0.25401125 -0.05791111  0.56046986  0.52296231
 -0.03195915  0.36433256  0.43475578  0.41661055  0.30276004 -0.38058118
  0.28824595  0.17139857  0.25750914  0.48463341  0.55332078  0.6381265
  0.42699596  0.18403901  0.56698868 -0.16746886  0.57703787  0.03200213
  0.63806915  0.30841232 -0.29470663  0.30496518  0.53186655  0.32783668
 -0.45449811  0.68268298  0.41583403  0.34174594  0.40913834 -0.09402633
  0.29607358  0.78347628  0.62027863  0.11063851]","[ 0.18002456  0.19979591  0.14162127  0.24691327  0.362892   -0.00145731
  0.39940364  0.21852338  0.21022172 -0.26001686 -0.13603245  0.47632297
  0.32747263 -0.34586773  0.16794576  0.32366825  0.12708172  0.41204658
  0.09755282  0.19817328  0.32987963  0.49693986  0.61886531  0.5063876
  0.16537134  0.46052292  0.69716914 -0.08802083  0.19407524 -0.04411738
  0.38990111 -0.44138109  0.09465098  0.4820985   0.51487885  0.65810591
 -0.22851159  0.29508886  0.35517346  0.6012314   0.13563859  0.51744954
  0.22326725 -0.13670394  0.56384208 -0.08942602 -0.07797742 -0.24054917
  0.41121112  0.79142441  0.61760046  0.19958751  0.49608108  0.17875136
 -0.18521538  0.52386166  0.24458866  0.19036135  0.01666779  0.3598114
  0.40163878 -0.1114937   0.64265046  0.14440222  0.40008555  0.35186814
  0.22300209  0.31592456  0.23438554  0.14631198 -0.11940787  0.10812801
  0.0495372   0.32984066  0.19637731  0.18754196  0.22862855  0.66414825
  0.30830376  0.13793675  0.02003919  0.76034818  0.13652048  0.46786617
  0.0721658  -0.22578248  0.21869552  0.68879546  0.64303965  0.33925912
  0.42674394 -0.06651825 -0.21633423  0.29376041]","[ 4.66757158e-01  3.01340724e-01  1.30900180e-01  1.51280621e-01
  2.46754153e-01 -8.75628300e-02  2.46310918e-01  1.71220453e-01
  1.22721614e-02  5.35672026e-01  3.87636307e-01  3.15951180e-01
 -5.32167428e-01  3.80678232e-01 -7.25132468e-02 -2.10176326e-01
  6.60669716e-02 -3.26817433e-02  6.35032004e-01  2.96519306e-02
 -2.07422065e-01 -1.53016521e-01  4.20133816e-01 -2.90953372e-01
  2.43584753e-01 -2.67007952e-04  2.66342245e-01 -1.76075338e-01
  5.43540197e-01  1.10752867e-01 -1.38611638e-01 -3.02665814e-01
 -2.26194055e-01  7.18216337e-02  1.65314685e-01  4.53248881e-02
  2.45146343e-01 -3.67981547e-01  2.69028561e-01  1.92446048e-01
  9.76163541e-02  3.16594434e-01 -3.64691571e-01  2.70264512e-01
 -1.01440564e-01  2.11989271e-01  3.38579822e-01 -2.57857797e-01
 -8.02290094e-02  4.12635107e-01  6.30974088e-02  2.92046955e-01
 -2.35496041e-01  9.87725979e-02 -1.78527292e-01  1.78589022e-01
  2.88530610e-01  6.12927725e-02  2.30550646e-01  4.02225699e-01
  3.24087212e-01  1.03118630e-01 -6.93599777e-02  1.98385764e-01
 -2.54210004e-01 -3.30446204e-01 -1.01735473e-01  4.40313033e-02
  1.92386343e-01  2.61272081e-01  6.29299532e-01 -3.25476295e-01
  5.65202308e-01 -4.51843747e-01  3.75935388e-01  3.46039812e-01
 -1.25250176e-01  8.95794209e-02  1.42369386e-02 -9.47663857e-02
 -3.02500669e-01  1.68010628e-01 -7.05662163e-02  4.31216825e-01
  1.21441240e-01  1.51885071e-01 -6.79730522e-02 -3.85000467e-01
  3.34664722e-01 -3.69374782e-01  1.14618949e-01 -7.52633499e-02
 -5.04703545e-01  2.45212707e-01]","[ 0.42177784  0.08289362  0.35685801  0.48746786  0.4566017   0.40540011
  0.60777202  0.65254116  0.47200323  0.47212185  0.24898272  0.46837411
 -0.01599121 -0.41981094  0.34143733 -0.21871144 -0.54204037  0.41957357
 -0.17415779  0.49199613  0.50179158  0.58749057 -0.26794895  0.16919867
  0.49521234 -0.22311574  0.47573899 -0.03760784  0.24216323 -0.55327301
  0.44241578  0.49688356  0.25218019  0.52433014  0.30568488  0.61525439
  0.71614758  0.43667048  0.76271978  0.75156612 -0.01632252 -0.53212762
  0.40488581  0.20894496  0.81392629  0.02495934  0.42552196  0.44797358
  0.25070203  0.6054678   0.34605418 -0.05859299  0.54228793  0.05279835
  0.41393106  0.67796876  0.33033049  0.52535433  0.16718394  0.39802537
  0.45328696  0.26292741  0.62512136  0.3425193   0.31038699  0.39688551
  0.61349342  0.37299263  0.52885404 -0.36502576  0.29769994  0.32238004
  0.2990496  -0.12862159 -0.07984801 -0.22114455  0.27622999  0.81422002
  0.34198795  0.07974826 -0.20741336 -0.61460867  0.67297698  0.2623321
  0.25861824  0.4551134   0.41418731  0.59414449  0.63118586  0.33768546
 -0.50229303  0.40770304  0.29887949 -0.34756778]","[ 0.60579857  0.38130596 -0.09696623 -0.13609552 -0.05396755 -0.25010782
  0.64983147  0.46888193 -0.13085028  0.47885811  0.48958459 -0.16664615
  0.21438917  0.03941291  0.22515662  0.38569222 -0.11877983 -0.17846226
  0.57197413  0.65687841  0.56844074  0.41878965  0.40816665  0.43311458
  0.49295568  0.40685997  0.5941207  -0.15377853 -0.08124241  0.33031315
  0.44222737 -0.44263759  0.15389338  0.65341652  0.41445653  0.80696126
  0.4660999   0.6377347   0.73173451  0.61451519  0.33334993  0.61613367
  0.51361188  0.3898416   0.72191893  0.28266518  0.39955773  0.52331717
  0.54814687  0.77219694  0.68722756  0.3431684   0.06929681  0.4419191
  0.63216809  0.50241524  0.11546521  0.189694   -0.29147707  0.4469438
  0.42542763  0.36169865  0.43879452  0.43284654  0.19572868  0.514539
  0.67498461  0.48406639  0.27418424 -0.25425459  0.44231494  0.31247721
  0.31317751 -0.46423958  0.28069106 -0.15423589  0.09487456  0.7920272
  0.4750284   0.25618545 -0.29852302  0.5860703  -0.046263    0.65475332
  0.78388832 -0.38372324  0.38137669  0.3754963   0.42927961  0.08474127
 -0.46467279  0.29898129  0.31118482  0.11436693]","[ 0.37089825 -0.3754594   0.57455114 -0.32999322  0.21297775 -0.08927852
 -0.02259858  0.20427513  0.57377512  0.12420548  0.58467189 -0.30515497
  0.04235187 -0.27232595  0.21220525  0.4336619   0.00921312 -0.27263042
  0.53760961 -0.22264699  0.4847821   0.39636558  0.4078679   0.16267255
 -0.16589592  0.31135939  0.7074452  -0.49906364 -0.37194513  0.39805877
  0.46131074  0.09504385 -0.27442618  0.41785341  0.22835258  0.69468701
  0.54642924  0.55592522  0.43101277  0.51966403 -0.14066124  0.23172427
  0.18427534 -0.22383596  0.28527793  0.32477315  0.22348397  0.24390791
  0.21597314  0.66179659  0.55281958  0.2531186   0.51284997  0.50946354
  0.00801958  0.44062344  0.16732256  0.41802813  0.43017893  0.51617538
  0.11279606  0.1633471   0.4144582   0.49019872  0.49003166  0.42330049
 -0.56546388  0.17355112  0.31464492  0.69382602  0.36006621  0.28457427
  0.14566432 -0.08325697 -0.62010847 -0.30078927 -0.27331933  0.63358983
  0.25444319  0.36690015 -0.1141674   0.51602775 -0.22260771  0.42110984
  0.30520891  0.23191962  0.00702221  0.51916364  0.21147038  0.37768074
  0.07299122  0.07263483 -0.37769801  0.18794773]","[ 0.50328115 -0.37116012 -0.06148873  0.44247521  0.46075337  0.02106695
  0.26253654 -0.04559493  0.06799427  0.470667    0.31733055  0.37317547
  0.33809766  0.00085175 -0.22552431  0.40228242 -0.01858329  0.44762967
  0.01647736  0.05058571  0.29458524 -0.31828366 -0.2516012  -0.03899973
 -0.16570072 -0.10828017  0.4178908   0.05731276 -0.26299901  0.34490873
  0.32662046  0.05696027  0.17975646  0.27837796  0.3216062   0.49370736
 -0.04827748  0.37979945  0.15099676  0.44236201  0.54355137  0.28689134
 -0.10391595 -0.15801731  0.47953506  0.22702126 -0.34733955 -0.48251804
  0.31916826  0.71953656 -0.13661096  0.41546888  0.59224406 -0.21811405
 -0.24294738  0.29320345  0.12201157  0.27075656  0.10439134 -0.44841393
  0.0355386   0.26219234  0.5054131  -0.1481599  -0.24702204  0.11697355
 -0.27870977  0.01327245 -0.23186196  0.07681448  0.59919356  0.36095219
  0.17500445 -0.11734451  0.63442614  0.30777123  0.11915602  0.47376767
  0.62032    -0.17489248 -0.26819541  0.43506683  0.36495492  0.17839291
  0.03930224 -0.3107984  -0.27624742 -0.28379027 -0.11774476  0.34514442
  0.26277635  0.23076911  0.58150665  0.19383393]","[ 0.32974385 -0.43843644 -0.0190078   0.30475744  0.80600913  0.40473269
  0.62357432 -0.05748255  0.314756    0.00457559  0.39057929  0.23189091
 -0.34265463 -0.3140304   0.34306964 -0.26897255  0.59102115 -0.10942204
 -0.2619236   0.31308756  0.50776484  0.56411817 -0.45134746 -0.23573074
  0.56783903 -0.09058885  0.09349204  0.33849077 -0.01962455  0.41964629
  0.30148708 -0.05184267  0.55545411  0.23247991  0.49452605  0.14787304
  0.41002909  0.43660006  0.51100844  0.62930433 -0.23797548  0.06567346
  0.25669722 -0.24044194  0.79706228  0.27708421  0.63220242  0.15502958
  0.4153224   0.73024211 -0.36418379  0.61291124  0.35637587  0.1301383
  0.4697116   0.61797071  0.11288026  0.46573583  0.06670694 -0.24239792
  0.22900747  0.37975175  0.39897864 -0.41051823  0.72187407  0.29806879
  0.24150926  0.05252291  0.12047688 -0.64389736  0.57832862  0.60153042
  0.41586608  0.22870512  0.74782561 -0.04514773  0.10022218 -0.06484958
  0.1273333   0.41980656 -0.14623141  0.04596211 -0.04847348  0.04249531
  0.03435433 -0.0411191   0.50317364  0.52622096 -0.10928909  0.01435652
  0.60562986  0.3083476   0.67159222  0.47727489]","[ 0.4398481  -0.48414336  0.43844286  0.4003338   0.67434028  0.18485443
  0.46103062  0.41939417  0.4403751   0.2774      0.19773563  0.30956466
  0.26310787  0.31213586  0.17184397  0.25465837 -0.00914618 -0.43456776
  0.31267479 -0.07041105  0.32141189  0.23105597  0.50822286  0.01891539
  0.29684907  0.03173314  0.47723302  0.50087878 -0.19858303  0.17870084
  0.1883046   0.03913709  0.31076523 -0.14585486  0.52972873 -0.25832878
  0.43066873  0.1210491   0.48123035  0.44103867  0.30468239  0.46271617
  0.03528885 -0.36055318  0.59018262  0.43236502  0.71875528  0.44948201
  0.39325008  0.45885956 -0.26466574  0.33318385  0.53510633 -0.19060243
 -0.28150011  0.52202709  0.46335512  0.20479656  0.57285712  0.32131948
 -0.09699151  0.40890297 -0.3089946  -0.30955429  0.7450488   0.2036345
 -0.40255572  0.53969964  0.41764498 -0.21537675  0.65704141  0.40179226
  0.70830554 -0.06679309  0.33556118  0.38822617  0.15846937  0.34210703
  0.1970161   0.60131154 -0.02244266  0.18529537  0.06526451  0.363956
 -0.00143435 -0.13104809  0.02908312  0.095684    0.40672059 -0.03699675
  0.36722017  0.4388659   0.28928056 -0.12874854]","[ 0.18456318  0.2659503   0.46034711  0.42905194  0.66812778  0.53442482
  0.2650264   0.50995943  0.57958271  0.48923972  0.22573505  0.25372844
 -0.31432804  0.31845214  0.19352884 -0.24339591  0.5615174  -0.25139288
  0.14995553  0.3049834   0.35276364  0.31182886 -0.23434965  0.26742206
  0.17523497  0.3797043   0.14071728  0.5027725  -0.45219892  0.0414558
  0.27115747 -0.40231322  0.14343984  0.36776643  0.59973066  0.74179511
  0.39861946  0.17130457  0.56961774  0.64671242 -0.06363896  0.00133158
  0.50482352  0.24735726  0.353008    0.01222522  0.50786741  0.2216277
  0.40446826  0.15119657 -0.57208378  0.18955384  0.32486088 -0.10020755
 -0.34984206  0.53198432 -0.21741637  0.09480413  0.30311764 -0.09405578
  0.42506443  0.40009193  0.49955815 -0.21730298  0.64495281  0.64952415
  0.3087242   0.46410686 -0.49503907 -0.14637591  0.62943838  0.76006092
  0.28522146  0.51732765  0.42395358 -0.18274793  0.4068782   0.25586238
  0.33113179  0.70735321 -0.09484404 -0.42287886  0.02234019  0.37163648
 -0.19510631  0.50929591 -0.04619655  0.69699837  0.02161647  0.37985831
 -0.18944302  0.56204175  0.02599118  0.52546261]","[ 0.40383556 -0.28491854  0.53704949  0.50209888  0.67062239  0.49807214
  0.27294349  0.38996193  0.24795188  0.13628485  0.11890085 -0.1007663
  0.15102617  0.3556542   0.23391413 -0.12075324  0.61304178  0.04496601
  0.45482581  0.21319113  0.33515142  0.14229325 -0.16399759  0.21087231
  0.32040736  0.33081392 -0.23255335  0.41523423  0.03046911  0.62931519
  0.29854535  0.07894768  0.62405282  0.35679728  0.426121    0.17375246
  0.30955781  0.26791322  0.56726836  0.25318576  0.02873794  0.23315192
  0.28996192 -0.28086797  0.54877421  0.14552958  0.60954734  0.5687364
  0.17711388 -0.06880183 -0.00743439  0.26242786  0.56740323 -0.28942793
  0.14925652  0.50451659 -0.06736803  0.52085077  0.57883847 -0.18840251
  0.26123917  0.59088275 -0.17847945 -0.39261491  0.63580967  0.3093979
  0.0554929   0.59797185 -0.19287412 -0.0508374   0.67126609  0.58311706
  0.63986229  0.0587832   0.57074173 -0.17239258  0.18582961  0.57623088
 -0.31752508  0.34930855  0.3293915   0.3840205  -0.1159231   0.18444764
  0.34380468 -0.18560213 -0.16126866 -0.29569217  0.35639557  0.22034275
  0.24414271  0.57437878  0.48046007  0.38350874]","[ 0.34253748  0.32353222  0.11454419  0.38466187  0.64258419  0.35048192
  0.51311971  0.37450564  0.18284175  0.16437293 -0.04935099  0.35728996
  0.23451858  0.31814322 -0.31468882  0.17262316  0.43357849 -0.0512358
  0.38589221  0.3103807   0.43477323  0.32914462  0.18811337 -0.22837551
 -0.10184819  0.24383141  0.3173493   0.52051314 -0.05478586  0.16613603
  0.32379452  0.22910805  0.23758084  0.15016849  0.34309623  0.53325863
  0.35516975 -0.2844248   0.38455429  0.53206838 -0.41861611  0.5705819
  0.28101086 -0.02771355 -0.07518436  0.00890618  0.71116735  0.1721123
  0.15153674  0.52937344 -0.37726052  0.52042555  0.48581124 -0.27382686
 -0.18318125  0.45312167 -0.40798138  0.66305509  0.2074145   0.18255846
  0.44799887  0.7108611   0.37902871 -0.34742554  0.58663288  0.01015481
 -0.19265878  0.344338   -0.08876603  0.29695105  0.68947341  0.80314668
  0.67101475 -0.20508866  0.67112147 -0.30254355  0.12986074  0.67036659
  0.45080918  0.24594567  0.36324889 -0.12796305 -0.07048288 -0.0667268
  0.58074653  0.39409771  0.1737273   0.00908832 -0.32440551  0.56707356
  0.59053038  0.63597119 -0.049951    0.66020012]","[ 0.19332477 -0.01872316  0.21963162  0.63194412  0.60469575  0.27998942
  0.47471554  0.5782968   0.40596293  0.27137272  0.42402906  0.14139049
  0.3936504   0.48386658  0.01601323  0.26580502  0.50769977  0.19387849
  0.21610619  0.49850444  0.44547326  0.2428742   0.07464572 -0.11678928
  0.61182887  0.39674981  0.41239877  0.71161714  0.2684303   0.0168512
 -0.0017048   0.03081809  0.52770371 -0.14625757  0.42660015  0.51151625
  0.0593203   0.4148006   0.37469102 -0.11336378 -0.03009192 -0.26047003
 -0.18510613  0.57300119  0.23176794  0.11573     0.54559695  0.47600794
 -0.31222344  0.2156814   0.1555407   0.42860927 -0.23115219  0.37288481
  0.12425991  0.66667969 -0.31778918  0.44127918 -0.29861974 -0.21097995
  0.31310639  0.78181028  0.41149061 -0.12443722  0.65118177  0.16063877
  0.52839872  0.57930786  0.14792638  0.45102511  0.35241328  0.64957397
  0.73472809 -0.09788824  0.46487588  0.27620727  0.28066865  0.1163567
  0.387941    0.46718649  0.31964423  0.41568023  0.29203219  0.43621133
  0.33047421  0.44688212  0.1220271   0.55795996  0.59163208  0.2268534
  0.45726395  0.61965801  0.27302399  0.69162791]","[-0.00928459  0.24627917 -0.42773308 -0.01256775  0.69591181  0.62674757
  0.69786409  0.12581831 -0.23852986  0.56972885  0.68975419  0.6553405
 -0.38173577  0.53223853  0.45173899 -0.42226541  0.62755291 -0.61325641
  0.43632     0.43683164  0.35916357  0.59072768  0.70859391  0.04994114
  0.40270106  0.75881926  0.23260456  0.33165267 -0.53639718  0.45899452
  0.25536771  0.65765547  0.57280163  0.66275303 -0.04837449  0.7819939
  0.54899488  0.75084545  0.66405615  0.64370682  0.47050838  0.59395853
  0.44601365  0.4528494   0.70555285  0.4890138   0.55515348  0.73879008
  0.48159866  0.08134377  0.73814791  0.84103906  0.67044664  0.70191491
  0.08995191  0.53609759  0.52897566  0.47346321  0.3994638   0.36446891
  0.23032868  0.70331736  0.53476473 -0.28010562  0.55210849  0.35359101
  0.1580732   0.42470815  0.38640318  0.70537818  0.73192186  0.5556932
  0.73634929  0.11685343  0.77035452  0.38078088  0.6466827   0.26755034
  0.63122841  0.28188345  0.45393141  0.35913326  0.16128972  0.49403016
  0.79705611  0.71689482  0.76308281  0.33375273  0.16602574  0.54649016
 -0.39410593  0.63998788  0.44604206  0.80368518]","[ 0.24359327  0.28004735  0.70002408  0.66890123  0.72375057  0.5372428
  0.6073504   0.30342488  0.17414046  0.0088038   0.53084581  0.53823914
  0.45096137  0.61811078  0.45688685 -0.31932923  0.78688645  0.09773058
  0.40828766  0.39862841  0.45480075  0.5398477   0.47230256  0.11418815
  0.01159205  0.52314343  0.51385056  0.55675949 -0.21879186  0.5286255
  0.173157    0.65437278  0.45039565  0.31828944  0.44683715  0.71806143
  0.4678803   0.50238875  0.48474697 -0.41389214  0.12093882  0.67785191
  0.6574432   0.52291156  0.32367633  0.02774682  0.67202655  0.53173429
  0.37249206  0.0378142   0.51785996  0.33830332  0.43439647  0.4841268
  0.63497529  0.56501713  0.45142969  0.59897441  0.33043398  0.62975264
 -0.33157718  0.72159163  0.5481784  -0.10709128  0.72306393  0.34648218
  0.3644264   0.60365763 -0.01171795  0.2927468   0.78870909  0.74747537
  0.77786046  0.43612338  0.70612007 -0.41576589  0.12217134  0.50439303
  0.36716066  0.63809623  0.64243289  0.34687409  0.39088734  0.4139916
  0.57180052  0.35554952  0.32317442  0.70033059  0.55788109  0.6876444
  0.53349723  0.7398081   0.21806806  0.60513555]","[-0.21641349 -0.30050794  0.28561565  0.40157378  0.77434195  0.00507359
  0.62568798  0.28880993  0.23372385  0.17705366  0.6022963  -0.06286103
  0.38950732  0.15758696  0.37270744 -0.02477063  0.7715783  -0.21452927
  0.61522076  0.29777668  0.4313166   0.50750836  0.24201889 -0.20741201
  0.4376143   0.29181167  0.58414839  0.37351153  0.22089551  0.24689706
  0.27828745  0.48538734  0.43283684  0.58869893  0.25995539  0.1849677
  0.25944326  0.59908152  0.25755414  0.3145723   0.17062752  0.4757262
  0.50575538  0.07941235  0.6483373   0.45329576  0.50406215  0.07274652
  0.64265589  0.33497237  0.25481614  0.40606606  0.72212203 -0.42290972
  0.36626132  0.58340469 -0.06438995  0.40214781  0.22529677  0.32131983
  0.18003321  0.68866089  0.13344009 -0.3099994   0.63592389  0.41673245
  0.4567413   0.62896849  0.52915295 -0.14852129  0.57216663  0.59815509
  0.62694345  0.49626918  0.50899679 -0.27023601  0.203602    0.38815769
  0.29534446  0.54668974 -0.06878999  0.18925263  0.10160144  0.36831452
  0.25782062  0.26515408 -0.22289892 -0.2178766   0.47700233  0.61486903
  0.37403068  0.4981843   0.34532942  0.41133861]","[ 0.47509749 -0.04444089  0.04720162  0.59354498  0.76964866  0.66241315
  0.72306947  0.22779829 -0.21590027  0.49376285  0.6705451   0.3063005
  0.46024268  0.34595528  0.4727722  -0.29224805  0.71780308 -0.14271105
  0.18004481  0.17891854  0.55384237  0.59672787  0.58273784 -0.2120621
  0.59071943  0.42345675  0.35556179  0.54918041  0.04986449  0.60682926
 -0.19457659  0.54366829  0.64268941  0.28388615  0.44561012 -0.31520711
  0.07881845  0.58682379  0.23459449  0.40981367  0.28636856  0.5468673
  0.38998257  0.41823844  0.68956095  0.64384654  0.64888498  0.18815368
  0.54902748  0.61998549  0.52565531  0.7512037   0.67700846  0.42181304
  0.61131963  0.66841405  0.55596233  0.21778561  0.45216344  0.08484938
  0.14752289  0.39586446  0.12136564  0.48748661  0.69266769  0.69346898
 -0.11542782  0.58220399  0.08226497  0.23029877  0.77886159  0.42017672
  0.67960776  0.58102172  0.69325529  0.31512603  0.30116947  0.50622878
  0.57589068  0.54470105  0.37318096  0.11156132  0.41635822  0.4392821
  0.31682785  0.52207046  0.5887525  -0.03263736 -0.22049472  0.58603986
  0.72629016  0.56128966  0.36831338  0.6050063 ]","[ 5.65113236e-01 -4.10938673e-01  3.33060195e-01  1.88772469e-01
  4.38002784e-01  2.58837186e-01  2.74424821e-01  4.51748410e-01
  3.63401084e-01  2.25765870e-01  5.36097916e-01  3.45119443e-01
  5.06541947e-01 -4.59944552e-01 -1.67250175e-01  2.24272896e-01
  3.91819094e-01  2.93223968e-02 -3.47915348e-01  1.42574601e-01
  3.04991808e-01  3.98583217e-01 -3.25798884e-01  2.29802368e-01
  2.79602529e-01  4.77675016e-01  7.59845406e-01  3.45063890e-01
  4.94168600e-01  4.43497518e-01  3.76992508e-01  4.70418536e-01
 -1.34993628e-01  7.07452569e-01  3.38702988e-01  5.50971342e-01
  4.56559678e-01  3.78114092e-01  7.43648626e-01  3.85867725e-01
  3.09744525e-01 -2.76505516e-02  4.43877702e-01 -1.39082859e-01
 -3.81412020e-02  3.36111961e-01  2.59567578e-01  1.25718840e-01
  1.26797977e-01  5.15546986e-01  6.17468056e-01  4.96512316e-01
  3.67469273e-01  2.68284316e-01  7.49850666e-02  7.10868442e-01
  6.99442734e-02  6.18515889e-01 -3.04716835e-01  2.30126558e-01
  2.97419125e-01  4.54800412e-01  6.86879559e-01  2.87620448e-01
  4.82847793e-01  3.34946039e-01  3.28893130e-01  2.61958722e-01
  2.06976831e-01  6.99003373e-01 -2.00057739e-01  2.99991524e-01
  5.47858147e-01  2.97835249e-01  5.47464710e-01 -1.32645286e-01
  2.14506390e-01  5.11753059e-01  5.49670531e-01  2.82269660e-01
 -9.10903130e-02  3.56790208e-01 -4.42091731e-01  3.11694298e-01
 -2.30099853e-01  1.06780933e-01  5.10949579e-04  2.06635428e-01
  5.59713183e-01  3.50816376e-01  3.81899719e-01 -4.66431371e-01
 -4.97362007e-02  1.58353540e-01]","[ 0.51331996  0.05407999 -0.24599219  0.13011106  0.4405298  -0.0177772
  0.340358    0.38560872  0.02239856  0.54653522  0.56111643 -0.0603645
 -0.1771663   0.43210082  0.06620251 -0.15316395  0.25862054  0.07162586
 -0.02221158  0.08597737  0.31788359  0.49178161 -0.38348524  0.18851302
  0.03045888  0.42768868  0.34191247  0.47496005  0.29992993  0.06113851
 -0.30376985  0.18332454  0.23782783 -0.03033074  0.28868377  0.36074087
  0.20437274  0.39306277  0.08345223  0.16875213  0.23960972  0.50924652
  0.07047898  0.06664314 -0.10253846 -0.2408338   0.18515734  0.26990186
  0.06310541  0.38482445 -0.29337277  0.11107546  0.33795478  0.06633625
  0.2846244   0.66329209 -0.3524841  -0.53111316 -0.01016261  0.12393394
  0.02710978  0.40106903  0.42315357 -0.41773837  0.60533952  0.30249065
  0.30868688  0.18242285  0.00948114  0.25172868  0.77913925  0.36425301
  0.81809611 -0.20144232  0.36060716 -0.39669423 -0.104614    0.4154428
  0.05351864  0.34055533  0.23262368 -0.10944755  0.01451616  0.34327386
 -0.10900314  0.04807569  0.20655182 -0.48584509  0.30043723 -0.10814123
 -0.08235126  0.45379379 -0.28176598  0.11168061]","[ 0.41188386  0.20310467  0.09926554  0.36691768 -0.07262275  0.23338283
  0.7081544   0.61270162  0.32889508  0.43451922  0.35508719  0.51178944
  0.49197675  0.46058592  0.48386411  0.58205392  0.47996886  0.63010068
  0.28481252  0.60757821  0.31867355  0.40452485  0.19648591 -0.24159227
  0.61485426  0.43930393  0.38046865  0.37651201  0.16077051  0.05822026
  0.63750049  0.26860357  0.1545706   0.43834652  0.27552339  0.60209361
 -0.17347038  0.80414951  0.75583442  0.56187324  0.76910995  0.34494829
 -0.05399486  0.52451886  0.65984831  0.17948442  0.52426065  0.2530221
  0.49982773  0.58895816  0.27635683  0.39687087 -0.25245445  0.35916087
  0.50159828  0.50161954 -0.2047201   0.81199669  0.14809856  0.71713715
  0.2551649   0.46754805  0.51847493  0.64433258  0.48869155  0.3059521
  0.6975471   0.79233509  0.68406259  0.36436051  0.61453211 -0.34693051
  0.74479284  0.34626671  0.56879925 -0.06966852 -0.15473477  0.7471152
  0.31283425  0.01177513 -0.45764488  0.72091215  0.54937661  0.36878121
  0.42381191 -0.16070531  0.60093989 -0.37159967  0.68705948  0.57376573
  0.58279518  0.41366442 -0.04757114  0.54630999]","[ 0.66172532 -0.57259949  0.11169878  0.41949323 -0.30780438 -0.14335174
 -0.0340777   0.32966153  0.39603874  0.15307469  0.38470164  0.13706187
  0.29526658 -0.47381651 -0.27176611 -0.05567818 -0.37573071  0.54354716
  0.53315243  0.30345119 -0.14830632 -0.35915145  0.20164363  0.37842588
  0.08242266  0.22783747  0.56958816 -0.43323367  0.34270961 -0.02462271
  0.54916776 -0.15464507  0.18956538  0.25023689  0.22205348  0.45258162
  0.02156281  0.23518029  0.35560467  0.42709425  0.01373944  0.54731921
 -0.45897915 -0.10713786  0.3877777   0.22870727 -0.33038455  0.17129506
  0.11851368  0.7068494   0.25300089  0.15408889  0.40492171  0.07595394
 -0.16103318 -0.05981284 -0.11732595  0.32462174 -0.01594486  0.30832216
  0.11659792  0.55092316  0.41326862  0.06043963 -0.02118238  0.20766254
  0.32686483  0.39804489 -0.42861876  0.21485192  0.27792577  0.1532746
  0.40174816  0.07923256  0.49935645  0.2548808  -0.37811876  0.43766905
  0.25199394 -0.39501455  0.18170683  0.60248193 -0.5941096  -0.00770667
  0.25067758 -0.33766938  0.12980945  0.31100159  0.43225338 -0.16856101
  0.5946341   0.06472174 -0.5493069   0.30431386]","[ 0.77434274  0.4031966   0.6559403   0.56506569  0.24442076  0.05152058
  0.67768058  0.56807734  0.6513457   0.61617191  0.58324084  0.3535873
  0.63168532  0.37142583  0.62402854  0.51986371  0.75982807  0.63325626
  0.6418957   0.64413738  0.43043625  0.4361201   0.42423322  0.44655595
  0.46784982  0.63399292  0.83089287  0.61304483  0.35832665  0.48325468
  0.75134095  0.14250918  0.48293982  0.71053295  0.32782115  0.55495968
  0.59871397  0.76300303  0.87841211  0.7847365   0.3596555   0.79272788
  0.74831274  0.50148616  0.81355688  0.42243849 -0.04418541  0.48106672
  0.72227098  0.55978094  0.61073861  0.68951202  0.72753697  0.59152928
  0.65809068  0.6741986   0.16011942  0.58224941 -0.06432016  0.68271468
  0.55290795  0.74504593  0.44002293  0.8159717   0.68747154  0.71206644
  0.69612454  0.86561289 -0.33258541  0.0869843   0.79955337  0.49395838
  0.55910918  0.51193752  0.77971164  0.43439112  0.45028534  0.73802056
  0.64147106  0.50056536 -0.17651923  0.69464824  0.66092179  0.61119138
  0.76535317  0.67705497  0.48738547  0.84375646  0.81154369  0.82428767
  0.56026103  0.55876501  0.34811668  0.78242389]","[ 0.64919609  0.43291032  0.22151801  0.42604656 -0.33621321  0.47315334
  0.53442688  0.21610482  0.63420765  0.49192585  0.61171814  0.19803231
  0.43518396  0.34916301  0.29952264  0.55248946  0.02767908  0.38266126
  0.61360424  0.55542684  0.48526621  0.54767049  0.34168967  0.29217128
  0.16174047  0.61179543  0.6001082  -0.35581504 -0.03796817  0.58484351
  0.71447608  0.24863003 -0.02279164  0.415996    0.51155793  0.7267275
  0.51103061  0.55951257  0.56317496  0.62336602  0.41189127  0.80597489
  0.10601283  0.46075832  0.77948022 -0.15940771  0.75547887  0.29160114
  0.4023709   0.84293485  0.65283889 -0.27078325  0.66491518  0.06279819
  0.60892876  0.43802283  0.15734923  0.39789317  0.37142604  0.13751033
  0.34763457  0.71754952  0.31134599  0.45642005  0.39390499  0.55735376
  0.43039889  0.58106171 -0.37895014  0.50370738  0.5749588  -0.37185409
  0.70472917  0.08213955  0.26260773 -0.24697095 -0.00869695  0.75914955
  0.49161716  0.3857854  -0.24998359  0.72779251 -0.20820892  0.4992311
  0.80300053  0.69341551  0.15354699  0.46402321  0.45984999  0.54751985
  0.69983265  0.57059841  0.2274285   0.58508833]","[ 0.77412503  0.43198863  0.56073209  0.61552532  0.51440067  0.3361891
  0.70475209  0.62687571  0.56658997  0.7592623   0.62530673  0.36939566
  0.70309967  0.50443435  0.61050483  0.65118666  0.84363221  0.72289548
  0.74686531  0.68210882  0.55221737  0.68480233  0.47624129  0.64801909
  0.6460713   0.65327151  0.79849614  0.5914663   0.5668847   0.64868079
  0.73944662  0.36899151  0.40203156  0.79543299  0.39562851  0.7176392
  0.3557413   0.80506227  0.87225158  0.70896498  0.50192721  0.81247668
  0.73293304  0.50609743  0.64646441  0.31167998  0.39096845  0.63163327
  0.74007165  0.54844862  0.61517057  0.72106747  0.49142736  0.75061938
  0.63323864  0.65562686  0.43733057  0.81565891  0.22313043  0.65219108
  0.60817024  0.83439753  0.48541251  0.86002367  0.82341238  0.57164773
  0.74760427  0.86743122  0.370155    0.25288681  0.69397389  0.76870243
  0.49343167  0.64038769  0.72722466  0.44111413  0.30783518  0.8065649
  0.70185016  0.52490192 -0.08347193  0.80387192  0.66779955  0.67985583
  0.82444046  0.61605678  0.38873582  0.68721248  0.68261922  0.69161652
  0.48229862  0.74186156  0.55089325 -0.0091221 ]","[-0.26675983  0.34481204 -0.31334883  0.35153628  0.40472309 -0.31635979
  0.52662449  0.32665729  0.28608006  0.37294889  0.45869804  0.00950069
 -0.00652979  0.58653631  0.38453245  0.43776786  0.25358631  0.20922245
  0.45188137  0.2422278   0.32476574  0.39804714  0.40788017 -0.05351046
 -0.43560363  0.51830003  0.27133658  0.57333497 -0.48763334 -0.46480992
  0.54065812  0.18023539  0.27017787  0.37379337 -0.33812551  0.69520435
 -0.05460927  0.48850939  0.23249721  0.60911986  0.48196343  0.37127688
  0.36655689  0.5065609   0.33627382  0.52856515  0.61490109  0.14128214
  0.03633539  0.2722648  -0.45332945  0.04948409 -0.05634415  0.50705375
  0.12602191  0.55683121 -0.0509616   0.14559127 -0.03470896 -0.2281007
  0.11338572  0.52449842  0.21446205  0.46905959  0.21423657  0.33892357
 -0.48730005 -0.23372156 -0.28151138 -0.14216184 -0.27541147  0.44285126
  0.42063052 -0.0261774   0.24862705 -0.06537703  0.3490785   0.54995597
  0.11852529  0.39054674  0.15563381  0.56446657  0.14167532  0.60934614
  0.21697056  0.36910992  0.52490181 -0.29333598  0.6009923  -0.466955
 -0.04116153  0.64818646 -0.17113565  0.65827543]","[ 0.65288007  0.17614938 -0.28951665 -0.44434932 -0.09187934  0.23072837
  0.71814188  0.16387229  0.61380675  0.5039739   0.33663445  0.18742478
  0.49411205 -0.32074145  0.46265979  0.29481613  0.47412627  0.30682799
 -0.16322117  0.1811412   0.31791627  0.59076531  0.12758795  0.35680335
  0.09588958  0.50060187  0.70426104  0.30223536  0.11342811  0.25418002
  0.68900739 -0.13966592  0.10727159  0.69747973 -0.29097661  0.65117125
  0.30949142  0.60768604  0.73023906  0.15580844  0.26538602  0.43066094
  0.50530146  0.56860941  0.61968406 -0.33222813  0.42858861  0.07817526
  0.55831274  0.41100378  0.15469963  0.27115818  0.52030176  0.2093381
 -0.16984288  0.40314722 -0.14392593  0.337666   -0.42409425  0.5121884
  0.43192608  0.73845796  0.42445371  0.60500851  0.3118064   0.57604759
  0.46151431  0.57129204 -0.25757541 -0.54795222  0.62546929  0.33521592
  0.62596596  0.41939878  0.24753899 -0.19212234 -0.09225826  0.61969845
 -0.0818171  -0.025824   -0.36869281  0.5841495   0.33514497  0.2952156
  0.57298782 -0.04908034  0.33214138  0.35813933  0.69506026  0.7482973
  0.20468549  0.63493433 -0.21027965  0.43379609]","[ 0.31155049 -0.20458781  0.66884174  0.37881395  0.49361049  0.19012324
  0.50324175  0.59516595  0.35988564  0.39406488  0.28477107  0.33850334
  0.53694612  0.22631226  0.56682166  0.15427812  0.51747224 -0.35627087
  0.56531081  0.59289222  0.54914595  0.46674238  0.44776807  0.42366578
  0.31433679  0.47876405  0.55004095 -0.28068512  0.34009102 -0.57462614
  0.62595433  0.61884856  0.36383415  0.58522479  0.41163128  0.52868529
  0.65630069 -0.2594482   0.70652195  0.78575435  0.23618019  0.72936787
  0.66179591  0.42647745  0.84703555  0.35709344 -0.41319526  0.535956
  0.67131447  0.62451702  0.63764378  0.32964249  0.77207256  0.56975598
  0.55519083  0.71919616  0.36740712  0.72767428  0.56482998  0.60094627
  0.46915298  0.42375156  0.62042168  0.26194839  0.65860985  0.5462924
  0.72929953  0.72718859  0.45583986 -0.17255539  0.71088201 -0.249803
  0.42041362  0.36851468  0.61983143 -0.17006815  0.49578728  0.85139802
 -0.24113741  0.44019281  0.23124359  0.71678447  0.4151278   0.33073531
  0.61631512  0.57746135  0.41711119  0.73590028  0.65379661  0.5221559
  0.28315743  0.43149305  0.19444462  0.40214952]","[ 4.30893165e-01  1.00807829e-01  5.09565006e-01  2.26545839e-01
  7.08123198e-01  2.91329866e-01  1.39511692e-01  2.65844058e-01
  1.82336202e-01  4.30599696e-01  1.25883517e-01  1.30803891e-01
  2.33023425e-01  3.93047984e-01  3.26880081e-01 -1.24008768e-01
  3.99677743e-01  1.09523477e-01  3.08804247e-01  8.08172000e-02
  2.93756181e-01  3.57290415e-01 -2.54035073e-02 -4.05609921e-01
  2.01473817e-01 -1.76101485e-01  6.84387275e-02  2.04972234e-01
 -2.66078500e-01  2.81990903e-01 -2.82676735e-01 -1.21922733e-01
  2.83558269e-01 -1.18770556e-01  4.43642597e-01  3.03614144e-01
  2.88386378e-01  5.10254438e-01  3.88481347e-01  7.77272575e-02
  1.17619062e-01  2.00493821e-01  4.65637332e-01 -4.32723455e-01
  5.80774229e-01  2.31019303e-01 -5.04969245e-02  2.35121301e-01
  5.53398854e-01  3.53005575e-01 -4.18060818e-01 -2.23139156e-01
 -1.68545049e-01  3.23692005e-01 -1.23588630e-01  6.03524418e-01
  2.06276796e-01  2.45037119e-01  5.53120871e-01  3.82933089e-01
 -1.71520097e-04  5.83157603e-01  2.63027830e-01 -3.61294011e-01
  6.72857297e-01  2.51045790e-01  4.22847432e-01  2.72358312e-01
  2.11296187e-01  1.68062684e-01  1.03077323e-01  6.31753357e-01
  1.63230264e-01  4.02904965e-01  4.65013435e-01 -3.22216953e-02
 -1.39004981e-01 -2.20855103e-01  3.88419923e-01  7.61192119e-01
  1.05774276e-01  3.66864910e-01  2.72920898e-01  1.77792838e-01
  4.82900092e-01 -4.42623398e-01 -3.36072741e-01  3.88849082e-01
  4.03176885e-01  4.76606327e-01 -2.78297909e-01 -2.00540397e-01
 -5.60257744e-02 -2.14058722e-01]","[ 0.27729307  0.38031465  0.56735889  0.15599832  0.60593775 -0.59502314
  0.5579187  -0.03664307  0.0411925   0.18951062  0.4839603   0.23733228
  0.28236453  0.2801231   0.32753187 -0.05085141  0.20847826  0.30645658
  0.33330962  0.23448264  0.34171791 -0.26840726  0.05310302  0.32865259
  0.08236341  0.08248071  0.42476273  0.17986533 -0.19582461  0.18864177
 -0.17548934 -0.0314163   0.12030024  0.33901179 -0.16790389  0.14558295
  0.23474043  0.54228159  0.01417217  0.44825231 -0.10953749  0.16287142
  0.285733    0.15243177  0.2927594  -0.23861381 -0.14969748 -0.14581036
  0.34891445  0.16249179  0.28389237  0.40934719  0.25164495 -0.17448163
 -0.03824614  0.43868026 -0.47121297  0.30270249 -0.25134215 -0.28816921
  0.06202324  0.36371531  0.15171611  0.0796893   0.11175885  0.34491288
  0.15266454 -0.11032186 -0.00080907  0.0573491   0.06302669  0.48884779
 -0.01060996  0.33170699  0.41537482 -0.17504064  0.20428019 -0.35511572
  0.14920452  0.6221404  -0.29513818  0.43473753  0.03872056 -0.03575628
  0.21570281  0.49360977 -0.23828265 -0.08596557  0.45057915  0.54016257
 -0.18475287  0.09037043  0.23947964  0.27629102]","[ 0.38378427  0.45471102  0.04365491  0.32066209  0.74042381 -0.48460308
  0.54616527  0.34768808 -0.13105048  0.33342599  0.42692112 -0.0092116
  0.40861054  0.43550027  0.15536808  0.00595706  0.76963467  0.03210854
 -0.26716756  0.14533786  0.57195609  0.34592881  0.23236832  0.02257925
  0.23761341  0.00316849  0.2138934   0.22418798 -0.17124238 -0.25374268
 -0.20999703  0.12988999  0.40146109 -0.00938227  0.34395812  0.23085983
  0.36053897  0.40861796  0.35298937 -0.11450586  0.28573403  0.28983197
  0.52228416  0.23824617  0.25801881  0.32554132  0.03702507 -0.15062651
  0.5554696   0.59621842  0.24688386  0.33485802  0.21548168 -0.20356901
 -0.1930932   0.45477552 -0.25787265  0.34699769  0.03581735  0.36110756
  0.22283899  0.42685684  0.54633476 -0.1682902   0.53368126  0.26952201
  0.45328555  0.46475548  0.28007002  0.20920587  0.70571458  0.68866919
  0.23632568  0.36997485  0.39000127 -0.111454    0.24911647 -0.4723986
  0.29978539  0.68207221  0.30054855  0.32235962 -0.02034823  0.46831265
  0.01143632  0.35789282 -0.51740533 -0.18738506 -0.39905645  0.57659341
 -0.17234678 -0.00111331  0.14160414  0.33668357]","[-0.02070675  0.0138495  -0.33289212  0.19188802  0.27740451  0.24628601
  0.49993974  0.17897672  0.41879567  0.11497485  0.52717061  0.27532889
  0.29714767 -0.46684371  0.33953612 -0.41319864  0.07956233  0.03003546
  0.15997372  0.08313489  0.48777396  0.31217592  0.05393236  0.08350418
 -0.36769362  0.46867182  0.51860816  0.23193075 -0.16187815 -0.04559466
  0.60731738 -0.03200096  0.53865078  0.52607443 -0.28901604  0.45904023
  0.08511674  0.20377569  0.5296381   0.51539176  0.26011923 -0.08600197
  0.18433098  0.48062488 -0.28447043  0.35070933 -0.29688759  0.26285476
  0.25361998  0.46737087  0.08519415  0.30726665  0.06339657  0.0343344
 -0.20864968  0.58213955 -0.03359821  0.51604084 -0.11963809  0.13195671
  0.19791247  0.34696774  0.54143956  0.30832326  0.34025885  0.52498254
  0.37512838  0.23546758  0.02401275 -0.3237761   0.01951029 -0.34441749
  0.55468448  0.21943686  0.08666303 -0.04593936 -0.10957459  0.23521467
  0.22800792 -0.11096253 -0.0743977   0.74981297 -0.12259726  0.08997157
  0.3922389   0.51212759 -0.20126028  0.48749822  0.03481214  0.75101318
  0.58717416  0.207746    0.56076459  0.23960503]","[ 0.23717122  0.19693864 -0.04440059  0.53819641  0.57186274 -0.22061569
  0.27230926  0.51530375  0.27322513 -0.12275053  0.11095794  0.51016939
  0.4751978   0.15743496  0.19980436 -0.60072684  0.63383407  0.58537573
  0.30693159  0.51085278  0.52273126  0.12389719  0.31236204  0.2742579
  0.35828919  0.30338348  0.8106449   0.54894878  0.42363476 -0.0596369
  0.70864076  0.66299822 -0.42442004  0.49411168  0.31875488  0.57706587
  0.50280039  0.47816459  0.36531146  0.67767821  0.56943988  0.38317689
  0.27144562  0.2672913   0.66866781  0.36703367 -0.15677541 -0.16390216
  0.16528747  0.69830328  0.80335743  0.44231222  0.65357418  0.03061603
  0.24208725  0.49194042  0.25767349  0.66773893 -0.24371251  0.39317646
  0.26255241  0.27226252  0.62136758  0.52229007  0.25014466  0.20520095
  0.44793989  0.39499541  0.45380029 -0.07672343  0.41965289  0.45519849
  0.11592663  0.51500799  0.42040909  0.04490095  0.40388351  0.69052559
 -0.46923867  0.58843993  0.20074353  0.76769511  0.2571048   0.3561443
  0.5111848  -0.46124332  0.39535655  0.51246779  0.46212157  0.61906783
  0.07953612  0.3251732  -0.01454451  0.35228575]","[ 0.38682458  0.29981238  0.20896014 -0.09260719  0.2082621   0.40865903
  0.52628113  0.44069361  0.34632961 -0.08871222  0.41126632  0.50103083
  0.38721908 -0.25718749  0.45761904 -0.12767682  0.34679771  0.42709579
  0.42694264  0.14617559  0.49789636  0.28027636  0.28384311  0.17918108
 -0.35720239  0.24632366  0.60823476  0.0433593   0.21019729  0.24459593
  0.57753639  0.58692652  0.33291148  0.21144815  0.29998898  0.58267809
  0.30576588  0.45800282  0.777897    0.67396626  0.33813149 -0.34549468
  0.52611748  0.31689468  0.84849236 -0.24390288  0.19111694  0.10984482
 -0.15723901  0.71305725  0.45065353  0.07988772  0.77163478 -0.07510705
  0.39014015  0.6608831  -0.03686652  0.65339082  0.01784458  0.36642747
  0.2901603   0.35322267  0.60584101  0.4600014   0.25809687  0.30134482
  0.64409454  0.20147128  0.1943404  -0.12765221  0.18016073  0.6346007
 -0.34483432  0.50001973  0.13481083  0.2091226  -0.19737421  0.68400847
 -0.05060273 -0.08361972 -0.54870391  0.20957858  0.14317313  0.33463783
  0.51366257  0.30760217  0.12716497  0.41448808  0.54792055  0.44311403
  0.03753109 -0.27815144  0.42304308  0.21633999]","[ 0.3977586  -0.07205063  0.21516083  0.4878759  -0.24500097 -0.15628552
  0.38151132  0.53092387  0.26064899  0.50140954  0.4506259   0.50200898
  0.29653305 -0.31555359  0.56728866  0.28315587  0.52701475  0.05809166
 -0.15927242  0.24516811  0.2466986   0.50646571  0.22486983 -0.13531964
  0.6123905   0.36516794  0.63944003  0.17226836  0.45784023 -0.04647696
  0.16782893  0.41831151  0.31775276  0.28553817 -0.07737135  0.339741
  0.44275146 -0.17712427  0.57302846  0.28347533  0.23227767 -0.34536053
 -0.20145124  0.24522416  0.43600649 -0.45744463  0.68168255  0.23729869
  0.26406688  0.35668916  0.22857503  0.35046877  0.39256214  0.16063548
 -0.45093732  0.16523404 -0.37371139  0.46884572  0.44965526  0.37348151
  0.55617802  0.57392604  0.40093677  0.68751814  0.03473429  0.28826655
  0.61297337  0.61817765  0.51434737  0.2284513   0.0805212  -0.01318831
  0.68146468  0.22138669  0.43368141  0.25403933 -0.19847035  0.63715036
  0.20183317 -0.04177121 -0.50289555  0.44664195  0.60696568  0.55507017
  0.40276599 -0.42968081  0.50257263 -0.39121097  0.54455596  0.25345188
  0.56241785  0.25976606 -0.36527099  0.60072665]","[ 0.12825287  0.16420765  0.54331405 -0.04275609 -0.26987287  0.25173078
  0.41483725  0.62708584  0.38452304  0.43016049  0.11846445  0.04360677
  0.47154338  0.13719272  0.61296208  0.38678264  0.504802    0.54951195
  0.08789967  0.60897739  0.31530248  0.33978078  0.16157723 -0.0305534
 -0.25171385  0.55402923  0.70913467  0.47996402 -0.27961848 -0.0767654
  0.58867375  0.3980388   0.09313472  0.52796622  0.46109961  0.42256307
  0.40349319  0.72675103  0.73068236  0.43272459  0.64511947  0.16417924
  0.58935323  0.42847076  0.75202701  0.30237504  0.36806735  0.32088127
  0.02519023  0.6173755   0.29231406  0.45155634 -0.28459838  0.59318532
  0.44500452  0.56992144  0.10298336  0.82880784  0.06982652  0.64464646
  0.30845997  0.68756667  0.68294588  0.68712158  0.422421    0.13536057
  0.64400891  0.67311839  0.63208845  0.24770943  0.59316421  0.61938215
  0.66321996  0.37581767  0.34394503  0.42002757  0.18178766  0.74983225
  0.07571315  0.00171142 -0.45882143  0.66736039  0.41526744  0.33181696
  0.56845034 -0.28359328  0.59061645 -0.24022046  0.72863616  0.42189717
  0.52172548 -0.01824109 -0.13121426  0.59743985]","[ 0.19779952 -0.15584302  0.4294398   0.47096888  0.42318261  0.54304691
  0.51049092  0.59036027  0.43314307  0.49854029  0.50314699  0.32896085
  0.35772049  0.2780222   0.01802749  0.13307761  0.51536357  0.47377355
 -0.01156882  0.51262495  0.41320612  0.49902466 -0.51977651  0.02512029
  0.61486415  0.42414572  0.20553241  0.70571247  0.20098143  0.49712876
  0.57281977  0.15023673  0.50124509  0.58423355  0.4376077   0.56574685
  0.32156649  0.40316656  0.71182115  0.64017849  0.31944336  0.4498512
  0.71350745  0.61075554  0.37085343 -0.51911332  0.82432914  0.40736832
 -0.12011577  0.21353089 -0.0541138   0.52844346  0.51939799  0.35834627
  0.1811355   0.68185283  0.14968763  0.34271198  0.30598166 -0.3779149
  0.07838576  0.71101897  0.47323012  0.18277573  0.61713718  0.22699731
  0.19088563  0.37909996 -0.52523898 -0.29266812  0.3256581   0.29664999
  0.43572403 -0.31508668  0.48794154  0.12774714  0.39303916  0.703259
  0.16012248  0.26800372  0.28770725  0.49482349  0.52145069  0.57971452
  0.35272766  0.56491355  0.44716203  0.29560396  0.5897891   0.19851415
  0.36892115  0.6965479   0.37028788  0.56770285]","[ 0.50847599 -0.11921853  0.0584662   0.53924268  0.24858104  0.37774709
  0.6736481   0.59439347  0.60238035  0.44213849  0.68296085  0.26386282
  0.52359042 -0.22942999  0.66867242  0.07544989  0.40686774 -0.48074983
 -0.04454127  0.08016584  0.41606962  0.52952802 -0.0175621   0.31193506
  0.12227668  0.44790707  0.72931869  0.50518262 -0.54925275  0.58631046
  0.73277386  0.47279912  0.44250694  0.7376805   0.02854295  0.74669984
  0.47455812  0.74713326  0.81117136  0.74853323  0.35408488  0.04054137
  0.66068085  0.6135077   0.65537355 -0.35031842  0.45103418  0.63421065
  0.38197138  0.59522905  0.63255503  0.7216542   0.38795643  0.50309491
 -0.37100996  0.65624001  0.14507958  0.73332371  0.55419767 -0.03140624
  0.41882557  0.3470925   0.59521702  0.39320665  0.48137185  0.40558819
  0.48592086  0.55164023  0.39097589  0.56042922  0.7158585   0.04774721
  0.52741494  0.51779557  0.39932387  0.11729899  0.3914515   0.57689425
 -0.27677681  0.28841327 -0.1615399   0.78968101  0.48315078  0.57837439
  0.58115283 -0.25828587  0.66161646  0.68594285  0.70674392  0.71717233
  0.18979268  0.21472986  0.06077311  0.62246262]","[ 5.03849395e-01  2.65627149e-01  3.30891650e-01  6.76812092e-01
  5.13949151e-01  5.79680353e-01  6.93712867e-01  5.26145383e-01
  2.19332815e-01  4.69189453e-01  4.95372993e-01  6.44640690e-01
 -1.17005255e-01  2.16339564e-01  5.04666398e-01  1.34747463e-01
  5.12816265e-01 -4.92554774e-01 -4.35798823e-02  2.13358422e-01
  4.79257780e-01  2.96717697e-01 -1.63375312e-01  2.63683233e-01
  4.50070234e-01  5.05353709e-01  6.97169847e-01  6.60676543e-01
 -2.17124281e-01  1.10502001e-01  5.80158466e-01  5.21094711e-01
  3.80694135e-01  5.70468266e-01 -4.27298032e-02 -3.55295421e-01
  2.43193557e-03  4.30132450e-01  6.41797940e-01  6.76076823e-01
  2.27979465e-01  3.87544472e-02  5.67676128e-01  5.72025564e-01
  1.27643089e-01  2.32010004e-01  4.37193920e-01  3.39186628e-01
  2.06630382e-01  1.70787992e-01  2.04017062e-01  3.65235580e-01
  3.39481280e-01  5.36373954e-01 -1.35289878e-01  5.98308140e-01
  1.73125758e-01  2.76685094e-01  2.07796580e-01  2.28345215e-01
 -1.46559676e-01  1.69086703e-01  5.59165410e-01  2.27475168e-01
  4.85264600e-01  6.65699178e-01  4.57991448e-01  5.89666480e-01
  3.75378894e-01  4.16051251e-01  4.90013666e-04 -3.29573333e-01
  6.13886129e-01  2.80860614e-01  6.49563489e-01 -1.16314918e-01
  2.29509902e-01  4.93128754e-01  2.03876594e-01  7.86828540e-02
 -1.52920331e-01  5.12676730e-01  2.89283597e-01  4.64338932e-01
  4.60364285e-01  7.25170321e-01  4.75734825e-01  4.35333353e-01
  4.55631593e-01  5.96580201e-01  6.39615806e-01  5.13046977e-01
  2.86310594e-01  4.94816205e-01]","[ 0.45516324 -0.07925475  0.07162827  0.48425527  0.05865093  0.28878259
  0.73746715  0.47244115  0.48060337  0.61272434 -0.06977033  0.44207385
  0.41326195  0.02966087  0.20500321  0.2846903   0.29985709  0.4080051
  0.26325939 -0.20251483  0.25743836  0.05391738  0.20032089 -0.02414387
  0.14387129  0.40000237  0.38412931  0.51149828  0.36554636 -0.11039222
  0.45217445  0.45808142 -0.07397755  0.66582128  0.0925425   0.52793207
  0.3768833   0.43435633  0.49439975  0.2372047   0.45605198  0.18918719
  0.51523696  0.36633168  0.55095255 -0.1181883  -0.48360749  0.42949464
 -0.17752474  0.5059426   0.08528023  0.60308377  0.27755066  0.54628645
 -0.06218309  0.44652353 -0.22838338  0.62037167 -0.08987376  0.43910599
  0.10037035 -0.12464553  0.54948454  0.30974761  0.59594301  0.29945716
  0.46518372  0.42192323  0.18185399 -0.13626159  0.49333519  0.01629496
  0.3408354   0.54988648  0.32151696 -0.17184622 -0.35378916  0.45281492
  0.34057531 -0.13141799  0.40342908  0.61617412  0.31661033  0.65166062
  0.11824607  0.67092316  0.22996954  0.43991677  0.31245053  0.04927435
  0.07566495  0.61478382 -0.03753669  0.18597349]","[ 5.57915654e-01 -1.41898898e-01  4.35747335e-01  6.97237245e-01
  3.43443329e-01  3.17609520e-01  5.64003213e-01  6.23932765e-01
  4.93536718e-01  5.38909596e-01 -5.79238734e-05  4.78157784e-01
  6.01576118e-01 -4.53290747e-01  4.63092087e-01  2.74611224e-01
  5.36202280e-01 -3.03472130e-01  1.83740450e-01  5.67033403e-01
  5.26322028e-01  4.86521987e-01  1.27813768e-01  3.65589569e-01
  6.97339508e-01  5.50298822e-01  8.07044642e-01  6.54801989e-01
  3.19117332e-01  4.01256326e-01  7.45658023e-01  1.09244516e-01
  4.09115422e-01  7.45591046e-01  1.59542004e-01  6.08800087e-01
  3.10753635e-01  5.73701801e-01  8.07494637e-01  7.45125453e-01
  4.41560276e-01  4.89243245e-01  5.71770947e-01  5.35243209e-01
  6.99158579e-01  3.87660447e-01  5.56263912e-01  5.57650227e-01
  3.24439290e-01  5.33535565e-01  4.78189970e-01  7.10952658e-01
  5.49946450e-01  3.28577190e-01  2.01070824e-01  6.09453442e-01
  1.96135619e-01  5.32274316e-01  4.97187081e-01  5.51908020e-01
  1.47693228e-01  4.61706804e-01  6.69322940e-01  6.58377421e-01
  6.43117218e-01  6.35593393e-01  5.26343485e-01  7.66302908e-01
  4.86476437e-01  5.96843008e-01  6.90116738e-01  4.13922073e-01
  6.16318711e-01  6.83387667e-01  5.77668485e-01  4.56530296e-01
  1.91603652e-02  5.58568611e-01  1.11813103e-01  2.65882437e-01
  2.26515437e-01  6.40978659e-01  4.94234183e-01  6.39141284e-01
  5.74757521e-01  1.95791217e-01  3.67177478e-01  6.67463620e-01
  6.56683211e-01  6.47310869e-01  6.39978209e-01  4.81949019e-01
  3.15882704e-01  5.12532594e-01]","[ 4.22245257e-01  3.83019122e-01  1.25459893e-01  2.54148947e-01
  2.84171321e-01  4.05007900e-01  7.70004087e-01  1.09811985e-01
 -1.92821925e-01  4.92781014e-01  5.94045453e-01  4.69495136e-01
  4.89169345e-01  4.81234367e-01 -8.79803586e-02  8.17715276e-03
  6.21626421e-01  1.07244938e-01  4.29506550e-01  1.45399130e-01
  5.32002584e-01  1.39210460e-01  2.20433510e-01  2.47674992e-01
  4.64886124e-01  3.19406081e-01  8.57066098e-02  4.71090928e-01
 -2.32604022e-01  1.67391573e-01  2.63632235e-01  2.40722811e-01
  5.97844270e-01  6.47371534e-01  4.05852728e-04 -1.68342319e-01
  4.45008821e-01 -4.20842121e-01  3.88652213e-01  3.79708215e-01
  2.79713813e-01 -2.48093667e-01  5.12706637e-01  4.71418873e-01
 -5.09853313e-02 -2.82226783e-01  2.13349145e-01  3.21691733e-01
 -3.09505201e-01  1.53133407e-01  2.52799855e-01  3.10427748e-01
  2.89653065e-01  4.56594758e-01 -2.48997203e-01 -3.17900671e-01
 -3.03049400e-01  2.64622935e-01  2.27872730e-01 -5.13845522e-02
  2.39875154e-01  4.68609754e-01  4.09135795e-01  6.32818689e-01
  2.57521224e-01  4.92493664e-01  5.19444303e-01  2.78242710e-01
 -4.76958647e-02  3.17840918e-01  9.98917098e-02  9.68175919e-02
  4.27010250e-01  2.03395595e-01  8.77304069e-02  2.73422137e-01
  2.95678404e-01  2.54982741e-01  2.15760038e-01 -3.02791905e-01
 -2.74455431e-01 -1.39357441e-01  2.02085400e-01 -9.72941162e-02
  6.33820599e-02  7.60003622e-01  4.25569331e-01  3.26685265e-01
  3.87502895e-01  3.56286442e-01 -8.88656285e-02  6.69479018e-01
 -4.16514094e-01  3.07692401e-01]","[ 0.80087774  0.53054098  0.73874511  0.69691355  0.58895382  0.49889728
  0.8053417   0.75931018  0.61550445  0.81396431  0.6059644   0.6090854
  0.80713278  0.6018541   0.5142078   0.66155786  0.87459108  0.60059563
  0.64742522  0.56500568  0.70277477  0.7942915   0.63490769  0.58719217
  0.77992523  0.7417401   0.83061343  0.84680562  0.65743837  0.76470399
  0.81661764  0.4761322   0.58899273  0.84792515  0.46481797  0.77453565
  0.77490626  0.83009808  0.86692298  0.80913432  0.66162572  0.80432794
  0.7856313   0.78139014  0.69365243  0.47961608  0.4953934   0.73621203
  0.70078573  0.53655177  0.62353971  0.83213292  0.41666639  0.89350176
  0.78680828  0.77331098  0.64078446  0.8339322   0.7139647   0.74991488
  0.41615438  0.81366263  0.73842949  0.85394576  0.89330157  0.60643121
  0.84065095  0.88256282  0.88878748  0.84277709  0.76057451  0.70958628
  0.63307194  0.69632634  0.82550728  0.70515028  0.47447374  0.8386746
  0.66803921  0.69208186 -0.11299094  0.82405083  0.75651421  0.50638446
  0.77009776  0.5700375   0.70027479  0.7200554   0.77474713  0.83434712
  0.89502732  0.81447087  0.49180656  0.71250089]","[ 4.35694084e-01 -1.95960161e-01  1.20548343e-01 -2.67809245e-01
 -3.80263109e-01 -6.49649637e-02  7.32966929e-01  6.83293013e-01
  4.53329469e-01  5.86277317e-01  3.33556159e-01  3.88958636e-01
  5.11833067e-01 -2.07358492e-01  1.07200865e-01  2.60254653e-01
  6.22357946e-01  2.06761929e-04 -4.64141736e-01 -2.57133291e-01
  3.71526384e-01  3.52808092e-01  2.94050546e-01  2.90378159e-01
  6.64003902e-01  3.24483731e-01  5.26091012e-01  3.95907036e-01
  4.64383586e-01  2.70826259e-01  4.96481651e-01  3.28364155e-01
  5.51912967e-01  7.80088601e-01 -9.98097899e-02  3.41976980e-01
 -3.71017623e-02  1.80902160e-01  6.44153533e-01  4.11236263e-01
  3.95346821e-01  2.13322669e-01  5.81249244e-01  2.24837235e-01
  2.04878927e-01 -2.93547479e-01  6.13108638e-01  3.20247560e-01
 -4.50353974e-02  1.69157224e-01  2.77711567e-01  3.84427340e-01
  2.92771091e-01 -2.79832300e-01 -3.21920555e-02  4.88629782e-01
 -4.01273717e-01  3.08640079e-02  5.53680842e-03  4.84198170e-01
  1.31619085e-01  6.09406342e-01  5.41966272e-01  3.38851589e-01
  8.90403001e-02  5.64766301e-01  5.77089304e-01  5.69134638e-01
  6.55230012e-01  3.32426534e-01  5.53135281e-01  2.03858805e-01
  4.69708774e-01  3.39832267e-01 -3.77403153e-02 -1.61008621e-01
 -1.30819370e-01  6.51714320e-01 -4.47431369e-02 -2.11069387e-01
  2.01152440e-01  5.89881097e-01 -6.28177514e-02  1.24101353e-01
  4.39636958e-01 -5.21945931e-01  4.30984387e-01  5.48544492e-01
  6.59827517e-01  5.63654379e-01  1.37884199e-01  4.24653745e-01
  1.52274809e-01  4.22974171e-01]","[ 0.58691255  0.01318578 -0.42502868  0.22504099 -0.45779161 -0.22153503
  0.68224807  0.08130491  0.43413134  0.36360709  0.43429987  0.12919794
  0.50069463 -0.29729419 -0.40990433  0.3961059   0.31916404  0.14353008
 -0.05311513  0.20358021  0.3457287   0.31951495 -0.02762056 -0.11888214
 -0.19772057  0.4190305   0.67669254  0.34196174 -0.07479383 -0.50173758
  0.2212644   0.18069172 -0.08255867  0.09088721 -0.1118047   0.45463521
  0.50403166  0.08272299  0.42358859  0.4153977  -0.03505125  0.23558598
 -0.11528028 -0.41315024 -0.08623069 -0.06081476  0.09859792 -0.34877588
  0.27433111 -0.1405733   0.27004438 -0.15443154  0.43055918 -0.350448
 -0.21670033  0.46245913  0.32693775  0.40143887 -0.36282916 -0.37129771
 -0.22067642  0.255171    0.61914437  0.16366964  0.03885128  0.37093911
  0.24457994 -0.12191797  0.34324936  0.06252501  0.24354384  0.45001774
  0.04190771  0.24530343  0.49408045 -0.26120702  0.04110699  0.65437517
  0.35989781 -0.21429469  0.10368672  0.81882442 -0.37706153  0.2014242
 -0.56613724 -0.17042155  0.21496608 -0.20284698 -0.46183186  0.74785759
  0.5470481  -0.41872681  0.45060303  0.45500988]","[ 0.7804625   0.58275839  0.29232329  0.61017624 -0.42594412  0.12418426
  0.04002531  0.3643149   0.68146288  0.28509774  0.69693805  0.45298422
  0.56219945  0.22446226  0.52615705  0.34178481  0.4531956   0.56482925
  0.56413311  0.39542098  0.09572266  0.48046819  0.33003914  0.553622
 -0.3687949   0.49383134  0.70030947  0.33996029  0.0078795   0.62006752
  0.39698397 -0.54175412  0.31398855  0.20882429  0.43062137  0.47279473
 -0.13648861  0.24633761  0.47262482  0.54845574  0.18631719  0.39205247
 -0.4498233   0.37157866  0.57972342 -0.02914403  0.1330357   0.55214758
  0.46488703  0.78245797  0.36169484  0.02530675  0.52540702  0.24441637
  0.33982139 -0.00312646  0.11873401  0.57883224  0.24517616  0.34183645
  0.14158203  0.51851647  0.41723546  0.37814208  0.37595484  0.47052932
  0.31101865  0.4133813   0.21902362  0.29402791  0.29813022  0.18927827
  0.68653915  0.18761794  0.23345204  0.28318644  0.26195301  0.43279721
  0.06964023  0.59659615 -0.40401611  0.6935078   0.0137099   0.20408731
  0.2326343   0.70909917 -0.09410304  0.39463485  0.57102595  0.52951645
  0.6178929  -0.08328485 -0.15235538  0.20512002]","[ 0.33539122 -0.0218071   0.25717342  0.35600963 -0.28735472  0.08231703
  0.29637702  0.69166023  0.69214923 -0.34067595  0.22129188  0.35184426
  0.04885082 -0.58896107 -0.07018024  0.40000787  0.55029684  0.09999839
 -0.06482558  0.32696763  0.40283184 -0.00859767  0.4820868   0.65970668
 -0.45945847  0.2431698   0.68795133  0.30191798  0.32149104  0.28148023
  0.40247098 -0.23067368  0.25263244  0.57425876  0.48312611  0.61560766
  0.2567868   0.31984942  0.626005    0.41890114  0.52854944 -0.05447333
 -0.3074151   0.08262554 -0.35942199 -0.02569026  0.09643241 -0.12421209
  0.38586112  0.63481022  0.23970038  0.22830732  0.52549621  0.18841512
 -0.15812368  0.37177766  0.30305614  0.81763827 -0.19372938  0.20811671
  0.14133247  0.49248961  0.59488109  0.3697489   0.41456636  0.68269742
  0.1696964   0.25194263  0.43801651  0.51252987  0.44395094  0.46433256
  0.15860959  0.52004557  0.46018321 -0.16044874  0.33346752  0.53415067
  0.21045456  0.45466961 -0.14260138  0.8249877   0.17680357  0.39495876
  0.11963681  0.64560476  0.0730098   0.09624166  0.44416218  0.33370722
  0.08312703 -0.52151867 -0.07661014  0.16985391]","[ 0.86922611  0.78942403  0.42586152  0.53699675 -0.0306104   0.42063105
  0.47123696  0.16246112  0.60172617  0.37572769  0.75657973  0.48349966
  0.49045874  0.23456741  0.56765333  0.3544725  -0.42891391  0.46083595
  0.79134004  0.56854595  0.34452223  0.65182618  0.17110925  0.59823652
 -0.22042462  0.52101046  0.74756432  0.24683141  0.35022053  0.5660765
  0.48894244  0.39754594  0.44846551  0.2740116   0.59464756  0.57631946
  0.38910185  0.43595313  0.73384454  0.43428954 -0.1990872   0.4456994
  0.15744744  0.48066826  0.56112176  0.24175281  0.50288511  0.55663842
  0.37631646  0.86369028  0.41918672  0.29436098  0.55299468  0.50476237
  0.47106101 -0.33936741 -0.01905035  0.33043737  0.21911253  0.28034726
  0.08180986  0.57539009  0.29932117  0.70642708  0.41811333  0.6724006
  0.56266348  0.39024396  0.13308668  0.32351743  0.39515805  0.2115615
  0.73808606  0.05235559  0.23882895  0.06368316 -0.10604887 -0.04348455
  0.02394887  0.52688659 -0.14330231  0.59622913  0.09809359 -0.12980175
  0.48077018  0.79901132 -0.43504104  0.47530944  0.60141456  0.53884211
  0.74650353  0.18763435  0.36302864  0.55101672]","[ 0.6612564   0.73720771  0.26414197  0.46931984 -0.26429436  0.41172932
  0.36873298  0.28199939  0.56656604  0.1894218   0.79503388  0.43318612
  0.65596778  0.22892731  0.37407862  0.19449441  0.44867468  0.35650918
  0.22902771 -0.1610606   0.31677816  0.72658807  0.27279683  0.560542
  0.18497915  0.44019747  0.60123098  0.38837981 -0.0048024   0.13953836
  0.48181713  0.21550508 -0.53735107  0.43260469  0.5879783   0.49020128
  0.50269276  0.55161387  0.65505653  0.38555422  0.30618076  0.28422315
  0.09707862  0.30610192  0.58778207 -0.23026878  0.28580321  0.40688652
  0.53959408  0.60317674  0.64262882  0.0748693   0.27158482  0.40114633
  0.62586961 -0.14724725  0.20361225 -0.26161084 -0.09659325  0.27766615
  0.23065142  0.59080522  0.46900281  0.66791204  0.449124    0.57740691
  0.24736248  0.46990491 -0.17210171  0.69530042  0.42574588 -0.11218506
  0.69085693  0.09589115  0.01026364 -0.11564141  0.20279367  0.31714159
  0.45820463  0.58761391  0.14161806  0.64916539  0.05052077  0.4921017
  0.50344314  0.70548857 -0.14434814  0.64305291  0.40901494  0.61242764
  0.67770828  0.26259346  0.12669566  0.43358631]","[ 0.61550325  0.26334196  0.54709216  0.39966133  0.09588272  0.01141181
  0.14698738  0.79919093  0.71492515 -0.34241978  0.39451877  0.49616514
  0.55600708 -0.57901297  0.39891244  0.49349196  0.57901136 -0.2865381
  0.2417947   0.49833142  0.28294879  0.58519619  0.59076399  0.73248376
  0.41219928  0.39973718  0.82785303  0.45091894  0.36128849  0.52111608
  0.4063653   0.4417183  -0.02713682  0.66331125  0.53784861  0.64331457
  0.51273881  0.5616661   0.80290858  0.54244457  0.60299062  0.19354627
  0.14768874  0.29452499  0.38588085  0.15516323  0.45146224 -0.08090662
  0.21973121  0.75567921  0.67872958  0.65311608  0.35035273 -0.22729508
  0.38016399  0.39246416  0.44056947  0.8362      0.62017853  0.64607447
  0.36721301  0.78115528  0.65465082  0.73502601  0.5916469   0.6756698
  0.34875865  0.40207726  0.54221427  0.73211092  0.44765612  0.74070995
  0.66881844  0.62269138  0.45503562  0.40603653  0.56560335  0.7449383
  0.57130327  0.34710985 -0.32036838  0.87104358  0.40231177  0.50864455
  0.41274457  0.70124941  0.29873365  0.49702087  0.74428357  0.55958097
  0.15554614 -0.42891221  0.13512825  0.08054426]","[-0.33722988 -0.00146855 -0.37097137 -0.031295   -0.24241306  0.20507569
  0.0288033   0.4965305   0.17887303 -0.07914922  0.71526946  0.21668391
  0.03438532 -0.10994178  0.33327466 -0.00541908 -0.05564479  0.07549279
  0.23677768  0.19149197  0.236171    0.39571063  0.03548692 -0.36227016
  0.26800279 -0.25999453  0.6817884  -0.36637103  0.56028651  0.45581899
 -0.25629498 -0.05721671  0.51610439  0.43773992 -0.01842963 -0.49275539
  0.08507399 -0.0788     -0.18234186  0.24159886  0.08116231  0.34127188
 -0.18172312 -0.47595141  0.18045984  0.68848186 -0.47634082 -0.10471768
  0.26748977  0.57991543  0.13811768  0.36808888 -0.02808873  0.33503872
  0.31954721 -0.08371105  0.16353426  0.55895868  0.38613949  0.19360122
  0.12913299  0.09778346 -0.0623548  -0.33050512 -0.36713019 -0.16406746
 -0.49233919  0.29823938  0.21384123  0.75917001  0.22398289  0.18094475
 -0.13761476 -0.36997048  0.15890504  0.43606242  0.20573777  0.73622856
  0.69748034  0.30559045  0.50414306  0.18648319  0.03760222  0.31094399
 -0.33618701 -0.39562062  0.56419434 -0.19478329 -0.35734913  0.36516632
  0.36924003  0.45639591  0.25652793  0.67588112]","[ 0.78197229  0.46298194  0.32825101  0.5435423  -0.30872613  0.40518028
 -0.06177579  0.26921773  0.70096814 -0.15566591  0.62747775  0.37187852
  0.46028981  0.28330198  0.3262785   0.41388252  0.45386103  0.27548032
  0.45690636  0.36951607  0.1924829   0.48489503  0.18507564  0.4007144
 -0.12646259  0.30615692  0.70140251  0.32459075  0.16433459  0.44013962
  0.47261707  0.18851549 -0.45138601  0.26269231  0.62097684  0.31643287
  0.33980354  0.34628282  0.62513263  0.46923911 -0.27593848  0.57620612
 -0.09968435  0.45570364  0.48113967  0.0390491   0.68927463  0.37712051
  0.15029628  0.86862196  0.42679698  0.00267771  0.1668609  -0.30719543
  0.38429853 -0.07456676  0.40123468  0.42397696  0.21076808  0.1249636
  0.1907133   0.57618017  0.56021543  0.32436755  0.38982615  0.63577993
  0.32961493  0.64936839  0.20951643  0.44333437  0.2689489   0.26339532
  0.59133599  0.267338    0.24455707 -0.22969863  0.15598264  0.49748623
 -0.01578751  0.41659297 -0.12300052  0.67353193 -0.11381066  0.06348168
  0.44217195  0.70899273 -0.49278256  0.55642185  0.46249549  0.59160425
  0.46994509 -0.14269613 -0.43374602 -0.00801544]","[ 0.72352339  0.12356418  0.47142671  0.1686155  -0.36596407  0.20037353
  0.02565625  0.66009157  0.64086876 -0.08766164  0.07961876  0.2953046
  0.55267181 -0.62941246 -0.09552851  0.3578937   0.59009035 -0.30529636
  0.13870777  0.27254922  0.41423919  0.20988677  0.49681418  0.44493116
  0.03551058  0.47963842  0.81721332  0.20105838  0.30154934  0.06563047
  0.24114113  0.39985084 -0.16541332  0.56136322  0.52482091  0.51830488
  0.45260788  0.34972318  0.74313085  0.40405     0.14830534  0.32462437
 -0.12217452  0.24720969  0.0881598  -0.09540944  0.44087223 -0.03076019
  0.543333    0.59709758  0.47589947  0.58975504 -0.42105045  0.67269238
  0.31339259  0.23592631  0.49635509  0.80798641  0.48541372  0.19882795
  0.16002377  0.67318737  0.64892885  0.56978878  0.4658364   0.61193892
 -0.46390232  0.42382016  0.65480391  0.80893845 -0.19915595  0.57301283
  0.45815676  0.31738046  0.09944073  0.31564992  0.51474814  0.56811962
  0.48697333  0.38473246 -0.08225408  0.79111029  0.06890989  0.48825749
  0.34338581  0.4917467  -0.1211086   0.55099233  0.52636997  0.62721771
 -0.20307128 -0.44624395 -0.23215325  0.18387504]","[ 0.36190193  0.40270655  0.18398181 -0.13272901  0.12088691 -0.10386004
  0.22637627  0.27515535  0.07821657  0.42479157  0.46805147  0.44332734
 -0.38723613  0.39267936  0.0146811  -0.27333843 -0.26542921  0.01865283
  0.68865421  0.2309705   0.0789341  -0.27085326  0.38426011 -0.25528067
 -0.2123305  -0.17317807 -0.12743561 -0.09676484  0.62595171 -0.13360839
 -0.10286632  0.03448792  0.03068113  0.14075727  0.21605734  0.21644182
  0.40377458 -0.33294316 -0.10331056 -0.18113815 -0.017188    0.06681181
 -0.22331128  0.34250582 -0.23329594  0.1602353   0.37502044 -0.05573048
  0.01344657  0.32574372 -0.10825276  0.35114561 -0.17270691 -0.03801761
 -0.05605842  0.07060622  0.22967441  0.41012581  0.23735251  0.40450999
  0.37575268 -0.24515634 -0.08258589  0.16905703 -0.29871848 -0.41167886
 -0.43163188  0.34884424  0.05199222  0.41623652  0.60331019 -0.31746653
  0.588388    0.10397121  0.4687298   0.30426527  0.23088313  0.36189471
  0.24492536 -0.31795363 -0.0173491  -0.15878473  0.15003869  0.2672346
 -0.09332244  0.09863989 -0.03772253 -0.30250164  0.40912447 -0.33763115
  0.08853626 -0.07402298 -0.54871575  0.43698997]","[-0.12727914  0.14061739  0.52335494  0.6110026   0.7704052   0.68121875
  0.53065944  0.0095739  -0.19662989 -0.19647623  0.14650225  0.11262264
 -0.33392124  0.39840969  0.53089995 -0.06728389  0.75510398  0.71485634
  0.17132768  0.304975    0.49573395 -0.34398417 -0.21836153 -0.43888707
  0.72837574  0.61514401  0.36008561  0.4658839  -0.17694513  0.4580051
 -0.28746018  0.27809449  0.32740513  0.39145762  0.43477892  0.44000967
  0.4862852   0.54882875  0.36984197  0.3165333   0.326234    0.26556007
  0.509155   -0.01478292  0.75188925  0.04641198  0.66154899  0.26188571
  0.49683867  0.24997128  0.11981001  0.74791708  0.48742669  0.17738709
  0.51505453  0.48476358  0.29062179  0.34190267  0.57328397  0.28364266
  0.22634132  0.71135609  0.20514275  0.71311583  0.71535679  0.07594135
  0.66205832  0.32999962 -0.27147479  0.66254145  0.60884231  0.42398583
  0.48396096  0.55006925  0.55401516  0.31218048  0.43035407 -0.1273779
  0.56822237  0.56827278  0.40846837 -0.23839431 -0.04643907  0.60838198
  0.21268233  0.26019104  0.12997979  0.46515684  0.30483097  0.37514869
  0.06557297  0.75839646 -0.04853006  0.54903712]","[ 0.50354613 -0.2540637   0.16845402  0.52194838  0.51616258  0.41586568
  0.54247435  0.29765408  0.38354737  0.17038291  0.53668073  0.24293316
 -0.29214568  0.1826234  -0.18009989 -0.41663283 -0.1114774   0.16143087
  0.29635076 -0.11560689  0.41113719 -0.43027797 -0.1276436  -0.31815754
  0.77249733  0.41741119 -0.11170909 -0.14104706  0.13860497  0.16162607
  0.33668476  0.3152059   0.55395508  0.3620718  -0.35090184  0.44520168
 -0.41680454 -0.37086646  0.61964782  0.01052302  0.43766741 -0.20188742
 -0.51140887  0.20831865  0.41341156  0.21113026  0.56066755  0.17937785
  0.29677191  0.7999623   0.06698487  0.73347812  0.13047103  0.0809651
  0.42546164  0.43882643 -0.11046434  0.44435435  0.42736596  0.3229291
  0.49388914  0.53423039  0.4650715   0.47047823  0.50723848 -0.14263702
  0.47637869 -0.21829896 -0.13297052  0.6003319   0.44090403 -0.3637005
  0.51450241  0.54120686  0.34097342  0.25966025 -0.17036704  0.47859405
  0.64071063 -0.09669116  0.52792342  0.2934552   0.03057638  0.03834298
  0.55009591  0.40123374  0.31104847  0.82947149  0.38285623  0.40366603
  0.43479078  0.60302742 -0.13423956 -0.05291216]","[ 0.1384639   0.11945202  0.23503527  0.57520775  0.68335303  0.51535011
  0.42865964  0.57783599  0.4425386   0.35518039  0.40759376  0.363931
 -0.31627527  0.51474111  0.45044103  0.18943109  0.67415957  0.63510885
  0.31406718  0.24059705  0.30415002  0.53162324 -0.49735565 -0.36258972
  0.46803357  0.49352411  0.56789369  0.71371287  0.07006454  0.15462163
  0.56218947  0.21135988  0.38044178  0.56665667  0.44928874  0.12700727
  0.46424953  0.67811137  0.80570604  0.22813751  0.29800555 -0.01505423
  0.51151251  0.60082225 -0.14097054 -0.3420166   0.66180363  0.28559509
 -0.04068572  0.05386106 -0.3685484   0.78567745  0.24611994  0.37189507
 -0.12062443  0.67841998  0.17493731  0.30330899  0.30721606 -0.26924835
  0.09737434  0.76188003  0.43920349  0.26615204  0.64100062 -0.0119124
 -0.16869882  0.05381298  0.47170377  0.2574207   0.46809595  0.54411855
  0.47768734  0.26230946  0.32430142  0.2529917   0.5252596   0.70957567
  0.21292255  0.04510268  0.50717089  0.74512919  0.24580393  0.53305943
  0.31588245 -0.02048763  0.36858524  0.07300505  0.60650079  0.14794393
  0.13185699  0.69790138  0.44179296  0.50475126]","[ 0.43943573  0.49822557  0.39428711  0.4875946   0.55303269  0.36229281
  0.25092498  0.36380052  0.09476392  0.39048444  0.66558638  0.12977394
 -0.25245578  0.45510635  0.51131368 -0.23181891  0.12727677  0.30087874
  0.7421037   0.2476494   0.40644731 -0.49105715  0.42121063 -0.36596728
  0.40457834  0.37246078  0.49627681  0.23846891 -0.3772988  -0.04054361
 -0.12246685  0.35159948  0.3580771   0.30643017 -0.20326347  0.73029868
  0.13072874  0.29384331  0.5218997   0.25164657 -0.02857313  0.00122785
  0.27973705 -0.01913429 -0.3483243   0.14022757  0.6181054  -0.52983769
 -0.20201964  0.77973586  0.40961966  0.64968845  0.30776013  0.45280595
  0.08488431  0.47324356 -0.05523167  0.69012084  0.3096416  -0.12144062
  0.35597508  0.63933244  0.36873965  0.16545835 -0.03066524 -0.42302261
  0.54014587  0.22101737 -0.48860175  0.55212501  0.41984355 -0.08580837
  0.31198659  0.23969624  0.42665056  0.40542675  0.15086728  0.45410826
  0.06073877 -0.37291871  0.49904809 -0.28929609  0.3041903   0.21424083
  0.48842425 -0.32626779  0.24274999  0.52293242  0.24885124 -0.17619081
  0.37626511  0.69985055  0.04185888  0.37588608]","[ 0.4034409   0.20891699 -0.27749276  0.50401426  0.38587321  0.39938585
  0.0776067   0.22470152  0.13196302  0.07142783  0.62459677  0.44654267
  0.54201793  0.19562818  0.30543065  0.15079071 -0.01754622  0.35257624
  0.42952027  0.15110336  0.54908185 -0.27232983 -0.01867025  0.23433046
  0.29012403  0.15398133  0.6555164  -0.00192109  0.14211052  0.46678906
  0.2023236   0.72048801  0.49457455 -0.43811887  0.11369283  0.42691727
 -0.40389991  0.11285876  0.40784003 -0.22036834  0.17021234  0.0090353
 -0.09702973  0.13473714  0.64734266  0.12508939  0.20700652  0.04700548
 -0.34564961  0.65333792  0.12102615  0.23057584  0.68337004 -0.38458102
  0.17796351  0.59260302  0.04453142  0.41336907  0.47577895  0.00149191
  0.14606     0.329315    0.54303917  0.56330058 -0.3465255   0.12281765
  0.25671542 -0.13549685  0.27426262  0.4709      0.53387235  0.35988637
  0.37964488  0.27486268 -0.18457046  0.37134194  0.06134372  0.38659088
  0.03798205 -0.0373922  -0.35941346 -0.50470895 -0.21766728  0.23535767
  0.41326659  0.28388748 -0.10065311  0.65630021  0.28307484  0.30474228
  0.29049227  0.52215166  0.09569154 -0.19020099]","[ 0.28747162  0.53096108  0.08162428  0.66820628  0.01789801  0.50819978
  0.75851417 -0.04290959  0.31234231 -0.06082887  0.56787783  0.39809817
 -0.51110002  0.372458    0.59930039  0.12739388  0.38410567  0.70079187
  0.42557757  0.09812328  0.38971682 -0.12752588  0.43212591  0.1247976
  0.69209969  0.38388819  0.53118998  0.27392113 -0.08367152  0.16219404
  0.5099542   0.41614568  0.58659093 -0.0984271   0.29406141  0.18555466
  0.60164569 -0.08785916  0.7248697  -0.3871985   0.40961719  0.10312619
  0.42866155  0.33294805  0.00447863  0.61327986  0.63029604  0.52041419
  0.01501507  0.45387458  0.28290518  0.46220018  0.11277923  0.26457104
  0.33296178  0.64364711  0.13509785  0.72718225  0.5963567   0.40816754
  0.27957827  0.61642326  0.42627007 -0.09385252  0.44810714  0.37552975
  0.62150078 -0.32578548 -0.44877956  0.50337892  0.32749989  0.12868976
  0.61838728  0.52006084  0.46030367  0.16487891 -0.0062611   0.63514332
  0.56428327 -0.23938657  0.59283218  0.48814198  0.52159728  0.59822633
  0.16117552 -0.00185008  0.1957883   0.69143053  0.62157051  0.61689031
  0.64814156  0.70145685  0.05281695 -0.346555  ]","[ 0.24338234  0.15255428  0.6510732   0.45867293  0.7249424   0.37152083
  0.59303021  0.28272787  0.33508859 -0.49791382  0.35163945  0.61271648
  0.38048373  0.39505869  0.43393695  0.15337052  0.20968117  0.65984614
 -0.12826196 -0.13579781  0.12723876  0.15721855  0.61461613  0.14105561
  0.13681674  0.66212069  0.79194566  0.4629772   0.23810753  0.34231527
 -0.127418    0.79824473  0.5564642   0.51096834  0.30177847  0.5529472
  0.37828065  0.57346257  0.35511467  0.34008035  0.37959756  0.46556526
  0.32544648 -0.46428343  0.54767119  0.47967312  0.62913854 -0.23454939
  0.66115205  0.67686436  0.5080456   0.76465063  0.64127805  0.45634579
  0.18161185  0.38994913  0.38420968  0.74486606  0.4562665   0.42857424
  0.00452646  0.68607666 -0.17410385  0.68475716  0.79549837  0.40553142
  0.65506026  0.72158618 -0.55358825  0.53519099  0.38993298  0.01715491
  0.78550531  0.6709286   0.60451477  0.29805248  0.47561563  0.53051294
  0.42686375  0.42523297  0.69644019 -0.08667799  0.47626307  0.50407573
  0.23335477  0.57179909  0.40542931  0.71084317  0.67971925  0.65120551
  0.65924348  0.73858631  0.39911463  0.76234461]","[ 0.40803168  0.28134628 -0.45658796 -0.16676386 -0.02945749 -0.14515924
 -0.21996449  0.44833033  0.43789343 -0.41649157  0.48692261 -0.11764475
 -0.53157098 -0.41369719 -0.25727292  0.38156994  0.2396999   0.01789086
 -0.1219392  -0.15579687  0.36944112  0.0625368   0.30798752 -0.17347377
  0.38938397  0.19769612  0.57210726 -0.14297741 -0.33316469  0.42020637
  0.45175587  0.36838914  0.27234311  0.22027279 -0.10334544  0.65693877
  0.01360832 -0.5285638   0.1632715   0.15052642  0.07050698  0.22150635
  0.28685183 -0.21850984 -0.51264784  0.32977858  0.00391628  0.07778249
  0.47695906  0.50542689  0.2630122   0.24022126  0.43440596  0.24247504
 -0.02588482  0.4289423  -0.13112246 -0.12436274  0.20560404  0.33252634
  0.13202782 -0.38610677  0.20639645  0.47772917  0.20064239  0.37104386
 -0.32759301  0.17842625 -0.14766489  0.62971046  0.31176935 -0.215415
  0.16870052 -0.28471363  0.01176883 -0.26852617 -0.37356053  0.67776623
  0.45617147  0.35008859  0.19688925  0.71261641 -0.2563214   0.24577836
  0.34557983  0.12857425  0.36801174  0.49776047  0.14439321 -0.07347667
 -0.16575201  0.57551978 -0.38069328  0.07226529]","[ 0.33601533 -0.46056594  0.52167097  0.43783218  0.66265905  0.30547559
  0.60309862  0.31732073  0.36258707  0.3466278  -0.0199323   0.33853367
  0.01824275  0.23854529  0.33083574  0.0306062   0.59618375  0.21979711
  0.07233242  0.41110609  0.30251838  0.35273882  0.43787732  0.17849239
  0.66216626  0.24839083  0.31786622  0.28642551 -0.26239206  0.32294549
  0.27897062  0.14179677  0.37320131  0.41252915  0.5284646  -0.28021138
  0.3564728   0.5274454   0.55145182  0.51421343  0.24969991  0.42559902
  0.14637388  0.04222424  0.70604867  0.5974119   0.67251738  0.48270667
  0.26901601  0.6070704  -0.38278031  0.05548717 -0.29051993 -0.13978515
  0.39312179  0.34918021  0.4148125  -0.20971697  0.59133037  0.09147489
  0.09797882  0.45280006  0.20364727  0.06978727  0.71638485  0.18896981
 -0.25964108  0.64699752  0.4272731   0.28482938  0.607201    0.30099415
  0.8286683   0.2431821   0.42924295 -0.05464069  0.5032409   0.30161551
  0.27452586  0.62909878  0.18787488  0.17374053  0.10700107  0.49318537
  0.06552431 -0.18646285 -0.48036202  0.61460829  0.47530433 -0.18496353
  0.31790918  0.64673419  0.34953754 -0.12161941]","[ 0.41645271 -0.20430539  0.56561425  0.66875358  0.70720085  0.54016249
  0.38547623  0.51431716  0.35107999  0.47865668  0.16057804  0.27459305
 -0.28708091  0.13688308  0.41623343  0.06926591  0.62704574  0.50343472
  0.47247257  0.39832387  0.11899026 -0.25082949 -0.26597016  0.15014311
  0.66783045  0.46061146  0.31951225  0.46623511  0.01766174  0.54481298
  0.31454563  0.37057247  0.6788979   0.54580964  0.46389362 -0.24374855
  0.31704533  0.63515182  0.70636106 -0.00511421  0.31306864  0.27267295
  0.4259651   0.06517443  0.66310375  0.19154775  0.62025381  0.41080896
  0.10992165  0.10914579 -0.146673    0.20180941  0.51820246 -0.29582282
  0.40255136  0.46576886 -0.22399578  0.52082616  0.65882365 -0.43753747
  0.27514501  0.47569498  0.30440724  0.4606858   0.51063901 -0.00960347
  0.46723915  0.66228805 -0.30736561  0.32633105  0.55452944  0.30057443
  0.75373706  0.26141712  0.66920605  0.17426081  0.33455243  0.57521762
  0.26402764 -0.0981795   0.43956116  0.18960475  0.13183968  0.44776463
  0.25479961 -0.48382471  0.32324286 -0.00923585  0.38583287  0.4134773
  0.0662898   0.62731904  0.5349241   0.52212038]","[-0.15308071 -0.0873458   0.46488229  0.75473369  0.56988784  0.34117635
  0.19037885  0.53904605 -0.09013642 -0.0298332   0.53035072  0.52454361
  0.37323711  0.44003771  0.25935337  0.31639671  0.59054378  0.14693863
  0.58217678  0.11010909  0.19726614 -0.17804555  0.32679935 -0.20861795
  0.34588934  0.33446001  0.69276963  0.57751011  0.10354547  0.37003947
 -0.35578311  0.23442364  0.42212681  0.25776107  0.39479973  0.14098636
  0.41834159  0.59927414  0.63841044 -0.04046861  0.32758027 -0.27578801
  0.23613071  0.46691177 -0.10802708  0.24912173  0.70577136 -0.10752575
  0.09641084  0.02999574 -0.36939875  0.48330163 -0.0154656   0.37932274
  0.24603155  0.71050509 -0.16436652  0.5066076   0.31213378 -0.22398828
  0.32659735  0.77808991  0.45911125  0.43084992  0.76731065  0.12349917
  0.43555324  0.72888615 -0.25361365  0.41325752  0.22977079 -0.23740352
  0.81660143 -0.14179639  0.40798957  0.35643389  0.50149082  0.1772003
  0.25696376  0.25063517  0.45412139 -0.21882842  0.21118549  0.20036572
  0.10948696  0.48513296  0.34436022  0.40168017  0.00854904  0.09742298
  0.61518842  0.65809819  0.37903486  0.58704243]","[ 5.02145987e-01 -4.36359190e-01 -2.42240324e-01  5.44118469e-01
  5.91693293e-01  5.19969714e-01  6.75220577e-01 -2.94824624e-01
 -1.68067378e-01  6.29030529e-02  3.75036549e-01  2.30731082e-01
 -4.23834520e-01  2.69325438e-02  2.25764317e-01  2.90071997e-01
  4.48477297e-01  3.79211574e-01  2.32127667e-01 -2.03800086e-01
  4.46184021e-01  2.53541960e-01  4.56409903e-04  2.07984961e-01
  6.27176359e-01  2.48190509e-02 -3.99474996e-01  1.21043261e-01
 -3.85275749e-01  3.88142457e-01 -3.14238369e-01  2.38671071e-01
  4.99826152e-01  5.64208932e-01  3.33900810e-01  5.84590224e-01
  9.30639484e-02  2.32821631e-01  9.47077523e-02 -3.04915306e-01
  4.30546409e-01  3.38264077e-01  3.25480899e-01  2.39225214e-01
  7.18254245e-01  3.77461673e-01  3.26030794e-01  2.11456535e-01
  5.37374552e-01  2.83433921e-01 -8.89421715e-02  6.75463348e-01
  3.52130589e-01  8.15427223e-02  2.91921154e-01  3.38803499e-01
  2.84433993e-01  5.32127935e-01  6.62358574e-02 -4.20468796e-01
  4.26451918e-01  5.85728620e-01  2.92899110e-01  4.11310300e-01
  2.77687321e-01 -3.11050458e-01  4.72390056e-01  1.99362342e-01
 -8.97257246e-02  2.64128583e-01  8.34255959e-01  4.86687352e-01
  4.86338281e-01  3.22317597e-01  8.61587903e-01 -2.01787061e-02
  1.47667590e-01  6.28829107e-01  6.81063401e-01  4.29405518e-01
  4.11726253e-01 -3.93693771e-01  9.95457133e-02  5.83235817e-01
  8.58163494e-03  2.95632921e-01 -3.28606221e-01  4.12697000e-01
 -2.98690416e-02 -3.89222055e-01  4.25784918e-01  5.75718160e-01
  4.55744821e-01  2.10720128e-02]","[ 0.62222311 -0.32838778  0.30828641  0.74407011  0.59258917  0.58734929
  0.69184785  0.2546894   0.24058053  0.49712843  0.4778655   0.59007864
  0.56161742 -0.06699092 -0.10724916 -0.12492274  0.65662089  0.55055073
  0.47631538  0.13288227  0.32078078  0.17682638  0.24198758 -0.01045506
  0.74893273  0.35790558 -0.30444324  0.43310123  0.02228313  0.45452932
 -0.03221735  0.2663971   0.64560535  0.39435715  0.46642723  0.64697502
  0.37899473  0.41918991  0.53157271 -0.62044339  0.51245388  0.360897
  0.25352356  0.04145954  0.70342487  0.39806475  0.39841873 -0.53684514
  0.37609975  0.64920614 -0.21433675  0.79555411  0.08265153  0.01076606
  0.58838853  0.3769152   0.48927313  0.63312419  0.2719841  -0.23137825
  0.41034004  0.46661525  0.42413334  0.0203458   0.33505965  0.01417325
  0.63139115 -0.03790215 -0.14686711 -0.60869956  0.49404156  0.25624649
  0.58440116  0.55427508  0.62097559 -0.0167126   0.18695733  0.25576536
  0.58857497 -0.00907235  0.4355176   0.14680722  0.06118192  0.30258342
 -0.23968182 -0.24518746  0.46625188  0.58593632  0.1784474   0.1696557
  0.56530256  0.53338135  0.48161464  0.29336754]","[ 0.60096407  0.56140502  0.76175872  0.74478971  0.57294321  0.62341383
  0.69068176  0.54493655  0.04270298 -0.00742825  0.55906566  0.49730126
 -0.06042629  0.31150476  0.12225937 -0.08937837  0.78149085  0.36039117
  0.19228633 -0.0039462   0.42070621  0.28688268  0.34155679  0.01449239
 -0.10578447  0.56147051  0.56294318  0.58885059  0.05873807  0.41530477
  0.12933019  0.70654578  0.57700433  0.71140444  0.38204666  0.6310796
 -0.0174111   0.41130953  0.72872837  0.19110231  0.35331272  0.57590621
  0.54797457  0.08586451  0.6900085   0.54202879  0.79317154  0.58139567
  0.52711579 -0.06478145  0.46865747  0.61640103  0.5924434   0.57335823
  0.02139846  0.46609939  0.28578587  0.63457504  0.55222308  0.36434329
  0.29300038  0.73346867  0.44476645  0.48578077  0.70518839  0.31459843
  0.65837003  0.45453269 -0.24637433  0.45592268  0.59209964  0.44148569
  0.5954494   0.35593238  0.62912815 -0.1012877   0.5414592  -0.18046296
  0.38518458  0.40579717  0.65705154  0.31631591  0.36781093  0.66157831
  0.78372238  0.36952824  0.30625008  0.50457     0.59263681  0.62963668
  0.50520095  0.74481542  0.46441148  0.57279063]","[-0.31338651  0.15524727  0.48912806  0.42522     0.73372985 -0.26555878
  0.57947588  0.35407763  0.05844546  0.33291846  0.56683732  0.08291772
  0.40603138  0.42886489  0.3780453   0.06521269  0.74767382  0.33089119
  0.07877457  0.4705253   0.43166911  0.37810429  0.44615129  0.21853831
  0.27460636  0.51238229  0.67000683  0.48786222  0.08055324 -0.03120204
  0.19539468  0.52639798  0.40438915  0.37438286  0.48321797 -0.15002871
  0.33813841  0.59510797  0.41329997  0.29274463  0.13170919  0.2654955
  0.55747619 -0.23507115  0.6765083   0.60889534  0.6378024  -0.21172594
  0.55374738 -0.55518441  0.13473662  0.47313006  0.40855591  0.53267691
  0.55193849  0.51638763  0.04517883  0.44551197  0.24975647  0.41953574
  0.26850131  0.64462982  0.39942157  0.60167488  0.65418523  0.01016896
  0.44418589  0.79207502 -0.27693993  0.42202203  0.43640534  0.51502417
  0.61793093  0.33509667  0.51266444 -0.05461065  0.47673532 -0.06775461
  0.17166887  0.53761607  0.37679334  0.31251756 -0.00775721  0.44691835
 -0.3172893  -0.33358993 -0.50034751  0.42496816  0.39357583  0.4901274
  0.65444399  0.74017932  0.04783182 -0.01387322]","[ 0.33346072 -0.14281955 -0.06472364  0.40349319  0.61871078  0.30786826
  0.68468063  0.36964567  0.21732892 -0.32785464  0.59481655  0.3893117
  0.24723926 -0.20778591  0.16720754 -0.18945229  0.36556844 -0.01746986
  0.54841802  0.10218255  0.31848369  0.39262792 -0.01872751  0.23958213
  0.58946474  0.28640927  0.51498855  0.13552948  0.01356313 -0.28040352
  0.26971075  0.41425461  0.46870119  0.46748159  0.35263481  0.52775215
  0.28633908  0.66522144  0.37093095  0.38997301  0.06871342  0.34492393
  0.46596882  0.38490305  0.75567096  0.39279638  0.35052134  0.10296313
  0.39626071  0.23087614  0.14905837  0.70681559  0.41134031  0.48357656
  0.26245801  0.51150483  0.21481891  0.53900078  0.05256958 -0.23763913
  0.15667614  0.54842822  0.28188623 -0.12565264  0.37799513  0.15455233
  0.39530339  0.54048753  0.10755601 -0.29881071  0.29248984  0.35981529
  0.60327205  0.19289387  0.56893784 -0.16757302  0.38311241 -0.17240002
  0.46969472  0.08682439 -0.28997196 -0.06000738  0.06623284 -0.11551621
  0.23338939  0.62243434 -0.23767351 -0.30120981  0.39616244  0.53586402
  0.32404672  0.36382345  0.24083572  0.32452208]","[ 0.11557257  0.46914405  0.4839399   0.62902265  0.77313022  0.7034362
  0.74921153  0.32119818  0.21337799  0.54133348  0.70328395  0.36896045
  0.27430208  0.33224789  0.56226955 -0.14577695  0.78170089  0.28570757
 -0.35675446  0.4560941   0.5571128   0.4254838   0.48992177  0.3493612
  0.69216113  0.48989917  0.31289889  0.62357827  0.35764745  0.53278792
  0.33136709  0.62106254  0.6583135   0.58041359  0.38958126  0.50333673
  0.37342458  0.75562677  0.59088369  0.44423706  0.12484599  0.6221333
  0.31740162  0.29160987  0.8355399   0.55982902  0.63353502  0.26748575
  0.44799995  0.3455709   0.53229716  0.69161961  0.58280432  0.60996517
  0.58154839  0.36063767  0.48169848  0.50264563  0.50860302  0.29228558
  0.12446513  0.75409887  0.01756524  0.48824942  0.7321847   0.21588078
  0.376878    0.73434056 -0.21492576  0.7199468   0.37487459  0.38804637
  0.83490275  0.48564177  0.63674566  0.214913    0.51529362  0.41668364
  0.51317565  0.32432652  0.39246834  0.12024152  0.19551146  0.59499386
  0.23883174  0.42799428  0.59325339  0.69134942  0.34608029  0.50657362
  0.58684362  0.78063144  0.08188054  0.585475  ]","[ 0.6752999   0.29520365  0.25930273  0.38210223  0.19240455  0.22923575
  0.22641427  0.49925643  0.54256912  0.49646554  0.59583966  0.38690018
  0.53199621 -0.4504283   0.42097827  0.24549828  0.49321001  0.30913894
  0.06265247  0.51295725  0.44546339  0.46493553  0.15503865  0.48723253
  0.43423756  0.49923052  0.79973841  0.33621227  0.40943789  0.59510743
  0.68929525  0.34228279 -0.28264438  0.62668407  0.30975748  0.63129673
  0.51408233  0.62494222  0.69646061  0.60790727  0.37490252  0.29034389
  0.50877069  0.23865114 -0.39577815  0.1914811   0.57981297  0.14799727
  0.34501928  0.58379999  0.68991856  0.57490937  0.44618461  0.44252207
 -0.09747347  0.65286475  0.30456599  0.74978935  0.41495683  0.20328421
  0.45757601  0.65941954  0.69087583  0.58451195  0.64020483  0.63376005
  0.55586532  0.60009895  0.31180426  0.48910666 -0.09384552  0.45478005
  0.46526565  0.17081598  0.47814762 -0.11574759  0.43781565  0.5286868
  0.56780442 -0.43941173 -0.17517397  0.58037906  0.33768227  0.45510429
  0.44443732  0.42372092 -0.17296987  0.46497606  0.67599808  0.51394313
  0.31789477 -0.40471692  0.07735162  0.51802883]","[ 0.18301952  0.2437174  -0.38081754 -0.10571669  0.15980137 -0.04012626
  0.26783907  0.26691579  0.00185898  0.4336925   0.53559677  0.05981324
 -0.14598983  0.44630693  0.02039245  0.08715509  0.44581216  0.39690861
 -0.03268097  0.27273056  0.17872475 -0.0079313  -0.1049802   0.1069401
  0.0759048   0.34959217  0.3891902   0.0921126   0.29027092  0.36571499
 -0.29474362  0.43073924 -0.19197245 -0.14270391  0.25451569  0.32032267
  0.17086985 -0.01745013 -0.03712668 -0.04378919  0.33996319  0.36258002
  0.37969882 -0.20105172  0.0935218   0.22838072  0.2534768   0.0026396
 -0.09041275  0.58563339  0.15456084  0.02567803  0.41647465 -0.11367729
  0.09335171  0.54302308  0.16035719  0.20897228  0.41277824 -0.0122143
  0.36663741  0.19558737  0.37753995  0.31547318  0.47838818  0.30583151
  0.06601668 -0.03998109 -0.03262738  0.24107382  0.65630868  0.30271837
  0.5782559  -0.01353858  0.37163887  0.01605734 -0.08118845  0.47868753
  0.29961082  0.43395967  0.25110605 -0.34054374  0.19430295  0.27520057
 -0.26941152  0.06193971  0.22442406  0.16551349  0.1762358  -0.24388951
  0.18766574  0.64134937 -0.38511762 -0.00152813]","[ 0.53412014 -0.03374532 -0.20623423 -0.5961442   0.12638494  0.11120842
  0.6250477   0.66999031  0.36380201  0.30785831  0.24304125  0.39878992
  0.27711521 -0.01125705  0.28681843  0.424077    0.09146659  0.21456851
 -0.27037977  0.61907644  0.45246857  0.39639233  0.52949287 -0.12762361
  0.60819175  0.50567808  0.43960741  0.46402986 -0.49212835 -0.45517474
  0.57537536 -0.06840422  0.1952302   0.4391924   0.14706386  0.35134062
  0.36695105  0.25070279  0.64748322  0.55717562  0.69640253 -0.13750756
  0.34768747  0.52420413  0.60378677  0.17162888  0.40111419  0.4195384
  0.28947767  0.71433333  0.33297742  0.09231503  0.24108791  0.33212992
  0.10958224  0.65579984  0.0871524   0.7901683  -0.00491595  0.54717569
  0.1756877   0.55686114  0.56290715  0.45912143 -0.03594423  0.09015921
  0.40094297  0.73362678  0.62343444  0.48493435  0.31590844  0.45888028
  0.57668312  0.3041422   0.57954878  0.17484295 -0.1439157   0.68154129
  0.18980635  0.0533809  -0.39785286  0.5947058   0.46411578  0.43567469
  0.45375109 -0.30638531  0.33979764  0.60854656  0.62345442  0.4314918
  0.43246046  0.15022342  0.17149403  0.56713864]","[ 4.50837434e-01  2.02043453e-01  3.03533515e-01  5.46062603e-01
  3.94428885e-01  4.91612421e-01  7.99878410e-01 -4.58035486e-01
 -4.99172206e-01  4.30290059e-01  6.03952877e-01  5.81987716e-01
 -4.62520640e-01  4.59589419e-01  6.47036986e-01 -5.39647314e-02
  4.15089510e-02 -5.48484476e-01  3.08323407e-01 -2.47042875e-02
  3.23577330e-01  5.51147493e-01  3.11116446e-01  3.52687307e-02
  4.86720184e-01  4.20892217e-01  4.33680073e-01  2.93173514e-01
  4.17222164e-01  2.99659483e-01 -1.22862822e-01  7.14710469e-01
  6.48408850e-01  5.97935351e-01 -1.10727559e-02  2.74519771e-01
  4.18610414e-01  8.27524889e-03  3.95049013e-01  3.38577661e-01
  2.78221469e-01  4.19629126e-01  2.37677701e-01  5.72059949e-01
  7.48615371e-01  6.37024324e-01  3.92952782e-02  7.45326556e-01
  3.66272302e-01 -5.66322115e-02  2.05012885e-01  4.15051526e-01
 -3.09134347e-01  6.84095678e-01 -3.42307519e-01  6.35197634e-01
 -8.12719204e-02  1.37838777e-01  4.88350224e-01  4.50013093e-01
  4.00715222e-01  5.07519250e-01  4.47268969e-01 -1.40653823e-02
 -1.73152137e-01  7.59906245e-02  4.34850320e-01  7.53521992e-03
  9.67458297e-02  3.79437899e-01  6.69265557e-01  5.85772967e-01
  4.42537377e-01  1.04451187e-01  5.44948366e-01  2.55144723e-01
  3.74553531e-01  3.00978494e-01  4.96289212e-01  4.98305129e-01
  4.98156595e-01 -1.79600704e-02  2.21195624e-01  5.53485749e-01
  5.02493481e-01 -3.22192565e-01  6.79032751e-01  2.95861891e-01
  6.37337829e-01  5.43782396e-01 -6.30444309e-04  6.90685200e-01
  3.82404197e-01  5.04770062e-01]","[ 0.65609802 -0.22800712  0.56678259  0.29423508 -0.05661427  0.1092255
  0.74574101  0.50023875  0.54764989  0.48221285  0.2334002   0.37984637
  0.26232993  0.05704251  0.45855617  0.57823706  0.31568134  0.07709527
 -0.13446641  0.28662198  0.58660423  0.6182768   0.21604875  0.29377816
  0.47765909  0.42998964  0.48695665  0.40378218  0.20253521  0.27417952
  0.40905211  0.15977002  0.44744538  0.5329587  -0.18849714  0.33147064
  0.54270404  0.00724312  0.84305669  0.70277798  0.23224245  0.69089505
  0.37165676  0.53069957  0.6086925   0.16713087 -0.39132663  0.6042939
  0.61894736  0.18371134  0.11884916  0.36649638  0.50355372  0.25640316
  0.65535637  0.52937061  0.33411129  0.72165725  0.07612244 -0.32773211
  0.13724502  0.46198619  0.39421396  0.57154708  0.02054432  0.71305343
  0.22318376  0.46751193  0.47380288 -0.00163685  0.65162926  0.14978962
  0.52794476 -0.49759512  0.71199086  0.61407706  0.11119314  0.46587047
  0.04625032  0.14352368 -0.26907355  0.44107616  0.60827216  0.62376712
  0.6940819   0.36480837  0.63555517  0.83227469  0.34989373  0.76773755
  0.54210407  0.12749984  0.12880551  0.30891788]","[ 0.30696613  0.50846502 -0.13544858  0.24346629 -0.12558034  0.12809377
  0.60958699  0.38293732  0.3480088  -0.04038894  0.52804444 -0.12806306
 -0.28443128 -0.16668429  0.23430906  0.35167331 -0.57617358  0.30969963
  0.25636696  0.26521583  0.53147665 -0.11806244  0.36291822  0.36641755
  0.29663555  0.28378125  0.01243895 -0.39676326 -0.34025172  0.14481622
  0.30959741  0.15573387 -0.25002715 -0.14718387 -0.43635389  0.46499116
 -0.18980356  0.15330008  0.32390995  0.05744008  0.31910406  0.38942964
  0.17851101  0.32169581  0.66234593  0.4063096   0.13579141  0.26234385
  0.43612885  0.75752081  0.21783777  0.32636955  0.2423426   0.04608594
  0.24312599  0.44172528 -0.19128873  0.47705805 -0.22776136  0.30859335
  0.4147154   0.0842099   0.41140104 -0.08974835  0.56747928  0.17498039
  0.46494456 -0.53470359  0.06358051  0.42227332  0.58028748  0.48791563
  0.06094702  0.42794716 -0.12816152  0.43928542  0.15056696  0.73940398
  0.29980039 -0.19153994  0.45184859  0.43293162  0.05203971  0.19631929
  0.74452362  0.44501706  0.22373823  0.76050855 -0.05248518  0.45427882
  0.40732451 -0.15031917 -0.12314957 -0.14453466]","[ 0.38498372  0.4539812  -0.30097719  0.22716229 -0.26763529  0.39492538
  0.13503988  0.14717781  0.57894033  0.0815108   0.70081901 -0.20955864
 -0.24397436  0.37711089  0.2502391   0.45987683 -0.23386264  0.22542158
  0.43485285  0.16270355  0.20393242  0.47293798  0.33787273  0.20243183
  0.28190903 -0.2044572  -0.32194426 -0.5988533   0.22333196  0.23187633
  0.60698301 -0.10945392 -0.11850579  0.32086302  0.44373077  0.62776563
  0.02942424  0.3198152   0.30490223  0.0175249  -0.05595378  0.5799051
  0.25257764  0.41575715  0.65665778  0.45998478  0.34719952  0.25102203
  0.2245742   0.61295617  0.32594912  0.33190878  0.54571972 -0.34692088
  0.52653951  0.40714745 -0.19449726  0.2019631   0.20696963  0.20790991
  0.34296029  0.50388274  0.23777138  0.15901396 -0.19587324  0.28198045
 -0.41577584  0.13125283 -0.39053594  0.03189696  0.464749   -0.2744367
  0.51204727  0.16590585  0.22857917  0.23683642  0.20011825  0.68253761
 -0.32750962  0.16484747  0.41871818  0.71956061 -0.30017666  0.13977058
  0.70264408  0.3492784  -0.43367744  0.57009837  0.46013466 -0.58535576
  0.50121131  0.40620363 -0.09952998  0.487194  ]","[-0.38097448 -0.05339974 -0.31541446  0.38980363  0.38498131 -0.3516191
  0.72210289  0.18857135  0.47206401  0.43887122  0.00811773  0.2835556
  0.0344735   0.37320796  0.53742937  0.46054874  0.34110452 -0.08325049
 -0.24930319  0.06177318  0.33779083  0.2131982   0.53022829  0.07713226
  0.28014728  0.42220095  0.02124538  0.43370476 -0.37850687  0.05398019
  0.46329093  0.11510153  0.24368511  0.52072736 -0.038225    0.61837863
  0.57162822  0.27705783  0.75929853 -0.01027227  0.16801083  0.22328864
  0.34742526  0.43114959  0.55105945  0.45620222  0.69490838 -0.38470859
  0.09321651  0.20784289  0.43384794  0.6863222   0.24590085  0.41273475
  0.11057154  0.36021219 -0.40713125 -0.00619029 -0.38039478 -0.21457648
  0.25584251  0.28627111  0.35803315 -0.41614096 -0.22965353  0.23243951
  0.0235138  -0.35570037 -0.23616114 -0.41271437  0.35104548  0.04656921
  0.26411803  0.21906575  0.15973377 -0.03996373  0.31076884  0.54838728
 -0.08911925  0.46720922  0.16664518  0.45021505  0.131174    0.32736025
 -0.16362139  0.56391875  0.42851786  0.192998    0.66030506  0.61383565
 -0.19013252  0.5822014   0.05680306  0.30209664]","[ 0.71840848 -0.43225766  0.66657522  0.28770058  0.43837028  0.23589309
  0.43466345  0.41188245  0.36660444  0.01334556  0.46997618 -0.27533153
  0.63681404 -0.1397499   0.47239883  0.26514522  0.28772251  0.05139885
  0.59198884  0.56734293  0.37839895  0.40782957  0.12799133  0.19583052
  0.04642793  0.23420989  0.76955364  0.06985889 -0.34284216  0.07830616
  0.68009589 -0.32887211 -0.28219528  0.53902228  0.27698996  0.28923313
  0.33426007  0.19061128  0.61791325  0.49130762  0.19620284  0.60345279
  0.24561123  0.44227234  0.72135862 -0.20402128  0.25007137 -0.04644448
  0.56623616  0.67935929  0.42384311 -0.26753867  0.70708974  0.34346177
  0.0840002   0.61694352  0.2538801   0.74220062  0.26865699  0.29537788
  0.45200257  0.23998695  0.49659837  0.35609688 -0.20466837  0.47615868
  0.00689179  0.38662543  0.41734894  0.29941564  0.43125218 -0.0664358
 -0.01578481 -0.05020826 -0.37289981  0.40289408  0.40574854  0.73871748
  0.32961837  0.34428039 -0.49204287  0.5821522   0.26305799  0.26562662
  0.13020663 -0.54482031  0.28698231  0.88608025  0.57079657  0.63548679
  0.53573524  0.34669086 -0.27194499  0.52897917]","[ 0.32428405  0.36449615  0.43275958  0.17854901  0.44254354  0.40876422
  0.3021165   0.29154707 -0.26506844 -0.09696669  0.10320098  0.13951225
  0.26732154  0.40695797  0.43416095 -0.11483518  0.50366483  0.48095237
  0.36535631  0.29504527  0.44622575  0.3354395   0.19695221 -0.45723776
  0.80538962 -0.08963322 -0.0539349   0.17178245 -0.24101311  0.32335403
 -0.20925613 -0.09487521  0.27285833  0.29449934  0.29150018  0.39279371
  0.33514409  0.44881426  0.3865724   0.36836194  0.18363262 -0.06101682
  0.32773816  0.09401822  0.71110419  0.42618384  0.31853144 -0.01071455
  0.39841894 -0.39208582 -0.32923868  0.06604977 -0.44232399  0.24646514
  0.06894349  0.46075694  0.00282174  0.09866803  0.11407165  0.31481837
 -0.04694993  0.25912919  0.28625789  0.26594578  0.58891414  0.17994145
 -0.03598414  0.54486209 -0.18578698 -0.13065186 -0.1162634   0.475966
  0.26879002  0.39930409  0.5628606   0.03338076 -0.30272579  0.08972827
  0.45011704  0.69508833  0.29593169  0.22140781  0.2790795   0.42190828
  0.30765978 -0.35792158 -0.53351611  0.61070998  0.20261748  0.6781552
  0.28040589  0.02121047 -0.08737178  0.16799428]","[-0.11126573  0.59007441  0.56322338  0.38130979  0.6131871  -0.12457572
  0.64468645 -0.04885609  0.0127491   0.07152374  0.3404558   0.28865464
  0.32198392  0.4068178   0.37143286  0.0586226   0.50448098 -0.05727466
  0.42507362 -0.10791287  0.28546477 -0.40211123  0.24586829  0.43193959
  0.52286253 -0.17235171  0.48028524  0.29152288 -0.27827645  0.08510446
 -0.11677066  0.2368727  -0.031966    0.53885664  0.10155919  0.17193115
  0.33025441  0.41480252 -0.02876934  0.52386031 -0.03307533  0.10982272
  0.48411082  0.10792301  0.4318395   0.27469695  0.0768201  -0.03150895
  0.45762384 -0.20804279  0.20083123  0.44652519  0.3852666   0.22503505
  0.30296225  0.41551662 -0.12540416  0.53336988  0.27853896  0.22498254
  0.14179108  0.18749479  0.12465431  0.48236221  0.21213876  0.53836963
  0.54266277  0.14961911 -0.34539953  0.00710089 -0.6595166   0.5121992
  0.70379058  0.17440577  0.19758086 -0.04863613  0.39233622 -0.41999181
  0.2450708   0.61628743 -0.14088918  0.06258591 -0.31745364  0.12368928
  0.29537553  0.56854375 -0.42334027 -0.48395904  0.61024122  0.59139456
  0.43504654  0.44276248  0.14853579 -0.04610329]","[ 0.46912938 -0.26571503  0.30918053 -0.27436933  0.25539126  0.32567824
  0.16060183  0.22241109  0.39376501 -0.15239324  0.46658348  0.44074226
  0.50469217 -0.3710989   0.47123418 -0.54663996  0.04912744  0.32688515
  0.12975797  0.32041191  0.4246105  -0.15873753  0.13942409 -0.50871875
 -0.5290931   0.15260377  0.76438419  0.145981   -0.35352292 -0.23371464
  0.65956639  0.13136103  0.48535207  0.5909869  -0.296789    0.59505621
  0.0551091   0.39026937  0.53991     0.45067304  0.2874997  -0.10998377
 -0.56015034  0.32841252 -0.47674881  0.12077031  0.26227001 -0.20994623
 -0.16236095  0.54180807  0.24162811 -0.15607379  0.47585214  0.3053214
 -0.08638799  0.49915395  0.18566948  0.67728573 -0.2660547   0.38956324
 -0.33799165  0.4119315   0.50562776  0.19806999  0.18696962  0.19526618
  0.03511576  0.09812173  0.2201337   0.23824361  0.34284502  0.27453291
  0.12559297  0.00177075  0.42449385 -0.18287547 -0.11363154  0.44977767
 -0.03261083  0.40094194 -0.15911558  0.582503    0.10717167  0.61723054
  0.10414301  0.20141873 -0.26984496  0.23394389  0.6054477   0.52313417
  0.64460935  0.33683341  0.57678195  0.34040781]","[ 0.42996463 -0.02873095  0.16185781  0.27612107  0.1461909  -0.03568026
  0.44398337  0.61096839  0.17373865  0.56894696  0.57833465  0.50784784
  0.25174335 -0.32585066  0.49383363  0.27465229  0.36616881  0.15132908
  0.12652501  0.42007072  0.49121041  0.1025139   0.35890759 -0.20882734
  0.67805206  0.34198798  0.67582644  0.36575934  0.18860426  0.32032053
  0.16168256  0.19744548  0.31920482  0.12569758  0.2734395   0.45595091
  0.44521779 -0.27398561  0.67113528  0.37610822  0.16485992 -0.04066041
  0.50789638  0.36830248  0.02410583 -0.29142941  0.59323703  0.32160355
  0.16424205  0.31197149  0.28549971  0.22413399  0.59745622  0.34719668
  0.12210629  0.47733872 -0.1946575   0.21621694  0.04875069  0.3056343
  0.40235072  0.29027499  0.5177827   0.24802839  0.05856957  0.38262026
  0.3977608   0.18981516  0.34399902  0.33997915  0.21242378 -0.27218314
  0.7071459   0.16084883  0.55394736  0.00680535 -0.09474502  0.49781936
 -0.2455044  -0.14052169 -0.44978242  0.57718683  0.55001858  0.26684851
  0.32488486 -0.52497022  0.38649391 -0.2616367   0.4520407   0.33557483
  0.53458997  0.21011593 -0.2698169   0.66724232]","[ 0.66434577 -0.06604848  0.32979414  0.20633107 -0.32333157 -0.14997938
  0.44054454  0.60632198  0.56261655  0.48125791  0.42967235  0.51505826
  0.63805528  0.03341299  0.45767421  0.42413772  0.39717571  0.56075982
  0.35849876  0.48374243  0.17979466  0.42548369  0.07619687  0.33423551
  0.3754882   0.56892904  0.78047266  0.34840214 -0.16020083  0.02109702
  0.67049544  0.58929136  0.31954933  0.57169653  0.34756742  0.35831116
  0.1121577   0.8396628   0.70906576  0.36434418  0.7256044   0.0269908
  0.54938959  0.58793024  0.78946328 -0.14039594  0.36482606  0.3704979
  0.10040159  0.62355302  0.61659996  0.53127096  0.73197077  0.38559216
  0.53674721  0.60155943  0.22369036  0.73746556 -0.18561405  0.511362
  0.37511618  0.5253806   0.49691979  0.6245327   0.46763619  0.4756599
  0.52300999  0.74161615  0.60678826  0.34870919  0.45412504  0.50519351
  0.57580038  0.5034405   0.45094745  0.1672646   0.23578319  0.73358639
 -0.51164571  0.3807964  -0.61834331  0.62450221  0.48141637  0.63048783
  0.6653514  -0.51577895  0.33233348 -0.60092672  0.74227507  0.50657758
  0.56173086 -0.40510615  0.12959695  0.61174217]","[ 0.49943346 -0.06523217 -0.38517005  0.69508573  0.50981852  0.73334898
  0.83102788  0.48778799 -0.15627284  0.50312493  0.72260887  0.73907836
  0.04732502  0.42903524 -0.02514827 -0.0431709   0.75016249 -0.10973353
 -0.40851404  0.33213297  0.48092605  0.50643402  0.44215476 -0.43378488
  0.31004774  0.66314949  0.36904408  0.61304128 -0.40838005  0.46549748
  0.45032449  0.46811603  0.38095197  0.74160321  0.08977609  0.71160681
  0.52594178  0.81711577  0.69241889  0.07141462  0.27943447  0.16531312
  0.59708661  0.26142018  0.34939058  0.21998127  0.58363463  0.7149146
  0.4057726   0.56306103  0.07576149  0.609863   -0.18508943  0.67023028
  0.26542716  0.48754716 -0.2833723   0.49304269  0.39202205  0.00639005
  0.34743724  0.73296212  0.27572128 -0.49838457  0.27276923  0.35434103
  0.32821327  0.49918214  0.20134529  0.75161647  0.50636222  0.42125435
  0.71372792  0.36710525  0.80561499  0.21233866  0.65779444  0.60111551
  0.1543823   0.08621741  0.61429234  0.33882437  0.51987457  0.41355341
  0.70427908 -0.32917747  0.55984751  0.50602157  0.60255172  0.75351785
  0.22415073  0.3579354   0.45594422  0.57975969]","[ 0.47556894 -0.19394523  0.33869121  0.55937171  0.43592865  0.56179655
  0.6905828   0.22838569  0.55500501  0.67428408  0.57088033 -0.15285551
  0.44287555 -0.24070236  0.43013467  0.41107088  0.22695537 -0.08941842
  0.43805378  0.3303775   0.56300529  0.49845031  0.18126876 -0.28309007
  0.39331717  0.45254337  0.53921378  0.47239189  0.27298439  0.30150064
  0.80757612  0.16646713  0.41255161  0.70356053 -0.01092971  0.48884399
  0.56955903  0.00166339  0.7082453   0.41049167  0.42527665  0.33100844
  0.12083269  0.51476192  0.54068741  0.06700098  0.64027026  0.49858829
  0.3237163   0.38239274  0.32447345  0.51448934  0.27604307  0.54181675
  0.29678169  0.65240215  0.1963292   0.68223341  0.55539768 -0.04557505
  0.56529165  0.01909959  0.56976948  0.62235943  0.47910751  0.58078584
  0.31355521  0.51519227 -0.11318441  0.4548248   0.63094752 -0.08365509
  0.55466099  0.55273181  0.63644617  0.52885522  0.302016    0.55974052
  0.27357021  0.19612549 -0.20402168  0.38374058  0.60471219  0.61662568
  0.46160959  0.49500863  0.47497305  0.68800604  0.68810152  0.78566028
  0.57854617  0.28295919 -0.09198882  0.39590425]","[ 0.69729592  0.49196348  0.50878542  0.70313432  0.6707863   0.59742128
  0.70204224  0.33325699  0.3224873   0.51363931  0.57251973  0.72226047
 -0.23523224  0.44763909  0.54540428 -0.05461268  0.60692612 -0.38247481
 -0.13351399 -0.01889158  0.57546721  0.39324076 -0.03748565 -0.15252861
  0.36441183  0.51701349  0.61235528  0.47742764  0.05080651 -0.0369668
  0.55239402  0.56921601  0.32384323  0.57342315  0.22340377 -0.18888982
  0.51366508  0.22663802  0.57403443  0.607179    0.16455723  0.22826391
  0.5333552   0.62711144  0.06131242  0.27087463  0.5957361   0.41782295
  0.04280409 -0.00925938  0.44867177  0.41372511  0.32837836  0.53163971
  0.39599555  0.61088993  0.34632962  0.37051652  0.44705111 -0.3519453
  0.0294224   0.58096985  0.45560713  0.34593991  0.51872187  0.63833014
  0.45819015  0.65172613  0.2112675   0.37134705 -0.03039006 -0.54491618
  0.64810849  0.2697921   0.77241101  0.09185868  0.41454456  0.32163459
  0.13559216  0.26503329  0.18062389  0.35545571  0.32182799  0.5196847
  0.43084209  0.73442253  0.448213    0.08853642  0.5028362   0.65248523
  0.64141819  0.68642461  0.40870774  0.57492172]","[ 0.52518467  0.43870818  0.5457628   0.64015914  0.52381992  0.59771
  0.68644067  0.052136   -0.3253451   0.4336218   0.48357482  0.26646056
 -0.51533271  0.46240006  0.52318063 -0.28604029 -0.14788348 -0.36352106
 -0.16487348  0.08535986  0.48518767  0.26444668  0.22285356  0.07657827
  0.56808725  0.43245211  0.39750653  0.54968981  0.10254503 -0.2741785
  0.27474139  0.36315388  0.50689722  0.63191719  0.09538467 -0.1166522
  0.63611448  0.2653994   0.15100856  0.08085231  0.03856514 -0.08026388
 -0.0943885   0.43245411  0.47092126 -0.00807459  0.58546627  0.64343777
  0.43957305  0.22695918  0.44294052  0.1755793   0.2262629   0.38330132
  0.58903806  0.48389882  0.25030041  0.18883538  0.18181251  0.17009186
 -0.24356236  0.01474902  0.41538155 -0.22525015  0.53213601  0.21934867
 -0.01748835  0.43739765  0.16867075  0.57849948  0.02393007 -0.26509135
  0.36905437 -0.14774118  0.74651813 -0.20190835  0.19439799  0.29606727
  0.35548413  0.14782644 -0.0230938   0.19649964  0.10839812  0.64401605
  0.27064404  0.76905112  0.36341366  0.56910796  0.5878085   0.58099204
  0.3257799   0.69004183  0.41559744  0.51813946]","[ 0.53959566  0.30905772  0.147415    0.58978944  0.60642715  0.64668054
  0.69586529 -0.03030979  0.02939134  0.50210831  0.54371333  0.17371124
  0.54746513  0.50568615  0.59692367 -0.17852223  0.35515127 -0.43736855
  0.05478878  0.24629657  0.54030993  0.5174211  -0.15573103  0.11089269
  0.65861557  0.55008436  0.48716687  0.52005576 -0.08502807  0.30959566
  0.59810333  0.55180043  0.28276066  0.61815729  0.03573436  0.48679695
  0.50465187  0.43565027  0.59669891  0.45023818  0.33246813  0.14423175
  0.30407876  0.58965444  0.50760549  0.32439324  0.72007325  0.53535071
  0.04538168  0.26515717  0.24623655  0.56493328  0.3380341   0.51432862
  0.24210202  0.49179191 -0.23421498  0.50547535  0.57040067  0.31858683
 -0.07842504  0.40633205  0.45714929  0.29419359  0.28788521  0.58606876
  0.12464471  0.4775084   0.38046958  0.72344574  0.4619291  -0.34344448
  0.58230438  0.15491675  0.58891044  0.18382792  0.35145444  0.50704595
 -0.20303281 -0.52899786  0.10947329  0.3496189   0.37047875  0.61070574
 -0.35012869  0.44754641  0.4086237   0.40647561  0.51103938  0.58416437
  0.601155    0.73488021  0.1583622   0.44082519]","[ 0.62185983  0.58811529  0.09687262  0.57744748  0.53420701  0.31360451
  0.75465618 -0.03007166 -0.06129634  0.40449177  0.64371094  0.30194708
  0.42844222  0.67296507  0.32853754 -0.45774799  0.44279559 -0.08192283
 -0.04393114  0.40410687  0.49849363  0.29502061 -0.3674237   0.1141059
  0.61796955  0.53890092 -0.01188682  0.30653583 -0.50909692  0.0080934
  0.32271032  0.45556931  0.6756289   0.65711145  0.06544798  0.13660305
  0.51455664 -0.41088656  0.37871654 -0.23323154  0.34911992  0.55335372
  0.26744734  0.45600552  0.1504471   0.07339604  0.51864006  0.3080986
 -0.3556617  -0.22073182  0.39737213  0.30373808 -0.13173824  0.51464559
  0.06337267 -0.2677795  -0.47179757  0.53959179  0.10864609 -0.53747888
  0.27368499  0.37798524  0.33561945  0.48757829  0.27843771  0.62189344
  0.54350079  0.23362476  0.35791189  0.63045198  0.34281811  0.07312463
  0.60924242 -0.0237657   0.14720151  0.59138448  0.23931903 -0.06219547
 -0.0143048  -0.15598235  0.25041028  0.23275264  0.126219    0.42743763
  0.08312483  0.78754365  0.23549791  0.25558493  0.41643405  0.48617553
  0.48930001  0.7261771  -0.05007431  0.32718647]","[ 0.66002235  0.26428466  0.55691476  0.33604626 -0.10213609  0.10864155
  0.78483068  0.30116765  0.32276277  0.69802027  0.66776181  0.61233095
  0.57095124 -0.09892401  0.37257406 -0.19075173  0.36550657  0.1309342
 -0.33935761  0.08965004  0.52449705  0.51549825  0.52089426  0.20269821
 -0.58237745  0.10715998  0.13533787  0.18448304 -0.50068099 -0.03623984
  0.74006676  0.3352917   0.47174842  0.62941265  0.2752003  -0.3218374
  0.5171953   0.08195217  0.43425611  0.54340876  0.47735217  0.10808837
  0.59435117  0.41775807  0.12133209  0.20881789  0.47265323  0.44554531
 -0.2476405   0.30150751  0.32005805  0.59617793  0.08036238  0.5824863
  0.09670442  0.56361583 -0.51860471  0.6007561   0.37742102 -0.08718645
  0.05910854  0.47709786  0.4624414   0.42464421  0.49994391  0.76088693
  0.45214729  0.37937384 -0.00253642  0.34709091  0.30806774  0.38556755
  0.6482024   0.13240923  0.35486715  0.1033375   0.10845287  0.5956169
  0.22234443 -0.03012305  0.37512982  0.46635416  0.00158185  0.57311767
  0.30926851 -0.06964049  0.43922496  0.44003227  0.65194995  0.66016113
  0.2300726   0.6604953   0.25772861  0.55909692]","[ 0.52181046  0.06695175  0.3020742   0.58693436  0.50741567  0.31007417
  0.77770521  0.46520935  0.26211344  0.573861    0.55327533  0.48948272
  0.14827356  0.42236536  0.57235245  0.19938395  0.5544979  -0.48959157
  0.01278119  0.12814609  0.637351    0.20002671  0.69213131  0.182853
  0.39759095 -0.06556105 -0.05347556  0.44177516  0.66227402 -0.36292185
  0.20667155  0.45009064  0.42181634  0.52450829  0.33988361  0.32427351
  0.58787489  0.14086694  0.68677013  0.51192896  0.24151661 -0.00772935
  0.63785099  0.34179128  0.19489744 -0.1535991   0.40737822  0.621644
 -0.17142834  0.30592496  0.55851448  0.53901734 -0.39029397  0.40099404
  0.3154345   0.5096468  -0.05955051  0.20892836  0.11467625 -0.18394062
  0.27984379 -0.06888879 -0.10995115  0.18830434  0.64175318  0.40101095
  0.25340403 -0.30201967 -0.38839728  0.50858692  0.10286341  0.49328871
  0.60304576  0.18610062  0.19058971  0.2492587  -0.17907173  0.31042488
  0.56862679  0.22978378  0.37836835  0.30548121 -0.07553611  0.49365938
 -0.24902052  0.46531223  0.4230651   0.12485575  0.56370618  0.57212425
  0.52045558  0.38306708  0.4110317   0.24219018]","[ 0.37194535  0.09093352 -0.29415144  0.72335942  0.05791595 -0.01774128
  0.7694918   0.35111511  0.2860877   0.02045761  0.39671548  0.44171432
 -0.45446495  0.32932531  0.58105826  0.30889131  0.63479979 -0.27204313
  0.37175212 -0.38357817  0.46280677  0.09202537  0.52808409  0.04662647
  0.26825411  0.23003728 -0.11299221  0.52388803 -0.43722528 -0.34034831
  0.32873803  0.42542873  0.47811238  0.63382058  0.15298594  0.22381406
  0.52049352 -0.09021017  0.64959806  0.36206241  0.26238313  0.0776849
  0.60342083  0.30003644  0.27779829 -0.10585888  0.51322834  0.2928501
 -0.20378445 -0.14198198  0.4000434   0.54889807 -0.34484082  0.32903287
  0.16770546  0.4715482  -0.59178311  0.22641998 -0.07773794  0.02531777
  0.21957894  0.527762    0.38720417  0.45841002  0.59099704  0.66869627
  0.06203141 -0.36770924 -0.39677824  0.65244936 -0.02914312 -0.12167934
  0.39045738 -0.09185672  0.51489325  0.28873249 -0.12575363  0.42815731
 -0.15398393  0.30990721  0.36077734  0.19282493  0.19042163  0.5456873
  0.31732567  0.6972345   0.43400957 -0.13557079  0.72548701  0.59676233
  0.5784185   0.61277284  0.32362319  0.39514357]","[ 0.13817903  0.11252697  0.26599188  0.01047262  0.19596439  0.03141947
  0.74345602  0.62686423  0.17202726  0.37871964  0.16067542  0.19974121
 -0.40547465 -0.15067723  0.44254408  0.3944672   0.63930352 -0.38912088
 -0.25155722 -0.35871097  0.46530927  0.19743078  0.36820914  0.09781182
  0.68746396  0.33616367  0.39484376  0.4495356  -0.34447432  0.07256273
  0.28561327  0.35793122  0.53055594  0.62159124  0.00259152 -0.25738789
  0.10929969  0.10389777  0.42758756 -0.23040883  0.32926133 -0.33369677
  0.50432754  0.1894242   0.25844383 -0.27450439  0.65355717  0.10511776
 -0.27705556  0.00224673  0.43639316  0.17371876  0.14368178 -0.1786976
  0.09433997  0.44948644 -0.42626124  0.16968631 -0.13988443  0.37373309
  0.12826894  0.54807472  0.36298946 -0.21857004  0.36575243  0.67518283
  0.29261452  0.40446471  0.43560521  0.19782001  0.18131017 -0.14133017
  0.61929082 -0.28831891  0.29282365  0.0475161   0.01939323  0.4834979
 -0.35026552  0.31779175  0.27963559  0.21470517 -0.12332829  0.21258773
  0.19808068  0.50108213  0.37375504  0.60397494  0.4560719   0.34735881
  0.19486216  0.57702084  0.27199002  0.29776544]","[ 0.64442257  0.5634561  -0.35861608  0.53137056 -0.49009095 -0.07336411
  0.50225656 -0.13611354  0.38781486  0.58001164  0.43157978  0.09713832
  0.25906687  0.34130396  0.01142447  0.33853608  0.33865785 -0.13914318
  0.30332057  0.47610677  0.17251413  0.06914409  0.33860863  0.52660686
 -0.52900017  0.57858856  0.64331649 -0.23832689 -0.24610986  0.23530326
  0.4779943   0.12134312  0.40972518  0.33533759  0.14580242  0.3140576
  0.18297027  0.3815581   0.40597567  0.41148059  0.01829976  0.65175553
 -0.09712688 -0.38039213  0.32219387 -0.15844866  0.08465452 -0.11946375
  0.42375214  0.63250062  0.44255838  0.38975935  0.48507348  0.28953907
  0.4459665   0.42381541  0.42229965  0.47311801 -0.18058138 -0.38344133
  0.3620844   0.60583901  0.56628048  0.45836732  0.3617498   0.3324514
  0.37445149  0.467148    0.37802849  0.45595713  0.21355984 -0.0542152
  0.22615981  0.31136991  0.34580434  0.06967282 -0.04974125  0.72152178
 -0.21741454 -0.5221129  -0.40225036  0.58582484  0.09934054  0.06635708
  0.3551586   0.26427078  0.54474705  0.5301097   0.6170961   0.16664887
  0.61628094 -0.1249931  -0.17771407  0.31410677]","[ 0.74894925  0.72978527  0.37031869  0.67933938  0.22239754  0.14910247
  0.16668517  0.49811904  0.66037839  0.54735272  0.71181459  0.43752538
  0.6379615   0.41283313  0.57609168  0.38273765  0.62306884  0.57500183
  0.53805718  0.6112486   0.43419998  0.58899889  0.50167064  0.67087224
  0.20317228  0.56023642  0.74950725  0.36327913 -0.02041802  0.68324687
  0.57560307  0.32024883 -0.22993078  0.47672669  0.62755334  0.64976186
  0.2725197   0.45705516  0.59877717  0.61770202  0.43560437  0.51849657
 -0.03532552  0.47789017  0.66078872 -0.27540523  0.2971918   0.45229478
  0.66308197  0.84694011  0.55955922  0.16195653  0.60825438  0.44916773
  0.48801234  0.19066547  0.41660903  0.60115348  0.15710526  0.50778186
  0.49070176  0.71427301  0.60150382  0.46238362  0.586468    0.63283119
  0.52355657  0.50188066  0.61923782  0.35854154  0.3685372   0.38104478
  0.45842533  0.58067643  0.41817701  0.31323274  0.51066056  0.656595
  0.47650855  0.74009584  0.13477359  0.7943946   0.30210542  0.46742293
  0.51527193  0.71683567  0.54177427  0.59683686  0.66371121  0.57995526
  0.66418281  0.25618631  0.37784168  0.52780418]","[ 0.60468353  0.11718964  0.12672332 -0.37510351 -0.31032157 -0.0853382
 -0.27295381  0.26660683  0.33100078  0.01404578  0.67720842 -0.21825678
 -0.34220668 -0.16091516 -0.26183402 -0.48331703 -0.25597011  0.19428018
  0.40867346 -0.39596044 -0.19351917  0.12699898  0.16072383  0.35540399
  0.27811648  0.31227349  0.4768874  -0.22794885  0.43357942  0.11577231
  0.46303773 -0.13024778  0.24834641 -0.14935312  0.2438504   0.37855638
  0.18772758  0.18657009  0.23473341  0.0048353   0.19047064  0.33967197
  0.02912172  0.24753015  0.34955866  0.39021545 -0.20642171 -0.58160516
 -0.17536918  0.69458496 -0.38678913  0.34433988  0.45990961 -0.19996859
 -0.22801526 -0.38682399  0.1980911   0.35969745  0.32972431  0.17660901
 -0.07033769  0.51451904  0.40497532  0.11221828 -0.01261485  0.05431305
 -0.13698442 -0.01268489 -0.27380753  0.27714415  0.50941245 -0.3233732
 -0.41227639  0.23336293  0.13851305  0.07751343  0.27414667  0.45992587
 -0.11285025 -0.35165527  0.41061585  0.27407513 -0.50633666 -0.49756704
  0.10396615  0.17442179  0.65326378  0.48889644  0.547716   -0.26024839
  0.44048011 -0.10605579 -0.46247957  0.22927742]","[ 8.17541712e-01  6.69977584e-01  3.74480098e-01  6.36517869e-01
  3.40017089e-02  4.40150379e-01  4.10580201e-01  2.53556365e-01
  5.10418347e-01  4.58232849e-01  8.21412688e-01  3.79160067e-01
  1.80773098e-01  3.97386936e-01  4.91361098e-01  3.43676233e-01
 -3.26881559e-01  4.16246983e-01  7.30222104e-01  5.23228355e-01
  3.23644698e-01  5.75664439e-01  2.50492901e-01  5.90755626e-01
  2.76007530e-01  4.57980243e-01  6.38948534e-01  4.12836980e-02
  3.31701153e-01  5.74904784e-01  3.50300722e-01  4.02385815e-01
  2.18770237e-01  3.29206197e-01  5.52323068e-01  6.51960151e-01
  9.40269815e-02  5.01529194e-01  6.62954532e-01  5.00748012e-01
  1.60308716e-01  4.51617948e-01 -3.91543210e-01  3.67766624e-01
  6.17894612e-01  5.06736291e-02  2.51016454e-01  3.33653412e-01
  4.89076596e-01  8.40871724e-01  3.65149043e-01  3.53891123e-02
  5.48355164e-01  5.74309337e-01  4.85322919e-01 -1.50584800e-01
 -1.92253566e-05  2.55087956e-01  1.29202032e-01  5.07028788e-02
  3.08850560e-01  5.83981682e-01  4.39858161e-01  6.37548234e-01
  2.95616980e-01  6.48338105e-01  6.00771288e-01 -2.46683791e-01
  6.12622015e-01  3.78612315e-01  1.65646572e-01  1.08145131e-01
  7.65958011e-01  9.79815018e-02  9.69836248e-02  3.69949597e-02
  2.44603443e-01 -3.69254482e-02  9.27102582e-02  4.77125354e-01
  1.16446162e-01  5.65734335e-01  8.41174994e-02 -2.48151342e-01
  4.77368989e-01  7.60239577e-01 -3.57391891e-01  4.46933782e-01
  4.58595799e-01  4.57604920e-01  6.44733620e-01  2.99020611e-01
  2.01142194e-01  6.00568985e-01]","[ 0.5282044   0.57725921  0.43301466  0.3280642  -0.14025073  0.18954403
  0.38131626  0.63843237  0.67255014 -0.38269254  0.67357846  0.41541906
  0.67028236 -0.70833595  0.42869916  0.23356834  0.58157795 -0.24716298
  0.26947665  0.49792675  0.52456953  0.5265724   0.590179    0.59889467
  0.26568644  0.60785515  0.68942278  0.38791953  0.15638865  0.66411703
  0.36295146  0.37191575  0.08933562  0.61668179  0.54866704  0.53399357
  0.47869201  0.47027339  0.77902475  0.60157752  0.49541849  0.27903864
  0.21582631  0.30281564  0.59820404 -0.35909998 -0.16739859  0.00097162
  0.53775019  0.70581253  0.51919874  0.33030626  0.11014154  0.36519423
  0.55170072  0.30607353  0.51653213  0.77527611  0.50959838  0.52529218
  0.4082544   0.77818207  0.58981551  0.60193031  0.57693549  0.64718604
  0.39797458  0.3681051   0.17916341  0.71154213  0.31435705  0.64945905
  0.4616964   0.56739913  0.11301507  0.42694483  0.4922376   0.50765367
  0.42062697  0.60731221 -0.14435982  0.84107184  0.31444966  0.47681731
  0.45031914  0.62732886  0.27520731  0.55019673  0.6686726   0.62638928
  0.26862966 -0.17348774  0.12248281  0.01666966]","[ 0.76569823  0.3138343   0.54908514  0.55872239  0.06066837 -0.14171071
  0.29723662  0.82778994  0.71696483  0.3020591   0.40602273  0.58036054
  0.56792072  0.29574519  0.49934934  0.62926519  0.74242772  0.14083194
  0.20002903  0.59430175  0.53937546  0.44731494  0.59800965  0.71508776
  0.71682829  0.65700076  0.83343858  0.510791    0.54175451  0.65791892
  0.5609696   0.42882679  0.41267338  0.83291249  0.55547307  0.70583398
  0.66663794  0.68859336  0.83822183  0.6471548   0.6398067   0.43628783
  0.40143862  0.41943338  0.2635332   0.12054457  0.57198526  0.27267326
  0.68851289  0.71240981  0.74548966  0.76099172  0.56435089 -0.15730634
  0.55921575  0.59209525  0.72304582  0.84886432  0.64838832  0.65614317
  0.53547811  0.77908179  0.70878417  0.76364798  0.71722149  0.76131199
  0.61024209  0.66843681  0.62718309  0.85290426  0.6794376   0.79308113
  0.64740638  0.76786746  0.62468304  0.4363319   0.64441358  0.77250013
  0.61469078  0.54151634  0.26245268  0.89278228  0.37988263  0.52859008
  0.52878016  0.73317682  0.57377883  0.61875894  0.72723349  0.6354432
  0.17466227 -0.14462396  0.31564888 -0.30578315]","[ 0.76107491  0.58321143  0.33532349  0.6889941  -0.29134262  0.49564495
 -0.31232073  0.24597533  0.61897161  0.25894821  0.79416894  0.26308765
  0.46959548  0.31889129  0.30820558  0.32440979  0.38520935  0.27025918
  0.64912228  0.3387725  -0.23553236  0.44434792  0.33485769  0.60394096
 -0.24042365  0.56551277  0.59632927  0.25596159  0.18667449  0.5424028
  0.45524514  0.11908613 -0.3441486   0.60211006  0.57931929  0.56091227
 -0.04479284  0.4919979   0.398454    0.36903919  0.17094843  0.56347185
 -0.48882502  0.52078483  0.62867492 -0.12220554  0.51929592  0.32269374
  0.27260253  0.86976214  0.51905205 -0.03160523  0.37394032  0.24746934
  0.51593582  0.06215916 -0.17742542  0.59658786 -0.05850559 -0.03683567
  0.31363315  0.58321148  0.43182137  0.32472406  0.35822373  0.51850585
  0.27883916  0.43919151  0.37728909  0.37681836  0.17154281  0.3954722
  0.66201232  0.37226438  0.21434385 -0.1674046   0.18400568  0.44964794
  0.29902784  0.5806646  -0.36637121  0.55474466 -0.21896248 -0.00846632
  0.42201053  0.59388989 -0.53922532  0.6178491   0.51809732  0.51983741
  0.63969789  0.29822509  0.09683935  0.37706015]","[ 0.63929872 -0.1716802   0.06285064 -0.02515298 -0.12844338 -0.05420711
 -0.25960192  0.25692088  0.66609652 -0.41331949  0.36026208  0.22494038
  0.4082465  -0.65303937  0.16973042 -0.03161974  0.19723424  0.00260944
  0.04379736 -0.1290473   0.0948815   0.10274918  0.28755851  0.50553678
 -0.40480835  0.42220634  0.6229663  -0.34691099  0.12256809 -0.20560932
  0.20276891  0.18847337  0.37644291  0.59773754  0.43875091  0.44429957
 -0.07658382  0.08711994  0.51632651  0.33970591 -0.27761467  0.38012735
 -0.55118895  0.15804292 -0.37473858  0.23226111  0.04331229 -0.53802943
  0.49593693  0.56615823  0.29792194  0.1177716   0.11583054  0.06838838
  0.3328709  -0.13654592  0.22508351  0.65434039  0.33334873  0.34011079
 -0.03480386  0.56904561  0.4737435   0.35181672  0.45959435  0.5321671
 -0.55566545 -0.51987418  0.54683536  0.76116132 -0.15402586  0.38060006
 -0.01597515  0.45877331 -0.20785965 -0.14465228  0.24840492  0.23941733
  0.10590806  0.38839077 -0.19500699  0.65807297 -0.3115723   0.42797629
  0.24116092  0.4762341   0.10934631  0.556942    0.55288695  0.69929038
  0.01205352 -0.48491432 -0.168662   -0.40628799]"
"[ 0.48260091  0.41535589  0.27122809  0.46691242  0.19906931  0.04531266
 -0.24085447  0.35597939  0.2276367  -0.04265378  0.17767203  0.02660862
 -0.10516097 -0.18948408 -0.25501245 -0.02502697  0.09232648 -0.18171578
  0.11634738 -0.02945448  0.40893854  0.43302624  0.13956578 -0.09821367
  0.05431339  0.09873644  0.45473513 -0.15558512  0.27880032 -0.43002587
  0.43461245  0.26812008  0.13348287  0.61343759  0.33862323  0.07932727
  0.3722086   0.31081907  0.42089637  0.44307764 -0.20668888 -0.03299186
 -0.49117601 -0.18318312  0.61402997 -0.20288022  0.2721865  -0.29080367
  0.14105713  0.55009957  0.10068036  0.00853196  0.35220507  0.16254754
 -0.16571102  0.41133088  0.20414359  0.07157835  0.18116742  0.34523277
 -0.2369276   0.40509977  0.61978513  0.34217651  0.19657543  0.56261068
  0.44955551  0.1564731   0.44510542 -0.30723884  0.11512107  0.29260884
  0.18102977  0.07879517  0.00588219  0.18925302 -0.13810247  0.68709376
 -0.26115978  0.2737008  -0.09440807  0.62475563 -0.18340278  0.44864889
 -0.3508952   0.06363944 -0.22864558 -0.45791899  0.42201601  0.22316216
  0.51370609  0.23628101  0.28861927  0.18739302]","[ 0.05858183 -0.04148203  0.27760851  0.25060071  0.07429667 -0.23937965
  0.42322407 -0.26337623  0.25630845  0.53600679  0.24228042  0.51323048
  0.15956379 -0.30368733 -0.35773165  0.19397326 -0.26194187  0.39873837
 -0.08999342  0.20757614 -0.26421407 -0.19181569 -0.07411523  0.42773078
  0.60684672 -0.02549706  0.64193184  0.28459207 -0.07705238  0.3865023
  0.52662371  0.05142432  0.31161027  0.44856017 -0.20201768 -0.33744773
 -0.44489297 -0.65108999  0.41124275  0.77624075  0.20283004  0.42635689
  0.40890948 -0.11524661  0.76257067  0.49715565  0.22473398 -0.19720102
  0.05237778  0.43557583  0.1260725   0.21383766 -0.25964723  0.28634435
  0.33919932 -0.00955917  0.16144678 -0.27765259  0.24721393 -0.40732543
 -0.0399346  -0.33003483  0.45333368  0.59301508  0.01628245  0.45441735
  0.4710256   0.42855381  0.23473912  0.61954044  0.48058348  0.46025544
 -0.10679784 -0.3034517   0.42241003 -0.24635977 -0.25360945  0.71751313
  0.22506863  0.50993918 -0.01174273  0.20940603  0.50832928 -0.06110594
  0.79045852  0.03856852  0.30105598  0.59194152  0.47440891  0.76452309
  0.23749847  0.09148978  0.2332556   0.00180804]","[ 0.19725459  0.50398302  0.63327904  0.30236227  0.51475205  0.0027554
  0.59377482  0.33243305  0.23502053 -0.25164863  0.48283629  0.55578873
  0.5533737   0.08654153  0.45751596  0.36525747  0.41934655 -0.02881069
  0.57825653  0.31337179  0.06182747  0.56298668  0.32402932  0.19698569
 -0.06096408  0.25412185  0.45664824  0.48812305 -0.48171338  0.06091099
 -0.18051477  0.44495581  0.41869814  0.36792566  0.49556844  0.74766463
  0.27955323 -0.00865834  0.08428241 -0.2168833   0.34308587  0.03254286
  0.48345038  0.11612152  0.3950509   0.62801092  0.6599351   0.06595513
  0.39284401 -0.10847362  0.31173851  0.33597609 -0.31237772  0.08969625
  0.39290228  0.36414112  0.03317035  0.14886749  0.11871956 -0.21677321
 -0.39740261  0.14185602 -0.09802578 -0.23562293  0.38267824 -0.04778872
  0.21970923  0.5406561   0.19744309  0.11227951  0.28620555  0.49271169
  0.16531275 -0.10823828 -0.03085185  0.24032341  0.19241609 -0.12721477
  0.5792007   0.0646945   0.05884298  0.45038721 -0.23806233  0.37851637
  0.31367658  0.51986214  0.05893463 -0.36919829  0.50259823  0.65012018
 -0.28359594  0.48021205  0.5324988   0.12396689]","[-0.0308209  -0.20981243  0.39555627  0.12909938  0.43191415 -0.02417178
 -0.2340201   0.14571409  0.13062591  0.32924353  0.34015676  0.3553409
  0.22611959  0.05104506  0.1877445  -0.5123454  -0.03298692  0.10213364
  0.19630666  0.29545948  0.56548814  0.03068461  0.22823409  0.50690001
  0.507157   -0.03357737  0.36437053  0.5401287  -0.34968301 -0.17679249
  0.44504908  0.06140335  0.44523131  0.31341025  0.1857584   0.25329018
  0.29764883 -0.51090216 -0.00601759  0.7377767  -0.02733505  0.26157006
  0.51193459  0.27779336  0.70298662  0.23213164  0.25123124  0.52706653
 -0.10045151  0.79484383  0.43371952  0.31974235  0.53017557 -0.06318871
  0.38243188  0.54204457  0.38506554 -0.35223986 -0.22463006 -0.10880927
  0.56411004  0.25331882  0.50802711  0.65173765  0.3058536   0.24837537
  0.288679   -0.09521852 -0.3701901  -0.06146683  0.58431149  0.62336866
 -0.28717165 -0.48067834  0.23790593  0.09482378 -0.04740425  0.26514257
  0.63357332  0.2148138  -0.17050704  0.49301569 -0.1466735  -0.29551795
  0.77678122 -0.39007473  0.06898012  0.57064883  0.59734559  0.34740014
  0.28615146  0.02726536  0.30120823  0.11696481]","[ 7.29427960e-01  2.36282024e-01  1.62912807e-01 -3.70972031e-01
  2.15543946e-01  2.42091066e-01  5.42224759e-01  4.61485543e-01
  5.07955052e-01  4.42578275e-01  4.70774226e-01  2.10705669e-01
  3.60604811e-01 -4.54961097e-01  2.07207199e-01  3.35319630e-01
  4.57921574e-02  4.44182844e-01  1.64148152e-01  5.46408405e-01
  4.79409105e-01  3.61852654e-01 -1.16832677e-01  4.09426133e-01
  4.54744078e-02  3.99890627e-01  7.54948905e-01 -3.27798468e-01
 -3.43531398e-01 -1.84598729e-01  5.49077772e-01 -2.68295945e-01
  2.84883581e-01  5.41421241e-01  1.23912591e-01  7.45100961e-01
  4.68613345e-01  5.21489715e-01  7.43624643e-01  5.73898069e-01
  1.54081730e-01  3.33644730e-01  2.05281553e-01  2.91933711e-01
  4.28866891e-01 -3.85980232e-01  5.30692072e-02  1.15223647e-01
 -1.15824223e-01  7.63244418e-01  3.34686261e-01  1.76715047e-01
  4.01915966e-01  9.43436452e-02  3.38689162e-01  5.44168603e-01
  1.02109700e-01  6.10807389e-01 -3.29585815e-01  4.08612753e-01
  3.38082074e-01  4.89212653e-01  5.77533968e-01  5.65853953e-01
  2.30018369e-01  5.26295476e-01  6.02804199e-01  4.32260093e-01
  3.10812649e-01 -2.32891556e-01  2.38899613e-01 -1.65338801e-01
  4.13785149e-01  1.76677473e-01 -1.14474594e-01 -6.82397416e-02
  3.06380269e-02  6.56652902e-01  3.19482276e-01 -2.29552235e-01
 -2.99206597e-01  6.41929636e-01  2.04924638e-02  1.75439699e-01
  4.74647377e-01 -3.83591143e-01  4.76623789e-01  4.99983213e-01
  6.39826086e-01  4.95995538e-01  4.56890110e-01 -1.10417938e-01
 -3.60152425e-04  1.57130262e-01]","[ 0.48747874  0.36410091  0.11087489 -0.37424387  0.27902788  0.13356192
 -0.31596993  0.48468061  0.39752546  0.43463695  0.48905971  0.37013697
  0.63200727 -0.13736083 -0.14239201  0.16497719 -0.26268554  0.39537057
  0.48561233  0.47859573  0.43856023  0.50371535 -0.31257748  0.44307911
  0.17894863  0.25588999  0.70669534  0.26769575  0.41375547 -0.20129616
  0.47358582  0.37743762  0.26010421  0.46653071  0.20547477  0.51173033
 -0.17620803  0.13536116  0.57897161  0.4397742   0.04731539  0.20694692
  0.4969084   0.29631825  0.1855157  -0.28781036 -0.38773384  0.43833134
 -0.04140801  0.67272539  0.56297155 -0.36037131  0.58943293  0.15465963
 -0.12420252  0.61962871  0.23504541  0.36027814 -0.0219536   0.40273326
  0.58110595  0.57906234  0.57159803  0.6627062  -0.00980547  0.47617093
  0.57978937  0.25532972  0.38100217 -0.34007596  0.19308676  0.19097393
  0.53183349  0.18923088  0.10213035  0.12531246  0.17760853  0.59458515
 -0.01690114 -0.12143132 -0.48665877  0.53537937 -0.10007593  0.5424323
  0.17351913 -0.14743108  0.43619342  0.3177643   0.63553582  0.52453885
  0.50915845  0.45503855  0.00410953 -0.00271276]","[-0.22582992  0.30541768  0.5080475   0.26395753  0.56669723  0.41332272
  0.65753754  0.3629197   0.08008112  0.37230272  0.51556215  0.22726721
  0.48545974 -0.15408039  0.21200011  0.26955492  0.18043839 -0.44996012
 -0.13174205  0.20996669  0.28390362  0.28105349  0.07232983 -0.05545172
  0.29844471  0.25660392  0.54670662  0.57697651 -0.502609   -0.42703569
 -0.00701858 -0.25768308  0.28521064  0.2929484   0.15399765  0.00434696
  0.20753875  0.2477486   0.15930973  0.2835456  -0.25836341 -0.28922813
  0.30371602  0.00940753  0.44784008  0.06406184  0.22016003  0.19986677
  0.22167366 -0.14064591  0.33806589  0.28793967 -0.24438946  0.13929927
  0.46582087  0.46306585  0.23383996  0.14749969 -0.0090008   0.31969144
  0.04659672 -0.03554077  0.60809587 -0.48553321  0.42599751 -0.17572425
  0.3494638   0.65575294  0.16683109 -0.00573338  0.03379531  0.42956747
  0.50575803 -0.22867182 -0.06363272  0.13570562 -0.08935388 -0.32956935
  0.32744604  0.40225375 -0.1122777   0.26377473 -0.50526419  0.28296318
  0.45749233 -0.02146313 -0.03899153  0.14560684  0.43774     0.66750024
  0.10811826  0.46351196  0.4682504   0.13325039]","[-2.29645774e-01 -2.43713272e-01  3.77024863e-01  2.14053273e-01
  1.89028265e-01  1.98768907e-01  1.21702687e-01  1.01611593e-01
  6.93455571e-02  7.62028655e-02 -2.71587472e-01  2.17562926e-01
  1.68823169e-01  2.95276294e-01 -1.62140022e-01 -3.72509488e-02
  2.78774442e-01 -1.41912256e-01  6.03810276e-01 -3.25978616e-01
  3.33092186e-01  2.95492945e-01  1.15282270e-01  1.86599112e-01
  1.68090542e-01  2.45478639e-02 -4.34078784e-02  4.42273518e-01
  1.62564191e-01  2.70472205e-01 -1.92751093e-01  3.51344551e-01
  1.94210212e-01 -1.88366742e-01 -1.08232076e-01 -1.66520935e-01
  2.85156701e-01  7.65569329e-05 -2.99945559e-01 -8.08570722e-03
 -3.97921807e-02  1.10353311e-01  4.17467613e-01 -4.20043287e-02
 -5.05540772e-01 -2.80331503e-01 -7.98872614e-02  6.54073807e-01
  1.86109933e-01  5.51212695e-01  3.29364000e-02  3.97227261e-01
  4.03105210e-01  3.92940434e-01  1.26925596e-01  6.17383298e-01
 -3.55088856e-01 -7.68588382e-02 -2.33550999e-01  9.77952945e-02
  5.67995005e-01 -2.39448037e-01  1.73729819e-01 -1.09380307e-01
  5.26511527e-01 -2.91997998e-01 -4.07291404e-02  4.45655645e-01
 -1.17474173e-01 -2.09144386e-01  5.01406502e-01  4.62229869e-01
 -1.35224391e-01 -2.34918796e-01  2.95538266e-01  3.74994729e-01
 -6.96331312e-02 -3.76901925e-01  2.67552293e-01  6.89843585e-02
 -2.27498570e-01 -2.28506816e-01 -9.75940659e-02  2.93854301e-01
 -1.07712149e-01  3.81250090e-01 -1.16344321e-01 -6.26291619e-02
  5.17515247e-01  3.96379066e-01  4.96271312e-01 -3.36871172e-01
 -4.46049922e-02  2.49854703e-01]","[-0.13642253  0.04511208 -0.24558806 -0.39670092 -0.0301255  -0.05111929
  0.4469927  -0.16286886 -0.29197855 -0.08728154 -0.53610614  0.31936697
 -0.22599687 -0.19088171 -0.31993839 -0.51674777  0.02830229  0.3448566
  0.14101448  0.24480235  0.59353318  0.31239608  0.43588404  0.07245141
 -0.10889379 -0.23965704  0.5350418   0.3439897   0.36984606  0.042131
  0.1363238   0.16040335 -0.30971336  0.40609228  0.16637999  0.43259832
  0.3618388   0.33442807 -0.25139696  0.43069703  0.09655385 -0.05945446
  0.12419634 -0.24217485  0.60263486  0.3949507   0.01657631  0.0417125
  0.23301032  0.5135041   0.53771155 -0.15820683  0.2017421   0.12045256
  0.2383497   0.36898231  0.28065247  0.36071633 -0.38970336 -0.29612858
 -0.06147019 -0.07014504  0.4971237   0.25321992  0.26584903  0.21582546
  0.28588721  0.2464002   0.3719321   0.0934834  -0.09603567  0.23715242
 -0.06618752  0.39720566  0.22320476  0.34371352  0.41786309  0.59341446
 -0.07666719  0.29212664  0.29693513  0.64350825  0.37046559  0.27777144
  0.67741158  0.12922509  0.47437813 -0.04598575 -0.06813292 -0.47850198
  0.08457218  0.22761242  0.3107616   0.2294262 ]","[ 0.27188481  0.20587819 -0.0088071  -0.34156287  0.03695706  0.35579812
  0.56278135 -0.28837723  0.14481504  0.15425941  0.27684288  0.25205721
  0.25023086 -0.34913965  0.33060488 -0.22493268  0.31660131  0.22629244
  0.04926183  0.36524666  0.47315296 -0.09660578  0.16030055  0.20505933
  0.61496279 -0.05465744  0.69415582  0.37139294 -0.15902306  0.06557568
  0.27527238  0.55827331  0.53405921  0.50523564 -0.4298742   0.33505189
  0.34834337  0.44601447  0.10053108  0.68218099 -0.34284313  0.14112098
  0.12646171 -0.1666508   0.48441038 -0.29867978  0.26486506  0.50916663
  0.09771704  0.24403908  0.5842973  -0.42037999  0.05904035 -0.12168656
  0.04611666  0.55383694 -0.0458929   0.2889565   0.03098069  0.37351006
 -0.21092926 -0.06432024  0.50169729  0.67431639  0.15867508  0.45557215
  0.34015066  0.09297308  0.22898196  0.2606998   0.52237943  0.61160132
  0.05098064  0.37566419  0.25388369 -0.23274006  0.16411139  0.53443091
  0.40221782  0.14723048 -0.02561642  0.02223119  0.12941022 -0.04370024
  0.3796118   0.59238967  0.37662625  0.32280294 -0.02257992 -0.32427024
 -0.17089928  0.67864071  0.4469183   0.27328236]","[ 0.54659679  0.17779404  0.35121214  0.04336084  0.22797864  0.06953534
  0.42458694  0.24031177  0.35758751 -0.22752101 -0.17182221  0.5352134
 -0.02823     0.04588584  0.46406857 -0.19278248  0.47295336  0.54625848
  0.24990834  0.38436875  0.28863811  0.52463083  0.620833    0.54040778
  0.24764932  0.46158849  0.59138932 -0.0958584   0.34722978 -0.07930794
  0.3255017  -0.38568857  0.27409411  0.50240737  0.47234961  0.69081006
  0.10838955  0.61428711  0.65944324  0.63052549  0.37834864  0.4722614
  0.49851919 -0.29818741  0.62136543 -0.43091444 -0.44226924  0.35608191
  0.20183458  0.74277937  0.71760852  0.4266806   0.56190154 -0.11083153
 -0.2698991   0.37759763  0.23290131  0.33112956 -0.16566571  0.27000701
  0.09645    -0.00667191  0.32516453  0.0468969   0.36323412  0.38310583
  0.41019864  0.00797528  0.13678772  0.3393529   0.38555319 -0.47166413
  0.67644276  0.5379798   0.31028165  0.30078898  0.30196063  0.71989176
  0.5156863   0.14831309  0.22362199  0.6825441   0.1128858   0.44549432
  0.33618433  0.16259933  0.39304038  0.6475508   0.67370477  0.45451325
  0.40309103  0.14238272 -0.36627702  0.43312752]","[ 0.12094235  0.00107374  0.40075238  0.17647091 -0.28289286 -0.32236779
 -0.16071871  0.23524685  0.35547037  0.51624947  0.35036331  0.22100037
 -0.17373907  0.04361958 -0.36041976 -0.3194533   0.13730036  0.10114187
 -0.41766913  0.09184967  0.15630824  0.02179982  0.29263176  0.2439192
  0.54558543  0.01248487  0.7186155  -0.00251705 -0.0772053   0.3355222
  0.43110373 -0.13519957 -0.15212458  0.63557793 -0.40465037  0.28792847
 -0.48615694 -0.63961651  0.23529038  0.5525341  -0.02236897  0.60653468
  0.4498529   0.25227841  0.72449625  0.5675399   0.12123087  0.28251303
  0.2123041   0.53455487  0.45791691  0.13782776  0.54320679 -0.31124789
  0.4918678  -0.2562025   0.37956543 -0.4913511  -0.06386628 -0.45427881
  0.17397956 -0.46518593  0.17481883  0.49636512 -0.15144188  0.34212263
  0.43522962  0.43310672  0.46045086  0.18202253  0.49431009  0.59488714
 -0.51226534  0.12842469  0.23670074  0.11483895 -0.16607431  0.59773852
  0.48577693  0.56275392  0.2055568   0.051023   -0.06494859  0.20993953
  0.76071905  0.1616316   0.16090453  0.56132492  0.53416496  0.69922401
  0.23724959  0.14947248  0.06873593  0.19950414]","[ 0.01703136  0.39898791  0.41360978  0.63174299  0.48266863  0.25876941
  0.76895905 -0.11026193 -0.28125762  0.00092094  0.52837727  0.43824466
  0.56327398 -0.21293809  0.48690812  0.23630897  0.48836826  0.1107441
  0.57600758  0.51064557  0.17525654 -0.09960142  0.35011166  0.01964938
  0.37462277  0.25358779  0.46008983  0.66248699 -0.07106412  0.22944122
 -0.26699169  0.43479358  0.3528059   0.58405226  0.5274433   0.65257269
  0.53414526  0.51749346  0.25789965 -0.02146205  0.33973878 -0.1942165
  0.32390453  0.24815821  0.62803007  0.59527656  0.48212478  0.41369763
  0.44134468  0.14014781  0.07743607  0.56318412 -0.19404641  0.55835874
  0.57106592  0.10545726  0.17895271  0.40018149  0.11235766  0.32779787
 -0.15259143  0.05903716  0.20990046  0.37814268  0.51020364  0.07729672
  0.21942515  0.71160833  0.06481509  0.25848994  0.06359558  0.48583688
  0.52573328  0.13700534  0.61515348  0.19167678  0.09425055  0.47830498
  0.64812543  0.39230294  0.34401149  0.52127338 -0.37156586  0.30273046
  0.7508216   0.68926927  0.21889732  0.29817891  0.43914421  0.44515094
  0.01656934  0.38929651  0.60572907 -0.09235901]","[ 0.22038798 -0.19959294  0.51501998 -0.02796552  0.38530777  0.42748657
 -0.02074305  0.15222539  0.31225672  0.39069167  0.19512162  0.46387058
  0.36771574 -0.05167139  0.02625887 -0.43396392  0.2517403   0.20430999
  0.19155104  0.3761903   0.56587432  0.40997064 -0.29429167  0.38329326
  0.5253309   0.03689054  0.44909097  0.35692542 -0.02064311  0.17818224
  0.47880651 -0.14981098  0.45617438  0.34394691  0.31985378  0.45637588
 -0.42920308 -0.04990712  0.34580162  0.64684698  0.16260661  0.3054708
  0.70013993  0.30516806  0.80995847  0.50701827  0.25896949  0.03938484
 -0.04621853  0.73791336  0.46196081  0.26613062  0.52358251  0.07183135
  0.31112807  0.68939882  0.34929017 -0.28185714  0.16211472  0.12868302
  0.57147881  0.29117691  0.44766599  0.75807856  0.40879118  0.45799062
  0.2993728   0.0804803   0.25092509 -0.16539069  0.64548002  0.55836445
 -0.1373495  -0.47273315  0.46874175 -0.0699208   0.40148914  0.14689888
  0.5536487   0.10131236  0.23400183  0.4972454  -0.31686982  0.19274838
  0.44283962 -0.45685914  0.09261597  0.51260294  0.61312239  0.13237069
  0.22031414  0.13731467  0.11573575  0.11829535]","[ 0.64309913  0.19656203 -0.4279073   0.06996254  0.23447487  0.20017077
  0.61744048  0.33360612  0.33563139  0.10802664  0.31693512  0.00573422
  0.22617748 -0.31956643 -0.01198813  0.21573741 -0.4625227  -0.10463087
  0.16529171  0.40631588  0.44504285  0.22889257 -0.24548254  0.25266683
  0.15205455  0.30527909  0.59493576 -0.16735954 -0.44033975 -0.00422257
  0.4623733  -0.2316129   0.38802114  0.27955947 -0.056707    0.55945948
  0.17920805 -0.454286    0.67708249  0.31731248  0.10075078  0.2194331
 -0.14005401  0.11721587 -0.34909835  0.19583798  0.13623554 -0.24867675
 -0.09539641  0.70492563 -0.21998221  0.1678006   0.27672401 -0.14350518
 -0.29457603  0.51034457 -0.36511979  0.43185463 -0.04480805  0.10269254
  0.32447792  0.35981607  0.54260415  0.27622863 -0.43796728  0.42592256
  0.0241221  -0.22130442 -0.00392678  0.02264464 -0.25682024 -0.07699635
 -0.40016525 -0.29885845 -0.43106912  0.28672904 -0.0722367   0.57901418
 -0.09819756 -0.20329117  0.26664704  0.54987605 -0.31231516  0.16003021
  0.37570199 -0.51310571  0.34829506  0.48717392  0.67492536  0.44220655
  0.01522002  0.40619191  0.03153789 -0.1322486 ]","[ 0.54681856 -0.04235409 -0.32334164  0.31433783  0.55629279  0.24871284
 -0.03130225  0.40067024  0.27547061  0.45628736  0.39311204  0.40652142
  0.47969714  0.14849347  0.15435168  0.28344991  0.53560974  0.26259413
  0.28336344  0.56361035  0.55840307  0.46486635  0.01046415  0.16072526
  0.42620914  0.25016773  0.66737639  0.34308773  0.38173776  0.3261517
  0.21164402 -0.03422698  0.23562634  0.50051888 -0.14057276  0.51750603
  0.12938046 -0.23542024  0.55213614  0.46056717  0.03778392  0.32925928
  0.22674708  0.32137454 -0.05113479 -0.08764334  0.12606621  0.24529611
 -0.07841748  0.68424392 -0.17042434  0.47371316  0.58326982  0.38983538
  0.09433488  0.66759423  0.03628196  0.47211355 -0.01808541  0.24910278
  0.5772754   0.51063759  0.55342751  0.25328616  0.28084793  0.48328328
  0.46654837  0.3208077   0.58565005  0.39239535  0.27731852  0.16821072
  0.62479455 -0.26442811  0.39784468 -0.00367792  0.01045291  0.52975247
  0.61262244 -0.24018478  0.16946826  0.4287752   0.05457462  0.61572883
  0.03372447 -0.01586651  0.46464689  0.58645713  0.67135615  0.3969091
  0.06612863  0.58150036 -0.15275549 -0.14666048]","[-0.25806189  0.25419185  0.25797984  0.46306486  0.69954736  0.30638468
  0.70588851 -0.03582983  0.15912648  0.18704884  0.58113868  0.4608867
  0.44343507  0.19016949  0.2695679   0.15126745  0.45396131 -0.18313381
  0.54312996  0.50694985  0.21117505 -0.27324477  0.29802548  0.04193348
  0.27128582  0.35403188  0.55913388  0.60017592 -0.37117586 -0.3381901
 -0.1482772   0.13725138  0.19388614  0.19326803  0.38865248  0.56011608
  0.39015859  0.315668    0.19797675 -0.28482486  0.03111161 -0.21265807
  0.66000791  0.21096911  0.59467546  0.36384227  0.40687577 -0.04556812
  0.52408008  0.10770808  0.1597663   0.17787261 -0.16751182  0.57213138
  0.55145435  0.24947123 -0.09755077  0.49317382 -0.01492093  0.28379969
  0.04248035 -0.41988556  0.40953773  0.19711824  0.5810678   0.34059706
  0.14131829  0.60598901  0.08533443  0.19819024  0.12347799  0.33835185
  0.53582819  0.45913454  0.63753043  0.23092323 -0.27223205 -0.09386614
  0.50858242  0.62583787  0.27833524 -0.40926221 -0.35647338  0.2779248
  0.59148946  0.46552663 -0.09612991 -0.18026698  0.41586384  0.5238288
  0.00406803  0.56834804  0.39679266  0.12960938]","[ 2.16748341e-01 -7.62315615e-02  4.55440308e-01  1.29948005e-01
  1.07080258e-01  2.75639252e-01  4.06193984e-02  3.68074835e-01
  2.23322207e-01  1.10761804e-01  1.83076344e-02  3.19308210e-01
  2.63803983e-01  4.01182487e-01  9.27184681e-02  4.62695890e-02
  5.07466170e-01  3.74214021e-01  5.38511523e-01  2.19136138e-01
  1.80183418e-01  2.27049668e-01  3.32543033e-01  9.44605140e-02
  4.92849928e-01  3.87711567e-02 -8.36133018e-02  5.90900483e-01
  2.46172670e-01  2.80188059e-01  2.56099008e-01  4.70863081e-01
 -2.10132304e-01 -4.65382543e-01  2.60780663e-02  3.39184749e-01
  7.64634094e-02 -4.63330522e-01 -1.11438529e-01  2.45735378e-01
  1.38122078e-01 -2.45820484e-01  5.11329596e-01  1.55567801e-01
 -4.12768337e-01 -2.45478419e-01  2.89562330e-01  5.22584958e-01
  2.72534350e-01  4.71772270e-01  1.82790891e-01  4.77140267e-01
  5.02896869e-01  4.71877838e-01 -2.59710175e-01  7.73735235e-01
 -1.04132750e-01  5.16577118e-02  1.99289568e-01 -2.95793941e-02
  5.96311990e-01 -5.06680657e-01  2.75966957e-01  2.27878884e-01
  4.36149967e-01 -3.37031574e-01  1.90447556e-01  5.25253927e-01
  2.71172635e-01 -4.03706607e-04  3.94507178e-01  2.90984123e-01
  3.91512777e-01  1.58607938e-01  4.42002895e-01  3.22921248e-01
 -3.25083065e-02 -1.47554275e-01  2.66303545e-01 -6.53001239e-02
 -1.57524187e-01 -1.30258091e-01  2.03733817e-02  5.10491435e-01
  2.82255208e-01 -2.98283234e-02  1.59450419e-01  5.47568311e-02
  6.03432078e-01  3.32635002e-01  8.55180011e-02 -3.12048591e-01
 -2.82718760e-01  3.22109421e-01]","[-0.2586719   0.14632975 -0.17560984 -0.13076849  0.35750455  0.11439592
  0.47186356 -0.1267651  -0.45086031 -0.19407124  0.25761428 -0.02519838
  0.35061134 -0.48717352  0.09928851 -0.31736801 -0.08265434 -0.30886276
  0.17346058  0.30051999 -0.3706288  -0.22405813 -0.0415442  -0.07907849
  0.32108511  0.02414992  0.55186269  0.06656326  0.33224809 -0.01822062
  0.33924452  0.5440531   0.34470017  0.32302014  0.14538897  0.24424223
 -0.31158353  0.12162055  0.02821434  0.5937412   0.00623795 -0.02100234
 -0.16847974  0.06387813  0.56986346  0.23841566  0.1630365   0.1436401
 -0.15706545  0.17065115  0.32700164  0.17083493  0.11912765 -0.10654285
 -0.13659619  0.42282732  0.22232051  0.01308131  0.04558627  0.3184014
 -0.13194066  0.27060531  0.63765852  0.32054856  0.2571179  -0.01043629
  0.41894418 -0.17106456  0.38035277 -0.25336335 -0.23260076  0.36985099
  0.13495505  0.19048444  0.34986177  0.28181515  0.00529167  0.43040095
  0.13215225 -0.28569851 -0.26722949  0.21381159  0.29690087  0.2569918
  0.34438547  0.36753051  0.26259747  0.37828843  0.10688897 -0.29712733
 -0.51014013  0.09203113  0.20010227 -0.47517694]","[ 0.04233862 -0.05635182  0.14613057  0.28072999  0.416403    0.46702075
  0.587164   -0.23186734  0.0977078   0.38337474  0.48655022  0.44929509
  0.25830003 -0.40421456  0.61830182 -0.2668431   0.20950279  0.45359102
 -0.11914858  0.35567634  0.32497498  0.08551704  0.02348159 -0.4080078
  0.56067455  0.17953191  0.49568169  0.20729051 -0.16542912  0.15539245
  0.50413005  0.40347928  0.80980959  0.01898877 -0.32736947  0.56910963
  0.49409959  0.02706169  0.60716405  0.69394915  0.2960185  -0.30809291
  0.2414373   0.0136332   0.45144194  0.29175484  0.39142372  0.47814252
 -0.01666967 -0.08646478  0.25446057  0.37870389  0.19812257  0.1728982
  0.34328227  0.37478767  0.23904984 -0.0476823   0.55946773  0.52332751
 -0.05469802  0.38123909  0.42680294  0.40680657  0.29103581 -0.38189035
  0.33109487  0.13333706  0.36621199  0.47825041  0.55193271  0.63417444
  0.42623035  0.13717298  0.57286378 -0.16989825  0.57659269  0.03711401
  0.64094339  0.30553178 -0.27531321  0.29971518  0.46924308  0.39644372
 -0.46148987  0.70603991  0.42004414  0.35874819  0.39941924 -0.1059806
  0.28716363  0.79812461  0.61173421  0.09232172]","[ 0.17868686  0.19646293  0.14113947  0.21443839  0.32773064 -0.0378123
  0.38266241  0.20398632  0.20276249 -0.26191784 -0.13733203  0.46251082
  0.33219441 -0.34361587  0.18549184  0.32921618  0.10845855  0.41018622
  0.09325729  0.22345321  0.34167137  0.46106163  0.61564568  0.46242663
  0.17668413  0.43497167  0.67578303 -0.08634646  0.21146007 -0.05522025
  0.40468067 -0.43688201  0.12017286  0.47466217  0.51297766  0.67104986
 -0.25172004  0.34011631  0.3599065   0.60571871  0.1376189   0.5189736
  0.19769422 -0.1558467   0.55384677 -0.10061924 -0.08398647 -0.24842129
  0.40540605  0.79118348  0.63244635  0.21261958  0.47552522  0.17169162
 -0.13040884  0.50961469  0.23725611  0.20177098  0.01447985  0.35631836
  0.39973939 -0.12916721  0.61174194  0.13928473  0.28191876  0.34368131
  0.23746864  0.30840638  0.24766208  0.15050525 -0.13571645  0.11906274
  0.04447946  0.32160724  0.20864335  0.18042822  0.20109046  0.66626921
  0.31801454  0.14111763  0.04002583  0.75667574  0.12151186  0.47997941
  0.07469268 -0.22411596  0.24335214  0.68075375  0.64704206  0.3350419
  0.44256424 -0.06098052 -0.20974611  0.3071166 ]","[ 0.44957202  0.29871948  0.12151303  0.13485878  0.2578214  -0.08419357
  0.24408233  0.20812765  0.02261627  0.53381137  0.40039212  0.32911744
 -0.51134803  0.38595511 -0.09513164 -0.19880987  0.07294416 -0.02790533
  0.63096423  0.02828367 -0.21173379 -0.1437884   0.42979157 -0.28250626
  0.23631872 -0.09072786  0.19717223 -0.16910328  0.55413787  0.11641973
 -0.1546008  -0.32292146 -0.20717466  0.05269604  0.17680503  0.02432319
  0.29289804 -0.39114468  0.26234538  0.18478305  0.10926654  0.31336645
 -0.35454947  0.32604218 -0.10183129  0.21055037  0.3361105  -0.24341568
 -0.08483087  0.38281897  0.08114029  0.3159589  -0.23805236  0.06974985
 -0.17400768  0.17517968  0.25380844  0.088541    0.14249523  0.37537847
  0.31441897  0.10202223 -0.08088778  0.21117167 -0.23060316 -0.32663609
 -0.15686729  0.1756031   0.16456792  0.26373602  0.62932719 -0.31741716
  0.59104081 -0.47140151  0.38180442  0.34429436 -0.10444105  0.07964102
 -0.03062585 -0.10243216 -0.18599183  0.15561759 -0.09923979  0.4474047
  0.12580255  0.13586733 -0.03234118 -0.38818909  0.34150654 -0.37149884
  0.10001702 -0.07043544 -0.51608243  0.22161846]","[ 0.41662067  0.08283978  0.3615522   0.50881225  0.47251873  0.4122249
  0.54695623  0.67374646  0.48024973  0.46056305  0.22007742  0.38040188
 -0.02657134 -0.42152267  0.36224867 -0.2293338  -0.52233733  0.42115395
 -0.16772969  0.51454453  0.50142667  0.41018509 -0.24944238  0.12617075
  0.47597308 -0.24829385  0.47586999 -0.0412491   0.23407299 -0.55354435
  0.45168839  0.49604913  0.23820638  0.51205466  0.31426384  0.61918393
  0.715553    0.43731611  0.74896454  0.74107067  0.03853566 -0.5319176
  0.45198777  0.21281684  0.81670614 -0.00871839  0.40080946  0.44875138
  0.25073032  0.580966    0.33021953 -0.04120488  0.52235273  0.05384317
  0.40864409  0.64578215  0.34055231  0.55834179  0.15874121  0.39307792
  0.45000588  0.27466446  0.60921765  0.25217773  0.28696043  0.36859867
  0.59423341  0.36978044  0.54819787 -0.37950682  0.27556111  0.31965003
  0.29208987 -0.13836029 -0.05563823 -0.22142787  0.20788966  0.80986922
  0.32311637  0.09708451 -0.1671816  -0.61463306  0.67535139  0.2648125
  0.26262654  0.48744598  0.43770626  0.5984704   0.59765499  0.31357519
 -0.4649734   0.41621563  0.34508281 -0.33311837]","[ 0.56401188  0.35296843 -0.12127537 -0.11493607 -0.06647388 -0.23814736
  0.59376395  0.41857989 -0.11422121  0.35838448  0.52520402 -0.16977932
  0.1986701   0.10852442  0.22403737  0.40902805 -0.08877107 -0.15348648
  0.58424978  0.68053412  0.56330894  0.39685368  0.3955817   0.43822937
  0.48039918  0.40216634  0.61706119 -0.15620235 -0.07939625  0.32831801
  0.55714408 -0.44705707  0.15592171  0.63219132  0.41281595  0.8080027
  0.46119657  0.6443363   0.73111158  0.58310184  0.33947445  0.61837572
  0.55899662  0.39152009  0.73538545  0.2917296   0.38777368  0.52312977
  0.5394783   0.77290006  0.66614207  0.35305684  0.07057271  0.4251177
  0.6426737   0.49949459  0.14098689  0.20630964 -0.3482122   0.39869057
  0.40169436  0.34987795  0.46236634  0.34363429  0.19804867  0.51978434
  0.65558755  0.47618774  0.29412727 -0.23664968  0.42681163  0.30028348
  0.30743425 -0.45878293  0.24126538 -0.16797513  0.05656571  0.79044179
  0.46999314  0.27403779 -0.31161409  0.59904584 -0.06852333  0.64438309
  0.76860055 -0.37804439  0.36136022  0.36955416  0.45018743  0.07367005
 -0.45942927  0.32036872  0.30565008  0.14930212]","[ 0.37098269 -0.37707799  0.57849442 -0.32944878  0.20118372 -0.08436454
 -0.03411539  0.22200376  0.56296725  0.1240531   0.61603652 -0.32181935
  0.03413427 -0.28903412  0.21208062  0.46353452 -0.06252858 -0.26888409
  0.55083964 -0.21584494  0.46708631  0.39249498  0.42006906  0.11798664
 -0.17910621  0.30568301  0.71327454 -0.53160349 -0.36720276  0.37183085
  0.46641315  0.09134273 -0.30119549  0.33291142  0.22683714  0.69711469
  0.55535195  0.55082722  0.38464624  0.52010102 -0.15162445  0.22249269
  0.20520299 -0.27972273  0.2866124   0.30563136  0.20835724  0.23362658
  0.18449819  0.66556763  0.52806418  0.2340295   0.49359876  0.49815939
  0.03991592  0.44343617  0.20100971  0.40825505  0.40637143  0.47571104
  0.14811373  0.15786646  0.43455139  0.4888462   0.48459775  0.41845043
 -0.57045855  0.16177496  0.32372454  0.67703439  0.38103678  0.2978786
  0.06555778 -0.08990742 -0.61396629 -0.32138444 -0.30701975  0.62458304
  0.24707905  0.38147588 -0.11349811  0.51129171 -0.23795333  0.42710426
  0.31469972  0.20932627 -0.01640514  0.47239627  0.21896494  0.37032542
  0.0573662   0.06757229 -0.36343934  0.19540219]","[ 0.49870463 -0.37584768 -0.11864881  0.42404125  0.48651811  0.04458729
  0.26018755 -0.02999319  0.08209426  0.4519442   0.28581671  0.34019449
  0.29917478  0.0048373  -0.20639875  0.40975706 -0.01375344  0.49467372
 -0.02050973  0.04897868  0.32485305 -0.32709921 -0.24929521 -0.01243905
 -0.15710951 -0.08573599  0.424364    0.03664846 -0.24983798  0.34383783
  0.32988496  0.03714444  0.15616668  0.2760753   0.32632383  0.49726605
 -0.04567967  0.37208427  0.14120674  0.45222853  0.54553924  0.27699972
 -0.12102326 -0.1988721   0.43141474  0.17127103 -0.35966573 -0.46866376
  0.32531564  0.71867197 -0.12154709  0.41077248  0.56275123 -0.20496012
 -0.32503005  0.30796806  0.1109901   0.28863645  0.07795132 -0.44855184
  0.02371715  0.25565953  0.47135471 -0.13308478 -0.18340397  0.12026765
 -0.2708815   0.02480699 -0.20207366  0.09414792  0.5969169   0.34859771
  0.18429938 -0.1046513   0.61397731  0.24967164  0.13410838  0.4729342
  0.58002755 -0.16837581 -0.38298103  0.45872717  0.30723887  0.1883827
  0.02975859 -0.31447919 -0.26508722 -0.29469892 -0.10295218  0.32465291
  0.24935859  0.23032955  0.55593778  0.18989649]","[ 0.31114052 -0.43190107  0.01337872  0.33272219  0.80835728  0.44960562
  0.60021255 -0.05134058  0.31327907 -0.04377061  0.37006406  0.19898509
 -0.34660646 -0.318112    0.34871235 -0.26742926  0.58705666 -0.09631343
 -0.24474612  0.29823323  0.49188526  0.54841813 -0.42787867 -0.2075651
  0.59747093 -0.05191125  0.08529626  0.34885757 -0.04583787  0.40612159
  0.33947529 -0.06040096  0.5197315   0.23040274  0.44920131  0.11596861
  0.40478826  0.37862047  0.51105123  0.64706055 -0.23653851  0.03358342
  0.2695524  -0.25593847  0.78900999  0.28174954  0.64482782  0.17709101
  0.48381172  0.72445344 -0.36353048  0.6186476   0.18878462  0.12210937
  0.43712114  0.61422618  0.09178012  0.48116932  0.07651654 -0.18030533
  0.22623936  0.38902927  0.47023126 -0.41090635  0.71418917  0.27929603
  0.22037427  0.06470293  0.15504869 -0.6541757   0.5669529   0.59417257
  0.40568854  0.20929694  0.73963719 -0.05925358  0.14032223 -0.06492757
  0.0961971   0.44402644 -0.14132055  0.02788195 -0.05321648  0.06325246
  0.02691244 -0.02087181  0.53041477  0.52963647 -0.13811821  0.01765106
  0.59239244  0.2916837   0.65890137  0.46720424]","[ 0.44908923 -0.49173615  0.4360815   0.41438487  0.65994839  0.26076638
  0.44960776  0.42454368  0.42263256  0.26221539  0.19671661  0.3229882
  0.25152142  0.30794113  0.14118257  0.24844893 -0.00148793 -0.45195563
  0.35608798 -0.07960022  0.31607608  0.20553401  0.43733225  0.01337011
  0.29869005  0.10216893  0.48147936  0.52095262 -0.20222491  0.15877177
  0.24172645  0.05608386  0.30501395 -0.11846665  0.49270321 -0.25297543
  0.44238927  0.16402501  0.46759583  0.4622962   0.29804407  0.48319326
  0.04647579 -0.3126276   0.5880892   0.43543204  0.71164724  0.4252886
  0.39928572  0.46026139 -0.25026365  0.34304864  0.6007039  -0.19248384
 -0.30596937  0.52411698  0.42839372  0.22688991  0.57677311  0.31787822
 -0.11137561  0.28419273 -0.30511793 -0.30253471  0.72743764  0.17441838
 -0.41631555  0.57159164  0.40514756 -0.22066664  0.65533341  0.34807229
  0.68575735 -0.06075982  0.33184673  0.39067811  0.14801372  0.34688842
  0.17633598  0.59791927 -0.03463392  0.19796993  0.03486109  0.33849338
 -0.03716277 -0.12089973  0.03031884  0.12419403  0.39740147 -0.01987439
  0.35205779  0.44875463  0.26028762 -0.12404621]","[ 1.68757995e-01  2.75734203e-01  4.37102226e-01  4.17349818e-01
  6.74257154e-01  5.83213943e-01  2.42781764e-01  5.11457164e-01
  5.40702317e-01  4.21501803e-01  2.12964536e-01  2.57263534e-01
 -3.13107851e-01  3.13408268e-01  2.00399119e-01 -2.58005206e-01
  5.47846483e-01 -2.31090621e-01  1.45557417e-01  2.45117346e-01
  3.54168050e-01  3.26376942e-01 -2.14629427e-01  2.90732294e-01
  1.64719329e-01  4.10811560e-01  1.71010234e-01  5.07815037e-01
 -4.53216668e-01  3.31517474e-02  2.82174293e-01 -4.09296692e-01
  6.76193433e-02  3.55492161e-01  5.83914323e-01  7.10908658e-01
  3.94633065e-01  1.91243484e-01  5.63961308e-01  6.26731564e-01
 -6.94083065e-02  2.00941866e-04  4.87040180e-01  2.58720769e-01
  3.70405940e-01 -9.25478266e-03  4.94877959e-01  2.74883603e-01
  4.33849269e-01  2.05376087e-01 -5.66745573e-01  1.66480820e-01
  3.24678456e-01 -1.29715392e-01 -3.70226961e-01  5.37366263e-01
 -2.25686167e-01  1.10224724e-01  2.80251262e-01 -2.54114558e-02
  4.27808862e-01  4.20596708e-01  5.15745523e-01 -1.63608678e-01
  6.50001286e-01  6.55082214e-01  3.07907537e-01  4.73106152e-01
 -4.82775923e-01 -1.92093703e-01  6.32054278e-01  7.39611356e-01
  2.69854147e-01  5.03613675e-01  3.97455372e-01 -1.89086407e-01
  4.05736364e-01  2.45463020e-01  3.29880888e-01  7.15221450e-01
 -1.32432953e-01 -4.05078729e-01  1.08990683e-02  3.53723255e-01
 -2.19347393e-01  5.10984794e-01 -6.31887418e-02  6.90497717e-01
  5.16772123e-02  3.42494671e-01 -1.80253508e-01  5.82237883e-01
 -1.26613859e-02  5.16448638e-01]","[ 0.4030083  -0.27540219  0.50778072  0.50684541  0.67911146  0.5063863
  0.19862729  0.41025223  0.23082353  0.07340134  0.25348052 -0.08183281
  0.12531075  0.33903816  0.23839804 -0.12238621  0.63285689  0.03997629
  0.48419192  0.19079777  0.31624745  0.13736556 -0.16424851  0.22684959
  0.40465209  0.34980373 -0.23065313  0.41952787  0.07592531  0.63007188
  0.31952031  0.07795442  0.61708351  0.41928906  0.41452642  0.16653484
  0.32402155  0.22570765  0.54625883  0.24054353  0.01389804  0.27266711
  0.27461373 -0.28212771  0.56853854  0.11195245  0.60197274  0.5810749
  0.21719225 -0.07998442  0.0045491   0.26014052  0.5590922  -0.26658796
  0.12935744  0.51944713 -0.06635565  0.56138852  0.55330862 -0.1190692
  0.26756833  0.5850364  -0.18048513 -0.38381644  0.63822335  0.3013851
  0.0469659   0.56030552 -0.19113872 -0.06924256  0.67576645  0.60194488
  0.59237007  0.04488186  0.56053282 -0.16988404  0.16806759  0.57769003
 -0.33652748  0.34463685  0.352751    0.41240516 -0.13359881  0.22032471
  0.37887063 -0.16817516 -0.16869156 -0.26255077  0.34162488  0.2099154
  0.23569184  0.58507149  0.49208847  0.39308009]","[ 0.32448177  0.32869997  0.12494505  0.44177618  0.63997653  0.36799792
  0.47541571  0.37771981  0.292306    0.13797636 -0.02616047  0.34127174
  0.30347515  0.3166164  -0.32012522  0.13706725  0.43325101 -0.00559534
  0.40215111  0.3602654   0.41855703  0.31676982  0.19770924 -0.21651307
 -0.04954188  0.25111891  0.32364685  0.5098054  -0.0553781   0.15967999
  0.32728809  0.21435783  0.18815912  0.20388197  0.29444737  0.53497887
  0.34648915 -0.32075262  0.38659758  0.54183826 -0.40185312  0.55654738
  0.29461236 -0.04692769 -0.05888189 -0.00143377  0.71031854  0.16919229
  0.17210995  0.40879431 -0.38294046  0.51674592  0.51144735 -0.25280245
 -0.16929145  0.45845657 -0.40277169  0.6768903   0.15049095  0.20023321
  0.43751731  0.71879261  0.38514719 -0.31322507  0.58029246  0.01456758
 -0.1994536   0.37360988 -0.08812816  0.31900109  0.69688593  0.79990655
  0.67471209 -0.22544537  0.66839436 -0.30233665  0.13608239  0.64402331
  0.45384235  0.24171387  0.3749946  -0.14464033 -0.10591613 -0.01534692
  0.58964583  0.37266956  0.16550101  0.0147311  -0.32021174  0.55369612
  0.59286189  0.63030856 -0.05463661  0.65092506]","[ 0.17173765  0.03486833  0.24825565  0.59665325  0.56580622  0.25051087
  0.4267387   0.57714916  0.40393247  0.26009863  0.43569804  0.10501511
  0.38345937  0.48581753 -0.02762956  0.27774744  0.52826102  0.19602424
  0.23231187  0.50602579  0.41067411  0.25753155  0.07882059 -0.09705709
  0.64245568  0.41035497  0.4180664   0.71644393  0.30305539  0.01777651
  0.04361896 -0.01716401  0.42681459 -0.13336689  0.38070172  0.47826851
  0.09776736  0.3969068   0.38085749 -0.10689133 -0.03219406 -0.23757227
 -0.19533263  0.57192319  0.20638743  0.08580176  0.52493213  0.52818901
 -0.31354513  0.20401975  0.14824772  0.43359906 -0.23459388  0.39186516
  0.0915751   0.66084237 -0.31970002  0.4229135  -0.29422131 -0.22254334
  0.30229372  0.77215441  0.41102829 -0.11724701  0.63870914  0.16657532
  0.49950216  0.57281991  0.10071243  0.39675692  0.36585588  0.64999701
  0.73458873 -0.07728724  0.4587297   0.27140125  0.3064186   0.08834824
  0.36456533  0.47040354  0.30888149  0.42093128  0.26494764  0.41528669
  0.38858278  0.42838233  0.14033656  0.5683279   0.60119259  0.19263204
  0.4642313   0.62206479  0.27117754  0.68303105]","[-0.01812896  0.25677294 -0.41259352 -0.00393405  0.69884569  0.62954092
  0.70142923  0.13118954 -0.22915866  0.58274512  0.6907378   0.63521244
 -0.38069537  0.55629807  0.44952929 -0.41109187  0.64549209 -0.60214206
  0.45868227  0.42778013  0.37599119  0.60079229  0.71058193  0.05827876
  0.40964289  0.7475359   0.21731296  0.35503541 -0.53676559  0.4708969
  0.27486235  0.65003871  0.5619689   0.66902364 -0.02035399  0.76724837
  0.480798    0.71674025  0.65377516  0.64038142  0.46658958  0.59595211
  0.43906073  0.47254355  0.704476    0.49197308  0.53249749  0.72029329
  0.4984465   0.09639239  0.72511179  0.82508723  0.66666751  0.70315616
  0.05782022  0.5453732   0.50843005  0.49128237  0.41913506  0.35052703
  0.23169622  0.68170096  0.46639004 -0.27704383  0.54411866  0.35185698
  0.14539758  0.44535137  0.36850935  0.7046615   0.7328387   0.56342535
  0.73819245  0.1056083   0.75404461  0.38178075  0.64355357  0.25861684
  0.63695105  0.27189693  0.43417468  0.33175843  0.13176447  0.47029522
  0.79537652  0.7332536   0.76219017  0.32213189  0.16021881  0.60813685
 -0.39409316  0.65101515  0.43669503  0.79291336]","[ 0.24860705  0.26613362  0.70827182  0.65384871  0.72078213  0.55790536
  0.60146253  0.31544009  0.20890706 -0.00540788  0.53266174  0.55061634
  0.42362073  0.60301762  0.43793465 -0.3202779   0.79852149  0.08697461
  0.44230046  0.39294453  0.44882095  0.52809677  0.44682049  0.12783462
  0.05274003  0.5049904   0.52594921  0.56856741 -0.22681952  0.50985532
  0.17458508  0.60987136  0.40223367  0.3099973   0.46212861  0.72344229
  0.49064233  0.41709725  0.46665387 -0.42012921  0.11376406  0.68399627
  0.6406419   0.52977602  0.30629659  0.04846445  0.68049842  0.53750464
  0.3197978   0.03782367  0.52489343  0.26602424  0.43232804  0.50842615
  0.60161325  0.57885284  0.46260913  0.59290877  0.32043917  0.61122276
 -0.33808323  0.71416608  0.56209491 -0.08127609  0.72823995  0.33713103
  0.34952618  0.62320044 -0.00266977  0.16653263  0.79518408  0.74965009
  0.78276101  0.41782866  0.70416882 -0.42845705  0.09591238  0.5205721
  0.34466078  0.64169626  0.63957926  0.39559348  0.37396499  0.41512957
  0.58523797  0.36480701  0.32469678  0.69783482  0.51308823  0.70477807
  0.53702659  0.73253985  0.22907219  0.59177231]","[-0.2027287  -0.29627683  0.30183902  0.4103372   0.77060974  0.05998101
  0.62634297  0.32575432  0.21184747  0.19591435  0.62012778 -0.0602195
  0.40274064  0.17605678  0.36996736 -0.01604174  0.77751333 -0.19311324
  0.61688008  0.28952981  0.40111334  0.50990821  0.25272404 -0.19459556
  0.49442837  0.32526126  0.55913417  0.38004232  0.18815324  0.30730549
  0.32207171  0.50543695  0.40349504  0.56629699  0.25246952  0.19308625
  0.27171338  0.57879625  0.37830668  0.35401325  0.16632253  0.48305239
  0.51222887  0.11766517  0.63133143  0.46075135  0.49972572  0.0841209
  0.6404775   0.32051998  0.22677388  0.39109687  0.69563929 -0.41725416
  0.36631403  0.57683694 -0.04265698  0.43303285  0.23055286  0.32980363
  0.19805854  0.69226466  0.1070989  -0.29316975  0.63604144  0.41352376
  0.46017113  0.64256072  0.513044   -0.15786054  0.56624603  0.60408279
  0.57957157  0.48683607  0.50582232 -0.2753545   0.19562902  0.3899073
  0.29145879  0.54018077 -0.07511623  0.19411431  0.11485601  0.35889562
  0.27522107  0.31107737 -0.22521477 -0.15648513  0.4623417   0.63721366
  0.36185312  0.50155858  0.33629164  0.41567682]","[ 0.45351372 -0.05546504  0.05545942  0.60833937  0.7729114   0.64073759
  0.70137659  0.22456883 -0.18708845  0.50766013  0.64762482  0.31189395
  0.4530095   0.36088644  0.46312368 -0.27992666  0.7276134  -0.15428052
  0.1836018   0.14918514  0.53383495  0.605252    0.55667689 -0.20773145
  0.58207681  0.45404145  0.32438306  0.54804527  0.02938943  0.59792512
 -0.16614086  0.51285541  0.64049462  0.27730553  0.4447218  -0.32056537
  0.09011238  0.57512728  0.219209    0.40694855  0.28607566  0.56136966
  0.43136159  0.40073722  0.68407178  0.64067102  0.64286903  0.21079766
  0.58204156  0.56273666  0.51252986  0.74674068  0.68016184  0.41887464
  0.44702884  0.65909855  0.57310179  0.23406123  0.49220588  0.0926159
  0.1427908   0.41736321  0.1084358   0.49183915  0.68094772  0.68420036
 -0.11637064  0.59513155  0.09691645  0.20588441  0.77362293  0.42610081
  0.66489277  0.57292536  0.69034719  0.32772597  0.30844879  0.48958698
  0.56658028  0.5407046   0.35517282  0.09669399  0.40664278  0.42363875
  0.32564465  0.54816905  0.57754959 -0.00771366 -0.20499196  0.58359627
  0.69260586  0.57963531  0.37558943  0.57073221]","[ 0.55978945 -0.40863071  0.3372504   0.20519461  0.4618726   0.24429014
  0.3195205   0.47828205  0.31660411  0.21075704  0.50487988  0.3093773
  0.44939257 -0.46009477 -0.18892878  0.23202829  0.38863539  0.02682107
 -0.34222923  0.15146104  0.29883736  0.37446172 -0.32805031  0.35120731
  0.29794908  0.45114577  0.75708794  0.34197714  0.51238051  0.44840329
  0.38308708  0.47163394 -0.13700887  0.69613356  0.33110462  0.57136699
  0.44108693  0.36093739  0.72463269  0.40626835  0.27474431  0.02475284
  0.44304565 -0.10925126 -0.05717686  0.31622486  0.25803507  0.12608686
  0.09910321  0.53037419  0.61264526  0.48538427  0.35957218  0.23857687
  0.08606344  0.70700733  0.07842847  0.62863837 -0.27315324  0.20040708
  0.3322854   0.43592436  0.69371086  0.28090654  0.47725464  0.30667533
  0.301435    0.25860989  0.21307951  0.68199497 -0.18659892  0.29753431
  0.57097639  0.30683503  0.52564782 -0.1272192   0.26779491  0.50886976
  0.5655651   0.28445628 -0.06564267  0.36333922 -0.44146485  0.31790442
 -0.22684067  0.12169378  0.00397653  0.20566263  0.55206609  0.32114117
  0.38428831 -0.47381417 -0.00497874  0.14865617]","[ 0.44917412  0.04548386 -0.23007106  0.14110842  0.45087645  0.00282343
  0.30697059  0.38200457  0.03366428  0.52509089  0.54018721 -0.04148295
 -0.1743234   0.4729503   0.02110172 -0.19790933  0.24103132  0.06577704
 -0.00965401  0.06548604  0.31073892  0.46224565 -0.37869491  0.18031151
 -0.01315039  0.33692702  0.33810115  0.49101769  0.29446399  0.05460245
 -0.2658577   0.18623965  0.2290761  -0.05180285  0.27041961  0.34501527
  0.21919943  0.35147761  0.11489988  0.18896856  0.23698587  0.48068978
  0.08337152  0.09711024 -0.09971592 -0.27765014  0.19314152  0.2878462
  0.03178827  0.37758986 -0.27926505  0.12110866  0.33287151  0.06815355
  0.29410466  0.66382728 -0.35802479 -0.51227825 -0.02121843  0.12459715
  0.02825677  0.42750395  0.4042578  -0.41393338  0.60148795  0.31169981
  0.30306784  0.15955127  0.0058501   0.24871298  0.78027596  0.37240169
  0.81259198 -0.19827228  0.38348101 -0.39528942 -0.12904331  0.38299109
  0.06362047  0.35924531  0.22348245 -0.10084282 -0.00664055  0.3532546
 -0.12482945  0.03338965  0.19622317 -0.48619277  0.2951274  -0.11348662
  0.00854443  0.50204957 -0.26515847  0.11349903]","[ 0.38366419  0.17742957  0.16749207  0.33091216 -0.05137569  0.22173714
  0.67708273  0.59062677  0.30257844  0.4766904   0.39078047  0.46961158
  0.48704535  0.46212877  0.45591979  0.44077483  0.48617031  0.61464155
  0.28717944  0.60410297  0.3221226   0.3916792   0.19413713 -0.23977715
  0.61859505  0.39939077  0.38474542  0.35772005  0.21398637  0.0564407
  0.60319578  0.28673716  0.07412101  0.44161502  0.25841389  0.56687024
 -0.19794104  0.74392339  0.7568542   0.56140368  0.77050921  0.33665928
 -0.04709143  0.52808445  0.63742862  0.18672524  0.5061582   0.2216822
  0.47002992  0.55471814  0.2394824   0.39624973 -0.23598383  0.38470395
  0.47738679  0.48935217 -0.16766746  0.82671729  0.16150783  0.69928334
  0.24714698  0.43235087  0.52896868  0.6283812   0.509476    0.28413487
  0.68288843  0.78450871  0.67126144  0.33403545  0.60326988 -0.34368107
  0.73878157  0.33600288  0.58478143 -0.09005908 -0.1655525   0.7352295
  0.3083929   0.00703014 -0.46394826  0.71901159  0.5305588   0.37660783
  0.41288505 -0.17341193  0.58189181 -0.36478005  0.68229734  0.57425947
  0.58695668  0.45184212 -0.03771314  0.53260676]","[ 0.67072391 -0.58827998  0.09986418  0.40939895 -0.3233801  -0.14236121
 -0.02046504  0.3301322   0.38309641  0.16700852  0.36338896  0.13542446
  0.27204092 -0.48335922 -0.27516031 -0.09533852 -0.36929489  0.53990144
  0.53192412  0.32580477 -0.18000649 -0.3505528   0.20023868  0.34795039
  0.08359657  0.23604664  0.57050168 -0.45172826  0.34019213 -0.05193736
  0.53979456 -0.16432485  0.17957258  0.2378386   0.21866998  0.4532865
  0.01552544  0.23825149  0.36293614  0.43879397  0.0119933   0.54794438
 -0.49262354 -0.16055844  0.38814429  0.22474917 -0.33900782  0.16127229
  0.12045017  0.70970255  0.24965031  0.15647514  0.40332642  0.07261744
 -0.15768545 -0.06179705 -0.12462666  0.30093609 -0.04258862  0.27877905
  0.09889872  0.54763162  0.45783766  0.04029567 -0.05070608  0.1963135
  0.29341787  0.39980393 -0.42653664  0.20741292  0.27602523  0.17029904
  0.40195098  0.13137826  0.47919897  0.23374675 -0.38013337  0.45033094
  0.2164134  -0.3892202   0.13354708  0.61515246 -0.60104228 -0.05225612
  0.20400444 -0.31878749  0.13392181  0.28942837  0.38637942 -0.15986131
  0.58385987  0.05998772 -0.52650302  0.30909661]","[ 0.75987297  0.35488504  0.65409747  0.53401326  0.24582899  0.08032937
  0.68365511  0.54055755  0.63842371  0.62162244  0.59789379  0.33892182
  0.63074022  0.36156753  0.60725044  0.52902649  0.76032929  0.62818932
  0.62827044  0.64448463  0.44058692  0.46512623  0.4473465   0.4357582
  0.47224526  0.53880182  0.829627    0.60239152  0.3298832   0.47099929
  0.74019803  0.09840339  0.48344403  0.68602574  0.31643603  0.5231103
  0.57017904  0.78205092  0.86994206  0.77095322  0.35684364  0.79484897
  0.73748125  0.4964314   0.82009921  0.42096694 -0.06519675  0.44281072
  0.74785641  0.55177937  0.57358248  0.68100392  0.67841097  0.58970369
  0.64452343  0.67192779  0.16685419  0.57056304 -0.062987    0.69091077
  0.49775866  0.72468685  0.45918394  0.8116381   0.6806014   0.70213528
  0.69579567  0.86301505 -0.3018838   0.04168444  0.79018358  0.51205089
  0.56346661  0.48494643  0.77844714  0.44317419  0.4072826   0.73673514
  0.65020572  0.47972856 -0.17962492  0.69793419  0.65154232  0.59540559
  0.77429223  0.67236621  0.48236363  0.84262843  0.79306709  0.82456803
  0.5484716   0.55759665  0.36261949  0.77396235]","[ 0.65221769  0.29262726  0.2158536   0.43993914 -0.34102006  0.43983484
  0.53099046  0.23369093  0.6333772   0.48473444  0.64508432  0.19883544
  0.43426584  0.36183635  0.29173514  0.563992    0.0074815   0.37168947
  0.61113641  0.59425873  0.47778755  0.53983782  0.37158099  0.29144936
  0.14339958  0.58143705  0.59707795 -0.38500727 -0.05169893  0.57085182
  0.71817554  0.24536638 -0.03443842  0.36258375  0.51111811  0.72601656
  0.51700806  0.57291957  0.52767421  0.58184177  0.43329136  0.80090495
  0.12313655  0.46188781  0.78221852 -0.17018033  0.74522189  0.27318164
  0.39213618  0.82908076  0.61583499 -0.28007425  0.66566497  0.02722198
  0.6265189   0.44216054  0.17617885  0.39110921  0.35386895  0.12504075
  0.30317523  0.71310674  0.31970029  0.40216426  0.38574887  0.55773545
  0.4151592   0.59621823 -0.37882151  0.4783397   0.5605126  -0.36913598
  0.64803188  0.12460575  0.27074845 -0.26264393 -0.05062334  0.76611434
  0.48789571  0.39309758 -0.25351455  0.73653247 -0.23155191  0.49422071
  0.80074407  0.69422697  0.15802754  0.46878105  0.48023018  0.54556608
  0.68961154  0.50281333  0.23273889  0.60317852]","[ 0.7570355   0.40887408  0.56470136  0.60563279  0.46734541  0.37315662
  0.69758321  0.63597196  0.58113482  0.76010949  0.62722947  0.33981109
  0.70125818  0.49919585  0.59664287  0.64984409  0.84488209  0.71076536
  0.74359456  0.67978874  0.53703089  0.65779933  0.48206701  0.65143767
  0.65222023  0.64450331  0.77558573  0.56555307  0.57753391  0.63958741
  0.73656634  0.35999378  0.41662547  0.78707713  0.36399562  0.70032621
  0.34337703  0.81412723  0.86827203  0.70344112  0.502519    0.80702515
  0.731717    0.49719625  0.66567096  0.30651058  0.38651271  0.6148376
  0.73974335  0.53676843  0.60293388  0.72495399  0.49360613  0.72370945
  0.654167    0.65101295  0.45695834  0.81810168  0.22894543  0.63888138
  0.6027787   0.82077638  0.50858131  0.85622938  0.81249665  0.53936597
  0.73335712  0.86160215  0.38170979  0.27677748  0.65968409  0.7698457
  0.4909977   0.63737915  0.72359879  0.44163896  0.28403256  0.81112047
  0.71061092  0.52284228 -0.07370052  0.80733548  0.65914947  0.62939948
  0.82387325  0.60218163  0.36414628  0.69215497  0.69995249  0.68752503
  0.48769777  0.74016706  0.55485559 -0.01681435]","[-0.25200528  0.32996372 -0.32002485  0.34647098  0.39705644 -0.30405792
  0.49917     0.36708412  0.27788453  0.33108685  0.47755007 -0.00087824
 -0.01479572  0.57317911  0.3785411   0.45051971  0.25126191  0.21444426
  0.45752727  0.25317285  0.32675636  0.36825429  0.38268862 -0.04263879
 -0.41984571  0.48428498  0.25850725  0.57097035 -0.47773574 -0.45739883
  0.55283336  0.1833158   0.1658824   0.37334382 -0.32449998  0.67830845
 -0.04514667  0.49982279  0.22674439  0.57026694  0.49225931  0.36399701
  0.36624162  0.52506327  0.31871669  0.47475415  0.61332339  0.12379625
 -0.00367023  0.02921827 -0.45010663  0.05655915 -0.04719274  0.49329993
  0.16020547  0.56183103 -0.02355425  0.14842684 -0.05233852 -0.21047583
  0.08197589  0.53538356  0.23052569  0.44013976  0.17645756  0.33986302
 -0.4729666  -0.22524985 -0.27499535 -0.1436451  -0.26710379  0.43082758
  0.41057244 -0.04899674  0.24052356 -0.09372798  0.32587828  0.55108088
  0.09507073  0.38773975  0.16516944  0.56847623  0.10947241  0.61369345
  0.21867585  0.34029543  0.50035042 -0.30663698  0.60434663 -0.46608023
 -0.10779507  0.62417843 -0.20936772  0.64841577]","[ 0.65488767  0.11888516 -0.28616059 -0.44275637 -0.11253962  0.17898968
  0.71271726  0.17028683  0.60122236  0.45113034  0.34628415  0.12756254
  0.48964186 -0.34154504  0.41379168  0.31106283  0.46454751  0.29285306
 -0.20095686  0.18661681  0.30839856  0.58551043  0.11538723  0.36911137
  0.10683861  0.45259367  0.68351639  0.26136178  0.10387365  0.29956744
  0.67900069 -0.15517131  0.04783545  0.67230624 -0.30582631  0.6394802
  0.32329688  0.57328959  0.72674597  0.13274543  0.29043569  0.42687625
  0.44543873  0.57949464  0.59263597 -0.31289539  0.43433947  0.04192669
  0.56771574  0.40388734  0.14380327  0.26997296  0.4774439   0.18723085
 -0.16679564  0.3838828  -0.13644368  0.32313722 -0.43829458  0.50018526
  0.42414389  0.71184416  0.41369961  0.60574936  0.33354591  0.54251882
  0.45255979  0.58511574 -0.20486225 -0.53796812  0.59965215  0.32247307
  0.62988064  0.41432721  0.23824955 -0.16228569 -0.11306883  0.60388104
 -0.05839905 -0.02339495 -0.37301071  0.58273366  0.32100355  0.28348546
  0.57618742 -0.04607647  0.31160619  0.35519992  0.67369028  0.7392387
  0.17428275  0.65971293 -0.22066924  0.41041003]","[ 0.31221891 -0.20947418  0.64648732  0.35422735  0.49580667  0.23066449
  0.41783894  0.6037423   0.35211279  0.42651909  0.27039114  0.34058204
  0.53755337  0.22707844  0.54788555  0.13992258  0.51329036 -0.34338815
  0.56683344  0.61864065  0.53982627  0.46375174  0.43092171  0.41755063
  0.3079017   0.4493561   0.55282507 -0.26738348  0.31612759 -0.57710639
  0.62611956  0.60251569  0.39909352  0.61781265  0.41053428  0.50257398
  0.64996947 -0.24726152  0.65308565  0.78972771  0.23185984  0.69362841
  0.66723446  0.37625352  0.83077815  0.3494393  -0.41012603  0.5236792
  0.68727076  0.63801488  0.616461    0.33843134  0.75871571  0.55174029
  0.53156723  0.71786633  0.28239764  0.76782922  0.52930991  0.5653616
  0.46708362  0.46250329  0.62714673  0.24810714  0.58486966  0.53737422
  0.71668615  0.71775303  0.46707429 -0.16147653  0.69062652 -0.23428499
  0.41083841  0.35778512  0.61792629 -0.17720966  0.48358551  0.83317144
 -0.25205276  0.46213687  0.24408012  0.72902643  0.40631889  0.36614582
  0.52934411  0.5900977   0.41769297  0.75332466  0.67529963  0.53735367
  0.38953017  0.43842911  0.1827058   0.42301005]","[ 0.37237052  0.14330424  0.49737729  0.24792096  0.69802648  0.31969708
  0.18047068  0.2912159   0.1075036   0.43495127  0.13176651  0.11590611
  0.26250545  0.39613666  0.33537298 -0.10018156  0.37522784  0.08469291
  0.45907337  0.06301129  0.20763733  0.35589893  0.01990371 -0.37554125
  0.25522929 -0.16832653  0.07849279  0.21258137 -0.27642799  0.28423893
 -0.26042697 -0.1164319   0.2522459  -0.11448629  0.43662711  0.2575246
  0.31240081  0.50773105  0.37836393  0.07668984  0.13007605  0.19933531
  0.51497715 -0.44294753  0.58289906  0.23112807 -0.06658741  0.28660343
  0.55761596  0.34694622 -0.40479634 -0.24406502 -0.17279157  0.31596855
 -0.11879121  0.56484208  0.19501382  0.15579939  0.55318329  0.37349198
  0.01152697  0.59071881  0.27297037 -0.35614464  0.67389135  0.25651395
  0.41542944  0.31239535  0.22125412  0.15398248  0.10432087  0.63560157
  0.17401378  0.39559639  0.5008562  -0.04357593 -0.11238401 -0.18496759
  0.3614966   0.77523833  0.05084468  0.38173813  0.21986395  0.16294788
  0.47332059 -0.44929698 -0.33792032  0.37395052  0.41600661  0.49739024
 -0.27793656 -0.18280201 -0.02831034 -0.22042875]","[ 0.28062543  0.39738614  0.55385057  0.15824118  0.59270328 -0.61108494
  0.58911836  0.00082556  0.08207779  0.21826651  0.48621129  0.19035522
  0.28614882  0.29663706  0.321454   -0.01772211  0.20892052  0.3035168
  0.34453685  0.22001496  0.32464204 -0.27723624  0.06391542  0.25056228
  0.10631645  0.09446764  0.42686524  0.20624264 -0.20180548  0.27069339
 -0.17898847 -0.02957965  0.09132876  0.34015425 -0.15656302  0.13737232
  0.23270661  0.5503408   0.00933979  0.46062072 -0.09540711  0.15864206
  0.28698956  0.10076558  0.23487531 -0.24694568 -0.16695321 -0.12239576
  0.38514648  0.15487408  0.27138478  0.38335225  0.21479505 -0.17617271
 -0.01335706  0.4519485  -0.46475796  0.32100818 -0.25538653 -0.27594625
  0.067368    0.36275609  0.17511641  0.09330865  0.12131794  0.34492618
  0.14126362 -0.12292315 -0.15752423  0.09986581  0.05878665  0.47131984
  0.00218563  0.31840187  0.42529169 -0.17077772  0.3113562  -0.3314557
  0.15532273  0.62556582 -0.29398028  0.47322735  0.03297228 -0.06025611
  0.2177103   0.49549742 -0.24623201 -0.01993215  0.45281488  0.54824149
 -0.19692583  0.08853668  0.24640653  0.26103392]","[ 0.37997271  0.43719508  0.04632858  0.31298806  0.74033701 -0.47662098
  0.5082546   0.40115019 -0.13644754  0.30925215  0.45231234 -0.00351626
  0.41768272  0.441217    0.15096327 -0.00967943  0.76282031  0.01773968
 -0.25104986  0.15661321  0.52390766  0.33414722  0.25017092  0.06085006
  0.27190847  0.00296911  0.20583173  0.18276694 -0.20739667 -0.2430983
 -0.22732512  0.11707388  0.33500476 -0.01825021  0.32029582  0.21978013
  0.38325293  0.37673257  0.31129584 -0.17108743  0.27849985  0.2926396
  0.53818553  0.21577485  0.19970943  0.32186957  0.01276521 -0.1370212
  0.50315359  0.60848336  0.20298081  0.25251755  0.21933429 -0.21139159
 -0.18674229  0.43891038 -0.24998763  0.34211469 -0.00904249  0.37946361
  0.22252481  0.43766986  0.54476795 -0.16532892  0.51391023  0.25917195
  0.44129437  0.47926349  0.27588105  0.15839169  0.68276468  0.65925142
  0.22964559  0.3584627   0.38198502 -0.11761956  0.26131846 -0.48242887
  0.22294326  0.66913032  0.29379781  0.35767782 -0.00955981  0.43414433
  0.01459161  0.36620772 -0.51706622 -0.17565445 -0.40698899  0.59154095
 -0.18412549 -0.02456882  0.14184827  0.19202771]","[-0.04472007 -0.0049834  -0.3280598   0.29791589  0.27961944  0.24359
  0.50915644  0.18317853  0.39780786  0.01698148  0.53163696  0.26662789
  0.23544531 -0.45737589  0.33148548 -0.39507573  0.07347785  0.02824966
  0.1773786   0.04638679  0.49171681  0.27364522  0.08194822  0.10269111
 -0.35840157  0.46842921  0.51998942  0.2365331  -0.18820139 -0.06551115
  0.66375439 -0.03105803  0.51790633  0.53523865 -0.27406887  0.44355839
  0.08191821  0.1906271   0.52087739  0.50518593  0.27265393 -0.06068692
  0.2016528   0.47347818 -0.30840923  0.33438878 -0.30954043  0.25849517
  0.23828236  0.46624274  0.06991963  0.28884831  0.04509716  0.04659311
 -0.18628506  0.56340448 -0.0385514   0.52388414 -0.03600024  0.14061732
  0.19580865  0.34387584  0.54070982  0.21151373  0.3368248   0.51388942
  0.35175943  0.22941398  0.0289681  -0.30149624 -0.01481336 -0.34325912
  0.55182521  0.20627528  0.09381814 -0.03960644 -0.09366319  0.22262434
  0.23674155 -0.13686142 -0.09007221  0.74694006 -0.13305898  0.09596712
  0.38921463  0.57077366 -0.18658034  0.50171556  0.01308715  0.72739302
  0.55772953  0.22509913  0.57543066  0.20705363]","[ 0.22812955  0.19421605 -0.07431337  0.53344856  0.57046018 -0.23512563
  0.28024063  0.51753048  0.2773521  -0.08823445  0.11461979  0.51110282
  0.44771438  0.14095653  0.17260686 -0.58313816  0.60727929  0.60345273
  0.29740053  0.53057214  0.52225164  0.11713209  0.32636973  0.28988251
  0.35915283  0.28976709  0.80618277  0.53574402  0.43777075 -0.05734186
  0.67623557  0.67804398 -0.41586559  0.49183193  0.32325658  0.58868525
  0.51611804  0.52092831  0.38155409  0.67065828  0.50217678  0.38445821
  0.3204102   0.26205027  0.65556754  0.33677661 -0.15721522 -0.21205024
  0.14957735  0.68898945  0.7981521   0.44746438  0.63059663  0.04796199
  0.25428647  0.49091869  0.26712565  0.68702614 -0.25943091  0.40438828
  0.25977343  0.2873477   0.62693733  0.41186961  0.26301158  0.21250576
  0.434248    0.39761559  0.41725195 -0.06315036  0.4107884   0.4832042
  0.12368288  0.49763721  0.40899625  0.05260504  0.38795709  0.70070385
 -0.48180413  0.58891766  0.13821319  0.75933368  0.23958765  0.37004265
  0.38600863 -0.46876003  0.38871557  0.52095811  0.45368862  0.6069266
  0.07636188  0.33447412  0.00474366  0.34444678]","[ 0.38462353  0.27804929  0.2192451  -0.09875677  0.21677909  0.3455128
  0.52701856  0.44515547  0.31929644 -0.09177165  0.38823131  0.5006395
  0.378411   -0.26713436  0.43116657 -0.16729042  0.3374479   0.44818455
  0.43379281  0.15335295  0.44457827  0.26719348  0.30155016  0.18644218
 -0.36461389  0.17351373  0.61739355  0.0389802   0.18265687  0.23121218
  0.58345022  0.55156917  0.30800473  0.22275579  0.27647353  0.57227157
  0.3009092   0.46732771  0.76450392  0.67988951  0.34402039 -0.31297771
  0.52683373  0.34728549  0.85312647 -0.25558497  0.16638698  0.13691693
 -0.15819129  0.70864414  0.48061785 -0.01893602  0.74685689 -0.08012493
  0.39579641  0.66776808 -0.01729609  0.65836076  0.01900739  0.33492775
  0.29149946  0.39035272  0.61754294  0.46756133  0.12679967  0.31858869
  0.63107396  0.18912425  0.20069238 -0.14284704  0.16754589  0.60105838
 -0.35549544  0.48853081  0.10608632  0.21395202 -0.20260626  0.67969638
 -0.0635778  -0.0028651  -0.53256139  0.18711195  0.12248853  0.36415006
  0.52750215  0.35572466  0.13037044  0.40780229  0.54162693  0.41642191
  0.03178696 -0.26488267  0.43667478  0.18446898]","[ 0.36395056 -0.10523197  0.22625262  0.47149995 -0.26010576 -0.16098891
  0.3643531   0.51646949  0.24547965  0.53671417  0.35826039  0.52214
  0.26158798 -0.31135016  0.52575287  0.28798145  0.51871193  0.05953323
 -0.156923    0.2274276   0.21731334  0.47550167  0.20636211 -0.13144682
  0.62083745  0.32712713  0.64869935  0.1460646   0.47604121 -0.05025668
  0.11509093  0.3998432   0.27837535  0.29060675 -0.09215384  0.32171632
  0.43183323 -0.14996304  0.56863708  0.30921473  0.26687054 -0.35004557
 -0.15642208  0.26463153  0.44258085 -0.43716326  0.65745025  0.23738918
  0.24720148  0.35704282  0.19354777  0.35858585  0.3985888   0.16250772
 -0.44912877  0.17037398 -0.36499547  0.46938641  0.45472589  0.38577497
  0.53540518  0.54120688  0.4064974   0.66490198  0.06477297  0.26678149
  0.60724733  0.5937158   0.45769384  0.180452    0.06250308  0.01157653
  0.68286089  0.22511871  0.50531773  0.23778176 -0.19495434  0.60388461
  0.20009052 -0.05036965 -0.50619353  0.43295794  0.58579055  0.51370955
  0.39027509 -0.4507144   0.50100584 -0.39891921  0.56243639  0.24777981
  0.55916157  0.26743996 -0.37629013  0.57000132]","[ 0.12354321  0.10011291  0.55390057 -0.03661224 -0.27146598  0.26090873
  0.38408036  0.66194612  0.35087745  0.42602982  0.18754213  0.04672801
  0.47110285  0.13297708  0.5791438   0.42988287  0.49819197  0.54184557
  0.06452828  0.6008977   0.31103639  0.3489124   0.15526985 -0.02545571
 -0.23476166  0.53507167  0.72302917  0.43443475 -0.27749446 -0.0470302
  0.55522787  0.37972267  0.07648019  0.53724122  0.44582476  0.39410365
  0.37948301  0.69734805  0.7266961   0.46063338  0.63373721  0.16379101
  0.53148399  0.44514471  0.73503381  0.31628594  0.33851701  0.31513076
  0.02146899  0.61787087  0.26447251  0.45646856 -0.27990203  0.5939896
  0.41282408  0.57291809  0.10578318  0.83579158  0.08478457  0.60587537
  0.28365092  0.68273992  0.63919719  0.66680896  0.43055856  0.1188528
  0.61090933  0.64769703  0.60209975  0.22806369  0.5649053   0.59995929
  0.67557313  0.36149478  0.34046618  0.42527981  0.15717739  0.72978201
  0.06325713  0.00766184 -0.45233324  0.6683671   0.4127675   0.34057372
  0.56088694 -0.25966509  0.58051136 -0.2342447   0.73033007  0.40172266
  0.51841937 -0.00373042 -0.1102808   0.57396754]","[ 0.1838593  -0.13153986  0.39636016  0.44509416  0.41835205  0.55434684
  0.45429021  0.60949626  0.41487463  0.46723942  0.45942294  0.33371122
  0.34542834  0.26144076  0.00628329  0.13456219  0.50363066  0.47837753
 -0.01616618  0.49414631  0.40610566  0.4861546  -0.50100758  0.0254533
  0.59544409  0.38791054  0.20801979  0.69316409  0.21606061  0.48410859
  0.56645175  0.13227548  0.42024613  0.55771836  0.42810741  0.57024297
  0.32588001  0.41876553  0.68583114  0.63664186  0.34778904  0.45160239
  0.70239961  0.6374179   0.34665473 -0.53457592  0.81286108  0.39002376
 -0.12419677  0.17780461 -0.01495496  0.52242151  0.50686479  0.34711486
  0.2071284   0.67153773  0.15171718  0.35133105  0.31075279 -0.36956541
  0.05654781  0.71688364  0.39173589  0.18671401  0.59045933  0.21978645
  0.18032319  0.35970311 -0.48856644 -0.31415056  0.36625661  0.30194158
  0.40254725 -0.25664473  0.45003026  0.10430066  0.39773192  0.68606664
  0.17300228  0.01212299  0.27971626  0.49502628  0.49894947  0.56099019
  0.30593091  0.5827111   0.4549959   0.31382965  0.57733162  0.20882387
  0.38789421  0.70098218  0.36056453  0.56976752]","[ 0.50436189 -0.14550277  0.06724647  0.52344527  0.23529877  0.3798302
  0.66711292  0.6017929   0.5727142   0.45399862  0.63789778  0.24234886
  0.5240781  -0.21708925  0.65826412 -0.01311693  0.37894119 -0.46536491
 -0.03922439  0.06499493  0.40084732  0.51526314 -0.01882354  0.29826979
  0.123348    0.43133812  0.72067887  0.48288024 -0.54218425  0.58154054
  0.7205695   0.46999145  0.42762151  0.70287531  0.03062784  0.72427329
  0.48841495  0.73610693  0.79395457  0.75071064  0.35624778 -0.01640956
  0.60464312  0.63112972  0.6388179  -0.32331189  0.42883087  0.61020091
  0.35924593  0.5805957   0.59399757  0.7218454   0.39297922  0.51631876
 -0.31806342  0.64890416  0.15422191  0.7331125   0.56767695  0.12136269
  0.41710259  0.35033476  0.60973248  0.41302017  0.4908701   0.4114969
  0.47773024  0.54844689  0.40038106  0.55253044  0.70935727  0.05756774
  0.54461193  0.52348727  0.41587813  0.10000864  0.34354433  0.5145969
 -0.27174956  0.33098527 -0.20612886  0.78328683  0.46042132  0.55079133
  0.58586085 -0.23420484  0.65333429  0.6893764   0.69027202  0.7284789
  0.21783478  0.21586211  0.06461724  0.5932678 ]","[ 0.35433069  0.24620408  0.37018878  0.64581941  0.52065621  0.57655308
  0.6975629   0.51335052  0.22550446  0.47450913  0.48880839  0.57009637
 -0.12613833  0.22839562  0.48985867  0.12172402  0.50877291 -0.49152474
 -0.06957657  0.14647913  0.45968013  0.31499902 -0.14222827  0.2611386
  0.43630272  0.4488843   0.67566858  0.64769496 -0.20522557  0.1031596
  0.5963007   0.51869269  0.3425828   0.56258367 -0.01674497 -0.35886936
 -0.01144648  0.33280283  0.62710967  0.67477948  0.22299457  0.01974707
  0.55884054  0.54382331  0.1307463   0.24897486  0.42983165  0.23852402
  0.18831811  0.14453232  0.20454213  0.36612808  0.35282849  0.54663154
 -0.15062858  0.5863286   0.17322974  0.31262954  0.20580941  0.23067402
 -0.18384686  0.16518646  0.54189306  0.14845292  0.47685003  0.61826287
  0.44572874  0.57161316  0.3660521   0.39573863 -0.01622447 -0.27518841
  0.60871042  0.27484123  0.63917502 -0.12708413  0.22410928  0.46246401
  0.25053884  0.07159891 -0.15910806  0.47025895  0.28450679  0.46118723
  0.4737809   0.74206178  0.46603882  0.42643677  0.46432524  0.59490449
  0.62200931  0.54186411  0.29620078  0.48979417]","[ 0.43047412 -0.08226582  0.09891077  0.41054404  0.06886416  0.35192596
  0.73460124  0.51756813  0.4758938   0.58209524 -0.07937346  0.44706262
  0.41676895  0.05506064  0.18551772  0.2856432   0.30477919  0.4214582
  0.25973417 -0.19007232  0.25523757  0.05299326  0.21924698 -0.01641304
  0.14166421  0.33722297  0.38788068  0.48123368  0.33139661 -0.08251674
  0.47522266  0.48075216 -0.08529875  0.66028145  0.12094556  0.52379709
  0.37696331  0.40298156  0.50552107  0.22168454  0.4429417   0.19124816
  0.51471049  0.35553353  0.55419741 -0.12316018 -0.47488168  0.4132789
 -0.18400435  0.47516929  0.05621772  0.56028316  0.2576591   0.53388098
 -0.01499122  0.42425129 -0.23081307  0.61867549 -0.09446875  0.32177606
  0.09275222 -0.13245275  0.53941377  0.31643127  0.56886939  0.29904645
  0.4712326   0.38549049  0.17245909 -0.16699659  0.48599361  0.03274167
  0.33016999  0.54902669  0.31337182 -0.15986127 -0.36426182  0.45492124
  0.36081417 -0.15605908  0.3709641   0.59846242  0.30207352  0.59683461
  0.13714606  0.64649724  0.24166603  0.42504736  0.23859392  0.02565026
  0.09274097  0.57443439 -0.02976417  0.18082683]","[ 0.56217689 -0.15504041  0.43232571  0.65897585  0.30170737  0.32381868
  0.56492413  0.62639231  0.49768253  0.57625275  0.00652781  0.46526888
  0.60209801 -0.45314377  0.45408329  0.3285971   0.53428251 -0.30216102
  0.18801182  0.55632184  0.49095748  0.48813139  0.13870142  0.33832087
  0.66109829  0.4527401   0.80406968  0.62135828  0.28772952  0.41405998
  0.73338856  0.12191913  0.3436526   0.73862745  0.17801388  0.60056551
  0.3034169   0.52804573  0.79419121  0.73308454  0.43817305  0.45931499
  0.55777457  0.52030055  0.68626314  0.40589206  0.54275295  0.53897108
  0.32262067  0.50943531  0.45368804  0.70656515  0.55717635  0.33096344
  0.19470566  0.60516728  0.19937155  0.53041955  0.49813012  0.56553613
  0.14694446  0.40728185  0.6611976   0.6493849   0.63735724  0.62397609
  0.53482777  0.76309732  0.50741363  0.57039364  0.67814421  0.41338319
  0.62893859  0.68203577  0.54097707  0.45603786  0.00275222  0.55010692
  0.12917386  0.2618275   0.24974833  0.64342608  0.47778709  0.61024155
  0.58379615  0.20939149  0.32709374  0.667914    0.66128111  0.63278027
  0.6551337   0.49262008  0.30134766  0.48744924]","[ 0.40879747  0.3104043   0.12102576  0.24778893  0.28377974  0.3321908
  0.73265004  0.08946188 -0.19008527  0.54141196  0.58251764  0.47258009
  0.47592889  0.47406483 -0.09979452 -0.00150888  0.62271246  0.08993482
  0.41717314  0.13617467  0.5126989   0.12686567  0.22904844  0.24339902
  0.4364357   0.30240297  0.04741758  0.44513046 -0.24721529  0.16540776
  0.18839126  0.25442055  0.56563273  0.63275244  0.0322039  -0.1142941
  0.44661601 -0.42754214  0.37796772  0.36173141  0.24489017 -0.23114197
  0.5152932   0.47365352 -0.0671036  -0.28498187  0.17192885  0.28496399
 -0.30065913  0.13915932  0.25346329  0.28367471  0.26529354  0.45225225
 -0.22740926 -0.304598   -0.30100147  0.25887334  0.2211119  -0.06355016
  0.21739682  0.51177188  0.39323505  0.59940302  0.23523669  0.47550669
  0.58309883  0.21034759 -0.03919492  0.30800924  0.08346547  0.10004354
  0.41585299  0.2025454   0.07822235  0.26925349  0.27658742  0.23809075
  0.26669551 -0.31231778 -0.26735489 -0.13464021  0.19658706 -0.09509671
  0.04619147  0.77524134  0.38419753  0.30953408  0.40764949  0.34883129
 -0.07852766  0.66503186 -0.4049935   0.26235264]","[ 0.79472499  0.5096254   0.72821285  0.70285241  0.61744535  0.4686082
  0.78261709  0.76034807  0.61098479  0.81838234  0.59889634  0.53947418
  0.80778471  0.60667425  0.5013464   0.53421651  0.87422473  0.57821357
  0.63884696  0.55308851  0.6961868   0.78765531  0.63215563  0.5683473
  0.78127772  0.73317386  0.83459759  0.85127727  0.67437457  0.77042122
  0.80340277  0.4682749   0.56406927  0.84181656  0.4586381   0.76625714
  0.74190026  0.81823288  0.86381367  0.80828591  0.62893509  0.79869631
  0.78020696  0.76590616  0.70883059  0.47820589  0.48076616  0.72791047
  0.70149682  0.52076146  0.59117146  0.82398269  0.39383855  0.89261971
  0.7908393   0.75890498  0.64929248  0.83379762  0.6915994   0.73920349
  0.37185796  0.80744025  0.73624485  0.85054794  0.88821905  0.54966346
  0.83417267  0.87702112  0.8923495   0.83540677  0.75362257  0.71180336
  0.64896301  0.67638935  0.82542195  0.69601132  0.45592875  0.83186942
  0.6727414   0.67836321 -0.11033988  0.82117017  0.74613763  0.49252997
  0.76391467  0.57452363  0.70731907  0.71156899  0.77807156  0.83392959
  0.88669291  0.80855679  0.49957642  0.71236841]","[ 0.47725354 -0.21672844  0.10114226 -0.26725351 -0.37638118 -0.06738679
  0.70921323  0.67763268  0.41700865  0.60787899  0.35548857  0.34027689
  0.4963907  -0.2082966   0.10032135  0.31338106  0.65233181 -0.05419175
 -0.46130043 -0.27809551  0.35690944  0.34876248  0.30350067  0.2891285
  0.64819885  0.28281378  0.49652778  0.38705813  0.46304796  0.29793012
  0.4741654   0.33258611  0.49035469  0.76720984 -0.12632342  0.32823842
 -0.08180225  0.18069022  0.64876328  0.37403345  0.39686437  0.20412608
  0.51821698  0.25610955  0.15180724 -0.28783569  0.58926163  0.34535713
 -0.05148293  0.16056442  0.27316764  0.39564207  0.29817458 -0.28344719
 -0.01721531  0.4758804  -0.38446098  0.01243879  0.00269836  0.48283222
  0.10614904  0.60561358  0.53941652  0.34872506  0.08643664  0.55053733
  0.56334587  0.56666932  0.66571626  0.28340971  0.52857793  0.21864353
  0.4492617   0.33648067 -0.03271339 -0.15989735 -0.11594149  0.63705584
 -0.02355786 -0.20981941  0.17412775  0.59675796 -0.0818213   0.11157987
  0.43640225 -0.50023479  0.43856153  0.53115174  0.5944194   0.53439972
  0.11970041  0.4266119   0.15656148  0.39502389]","[ 0.58840521 -0.01774872 -0.44542849  0.2247341  -0.46355564 -0.23104088
  0.69750654  0.06331496  0.39214359  0.37828377  0.36834257  0.10009396
  0.50341269 -0.29206246 -0.42873189  0.39141998  0.28102687  0.17090006
 -0.01793686  0.21193452  0.33488749  0.29800302 -0.04899136 -0.08172859
 -0.22130178  0.4279307   0.68289097  0.35859062 -0.07527646 -0.48930746
  0.19929829  0.16939712 -0.10787507  0.12989749 -0.11562571  0.4619267
  0.50694203  0.07998303  0.41141721  0.42343744 -0.03464708  0.22217391
 -0.11245485 -0.42289931 -0.08105045 -0.05141491  0.08623363 -0.35462625
  0.26148244 -0.14310841  0.25874079 -0.12646618  0.39674215 -0.32149352
 -0.26717546  0.45047866  0.33590906  0.39491806 -0.32758601 -0.37504556
 -0.20687482  0.24721615  0.64593424  0.170201    0.02927227  0.37055198
  0.2149367  -0.1279486   0.31142856  0.06654162  0.21426319  0.4307474
  0.06436205  0.26260315  0.49529046 -0.25257598  0.04028116  0.64990023
  0.35299728 -0.21618502  0.11159695  0.82289643 -0.37802319  0.20587592
 -0.56365492 -0.17742294  0.1852523  -0.19735404 -0.47921007  0.72162181
  0.54887518 -0.40789471  0.42639581  0.44716871]","[ 0.78490148  0.52436648  0.2362961   0.61847652 -0.43890499  0.13107974
  0.02708473  0.37777039  0.62008969  0.23807103  0.70318146  0.45074834
  0.55832561  0.23340264  0.54172039  0.32261756  0.46043     0.54218974
  0.57097114  0.37369943  0.08652623  0.48147326  0.34302388  0.52957201
 -0.36674054  0.40197077  0.7080973   0.33857941  0.02381814  0.6029789
  0.40078689 -0.54667639  0.31041819  0.19275307  0.43039522  0.47212327
 -0.13409258  0.1215616   0.4774798   0.55807161  0.1924146   0.40534479
 -0.45525681  0.21156045  0.57688763 -0.05735471  0.05331129  0.55511594
  0.47038737  0.78180082  0.37206413  0.02741412  0.51753647  0.22573663
  0.3657833  -0.02174131  0.11629126  0.57035285  0.22522533  0.31271309
  0.07739436  0.51844542  0.43823851  0.38111553  0.37291061  0.47323554
  0.29720894  0.36201292  0.21594909  0.29412861  0.34362437  0.19369988
  0.64562588  0.18280471  0.22313167  0.29515558  0.17686731  0.45315123
  0.04815332  0.61310335 -0.40067265  0.70569511 -0.00610028  0.19967857
  0.22344875  0.70942772 -0.07074681  0.39410792  0.50106242  0.53036985
  0.54471563 -0.10803627 -0.15584261  0.2150984 ]","[ 0.33028876 -0.04276734  0.26729169  0.38189708 -0.30779215  0.07533326
  0.27618432  0.67994107  0.68451925 -0.33558171  0.26625585  0.35106266
  0.03539287 -0.59806178 -0.10946955  0.37051605  0.55795583  0.07429282
 -0.10176668  0.34247391  0.38092837  0.01601674  0.49125001  0.65922578
 -0.46049472  0.2376179   0.69459201  0.28648384  0.3489396   0.26219654
  0.41462046 -0.2450826   0.23867705  0.52252511  0.48348608  0.61909674
  0.26668677  0.3234812   0.62341865  0.36040659  0.52803627 -0.08998228
 -0.34233289  0.06138166 -0.39902209 -0.04991715  0.09629111 -0.15118702
  0.39043595  0.63706012  0.22654035  0.2504679   0.52103114  0.18194008
 -0.16389143  0.40661828  0.3031297   0.81082931 -0.18636604  0.16926221
  0.13659428  0.50891848  0.60231344  0.37930354  0.4167651   0.63053132
  0.148808    0.1670788   0.41240688  0.41796186  0.4286245   0.4781986
  0.15488116  0.54713687  0.45851529 -0.17979917  0.33454887  0.4997901
  0.20676565  0.47500518 -0.12427347  0.82436139  0.17939291  0.33926282
  0.08268473  0.66599681  0.09238008  0.0878644   0.43450284  0.30230259
  0.07657859 -0.53531051 -0.06322871  0.17258687]","[ 8.69921214e-01  7.80652808e-01  4.28603293e-01  5.38382115e-01
 -6.31045025e-02  4.35344212e-01  4.80278806e-01  1.63598953e-01
  5.83498372e-01  4.01171333e-01  7.58147266e-01  4.80424886e-01
  4.86121194e-01  2.52215819e-01  5.81249918e-01  2.91428974e-01
 -4.43807233e-01  4.63454255e-01  7.80118817e-01  5.78874248e-01
  3.25935908e-01  5.94262637e-01  1.92800027e-01  5.78796077e-01
 -2.19702071e-01  4.46117482e-01  7.53941830e-01  2.37892140e-01
  4.40518627e-01  5.49210239e-01  4.91461777e-01  4.01996770e-01
  4.11663101e-01  2.61798813e-01  5.87527883e-01  5.77241817e-01
  3.77361161e-01  4.47281869e-01  7.39571740e-01  4.50300931e-01
 -1.86834256e-01  4.59836041e-01  1.58919525e-01  4.81706977e-01
  5.59466155e-01  1.53903610e-01  5.09955622e-01  5.58083103e-01
  3.73064414e-01  8.59472373e-01  4.30147869e-01  3.04856400e-01
  5.40192786e-01  5.08815282e-01  4.67769118e-01 -3.56927634e-01
 -2.76480032e-02  3.12570722e-01  2.01154026e-01  2.71256797e-01
  2.77426473e-02  5.74688313e-01  3.23691841e-01  7.05649951e-01
  4.12151265e-01  6.60039982e-01  5.17154163e-01  3.81155834e-01
  1.35552990e-01  3.11407365e-01  4.06508866e-01  2.56191834e-01
  6.98920158e-01  4.05236959e-02  2.23933854e-01  4.75523665e-02
 -1.18382035e-01 -2.45916546e-02  1.45404585e-04  5.44723339e-01
 -1.15984345e-01  6.06226756e-01  8.28598051e-02 -1.32442967e-01
  4.16796924e-01  7.99180414e-01 -4.12119250e-01  4.73872940e-01
  5.38680646e-01  5.39409289e-01  7.38646222e-01  1.68559739e-01
  2.92987686e-01  5.17683074e-01]","[ 0.66677993  0.73767673  0.27022949  0.48322845 -0.29416053  0.4089428
  0.37280813  0.28728638  0.57066504  0.20107986  0.79976623  0.42901321
  0.65903963  0.23609039  0.38368844  0.20871297  0.45593676  0.34999708
  0.23672342 -0.15424145  0.31203647  0.67699941  0.28214865  0.54343634
  0.18358261  0.4511893   0.60573875  0.38667349 -0.01077922  0.10144148
  0.48886293  0.20809303 -0.54206926  0.43200153  0.58714931  0.495765
  0.51248365  0.55810855  0.65507889  0.40387437  0.3073566   0.28158122
  0.09394105  0.20060688  0.57962014 -0.253067    0.28242513  0.40764116
  0.54363299  0.62245681  0.64821259  0.0619959   0.26055601  0.35863254
  0.59604007 -0.16673632  0.20237738 -0.27301434 -0.13331268  0.268884
  0.21952394  0.59414277  0.49211976  0.6554722   0.44822056  0.57980618
  0.22321924  0.47226155 -0.19019201  0.6936865   0.43152042 -0.08726756
  0.65525443  0.08804679 -0.00543766 -0.11330617  0.20834304  0.32764708
  0.40143566  0.57848854  0.15377389  0.66150813  0.03453695  0.50258597
  0.50209362  0.7095367  -0.11178689  0.64638431  0.42003136  0.60415174
  0.6736927   0.2470546   0.11837731  0.44693688]","[ 0.60302831  0.25974547  0.58558275  0.42127935  0.11534535  0.0092738
  0.1379199   0.79897472  0.71436386 -0.33141242  0.42347154  0.4955055
  0.55835186 -0.56276601  0.37669086  0.49832045  0.58385316 -0.32427055
  0.24574841  0.50910994  0.27916725  0.44466222  0.59958736  0.7148987
  0.42275967  0.4103019   0.83788607  0.44924974  0.39525749  0.51428225
  0.42021604  0.4428157   0.00705605  0.66065065  0.53266512  0.65141447
  0.45903959  0.56998743  0.7940132   0.54958668  0.6022502   0.18798959
  0.14967624  0.3042625   0.39436643  0.15486007  0.44135291 -0.10420171
  0.21190665  0.76122288  0.68345451  0.62944508  0.34798321 -0.2146186
  0.35723909  0.39515608  0.40553724  0.83285063  0.6196706   0.58456449
  0.36853449  0.77459807  0.60548525  0.68146371  0.54413772  0.67068498
  0.33548208  0.40790189  0.54735995  0.73224955  0.44269481  0.74619604
  0.66077996  0.64901005  0.45286815  0.3993065   0.57564374  0.74437788
  0.53250574  0.3707626  -0.30776732  0.87467011  0.40805002  0.51748443
  0.4029578   0.70846809  0.31569469  0.49912735  0.72519756  0.54365443
  0.18344227 -0.4511117   0.14831742  0.09231181]","[-0.32323255 -0.0071178  -0.38468738 -0.03478909 -0.25585029  0.23159619
  0.03726076  0.45823922  0.18936563 -0.17081599  0.71835186  0.20381585
  0.00404691 -0.1565709   0.34141138 -0.03153746 -0.04597001  0.08651287
  0.22701094  0.15254226  0.28131338  0.37931634  0.02437226 -0.3773911
  0.26073107 -0.26028425  0.60151903 -0.40929847  0.52840597  0.48242502
 -0.27132153 -0.06936079  0.48634735  0.43676884  0.00901936 -0.50837647
  0.13147701 -0.10707719 -0.22212101  0.25376436  0.07950607  0.33848125
 -0.21077274 -0.50720503  0.15339645  0.66059037 -0.48483812 -0.12824826
  0.24737107  0.59724902  0.12217061  0.39569193 -0.04271921  0.34920192
  0.312591   -0.08431964  0.14708985  0.57124661  0.35226735  0.18790094
  0.10335902  0.06263279 -0.06320964 -0.36201665 -0.36594272 -0.18388672
 -0.52203808  0.28652834  0.22027596  0.76367218  0.24245403  0.18774478
 -0.16510899 -0.38946524  0.14452149  0.45931375  0.18768703  0.74185688
  0.70099287  0.32172346  0.51136918  0.19132769 -0.00144141  0.30672106
 -0.35388348 -0.40410217  0.56272164 -0.21294147 -0.35496036  0.35132691
  0.3532125   0.46499092  0.25463058  0.66697642]","[ 0.78521615  0.44757966  0.34715751  0.55245923 -0.33449761  0.41541809
 -0.07008738  0.28443527  0.69641974 -0.13827556  0.65052611  0.37140193
  0.463447    0.29424451  0.36448637  0.40169896  0.46061324  0.25556161
  0.46440202  0.38730926  0.18049391  0.43319749  0.20448823  0.34770844
 -0.12697521  0.31443125  0.70583297  0.31402064  0.13530578  0.41943034
  0.48207487  0.17940152 -0.45858581  0.25286251  0.62525712  0.30342683
  0.34650374  0.28602845  0.62220093  0.48322836 -0.26862616  0.50584045
 -0.10651929  0.36506145  0.48115788  0.01271885  0.68375707  0.37343136
  0.13504562  0.86279049  0.38906924 -0.00564516  0.12253441 -0.3178227
  0.31284338 -0.09617786  0.41630354  0.41434977  0.18849815  0.10837076
  0.16639692  0.51648244  0.57418363  0.31311016  0.34133652  0.62130844
  0.31395879  0.64781681  0.20520516  0.43065386  0.26427513  0.27599816
  0.59332703  0.28438744  0.22204682 -0.22619455  0.154814    0.5115992
 -0.05856572  0.39809139 -0.11151817  0.68087365 -0.13574196  0.00891232
  0.45884744  0.70648356 -0.46865092  0.56085247  0.47315477  0.58870706
  0.46724212 -0.15998314 -0.43496957  0.00223824]","[ 0.72938202  0.12041231  0.48122288  0.12871306 -0.39933864  0.2071221
  0.03605821  0.65234032  0.6205596  -0.10657244  0.10256324  0.28904823
  0.53938197 -0.63171914 -0.07262271  0.35526958  0.5382498  -0.30586959
  0.11039445  0.27928685  0.41106809  0.23216165  0.42101153  0.44378342
  0.02661076  0.48866608  0.81439707  0.17641413  0.21644015  0.03100306
  0.24934822  0.39951435 -0.18158392  0.56420307  0.53137442  0.52513318
  0.46234671  0.36454197  0.70397355  0.35878988  0.14298239  0.31887669
 -0.14487026  0.24189763  0.08678086 -0.11977713  0.42073933 -0.05422647
  0.52209622  0.59854972  0.46706611  0.59490931 -0.43513194  0.66937394
  0.3228444   0.22601888  0.52137384  0.80605935  0.46974254  0.1699699
  0.13085244  0.66938941  0.64947129  0.56937523  0.47016027  0.61070189
 -0.46258463  0.39169396  0.64176702  0.80032037 -0.20345293  0.58886335
  0.46471828  0.33060712  0.08060341  0.2526523   0.52374573  0.58279437
  0.47946873  0.39645347 -0.19251375  0.7881255   0.05887766  0.48598608
  0.34198528  0.47337959 -0.1437672   0.55510774  0.53778918  0.6192643
 -0.22935861 -0.4698761  -0.2102618   0.19085836]","[ 0.33739576  0.40187764  0.18456339 -0.13347704  0.12137598 -0.12353437
  0.22381221  0.29109704  0.06654871  0.44207887  0.47128175  0.44446108
 -0.35708946  0.39787838  0.00887768 -0.27034957 -0.216718    0.0278897
  0.68711568  0.18669462  0.08547358 -0.2389637   0.39261746 -0.26282956
 -0.21278237 -0.20687588 -0.17433592 -0.08779212  0.62910674 -0.14008251
 -0.11229955  0.0389935   0.04355246  0.12830033  0.18890281  0.208987
  0.41202655 -0.34983069 -0.10344507 -0.18480681  0.02421206  0.07499829
 -0.22695715  0.38998995 -0.22804528  0.16581091  0.36398102 -0.0259154
 -0.00548731  0.29772984 -0.08903198  0.36452336 -0.17650829  0.00423221
 -0.04822607  0.12598376  0.13180492  0.38322683  0.24832458  0.31977635
  0.36901603 -0.25710889 -0.09224873  0.1732213  -0.28675849 -0.38790559
 -0.46226619  0.09189708  0.06038572  0.42270775  0.59290624 -0.2948243
  0.61411502  0.09453862  0.43992573  0.27250089  0.21560838  0.32126364
  0.24374873 -0.32052557 -0.07594308 -0.12848044  0.14091435  0.27074383
 -0.08059536  0.08695684  0.00681947 -0.30556815  0.41781279 -0.34201431
  0.02927049 -0.08439309 -0.54723726  0.38575711]","[-0.1311561   0.1296841   0.52009133  0.61433095  0.77878078  0.67077542
  0.51820942  0.01471435 -0.18115115 -0.20597201  0.13841648  0.11663022
 -0.34395444  0.40851513  0.53993462 -0.08774177  0.75144533  0.72832817
  0.16952765  0.29857627  0.44075051 -0.32701789 -0.20904775 -0.40700193
  0.73297783  0.63189223  0.23021618  0.47107392 -0.18877207  0.46268844
 -0.27809581  0.27498315  0.30652125  0.3892158   0.43874942  0.43527524
  0.45072169  0.55345782  0.38493401  0.31537246  0.30983507  0.26300027
  0.53108364 -0.01814394  0.75376048  0.08463746  0.65727589  0.29064828
  0.5029091   0.21895445  0.11726012  0.72846902  0.48325608  0.17234663
  0.52162476  0.44903036  0.28961379  0.37154503  0.5827374   0.2690056
  0.22466261  0.63800657  0.21668911  0.71956286  0.70789244  0.08387862
  0.66087494  0.31830023 -0.26896222  0.56365718  0.59615027  0.43860011
  0.48908958  0.54620985  0.54159418  0.27814884  0.42184656 -0.11953366
  0.57412172  0.61759577  0.40200495 -0.23244231 -0.06955752  0.59212091
  0.19451499  0.29610671  0.13011707  0.44198468  0.27398583  0.3842694
  0.05949455  0.75862614 -0.06095048  0.55971226]","[ 0.4957205  -0.27009647  0.15897782  0.5393837   0.53162637  0.42375642
  0.53831854  0.286316    0.26430563  0.15176507  0.52740516  0.24092917
 -0.31340291  0.17558346 -0.16235904 -0.40870271 -0.08736477  0.17839551
  0.30323599 -0.114393    0.35125551 -0.41498235 -0.12326007 -0.29471764
  0.77292819  0.42996192 -0.08607814 -0.1343731   0.14126026  0.16698876
  0.32877813  0.30679346  0.54007082  0.35208114 -0.34428246  0.42975684
 -0.40994226 -0.37335117  0.59658044 -0.00149903  0.4401368  -0.20377234
 -0.51615224  0.20831585  0.4093827   0.18007566  0.57961649  0.16582502
  0.29867226  0.78553893  0.05815292  0.72389711  0.12713576  0.08983244
  0.38477311  0.39451969 -0.04312248  0.44437549  0.43550481  0.32403228
  0.49402944  0.54063969  0.48229943  0.4502243   0.49500006 -0.14562836
  0.47820349 -0.24885887 -0.04667296  0.32229286  0.44008334 -0.32892445
  0.51558885  0.5054826   0.33729133  0.25277643 -0.17697031  0.48556577
  0.65112071 -0.07544031  0.54512904  0.29755953  0.03943291  0.01654574
  0.53459688  0.39315194  0.30823294  0.81279612  0.36529042  0.38860592
  0.43233737  0.60669735 -0.14508781 -0.04816349]","[ 0.12488585  0.11173822  0.23511743  0.54950909  0.70175038  0.53318293
  0.42491808  0.59614373  0.4071925   0.35628091  0.4231734   0.36587052
 -0.3102068   0.51584222  0.40865791  0.21868714  0.67180221  0.62598517
  0.31365076  0.24170901  0.21143524  0.53131985 -0.47669272 -0.33573254
  0.45646719  0.47544283  0.55823575  0.71835168 -0.00391263  0.14355868
  0.55163193  0.31255856  0.36622899  0.52963788  0.42287139  0.12241808
  0.44252264  0.68358631  0.77865572  0.21862181  0.25982525 -0.03475671
  0.50356361  0.53289192 -0.16485307 -0.36125261  0.65842184  0.29196119
 -0.03420377  0.00825183 -0.36940308  0.78186184  0.20266981  0.36931516
 -0.19596448  0.66999027  0.19105434  0.33781867  0.32992733 -0.27969094
  0.09089369  0.75210451  0.44416554  0.27248131  0.63033322 -0.00190907
 -0.15438941  0.03173036  0.46603942  0.27869941  0.47512082  0.5500821
  0.44226586  0.26395252  0.32461295  0.23747726  0.51500612  0.69853655
  0.22890871  0.04318118  0.47451581  0.74568223  0.19926911  0.52349079
  0.34262922 -0.01547516  0.41034195  0.08095619  0.58155763  0.13686256
  0.13578882  0.71282449  0.39614106  0.49825738]","[ 0.43968115  0.4751492   0.33371106  0.48950314  0.56702036  0.35038302
  0.21144005  0.39416729  0.09779148  0.37699258  0.66661254  0.12997756
 -0.28216094  0.44698629  0.5290668  -0.22840926  0.13031495  0.31460673
  0.74017132  0.24676276  0.41678636 -0.48084514  0.42517572 -0.36739961
  0.40225884  0.37370605  0.49178587  0.23837301 -0.36409273  0.03381261
 -0.13463329  0.34777671  0.32523833  0.29810218 -0.19397626  0.70930582
  0.12286905  0.28594843  0.50481785  0.23757341 -0.0160983  -0.01775503
  0.26632282 -0.01514291 -0.3283284   0.11147386  0.61658977 -0.55020031
 -0.20904285  0.75590554  0.40067789  0.64664738  0.19936178  0.43602711
  0.07692618  0.47854281 -0.0448162   0.69003194  0.30014927 -0.13421747
  0.35428403  0.66153542  0.37272261  0.16145476 -0.05297185 -0.42287549
  0.53721525  0.21934731 -0.45073631  0.53281207  0.38701167 -0.08957461
  0.23374135  0.2565249   0.41564202  0.40358903  0.20304424  0.45278576
  0.08795557 -0.3663773   0.5071761  -0.27394692  0.2904621   0.20478404
  0.44036663 -0.31941195  0.23272106  0.56519666  0.24991502 -0.20007331
  0.36629671  0.69442572  0.04560498  0.37891036]","[ 0.40565427  0.23498519 -0.27894654  0.45373964  0.38743424  0.409277
  0.08460551  0.24025941  0.11727191  0.05592598  0.65653492  0.45495871
  0.54116853  0.2153821   0.30139609  0.15045557  0.02806101  0.35792259
  0.4381591   0.16985742  0.5296754  -0.25470559 -0.0122409   0.2306664
  0.23713666  0.13649377  0.62474246  0.02407439  0.15620783  0.46222735
  0.20549877  0.69396381  0.48266406 -0.44768288  0.08434383  0.44536652
 -0.40482488  0.12058154  0.38316103 -0.18384244  0.1634942  -0.01481325
 -0.10358957  0.12888238  0.65896877  0.11832026  0.18750188  0.00565234
 -0.33519078  0.64530858  0.14176547  0.24375209  0.63580306 -0.36958012
  0.13020146  0.57895634  0.07015206  0.41958573  0.47864655 -0.00891821
  0.1571494   0.32267039  0.54868044  0.56561764 -0.3724646   0.1169062
  0.2418724  -0.13924046  0.27689772  0.48149038  0.54186498  0.34205263
  0.3536413   0.26773221 -0.16693324  0.38884903  0.02941604  0.4225791
  0.04249024 -0.02822194 -0.35181933 -0.49941176 -0.22479444  0.29744761
  0.41327367  0.3198615  -0.087066    0.64751935  0.25031439  0.18036746
  0.26744149  0.52943636  0.06942539 -0.21241108]","[ 0.35005014  0.50265412  0.07561351  0.66124642  0.00260674  0.47874485
  0.7473846  -0.01027064  0.2892822  -0.05673207  0.55222949  0.41688871
 -0.49773589  0.36784522  0.5758829   0.07527234  0.4044627   0.68939956
  0.4349649   0.1183898   0.3765368  -0.13818944  0.41570935  0.11202859
  0.7007872   0.39240681  0.51883568  0.26865515 -0.08864994  0.13560372
  0.50671673  0.40028263  0.53640506 -0.12445105  0.34266256  0.13249011
  0.57764966 -0.08108714  0.68454504 -0.38741901  0.41880989  0.08612942
  0.43609099  0.32662721 -0.03009777  0.60434085  0.63812066  0.50918942
  0.00504937  0.41597198  0.27932401  0.46108391  0.09895776  0.27062273
  0.3427731   0.62783143  0.25436053  0.74028207  0.60069713  0.41010012
  0.26610582  0.63820799  0.45271002 -0.08137712  0.43810489  0.37601266
  0.65198282 -0.32105871 -0.45233889  0.49989783  0.32248463  0.12360986
  0.59370171  0.45999548  0.44711928  0.16273448 -0.05100235  0.61338132
  0.57149192 -0.23666458  0.5685144   0.49591667  0.52921873  0.59215966
  0.16159178  0.01321392  0.1740811   0.69511279  0.61917136  0.61886993
  0.65780874  0.70246583  0.0667282  -0.34733191]","[ 0.23925569  0.14312236  0.65985624  0.48904697  0.7296784   0.35444598
  0.56628994  0.31060559  0.33626431 -0.51369227  0.35303149  0.61090348
  0.3953145   0.38327936  0.41143214  0.14750186  0.24559824  0.64859553
  0.0064896  -0.15113737  0.10900523  0.15771326  0.61589259  0.14314671
  0.22351988  0.6325744   0.79540003  0.46510174  0.23832922  0.35510211
 -0.15724446  0.79710217  0.50790673  0.54584692  0.29420183  0.56429484
  0.38876662  0.55408431  0.32911964  0.35700452  0.38516613  0.47028294
  0.32205474 -0.47571725  0.55426993  0.47036765  0.62702213 -0.2774019
  0.65552156  0.65003004  0.4322579   0.73949638  0.60428368  0.44346688
  0.1733138   0.38117828  0.41898616  0.71072118  0.45397442  0.41726711
 -0.00466171  0.68380917 -0.14607583  0.68607624  0.78791283  0.41166351
  0.64458001  0.71239609 -0.55240953  0.53608225  0.39872645  0.00933052
  0.78187811  0.66153988  0.58354158  0.28551302  0.46813944  0.52216633
  0.42580542  0.42894967  0.6882145  -0.08283967  0.4734533   0.52056282
  0.23859784  0.57331732  0.39719006  0.69504446  0.69643642  0.6550297
  0.65605738  0.69422503  0.43771839  0.77179382]","[ 0.39911879  0.253177   -0.46745851 -0.17736734 -0.04978721 -0.13235507
 -0.22366996  0.46210213  0.37070796 -0.41340684  0.48076196 -0.11508503
 -0.54008194 -0.42319562 -0.26162275  0.36958629  0.24083336  0.02005226
 -0.123717   -0.1446159   0.35481203  0.0435337   0.31184065 -0.16647531
  0.38793998  0.11210817  0.59098018 -0.14066983 -0.32584018  0.40041833
  0.45210809  0.35882333  0.26689954  0.19458201 -0.09245885  0.65797794
  0.02029704 -0.54355815  0.02136608  0.1750875   0.06091759  0.23791141
  0.16359722 -0.25531085 -0.5073426   0.29377898 -0.00625761  0.05605789
  0.44112211  0.54280582  0.26053365  0.29119765  0.44873356  0.22167291
  0.02557566  0.4322553  -0.09917247 -0.1243522   0.19442171  0.23605144
  0.12038353 -0.37590315  0.24599904  0.45845818  0.14475997  0.37213278
 -0.33040279  0.16632451 -0.13604549  0.6126996   0.31978158 -0.22231402
  0.14294176 -0.29537822 -0.00599332 -0.29509903 -0.40467127  0.67341813
  0.45572673  0.34227728  0.17220879  0.70480715 -0.28977608  0.20929743
  0.34427782  0.09285166  0.35665379  0.48116349  0.14281247 -0.0577142
 -0.20343081  0.52380342 -0.36446843  0.09352343]","[ 0.3261339  -0.47664577  0.51121411  0.44320994  0.65453948  0.38459507
  0.5977532   0.29526044  0.34806803  0.30414731 -0.02152771  0.32987788
  0.06165547  0.22164102  0.32807774  0.04164659  0.61747913  0.20365429
  0.09988466  0.39746188  0.28977415  0.31746922  0.31812618  0.18513057
  0.68582117  0.36115672  0.27538242  0.30234211 -0.25739697  0.32238042
  0.35307705  0.14211761  0.3833248   0.41270653  0.50911404 -0.27606385
  0.36683211  0.54367462  0.52809067  0.52134293  0.29343005  0.41276227
  0.15250974  0.02749874  0.69762731  0.59729171  0.66494977  0.49064435
  0.31894003  0.62595868 -0.38266824  0.04078833 -0.28517179 -0.14512907
  0.39440759  0.26738842  0.36712424 -0.1958522   0.58466371  0.09960893
  0.09346872  0.45753338  0.20674348  0.0853751   0.71350761  0.17736634
 -0.26554545  0.68053391  0.41634493  0.28314621  0.58615788  0.30928544
  0.81803871  0.1985281   0.41977449 -0.05904861  0.47182474  0.30231285
  0.25615891  0.62782336  0.18160916  0.17943801  0.06152741  0.47528659
  0.04770839 -0.18465166 -0.45187412  0.62968115  0.49454276 -0.17914039
  0.31950675  0.65168111  0.335626   -0.1189097 ]","[ 0.43679545 -0.20707852  0.56732075  0.64564261  0.71826983  0.55806313
  0.34756561  0.51946659  0.32634312  0.44232213  0.22634034  0.2970423
 -0.29732696  0.11113217  0.42148082  0.07890089  0.63264785  0.48223605
  0.47138203  0.37881263  0.12295732 -0.24351539 -0.27319086  0.15555812
  0.6983366   0.45128198  0.29906121  0.44409297  0.03406653  0.54946845
  0.34101622  0.37446132  0.66121574  0.5482093   0.4176138  -0.21957299
  0.30269804  0.63346885  0.66201209  0.03706898  0.3129468   0.27984796
  0.43243227  0.03903468  0.64876767  0.17199856  0.61912844  0.4261175
  0.15599731  0.09552953 -0.1310865   0.20350295  0.49533394 -0.29233944
  0.41248695  0.47152916 -0.27113692  0.50288526  0.61547416 -0.45152746
  0.26299577  0.48778518  0.31394732  0.46930294  0.49666494  0.01010715
  0.45959348  0.62671067 -0.29674431  0.3226057   0.55772998  0.32799902
  0.75442541  0.19680357  0.67283148  0.17460191  0.31441823  0.58308491
  0.25052995 -0.10259525  0.446645    0.19916064  0.09502681  0.44171593
  0.25854681 -0.46950536  0.31777741  0.09311516  0.36233459  0.41126041
  0.08037915  0.63746268  0.53359616  0.53137576]","[-0.14824526 -0.08227921  0.46884099  0.74934635  0.59363501  0.32223642
  0.18267759  0.54558929 -0.08143643 -0.05093255  0.53404832  0.52778183
  0.36592137  0.44106553  0.25733045  0.33152243  0.6013672   0.13303176
  0.56913122  0.11057778  0.17914793 -0.18453476  0.35706272 -0.16814946
  0.40804526  0.37707105  0.69835146  0.57410523  0.11882863  0.38241776
 -0.36268071  0.25900979  0.3846615   0.26205294  0.30937449  0.15093647
  0.40448209  0.61586628  0.58037966 -0.01263676  0.32652256 -0.28276058
  0.21637905  0.45778608 -0.13806227  0.24825419  0.69653611 -0.12929008
  0.07819991  0.15389072 -0.37419602  0.48619587 -0.00649465  0.38024321
  0.22426518  0.70743042 -0.14441732  0.52453056  0.3091666  -0.24414441
  0.3187503   0.76925775  0.44205272  0.47568195  0.75783742  0.14224124
  0.41528926  0.71213548 -0.24847717  0.41523795  0.28691585 -0.23402071
  0.78963325 -0.12345661  0.38754298  0.36056541  0.51878817  0.15368696
  0.24183219  0.24526537  0.45429388 -0.21667025  0.16760431  0.1780832
  0.19235106  0.46106582  0.34729222  0.40783711 -0.00810422  0.08841858
  0.60860519  0.65471161  0.4061541   0.59405959]","[ 0.50716817 -0.41656316 -0.25754701  0.56156634  0.6119361   0.52020436
  0.647708   -0.26235894 -0.15033523  0.04118751  0.37985027  0.21055256
 -0.41765689  0.00765634  0.20069214  0.29990073  0.44417111  0.37495059
  0.25684434 -0.20640388  0.43002466  0.25516719 -0.01483476  0.19521172
  0.62687249  0.06715911 -0.40112681  0.1064302  -0.37030256  0.36961286
 -0.28819416  0.22465158  0.49062771  0.56308941  0.34373415  0.5886054
  0.06812895  0.22985034  0.06026211 -0.29084058  0.47603719  0.33611865
  0.30546521  0.21752096  0.72581459  0.34433396  0.32223857  0.22525478
  0.57697715  0.32151299 -0.08616276  0.67329854  0.30535103  0.07441246
  0.23864599  0.34618142  0.25060193  0.54158336  0.03134515 -0.40593968
  0.43257963  0.54337485  0.34039002  0.35905959  0.27479708 -0.31904445
  0.48561999  0.21576987 -0.03757231  0.26672355  0.81810311  0.47442667
  0.49737258  0.28105631  0.85716229 -0.04703144  0.12919786  0.62211012
  0.67553958  0.38708929  0.38148818 -0.38601462  0.06941697  0.57018845
  0.00442199  0.37240441 -0.32036497  0.37328366 -0.04842174 -0.37366102
  0.40251075  0.58928594  0.44980653  0.04822038]","[ 0.59079711 -0.31220433  0.32471503  0.72432236  0.60494738  0.6018021
  0.70179778  0.2397106   0.235443    0.46650391  0.49405434  0.59280073
  0.5580297  -0.07676359  0.0048933  -0.20001037  0.67095381  0.54468829
  0.4672312   0.13641002  0.32374371  0.14607443  0.22945923 -0.05289987
  0.74417314  0.38500975 -0.30846465  0.39595956  0.02885841  0.45178566
 -0.04161882  0.2632044   0.63335121  0.39254779  0.45236558  0.62095046
  0.35560384  0.4327464   0.54521897 -0.61311991  0.42217066  0.31314314
  0.24974776  0.02787677  0.71101283  0.35974505  0.38711713 -0.51577335
  0.37953214  0.64472593 -0.20353299  0.77279604  0.05030006  0.01921138
  0.53540887  0.38484963  0.53509707  0.6275498   0.27110721 -0.23984122
  0.4068427   0.3460987   0.44509606  0.04031749  0.30180421  0.00662102
  0.62054765 -0.06637439 -0.11233168 -0.61257125  0.46376512  0.25246572
  0.57489581  0.51891357  0.59900235 -0.03179164  0.1840963   0.26351979
  0.55807634 -0.01922559  0.43098399  0.16227637  0.04184819  0.32089097
 -0.24721943 -0.25669222  0.44932644  0.58745212  0.15583848  0.17467185
  0.55268211  0.53690224  0.48066553  0.29193864]","[ 0.59066539  0.53458841  0.7747163   0.74547588  0.57749551  0.63914114
  0.6901196   0.59688399  0.05425268 -0.0099174   0.55678551  0.50251542
 -0.07170384  0.32912553  0.1014379  -0.0952765   0.76915314  0.32891395
  0.24032072 -0.00136615  0.41430863  0.2892085   0.34712722  0.01937455
 -0.1114808   0.56484317  0.52882339  0.59263134  0.0757023   0.41962624
  0.14353618  0.71674911  0.53265376  0.66707088  0.37129055  0.61209546
 -0.02593869  0.39718112  0.70153887  0.21156464  0.31494343  0.58181702
  0.5617862   0.06506296  0.67008793  0.52701062  0.80115126  0.57227199
  0.53019675 -0.08221639  0.47554678  0.63890293  0.60156955  0.5796538
  0.03656156  0.46540962  0.30465621  0.62411187  0.56690966  0.35791566
  0.29080661  0.72603608  0.4610374   0.47833618  0.69249636  0.3260589
  0.66287768  0.45900187 -0.2478402   0.45938173  0.58037848  0.36040849
  0.57567497  0.35555902  0.62891988 -0.10943187  0.52236235 -0.16874511
  0.38283862  0.39527774  0.64620964  0.33107209  0.3393852   0.65275122
  0.77669817  0.34855235  0.29921129  0.51837001  0.60130468  0.63242311
  0.516196    0.74550065  0.46795494  0.5853157 ]","[-0.30843222  0.15371417  0.49270863  0.44157388  0.7036727  -0.25541158
  0.58016146  0.37999685  0.07733753  0.29761984  0.56282502  0.09278629
  0.4090025   0.40114118  0.37691722  0.0678617   0.73969924  0.3237034
  0.08740827  0.49442131  0.39158858  0.35889966  0.41203942  0.22633348
  0.30713115  0.51141055  0.63918074  0.49960486  0.06235137  0.00477725
  0.25076862  0.51718395  0.38332516  0.37697094  0.46211318 -0.18063531
  0.34907896  0.59858336  0.36869186  0.27218292  0.1256526   0.26801344
  0.59282797 -0.25275798  0.66278207  0.61166941  0.63654162 -0.20111708
  0.48244438 -0.54864856  0.14035897  0.46951786  0.40578564  0.52155194
  0.49969455  0.53387471  0.05400363  0.45035512  0.23350633  0.42690617
  0.2618147   0.64186884  0.3954604   0.60997115  0.64715065 -0.04811403
  0.42686628  0.80361814 -0.27095211  0.34896169  0.44922258  0.52773822
  0.60858842  0.31380119  0.50676731 -0.05271334  0.44538057 -0.03744564
  0.18304258  0.52822578  0.37320024  0.33290261 -0.0104185   0.44283118
 -0.30895284 -0.33602658 -0.48850412  0.43282138  0.36965814  0.54024779
  0.63156373  0.73324105  0.05146474 -0.0180052 ]","[ 0.33982629 -0.14480873 -0.03659462  0.42850441  0.62124054  0.31449206
  0.69694775  0.40062681  0.21673517 -0.32327215  0.58883701  0.34012022
  0.26928033 -0.20863891  0.16565994 -0.1826931   0.38291913 -0.05248716
  0.55947695  0.12601796  0.34082034  0.38080639 -0.02453004  0.2410383
  0.60110151  0.29721365  0.50740277  0.14104933  0.0053795  -0.2722022
  0.27168651  0.20671863  0.39391908  0.42830836  0.35520755  0.5015718
  0.28343529  0.66991682  0.38672956  0.3656414   0.08197943  0.29963198
  0.46301487  0.33204731  0.73356704  0.38357123  0.33366011  0.1150715
  0.42612866  0.21402421  0.14974069  0.70395131  0.38780006  0.47907703
  0.25472615  0.51269258  0.21015023  0.56546492  0.02463015 -0.20993948
  0.16316857  0.52590954  0.2938489  -0.1082813   0.3689398   0.19190163
  0.37268981  0.545066    0.10464435 -0.29277842  0.2851015   0.37047567
  0.61379563  0.19826048  0.5650713  -0.16922445  0.39069184 -0.18283111
  0.46713525  0.06400094 -0.26853835 -0.04620946  0.0642192  -0.08199695
  0.23757972  0.60951252 -0.21448502 -0.27770991  0.41580693  0.55193359
  0.32349623  0.36867653  0.25991653  0.31271935]","[ 0.10389323  0.43995606  0.47135925  0.6130034   0.75593414  0.69399653
  0.73929544  0.3191399   0.22409379  0.54862967  0.71621727  0.3774043
  0.27913388  0.33720308  0.58353513 -0.18884139  0.78294394  0.2695628
 -0.36275305  0.43869216  0.54444464  0.42801716  0.48679673  0.34531907
  0.68765999  0.51952428  0.28026156  0.62809701  0.34216165  0.52864071
  0.33591666  0.61978817  0.63833749  0.54525998  0.37230273  0.49223476
  0.36956785  0.75732501  0.58043498  0.44169474  0.11411808  0.65773064
  0.32052831  0.34589379  0.83249562  0.56969542  0.63639202  0.11626442
  0.4681948   0.29553291  0.54172728  0.70055813  0.56422429  0.60385968
  0.57003496  0.35484245  0.47048136  0.48497044  0.50634876  0.29576575
  0.10821386  0.73866454  0.24254304  0.50697268  0.71731804  0.20293225
  0.37814209  0.73842694 -0.19403401  0.71379576  0.37613776  0.39586994
  0.82719453  0.47820493  0.65146265  0.1310496   0.51783632  0.41346653
  0.46063092  0.31802669  0.37264797  0.12398169  0.17358885  0.59923485
  0.25253635  0.42251125  0.58872218  0.69864449  0.33572826  0.54117502
  0.57769876  0.76832762  0.06841943  0.60431154]","[ 0.6741854   0.29047142  0.26368202  0.39817571  0.17806845  0.22955392
  0.22983788  0.50934045  0.52319134  0.4942372   0.60408188  0.39408379
  0.48441571 -0.44678484  0.42826713  0.27788813  0.49613425  0.31854817
  0.03366124  0.53387039  0.43093713  0.45393555  0.14978598  0.48945866
  0.41549403  0.46016105  0.80908195  0.33075936  0.44462518  0.60827706
  0.69864738  0.35005922 -0.26247702  0.5828131   0.28561935  0.64016539
  0.51269801  0.63552417  0.68076078  0.61358155  0.35905503  0.27102591
  0.52039198  0.21324412 -0.39667838  0.15601819  0.57637513  0.15744135
  0.32673115  0.63440409  0.70419296  0.56539946  0.45112885  0.42698627
 -0.12868348  0.68184052  0.22067456  0.75174422  0.40450382  0.14119176
  0.45049898  0.66642704  0.63774719  0.53615272  0.63500647  0.61210049
  0.48635484  0.59714966  0.31265667  0.49662151 -0.09837997  0.44780416
  0.48882112  0.17662801  0.47685674 -0.11603778  0.42101861  0.5196643
  0.59346076 -0.42590489 -0.17479136  0.58671605  0.29856675  0.45428604
  0.4621158   0.42161882 -0.16743686  0.48229236  0.67358456  0.50154787
  0.33271147 -0.40893787  0.09491148  0.51534029]","[ 0.15783855  0.24168223 -0.38078206 -0.12557443  0.16135523 -0.01687895
  0.26146807  0.240062   -0.0267498   0.39816629  0.53338665  0.06062337
 -0.11895114  0.4788782  -0.0092043   0.05554716  0.43704126  0.39890683
 -0.03963539  0.26266026  0.14996145 -0.0095238  -0.09584275  0.08836651
  0.06025955  0.31951263  0.40812751  0.13215881  0.29419592  0.35929223
 -0.27206004  0.41125557 -0.18756745 -0.17751745  0.26409353  0.31757869
  0.1923069  -0.01223765 -0.03005206 -0.01974227  0.34902968  0.36233087
  0.37719585 -0.20823828  0.064074    0.19938136  0.25701196  0.00180122
 -0.12234973  0.57287943  0.16221645  0.03213273  0.41651116 -0.120588
  0.10926171  0.52885851  0.14664072  0.2096727   0.38678399 -0.01876735
  0.36565071  0.21466313  0.37137025  0.2972321   0.46623734  0.3162099
  0.06041011 -0.00659855 -0.02721616  0.34986178  0.655389    0.2795173
  0.57002579 -0.03241175  0.39965585  0.01276173 -0.10811267  0.4557898
  0.30344102  0.45253765  0.24578174 -0.33679702  0.14569272  0.28320265
 -0.26266009  0.08073693  0.21407959  0.18132351  0.15164543 -0.24254396
  0.1759306   0.63444385 -0.35868558  0.02188942]","[ 0.51394005 -0.04856015 -0.20966103 -0.60527397  0.14869775  0.10056381
  0.57958832  0.67220415  0.36375812  0.38710286  0.26541407  0.38942979
  0.27295917 -0.02486135  0.28460548  0.46876582  0.1270709   0.20598116
 -0.30770256  0.60936589  0.45845159  0.39554677  0.49892439 -0.10872625
  0.60236939  0.48589996  0.40124302  0.437342   -0.49373844 -0.45303078
  0.57825481 -0.08237131  0.15720601  0.43040617  0.1468569   0.32628001
  0.3614191   0.27902926  0.65796791  0.5712517   0.68897048 -0.12481353
  0.36978316  0.52363303  0.5661567   0.19564344  0.37822129  0.40711208
  0.27971988  0.71338513  0.32086697  0.08645106  0.22931029  0.34564901
  0.05958264  0.65297778  0.08587209  0.78605419 -0.01250722  0.55203514
  0.1569463   0.56399762  0.53302847  0.4592009  -0.06158149  0.07542714
  0.3940943   0.72680112  0.59442494  0.48713035  0.32112089  0.43324345
  0.5514469   0.30464212  0.56797566  0.26831809 -0.15886053  0.65095165
  0.20087455  0.06072437 -0.39834883  0.59814162  0.44035221  0.43968749
  0.44561929 -0.30985258  0.33938916  0.61146629  0.63649928  0.42108839
  0.42055606  0.20937809  0.19596455  0.56241094]","[ 0.45911117  0.18387041  0.33945192  0.56313133  0.39270785  0.51522367
  0.79896897 -0.45899587 -0.48378142  0.42323605  0.60435659  0.55844434
 -0.46223323  0.44365193  0.63004792 -0.03345623  0.02286299 -0.54840111
  0.32308563 -0.03562439  0.32387438  0.55435909  0.28681839 -0.02561699
  0.52274649  0.41207858  0.44112121  0.29054371  0.41768884  0.31567516
 -0.113268    0.70174339  0.61577554  0.56429859  0.01275779  0.23124523
  0.40278176 -0.01114926  0.37649129  0.35709036  0.27605706  0.40931574
  0.2221911   0.55909239  0.73333885  0.62644317  0.04683724  0.72965611
  0.38572659 -0.0478696   0.20244091  0.42028637 -0.30440654  0.6759531
 -0.34403762  0.63674999 -0.05947608  0.10797705  0.48884527  0.43263327
  0.40948471  0.49782341  0.46954501 -0.03187849 -0.18627214  0.04746666
  0.44553147 -0.0033977   0.13790337  0.37238858  0.66233837  0.57957849
  0.44968286  0.09228397  0.50659632  0.26030868  0.37464069  0.32606974
  0.4999981   0.52459897  0.49606007 -0.01196206  0.20166542  0.56107819
  0.44356107 -0.33006711  0.655846    0.33027414  0.64421395  0.56174283
 -0.00279009  0.68349714  0.39108016  0.51542057]","[ 0.65578786 -0.23547507  0.5648145   0.24214693 -0.08246006  0.11790421
  0.70569831  0.49803438  0.55860215  0.48825504  0.22663122  0.31795626
  0.26823935  0.05940967  0.43587135  0.58606382  0.33118431  0.07450852
 -0.16048348  0.28740053  0.59010377  0.61053845  0.20777788  0.29284139
  0.46086804  0.36584729  0.49804289  0.36772609  0.20357955  0.23697345
  0.37996156  0.15168757  0.44091507  0.50849201 -0.17179601  0.33887137
  0.52050286  0.00494986  0.83352129  0.68738961  0.21356076  0.69017712
  0.37371534  0.52536348  0.61967864  0.16729334 -0.40580754  0.59432282
  0.60027483  0.17612274  0.10680471  0.35366569  0.51069574  0.24146143
  0.6752499   0.5013242   0.35830546  0.69912648  0.06641138 -0.33695395
  0.09728049  0.4497403   0.43650369  0.56785918  0.00200276  0.69455723
  0.29664974  0.44395793  0.46801211  0.00679774  0.64065303  0.15935377
  0.53372967 -0.49631753  0.71014908  0.63082312  0.10566581  0.41551329
  0.06021118  0.18075111 -0.27760862  0.43634608  0.60597187  0.58669101
  0.6986822   0.37504339  0.62759249  0.82856535  0.35823564  0.74960445
  0.51382746  0.16146248  0.14944631  0.37536894]","[ 0.31339171  0.50130844 -0.15171536  0.2421552  -0.13040712  0.18097143
  0.59049187  0.3935257   0.33487157 -0.03762654  0.52725528 -0.17802008
 -0.29380849 -0.07791283  0.22153455  0.34949519 -0.56265271  0.32123812
  0.26558024  0.2626436   0.53919035 -0.10780787  0.37155763  0.36409969
  0.28856681  0.26760886  0.0212725  -0.40716465 -0.34039548  0.11751022
  0.29683247  0.13945319 -0.2438346  -0.15663095 -0.43507227  0.48134757
 -0.1872553   0.13810731  0.33056764  0.06787033  0.30453141  0.3994851
  0.18217938  0.26389217  0.68014651  0.39029747  0.13464064  0.25883077
  0.42572038  0.74808645  0.2425476   0.3302432   0.21884712  0.05668833
  0.28106452  0.42824571 -0.20660434  0.49346029 -0.25499929  0.31452197
  0.40783697  0.06215037  0.38381956 -0.10249673  0.53598688  0.16358538
  0.47122294 -0.52608167  0.08026025  0.41605602  0.55176676  0.48398201
  0.0427634   0.42712138 -0.13080172  0.45419901  0.13663239  0.73409626
  0.31385947 -0.1746539   0.44871124  0.43832824  0.0413548   0.20714518
  0.73750323  0.40591298  0.19992252  0.73899324  0.00128278  0.43130813
  0.34080497 -0.11302957 -0.10968691 -0.15091447]","[ 0.38533995  0.43290566 -0.32234363  0.23103663 -0.27034957  0.41092924
  0.13427426  0.1585985   0.56630691  0.09930389  0.70466385 -0.28346725
 -0.25910089  0.36228951  0.29951787  0.48182953 -0.24701198  0.21520331
  0.43926685  0.16937229  0.21291249  0.46738551  0.30113776  0.18798675
  0.26737948 -0.21374491 -0.31641237 -0.61132651  0.2147357   0.20401105
  0.6330132  -0.11956584 -0.14075683  0.30794816  0.43238795  0.62872932
  0.00571124  0.31986692  0.26652389  0.0491322  -0.02317202  0.57889479
  0.26000799  0.41144444  0.65926908  0.43879025  0.34934993  0.23726476
  0.3327101   0.65330769  0.32932728  0.27493311  0.38912383 -0.36351374
  0.56487128  0.38798449 -0.21789763  0.18888296  0.17744687  0.18112396
  0.33558649  0.4961982   0.18090424  0.14425329 -0.21183825  0.27840206
 -0.43648584  0.10990831 -0.38963979  0.02530468  0.48365996 -0.2885944
  0.51148884  0.16961422  0.19730442  0.25287823  0.19035967  0.64367015
 -0.32138851  0.19731579  0.41938674  0.72396311 -0.32479866  0.14015565
  0.69231532  0.3487601  -0.4268643   0.53263292  0.46641035 -0.56415134
  0.49348042  0.43350975 -0.10145119  0.52185369]","[-0.38718272 -0.04979251 -0.3026529   0.39324526  0.36493868 -0.34362948
  0.71203635  0.20398819  0.44819901  0.42046434  0.01952757  0.27012736
  0.09581384  0.37189428  0.53253137  0.47830853  0.34136475 -0.10391308
 -0.25580924  0.07726884  0.33528026  0.21447982  0.52638809  0.0409492
  0.27122864  0.33282968  0.01762728  0.42451653 -0.37467719  0.0889612
  0.51137542  0.10934272  0.18600462  0.49548799 -0.03077362  0.60777325
  0.55708773  0.29224223  0.74266625 -0.00175544  0.17075556  0.20780136
  0.3285014   0.43305082  0.55236846  0.46449681  0.68795454 -0.40069694
  0.00606929  0.21332366  0.42551877  0.67508908  0.22906981  0.36091766
  0.07093787  0.35726041 -0.39567377 -0.00757611 -0.38575423 -0.20277562
  0.23221443  0.2685922   0.33848012 -0.40780093 -0.24292533  0.19443535
  0.01622243 -0.3343106  -0.23527532 -0.40097256  0.32332466  0.08158827
  0.26608567  0.20884492  0.15274657 -0.0323096   0.28350571  0.51822208
 -0.07259611  0.43780183  0.13915478  0.45188783  0.14686072  0.32345937
 -0.14515357  0.57815844  0.41970272  0.13893923  0.61853535  0.62363358
 -0.2380421   0.61814839  0.05780494  0.2965032 ]","[ 0.70441244 -0.43658177  0.64823866  0.30330478  0.39343458  0.18793513
  0.40965332  0.40839067  0.3537293   0.00215945  0.48362265 -0.26897131
  0.59694677 -0.158833    0.47821663  0.26112571  0.31016788  0.0452593
  0.60049433  0.56731057  0.32111545  0.32553749  0.10331096  0.17910624
  0.03514195  0.24884991  0.76140296  0.01759498 -0.33802707  0.0814323
  0.6764108  -0.36099073 -0.27713183  0.51303439  0.27367702  0.25471146
  0.31727696  0.19472573  0.61610016  0.48947757  0.2028756   0.57370867
  0.23226022  0.38703406  0.70347153 -0.2301276   0.27057538 -0.04661894
  0.56646018  0.67102263  0.42058362 -0.26367865  0.68322078  0.32959149
  0.07823751  0.62025178  0.27421846  0.723211    0.24653968  0.22433712
  0.42787231  0.2627991   0.51086761  0.3582557  -0.23714577  0.47785554
 -0.02812462  0.37700047  0.42324474  0.28205053  0.42863788 -0.06032167
 -0.04172078 -0.06243162 -0.3369009   0.39785056  0.40172904  0.7426133
  0.33673999  0.34908584 -0.49210731  0.59347406  0.26293469  0.2530401
  0.14312007 -0.53116887  0.30743802  0.88333182  0.54318641  0.57362541
  0.50832201  0.3605092  -0.24560964  0.53429153]","[ 0.3400333   0.3612579   0.44571622  0.18568816  0.44096726  0.41515263
  0.34639429  0.28792305 -0.26213936 -0.11721612  0.10300905  0.13228963
  0.26025497  0.42262224  0.44484048 -0.11302757  0.46937126  0.48301579
  0.36687869  0.27936655  0.3974501   0.33881169  0.22429811 -0.44705538
  0.82477811 -0.07043301 -0.04776419  0.17027772 -0.24245823  0.43441193
 -0.19748509 -0.08281797  0.25536633  0.27964934  0.24860331  0.40634744
  0.31079932  0.4520389   0.39478023  0.36557638  0.19397788 -0.0514533
  0.3697768   0.07215883  0.67667859  0.41381986  0.41669397  0.02857261
  0.4180668  -0.38933893 -0.32897087 -0.01170027 -0.44236017  0.24334248
  0.05200036  0.41405398  0.01635578  0.08776142  0.1357083   0.30668239
 -0.0458173   0.27138468  0.29647807  0.30633238  0.58203636  0.19768097
 -0.07711016  0.54228865 -0.19470326 -0.10269748 -0.10150472  0.49270824
  0.2732873   0.39261971  0.52926142  0.0283857  -0.28981579  0.09289788
  0.45075965  0.70773605  0.30415692  0.22180528  0.2903918   0.42710115
  0.36100161 -0.36634011 -0.52206504  0.58714691  0.19734943  0.69519749
  0.2732061   0.01736588 -0.1025004   0.16825389]","[-0.12397045  0.59997442  0.5652708   0.37546212  0.61091304 -0.13618184
  0.65307173 -0.04762959  0.02252561  0.06422232  0.34859475  0.24800552
  0.31977895  0.41787414  0.3712998   0.09387189  0.48032633 -0.12645866
  0.4362455  -0.12497101  0.2570647  -0.39621253  0.2443095   0.42243095
  0.58145701 -0.15890871  0.489166    0.30775106 -0.27432925  0.07447742
 -0.10961369  0.23308516 -0.03950536  0.49684411  0.09687948  0.14538802
  0.31620007  0.4181815  -0.03728161  0.53756852 -0.02257633  0.10755724
  0.38297494  0.11880225  0.42021648  0.25607495  0.06841899 -0.07766923
  0.47788139 -0.20721515  0.18119204  0.42256657  0.37000122  0.2327404
  0.33279443  0.41749174 -0.11221774  0.57514801  0.26352102  0.22127099
  0.15003852  0.2132741   0.15018352  0.48401626  0.21358227  0.54576273
  0.49570714  0.15853896 -0.34813851  0.00603522 -0.65016333  0.49125686
  0.67792025  0.16722967  0.20517472 -0.09020796  0.40723921 -0.40269629
  0.2518209   0.61638048 -0.13325304  0.06715049 -0.32115011  0.13215665
  0.29834666  0.58095512 -0.40135375 -0.47538516  0.58048368  0.60490938
  0.37430351  0.40844593  0.16596218 -0.07918261]","[ 0.46839144 -0.27404041  0.31653185 -0.23354449  0.26274597  0.33154063
  0.16240292  0.20896072  0.38683923 -0.15985454  0.40332113  0.4044514
  0.50848269 -0.37633813  0.45623272 -0.52348374  0.02748813  0.29180337
  0.12860253  0.33291723  0.42895133 -0.16894009  0.14446581 -0.49919477
 -0.5327086   0.15305938  0.76219501  0.11080913 -0.324703   -0.24907095
  0.63951963  0.11393337  0.4569446   0.5780925  -0.28032996  0.5532718
  0.03593382  0.38986666  0.53251855  0.48945085  0.27602116 -0.10332568
 -0.53195895  0.3272704  -0.50541288  0.0941763   0.25350409 -0.22253251
 -0.12908038  0.53262375  0.23551222 -0.15016252  0.44879323  0.29362142
 -0.05283968  0.4938598   0.18400787  0.6799514  -0.2657846   0.39670695
 -0.34801141  0.40736658  0.42619017  0.20737893  0.18114106  0.20079165
  0.0583145   0.0895498   0.20392396  0.24177548  0.32539739  0.28132233
  0.12529642 -0.00960931  0.42623371 -0.18137273 -0.09501684  0.45816742
 -0.08036231  0.39428456 -0.15429561  0.5801992   0.0838057   0.61880763
  0.12334065  0.21980351 -0.27038721  0.22674876  0.60349749  0.51904066
  0.6248235   0.30341811  0.59235023  0.32035114]","[ 0.41357466 -0.07017452  0.17561976  0.28845838  0.12872828 -0.02713282
  0.4031371   0.59893122  0.16906477  0.57138943  0.50743436  0.52636216
  0.23756798 -0.3138554   0.46706227  0.27601357  0.40777161  0.15063883
  0.11866546  0.40188475  0.48548663  0.08472492  0.33858014 -0.22115776
  0.69100526  0.29940722  0.68257484  0.39655337  0.13747507  0.32772181
  0.15002999  0.19232457  0.27778491  0.1406      0.23002156  0.44370778
  0.44733658 -0.24751895  0.66367211  0.35609969  0.18198751 -0.06125978
  0.49645929  0.39253877  0.04158998 -0.27824529  0.57838901  0.34424413
  0.14236657  0.31233244  0.26240115  0.28772617  0.59369547  0.34128044
  0.12803997  0.46395887 -0.20277556  0.21741843  0.07278363  0.32745605
  0.38811727  0.31514146  0.51721693  0.23985742  0.08457644  0.39506501
  0.38770323  0.19143734  0.37199488  0.3371612   0.20640008 -0.2418049
  0.71062962  0.17447694  0.60697435  0.01070473 -0.08966914  0.47300628
 -0.24061818 -0.14930923 -0.4518182   0.58791194  0.5767043   0.22659098
  0.31763341 -0.51919373  0.36284496 -0.27003948  0.50084094  0.33325764
  0.52767218  0.26357348 -0.23484553  0.65513161]","[ 0.67491598 -0.12177239  0.34118721  0.20189009 -0.31082937 -0.12038278
  0.39372269  0.61748011  0.53972307  0.4724951   0.39036667  0.51326409
  0.6381231   0.02051583  0.42236413  0.45201681  0.38983375  0.5984696
  0.35094273  0.47983486  0.20112058  0.43119647  0.0649012   0.34874235
  0.37648926  0.51730347  0.78364635  0.31967761 -0.15164863  0.04325387
  0.6526701   0.57438212  0.29366892  0.56176323  0.32430523  0.32097908
  0.1100476   0.83510802  0.70626109  0.35939932  0.71026857  0.01208253
  0.55658111  0.5974149   0.79045466 -0.14052365  0.34533465  0.36798823
  0.09348093  0.62048736  0.60046631  0.5390266   0.68710389  0.38458644
  0.52905664  0.60592558  0.21964614  0.74062237 -0.17560289  0.46544841
  0.34014051  0.49774982  0.53036233  0.60018929  0.47886612  0.47802061
  0.51526949  0.74186681  0.62669197  0.26917468  0.44229558  0.50066547
  0.57916722  0.49886466  0.48674409  0.19463749  0.22290348  0.72125729
 -0.50597038  0.38610382 -0.61556538  0.63617221  0.46844163  0.60972239
  0.67687312 -0.5208823   0.33344626 -0.58857559  0.74686727  0.47205856
  0.57035401 -0.3874611   0.15674949  0.58766679]","[ 0.50386725 -0.08954261 -0.34484299  0.69371569  0.51397404  0.73652201
  0.83310644  0.50030588 -0.16293204  0.48525738  0.68713623  0.71622587
  0.0142723   0.42703886  0.02429271 -0.03650677  0.73180084 -0.12756801
 -0.41807344  0.33418416  0.4689923   0.52690403  0.43918679 -0.44620327
  0.29776104  0.65282484  0.34851389  0.62824162 -0.40898768  0.48103718
  0.4394016   0.4604716   0.33600232  0.73222881  0.0983822   0.66914373
  0.44349291  0.82785795  0.67449709  0.04301107  0.29476686  0.15519473
  0.54083715  0.25933222  0.34554766  0.21008112  0.58055077  0.70726582
  0.36506757  0.51994198  0.05819843  0.61002255 -0.189357    0.69436451
  0.25863419  0.49113694 -0.28262933  0.49112868  0.40431578 -0.00112587
  0.33605579  0.72137505  0.28523854 -0.49675961  0.26376424  0.2614602
  0.31343844  0.50757615  0.25844114  0.74355807  0.48321408  0.45436788
  0.71319512  0.36585292  0.80756201  0.19532373  0.66845074  0.59012459
  0.13834067  0.08127174  0.59733023  0.34901459  0.50255726  0.42123574
  0.64757775 -0.33708251  0.55561556  0.49067486  0.60567865  0.7546037
  0.20946842  0.36230364  0.44754641  0.57554515]","[ 0.43711892 -0.20610608  0.37656514  0.54393284  0.42686305  0.5688498
  0.68635749  0.24932385  0.52378595  0.67822557  0.58235445 -0.14998924
  0.44162025 -0.24601978  0.437471    0.43576642  0.26715852 -0.09328319
  0.44994479  0.3256622   0.55776486  0.52429302  0.17155982 -0.2830791
  0.39135411  0.37637291  0.54042893  0.42620357  0.26867706  0.3436878
  0.80255225  0.16285445  0.33077347  0.67329382  0.06696517  0.53616394
  0.56049662 -0.01529303  0.68449427  0.41355857  0.40098999  0.30056648
  0.10081322  0.54375389  0.49663754  0.00155958  0.60839212  0.47913385
  0.30247736  0.35462639  0.30457922  0.53392989  0.26640212  0.50948313
  0.30612983  0.63627234  0.19880773  0.67963973  0.56161099 -0.06286318
  0.55952962  0.02515394  0.57662506  0.55859254  0.44512956  0.57391056
  0.3225955   0.51490842 -0.10191944  0.43973514  0.62264675 -0.05964284
  0.56914222  0.5504673   0.62950535  0.52649844  0.2972768   0.56506149
  0.28306878  0.2064347  -0.24479609  0.36858022  0.59848577  0.59542417
  0.47340817  0.4698786   0.48625063  0.68494967  0.68325608  0.78810523
  0.56966844  0.24840511 -0.07031983  0.35274843]","[ 0.68755147  0.48272621  0.49540912  0.66877502  0.67121693  0.59477815
  0.70455265  0.28400704  0.32717116  0.54664467  0.55842221  0.6769698
 -0.2795357   0.44799344  0.51629794 -0.08487618  0.58605526 -0.38367101
 -0.12125249 -0.04759513  0.5757391   0.3774036  -0.00840626 -0.15217978
  0.37557808  0.44465786  0.606234    0.50937488 -0.00567332 -0.04328971
  0.53459271  0.5691457   0.31458686  0.57719871  0.24400457 -0.1856872
  0.50228314  0.23058619  0.54858034  0.59895929  0.20048274  0.21855188
  0.5400808   0.63234593  0.06221298  0.28033534  0.57934904  0.38857934
  0.02284892 -0.02382335  0.40924592  0.4088647   0.33214368  0.5326129
  0.39781219  0.61062116  0.33820608  0.37491727  0.41822803 -0.35019831
 -0.00861501  0.57986432  0.42851879  0.26641455  0.4939392   0.62344922
  0.37420623  0.61519781  0.19501569  0.35408503 -0.03930779 -0.53379213
  0.62276232  0.25230427  0.76552609  0.08919346  0.38080046  0.29387025
  0.13859611  0.26850392  0.16065578  0.32818699  0.31258886  0.48524076
  0.45943237  0.73010649  0.43683151  0.05065671  0.52481783  0.64808572
  0.62091306  0.71671093  0.41492358  0.56421413]","[ 0.52514422  0.4304814   0.52329544  0.60964174  0.53105459  0.5895565
  0.67276127  0.01277148 -0.33482887  0.43602966  0.51541773  0.28076322
 -0.51804684  0.4731288   0.49391373 -0.28776812 -0.10862646 -0.35813535
 -0.15717554  0.07904456  0.45962557  0.26611258  0.22243709  0.09461513
  0.59120414  0.38175127  0.39465322  0.54618705  0.10222848 -0.2548686
  0.21806122  0.35645864  0.50301604  0.61978783  0.09311961 -0.0902712
  0.64283817  0.27255042  0.14797201  0.074057    0.03532061 -0.08194698
 -0.08836376  0.43553156  0.46896843 -0.00419657  0.57247896  0.63398309
  0.43486847  0.2230333   0.46963559  0.18558542  0.17535389  0.37676846
  0.60694763  0.49025048  0.25337952  0.19692845  0.1735028   0.22613288
 -0.24955895  0.01658689  0.41916129 -0.20598219  0.51458817  0.21058925
 -0.00498948  0.43744727  0.16744506  0.54928187  0.00885666 -0.25259849
  0.33217833 -0.167423    0.74624482 -0.20495255  0.16985757  0.33780628
  0.34237415  0.13331338 -0.0265889   0.18438147  0.08218963  0.61906112
  0.27506016  0.77101284  0.38586942  0.55102578  0.57236027  0.56045738
  0.31599328  0.7171063   0.38214015  0.53619819]","[ 0.53893634  0.29332667  0.08088623  0.63175572  0.60724769  0.66204379
  0.70214862 -0.03034448  0.01758534  0.49821041  0.53358247  0.18225259
  0.55163668  0.50238543  0.57780917 -0.18595472  0.3607991  -0.43707192
  0.06088877  0.18941135  0.56268045  0.5047668  -0.16225282  0.11555018
  0.63964133  0.54461103  0.49150449  0.49150145 -0.12341503  0.32874351
  0.56633257  0.53768955  0.22743888  0.62016656  0.06395852  0.48211109
  0.49910226  0.42708858  0.57794109  0.44666115  0.33353699  0.13950836
  0.31244512  0.58605729  0.50384468  0.3579512   0.69545675  0.51960617
  0.04027945  0.25001857  0.24072876  0.57997359  0.32700404  0.52758228
  0.24633206  0.55141928 -0.22770878  0.51302067  0.58945555  0.3370489
 -0.10406736  0.41923177  0.4463436   0.28530953  0.26372292  0.57296093
  0.141095    0.48364983  0.36049402  0.71218162  0.45434362 -0.33110416
  0.60358632  0.17160886  0.5726853   0.18962987  0.38367213  0.49456185
 -0.18941201 -0.51918935  0.09984447  0.3198329   0.34835159  0.5890253
 -0.34829882  0.43686898  0.3998239   0.40921837  0.54006634  0.58799129
  0.57345264  0.77201808  0.16029375  0.40894274]","[ 0.58161018  0.55541449  0.09375101  0.5499694   0.53998568  0.3285485
  0.71247266  0.0103593  -0.09382861  0.44632949  0.63176932  0.33469242
  0.42924693  0.66105769  0.32419791 -0.46341236  0.47617511 -0.0915858
 -0.03037374  0.39332393  0.52906768  0.29623799 -0.36845097  0.1172743
  0.6278214   0.53460524  0.01424314  0.28868119 -0.51212524  0.03444036
  0.28993512  0.4429575   0.66727673  0.59939035  0.09291925  0.15230024
  0.4932488  -0.42516936  0.39197277 -0.23918716  0.33201095  0.59222053
  0.24674163  0.44339718  0.08935045  0.09227012  0.4765099   0.27838598
 -0.3664158  -0.22618095  0.37383997  0.27747191 -0.14048001  0.51329895
  0.07336354 -0.20580329 -0.46407658  0.52521363  0.10320643 -0.52962827
  0.26432854  0.33715094  0.30610364  0.47440497  0.27049451  0.60910805
  0.60165899  0.22632891  0.34512356  0.63422511  0.39070149  0.09862768
  0.61660917  0.04740964  0.13951121  0.58064607  0.22278739 -0.07942339
  0.01622064 -0.1751381   0.25789561  0.25023652  0.11483696  0.30316736
  0.09809847  0.796648    0.25235006  0.28531016  0.41783422  0.46686326
  0.4905809   0.71721262 -0.03781155  0.30139917]","[ 0.64890057  0.25081734  0.52393509  0.30775098 -0.12170745  0.12731965
  0.77546708  0.26344225  0.29949718  0.70412044  0.64827719  0.59658356
  0.5530874  -0.11415785  0.40517974 -0.18274912  0.37326263  0.10713858
 -0.34733105  0.07034136  0.54310233  0.53702624  0.49039434  0.20573358
 -0.59218953  0.05500249  0.11066401  0.15176672 -0.49725014  0.00150606
  0.70265439  0.31105066  0.42251491  0.60256676  0.28015791 -0.31529369
  0.51844435  0.06402144  0.44051423  0.54518498  0.47154454  0.10132036
  0.59732379  0.40012364  0.11876382  0.19222292  0.44816162  0.4354564
 -0.27243876  0.31846284  0.31399044  0.5642481   0.06441752  0.58930163
  0.09282743  0.54266778 -0.49999283  0.60674078  0.40480737 -0.10795747
  0.03944203  0.48566467  0.46485316  0.38379388  0.52606715  0.74265799
  0.44355143  0.35164568  0.03838774  0.3370195   0.29955082  0.38174193
  0.64771199  0.13009092  0.3268056   0.0998513   0.08388631  0.58518021
  0.22032596 -0.05038614  0.34770645  0.4380522  -0.02434515  0.5485859
  0.27748093 -0.06862887  0.41063355  0.45016886  0.64124346  0.65474278
  0.21181414  0.64885031  0.27750594  0.52564639]","[ 0.50954502  0.06186633  0.30993133  0.5629836   0.51871465  0.29800194
  0.76626727  0.43891506  0.24196386  0.55204631  0.52117571  0.47543801
  0.15799554  0.41475501  0.56987312  0.21872545  0.56488029 -0.48414848
  0.00188545  0.07810071  0.64422919  0.20861263  0.68786627  0.18098353
  0.42677404 -0.11053603 -0.05753901  0.43514892  0.65053414 -0.35099036
  0.14236966  0.43582026  0.41309729  0.5172706   0.36501935  0.32039408
  0.55596316  0.11717319  0.66860509  0.49672089  0.19756233 -0.00581609
  0.64428133  0.34068456  0.17916304 -0.16197906  0.46198424  0.62504139
 -0.18624996  0.29256081  0.5607329   0.53979745 -0.38320026  0.37055306
  0.34342382  0.49781098 -0.07236415  0.19168126  0.11234029 -0.19625828
  0.2711296  -0.08007587 -0.11601963  0.17824319  0.63388679  0.39200208
  0.26545688 -0.28842648 -0.38727058  0.50779572  0.10288051  0.46971352
  0.61364144  0.15873269  0.23158193  0.25425202 -0.19369088  0.29146583
  0.56443356  0.21972471  0.37201247  0.30726864 -0.1016492   0.47526375
 -0.25037731  0.47796368  0.41697511  0.0957232   0.56056458  0.55617909
  0.48903897  0.37853929  0.39266231  0.2510391 ]","[ 0.35869765  0.08807215 -0.29309643  0.70621588  0.10634923 -0.0102214
  0.75796946  0.34037657  0.25763921  0.02372119  0.37336308  0.42139924
 -0.44115657  0.34015672  0.57946126  0.35465135  0.62762892 -0.29405013
  0.36275341 -0.38618622  0.44615793  0.11924119  0.51903882  0.06090829
  0.25206559  0.20244634 -0.04280683  0.51175176 -0.4381647  -0.33189473
  0.28537632  0.39875768  0.41949647  0.62865126  0.21005044  0.23724632
  0.46771759 -0.09269906  0.64746538  0.37209669  0.24023146  0.10514056
  0.59041024  0.32420426  0.26531334 -0.07298335  0.50594677  0.31249402
 -0.22384623 -0.15567214  0.39147495  0.53218098 -0.33089491  0.32132107
  0.18175324  0.43128434 -0.5860326   0.21197743 -0.05675021  0.05580751
  0.20345008  0.51316468  0.37042456  0.45899576  0.58883494  0.60680918
  0.05368563 -0.33726906 -0.40172594  0.660452   -0.04137619 -0.0992655
  0.39948489 -0.09043609  0.53113519  0.26823152 -0.13528362  0.42257609
 -0.14092167  0.3096315   0.35425334  0.17345199  0.16106183  0.53624534
  0.31467313  0.6715618   0.42988331 -0.14307291  0.70344272  0.58932436
  0.56683378  0.61569552  0.29205249  0.41046853]","[ 0.14213428  0.0914798   0.25852212  0.05838785  0.22800242  0.04083079
  0.7199336   0.61011855  0.13237229  0.41068587  0.18144227  0.10190372
 -0.40251952 -0.14166676  0.42955338  0.40384752  0.65935147 -0.4004857
 -0.26557561 -0.38033735  0.42912662  0.21183517  0.35195906  0.08534322
  0.67660776  0.33048886  0.38857304  0.43908427 -0.36500331  0.09304011
  0.25676828  0.33958007  0.51147678  0.61874836  0.00530805 -0.25569065
  0.11012473  0.10574728  0.45009508 -0.23941034  0.32360866 -0.32111329
  0.52062421  0.2346328   0.22772907 -0.28160755  0.62431276  0.13497812
 -0.28344278 -0.01408753  0.43696898  0.18267108  0.14962    -0.18935957
  0.08562272  0.4322153  -0.4164577   0.16394504 -0.13641982  0.36522829
  0.10136527  0.54826262  0.34622769 -0.22321833  0.3483295   0.65382768
  0.27571288  0.4123785   0.43575131  0.19734205  0.12987527 -0.08333487
  0.62324129 -0.3183947   0.29687371  0.04378264  0.03417376  0.41787585
 -0.33099811  0.32085959  0.24609281  0.18406621 -0.14641026  0.20582552
  0.17998028  0.49639264  0.385043    0.60496825  0.38876061  0.32103156
  0.15236805  0.58222272  0.26991381  0.27700044]","[ 0.63389631  0.55292191 -0.34166112  0.52425676 -0.48830927 -0.11474335
  0.50437194 -0.07834136  0.3968549   0.51987072  0.43609156  0.07815541
  0.24918008  0.34039278  0.08022523  0.37932151  0.33076047 -0.11313462
  0.27931722  0.48038594  0.20698904  0.05725165  0.32223885  0.5080572
 -0.52604393  0.5375702   0.64695613 -0.23930782 -0.24727591  0.21090044
  0.4705988   0.07447938  0.30757642  0.32519036  0.14894249  0.31980443
  0.18122522  0.40026886  0.4337383   0.42148347  0.02235278  0.64085893
 -0.11102998 -0.41337759  0.31638897 -0.16445474  0.07408752 -0.13072053
  0.47312842  0.63474901  0.46286692  0.35553587  0.43649745  0.2799997
  0.47346718  0.41295807  0.42715759  0.45872862 -0.22286169 -0.37548619
  0.30052704  0.59580745  0.57604107  0.45632226  0.35761845  0.32562578
  0.36171271  0.46936765  0.38373784  0.46284334  0.19513187 -0.05900315
  0.22594282  0.33130276  0.33775695  0.08298954 -0.06268672  0.72949968
 -0.24112871 -0.50863975 -0.39107685  0.60170478  0.08487697  0.07801827
  0.35712895  0.25883902  0.53128571  0.50858088  0.60750043  0.1528051
  0.61445625 -0.12951409 -0.173267    0.30077964]","[ 0.70852311  0.67930564  0.33787002  0.60848095  0.21260907  0.12328485
  0.15084599  0.50477317  0.64412122  0.56298546  0.7199522   0.43516936
  0.58514447  0.35927395  0.58906913  0.36011206  0.5554454   0.57186132
  0.44619305  0.58166461  0.37293199  0.58615901  0.51620063  0.6685276
  0.20311072  0.57746099  0.75416901  0.35929568 -0.01081753  0.67611016
  0.57857362  0.31346721 -0.2250029   0.38961757  0.58328168  0.599245
  0.28720233  0.3663558   0.5279253   0.54454514  0.44091844  0.5245269
 -0.04059106  0.47275261  0.66075672 -0.30442583  0.29320073  0.4595317
  0.6276355   0.84546547  0.55611877  0.18283355  0.54265897  0.45367822
  0.50555221  0.19490211  0.43097049  0.5741141   0.13281922  0.501408
  0.48873598  0.69765824  0.61574279  0.46445528  0.58634002  0.6159033
  0.51348367  0.50745795  0.57385761  0.3700978   0.3635621   0.40098111
  0.4653676   0.51593904  0.42140801  0.32189255  0.51771892  0.62119779
  0.38350036  0.74908135  0.10601826  0.80344119  0.30138666  0.40206917
  0.45668827  0.70570828  0.55823797  0.53094703  0.67236961  0.57728426
  0.59593831  0.23462207  0.35115497  0.53855884]","[ 0.61805936  0.06409534  0.1173981  -0.37668415 -0.31370314 -0.08767954
 -0.25328493  0.27309406  0.31082213  0.02101437  0.65872392 -0.24703857
 -0.37393596 -0.17751541 -0.2394329  -0.50595733 -0.23838276  0.18713748
  0.38726127 -0.40274013 -0.21073516  0.12160119  0.16370182  0.34930043
  0.27572353  0.30585864  0.48044346 -0.2412187   0.41182119  0.0820108
  0.49310908 -0.13165751  0.23868967 -0.17145814  0.2419932   0.37142748
  0.18191052  0.20017547  0.22331632  0.02128455  0.18879672  0.33785565
  0.01832956  0.16980203  0.33637018  0.3803482  -0.20060059 -0.58404523
 -0.13852253  0.68482154 -0.38913356  0.28320373  0.38942368 -0.19877958
 -0.21504355 -0.3912006   0.19560608  0.34812828  0.31933329  0.14036668
 -0.08571976  0.50393064  0.42001266  0.08524492 -0.03925701  0.04235498
 -0.16818562 -0.02359977 -0.27594481  0.2659411   0.50850392 -0.29812664
 -0.41641033  0.2394097   0.13881037  0.0752897   0.2837094   0.47562571
 -0.12047046 -0.3436675   0.42659176  0.28410173 -0.51899949 -0.45409792
  0.06149658  0.1668922   0.66015375  0.43977949  0.57331336 -0.27310936
  0.4309533  -0.12250939 -0.45271097  0.25714041]","[ 0.82474153  0.66167403  0.3708914   0.59840602  0.00733416  0.45745859
  0.41258673  0.27008205  0.43369562  0.47472502  0.81092675  0.37074818
  0.17275927  0.41513272  0.51347116  0.32208237 -0.32028173  0.41796164
  0.71040781  0.51925316  0.30174517  0.57087674  0.28151002  0.58613262
  0.27364277  0.37620646  0.58348896  0.01315043  0.30382115  0.56201082
  0.35017095  0.40839702  0.21027428  0.2317449   0.53643239  0.64174522
  0.07776583  0.51021501  0.65661245  0.51207859  0.16189592  0.46226399
 -0.402026    0.3711514   0.56572859  0.02801277  0.24292558  0.3323563
  0.48814508  0.83754507  0.372731    0.03268853  0.47414863  0.57548219
  0.50179449 -0.18510419 -0.0219209   0.26333346  0.09990839  0.02236938
  0.3074324   0.58621043  0.45786322  0.58138277  0.25439723  0.6347136
  0.55953274 -0.24922844  0.61988837  0.3635924   0.14698388  0.10583109
  0.75357158  0.0904281   0.10380881  0.03866405  0.25000211 -0.01179742
  0.08069161  0.49285704  0.13868195  0.53661158  0.0718251  -0.26126537
  0.46854081  0.75828124 -0.323334    0.44556075  0.39548362  0.45171273
  0.63693784  0.29302466  0.19270184  0.57283328]","[ 0.47335251  0.57251789  0.43991166  0.34607499 -0.24463214  0.17332465
  0.39176353  0.62725265  0.61534524 -0.38318699  0.67087587  0.38810234
  0.67347452 -0.70288872  0.35411615  0.20836961  0.58703071 -0.29168897
  0.27244839  0.5106035   0.54354954  0.53278293  0.60218824  0.59775032
  0.26641147  0.6228494   0.69705441  0.37952742  0.15054625  0.654892
  0.3810999   0.37487927 -0.00815992  0.61564257  0.55102814  0.53802304
  0.43245458  0.48135123  0.77463735  0.60762612  0.49975078  0.27261675
  0.21473206  0.280773    0.58488738 -0.37667423 -0.17394886  0.02234201
  0.5853082   0.70056245  0.52508747  0.34900889  0.05079275  0.36336823
  0.53205296  0.3059035   0.47488335  0.76022304  0.51235185  0.51221964
  0.39961886  0.76966706  0.60650381  0.60301208  0.52807666  0.63272913
  0.39052904  0.36543212  0.17836697  0.71154451  0.31434085  0.65568403
  0.43561878  0.57935451  0.08666595  0.42539396  0.50284096  0.51889797
  0.41038134  0.62197671 -0.13424638  0.84461423  0.32185463  0.48394184
  0.4438833   0.6314724   0.241251    0.53989639  0.67810761  0.62484221
  0.28421955 -0.18123426  0.12215327  0.04181416]","[ 0.766541    0.30019202  0.5441632   0.57328986  0.03706704 -0.14731188
  0.29348161  0.81987438  0.69611447  0.27909376  0.44575592  0.58084095
  0.57080041  0.29631358  0.47392668  0.62899581  0.74398824  0.11054395
  0.12670221  0.62025811  0.52649046  0.4767751   0.61407822  0.69781689
  0.71985135  0.67528124  0.84330973  0.51398704  0.57990392  0.64932537
  0.566247    0.40422136  0.4456253   0.81709674  0.55974549  0.70431187
  0.62854092  0.69391174  0.83668352  0.6369585   0.63722529  0.4701144
  0.33979762  0.42162603  0.26063999  0.11464413  0.56741168  0.26155801
  0.67852266  0.70230586  0.75003315  0.76362598  0.55450414 -0.17235703
  0.5652501   0.55088548  0.73601458  0.84794956  0.64787939  0.62041173
  0.53590968  0.77050935  0.72157703  0.71758713  0.71116178  0.75050655
  0.6024127   0.67167425  0.59472151  0.82853869  0.6716554   0.79497302
  0.65559229  0.76871534  0.57298354  0.41228637  0.63189389  0.76845973
  0.6130633   0.53331861  0.17604952  0.89497245  0.386844    0.54131992
  0.53062021  0.73815181  0.57449037  0.62198243  0.71472507  0.62438238
  0.16930898 -0.1531987   0.32857367 -0.29280911]","[ 0.7694381   0.56495622  0.32516255  0.67952217 -0.32093005  0.4891279
 -0.30655378  0.26072766  0.61319487  0.28293531  0.7920396   0.25960746
  0.47086605  0.26996977  0.34750146  0.2749383   0.38268214  0.25081534
  0.60777406  0.35151438 -0.25488844  0.44456261  0.30529906  0.60072638
 -0.24014845  0.50497098  0.6027048   0.24215415  0.17203924  0.53096612
  0.46182834  0.1140868  -0.34919804  0.59583198  0.5859623   0.55963082
 -0.04853935  0.49817394  0.39875661  0.33228405  0.19208783  0.56757344
 -0.49762448  0.48309533  0.62522271 -0.1551188   0.52757827  0.25724614
  0.28922761  0.86588268  0.53273957 -0.03743363  0.37407269  0.23012086
  0.53136289  0.04974691 -0.22176582  0.53851228 -0.08802264 -0.07815415
  0.31178862  0.5248953   0.45354851  0.31207812  0.35189593  0.51565513
  0.24804301  0.40520331  0.37981726  0.31301517  0.16210746  0.41219169
  0.66748354  0.37580139  0.22801466 -0.17319133  0.20591871  0.47408926
  0.28999132  0.59203503 -0.35754415  0.56318222 -0.23691596 -0.01145755
  0.41300966  0.58606845 -0.51382291  0.61909353  0.52562362  0.50388989
  0.63659209  0.28044743  0.09314066  0.34801368]","[ 0.62503454 -0.20436697  0.06573894 -0.01192436 -0.16312507 -0.04110653
 -0.24802614  0.26914541  0.63587921 -0.41338828  0.27596989  0.21056765
  0.40765076 -0.64846039  0.12891688 -0.06768539  0.19275015 -0.0081952
  0.01355727 -0.11756757  0.08824498  0.12320802  0.30163142  0.5058996
 -0.41013767  0.42834573  0.62670841 -0.37661188  0.151393   -0.2288417
  0.20417664  0.17981832  0.35075755  0.58043673  0.44114753  0.44776247
 -0.09766343  0.08934344  0.53068612  0.3476337  -0.27361141  0.37739345
 -0.56213633  0.14082085 -0.38236644  0.22326559  0.04552037 -0.55111601
  0.48425342  0.58099876  0.27927043  0.1043397   0.09770221  0.0737989
  0.26304635 -0.15524177  0.2376566   0.65553765  0.31918429  0.30831833
 -0.0745944   0.53472575  0.52564234  0.30006573  0.46028516  0.53232988
 -0.56888232 -0.53569142  0.55927583  0.73814216 -0.1561374   0.4009194
 -0.03521366  0.41180329 -0.21858495 -0.14543806  0.27128391  0.19361794
  0.07366367  0.38661103 -0.19454314  0.66491729 -0.32231499  0.38069456
  0.2353499   0.47528245  0.0976434   0.48027221  0.47933167  0.64200718
  0.01682714 -0.50355157 -0.16604659 -0.38646317]"
"[ 0.48272119  0.38193815  0.28641598  0.46657186  0.1858978   0.05035208
 -0.2503499   0.36924271  0.23925653 -0.02680863  0.14706522  0.00313486
 -0.09557007 -0.18305535 -0.23551656 -0.02686084  0.10246029 -0.16612516
  0.17408261  0.01048653  0.39453806  0.42243778  0.11619557 -0.08580659
  0.07543261  0.11166141  0.41221245 -0.16384401  0.27692983 -0.41847664
  0.4464994   0.27049157  0.1577959   0.58173922  0.324656    0.09777178
  0.37206599  0.39192989  0.4152959   0.4372378  -0.20867899 -0.04435645
 -0.49455519 -0.18507483  0.61923219 -0.21875218  0.2652969  -0.28781199
  0.1415192   0.53622245  0.10232015 -0.014444    0.36064545  0.15675193
 -0.16170912  0.40675458  0.21307296  0.0653331   0.19624241  0.346377
 -0.21925974  0.4053567   0.66394832  0.33319916  0.19932048  0.54348087
  0.47077087  0.17325659  0.4594364  -0.29898744  0.12017601  0.31970956
  0.18809349  0.12284472  0.00170626  0.20290344 -0.14820846  0.68089405
 -0.27005211  0.26449016 -0.11679347  0.62861505 -0.19749777  0.41306316
 -0.34013422  0.03778728 -0.21484011 -0.48300411  0.42569393  0.23115565
  0.51704107  0.23972422  0.28044081  0.18797529]","[ 0.07696223 -0.05979014  0.25752788  0.24300943  0.0686622  -0.23177425
  0.4576549  -0.24387505  0.2397357   0.50987489  0.21831448  0.50225571
  0.13033197 -0.33761555 -0.34285146  0.19747993 -0.26152059  0.28465462
 -0.09512366  0.23635192 -0.2608247  -0.20344073 -0.06457653  0.41562635
  0.630843   -0.02341578  0.60370271  0.28580958 -0.06736613  0.37419777
  0.53711563  0.04957672  0.31188437  0.47874163 -0.1923041  -0.30653958
 -0.44171244 -0.63903532  0.44170763  0.76099781  0.17516062  0.42881061
  0.46091216 -0.10190659  0.74525044  0.49250615  0.21908326 -0.14121591
  0.07701733  0.44926988  0.12906619  0.21076726 -0.25579435  0.27936444
  0.3053151  -0.01018831  0.15551661 -0.27294475  0.24146148 -0.40639026
 -0.06714697 -0.32516688  0.46571273  0.58117253  0.03695656  0.45482813
  0.4780168   0.42688139  0.24369338  0.59741352  0.44113189  0.462276
 -0.11058102 -0.31159075  0.38438224 -0.22073034 -0.28089021  0.71556604
  0.21518131  0.48591204 -0.03906154  0.20878696  0.53943567 -0.07089504
  0.78634035  0.06231703  0.30893537  0.60176391  0.46828746  0.7531643
  0.23902332  0.09956658  0.22366436  0.01514986]","[ 0.18185407  0.49993511  0.61208917  0.30175633  0.50165311  0.01675755
  0.5964294   0.30518866  0.23982571 -0.26727466  0.52659412  0.5189739
  0.53777264  0.09704312  0.4516856   0.33521171  0.45978818 -0.0043164
  0.57843157  0.29980071  0.05919692  0.57800089  0.30194001  0.2167953
 -0.06059892  0.16971036  0.47730978  0.48171792 -0.48287059  0.09838556
 -0.16161819  0.44201355  0.43139402  0.37428791  0.46463086  0.73737356
  0.2269821  -0.00806986  0.10372103 -0.19592751  0.34174141  0.02835565
  0.4754846   0.10631419  0.23377696  0.64591157  0.65018264  0.06285611
  0.38527118 -0.13799734  0.30172155  0.36025107 -0.30770421  0.09109364
  0.3947352   0.43759478  0.04295378  0.14167243  0.08868335 -0.20678765
 -0.39323569  0.15603234 -0.07713786 -0.26589841  0.36243577 -0.04658315
  0.22156007  0.53198098  0.20460035  0.1348933   0.29181327  0.41299976
  0.18476876 -0.09985282  0.01120648  0.21612503  0.20075761 -0.13207545
  0.60076701  0.05487143  0.05450525  0.44828358 -0.25420128  0.38349364
  0.31239692  0.50668538  0.04646445 -0.3639248   0.4803748   0.66106842
 -0.2788302   0.47697154  0.49853838  0.13769786]","[-0.02814657 -0.20434192  0.40511974  0.12552583  0.42459719 -0.03060555
 -0.22907642  0.15068478  0.14454501  0.32786013  0.32242077  0.34853545
  0.29685865  0.03786067  0.19507109 -0.50680078 -0.02176294  0.11864605
  0.20050348  0.29010714  0.55419656  0.01436618  0.22843076  0.51436384
  0.52098611 -0.00438376  0.37678657  0.5555208  -0.38446186 -0.1772722
  0.44535695  0.07971284  0.44425465  0.31234099  0.20262017  0.24392466
  0.21978037 -0.5039482   0.01424733  0.72810666 -0.04956953  0.27394103
  0.48012077  0.29579431  0.69030808  0.19895232  0.24204493  0.51822302
 -0.02800177  0.80447344  0.4243813   0.31357539  0.47932563 -0.05617781
  0.36514936  0.54301167  0.39680782 -0.31098374 -0.23201852 -0.13033498
  0.57985896  0.24286067  0.52258594  0.63370496  0.27856344  0.22942441
  0.30029339 -0.08431056 -0.36007704 -0.03219545  0.58085403  0.61789939
 -0.28355515 -0.48693942  0.24629984  0.10666822 -0.0217405   0.27042253
  0.62584195  0.19638065 -0.19058512  0.46120034 -0.13693234 -0.28217996
  0.77274568 -0.37938582  0.0589336   0.5791246   0.59383288  0.33794649
  0.31284645 -0.01020059  0.31734728  0.12298095]","[ 0.7412294   0.2106992   0.14513619 -0.36075873  0.22182123  0.26649881
  0.54269464  0.46130484  0.53978287  0.43370109  0.4738645   0.2187485
  0.35798339 -0.45492664  0.18231837  0.319903    0.06162065  0.44079279
  0.17389431  0.54587428  0.48623615  0.3837174  -0.11506587  0.41616837
  0.03755647  0.40329201  0.75768453 -0.31247836 -0.35115164 -0.16976297
  0.54586034 -0.26926252  0.31264943  0.49787442  0.10650147  0.74106549
  0.43087971  0.52530674  0.75101404  0.57256715  0.13525548  0.32702847
  0.21343156  0.2884102   0.41880621 -0.38811775  0.03966545  0.14323966
 -0.08605502  0.76408193  0.32704035  0.17635582  0.41562753  0.09983792
  0.32962099  0.54475329  0.10249107  0.60181331 -0.31407005  0.39842384
  0.34619142  0.46877825  0.58701831  0.56952293  0.22812727  0.52257632
  0.59613741  0.43072515  0.32110347 -0.25370004  0.21231166 -0.17076515
  0.42485755  0.19062972 -0.10786148 -0.05297874  0.01976649  0.66028884
  0.32564881 -0.23953644 -0.30030351  0.64269711  0.00807902  0.16834797
  0.47986069 -0.38096188  0.47943835  0.50182483  0.64207254  0.49406213
  0.35943473 -0.11285862  0.04110432  0.15990445]","[ 0.4847454   0.3674751   0.1190148  -0.37168159  0.2969202   0.15975401
 -0.32484055  0.46244602  0.37183241  0.43096987  0.35155076  0.36914612
  0.63760778 -0.14872088 -0.13384192  0.20534676 -0.25127295  0.39466801
  0.48828319  0.46226225  0.40689561  0.51772558 -0.31151196  0.45138365
  0.17974862  0.24083091  0.68054191  0.28535858  0.42007138 -0.18381283
  0.49599834  0.37644653  0.26242804  0.45231016  0.20463076  0.5034706
 -0.16736643  0.11877403  0.58935875  0.43353181  0.03082321  0.20638233
  0.48727953  0.24342579  0.16575796 -0.28518051 -0.39582083  0.43989394
 -0.0421366   0.66903602  0.55575053 -0.35854977  0.58809412  0.14274125
 -0.11151326  0.62598524  0.23567907  0.35696463 -0.02726915  0.37826439
  0.57948802  0.56272774  0.551142    0.58002157 -0.01093239  0.47891292
  0.57869433  0.22973737  0.38429019 -0.34550561  0.20804792  0.18335749
  0.51956535  0.2007012   0.09947549  0.0764885   0.16212918  0.55081506
 -0.0136665  -0.11847719 -0.48581061  0.53326692 -0.11690189  0.50407872
  0.18245303 -0.15842926  0.41214341  0.30507368  0.64051673  0.52199627
  0.40409449  0.42141454  0.00621677  0.00364639]","[-0.24028034  0.27513975  0.496743    0.28902689  0.56197523  0.41918079
  0.65442665  0.35861997  0.0944126   0.37914404  0.52266173  0.24397365
  0.49776601 -0.13809086  0.21967883  0.24085598  0.19300448 -0.45560263
 -0.13271721  0.16366976  0.27195922  0.23145024  0.07263803 -0.01998565
  0.29077212  0.21899127  0.54391678  0.55647493 -0.49953177 -0.343363
  0.01458315 -0.26922453  0.27398179  0.2889631   0.18705065 -0.01132293
  0.2289792   0.26314978  0.1638782   0.28084713 -0.2699536  -0.29148037
  0.33213745  0.0290717   0.46493346  0.08915144  0.20039497  0.22846899
  0.22641658 -0.17388449  0.33447079  0.29306412 -0.2226468   0.1296775
  0.45707238  0.46034053  0.23810975  0.14747391 -0.00458251  0.29194273
  0.07102828 -0.0379809   0.58596169 -0.48389633  0.42797067 -0.17790365
  0.28380021  0.63917954  0.16606154 -0.01710087  0.03448124  0.41636486
  0.46214571 -0.21567224 -0.0740302   0.1248235  -0.10956134 -0.29850903
  0.3372789   0.38124661 -0.10094937  0.25281029 -0.51870962  0.28274533
  0.45386486 -0.0280613  -0.06300707  0.1162987   0.40160371  0.66610375
  0.12092161  0.49184324  0.441322    0.13407819]","[-0.21872787 -0.25186458  0.38087068  0.2028517   0.18684404  0.19750873
  0.09863923  0.09709385  0.05562188  0.07696088 -0.27467788  0.23757676
  0.15154751  0.30412639 -0.17075455 -0.04550588  0.26330588 -0.13803362
  0.61841915 -0.33157125  0.29513888  0.27735027  0.11606947  0.18384303
  0.18522495  0.05056006 -0.01609246  0.45233402  0.14944446  0.29085792
 -0.17423145  0.34849922  0.18594309 -0.19201848 -0.09508258 -0.16371154
  0.28721044  0.00740107 -0.3070971  -0.01886344  0.0109974   0.0879704
  0.40416475 -0.05897881 -0.52147244 -0.28381719 -0.06858264  0.6343207
  0.15713954  0.54056333  0.02385176  0.37382305  0.37436064  0.39012646
  0.11271729  0.64121105 -0.36342279 -0.09696274 -0.23161961  0.08629335
  0.56188933 -0.24697842  0.19089597 -0.11309788  0.53534213 -0.28017967
 -0.01639477  0.38694    -0.10490059 -0.2180049   0.52865939  0.47887677
 -0.09050541 -0.25653118  0.26611066  0.38768386 -0.08984795 -0.37694617
  0.29000706 -0.00220556 -0.22060667 -0.21641839 -0.10656932  0.29866567
 -0.10762997  0.3613869  -0.11280155 -0.06949113  0.52896994  0.39669089
  0.5067006  -0.32035151 -0.05659004  0.25666017]","[-0.08068487  0.05837168 -0.25547841 -0.40773144 -0.02836511 -0.05822734
  0.41369683 -0.15316812 -0.30752766 -0.12704627 -0.55155257  0.22666431
 -0.23654177 -0.21333476 -0.29486386 -0.50508316  0.04030339  0.35937062
  0.13251199  0.26236099  0.58149378  0.32077608  0.3789747   0.06228795
 -0.10521665 -0.22705423  0.47401471  0.37037868  0.37685334  0.01349184
  0.14743904  0.19177408 -0.30226071  0.40712415  0.17019073  0.41494376
  0.35525648  0.27930944 -0.24193178  0.41559073  0.0857671  -0.03925658
  0.12762828 -0.23726043  0.58578722  0.37905565  0.07392689  0.03560786
  0.23896316  0.53175411  0.53198163 -0.16841504  0.17965501  0.11592741
  0.23005606  0.37697919  0.30106309  0.34823753 -0.40279864 -0.29459653
 -0.06918211 -0.09407543  0.51431114  0.24870035  0.26201013  0.20237892
  0.29313108  0.2444717   0.30652919  0.10621875 -0.11600427  0.24115879
 -0.0630743   0.40114946  0.13660664  0.31624127  0.3913877   0.59757792
 -0.07268912  0.28208715  0.28154435  0.65052521  0.36356615  0.26879766
  0.6798909   0.11881341  0.48688084 -0.04597937 -0.0440138  -0.48207747
  0.10076036  0.21515405  0.29610509  0.21157212]","[ 0.27456021  0.2130689  -0.02586757 -0.33697901  0.03054637  0.36488153
  0.54212974 -0.27957477  0.15972425  0.13826446  0.27404276  0.25978902
  0.24676986 -0.36991814  0.30822675 -0.22885237  0.30401567  0.18326955
  0.04624995  0.38593523  0.48119106 -0.10901002  0.14518276  0.21684478
  0.60792999 -0.04042127  0.68702407  0.38023157 -0.15347515  0.07331867
  0.24467199  0.54708005  0.53640388  0.50582134 -0.41978683  0.32528706
  0.34864065  0.46528831  0.09317501  0.689197   -0.35240191  0.13059762
  0.14548584 -0.13409899  0.46866092 -0.30162122  0.27047077  0.49339138
  0.1237584   0.23410113  0.60706977 -0.40769503  0.07768731 -0.1032622
  0.04150823  0.55656082 -0.04396676  0.27477253  0.06898141  0.37662187
 -0.16354818 -0.07913958  0.51371233  0.61854711  0.16858365  0.44326543
  0.34244562  0.09327053  0.23516484  0.20987037  0.51949677  0.61138221
  0.05538404  0.38025897  0.26067307 -0.22437644  0.17170274  0.42905092
  0.40875662  0.12917112 -0.03237654  0.07435134  0.15024695 -0.05673177
  0.33500713  0.60099039  0.37037694  0.31677519 -0.04355574 -0.33820792
 -0.16883264  0.66348314  0.45072692  0.27670046]","[ 0.53400795  0.18300954  0.35137944  0.06785355  0.25493688  0.07849088
  0.41463484  0.21635461  0.37236669 -0.23776304 -0.20489771  0.53028773
  0.11457948  0.05630625  0.45908162 -0.18162453  0.45724051  0.51245191
  0.2772615   0.29171987  0.2942438   0.53588484  0.59032111  0.54385522
  0.24935042  0.3797478   0.58673555 -0.03422077  0.33239741 -0.0703416
  0.3323686  -0.36578245  0.28528854  0.44493702  0.46653975  0.68987796
  0.11160426  0.60495354  0.65870502  0.61809753  0.34343723  0.5142902
  0.49820923 -0.27433595  0.63372885 -0.43243201 -0.44655074  0.36442158
  0.22560726  0.7537855   0.72499488  0.42239812  0.52587424 -0.11423767
 -0.22087738  0.38744486  0.23214837  0.3253509  -0.19430283  0.28829654
  0.11712631 -0.05382174  0.3474401   0.07786673  0.36599415  0.34980821
  0.40809407 -0.00393782  0.14367571  0.3327363   0.38265064 -0.45336679
  0.66759704  0.54538518  0.31670436  0.29278107  0.26886056  0.70538271
  0.54471195  0.12606058  0.21905619  0.67541618  0.09578678  0.44985341
  0.35347365  0.08176559  0.3874996   0.64437268  0.67901164  0.4443271
  0.42524736  0.16811587 -0.38268924  0.38359911]","[ 1.27876064e-01 -7.69893642e-03  3.91975353e-01  6.27722092e-02
 -2.82065065e-01 -3.11470008e-01 -1.53536106e-01  2.44508973e-01
  3.74357438e-01  5.20259733e-01  3.24145996e-01  2.45673824e-01
 -2.00902638e-01  1.61977602e-02 -3.55219303e-01 -3.18818889e-01
  1.37403001e-01  9.14676082e-02 -3.99927995e-01  1.34457365e-01
  1.69331898e-01  5.32935923e-03  2.89368597e-01  2.47108704e-01
  5.58437390e-01  1.60228511e-05  7.23454740e-01 -1.01800708e-02
 -7.40851748e-02  3.50002088e-01  4.53612201e-01 -1.27298122e-01
 -1.05191652e-01  6.27474595e-01 -4.14408663e-01  2.80105894e-01
 -4.97044667e-01 -6.27946642e-01  2.38088517e-01  5.55816477e-01
 -1.95756801e-02  6.03992665e-01  4.48767294e-01  2.71796305e-01
  7.05440413e-01  5.62335606e-01  1.09749622e-01  2.75170637e-01
  2.16417359e-01  5.49232235e-01  4.84071674e-01  1.10965863e-01
  5.50580413e-01 -3.08106708e-01  4.89272904e-01 -2.58064418e-01
  3.59555230e-01 -4.66698239e-01 -5.19794595e-02 -4.51763999e-01
  1.71903549e-01 -4.72901534e-01  1.53069805e-01  4.87960617e-01
 -1.39634714e-01  3.41107993e-01  4.42133000e-01  4.33681007e-01
  4.50470295e-01  1.85674071e-01  4.75296877e-01  5.77973567e-01
 -5.25541106e-01  1.33906708e-01  2.45135932e-01  1.15432967e-01
 -2.03369173e-01  5.95180343e-01  3.92724574e-01  5.42437008e-01
  1.42494402e-01  4.62988521e-02 -4.50440575e-02  2.13788153e-01
  7.56508897e-01  1.81920752e-01  1.79161174e-01  5.64797549e-01
  5.27699392e-01  6.84131976e-01  2.47736398e-01  1.75592654e-01
  8.53938152e-02  1.99426296e-01]","[-0.01020761  0.395348    0.38937634  0.63281106  0.48123828  0.26674949
  0.76116469 -0.10067272 -0.2807072   0.0223183   0.54033627  0.46192868
  0.57745993 -0.21148678  0.48582711  0.2019985   0.4649933   0.13220491
  0.57575068  0.4928418   0.17584741 -0.08401465  0.34105384  0.02481434
  0.39215319  0.16234624  0.4568163   0.65199098 -0.07134218  0.27395166
 -0.25589303  0.42144589  0.33879314  0.54962481  0.50643148  0.66156793
  0.55237569  0.46615462  0.24635596 -0.0046794   0.33531887 -0.20021789
  0.32909442  0.24792902  0.61021277  0.57462662  0.48059933  0.4086614
  0.49437194  0.12687897  0.05437226  0.51021486 -0.18327989  0.56527939
  0.57794785  0.11597322  0.17319247  0.40761688  0.04544369  0.33366137
 -0.12700042  0.04693312  0.21234833  0.36969498  0.51246075  0.03861496
  0.20344832  0.7035898  -0.03942804  0.18162388  0.08338168  0.4670337
  0.50607833  0.11388203  0.60799633  0.16568235  0.08679184  0.45662901
  0.6160768   0.37537703  0.32931704  0.50786771 -0.38451612  0.385968
  0.73353696  0.66759086  0.21749148  0.28240553  0.42736255  0.44607118
 -0.01813458  0.38071785  0.59850664 -0.06721068]","[ 0.26537986 -0.21683727  0.51666192  0.00673146  0.38342803  0.43181427
 -0.03029401  0.15752245  0.321789    0.39491353  0.1434687   0.46920221
  0.37347652 -0.08787403 -0.00177557 -0.42913605  0.26000102  0.21593853
  0.19895626  0.36565436  0.56592355  0.42416136 -0.30806818  0.35848296
  0.52984007  0.05695201  0.46352849  0.35644876 -0.02474667  0.18469026
  0.48071857 -0.13514124  0.43991338  0.3432302   0.35777264  0.45598444
 -0.42571327 -0.059367    0.3656286   0.63766294  0.14889699  0.30465693
  0.70711283  0.30566404  0.81203654  0.50522649  0.25191856  0.03750601
 -0.03104471  0.75564087  0.45161006  0.26733703  0.53038584  0.06188207
  0.32357505  0.68084264  0.33847615 -0.238988    0.16331055  0.10902852
  0.59340278  0.28324403  0.46072457  0.74644389  0.39641822  0.45871222
  0.31523167  0.04496853  0.20758013 -0.15068607  0.6452247   0.56054353
 -0.14831384 -0.47792634  0.47667133 -0.05139724  0.39893864  0.14630202
  0.55506334  0.01862895  0.21337262  0.50746758 -0.31156413  0.21081024
  0.46668603 -0.46190503  0.08663209  0.52575641  0.57514035  0.12240346
  0.23532486  0.13809037  0.11516234  0.1262793 ]","[ 0.6577827   0.1577588  -0.4138495   0.06793584  0.23436057  0.23325885
  0.60620229  0.37378702  0.3778363   0.0942892   0.29829141  0.01467755
  0.21468567 -0.32968385 -0.02475265  0.19844053 -0.45888113 -0.080755
  0.17023612  0.4044516   0.44088309  0.13629735 -0.24068934  0.25318486
  0.1507194   0.33867163  0.52508953 -0.15155402 -0.44637059  0.00620865
  0.45392883 -0.24634219  0.39241739  0.29256998 -0.07124922  0.54579628
  0.18629355 -0.46318103  0.68063877  0.30507602  0.07314934  0.20956313
 -0.13332629  0.1183243  -0.35475925  0.19485326  0.12682474 -0.23928599
 -0.05649145  0.70223096 -0.21795322  0.14954639  0.30143208 -0.13172813
 -0.3119266   0.51236367 -0.3638965   0.41819187 -0.04020616  0.10887727
  0.33299858  0.3518372   0.54756559  0.23587304 -0.43951952  0.38003697
  0.03611088 -0.24504956 -0.00972969  0.00796418 -0.2497843  -0.08359671
 -0.39291138 -0.29275521 -0.43452546  0.26809762 -0.06624421  0.58038867
 -0.09008303 -0.19899616  0.27119971  0.55425532 -0.31708069  0.14371947
  0.3805696  -0.50606035  0.34666279  0.4854715   0.66760281  0.43496705
 -0.00686326  0.39354523  0.01509378 -0.12683765]","[ 0.56357376 -0.07454347 -0.31326565  0.33279582  0.56425736  0.21064792
 -0.04320863  0.40494244  0.27313407  0.45076222  0.34256088  0.40422647
  0.48555129  0.12084996  0.13948842  0.3023224   0.52543328  0.24102187
  0.28393531  0.55545563  0.54240528  0.46208486  0.01153743  0.13817783
  0.42917131  0.25128422  0.67078708  0.36473215  0.35363187  0.3559735
  0.24362656 -0.03225558  0.23071926  0.50818829 -0.1206855   0.51395792
  0.12575905 -0.2431437   0.55942304  0.44483297  0.02136602  0.320856
  0.19134783  0.32514639 -0.05313532 -0.09313373  0.1197077   0.25718223
 -0.08227717  0.68027359 -0.17469765  0.46047562  0.58308653  0.37976397
  0.10165943  0.66296213  0.04360503  0.46915382 -0.01031318  0.21870435
  0.58459381  0.47995712  0.53148963  0.26827159  0.27480428  0.47292558
  0.48045449  0.29459254  0.59222557  0.37731386  0.26193564  0.1685157
  0.61034463 -0.25157242  0.39096992 -0.01210764  0.00490009  0.53094869
  0.60563764 -0.23537281  0.14378565  0.4263987   0.04935395  0.6061123
  0.04658908 -0.01422693  0.45675284  0.57313504  0.66912239  0.39854689
  0.07361608  0.56015416 -0.16657323 -0.13993322]","[-0.26607642  0.23021817  0.22026238  0.46044635  0.69990629  0.33046266
  0.69445373 -0.03724295  0.17218937  0.17222234  0.56504829  0.40847471
  0.45527399  0.21858312  0.25551134  0.13948926  0.44215775 -0.15459076
  0.56353974  0.44659752  0.20131755 -0.26827431  0.333251    0.08736278
  0.3055337   0.33391145  0.54357392  0.58889725 -0.37815869 -0.26470461
 -0.1424442   0.12730736  0.21139609  0.1786882   0.37171712  0.54412897
  0.38880249  0.31877364  0.19186244 -0.28527442  0.020119   -0.19855988
  0.63639672  0.21520108  0.58156674  0.36409805  0.36910919 -0.03779471
  0.49718044  0.0955057   0.15173991  0.17625078 -0.14719346  0.5671986
  0.55176569  0.27638624 -0.09649135  0.50174337  0.1528439   0.31574626
  0.06977189 -0.42249491  0.40711738  0.19369489  0.5745088   0.33702415
  0.06946144  0.62702386  0.22178891  0.21458557  0.12877524  0.3161003
  0.52028265  0.46094484  0.64947108  0.22548579 -0.25244918 -0.11311564
  0.52861705  0.60684052  0.25466255 -0.42922375 -0.37849789  0.29153655
  0.57774205  0.45833706 -0.09718536 -0.19638661  0.38927144  0.41823205
  0.02969983  0.58642743  0.37618013  0.11353957]","[ 0.22010391 -0.10833317  0.4551787   0.14455557  0.09829125  0.27393301
 -0.04178981  0.36218896  0.20385895  0.10352359 -0.00646482  0.324572
  0.29556142  0.37491985  0.0767163   0.0229359   0.49883653  0.36834155
  0.55778073  0.2041332   0.19422284  0.21653374  0.33936265  0.08686255
  0.49657574  0.06438162 -0.0596655   0.60629518  0.2402199   0.30854866
  0.25819149  0.46843231 -0.20828665 -0.4618825  -0.01729223  0.35358077
  0.08859315 -0.45765972 -0.11852279  0.22697014  0.13196743 -0.2203933
  0.50928114  0.13249795 -0.42499823 -0.2492922   0.28862191  0.5023365
  0.24279464  0.46633635  0.1571836   0.47075513  0.44797457  0.46888158
 -0.25724666  0.77122626 -0.1480424   0.0436843   0.18428628 -0.029704
  0.58828598 -0.51142834  0.30456401  0.23398951  0.44628517 -0.32197843
  0.20307361  0.50508651  0.27347674  0.0019163   0.36950029  0.3124755
  0.39676266  0.15424774  0.443723    0.32019927 -0.03560087 -0.15046929
  0.28464349 -0.0799981  -0.15534198 -0.09998961  0.02580431  0.51531465
  0.2761986  -0.02917259  0.17353821  0.07079116  0.60756833  0.32398007
  0.12040523 -0.29484687 -0.26799444  0.31793156]","[-0.2663492   0.14806612 -0.17805374 -0.12982504  0.36228401  0.13427279
  0.4639616  -0.13150715 -0.46269132 -0.19476033  0.28716002 -0.02809737
  0.335592   -0.48884607  0.13224852 -0.30425422 -0.07869429 -0.31026674
  0.16919738  0.31523896 -0.38120602 -0.21984231 -0.05723408 -0.06327578
  0.32671165  0.01340881  0.54555419  0.13079211  0.33492973 -0.05865633
  0.34949247  0.53689706  0.35726922  0.33455299  0.14488115  0.2380151
 -0.30473667  0.1122896   0.01466411  0.56238259  0.00204041 -0.02637897
 -0.15763965  0.05804498  0.56892389  0.24605614  0.15576867  0.13973411
 -0.1318659   0.19806036  0.32829033  0.17807262  0.11815112 -0.11833772
 -0.14888074  0.41991316  0.219246    0.00102518  0.05101393  0.29343057
 -0.11859823  0.26704504  0.64961835  0.30423467  0.2904366  -0.026633
  0.42794191 -0.1626306   0.36508889 -0.24854761 -0.21330878  0.3601813
  0.16095769  0.19830086  0.34757267  0.29003386 -0.03360118  0.4306696
  0.12176324 -0.27211464 -0.32825031  0.20890551  0.29023302  0.21508009
  0.35817296  0.38264198  0.27471849  0.37683766  0.05886779 -0.29390299
 -0.51201933  0.07558712  0.17683945 -0.47170619]","[ 0.00927938 -0.05745084  0.13482711  0.2872422   0.42268669  0.4823721
  0.57555707 -0.21401258  0.112659    0.37846277  0.47648464  0.45336038
  0.24955858 -0.40880903  0.60623203 -0.271691    0.16966669  0.43733574
 -0.10761398  0.36921555  0.30373354  0.07032545  0.01427372 -0.37124601
  0.54259694  0.17457423  0.43586519  0.20429336 -0.18900699  0.16875713
  0.48266549  0.38791488  0.81197495  0.02498746 -0.31561304  0.53259491
  0.42667146  0.01250127  0.60385729  0.6822903   0.29864869 -0.32003367
  0.23836424  0.01698659  0.44458568  0.26321471  0.39048062  0.44768792
 -0.01217195 -0.05889974  0.24186678  0.40371055  0.19883733  0.17350475
  0.3247627   0.36058768  0.21508759 -0.04788377  0.56168015  0.51211772
  0.02331574  0.35620496  0.39126181  0.37752928  0.27745386 -0.39722864
  0.34570546  0.12261442  0.37745131  0.47651953  0.54258532  0.62365968
  0.44052494  0.15763312  0.56213018 -0.14973715  0.5743685   0.02868045
  0.64951032  0.2991751  -0.27206745  0.3058881   0.51453018  0.37123557
 -0.45770158  0.71109023  0.46257576  0.28026482  0.37905004 -0.10660483
  0.27848896  0.78723515  0.59394806  0.08491114]","[ 0.16713985  0.20591362  0.14363945  0.19673359  0.35916805 -0.02039766
  0.38676446  0.18142065  0.20560057 -0.27427473 -0.1568806   0.46179624
  0.29375889 -0.32554095  0.20430507  0.31556246  0.09329332  0.41129135
  0.09789272  0.2473503   0.33863609  0.47321843  0.59707954  0.46267642
  0.19406718  0.38414806  0.67750573 -0.05340371  0.17551275 -0.04939072
  0.40078495 -0.43102518  0.1087567   0.46374804  0.50035137  0.66945398
 -0.24770373  0.34032809  0.36680855  0.61319769  0.11463989  0.53385474
  0.19543375 -0.14934791  0.58589254 -0.11194011 -0.08612199 -0.23212123
  0.43219089  0.79791778  0.6329052   0.20372679  0.46923156  0.16527092
 -0.11262886  0.53437764  0.2325755   0.18166812 -0.00132198  0.31946447
  0.42201164 -0.14895382  0.62746905  0.16307965  0.29714379  0.32629954
  0.21421188  0.29507612  0.24729759  0.14332671 -0.12906791  0.14382423
  0.0476572   0.34450542  0.15410994  0.18246649  0.17848754  0.66705436
  0.25158295  0.14098959  0.03038176  0.75630513  0.10869863  0.47321955
  0.07875075 -0.26567338  0.2559592   0.68508519  0.6557035   0.33748206
  0.46466324 -0.0649542  -0.21246181  0.32632862]","[ 0.42006343  0.31127154  0.10984785  0.11842776  0.2714701  -0.07852462
  0.24682625  0.20138551  0.03269583  0.5308541   0.37305904  0.30161573
 -0.48138044  0.36559662 -0.06258799 -0.21409276  0.11312209 -0.03525571
  0.6280109   0.03012736 -0.22328862 -0.1277533   0.4203758  -0.22364973
  0.23394639 -0.09620119  0.21803288 -0.15801576  0.54593214  0.10979756
 -0.15256307 -0.32834468 -0.1985199   0.03759908  0.15593015  0.02353151
  0.30650493 -0.40203361  0.28724568  0.1755037   0.10747736  0.29788102
 -0.20309335  0.31246478 -0.09448666  0.24306502  0.35281317 -0.22296349
 -0.10004975  0.3670874   0.08158333  0.28095109 -0.24307287  0.07543299
 -0.13597876  0.18627543  0.24819774  0.09712297  0.19456441  0.32258632
  0.31484201  0.092432   -0.06011206  0.19067664 -0.22825035 -0.33278004
 -0.12535165  0.01730549  0.17553437  0.25335837  0.62901677 -0.32297784
  0.58749786 -0.46664964  0.3933484   0.34531166 -0.09070942  0.10261993
 -0.03388066 -0.12227939 -0.29031612  0.14953374 -0.08858892  0.44762578
  0.11971087  0.09825883 -0.00461397 -0.38312487  0.34557522 -0.36115754
  0.09467917 -0.10770556 -0.50491747  0.21226217]","[ 0.41883805  0.04039391  0.38191492  0.49036619  0.47319501  0.40533513
  0.56929577  0.67866269  0.47305187  0.45481834  0.18340697  0.38960812
 -0.02795658 -0.41243393  0.36665533 -0.22987524 -0.51229617  0.42390462
 -0.15294974  0.50540189  0.53451472  0.45075048 -0.25048722  0.1243735
  0.48017518 -0.21494217  0.46482108 -0.03060709  0.22256071 -0.56024279
  0.46067641  0.49003756  0.2505264   0.49480371  0.29475131  0.61851211
  0.7044565   0.4403645   0.7540033   0.73823421  0.02346201 -0.53536354
  0.48045379  0.21503768  0.79196531 -0.01025477  0.38813216  0.26641827
  0.26334914  0.63343462  0.31984532 -0.03593059  0.50328974  0.04976276
  0.41462771  0.64536027  0.33639252  0.56264326  0.15908121  0.38309068
  0.45435821  0.27556903  0.62160824  0.24191211  0.32861579  0.38336883
  0.59705136  0.35040168  0.52533817 -0.37827697  0.2811976   0.31181214
  0.29337493 -0.12940565 -0.0567822  -0.19578862  0.21619586  0.81189352
  0.30373986  0.1061501  -0.15510861 -0.60984048  0.61040761  0.26062993
  0.24173601  0.49659174  0.41043566  0.60809449  0.60891526  0.31169169
 -0.47327746  0.42701793  0.27415282 -0.25273541]","[ 0.57192661  0.30719008 -0.11192133 -0.10627767 -0.07452139 -0.2293815
  0.60602582  0.44189353 -0.13670407  0.3367128   0.49572673 -0.16060859
  0.19328563  0.06127432  0.22545645  0.42116064 -0.06029525 -0.15510424
  0.57061172  0.67021935  0.5663848   0.41280276  0.36965958  0.4149329
  0.48365798  0.39396322  0.63079657 -0.15641435 -0.07162751  0.32824716
  0.51478244 -0.43968164  0.13840359  0.62014194  0.4099931   0.80136077
  0.46187311  0.64373188  0.72954077  0.58537052  0.31940757  0.59672992
  0.52761402  0.39123157  0.73644076  0.27975722  0.37349433  0.45403573
  0.56196439  0.76274791  0.67359725  0.33854594  0.09503986  0.44751179
  0.65554074  0.50225322  0.1459724   0.18523635 -0.34296799  0.38320012
  0.40590698  0.3494562   0.39336257  0.36870758  0.19126797  0.45186532
  0.64770096  0.46892602  0.3028813  -0.25374202  0.41900045  0.28037332
  0.32814579 -0.44760105  0.25031779 -0.08893246  0.02266329  0.78161111
  0.47159265  0.28540871 -0.28390386  0.59373859 -0.08056933  0.62286673
  0.76898393 -0.38210924  0.3547529   0.37159675  0.45560829  0.07386414
 -0.45257122  0.31028431  0.30441935  0.14557142]","[ 0.36320103 -0.37125627  0.57252516 -0.33809366  0.19362113 -0.08953719
 -0.04039676  0.2155012   0.53889689  0.10869876  0.57458322 -0.32892598
 -0.00837999 -0.28127923  0.23431839  0.44709707 -0.03925832 -0.25913287
  0.5272094  -0.2216215   0.46470485  0.40728978  0.41591439  0.109824
 -0.14465772  0.31684514  0.68971157 -0.53023892 -0.362268    0.37846141
  0.48820351  0.07981129 -0.28125491  0.32596623  0.22660565  0.69212456
  0.55225866  0.55076184  0.41813796  0.50188879 -0.15645047  0.2152087
  0.23016275 -0.29691486  0.28390212  0.29857319  0.21929673  0.24235753
  0.19258589  0.61079555  0.52572156  0.22532444  0.50572855  0.49192846
  0.0557804   0.43335264  0.19148914  0.42650769  0.39837153  0.47356325
  0.14335534  0.15301411  0.43045684  0.48592343  0.49606178  0.41287463
 -0.56693863  0.14290013  0.35572111  0.67741036  0.37185851  0.30973843
  0.06545491 -0.07552639 -0.61800143 -0.31025202 -0.30862894  0.62720392
  0.26537714  0.37367407 -0.11775194  0.5234305  -0.24122563  0.41627598
  0.31158945  0.20254166  0.02589913  0.46704039  0.12333807  0.33301394
  0.03821244  0.07639721 -0.36356399  0.21816339]","[ 0.50756394 -0.3790533  -0.12570934  0.39123919  0.48124774  0.00648889
  0.25856529 -0.01713453  0.11749885  0.45381383  0.28009802  0.35102026
  0.30143682 -0.01081548 -0.22516279  0.41888281 -0.01880362  0.48953151
 -0.0078309   0.1002641   0.29488594 -0.32350365 -0.24829961 -0.00309202
 -0.14114596 -0.00647488  0.26686294  0.03721378 -0.27739688  0.36521106
  0.33028253  0.04242843  0.15901587  0.28344383  0.3135623   0.51631349
 -0.04924056  0.36371365  0.14443592  0.44243768  0.53604513  0.29433145
 -0.14569407 -0.2200611   0.43814401  0.17772142 -0.36340604 -0.452289
  0.31772793  0.73940591 -0.11648709  0.40364249  0.54520277 -0.19072871
 -0.32809333  0.26982671  0.11675684  0.26035543  0.04272268 -0.37568039
  0.04387508  0.26449235  0.49085476 -0.13922325 -0.2072555   0.10481014
 -0.28601846  0.02571546 -0.17404301  0.1044128   0.57541164  0.33278907
  0.18108318 -0.09593973  0.60943174  0.25096034  0.10602685  0.47014133
  0.57480606 -0.16289096 -0.37901031  0.43651282  0.33869338  0.22103156
  0.02448939 -0.30840647 -0.24056409 -0.30341393 -0.0750957   0.31826818
  0.25060162  0.21823754  0.53517922  0.21911703]","[ 0.30411294 -0.45158116  0.02633722  0.32212234  0.80183474  0.45307907
  0.60333186 -0.10872314  0.32159786 -0.04972249  0.31130817  0.21860082
 -0.33371753 -0.29714943  0.35025898 -0.27006985  0.57168399 -0.07944594
 -0.22861773  0.29157496  0.48078236  0.54918955 -0.42167691 -0.17853659
  0.58771948 -0.04483598  0.08342618  0.34467437 -0.08008899  0.423296
  0.33191775 -0.06522333  0.53456731  0.23728231  0.42876542  0.10334502
  0.40641045  0.38088059  0.48003945  0.64578846 -0.24480943  0.01371386
  0.27310038 -0.28231793  0.79364797  0.28137423  0.63767886  0.20971693
  0.51758335  0.72978837 -0.37733682  0.62859535  0.16617577  0.08640285
  0.44575374  0.58489867  0.06866953  0.47836267  0.07442667 -0.20065475
  0.23194268  0.40848161  0.4492196  -0.41009845  0.70620867  0.25980664
  0.2226521   0.0943306   0.13161501 -0.64168018  0.56778024  0.58976396
  0.39983873  0.18398333  0.73812111 -0.05910956  0.16123009 -0.06928423
  0.11647986  0.44153778 -0.14663243  0.01054808  0.00241945  0.09330789
  0.02038895 -0.01234027  0.52805289  0.4989527  -0.12752423  0.00825218
  0.58356518  0.30436927  0.64381206  0.50487439]","[ 0.42312129 -0.48301373  0.4349767   0.43406603  0.64560076  0.26570027
  0.47054482  0.41263807  0.40064907  0.27627759  0.1800264   0.3123573
  0.25114171  0.29689158  0.16581589  0.23554199  0.03186336 -0.44567423
  0.34385646 -0.08731437  0.30120348  0.20808703  0.41310447 -0.01633122
  0.29479499  0.12791491  0.48659981  0.49344797 -0.23417121  0.19289974
  0.21687877  0.05142901  0.31038242 -0.12835933  0.47520884 -0.24117999
  0.43316047  0.17775518  0.46071213  0.44991373  0.29264312  0.45442108
  0.06993316 -0.31546339  0.58546368  0.43730754  0.6867373   0.46384924
  0.424247    0.46902425 -0.25670149  0.32622129  0.53950213 -0.19588021
 -0.29176443  0.49864971  0.40988166  0.22949074  0.58568954  0.32692258
 -0.11220128  0.30682151 -0.29825375 -0.28037984  0.72911461  0.13298731
 -0.42139386  0.56161202  0.41260915 -0.19613956  0.63263419  0.39266861
  0.68115029 -0.06417474  0.33110794  0.38949298  0.14477487  0.33726441
  0.17319244  0.61406736 -0.06809108  0.20051051  0.04537646  0.34794774
 -0.0376602  -0.13434665 -0.00920604  0.12903542  0.37796918 -0.00916356
  0.34207496  0.48490331  0.2513297  -0.09186384]","[ 0.17257567  0.2550831   0.42419917  0.40959135  0.65919487  0.58618876
  0.25639925  0.49737438  0.54203525  0.41821856  0.20123818  0.25986631
 -0.30450539  0.30626228  0.25163269 -0.25812923  0.50527759 -0.22140765
  0.14607052  0.25918069  0.36057251  0.33257674 -0.18904276  0.28070381
  0.15421163  0.4368549   0.17417441  0.5178428  -0.46741474  0.03717659
  0.28446388 -0.40761053  0.13410575  0.34232511  0.55625015  0.70434272
  0.39485524  0.19047473  0.58555807  0.65890332 -0.09412913 -0.01799128
  0.50770362  0.2774061   0.3729373  -0.02118318  0.49333583  0.29332216
  0.42770653  0.21472293 -0.5619303   0.18362654  0.32441448 -0.13883818
 -0.3608734   0.54578634 -0.22239681  0.12739519  0.29194384  0.00267906
  0.43131619  0.42929381  0.52093806 -0.16799978  0.64608273  0.63800369
  0.31709256  0.48188586 -0.48434197 -0.17580344  0.63308241  0.74294975
  0.2914798   0.49386696  0.42700589 -0.18595383  0.38550178  0.22723576
  0.32914467  0.69586766 -0.14162697 -0.39378908  0.01209116  0.39165118
 -0.24801733  0.50612556 -0.07933299  0.67533724  0.08142879  0.35400694
 -0.15280815  0.56412129 -0.02317378  0.51664679]","[ 0.42426663 -0.28017171  0.52538362  0.5048396   0.65920846  0.49973349
  0.15789151  0.39585352  0.21613058  0.0477158   0.15893037 -0.06641094
  0.1609105   0.32863837  0.22458531 -0.12920651  0.63843719  0.04951167
  0.48352793  0.16665264  0.30187844  0.13705822 -0.15373758  0.24164456
  0.41532727  0.3540263  -0.20234119  0.4110959   0.07096316  0.62607579
  0.30333282  0.08254518  0.62083979  0.40263245  0.42585973  0.1532883
  0.32781563  0.22377016  0.54473043  0.22827018 -0.00329118  0.26952634
  0.26185635 -0.28523228  0.54103179  0.12411538  0.59754831  0.51436794
  0.24928546 -0.07372271  0.00559408  0.25199086  0.54158668 -0.21304217
  0.11832724  0.51332832 -0.09281328  0.51758835  0.55548965 -0.14905833
  0.27616032  0.60293903 -0.18473525 -0.37803489  0.62999121  0.30098117
  0.05284377  0.56256369 -0.19662036 -0.10058004  0.66874613  0.59664211
  0.59026341  0.0539669   0.56809068 -0.15663317  0.17525642  0.58021871
 -0.33710697  0.34839799  0.35843951  0.43612435 -0.11240135  0.23773611
  0.36823029 -0.16288687 -0.1820867  -0.28512503  0.33085232  0.21176437
  0.21848332  0.59746623  0.47997552  0.39820374]","[ 0.32906017  0.29819546  0.12860493  0.44176469  0.63610087  0.37274378
  0.49650724  0.38725977  0.2741996   0.12688154 -0.04725097  0.33427943
  0.31136913  0.30271286 -0.297848    0.1360394   0.42330146 -0.01924977
  0.35074929  0.35274614  0.42869633  0.32750164  0.21189782 -0.1775545
 -0.03932448  0.25177613  0.30922923  0.50257726 -0.07713045  0.148826
  0.32572212  0.19833597  0.18290747  0.15433288  0.29195528  0.52986072
  0.33814436 -0.33049438  0.40501342  0.5315829  -0.41624795  0.54769405
  0.28641032 -0.02976535 -0.0730582  -0.00241805  0.70277094  0.23277353
  0.01465249  0.39592387 -0.38655909  0.5063908   0.49990378 -0.17028872
 -0.17416451  0.45698392 -0.37925312  0.64242489  0.1779991   0.20146513
  0.4453581   0.71614538  0.39026807 -0.30862433  0.56874462  0.00294533
 -0.20939717  0.3686925  -0.09753922  0.3159539   0.68546767  0.7925331
  0.6527945  -0.20427355  0.67033759 -0.30439707  0.13906806  0.64976721
  0.41469368  0.28470065  0.36002614 -0.12573793 -0.11043847  0.01931183
  0.57715668  0.45683555  0.14305205  0.04256739 -0.31079218  0.55463346
  0.58173739  0.62798433 -0.05572961  0.67209629]","[ 0.17334703  0.05878773  0.28792695  0.60042755  0.56330191  0.26513235
  0.45783436  0.58166419  0.39808094  0.24583703  0.41111227  0.08842288
  0.39611836  0.50052665 -0.00890284  0.13415166  0.51823228  0.19690071
  0.30438482  0.50644028  0.42190536  0.23010124  0.08622468 -0.07491375
  0.65712616  0.39036529  0.42685618  0.71863823  0.29861298  0.01867552
  0.04690169 -0.12207505  0.45802108 -0.15421776  0.37012704  0.48482826
  0.09424903  0.40296952  0.39627107 -0.11870147 -0.05550512 -0.25175368
 -0.21425554  0.54278714  0.23090929  0.07712024  0.50747599  0.55629265
 -0.30325105  0.2060446   0.13842407  0.44529736 -0.20757309  0.43348927
  0.09412662  0.66212104 -0.33502688  0.4205067  -0.29130115 -0.21503033
  0.31277416  0.76983414  0.42143279 -0.11053087  0.62522486  0.16179194
  0.48771955  0.57715177  0.08241644  0.37823287  0.37701911  0.61938457
  0.73275823 -0.06010264  0.44832047  0.27074212  0.31840569  0.07391714
  0.34345218  0.51938729  0.29675439  0.44101341  0.26490591  0.38115894
  0.35949821  0.43193556  0.11436366  0.5777606   0.57006687  0.19678802
  0.46419281  0.61787546  0.2810021   0.68158626]","[-0.0194964   0.23208123 -0.39067346 -0.0016198   0.70730167  0.65145557
  0.69285166  0.09692469 -0.23054173  0.57108579  0.6693266   0.58276761
 -0.38696986  0.550896    0.44093646 -0.41403294  0.62901387 -0.58162618
  0.47279585  0.40067332  0.35156938  0.60791324  0.70932797  0.07652165
  0.40747264  0.754418    0.1988729   0.34773009 -0.54836674  0.49219962
  0.31342116  0.64600061  0.55778082  0.64625613 -0.03509873  0.76498175
  0.48392461  0.71308422  0.63857031  0.63518456  0.45058533  0.53043016
  0.43620065  0.46847849  0.71375385  0.48817573  0.51658684  0.73180907
  0.4627075   0.13819148  0.7246384   0.81696948  0.67756871  0.70785724
  0.02999866  0.51047273  0.5085945   0.47498828  0.42533579  0.35416042
  0.12368741  0.66700942  0.45606673 -0.3087236   0.51630895  0.35449506
  0.15534917  0.43730708  0.34267242  0.70684325  0.75000995  0.54100419
  0.74581223  0.11232588  0.7401592   0.36769225  0.62546343  0.26061175
  0.64271011  0.27516813  0.39833943  0.34716754  0.14968479  0.46578454
  0.78298113  0.74183667  0.76057483  0.32749243  0.16632201  0.59167298
 -0.37515538  0.62719171  0.43187572  0.80194895]","[ 0.20300474  0.24650042  0.71439021  0.64397292  0.68304409  0.55224899
  0.60193363  0.31279367  0.19966218 -0.01429454  0.447546    0.54344474
  0.42956792  0.60045348  0.42875405 -0.32437934  0.77659504  0.09164636
  0.43294588  0.38707836  0.42585698  0.54020264  0.44124003  0.14715621
  0.0896697   0.51347115  0.48397251  0.56362504 -0.24448001  0.51802191
  0.18417564  0.60665109  0.40454664  0.30928081  0.46390811  0.72354606
  0.47693202  0.42011268  0.47072303 -0.43774725  0.10281187  0.66741565
  0.63591975  0.50884406  0.29980147  0.03004496  0.67556213  0.57080909
  0.33721292  0.0834654   0.51094922  0.25983716  0.44999638  0.50855476
  0.61507259  0.58157957  0.46765807  0.59233218  0.31438013  0.61467446
 -0.32958204  0.72518062  0.55865994 -0.08427401  0.72065703  0.31517549
  0.33736249  0.62225191 -0.01966038  0.14656029  0.786011    0.74586003
  0.78447691  0.41343688  0.70531671 -0.41659215  0.07926542  0.5294104
  0.32764302  0.62513298  0.63306324  0.44998549  0.394138    0.40562201
  0.58475275  0.36543516  0.30913549  0.70368532  0.50530006  0.67432498
  0.53041782  0.72830964  0.24117414  0.60107252]","[-2.07798840e-01 -2.88790861e-01  2.92218333e-01  4.09359811e-01
  7.65746743e-01  8.44916528e-02  6.24017178e-01  3.22480938e-01
  2.22623947e-01  1.86413481e-01  6.08984068e-01 -1.88486512e-02
  3.77017424e-01  2.28035144e-01  3.70926345e-01 -2.98476687e-02
  7.57248264e-01 -1.31570625e-01  6.10800414e-01  2.77994517e-01
  4.00173841e-01  5.21812873e-01  2.54327473e-01 -1.54330305e-01
  4.87677924e-01  2.13928423e-01  5.77922810e-01  3.79023089e-01
  1.90456756e-01  3.29932681e-01  3.35520971e-01  4.92393095e-01
  4.37981098e-01  5.53263117e-01  2.97317249e-01  1.88127905e-01
  2.74648826e-01  5.75785272e-01  3.69936126e-01  3.40757104e-01
  1.49899647e-01  4.59420223e-01  5.12815590e-01  1.21937552e-01
  6.24933321e-01  4.49417064e-01  4.81265344e-01  9.87010177e-02
  6.71740409e-01  3.05093515e-01  2.19577921e-01  3.73204073e-01
  7.03681538e-01 -4.11679611e-01  3.86165472e-01  5.74861339e-01
 -1.62510338e-03  4.16004568e-01  2.32562799e-01  3.35730988e-01
  1.98469861e-01  6.86555744e-01  1.18847628e-01 -2.74247311e-01
  6.23555768e-01  3.73505790e-01  4.37278995e-01  6.27394390e-01
  5.01275132e-01 -1.38159809e-01  5.67020047e-01  6.07924861e-01
  5.77590290e-01  4.66341693e-01  5.07694383e-01 -2.84868978e-01
  1.88241220e-01  3.79852894e-01  2.94262051e-01  5.37627913e-01
 -8.28791688e-02  2.09236455e-01  1.30274228e-01  3.37286060e-01
  2.80252457e-01  2.84407469e-01 -2.46661728e-01 -1.35052448e-04
  4.45215159e-01  6.37202964e-01  3.54924442e-01  5.21795615e-01
  3.34826985e-01  4.24307816e-01]","[ 0.46558212 -0.07361612  0.05884803  0.61899146  0.7718944   0.64777689
  0.70309212  0.20766529 -0.18739537  0.45646249  0.63937059  0.35857673
  0.44871106  0.37034262  0.45171452 -0.28339094  0.72792738 -0.1333731
  0.18413291  0.13584337  0.50580038  0.60962449  0.57182743 -0.1733054
  0.55340735  0.45959033  0.33018592  0.54787942  0.00894016  0.65444556
 -0.15071638  0.51250804  0.63178628  0.27023778  0.41715084 -0.29923339
  0.09637347  0.55293289  0.21915532  0.39322403  0.28158405  0.51262156
  0.41322604  0.39409745  0.68204898  0.62130645  0.63427048  0.17297167
  0.56794732  0.56218195  0.45190257  0.73430027  0.67761833  0.41671998
  0.4584934   0.65411515  0.57493536  0.24076671  0.53044803  0.10345486
  0.15281449  0.42188346  0.00158713  0.51720687  0.6830952   0.66324612
 -0.06054878  0.58128032  0.08462877  0.21891487  0.77302126  0.44996546
  0.6731445   0.57808815  0.68445362  0.33328058  0.30271171  0.48208697
  0.566671    0.53886687  0.34221408  0.11900695  0.41764672  0.38970695
  0.32747546  0.5648399   0.56988725 -0.01363045 -0.18196851  0.58251703
  0.68749996  0.58679376  0.33637898  0.57403389]","[ 0.55464563 -0.40803461  0.33872663  0.20607134  0.47048894  0.25803121
  0.36962969  0.48322674  0.33204853  0.20429461  0.49119998  0.31668867
  0.44909881 -0.46195033 -0.1962246   0.23103083  0.40061393  0.03697842
 -0.3437752   0.16932275  0.30066098  0.39230077 -0.35261128  0.24317052
  0.31585388  0.46363538  0.76168963  0.35832305  0.50350874  0.43881902
  0.38011783  0.48200463 -0.15250057  0.69618926  0.32330065  0.55298961
  0.48933305  0.36231623  0.73529082  0.40474232  0.2588679   0.00993745
  0.44156843 -0.07824057 -0.07314973  0.24979999  0.252522    0.14491459
  0.10826942  0.53938106  0.6034752   0.52130066  0.37241723  0.21186247
  0.09721211  0.71676156  0.03806895  0.64850822 -0.25029176  0.21615952
  0.33685586  0.4358649   0.70079372  0.27974901  0.4806888   0.29075091
  0.31561659  0.24016169  0.20254182  0.6788611  -0.19153483  0.26309858
  0.57416673  0.30689581  0.52126282 -0.12469763  0.2648672   0.49566486
  0.57328405  0.28752786 -0.06294385  0.3787218  -0.44897546  0.31892332
 -0.22782053  0.13833539  0.04941567  0.19228354  0.55321292  0.31281432
  0.37022608 -0.47264511 -0.01577083  0.14172093]","[ 0.44755695  0.03098075 -0.20567601  0.14684443  0.48400958 -0.0018934
  0.29711867  0.36535611  0.0510337   0.52614586  0.52465988 -0.05097143
 -0.15519782  0.45162415  0.00371258 -0.1925252   0.23991374  0.05510478
 -0.01028895  0.07498212  0.29097858  0.47996721 -0.37515229  0.17033402
  0.04581498  0.3849427   0.35062393  0.47039529  0.26619105  0.0566449
 -0.25648143  0.17636067  0.22001319 -0.04336688  0.26182859  0.33994487
  0.19414818  0.35193579  0.13399374  0.16798932  0.23468115  0.46356773
  0.09561772  0.09861682 -0.10751414 -0.29345001  0.17041824  0.31612667
  0.02741392  0.38442116 -0.28479922  0.10191652  0.35550784  0.04943247
  0.31785256  0.66084666 -0.36048927 -0.50504063 -0.01678358  0.1330848
  0.00885185  0.41590129  0.43130081 -0.41970918  0.58245464  0.31034635
  0.33441331  0.16626615  0.03250753  0.2471387   0.77371701  0.37881963
  0.81115454 -0.19090901  0.37075097 -0.37743099 -0.13932656  0.37958505
  0.0689237   0.39048254  0.22930163 -0.08690803  0.00553928  0.36797625
 -0.15654495  0.03648778  0.20403331 -0.48429707  0.28266141 -0.11477012
  0.02675926  0.52420937 -0.25303801  0.09873107]","[ 0.38839581  0.14887854  0.18541251  0.33424645 -0.06375175  0.24398476
  0.65217413  0.58192895  0.33547641  0.45568891  0.37524963  0.43463906
  0.48607591  0.45099477  0.46622871  0.46555731  0.49588033  0.54643511
  0.28586294  0.60289716  0.34917899  0.43924804  0.20333366 -0.21153747
  0.57182147  0.34818336  0.39594171  0.33911794  0.20751691  0.05030347
  0.59879432  0.30420824  0.06515944  0.44481828  0.2382972   0.57330161
 -0.20863976  0.74980002  0.76315699  0.55283261  0.75752489  0.33186147
 -0.06410918  0.51151627  0.64202398  0.17866601  0.47903745  0.22714255
  0.4667473   0.5583419   0.2243493   0.4015077  -0.21854062  0.3770451
  0.46718391  0.48780845 -0.15145577  0.81501601  0.17519518  0.69975312
  0.26028037  0.43497785  0.46287018  0.62704288  0.44472554  0.2830502
  0.68202379  0.77575604  0.67183343  0.37451595  0.59757092 -0.3478193
  0.71867364  0.34987738  0.59745198 -0.09690591 -0.16753747  0.74653097
  0.30127555  0.01646471 -0.46307959  0.71026438  0.52059043  0.3446632
  0.40338179 -0.1698833   0.51726237 -0.38722311  0.66340705  0.56420086
  0.57915945  0.45000139 -0.0425558   0.48105665]","[ 0.62280449 -0.5967243   0.10601259  0.41586485 -0.32679897 -0.13371298
 -0.03345116  0.33313062  0.38533033  0.06029612  0.36316431  0.14856817
  0.26000376 -0.47708563 -0.27887293 -0.08587276 -0.37420316  0.52968523
  0.51155464  0.34360301 -0.20040519 -0.34227263  0.14258047  0.35629225
  0.0856762   0.24414546  0.49840676 -0.44915066  0.35588639 -0.0454608
  0.54997121 -0.17032958  0.16988309  0.23874665  0.20781244  0.44962583
  0.01743057  0.23895593  0.36985168  0.43285132  0.00682624  0.46471254
 -0.49811763 -0.15691839  0.38409527  0.25171676 -0.34215504  0.16897906
  0.13441464  0.72173893  0.24034421  0.13213124  0.42091779  0.08782251
 -0.16389366 -0.06559928 -0.13193415  0.28907584 -0.03572568  0.29334018
  0.09413851  0.53925691  0.46332622  0.03900123 -0.06236759  0.18939271
  0.28663969  0.38977602 -0.42581193  0.20930029  0.23688018  0.15808131
  0.40090364  0.14392836  0.47195457  0.25223469 -0.38672763  0.44060919
  0.23437589 -0.3999478   0.08813057  0.58478831 -0.59605621 -0.07432112
  0.18320048 -0.31765668  0.13465108  0.27594668  0.38043119 -0.15731858
  0.53367392  0.00580905 -0.51612693  0.32661813]","[ 0.75950411  0.3185328   0.65349426  0.58815164  0.24000046  0.07821163
  0.6580533   0.52848571  0.64055978  0.5723165   0.59793954  0.33930433
  0.62345931  0.34783012  0.61066021  0.52836207  0.75914123  0.63880091
  0.62678851  0.63180584  0.39437936  0.48163203  0.45453323  0.44621248
  0.47753958  0.51868643  0.82734353  0.59260715  0.33332122  0.46308942
  0.74772837  0.09463286  0.47545497  0.68081408  0.30226146  0.50016041
  0.57727057  0.7867553   0.87337992  0.78226678  0.33282425  0.80006136
  0.736647    0.44562479  0.81651186  0.42057822 -0.0663038   0.44409667
  0.757564    0.54777962  0.5639387   0.67378978  0.67097027  0.59112912
  0.65219187  0.65995523  0.16638893  0.56126368 -0.05767155  0.68311798
  0.5005768   0.72379887  0.45938076  0.80747926  0.68471414  0.7018845
  0.69281928  0.8549366  -0.28705589  0.03034792  0.78467766  0.49970416
  0.55242868  0.50290811  0.78684007  0.44026254  0.39995236  0.7202057
  0.64011297  0.46868214 -0.19002455  0.68858474  0.646104    0.57340162
  0.77416202  0.67416669  0.41094654  0.84452588  0.80243513  0.81578255
  0.53702168  0.54348097  0.37642355  0.77470198]","[ 0.64539353  0.30259269  0.22015944  0.4641139  -0.35283287  0.43359882
  0.53934454  0.17245088  0.59793274  0.48165678  0.62777559  0.20764083
  0.42869813  0.36464983  0.28183251  0.56393505  0.01208074  0.32427717
  0.60626248  0.5305522   0.47162868  0.55337769  0.36520483  0.29667554
  0.14313001  0.58873298  0.59097956 -0.39315717 -0.04128907  0.57193086
  0.73428354  0.24708778 -0.03219013  0.35610868  0.51079225  0.72315734
  0.51450686  0.57674093  0.54204932  0.57505007  0.37284476  0.78434405
  0.15384893  0.44248263  0.78128276 -0.1737584   0.73882493  0.2701421
  0.40908805  0.83515701  0.6166463  -0.29587709  0.68042104  0.03709065
  0.62125138  0.42288597  0.17405229  0.38592119  0.34706514  0.12771277
  0.30591962  0.67610864  0.31455494  0.41502359  0.32912946  0.55587286
  0.41576218  0.5888206  -0.37627345  0.47448069  0.54515456 -0.38183048
  0.65767503  0.16830444  0.28712132 -0.2358672  -0.10276468  0.76174335
  0.49139796  0.38861308 -0.31803029  0.7354053  -0.24545222  0.47095555
  0.80184444  0.7040339   0.17746966  0.46768407  0.48170897  0.53186914
  0.68981439  0.51189474  0.23698628  0.61026651]","[ 0.75298554  0.35508248  0.56465451  0.60222135  0.48617931  0.35209727
  0.68233886  0.62923958  0.55829032  0.74609236  0.6199296   0.33211169
  0.6681042   0.47929299  0.61485515  0.58540274  0.84669302  0.69137733
  0.73593445  0.68048258  0.5316222   0.67202835  0.47542766  0.65756993
  0.66222942  0.64564627  0.77810211  0.56645633  0.56479714  0.632795
  0.74745041  0.35671009  0.42996724  0.79076065  0.35555258  0.69496332
  0.33980525  0.81314283  0.87066869  0.69969629  0.48427131  0.78190599
  0.71683893  0.48250341  0.66626376  0.29673367  0.35733345  0.62952016
  0.74962647  0.51840728  0.60196552  0.72506704  0.50400259  0.72618039
  0.65398378  0.65282027  0.46571417  0.81250203  0.24046566  0.63541441
  0.57920766  0.81860151  0.43742268  0.85010492  0.80928892  0.53834237
  0.73838846  0.85135611  0.37775515  0.32899097  0.67169535  0.76856651
  0.48194071  0.64534221  0.73167833  0.4520454   0.298783    0.79814439
  0.70142537  0.51255934 -0.06884842  0.80941021  0.64848401  0.60298076
  0.82301019  0.59645391  0.35785443  0.69881223  0.70369647  0.68104194
  0.49034388  0.7271201   0.56385889 -0.02920807]","[-0.26449471  0.34109745 -0.32151335  0.34525052  0.37228845 -0.30266297
  0.49556301  0.35629255  0.31205048  0.31890322  0.44361013 -0.02882094
 -0.00338716  0.57319745  0.37944079  0.46403261  0.22311826  0.20192566
  0.43704044  0.25183726  0.3483771   0.36604839  0.39247975 -0.01631882
 -0.41609682  0.50030685  0.24357891  0.59557281 -0.47027876 -0.45229975
  0.55929169  0.14021299  0.24518765  0.34187307 -0.3128457   0.67534034
 -0.04320759  0.50703676  0.25381223  0.56956356  0.48068469  0.33964751
  0.3896914   0.52839288  0.34223008  0.44001865  0.62072785  0.13893849
  0.01538948  0.08194523 -0.44711352  0.03625098 -0.02581593  0.50264078
  0.15152175  0.52182593 -0.00650465  0.14585779 -0.08669774 -0.2064762
  0.06989408  0.53173341  0.23329309  0.43856167  0.17033079  0.33456222
 -0.44883771 -0.23832251 -0.25826322 -0.13563087 -0.26881585  0.44221604
  0.41761015 -0.05503587  0.24948368  0.04020604  0.31035224  0.55264444
  0.09617203  0.38920163  0.18852806  0.56378352  0.07661347  0.5757922
  0.17979732  0.35688801  0.48656866 -0.31691516  0.55436282 -0.47690228
 -0.08654983  0.60995044 -0.2401452   0.64996708]","[ 0.65294912  0.08621904 -0.2869581  -0.44585048 -0.10561385  0.16325257
  0.69242357  0.18153082  0.58877101  0.42251273  0.34088829  0.12840988
  0.47723185 -0.34996328  0.41678225  0.33720699  0.39611218  0.30330919
 -0.19126539  0.1698125   0.30558955  0.59383516  0.0964692   0.30726929
  0.12193198  0.41531726  0.67522065  0.32069073  0.08971227  0.29575817
  0.71126903 -0.16292737  0.08658351  0.66148235 -0.2972757   0.64008974
  0.31312135  0.56911525  0.71780148  0.13295245  0.27551854  0.42992027
  0.48205208  0.56766129  0.60061377 -0.34767098  0.42324646  0.05528
  0.57387185  0.37100296  0.14949013  0.26451175  0.49141276  0.19425149
 -0.20584328  0.38022198 -0.1340542   0.32635279 -0.42705917  0.49820633
  0.42724735  0.69691061  0.40583567  0.57192489  0.33792759  0.50867708
  0.50129942  0.58260763 -0.220624   -0.53422197  0.59918343  0.31175556
  0.62848648  0.4190394   0.24793202 -0.16855318 -0.12177933  0.57871092
 -0.06452564 -0.02461207 -0.3709272   0.58570821  0.31263863  0.28442809
  0.57340042 -0.08523664  0.28036588  0.36782336  0.65406783  0.7303095
  0.14347896  0.66188789 -0.23298643  0.39785316]","[ 0.31730076 -0.22336133  0.6524275   0.34894229  0.48127858  0.20495202
  0.43818872  0.52027003  0.33254294  0.38175621  0.21968628  0.34770944
  0.53324199  0.21522658  0.5354936   0.12918381  0.49903199 -0.32486018
  0.56454253  0.62653374  0.52832559  0.44310415  0.41496332  0.44102654
  0.3077249   0.44601998  0.5525058  -0.25234893  0.32434192 -0.57955716
  0.61666345  0.60748674  0.35543462  0.56044099  0.42440577  0.487235
  0.6369731  -0.23550029  0.64343685  0.78168707  0.22575471  0.70526521
  0.67043677  0.36722532  0.83019424  0.30063246 -0.42032374  0.51321508
  0.70527621  0.6695177   0.59846684  0.33010251  0.75097918  0.56417348
  0.51525932  0.71743157  0.29473368  0.75921247  0.53048273  0.57428326
  0.47905506  0.39936227  0.63544339  0.20002059  0.57734624  0.53553346
  0.70803127  0.72044509  0.47326746 -0.17264672  0.67702535 -0.24091643
  0.38308464  0.3811251   0.6017308  -0.1693671   0.49173033  0.8381716
 -0.25076481  0.45140103  0.24240002  0.72704663  0.40152491  0.33887907
  0.53092458  0.58652464  0.40750115  0.75444448  0.68846572  0.52798181
  0.39391638  0.43020879  0.18717282  0.21565837]","[ 0.38123865  0.09378459  0.47476509  0.24321228  0.67717273  0.32725953
  0.19234838  0.27679265  0.14004059  0.42389852  0.09905821  0.12562814
  0.28456723  0.38476158  0.32888793 -0.11300412  0.35930338  0.07197152
  0.45324375  0.08115567  0.25112569  0.36113402  0.01981216 -0.35615854
  0.24891729 -0.18003012  0.08703255  0.21424358 -0.27480293  0.33230295
 -0.24769234 -0.10633371  0.23765668 -0.13700905  0.43299634  0.26142015
  0.2999495   0.49324446  0.37412016  0.01684026  0.12606901  0.1884086
  0.50573077 -0.44288777  0.55458216  0.22608454 -0.08049323  0.31532053
  0.56730937  0.34139605 -0.4223476  -0.24278733 -0.16274371  0.30815939
 -0.13530151  0.5710373   0.21727794  0.17285024  0.55226281  0.35692547
  0.01174707  0.57117151  0.27330435 -0.34671444  0.66033295  0.24161292
  0.41690201  0.3109763   0.23340641  0.15201029  0.08667555  0.63847034
  0.20743434  0.38479386  0.4971547  -0.04008891 -0.08755274 -0.17916759
  0.34957596  0.75985021  0.05625778  0.38775234  0.2592613   0.23062682
  0.46998792 -0.43847996 -0.31917064  0.392049    0.39717239  0.478274
 -0.27392733 -0.21034664 -0.01001257 -0.21441312]","[ 0.29296682  0.32926659  0.52643836  0.14211351  0.57650404 -0.60340953
  0.57015986 -0.03211873  0.11471748  0.22721863  0.46571156  0.19974375
  0.27332773  0.31565544  0.31380755 -0.02046492  0.19890169  0.30503415
  0.34657658  0.2115609   0.33316294 -0.27015489  0.07284196  0.27916923
  0.11001026  0.10755793  0.42159142  0.19551745 -0.17860566  0.27519524
 -0.16272308 -0.0455209   0.09211133  0.31774939 -0.15628484  0.15038113
  0.22939283  0.53930958  0.00444849  0.45724861 -0.10586808  0.16271958
  0.29697199  0.17011193  0.23115109 -0.25414491 -0.18876233 -0.12912268
  0.40579619  0.15763107  0.2735454   0.38502479  0.22024471 -0.17336326
 -0.03304311  0.44756476 -0.44565254  0.32743627 -0.25445539 -0.26588405
  0.0705292   0.39846192  0.17217948  0.08238094  0.12453367  0.33157057
  0.08638265 -0.12579669 -0.16258709  0.10424336  0.0640759   0.49249054
 -0.03744885  0.31470872  0.43223321 -0.18059997  0.32344666 -0.3363163
  0.16166852  0.61833359 -0.30529996  0.47415992  0.03066159 -0.02391268
  0.234076    0.47998411 -0.26475662 -0.05044659  0.45899571  0.54126457
 -0.15535996  0.0954646   0.23541506  0.24640368]","[ 3.88247646e-01  3.72037845e-01  5.83522071e-02  3.16132684e-01
  7.10804622e-01 -4.74704236e-01  5.32119726e-01  3.81084616e-01
 -1.33626340e-01  2.77732422e-01  4.83884187e-01  2.37272989e-02
  4.17666356e-01  4.43557911e-01  1.41101117e-01 -1.47502529e-02
  7.48012230e-01  2.65130640e-02 -2.47219242e-01  1.50931358e-01
  5.19261228e-01  3.35869538e-01  2.74025283e-01  8.44892559e-02
  2.58376409e-01 -1.43790440e-02  2.01868044e-01  1.87663210e-01
 -1.95784082e-01 -2.17602320e-01 -1.95423825e-01  8.60852868e-02
  3.49110444e-01 -2.60694729e-02  3.60167256e-01  2.18308041e-01
  3.75827990e-01  3.81060543e-01  2.82758390e-01 -1.87453279e-01
  2.79421242e-01  2.88634131e-01  5.36635734e-01  2.45929035e-01
  1.99246197e-01  3.08598158e-01  7.35429675e-04 -9.11550930e-02
  5.43058071e-01  5.92654178e-01  1.64813954e-01  2.65661876e-01
  2.18066221e-01 -2.18289640e-01 -2.07154446e-01  4.40990354e-01
 -2.59629823e-01  3.34166583e-01 -2.86170524e-02  3.79643965e-01
  2.33185123e-01  4.18775206e-01  5.29457397e-01 -1.67702248e-01
  4.72449951e-01  2.25636991e-01  4.41387469e-01  4.88884852e-01
  2.48904382e-01  1.73001044e-01  6.72066248e-01  6.52978250e-01
  2.49000690e-01  3.56355519e-01  3.87869705e-01 -1.04204700e-01
  2.91963956e-01 -4.91477941e-01  2.55269945e-01  6.64240246e-01
  2.80619783e-01  3.65918669e-01  1.46661138e-03  4.44816886e-01
  3.62182723e-02  3.62467686e-01 -5.30355729e-01 -1.97691944e-01
 -3.72442670e-01  6.05587334e-01 -1.71901871e-01 -2.79921641e-02
  1.51239005e-01  2.16630090e-01]","[-0.08652454 -0.02432992 -0.31967055  0.29576627  0.259829    0.26652504
  0.49591379  0.15310576  0.412058    0.02394815  0.52476072  0.25369431
  0.2303309  -0.44831819  0.34045232 -0.37061016  0.06492991  0.03930427
  0.16604377  0.07966968  0.46880002  0.27851987  0.08168142  0.11405628
 -0.34671373  0.45064858  0.51829502  0.23316469 -0.20271362 -0.05120914
  0.66408962 -0.04561533  0.52272896  0.53142856 -0.24398669  0.43827773
  0.08513901  0.18660678  0.51113987  0.50830807  0.28228054 -0.05922982
  0.21066295  0.45495584 -0.31099422  0.32742546 -0.3081274   0.26545497
  0.27768525  0.46751537  0.0419046   0.2953127   0.04720762  0.01924166
 -0.18550671  0.53014959 -0.05068639  0.51528432  0.0111341   0.14712558
  0.20382528  0.34226811  0.53985123  0.15538067  0.3289748   0.50136453
  0.37255616  0.22861647  0.05161035 -0.3041595  -0.0204655  -0.3449372
  0.54882111  0.18704008  0.07860644 -0.04639639 -0.09663995  0.21878619
  0.25552    -0.14089037 -0.10187335  0.74121119 -0.14073573  0.11425459
  0.39658788  0.56558656 -0.20019092  0.50301312  0.01577262  0.71981246
  0.53814976  0.22383426  0.55222871  0.2377869 ]","[ 0.22198137  0.18512398 -0.07071464  0.53816038  0.55973151 -0.19262749
  0.23810932  0.49669347  0.28472068 -0.10604534  0.10394125  0.51483663
  0.44149884  0.11588741  0.19168376 -0.56920859  0.60253724  0.58730834
  0.31107645  0.52672958  0.521169    0.1314171   0.31577992  0.31697636
  0.36250467  0.29869593  0.80195028  0.56899605  0.42463748 -0.07847757
  0.66880089  0.67237579 -0.42111589  0.49907835  0.32672803  0.57060655
  0.52838436  0.46039632  0.36183353  0.65267652  0.48946397  0.34876711
  0.33368112  0.25585422  0.64692685  0.34777154 -0.17153901 -0.19923481
  0.15956451  0.69935408  0.78586123  0.40036324  0.6162746   0.0791798
  0.23943503  0.49210856  0.2785227   0.68014148 -0.24968449  0.40275226
  0.25655427  0.31334552  0.63844246  0.41842128  0.26766696  0.19894257
  0.43519174  0.36609988  0.42195913 -0.0516068   0.39913636  0.49160268
  0.12584627  0.50415303  0.39663332  0.04091319  0.38219682  0.69467701
 -0.47376385  0.57867957  0.1418825   0.74646845  0.23288033  0.35806966
  0.41688514 -0.43993894  0.38682976  0.52014823  0.48076871  0.60711262
  0.07552976  0.32751265  0.02992299  0.35602027]","[ 0.38409885  0.29860184  0.23512546 -0.0973713   0.23771043  0.35785621
  0.48235417  0.44861027  0.33062139 -0.09761363  0.3931239   0.49280437
  0.37165114 -0.26103142  0.4396409  -0.12607744  0.3429358   0.48800668
  0.44157629  0.1918814   0.49893366  0.28107545  0.30578113  0.1804936
 -0.36172874  0.19937872  0.60276912  0.04439449  0.18184063  0.22673837
  0.58931546  0.54285472  0.31768348  0.2152307   0.27043281  0.56738498
  0.29897308  0.43713791  0.7650296   0.67851784  0.32965081 -0.34125829
  0.53322346  0.31863095  0.84228096 -0.25986604  0.15763404  0.14392742
 -0.14530833  0.71963019  0.47955601  0.09443214  0.7471341  -0.09140903
  0.40156314  0.66336598 -0.01158262  0.64946334  0.00884455  0.32745876
  0.30509663  0.3377463   0.62168058  0.45416507  0.12731128  0.28130216
  0.61852598  0.16180926  0.215859   -0.16388997  0.16580611  0.58797735
 -0.34740364  0.49641867  0.08464763  0.22526436 -0.21546894  0.68112538
 -0.05153916  0.00119934 -0.52084077  0.17884319  0.12053703  0.35427729
  0.52254137  0.33397683  0.11773159  0.40775627  0.52987189  0.48969284
  0.01563075 -0.2550203   0.42204333  0.18247438]","[ 0.3843696  -0.08891332  0.21285517  0.46140062 -0.24348732 -0.13755796
  0.37015552  0.51149926  0.27731349  0.54214766  0.35921648  0.50717729
  0.27470234 -0.30294183  0.51068341  0.27430218  0.50687364  0.05900474
 -0.13506329  0.23110643  0.20596038  0.47542989  0.20925406 -0.1000761
  0.60945099  0.32699025  0.66209005  0.12872563  0.4604052  -0.03369469
  0.10857953  0.37521542  0.29212901  0.28793921 -0.08360759  0.35240111
  0.41198788 -0.15590327  0.55041001  0.29990644  0.25437763 -0.3345562
 -0.04185299  0.25678873  0.47036982 -0.42207528  0.64550917  0.23972224
  0.2451586   0.36308487  0.19627083  0.34009583  0.36567583  0.14124244
 -0.4610862   0.20129765 -0.35466398  0.4745096   0.45535277  0.34562042
  0.53145916  0.5680232   0.4076126   0.66944138  0.06121782  0.26511392
  0.60414079  0.5741482   0.48560584  0.19723448  0.07130256  0.01488421
  0.67636581  0.2259216   0.50044468  0.22563284 -0.19156597  0.59954498
  0.19732224 -0.04643975 -0.49837358  0.42059641  0.56904702  0.49637487
  0.39048904 -0.45263749  0.46697052 -0.42187403  0.54484961  0.30689608
  0.55121467  0.22518822 -0.36485243  0.57601814]","[ 0.12939716  0.0414207   0.57508723 -0.04096888 -0.25330186  0.2763625
  0.37064518  0.65242338  0.37055415  0.41811433  0.18797096  0.06245441
  0.47458481  0.10636416  0.58496891  0.44756254  0.50568197  0.54444944
  0.0759959   0.59476061  0.3322608   0.37345846  0.16279872 -0.00763665
 -0.21655315  0.50512068  0.74210321  0.42174831 -0.28676388 -0.02258521
  0.59132652  0.38282563  0.08492022  0.52481178  0.43772447  0.38163879
  0.36497885  0.69426808  0.72010569  0.44139414  0.61260212  0.17433524
  0.52620651  0.41992714  0.73566453  0.32859432  0.32304043  0.30929929
  0.0334574   0.61988726  0.25683547  0.46402352 -0.26543836  0.59384391
  0.40680187  0.5683659   0.11069797  0.82343543  0.09612912  0.6088763
  0.29106878  0.66417061  0.64308854  0.65869079  0.37677645  0.121096
  0.61313239  0.65139441  0.61081293  0.21444535  0.55716888  0.58626571
  0.65349929  0.36265673  0.3485718   0.43642561  0.15516682  0.73377063
  0.06323321  0.0135854  -0.44172956  0.64855857  0.40247961  0.33524807
  0.56309216 -0.27064753  0.54547455 -0.26401008  0.72459277  0.41101199
  0.52331055 -0.02105628 -0.11095805  0.53171788]","[ 0.19271452 -0.13393902  0.37248987  0.44784591  0.42610182  0.53165493
  0.43681052  0.62349903  0.42343062  0.45276045  0.44792085  0.31261001
  0.34318923  0.32943731  0.00143138  0.13846546  0.48512785  0.4856712
 -0.01266961  0.49898693  0.40828136  0.48219184 -0.49225496  0.04465521
  0.57929448  0.37727696  0.18626197  0.69899408  0.20926945  0.49035223
  0.5660343   0.12556316  0.43822393  0.58277766  0.42735422  0.55782103
  0.33862669  0.43826663  0.67420515  0.63401041  0.33165124  0.42661914
  0.70374758  0.61240853  0.33975336 -0.53055564  0.79551336  0.37307084
 -0.09016306  0.17243262 -0.0319574   0.53527234  0.50608648  0.34391198
  0.20266776  0.67548689  0.15133996  0.36281294  0.35066827 -0.35133626
  0.06055846  0.70305785  0.4088935   0.18936495  0.56923699  0.20913847
  0.1730033   0.33463822 -0.47794414 -0.30494057  0.3534454   0.2853062
  0.41175098 -0.27146465  0.46416841  0.07355935  0.3816667   0.65782271
  0.17404527  0.01031317  0.25451751  0.50355202  0.50334034  0.5742324
  0.3134771   0.59201168  0.44938441  0.3043168   0.55165231  0.19263237
  0.37817218  0.70825734  0.36485265  0.55283097]","[ 4.99162297e-01 -1.52686354e-01  3.73923333e-02  5.20102293e-01
  2.40627598e-01  4.27552729e-01  6.61784755e-01  5.90299990e-01
  5.73100961e-01  4.29224338e-01  6.47088674e-01  2.09331468e-01
  5.14873974e-01 -2.25082049e-01  6.66902284e-01 -4.00482752e-03
  3.49595672e-01 -4.48035017e-01 -3.19004519e-02  6.22840365e-02
  4.00169688e-01  5.17735257e-01 -1.90376468e-02  3.07962849e-01
  1.11849511e-01  4.40014271e-01  7.16571945e-01  4.85778769e-01
 -5.36835714e-01  5.89024380e-01  7.20728429e-01  4.53909146e-01
  4.24913109e-01  7.02468541e-01  4.84644073e-02  7.08163667e-01
  4.85411835e-01  7.27151243e-01  7.84883315e-01  7.54242174e-01
  3.38419779e-01  1.84677769e-05  6.17862040e-01  6.10841642e-01
  6.31238078e-01 -3.41880294e-01  4.07435052e-01  6.18722396e-01
  4.22206361e-01  5.88467362e-01  5.95115929e-01  7.20067832e-01
  3.96254416e-01  5.16066474e-01 -3.65270390e-01  6.44197148e-01
  2.25020202e-01  7.07343105e-01  5.82076250e-01  1.02213331e-01
  4.18101010e-01  3.60729023e-01  5.94133739e-01  4.38689456e-01
  4.98806052e-01  3.38521802e-01  4.90533848e-01  5.48480057e-01
  4.08373704e-01  5.75088570e-01  7.03021308e-01  5.35182276e-02
  5.25650677e-01  4.66576649e-01  4.20580168e-01  5.82520473e-02
  3.40539872e-01  5.17591358e-01 -2.56920880e-01  2.84375858e-01
 -2.10998398e-01  7.77206602e-01  4.59699464e-01  5.22586960e-01
  5.99723715e-01 -2.48847304e-01  6.17374971e-01  6.89283560e-01
  6.75368061e-01  7.15665074e-01  1.92186017e-01  1.84824700e-01
  5.37449246e-02  5.87622800e-01]","[ 0.34872092  0.23505074  0.36428098  0.64639622  0.51282521  0.59726333
  0.69886128  0.49440931  0.21873863  0.44888449  0.48233206  0.54980262
 -0.12785672  0.22416915  0.49411464  0.11611308  0.52227589 -0.47810008
 -0.05069363  0.15400879  0.41246068  0.31625876 -0.13281959  0.27077088
  0.43255831  0.45276948  0.68577432  0.63976288 -0.23460316  0.11240696
  0.60784937  0.50858073  0.35294661  0.56047695  0.04471545 -0.35530474
  0.02045834  0.33487804  0.62235631  0.68206481  0.23474249  0.03646006
  0.56368112  0.55180546  0.12766621  0.24652662  0.40665587  0.27697819
  0.20545502  0.13163525  0.18054533  0.39280265  0.36713071  0.53076243
 -0.15884114  0.56259844  0.15990119  0.31746087  0.21242293  0.22957949
 -0.14311495  0.14003307  0.55528446  0.11267483  0.4515151   0.60295286
  0.45073011  0.5779977   0.37767675  0.37733483 -0.00164667 -0.27390739
  0.61340182  0.27350972  0.63267259 -0.13826133  0.21019172  0.46107494
  0.24012761  0.05769682 -0.17105733  0.47128511  0.28072099  0.46029442
  0.47091957  0.72995921  0.44248128  0.44043921  0.44730646  0.58116734
  0.5994087   0.54225703  0.26552643  0.48863653]","[ 0.42175473 -0.09506625  0.09153141  0.41244011  0.07063614  0.31751016
  0.72844481  0.5095491   0.48293342  0.5505147  -0.06242105  0.44777806
  0.45839171  0.03254285  0.18268967  0.27884001  0.30855187  0.41782624
  0.27075275 -0.16812508  0.2500381   0.08071508  0.21192306 -0.02512241
  0.14705933  0.35085472  0.38470065  0.50608826  0.34798302 -0.06940607
  0.48652953  0.47149772 -0.08181366  0.65058801  0.13233997  0.52381682
  0.39856295  0.39117908  0.51376244  0.19808013  0.41016703  0.21790014
  0.52678765  0.37393562  0.54192906 -0.1280085  -0.48419344  0.41263339
 -0.18454387  0.45123634  0.02978877  0.56019222  0.2485214   0.52621552
  0.03398633  0.41381737 -0.24311868  0.61597271 -0.09982398  0.35065511
  0.10527045 -0.15982644  0.52934574  0.33137825  0.57849144  0.28879415
  0.45738062  0.39664092  0.24773427 -0.18346286  0.493362    0.03932575
  0.31978914  0.54088142  0.31792597 -0.17719155 -0.36884178  0.44897651
  0.34936589 -0.17341481  0.38900603  0.59799719  0.30021964  0.58078298
  0.09922158  0.59545515  0.22958739  0.44486836  0.23431299  0.0203429
  0.07131208  0.5604053  -0.04173496  0.16736933]","[ 0.56006826 -0.18921426  0.40567677  0.64038873  0.32567373  0.32260875
  0.56264487  0.63829986  0.4885663   0.50893509  0.02111053  0.44985961
  0.5944577  -0.46657449  0.46668281  0.34729658  0.54591734 -0.29379949
  0.20053914  0.55365372  0.46772849  0.4998779   0.14084787  0.350097
  0.65888979  0.46157267  0.80050151  0.63979026  0.25237301  0.32448052
  0.72657043  0.10450514  0.34381293  0.73996068  0.16582142  0.60179193
  0.31738366  0.53492063  0.78474099  0.74536526  0.41766764  0.49303005
  0.58856456  0.51718054  0.67142058  0.40354038  0.51799431  0.53975552
  0.31784133  0.50182631  0.43899661  0.71332623  0.55464011  0.31162368
  0.19492582  0.57966045  0.20050854  0.52673565  0.44703341  0.57066639
  0.14730646  0.42202135  0.66585405  0.64747333  0.6396875   0.61285498
  0.54836297  0.76354389  0.52491773  0.56283042  0.68297055  0.39821181
  0.60802673  0.68817411  0.53239526  0.4220314  -0.01794364  0.54963694
  0.12390204  0.26365601  0.25456347  0.6373279   0.47371705  0.58722091
  0.59321162  0.17096776  0.30745651  0.66723753  0.66037398  0.6241945
  0.632047    0.47673859  0.32427398  0.51319906]","[ 0.40580541  0.31214312  0.13100769  0.2432773   0.30044382  0.3230891
  0.73766059  0.01422195 -0.19109075  0.48817233  0.59510796  0.46052662
  0.46774962  0.46599133 -0.09622264 -0.00869111  0.61893248  0.11729424
  0.41650621  0.13983697  0.50077382  0.11998349  0.22809441  0.23064105
  0.44819383  0.29067727  0.05643358  0.44264814 -0.26983777  0.16257234
  0.21347276  0.24643115  0.5525399   0.63964544  0.04299875 -0.13524309
  0.42907862 -0.43187557  0.35059532  0.36032929  0.2801772  -0.23677947
  0.50645987  0.47193094 -0.05676863 -0.28283924  0.11993762  0.27768345
 -0.2862526   0.13133534  0.25124915  0.26563298  0.26851279  0.43960321
 -0.21071369 -0.29039186 -0.30646548  0.24603369  0.2282186  -0.06031571
  0.18571989  0.4807409   0.38112804  0.5945456   0.23173532  0.43442279
  0.58309443  0.21555785 -0.00484019  0.31175261  0.09262295  0.10007472
  0.40093435  0.20829978  0.07898157  0.26674154  0.27338163  0.22461086
  0.25273464 -0.30324154 -0.27035288 -0.13791429  0.18751705 -0.07820257
  0.03566796  0.77348296  0.37494944  0.29377883  0.41306465  0.33739154
 -0.04944836  0.64163474 -0.39286347  0.24313042]","[ 0.78663318  0.45971623  0.71342896  0.70050418  0.61765638  0.47404926
  0.7708467   0.75375049  0.61703574  0.80154847  0.59563425  0.54449039
  0.80619653  0.59217668  0.52394105  0.55502399  0.87419712  0.58618351
  0.63639279  0.55133514  0.69549125  0.79622732  0.6198369   0.57802211
  0.76520244  0.72274909  0.83557373  0.85310058  0.68124017  0.74246803
  0.81114063  0.46301392  0.57382643  0.84242524  0.44724744  0.77300785
  0.73132677  0.8132946   0.85705569  0.80464151  0.61275292  0.78930544
  0.77934928  0.75365369  0.71256424  0.47840483  0.46795923  0.73020759
  0.70122333  0.51217099  0.60704893  0.81311133  0.41716041  0.88588311
  0.77736833  0.76021977  0.65344239  0.83205818  0.70042821  0.74759088
  0.39790132  0.79067502  0.74287133  0.84091879  0.88927217  0.53927907
  0.83123365  0.87077182  0.89155576  0.82961205  0.74815861  0.70567637
  0.6401493   0.68523799  0.81603689  0.70288987  0.46218405  0.82811967
  0.66067674  0.67800724 -0.11827843  0.80815436  0.71051647  0.48198531
  0.76533081  0.54310749  0.69901854  0.71290955  0.77121278  0.82651881
  0.88453064  0.79396207  0.497354    0.71764449]","[ 0.47193444 -0.23392357  0.09691629 -0.25786853 -0.37330114 -0.00273359
  0.69781579  0.66567167  0.45008862  0.59957612  0.36517594  0.34467838
  0.49853821 -0.21835503  0.09030502  0.1374112   0.64661129 -0.05363262
 -0.44567785 -0.27901855  0.35417312  0.3737076   0.29575885  0.2910476
  0.65350511  0.29215354  0.51420941  0.38203206  0.44918195  0.30456109
  0.4829082   0.32835258  0.49619313  0.77251291 -0.130567    0.3353123
 -0.09102206  0.19066474  0.64908644  0.33863094  0.38971252  0.2192249
  0.51391176  0.23572705  0.19978972 -0.29189319  0.56069678  0.35794955
 -0.05362192  0.15062195  0.27739951  0.40633283  0.29873602 -0.28340995
  0.01658532  0.47685703 -0.36674169  0.01037133  0.01658643  0.44536606
  0.11782002  0.56603375  0.5412341   0.33904085  0.07891141  0.53210605
  0.57542329  0.54239628  0.6697322   0.29977219  0.53272706  0.21544095
  0.359417    0.34336378 -0.03001369 -0.15251998 -0.08455848  0.63376918
 -0.05044595 -0.19241467  0.15730434  0.59465264 -0.09973461  0.13252793
  0.42609237 -0.50047589  0.41050098  0.56324161  0.57003699  0.52663185
  0.09465969  0.39582683  0.14678304  0.39553544]","[ 0.54684987 -0.06899145 -0.44037371  0.2340236  -0.46164949 -0.21532685
  0.68976227  0.05542393  0.41376032  0.37836686  0.37455378  0.09804954
  0.50851843 -0.3149748  -0.39109908  0.38989003  0.25791634  0.17621084
 -0.01473208  0.19435953  0.31777397  0.28757102 -0.05635232 -0.06030502
 -0.23923926  0.3798564   0.67329575  0.35611631 -0.10302956 -0.47695564
  0.20386449  0.1551609  -0.08065023  0.18432442 -0.14289442  0.4654365
  0.51112796  0.08737152  0.40973476  0.42338093 -0.03333731  0.2043305
 -0.13119151 -0.42878052 -0.09050058 -0.06084456  0.0742158  -0.36273274
  0.2833179  -0.15032197  0.28948232 -0.15427261  0.40147321 -0.32528314
 -0.21999354  0.43443727  0.32235307  0.31881899 -0.30920746 -0.3633321
 -0.1986171   0.23389115  0.61277546  0.18580634  0.03635313  0.32627774
  0.218304   -0.12187138  0.32040087  0.05429993  0.18934363  0.42689858
  0.0613143   0.30217146  0.4989649  -0.20773849  0.02319648  0.64555427
  0.38207991 -0.20733081  0.11898158  0.81746954 -0.39493154  0.210761
 -0.55483423 -0.18357342  0.15119746 -0.24068578 -0.48394574  0.7229126
  0.53783255 -0.39792939  0.40476875  0.46021235]","[ 7.86564993e-01  5.19403733e-01  2.62041064e-01  6.19782487e-01
 -4.60003163e-01  1.35117677e-01  6.99992288e-03  3.79408277e-01
  6.31442904e-01  2.48597737e-01  7.03212175e-01  4.57446808e-01
  5.44139714e-01  2.39969777e-01  5.45199522e-01  3.10779336e-01
  4.69125846e-01  5.39323796e-01  5.30287067e-01  3.84841042e-01
  8.73272650e-02  4.28428062e-01  3.43963400e-01  5.07668875e-01
 -3.66183524e-01  4.13069977e-01  7.10448630e-01  3.48521791e-01
  4.38541531e-02  6.08787074e-01  3.76334987e-01 -5.41738782e-01
  3.00183219e-01  1.90351468e-01  4.26094995e-01  4.77191015e-01
 -1.33521211e-01  1.28643003e-01  4.94374471e-01  5.57875586e-01
  1.75735536e-01  4.05536381e-01 -4.55492909e-01  2.23713038e-01
  5.73325264e-01 -7.23596467e-02  6.24087057e-02  4.83323392e-01
  4.81527377e-01  7.90037831e-01  3.75445366e-01  8.50141875e-06
  4.59835832e-01  1.67679612e-01  3.78183534e-01 -5.10376532e-02
  9.15981816e-02  5.67197882e-01  2.18186511e-01  3.22995433e-01
  6.45253660e-02  5.15727525e-01  3.71832157e-01  3.89705492e-01
  3.71874634e-01  4.73822936e-01  2.49019737e-01  3.52409572e-01
  2.14766872e-01  2.97428724e-01  3.24798778e-01  2.00032192e-01
  6.44956701e-01  1.97452941e-01  2.29299006e-01  2.92707000e-01
  1.66799568e-01  4.48987995e-01  6.16149900e-02  6.15490919e-01
 -3.92645211e-01  6.96506370e-01 -2.10206507e-02  1.87496399e-01
  2.26232437e-01  7.09922382e-01 -6.23196294e-02  3.92632164e-01
  5.10299880e-01  5.29658053e-01  5.44506540e-01 -1.22773132e-01
 -1.76789744e-01  2.15560942e-01]","[ 0.32507485 -0.04171707  0.27211684  0.38440763 -0.30931954  0.08507307
  0.27415794  0.67529871  0.69608217 -0.347883    0.25249681  0.35167057
  0.01190484 -0.60981272 -0.09228673  0.36852226  0.56220607  0.06094015
 -0.09367465  0.33375305  0.38440554  0.03639168  0.4767042   0.65846934
 -0.46653748  0.25276884  0.70094475  0.30263119  0.33103275  0.26155329
  0.35265939 -0.24267176  0.23962274  0.51395167  0.47016549  0.62288358
  0.2712086   0.27431503  0.62898154  0.35997348  0.51796428 -0.0878045
 -0.33557635  0.05204749 -0.41308445 -0.0549795   0.08977148 -0.13513483
  0.41453442  0.63727359  0.22234328  0.26300421  0.53102085  0.1792104
 -0.17412969  0.40666685  0.32977196  0.81380415 -0.19389306  0.17863829
  0.16319355  0.49931131  0.61569925  0.39294452  0.41915099  0.62052579
  0.14580161  0.16012161  0.42028119  0.41459629  0.41224664  0.43263346
  0.14182229  0.55621367  0.46353513 -0.15329639  0.32381897  0.50595539
  0.19559412  0.47820352 -0.14777888  0.81671138  0.1693377   0.31975588
  0.06708954  0.67204015  0.10282272  0.06950378  0.44766632  0.29181928
  0.06781349 -0.53307532 -0.09111721  0.17253307]","[ 0.86692076  0.77478501  0.43685664  0.54238084 -0.10123028  0.37266882
  0.48760297  0.18043963  0.52528939  0.40736581  0.75302677  0.48619307
  0.48431722  0.19326299  0.54000387  0.32072765 -0.44295804  0.46465873
  0.77205852  0.56033456  0.28645986  0.60622322  0.19712515  0.58029099
 -0.22473419  0.44534135  0.73219798  0.24543146  0.37032209  0.55619086
  0.48390023  0.37848211  0.42359999  0.25188051  0.58026954  0.51323775
  0.38629042  0.45519352  0.7218429   0.44648495 -0.19754576  0.46864993
  0.16057128  0.46628558  0.55538666  0.23443299  0.51461112  0.56471581
  0.38262177  0.86371493  0.4328969   0.33796588  0.46955051  0.51647266
  0.47137687 -0.36516915 -0.03784201  0.31151319  0.1911747   0.27843896
  0.01110876  0.56950923  0.32675989  0.70444758  0.40743077  0.64164495
  0.5188147   0.37072246  0.12972948  0.31830074  0.37455962  0.22618974
  0.6761735   0.06285673  0.19061817  0.06877286 -0.17490404 -0.05274768
  0.01113094  0.54708701 -0.10380409  0.58387463  0.06833552 -0.0377901
  0.42450917  0.80088648 -0.40143916  0.40700322  0.54239244  0.5437767
  0.70426156  0.16924532  0.29139094  0.52563319]","[ 0.66920958  0.73466515  0.27923863  0.48706983 -0.31318886  0.39984835
  0.32754194  0.27839406  0.55685975  0.19977624  0.80014459  0.34797578
  0.66237269  0.24276718  0.39572312  0.1526436   0.40373353  0.30304591
  0.24637861 -0.16291824  0.31016639  0.67187511  0.23288278  0.52803807
  0.17764258  0.39020043  0.54273784  0.37687141  0.02461668  0.10519977
  0.49269287  0.21046052 -0.54230103  0.32167368  0.52939328  0.50160061
  0.51510405  0.56447925  0.67331498  0.40401155  0.30323297  0.28969751
  0.09783725  0.21472131  0.57123092 -0.2563308   0.28201143  0.42159568
  0.54624424  0.62945073  0.61422947  0.05870756  0.15632333  0.36816529
  0.60354984 -0.17722861  0.16226073 -0.28747064 -0.13319078  0.26650396
  0.22252128  0.59274591  0.49935925  0.63318727  0.44937958  0.57862867
  0.22455891  0.46638476 -0.20892425  0.69110496  0.42914549 -0.0807673
  0.66393289  0.10934407 -0.00665153 -0.0950757   0.19385876  0.31559524
  0.41631507  0.58191006  0.16570315  0.64548511  0.02192247  0.50312997
  0.50902654  0.72126712 -0.10963429  0.6498964   0.42612964  0.60503641
  0.66743518  0.25072834  0.10432334  0.44538371]","[ 0.60769215  0.27003375  0.59352315  0.42567004  0.09076634  0.01555884
  0.13336119  0.79694368  0.72211171 -0.34036078  0.42609629  0.50073591
  0.53954083 -0.58178806  0.39152111  0.492511    0.5222278  -0.33191053
  0.26050888  0.51506824  0.27961634  0.46696213  0.5829343   0.7147838
  0.43154394  0.41859179  0.82827369  0.45150971  0.37730557  0.51651743
  0.42188323  0.39623478  0.00190088  0.58794327  0.52665165  0.65325007
  0.46705945  0.57517484  0.80185749  0.53913949  0.59445318  0.20404037
  0.15211935  0.30470931  0.39972115  0.14753911  0.44538404 -0.09992733
  0.23279134  0.75528649  0.66735901  0.60528116  0.11946892 -0.20772527
  0.36509595  0.3895167   0.40777416  0.83452545  0.62384165  0.59101027
  0.37404666  0.76134867  0.61845068  0.68593612  0.54992887  0.66982257
  0.31319677  0.40013681  0.55048674  0.70623386  0.43168275  0.73706254
  0.6653335   0.62434904  0.45519956  0.40700073  0.53648291  0.74483252
  0.5490196   0.37230996 -0.29453329  0.8637832   0.40469273  0.4324873
  0.40394386  0.71693688  0.3289449   0.5010103   0.72326873  0.47594003
  0.17939298 -0.45001943  0.14503924  0.08406237]","[-0.33239517  0.01281944 -0.36248817 -0.04782976 -0.25873051  0.25269524
  0.03378743  0.4712594   0.16199505 -0.16128117  0.69756591  0.21664572
 -0.03050907 -0.14869424  0.35382144 -0.0321983  -0.05612157  0.08971843
  0.22971615  0.14443637  0.24643917  0.38090783  0.02540321 -0.34137043
  0.25397773 -0.23769685  0.60873179 -0.40299758  0.53285437  0.50629409
 -0.27943295 -0.08190303  0.49293065  0.44098487 -0.01315123 -0.513347
  0.10826979 -0.12563427 -0.2308581   0.25317924  0.0892171   0.33286978
 -0.20868911 -0.5149613   0.16576732  0.6614796  -0.48155753 -0.15668046
  0.27184829  0.61585958  0.11800415  0.3919594  -0.03533259  0.36218364
  0.27076379 -0.10486802  0.13489161  0.57762015  0.3443272   0.17902786
  0.10266818  0.03034729 -0.06591637 -0.36528789 -0.37161101 -0.20396788
 -0.51268248  0.27110218  0.22734758  0.76703422  0.22876759  0.17793093
 -0.16214922 -0.36930358  0.13021266  0.45921753  0.18061684  0.73172804
  0.69171742  0.33030211  0.49731587  0.20099635  0.0069438   0.30551981
 -0.37184561 -0.38492859  0.57427661 -0.23076186 -0.36121327  0.34771279
  0.28761351  0.4307686   0.26073667  0.69216556]","[ 0.78316421  0.44308848  0.36784815  0.55756136 -0.35687522  0.42398592
 -0.08364982  0.28575592  0.70738489 -0.1539278   0.63720146  0.35710905
  0.4613829   0.29935533  0.37648866  0.39398687  0.40570467  0.2415962
  0.46999135  0.38784859  0.17045417  0.44871266  0.19704654  0.35287372
 -0.11780798  0.3145422   0.71112042  0.31782771  0.15702702  0.422136
  0.40774675  0.18119538 -0.46316175  0.15366173  0.62028932  0.30983768
  0.35684006  0.29749432  0.63369306  0.48211392 -0.27939712  0.51312185
 -0.09912056  0.37228225  0.47878311  0.00893501  0.68913822  0.37552075
  0.12229082  0.86344145  0.39721109 -0.00833046  0.15736059 -0.33776388
  0.30089956 -0.13255613  0.350699    0.39053809  0.17838372  0.11126238
  0.16410661  0.5100248   0.57489621  0.26008124  0.3471221   0.62156558
  0.31712562  0.58736147  0.20317283  0.42952046  0.2517918   0.28044881
  0.59585254  0.30939461  0.22807553 -0.20975318  0.12842612  0.51078245
 -0.03988355  0.39835475 -0.11017747  0.66128232 -0.15629322 -0.00140839
  0.46489799  0.71199405 -0.45379129  0.56377471  0.47235521  0.57823661
  0.4632186  -0.16690362 -0.42894932 -0.00920367]","[ 0.72794329  0.12856999  0.49479957  0.14027715 -0.40971384  0.14094279
  0.01531832  0.63040467  0.62824017 -0.09758176  0.05303102  0.26622395
  0.53788843 -0.62733486 -0.07692006  0.35574414  0.5511594  -0.29144475
  0.10088471  0.27469774  0.39676662  0.25586059  0.42985406  0.45138639
  0.02415066  0.41285173  0.80386345  0.17596457  0.21716152  0.04267194
  0.23797457  0.36257461 -0.14732202  0.58400628  0.52299041  0.52621405
  0.41858529  0.3748822   0.71429353  0.35961533  0.14116863  0.30415473
 -0.13813333  0.22907377  0.08770207 -0.12889969  0.42448159 -0.05805675
  0.54164632  0.60075993  0.46445378  0.63870566 -0.41342365  0.67146315
  0.2309835   0.20256383  0.52296749  0.80302156  0.48285407  0.16962519
  0.13278782  0.63260408  0.61366689  0.57437173  0.43252222  0.59637726
 -0.45016624  0.38603826  0.64008034  0.78133126 -0.21575758  0.54069758
  0.45753938  0.35245961  0.07052655  0.27098455  0.40225431  0.58380702
  0.41334443  0.39376449 -0.15928458  0.78095025  0.04282718  0.43602043
  0.34318865  0.48465433 -0.14376708  0.55988315  0.54580033  0.62404558
 -0.27416223 -0.46043133 -0.20237307  0.18153974]","[ 0.3161835   0.37621148  0.18183739 -0.14637713  0.11902592 -0.13427052
  0.22799765  0.28630802  0.0781425   0.4468905   0.45938976  0.43548707
 -0.33433417  0.37365085  0.02858242 -0.29102145 -0.1660669   0.02309919
  0.68081563  0.21275849  0.07013517 -0.22291534  0.38877801 -0.19582776
 -0.20584938 -0.21783595 -0.14937882 -0.08035263  0.62021965 -0.15915858
 -0.10989682  0.03555682  0.04266648  0.10245347  0.14914835  0.20957077
  0.08907412 -0.35512178 -0.07861518 -0.18414314  0.0324496   0.04806585
 -0.20148937  0.36732399 -0.22403133  0.22159911  0.38566434 -0.02166245
  0.00455104  0.29040026 -0.07990437  0.3691294  -0.18067112  0.0056428
 -0.01490745  0.14951062  0.2294675   0.39146967  0.2250767   0.32363669
  0.36887815 -0.26585327 -0.09492638  0.17536537 -0.27346177 -0.39608094
 -0.41684002  0.32491434  0.08426118  0.41651607  0.60114554 -0.29878904
  0.60843227  0.08539332  0.46989837  0.28205673  0.22155443  0.30262973
  0.3107863  -0.34113467 -0.03150741 -0.14552151  0.16030989  0.29328084
 -0.10894161  0.05855203  0.03236823 -0.29624827  0.41443289 -0.33406903
  0.01732351 -0.13636607 -0.54739274  0.36421719]","[-1.37575608e-01  1.18079704e-01  5.16372746e-01  6.19426189e-01
  7.80859206e-01  6.71662917e-01  5.16616446e-01  5.80152722e-04
 -1.88439952e-01 -2.01256723e-01  1.39755285e-01  1.45524211e-01
 -3.40350001e-01  3.98229786e-01  5.44650034e-01 -1.01438009e-01
  7.54314316e-01  7.33705106e-01  1.67265970e-01  2.97507917e-01
  4.23634706e-01 -3.39284891e-01 -1.43232785e-01 -3.95621184e-01
  7.15199164e-01  6.48776462e-01  2.19474187e-01  4.54500482e-01
 -2.06445600e-01  4.53426271e-01 -2.68826007e-01  2.95675003e-01
  2.86340588e-01  4.25214868e-01  4.34622469e-01  4.41288674e-01
  4.27039153e-01  5.53134546e-01  3.91027160e-01  3.16552371e-01
  3.13717732e-01  2.17857084e-01  5.28148123e-01 -1.16988991e-03
  7.37947105e-01  7.57619659e-02  6.61593799e-01  3.14941703e-01
  5.11395922e-01  2.08234498e-01  1.19962015e-01  7.29082107e-01
  4.35894359e-01  1.92097784e-01  4.81951393e-01  4.74977392e-01
  2.77476684e-01  3.59627490e-01  5.75564588e-01  2.65900810e-01
  2.25634208e-01  6.39731656e-01  1.95729669e-01  7.32051162e-01
  7.11920933e-01  6.57796278e-02  6.53542508e-01  3.26062148e-01
 -2.12844426e-01  5.89979186e-01  5.58066839e-01  4.46633110e-01
  5.06499013e-01  5.47452768e-01  5.46127958e-01  2.89160750e-01
  3.92205197e-01 -1.04556064e-01  5.78179219e-01  6.09586160e-01
  4.04255364e-01 -2.29950558e-01 -6.08036976e-02  5.74430349e-01
  1.87069952e-01  2.75365854e-01  1.14275870e-01  4.26476073e-01
  2.98113741e-01  3.83178223e-01  6.71205195e-02  7.57126117e-01
 -5.86789413e-02  5.69368449e-01]","[ 0.50432367 -0.30945011  0.16227229  0.53143289  0.51304994  0.42956318
  0.54449745  0.27359624  0.29213291  0.14072801  0.49279966  0.23329599
 -0.31748329  0.14804836 -0.14279988 -0.4043064  -0.08440401  0.19334121
  0.24896796 -0.10501161  0.37321404 -0.41451853 -0.12880731 -0.26528129
  0.77433182  0.44668497 -0.08547677 -0.14764141  0.12434294  0.1660789
  0.34977807  0.33643611  0.52603014  0.35504845 -0.33432801  0.41121538
 -0.41589308 -0.37175194  0.5870497  -0.00245638  0.43748133 -0.20286604
 -0.51687266  0.2048831   0.41313958  0.17839763  0.56028791  0.15073232
  0.31029382  0.78626388  0.080654    0.71644573  0.10695543  0.02853592
  0.34294298  0.40205782  0.07689535  0.43982956  0.43943553  0.29263793
  0.49501388  0.55040495  0.43240775  0.44732417  0.45508274 -0.1557678
  0.48118362 -0.26119462 -0.07166931  0.38327084  0.43902748 -0.35365005
  0.54031631  0.5129913   0.33250489  0.25658312 -0.21774221  0.46450592
  0.62830001 -0.07328162  0.55133547  0.29783993  0.08085514  0.00671693
  0.48097464  0.37988423  0.30582906  0.78868485  0.34844706  0.39765504
  0.43395972  0.62316667 -0.15470234 -0.04886656]","[ 9.24666513e-02  9.31985183e-02  2.40065856e-01  5.48583181e-01
  7.01017908e-01  5.09089528e-01  3.72304125e-01  5.98943960e-01
  4.40122091e-01  3.45099894e-01  3.59344897e-01  3.63556496e-01
 -3.15682300e-01  5.54991685e-01  4.23037081e-01  2.21570359e-01
  6.66233273e-01  6.33547861e-01  3.08517096e-01  2.50565820e-01
  2.30381476e-01  5.24048434e-01 -4.84511069e-01 -3.27899502e-01
  4.60728285e-01  4.89175126e-01  5.64344323e-01  6.87874277e-01
  7.87287000e-03  1.24501509e-01  5.33286272e-01  2.17030201e-01
  3.68811033e-01  5.14190126e-01  4.25059441e-01  1.15415241e-01
  4.20932847e-01  6.78649205e-01  7.64874585e-01  2.02401015e-01
  2.64960697e-01 -3.76424090e-02  5.08591986e-01  5.43101706e-01
 -1.56093615e-01 -3.72041520e-01  6.58011040e-01  2.92753090e-01
 -2.14585782e-03 -4.65246246e-04 -3.63363065e-01  7.79893907e-01
  1.81664283e-01  3.66736282e-01 -2.22893942e-01  6.74145655e-01
  2.04757211e-01  3.45920313e-01  2.27171104e-01 -2.83707073e-01
  9.48619912e-02  7.30856665e-01  4.00079217e-01  2.58068381e-01
  6.24360450e-01 -1.66869472e-02 -7.88608663e-02  2.35167404e-02
  4.61706951e-01  3.12268115e-01  4.09216309e-01  5.26304513e-01
  4.66050205e-01  2.62017130e-01  3.09623471e-01  2.47299084e-01
  5.16369073e-01  6.75700834e-01  2.57502596e-01  4.73023611e-02
  4.55825042e-01  7.38110318e-01  2.14382184e-01  5.54591350e-01
  3.51357842e-01  4.37317663e-04  4.12247430e-01  6.72870813e-02
  5.59779934e-01  1.30678745e-01  1.50228042e-01  7.10477025e-01
  3.88207642e-01  4.92498711e-01]","[ 0.43725698  0.47945172  0.34979215  0.48598411  0.56545889  0.34306217
  0.22141999  0.33793171  0.08417325  0.37358971  0.64540879  0.14376143
 -0.28003574  0.44253969  0.52659585 -0.23597602  0.12855004  0.32788698
  0.71931561  0.22401942  0.40731244 -0.48419726  0.44189849 -0.36566514
  0.40758296  0.38012552  0.51951068  0.23552729 -0.39885422 -0.02195736
 -0.13109297  0.37046625  0.33628615  0.29866184 -0.19297059  0.70490203
  0.13826145  0.26187873  0.48681876  0.28479703 -0.04094781 -0.02911669
  0.25517492 -0.0164444  -0.33679715  0.11411823  0.62647153 -0.55097785
 -0.21297108  0.75340408  0.39710354  0.64049855  0.24147831  0.44370358
  0.01911033  0.48236085 -0.03339687  0.69588268  0.29024911 -0.1554394
  0.35239656  0.65532773  0.33310167  0.16190091 -0.06646605 -0.41775272
  0.54469707  0.24066069 -0.44048286  0.531249    0.36940049 -0.0967683
  0.2502735   0.27286263  0.4103304   0.4029219   0.14678134  0.46139331
  0.12072285 -0.35367932  0.51450633 -0.25986687  0.25430559  0.20050942
  0.43967699 -0.31297396  0.21995988  0.56553155  0.25994754 -0.20080231
  0.3692912   0.69583741  0.03564214  0.37773002]","[ 0.4058191   0.24021589 -0.26804491  0.43969726  0.38631552  0.39574994
  0.08602472  0.30264166  0.13300033  0.05538175  0.6442586   0.45522622
  0.5449739   0.20157909  0.28799746  0.15327015  0.02806523  0.36277953
  0.44105935  0.19040477  0.52244334 -0.23756244 -0.03043104  0.2447657
  0.24769859  0.15417843  0.61495381  0.01972819  0.14945915  0.42986687
  0.20672347  0.67592187  0.4898812  -0.47584226  0.09009014  0.42237105
 -0.39562559  0.0822711   0.37793894 -0.1959623   0.15841612 -0.03543769
 -0.09800589  0.1154662   0.65846001  0.11684048  0.19044063 -0.0066181
 -0.32103268  0.64050887  0.14624974  0.22590945  0.63287032 -0.37190908
  0.09684514  0.55704513 -0.00337174  0.41193436  0.47882061 -0.03227964
  0.1752173   0.34586654  0.55269149  0.56193283 -0.35763591  0.10645376
  0.23329596 -0.13092118  0.28961127  0.47889747  0.54916299  0.33226635
  0.35639824  0.27558644 -0.16883797  0.38683853  0.0024086   0.40951143
  0.04908605 -0.02091885 -0.34749633 -0.50895577 -0.2140183   0.2858043
  0.38442295  0.33470749 -0.07808583  0.60786309  0.25100567  0.20256025
  0.30570859  0.53743145  0.05811502 -0.20334431]","[ 0.33840117  0.48367579  0.07892253  0.66024402  0.00589956  0.48041131
  0.73496612 -0.01880858  0.28844652 -0.06252462  0.54989983  0.39071392
 -0.50243958  0.30809166  0.56488348  0.07930605  0.36397584  0.67766113
  0.43216337  0.12306224  0.35781894 -0.14447541  0.39342475  0.10184912
  0.65640519  0.41161435  0.56184435  0.272095   -0.11408123  0.16153077
  0.49762815  0.39233057  0.53739939 -0.12411047  0.29091322  0.13410539
  0.58154138 -0.08355163  0.66671454 -0.3702522   0.41728657  0.06692893
  0.43112823  0.32904699 -0.00822284  0.59454206  0.63953229  0.51289972
 -0.07013709  0.3961443   0.27274729  0.46108844  0.11141484  0.29865113
  0.34328891  0.61546013  0.18388288  0.73546864  0.60517011  0.40098975
  0.2706454   0.60613885  0.49207075 -0.08331544  0.43133931  0.37152311
  0.63448507 -0.34478145 -0.43788001  0.50276573  0.31485718  0.11083251
  0.60372953  0.44623478  0.39089342  0.14999068 -0.05386261  0.56553939
  0.58746556 -0.22177415  0.56140758  0.4914967   0.49923312  0.56538241
  0.14791768  0.01794661  0.16725988  0.68494718  0.59198747  0.60250463
  0.67218354  0.70597013  0.00326028 -0.34995542]","[ 0.24643002  0.15958907  0.63179247  0.48915469  0.71259098  0.3667635
  0.58319068  0.31754339  0.33288292 -0.51585206  0.35081328  0.58313813
  0.39213693  0.38083415  0.41063736  0.14444755  0.23753566  0.62657271
  0.01127062 -0.15519666  0.09278641  0.13864173  0.62861105  0.15112795
  0.26049307  0.63985402  0.78952133  0.46247414  0.22536401  0.33328821
 -0.1470075   0.79787138  0.50833064  0.51768838  0.30980685  0.56574646
  0.39070517  0.55627034  0.33166017  0.35765234  0.38855102  0.36392228
  0.31878265 -0.48192382  0.52686228  0.45981639  0.63531364 -0.28815697
  0.6432359   0.6442612   0.42596929  0.73437089  0.6420219   0.48855489
  0.12944801  0.38974862  0.39778057  0.70704839  0.4482726   0.41051117
 -0.01251679  0.68039063 -0.15501685  0.67966176  0.77997396  0.3370645
  0.64333944  0.696657   -0.55386664  0.5332889   0.37429081  0.02126326
  0.78231899  0.65418989  0.5968429   0.28974444  0.47728385  0.51627635
  0.38732579  0.43269538  0.686324   -0.04539274  0.47341773  0.49360748
  0.24536612  0.57893989  0.38487674  0.69268949  0.70469141  0.66459679
  0.63569362  0.6985771   0.42812141  0.77352241]","[ 0.39241904  0.20548781 -0.4433637  -0.18924285 -0.06029577 -0.14550838
 -0.20058244  0.42424182  0.37638942 -0.40885892  0.46964953 -0.07857802
 -0.55187744 -0.41765157 -0.25636212  0.35988183  0.23806002  0.02168235
 -0.12203993 -0.15418193  0.34447886  0.02200883  0.3099921  -0.17204806
  0.39978979  0.1113697   0.56945783 -0.14541607 -0.32108406  0.37899372
  0.47262207  0.35394253  0.25170031  0.17649701 -0.09335843  0.6580757
 -0.01509692 -0.53354611  0.04043391  0.19722399  0.07569108  0.20928641
  0.18848589 -0.25819783 -0.49935116  0.30470964 -0.00914396  0.05779596
  0.44261311  0.45752133  0.25724182  0.28347401  0.45159634  0.23478777
  0.0496954   0.4265931  -0.11890227 -0.12083672  0.15516845  0.23875704
  0.11339383 -0.37318027  0.27294595  0.45028044  0.13922615  0.36939213
 -0.32360927  0.1418916  -0.11683123  0.61248433  0.31465094 -0.22963081
  0.11400392 -0.28380684 -0.00118057 -0.27274349 -0.4087445   0.63866408
  0.46349362  0.29000744  0.18994713  0.71455198 -0.28416992  0.17998177
  0.34678583  0.11673681  0.3605464   0.45534602  0.15060688 -0.05940935
 -0.24126197  0.52861888 -0.37324154  0.10371055]","[ 0.31720876 -0.46355726  0.5209659   0.41816243  0.65053376  0.392115
  0.60863879  0.27809707  0.35799142  0.19761536 -0.04616078  0.32944665
  0.00523052  0.21721769  0.3083566   0.03265453  0.62056053  0.20189847
  0.11189561  0.38378898  0.27842973  0.24341502  0.33359831  0.19650224
  0.67240446  0.37545031  0.26529626  0.26024507 -0.27359901  0.32119783
  0.30325235  0.13880581  0.41451084  0.41336038  0.50455887 -0.26081423
  0.36488587  0.5501963   0.50941495  0.52673317  0.29527128  0.37144569
  0.1702194   0.01396374  0.70053863  0.57182212  0.64592526  0.47935163
  0.37381188  0.62595434 -0.38702275  0.02080667 -0.29991779 -0.149911
  0.39088752  0.31470233  0.34978197 -0.17828726  0.59690729  0.11840426
  0.1112532   0.46025081  0.20932493  0.10674085  0.70918478  0.16846087
 -0.30254926  0.68370424  0.41087984  0.1953192   0.57543827  0.3143236
  0.81380603  0.19798232  0.4053746  -0.05791861  0.47446532  0.29155707
  0.25250249  0.62239077  0.15475589  0.18192007  0.08604213  0.48341896
  0.04394065 -0.21920196 -0.44578604  0.60613784  0.4456201  -0.18138599
  0.30373259  0.66269072  0.33829574 -0.09091388]","[ 0.44206323 -0.22205987  0.56111929  0.63642668  0.711107    0.56762855
  0.36030022  0.51268925  0.32199766  0.42071954  0.21531579  0.30284551
 -0.26001465  0.12013649  0.40319673  0.0735877   0.60878682  0.49049435
  0.46479447  0.33865316  0.12035564 -0.23649657 -0.27517544  0.17383609
  0.69818096  0.50435478  0.30514667  0.41587263  0.02483226  0.54695163
  0.33781509  0.37821274  0.66506167  0.54893884  0.44712942 -0.20850863
  0.29020032  0.6259533   0.6575211   0.04151461  0.31297129  0.22130111
  0.43482847  0.0253395   0.65249339  0.18698795  0.63344393  0.40067498
  0.17375777  0.104869   -0.11559496  0.21946871  0.48545669 -0.29253428
  0.39274458  0.42761284 -0.25980318  0.47448922  0.62840357 -0.46306198
  0.26388223  0.52018175  0.17283326  0.48305092  0.49586624 -0.00653967
  0.46014419  0.64179317 -0.30578412  0.32837935  0.49522215  0.32948523
  0.75380701  0.21996197  0.66832939  0.17862762  0.31326254  0.57865723
  0.25580678 -0.10512076  0.44507046  0.14670895  0.11523116  0.41810367
  0.23445633 -0.47641689  0.3140221   0.05850804  0.34173373  0.42256257
  0.07655537  0.66012452  0.52888925  0.5254654 ]","[-1.41245210e-01 -6.14072987e-02  4.68955541e-01  7.60427364e-01
  6.06437860e-01  3.30752531e-01  1.93316607e-01  4.96512034e-01
  2.36877450e-04 -7.12049943e-02  5.15861923e-01  5.02006318e-01
  3.77172333e-01  4.34423446e-01  2.49373170e-01  3.21469254e-01
  5.95058697e-01  1.37783470e-01  5.53541071e-01  1.41495239e-01
  1.75108993e-01 -2.02172356e-01  3.17906753e-01 -1.41621651e-01
  4.12609796e-01  3.58572436e-01  6.78297022e-01  5.69381835e-01
  1.04458459e-01  2.72889965e-01 -3.77357500e-01  2.75057767e-01
  3.50725290e-01  2.53177748e-01  3.14091498e-01  1.42850507e-01
  3.85011860e-01  5.62470343e-01  5.70741784e-01 -4.61341799e-02
  3.20430905e-01 -2.91530505e-01  2.08523884e-01  4.62299901e-01
 -9.79412417e-02  2.43497867e-01  7.06862031e-01 -1.32840134e-01
  3.99808066e-02  1.48808073e-02 -3.76334378e-01  5.37096745e-01
  3.34379122e-03  3.76456340e-01  1.84941287e-01  6.97342161e-01
 -1.22832964e-01  5.24612567e-01  3.02541871e-01 -2.44657111e-01
  3.21396938e-01  7.64134102e-01  4.23371172e-01  4.77303202e-01
  7.41213443e-01  1.29530293e-01  4.05697952e-01  7.15038081e-01
 -2.41588816e-01  4.22282116e-01  2.32816809e-01 -2.33303469e-01
  7.93406775e-01 -8.57300437e-02  3.82262374e-01  3.58530615e-01
  5.23840151e-01  1.61096235e-01  2.33878748e-01  1.83936037e-01
  4.48090013e-01 -1.99132244e-01  1.81974403e-01  1.32745588e-01
  1.76105289e-01  4.85384305e-01  3.51758001e-01  4.13942856e-01
 -1.72817257e-02  1.06179768e-01  5.90612010e-01  6.59042771e-01
  3.88923865e-01  6.03714940e-01]","[ 0.50381311 -0.42305557 -0.25508703  0.55739518  0.63284971  0.52842014
  0.64784847 -0.26372185 -0.14163545  0.04425087  0.37561917  0.2202054
 -0.42956006  0.01004981  0.20024669  0.30233349  0.44269671  0.38769605
  0.2851898  -0.20526498  0.39459779  0.26332993 -0.02003945  0.2139553
  0.62515427  0.0745644  -0.40504781  0.09178663 -0.36707041  0.37878486
 -0.28361179  0.21984148  0.51042777  0.55070986  0.35948454  0.55858187
  0.07369761  0.23113658  0.0628532  -0.28763635  0.49525635  0.33164886
  0.29585572  0.21715635  0.73419086  0.38353214  0.32100878  0.24795149
  0.5904368   0.3372316  -0.08621029  0.63205665  0.30626416  0.10829164
  0.21916325  0.35117641  0.26974685  0.53218133  0.03323299 -0.40528366
  0.43304707  0.55371912  0.34670145  0.3441485   0.26924681 -0.32164838
  0.4961529   0.2160262  -0.00570559  0.25503023  0.80623054  0.478386
  0.49165099  0.25537788  0.85091547 -0.05321168  0.12097195  0.61690698
  0.65420836  0.37798411  0.37236786 -0.36580829  0.06627244  0.54807812
 -0.00534162  0.3160297  -0.30905655  0.32789118 -0.04668604 -0.37254751
  0.41520585  0.60404533  0.46499647  0.05537549]","[ 0.58304611 -0.32636993  0.28140342  0.70982714  0.58686644  0.61321515
  0.7002841   0.23798794  0.20978024  0.45503821  0.49152686  0.5764637
  0.55904173 -0.07148881 -0.10384952 -0.19560555  0.66851819  0.55283171
  0.45658755  0.14889834  0.30820399  0.14483629  0.2025756  -0.03691495
  0.74066643  0.40809887 -0.3213575   0.37179221 -0.01408053  0.46830894
 -0.01421493  0.25883786  0.62483299  0.38640919  0.43500564  0.63879622
  0.35484226  0.43704081  0.51883759 -0.60787822  0.42173591  0.30048587
  0.24153498  0.04622253  0.71770592  0.35367746  0.39078991 -0.51235437
  0.38619563  0.64239975 -0.17300322  0.77231982  0.06010587  0.071976
  0.51960184  0.36842256  0.528058    0.59836171  0.25690162 -0.24624241
  0.41664885  0.36223183  0.3621792   0.04496627  0.2558078  -0.00318333
  0.60430181 -0.07747496 -0.14590595 -0.59554422  0.44928896  0.24347753
  0.57065559  0.52275966  0.60162273 -0.08619458  0.14751709  0.25812254
  0.56981095 -0.02991723  0.41493925  0.15251024  0.06242283  0.34704415
 -0.25321219 -0.26812052  0.45091203  0.56727524  0.15998969  0.16489293
  0.5619065   0.52708696  0.48929353  0.35171749]","[ 0.59322029  0.49280653  0.76977956  0.74493983  0.55870905  0.64601859
  0.68604436  0.57541185  0.05648892 -0.0140143   0.51876245  0.49309694
 -0.07655754  0.31345449  0.06515863 -0.10360524  0.75566795  0.34367249
  0.25170183 -0.01829219  0.39778966  0.27731904  0.32667368  0.03963121
 -0.11411835  0.56628936  0.52534486  0.58921907  0.07955524  0.41686335
  0.12841841  0.70636716  0.53145332  0.68428999  0.36125856  0.60041664
 -0.01038628  0.33713882  0.6935078   0.2131263   0.31561898  0.55853089
  0.54272767  0.0616542   0.66564995  0.51143541  0.789328    0.56336128
  0.53194633 -0.07900361  0.49672627  0.64848398  0.63350619  0.5789307
  0.00369659  0.48360358  0.28985638  0.64792051  0.57845127  0.35420998
  0.30040806  0.73851836  0.47684182  0.46432791  0.69341476  0.31913436
  0.66664676  0.44958684 -0.23277218  0.40267733  0.57077039  0.3667056
  0.5610852   0.30097081  0.62879516 -0.10385619  0.51249653 -0.16394246
  0.34907784  0.40967088  0.63901273  0.31906719  0.34323864  0.65010452
  0.78165818  0.36253785  0.29588865  0.50350624  0.58785724  0.62524554
  0.51600976  0.74367901  0.47647058  0.6040198 ]","[-0.31663942  0.09429551  0.49412393  0.43566313  0.69853417 -0.27741703
  0.56848168  0.34834497  0.07896229  0.28455998  0.53013322  0.13586522
  0.41243669  0.41141502  0.37056396  0.05908801  0.73497033  0.22036403
  0.11266719  0.47448061  0.39908839  0.35518982  0.42192567  0.1877737
  0.32383598  0.53134962  0.63037942  0.49846632  0.03002841  0.02940109
  0.26881994  0.50243826  0.37592897  0.37340287  0.43698135 -0.164122
  0.34807268  0.60571496  0.3154263   0.26632267  0.11408152  0.24535315
  0.55752364 -0.24033391  0.66381455  0.60023234  0.62929898 -0.1331719
  0.51003859 -0.52903861  0.13102675  0.49323889  0.39943389  0.53019509
  0.48304862  0.54466309  0.03799391  0.48314799  0.2173874   0.43845908
  0.2699847   0.65934999  0.39259683  0.61957627  0.63694464 -0.07873557
  0.42686054  0.80645899 -0.27393577  0.35305805  0.44147592  0.5282589
  0.62836865  0.3929056   0.49294629 -0.05779221  0.43347588 -0.050932
  0.185577    0.51687783  0.36502098  0.34268375  0.00907183  0.42824169
 -0.31831489 -0.341438   -0.49614475  0.42529176  0.34443029  0.53354329
  0.6228727   0.74630001  0.03597109 -0.04671593]","[ 0.34390477 -0.1680923   0.00183096  0.41410184  0.59480277  0.3202005
  0.68932682  0.39877316  0.23654894 -0.33019051  0.57216128  0.32480345
  0.26296262 -0.20727303  0.14211869 -0.17824932  0.32028789  0.02107082
  0.55283235  0.14633358  0.30779541  0.35936585 -0.02904331  0.25116272
  0.60221463  0.3106838   0.50601607  0.13736625 -0.03079625 -0.25015049
  0.31650488  0.42845238  0.44616426  0.42212686  0.31936401  0.51137816
  0.26873344  0.65662118  0.47554487  0.3726288   0.08309279  0.27519352
  0.46854833  0.32157285  0.7471447   0.37887039  0.32601036  0.12725864
  0.48199762  0.20175846  0.13592559  0.66371367  0.39192458  0.45523073
  0.27032643  0.51290766  0.22479851  0.56946582  0.02917867 -0.19674512
  0.16266135  0.50332924  0.29729707 -0.11947848  0.35524235  0.18462181
  0.33360102  0.51469574  0.03763721 -0.27321254  0.29066111  0.33057986
  0.60901792  0.19667697  0.55103445 -0.16392555  0.38035503 -0.18726378
  0.48973022  0.03881183 -0.28451618 -0.06766785  0.05766564 -0.04154234
  0.22478088  0.57923857 -0.22608844 -0.27407818  0.40698438  0.54972414
  0.3243875   0.39121453  0.25601936  0.30171382]","[ 0.10915167  0.42109334  0.4625469   0.61317537  0.75973677  0.70408589
  0.73547129  0.32393114  0.21856522  0.52349683  0.70104487  0.38494809
  0.28802919  0.32597586  0.56129518 -0.13668545  0.7874597   0.24035111
 -0.34482244  0.41855499  0.52755053  0.42795846  0.47619952  0.35969559
  0.66563642  0.51509034  0.26760639  0.60162715  0.31014816  0.57843055
  0.34176734  0.61525811  0.6236187   0.55290736  0.34642013  0.49938805
  0.36288375  0.74789539  0.55570595  0.44489763  0.09742124  0.60343924
  0.29991907  0.35985548  0.84041839  0.56338788  0.63419394  0.09847543
  0.49102284  0.29903759  0.54857175  0.69415727  0.57805541  0.61061892
  0.55900848  0.35271533  0.46540341  0.49787481  0.5118097   0.30294315
  0.11430268  0.74197871  0.05228604  0.50702396  0.71185513  0.19783453
  0.36390146  0.72579605 -0.16207167  0.69542119  0.37054162  0.39415761
  0.83550947  0.4774877   0.6247869   0.1381866   0.49675491  0.40938818
  0.47128871  0.31918798  0.3430442   0.14460329  0.19972948  0.60904721
  0.25668922  0.4047527   0.56405387  0.69962426  0.33151587  0.55769141
  0.57403763  0.76767787  0.06583241  0.58516327]","[ 0.67355523  0.28879577  0.26105456  0.3644432   0.20254631  0.2406996
  0.24468055  0.49035876  0.52350066  0.47115969  0.60514795  0.41023103
  0.48299967 -0.45909017  0.45654928  0.2968211   0.48843077  0.29653931
  0.03464512  0.55391952  0.42292988  0.45334173  0.12736825  0.42388123
  0.41611028  0.48364475  0.81245742  0.32642584  0.42353892  0.58639031
  0.70617197  0.35078019 -0.22817723  0.58329217  0.27488384  0.64311879
  0.51325451  0.64044647  0.69279622  0.60790374  0.35687018  0.27400708
  0.48985299  0.22231788 -0.37144224  0.12613728  0.57538278  0.17773126
  0.33916746  0.62606874  0.6881036   0.55623611  0.43715029  0.4279106
 -0.13731092  0.66505423  0.22144255  0.76617932  0.40180713  0.17460368
  0.45940764  0.65977244  0.64904255  0.57435606  0.6373131   0.61256415
  0.50141093  0.58044335  0.31046966  0.53065822 -0.09773995  0.44466926
  0.45133251  0.18302895  0.49008114 -0.10603194  0.46031011  0.5364934
  0.60810188 -0.42366634 -0.17955552  0.58505578  0.29853077  0.45819849
  0.47250163  0.44176935 -0.14402251  0.46305213  0.67628931  0.50115002
  0.32833591 -0.40504243  0.08213969  0.53243215]","[ 0.15770406  0.25434687 -0.37131552 -0.1166713   0.13971463 -0.0243896
  0.27873857  0.23329816  0.03445814  0.37515002  0.52538815  0.08334507
 -0.10830544  0.45492908 -0.03124509  0.04535488  0.42300993  0.40581235
 -0.03676899  0.27627796  0.1474032   0.0136998  -0.10764254  0.08500403
  0.17903491  0.331563    0.42560809  0.12493832  0.26556013  0.33145571
 -0.25929107  0.41969941 -0.17009461 -0.2081211   0.26738296  0.32092974
  0.18800162 -0.01293273 -0.0042193  -0.04664929  0.36266011  0.34746614
  0.37394017 -0.19530645  0.03695103  0.20363942  0.22113197 -0.03435884
 -0.1008633   0.579943    0.15330476  0.02699019  0.43914316 -0.12261153
  0.06137102  0.52625818  0.1151165   0.14258365  0.38685023 -0.0204187
  0.34177162  0.21927841  0.39364785  0.29649825  0.46993651  0.31339695
  0.03170268 -0.00959045 -0.00109356  0.22107675  0.65734566  0.22854368
  0.56148327 -0.04141839  0.40115414  0.01729402 -0.11291715  0.46063667
  0.33002545  0.45654295  0.18754584 -0.32887425  0.09622386  0.2912372
 -0.2767377   0.11962186  0.21529875  0.15510455  0.15477981 -0.24398045
  0.16365514  0.65298278 -0.34418931  0.0081833 ]","[ 0.49427421 -0.07461464 -0.20849175 -0.58943523  0.14381573  0.1121037
  0.57182021  0.66849063  0.41607984  0.36043979  0.24869508  0.37392401
  0.24137125 -0.03701438  0.25470993  0.48374888  0.11879109  0.20727596
 -0.2960905   0.62867969  0.45617491  0.22688206  0.51823998 -0.08150514
  0.60375554  0.48234959  0.40331901  0.43990788 -0.48910351 -0.44472791
  0.56241266 -0.08181914  0.1728272   0.42526029  0.13261351  0.33668078
  0.34747629  0.27974602  0.66906038  0.56960624  0.65999977 -0.10148103
  0.35619456  0.48797178  0.58904905  0.14708484  0.3619252   0.37500197
  0.29548778  0.714311    0.31249573  0.08546168  0.23467424  0.33752179
  0.04898685  0.63759688  0.08982681  0.78214715  0.0030533   0.52759255
  0.16399859  0.57241268  0.53926069  0.45998197 -0.0516063   0.07147931
  0.37981512  0.72136172  0.59740404  0.46848495  0.32471677  0.42544276
  0.53664579  0.31104731  0.58106509  0.27081435 -0.15790666  0.65291332
  0.19159453  0.06023601 -0.39704397  0.60691519  0.43492667  0.42167321
  0.44003032 -0.30586451  0.3029503   0.62261702  0.62547386  0.43508174
  0.41464829  0.1260458   0.17146181  0.5468523 ]","[ 0.45332783  0.19996262  0.36098547  0.56628279  0.32752631  0.52646905
  0.79317428 -0.44967125 -0.46895189  0.39608201  0.58837778  0.5587153
 -0.47000846  0.45330421  0.62581187 -0.0307093   0.01187932 -0.5422382
  0.32951902 -0.03288339  0.31497147  0.54695826  0.25732847 -0.00752873
  0.51690295  0.4312901   0.4450227   0.26366472  0.40786712  0.28230768
 -0.11214572  0.69114585  0.62177377  0.54469526  0.00331635  0.22876329
  0.38798382 -0.00935748  0.38219364  0.31922547  0.27923937  0.3834692
  0.22788303  0.56132951  0.7518479   0.61522323  0.05299982  0.72343879
  0.37842125 -0.00372691  0.21077879  0.42898943 -0.27065683  0.68632386
 -0.346875    0.633118   -0.04747587  0.08736078  0.50473436  0.43957174
  0.38070652  0.49213352  0.44996459 -0.07266069 -0.18350076  0.03040208
  0.45142611 -0.02455044  0.14177159  0.37466243  0.63520276  0.58653471
  0.46234537  0.09191251  0.4985447   0.26299523  0.3786102   0.31446971
  0.4855835   0.52591284  0.4947328   0.01315481  0.21649982  0.57162949
  0.42137702 -0.31627137  0.64900599  0.33157672  0.61516121  0.55538746
 -0.00664065  0.69010052  0.38528022  0.50922136]","[ 0.62839684 -0.26069642  0.5358162   0.2468499  -0.07516914  0.11190124
  0.7036791   0.4908149   0.5435253   0.44874554  0.19470241  0.31236905
  0.25528931  0.04442405  0.42080559  0.50706802  0.34014999  0.04517255
 -0.14335507  0.27634337  0.56622258  0.61778308  0.22096473  0.30187844
  0.46452875  0.38048811  0.4768082   0.37278391  0.19337054  0.19989601
  0.38723487  0.14024344  0.44595556  0.50976646 -0.17711189  0.32567653
  0.51892619  0.03056484  0.82480649  0.70322079  0.18842706  0.68341072
  0.37771791  0.51131374  0.61590932  0.15216724 -0.41718931  0.5872202
  0.60181354  0.17051926  0.11041434  0.33633956  0.53012374  0.2906568
  0.67999424  0.52000923  0.33071506  0.69231843  0.05858761 -0.32698548
  0.10025059  0.43960005  0.44658075  0.55011519  0.0046798   0.65387814
  0.30242458  0.46800508  0.48482175  0.01218443  0.62214271  0.13843196
  0.53490585 -0.48260212  0.71017321  0.6268557   0.08194369  0.42514752
  0.08230443  0.08505515 -0.28043091  0.40922488  0.58889291  0.56605063
  0.67371313  0.38150813  0.62076624  0.82787493  0.37421654  0.73969115
  0.50054462  0.14751085  0.16180406  0.3398986 ]","[ 0.29534655  0.51161382 -0.14092722  0.25577321 -0.13225747  0.07284424
  0.59021199  0.40430798  0.32471432 -0.04227578  0.53803029 -0.15011754
 -0.28235577 -0.08129717  0.20543082  0.34355876 -0.55961316  0.32610798
  0.26581176  0.26982265  0.52086079 -0.11243099  0.37400994  0.32196231
  0.28473835  0.26056671  0.00842396 -0.40594289 -0.33593369  0.12586932
  0.29607572  0.13534162 -0.25672469 -0.15409828 -0.43869922  0.46345903
 -0.1546946   0.10419476  0.2929519   0.05462267  0.26095583  0.41399369
  0.18706369  0.25446744  0.68846021  0.37544012  0.12396544  0.26078751
  0.44727891  0.74618765  0.25266237  0.22478934  0.22516566  0.03938109
  0.29707487  0.4330595  -0.21857335  0.43419993 -0.26523392  0.2567661
  0.41654694  0.0432023   0.3810303  -0.10070411  0.52513355  0.16721774
  0.47866566 -0.5230101   0.07608097  0.42687944  0.55807011  0.47899066
  0.05858974  0.37890482 -0.11983448  0.47004416  0.09992453  0.73531144
  0.34099422 -0.15557063  0.45227344  0.45310543  0.03947614  0.19974061
  0.73850629  0.45178406  0.19233687  0.74421723 -0.01765537  0.42863631
  0.34573654 -0.04036544 -0.10533041 -0.15600808]","[ 0.37123276  0.44409954 -0.31564853  0.25253116 -0.28335551  0.40299433
  0.12969288  0.1591951   0.49620858  0.09016558  0.64440621 -0.2676956
 -0.27583833  0.36825851  0.31671363  0.48585788 -0.24741125  0.21228058
  0.39643592  0.17495127  0.20217308  0.47776859  0.33802826  0.17085816
  0.26308968 -0.10109736 -0.30442659 -0.60812676  0.22261234  0.20556743
  0.58684058 -0.11593744 -0.1255738   0.29001756  0.43258141  0.62334833
  0.00967787  0.23728369  0.27441506  0.0260374  -0.03399286  0.58799791
  0.28287131  0.4057989   0.65937857  0.43274519  0.27079452  0.23095922
  0.30511544  0.57417079  0.32721842  0.28464595  0.41586711 -0.34481956
  0.56466217  0.37196496 -0.22826735  0.17437816  0.16043007  0.19170552
  0.33338802  0.48998423  0.18558571  0.14155165 -0.22714716  0.27550157
 -0.40113725  0.08837876 -0.38435181  0.01448034  0.46819579 -0.29015173
  0.50195066  0.15961793  0.16448066  0.27158106  0.16359057  0.64364919
 -0.30638339  0.19982823  0.43150561  0.73257656 -0.34323209  0.09938592
  0.69911761  0.3633041  -0.4256454   0.53591358  0.45392784 -0.56163476
  0.49271993  0.42551369 -0.10318012  0.53427305]","[-0.39108135 -0.06881384 -0.29448157  0.39874972  0.32913858 -0.34382955
  0.71445136  0.20369164  0.45025915  0.39929008  0.01269805  0.30098435
  0.10247955  0.31917254  0.53421741  0.47948201  0.32603273 -0.09701486
 -0.23979683  0.06972414  0.3238077   0.21972769  0.53035228  0.07182154
  0.2787337   0.36106418 -0.00280794  0.42892626 -0.36995012  0.13330006
  0.53682867  0.09407767  0.19928696  0.48550847 -0.02833352  0.58793812
  0.54625611  0.29717075  0.73013634  0.00741844  0.14961144  0.19384447
  0.34866679  0.43556621  0.55490577  0.45410663  0.67259043 -0.39483515
  0.01234115  0.21455089  0.42891343  0.67772874  0.24477551  0.42254927
  0.11189696  0.35224    -0.39008697 -0.02113299 -0.37865327 -0.18754128
  0.21690427  0.23350268  0.33657881 -0.409214   -0.26024818  0.1902731
  0.01672006 -0.32670988 -0.22643302 -0.3709507   0.31823705  0.07878887
  0.27058123  0.22238336  0.14614648 -0.04270095  0.26002417  0.4998261
 -0.06922782  0.42271626  0.14697713  0.44109825  0.11695773  0.32353836
 -0.13984981  0.57444171  0.40461657  0.17279046  0.59212004  0.59842434
 -0.27057143  0.62796597  0.08425934  0.20179635]","[ 0.71095651 -0.44828325  0.65303105  0.3125132   0.39757263  0.20356087
  0.39674342  0.38568095  0.36574769 -0.02107446  0.41870514 -0.2738582
  0.59627778 -0.15410064  0.47099828  0.25525554  0.29979033  0.04381451
  0.59948873  0.56108508  0.31141144  0.34772074  0.09221499  0.19316673
  0.03508178  0.26454667  0.76095481  0.01306729 -0.34335083  0.08187271
  0.67901233 -0.36438561 -0.27058979  0.50249651  0.23493084  0.25978398
  0.283178    0.20304372  0.61174013  0.49028387  0.18813536  0.5901429
  0.22840785  0.35724626  0.69913085 -0.22879693  0.25486565 -0.02308045
  0.58948703  0.67172717  0.41299631 -0.28534283  0.67563831  0.32443761
  0.06144252  0.61302186  0.24328435  0.68448212  0.24495797  0.19248308
  0.43878968  0.24690633  0.43207129  0.37225921 -0.23562855  0.47452361
 -0.04319282  0.36553377  0.38795357  0.27656817  0.42517425 -0.05800046
 -0.05344206 -0.05800946 -0.33752605  0.38954641  0.37209157  0.73552507
  0.351433    0.36702312 -0.48869703  0.57121469  0.27371911  0.24514513
  0.12017871 -0.52786263  0.31209987  0.8765509   0.53318854  0.57569206
  0.51566811  0.35377591 -0.23824395  0.3750721 ]","[ 0.35221755  0.28643711  0.45878645  0.26750957  0.39424755  0.40978957
  0.40626608  0.29865606 -0.25622091 -0.10958416  0.06800509  0.13639286
  0.2570553   0.35136764  0.44115478 -0.11989291  0.45738036  0.51494416
  0.42408069  0.26646151  0.41027766  0.3333651   0.22942278 -0.43562058
  0.81050281 -0.07991887 -0.04234523  0.16235325 -0.25932494  0.43184691
 -0.18728808 -0.07347505  0.24788719  0.27997303  0.25084559  0.4419034
  0.27996499  0.44029803  0.38997137  0.35022258  0.19063311 -0.0584542
  0.38623525  0.07390448  0.67269425  0.41473357  0.41306207  0.0928878
  0.43161596 -0.38736251 -0.33029372 -0.03827561 -0.41842032  0.23227198
 -0.01444626  0.4211643   0.02766189  0.13079948  0.13055015  0.29791738
 -0.05176516  0.19612564  0.30909227  0.30534347  0.58660069  0.17212844
 -0.09244123  0.52698694 -0.20032379 -0.10849978 -0.10958436  0.48739478
  0.29947264  0.42643113  0.49851747  0.02367298 -0.27603794  0.13439875
  0.43859255  0.654767    0.29173267  0.22131172  0.33196864  0.43982668
  0.30408487 -0.34762636 -0.53407595  0.56653191  0.18406078  0.69007354
  0.27765779  0.01986333 -0.09642819  0.17226143]","[-0.13588576  0.54140606  0.57168715  0.35021218  0.58220139 -0.14874657
  0.64674472 -0.05476027  0.06066208  0.05335318  0.32133818  0.26593654
  0.28812106  0.41281512  0.38734463  0.08333404  0.46644275 -0.15103622
  0.42782341 -0.12150013  0.27778083 -0.37147872  0.22683207  0.42812358
  0.59836688 -0.15531309  0.4931364   0.29281704 -0.28258927  0.11485136
 -0.0246759   0.22781489 -0.03331298  0.53442486  0.09183151  0.1783726
  0.29653705  0.38868239 -0.0285097   0.5444657  -0.04632675  0.10909199
  0.39469024  0.14239938  0.41283157  0.23957548  0.05072571 -0.08321879
  0.48980974 -0.20335016  0.16543258  0.4358106   0.36824132  0.22021464
  0.30125381  0.40834122 -0.09279007  0.56255678  0.26127233  0.23623451
  0.15601797  0.21141641  0.16329395  0.48230284  0.19698163  0.54261806
  0.50231888  0.15322592 -0.35193004  0.02210571 -0.63250455  0.50528722
  0.67077234  0.17634105  0.16643982 -0.10167433  0.39710382 -0.4105909
  0.25594659  0.61101148 -0.11010498  0.05598941 -0.32438599  0.1117133
  0.31092191  0.5511905  -0.40034333 -0.46700898  0.57881321  0.59628503
  0.38926432  0.4306111   0.16687661 -0.05186399]","[ 0.46693538 -0.26360996  0.32492884 -0.23512867  0.2882702   0.35260032
  0.13825293  0.17517625  0.36458941 -0.16159856  0.44460763  0.38343047
  0.49869683 -0.37487472  0.45311931 -0.48808402  0.05319561  0.29438744
  0.13076199  0.35854888  0.41532312 -0.16660336  0.11942407 -0.48329514
 -0.52143698  0.17333611  0.76001813  0.11555783 -0.37066248 -0.22413647
  0.65505996  0.12891694  0.46375992  0.58148089 -0.2766712   0.57158113
  0.04959574  0.39219809  0.52233452  0.49283711  0.25477101 -0.10894154
 -0.52891305  0.29123367 -0.50658723  0.10117528  0.21119781 -0.2236598
 -0.13664191  0.53484114  0.20485603 -0.15031747  0.42423215  0.29996222
 -0.05538817  0.47569976  0.1743366   0.67293885 -0.23096362  0.39795116
 -0.32846967  0.38172851  0.44101651  0.20602635  0.15086548  0.170724
  0.07729707  0.07570132  0.22443919  0.25008896  0.32064123  0.25924889
  0.13183201 -0.00960239  0.41602087 -0.19129713 -0.112365    0.39911178
 -0.05749642  0.40681626 -0.1489497   0.56771206  0.08059738  0.58437362
  0.13698599  0.19915258 -0.27134888  0.23979316  0.56392447  0.53289631
  0.62116328  0.2873121   0.57495363  0.29980235]","[ 0.38742557 -0.07550595  0.16373427  0.28347227  0.13610133 -0.00965926
  0.37502521  0.59397961  0.21033814  0.5804837   0.50292485  0.52292206
  0.23780564 -0.31151419  0.4646151   0.26071112  0.41508843  0.13813382
  0.12895688  0.40684605  0.46145582  0.03791143  0.33699863 -0.21367832
  0.6836366   0.30320307  0.69738119  0.39777062  0.11233595  0.35446049
  0.13943424  0.18893008  0.29143079  0.15851149  0.21711853  0.44943474
  0.4373503  -0.24777517  0.6558713   0.34941716  0.20091312 -0.06076534
  0.48239904  0.39355893  0.06396668 -0.26813988  0.56524432  0.34773305
  0.13898879  0.31250702  0.26390695  0.27732008  0.60311209  0.31558928
  0.11651423  0.47575699 -0.19454258  0.23091298  0.07753315  0.29163463
  0.38276743  0.31863843  0.46137557  0.22625452  0.07174921  0.38019198
  0.40069272  0.18954426  0.38627107  0.37625002  0.21610087 -0.23396882
  0.69905573  0.16852752  0.58316735  0.01571924 -0.05484557  0.47151649
 -0.23306731 -0.15833966 -0.44292347  0.57718972  0.56320173  0.20323385
  0.31482374 -0.5251942   0.36106017 -0.28348966  0.48509678  0.33925993
  0.51012715  0.22135811 -0.24673616  0.62943906]","[ 0.66248215 -0.10511723  0.36698655  0.18565161 -0.30383779 -0.09325785
  0.36796831  0.61413086  0.5406672   0.43160476  0.45763201  0.49973851
  0.64258977  0.00084043  0.4253675   0.46195865  0.38200463  0.58655697
  0.3610876   0.52212838  0.17065389  0.4474645   0.07693911  0.34408236
  0.3846395   0.52075334  0.79120835  0.3261786  -0.16746685  0.06733947
  0.6666751   0.56384766  0.29997955  0.56579937  0.32697587  0.32997204
  0.07139203  0.83636314  0.70863815  0.34081097  0.69237632  0.02191624
  0.54932867  0.57378904  0.79401494 -0.12841374  0.3383954   0.37817324
  0.10627107  0.62604427  0.59015501  0.53877062  0.67626448  0.37816115
  0.52390857  0.61035125  0.25929708  0.73756928 -0.17209309  0.47173439
  0.33617725  0.50830335  0.53151786  0.50631516  0.25715064  0.48029478
  0.52359219  0.74361898  0.62225101  0.27574577  0.45863286  0.48684583
  0.57323757  0.50692804  0.4818382   0.20397896  0.22692835  0.72081041
 -0.49520776  0.39430452 -0.61095414  0.64067798  0.46229378  0.58786067
  0.6801866  -0.5273657   0.30533418 -0.6034687   0.74217847  0.48097745
  0.536105   -0.3924041   0.1451038   0.58577812]","[ 0.50057316 -0.09179285 -0.33637034  0.68713226  0.48446741  0.74861592
  0.82377129  0.48555606 -0.15380851  0.46566202  0.67967995  0.67706833
  0.02633196  0.4209787   0.02065782 -0.0373073   0.72123763 -0.11219887
 -0.41271151  0.35783907  0.45478238  0.53249067  0.42664571 -0.4026667
  0.28478909  0.66693348  0.39079192  0.62950884 -0.40858176  0.51817005
  0.44307069  0.44914213  0.33245182  0.71273821  0.07184314  0.67115765
  0.44503363  0.82485351  0.64680301  0.03343198  0.31969088  0.1590511
  0.56657824  0.29213854  0.3674432   0.2000923   0.57913403  0.71397625
  0.44533093  0.54498169  0.05608535  0.61051943 -0.18124609  0.7014687
  0.25703884  0.49489647 -0.27625222  0.48658337  0.42701387  0.02427666
  0.3392516   0.7078083   0.28254357 -0.49461287  0.26826046  0.2535044
  0.30738627  0.50572383  0.2728478   0.7332643   0.46800755  0.45869927
  0.72214304  0.36371909  0.7775156   0.12913311  0.6437054   0.5787352
  0.16643527  0.07577701  0.60518923  0.33562449  0.4980221   0.39865138
  0.6534651  -0.32125949  0.55031232  0.49193184  0.58025067  0.74443186
  0.15784216  0.33453712  0.40861552  0.57132027]","[ 0.44399366 -0.22060536  0.35103581  0.54328166  0.39406114  0.59440717
  0.66879905  0.21951583  0.5038107   0.64395751  0.5659169  -0.1766424
  0.42101657 -0.24241325  0.45467483  0.44532767  0.241481   -0.06160052
  0.45269758  0.31679092  0.53725166  0.52511502  0.16317125 -0.27669319
  0.35151308  0.38394076  0.55639188  0.44759525  0.26142132  0.38315582
  0.79212808  0.14551112  0.3201687   0.65798046  0.05471962  0.53563669
  0.5677543   0.01596459  0.67306698  0.41682734  0.37541477  0.30833104
  0.12157923  0.53572714  0.49502385 -0.00341892  0.59840443  0.47156988
  0.31351331  0.34699567  0.29662495  0.52039337  0.26304907  0.48381439
  0.30259315  0.62220509  0.18404827  0.68120932  0.55554222 -0.03332038
  0.5500235   0.00957856  0.59367431  0.56293039  0.44605139  0.56748409
  0.35170277  0.52215904  0.04128973  0.44401035  0.61503379 -0.08163747
  0.5746999   0.50663395  0.60869054  0.50883966  0.29777927  0.56672566
  0.29451664  0.1966092  -0.25706986  0.38011567  0.59453103  0.57201361
  0.48058679  0.43892527  0.46635616  0.6789809   0.6517239   0.78445439
  0.57137051  0.22964356 -0.08978895  0.34094348]","[ 0.68437105  0.46669917  0.44686325  0.68400986  0.65656373  0.61098149
  0.70896142  0.25348851  0.29140529  0.53074877  0.56704895  0.63861318
 -0.24016118  0.43716017  0.51860215 -0.08153432  0.59480393 -0.37247325
 -0.10143745 -0.05586989  0.55152618  0.40426184  0.02889312 -0.13830754
  0.34770898  0.47190981  0.61806511  0.49923593 -0.096075   -0.01906651
  0.53929125  0.55854624  0.33532425  0.57664714  0.288918   -0.19047046
  0.5077468   0.27180933  0.55753565  0.6063596   0.18164122  0.20515152
  0.53696088  0.65349747  0.05603208  0.28062039  0.5532259   0.40753641
  0.05812573 -0.02584708  0.40907781  0.41480944  0.33553667  0.50680859
  0.40157852  0.57640896  0.3277623   0.36865019  0.44908836 -0.31931444
  0.00704082  0.55990204  0.45945094  0.22240761  0.48943314  0.57203557
  0.39049637  0.61112172  0.20312566  0.36366759 -0.04042437 -0.53423714
  0.62806538  0.26413286  0.75406587  0.08775113  0.37526614  0.30455127
  0.13305152  0.24886222  0.14341065  0.32220196  0.30910395  0.48388872
  0.43363661  0.71155089  0.40007308  0.03361258  0.50142918  0.64550191
  0.60009049  0.72105734  0.38541122  0.52169207]","[ 0.5310445   0.41789524  0.47288544  0.60282061  0.52982617  0.61943926
  0.66270293  0.0023268  -0.34150009  0.41521197  0.51292161  0.28122446
 -0.51173002  0.40902141  0.5010478  -0.30410677 -0.11189512 -0.36291434
 -0.1640553   0.07423507  0.457143    0.303012    0.24708146  0.08367751
  0.58401225  0.39719185  0.40422734  0.56075875  0.06078588 -0.22939303
  0.22857604  0.35435284  0.50760939  0.61725259  0.0791661  -0.09888394
  0.64535843  0.25606037  0.15893978  0.07404285  0.00820941 -0.06202198
 -0.09683995  0.44624441  0.47060425 -0.04073878  0.54947061  0.62833908
  0.39095358  0.21449618  0.461115    0.21613981  0.20481204  0.36498548
  0.60365876  0.40651276  0.24933469  0.20208561  0.1784113   0.25185805
 -0.2372642  -0.00537187  0.43153178 -0.17116522  0.51203869  0.18285174
  0.00440991  0.43881754  0.18416498  0.55363768  0.01993784 -0.26339737
  0.29223774 -0.15280877  0.72308093 -0.21276974  0.15851397  0.32823054
  0.3358562   0.12274739 -0.04280121  0.18841942  0.06183536  0.62045817
  0.26847704  0.76762022  0.37923916  0.5524742   0.52046744  0.55159533
  0.29521105  0.7178881   0.36538001  0.57863715]","[ 0.54337229  0.28654115  0.0468647   0.61533627  0.59573733  0.66844013
  0.69558265 -0.0491038   0.03124121  0.47307302  0.54901989  0.14003648
  0.5373872   0.50281176  0.58364996 -0.1825657   0.35556365 -0.42346352
  0.06631163  0.1989547   0.54287117  0.52802541 -0.16783357  0.12970548
  0.6203949   0.55884004  0.48313189  0.53533219 -0.13997571  0.35035868
  0.55600125  0.50848229  0.20975528  0.62291453  0.06712748  0.45914594
  0.49273384  0.42234781  0.57461695  0.45742712  0.30970927  0.15221104
  0.32945814  0.5905758   0.49491986  0.35928016  0.67004062  0.53729892
  0.04933509  0.24747279  0.24700583  0.5819844   0.32156316  0.52052132
  0.24590714  0.45950368 -0.23819146  0.51789804  0.60586344  0.33043892
 -0.09519858  0.3940931   0.45640809  0.27983433  0.2503381   0.55123634
  0.16000459  0.4767138   0.37553743  0.71483858  0.46344484 -0.32417664
  0.59973978  0.17091733  0.56507107  0.17424726  0.36500618  0.48303644
 -0.19211955 -0.50738274  0.08565333  0.33344261  0.34596358  0.59285005
 -0.34392302  0.39758404  0.40023155  0.45956247  0.51975834  0.58887192
  0.57186343  0.76353304  0.14105615  0.44349958]","[ 0.5872007   0.54593475  0.10339483  0.55137907  0.54299492  0.34094392
  0.71470048 -0.01421191 -0.08970879  0.44280368  0.6441306   0.33887161
  0.41104387  0.66113205  0.33370348 -0.46573577  0.43964809 -0.05910139
 -0.04366149  0.39131545  0.48842907  0.29759585 -0.36358344  0.10464775
  0.64009754  0.54346745  0.02814069  0.31839656 -0.52381792  0.06258789
  0.24548516  0.44218085  0.65697518  0.61344022  0.1052526   0.12834757
  0.47387044 -0.41805873  0.38212252 -0.24483508  0.27230966  0.58394907
  0.24662     0.42866233  0.13592288  0.09536154  0.44277749  0.26439373
 -0.35128078 -0.23102498  0.36743949  0.30943963 -0.10766182  0.50904689
  0.07219078 -0.1971293  -0.46113398  0.52623195  0.0994709  -0.5178307
  0.22940833  0.30885664  0.32329885  0.46929081  0.28642343  0.60175666
  0.59170068  0.21346348  0.35125305  0.63619756  0.39278953  0.08585384
  0.61533937  0.05199959  0.1557999   0.58582996  0.21881173 -0.09343247
 -0.00676566 -0.15854128  0.26665439  0.23555253  0.11019751  0.32226371
  0.07464377  0.79020735  0.24518917  0.24963821  0.41457787  0.44877097
  0.50423838  0.70833902  0.00894757  0.28051844]","[ 0.60448563  0.24361841  0.53457194  0.30381557 -0.11924785  0.18796669
  0.77523615  0.2547389   0.30555804  0.7106886   0.65304361  0.57834856
  0.53889182 -0.08897906  0.41147039 -0.18556268  0.36703805  0.08913525
 -0.32562619  0.07848059  0.53566633  0.55446499  0.50067163  0.20608212
 -0.59247327  0.07480145  0.11155014  0.16195571 -0.50341604  0.05863748
  0.68838713  0.29709604  0.42310033  0.61481821  0.25707014 -0.29936765
  0.51893259  0.05486978  0.45525382  0.54511962  0.44836797  0.11697248
  0.60700812  0.39663768  0.15202724  0.19322726  0.4228615   0.42469764
 -0.27485237  0.31153156  0.30946533  0.56645074  0.07092666  0.5693466
  0.07129344  0.54333844 -0.49566137  0.61352178  0.39772767 -0.11831575
  0.0576051   0.43217866  0.47075944  0.38445326  0.54426683  0.71342574
  0.44141628  0.34006464  0.04784016  0.31752122  0.29328724  0.40428296
  0.64927092  0.12704543  0.32284025  0.10886297  0.11510593  0.57861423
  0.20175005 -0.04443259  0.31939614  0.44720329 -0.02295655  0.51944109
  0.28070859 -0.09965194  0.3928422   0.44962213  0.63478201  0.63756217
  0.21871481  0.6274224   0.26785862  0.5485207 ]","[ 0.5154038   0.02696527  0.417968    0.55631947  0.52303747  0.34190172
  0.76459664  0.43409905  0.25228011  0.53499333  0.51163464  0.47822244
  0.15073238  0.44905655  0.57016353  0.20320888  0.53444879 -0.49430713
  0.00355643  0.13062379  0.63105018  0.222891    0.67894667  0.18430156
  0.37710401 -0.08238258 -0.05321116  0.44477201  0.63814715 -0.36405701
  0.11580131  0.42999264  0.42332767  0.50197534  0.33159278  0.30783125
  0.5515533   0.12944828  0.65255445  0.51999417  0.20463144  0.01272011
  0.64753768  0.33303329  0.19847686 -0.16422349  0.44365492  0.60086641
 -0.1945196   0.28086863  0.56476051  0.5075752  -0.34929872  0.34427146
  0.34585163  0.50331744 -0.06959632  0.1277036   0.103839   -0.17824942
  0.26971282 -0.08436326 -0.10476299  0.16328086  0.64009098  0.38124813
  0.28033476 -0.28119919 -0.38091333  0.50587557  0.08806891  0.47310265
  0.62531707  0.21101234  0.25520779  0.2799945  -0.16762168  0.30266792
  0.56248459  0.20985089  0.38658717  0.31019666 -0.11023584  0.46816953
 -0.26395276  0.50151494  0.411193    0.07477847  0.51958499  0.56362676
  0.49069639  0.37139972  0.37779374  0.25544695]","[ 0.36279686  0.08206958 -0.30216564  0.70679664  0.09619516  0.02258832
  0.76020681  0.32575068  0.29129646  0.02056036  0.37904081  0.41027063
 -0.44912928  0.34976904  0.58003028  0.07983456  0.58324978 -0.29695716
  0.36117512 -0.3930019   0.43168518  0.09456165  0.51176683  0.08041504
  0.24719435  0.21691306 -0.01867471  0.5261489  -0.44476133 -0.32674721
  0.31756665  0.36838651  0.44024255  0.63008205  0.20838509  0.22180483
  0.47507288 -0.10429778  0.64135018  0.37906687  0.21708723  0.10921924
  0.61499079  0.34118838  0.29518422 -0.07813281  0.49313081  0.30115454
 -0.21815388 -0.15814574  0.39629385  0.51279619 -0.32558472  0.29846314
  0.17574973  0.43210131 -0.58057024  0.21776682 -0.03189009  0.05774572
  0.19697033  0.46306513  0.36163437  0.44399594  0.59029772  0.56885948
  0.0464025  -0.31187291 -0.39938241  0.66056833 -0.0163145  -0.11264286
  0.39157117 -0.08985324  0.53223059  0.28017359 -0.11418234  0.43020329
 -0.14304266  0.29957872  0.3703      0.15538508  0.15402763  0.52953236
  0.30230631  0.66905011  0.40185845 -0.08567683  0.66871538  0.6006771
  0.54407547  0.61563741  0.29538023  0.42892599]","[ 0.12911234  0.07694778  0.26409739  0.05917961  0.20836372  0.08307499
  0.71290459  0.60917318  0.1791974   0.39876272  0.20487829  0.10614226
 -0.40417278 -0.13628017  0.42247264  0.39108348  0.62986936 -0.40783285
 -0.24892678 -0.38813304  0.41796098  0.27027346  0.34410787  0.09804378
  0.67592736  0.32757276  0.29396385  0.45792185 -0.36535487  0.09647874
  0.26762013  0.32052523  0.51074379  0.61927183  0.00572152 -0.25093544
  0.09724273  0.10624636  0.45811583 -0.24647454  0.31444133 -0.31359297
  0.5435737   0.24325828  0.29775362 -0.29900645  0.60077531  0.15036728
 -0.29429189 -0.02192435  0.44148588  0.19017612  0.15299184 -0.1869245
  0.07921494  0.43387161 -0.4069639   0.16379179 -0.12512296  0.368235
  0.09202751  0.49991438  0.34039533 -0.22630478  0.35808746  0.65226411
  0.31055193  0.41144839  0.42217616  0.18649326  0.15051006 -0.10514791
  0.60391679 -0.30935195  0.29280769  0.06279372  0.06541145  0.41875271
 -0.33409627  0.312713    0.2530208   0.18503149 -0.1492488   0.17922785
  0.15646063  0.49113379  0.3717541   0.61486533  0.35527908  0.32166273
  0.14919373  0.58261138  0.26077356  0.29142153]","[ 0.63486636  0.55057615 -0.32408295  0.52594225 -0.51622706 -0.05998618
  0.50374192 -0.1074175   0.43752309  0.52210682  0.43902881  0.087663
  0.24254495  0.3291363   0.07060361  0.40493614  0.33322881 -0.10599836
  0.28861667  0.48454081  0.20033149  0.04829179  0.31242084  0.51261981
 -0.53038145  0.54645508  0.64611444 -0.23764842 -0.25134065  0.18485135
  0.45954599  0.07178267  0.32125273  0.32432588  0.13584001  0.26746742
  0.15661629  0.40402254  0.36542189  0.42632232  0.0338236   0.64384278
 -0.11600385 -0.4245038   0.3177688  -0.17696165  0.05127007 -0.12594
  0.49186451  0.64230447  0.47113974  0.35348979  0.41697745  0.27538508
  0.45324447  0.41417117  0.37085636  0.45526711 -0.23864512 -0.34900443
  0.30452254  0.58116731  0.57667808  0.46154174  0.35792493  0.33489396
  0.3683201   0.38474168  0.35603283  0.45655604  0.17076685 -0.05137079
  0.21806253  0.36236903  0.33415664  0.06834276 -0.06944755  0.73013742
 -0.2352972  -0.49135994 -0.39147028  0.5932382   0.07560288  0.0656557
  0.3539975   0.25175257  0.50261007  0.50263017  0.60335976  0.14599817
  0.59512756 -0.13275911 -0.18216199  0.31099486]","[ 0.70890986  0.67064904  0.35122162  0.60696915  0.18943148  0.13661603
  0.12394394  0.50228545  0.5880452   0.56507351  0.71934884  0.36524009
  0.58573094  0.37012363  0.5409231   0.32923993  0.56626247  0.55577759
  0.45372812  0.55914358  0.37296314  0.53649331  0.51887594  0.67376763
  0.15150599  0.58519399  0.71166242  0.36905807  0.00454141  0.67861013
  0.58641334  0.27419985 -0.23946139  0.38962408  0.57926215  0.58844765
  0.2992837   0.3753962   0.56008022  0.54831146  0.43687481  0.45521309
 -0.03860773  0.46082358  0.59195805 -0.29122421  0.29371544  0.38202245
  0.63211278  0.83865675  0.55755119  0.19258342  0.55377337  0.4623896
  0.4710929   0.18182107  0.3794835   0.57299593  0.12174152  0.51332249
  0.46805635  0.6966139   0.617541    0.47155864  0.59100299  0.61581013
  0.5169462   0.50339408  0.58259319  0.37762972  0.34078404  0.33005106
  0.47371126  0.5260718   0.43186644  0.33944377  0.5160221   0.62259194
  0.40451749  0.73558013  0.01701255  0.80521031  0.29669543  0.40462441
  0.46404461  0.70579916  0.55737447  0.53460203  0.67909044  0.57035175
  0.59270989  0.23409344  0.35918523  0.54179617]","[ 0.60439943  0.03636853  0.12317056 -0.36584705 -0.32013934 -0.08983095
 -0.28044713  0.29455261  0.30279643  0.00561469  0.6458883  -0.2333519
 -0.37399115 -0.17645523 -0.24342876 -0.49755572 -0.24703242  0.17520845
  0.37407356 -0.4006958  -0.24111848  0.11418393  0.16236504  0.34706666
  0.27487761  0.31151913  0.48465215 -0.2386035   0.42756139  0.08931111
  0.46682803 -0.13715033  0.20605617 -0.17859157  0.22903019  0.36449196
  0.1870266   0.20295966  0.15268622  0.00162283  0.19653949  0.33839863
  0.01600026  0.15638768  0.30924917  0.36603195 -0.21369667 -0.57272718
 -0.12260752  0.69394617 -0.38802903  0.27147131  0.32025239 -0.19494922
 -0.21870353 -0.40524531  0.19390192  0.35097076  0.27802933  0.15493715
 -0.09333097  0.49563721  0.41703376  0.0785299  -0.05312632  0.03098561
 -0.17180044 -0.04431131 -0.26165736  0.26606308  0.49031942 -0.29441117
 -0.41272678  0.2670451   0.12645372  0.09554853  0.2704858   0.46736884
 -0.11017099 -0.35103509  0.43259806  0.28581407 -0.50252982 -0.5133899
  0.04147225  0.16203884  0.66547654  0.45574429  0.5641725  -0.26072759
  0.43975029 -0.13506479 -0.45345958  0.26630424]","[ 0.82391859  0.65406846  0.39862755  0.59899925 -0.02937516  0.44332057
  0.41598091  0.28378798  0.44292015  0.47818929  0.80722463  0.37822361
  0.16439687  0.42488077  0.44925187  0.21596053 -0.32761551  0.42162423
  0.71541979  0.50048083  0.27545677  0.55524576  0.29434025  0.56395297
  0.24184013  0.38815349  0.58230743  0.01863708  0.28438288  0.56846342
  0.35058881  0.41712879  0.21199931  0.30594363  0.52810073  0.64600539
  0.079681    0.51654946  0.65555167  0.50876644  0.16472103  0.37794176
 -0.40713023  0.34884714  0.54902602  0.02500021  0.23736708  0.33705702
  0.49998499  0.83852522  0.37271864  0.01214536  0.48097159  0.51976964
  0.48567081 -0.16374982 -0.02572598  0.26829398  0.07386338  0.02553381
  0.29799679  0.58331571  0.46091035  0.5536565   0.32731919  0.61368744
  0.55981494 -0.2476346   0.57525779  0.34568158  0.12077276  0.09938778
  0.75906361  0.11299589  0.09955232  0.05429034  0.23144404 -0.04702431
  0.06080923  0.49099598  0.10185419  0.54438537  0.06504565 -0.2905765
  0.45993438  0.75798662 -0.31474659  0.44485116  0.38947887  0.45228811
  0.63275516  0.30105142  0.15715052  0.5717176 ]","[ 0.47900562  0.57369787  0.44634569  0.29712728 -0.26984905  0.12980709
  0.39748312  0.63513402  0.62877525 -0.37921768  0.646266    0.39344766
  0.67509874 -0.70649374  0.42743473  0.20864408  0.52648272 -0.2876588
  0.28633701  0.45095716  0.55513552  0.53963101  0.60246283  0.58479485
  0.16435438  0.59693978  0.69970294  0.38372949  0.16191748  0.65639062
  0.38288008  0.38493372  0.01823666  0.56916918  0.54233047  0.4774317
  0.4432267   0.48965616  0.78875051  0.59196843  0.49635657  0.2783296
  0.10809888  0.27041141  0.58138882 -0.38543522 -0.17508161  0.0051473
  0.57825091  0.69750737  0.52560747  0.35716137  0.06724443  0.36098793
  0.54183594  0.24610159  0.48267624  0.7618575   0.5212115   0.52043106
  0.37285238  0.76924873  0.60809164  0.5410032   0.53563788  0.63212394
  0.40326043  0.3575769   0.17807965  0.71133943  0.3027344   0.65845561
  0.44580759  0.5884492   0.08572606  0.36440048  0.50467123  0.51808063
  0.41791003  0.62540518 -0.11992607  0.83439679  0.32049395  0.47982275
  0.4465513   0.62381712  0.25531267  0.47565264  0.68644921  0.62633459
  0.28061621 -0.18688439  0.12078731  0.02288204]","[ 0.76918201  0.3001904   0.5465659   0.56743625  0.01683753 -0.1328975
  0.29038412  0.8145535   0.70322969  0.28491355  0.44099357  0.58822921
  0.56475678  0.26909766  0.49536628  0.48394566  0.74237811  0.08937344
  0.15348696  0.61886285  0.53143981  0.49253717  0.61159863  0.68202901
  0.67432649  0.69031361  0.84770597  0.51830931  0.57404864  0.65732829
  0.56866779  0.41292487  0.44401529  0.8118296   0.54864449  0.70617521
  0.62889446  0.69773805  0.8376768   0.58097842  0.62836523  0.45674263
  0.35875722  0.41733801  0.26880956  0.111751    0.56918406  0.26706636
  0.70237385  0.70472609  0.74298714  0.77137639  0.50129328 -0.16392385
  0.57419326  0.55065613  0.73961407  0.85147592  0.66105196  0.6346855
  0.51468616  0.77972942  0.7310385   0.71722481  0.69729077  0.73572013
  0.57923568  0.66902286  0.60200573  0.82712987  0.6607147   0.79610774
  0.62633158  0.77402857  0.57696686  0.42625705  0.63454106  0.75786626
  0.62419182  0.53650145  0.19277915  0.88742644  0.38600888  0.52581334
  0.53669323  0.7369715   0.57760469  0.62685544  0.7210698   0.62420443
  0.14558553 -0.15886422  0.33352222 -0.28530313]","[ 0.7675792   0.55899824  0.29526631  0.65855697 -0.33092582  0.4950754
 -0.31892206  0.24925436  0.6219718   0.28747971  0.78741354  0.26546933
  0.46638837  0.28629168  0.3494936   0.2699825   0.38656951  0.23886872
  0.60761369  0.3508474  -0.26647195  0.45059386  0.31543978  0.57282153
 -0.22905651  0.51243199  0.6059295   0.24650524  0.19471425  0.53973571
  0.46522874  0.112486   -0.3730756   0.53829394  0.58432898  0.50064337
 -0.04222622  0.50132381  0.40935297  0.32767936  0.18895114  0.49289728
 -0.49569929  0.49622907  0.62195117 -0.156382    0.53116758  0.25887881
  0.30535508  0.86760969  0.52427537 -0.05862441  0.39222514  0.22605808
  0.53426262  0.01589603 -0.22489616  0.53536489 -0.08989276 -0.06326084
  0.31254526  0.520774    0.46300146  0.26050785  0.35341983  0.46345406
  0.24437995  0.40180539  0.38149634  0.31693905  0.13467248  0.33370409
  0.66783271  0.39535413  0.24677831 -0.14103763  0.12525232  0.46719336
  0.30145072  0.54204986 -0.34915629  0.51316001 -0.25748904 -0.02717059
  0.41959064  0.58436946 -0.50432647  0.61951906  0.5271691   0.50149862
  0.62725564  0.28141209  0.09558907  0.35537032]","[ 0.62427109 -0.22223863  0.07067858 -0.00828672 -0.18485051 -0.03372805
 -0.27095733  0.27918198  0.59608839 -0.4047127   0.28625631  0.2121915
  0.40408689 -0.64273432  0.07591695 -0.08323111  0.1992023   0.00295718
  0.00162771 -0.10600723  0.07534072  0.14185893  0.30276282  0.51065799
 -0.40207743  0.43378228  0.56036577 -0.35649716  0.14826233 -0.21361369
  0.19229031  0.11629308  0.35284954  0.48317301  0.43369233  0.45501775
 -0.05422602  0.08694544  0.55107772  0.34589357 -0.26061016  0.38338533
 -0.55075512  0.11422983 -0.3685618   0.2246994   0.05307182 -0.54541199
  0.49564624  0.59321875  0.27276907  0.10204525  0.03543249  0.07408306
  0.25952785 -0.1812679   0.235068    0.65248619  0.32374857  0.32013809
 -0.0585543   0.52045419  0.50396647  0.31220279  0.41327693  0.47381666
 -0.55458596 -0.53901928  0.55259336  0.731304   -0.164226    0.41049872
 -0.03204058  0.43129711 -0.23697353 -0.13492663  0.26681897  0.19304475
  0.07476374  0.38697391 -0.21700229  0.66008705 -0.3458821   0.35563232
  0.23665221  0.47794902  0.08941975  0.48484661  0.4891582   0.64379566
 -0.01387764 -0.49189535 -0.16034385 -0.38155116]"
