Brain-Stem,Left Accumbens,Left Amygdala,Left Caudate,Left Cerebral Cortex,Left Cerebral White Matter,Left Hippocampus,Left Lateral Ventricle,Left Pallidum,Left Putamen,Left Thalamus,Right Accumbens,Right Amygdala,Right Caudate,Right Cerebral Cortex,Right Cerebral White Matter,Right Hippocampus,Right Lateral Ventricle,Right Pallidum,Right Putamen,Right Thalamus,b'7Networks_LH_Cont_Cing_1',b'7Networks_LH_Cont_PFCl_1',b'7Networks_LH_Cont_Par_1',b'7Networks_LH_Cont_pCun_1',b'7Networks_LH_Default_PFC_1',b'7Networks_LH_Default_PFC_2',b'7Networks_LH_Default_PFC_3',b'7Networks_LH_Default_PFC_4',b'7Networks_LH_Default_PFC_5',b'7Networks_LH_Default_PFC_6',b'7Networks_LH_Default_PFC_7',b'7Networks_LH_Default_Par_1',b'7Networks_LH_Default_Par_2',b'7Networks_LH_Default_Temp_1',b'7Networks_LH_Default_Temp_2',b'7Networks_LH_Default_pCunPCC_1',b'7Networks_LH_Default_pCunPCC_2',b'7Networks_LH_DorsAttn_FEF_1',b'7Networks_LH_DorsAttn_Post_1',b'7Networks_LH_DorsAttn_Post_2',b'7Networks_LH_DorsAttn_Post_3',b'7Networks_LH_DorsAttn_Post_4',b'7Networks_LH_DorsAttn_Post_5',b'7Networks_LH_DorsAttn_Post_6',b'7Networks_LH_DorsAttn_PrCv_1',b'7Networks_LH_Limbic_OFC_1',b'7Networks_LH_Limbic_TempPole_1',b'7Networks_LH_Limbic_TempPole_2',b'7Networks_LH_SalVentAttn_FrOperIns_1',b'7Networks_LH_SalVentAttn_FrOperIns_2',b'7Networks_LH_SalVentAttn_Med_1',b'7Networks_LH_SalVentAttn_Med_2',b'7Networks_LH_SalVentAttn_Med_3',b'7Networks_LH_SalVentAttn_PFCl_1',b'7Networks_LH_SalVentAttn_ParOper_1',b'7Networks_LH_SomMot_1',b'7Networks_LH_SomMot_2',b'7Networks_LH_SomMot_3',b'7Networks_LH_SomMot_4',b'7Networks_LH_SomMot_5',b'7Networks_LH_SomMot_6',b'7Networks_LH_Vis_1',b'7Networks_LH_Vis_2',b'7Networks_LH_Vis_3',b'7Networks_LH_Vis_4',b'7Networks_LH_Vis_5',b'7Networks_LH_Vis_6',b'7Networks_LH_Vis_7',b'7Networks_LH_Vis_8',b'7Networks_LH_Vis_9',b'7Networks_RH_Cont_Cing_1',b'7Networks_RH_Cont_PFCl_1',b'7Networks_RH_Cont_PFCl_2',b'7Networks_RH_Cont_PFCl_3',b'7Networks_RH_Cont_PFCl_4',b'7Networks_RH_Cont_PFCmp_1',b'7Networks_RH_Cont_Par_1',b'7Networks_RH_Cont_Par_2',b'7Networks_RH_Cont_pCun_1',b'7Networks_RH_Default_PFCdPFCm_1',b'7Networks_RH_Default_PFCdPFCm_2',b'7Networks_RH_Default_PFCdPFCm_3',b'7Networks_RH_Default_PFCv_1',b'7Networks_RH_Default_PFCv_2',b'7Networks_RH_Default_Par_1',b'7Networks_RH_Default_Temp_1',b'7Networks_RH_Default_Temp_2',b'7Networks_RH_Default_Temp_3',b'7Networks_RH_Default_pCunPCC_1',b'7Networks_RH_Default_pCunPCC_2',b'7Networks_RH_DorsAttn_FEF_1',b'7Networks_RH_DorsAttn_Post_1',b'7Networks_RH_DorsAttn_Post_2',b'7Networks_RH_DorsAttn_Post_3',b'7Networks_RH_DorsAttn_Post_4',b'7Networks_RH_DorsAttn_Post_5',b'7Networks_RH_DorsAttn_PrCv_1',b'7Networks_RH_Limbic_OFC_1',b'7Networks_RH_Limbic_TempPole_1',b'7Networks_RH_SalVentAttn_FrOperIns_1',b'7Networks_RH_SalVentAttn_Med_1',b'7Networks_RH_SalVentAttn_Med_2',b'7Networks_RH_SalVentAttn_TempOccPar_1',b'7Networks_RH_SalVentAttn_TempOccPar_2',b'7Networks_RH_SomMot_1',b'7Networks_RH_SomMot_2',b'7Networks_RH_SomMot_3',b'7Networks_RH_SomMot_4',b'7Networks_RH_SomMot_5',b'7Networks_RH_SomMot_6',b'7Networks_RH_SomMot_7',b'7Networks_RH_SomMot_8',b'7Networks_RH_Vis_1',b'7Networks_RH_Vis_2',b'7Networks_RH_Vis_3',b'7Networks_RH_Vis_4',b'7Networks_RH_Vis_5',b'7Networks_RH_Vis_6',b'7Networks_RH_Vis_7',b'7Networks_RH_Vis_8'
"[ 0.46576832  0.34263975  0.30644679  0.26005909  0.33200905  0.17580259
 -0.31421296  0.43500105  0.29243423 -0.16102593  0.17462898  0.25653431
  0.23744463 -0.25448045 -0.3497088   0.35672299  0.2794923  -0.08762157
 -0.45732857  0.20702909  0.46943409  0.43440976 -0.20696909  0.32429956
 -0.26598257  0.21315627  0.48300877  0.06241006  0.37885128 -0.20764793
  0.59129567  0.11646962  0.14268037  0.52611441 -0.21662571  0.30716498
  0.39101796  0.54422776  0.45961652  0.47191943 -0.15468593 -0.42810006
 -0.29276634 -0.0784439   0.57145199 -0.16411231  0.2090467   0.06726248
  0.32327089  0.55919317  0.24992261 -0.31439383  0.34446826 -0.33458715
 -0.04036033  0.38212263  0.23161333  0.22103993  0.30037682  0.2994839
 -0.10003152  0.33125626  0.69556907  0.35804948  0.35296117  0.60733763
  0.51672567  0.40472737  0.42619899 -0.30561757 -0.25572767  0.33973968
  0.30704353 -0.35762296 -0.20592077  0.13421508 -0.25946929  0.75927258
 -0.26869871  0.38003989 -0.12448161  0.70362992  0.12116139  0.45424321
 -0.29704805  0.25526653 -0.30517182 -0.55569122  0.46083803  0.36321478
  0.52188747  0.30058588  0.25434768  0.37586972]","[-0.34824437  0.39320008  0.33313936  0.31951634  0.27733569 -0.19336225
  0.48219158 -0.32478547  0.26304814  0.55539482  0.1418694  -0.02058763
 -0.13561119 -0.35070434 -0.2673048   0.37137274 -0.43491866  0.28124935
 -0.21924298  0.32702078 -0.27241571 -0.25787073  0.32262532  0.57722495
  0.58988023 -0.11796631  0.53786497  0.32559302  0.22271297  0.18183704
  0.59347809 -0.28570483  0.34834826  0.37801009 -0.3009865   0.03544239
 -0.38635086 -0.43042569  0.43199034  0.48342018 -0.15105933  0.50451709
  0.26546581 -0.03401148  0.57224874  0.40954178  0.25813122 -0.29344029
 -0.41537962  0.47886356 -0.23376396  0.42005142 -0.22250522  0.20086946
  0.26746024 -0.51953916  0.12239326 -0.34743719  0.32833126 -0.43853482
 -0.27503438 -0.39655421  0.50025572  0.50527445  0.29867237  0.61911198
  0.53700496  0.32733649  0.17755351  0.50479832  0.56223135  0.35454735
 -0.63823098 -0.14694324 -0.14465191 -0.03901222  0.07790032  0.58802801
 -0.21412603  0.35019533 -0.02014185  0.27054729  0.37988701 -0.37816627
  0.50051256  0.05328653  0.33711547  0.61760469  0.47801764  0.84499552
  0.21843585  0.19536146  0.25654757  0.37425506]","[ 0.13892618  0.43448244  0.51015082  0.16196181  0.3853458   0.20708876
  0.48869399  0.1442982   0.24677199 -0.15475546  0.19706258  0.39244441
  0.49332375  0.30462176  0.57394635  0.23883615 -0.15407338  0.34416405
  0.53795725  0.26312277 -0.10000339  0.27263547 -0.10655133  0.23127445
 -0.45743042  0.17521448  0.47732609  0.56602222 -0.34162621  0.29922434
 -0.25773912 -0.36734721  0.44389639  0.21556203  0.3795657   0.58474104
  0.51301799 -0.29784281  0.20825232 -0.40180181  0.25464258 -0.26486658
  0.19869653  0.20365604  0.35416201  0.26576629  0.47145547 -0.07238349
  0.09880217 -0.31309258  0.27251237  0.18158001 -0.12054869  0.43870296
  0.5105541   0.20687129  0.27295926 -0.17104165  0.17966043 -0.30920805
 -0.1338213   0.47587199 -0.52167541 -0.16950317  0.37677814  0.05382895
  0.26420193  0.426999   -0.20982397  0.04762471  0.46654527  0.55622536
 -0.15197948 -0.22882521  0.23280379  0.20289641  0.35074362 -0.36093696
  0.56799075  0.24226469  0.21428071  0.31307761  0.13599791 -0.12067245
 -0.29423712  0.4866297   0.16917099 -0.56879103  0.16488206  0.62213125
 -0.10159399  0.51896543  0.42252274 -0.14009092]","[ 0.17956789  0.04827659  0.44179048 -0.34095746  0.56473273  0.19626142
 -0.30562163  0.37696669  0.34103932  0.29933065  0.52025293 -0.19770163
 -0.22480323 -0.1585005   0.2227354  -0.35698538 -0.61161466 -0.55829957
  0.17587784  0.3478611   0.62099241  0.34228059  0.42862582  0.63296611
  0.52773054 -0.15787055  0.35340386  0.4575825  -0.02104459 -0.23603367
  0.53719174  0.1449033   0.46765938 -0.2633587  -0.58939191  0.02494041
  0.29033921 -0.45005506 -0.13514863  0.48333646 -0.14958068  0.34710402
 -0.23651978  0.47493987  0.35377481  0.40123748  0.27413399  0.34768637
 -0.35762144  0.71899398  0.39337264 -0.17141602  0.42916588 -0.1142745
  0.34459162  0.5797636   0.43206966 -0.39101837 -0.19032095 -0.22875936
  0.53814759  0.24457665  0.68529955  0.53417823  0.40087196  0.31422272
  0.47406249 -0.07066066 -0.27922566 -0.46932282  0.53058184  0.57817417
 -0.66733633 -0.05149134  0.11456408  0.20401077 -0.32040766  0.30503322
  0.53621226  0.26343031 -0.27008271  0.493541   -0.22474733 -0.32638257
  0.60602348  0.09431404 -0.28250959  0.63738642  0.501948    0.48509299
 -0.25743594  0.15946515  0.29037544  0.42436933]","[ 0.81891628  0.31093702  0.33947491 -0.16442286  0.35585757  0.31897374
 -0.12734259  0.5634955   0.63244226  0.52321346  0.22294728  0.36246173
  0.47524193 -0.4230014  -0.14715501  0.48366232  0.31263872  0.57138065
  0.21595861  0.47887477  0.54821942  0.48164296 -0.0505991   0.58707127
  0.27659164  0.34608535  0.82577017 -0.27593273  0.1700492  -0.17871433
  0.51268032 -0.23362442  0.31379622  0.58522273  0.1970281   0.7757973
 -0.2148058   0.62350158  0.72674924  0.58755161  0.31272828  0.33079165
  0.2812248   0.43702062  0.63983932  0.09145454 -0.57199006  0.26297442
 -0.31139586  0.80140935  0.42438367  0.34841991  0.49343838 -0.16995692
  0.39241713  0.60671355 -0.42457255  0.5565833  -0.06880795  0.33868362
  0.44211193  0.53729179  0.72261804  0.7196662   0.41763317  0.60739102
  0.70136294  0.50879008  0.43204195  0.30326853  0.29869161 -0.12999857
  0.29709835  0.35563917  0.12560431  0.14539605 -0.28447364  0.72183151
  0.45806333 -0.16592175  0.2670119   0.67578951  0.18971918  0.34312229
  0.62977289 -0.48106478 -0.07615921  0.59499492  0.63627687  0.45756811
  0.58836519  0.18087064 -0.3206287  -0.29790977]","[ 0.45359706  0.39079256  0.28234927 -0.44632841  0.37892254  0.2670658
 -0.589139    0.65547771  0.51123146  0.55053432  0.14985016  0.44622717
  0.68981485 -0.3026544  -0.37417371  0.47991999 -0.45108517  0.39804049
  0.45363827  0.48837769  0.39995567  0.57480447 -0.18426889  0.64533168
  0.31651861  0.35458227  0.70324155 -0.31557169  0.55722382 -0.23751708
  0.57899999  0.42809036  0.25356633  0.59879649  0.35098965  0.5609605
 -0.30007165  0.3438117   0.51887965  0.35939939  0.13198341 -0.05582609
  0.3829718   0.35641069  0.34132327 -0.09266755 -0.56807687  0.53712531
 -0.29793869  0.73448769  0.56882392 -0.37316568  0.52400265 -0.50156978
 -0.05391428  0.74509962  0.10864144  0.45297658  0.24939246  0.32448626
  0.63853898  0.44323532  0.67858302  0.68292491 -0.27231296  0.66246896
  0.66115154 -0.30772293  0.37320806 -0.32640116 -0.06903245  0.22562343
 -0.10161072 -0.16836784  0.16113278  0.11071792  0.20710831  0.68917001
 -0.44637925 -0.32341272 -0.3659552   0.54496964  0.14811975  0.40763152
  0.44538776 -0.27653229  0.11212792  0.37413681  0.68138741  0.68647469
  0.5629147   0.57148601 -0.22278969 -0.34275277]","[-0.17914856 -0.30565538  0.46964917 -0.40113683  0.34951645  0.42431682
  0.4856777   0.32428309 -0.38088042  0.36527471  0.25851116  0.35446642
  0.46966865 -0.14033102  0.4814711  -0.24320115 -0.22204514 -0.40326854
 -0.27513427  0.14896713  0.26174357 -0.25079469  0.38317686  0.08227374
  0.31431789  0.31951239  0.55101981  0.40661026 -0.25095928 -0.21611519
 -0.09329683 -0.18766903  0.28905888  0.29065622  0.2657884  -0.35769887
  0.10418383 -0.30390988  0.34219499  0.39545939 -0.27841656 -0.3650543
  0.17216572 -0.25414286  0.34886365  0.02114076  0.2622257   0.35217711
  0.1297698  -0.18714793  0.38240323 -0.10742385 -0.03045881 -0.26007758
  0.48619899  0.48040024  0.3045265   0.15487304  0.10572697  0.31725389
 -0.29876373  0.13800071  0.62422557 -0.31347564 -0.0234159  -0.16628501
 -0.28328889  0.46201219 -0.29228087 -0.20002982  0.2981119   0.46190144
  0.31704137 -0.20168641  0.24238227  0.2104522  -0.24329089 -0.46201336
  0.29904266  0.38649717 -0.22099307  0.32674746 -0.21646116  0.15882621
  0.35000295 -0.25285118  0.31686683  0.19927961  0.28847014  0.40871101
 -0.1491904   0.60470276  0.34940897  0.11009897]","[-0.27104629 -0.24218541  0.45843549 -0.25842144  0.32600861  0.30192612
  0.06878776  0.32361611  0.21665357  0.24667068 -0.18545076 -0.43807782
  0.12540428 -0.5037454  -0.26822923  0.35072116 -0.52652633 -0.29571817
  0.38950382 -0.12750135 -0.16613984  0.22329245  0.15119392  0.3040646
  0.52987065  0.2321022  -0.28771804  0.45065071  0.29013369  0.46631068
 -0.21776777  0.18728365  0.3084393  -0.16539987 -0.11627776 -0.06292834
  0.24144504 -0.26344542 -0.22565834 -0.49356844 -0.13044998  0.28266814
  0.1941593   0.22532903 -0.64478584 -0.24873936 -0.31166226  0.56299104
  0.11599956  0.33720356 -0.29950395 -0.3690467  -0.12468015 -0.26457095
 -0.24785932  0.74053717 -0.41391233 -0.0620954  -0.1943668   0.17409827
  0.64420044  0.11231247 -0.26177831  0.13618189  0.57866968 -0.3172513
 -0.23915649 -0.39988087 -0.37934097 -0.51029338  0.43795466  0.2951079
 -0.33049233 -0.12334618 -0.15146639  0.24546831 -0.10218294 -0.45561642
 -0.21661134  0.1603234  -0.22957104 -0.25648959  0.1276744  -0.23276108
  0.26787828  0.33501738  0.18420668 -0.41640466  0.65548053  0.45739143
  0.12729161 -0.37725805  0.18895932  0.47465696]","[-0.33396606  0.23371614 -0.25402567 -0.08103348 -0.28724312 -0.02870275
  0.1562667  -0.09386279 -0.21935289 -0.23799303 -0.22798425  0.41666602
  0.24740717  0.18942127 -0.10983633 -0.40773869  0.21799993  0.45696339
  0.20464082  0.19737425  0.55391419  0.4260534   0.4602384  -0.22007488
 -0.13493531 -0.25422911  0.33708614 -0.21099941  0.39598435 -0.1632788
  0.2042856  -0.13585485 -0.24714652  0.46095754  0.19582166  0.39330477
  0.36290341  0.432951   -0.34746553  0.36559607  0.22702546  0.18194597
 -0.19683916 -0.26982843  0.49659447  0.45751195 -0.14631342  0.27252327
  0.28702201  0.52186695  0.51114691  0.34265681 -0.10814584  0.16156453
  0.22320744  0.38092143  0.03710588  0.20724705 -0.33346752 -0.33871272
 -0.14279346  0.26612092  0.50806969  0.37792921  0.42408199  0.26486752
  0.34332585 -0.31859978  0.2995804   0.24776055 -0.18437583 -0.1688889
  0.34620036  0.49429755  0.24012767  0.41924129  0.49685786  0.65162712
  0.22129185  0.25069911  0.31131822  0.63900306 -0.17953682  0.34912449
  0.63956274  0.19119196  0.30873852  0.23229594  0.20142035 -0.4337557
  0.15927639  0.40946275  0.3159165   0.14381973]","[ 0.25934741  0.31895192  0.17056375 -0.46335037  0.29525968  0.41712835
  0.3518918  -0.34809893  0.18516724 -0.22043969  0.39967045  0.13998711
  0.50580962 -0.31746093  0.32647918 -0.54510505  0.33553329  0.22312906
  0.22681413  0.17405635  0.50660706 -0.30296175  0.23267764  0.33325281
  0.44812876 -0.31831187  0.71267271 -0.42190897  0.21184007  0.26303884
  0.3094205  -0.25560325  0.5566052   0.48784142 -0.34058044 -0.32640457
  0.10301897  0.64445926 -0.31697857  0.66201142 -0.30673458  0.33352642
  0.29726133 -0.16302857  0.473129   -0.4040866  -0.13183026  0.29324993
 -0.2211878   0.41853133  0.59060824 -0.46351055  0.27459774 -0.18655664
 -0.30782486  0.66220526 -0.24765413 -0.23001904 -0.35215547  0.3470266
  0.08939379  0.1487796   0.41287853  0.67842557  0.30931741  0.45568062
  0.39267549  0.21072214  0.30496101  0.34565928  0.36134644  0.56592605
  0.23532698  0.40938206  0.3112729   0.1586729  -0.12554636  0.59988388
  0.56601028  0.18667826  0.13761307  0.18072297  0.25788647  0.15109551
  0.54572958  0.57864393  0.24801457  0.50911252 -0.17353527 -0.17827913
 -0.28751526  0.59235942  0.50989101  0.26727333]","[ 0.42061033  0.49781266  0.4023755   0.40024005  0.33934129 -0.13083522
  0.13114962  0.29527963  0.48189906 -0.2232944  -0.1688282   0.55314522
  0.34959624  0.2887785   0.44970097  0.2936149   0.37616617  0.36940361
  0.22600425  0.4541931   0.26206893  0.59122157  0.66485219  0.64059029
 -0.2559444   0.52904302  0.66548335 -0.2309518   0.45254436 -0.27814866
  0.26291373 -0.25574261  0.41103486  0.55747733  0.44120622  0.71246346
 -0.13370507  0.71244586  0.6237068   0.39359828  0.36279924  0.47716011
  0.57140452 -0.16432604  0.66873356 -0.46059554 -0.37108043  0.35827256
 -0.21292716  0.8090509   0.74907218  0.38128571  0.3098699  -0.27763296
 -0.36626511  0.5906043  -0.05869637  0.18939038 -0.23666257  0.42718359
 -0.22311752 -0.39147173  0.55078708  0.3759216   0.40132761  0.44847245
  0.51898395  0.23356125  0.32466581  0.54621692  0.01513991 -0.1946026
  0.63065627  0.4706423  -0.12087509  0.36235942  0.30276682  0.78037366
  0.46583219  0.14529134  0.27075658  0.71367036  0.23230786  0.59156199
  0.39672943 -0.21047756  0.4389615   0.63069081  0.70745158  0.52948948
  0.52451524 -0.31940232 -0.25750463  0.50970792]","[-0.2297063   0.3233906   0.44319265  0.13358241 -0.20180647 -0.24985831
  0.25090448  0.39354558  0.29869767  0.50950665  0.25543907  0.07602288
  0.15049834  0.25238591 -0.38150511  0.2199306  -0.54465097 -0.20034642
 -0.48890081  0.31023707 -0.16219217  0.35381066  0.40143096  0.35775482
  0.53941007  0.32620417  0.59650438 -0.25960145  0.17059224 -0.21160327
  0.56926052 -0.3707542  -0.10628096  0.46905639 -0.47443201  0.15098777
 -0.38397394 -0.37460282  0.41580252  0.41110068 -0.24734153  0.60921261
  0.25889995  0.20909383  0.61012568  0.58737231 -0.26478747  0.32987903
 -0.44456796  0.49767069  0.50062055  0.23269497  0.47940344 -0.31035413
  0.5549658  -0.32497891  0.18035207 -0.48359226 -0.26981267 -0.3085878
  0.22938434 -0.21186365  0.40029312  0.49709691 -0.1818439   0.55477322
  0.5500291   0.27051007  0.41432545  0.18948735  0.54319283  0.52510289
 -0.56710132 -0.23311764  0.14391181  0.23309736 -0.37566271  0.4451113
 -0.27934496  0.38738218  0.30204017  0.19437843 -0.20045861  0.30525569
  0.40322365  0.24403308  0.231991    0.56249455  0.54130596  0.71409294
 -0.06768731 -0.27136105 -0.32198701  0.2493304 ]","[-0.28785236  0.36762738  0.23122849  0.41752437  0.45570138  0.36813033
  0.55059539 -0.20320922 -0.26461417 -0.23857303  0.34262386  0.30932497
  0.61729612  0.31334853  0.56688772 -0.2142068   0.37306631  0.28680446
  0.48980919  0.35203033 -0.19731236 -0.12547079  0.31533989  0.18560924
  0.30047145 -0.04704425  0.42756123  0.47367515 -0.47611837  0.3265729
  0.16066347 -0.41945867  0.39039783  0.11015592  0.50923042  0.56933262
  0.4737147   0.21951762 -0.13905012 -0.26187559 -0.14146223 -0.31923176
  0.19226979  0.16810288  0.5630023   0.23606979  0.48894109  0.32978107
  0.3244887  -0.18512033 -0.18076613  0.40729507  0.14653983  0.58547471
  0.59020111  0.17670043  0.21499756  0.39695357 -0.16315133  0.21988069
  0.12292845  0.32923655 -0.08349198  0.47099436  0.58101675  0.32379377
  0.0744908   0.63953653 -0.38662168  0.40492307  0.31957266  0.61988494
  0.56559777  0.19671852  0.54737142  0.1818311   0.16076187  0.34177738
  0.54312299  0.36396255  0.3636339   0.26782432  0.07131716  0.25471101
  0.49670037  0.45780672  0.22530211  0.46172655 -0.11966407  0.47873874
  0.36214576  0.37212314  0.59016368 -0.17150762]","[ 0.3705672  -0.26586985  0.55412548 -0.47724115  0.40498288  0.45439226
 -0.21388903  0.38780457  0.38797394  0.43321732  0.3885734   0.49098332
  0.53712421 -0.22770092 -0.18529581 -0.32826696 -0.32881359 -0.14690462
 -0.47057061  0.31914326  0.61735085  0.50979247 -0.30519817  0.43638313
  0.54380506 -0.24489262  0.47004215 -0.11739282  0.33463669  0.1374787
  0.52929314 -0.32543128  0.42120012  0.2509034  -0.36557645  0.4940858
 -0.2000924   0.33389443  0.05227844  0.34109455 -0.15948588  0.40066168
 -0.09244149  0.51713228  0.52735046  0.60056265  0.31700596 -0.20003815
 -0.37923145  0.69104282  0.42664918  0.29069662  0.50141391  0.21118003
  0.2765559   0.61481924  0.46878672 -0.44450845  0.26412656  0.22226963
  0.54960986 -0.17608055  0.66566789  0.63192828  0.37844293  0.44237513
  0.48824344 -0.23503071  0.42973927 -0.46894012  0.49254853  0.45477499
 -0.59354078 -0.26331087  0.15506093  0.22785701  0.32723659  0.31075481
  0.37303985 -0.19641929  0.27783108  0.50072046 -0.27452153  0.39126142
  0.33859217 -0.25850668 -0.27709954  0.55427065  0.56239046  0.35801255
  0.19379525  0.17232406  0.25187389  0.35523409]","[ 0.75528805  0.32047149 -0.23321452  0.24323721  0.44799029  0.36562379
  0.23547763  0.47988932  0.56568318  0.32728902  0.23997522  0.16803962
  0.35727729 -0.2635517   0.11546433  0.43454753 -0.40316063 -0.30967441
 -0.17430079  0.37902632  0.48987286  0.35809373 -0.10875921  0.4399558
  0.35741146  0.22392803  0.70294596 -0.2114535  -0.27473842 -0.11559986
  0.41952451 -0.19170476  0.40789804  0.30043642 -0.16791795  0.53192611
  0.28829461 -0.19489309  0.54485894  0.40091327 -0.22339659  0.2065331
 -0.25442154  0.38512184 -0.37310418  0.40162422 -0.28019576 -0.1845377
 -0.39689005  0.73842192 -0.21364854  0.37173073  0.3626     -0.35223622
 -0.29086581  0.58920973 -0.36272898  0.36298283  0.2047955  -0.04182164
  0.42335347  0.34416035  0.69024804  0.33493154 -0.27960021  0.52332663
  0.15746781 -0.05111495  0.25907126 -0.35753551 -0.14147849 -0.06511611
 -0.30908872  0.07052228  0.11425832  0.37129272 -0.1567088   0.62399083
 -0.36385929 -0.15771802  0.45884431  0.59548278 -0.1006454  -0.11173541
  0.51531117 -0.59943539  0.18277857  0.53875172  0.56808719  0.19568361
  0.22461094  0.45787531 -0.25310092 -0.22500755]","[ 0.65219307 -0.27310903 -0.37097869 -0.29750107  0.61875655  0.33368142
 -0.42993801  0.60789491  0.45058499  0.51023851  0.07939847  0.45150101
  0.55311026 -0.26912757  0.25587082  0.51442865 -0.27597739  0.13768016
  0.2080488   0.50170272  0.59666359  0.51564944  0.26716328  0.34107951
  0.34773548 -0.3017748   0.66224372 -0.22305939  0.46262642  0.43825454
  0.36984504 -0.23206373  0.21472706  0.59464094  0.24971733  0.53106798
  0.45437274 -0.22257477  0.19775622  0.39685181  0.05939572  0.23815266
 -0.29774949  0.45816615 -0.06122996  0.24863099  0.26975969 -0.18212636
 -0.31502658  0.75147227 -0.06508601  0.53067936  0.43672522  0.13636086
 -0.1368264   0.77660435 -0.55443396  0.48125373  0.22329391  0.24766422
  0.64816751  0.22083929  0.68473563  0.26423781  0.2900115   0.60331836
  0.54914621 -0.53638015  0.49694109  0.31198167  0.15921146  0.25551629
  0.52626666 -0.28329007  0.26019858 -0.13936524 -0.2353597   0.63008779
 -0.20096676 -0.36558067  0.27638851  0.38807079  0.16462926  0.42380386
  0.28818861  0.38072037  0.35156708  0.54015291  0.64658325  0.58309147
  0.24906407  0.58895359 -0.47541483 -0.27472878]","[-0.27486617  0.09405252 -0.18606703  0.05627621  0.58204237  0.40523751
  0.54304031  0.02097347 -0.1663194  -0.15892011  0.35565305  0.35366841
  0.48399453  0.36056727  0.42489651 -0.38471168  0.25718783  0.23758827
  0.43590684  0.24037364  0.24976765  0.21928214  0.45904759 -0.23468197
  0.42810718  0.19112387  0.46548096  0.48612791 -0.31729533  0.11155306
 -0.05791276  0.20865521  0.1497567   0.31760041  0.33080671  0.25114621
  0.49948366 -0.27200337  0.25065335 -0.27127742  0.10984865 -0.36952751
  0.20765403  0.20924411  0.54350149  0.37860976  0.3799201  -0.08381402
  0.35306191 -0.09632386  0.26123995  0.38642208  0.04329258  0.44395817
  0.51681084  0.36257424 -0.17945566  0.46863609  0.34912175  0.29232299
  0.25153518 -0.45421256  0.4951282   0.31285854  0.5290618   0.2298413
 -0.14959691  0.50358943 -0.43416402  0.34147803  0.25214447  0.38467432
  0.60318355  0.53259088  0.55077664  0.1894284  -0.2211965  -0.36344529
  0.53012225  0.66398214  0.41213425 -0.2237881   0.0611755  -0.08711163
  0.39870747  0.33636262  0.29934231 -0.16892918  0.16237269  0.48235576
  0.20913566  0.61338072  0.39611023 -0.02165277]","[-0.02867726 -0.07701404  0.5018446  -0.47982284  0.23429129  0.32162268
  0.01995335  0.47203385  0.26469886  0.359846   -0.12388045  0.04522723
  0.34609789 -0.2776598  -0.16774259  0.3578442   0.29455986  0.4581282
  0.28672044  0.25163149  0.35537516 -0.34913206  0.41557103  0.09291653
  0.51804443 -0.259918   -0.28483073  0.40800925  0.44348326  0.49324015
  0.35952818 -0.24132977  0.1402878  -0.20433921 -0.05947307  0.47095295
  0.27283227 -0.45878561 -0.22895898 -0.26048537  0.18210137 -0.22962446
  0.26851356  0.35985154 -0.54014649 -0.1275595   0.32633894  0.39465816
  0.17016299  0.36556807 -0.21960403  0.18337515  0.36122017  0.23142151
 -0.40256283  0.83092215 -0.19409682 -0.27245442  0.3522772   0.11309302
  0.65408953 -0.22087615 -0.12341558  0.36689515  0.52344878 -0.30053475
 -0.24628929  0.27756413  0.3343709  -0.36237635  0.21737228 -0.07063449
 -0.23666698  0.3502053   0.13709386  0.19939235 -0.10305166 -0.32400293
 -0.34503309 -0.20384431 -0.2730178  -0.1359562   0.13580328  0.51641331
  0.32771453 -0.05957587  0.07907861  0.36637345  0.67084199  0.48136889
 -0.17704398 -0.32017229 -0.1760315   0.39874396]","[-0.27158195 -0.12599551  0.21179972 -0.53070814  0.39644535  0.24303706
  0.43086256 -0.24876827 -0.14557093  0.06090327  0.36405095  0.1937275
  0.47942866 -0.43431725  0.29620772 -0.23925198  0.12703396 -0.16027959
  0.15857653  0.25356633 -0.14853393  0.16712277  0.22630748  0.18986467
  0.38628708  0.23892615  0.5425941   0.07893228  0.37137393  0.28297577
  0.44233326 -0.09768807  0.46329053  0.39702593  0.19723567 -0.42984708
 -0.30042694  0.31861043 -0.31618257  0.60129518 -0.13071147 -0.24902161
  0.14551034  0.15603206  0.34645027  0.01775864  0.18533545  0.20140835
 -0.31787245  0.42906348  0.49937582  0.25040885  0.22090142 -0.08671312
 -0.20573232  0.43545595 -0.4440537  -0.20285956  0.21597909  0.3989298
  0.02005348  0.20909098  0.78291711  0.40158454  0.08395744  0.05179026
  0.48979812  0.02702386  0.2764986   0.2794307   0.15352877 -0.18005661
  0.46422889  0.27399532  0.40382905  0.34179046  0.00777792  0.52804351
 -0.08992601 -0.24147721 -0.35873797  0.31023759  0.23993056  0.09215781
  0.39335952  0.27897578  0.18656567  0.41300009 -0.2153967  -0.28903495
 -0.31962061  0.38461274  0.30152508 -0.1345124 ]","[ 0.08262651 -0.11848805  0.22376976  0.25966283  0.56097849  0.56939256
  0.55409716 -0.44533267 -0.29367206  0.34592561  0.61719753 -0.1602793
  0.44678624 -0.40833976  0.6063776  -0.52673648  0.08339183  0.35685474
 -0.20966545 -0.2290808   0.26192384 -0.30923667  0.20964631 -0.27359019
  0.31940241 -0.35299347  0.60723699 -0.34301435 -0.2519233   0.39135944
  0.1751894   0.22231889  0.8223269   0.33462485 -0.29988095  0.52465748
  0.5995187   0.29807524  0.48070437  0.70840682  0.23769585 -0.25103802
  0.23436687 -0.26887211  0.29056087  0.46575851  0.33690236  0.29798821
 -0.26048031 -0.33846891  0.34000058  0.30181563  0.33574285  0.2907369
  0.33996679  0.39957554  0.10268341 -0.29413258  0.45844614  0.45283669
 -0.05042997 -0.28660559  0.43753559  0.44090097  0.23140829 -0.24799934
 -0.0944473   0.23163031 -0.34892343  0.51595918  0.54081401  0.50299951
  0.52869339 -0.19043048  0.59483349  0.14278106  0.59795847  0.20437147
  0.72080276  0.32764318 -0.24266197  0.3320041   0.53522623  0.16258147
 -0.37864404  0.68812612  0.39055074 -0.28706099  0.33578444  0.13683297
  0.31559985  0.6852994   0.59506788 -0.33525859]","[ 0.25418919  0.54364777  0.29322166  0.37875172  0.32335957 -0.08368901
  0.11072465  0.3294811   0.31550468 -0.24124279 -0.17547279  0.54356791
  0.47270846 -0.33286215  0.04484373  0.45915884 -0.24006517  0.33753602
  0.2218235   0.32470717  0.36386511  0.54510718  0.57658907  0.57921399
 -0.17065005  0.42814399  0.68479979 -0.2698946   0.33015937  0.0963689
  0.44886013 -0.32339424  0.22514849  0.55514198  0.50195036  0.67056058
 -0.29316129  0.48561627  0.37286098  0.39724441  0.13756249  0.42949378
  0.33403319 -0.15927673  0.6341333  -0.34441087 -0.25122461 -0.06536274
  0.31547103  0.82040483  0.67398185 -0.22107445  0.36343342 -0.51807975
 -0.38220365  0.66321478 -0.34064783  0.12990391  0.33465883  0.45648085
  0.39908722 -0.27633407  0.73371188  0.35794085  0.43168477  0.41377017
  0.36238566  0.35787556  0.35691843  0.22020367 -0.28704859  0.31122598
  0.22303207 -0.21172478  0.29964907  0.29783745  0.28359186  0.74117181
  0.19039813  0.19965409 -0.05541025  0.78649512  0.25707122  0.60041623
 -0.12290289 -0.13833269  0.25395897  0.66003147  0.68018055  0.50121889
  0.60078062 -0.19365067  0.22188134  0.39114267]","[ 0.31837832  0.28387518  0.20205834  0.24671695  0.30586128  0.1435756
  0.1262922   0.34930748 -0.15422638  0.55536754  0.15101224  0.10967006
 -0.14851167  0.40285535 -0.37186033 -0.21804081 -0.1382419  -0.33104044
  0.41495857 -0.11901741 -0.16388398 -0.27642293  0.1542773  -0.01223931
  0.30596344  0.02804242  0.40761122 -0.13128194  0.58294099  0.39874836
 -0.25970708 -0.21414865 -0.14661846  0.02592044 -0.18231401 -0.2306717
  0.47604691 -0.17486956 -0.24248006  0.2730859   0.29896416  0.44092513
 -0.52756768  0.06073146 -0.29737774 -0.21898507 -0.22295148 -0.03113866
 -0.0339961   0.47871364 -0.09098985 -0.12107404 -0.18035619  0.23992862
 -0.30770367  0.33808888  0.29162846  0.36731069  0.25862818  0.32163185
  0.4658675   0.20144191  0.03595582  0.355722   -0.26037248  0.07004003
  0.29791108 -0.40629722  0.32206689  0.16619118  0.55228934 -0.23305583
  0.6056256   0.22768296  0.4988156   0.36743034 -0.22279077 -0.21923561
 -0.2818687  -0.12160448 -0.30219685  0.25296273  0.13556733  0.37343677
 -0.09629005 -0.1617594   0.1020242   0.16338136  0.36845326 -0.46500584
  0.33508052  0.08942997 -0.35706991 -0.1785159 ]","[ 0.52815011  0.06357069  0.50307908  0.3747072   0.50780001  0.37931466
  0.29556672  0.70660953  0.46077536  0.41466713  0.19172712  0.55012464
  0.20441935 -0.28361057  0.31230515  0.29346725 -0.45862199  0.57556096
  0.1323572   0.59056265  0.60463159  0.65773259 -0.34118627  0.37968051
  0.62464129 -0.26523177  0.36450504  0.14215184  0.34850195 -0.2224795
  0.46094196  0.33469527  0.32835457  0.4913774   0.35288739  0.68005968
  0.65504776  0.45034962  0.76698243  0.52246789  0.34348    -0.53276708
  0.51220538  0.3886356   0.78439443  0.24252719  0.34402373  0.42782381
 -0.24984356  0.72236322  0.36151551 -0.10864066  0.55452818  0.0104283
  0.45299092  0.7538605   0.24520564  0.38423314  0.22401468  0.39349155
  0.55935241  0.35972533  0.74417546  0.48800395  0.23621945  0.53496829
  0.77568459  0.29689513  0.59302837 -0.28755511 -0.1929124   0.44202398
  0.01073024  0.03386094 -0.08772128 -0.19484203  0.38877138  0.86542422
  0.56528564  0.16909625  0.04194031 -0.59680575  0.56899179  0.45073168
  0.24004143  0.65588557  0.07232394  0.56355289  0.63278995  0.40431021
 -0.25472672  0.45621413 -0.20869371 -0.35105884]","[ 0.60772003  0.30873026 -0.25832328 -0.21716104  0.13888472  0.13795265
  0.38968703  0.43264885  0.21590762  0.51470289  0.2357793  -0.20446334
  0.32647558  0.04291598  0.19786299  0.5757511   0.28925594 -0.31708427
  0.51167475  0.74496872  0.54920378  0.47667724  0.22994628  0.61502384
  0.55002784  0.38026153  0.69564093 -0.07526251  0.27323498  0.42056865
  0.61185609 -0.37762294  0.27880608  0.67521962  0.53234062  0.78082803
  0.43324855  0.72318349  0.73196742 -0.23020761  0.40410686  0.59312143
  0.64877251  0.59244608  0.82477474  0.25279711  0.36349636  0.61255982
  0.50398355  0.8276813   0.6300067   0.3660353   0.19675695  0.5144066
  0.72848688  0.63050541  0.14111073  0.12855141 -0.15093013  0.2784174
  0.48707794  0.37002578  0.58910599  0.53591554  0.35748714  0.55593109
  0.78273494  0.46901205  0.44998913  0.1648601   0.48106106  0.361965
  0.42552013 -0.19454663  0.33118119 -0.36868999  0.17471132  0.83258066
  0.57664424  0.27816852  0.11831991  0.63510288  0.19462461  0.71806419
  0.66731127 -0.28097605 -0.11735778  0.31576097  0.57065643  0.31308879
  0.12547692  0.37742998  0.39256667 -0.12569758]","[ 0.31714903 -0.35796789  0.64346469  0.0176778   0.44941856  0.17062961
 -0.26740807  0.3147802   0.63490978  0.24947365  0.364957    0.09559161
  0.32808806 -0.21450781 -0.16586667  0.59029566  0.23013892 -0.19883839
  0.04238533  0.19825246  0.4870873   0.5098045   0.44092774  0.36359259
 -0.12492506  0.36832982  0.54000025 -0.2833283  -0.37559142 -0.16287986
  0.50136193 -0.24758073 -0.12421444  0.46083709  0.25920914  0.69166416
  0.61169455  0.44272555  0.49631795 -0.32832852  0.15125983 -0.06262853
  0.46442357  0.2439718   0.36651426  0.35307181  0.19425758  0.41943514
 -0.35857193  0.59099841  0.54518963  0.26899128  0.31579373  0.52299991
  0.26307115  0.51879539  0.29678006  0.59950747  0.19641091  0.23118647
  0.21894882  0.30918204  0.5747528   0.52529105  0.60295281  0.47485627
 -0.44330492  0.19160643  0.26570159  0.32966916  0.25941561  0.38855713
  0.15300601 -0.15655995 -0.21089579 -0.27653234 -0.44095061  0.66651554
 -0.11782876  0.42649103  0.25376661  0.58289035 -0.1454021   0.41401604
  0.40468072 -0.34632513  0.11914079  0.55170367  0.35870777  0.49738885
  0.25200832  0.36635813 -0.37201917  0.21975946]","[ 0.3980273  -0.26851497  0.24972565 -0.15913567  0.35828038  0.25884307
  0.32945914  0.1094113   0.33711202  0.145399   -0.11584187  0.36758372
  0.39229795 -0.27251484  0.00859316  0.45561619 -0.14789364  0.39582871
  0.21452472  0.29543845  0.38353894 -0.1598626  -0.31253008 -0.14877088
 -0.16264908 -0.13974833  0.41604889 -0.08277081  0.14063799  0.44118479
  0.39014447 -0.16500762  0.27082187  0.356169    0.40374127  0.28761733
  0.1801407   0.25179528  0.14247075  0.38988204  0.57014652  0.43964214
 -0.17486979 -0.13060892 -0.04063168  0.09499121 -0.30360485 -0.28905231
  0.36845242  0.52078043 -0.16319253  0.58487406  0.26512969 -0.18392609
  0.29274936  0.29040408  0.16088541  0.18671143 -0.15008233 -0.38111271
  0.21883629  0.40806319  0.59304341 -0.38778931  0.02274314  0.11469576
  0.05505819 -0.12862929 -0.29287451 -0.25102578  0.67189924  0.13280087
  0.12223612  0.27867245  0.70797826  0.35077775  0.10368152  0.24491082
  0.4499027   0.19998981  0.14044863  0.5402502  -0.14911328  0.28404691
  0.25706128 -0.27043744 -0.18508215 -0.47475765 -0.18245976  0.34300641
  0.22966127  0.36029563  0.40592336  0.05221932]","[ 0.50787252 -0.38854154 -0.22464996  0.5066421   0.66697735  0.53344768
  0.4068713   0.16424739  0.3174876  -0.19170732 -0.21705911  0.16396734
 -0.17155055 -0.38404201  0.2992008  -0.46075519  0.43568993 -0.3424431
 -0.21542844  0.25802788  0.52406763 -0.11360838 -0.40229663 -0.33185556
  0.19540967  0.03557866  0.3387582   0.43273445 -0.31452947  0.49263035
  0.22243986 -0.36789586  0.51769898  0.18921767  0.36129949  0.3018919
  0.21075073  0.49078474  0.53975624  0.68431686 -0.27595931  0.28021041
 -0.16749429 -0.16620959  0.30884462  0.41289626  0.62634159  0.23793392
  0.55508289  0.52768137 -0.22559337  0.32266066  0.39156774  0.20997387
  0.51226877  0.38098567  0.27128911 -0.22462073  0.03923411 -0.36424446
 -0.23227602  0.51464822  0.61798543 -0.35903374  0.67996974 -0.16737595
  0.49700171 -0.18444191 -0.28552829 -0.34118087  0.54591794  0.60303356
  0.16247515  0.18344944  0.70438103  0.12642824 -0.07479018 -0.2545068
 -0.11957784  0.47864332  0.19448116 -0.24035715  0.2322744   0.1341836
  0.20986982  0.32341911  0.3128715   0.51489602  0.19991783 -0.24088593
  0.63087283  0.31998285  0.40791343  0.40550291]","[ 0.43021638 -0.41636026  0.35051244  0.10934932  0.34291971  0.3864342
  0.40276286  0.08067944 -0.21855436 -0.11956178 -0.29345662  0.39468263
 -0.11046807  0.34996133  0.28975406  0.28268595  0.40039523 -0.30662015
  0.38397818  0.12120629  0.39431241 -0.11449494  0.30014832  0.21600541
 -0.13596314 -0.42174173  0.57302616  0.54074404 -0.21771846  0.30928997
  0.29944683  0.03622307  0.30103441 -0.11495924  0.38031866 -0.38280495
  0.46541015  0.31471575  0.30188085  0.54864094  0.18078715  0.14909528
  0.25691854 -0.33334856  0.62728523  0.6122785   0.43707476  0.5164267
  0.38991789  0.33731584 -0.35838137  0.38039213  0.55988158 -0.38788125
 -0.25204269 -0.18960394  0.31353354 -0.46276291  0.17279157  0.24551511
  0.13131722  0.24911178 -0.2281063  -0.27502997  0.6284825  -0.27430657
 -0.28369763  0.42283544  0.40737146  0.15790698  0.66979444  0.44093436
  0.44311349 -0.23520399  0.29845316  0.41240791  0.27024511  0.39330826
  0.26478975  0.617242    0.18690571  0.28809781 -0.14547483  0.28020633
  0.2281922  -0.34189241  0.22447857  0.14853652 -0.15847477 -0.26017795
  0.34910985  0.5383999   0.22126653 -0.21834874]","[ 0.38258033  0.28752919  0.32888509  0.50461188  0.71878781  0.59362772
 -0.23556614  0.55764818  0.39041305  0.46230169 -0.27364458  0.29474653
 -0.33949585  0.34532858  0.25278457 -0.22178993 -0.10606875 -0.48217874
  0.2631257   0.31631981  0.37559839  0.47215059 -0.28119935  0.37598904
 -0.22686802  0.44936135  0.25431779  0.59179959 -0.19990401  0.19752737
  0.34080402 -0.25580087 -0.25613998  0.26183242  0.37716028  0.47329542
  0.10626729  0.16058112  0.55525768  0.25614551  0.00102732  0.20423167
  0.24249892  0.28034997  0.05624011  0.26975506  0.40827959 -0.02270721
  0.40320382 -0.19554757 -0.32848969  0.16157047  0.22221109 -0.13864733
 -0.22663525  0.44700576 -0.27041027  0.25123094  0.24897837 -0.05303261
  0.34685088  0.51134137  0.59728541 -0.38447264  0.5283396   0.62315911
  0.59797682  0.46262936 -0.37461993  0.10710279  0.66806794  0.81228166
  0.06193025  0.45831647  0.27912001 -0.2078669   0.50410548  0.32849041
  0.48304018  0.68524957  0.22435594 -0.16932067  0.19525932  0.13966376
  0.1566506   0.56453933 -0.36803361  0.33714564 -0.17665746  0.13275427
 -0.04538747  0.63503695 -0.26195685  0.40234838]","[ 0.60077912 -0.37200302  0.5351385   0.56521714  0.5942801   0.58148354
  0.19741262  0.3519716  -0.25237266 -0.05218531 -0.17137361 -0.35938663
  0.05388273  0.29379552 -0.0330153  -0.29637494  0.53658971 -0.10504725
  0.32394132  0.08339913  0.49421657  0.18686752  0.28469465  0.28992896
  0.23631717  0.25604903 -0.32991874  0.48712914  0.22147921  0.68133563
  0.38869263  0.05438496  0.59810024  0.30588987  0.45063798  0.32834235
  0.42914873  0.39465198  0.2819435   0.37926066  0.17451172  0.34435719
  0.2276018  -0.24834203 -0.1489922   0.48639513  0.59666545  0.52205492
  0.45736572 -0.14369998  0.24535462  0.24609238  0.3004432  -0.25990269
  0.30947027  0.56473804  0.25054851 -0.17379509  0.41101714 -0.443338
  0.2611053   0.61749313 -0.24453557 -0.31157941  0.60683156 -0.14608563
  0.21865256  0.33560085  0.20635102  0.26240515  0.73296081  0.62611675
  0.50527008 -0.07277407  0.63703098 -0.19492408  0.2673488   0.58292319
 -0.26089479  0.3396761   0.45469264  0.59507092 -0.30953358  0.23717094
  0.24596619  0.29834713 -0.29111819 -0.29560646 -0.10783534  0.23560508
  0.38231135  0.65281151  0.33063258  0.41458756]","[ 0.44998384  0.17590725 -0.14142218 -0.03942122  0.65723472  0.48262046
  0.36521838  0.4748562  -0.1439926   0.25289289 -0.19771374  0.27211787
  0.54079962  0.39174595 -0.29422073  0.35773116 -0.19775386  0.27567845
 -0.16364224  0.42295557  0.52007165  0.21823177  0.21892126 -0.18926767
 -0.31164754  0.27551204  0.48468146  0.58762898  0.26146578  0.34658029
  0.32794619  0.12450009  0.16139391 -0.13713561  0.22504528  0.65747257
 -0.20877614 -0.10396763  0.38260641 -0.29458286 -0.25608818  0.54673787
 -0.18910672  0.17387514 -0.38079231  0.28577408  0.71518331  0.14062411
  0.37089581  0.06622479 -0.29797395 -0.1328874   0.40241203 -0.09982779
  0.13899759  0.56532467 -0.41080106  0.45271532  0.30158181 -0.27145857
  0.43813338  0.64929589  0.40354213 -0.44256142  0.52619646  0.08868973
 -0.24461026 -0.12927331  0.3622526   0.34779985  0.63454209  0.77368995
  0.41221692  0.18641039  0.71194028 -0.18130219  0.21713682  0.64490221
  0.47787048  0.11684589  0.44286869 -0.34434551 -0.18819329  0.10671141
  0.44109507  0.3868188  -0.23368989  0.18138395 -0.41535673  0.5024533
  0.45194474  0.66773156 -0.17460049  0.54866033]","[ 3.24279388e-01 -1.56952496e-01  2.12194110e-01  7.17424800e-01
  4.30996645e-01  4.70564795e-01  1.75989177e-01  6.99330578e-01
  1.05529859e-01  1.38711014e-01 -1.09910736e-04 -2.86240445e-01
  4.97556513e-01  4.80388973e-01 -2.98819941e-01  3.28977059e-01
  1.31725786e-01 -1.50550293e-02  1.84512837e-01  3.16051298e-01
  4.93053604e-01  2.64559471e-01  2.04380580e-01  8.96623068e-02
  2.10261818e-01  2.94295453e-01  4.35514172e-01  7.34644464e-01
  4.88147428e-01  2.90627319e-01 -2.76418060e-01 -1.10473853e-01
  1.90598116e-01 -2.63790680e-01  3.50532903e-01  6.25458751e-01
 -2.86897614e-01  3.38607115e-01 -1.91017715e-01 -2.75859570e-01
 -1.23587850e-01 -2.96589137e-01 -4.10320820e-01  2.19428876e-01
 -6.06867260e-02  2.77340691e-01  4.80038845e-01  1.49696811e-01
 -2.02409685e-01  2.35387090e-01  2.54925447e-01  3.80901608e-01
 -2.43156376e-01  2.09946552e-01  2.26076747e-01  7.59328828e-01
 -2.40253284e-01  5.30677182e-02 -2.54163874e-01 -3.04143240e-01
  4.14428265e-01  7.13190477e-01  4.26947860e-01  1.38415529e-01
  4.42970659e-01  2.03357131e-01  4.61571648e-01  3.55227965e-01
  3.52520458e-01  3.83821063e-01  4.84485682e-01  7.29317137e-01
  5.42173799e-01  2.19876004e-01  2.92263058e-01  3.62541692e-01
  4.56398090e-01 -9.85958496e-02  3.38866554e-01  4.93623308e-01
  3.68724394e-01  5.27512862e-01  2.42979453e-01 -8.95241168e-02
  1.42432699e-01  3.27291455e-01 -2.06742190e-01  6.47152844e-01
  2.10549776e-01 -1.92293564e-01  3.31777205e-01  5.86236696e-01
 -2.12465775e-01  5.12697696e-01]","[ 0.34954961  0.37876567 -0.2245258   0.31135873  0.74429061  0.71985168
  0.59561335  0.29312472 -0.30497617  0.23765212  0.49753801  0.50384537
  0.14586166  0.59854652  0.28179038 -0.36934587  0.73566598 -0.40533098
  0.61950787  0.47079414  0.21371921  0.05980394  0.70916795  0.27951552
  0.49878183  0.56828046  0.20617709  0.33745664 -0.31562586  0.65538885
 -0.20875167  0.26231817  0.57921452  0.27423769 -0.27918647  0.51881573
  0.51638316  0.69293663  0.34029475  0.75400353  0.44898981  0.62118963
 -0.42279912 -0.12188728  0.8287095   0.56016374 -0.37622792  0.67105875
  0.60921182  0.35170444  0.71273805  0.77153119  0.67856037  0.71671851
  0.36297162  0.19957307  0.42667305 -0.26190162  0.40092829  0.35669378
  0.41349314  0.65688951  0.62074602  0.26338194  0.61830109  0.17152104
 -0.29298329  0.38592136 -0.162327    0.69718166  0.66467748  0.58723131
  0.66562188  0.19666689  0.58765771  0.45951124  0.56128036  0.34062903
  0.65497729  0.37163661  0.54902404  0.34999485  0.24914473 -0.25043185
  0.67683554  0.83365261  0.66826793  0.31226817  0.29019192 -0.21995173
 -0.36310284  0.67640655  0.51033526  0.4766368 ]","[ 0.13260295 -0.24988679  0.72995289  0.75249774  0.69735801  0.71272586
  0.36170823  0.2912613   0.14079391  0.30209085  0.39569313  0.46381123
  0.5091973   0.66365728  0.37500089 -0.38499083  0.67724052  0.22236766
  0.5426383   0.41690462  0.45350622 -0.19117062  0.51382225  0.08478357
 -0.26910834  0.3040889   0.20089611  0.58973667 -0.23784094  0.61900383
  0.32278028  0.40185418  0.31594726  0.07417375  0.48861208  0.7099353
  0.35729738  0.42126538  0.2142866   0.14999914  0.17502997  0.69815171
  0.39640761  0.28780673  0.40272966  0.35413098  0.64071398  0.59887236
  0.60829193 -0.27967229  0.46807925 -0.11522207  0.5163173   0.5210002
  0.67618938  0.57596913  0.32814709  0.57989282  0.17630038  0.59069277
 -0.29705248  0.70349338  0.62432287  0.23134334  0.75254433  0.23302114
  0.26809076  0.42296466  0.29230859  0.31413942  0.81184421  0.78555252
  0.51590772  0.28187392  0.76086086 -0.30223268  0.31003581 -0.30997211
 -0.12449564  0.62914878  0.677896    0.51064233  0.41093055  0.08372499
  0.60735138  0.55798124  0.26230347  0.7604092   0.45380336  0.59958631
  0.57658382  0.80064237  0.22535364  0.61660337]","[-0.33264918 -0.31445283  0.27005213  0.42550677  0.64779501  0.26755853
  0.37335161  0.28742842  0.21366668  0.27895018  0.43595204  0.16755429
  0.50106531 -0.25631085  0.45331433 -0.43763317  0.50527865 -0.14125188
  0.556252    0.29980433  0.3860593   0.08830303  0.3000297  -0.25487362
 -0.18142022  0.30915108  0.24642562  0.36116742 -0.18653303  0.44871222
  0.27893131  0.31605689  0.39942113  0.25055513  0.26268021  0.1543961
  0.28473823  0.55526513 -0.26850643 -0.11204119 -0.1293911   0.43527963
  0.2439042  -0.01451174  0.61579027  0.24206454  0.51969484  0.33220064
  0.44754142  0.32735688  0.24066129 -0.15252806  0.49909802 -0.25763902
  0.46004751  0.42893458  0.00852242  0.25589585  0.2873754   0.3660665
  0.27787997  0.63603479  0.32235273 -0.23503397  0.57404558 -0.2451825
 -0.15273416  0.39339906 -0.30855052 -0.23408663  0.5398645   0.66337861
  0.17493817 -0.17682065  0.43395969 -0.22229208  0.30636252  0.37101475
  0.31598688  0.5343412   0.23084641  0.18462699  0.29615198  0.15657918
  0.40883816  0.34347922 -0.34224416 -0.28266166 -0.21879309  0.48556623
  0.40041835  0.55783071  0.15674103  0.20224639]","[ 0.62022723 -0.29994909  0.16433262  0.63098035  0.71982904  0.59370245
  0.6382964   0.25598666 -0.26420128 -0.10492207  0.56973514  0.39587818
  0.49562089  0.44329319  0.34406271 -0.38402009  0.55770704  0.1088854
  0.30673436  0.15201972  0.3552553   0.25471626  0.48076078 -0.26072786
  0.59885285  0.43879072  0.42900391  0.58286851 -0.23692126  0.70980918
 -0.30909661  0.23060781  0.66488032  0.19455562  0.25307502  0.07033514
  0.17734628  0.5674165  -0.33242694  0.48379869  0.25993778  0.47630742
  0.30110182  0.12116686  0.7121929   0.45872358  0.60875205  0.46812988
  0.67486409  0.67369473  0.54114692  0.50530817  0.53764765  0.61320803
  0.67670293  0.43406599  0.49048132  0.27193931  0.37910742  0.30289778
  0.31235374  0.36646228  0.32717883  0.55738194  0.74956326  0.23504585
 -0.02320893  0.36403945 -0.24888893  0.44442553  0.79507443  0.60930466
  0.51027449  0.45615469  0.66351912  0.45148869  0.42113089  0.41134684
  0.51759989  0.51231625  0.45391704  0.33463426  0.58388095  0.15819904
  0.40676971  0.68345467  0.46452929  0.07884196 -0.17626813  0.29562703
  0.71791077  0.67287945  0.24923269  0.5193487 ]","[ 0.61406272 -0.16350102  0.39402286 -0.20812187  0.11486904  0.3008294
  0.25998546  0.55192818  0.38884278  0.34375246  0.06219047  0.59289079
  0.62804388 -0.49774018 -0.26257421  0.63325538  0.5324475   0.2780542
 -0.28762453  0.23316094  0.24285822  0.37538468 -0.14414053  0.51314755
  0.41847977  0.43171841  0.77484521  0.39280389  0.56726949  0.31705488
  0.34243412  0.51702775 -0.11144341  0.767913    0.31121762  0.64980699
  0.36514211  0.48951396  0.74932625 -0.31225537  0.43965962 -0.3390669
  0.4857619  -0.18541467 -0.36900441  0.33520693  0.44090288  0.29039577
 -0.18037224  0.59313297  0.61056845  0.56703041  0.22962339  0.15641953
  0.26725734  0.72986129  0.09443945  0.76601656 -0.23227328  0.23742884
  0.40910513  0.59084686  0.80690291  0.46398025  0.52300297  0.5847256
  0.35975514  0.40372746  0.3576276   0.71523023 -0.39517823  0.4450556
  0.68808     0.31979596  0.57021426 -0.1164363  -0.2954955   0.52988606
  0.54721166  0.3582627   0.23151092  0.4376707  -0.20058614  0.33589877
  0.12970768  0.16190983  0.21566228  0.23495582  0.65472358  0.49331769
  0.32147605  0.14720166  0.11885349  0.27473502]","[ 0.26335897 -0.33151491 -0.15455946  0.49638057  0.47899683 -0.26963071
  0.25774163  0.25532133  0.1267487   0.53767894  0.23504264 -0.37792272
  0.07109633  0.52006194 -0.34902072  0.30478563  0.42956814  0.25533376
 -0.0243758   0.03116859  0.33505484  0.21153386 -0.31002807  0.20273868
  0.14344867  0.04555709  0.37108424  0.43026725  0.43682221 -0.23883196
 -0.37875804  0.17396365  0.19749898 -0.2299454  -0.27960474  0.35277222
  0.31669223  0.49971646 -0.28575699 -0.46095326  0.20743031  0.42659605
  0.27190833 -0.22837585 -0.27085949 -0.01534852 -0.08904864  0.32985171
  0.31447923  0.40313211 -0.39744029 -0.20379098  0.32159615 -0.22023186
  0.45105665  0.63569108 -0.11997142  0.20729652  0.33484183  0.32507005
 -0.22977839  0.31530422  0.55364715  0.22301516  0.58030262  0.43290722
  0.42135075 -0.25938442 -0.21914878  0.23914614  0.77488035  0.52947453
  0.59779069 -0.14429592  0.23148004 -0.04082111 -0.14614519  0.3084355
 -0.17890381  0.45784211  0.29202005  0.07793988  0.3500406   0.11593092
 -0.19080466  0.29466585  0.25771352 -0.12334706  0.16347754 -0.27926836
  0.1796392   0.70818772 -0.32991816  0.18324841]","[ 0.51835584 -0.13958403  0.10839611  0.24015819 -0.1233829   0.17682833
 -0.01892555  0.57675413  0.44416416  0.28948811  0.27228455  0.54331969
  0.58085824  0.49286333  0.344697    0.67824156  0.44785304  0.7538547
  0.23561294  0.54810583  0.40748215  0.53786235  0.17967428 -0.11060286
  0.69632351  0.23497871  0.52083271  0.33405025  0.47054077  0.19780483
  0.31188022  0.39265564  0.10979807  0.58869935  0.27166229  0.66471884
 -0.22636854  0.84362118  0.73961934  0.63238932  0.81641834  0.42327841
  0.29882852  0.57448451  0.68606997  0.35337884 -0.295459    0.24253235
  0.27046084  0.69136291  0.27230147  0.52122418 -0.24230395  0.38887287
  0.61629363  0.5704178  -0.21983011  0.8566458   0.30813765  0.65169017
  0.36805867  0.62329621  0.58183762  0.75160579  0.50827121  0.33612419
  0.74429332  0.75158265  0.70533297  0.50181957  0.76495183 -0.39114231
 -0.10415964  0.41238861  0.57405531  0.0995341  -0.3777947   0.81816316
  0.38381457 -0.15733165 -0.38297415  0.7386538   0.24282359  0.46950086
  0.46319691 -0.36187483  0.19003188 -0.45203895  0.59690876  0.63690249
  0.55425634  0.15578407 -0.27933164  0.41832516]","[ 0.67305224 -0.03035743  0.28563765  0.20647012  0.16006792  0.11881469
 -0.13875281  0.32021808  0.4611652   0.3277962   0.27196151  0.31777246
  0.24939184 -0.43725077  0.11221089  0.31275658 -0.30741068  0.43105409
  0.40265747  0.49519203 -0.1858644  -0.2119285  -0.1551588   0.53561991
  0.28358874  0.42102486  0.59558936 -0.17416175  0.49249917 -0.09635623
  0.64774986 -0.31385389  0.33786555  0.18185574  0.36915991  0.5298103
 -0.08349385  0.20132562  0.37586857  0.33602886 -0.2126057   0.59534488
  0.11034948  0.26874111  0.45775489  0.46447292  0.20640872  0.36681666
  0.16569321  0.68865466  0.26758197  0.18012517  0.38484548 -0.08521756
 -0.08987578  0.14865108 -0.05709824  0.24510121  0.14660686  0.28640617
  0.22617685  0.61208885  0.60300797  0.12918311  0.18524305  0.29236918
  0.34997015  0.29705577 -0.31850707  0.30032094 -0.05014453  0.19499571
  0.28508633  0.17419117  0.12442839  0.29694461 -0.12143688  0.48263183
 -0.24340417 -0.24752303  0.42664582  0.60679481  0.08352738  0.25996827
 -0.161372   -0.42363591  0.10613402  0.26843003  0.42483567  0.17684719
  0.55663944  0.04976787 -0.16882438  0.07714934]","[ 0.71520323  0.32591576  0.70663397  0.52877448  0.38610279 -0.40793782
  0.45426994  0.65360157  0.68598946  0.57289264  0.61619648  0.48434744
  0.70637903  0.34273281  0.57755195  0.69068295  0.64458797  0.7116406
  0.71390969  0.63351319  0.52144048  0.45786652  0.6171511   0.56188433
  0.58038646  0.45284176  0.88122191  0.5217947   0.52291408  0.47530482
  0.69529236  0.26062391  0.40858144  0.65883021  0.35824336  0.6446145
  0.34235869  0.86490578  0.86358069  0.79882572  0.35102903  0.89168058
  0.78901082  0.46442051  0.8501943   0.52108252 -0.20435551  0.49768493
  0.73888974  0.62408086  0.42599143  0.6405257   0.75841518  0.64836904
  0.77811315  0.74819205  0.03774648  0.68374836  0.13258707  0.70787097
  0.62312118  0.82703539  0.60138374  0.88150377  0.74820403  0.79144843
  0.76194428  0.89805634 -0.27469766  0.30897699  0.89413062  0.49745052
  0.35290826  0.62915684  0.85946821  0.48681571  0.4275359   0.78645807
  0.72284766  0.49430964 -0.27392158  0.65901117  0.52447737  0.6445198
  0.84870897  0.7107469   0.31220064  0.8904906   0.79861462  0.49744513
  0.53490461  0.6108539   0.39019119  0.84444175]","[ 0.76688774  0.48645717  0.37096127  0.36784865 -0.24684538  0.48123184
  0.6281359  -0.17255503  0.68302134  0.59858505  0.51127395  0.38050711
  0.52875364  0.4292807   0.27032543  0.66541218  0.27680165  0.47033863
  0.64773135  0.66082395  0.47565423  0.61896268  0.24079214  0.47113994
  0.27887193  0.63485989  0.64674454 -0.21044804 -0.10791592  0.54289059
  0.79132794  0.29183885  0.16961771  0.48063146  0.67304495  0.74860724
  0.54987646  0.66862018  0.61981934  0.52446756  0.50635191  0.84077763
  0.39382149  0.6428476   0.84774597 -0.19876771  0.78156778  0.42092258
  0.42315083  0.838127    0.67191985 -0.19253416  0.70032021  0.17682551
  0.71043892  0.54991932  0.22013735  0.49711967  0.08492831  0.10398124
  0.40532893  0.76871057  0.46931672  0.54282627  0.49400962  0.64756841
  0.52990372  0.53751948 -0.26081112  0.53862402  0.44530736 -0.08897837
  0.7052995   0.39320819  0.33031605 -0.28285191  0.24237324  0.81446698
  0.52543536  0.42568696  0.21982259  0.70415863  0.12330775  0.56898429
  0.77180218  0.60954439  0.15646432  0.45950843  0.58852684  0.65939086
  0.67269502  0.64040855  0.29283607  0.56042118]","[ 0.68092739  0.29929437  0.65166858  0.66137372  0.65759863 -0.14460706
  0.37537982  0.642975    0.68379277  0.78533084  0.60791937  0.36046382
  0.76248449  0.41970939  0.65328873  0.78749051  0.80018929  0.83584099
  0.7324387   0.70418271  0.61745677  0.76814825  0.49142962  0.77281384
  0.69876464  0.54047805  0.86489853  0.6368452   0.68016303  0.73413195
  0.78463462  0.42062238  0.53217038  0.7745806   0.44787916  0.73685976
  0.22188756  0.90100947  0.85865891  0.70919414  0.54485371  0.85897542
  0.66042092  0.61870094  0.69079192  0.44207851  0.46831867  0.61300416
  0.73827592  0.47692345  0.63052585  0.76161428  0.57247998  0.80799224
  0.77062812  0.70534992  0.55337735  0.85103008  0.32859061  0.57924582
  0.69161134  0.9019963   0.58991752  0.91895867  0.82519849  0.52259599
  0.80223194  0.86020661  0.53506793  0.66025731  0.8160753   0.80589373
  0.25394691  0.72176271  0.82028072  0.52285296  0.34283656  0.84996206
  0.74246053  0.63707066  0.05696315  0.84113342  0.49981215  0.46096768
  0.85369492  0.59869502  0.42756025  0.75633179  0.61839522  0.42362067
  0.65770352  0.76195631  0.56139897  0.27109822]","[-0.17713942  0.16505599 -0.24529673  0.5491407   0.52634904 -0.13818323
 -0.11233871  0.58155723  0.42171013 -0.06736634 -0.04637713  0.15219236
  0.17441081  0.64346948  0.36203757  0.56944134  0.40964644  0.493514
  0.49067585 -0.2206199   0.31826517  0.2721855   0.50510014 -0.12777279
 -0.30061223 -0.09514063  0.23936322  0.43428162 -0.32723624 -0.00082028
  0.28665282  0.30467487 -0.12310577  0.15628932 -0.29853105  0.60376695
 -0.31616215  0.56323005  0.07678321  0.44156706  0.62514863 -0.29874451
  0.39377472  0.1270575   0.25347137  0.39860967  0.50153812  0.1432605
  0.11661453  0.42299642  0.10647326 -0.21212141  0.09293975  0.41199292
  0.13822514  0.6126144  -0.52923965  0.20194891  0.36523836 -0.35046794
 -0.12548166  0.26951493  0.42623514  0.44715668  0.06251151  0.40484973
 -0.35568294 -0.13813013 -0.55246765 -0.12791536 -0.19755129  0.41433263
  0.52104342  0.19656076  0.17666589  0.28353681  0.37652518  0.57209916
 -0.09936141  0.31831225  0.3787464   0.48687902  0.03702944 -0.10529
  0.33035953  0.33620407  0.25889415 -0.28890565 -0.17915574 -0.3570666
  0.27668949  0.65645788 -0.40716874  0.64366692]","[ 0.75660851 -0.29435745 -0.28004167 -0.43861177 -0.20223244  0.22672026
  0.1063248   0.35245161  0.64947884  0.49272266  0.15936162  0.16279968
  0.50610506 -0.32588657  0.24471775  0.72260345 -0.32277476  0.47781801
 -0.48598071  0.37522116  0.31196349  0.57061468 -0.39065523  0.53140803
  0.22161041 -0.1120812   0.69636299 -0.24974148  0.3991015   0.27978918
  0.70188066  0.24419865 -0.01412102  0.31982967 -0.40414058  0.44669319
  0.39060061  0.7382537   0.52949677  0.36843813  0.46149197  0.48618355
  0.18558448  0.53404229  0.01699755 -0.37633113 -0.3550278   0.17127149
  0.54483028  0.39423361 -0.51983889 -0.46634567  0.61147252  0.2217802
  0.0895215   0.46206095 -0.33018082  0.48794201 -0.13713911  0.43461213
  0.53155005  0.66843717  0.49771856  0.60315906  0.49270741  0.41041176
  0.51860341  0.65081324 -0.01798457 -0.38240461  0.73620215  0.31843795
  0.4663138   0.46099243  0.32073509  0.04559904 -0.42182022  0.58075363
  0.10782023 -0.11122431 -0.23222923  0.63988552  0.15200864 -0.0887299
  0.39997629  0.28216241 -0.30534653  0.26907773  0.32223545  0.46452184
  0.31521001  0.40919993 -0.41873113  0.30761698]","[ 0.46485973 -0.27581291  0.72917881  0.19928935  0.47924513 -0.18098964
  0.50009144  0.69787987  0.32457278  0.28814302 -0.19840031  0.48163994
  0.62224846  0.33187193  0.5619658   0.40834796  0.51370864 -0.41826865
  0.65760098  0.63218259  0.63003924  0.55956575  0.38567632  0.60820705
  0.47814141  0.50393268  0.57647697 -0.37030278  0.48327223 -0.32719019
  0.51019502  0.6736357   0.39666925  0.69761385  0.53835483  0.42705498
  0.43591282 -0.324419    0.68435726  0.72798103  0.40798533  0.79820188
  0.70702023  0.55975933  0.88128804  0.41475417 -0.53670263  0.57829168
  0.65432577  0.7325369   0.64756212  0.37748986  0.80551137  0.65488438
  0.62636487  0.79769752  0.34391855  0.79026468  0.47971767  0.59986999
  0.62643488  0.61960093  0.74404707  0.42242153  0.74188633  0.70855126
  0.7824243   0.73044889  0.58723207 -0.29616995  0.54090126 -0.25275363
  0.33614939  0.42112881  0.64350507 -0.13780175  0.61379567  0.87718793
  0.38464741  0.39811313  0.36465126  0.76527495  0.34815093  0.5816153
  0.68475542  0.65294336  0.3151523   0.81847589  0.76129805  0.65936579
  0.45126376  0.47580477  0.29562557  0.56128427]","[ 0.61373299 -0.17110587 -0.12687198  0.35946819  0.5942072   0.38054393
 -0.06562773  0.29703256  0.27450271  0.40724383  0.02276578  0.25295267
  0.50603071  0.36872479  0.43059786 -0.38591702  0.31112309  0.31856578
  0.52347567 -0.33336404  0.07628562  0.14483356 -0.09957743 -0.26386084
 -0.08791839 -0.15176508  0.28477878  0.17646906 -0.29421738  0.31580711
 -0.35771972  0.21010847  0.08311066 -0.25455751  0.44381787 -0.21286029
 -0.16022955  0.47342565  0.52392144  0.09801118 -0.19558179  0.13292717
  0.15729214 -0.10036489  0.66516935  0.23004367 -0.44299194 -0.1109792
  0.36661506  0.34952834 -0.25653868 -0.43288169  0.12247032  0.45024338
 -0.25445431  0.19427072  0.35222713  0.09257376  0.38233436  0.21871771
  0.22335832  0.49918385  0.34734476 -0.36755417  0.53366614  0.38826903
  0.66261899  0.32855605  0.24132152  0.31979765  0.29499458  0.66348598
 -0.20466133 -0.20607316 -0.22517217 -0.20583404 -0.25364242 -0.578915
  0.41874456  0.73266721  0.25629698  0.23831971  0.29808544 -0.0014245
  0.54949628 -0.43544576 -0.44986506  0.19203358 -0.15847653 -0.15273721
  0.13648734  0.27872443 -0.15213826 -0.21056771]","[ 0.35013723 -0.08789297  0.21040588 -0.30316766  0.49764478 -0.31122396
  0.23181716 -0.09160455  0.3176      0.38668552  0.32608224  0.22870807
  0.39691478  0.23163889  0.4666548  -0.41862484  0.22820457  0.39282801
  0.39220343  0.35515455  0.33712656 -0.23102197  0.16042318 -0.21294159
  0.18963623  0.16244924  0.44581935 -0.23225116 -0.24494848  0.36263362
 -0.30573787 -0.38865272  0.11956991 -0.09342655 -0.18849977  0.13020038
  0.09882948 -0.18414723 -0.21555879  0.35321968 -0.11230505  0.19093423
  0.10366727 -0.14497072  0.33853229  0.20800621 -0.08287653 -0.17108524
  0.16995329  0.17252539  0.13857426  0.27190665 -0.17811957  0.20742805
 -0.27445262  0.48615312 -0.22275027 -0.18627997 -0.16163328 -0.31724717
 -0.08743382  0.24684171  0.30496814  0.10839531 -0.15627242 -0.18407551
 -0.19949737  0.2676795  -0.35189608 -0.21640812  0.30783304  0.5770378
  0.18258868 -0.2483555   0.41903023 -0.28438729  0.23599213 -0.36655265
  0.27317448  0.61187281 -0.29578113 -0.05509294  0.19378937 -0.04647005
  0.32666609  0.33563404  0.16273521 -0.19323577 -0.11746213  0.39227832
  0.13518842  0.19750693 -0.22252646  0.14806313]","[ 0.57745464  0.32254852  0.01598927  0.31768431  0.60139014 -0.24517211
  0.1696946  -0.23139313 -0.09270788  0.38057822  0.36032211 -0.24798164
  0.41469207  0.43672514  0.2096367  -0.3108861   0.49399205 -0.18322083
 -0.29574037  0.1121617   0.41600059 -0.04491653  0.30007961  0.13637056
  0.30421976  0.19103124 -0.20466021  0.28647241 -0.1933177  -0.07606815
  0.11167378 -0.18143171 -0.12398734 -0.18346189  0.37843322  0.26780772
 -0.09169475  0.27675793 -0.09706464  0.08670731  0.20875652 -0.3284476
  0.38983915 -0.17139547  0.30629573  0.34997033  0.16618214 -0.18809742
  0.31992599  0.58352283  0.21312346 -0.26131384  0.27145838 -0.1585453
  0.06836976  0.3795583  -0.1433528   0.38252841  0.26988938  0.33828289
  0.3921425   0.28900718  0.63555835  0.30900451  0.45601294 -0.13341936
  0.24518424  0.45089721  0.35808364 -0.20715267  0.7035458   0.6478701
  0.23612867 -0.24231993  0.51864246 -0.1336084   0.17863192 -0.41562616
 -0.24248753  0.55633109  0.28543228 -0.31048548 -0.17326728  0.35991336
  0.24109439  0.45727919 -0.35090337 -0.22772635 -0.40075158  0.47367692
  0.27543779  0.28403656  0.15534801  0.18476573]","[ 7.85583610e-02 -2.44183056e-01 -1.96838023e-01 -2.45353587e-01
  3.57668641e-01  2.68685984e-01  3.71042520e-01  3.12137171e-01
  4.01059720e-01 -2.37069871e-01  4.08288009e-01  3.50801378e-01
  4.77625359e-01 -4.99502096e-01  2.12039095e-01 -2.41929944e-01
 -9.89643261e-02  2.90557948e-01  2.53266396e-01 -2.16414693e-01
  5.53486522e-01 -1.73686350e-01 -3.16355543e-01  3.27781709e-01
 -4.20280951e-01  1.38422903e-01  6.55621744e-01  5.43806768e-02
 -2.44526804e-01 -3.26057050e-01  5.77006503e-01 -1.62705306e-01
  5.75532550e-01 -1.09977682e-01 -2.50423162e-01 -8.35537510e-02
 -6.83795480e-02  2.56743616e-01  4.65247975e-01  5.89070247e-01
 -7.35041872e-02  1.57671493e-01 -3.46529774e-01  2.41566288e-01
 -2.97077043e-05  2.14586487e-01 -1.87598998e-01  2.00503709e-01
 -1.77233675e-01  5.47964660e-01  2.52686928e-01 -1.31788961e-01
  2.12163215e-01 -1.75516716e-01 -3.20230045e-01  4.61504299e-01
 -1.82551071e-01  2.37931123e-01  6.18349363e-02 -2.83735048e-01
  3.63877353e-01  5.23972522e-01  6.71343739e-01  5.07763416e-01
  9.81070859e-02  4.77282285e-01  5.09238155e-01 -4.39645914e-02
 -3.00537337e-01 -3.13430964e-01  2.04444393e-01 -2.79663329e-01
  1.32777401e-01  3.38913596e-01 -5.03857759e-02  5.87962119e-02
 -2.28351202e-01 -2.78378324e-01  2.78821717e-01 -2.68945733e-01
 -1.08737292e-01  7.06742972e-01 -1.38844248e-01  1.74565494e-01
  5.41882728e-01  4.26895333e-01 -1.60548402e-01  6.46458002e-01
 -1.22462518e-02 -1.59711974e-01 -8.74961714e-02  2.44597965e-01
  2.46324110e-01 -2.28318378e-01]","[ 0.33523933  0.30528854 -0.20422883  0.47586189  0.41233932  0.1708052
 -0.17492505  0.43382604  0.36883023 -0.29407635  0.33319864  0.59316312
  0.60780167  0.32620013  0.24597607 -0.40342444  0.66002945  0.69890807
  0.43557953  0.48373703  0.61112309  0.24490546  0.33523765  0.31103728
  0.43891937  0.32671259  0.78351091  0.47501463  0.5145855   0.21735155
  0.5333909   0.64021695 -0.1586286   0.66489006  0.44923561  0.67255655
  0.52722596  0.6036706   0.4524731   0.57170532  0.6142154   0.53938632
  0.6573116   0.39097722  0.61462431  0.50154877 -0.32829973  0.10972575
  0.22984312  0.72175415  0.83980741  0.49392133  0.39999762 -0.23148012
  0.32208213  0.56008971  0.18569703  0.63966438  0.13506008  0.51178493
  0.32579684  0.56189412  0.73601825  0.45119258  0.53954828  0.40545152
  0.50571325  0.51829997  0.50624414 -0.18767986  0.56859584  0.61597301
 -0.11694704  0.50542556 -0.0552488   0.25395854  0.47117532  0.7366166
  0.16185483  0.71804812  0.19190393  0.78172163  0.2747361   0.56792846
  0.64481621 -0.27837041  0.1759619   0.64881904  0.51186345  0.61796697
  0.26811339  0.37578274  0.18454815  0.28420137]","[ 0.56201679 -0.27114648  0.29902103 -0.12278222  0.40690242  0.44558053
  0.06972317  0.57119721  0.11769042 -0.24471107  0.2856584   0.39634559
  0.46301006 -0.24665187  0.4924212   0.26504911  0.36066945  0.63104358
  0.45199225  0.30021254  0.50517542  0.46035206  0.36100158  0.34670738
 -0.26618565  0.04974351  0.48825145  0.05093856  0.41602131  0.15575846
  0.55901958  0.40260604  0.24210567  0.47477495 -0.26662027  0.67646178
  0.27320313  0.53071583  0.75289341  0.50698945  0.37624157 -0.31117678
  0.58788084  0.30881026  0.78179488  0.0486823   0.27271689 -0.21288338
 -0.26754129  0.75453449  0.54630626  0.27015446  0.65625007 -0.32389403
  0.4552178   0.72778711 -0.40881284  0.5880263   0.25629888  0.46294248
  0.45514938  0.1324479   0.7433799  -0.17147289  0.34913567  0.47208112
  0.65661833  0.23124628  0.4130944  -0.09527655  0.15439481  0.66471526
 -0.27661886  0.5549794   0.22132664  0.25776562 -0.264449    0.74075773
 -0.16257182  0.24783182 -0.4537722  -0.26935868  0.23892551  0.44424962
  0.65552927  0.37684263  0.13177455  0.46138347  0.38691378  0.68609288
  0.21716581  0.03976636 -0.14466815  0.26135484]","[ 0.34078386 -0.20587331  0.31778609  0.57572163  0.09519245  0.10467429
 -0.18074439  0.6225314   0.51017766  0.5072213  -0.16857752  0.48026537
  0.38335789 -0.23412533  0.06569673  0.40439166 -0.23004502  0.17850165
 -0.23453705  0.23885377  0.29087566  0.32541418 -0.16475933  0.30903472
  0.63201086 -0.0901211   0.75976804  0.07788205  0.49387715 -0.28254601
  0.33490147  0.27158487  0.11598495  0.25287894 -0.37726099  0.46245641
  0.44934284 -0.27128804  0.37481498  0.45287291  0.21302868 -0.26549084
 -0.51266557  0.33900778  0.38248637 -0.46732042  0.31945171  0.07761995
  0.13936342  0.40213687 -0.36400656 -0.24498447  0.51129067  0.28973695
 -0.32080364  0.35860409 -0.26199697  0.54260469 -0.15843441  0.53114058
  0.57867109  0.58294543  0.46219773  0.68593235 -0.11438966  0.35569696
  0.66005712  0.6085558   0.40534802  0.20588311  0.31339237 -0.27584809
  0.18923493  0.35467649  0.06823247  0.23454386 -0.30326809  0.52492069
  0.31997949  0.2913738  -0.40840695  0.4026203   0.23251827  0.55618279
  0.30977735 -0.53291117 -0.13056263 -0.37731242  0.49324349  0.42461672
  0.497066    0.27817036 -0.30890057 -0.0168997 ]","[ 0.3989597   0.09486013  0.65307041  0.33871309  0.11015769  0.27971043
  0.26666304  0.61644644  0.45880332  0.37099899 -0.33413402 -0.25449024
  0.56697703  0.30638183  0.3615323   0.55389599  0.5740829   0.75832659
 -0.0762574   0.46521935  0.35830683  0.5150425   0.18270783  0.25575264
 -0.33523715  0.49074047  0.78868117  0.32605141  0.27559923  0.10932594
  0.51192613  0.46994433  0.26874382  0.50074324  0.23137085  0.41246332
 -0.16379358  0.78866314  0.70419516  0.42777032  0.73164565 -0.34176256
  0.57610676  0.55989573  0.68234733  0.43119945 -0.60804325  0.19722713
 -0.24974095  0.76265787  0.34733435  0.57019136  0.16542487  0.60968761
  0.57501634  0.65343436 -0.1848442   0.85580155  0.12437462  0.54028362
  0.37615865  0.59482871  0.74747704  0.70197978  0.39993932 -0.25109636
  0.69007868  0.58676536  0.67594474  0.45062542  0.64641709  0.63055021
  0.45857331  0.4913518   0.3559096   0.54292656 -0.35957136  0.67869254
  0.33626113  0.25454844 -0.3123534   0.62124818  0.37727819  0.4956377
  0.61509177  0.27909015  0.22770538 -0.33290467  0.69208907  0.64522325
  0.59765438  0.13035391 -0.16937261  0.27639488]","[ 0.34973187 -0.47676594  0.20625366  0.46925748  0.46822307  0.5902714
 -0.13427903  0.73193802  0.31552548  0.04665765  0.01024821 -0.37548344
  0.05834128  0.30374542 -0.31802541  0.49686275  0.22100894  0.45013066
 -0.25147217  0.13402431  0.53144269  0.5077529  -0.32391987  0.2360339
  0.55401285 -0.28184404 -0.13477575  0.57086538  0.27798801  0.50046679
 -0.21467785  0.20322883 -0.05893514  0.26667854  0.18279057  0.66664761
  0.20507977  0.34931455  0.31818878  0.62883058  0.39186806 -0.23900683
  0.17381932 -0.09064181  0.3461348  -0.20335067  0.6558177   0.21976986
 -0.37482571 -0.19299604 -0.28276335  0.54411378  0.51819204 -0.06448142
 -0.07909324  0.74861317 -0.54628135  0.13765039  0.10154011 -0.29078837
 -0.20121803  0.5072438   0.50433966  0.27219524  0.1613141   0.26557511
 -0.01922138  0.05534819 -0.3295822   0.13925331  0.31594087  0.20335977
 -0.15830401 -0.19272082  0.13739399  0.20420714  0.05552071  0.4732956
  0.27061497  0.33977498  0.29546038  0.57388247  0.20294118  0.241715
  0.43001929  0.65091673  0.22850411  0.38643224 -0.12246807  0.04066454
  0.17789134  0.6887887  -0.14209592  0.33962786]","[ 0.39561102 -0.20788558 -0.2025375   0.2577337   0.31467617  0.39494129
  0.33924866  0.72554714  0.60164864 -0.1702427   0.33184841  0.21983175
  0.58703088 -0.27557131  0.35960376  0.4830795  -0.24393776 -0.32980517
  0.20077573 -0.051003    0.40998243  0.0616553   0.21502648  0.42723909
 -0.39549408  0.26638275  0.80365807 -0.18314938 -0.36931828  0.4927921
  0.38568856 -0.16093729  0.49143109  0.43629797 -0.24973837  0.42418173
  0.32176721  0.76578947  0.62020038  0.81003277  0.38109435  0.35374785
  0.33790312  0.07238815  0.29086647 -0.15600497 -0.27362701  0.2399039
 -0.3834824   0.74459507 -0.19233372  0.65507548  0.537045   -0.25697453
 -0.42995863  0.62098607  0.03360939  0.63677689 -0.07470021 -0.29345499
  0.48623498  0.62049455  0.70177747  0.54072315  0.42970525  0.49642159
  0.55551981  0.66319833  0.35028967  0.0541653   0.82890882 -0.29591509
  0.09402038  0.5713406  -0.09900076  0.14941043 -0.31452718  0.49385557
 -0.33492792  0.16393792 -0.32987671  0.72988186 -0.16716409  0.50435693
  0.64976547 -0.28724704  0.29911756  0.77645234  0.39547075  0.28519788
 -0.34875468 -0.22541655 -0.35902345 -0.25588816]","[ 0.3667849   0.2877823   0.28358549  0.26888702  0.57155398  0.46482936
  0.42071952  0.62868992  0.2616979  -0.17627281  0.31845761 -0.10927359
  0.15985854  0.36816364  0.37486584  0.37949923 -0.1962572  -0.36204365
 -0.15162592 -0.23756861  0.4044398  -0.08378692 -0.21223669  0.39102975
  0.0702633   0.11897948  0.81657811  0.35264245 -0.34095378 -0.15017912
  0.43929835  0.33228488  0.30992579  0.314442   -0.21097171 -0.29994946
 -0.22785489 -0.20581155  0.47376626  0.6979257  -0.15021572  0.18993208
 -0.00198093  0.18893845  0.2831076  -0.15144862 -0.29875168 -0.10734055
 -0.38015705 -0.13704403 -0.31376449  0.26465961  0.07383162  0.25485435
  0.15067184  0.42558989 -0.20682987  0.31696888  0.25767532  0.28034718
  0.04179512  0.27941778  0.53613089  0.48678666 -0.17089248  0.38857247
  0.45770747  0.26573787 -0.184057    0.21085473 -0.20619301 -0.19310987
  0.23071955  0.27453899  0.22368124 -0.14507812 -0.29723839  0.30063516
 -0.22312986  0.2472771  -0.21881    -0.26852103  0.31923642 -0.14808174
  0.57253648  0.53220352  0.16052047  0.37899179  0.24240759 -0.26578444
 -0.13728551  0.36851138 -0.25401649  0.43582084]","[ 0.19834197 -0.1932915  -0.18671287 -0.32413031  0.23806857  0.22086943
  0.31331958  0.68459876  0.18691783 -0.20736849  0.22364259  0.34535079
  0.58063414  0.24350234 -0.19945309  0.47917672  0.48345636  0.50816752
  0.28676011 -0.39243918  0.22949585  0.15527939  0.29232046  0.25993296
  0.34017888  0.35720724  0.59994695  0.08047784  0.36953043 -0.22193591
  0.61639816 -0.32423354 -0.10456426  0.47956107 -0.164624    0.49132435
 -0.13415463 -0.20617299  0.61420293 -0.37043559 -0.21834083  0.31122762
  0.58347655 -0.05800514  0.52000795  0.24871038 -0.42440753  0.31799978
 -0.20009418  0.35109299  0.38784502  0.6278448   0.33524762  0.26229577
 -0.3055234   0.38935274 -0.32129522  0.22117461  0.12650627  0.54484929
  0.29215329 -0.17291522  0.39513416  0.50281368  0.15772373  0.16521021
  0.43062329  0.18090451 -0.16605961  0.20029904  0.61262549 -0.2749695
 -0.02219192  0.50502887  0.15422247 -0.1816699  -0.40555215  0.45709212
  0.44278445 -0.14891614  0.25074054  0.42199574  0.31048506  0.32658042
  0.38559293  0.40911619  0.37080582  0.44199091  0.35070237  0.33959511
  0.38417277  0.14970808 -0.25789461  0.19448328]","[ 0.52390816 -0.41297172  0.19827734  0.25755288  0.17895775  0.26533874
  0.16399771  0.71731711  0.5330217   0.19284896  0.24779597  0.4673724
  0.68307942 -0.41840643  0.10982347  0.57988158  0.47664248 -0.43229904
  0.35741549  0.45997435  0.55171278  0.11914988  0.33343348  0.450507
  0.33308919  0.34739965  0.85364979  0.31728812  0.32708277  0.03168017
  0.62630577 -0.34260775 -0.14943261  0.60513352  0.27130799  0.23661838
 -0.11273627  0.44384663  0.71109512  0.78773335  0.42734752  0.68274599
  0.50316915  0.29261685  0.34929973  0.42363769 -0.29290801  0.40726849
  0.33005557  0.5384047  -0.35310237  0.7464487   0.56467386 -0.55414223
  0.34064873  0.41442812  0.28138576  0.46147554 -0.00135094  0.6734758
  0.34400852  0.6763879   0.63922427  0.76942579  0.60200204  0.70550776
  0.61576172  0.73367048  0.47482472 -0.13732823  0.80999184  0.36553737
  0.37773365  0.65847562  0.42451187  0.42081133 -0.33463615  0.43140098
  0.29979229  0.38225273  0.23751239  0.59945933  0.30337906  0.49401413
  0.72714452 -0.41014805 -0.24279225  0.72873866  0.67612764  0.41238712
  0.71338322  0.11410596  0.25547711  0.27266236]","[ 0.39466027  0.40920779  0.27962659 -0.27902286  0.36849931  0.32375165
  0.51228951  0.24511068 -0.24569465 -0.08336287  0.52803171  0.41968027
  0.55338051  0.49984881 -0.1879611   0.32646804  0.54608789 -0.19523405
  0.39916221 -0.16611901  0.39736751 -0.21087185  0.43554796  0.40697917
  0.53069099 -0.06964947  0.02604885 -0.32072774 -0.12241815 -0.1039873
 -0.17354722  0.35983872  0.52041197 -0.23684712 -0.42202074 -0.47058758
  0.36368605 -0.30201585  0.12646743  0.43122973  0.12228838 -0.32304282
  0.43416935 -0.3436368  -0.3876005  -0.21261587 -0.42944192 -0.12354747
 -0.38744731  0.27741302 -0.32696017  0.31228577  0.35563518  0.32889811
 -0.26669298 -0.33093846  0.24968852  0.30320003  0.16501193  0.16896241
  0.38760589  0.37381007  0.44182251  0.64880679 -0.17086914  0.30485955
  0.29519166 -0.29145321 -0.38521548 -0.27499579  0.35431457  0.02929031
  0.26984559  0.27496402  0.18170659  0.36344396  0.28852356  0.32158474
  0.46644535 -0.41748108 -0.29372878 -0.24347096  0.25948692  0.11829998
  0.3076336   0.77055993  0.14898196  0.31650335  0.57017859 -0.25065394
 -0.24687007  0.63299716 -0.45087385  0.1669561 ]","[ 0.71676351  0.35237608  0.69808098  0.6992012   0.48751043  0.274572
  0.18233847  0.79457882  0.6961789   0.80195289  0.59523921  0.50778474
  0.88860109  0.62237036  0.6212537   0.7789236   0.85283944  0.81649888
  0.65159072  0.51146787  0.81526006  0.81334814  0.48854234  0.69622399
  0.82327698  0.7079644   0.85976603  0.80033812  0.76114947  0.81749728
  0.75422081  0.3791459   0.46048533  0.78635848  0.37326876  0.71504125
  0.60794562  0.89682793  0.82995632  0.83099287  0.62826107  0.8804436
  0.72772472  0.73115616  0.81264213  0.59794745 -0.2859362   0.65142304
  0.68958818  0.45839636  0.53259971  0.89752072  0.42516621  0.89087314
  0.87313926  0.76530518  0.76106314  0.89229842  0.77190725  0.77455366
  0.51787169  0.79302501  0.79644047  0.92377041  0.80535094  0.36082232
  0.83890267  0.84187615  0.89392138  0.8066876   0.87924946  0.74173
  0.46185392  0.77936048  0.87848045  0.78564486  0.46871121  0.86338947
  0.73703494  0.75399806 -0.32184368  0.7517533   0.66249929  0.60862266
  0.82458434  0.14132337  0.63018562  0.63640335  0.69831095  0.78708544
  0.7519057   0.65319875  0.46792187  0.74413791]","[ 0.53294998 -0.35581168 -0.3762421  -0.43130344 -0.26898286  0.22124698
 -0.09460125  0.65742067  0.51693825  0.5874437   0.19905252  0.13833622
  0.61176133 -0.18771265  0.11809388  0.49800867  0.40693476  0.41428352
 -0.45127777 -0.32511442  0.38727942  0.40998488 -0.28128841  0.45801879
  0.6513597  -0.1603183   0.68211698  0.03247413  0.51589192  0.34527008
  0.45866866  0.24913432  0.22212477  0.72894565 -0.30855105  0.42982732
 -0.05997008  0.34664954  0.6468772   0.3567631   0.45880296  0.30612295
  0.24885721  0.32073591 -0.18364001 -0.25398343 -0.4476535   0.34891684
 -0.21358985 -0.27082362 -0.10935359  0.54008375  0.39667152 -0.33469236
  0.11814865  0.53832995 -0.30489996  0.04986658  0.06914645  0.52962251
  0.25662693  0.28165971  0.61461437  0.54898945 -0.35200259 -0.22637149
  0.6204285   0.37252785  0.68037511  0.2887822   0.72250734  0.26791768
 -0.04773298  0.44126978 -0.35570123  0.04733793 -0.45780015  0.68933288
  0.25978516 -0.21019682  0.27048539  0.39062764 -0.21074417  0.13347322
  0.3915648   0.17577461  0.1621075  -0.50900542  0.39708981  0.58899541
  0.29431424 -0.19536925 -0.26275877 -0.16700568]","[ 0.643184    0.31671693 -0.10597094  0.29334023  0.08272609 -0.15467866
  0.518727    0.25877221  0.5054333   0.46891741  0.15755175 -0.05326423
  0.55367439 -0.6250842  -0.24153733  0.48093962  0.11520011  0.42974109
 -0.24038336  0.11551014  0.39461335  0.12644869  0.20568542 -0.03268075
  0.18884062  0.52972649  0.6943385   0.35298491 -0.2303318   0.10269979
  0.29982961 -0.22614146 -0.18955373  0.10773106  0.2282501   0.59336706
  0.54026009  0.51481882  0.47091434  0.54839516  0.17873133 -0.2201512
  0.19659915 -0.19069709  0.13839979  0.19252909  0.26608532  0.13412321
  0.17143629  0.24973188  0.21430839 -0.31667591  0.44524784 -0.38316842
 -0.1766018   0.34243767  0.35072958  0.47713739 -0.13389618 -0.22143469
 -0.30710298  0.49055102  0.71707788  0.51800325 -0.24974951  0.39778784
  0.27908255 -0.21904185  0.34285764  0.17702563  0.26255442  0.48481072
 -0.14036676  0.53321388  0.37953149 -0.21447316 -0.14044568  0.74824128
 -0.26409606 -0.39116461  0.33201283  0.86636292 -0.20146378  0.20204359
 -0.26811964 -0.40010698 -0.45370765 -0.1530322  -0.31256669  0.27121835
  0.53261758 -0.31975383  0.36953811  0.42607737]","[ 0.83744042  0.65645091  0.46582928  0.64185102  0.10455219  0.29841435
  0.32197909  0.36289586  0.75333524  0.40060153  0.75382634  0.50946788
  0.58857015  0.4084884   0.60670672  0.45824221  0.56198478  0.62257467
  0.5615436   0.53284217 -0.16745562  0.58593033  0.47905391  0.67618118
 -0.09727944  0.62013194  0.74436293  0.4655707   0.17685691  0.58312646
  0.5216511  -0.15803787  0.44137466  0.22684925  0.54930079  0.59099263
 -0.11267457  0.2613812   0.57904384  0.58779797  0.26224055  0.49464505
  0.11091789  0.50330319  0.61894831  0.19416694  0.34148366  0.64413616
  0.534454    0.77180645  0.48188039  0.09011664  0.51301263  0.32018385
  0.58023363  0.17143378  0.25793766  0.61289038  0.27944016  0.34036652
  0.23846435  0.59366891  0.55992251  0.50907983  0.41242526  0.59822872
  0.38811315  0.43536281  0.34726293  0.29715122  0.34446017  0.36719816
  0.66040171  0.17998872  0.23130146  0.40516571  0.36952199  0.52555686
  0.2402018   0.69552747 -0.03851477  0.75804481  0.17290802  0.36083314
  0.36247742  0.67396293  0.17716352  0.46569374  0.63666231  0.60819622
  0.6128109   0.05119253  0.11989679  0.29132413]","[ 0.43679699  0.23310227  0.40243263  0.31830714  0.23999314  0.31499935
  0.23567012  0.59353995  0.76261128  0.09800783  0.45002558  0.49366504
  0.26268233 -0.44548747  0.09754831  0.5211296   0.63542295  0.31211753
 -0.1530806   0.40215481  0.4016676   0.32825208  0.58396223  0.76157918
  0.02479204  0.1868661   0.76419503  0.40050149  0.45870419  0.30484448
  0.40994819  0.16464122  0.429425    0.58285273  0.52116754  0.71258128
  0.30182209  0.47655506  0.63805764  0.4237875   0.5424321   0.02128286
 -0.07892631  0.32063964 -0.1888742   0.14613481 -0.2615259   0.21440042
  0.47956471  0.59271221 -0.21707135  0.43126251  0.56362012  0.26401318
  0.19308304  0.52967845  0.26098713  0.83939217  0.18803414  0.19904622
  0.30379308  0.42928944  0.7241199   0.50876387  0.5409814   0.59262852
  0.25616415  0.35116987  0.53952022  0.59135937  0.53265407  0.53127718
  0.25438033  0.59325793  0.42392215  0.19374886  0.29617299  0.61040996
  0.44452621  0.57056219 -0.17698719  0.79096795  0.32537073 -0.03909807
  0.29733868  0.71418679  0.18645284  0.23523652  0.63235224  0.309379
  0.23930662 -0.17476758 -0.10873634  0.27665539]","[ 0.91379344  0.79620734  0.50902748  0.52893735  0.2883006   0.5179269
  0.59654346  0.1585032   0.64100368  0.53964028  0.7217561   0.56030735
  0.53136113  0.39905678  0.59225955  0.51050412 -0.26487288  0.56600286
  0.69988262  0.72064727  0.28932857  0.69363441  0.3203827   0.68754624
 -0.09242623  0.62990088  0.69782994  0.37488708  0.58265998  0.49471583
  0.59534851  0.44318146  0.64063214  0.25341346  0.65991461  0.62982378
  0.47426666  0.58872692  0.76869624  0.4170634  -0.29109847  0.53151272
  0.36008609  0.64806344  0.5948097   0.40878421  0.61452927  0.64437371
  0.42791138  0.87281514  0.43460416  0.31847919  0.40577461  0.51921748
  0.5889859   0.23674659 -0.04042097  0.21180136  0.37077974  0.32149666
  0.18523081  0.64612719  0.47533487  0.69470347  0.34927179  0.71334522
  0.59398753  0.43226136  0.04828088  0.0670012   0.28410044  0.43250988
  0.71206271  0.02835468  0.18426442  0.16543839  0.16414023 -0.16078306
  0.01452902  0.62107672  0.26810068  0.5770362   0.14382435  0.16849953
  0.53366668  0.78451247  0.05514119  0.5092456   0.62741472  0.52771235
  0.76093155  0.22227895  0.41215932  0.56891267]","[ 0.76564253  0.80625278  0.41066506  0.53736316  0.16995562  0.46796493
  0.52674694  0.29994726  0.68172457  0.35874103  0.87874276  0.44365633
  0.75125517  0.40473213  0.40203157  0.38443184  0.55990764  0.55117803
  0.32265606  0.13597047  0.33795676  0.81482661  0.42435538  0.70449942
  0.23832358  0.54669609  0.63599584  0.48965166  0.08801055 -0.04081561
  0.58758405  0.36923271  0.02653222  0.49808306  0.64292414  0.57977278
  0.57725115  0.6326027   0.73211359  0.47539083  0.40545895  0.42714686
  0.35639154  0.45448255  0.53917841  0.10904489 -0.29204934  0.54575809
  0.44304327  0.61629752  0.70830569  0.22337287  0.3645869   0.46497669
  0.74562688 -0.0935437   0.30492343 -0.30626901  0.05641483  0.34053411
  0.34089654  0.69513874  0.64061412  0.75831966  0.5014925   0.68385091
  0.3028048   0.54828494 -0.42868744  0.68860381  0.60305137  0.21258727
  0.73169567  0.02823539  0.08462825 -0.04808668  0.39526302  0.38875297
  0.53358334  0.68106818  0.3472118   0.69472084  0.18365177  0.65064543
  0.62372221  0.77303266  0.18646696  0.73414022  0.51281163  0.64239232
  0.69620361  0.37389195  0.27432561  0.53476197]","[ 0.70719877  0.44406152  0.65541725  0.48322123  0.33807174  0.23041372
  0.31110205  0.68218946  0.80747578  0.14854137  0.53767835  0.62895789
  0.64741545 -0.38524623  0.48915553  0.58313678  0.64561545  0.15532446
  0.39705607  0.6101506   0.26988895  0.71233897  0.66446649  0.82323697
  0.52916456  0.43176031  0.77949704  0.55221068  0.47656478  0.47579713
  0.51740002  0.57196889  0.21678488  0.71638442  0.60931107  0.71680032
  0.56690543  0.68184509  0.8366018   0.4669385   0.65692918  0.26713115
  0.37594436  0.50778658  0.50726789  0.27635671  0.48364611  0.24670498
 -0.13922824  0.72941384  0.73766979  0.67859808  0.43077018 -0.0898722
  0.56661536  0.48427099  0.47706003  0.86716318  0.67657055  0.54342165
  0.44909129  0.7965845   0.78268304  0.80043003  0.65155046  0.77537182
  0.36826363  0.5226395   0.58495209  0.76315654  0.56008442  0.76074442
  0.66197409  0.65245092  0.41950797  0.51261878  0.62672252  0.82004642
  0.67547064  0.47880634  0.05759345  0.86138628  0.51243815  0.62851182
  0.4729603   0.76113132  0.38186625  0.57449035  0.823638    0.62206119
  0.41847759 -0.09985439  0.36941986  0.29830544]","[-0.02988223  0.31256505 -0.09304761  0.20397891  0.16309786  0.55578343
  0.2837273   0.59230703  0.28076663  0.19103961  0.60182165  0.35115592
  0.22704651  0.33187537  0.60382592  0.38354553  0.23900934 -0.22729932
  0.3164428   0.37061842  0.20046407  0.46692212  0.17170348 -0.27672953
  0.49244935 -0.23920165  0.73758803  0.15032067  0.69188799  0.61183492
  0.08127265  0.20840083  0.66271003  0.32163207  0.05404411 -0.13222677
  0.43688578  0.06906589  0.05919275  0.3758115  -0.52373726  0.43642467
  0.18812597 -0.2105414   0.42120442  0.7727398   0.05801312  0.21147597
  0.50906837  0.63385069  0.3207562   0.63251763  0.09409206  0.57048301
  0.52290992  0.22592459  0.44405181  0.57645794  0.5418597   0.28137487
  0.27270192  0.21124338  0.17589633 -0.13782822  0.11325094  0.15732025
 -0.19475514  0.37470659  0.34293381  0.87802649  0.41183206  0.32703206
  0.12695929  0.15435553  0.0995611   0.60045613  0.43268481  0.76550333
  0.73404596  0.56210698  0.66234124  0.31299823  0.20696193  0.45101321
 -0.13865936 -0.33197905  0.62005526  0.06064905  0.14624269  0.3259904
  0.35531417  0.6744394   0.49930846  0.60134709]","[ 0.85787421  0.53183464  0.49852993  0.59109226  0.14380383  0.51203397
  0.30027759 -0.17189277  0.79772922  0.23127215  0.64934564  0.49486984
  0.56461147  0.42266517  0.4468135   0.51187461  0.56393441  0.35301633
  0.52742373  0.47214895  0.23521591  0.5783083   0.3421036   0.56154113
  0.16099976  0.4666804   0.78853862  0.43714272  0.14233854  0.33208987
  0.5906599   0.31674128 -0.04336888  0.39551344  0.69831009  0.4707816
  0.41305783  0.47778063  0.71167688  0.49354116 -0.22370305  0.64490277
  0.23548648  0.59552094  0.57957843  0.26293583  0.71079785  0.51535935
  0.14510582  0.86910326  0.51591655  0.12114638  0.32609451 -0.04358227
  0.51264985  0.15802548  0.51759725  0.36899487  0.24097453  0.24431841
  0.32447761  0.66769862  0.72235568  0.43769352  0.49094797  0.73503127
  0.4237365   0.62263719  0.34683002  0.301346    0.35991514  0.42727167
  0.60532141  0.32753245  0.2246547  -0.13886885  0.34995883  0.59991467
  0.22397798  0.48071034  0.25619865  0.6721638   0.10327283  0.3278554
  0.54535689  0.6695628   0.04945157  0.6668157   0.55116474  0.6493471
  0.56994196  0.11736082 -0.25938908  0.1507179 ]","[ 0.79093038  0.36567452  0.53972349  0.22745505  0.09967207  0.21736982
 -0.20660178  0.54489059  0.73394748  0.18857041 -0.02651826  0.39899745
  0.63997571 -0.37043617 -0.10128573  0.534642    0.66529852  0.17755291
  0.14276768  0.3657835   0.28938289  0.43602183  0.58633776  0.62033458
  0.22282811  0.43925637  0.82473486  0.3122885   0.39043995 -0.18759168
  0.32689577  0.50024778  0.03946903  0.67793239  0.57355712  0.61082464
  0.51920933  0.5031392   0.70366928  0.40627197 -0.24977208 -0.02405676
  0.27970725  0.43611798  0.31491392  0.19383994  0.4327116   0.24558723
  0.45057445  0.57025023  0.44968335  0.66512013 -0.08934171  0.71895412
  0.45216625  0.32598267  0.55846995  0.83915747  0.44110419  0.31218289
  0.29314696  0.61432454  0.7810281   0.6745117   0.51254111  0.70425354
 -0.46564606  0.50510731  0.52344191  0.67150787  0.14066689  0.58460517
  0.51100577  0.4030366  -0.23859585  0.37983421  0.59135834  0.64579526
  0.55262263  0.43983583  0.07225226  0.7876117   0.27090844  0.34537734
  0.49582377  0.51822364 -0.26468064  0.69026533  0.65669759  0.61191847
  0.12289825  0.12100166  0.16252756 -0.52232419]","[ 0.23457667  0.38839984  0.26554651  0.11592106  0.23433058 -0.07901046
 -0.15346422  0.4241547  -0.32308724  0.52215327  0.20483506  0.37350048
  0.14228066  0.42358647 -0.34536231 -0.22060715 -0.16035008 -0.2623963
  0.48679047  0.17237983  0.12180184 -0.35739504  0.18868971  0.0354036
 -0.19664397 -0.11828726  0.23850046  0.09374519  0.64595512  0.31325796
 -0.28447509  0.06622589  0.30267928  0.07753457 -0.12598241  0.09552993
  0.50730804 -0.25246812 -0.36520965 -0.24495736  0.329093    0.30804348
 -0.45127541  0.07368594 -0.35520039 -0.35511994  0.23211764  0.1085506
  0.06320071  0.42865724  0.09106224  0.44227659 -0.02655022  0.18333471
 -0.25483196  0.3324232   0.22888879  0.44601708  0.26546458  0.39372284
  0.50826016  0.12503601  0.12157688  0.37760206 -0.18989369 -0.1168551
 -0.20381615 -0.33893484  0.2755089   0.38360037  0.44950514 -0.21293532
  0.66620536  0.36875586  0.43822008  0.29171619  0.27634207 -0.28701134
 -0.2070282  -0.1588831  -0.24119607  0.09196258  0.35175547  0.20240316
 -0.19311362 -0.17612857  0.09151142  0.26547258  0.41291804 -0.42934943
  0.38879265 -0.07340556 -0.53525103  0.15280481]","[-0.1828876   0.24599764  0.51130674  0.75042591  0.82667311  0.72461895
  0.43759522  0.27395147 -0.24480285 -0.23531694 -0.14909324 -0.31515141
 -0.23989308  0.56026551  0.52641129 -0.25716721  0.54350606  0.68925391
  0.24986196  0.38535071  0.39943869 -0.53387316 -0.21008205 -0.40037498
  0.76893771  0.63464838  0.50280559  0.49397708 -0.23477427  0.41313174
 -0.31705073  0.52474085  0.35814938  0.56113335  0.40045893  0.44820422
  0.53081499  0.48383115 -0.02277596  0.30355148  0.42589644  0.45547717
  0.39743767  0.20453922  0.77105196  0.29691901  0.62945511  0.31143599
  0.53678978  0.25746005  0.29340496  0.78234451  0.50146052  0.10610352
  0.71965185  0.4644624  -0.18899973  0.32882095  0.4107756   0.27499525
 -0.23643949  0.69223014  0.37597884  0.68393655  0.70481533 -0.09603949
  0.66924128  0.41846269 -0.35898394  0.68565858  0.63898485  0.51888838
  0.56399852  0.52681727  0.58314383  0.43829916  0.59408416 -0.39826436
  0.65578089  0.608668    0.54507406 -0.28538934  0.26738612  0.53570898
 -0.15243797  0.42127366  0.2185855  -0.13769406 -0.11506933  0.39180046
  0.23675459  0.79694616  0.29385746  0.54689762]","[ 0.59743708  0.26185166  0.31016953  0.41596536  0.48958389  0.56359303
  0.39019998  0.24623574  0.51550628 -0.38244151 -0.02405998  0.34465687
 -0.36558645 -0.23280931 -0.19346437 -0.33040197 -0.48730019 -0.30372031
 -0.15819674 -0.00920507  0.49931018 -0.44040286  0.19023269 -0.28751672
  0.77349112  0.354848    0.00592154 -0.18944351  0.2752876   0.37905504
  0.33285152  0.54700014  0.59764845  0.37309363 -0.11482323  0.59568091
 -0.39533023 -0.3019235  -0.08621703  0.25389252  0.43297523 -0.44785852
 -0.40242185  0.50891276  0.31071001  0.42307702  0.5957761   0.29782345
 -0.26799842  0.64989277 -0.31270987  0.82080423 -0.25683697 -0.18467277
  0.57871854  0.54431331 -0.3737868   0.36482052  0.55770119  0.21967027
  0.51048052  0.51286114  0.60667905  0.54741747  0.55714547 -0.0876144
  0.48867305 -0.2061614  -0.21921515  0.64426318  0.51848964 -0.15699739
  0.67494341  0.60608812  0.55906977  0.39109918  0.08857812  0.30715747
  0.53124595  0.01044441  0.59052808  0.26936642 -0.07233664  0.25324556
  0.43157373  0.43033026  0.30907065  0.57766385  0.20945999  0.1231789
  0.54694735  0.66835401  0.24680368 -0.27560225]","[ 0.22585002 -0.25870791  0.28039496  0.66685243  0.75371811  0.6305698
 -0.16905203  0.73389915  0.37591567  0.19879546  0.17290446 -0.3044248
 -0.13781327  0.63656913  0.37245243  0.45548173  0.55233636  0.61435264
 -0.23189001 -0.28069952  0.41987988  0.57217024  0.19814495 -0.27761472
  0.55499977  0.15296335  0.53879259  0.61191689  0.13801402  0.34888332
  0.01315799  0.35953282  0.39918237  0.30200193  0.12131292  0.1416233
  0.42808124  0.52114183  0.36226037  0.31830537  0.28804842  0.30244548
  0.3031036   0.24747849  0.06574911 -0.07885068  0.69961935  0.42358459
 -0.36739803  0.35986438 -0.32266714  0.77616062  0.24123933  0.24940518
  0.07503178  0.76737557 -0.5533005   0.19254371  0.40454538 -0.29452104
 -0.19473289  0.68301808  0.41780081  0.19849407  0.45699553 -0.25647476
 -0.22536708 -0.03031053  0.47803027  0.161553    0.13509339  0.50541458
  0.62663472  0.12873424  0.33745208  0.39964619  0.60133296  0.5311327
  0.23919434  0.16972178  0.28998479  0.72252734  0.13343316  0.24583004
  0.3293346   0.04368978  0.39839399  0.13649181  0.27741606  0.11565268
  0.17818173  0.67635748 -0.23069495  0.19020088]","[ 0.48675009  0.58934535  0.43436972  0.62436443  0.67504595  0.42646051
 -0.09445434  0.44818688  0.27226598  0.27653136  0.14422206  0.34146099
  0.18051787  0.42445098  0.54897672  0.00228671 -0.6574877   0.32402091
  0.5287885   0.33475345  0.48851531 -0.63261862  0.39868295 -0.22615619
  0.5259442   0.44720041  0.57243808  0.3199114   0.0957924   0.10932081
  0.02593698  0.46230924  0.44064904  0.43721844 -0.17205046  0.46383277
  0.270202    0.37000018  0.30364705  0.22691538  0.19618114  0.36749251
 -0.2653042   0.31014211 -0.34459027  0.16783165  0.60731512  0.12105133
  0.19711395  0.69966805  0.34655316  0.77089579  0.16497234  0.36835629
  0.30937988  0.62970349 -0.40303518  0.57615979  0.46203076 -0.29651037
  0.41884918  0.66371898  0.43338962  0.17644664  0.03781569  0.12687261
  0.63369101  0.16917278  0.23818278  0.58318617  0.36026732  0.18631146
  0.36468066  0.36708895  0.65440227  0.5260224   0.30468583  0.40637513
 -0.42659417 -0.37074076  0.60537299 -0.43233303  0.53101869  0.32856759
 -0.22160972 -0.33742744  0.28532348  0.275776    0.25137425 -0.33283472
  0.56488769  0.69495881 -0.20803613  0.48173038]","[ 4.72086401e-01  3.49467226e-01  1.19459293e-01  4.88907532e-01
  4.02274740e-01  4.92808783e-01  1.12841571e-01  3.64212452e-01
  1.48824770e-01 -2.38631909e-01  2.03757831e-01  4.57160205e-01
  5.90856109e-01 -2.32006547e-01  3.50884095e-01  2.43624967e-01
 -3.74094663e-01 -1.44375131e-01  4.08247870e-01  2.35360779e-01
  5.74797421e-01 -2.51509374e-01 -1.38092900e-04  3.60001662e-01
  4.45948715e-01 -1.48072702e-02  4.66946372e-01  1.41970493e-01
  3.11499710e-01  1.87008135e-01  2.74355015e-01  1.89342307e-01
  5.13187348e-01 -1.43902747e-01 -1.50670728e-01  5.41262354e-01
 -3.34434391e-01  1.88469452e-01  2.08977826e-01 -4.75493011e-01
  9.05210618e-02  2.71015260e-01  2.37362438e-01  3.77565577e-01
  1.29339548e-01  2.39957604e-01  1.20752244e-01  1.39201835e-01
 -4.92090928e-01  6.21206663e-01 -2.55511990e-01  4.53835519e-01
  3.93111312e-01  2.91478131e-03 -2.20717117e-01  6.73702950e-01
 -2.69821205e-01  4.71938966e-01  5.99515361e-01  2.17411872e-01
  3.31349406e-01  3.42946069e-01  6.80057033e-01  2.75929928e-01
  1.63773505e-01  2.46570934e-01  9.89507610e-02 -2.87096249e-02
  4.45306838e-01  5.61424318e-01  6.74713160e-01  3.61753765e-01
  3.18655781e-01  2.56274618e-01  1.23002116e-01  4.37175731e-01
  2.26127820e-01  3.06822032e-01 -9.52290433e-02  1.74954126e-01
  2.44324259e-01 -5.22258196e-01 -1.86607469e-01  4.50140359e-01
  2.49619001e-01  3.97021728e-01  1.93929907e-01  4.08621349e-01
 -9.68292147e-02  4.54218837e-01 -5.24910495e-02  6.62794259e-01
  2.68415244e-01  1.05878399e-01]","[ 0.42150472  0.24328778 -0.16049001  0.52223677  0.2049411   0.53076913
  0.36105893  0.18167329  0.39282837 -0.23572626  0.48361217 -0.1251101
 -0.43053564  0.44484402  0.29421953  0.2116851   0.306592    0.75835945
  0.36381679  0.04737626  0.40338887 -0.41743925  0.49255251  0.34679606
  0.73630764 -0.14088816  0.40897198  0.24639799  0.2406518   0.36678721
  0.36939254  0.4477317   0.48081035  0.24238222  0.35419816 -0.09409742
  0.4490398   0.10718752  0.05919338 -0.44284606  0.41337299  0.42429142
  0.13811149 -0.22618892  0.17555651  0.62347658  0.64082002  0.39289438
  0.12279823  0.42452384  0.2062877   0.55430824  0.14813334  0.37208899
  0.46251382  0.6592518  -0.32182435  0.5776496   0.43606552  0.38234997
  0.31726521  0.5908752   0.63170648 -0.29786298  0.30431841  0.48827436
  0.49059358 -0.20095007 -0.45370271 -0.26561471  0.45194495 -0.25804554
  0.65068151  0.40851429 -0.17941285  0.36636714  0.1157249   0.65754906
  0.52780581 -0.04388715  0.4852925   0.49805323  0.14105086  0.37283906
  0.04639342  0.40545203  0.29170621  0.2075857  -0.09056151  0.04266233
  0.7196089   0.71275409 -0.30004042 -0.42523177]","[ 0.26786581  0.30911699  0.6675872   0.67154555  0.85718824  0.60622628
  0.30738924  0.46618642  0.31859991 -0.25479641  0.41068798  0.58959769
  0.6193332   0.47981389  0.36721694  0.35282759 -0.00095952  0.77714836
 -0.16727463  0.2897513   0.28039176 -0.28367552  0.60644208 -0.44752017
  0.40795077  0.6816645   0.81521806  0.42110766  0.17702596  0.29686659
  0.23527995  0.75715937  0.55949576  0.29330434  0.38834697  0.44489665
  0.41480961  0.65136505  0.35691268  0.54218592  0.42822896  0.61258789
  0.21127289 -0.14017472  0.55565231  0.54713835  0.63217399  0.21591813
  0.31621282  0.24964218  0.57620737  0.81311785  0.61176324  0.20738787
  0.43405806  0.49944185  0.29718302  0.72265153  0.55982958  0.42092401
 -0.29786336  0.75826634  0.22917503  0.52186286  0.79588725  0.53098315
  0.70525532  0.65044469 -0.46528187  0.60851497  0.54070746  0.30945236
  0.84017635  0.58798677  0.71286524  0.38878354  0.53871843  0.36204064
  0.1362147   0.42556623  0.70061068 -0.30429512  0.49548337  0.50943629
  0.42184526  0.63333837  0.47952025  0.17880261  0.75949406  0.65128779
  0.72334197  0.73553513  0.45459765  0.77261856]","[ 0.17355725 -0.10637731 -0.27554031  0.11127448  0.29130721 -0.09020074
 -0.26869491  0.64095283  0.51684575 -0.24240404  0.1187685   0.23684562
 -0.36731526 -0.13703204 -0.32594268  0.48239157  0.34200904  0.12639288
 -0.24661642  0.1936702   0.36848454  0.34809802  0.30736129  0.2950987
  0.44349094  0.17337181  0.5360286  -0.27348805 -0.25404015  0.12639369
  0.43643424  0.19242045  0.30121339  0.26561033 -0.20791171  0.68306935
  0.14502768 -0.2926867   0.19361172 -0.3547943  -0.21419167  0.12789023
  0.44684464  0.26257082 -0.36679365  0.49138236  0.16058784  0.27168327
 -0.17452474  0.53089367  0.29047525  0.49832763  0.19101039  0.30290515
  0.2182784   0.53311405 -0.21566698  0.18654595  0.3392985   0.33477049
  0.20039004 -0.26640474  0.5198899   0.38182191  0.30813511  0.41859149
  0.21228455  0.29597734 -0.58566319  0.36141958  0.27030617 -0.28164828
 -0.23372826  0.17116651  0.18180295 -0.31282895 -0.25049187  0.70026198
 -0.3308034   0.39369246  0.44217231  0.67437263  0.15996467 -0.04649887
  0.45869582 -0.2653675   0.36086913  0.18207447  0.29258193  0.23564757
  0.18651036  0.71286676  0.19267014 -0.26081486]","[ 0.38488735 -0.4315294   0.48361818  0.23226114  0.4628682   0.48328659
  0.51251511 -0.11393622  0.2353747  -0.26243051 -0.21705237  0.25628886
  0.13659814  0.22187625  0.3954756  -0.22972982  0.6088286   0.43053672
  0.32852257  0.34228025  0.29599892 -0.13839948  0.3495225   0.32025348
  0.70681706 -0.36646007  0.42159116  0.30238859 -0.27821583  0.36297735
  0.36188586  0.30663215  0.4217391   0.37419039  0.38150876 -0.44120714
  0.48779252  0.56842859 -0.18365592  0.48321007  0.199234   -0.16810653
  0.25022188 -0.19327812  0.71457483  0.71649516  0.52459649  0.53225791
  0.3617709   0.51695652 -0.42134763 -0.31573512  0.00669031 -0.18023793
  0.36614946 -0.21557021  0.18073727 -0.32323039  0.28863075 -0.18353606
  0.16249617  0.35473565  0.31059157  0.3766251   0.68392841 -0.17209151
 -0.23275457  0.58706546  0.33981624  0.35563518  0.54698359  0.38405075
  0.68392346  0.26342089  0.31374901 -0.17252274  0.5208149   0.35809644
  0.31398139  0.63868876  0.32628243  0.26857387  0.31571184  0.41842769
  0.20985773 -0.32950461 -0.31205939  0.44201193  0.02974637 -0.1855712
  0.41845676  0.56181638  0.30156083 -0.23469034]","[ 0.52919135 -0.34454602  0.6390937   0.75924451  0.78885133  0.62298824
  0.38804472  0.5081549  -0.13294005  0.28714821 -0.16413024  0.25382984
 -0.07658945  0.19487967  0.45162937  0.12310353  0.54770282  0.51978255
 -0.29309867  0.19488026  0.30763694 -0.24409099  0.28501159  0.26654736
  0.67700605  0.4282809   0.06034233  0.47917613  0.19364731  0.56049168
  0.48064379  0.50774811  0.6751408   0.52876677  0.39672532 -0.33580093
  0.48282159  0.70210962 -0.17094566 -0.26351407  0.36922715  0.35386743
  0.39188726  0.13929754  0.61485772  0.47068902  0.7020099   0.53352219
  0.49620857  0.3524184  -0.15447746  0.37683133  0.25690961 -0.23022925
  0.53626164  0.53508264 -0.25252563  0.32112083  0.59588736 -0.43055773
  0.24902081  0.58602161  0.39324948  0.58139281  0.56115118  0.08216628
  0.5063364   0.48450587 -0.1435604   0.4153907   0.5744411   0.46897937
  0.81524551  0.07878944  0.7250257   0.31070943  0.35314809  0.60405042
  0.32705681  0.12132118  0.5346717   0.52049095  0.39391669  0.43810692
  0.21770638  0.27510448  0.36398578 -0.37828367  0.11208454  0.46415867
  0.45189453  0.57083954  0.42630113  0.50561075]","[ 0.18413803  0.11842043  0.52719018  0.80395996  0.68520296  0.53507383
 -0.10709298  0.67614136 -0.17378309 -0.2409205   0.12125515  0.41640169
  0.62087826  0.47030106  0.37705016  0.15412999  0.42348539  0.29788316
  0.25176614 -0.25572068  0.41226454 -0.46538015  0.39590237 -0.10639173
  0.20653882  0.21780549  0.65260773  0.58530295  0.27638241  0.47188588
 -0.34972305  0.5435534   0.26964536  0.25008017  0.28541457  0.0930185
  0.60160221  0.5469125   0.04349709 -0.40416942  0.35252227 -0.36985997
 -0.28522112  0.0744475   0.05574833  0.46487868  0.7250512  -0.20718958
  0.28207879  0.31685025 -0.42190554  0.59670802 -0.28305664  0.14985103
  0.33456655  0.81360217 -0.33379629  0.14286123  0.3982333  -0.27113705
  0.39252167  0.7716869   0.27611435  0.55051971  0.69111531  0.34336461
  0.4536236   0.51684186 -0.27597585  0.4022987   0.10692524 -0.13085622
  0.85239764  0.14554725  0.23518541  0.47807732  0.65421245  0.32591354
 -0.22670448  0.24002558  0.39239391 -0.33633371  0.15427169  0.11835378
 -0.33573531  0.50335852  0.39052049  0.36265593 -0.21988908 -0.21221156
  0.54034982  0.59049279  0.23011476  0.43884735]","[ 0.57904004 -0.164428    0.08387678  0.61247959  0.80582884  0.52468326
  0.62255575 -0.2421898  -0.21779606  0.10273196  0.48104707  0.22121793
  0.25096414 -0.27444104  0.26551653  0.21079433  0.45389507  0.32283997
  0.27360393  0.16430716  0.26202081 -0.24729122  0.14814608  0.28331565
  0.7773501  -0.17793026 -0.14075185  0.21363076 -0.20049054  0.26608756
 -0.32798863  0.29092337  0.5502804   0.64338113  0.49901825  0.63199568
  0.44419659  0.41996748 -0.20440646 -0.18277431  0.57353479  0.59608665
  0.40830443  0.25151879  0.70343637  0.60691925  0.43744037  0.26980956
  0.6269884   0.41812965 -0.40222461  0.77238451 -0.10695092  0.22124959
  0.63382849  0.17481     0.36688738  0.34127605  0.21475254 -0.34210046
  0.40879818  0.66850554  0.48368683  0.68688044  0.35303049 -0.2332556
  0.52477542  0.37511228 -0.32211475  0.46004677  0.83187641  0.38260748
  0.52858031  0.4572303   0.8475499  -0.04606024  0.12674335  0.64175676
  0.68292729  0.45922746  0.56837057 -0.00461518  0.2044141   0.638846
  0.33981333 -0.283621   -0.30190475 -0.22032435 -0.14761654 -0.29288728
  0.55668233  0.6838818   0.44939609  0.12540972]","[ 0.69538455 -0.28313811  0.49903145  0.74619303  0.72569519  0.66478541
  0.57609583  0.16649842  0.28945662  0.35710423  0.10063011  0.25584205
  0.6554707  -0.28337415 -0.26204964 -0.33287999  0.6755914   0.36924608
  0.51910507  0.24388784  0.2660976  -0.2126906   0.38435912 -0.25520277
  0.82102216  0.32465813 -0.02508029  0.43925895  0.07535115  0.51124643
  0.15277248  0.36628597  0.65505466  0.31941179  0.37285307  0.73465535
  0.41519587  0.57424131  0.22785209 -0.37069876  0.50419293  0.55185929
  0.22745326  0.08314504  0.61152685  0.55865846  0.41989376 -0.38477848
  0.35134364  0.68823726  0.28097498  0.82919916  0.06026945  0.16113182
  0.69658042  0.35270287  0.26148952  0.18730047  0.34550006 -0.36873836
  0.43056308  0.44954378  0.52960132  0.2714365   0.47229064 -0.06140678
  0.60191414  0.25300983 -0.32340222 -0.27501955  0.47923694  0.32712194
  0.62682886  0.63594109  0.63283283  0.15703848  0.20322677  0.36803751
  0.68182547  0.26517905  0.53912937  0.23180693  0.36036875  0.38899022
 -0.33172735 -0.40092034  0.29917203  0.44051968  0.29554393 -0.1935287
  0.77152397  0.48444095  0.50459759  0.10723145]","[ 0.63181411 -0.19266809  0.81909393  0.69297432  0.7517911   0.74507279
  0.31579609  0.49780564 -0.29821973 -0.18406656  0.51549152  0.43540559
  0.17449491  0.50525618 -0.12177121 -0.28663725  0.78139864  0.35678368
  0.31946668  0.26137133  0.4996619  -0.32475968  0.45126533  0.22063119
 -0.30313626 -0.17108424 -0.2473401   0.48156346  0.23401639  0.55529007
  0.30855744  0.51471578  0.55244343 -0.02065357  0.34819828  0.06832196
 -0.17468464  0.32730981  0.1688787   0.33090731  0.35589645  0.62299335
  0.26973172 -0.14226665  0.74218483  0.63872014  0.68133243  0.67662767
  0.61097582 -0.4250691   0.64483276  0.72329949  0.69593281  0.59278699
  0.43859802  0.49064062 -0.29126715  0.58510889  0.54946105  0.42281477
  0.34643598  0.63876997  0.57893853  0.27287767  0.73566746  0.41156652
  0.6439388   0.00327156 -0.32215182  0.45459861  0.61056505  0.50976061
  0.54819349  0.44943118  0.59900547 -0.21629122  0.60791819 -0.17883642
  0.39503598  0.2936015   0.64986968 -0.23987424  0.16569518  0.5845003
  0.79661695  0.22341646  0.3899944   0.36636733  0.5323322   0.23673419
  0.5009345   0.67462539  0.47773438  0.53415838]","[-0.1148062   0.13161833  0.45208008  0.54870623  0.751298   -0.22072563
  0.40516876  0.43738564 -0.29516223 -0.13289144  0.44304121  0.2076822
  0.37000633  0.48578059  0.46026691 -0.31092375  0.62479612  0.47733282
 -0.10024958  0.37181678  0.29551898 -0.20360349  0.43363508  0.24704736
  0.1200205   0.5395397   0.25013851  0.36706741 -0.26292242  0.20592218
  0.31150708  0.32305686  0.33976527  0.36456259  0.46734822 -0.11840533
  0.42891008  0.52273943 -0.15922105 -0.15961865  0.17158211  0.34003119
  0.03497382 -0.23525054  0.69456767  0.53518768  0.61633355 -0.12323917
  0.52177923 -0.51595649  0.07877399  0.4500226   0.44467919  0.5682901
  0.62354372  0.42108239 -0.10736983  0.47488768  0.15368953  0.39224723
  0.37468113  0.61743426  0.53032368  0.63151203  0.64167965 -0.03278495
  0.39824767  0.6175434  -0.3942302   0.47159852  0.47230442  0.60658617
  0.73238062  0.20190631  0.31672527  0.17589036  0.4554991   0.28585355
 -0.17497583  0.47572985  0.41076984  0.45993785  0.21517307  0.40923994
 -0.21350653 -0.38165193 -0.32069572  0.31924755  0.09198619  0.41793977
  0.71455135  0.71125498  0.15191456 -0.08268065]","[ 0.36495604 -0.29625201 -0.31716712  0.34909481  0.63447255  0.35211582
  0.60518787  0.49575585  0.32973607 -0.16337908  0.30069099  0.0392292
  0.13489233 -0.2779683   0.3491481  -0.38234044  0.3652979  -0.22681896
  0.31939717 -0.15793019  0.31150384  0.2189001  -0.21054245  0.33149758
  0.38902503 -0.10262204  0.51707873  0.07965219  0.30308454 -0.24448335
 -0.29481461  0.24640117  0.46096068 -0.18235606  0.31415966  0.13988472
  0.44862646  0.60927509 -0.23737595 -0.18445526  0.10627093 -0.08590124
 -0.22514761  0.05115256  0.79826921  0.25348211  0.35539024  0.11433788
  0.42051067  0.22116932 -0.17771846  0.52351062  0.3908099   0.42071292
  0.34705958  0.51529033 -0.24970249  0.21824855  0.11778447 -0.24350509
  0.34832612  0.56708432  0.45051384 -0.27824676  0.36880485  0.18135345
  0.22192098  0.31636571 -0.33147154 -0.2960677   0.23177155  0.43932414
  0.50872735  0.2919658  -0.2596743  -0.14345582  0.48114279 -0.42504301
  0.5048751   0.30127115 -0.25556844 -0.34086343  0.18172629  0.09149282
  0.22140696  0.23628929 -0.36097495  0.2214192  -0.0743322   0.24253914
  0.50053983  0.44460144  0.28492417  0.19181054]","[ 0.34026872  0.24278672  0.37166719  0.6572592   0.78354839  0.72233096
  0.65613239  0.1705666   0.26131863  0.38345772  0.6336803   0.38522347
  0.37851919  0.44352114  0.59373068  0.22914162  0.70822807  0.38573015
 -0.2318576   0.38649093  0.42480359 -0.17154371  0.47822405  0.43865653
  0.73147986  0.44866678 -0.22185813  0.62059952  0.43291658  0.56443707
 -0.28433928  0.58151319  0.60747685  0.29518124  0.28535448  0.55265663
  0.57651122  0.77075415  0.19156528  0.47639323  0.18773372  0.52558484
  0.26708114 -0.21229344  0.88044706  0.49290505  0.72519949  0.45823396
  0.53854627  0.26958629  0.60417498  0.57190044  0.56068879  0.65033408
  0.61598357  0.32079741  0.34156121  0.43290493  0.44542401  0.27362396
  0.18693301  0.72205814  0.38390361  0.68698339  0.76700626 -0.18211244
  0.42558252  0.46930937 -0.33447058  0.70721378  0.40798623  0.4662564
  0.8179425   0.43868661  0.37071385  0.39092339  0.57596888  0.39051496
  0.50180366  0.35429942  0.51015402  0.34821435  0.34298482  0.58137662
  0.41204275  0.43655939  0.45242402  0.73693406 -0.16170638  0.34031331
  0.73058765  0.68020271  0.23317359  0.42362828]","[ 0.7193514   0.38258264  0.33725571  0.43450656  0.30922566  0.12470485
  0.34257706  0.61214005  0.50634322  0.62880182  0.20008727  0.64386975
  0.63348928 -0.51296459  0.53775917  0.64844125  0.62177462  0.23054469
  0.22332639  0.61438852  0.36647403  0.53455545  0.29257783  0.61282082
  0.50722624  0.37834137  0.78643244  0.40583642  0.51058603  0.45874502
  0.7419924   0.41855004  0.12817856  0.71629191  0.28772865  0.69450777
  0.48209399  0.5897286   0.71762476  0.467838    0.50605358  0.23053027
  0.64270497  0.37796773 -0.39764625 -0.17027611  0.65213465  0.35230597
  0.31636805  0.67151152  0.69893625  0.66164764  0.40840548  0.38396621
 -0.21989993  0.75848678  0.29067963  0.80733282  0.44640772  0.21571642
  0.54482872  0.73497975  0.77887044  0.65823124  0.70950905  0.71678108
  0.56997358  0.65743133  0.42396967  0.64292883  0.02287633  0.50771634
  0.56883983  0.16710103  0.64203234  0.10218625  0.28149581  0.56332898
  0.58919095 -0.41573481  0.14299683  0.69902997  0.26616902  0.49203925
  0.62517815 -0.14088826 -0.24706894  0.4541354   0.77452133  0.56251803
  0.43365024 -0.25399684  0.24584976  0.6329432 ]","[ 0.24227055 -0.26946655 -0.31400234  0.29685548  0.34741366 -0.16711738
  0.20120296  0.32689103  0.20321912  0.28090998  0.1721874   0.17496051
 -0.1558001   0.52860676 -0.24750933  0.32097784  0.47773704  0.1759256
 -0.11166531  0.23307785  0.15879639 -0.1907387  -0.29301994 -0.13612416
  0.32170292  0.07704206  0.38326301 -0.15515674  0.44187264 -0.26618628
 -0.41887694  0.55588282  0.03824148 -0.22244867 -0.23044224  0.39453099
  0.41273401 -0.22532696 -0.44766027 -0.49475814  0.38680786  0.25257161
  0.47317009 -0.09009512  0.32566551  0.50248172  0.23469426  0.08289211
  0.33333021  0.34924329 -0.29782551  0.39331977  0.27723522 -0.19450518
  0.29545166  0.57501462  0.30782144  0.50715757  0.58046626 -0.01234289
  0.37614313  0.28255916  0.40818364 -0.20005571  0.38862136  0.37188657
  0.21350658 -0.20666503 -0.33103887  0.33630729  0.63077293  0.40094457
  0.59421679  0.17099833  0.18086961  0.17690358  0.22071607  0.53771358
  0.3569809   0.46772387  0.32230139 -0.21000562  0.50182638 -0.08252438
 -0.12792655  0.33972392  0.31855779 -0.00677153  0.12802226 -0.28256019
  0.21937434  0.76872946 -0.30759674 -0.08547043]","[ 0.52786061 -0.11131613 -0.29386937 -0.58464712 -0.27250487  0.13630556
  0.14416289  0.68681115  0.58235048 -0.1584906   0.2580958   0.40085233
  0.40065547  0.27254321  0.10166487  0.72524359 -0.34035294  0.51624174
 -0.38075971  0.59363651  0.53726445  0.51462915  0.40854607  0.1900158
  0.59758213  0.48586575  0.42969027 -0.29710875 -0.25611276 -0.18138086
  0.36653554 -0.44010291  0.02590123  0.29755125 -0.11519534  0.41548388
  0.43693087  0.61454965  0.64961585  0.61814256  0.71579281 -0.55530015
  0.36503769  0.42850022  0.61075042  0.22825303  0.24499633 -0.21882848
  0.2892787   0.81809254  0.32366683  0.3358411   0.36749311  0.35975767
  0.26333551  0.75879114 -0.33435826  0.79113113 -0.12663423  0.56385593
  0.29614363  0.67983219  0.65508837  0.58912315 -0.29937012  0.22060365
  0.43617057  0.74111705  0.65751666  0.57276761  0.54488968  0.47236598
  0.06588863  0.49085081  0.45946464  0.39367103 -0.4016117   0.72965508
  0.24735448  0.22969381 -0.34623462  0.6847378   0.23609983  0.53812425
  0.52706231 -0.42355141  0.01211042  0.68162406  0.6463156   0.55231298
 -0.12329478 -0.30576522 -0.2632983   0.63516559]","[ 0.55337164  0.33289559  0.52476387  0.72439189  0.57937525  0.62896501
  0.46996622 -0.17609105 -0.34823611 -0.21922232  0.21919266  0.42843628
 -0.31195803  0.61934162  0.69627673  0.32459972  0.23762988 -0.27934188
  0.45150678 -0.24734112  0.27661844  0.16969378  0.46755234  0.21271119
  0.32025282  0.16049455  0.13850713  0.41767955  0.56404081  0.50925679
 -0.25742448  0.51171971  0.55042557  0.25309158 -0.17986839  0.11401624
  0.44653534  0.28947824  0.29572682  0.39386265  0.20970627  0.11741589
  0.09441628 -0.27832984  0.79095129  0.74202685  0.01975602  0.62145778
  0.55209134  0.24234302  0.37142868  0.70828981  0.1291452   0.69327564
 -0.22525763  0.62816978 -0.30155191  0.31065574  0.29605062  0.5102592
  0.4493337   0.34561585  0.55626691  0.36226107  0.17681146  0.08608628
  0.48593084  0.20680883 -0.14171795  0.35491927  0.59129499  0.52405818
  0.61186675  0.324784    0.57938082  0.36760277  0.35269747  0.2070239
  0.37647225  0.62626375  0.56036221 -0.10369962  0.24437791  0.52824175
  0.22766831 -0.36100689  0.67521227  0.328451    0.09755854  0.25208688
  0.0860416   0.45083954  0.44519782  0.3052608 ]","[ 0.42610909 -0.40081034  0.6085132  -0.49182846 -0.29281485 -0.07967821
  0.22953815  0.59397575  0.63766219  0.25491335  0.01952338  0.13341114
  0.39393952 -0.2745079   0.2063046   0.77516374  0.33121316  0.24958607
  0.21940759  0.35985872  0.58284287  0.66953799  0.26493795  0.48057643
  0.38680728 -0.33849782 -0.35452528  0.35011667  0.28088935  0.34524071
  0.30750513  0.2265657   0.37750063 -0.33711835 -0.36580844  0.31794126
  0.2916671   0.23403827  0.64163117  0.65257651 -0.28782144  0.77059693
  0.26000288  0.32578463  0.72655324 -0.17839118 -0.50198654  0.38417862
  0.57638556 -0.34412267 -0.65635525 -0.36155578  0.63181147 -0.37228694
  0.64900517  0.51022234  0.45684613  0.72071368  0.21213753 -0.34167837
 -0.27366616  0.54928844  0.55371831  0.61038144 -0.3737561   0.42840975
 -0.29377901  0.58265385  0.40148407 -0.61646475  0.79859708  0.35162032
  0.41258797 -0.27998802  0.82192175  0.72154355  0.25234632  0.56342441
 -0.32134468 -0.12963094 -0.26539244  0.53850599  0.43976519  0.247012
  0.78429956  0.58242855  0.67539655  0.88087249 -0.18644514 -0.20154876
 -0.16544998  0.20341172 -0.20113717  0.32347999]","[ 0.40814078  0.63361031  0.25011     0.23927113  0.18346496  0.19631948
  0.19496479  0.3286781   0.43891562 -0.32671748 -0.14276074  0.14314434
 -0.21858405 -0.27187373 -0.11769957  0.49676312 -0.41517953  0.3980703
  0.340777    0.38782222  0.52589654  0.29102082  0.22071549  0.51795547
  0.41423408  0.36216852 -0.42920786 -0.2827578  -0.19574447  0.11447496
  0.47031525  0.22052742  0.04754178 -0.33370237 -0.17197812  0.45803711
  0.0686343   0.33872979  0.31306357  0.21290029  0.27966873  0.45094635
  0.35203821  0.54398869  0.74414753  0.56227929 -0.60452718  0.42481681
  0.30944082  0.76442851 -0.33880766  0.44938008  0.16296335 -0.12675978
  0.33056513  0.56822312  0.2063486   0.12838849  0.18040729 -0.13443375
  0.47500876  0.17499828  0.52857985  0.25646763  0.64331375  0.33742016
  0.5412403  -0.45750404  0.32910569  0.50860463  0.64319028  0.50953407
  0.34983446  0.53885403  0.23373298  0.52788227  0.29425448  0.81712817
 -0.12545864  0.15139447  0.56771173  0.5032958   0.22555426  0.41783983
  0.67917008  0.40141957 -0.21412222  0.60662495 -0.05422514 -0.21070589
  0.44487136 -0.31894151 -0.34054539 -0.43742742]","[ 0.40678062  0.5499164  -0.31674314  0.15861572 -0.28514513  0.44478361
 -0.26833055 -0.2062257   0.59210061  0.3173721   0.6173104  -0.12295853
  0.17300919  0.41946446 -0.18696113  0.62144236  0.13740254  0.19917772
  0.33544094  0.37563494  0.17965876  0.45002942  0.21335216  0.39398089
  0.45564755 -0.37226987 -0.14170502 -0.33948505  0.32433021  0.24042902
  0.69339282 -0.37316638  0.12531332  0.36219745  0.59056009  0.62653522
  0.14566361  0.44518957  0.42588819 -0.29143304  0.27551135  0.70387853
  0.52723273  0.62152742  0.71027298  0.58451092  0.35835526  0.40371275
  0.40697697  0.63223665  0.33623702  0.56065098  0.48569654 -0.26398426
  0.63778479  0.526374    0.1958615   0.34404305  0.09819975  0.11641126
  0.40664963  0.56651873  0.4137366   0.30667871 -0.33744723  0.36849259
 -0.30930248  0.24213708 -0.35869215 -0.17432287  0.45114679 -0.26684545
  0.37140979 -0.07043696  0.2446128   0.29620605  0.37299965  0.73739753
 -0.43063727  0.1878934   0.5798433   0.74870832  0.06235324  0.39595041
  0.67685346 -0.18036836 -0.0731587   0.43929822  0.42707367 -0.39818837
  0.54147683  0.45601964  0.15773419  0.52397619]","[-0.40757388 -0.33934973 -0.2663689   0.36751873  0.47116703 -0.29578263
  0.19328425  0.45831261  0.45388016  0.13831791  0.06142891  0.48677929
 -0.34148414  0.35374356  0.54016183  0.63802062  0.31481721 -0.27397046
  0.28624739  0.23261271  0.32172205  0.26992699  0.44713774  0.26977325
 -0.10078233 -0.19918651  0.24735081 -0.1890449  -0.229637    0.34159554
  0.37877461  0.15603943  0.25803509 -0.19588284 -0.1680361  -0.06012855
  0.50590754  0.28754196  0.47785889  0.24335325 -0.20078042 -0.24597163
 -0.19775294  0.28690393  0.50808564  0.56262791  0.3293472  -0.27976631
 -0.12146202  0.37117207  0.513559    0.4747692   0.42778639  0.3128177
  0.22638422  0.4596728  -0.34714549 -0.21135212 -0.13037511 -0.21233177
  0.06773     0.36494679  0.43239163 -0.30604365  0.10585064  0.36889999
 -0.13817243 -0.40365408 -0.27912225 -0.38612392  0.41746172 -0.35194188
 -0.15389128  0.15465258 -0.16619934  0.10731826 -0.05148026  0.40573531
 -0.49769034  0.25054333  0.41780648  0.50308102 -0.2627859   0.0994373
 -0.35629145  0.64981334 -0.11445222  0.26471636  0.21409103 -0.37855588
  0.15583222  0.16939864 -0.30480001  0.31893459]","[ 0.79114712 -0.41405157  0.65893416  0.29998404  0.37287963  0.33374024
 -0.2612514   0.46060326  0.45512243 -0.30114442  0.19317397 -0.37171371
  0.67858481 -0.28247105  0.58054764  0.47873278 -0.51625625  0.31905419
  0.66701462  0.57099619  0.47938774  0.47093329 -0.16700262  0.38573106
  0.21200196  0.09833137  0.7855677   0.22831497  0.06181365  0.30287968
  0.69189491 -0.17317528 -0.14413038 -0.2309885   0.38552474  0.33333628
 -0.03905738  0.09030083  0.27186042  0.50819674  0.30363346  0.67993053
  0.43904949  0.36886726  0.70687673 -0.1509614  -0.30535319  0.30193921
  0.43112727  0.78874052  0.43312368 -0.21365645  0.57402297  0.41111897
  0.06347635  0.68583985  0.28753049  0.70866074  0.17355524  0.32747998
  0.59915672  0.30728139  0.60552649  0.42583973  0.22188054  0.60236702
  0.19206646  0.49339794  0.51998491  0.30585139  0.49416785  0.21925248
 -0.5044798   0.19447452 -0.15327629  0.45336029  0.514968    0.81666373
 -0.54580106  0.44505351 -0.37242676  0.60241448  0.36811998  0.38920703
  0.49133179 -0.2318378   0.06349912  0.83736781  0.53004272  0.44730024
  0.29564363  0.36057146 -0.41407235  0.62704782]","[ 0.48428168  0.18257124  0.23956882  0.41536972  0.65827564  0.45319269
  0.26103421  0.31812848 -0.20334649 -0.22977681 -0.11623682  0.27838139
  0.40798913  0.47611942  0.56032181 -0.26638964  0.42468995  0.59547807
  0.52204794  0.12919435  0.26638826  0.15513302 -0.07764417 -0.37427892
  0.81674555  0.20286069 -0.21224844  0.18329307 -0.29144181  0.36693404
 -0.27571225  0.30329494  0.10320766  0.40245081  0.29760008  0.38193751
  0.26617007  0.43066864  0.08176231  0.2221168  -0.06474153 -0.2208077
  0.14956409  0.17939395  0.7415164   0.41157327  0.43663021  0.07582108
  0.3203983  -0.35060898 -0.3091609   0.3419227  -0.3777608   0.30827817
  0.13751494  0.16981713  0.25958468  0.1036783  -0.26293798  0.08720418
  0.22762495  0.24863754  0.35584945  0.40155971  0.50812873  0.28163939
  0.26953767  0.44925265 -0.25428102 -0.17100971  0.18975552  0.46885004
  0.39740488  0.29891223  0.19596308  0.1972112  -0.32422814 -0.27652894
  0.54189444  0.70039941  0.45004909 -0.18941048  0.10027554  0.38224755
  0.44321147 -0.36123482 -0.46405443  0.20375299 -0.17036576  0.39897457
  0.32376007  0.37592488  0.12166407  0.30807543]","[ 0.26292659  0.04835683  0.45599089  0.27731961  0.55083464  0.19417537
  0.46989947  0.28026298  0.12094705  0.18632461  0.31086162  0.21325419
  0.37297319  0.34224032  0.54137672 -0.23205262  0.50525716 -0.02506947
  0.42081732 -0.29224495  0.02213114 -0.22340384  0.2482902   0.29546412
  0.3977586  -0.23523326  0.34521521  0.29687699 -0.27280098  0.13217779
 -0.29538441 -0.41032815 -0.20185071  0.13774345  0.19297297 -0.02293004
  0.3064228   0.24052171 -0.29161746  0.47435581  0.09885303 -0.11920309
  0.15172217 -0.09118248  0.46482306  0.32925571  0.3256436   0.22904348
  0.25987187 -0.19749946  0.08531272  0.38586952  0.19022871 -0.23353978
  0.16087263  0.44918623 -0.10627901  0.0685949   0.30364155  0.2189831
  0.32755613 -0.23003907  0.28271854  0.42828654  0.14192899  0.36500805
  0.34804084  0.40169697 -0.31821873 -0.25483487 -0.1921604   0.53109303
  0.52552962 -0.28805477  0.34706173 -0.2644415   0.31431996 -0.47358857
  0.35199375  0.57135464  0.22280633 -0.14696943 -0.11565988  0.23992725
  0.37672023  0.26777479 -0.23112649 -0.49261984 -0.20554691  0.33143035
  0.49968298  0.50363208 -0.32843565 -0.20732699]","[ 0.51694833 -0.2578843   0.35968086 -0.37030598  0.35258295  0.46080038
 -0.20000328  0.27551734  0.41076179 -0.29229524  0.34593635  0.38420772
  0.58598546 -0.34452896  0.15396719 -0.31534553  0.25079631  0.42901179
  0.18737839  0.38755409  0.51744485  0.09352155  0.20346624 -0.28160263
 -0.47581503 -0.19162868  0.82963306  0.05830532 -0.19904061  0.14203672
  0.45436666  0.23416298  0.46616253  0.44804653 -0.2191286   0.53765741
 -0.11591652  0.48061563  0.36885306  0.59138738 -0.2047693  -0.09283798
 -0.51698153 -0.04176534 -0.36002344  0.19620378  0.40898251 -0.2451547
 -0.29194837  0.66396084  0.40744483 -0.23468367  0.41628972 -0.3408674
 -0.11293981  0.31090985 -0.39777579  0.56461024 -0.16327716  0.38395028
 -0.22642061  0.55659469  0.59380154  0.33020361 -0.19853245  0.34163405
  0.13527998  0.33964966 -0.26927331  0.42197267  0.4747488   0.44542909
  0.28288866 -0.12491562  0.1903045  -0.02135914 -0.31329168  0.41442856
  0.00412445  0.4525959   0.02579443  0.58646862  0.15201096  0.55983015
  0.37560363  0.24839435 -0.26269355  0.46602573  0.43663657  0.26689726
  0.43416704  0.28917176  0.48799375 -0.40412845]","[ 0.24965937  0.19164047  0.17374499  0.25076927  0.30319945  0.21460189
  0.17711629  0.70003906  0.41549887  0.49379998  0.11488383  0.61543531
  0.32619996 -0.2054681   0.18939146  0.37376197  0.21748149  0.20100784
 -0.20095101  0.41032631  0.48209619  0.17875308  0.21785853  0.17592814
  0.59663476 -0.20654799  0.77000699  0.06484316  0.38592976  0.34189631
  0.18201109  0.07658454  0.13458238  0.32102344 -0.30624709  0.39971699
  0.51941943 -0.4143237   0.34245373  0.40544579  0.21094776  0.14034194
 -0.25240561 -0.00389885 -0.28707105 -0.33084414  0.31822388 -0.1233049
 -0.32232531  0.30181103 -0.40131209 -0.06605269  0.63146481 -0.36229293
  0.27430727  0.52374854 -0.35766432  0.37454959 -0.19413799  0.50258528
  0.43153272  0.43300366  0.44088047  0.32991251  0.29905083  0.35308199
  0.41016959  0.36881632  0.41391123 -0.15527632  0.29633768 -0.34143999
  0.3081442   0.33426404  0.15872547  0.09862832 -0.37854133 -0.25992778
 -0.27431851  0.14511511 -0.3697861   0.50424821  0.16201386  0.24283698
  0.29545831  0.02438892 -0.10097705 -0.3765855   0.30680741  0.43185873
 -0.0747316  -0.25761567 -0.45697893 -0.27801934]","[ 0.77565368 -0.08719543  0.46570711  0.27441434 -0.15009295 -0.20474682
 -0.21285402  0.62760797  0.56912556  0.47189647 -0.14758881  0.41632145
  0.70134478  0.22325519  0.3239198   0.60272222  0.40837622  0.72906563
  0.3381457   0.38747043  0.36556609  0.57646729 -0.19329615  0.51991892
  0.57111911  0.47948048  0.85827221 -0.25423291  0.30617329 -0.13924475
  0.55779143  0.53541326  0.08556508  0.56535399 -0.24742714  0.27825871
  0.2699792   0.87837867  0.61959469  0.31932664  0.76981582  0.19640448
  0.62722309  0.46729315  0.83894382  0.13198376 -0.52252616 -0.13320354
 -0.22202223  0.77726969  0.58592259  0.61947767  0.70838909  0.50688297
  0.67006756  0.68580374 -0.21274684  0.75878678 -0.1636208   0.55109309
  0.44009437  0.45808444  0.66275348  0.60968865  0.53909143  0.54780278
  0.5517461   0.75167699  0.70002527  0.25046479  0.56722538  0.52879489
  0.42999491  0.5794702   0.37870111  0.41475493  0.0821775   0.66677682
  0.08507198  0.55156031 -0.45092171  0.62997508  0.41430145  0.62781608
  0.75627501 -0.57315583 -0.21188418 -0.65863017  0.7296468   0.64817585
  0.62022055 -0.25805027 -0.29048987  0.58954233]","[ 0.56984388  0.24633535 -0.3774706   0.57098309  0.6600497   0.71756914
  0.58150458  0.59433344 -0.20779095  0.2524016   0.54300705  0.19684401
 -0.17197276  0.49569322 -0.13232448  0.36014306  0.71071023  0.31508106
 -0.25009395  0.27525476  0.27455692 -0.10271073  0.61334583 -0.27079242
 -0.48892884  0.44567969 -0.14961298  0.56092075 -0.27224311  0.58511299
 -0.1608771  -0.06087688  0.29066632  0.23456857  0.15252161  0.45846225
  0.50619155  0.79866968  0.10467644 -0.36267053 -0.11297229 -0.24750741
 -0.3848904   0.15360393  0.5618614   0.39652385  0.39647911  0.54484325
  0.4042628   0.43304468 -0.2961655   0.53989426 -0.11916712  0.64108417
  0.41897057  0.55930236 -0.39107242  0.39649658  0.30804848  0.24572252
  0.40048949  0.52762683  0.37406953 -0.08974283  0.38889111  0.44284357
 -0.25341652  0.24193562 -0.1907666   0.46967369  0.24321755  0.49938486
  0.65443996  0.33355104  0.57425032  0.08506852  0.62867974  0.11476055
  0.36275894  0.20629438  0.61246052  0.42249855 -0.17548878  0.29606612
  0.61235922 -0.47235701  0.3253541   0.38908531  0.23122447 -0.20204244
 -0.33876368  0.28593839  0.50659684  0.08514336]","[ 0.41512714 -0.37578244  0.33628598 -0.16968131  0.3894468   0.56101395
  0.35313496  0.25902503  0.47954426  0.15004429  0.58571701 -0.40226307
  0.57963587  0.20384539  0.03197366  0.59461215 -0.23015609 -0.39128469
  0.48073803  0.24596114  0.49864673  0.24478765  0.32778594 -0.23890315
  0.28085623  0.15443394  0.59554734 -0.20159024  0.37293136  0.18060669
  0.66556293 -0.18296618  0.17045198  0.26685379 -0.26146672  0.29939056
  0.37358982  0.30019249  0.37463945  0.46475817 -0.23463855  0.5697383
 -0.10161255  0.09290413  0.33955675 -0.25940187 -0.37654909 -0.13707592
 -0.18246004  0.26576096 -0.52142867 -0.10240294 -0.08086436  0.1944871
  0.42481617  0.50953081  0.26895525  0.55398239 -0.1708982  -0.33730427
  0.05820824  0.37722544  0.62104466  0.63989016 -0.18735237  0.65493022
  0.3537505   0.6067769  -0.38977382 -0.3881198   0.68447748 -0.28983162
  0.43715456  0.52122175 -0.18041779  0.46864744 -0.18149468  0.38635727
  0.19466639 -0.17809501 -0.32172955  0.29722908  0.26270743  0.34612647
  0.48361768  0.27277469  0.27160686  0.73168382  0.23481524 -0.04843958
  0.05183092  0.33515874 -0.42463372  0.24345395]","[ 0.2833378   0.44495373  0.17389603  0.36141712  0.68755764  0.47223389
  0.49574024  0.44314115  0.15485433 -0.12121311  0.53372933 -0.10272706
 -0.21870509  0.48255774  0.37934912  0.33866682  0.29952895 -0.49628835
  0.18613235 -0.25571017  0.5616446  -0.18279441 -0.26176827 -0.18027122
  0.22659163 -0.10045892  0.73714606  0.30141117 -0.24240759 -0.22412734
  0.34385346  0.35555191  0.28472006  0.34584424 -0.21999459 -0.32616537
  0.41170812 -0.32744388  0.49519717  0.61557084 -0.11661051  0.11743011
 -0.19268423 -0.1123814  -0.23761447  0.03751791  0.31135108 -0.13331736
 -0.46820452 -0.20862544  0.23045492  0.12376793 -0.03511113  0.3625022
  0.44104361  0.32915436  0.21848862 -0.14304921  0.02885465  0.15030417
 -0.14324108  0.09372704  0.53329804  0.53911758  0.21052056  0.50955087
  0.40791614  0.37143045 -0.31442264  0.26658795  0.18685934 -0.3786762
  0.2222764   0.33096586  0.36219238  0.09639056  0.3424419   0.00501904
 -0.19853647  0.34453142  0.27142075 -0.27145608  0.33109844  0.1709224
  0.30118265  0.5465319   0.16575909  0.22717538  0.27695277  0.10774421
  0.08311825  0.40943801 -0.17207618  0.53143723]","[ 0.21403278  0.4050345   0.56102051  0.26770391  0.55862028  0.58823673
  0.56491088  0.11580517 -0.33356252  0.22660126  0.58836336  0.19721577
 -0.37034278  0.50153125  0.47575172  0.20038643 -0.18152672 -0.48698883
  0.26162993  0.22012898  0.50684595  0.08490968  0.22232251 -0.14577854
  0.22569011  0.13237108 -0.15549623  0.03879023  0.29312449  0.02978044
 -0.21777339  0.32354494  0.51746983 -0.2947264  -0.18588191 -0.40574032
  0.37322637 -0.31319032  0.22527327  0.22701198 -0.29428484  0.11643661
 -0.21392456  0.15394705  0.47112257  0.25779747  0.3690926   0.27677567
  0.44265238  0.16616145  0.51163044  0.06416658 -0.2165307  -0.27603765
  0.61990965  0.08110245  0.35302839 -0.32710927  0.17480677  0.47231829
 -0.23516267  0.053572    0.21471727 -0.22344924  0.32793239 -0.09971868
 -0.34704422  0.15711428  0.06982087  0.44609147  0.29287594 -0.27051869
  0.18186663 -0.27491451  0.46968714 -0.23705744  0.36908589  0.19008942
  0.16489353  0.27285343  0.12788157  0.18758073  0.19615988  0.25372026
 -0.34145284  0.67111968  0.36487419 -0.27409362 -0.14154561  0.22281685
 -0.11273695  0.43984561  0.25827084  0.60073589]","[ 0.26818145  0.388694    0.11230337 -0.21998548  0.61506768  0.50950244
  0.41982951  0.20942456 -0.13663148  0.10478457  0.61337806 -0.18357904
  0.66810873  0.55850576  0.36485625  0.32446372  0.21080238 -0.50129959
  0.24963626 -0.25782801  0.53014978  0.22325859  0.14173841  0.15480999
 -0.40633746  0.28864393  0.32946889 -0.03338162  0.22632868  0.16893746
  0.31684022  0.28567453  0.16998134  0.332449   -0.42919098  0.36493382
  0.32323218  0.07018623  0.3884542   0.32078925  0.31828533  0.36501269
 -0.16884089 -0.16961479 -0.16634928  0.43506386  0.28662239 -0.14158748
 -0.44309171  0.1493596  -0.66247854  0.4467394  -0.0883511   0.3385474
  0.31941452 -0.04605194 -0.25321508  0.56476926  0.04112408  0.4506209
 -0.36847563 -0.04756872  0.45036348  0.52796411 -0.34383221  0.62157075
  0.28524954  0.61510561 -0.31523757  0.41383186  0.55405928 -0.26781525
  0.3338177   0.29209409 -0.20116736  0.22269205  0.30165777  0.19429714
 -0.36426226 -0.29415142  0.13061513  0.26358457 -0.11207141  0.24082064
 -0.27661768  0.28435675  0.30515709 -0.3590574   0.45450413 -0.24823594
  0.07243581  0.34023202 -0.3019549   0.39594753]","[ 0.49002548  0.51075963  0.26123688 -0.09223177  0.56063391  0.37319294
  0.41342909  0.10514685 -0.21927046  0.17940105  0.68003739  0.33261269
  0.53434689  0.71320484  0.2770292   0.23756673  0.16869162 -0.33567704
  0.19502971  0.25561511  0.50049661 -0.07815706  0.00528699  0.17853477
  0.78765286 -0.13839073  0.19963243 -0.1968075  -0.35767236 -0.11294463
 -0.11169742  0.40666096  0.54706723 -0.27213305 -0.48769201  0.1866327
  0.32336729 -0.16638515  0.24402374 -0.24675698  0.19375807  0.69630909
  0.13532963 -0.29509495 -0.13764287  0.30044098  0.27309775 -0.13079532
 -0.32104355 -0.32048679  0.28035032  0.17777783  0.01105065  0.36971724
  0.10346459 -0.32941458 -0.30613232  0.53015015  0.17922569 -0.48931991
  0.43374147 -0.32993469  0.41110945  0.39319559  0.34459849  0.38530804
  0.20967329 -0.20191822 -0.48801882  0.27279769  0.5775452  -0.03349239
  0.05235684 -0.14844003  0.24518002  0.65685826  0.30534311 -0.26901849
  0.3591661  -0.23527636  0.29878408 -0.11691847  0.24612535 -0.13806195
  0.35321218  0.68808496 -0.03000553 -0.25404695  0.4824736  -0.28417178
  0.32932733  0.64859366 -0.37569676  0.45342639]","[ 0.52560392  0.31628921  0.54218684 -0.30940053 -0.00561097  0.13774867
  0.54387665  0.46153274  0.42864022  0.47712511  0.66788605  0.15880745
  0.60471579  0.33670892  0.4972767   0.27543158 -0.27812802  0.30057696
 -0.27367784 -0.23931681  0.5804922   0.1611999   0.40499968  0.23248456
 -0.37578341 -0.36650304  0.08534758 -0.29742824 -0.3573965   0.18090003
  0.02571514  0.29793025  0.2772553   0.14639673 -0.16321113 -0.52847312
  0.40482399  0.39124052  0.280314    0.5274769   0.43587972  0.27845859
 -0.15664756 -0.33671515 -0.20929165  0.36063743 -0.53319078 -0.17010467
 -0.30829029  0.29314142 -0.64055332  0.31823593  0.21184111  0.42648496
  0.19726189  0.42977047 -0.18126004  0.63098324  0.06168102 -0.40925512
  0.29798619  0.27932292  0.58961075  0.5145825   0.67184915  0.34797264
  0.33465624 -0.31470768  0.01298482  0.26069131  0.40950123  0.51500909
  0.36459812  0.24078368  0.29114989  0.19356355 -0.3624196   0.44658843
  0.24250385 -0.25656513  0.29989765 -0.16164667 -0.11893965  0.36513059
  0.54103171 -0.28488965 -0.14838827  0.28084225  0.31889271 -0.29799018
 -0.22432657  0.46342569 -0.35902844  0.22184544]","[-0.15142493 -0.22227132  0.40656953  0.46500062  0.46717265  0.25836248
  0.46892838  0.49272841  0.31862333  0.1904999   0.41048481  0.33710235
  0.31012385  0.42783588  0.66536825  0.37940495 -0.49741464 -0.39344797
  0.37242736 -0.32111887  0.65968469 -0.24003264  0.54657958  0.05851844
 -0.3123165  -0.21957978 -0.27896226  0.24298884  0.69455991 -0.41390314
 -0.39701683  0.45625199  0.38231814  0.2941582   0.32713156  0.37995708
  0.51385866 -0.28046694  0.56201775  0.34460588 -0.22967438 -0.2456678
  0.33032395  0.13950466  0.37401222 -0.12511674 -0.59729024  0.23218054
 -0.26215404 -0.45468872  0.46620736 -0.10860259 -0.22501752  0.42975328
  0.49962939  0.50882456  0.16168276 -0.15036117  0.25703179 -0.2247745
  0.21340463 -0.34347213  0.27861312  0.27737783  0.55800789 -0.41117104
  0.21395632 -0.28799883 -0.47997286  0.19119171 -0.12708413  0.50637713
  0.33733685  0.43905661 -0.19636961  0.37590772 -0.30295717  0.47253334
  0.4777853  -0.10535559  0.43383305  0.30897716 -0.14641383  0.1282886
 -0.60281801  0.58651845  0.29553648  0.31147511 -0.12599633  0.24567776
  0.35789526  0.4454931   0.22312555  0.29192385]","[ 0.03958477 -0.24688082 -0.34734997  0.32422856  0.4601563   0.22771413
  0.45607673  0.40539284  0.42538986 -0.34334822  0.35599251  0.31610533
 -0.45539323  0.40280801  0.59017293  0.52568033 -0.28031359  0.30618507
  0.45965856 -0.41447328  0.40267049  0.24106678  0.33756265  0.14272474
  0.21015167  0.09874072 -0.4675749  -0.2537202  -0.43552615 -0.28296767
 -0.33824404  0.28082967  0.44193144 -0.15664538  0.24194507 -0.31671447
  0.42066493 -0.38925357  0.3572071   0.38473452 -0.2307674  -0.45182319
  0.25743676  0.19583469  0.29235354 -0.21813729 -0.13475975 -0.36767985
 -0.08858918 -0.36850075  0.30316812 -0.40726627  0.18297537 -0.55832437
  0.39066232  0.5142752  -0.25274588 -0.22089811 -0.16197797  0.1578713
  0.0899243   0.34339457  0.46759759  0.51351568  0.56399749 -0.21923019
 -0.33521039 -0.32057914 -0.42966695  0.43937475  0.23837252  0.12024921
  0.22016996  0.24344351 -0.24676052  0.24880498  0.22829721  0.5565684
 -0.30762387  0.19708461  0.44006654  0.13434056 -0.16458038 -0.14534193
 -0.41801532  0.62453305 -0.16322179 -0.38670935 -0.0561087   0.15017566
  0.48760414  0.52946455 -0.28534817  0.48235158]","[-0.19919601 -0.24294686  0.22966179 -0.42956905  0.48061244  0.28400707
  0.24652185  0.6071794   0.26144764  0.3269072  -0.18882374 -0.15125717
 -0.25197137  0.18081787  0.44576179  0.45123493 -0.23820184 -0.26027245
  0.21753841 -0.47783894  0.43656141  0.26638629 -0.26201042  0.13125098
  0.66077329 -0.15623592  0.52984624  0.24592949  0.24731801  0.11363871
  0.29520223 -0.29640052  0.39936174  0.36519803  0.22084538 -0.34590323
  0.37743615 -0.25436463  0.42330343 -0.12922327  0.32901841 -0.39659691
 -0.01656595  0.17886182  0.02963415 -0.35219261 -0.22347739 -0.13350365
 -0.21551395 -0.28824822  0.39840022 -0.4020908   0.31247274 -0.24994949
  0.0997607   0.52961416 -0.30285618  0.2300721  -0.04405206  0.31983201
 -0.00492606 -0.13240746  0.44638337  0.09942387  0.33293197  0.15815351
  0.20060708  0.30692681  0.44691975 -0.29949013  0.4514956  -0.24667043
  0.18755357 -0.32652189  0.21805847 -0.14778312 -0.29004082  0.51547522
 -0.35357388  0.32116356  0.34536259 -0.21686912 -0.20708283 -0.08481386
 -0.32558631  0.5363264   0.14844943  0.42000221  0.26184163  0.31397841
  0.12503452  0.47748041 -0.26583151  0.13083221]","[ 0.69217574  0.69892419  0.18349147  0.56114859 -0.24336286  0.15786506
  0.40564283  0.10711197  0.60523348  0.68538847  0.38831599  0.30534761
  0.37172269  0.35957106  0.22797774  0.56077896  0.44805678 -0.32956237
 -0.28327437  0.59918812  0.15429494  0.23397062  0.34138028  0.57350915
 -0.28345587  0.64328641  0.75500355 -0.1558376  -0.28624955  0.25976389
  0.50389102  0.3080772   0.36783828  0.48855919  0.28300566  0.50225892
  0.24284552  0.55344176  0.400661    0.40922776  0.25394165  0.68742266
  0.24296887  0.07362754  0.32128757  0.16825279  0.36098503  0.20305922
  0.53521403  0.71418121  0.52527245  0.40025364  0.51079301  0.38101397
  0.5378999   0.48884943  0.44345941  0.4934221   0.06753835 -0.21309784
  0.43360099  0.60997132  0.67668477  0.51958337  0.53243428  0.44203693
  0.3773405   0.47681216  0.50814939  0.53769197  0.09327199  0.19283907
  0.2916529   0.42017129  0.25037679  0.20198175  0.07507599  0.77691002
 -0.18968095 -0.21182884 -0.00313057  0.70388363  0.21494497  0.35504586
  0.44357002  0.19328981  0.63104735  0.46879651  0.69011019 -0.3372864
  0.67495345 -0.04554916  0.20859408  0.43948182]","[0.81525131 0.80651398 0.47750936 0.70405646 0.4167067  0.27733416
 0.36645824 0.42424992 0.73812448 0.67761729 0.83013129 0.51665632
 0.67954764 0.53715979 0.67626789 0.45278482 0.69591212 0.6685584
 0.5783715  0.66722409 0.38587379 0.67954093 0.61553464 0.78591178
 0.33429991 0.69087735 0.81469565 0.4999687  0.15811484 0.68663614
 0.69292154 0.45426137 0.15477813 0.51880846 0.69223934 0.70367396
 0.38521414 0.51746849 0.65471638 0.62570826 0.54704339 0.63103034
 0.28641275 0.62272321 0.74382562 0.1406913  0.46703321 0.59642046
 0.743278   0.87653716 0.63584719 0.32788842 0.64403997 0.55173668
 0.65111954 0.29041874 0.51802399 0.59162552 0.26014171 0.54900984
 0.62339191 0.79648654 0.74299773 0.61499261 0.69473516 0.73065751
 0.57309167 0.60589426 0.71690012 0.53438317 0.44915039 0.50366226
 0.53427059 0.58337933 0.39685196 0.47001773 0.60712558 0.73035212
 0.55198414 0.8058488  0.25937683 0.86055769 0.39703434 0.57814765
 0.58225737 0.68488424 0.64294952 0.65934248 0.76670579 0.67351101
 0.70079862 0.37119387 0.52337167 0.65607355]","[ 0.60888156  0.34862814  0.2894984  -0.22284343  0.15203933  0.18900787
 -0.38740414  0.26117188  0.39198275  0.19975794  0.59811944 -0.10218857
 -0.18473995  0.12695443 -0.16896911 -0.0607411  -0.26811605  0.08883855
 -0.00761176  0.16003006  0.22979095  0.20256375  0.12855941  0.49606718
  0.44524789  0.36164348  0.56432597  0.10056303  0.57769412 -0.16020774
  0.58605888 -0.22401462  0.4055586   0.04819163  0.36477509  0.41985366
  0.39450195  0.32170243  0.18685663 -0.2460782  -0.2377012   0.46936743
  0.24631215  0.49206461  0.42552232  0.59813047 -0.18884354 -0.31211015
 -0.15515482  0.69814717 -0.28124299  0.3469447   0.32165131 -0.13066972
 -0.02383066 -0.18078282  0.4185338   0.16789916  0.50570462  0.0919437
  0.16044368  0.52085244  0.45674676 -0.1116581  -0.19451274  0.19588861
 -0.19983635  0.19718003 -0.18874668  0.30828302  0.5006881   0.12905856
 -0.32832258  0.06242736  0.024662    0.16662911  0.43979096  0.51391039
 -0.29095099 -0.1141451   0.61972458  0.36008134  0.19034436 -0.15753732
 -0.05383257 -0.3584816   0.66726421  0.36289298  0.50888492 -0.39439568
  0.39886973  0.07598216  0.1841462   0.32000436]","[ 0.85193968  0.7139878   0.45295897  0.57631498  0.32821005  0.59657673
  0.53339638  0.3075104   0.51550181  0.57979882  0.77077359  0.42144587
  0.16715216  0.52289484  0.49014727  0.34729778 -0.28876788  0.53268594
  0.65809903  0.67003094  0.37929087  0.59127242  0.35549742  0.67978461
  0.50018832  0.58851252  0.52001487  0.22635546  0.43810005  0.52379414
  0.464347    0.51966497  0.40150693  0.17166257  0.57349368  0.69158992
  0.24023817  0.59838978  0.64310454  0.48452993 -0.2565265   0.51970545
 -0.0752085   0.52614081  0.54850593  0.24573294  0.33416426  0.45963889
  0.49235622  0.75842809  0.37722094 -0.16404424  0.44783836  0.55849887
  0.61971137  0.24075721  0.18567614  0.42974096  0.2450397   0.13873077
  0.37786996  0.69720422  0.571687    0.61503486  0.12690258  0.68885659
  0.61781607 -0.1896349  -0.46598413  0.10130854 -0.07091044  0.25327283
  0.73099468  0.09506942  0.012047    0.12095485  0.39310101  0.0491721
  0.14238965  0.53941469  0.36549023  0.51407415  0.12847117 -0.09846291
  0.48815054  0.69590633  0.1537135   0.49348395  0.43031426  0.33637887
  0.64493788  0.3515165   0.23167539  0.61216428]","[ 0.61458002  0.68315036  0.51141861  0.42856771  0.17945147  0.2796973
  0.54477846  0.58972816  0.76971713 -0.11383617  0.77540005  0.53219275
  0.7689699  -0.43747889  0.46290479  0.43481808  0.65724727  0.17127663
  0.38477905  0.60998467  0.53739654  0.63390933  0.67593788  0.7387076
  0.27717921  0.57229694  0.73931372  0.45755025  0.32279736  0.60431853
  0.4719726   0.52956764  0.21371723  0.70870008  0.57804895  0.6172057
  0.53402697  0.63167422  0.81489521  0.60072341  0.58789996  0.34528669
  0.41099297  0.45662637  0.68336332 -0.12893134 -0.2748831   0.30299962
  0.58602565  0.65672552  0.56839829  0.47928114  0.26184694  0.42690064
  0.69399816  0.39444938  0.60242606  0.80975134  0.59987773  0.49528899
  0.50120347  0.83011702  0.73136861  0.69879853  0.65998223  0.74517666
  0.49248204  0.49248007  0.34355437  0.78815146  0.4547875   0.69577442
  0.50179439  0.65709217  0.15817322  0.52948505  0.59920008  0.61091005
  0.51682726  0.70894452  0.04552314  0.8214498   0.4512256   0.60230353
  0.54252165  0.70042835  0.40499835  0.62318487  0.77167399  0.70937595
  0.49096476  0.07504011  0.27543334  0.28747158]","[ 0.84038421  0.47611663  0.5929336   0.5121555   0.28747999 -0.09620504
  0.38982525  0.80292556  0.79165114  0.48627848  0.53684805  0.72758831
  0.68055193  0.38380437  0.56307345  0.69520995  0.80749537  0.29441495
  0.28208423  0.69851453  0.55695145  0.6851562   0.74671289  0.81479346
  0.78377905  0.62463798  0.8532355   0.55185294  0.66533238  0.61497248
  0.63841801  0.54902814  0.44949972  0.85607493  0.56416257  0.76882179
  0.70425614  0.78354195  0.85174015  0.64648103  0.69337404  0.42859762
  0.58849028  0.58503475  0.44306159  0.31314605  0.6290601   0.40462234
  0.66398831  0.70537561  0.78578089  0.82615691  0.6403504  -0.16969272
  0.7010654   0.69250708  0.79906632  0.90078786  0.70769241  0.62496729
  0.6111597   0.77833387  0.84347898  0.8354626   0.80166008  0.8353948
  0.63389286  0.77497084  0.68596659  0.85699612  0.74939075  0.81628478
  0.66886306  0.80509275  0.6162501   0.5315821   0.64584178  0.83724099
  0.7158383   0.64095534  0.38020177  0.88762738  0.49792414  0.66317433
  0.68737941  0.74915568  0.55308745  0.72871669  0.83084365  0.59151588
  0.30631862  0.0931904   0.48541808 -0.35910783]","[ 0.80986055  0.62395197  0.37866117  0.66691704  0.22076921  0.58019918
  0.278863    0.2558611   0.69363477  0.51071998  0.79102723  0.36882143
  0.56485296  0.45770406  0.39663594  0.43513283  0.48744957  0.3939342
  0.68546267  0.50665729 -0.3716558   0.50538992  0.39364888  0.71266236
  0.11401294  0.67250414  0.74512585  0.3880955   0.02278519  0.52495326
  0.57904895  0.27309654  0.08322285  0.65964391  0.69275882  0.62688517
  0.16305276  0.5956908   0.47564309  0.36634674  0.35337719  0.65341958
  0.06542312  0.68930294  0.67574757  0.18986404  0.62150886  0.44525813
  0.40203282  0.85227747  0.61450475 -0.0796386   0.45066229  0.31695171
  0.66889122  0.13093228  0.20354899  0.58141518  0.10577389  0.08395252
  0.44326528  0.67594124  0.63200393  0.42546448  0.43099018  0.58399404
  0.36672678  0.50213753  0.45363587  0.3170204   0.28027923  0.53771423
  0.62835721  0.30891454  0.30697054 -0.10117278  0.43305086  0.51604928
  0.45335522  0.65522961  0.01897123  0.5538658   0.07940559  0.29235218
  0.47514031  0.48250855  0.07357051  0.66191055  0.6072922   0.59649972
  0.73266121  0.39071889  0.27275942  0.47014998]","[ 0.71325328 -0.22534209  0.27741     0.28082504  0.15241259 -0.04801523
 -0.20906051  0.27463988  0.73525532 -0.17752393  0.49483571  0.37581073
  0.50807162 -0.31898825  0.26343268  0.21174234  0.34238807  0.29168406
  0.10060371  0.17877288 -0.12737797  0.29629747  0.44321521  0.65555268
 -0.07571479  0.37905251  0.66994829 -0.23950309  0.2143803  -0.22949581
  0.29141607  0.31605266  0.48319778  0.58971681  0.51985767  0.55522046
 -0.15210059  0.29275463  0.63048405  0.37689037 -0.36285751  0.44266736
 -0.13211324  0.37750814 -0.30295672  0.4677155  -0.36047422 -0.22086754
  0.4240551   0.57810178 -0.27678495  0.21240915  0.20667564  0.29487694
  0.43443853 -0.16036117  0.28900955  0.60865419  0.19558952  0.29573809
  0.19007287  0.56088339  0.68611383  0.50274342  0.51426982  0.60236245
 -0.38613006 -0.0938344   0.32859357  0.44663954  0.17270187  0.48906604
  0.22207513  0.38725983  0.02451201  0.17944099  0.45087043  0.35329373
  0.15450904  0.44182842  0.18511732  0.68807298  0.04406134  0.10232303
  0.42640202  0.45068204  0.30314595  0.63704299  0.62443925  0.69732059
  0.23292412  0.08440476  0.13044697 -0.37440702]"
"[ 0.48874931  0.30621179  0.32727488  0.28494599  0.3551072   0.20868175
 -0.35233714  0.4579355   0.29302118 -0.0181397  -0.1833965   0.27489252
 -0.04087481 -0.10553189 -0.22945437  0.1279537   0.38099142  0.16857555
 -0.3422931   0.03371302  0.44031919  0.39599333 -0.3173345   0.11765437
 -0.13504416  0.23931448  0.44359769  0.42820065  0.36265469 -0.07836339
  0.57199416  0.07575903  0.14660504  0.49416929 -0.16451742  0.24016388
  0.48124279  0.57998331  0.37027566  0.48802843 -0.0307326  -0.19312383
 -0.14131972  0.47624101  0.62731397  0.11996115 -0.06381193  0.37592421
  0.28692219  0.58047337  0.24607325 -0.15220145  0.26626427 -0.2926585
  0.17250816  0.41477687  0.32377839  0.16344523  0.38792312  0.30482356
 -0.00145934  0.37830696  0.67057861  0.34997405  0.47057062  0.6468282
  0.47507268  0.39884299  0.46302762 -0.34157838 -0.00286298  0.34502733
  0.27552546 -0.26842308 -0.10404678 -0.15189198  0.02082728  0.7977716
 -0.25666844  0.40563129  0.04475415  0.65528511  0.55643744  0.45937437
 -0.3258198   0.19507627 -0.37338036  0.05868621  0.34600443  0.42007909
  0.53128921  0.14529781  0.43301678  0.36486539]","[-0.29875006  0.15549925  0.3281658   0.31681706  0.31424271 -0.23380047
  0.46478512 -0.33958805  0.04137147  0.60741418 -0.30807589  0.28413212
 -0.08801911 -0.51168935 -0.35769825  0.15095589 -0.09811863  0.36360111
  0.00397818  0.3223574  -0.11855884 -0.22729271  0.25177164  0.45081938
  0.69215497 -0.17502073  0.53757807  0.3084677  -0.07947212  0.26028321
  0.57582903 -0.16697309  0.30135208  0.49580478 -0.31212609 -0.62907861
 -0.60779092 -0.7529174   0.46639522  0.71219154  0.08566112  0.567809
  0.22885466 -0.02510709  0.60487815  0.38744897 -0.27461455 -0.3311813
 -0.02040313  0.54708389  0.22641637  0.46446862 -0.12090226  0.12094098
  0.33400858 -0.48343333  0.04976611 -0.33202508  0.29993924 -0.5354455
 -0.36302502 -0.39748261  0.49821072  0.52682333  0.21674123  0.61285006
  0.62029133  0.32098961  0.19373695  0.55151901  0.25613837  0.30972926
  0.20267753  0.05067841 -0.15909567  0.15628029  0.08233362  0.71940089
  0.0515976   0.66788488  0.19808653  0.40675349  0.48145279 -0.55835362
  0.76465555  0.1491526   0.2837946   0.62044985  0.52514401  0.80984801
  0.25984875  0.06108389 -0.04842314  0.26758824]","[ 0.30254818  0.47518004  0.71586755  0.04014659  0.43261581  0.08853448
  0.58113877 -0.00373591  0.23371585 -0.0394067   0.38345968  0.57100494
  0.67220885  0.27821726  0.57046756  0.18607155  0.30805705  0.39091121
  0.51904923  0.39995548 -0.09704274  0.35066266  0.00441143  0.25739896
 -0.4463643   0.16277992  0.43515016  0.51580401 -0.40296582  0.29869822
 -0.33290457 -0.37424241  0.59890497  0.34936153  0.38682769  0.73523393
  0.55406555 -0.12714564  0.17849402 -0.37046047  0.40087477 -0.12496341
  0.34044415  0.16394913  0.37264722  0.69121024  0.52985348 -0.08512378
  0.08138008 -0.06600498  0.46732055  0.24151105 -0.09082777  0.45262249
  0.51882819  0.30670185  0.13448112  0.04543354 -0.09261496 -0.23165952
 -0.47179466  0.48019745 -0.03418207 -0.21399645  0.40559339  0.13457651
  0.30577002  0.55602813  0.18694504  0.30971952  0.22818897  0.58855927
 -0.12790365 -0.30532555  0.25157079  0.16875348  0.28557331  0.01973275
  0.57534206  0.14244184  0.19285321  0.44017785  0.47295917  0.32613701
 -0.0697734   0.63940786  0.22237876 -0.27222986  0.66977338  0.63581508
 -0.10738534  0.51985347  0.50661541  0.02979158]","[-0.19135666 -0.305549    0.45853066 -0.32909023  0.59152764 -0.05378183
 -0.29242997  0.3448492   0.26548303  0.39298698  0.48809015  0.21812716
  0.36036741  0.20155392  0.11537359 -0.49363813 -0.35298212 -0.25827227
  0.08647885  0.39708664  0.60788246 -0.13356887  0.3952213   0.55925673
  0.43257085 -0.14938566  0.37564785  0.5831546   0.00949214 -0.02071931
  0.51762342  0.22990772  0.46965184  0.05555009 -0.52496945  0.07586877
  0.3079184  -0.42802083 -0.23981748  0.6721995   0.08193773  0.30404886
  0.12061535  0.41902696  0.38617765  0.38672729 -0.19248817  0.35210013
 -0.32775016  0.82676875  0.41793113 -0.14842729  0.52492074 -0.30175199
  0.27554291  0.58272684  0.44960021 -0.40351267 -0.24627911 -0.23715878
  0.48985828  0.22364485  0.64488223  0.56437109  0.47207837  0.24445365
  0.47013123 -0.03620745 -0.26704606 -0.43421511  0.53426115  0.58621653
 -0.05347947  0.22077798  0.22113389  0.25259871 -0.29195339  0.4718215
  0.55654226  0.59211548 -0.14234005  0.57479658 -0.07219739 -0.43463352
  0.78399879 -0.04999337 -0.14363773  0.63954462  0.64553599  0.36008211
 -0.27530004  0.12785904  0.284125    0.2606578 ]","[ 0.82963985  0.42230103  0.47296376  0.09735524  0.51588003  0.38175315
  0.24895133  0.59683282  0.58754211  0.47950049 -0.12024085  0.35499153
  0.64120651 -0.28477797  0.2181955   0.3939038   0.47350501  0.56423694
  0.31416931  0.51795588  0.51946109  0.46238502  0.36544943  0.59615696
  0.49666966  0.31394964  0.85193555  0.18324383  0.33943236  0.22803282
  0.56489218  0.12122675  0.34500058  0.59253233  0.3582855   0.7928697
  0.3030271   0.62475378  0.68804559  0.65632239  0.38330544  0.41573285
  0.47136148  0.49907064  0.64337706  0.27510821 -0.47075743  0.46720961
 -0.17380106  0.77597342  0.42599591  0.43915924  0.56542432 -0.08998852
  0.40745716  0.6493522  -0.28138813  0.59626054  0.46716941  0.51675362
  0.49421458  0.49688587  0.73169514  0.77382524  0.55154563  0.68946928
  0.74344511  0.56615602  0.45518055  0.30838791  0.46509573 -0.13946997
  0.40124854  0.48491042  0.50731702  0.14793598  0.08576791  0.71338184
  0.38044723  0.17488919  0.314959    0.66129979  0.51198297  0.28780417
  0.67993694 -0.53530883  0.30909482  0.69008896  0.69807287  0.54689934
  0.64937067  0.40043572  0.03888756 -0.10882978]","[ 6.21537556e-01  4.30035648e-01  2.28244916e-01 -3.96349149e-01
  4.09401773e-01  2.78168576e-01 -1.26235416e-02  6.47010431e-01
  4.52269783e-01  5.14011518e-01 -2.28472194e-01  4.56490473e-01
  7.40391081e-01 -1.97389139e-01 -3.89377304e-01  3.92788855e-01
 -2.07142320e-01  5.31222019e-01  5.55101349e-01  5.20153897e-01
  4.29617067e-01  5.59847664e-01 -5.27548449e-04  6.29579872e-01
  4.17270048e-01  3.55993063e-02  6.17905894e-01  1.94574182e-01
  6.50520834e-01 -1.63693354e-01  5.58253506e-01  4.84297247e-01
  1.68306324e-01  6.12230802e-01  4.04808327e-01  5.74693303e-01
 -3.05519393e-02  3.35051996e-01  5.61708635e-01  4.28831908e-01
  3.27731018e-01 -1.92629777e-02  4.97667951e-01  4.22289174e-01
  2.95455565e-01  1.04147130e-01 -4.88728510e-01  5.80418921e-01
 -7.18491826e-02  6.74314631e-01  5.61878422e-01  1.76903415e-01
  5.84942218e-01 -4.47481707e-01 -3.11717657e-03  7.56343683e-01
 -1.72270234e-02  4.72523941e-01  4.37282358e-01  5.43308252e-01
  7.12444318e-01  3.26529157e-01  6.62737066e-01  7.17537581e-01
 -3.08221052e-01  6.50321464e-01  6.97227803e-01  1.47597461e-01
  4.31256080e-01 -4.04744995e-01 -8.15305521e-02  2.78130913e-01
 -8.87543966e-02 -2.01740626e-01  2.87297444e-01  1.99510172e-01
  2.17796682e-01  7.22953011e-01 -3.74420593e-01  9.35239669e-02
 -2.96433851e-01  5.67510114e-01  5.90617466e-01  5.80277126e-01
  3.70096409e-01 -7.75374837e-02  3.09182606e-01  4.62698835e-01
  7.07628087e-01  6.47645645e-01  5.68585694e-01  5.65600005e-01
  1.27115249e-01 -1.77911972e-01]","[-0.17853194  0.08390036  0.13795458 -0.37406696  0.40660734  0.4947977
  0.55162843  0.25301078 -0.28407648  0.28358824  0.1199568   0.35594231
  0.62863335 -0.06314405  0.45573276 -0.24431679  0.03652988 -0.29866023
 -0.23365321  0.3610339   0.24076414 -0.18017981  0.39775949  0.0707341
  0.28429284  0.32285646  0.53400353  0.46141073 -0.39390615 -0.2632894
 -0.1109066   0.04189004  0.52684548  0.31722256  0.24290167 -0.00220267
  0.32002062 -0.17334585  0.31208091  0.40136728  0.0422831  -0.28429771
  0.21237036 -0.41492756  0.50367402  0.19781845  0.17548055  0.31224173
 -0.01185749  0.121978    0.37464079 -0.03011891 -0.23896828 -0.21536362
  0.43110807  0.51145025  0.28239552  0.24382089  0.1858019   0.33641239
 -0.25237099 -0.17730641  0.60440533 -0.38742812 -0.0138665  -0.32074482
 -0.23118012  0.51618901 -0.07926807  0.15434214  0.1673217   0.44908542
  0.43502805 -0.22417143  0.24653067  0.30623933  0.06838659 -0.1477739
  0.35925027  0.34015213 -0.15712794  0.1410847   0.2923346   0.07895645
  0.33213887  0.07042405  0.24121697  0.26052654  0.56272299  0.44060099
  0.01572366  0.58103161  0.5259548   0.16916919]","[-0.16568033 -0.20538695  0.4460923  -0.1767119   0.33580879  0.20136533
 -0.1371366   0.3069712  -0.00269774  0.36923574 -0.11425758 -0.41742194
  0.17076547 -0.29515003 -0.31435701  0.34138696 -0.3093405  -0.21307491
  0.6257052   0.18870569  0.31707747  0.19798319  0.11331203  0.29845816
  0.48081086  0.12518622 -0.21925099  0.53199648  0.12917626  0.46250565
 -0.04337544  0.0799967   0.27319679  0.13792175  0.00743154 -0.33839845
  0.50255213 -0.07115703 -0.25300423 -0.37038174  0.02693293  0.2258057
  0.46062253 -0.09279648 -0.61629243  0.05281421 -0.34173341  0.5767068
  0.0761559   0.50595787 -0.0917404  -0.08814048  0.01538505 -0.39637944
 -0.42612789  0.73905458 -0.51060889  0.00804224 -0.17143819  0.12554666
  0.48840904  0.17107903 -0.02328432  0.02373271  0.45305801 -0.35308886
 -0.17137632 -0.32864177 -0.06583846 -0.23254464  0.53808687  0.37252575
 -0.16273253 -0.23813419 -0.04048784  0.2062639  -0.46125446 -0.38458212
 -0.25502284  0.42368843 -0.17451686 -0.33699723  0.46715396  0.39062671
  0.20403869  0.41555246  0.1190606  -0.53349705  0.57334231  0.45903126
  0.3133507  -0.29200086  0.15662005  0.35567122]","[-0.55257584  0.0355843  -0.07712488 -0.16725107 -0.17437983  0.14039032
  0.31855431 -0.01941778 -0.38013656 -0.39011949 -0.11742798  0.46273166
  0.23121122 -0.01578678 -0.15609538 -0.45285984  0.21778038  0.46736374
  0.13580512 -0.22863568  0.59456383  0.38101333  0.44231025 -0.2175875
 -0.01755216 -0.25980786  0.39947719  0.0856825   0.41698497  0.14957034
  0.24581947  0.13667683 -0.28224943  0.4428911   0.20818838  0.36811871
  0.42916008  0.44489715 -0.24318365  0.37665036  0.20229024  0.16495857
  0.01396334 -0.19822118  0.48069201  0.56086598 -0.27634801  0.25774263
  0.23628499  0.49854354  0.59377971  0.33279051  0.20061601  0.1704837
  0.16138766  0.33158376  0.05312018  0.11918075 -0.23031082 -0.33028399
 -0.16234441  0.30337986  0.68388893  0.0955779   0.42473873  0.29075013
  0.38634898 -0.17956402  0.40176741  0.13175343  0.11860595 -0.23349613
  0.36201946  0.5081186   0.37095769  0.42403758  0.48662687  0.71040928
  0.11078713  0.33495947  0.23200585  0.6462273   0.24467815  0.3119982
  0.63985776  0.22904537  0.49330531  0.01961181  0.12855734 -0.11623385
 -0.14577014  0.39518083  0.27665072  0.07503421]","[ 0.33387984  0.17151514  0.26884227 -0.43874418  0.45463813  0.40339513
  0.4642958  -0.26417882 -0.01633636 -0.06959562  0.57103023  0.20318245
  0.46717971 -0.46259587  0.28302069 -0.59181505  0.36377228  0.2575404
  0.34301086  0.26764554  0.5330788  -0.29743539  0.11689285  0.08189198
  0.39531873 -0.28156646  0.69720867  0.07877813 -0.07269728  0.41126291
  0.45965294  0.22379189  0.53514645  0.50312005 -0.27892767 -0.00127978
  0.28948926  0.65978622 -0.13046034  0.67371011 -0.23105014  0.31762215
  0.28448634  0.02061861  0.42977785 -0.12989965  0.00244942  0.39944753
 -0.18654881  0.36767692  0.63883692 -0.49981721  0.41049552  0.01335583
 -0.3099436   0.63105689 -0.25797516 -0.16250588 -0.36583732  0.12609014
  0.05765586  0.01735716  0.58386093  0.69253442  0.18662799  0.4367211
  0.37478544  0.15778178  0.21031404  0.40281916  0.34884448  0.60694784
  0.22678472  0.45429689  0.20261177  0.07393075  0.1038214   0.64329668
  0.59739943  0.23600899  0.22446686  0.15732014  0.32003683  0.02649184
  0.49730996  0.74990969  0.40849045  0.36106117  0.11045148  0.19713013
 -0.22748712  0.57329695  0.54418185  0.27098597]","[ 0.56560417  0.4146543   0.42336861  0.42782808  0.47326886  0.03977421
  0.26555438  0.32828443  0.47309089 -0.21412424  0.05763122  0.68709562
  0.37123795  0.2602126   0.35499047  0.05289766  0.60805102  0.42224848
  0.084829    0.53041791  0.23414433  0.36613153  0.61053733  0.54242403
 -0.19008388  0.49638331  0.66415966  0.16164977  0.43077485  0.01028955
  0.13393742 -0.10755992  0.37423621  0.61521226  0.41733966  0.66173774
  0.13833848  0.72220925  0.60403513  0.56984307  0.39141583  0.55769504
  0.6273269   0.12049391  0.67633613 -0.10240432 -0.39267332  0.35750539
  0.22682448  0.81700164  0.74862558  0.40444614  0.38119804 -0.30916332
 -0.47280728  0.57724664  0.05504402  0.14564423 -0.13513557  0.30732983
 -0.1577202  -0.30818986  0.54975732  0.4597641   0.33972537  0.48517735
  0.49831102  0.23663838  0.30163964  0.51622647  0.39339257 -0.11121372
  0.62331384  0.49970927  0.2332869   0.33147049  0.31743454  0.82444419
  0.52958746  0.3722057   0.2735204   0.73385118  0.49765303  0.58269981
  0.45952966  0.23770228  0.25773306  0.61662964  0.65679731  0.57073668
  0.5328537  -0.27144789 -0.43275514  0.51363816]","[ 0.07340558  0.11630062  0.45501556  0.1863017  -0.13084412 -0.44357914
  0.19789047  0.40092015  0.5258186   0.57789346  0.18055726  0.02009975
  0.00761945  0.26983984 -0.3511426  -0.21269931 -0.03388815  0.03478515
 -0.48379268  0.20146274  0.31146769  0.29415941  0.37735145  0.20621147
  0.57581534  0.21183324  0.58967969 -0.26462643  0.22685457  0.27952939
  0.527128   -0.2631039  -0.05917789  0.55715158 -0.43177601  0.19547549
 -0.57769286 -0.38252425  0.41257969  0.52427648 -0.07884557  0.66872378
  0.54329947  0.21432298  0.5708317   0.65582497 -0.27874784  0.27790533
 -0.34317389  0.43159365  0.58883218  0.41709827  0.45293629 -0.50322826
  0.57167096 -0.30518997  0.33873347 -0.50313024 -0.16409583 -0.35864917
  0.16304196 -0.26612055  0.42591303  0.51821905  0.12087138  0.49250307
  0.57831747  0.41489336  0.3422855   0.09679496  0.31527254  0.5366356
 -0.39230195  0.21335537 -0.09960899  0.27743191 -0.18973174  0.66135158
  0.0597342   0.70461743  0.35767054  0.15871552  0.17054544  0.14569445
  0.62098003  0.15309149  0.18248917  0.62856509  0.51342293  0.66228367
  0.44471854 -0.11681975 -0.08717293  0.05940299]","[-0.32972515  0.36970604  0.33052551  0.4466565   0.44283307  0.31407485
  0.70205834 -0.09679049 -0.37849143 -0.20040534  0.43099083  0.42042361
  0.63870458  0.03992318  0.56284187  0.01732798  0.55787794  0.30399939
  0.43446314  0.53337613 -0.23021003 -0.18372945  0.35061742  0.21242842
  0.31005746  0.20454159  0.42788298  0.67672923  0.18753404  0.34975509
 -0.10942599 -0.3387044   0.58316186  0.45886801  0.51239941  0.68479009
  0.56709343  0.27692617  0.06281681  0.20041525  0.1385665  -0.31132451
  0.42412714  0.10770244  0.68012306  0.62715899  0.5121014   0.35104
  0.43250681  0.06880563  0.17865643  0.49946985  0.08834858  0.60940301
  0.59468594  0.33606367  0.21953093  0.42000812 -0.24203644  0.33362359
 -0.22206988  0.3296017   0.15568342  0.42552336  0.54098146  0.24755571
  0.4352182   0.70540486 -0.17321418  0.43087934  0.38044747  0.65074439
  0.53518451  0.17539713  0.64163925  0.16531023  0.02113655  0.4599936
  0.57149217  0.33834991  0.32591314  0.48207492  0.38742324  0.34569935
  0.75696287  0.76710302  0.15768971  0.49029519  0.68876111  0.47547273
  0.27286239  0.36597907  0.46579814 -0.40396508]","[ 0.23615615 -0.26187613  0.57804752 -0.40102304  0.41232057  0.48049662
 -0.21996335  0.36486735  0.2853217   0.50046666  0.4306128   0.60304055
  0.59519161  0.18198706 -0.29913781 -0.45039805 -0.27307136 -0.12098053
 -0.17074802  0.40535603  0.56699412  0.38712791 -0.18447426  0.38354845
  0.46873877 -0.09319076  0.49791537  0.37121162  0.41476603  0.27763269
  0.60383247 -0.12313322  0.51162157  0.3564292  -0.26060261  0.41224758
 -0.17591621 -0.18932875  0.06439463  0.57656131  0.07043407  0.35284811
  0.68428006  0.48927484  0.64234989  0.5528153  -0.13468676 -0.21423556
 -0.39532535  0.78924387  0.45723457 -0.00483303  0.56024763 -0.00314582
  0.28100438  0.78035675  0.36470647 -0.45405403  0.14616779 -0.13819057
  0.48578704 -0.07852865  0.60260682  0.71230042  0.53465889  0.49130114
  0.51617856  0.00856683  0.35402811 -0.3432494   0.66770889  0.46048078
 -0.34679347  0.06763614  0.20915165  0.25969856  0.29320975  0.39596499
  0.42946888  0.39392006  0.25687134  0.48919643 -0.1541174   0.23410099
  0.62484507 -0.10476962 -0.09092404  0.61370572  0.60123239  0.27789757
  0.17742031  0.09812641  0.19486437  0.23406621]","[ 0.78501694  0.37108986  0.15029576  0.39062813  0.55929909  0.37594311
  0.39206346  0.52102449  0.52643138  0.22227502 -0.09837842  0.13493327
  0.58479101 -0.18530707  0.14786785  0.30465423 -0.06906394  0.05369217
  0.23515776  0.4070374   0.46085439  0.27528261  0.49639529  0.45441181
  0.41324185  0.1273531   0.72977437  0.31507548  0.10197065  0.37787754
  0.51380434  0.07640377  0.46380146  0.30993015  0.17432163  0.60069241
  0.0669633   0.1008838   0.62591042  0.51842886  0.02778254  0.27656569
  0.15968934  0.47301721 -0.54525157  0.46112031 -0.28533141  0.21024841
 -0.17151888  0.71380198  0.29564218  0.44907228  0.49431617 -0.27142013
 -0.19921144  0.63653161 -0.24186921  0.401739    0.38600887  0.14999929
  0.46535652  0.27338091  0.71243247  0.52927942  0.201617    0.6450368
  0.45242992  0.37681724  0.33968082 -0.40756123 -0.2081379  -0.10765839
 -0.06971564  0.45431286  0.47916846  0.41936771  0.12360119  0.6043072
 -0.38258616  0.1156266   0.477414    0.57721351  0.57611819  0.05481128
  0.61040902 -0.58666189  0.10448803  0.71029269  0.74420466  0.45332098
  0.51471907  0.4558243  -0.19217566 -0.1644712 ]","[ 0.73536974  0.17582666 -0.22516437 -0.31548627  0.63489891  0.31220128
 -0.38508404  0.59778451  0.3774325   0.45757925 -0.45461568  0.4703658
  0.6316637   0.01699224  0.2648776   0.44728088  0.52388506  0.19392472
  0.44665898  0.56061932  0.54214472  0.44842611  0.33625944  0.2604881
  0.32061357 -0.24229516  0.57637362  0.25966886  0.52853098  0.44144175
  0.21177031  0.24038049  0.15338575  0.56269036 -0.0867835   0.56385325
  0.38425329 -0.26879054  0.43796446  0.46722698  0.32682668  0.1194721
  0.48640027  0.51511567 -0.09750688  0.28117606 -0.27159489  0.11701367
 -0.12269085  0.70654715  0.18351493  0.46218885  0.5619066  -0.15424583
 -0.12941753  0.80579123 -0.45729366  0.48027319  0.35027218  0.34779997
  0.68785612  0.06385802  0.67232001  0.40605967  0.2923607   0.6284754
  0.58147854 -0.15115169  0.56174103  0.32301052  0.32923367  0.24600701
  0.58331445 -0.05635772  0.39093117 -0.02822842 -0.18508139  0.66837666
 -0.05773121 -0.08853001  0.20038707  0.47170365  0.54810699  0.67316165
  0.11497954  0.20647994  0.5141798   0.65219832  0.72253579  0.549361
  0.29379338  0.58825647 -0.22626625 -0.26565403]","[-0.06355001  0.11122019  0.45621259  0.01457253  0.5883582   0.39209684
  0.68167474 -0.12859894 -0.24126149 -0.08477887  0.34722613  0.38681754
  0.54172909  0.28530711  0.34950353 -0.39327463  0.47779684  0.03156563
  0.39112555  0.2946332   0.15338633 -0.14519926  0.45743714 -0.03224711
  0.42396121  0.1842869   0.43106113  0.49776913 -0.24023937 -0.12738964
 -0.0643      0.11023032  0.59631879  0.30368761  0.35659898  0.49217257
  0.52658172 -0.22191319  0.19931551 -0.21483283  0.11886896 -0.47323602
  0.75260574  0.2855577   0.60593339  0.46993538  0.33828108  0.01716598
  0.42744452  0.44544514  0.11218122  0.1260811   0.05364863  0.48101861
  0.48484817  0.3212196  -0.26581584  0.50969293  0.41348994  0.33951198
  0.20430784 -0.46492584  0.505745    0.31752235  0.46275294 -0.13559699
  0.08560175  0.60141062  0.15244272  0.37292911  0.16168105  0.40650675
  0.55383652  0.52720832  0.55267318  0.15865966 -0.15718741  0.26119309
  0.5433101   0.70578308  0.40605333 -0.56032726  0.67176471  0.37834281
  0.49571966  0.60197225  0.05412508 -0.35958399  0.68221498  0.51138452
  0.23280722  0.59385937  0.38470844 -0.53266667]","[ 0.23817302 -0.27443973  0.4504751  -0.28064446  0.23659161  0.25903764
 -0.01746079  0.43386879  0.19097478  0.45544925  0.00604655 -0.25984623
  0.40138465  0.22951531 -0.24115531  0.29644559  0.51743652  0.50231897
  0.56829193  0.25898892  0.27306099 -0.32398569  0.30062483  0.05273808
  0.51138514 -0.16414918 -0.20534355  0.54389734  0.30020947  0.58520237
  0.35250532  0.06204362  0.20787077 -0.07123812  0.11896761  0.50081571
  0.33977174 -0.11108344 -0.19072823 -0.24741415  0.1381751  -0.27729252
  0.65834906  0.15369429 -0.46781706 -0.22139334  0.33805559  0.44894108
  0.16272975  0.39246036 -0.19077868  0.3474965   0.47289643  0.24999176
 -0.40719781  0.83938236 -0.31709749 -0.16296101  0.32036554  0.22378996
  0.68711016 -0.11583001  0.48533934  0.29239885  0.47195507 -0.02732582
  0.09357019  0.3220319   0.40677693 -0.03771558  0.56010193  0.11169247
  0.19894457  0.35684601  0.14299379 -0.00305678 -0.05708297 -0.10069764
 -0.27235144  0.15270753 -0.27810525 -0.35038117  0.359338    0.48359744
  0.41360053  0.12484629  0.46300866  0.29134003  0.62683131  0.43931813
  0.03053028 -0.16659998 -0.20882754  0.38396298]","[ 0.05809781  0.04972337  0.24241013 -0.27181192  0.4432998   0.16397576
  0.4621265  -0.24047181 -0.25935003 -0.09747146  0.33984759  0.11700451
  0.47310721 -0.63491434  0.21442157 -0.30380323  0.05641497 -0.01165872
 -0.00485691  0.23986387 -0.20848611 -0.20370101 -0.09476651 -0.20177708
  0.36178458 -0.01301051  0.5509993   0.26230674  0.35711949  0.37565361
  0.36828191  0.12588076  0.38581363  0.37206205  0.24013959 -0.25437159
 -0.32929751  0.35991856 -0.02644748  0.63128998  0.16559308  0.01182483
  0.04434819 -0.0816188   0.28260748  0.07607488 -0.187503   -0.10011579
 -0.43861593  0.36613575  0.42468388  0.11330745  0.35106136  0.0085271
 -0.18371201  0.49427417 -0.06441571 -0.20540762  0.4000507   0.37728104
 -0.22314462  0.14524853  0.73184049  0.40294652  0.05272966  0.08973374
  0.48191587  0.21360759  0.2757674   0.26777744 -0.19795377 -0.13220684
  0.47408562  0.35503018  0.4554812   0.34298165  0.21945164  0.56705009
  0.16546429 -0.24184925 -0.42413558  0.3676145   0.2269813   0.19825609
  0.43273311  0.27891652  0.02104749  0.33285793  0.14814613 -0.18440447
 -0.2895435   0.32823193  0.21799358 -0.40665737]","[ 0.2077753  -0.22381071  0.3357752   0.00794483  0.58991655  0.54912568
  0.60909814 -0.40464492 -0.07229985  0.30641296  0.66988732  0.37245819
  0.49720674 -0.45207818  0.59886693 -0.56069146  0.44089081  0.43603214
  0.13414836  0.40703763  0.21859256 -0.32720879  0.22663032 -0.42112623
  0.390289   -0.15997875  0.58701342  0.18816689 -0.09963506  0.46696063
  0.56480787  0.25512488  0.82878592  0.3484149  -0.20333814  0.52724365
  0.47400527  0.22776479  0.53966121  0.70079688  0.37073219 -0.17670927
  0.30245586 -0.00916833  0.25869898  0.47429603  0.32810475  0.31929056
 -0.21858545 -0.47557784  0.27767323  0.21030544  0.40528159  0.37088998
  0.35592041  0.35718243  0.11896204 -0.17051348  0.45865907  0.37935185
 -0.25126645 -0.19411147  0.52460862  0.44069452  0.17425821 -0.26725979
 -0.06346978  0.22431014 -0.01349342  0.52084216  0.58742058  0.52008674
  0.53613023  0.09480598  0.5449604   0.15920286  0.62911192  0.15469836
  0.74711628  0.40834262 -0.09002788  0.29807231  0.44899153  0.15408444
 -0.35055804  0.76200252  0.42417624 -0.03628498  0.44574141  0.14200557
  0.21639767  0.64249662  0.64915137  0.27840684]","[ 0.40718918  0.48140349  0.25316549  0.3192944   0.45525441  0.06605798
  0.26694724  0.34255433  0.29203552 -0.25692384  0.13544892  0.62394603
  0.57754253 -0.33099841 -0.08538972  0.45522021  0.33607205  0.37003195
  0.21194147  0.35761632  0.39632752  0.52156103  0.53531458  0.51609402
  0.0994424   0.28832967  0.67626394 -0.10104923  0.30814181  0.44506806
  0.42573282 -0.1529845   0.14176423  0.62244043  0.47777787  0.60810144
 -0.32701195  0.54456283  0.31670444  0.55922043 -0.04690182  0.40156719
  0.51512084  0.07843395  0.67468171  0.15439355 -0.2365201   0.4007039
  0.41053115  0.8415067   0.67903218  0.20027987  0.48519388 -0.28994945
 -0.48105604  0.65178055 -0.11028454  0.0365853   0.33004077  0.41224707
  0.43942039 -0.25140777  0.75277434  0.38099546  0.52150716  0.51311168
  0.41120649  0.39463024  0.32544732  0.01602901 -0.03343017  0.27477166
  0.20404758 -0.02235831  0.23932499  0.34139893  0.33584518  0.78392559
  0.00628289  0.23178737 -0.05282635  0.81353559  0.53713379  0.6006314
  0.30333113 -0.07562558 -0.1677175   0.68351522  0.6101284   0.54581335
  0.61229054 -0.13092279 -0.34996697  0.40214421]","[ 3.82567073e-01  1.98589478e-01  1.45421528e-01  2.80908537e-01
  3.31753171e-01  8.35350807e-02  1.41270347e-01  2.99063061e-01
 -2.29828440e-01  5.38495261e-01 -2.66049273e-01  1.70290662e-01
 -6.22250771e-01  4.26671283e-01 -1.82140832e-01 -3.50509577e-01
  2.81947180e-01 -2.54351902e-01  5.08276628e-01 -7.47722957e-02
 -1.91715190e-01 -2.95763401e-01 -1.05591821e-01 -7.49398983e-02
  2.85007951e-01 -1.57659639e-01  3.33577933e-01 -1.88464882e-01
  6.49183625e-01  4.04254863e-01  3.77633662e-03 -2.33707118e-01
 -1.77775717e-01  2.91130265e-01 -8.78871834e-02 -1.54807563e-01
  4.18648594e-01 -8.67936510e-02 -1.76745347e-01  3.01004784e-01
  2.81034637e-01  4.65969932e-01 -4.53061978e-01  2.20775509e-01
 -2.87751308e-01 -6.65763143e-02 -2.51816256e-01 -4.93756799e-02
 -6.48512253e-02  3.55459195e-01 -1.57587495e-01 -1.23353812e-01
 -2.46461295e-01 -8.86206802e-02 -3.91511265e-01  3.69996710e-01
  2.20041694e-01  3.86638397e-01  2.82376003e-01  3.67122727e-01
  5.01424110e-01  2.38609911e-01 -1.39421009e-01  2.51962987e-01
 -4.01177933e-01 -4.29938055e-04  6.68899903e-02 -2.86723625e-01
  4.08275964e-01  2.15885883e-01  5.47983251e-01 -1.82947854e-01
  6.11888198e-01  9.90193447e-02  4.57962015e-01  3.24029664e-01
 -5.74603952e-02  1.27887528e-01 -4.65148826e-01  3.54272509e-01
 -2.32914395e-01  1.98778509e-01  4.09616110e-01  4.94881318e-01
  2.06098538e-01  4.16846818e-01 -9.25871396e-02 -1.60575423e-01
  2.29156073e-01 -4.03214523e-01  3.19094539e-01  1.49629476e-01
 -4.10226278e-01 -1.07869590e-01]","[ 0.48741175  0.30656001  0.54046051  0.22887111  0.54882017  0.50960708
  0.31149966  0.70625877  0.47224289  0.33736126  0.36348928  0.5732668
  0.49798767 -0.27816101  0.16051968 -0.33704769 -0.32486183  0.49968055
 -0.14712821  0.58656746  0.57993741  0.65153428 -0.07712251  0.34592512
  0.6047659  -0.14534909  0.3576388   0.00884589  0.5348953   0.27877146
  0.5515138   0.38555181  0.23191261  0.55061278  0.44290441  0.60795231
  0.72990002  0.44414324  0.75777895  0.70451114  0.43600912 -0.55710101
  0.59247917  0.34318735  0.79121965  0.28704446  0.24343148  0.45555807
 -0.18674449  0.73334327  0.31234137  0.08480019  0.56068612 -0.16892781
  0.46165655  0.68626986  0.23784322  0.45226477  0.31972838  0.43202091
  0.64204021  0.23980165  0.73279698  0.5832301   0.44588436  0.5703067
  0.72992969  0.39638083  0.52213822 -0.18123348 -0.1078567   0.45542617
 -0.01485942  0.17261397 -0.03591975 -0.18873132  0.42741483  0.86312449
  0.53965848  0.06599272  0.39737966 -0.6669242   0.53165436  0.49258805
  0.32915973  0.56616376  0.20588472  0.51930302  0.61519131  0.32093725
 -0.54258779  0.47145836  0.10415099 -0.34875964]","[ 0.69391125  0.45542191  0.1984381   0.08574374  0.45876432 -0.22152222
  0.39224974  0.49105157 -0.33054426  0.50880909  0.02785668  0.13885299
  0.61757522  0.08711238  0.14073213  0.55095325  0.45811343 -0.07101983
  0.5612445   0.75072743  0.61482076  0.41202321  0.06708676  0.65521931
  0.54442079  0.4670584   0.68539256  0.34976671  0.51986454  0.56773105
  0.59232167 -0.19183806  0.40153223  0.66925809  0.58169875  0.83702868
  0.45003127  0.75170445  0.74667166  0.22471042  0.44296221  0.6158121
  0.72498027  0.60636208  0.8319932   0.41436901  0.44841211  0.6706172
  0.56910285  0.80438834  0.7441139   0.42387505  0.23654918  0.51023053
  0.73287235  0.68998461  0.44229977  0.15443589  0.2965234   0.52906497
  0.57608489  0.2923374   0.66901938  0.65595709  0.34945373  0.66289755
  0.77386253  0.53661965  0.45948851  0.29904736  0.57496469  0.31995343
  0.43120669 -0.11013627  0.48931173 -0.16835141  0.44215258  0.85753182
  0.58410245  0.17428326  0.16993918  0.66339445  0.53166436  0.76504072
  0.75808749  0.01361821  0.50124346  0.4988614   0.60699661  0.25946612
 -0.07005955  0.35208962  0.45547488 -0.19191654]","[ 0.55262299 -0.19871904  0.70974228  0.49335868  0.54046864  0.16858325
 -0.07704051  0.28511938  0.64028192  0.29427793  0.14724399  0.42499385
  0.46069112  0.03331035 -0.23165723  0.57024689  0.45425838  0.28181682
  0.55824374  0.05588181  0.3733048   0.48708128  0.48902604  0.49767647
  0.26657173  0.42107314  0.54285827  0.29381033 -0.11514041  0.1960052
  0.4684353  -0.08119908  0.10148148  0.58256188  0.28573396  0.68911334
  0.58903215  0.46888232  0.53929375  0.16061843  0.25252     0.34723377
  0.59154559  0.27242999  0.36990359  0.49544355  0.26341998  0.54665501
 -0.16597311  0.66912086  0.58297588  0.39422069  0.36987661  0.50582603
  0.39532608  0.61947765  0.38382012  0.59180528  0.24022801  0.6847634
  0.3908421   0.38741261  0.67770778  0.6172321   0.72515705  0.66567989
 -0.20921686  0.43452513  0.3214377   0.57065063  0.59276098  0.45611164
  0.20500952  0.17084937  0.58236529 -0.49421134  0.24506205  0.63826955
 -0.03139354  0.52465705  0.32883874  0.44744054  0.45505666  0.48381826
  0.51879091  0.40676583 -0.40452404  0.66334752  0.47801618  0.60122183
  0.53585517  0.46499864 -0.55101248  0.01282724]","[ 0.59455017 -0.27994273  0.48581737  0.20112374  0.43223653 -0.07397038
  0.34429573  0.2788157   0.29885721  0.21296211  0.28847628  0.2415402
  0.57655496  0.32118077 -0.01978808  0.46611779  0.50125647  0.46311075
  0.26190008  0.11698385  0.28931099 -0.08943194 -0.25950965  0.18533663
  0.1335212  -0.19603291  0.48042585  0.55878019  0.25651309  0.5430387
  0.304433    0.06929683 -0.12683296  0.40777224  0.38016718  0.58561113
 -0.18801953  0.29026973  0.11939544  0.51288577  0.57027282  0.44643676
  0.25096623  0.00282864  0.31365279  0.62095527 -0.21310518  0.0010016
  0.30042831  0.76833635  0.02377051  0.56532615  0.4786305  -0.19354236
 -0.30768474  0.3816485   0.19320963  0.2237856   0.24981028 -0.51549962
  0.33202528  0.4229272   0.65440875 -0.39536128  0.35400357 -0.03416218
 -0.15128427  0.13074932 -0.28921554 -0.09572669  0.67929214  0.14834403
  0.32169239  0.33255334  0.65862777  0.32478453  0.46420962  0.52301379
  0.551658    0.04004098  0.36927595  0.4996087   0.50220169  0.16727737
  0.20793775 -0.42781171 -0.57103576  0.22821712 -0.10750868  0.35109315
  0.02724483  0.39927276  0.46903137 -0.36591419]","[ 5.25246666e-01 -5.19780408e-01 -2.21236496e-01  4.99913294e-01
  7.73528234e-01  5.95821499e-01  4.79280212e-01 -1.13768599e-01
  4.34595663e-01 -4.52957320e-01 -1.10495731e-02 -1.91649980e-01
  3.77581922e-01 -2.84187214e-01  2.31152740e-01 -6.34911181e-01
  4.55827059e-01 -1.89879198e-01 -3.07505285e-01  2.52667980e-01
  5.36750225e-01  2.22488608e-01 -3.97452259e-01 -4.77575815e-01
  3.07664954e-01  1.35745418e-01  3.45740662e-01  4.12052747e-01
  3.75644262e-02  5.08064660e-01  3.20774503e-01 -3.53494328e-01
  5.96008934e-01  2.79387274e-01  3.65814677e-01  2.71250662e-01
  5.34921625e-01  4.89902004e-01  5.40724330e-01  7.03307935e-01
  2.58182331e-02  3.38632189e-01  1.78083494e-01 -1.04531756e-01
  2.95416429e-01  4.34759390e-01  6.18711042e-01  3.57258751e-01
  5.80477171e-01  6.89189439e-01 -1.71745812e-02  5.28870869e-01
  3.59110469e-01  1.79358610e-01  5.36599771e-01  7.35198599e-01
 -2.98922832e-02 -2.67898411e-02  4.19458202e-01 -1.79694703e-01
  1.77777200e-01  5.06320207e-01  5.88767328e-01 -3.91051945e-01
  7.24881180e-01 -5.76262326e-02  5.28629934e-01 -2.80968761e-02
  1.26012840e-02 -5.00709247e-01  5.18723049e-01  5.94597729e-01
  3.68563772e-01  2.64856479e-01  6.52976103e-01 -2.39077907e-02
 -1.59178590e-01  1.48197306e-01  1.84486283e-01  4.95633144e-01
 -8.42017543e-02 -2.33223335e-01  3.73089077e-01 -1.74484187e-01
  1.92283900e-01 -7.10319281e-04  5.42202918e-01  5.83638790e-01
  2.67117370e-01 -1.65003006e-01  6.46966539e-01  2.78303993e-01
  5.14800937e-01  4.82307375e-01]","[ 0.51150662 -0.35339583  0.63204911  0.34899097  0.48008829  0.53141753
  0.42992362  0.11180244 -0.00471132 -0.13729368  0.04342205  0.46931085
  0.33333626  0.32732022  0.12563204  0.11459523  0.45001778 -0.21448463
  0.41127637  0.30119559  0.36358771  0.05948428  0.45131503  0.1481594
  0.04152454 -0.40582921  0.52954833  0.53557357 -0.05241464  0.3024149
  0.2498571   0.11335593  0.52240221 -0.29978033  0.37260811 -0.4215063
  0.50824133  0.50212446  0.35361822  0.51399065  0.36384122  0.25139911
  0.36973305 -0.49782298  0.65570322  0.58388466  0.66645564  0.54136709
  0.31987238  0.40360677 -0.12993946  0.46021767  0.5720651  -0.0632725
 -0.17855515  0.63252836  0.49064083 -0.04653946  0.49442233  0.42856001
  0.27683447  0.35156264 -0.30416039 -0.33919871  0.70849856 -0.04887746
 -0.28745372  0.31205617  0.41815063  0.38500751  0.76876344  0.50081851
  0.60338183 -0.2684667   0.39529096  0.43445143  0.18904799  0.41679312
  0.36565062  0.7444889   0.16545759  0.14079904  0.10845934  0.53749925
  0.20810208  0.03674781  0.28320856  0.13202133  0.67686835 -0.28994265
  0.35704549  0.56126453  0.57416349 -0.00185728]","[ 0.42797628  0.20249887  0.35979659  0.4763904   0.71963093  0.66412782
 -0.02059255  0.53189658  0.41180387  0.3910688  -0.04996795  0.26565157
 -0.22744756  0.33949364  0.22283706 -0.55463779  0.58784544 -0.37263632
  0.3450151   0.20107673  0.32884646  0.43885957 -0.2682855   0.2259371
 -0.36945076  0.43135151  0.26830451  0.60624923  0.01838336  0.36219525
  0.2683687  -0.25981903 -0.0812226   0.28860958  0.36303276  0.69230738
  0.56296261  0.11652307  0.54400903  0.31997638  0.4204536   0.02917913
  0.66426657  0.30446351 -0.06273032  0.05679512  0.36453838 -0.06939204
  0.46111331 -0.09698297 -0.70644781  0.28242651  0.32820096 -0.21291653
 -0.18900148  0.65160026 -0.28403555  0.19229838  0.30370294  0.20520872
  0.41920217  0.48339846  0.51472366 -0.51092725  0.60827825  0.61594152
  0.61058326  0.49836622 -0.23628019 -0.10522019  0.65151546  0.79630487
  0.3250724   0.51722092  0.23964602 -0.02160048  0.51007052  0.37533396
  0.47703391  0.79530777  0.22126585 -0.45249196  0.49629956  0.4619058
  0.14068206  0.57248167  0.16990424  0.73279424  0.04332866  0.15282648
 -0.24210532  0.62162628  0.02629378  0.45381869]","[ 0.67049847 -0.15578232  0.55833106  0.54700108  0.66184968  0.57539566
  0.2795942   0.33941654  0.07345567 -0.4998001  -0.35433923 -0.19257641
  0.18800134  0.2715875  -0.20466193 -0.49387134  0.54222682  0.19552134
  0.50609674  0.36411029  0.47325204  0.18222268  0.21150569  0.20744807
  0.10409279  0.25159469 -0.33887212  0.48660511  0.35701577  0.70026937
  0.46245041  0.10868399  0.67677812  0.26873676  0.44370114  0.26654959
  0.41716076  0.40529927  0.39722354  0.31361177  0.44027119  0.36374896
  0.38398277 -0.39255517 -0.18238002  0.45457048  0.58880592  0.54729843
  0.46417651 -0.02567197  0.31673435  0.33871799  0.353936   -0.17230649
  0.41740345  0.56087876  0.08772693  0.11473892  0.47691655  0.15423603
  0.30416421  0.6019725  -0.11846925 -0.43476039  0.65962853  0.16253782
  0.23907551  0.44479094  0.2459457   0.36878165  0.78648217  0.63845867
  0.56840103 -0.20296035  0.60716529 -0.12023504  0.14449781  0.60572198
  0.00282497  0.30726144  0.42852322  0.55903669 -0.2308716   0.11636737
  0.58902184  0.11436129  0.04815767 -0.13174159  0.53514687  0.27929309
  0.39515786  0.64746465  0.4757965   0.42057135]","[ 0.5896306   0.38205052  0.11072352  0.25372298  0.61710967  0.43649448
  0.36281566  0.45878603 -0.43765485  0.20836452 -0.47078321  0.20005264
  0.53943203  0.35112306 -0.26754779 -0.06474671  0.54768921  0.02270159
  0.28720964  0.34281036  0.52352816  0.20550997  0.3158127  -0.0834669
 -0.38064875  0.30543092  0.49224401  0.57585069  0.38951569  0.37695283
  0.31893609  0.2260082   0.13128856  0.05782179  0.23050769  0.63540815
  0.37476335 -0.1709628   0.42161432 -0.1139985   0.03873321  0.56173015
  0.32703567  0.0911804  -0.34651932  0.23716063  0.71529807 -0.05516328
  0.35774808  0.31374612 -0.32400834  0.40116979  0.46350377 -0.20823721
  0.19400785  0.53472647 -0.61858476  0.55993143  0.25142896  0.3798893
  0.4201582   0.63868731  0.34418619 -0.39645997  0.48806538  0.20747903
 -0.2447298   0.11397793  0.35477887  0.42449574  0.64931894  0.7815146
  0.47175407 -0.08978085  0.67629316 -0.18266916  0.17736438  0.71804895
  0.39785239  0.18431844  0.3610661   0.28344185  0.16644707 -0.09887317
  0.56942363  0.5331708   0.24004234  0.17930737 -0.3525399   0.5375046
  0.48346039  0.66150949  0.12611611  0.68892806]","[ 0.51317226  0.22619069  0.21182625  0.69403477  0.58669444  0.37276559
  0.31310224  0.69715533  0.40900244 -0.2520437  -0.20438361 -0.0789274
  0.56963222  0.46192816  0.09854627  0.18205322  0.6643117   0.14004994
  0.21424288  0.40310731  0.49088334  0.26616014  0.27447265  0.06542087
  0.52023175  0.32409383  0.45060055  0.78368864  0.51598537  0.36387031
 -0.16406868 -0.11238175  0.55632555 -0.05027634  0.38222475  0.53515295
  0.17475362  0.3505588   0.32220085 -0.06831401  0.43547484 -0.24754467
 -0.32762585  0.27817684  0.08544797  0.28254813  0.47755233  0.19959242
 -0.29119236  0.20974212  0.54204029  0.52794401 -0.27417327  0.23833567
  0.4202979   0.71728091 -0.1028671   0.45989916 -0.20592407 -0.0890073
  0.39207479  0.64795577  0.41791684  0.10806096  0.49941911  0.1603451
  0.45058627  0.51086445  0.45783076  0.48253767  0.52757135  0.75978248
  0.53501589  0.19315614  0.40446108  0.34005905  0.43104459  0.41898393
  0.2664575   0.44664386  0.31315761  0.58142235  0.31220892  0.5300876
  0.37276925  0.65793424  0.29821955  0.61530612  0.6500173   0.28596148
  0.40526176  0.61048989  0.2712715   0.72753397]","[ 0.49228359  0.47343428  0.05855327  0.44118913  0.7528304   0.72734279
  0.74074106  0.33411793  0.01496726  0.15154401  0.54691933  0.42514076
  0.47944869  0.57491143  0.59037682 -0.40607719  0.76753568 -0.37164406
  0.56599411  0.54280445  0.46953288  0.21559721  0.73522023  0.17247963
  0.50606756  0.58201285  0.24105224  0.50300582 -0.12323593  0.62719083
  0.18968355  0.3421072   0.63929024  0.46677166 -0.0628219   0.61789334
  0.64488253  0.69620956  0.58589239  0.74508181  0.53707165  0.63407655
  0.14233224  0.35969336  0.82258311  0.59640806 -0.22850612  0.66409041
  0.59090897  0.29493048  0.8018762   0.82365449  0.68130241  0.67131582
  0.46390541  0.60188517  0.45760244  0.14728908  0.50910306  0.3535802
  0.46793718  0.524028    0.52488751  0.00239214  0.65742433  0.47827436
 -0.11190569  0.38416836  0.29302684  0.73043102  0.71878452  0.58568548
  0.71033084  0.28173973  0.70307877  0.42788493  0.54207912  0.31173751
  0.71153142  0.34106596  0.54883821  0.29686695  0.49862012  0.27574813
  0.83619584  0.77583979  0.69539051  0.42599759  0.26788455  0.20641837
  0.02585291  0.68048099  0.43520886  0.76672697]","[ 0.62291616  0.33829836  0.72290086  0.72090996  0.70602069  0.65162368
  0.48295061  0.2742437  -0.16172573  0.11249662  0.41290647  0.24027047
  0.55753628  0.66382651  0.39294174 -0.51562214  0.73907857  0.38788119
  0.5241287   0.42088358  0.5606534   0.11513995  0.50486276 -0.00695091
 -0.20224919  0.36331374  0.21377625  0.62601807  0.09561849  0.63935984
  0.2731185   0.52409169  0.62843243  0.2399964   0.4827292   0.64045595
  0.58869954  0.43625587  0.3883517   0.20419207  0.42171922  0.70679341
  0.68585665  0.27461482  0.45834099  0.21370775  0.65908227  0.58900886
  0.63588965 -0.21861118  0.3512453   0.34566074  0.5526386   0.4928944
  0.69496731  0.731964    0.10806121  0.62152975 -0.03569694  0.62276053
 -0.18020914  0.60605663  0.56795151 -0.20130876  0.67406025  0.53463567
  0.17473728  0.60131633  0.36614389  0.44823148  0.83171895  0.8204195
  0.61017054  0.22403062  0.77393183 -0.06719145  0.28634308  0.43407481
  0.09602188  0.65414542  0.66985856  0.44834657  0.49801774  0.33998644
  0.76606885  0.49131936  0.35688973  0.73405383  0.5709652   0.62432462
  0.63101508  0.78386845  0.15977865  0.63874249]","[-0.11661574 -0.54215425  0.52645709  0.48480702  0.76200654  0.05359737
  0.6856233   0.29599523  0.30519742  0.26351346  0.65602075  0.02726019
  0.5413775   0.10791538  0.46006756 -0.4761265   0.77062194 -0.00518486
  0.53364591  0.51995959  0.41379428  0.14911671  0.392519   -0.02131885
  0.04957702  0.34157005  0.24515846  0.40412614  0.39094637  0.49463279
  0.1256932   0.34354824  0.57621208  0.33496943  0.22295927  0.26080852
  0.38363905  0.60411134 -0.04976541  0.1469055   0.46502128  0.44845944
  0.62985868  0.06989278  0.66470372  0.53566483  0.42091623  0.20639685
  0.52974142  0.32916669  0.48113607  0.20507457  0.53411008 -0.17737674
  0.52337357  0.66913912  0.19864654  0.52562444  0.35573031  0.29031554
  0.27936764  0.62885193  0.36967589 -0.3883033   0.62922396  0.30366088
  0.1182722   0.49265621 -0.0449065   0.00651121  0.72599492  0.71297129
  0.48214605 -0.17640551  0.48774566 -0.24118367  0.41212657  0.44050555
  0.39771707  0.56271574  0.2846693   0.24181512  0.46906566  0.20009591
  0.35849676  0.43189664 -0.26377703 -0.24116869  0.61891103  0.54188094
  0.45352308  0.5484626   0.46409842  0.4636384 ]","[ 0.6127031   0.20930289  0.14677397  0.65307268  0.74506342  0.68014395
  0.68027279  0.33583141 -0.22732083  0.15971037  0.63387026  0.26109765
  0.54353528  0.51166409  0.44264699 -0.53601056  0.71426512 -0.12207243
  0.14043445  0.27488397  0.55473607  0.31042593  0.51733406 -0.22090708
  0.57032196  0.4983861   0.43152747  0.65446885  0.09984801  0.68876936
 -0.41785609  0.23564924  0.71561217  0.42386479  0.22119984 -0.01284442
  0.43684779  0.56008746  0.19907661  0.42648656  0.47487241  0.52557785
  0.5741968   0.27986117  0.70786852  0.71501     0.57032277  0.48299321
  0.72358605  0.67439654  0.63261606  0.68392101  0.58521892  0.57217408
  0.67644754  0.5831512   0.47592897  0.38967288  0.44628623  0.22920975
  0.27553483  0.23402447  0.26670206  0.53984625  0.71014162  0.62575791
  0.06967711  0.46533705  0.13239361  0.48726723  0.82399977  0.60006231
  0.55690021  0.4002522   0.67146299  0.48552289  0.42682663  0.56472528
  0.60544682  0.50806836  0.44486871  0.12278754  0.64943019  0.24130911
  0.47467829  0.57616333  0.53573421 -0.18482247 -0.0979143   0.34639605
  0.724901    0.65042942  0.21994171  0.59404992]","[ 0.62052221  0.18379596  0.41416789  0.08918664  0.30585221  0.22758371
  0.40824619  0.54904036  0.30236028  0.33519413 -0.20445453  0.56003715
  0.68709797 -0.35354115 -0.12395225  0.58175139  0.57507442  0.26474277
 -0.27461652  0.20748258  0.23982647  0.4013136   0.12598992  0.41789837
  0.50352262  0.36756289  0.74553076  0.33881393  0.5727245   0.32978409
  0.29088519  0.54538405 -0.16807092  0.72715897  0.25128132  0.57717418
  0.48588555  0.48939668  0.6465063  -0.06966721  0.46968829 -0.06642174
  0.56900815 -0.0686539  -0.39041739  0.32513919  0.46192284  0.25190714
 -0.3100185   0.60423675  0.60828676  0.56007741  0.21385559 -0.20884523
 -0.05322041  0.72121869  0.241341    0.69830515 -0.2923017   0.12553456
  0.40775968  0.52294211  0.82254371  0.41518577  0.51763361  0.60632327
  0.37047976  0.39089996  0.28758621  0.7165256  -0.24051237  0.45273153
  0.72863673  0.32969954  0.59820115  0.15767608 -0.54904585  0.51172191
  0.50732552  0.196948    0.16856562  0.34746501  0.11847446  0.22229154
  0.07825573  0.09033732 -0.28402925  0.11565307  0.60842878  0.56756103
  0.45444575 -0.03368533 -0.07738742  0.0910553 ]","[ 0.51404323 -0.00421296  0.14362022  0.50811101  0.53597636  0.04410826
  0.27514911  0.2165318  -0.28914501  0.4584443   0.1919176  -0.26061911
  0.15441164  0.5339195  -0.22130309 -0.22876742  0.4752352   0.26455381
 -0.04051263 -0.01234562  0.32223787  0.11841999 -0.27565764  0.19710348
  0.05491555  0.29166311  0.29780641  0.44416958  0.44799525 -0.08740132
 -0.3824809   0.07733519  0.37480134 -0.13122306 -0.28909537  0.37541595
  0.26718446  0.53300141 -0.22797105 -0.41367752  0.38544434  0.4528645
  0.21785626  0.17342612 -0.06433163 -0.11186304 -0.20156006  0.35475473
  0.38921667  0.29868985 -0.45384257 -0.02909754  0.24624783 -0.1739826
  0.45130232  0.66935472 -0.13866101 -0.21627279  0.30971576  0.33947723
  0.22874719  0.28639642  0.49666334 -0.09554505  0.53131064  0.49623691
  0.31695589  0.01820214  0.35479622  0.17040712  0.77605219  0.61055925
  0.80281122 -0.25754355  0.26413355  0.02090189  0.04450857  0.50940646
 -0.01061017  0.30619068  0.29684117 -0.08334264  0.4953675   0.24003019
  0.24711039  0.0883472   0.05220677 -0.35439802  0.42950104 -0.10581011
  0.05760846  0.69615601 -0.41346822  0.06231943]","[ 0.54881221  0.34261997  0.48750381 -0.11814124  0.05490642  0.37810102
  0.37913528  0.5939516   0.41111526  0.11030291  0.12640476  0.64448082
  0.65257168  0.50149642  0.68247748  0.65197526  0.46578551  0.73676098
  0.23782649  0.63136436  0.45597373  0.49298169  0.19955702 -0.055991
  0.70744548  0.25197098  0.56242455  0.52176103  0.60461661  0.31695409
  0.66136018  0.41125172 -0.25768535  0.58448284  0.38599059  0.64759045
 -0.10451627  0.84300448  0.74116155  0.68928118  0.78799658  0.40286284
  0.33297353  0.56617762  0.69264732  0.40168463 -0.30029157  0.43471985
  0.38947288  0.6493108   0.4455228   0.54041704 -0.15735944  0.30515718
  0.61514458  0.60765619 -0.48683498  0.85234052  0.40058946  0.71940585
  0.29188323  0.56727228  0.54018097  0.74690336  0.49856767  0.32727983
  0.72548277  0.72930322  0.71390795  0.4963804   0.71848446 -0.3683258
  0.64924871  0.41233927  0.65343749  0.23258256 -0.14402763  0.80504398
  0.27765266  0.31638883 -0.33159368  0.69482794  0.38688687  0.42702218
  0.50834845 -0.45707753  0.67834588 -0.10050597  0.56888404  0.64981123
  0.55415123  0.20888651 -0.04205337  0.64126816]","[ 0.77855633  0.14130357  0.5940875   0.45500153  0.5016377   0.6058444
  0.38100299  0.43539095  0.63201692  0.50639856  0.13157806  0.58984739
  0.6470239   0.08759951  0.48777724  0.32329646  0.28735365  0.4713928
  0.64500812  0.55820399  0.29549252  0.13615942  0.362438    0.61011423
  0.46667528  0.5261578   0.66821564  0.47836994  0.68431381  0.49523668
  0.64238887  0.04284874  0.49519879  0.48267871  0.4707994   0.66362475
  0.33906602  0.51843184  0.48735984  0.49669811  0.04262006  0.66241493
  0.61049882  0.45311012  0.6035114   0.58386851  0.33232552  0.56260221
  0.58190631  0.79591839  0.63292558  0.50487114  0.51577985  0.39803476
  0.58289889  0.06353747  0.36370586  0.44759178  0.48038477  0.6206946
  0.46887798  0.68950003  0.6726607   0.5120043   0.54937023  0.62335539
  0.48546963  0.49444427  0.14390818  0.47747344  0.76200392  0.33028635
  0.47471254  0.5020324   0.5294008   0.3375495   0.18204156  0.67417948
  0.22696962 -0.29783841  0.53186741  0.74664919  0.59364113  0.32484319
  0.62935966 -0.49074502 -0.07188158  0.64196503  0.59326776  0.34219971
  0.64209427  0.48037789 -0.17314922  0.40580125]","[ 0.86262187  0.42199216  0.75830485  0.42576618  0.51363348 -0.09633715
  0.6266554   0.64139143  0.67872605  0.4472101   0.52734608  0.53750499
  0.75434794  0.34874847  0.7461164   0.69817567  0.74113216  0.67626224
  0.74360585  0.66441746  0.47815085  0.48049694  0.67128687  0.58729622
  0.60997834  0.43660756  0.87131524  0.65265227  0.63448018  0.52267848
  0.81605072  0.40138712  0.53624494  0.66352976  0.49094176  0.66822065
  0.73012097  0.86605311  0.86243731  0.81247824  0.3823218   0.8842809
  0.79565858  0.4914708   0.85308109  0.5841248  -0.23067206  0.54964169
  0.73597924  0.69330885  0.60602653  0.68160182  0.79494324  0.66898246
  0.78397154  0.75745931  0.0873046   0.7219519   0.47660092  0.75664866
  0.65039716  0.81054192  0.65636518  0.87118975  0.79566301  0.80311148
  0.77766957  0.88907978  0.0776712   0.13779372  0.88748797  0.49155196
  0.47548553  0.64214517  0.84945036  0.52422299  0.5696453   0.66414358
  0.62551904  0.61487467  0.20836272  0.71635961  0.5555521   0.60629277
  0.82849777  0.68684525  0.4909599   0.89032195  0.84513582  0.70656696
  0.59449335  0.60696196  0.41895518  0.82458069]","[ 0.78734446  0.46959172  0.54307834  0.49631141  0.16999658  0.55987781
  0.65834953  0.10508262  0.74564866  0.56443977  0.44675788  0.5539038
  0.67172352  0.45501772  0.35463794  0.65874823  0.57159737  0.54058662
  0.56480707  0.6861283   0.49568103  0.61811435  0.36695964  0.58171597
  0.53588936  0.6203761   0.66217319  0.4650161   0.61516769  0.60982547
  0.77467477  0.42551424  0.37215648  0.5859682   0.72428369  0.80629814
  0.58898828  0.64725318  0.64160756  0.58370229  0.54123444  0.86553097
  0.59050895  0.69300471  0.85021347  0.23571294  0.79792593  0.5592568
  0.51872421  0.87171651  0.77587835  0.22122284  0.74515575  0.32595061
  0.71184599  0.65031521  0.51015762  0.57312732  0.45188029  0.56707273
  0.5494562   0.75867743  0.6114572   0.66270015  0.69836597  0.76003162
  0.63087236  0.62632206  0.22051312  0.59473152  0.73312501  0.25467944
  0.7409487   0.53421426  0.54122754 -0.3218327   0.53222419  0.80891816
  0.60363971  0.46163619  0.39040467  0.72899504  0.60090217  0.61189338
  0.84932112  0.77443209  0.22965484  0.66693658  0.70460316  0.70819567
  0.71176937  0.66653428  0.31195753  0.68357062]","[0.85446525 0.48265701 0.72396986 0.5127741  0.65068067 0.48279985
 0.67094902 0.67103276 0.59572798 0.62975399 0.56002977 0.35607619
 0.78484805 0.41140552 0.77608039 0.78554968 0.8169808  0.82609639
 0.70084434 0.71674681 0.60467773 0.76128323 0.41039157 0.77552509
 0.73068219 0.5404092  0.85203843 0.69810967 0.73518273 0.73799986
 0.82535632 0.52565842 0.56922897 0.81245409 0.54175182 0.80887424
 0.3873278  0.89181613 0.8702575  0.72593783 0.57343795 0.85560215
 0.73875239 0.6103055  0.70076602 0.5811448  0.51664381 0.64119872
 0.72582477 0.66378095 0.68868244 0.77212909 0.64023668 0.80543683
 0.75229865 0.73703912 0.55507384 0.86608563 0.51481991 0.63063602
 0.67161465 0.87640861 0.64108624 0.90394604 0.83685427 0.54342751
 0.79898275 0.86071557 0.62377351 0.6434398  0.79665022 0.79150137
 0.61265501 0.70196723 0.80715239 0.57122462 0.50680293 0.84551194
 0.65208451 0.58095852 0.32870897 0.84778063 0.53906869 0.70119403
 0.86971813 0.61522921 0.51832985 0.76410852 0.75142271 0.46019744
 0.65585297 0.76147016 0.59713316 0.41302313]","[ 0.17755165  0.53099699  0.10544134  0.56493157  0.58975132 -0.161109
  0.08823419  0.58363689  0.38420002  0.11678499 -0.6728499   0.41074793
  0.40059763  0.63657268  0.34689215  0.52774808  0.47623976  0.54205046
  0.50626615  0.03018145  0.18656038  0.05280275  0.55610738  0.3410168
 -0.18173378  0.35862464  0.21961539  0.60782494 -0.13349739  0.36439309
  0.597105    0.33759332 -0.04552639  0.26864576 -0.11903533  0.65843254
  0.0512524   0.5650703   0.27942532  0.40849301  0.61428076 -0.07085145
  0.58587404  0.34206692  0.2724583   0.46128518  0.50610568  0.22166902
 -0.0577138   0.47664999 -0.21118201 -0.11386165  0.06399534  0.40188617
  0.24871175  0.62219788 -0.59049408  0.23855936  0.33218662 -0.10741148
  0.29409782  0.2752296   0.46087255  0.5649502  -0.10175124  0.53978325
 -0.14918327  0.08182664 -0.41677867  0.11263157 -0.04599597  0.4437782
  0.52505068  0.34954362 -0.21795813  0.31694594  0.47954091  0.57139661
 -0.24509591  0.49166857  0.33646179  0.39505248  0.2976455   0.66608152
  0.44135035  0.43692038  0.53629301  0.13381719  0.67373105 -0.25818548
  0.32523299  0.64511696 -0.40040304  0.60830046]","[ 0.73971097  0.22215988 -0.07789182 -0.26433438  0.20729377  0.13521654
  0.38489177  0.36806143  0.65001254  0.39670878 -0.12998585  0.46110392
  0.55727408 -0.16943407  0.47432005  0.67817891  0.53111532  0.43613663
  0.04674296  0.3476043   0.27742509  0.50028251 -0.36911506  0.52022013
  0.2528536  -0.17103184  0.68890123  0.39911517  0.33901184  0.17670073
  0.75581504  0.2457506   0.11078303  0.49555377  0.01590721  0.69747343
  0.55221003  0.71516994  0.66446352  0.48629372  0.45776579  0.42045031
  0.43740173  0.56343121  0.21031828 -0.32132603 -0.29203152  0.33514239
  0.57986736  0.44634533 -0.09494813 -0.38694065  0.6225458   0.26459487
  0.17364231  0.48899475 -0.48575736  0.46720692  0.26027551  0.4503834
  0.55005581  0.60239609  0.49603949  0.61369444  0.61848157  0.63208684
  0.51607354  0.64800166 -0.18781526 -0.37519307  0.72522435  0.33248236
  0.54645424  0.48889556  0.31395821  0.18688575  0.24487198  0.61414996
 -0.22197942  0.39237671 -0.08926137  0.6684804   0.42706859  0.19912473
  0.53466451  0.17819338  0.40176798  0.55747222  0.68279234  0.61271548
  0.47486976  0.33152607 -0.14014392  0.59549487]","[ 0.40755389 -0.02818112  0.77109247  0.00178342  0.53845121  0.10630176
  0.36467489  0.70251782  0.17923565  0.03553937  0.05706629  0.56485159
  0.71131282  0.30229301  0.66193652  0.40083536  0.61634528 -0.41771524
  0.44450985  0.71500744  0.6055613   0.54906729  0.42115329  0.59433447
  0.5433272   0.51227776  0.57102064 -0.05182636  0.63544253 -0.14445721
  0.67795483  0.70131378  0.36468061  0.71572343  0.62067055  0.33491393
  0.51017777 -0.30364832  0.69310067  0.81817781  0.45951964  0.78399054
  0.70607612  0.5424313   0.87864438  0.52213872 -0.5003883   0.60333994
  0.72300645  0.77463213  0.59346343  0.3775892   0.82022656  0.69408642
  0.63030287  0.7635859   0.35578294  0.7797214   0.56878252  0.69230894
  0.64002554  0.55144769  0.74047453  0.54538041  0.76516579  0.71655012
  0.75656468  0.74751241  0.60208152 -0.11359196  0.70848397 -0.27028358
  0.33682018  0.46720561  0.6238482   0.00103368  0.65684455  0.87388681
  0.3020176   0.42887733  0.38626754  0.78096936  0.40233014  0.52254001
  0.66744361  0.6721788   0.16461971  0.8031884   0.72185833  0.66340082
  0.44214254  0.46039793  0.27864041  0.55903418]","[ 0.64481978  0.19910213  0.6790329   0.40907423  0.64145925  0.38247782
  0.02541677  0.28803462  0.10255256  0.45248281  0.03007462 -0.16379796
  0.45487987  0.25318273  0.45364576 -0.42449505  0.45355765  0.26634929
  0.47238197  0.19083324  0.16274588  0.16678443 -0.14091278 -0.21935972
 -0.08347964 -0.26151934  0.24841083  0.10616388 -0.08549331  0.3115105
 -0.45955055  0.28238634  0.65313578 -0.23517698  0.41155039 -0.09888009
  0.52721657  0.48762068  0.48549926  0.21421364 -0.02888656 -0.08471835
  0.66954437  0.2082336   0.66921232  0.2864363  -0.40698768  0.21581977
  0.35676567  0.29615588 -0.35553482 -0.36434163  0.26384693  0.44527169
 -0.07823836  0.71415704  0.31574361  0.08790947  0.49967843  0.29134228
  0.14259284  0.50061333  0.27545467 -0.47263166  0.71993747  0.34267178
  0.66123374  0.32612945  0.25858564  0.37749379  0.37545739  0.65671407
 -0.00767194  0.26495226  0.16108399 -0.25192118 -0.16156137 -0.195444
  0.42870386  0.83647394  0.23955547 -0.10224221  0.40588135  0.13163629
  0.59950938 -0.31060804  0.06624884  0.26463742  0.53310268  0.26017758
 -0.10304786  0.26232623 -0.50365411 -0.17539854]","[ 0.19511786  0.46359197  0.67921271  0.0890541   0.53551864 -0.45215181
  0.39681998 -0.09994457  0.28717453  0.42668358  0.46748991  0.04748339
  0.47488119  0.15225156  0.4788209  -0.316377    0.18095515  0.32501759
  0.36666961  0.36731838  0.29713075 -0.11065619  0.29887089  0.22270999
  0.15891195  0.22491168  0.50568908  0.02665378  0.03741959  0.36716796
 -0.2135283  -0.28404957 -0.01892263 -0.25060773  0.09722521  0.15280787
 -0.02956649  0.37502153 -0.19744145  0.35261093  0.20041041  0.11489842
  0.35198885  0.10423723  0.54920456  0.15150589 -0.14654791  0.22722856
  0.24860006  0.06415153  0.34364485  0.4088352  -0.10963333  0.24611424
 -0.19335334  0.47352028 -0.33477235 -0.03448695 -0.16578539 -0.45654658
  0.08218653  0.28048358  0.44004983  0.1164612  -0.24502925  0.32494033
  0.05372629  0.23005095 -0.14557444 -0.12147635  0.12202397  0.58304965
  0.12994324 -0.20276796  0.4231461  -0.28625692  0.21004382 -0.40947531
  0.33651937  0.71399167 -0.47248174  0.48545689  0.5381665  -0.5996235
  0.19618185  0.51995422 -0.05519146  0.10379117  0.52865554  0.27855577
  0.18873528  0.16441729  0.02320938  0.14370232]","[ 0.63448198  0.40162368  0.07763031  0.32565652  0.67832888 -0.36328871
  0.37114854 -0.10276103 -0.22151245  0.34137205  0.43556982 -0.22470131
  0.46655073  0.42902084  0.36008015 -0.38821121  0.83183746  0.13202148
 -0.29482603  0.29439826  0.33055537 -0.10708922  0.30360403  0.15711983
  0.43883258  0.24673673 -0.30648787  0.44927364  0.13870917 -0.20645462
  0.04391777 -0.10422919  0.56072179  0.07220237  0.33894496  0.29863761
  0.66347983  0.22825855  0.07262811  0.16364804  0.30586549 -0.21931675
  0.48773199  0.18278538  0.46480984  0.37458679 -0.11125843 -0.21796091
  0.61071988  0.61030887 -0.09854494  0.11979009  0.32163292 -0.15935482
 -0.07400324  0.55195927 -0.10023836  0.44269936 -0.04684711  0.319134
  0.33164585  0.22283484  0.54555339  0.12276196  0.40569601  0.48962732
  0.26232228  0.52262227  0.42245715 -0.32886868  0.65594343  0.67706418
  0.29812318 -0.11898251  0.50611047 -0.007672    0.16310667 -0.42282528
 -0.08736902  0.75471358  0.27513405  0.01551611  0.24198653  0.3732714
  0.07980167  0.43024867 -0.1991813  -0.16235956 -0.35622655  0.51106082
  0.27438936  0.26167362  0.10971258  0.20367995]","[ 2.61266385e-01  2.10058726e-01 -1.86078117e-02 -4.21407931e-01
  3.46127874e-01  3.88143969e-01  4.07578230e-01  4.10439029e-01
  4.89615094e-01 -2.78832459e-01  3.48329918e-01  2.54665620e-01
  4.75914716e-01 -4.67529547e-01  4.06993281e-01 -3.48471494e-01
  1.26817838e-01  2.10088414e-01  2.00968163e-01  1.04158152e-01
  4.48309006e-01 -1.07103289e-01 -6.75492656e-02  1.72382427e-01
 -5.47951419e-01  1.46062612e-01  6.52315012e-01  9.84419865e-02
 -2.15834916e-01 -2.41111804e-01  6.60030146e-01  2.46305182e-01
  5.91137189e-01  1.48007653e-01 -2.01505217e-01  4.43047423e-01
 -2.76692265e-01  2.18489800e-01  4.92525896e-01  6.15112928e-01
  2.42797929e-01  2.19982580e-01 -1.18353417e-01  3.23561116e-01
  6.53627086e-02  4.44881034e-01 -8.01468856e-02  3.03545249e-01
  1.40745789e-01  4.86694125e-01  3.34647872e-01 -1.22503823e-02
  2.64731079e-01  1.19265960e-01 -2.93167846e-02  4.90668939e-01
 -2.43418081e-02  4.54344276e-01  4.37781489e-01 -1.56345008e-01
  4.14756668e-01  4.76993380e-01  6.66297974e-01  4.68588563e-01
  4.11963702e-01  4.56859577e-01  5.15755896e-01  2.74276104e-02
  7.94405925e-02 -8.37880354e-02  1.85275116e-01 -2.83729898e-01
  3.61616100e-01  3.91353146e-01 -1.46010081e-01  4.66724381e-05
  4.19179902e-02  2.61629131e-01  3.83427410e-01 -1.26222135e-02
  3.03986265e-01  7.51424564e-01  3.22394547e-01 -1.47739338e-01
  5.09373205e-01  5.82742425e-01 -2.98545906e-01  5.28870427e-01
  1.44320476e-01  5.00628365e-01  3.28610473e-01  8.47911043e-02
  4.23472216e-01 -4.14968096e-03]","[ 0.42397335  0.24883308  0.17875444  0.50391361  0.45873161 -0.02106217
  0.24079599  0.36074643  0.38562968 -0.30984918  0.31655446  0.63808781
  0.66033424  0.30501923  0.40241156 -0.40814684  0.64454526  0.69151933
  0.45791032  0.39739075  0.6026607   0.21994542  0.31542802  0.30671838
  0.47344212  0.33150989  0.75435223  0.52043403  0.59636375  0.35852102
  0.69519695  0.65990498 -0.1294821   0.66844839  0.50694759  0.68790386
  0.56862764  0.62033589  0.49522357  0.72353088  0.57647373  0.54627967
  0.65166698  0.45757058  0.63587592  0.54267526 -0.16710169  0.41237933
  0.25475883  0.7470232   0.83220301  0.53046957  0.53913336 -0.06021571
  0.26974694  0.57471811  0.13904644  0.65713609  0.17288809  0.42288083
  0.42377324  0.53930169  0.7446271   0.47855441  0.5850486   0.42435439
  0.51426484  0.56947139  0.59651186 -0.07675211  0.59829479  0.62890996
  0.25016894  0.51387771  0.0938675   0.38672484  0.6104584   0.75204272
  0.44206067  0.76636553  0.37031689  0.78746628  0.31504997  0.54796871
  0.6618825  -0.42494657  0.19352678  0.56967131  0.46478356  0.60913006
  0.34156583  0.39521377  0.05342741  0.38639519]","[ 0.5703649  -0.01535716  0.26722841 -0.00577462  0.39108383  0.50790228
  0.19476432  0.56373523  0.01907299 -0.16937804  0.00949767  0.5252165
  0.56708343 -0.0040918   0.54912106 -0.23298985  0.47695488  0.6586713
  0.5563397   0.26442059  0.52713006  0.4521303   0.39565121  0.43384663
 -0.12592281 -0.20416978  0.47700155  0.18381431  0.52962263  0.41956405
  0.61834166  0.41517239  0.10007462  0.56308056  0.06587115  0.52372818
  0.20520089  0.54554961  0.74459142  0.65251548  0.4898823  -0.27299594
  0.57897177  0.31961541  0.76197196  0.01269487 -0.14378963 -0.13438796
 -0.2038776   0.77525099  0.45866018  0.36165339  0.75289534 -0.25302405
  0.44929003  0.75150769 -0.50869703  0.64673361  0.30540146  0.56612284
  0.43264989  0.02569665  0.74887276  0.30718337  0.51097295  0.49074511
  0.67587877  0.40166755  0.37228841 -0.02004922 -0.05937242  0.64997702
 -0.25443757  0.55520963  0.150694    0.24489532  0.05462513  0.78431188
  0.05105406  0.37801979 -0.01058292 -0.16955584  0.41686996  0.35767381
  0.63116201  0.40806062  0.05303896  0.43511242  0.63794407  0.69910579
  0.15419033 -0.18633242  0.30487602  0.12514253]","[ 0.52921531 -0.0012965   0.35398559  0.59268481  0.11117861  0.06064779
 -0.16612585  0.63009494  0.48827706  0.44735546 -0.55791665  0.56095607
  0.24414654 -0.61675908  0.5803868   0.29729428  0.35100725 -0.11326332
 -0.59593281  0.23012793  0.21448362  0.278314   -0.25670764  0.08071728
  0.64940369  0.07652395  0.73710935  0.33395181  0.62284141 -0.34600391
  0.41246372  0.35818648  0.11056387  0.19001804 -0.14443359  0.50251138
  0.5191276  -0.01760158  0.54417255  0.52917859  0.19268038 -0.20220525
 -0.04609678  0.21595981  0.42315167 -0.20140275  0.42249717  0.1443064
  0.36556673  0.5074889  -0.0794711   0.13015979  0.48397384  0.2191343
 -0.17514951  0.3784761  -0.51133802  0.5321758   0.18426329  0.47796234
  0.67851678  0.55981664  0.42156313  0.71598163  0.0905922   0.42864156
  0.65960257  0.58389479  0.59333401  0.12091496  0.22166983 -0.28355197
  0.5922253   0.32029458  0.24468949  0.21654839 -0.30816314  0.57839832
  0.26845301  0.252956   -0.30831316  0.48511084  0.39380459  0.53820571
  0.33579907 -0.51028158  0.66708766 -0.26139305  0.55873059  0.35510991
  0.50942951  0.31436347 -0.04052377  0.57639501]","[ 0.32710718  0.31087668  0.70286713  0.30426243 -0.24460875  0.3281936
  0.32477893  0.63035628  0.38371194  0.22089716 -0.43260485  0.26020396
  0.65264968  0.37699906  0.74301444  0.53328744  0.64723898  0.75883013
 -0.04299637  0.59515933  0.40560234  0.50015476  0.16241066  0.18574561
 -0.11721268  0.4603889   0.77207399  0.55538346  0.36409071  0.11811098
  0.63885199  0.51084489  0.02098656  0.54249249  0.42587202  0.62619126
  0.3239072   0.74232578  0.7399102   0.5056932   0.7245988  -0.32555093
  0.61222607  0.55793271  0.71925025  0.48536272 -0.55933052  0.3539803
 -0.03244822  0.71107883  0.46323939  0.61120118  0.37100972  0.55746851
  0.56315665  0.67830852 -0.27687267  0.86156948  0.31502682  0.67760573
  0.27593629  0.54110598  0.74171906  0.72330344  0.43609648  0.00287197
  0.7141115   0.62368251  0.70728177  0.4515099   0.60820084  0.6178384
  0.59030939  0.49800927  0.40768995  0.57879688  0.11767143  0.83449119
  0.48893407  0.45603143 -0.07383703  0.69369115  0.45212172  0.420428
  0.6083718  -0.32523549  0.668671    0.12129557  0.73715978  0.61244436
  0.58202549  0.03075939 -0.05469734  0.58536993]","[ 0.25708616  0.07871395  0.05866722  0.44438616  0.54363057  0.64475812
  0.10623042  0.72707989  0.40884969 -0.39538472 -0.49396549  0.04820759
  0.60911823  0.29033943 -0.14885148  0.40968318  0.70774279  0.43540378
 -0.13120883  0.47868443  0.50981437  0.47108379 -0.19174138  0.10422076
  0.5896457  -0.09452942  0.09493506  0.73419881  0.42195497  0.57427842
  0.5502918   0.22145272  0.2656314   0.40420312  0.24069701  0.61885309
  0.56857028  0.41930124  0.68558232  0.64198455  0.51996566  0.22184223
  0.84414132  0.10545903  0.30598275 -0.25056442  0.73190146  0.41468907
 -0.1451094   0.15480232 -0.00874689  0.54719032  0.53062198  0.13818369
 -0.01462046  0.71298338 -0.38805905  0.29307194  0.0193157   0.07831349
  0.06501843  0.49005815  0.57592619  0.34568796  0.54560888  0.41487113
 -0.02607851  0.46132327 -0.42019412  0.21612464  0.30596823  0.18887823
  0.0369919   0.2785023  -0.04120293  0.23830649  0.38784219  0.83812447
  0.38279155  0.41453581  0.28461367  0.57432942  0.36881417  0.60429084
  0.47410434  0.66181437  0.47474333  0.31667988  0.61193019 -0.16908759
  0.19400678  0.67336662  0.34028604  0.56394311]","[ 0.71344027  0.10716051  0.26531143  0.18914921  0.51717727  0.49471073
  0.63635863  0.72018665  0.57203536 -0.22429705  0.2224497   0.29644866
  0.66283973 -0.14337363  0.7680163   0.4428963   0.2928823  -0.35902103
  0.011747    0.31582338  0.39407067  0.23705141  0.29058595  0.4227717
 -0.15767123  0.24116183  0.80278431  0.58637245 -0.08319169  0.55312341
  0.77471051  0.1829158   0.46985114  0.60713586 -0.07763997  0.83264574
  0.66914687  0.73560733  0.70937149  0.82905154  0.45003777  0.27548355
  0.6127618   0.29695302  0.21003733 -0.12416713  0.07395524  0.20582973
  0.12771023  0.70489253  0.74271987  0.7130639   0.53163656  0.08838699
 -0.19853161  0.69810137 -0.01353216  0.69497778  0.45633479  0.04681686
  0.61512509  0.62448426  0.72682592  0.56621322  0.57816251  0.62948615
  0.55157248  0.56862167  0.52866924  0.06237181  0.82391499 -0.26203447
  0.45813479  0.28134867  0.21091164  0.10570449  0.33516347  0.56152313
  0.0181718   0.47505628 -0.17201606  0.76949246  0.14370265  0.55427926
  0.65766984 -0.28667869  0.53302148  0.75622332  0.67509784  0.57660587
 -0.12185727 -0.23642955 -0.01272076  0.68974631]","[ 0.58624316  0.49583822  0.25915418  0.4200242   0.58390977  0.62897386
  0.70802171  0.61428091  0.30374613 -0.30906731  0.45461287  0.45963825
  0.25543425  0.32864585  0.66771742  0.1506812   0.66427907 -0.41390931
 -0.22583479  0.16599188  0.50087565 -0.08820168 -0.07042137  0.32673894
  0.25393947  0.14140891  0.7909747   0.6986505  -0.13058871 -0.44109652
  0.64558224  0.37806293  0.51372114  0.61815741 -0.1021283  -0.10788902
  0.26508692  0.17164171  0.53889647  0.70046277  0.34680403  0.02834135
  0.636409    0.28680727  0.21296238  0.20618429 -0.19631118  0.10377416
  0.07431113  0.37408292 -0.05950151  0.43337192  0.05663898  0.24761973
 -0.19642531  0.53917865  0.39453697  0.38584119  0.39947601  0.19194919
 -0.11396644  0.22279548  0.71595049  0.4419099   0.51606321  0.51032213
  0.45398669  0.53112446  0.38328976  0.21783061  0.04320358 -0.12560596
  0.51141757  0.27776626  0.34152667 -0.21091078  0.10889517  0.42353855
  0.13042964  0.25788566  0.03115386  0.5676225   0.41358792  0.27562366
  0.57726734  0.77938581  0.48270642  0.4765673   0.62733485  0.53433324
  0.15235249  0.34854789  0.08995431  0.63433896]","[ 5.25692008e-01 -1.14169792e-01  1.78036877e-01 -1.94020351e-01
  3.82728207e-01  3.45052135e-01  4.29176016e-01  6.55408346e-01
  3.69346930e-01 -3.03077520e-01  2.94081682e-01  4.62658757e-01
  6.31707934e-01  1.36678048e-01  5.48876508e-01  4.15750957e-01
  5.01743272e-01  5.04644869e-01  3.08552621e-01 -2.74552054e-01
 -2.13400078e-02 -9.06035023e-02  4.50522650e-01 -3.99856558e-04
  3.25380322e-01  2.94184724e-01  6.05889442e-01  5.83742684e-01
  3.83474862e-01 -2.70061515e-01  6.14290102e-01  8.49832119e-02
 -4.32779177e-02  6.18050561e-01 -2.17781640e-01  5.73783568e-01
  5.06813858e-01  5.46044245e-03  6.19446407e-01 -2.86099896e-01
 -2.19013088e-02  2.86085648e-01  6.81400769e-01  3.93378690e-01
  4.79873698e-01 -5.10210416e-02 -1.67636514e-01  3.70013732e-01
 -1.44596350e-01  5.78742925e-01  3.22732253e-01  6.13825126e-01
  3.32352168e-01  3.19727135e-01 -4.77634365e-01  5.67636033e-01
 -1.13586587e-01  5.05365601e-01  2.22341974e-01  4.77488028e-01
  3.92535563e-01  2.66185422e-01  6.60974753e-01  4.77053450e-01
  1.75355798e-01  3.17602474e-01  4.01879054e-01  4.34459131e-01
  4.12154249e-01  1.20913709e-01  5.68896006e-01 -2.99033336e-01
  7.53777313e-02  5.61064524e-01  2.78999628e-01  9.37731897e-02
 -4.74096113e-01  6.18200297e-01  4.46459627e-01  1.27613178e-01
  3.29908615e-01  6.26785108e-01  3.94043907e-01  6.16329605e-01
  2.22425101e-01  7.63818622e-01  3.15983895e-01  4.56819763e-01
  4.24827514e-01  3.39269833e-01  3.84336045e-01  4.42104384e-01
  1.50919287e-01 -2.30414918e-02]","[ 0.72256088  0.09755418  0.56209617  0.13488546  0.35970228  0.35149247
  0.35383046  0.68440117  0.61578023 -0.066545    0.06241746  0.49861325
  0.71768106 -0.49227144  0.71136295  0.56202523  0.60622072 -0.37686244
  0.35177249  0.5245246   0.58454478  0.1407641   0.41159498  0.5269519
  0.31521471  0.33858864  0.84482017  0.68226798  0.42501299 -0.08938611
  0.75558263  0.00292151  0.53045568  0.69458992  0.27595194  0.52950062
  0.49111302  0.47601071  0.78152949  0.78229399  0.51657692  0.67049705
  0.63377363  0.39201295  0.49605285  0.48415799  0.12116777  0.47598864
  0.30137659  0.60890275  0.39661736  0.74850195  0.59020401 -0.38170318
  0.30571271  0.60068151  0.25342312  0.56828964  0.56103384  0.60954511
  0.3320844   0.63651325  0.68163806  0.74441644  0.81649368  0.73720323
  0.6269829   0.77493989  0.56985425  0.05751986  0.79614708  0.32269171
  0.58039554  0.68407408  0.40218299  0.44077895  0.1666852   0.50957387
  0.38375766  0.46148669  0.38571251  0.67668769  0.37544821  0.57967925
  0.7043753   0.2023326   0.28584327  0.74314066  0.72839851  0.57827624
  0.73062526  0.14141525  0.32334982  0.46086459]","[ 0.55521717  0.41010145  0.34358315 -0.16340093  0.44506875  0.44911798
  0.68198447 -0.07783778 -0.17405522 -0.27320574  0.67713133  0.31654994
  0.61443739  0.53014004  0.12277854  0.21965033  0.66976771 -0.19159208
  0.4425985   0.28858569  0.61832045 -0.18677627  0.52029324  0.37193589
  0.50009568 -0.04065654 -0.14438188  0.27234503  0.28620146 -0.30756414
  0.27730893  0.38119446  0.70832998  0.34929719 -0.19149231 -0.62130797
  0.42326559 -0.17046462  0.47302323  0.43058863  0.31058343 -0.23985468
  0.38905809 -0.0365815  -0.50121115 -0.07502627 -0.28303254  0.2881066
 -0.41949082  0.39789478 -0.2669366   0.34314854  0.46470984  0.3160104
 -0.28828179 -0.04881026  0.09304138  0.35303089  0.32286583  0.2390462
  0.3422048   0.33245588  0.49492826  0.66937191 -0.07477846  0.30747945
  0.37967702  0.21710718 -0.12111197 -0.1902585   0.29775539 -0.03597093
  0.35377047  0.30476797  0.26884005  0.43092179  0.33534708  0.49365859
  0.44349401 -0.09561325 -0.11104959  0.1276854   0.45325073 -0.29867459
  0.17311766  0.79442654  0.21803782  0.54936096  0.49818247  0.2441098
 -0.10754693  0.61084916 -0.44276722  0.20418066]","[ 0.84975096  0.62108383  0.82714771  0.72141411  0.59150598  0.5957026
  0.64893063  0.80712085  0.74156544  0.76752098  0.65242261  0.64350927
  0.89989624  0.61131979  0.72671101  0.77623835  0.91032549  0.82336222
  0.68836383  0.62603592  0.81753985  0.81665605  0.5666912   0.68169961
  0.82788566  0.71051697  0.8545564   0.90670925  0.79344701  0.7805603
  0.81611921  0.50284039  0.60141923  0.82714334  0.47425546  0.8044647
  0.78522968  0.88555939  0.92057374  0.83484399  0.6081062   0.88013915
  0.79168985  0.7378054   0.81578759  0.69157723  0.30256245  0.66824371
  0.7264942   0.62725799  0.70871714  0.88839586  0.47297098  0.88324039
  0.8598172   0.80980342  0.71712754  0.89368318  0.79613489  0.77902295
  0.4095365   0.75790183  0.84632628  0.89773624  0.90983994  0.40761249
  0.85297372  0.8553382   0.90972054  0.79490142  0.84724828  0.73098143
  0.59542272  0.76467675  0.88152297  0.77620358  0.71198871  0.85057705
  0.66164964  0.79266974 -0.05612363  0.84367103  0.70892683  0.60499113
  0.81080164  0.64420835  0.81017248  0.72194395  0.83464911  0.81161009
  0.87153396  0.69578557  0.51726169  0.82847601]","[ 0.63101221 -0.20598497  0.11041568 -0.37441918 -0.37015345  0.1407746
  0.2680473   0.64871524  0.49667939  0.4945797   0.05979793  0.43425361
  0.694347   -0.34368972  0.15318035  0.42448002  0.65210776  0.38028745
 -0.28755495 -0.06726754  0.39835542  0.39128475 -0.0860663   0.34388699
  0.66378873 -0.09860357  0.65667045  0.46245035  0.53917229  0.27215708
  0.5424016   0.28878606  0.35822235  0.76150214 -0.06001493  0.44727653
  0.09577127  0.35946929  0.67896011  0.48703811  0.45401004  0.28464396
  0.57500213  0.36106425 -0.01211708  0.11064329  0.11045084  0.38551247
 -0.03610035  0.26813251 -0.09748515  0.56428205  0.38410352 -0.35210587
  0.10816552  0.57059551 -0.5341837  -0.15391957  0.54384176  0.51863285
  0.14767502  0.1909263   0.60216946  0.5386193   0.06057307  0.41485848
  0.61201671  0.41037941  0.71444107  0.25637164  0.66376726  0.24385627
  0.44608473  0.41568527 -0.20014758  0.03330788 -0.26437422  0.60419189
  0.20465884  0.19796136  0.17643583  0.64949501  0.297672   -0.04214268
  0.40481911 -0.56991939  0.59548998  0.23812002  0.61227505  0.52242604
  0.24390066 -0.09170634  0.07465183  0.45096721]","[ 0.67872033  0.27216878  0.54253532  0.32753013  0.60757736 -0.10997924
  0.63572616  0.16178444  0.46277906  0.52298191 -0.14872871 -0.22060669
  0.55742227  0.0371573  -0.27938186  0.47909985  0.42042231  0.47989606
 -0.22735611  0.16636475  0.34088679  0.21981853  0.32447235 -0.16859137
  0.33341525  0.56840339  0.67194371  0.43580059  0.41069413 -0.27368826
  0.34047325 -0.01705559 -0.15053668 -0.18603994  0.31079903  0.64006144
  0.52108818  0.52377164  0.4505952   0.58638152  0.13179054  0.28202019
  0.44210086  0.13498333  0.05505395  0.34016958  0.37944204  0.36384187
 -0.0262245   0.16377914 -0.03624495 -0.23994219  0.48963898 -0.49777777
 -0.20303758  0.3800169   0.29776302  0.50761991  0.27173759 -0.23422429
 -0.57770999  0.50643372  0.760092    0.51560578 -0.27942061  0.52472428
  0.18214916 -0.10768     0.39473238  0.09217174  0.5599805   0.49592655
 -0.17167481  0.56091454  0.36564229  0.0134856   0.06193212  0.67685041
 -0.25357982  0.1644498   0.27863102  0.81115679  0.41527361  0.13336883
 -0.25247896 -0.40384336 -0.25117829  0.1570717  -0.37692852  0.57484059
  0.57670223 -0.18708273  0.48851718  0.3190054 ]","[0.87288681 0.74863556 0.64940959 0.71190502 0.4257138  0.56748042
 0.52739892 0.52040552 0.82768973 0.55955103 0.78371909 0.70571206
 0.72558815 0.59069826 0.73065963 0.60528252 0.71408784 0.68516251
 0.7043313  0.66464025 0.54665534 0.67926411 0.61042892 0.77419606
 0.645622   0.69597469 0.77508325 0.64198277 0.69164572 0.66920293
 0.63364503 0.39681412 0.58248306 0.51576599 0.62828788 0.70288577
 0.49243103 0.55103828 0.63021036 0.69365767 0.46215621 0.62075992
 0.67278408 0.62810426 0.70947938 0.60988237 0.47541084 0.73935585
 0.70252124 0.83543659 0.6428398  0.55345674 0.62409455 0.54051575
 0.66973589 0.66532152 0.59766193 0.66389551 0.48242939 0.63157522
 0.57208437 0.70221481 0.67716184 0.63182952 0.67616522 0.74728335
 0.59449917 0.58493494 0.57784406 0.51332038 0.67943165 0.52327267
 0.72771536 0.55421757 0.5469849  0.55726938 0.60855527 0.68793174
 0.55560323 0.77881422 0.62435273 0.77081271 0.59580316 0.51486508
 0.67700233 0.76778605 0.59085747 0.67435444 0.71728595 0.68244576
 0.69492591 0.67842716 0.26452814 0.62974401]","[ 0.5592104   0.52884928  0.53257188  0.502729    0.39341146  0.40637152
  0.46640948  0.56888949  0.74658698  0.45241137  0.59606162  0.59560504
  0.48629994 -0.03898803  0.34010055  0.60004943  0.71597473  0.32511094
  0.40021199  0.47493504  0.50520117  0.4431496   0.64455115  0.76692773
  0.4989385   0.38679071  0.78944513  0.51933249  0.59242003  0.43408367
  0.5338618   0.42790264  0.41275274  0.58702548  0.56023824  0.77443934
  0.52718869  0.60522686  0.63494348  0.5695522   0.52958648  0.66814809
  0.57506973  0.49167683  0.54054098  0.57827141 -0.09702211  0.52968953
  0.48819231  0.59247294  0.17240899  0.57827621  0.64185544  0.27017657
  0.3053547   0.63871351  0.27959007  0.82483104  0.3089484   0.22739829
  0.25789368  0.53777489  0.72551091  0.62333349  0.65565387  0.68629777
  0.51450237  0.54719196  0.62450168  0.64074227  0.63547456  0.55310674
  0.4762546   0.65762138  0.56801922  0.4115291   0.59154208  0.64622901
  0.56515948  0.69583244  0.37566115  0.80148372  0.56577057  0.61016501
  0.5940882   0.73103607 -0.11596206  0.57581725  0.64679562  0.38575408
  0.57396326  0.32015209  0.25160434  0.30683407]","[0.92693037 0.86032998 0.70457679 0.6288963  0.53208261 0.67203608
 0.69323909 0.39739599 0.78012052 0.64773801 0.74684381 0.72686243
 0.7038851  0.57782786 0.71405345 0.6291685  0.34109275 0.65385246
 0.8012136  0.79100664 0.57268911 0.71284276 0.55256426 0.79777282
 0.67246282 0.69944116 0.71550186 0.59255546 0.67056742 0.59313511
 0.70146789 0.5844669  0.64692989 0.5145379  0.65834903 0.74844614
 0.63357366 0.69032173 0.78625074 0.57020625 0.00582991 0.59942209
 0.57745729 0.7163609  0.67288288 0.61401256 0.69540312 0.73630907
 0.61267234 0.90339572 0.69762694 0.49133334 0.53478642 0.62869199
 0.67274829 0.56094646 0.71984353 0.46310995 0.53651333 0.58033405
 0.61972998 0.74367756 0.6370803  0.74281824 0.68249566 0.8288135
 0.70007629 0.56118545 0.46536945 0.58455485 0.66964553 0.47399874
 0.75994166 0.63651434 0.55348117 0.46225745 0.59519574 0.64677275
 0.48348301 0.74493192 0.44082253 0.74227514 0.5819739  0.62694435
 0.72457315 0.85441364 0.70418172 0.69333365 0.74277272 0.59918654
 0.79290367 0.54716599 0.50187113 0.73600205]","[ 0.81049314  0.84722554  0.60247463  0.65654455  0.56312986  0.6475955
  0.64293202  0.4481042   0.76572758  0.59059519  0.88441529  0.68619217
  0.80743963  0.56836816  0.48369408  0.5677539   0.70681069  0.67891205
  0.55023283  0.48816414  0.46770808  0.84887957  0.58812191  0.78325959
  0.53530705  0.64759716  0.70320709  0.62087892  0.59781215  0.66823663
  0.70234365  0.5692799   0.55242715  0.62105972  0.68937393  0.71082753
  0.64828822  0.70437142  0.73999157  0.62803305  0.49919355  0.59821317
  0.58570864  0.60723676  0.5819779   0.54171748 -0.24996306  0.67482457
  0.55951178  0.65326598  0.78106719  0.54648682  0.54076552  0.60391252
  0.78760694  0.72767251  0.64272619 -0.17800709  0.57270662  0.51293196
  0.47861972  0.77024416  0.71840831  0.80572245  0.68498864  0.78703899
  0.516067    0.65646306 -0.17771588  0.7290972   0.71335298  0.44210603
  0.77250617  0.58411524  0.67834702  0.30808402  0.61535767  0.61980374
  0.66250298  0.77822747  0.41584026  0.7336532   0.6067775   0.72724749
  0.75330406  0.80348193  0.66379553  0.80212734  0.650969    0.6922967
  0.74279558  0.60907625  0.33073717  0.65981319]","[0.76966693 0.59947056 0.72221335 0.61893875 0.61549406 0.50090232
 0.52596964 0.70204627 0.78560631 0.53730897 0.62958498 0.70285362
 0.73401413 0.31378991 0.54890037 0.65190692 0.72545551 0.53505846
 0.59979662 0.64399249 0.41263855 0.75242914 0.72440481 0.84339621
 0.64520108 0.54038917 0.7818808  0.64478838 0.58104157 0.53013196
 0.6513298  0.67410541 0.33305349 0.73254102 0.65629763 0.8005235
 0.68141267 0.74515985 0.82679209 0.59795765 0.61669166 0.52794226
 0.61309513 0.6047208  0.54920234 0.59802308 0.53545057 0.55137365
 0.13890905 0.74347409 0.76089094 0.71370946 0.52353432 0.26294966
 0.6135477  0.63163862 0.6051615  0.86633789 0.70923556 0.68326479
 0.54659738 0.79816485 0.81493864 0.83625558 0.73619519 0.81866854
 0.53137845 0.63135531 0.62159258 0.77509951 0.68073591 0.76220976
 0.71815981 0.70440396 0.57062573 0.58596147 0.68008275 0.82639718
 0.73815845 0.64482922 0.54153992 0.83240307 0.6513619  0.66200518
 0.65867935 0.78840766 0.33988138 0.69007742 0.84188883 0.6625678
 0.59907457 0.66656591 0.37732271 0.42979133]","[ 0.39658747  0.14068665  0.53726052  0.50796606  0.60065523  0.61386372
  0.46485787  0.56396168  0.43242788  0.50501645  0.54487297  0.44070388
  0.59716931  0.28773433  0.637295    0.2723054   0.53292403 -0.17841961
  0.36047988  0.35891633  0.28474234  0.47446161  0.45109807  0.24601954
  0.5559672  -0.0709064   0.77491765  0.49857314  0.74844427  0.53499353
  0.41719771  0.39471904  0.65030079  0.34712768  0.33522348  0.49682257
  0.53706577  0.72394941  0.60768301  0.55223124 -0.43825032  0.56549651
  0.53394675  0.16078913  0.56806056  0.7762485   0.24465526  0.52893532
  0.56531774  0.70899814  0.51871376  0.66518863  0.60089859  0.63628459
  0.57083345  0.25594338  0.47309486  0.59029559  0.57385149  0.61838892
  0.3772288   0.34781956  0.50783325  0.68664092  0.62146887  0.62620985
  0.30804702  0.50969989  0.35204929  0.87707335  0.58291817  0.32854271
  0.582386    0.53634672  0.63079214  0.59200976  0.48316734  0.71039405
  0.74776568  0.55358297  0.67519088  0.32148516  0.53487288  0.43191344
  0.17766983 -0.25518629  0.56067064  0.73128171  0.47941453  0.41382836
  0.52708739  0.61631715  0.43766537  0.6087395 ]","[0.87836961 0.53166587 0.66186566 0.67746444 0.45297498 0.58966218
 0.53048834 0.16209987 0.82740592 0.55409573 0.68782307 0.64001651
 0.68457458 0.58204099 0.57705555 0.6215032  0.71299463 0.44015272
 0.56790588 0.57917543 0.17903419 0.64420898 0.55663702 0.68806658
 0.57601556 0.60247904 0.81322597 0.59009118 0.71741628 0.48173421
 0.70163655 0.51951437 0.51145324 0.53315128 0.73248307 0.64402209
 0.52850172 0.61649487 0.73490021 0.62665355 0.05122354 0.72046731
 0.60025648 0.67982518 0.65488476 0.58675134 0.72993012 0.65256977
 0.50732917 0.8764527  0.65135873 0.55691269 0.52831516 0.63679944
 0.56637811 0.64232503 0.62648408 0.46846937 0.45583988 0.51929121
 0.39273524 0.73395771 0.76920934 0.6019453  0.6713206  0.80456174
 0.59344255 0.68446385 0.55854968 0.44064074 0.66798213 0.55129078
 0.69328438 0.53118376 0.55513881 0.31674562 0.62665637 0.6686793
 0.50454887 0.63643191 0.48267486 0.7545593  0.6285256  0.42637684
 0.74520311 0.73701667 0.69592888 0.76193931 0.68311407 0.67610687
 0.66475036 0.58783272 0.06518082 0.53534537]","[ 0.82491012  0.51460396  0.60180723  0.4999684   0.65681945  0.43963407
  0.29032923  0.57075155  0.69542541  0.33212085  0.37019799  0.51767316
  0.72995274 -0.00809715  0.30931369  0.55397135  0.73441888  0.37555184
  0.54822392  0.40545931  0.17694723  0.45674705  0.67322589  0.7147931
  0.52137481  0.52703599  0.82318566  0.49503002  0.57822109  0.34012999
  0.49357253  0.59942045  0.28962837  0.69421311  0.61633456  0.71021001
  0.56864331  0.60523161  0.75093456  0.5556771  -0.16556275  0.52813527
  0.50875539  0.58307414  0.2333601   0.5775342   0.45700414  0.54759039
  0.42794288  0.61145039  0.48254602  0.67119918  0.35393434  0.70703354
  0.53902015  0.58531893  0.4669223   0.82650402  0.29877317  0.34066085
  0.2935077   0.63631242  0.80568497  0.75112705  0.66567142  0.76802015
  0.24343045  0.62720779  0.52958422  0.72105384  0.44522473  0.60339913
  0.59412286  0.53229191  0.57511172  0.37978819  0.67908021  0.64332997
  0.65120119  0.61550084  0.41811069  0.75171848  0.53008138  0.5331108
  0.64305738  0.57704456 -0.21739253  0.75977367  0.72934954  0.61674113
  0.65744146  0.60779761  0.05799384 -0.36648834]","[ 0.3311227   0.33263159  0.21032509  0.15355342  0.24847794 -0.23254751
  0.07920263  0.38400298 -0.29642653  0.49562491 -0.07904057  0.33518589
 -0.19796907  0.45557244 -0.02606644 -0.43103002 -0.08228946 -0.15538549
  0.56668636  0.15781326  0.05645319 -0.3081032  -0.14251363 -0.17205277
 -0.2123493  -0.312141   -0.19880329 -0.10170897  0.73045994  0.35262861
 -0.0104024  -0.00662223  0.27014959  0.3844938  -0.04272032  0.23193644
  0.47477701 -0.12210559 -0.26037587 -0.18504305  0.28032573  0.37907536
 -0.38963467  0.24013119 -0.36286205 -0.21404438 -0.08232926  0.05673676
 -0.07881256  0.29864547 -0.27709955  0.41964466 -0.20861528 -0.13535777
 -0.21959467  0.36401651  0.18845376  0.44573445  0.24150281  0.35295726
  0.5304688   0.2078401  -0.04110198  0.31189443 -0.13651381  0.29142099
 -0.03982368 -0.35107256  0.30418167  0.42042092  0.44507946 -0.04587474
  0.66473823  0.34526984  0.46362763  0.20015244  0.26863409  0.26201073
 -0.26590166  0.1953471  -0.18918449 -0.04914376  0.48588649  0.39409178
 -0.23111987  0.23666853 -0.45698109  0.13587999  0.30483975 -0.33803429
  0.35848541  0.10826715 -0.50998615  0.18246063]","[-0.35075924  0.41897017  0.52025361  0.7298687   0.82358812  0.72919043
  0.45938202  0.25445069 -0.26678578 -0.20991871 -0.27126698 -0.21675611
 -0.04119699  0.54808473  0.5071581  -0.43031436  0.70896384  0.74308393
  0.39881428  0.22161511  0.44914654 -0.52138555 -0.09943409 -0.49479507
  0.77789294  0.63145922  0.50704689  0.5833561   0.10915327  0.47866062
 -0.3182427   0.52178278  0.26859289  0.53467003  0.4013334   0.54282854
  0.35497442  0.46507567  0.17485793  0.19807749  0.51899972  0.45718024
  0.58643995  0.12400368  0.76433927  0.17120752  0.60162303  0.23825016
  0.53695476  0.34872789  0.07284383  0.7724045   0.44198576 -0.04098874
  0.70506991  0.48852128  0.10982183  0.4332816   0.45012959  0.29774653
 -0.04444188  0.68329721  0.2248291   0.71574183  0.73281306  0.12870556
  0.6743163   0.45393973 -0.07558305  0.65623771  0.68792812  0.53442481
  0.67965972  0.56674763  0.4902316   0.4358031   0.5452229   0.01708287
  0.64758529  0.68111292  0.50259765 -0.52765311  0.44164444  0.67022735
  0.28558463  0.35965655  0.15713226  0.65248518  0.17723908  0.32778756
  0.18308791  0.80054251  0.03983725  0.52124949]","[ 0.59335967 -0.01831984  0.45644585  0.48166881  0.56482768  0.45364585
  0.30892771  0.20905969  0.48927843 -0.48344202 -0.23106995  0.45693089
  0.11430564  0.20296371 -0.16839978 -0.43303783 -0.0722857   0.0342201
  0.37951806 -0.00569797  0.44557573 -0.38560856  0.11886688 -0.33335603
  0.74622696  0.27044211 -0.14687266  0.09792674  0.39666794  0.52862409
  0.45533944  0.54297032  0.52123101  0.38217054  0.34162389  0.55010598
 -0.03549384 -0.18100444  0.63549241  0.27603585  0.4598314  -0.4165441
 -0.37280814  0.47142639  0.21780204  0.42256654  0.58643044  0.38946001
  0.33603988  0.84145677 -0.00449665  0.80396584 -0.00505598 -0.13222042
  0.56912849  0.37036809 -0.18773381  0.39862425  0.56366686  0.37119662
  0.58486161  0.4772342   0.58442936  0.55858676  0.61915454  0.48438613
  0.49239095  0.21629486 -0.00954435  0.67152688  0.54897124  0.07381822
  0.69511017  0.58751989  0.51949493  0.42963207  0.40900977  0.62794645
  0.53455851 -0.129658    0.57629892  0.30523994  0.07531032  0.34238654
  0.69865432  0.41851737  0.08276227  0.85909162  0.54087517  0.22180509
  0.55394057  0.69423691 -0.21422339  0.02892486]","[ 0.25900703  0.28165271  0.24422     0.63997376  0.76668176  0.64793928
  0.11189129  0.72498094  0.33021657 -0.18852877 -0.03556669  0.05793084
  0.40562149  0.618089    0.42481762  0.3866496   0.79478558  0.58696616
  0.30292654 -0.01461104  0.38772648  0.54953208 -0.04714876 -0.13417979
  0.51530208  0.27819044  0.49723129  0.70631929  0.4495814   0.46269127
  0.62881743  0.34901274  0.40618123  0.39633566  0.28480996  0.16167411
  0.27038248  0.45924742  0.90330693  0.38254251  0.4337154  -0.14685986
  0.72149471  0.19493827 -0.38022577 -0.31697752  0.69852739  0.39095813
 -0.12500194  0.29941719 -0.3259948   0.75811045  0.37143566  0.2794184
 -0.13725097  0.72286862 -0.39397722  0.49557792  0.33569818  0.08980089
 -0.54179396  0.71298167  0.45519114  0.22468346  0.53775448  0.10301266
 -0.0068441   0.21188529  0.45806701  0.41260166  0.38302692  0.4806592
  0.61758925  0.36389613  0.26780672  0.41444445  0.57362818  0.78512594
  0.19865284  0.19832426  0.26544345  0.71678827  0.32798468  0.64716571
  0.40258894  0.15516438  0.5581195   0.46777985  0.54458781  0.16659958
 -0.06150276  0.6899698   0.37289489  0.3975969 ]","[ 0.50667815  0.56135556  0.46545948  0.6307821   0.67516268  0.45498849
  0.14001161  0.48700641 -0.12788061  0.02567139  0.11887501  0.37976986
  0.47213961  0.38810527  0.51941261 -0.41564964 -0.42021636  0.36639931
  0.70585536  0.41589154  0.43199499 -0.63851683  0.40654482  0.0115153
  0.51089725  0.49013023  0.59370908  0.35134822  0.19453489  0.55823385
  0.21432253  0.4947448   0.34952699  0.44742819  0.13278233  0.71040205
  0.09623977  0.3359919   0.3556543   0.06010093  0.21807349  0.33939629
  0.0612249   0.27834749 -0.56450554  0.33075964  0.58768606  0.31931386
 -0.17752829  0.81460218  0.56516113  0.76152401  0.39188365  0.31116359
  0.30788666  0.67359062 -0.33062769  0.65261115  0.44906923  0.0896013
  0.46002248  0.62866757  0.47827471  0.21615909  0.32798518  0.46604421
  0.63720231  0.22970453 -0.17827519  0.56316926  0.40975385  0.18330231
  0.37160341  0.32430274  0.61192195  0.52070667  0.38482629  0.50998438
 -0.45909184 -0.42941215  0.59856631 -0.38853486  0.54486582  0.27092088
  0.5916375  -0.22972636  0.09197709  0.69397206  0.37379807 -0.0326905
  0.46687227  0.7209294  -0.01681143  0.45558498]","[ 0.51729091  0.31336017  0.17254721  0.50950181  0.46796505  0.45277876
 -0.00784817  0.36860896 -0.14124555 -0.18844776  0.0875886   0.52021966
  0.67579027  0.36321768  0.33533445  0.05884576 -0.10756984  0.2885779
  0.50293547  0.243866    0.53635618 -0.24136436  0.14604791  0.46931265
  0.47862604 -0.36502752  0.44220777  0.02760211  0.46218603  0.42108771
  0.21652628  0.39470798  0.46676904  0.19817144  0.11667368  0.44300051
 -0.68778166  0.22521537  0.20177146 -0.43098419  0.11002983  0.15768694
  0.27585076  0.38891727  0.07652908  0.39912971 -0.12291365  0.28229684
 -0.52239622  0.75349707 -0.19098353  0.52157831  0.68331026 -0.22692658
 -0.2527273   0.70513452 -0.04690464  0.50404514  0.59255221  0.10206672
  0.26077006  0.35985572  0.66981729  0.48544483  0.49234715  0.3837747
  0.30825654  0.30494213  0.34160507  0.57926771  0.62654468  0.31755103
  0.32342559  0.29248301  0.07735998  0.46328151  0.57610085  0.62928593
 -0.19442004  0.34453382  0.2718879  -0.44301581  0.17684946  0.40538959
  0.49956608  0.36094377 -0.02000668  0.70872467  0.41912105  0.53876949
 -0.32009832  0.65610289  0.10009375 -0.25262718]","[ 0.45188914  0.64791205 -0.03010253  0.55886557  0.46955059  0.49606987
  0.50893139  0.31504038  0.13192117 -0.34477434  0.48284595  0.57221959
 -0.22651082  0.4505463   0.55296059 -0.17668132  0.56323567  0.7395141
  0.3765962  -0.1685811   0.39973957 -0.38585502  0.48879591  0.36373733
  0.72061519 -0.18227491  0.39600256  0.42937382  0.33198149  0.54714836
  0.51034633  0.46602084  0.61441017  0.3951807   0.37478638 -0.04982546
  0.49902713  0.01246296  0.71049063  0.14108295  0.51258616  0.36914649
  0.475859   -0.03114978  0.15141547  0.67687575  0.62328572  0.32102711
  0.22713761  0.563188    0.18806529  0.53815057  0.0349905   0.33571642
  0.46339033  0.71031007  0.01332513  0.60453968  0.44608556  0.39080353
  0.52932429  0.62940009  0.62438537 -0.26439021  0.28183641  0.63116055
  0.49873804 -0.02961661 -0.25652497  0.09652913  0.42488362 -0.2842491
  0.66866804  0.40563998  0.28749464  0.39917984  0.30754575  0.62691458
  0.61282509  0.08297801  0.47382356  0.4778287   0.22178173  0.56254806
  0.13704867  0.32928238  0.24901826  0.75216749  0.66147035  0.56142193
  0.72223875  0.73634907 -0.11969085 -0.32209228]","[ 0.21309878  0.3438127   0.70724131  0.67094615  0.81480205  0.59471553
  0.30687888  0.46380497  0.12004571 -0.26143633  0.45344046  0.53591454
  0.47745855  0.45893565  0.32072139  0.28557868  0.21130546  0.77481892
 -0.12516917  0.16372335  0.40362099  0.17568065  0.62217453 -0.09593993
  0.48497366  0.68361231  0.81200188  0.52175685  0.33132743  0.43870516
  0.30715331  0.7551699   0.58087386  0.31830286  0.36741652  0.52281879
  0.38309291  0.61627705  0.26182483  0.6001291   0.53201387  0.36322362
  0.29503363 -0.0053789   0.58331568  0.53700084  0.63149203  0.39067671
  0.69020222  0.76388935  0.52035027  0.78626151  0.60139355  0.09585714
  0.47312602  0.45495531  0.35968373  0.75895638  0.5118886   0.53387505
 -0.17823224  0.6978272  -0.08340473  0.57622085  0.82011393  0.59012445
  0.71340569  0.70286617 -0.27517764  0.65682968  0.47331304  0.30820844
  0.84608813  0.60052106  0.70144956  0.38300482  0.50154074  0.4794538
  0.22014128  0.42084869  0.6469684   0.00738898  0.46647292  0.5227127
  0.32152174  0.69207126  0.45870754  0.70505327  0.73600195  0.64321782
  0.68878389  0.75235117  0.40791895  0.78441071]","[ 0.57563418  0.28923079  0.12046284  0.56483823  0.52056153  0.00224514
 -0.20327492  0.62518669  0.53936944  0.04952066 -0.5019239   0.4658532
 -0.02591644  0.17943444 -0.26515384  0.39149847  0.39039134  0.47184072
 -0.01786087  0.23551799  0.26599087  0.13984665  0.40548622  0.33028937
  0.44728193  0.20566061  0.54971897  0.11393872  0.03508009  0.41554834
  0.4873026   0.35974581  0.36469411  0.43202834  0.11553587  0.71403716
  0.24739311 -0.20698832  0.42492332 -0.06075171 -0.17709147  0.38602916
  0.52916133  0.18060249 -0.27222046  0.55507328 -0.00080555  0.52383389
  0.48263364  0.66556486  0.50199445  0.51339485  0.16467597  0.23296308
  0.35934574  0.61149237  0.17278574  0.18424832  0.28004497  0.40194881
  0.42996855 -0.07660153  0.58445209  0.52244536  0.58482281  0.63865478
  0.05563071  0.50146478 -0.33405561  0.49044857  0.5401578  -0.10719341
  0.20922758  0.22635215  0.48412351 -0.23265517  0.41448383  0.66468587
  0.02428593  0.37424424  0.44323142  0.58509743  0.56977571  0.42272644
  0.61310649  0.36465342  0.20763208  0.63060949  0.34195754  0.41342433
  0.54436406  0.68550584 -0.32558514  0.14792681]","[ 0.39354187 -0.29846709  0.49889972  0.34760206  0.51138731  0.55625102
  0.53211754 -0.08698892  0.22437282 -0.2744706  -0.28585914  0.31340532
  0.04360175  0.12112223  0.25453327 -0.33010888  0.68296239  0.45518393
  0.31644401  0.42946775  0.36170396  0.01382251  0.40113585  0.23989824
  0.70203215 -0.19959106  0.31116623  0.19903478 -0.17092378  0.34511563
  0.39481905  0.2706442   0.52641275  0.3317076   0.38375823 -0.16486125
  0.35937792  0.63879344  0.11809349  0.48513737  0.34997164  0.04496434
  0.11721612 -0.18326522  0.73262069  0.67524439  0.62769537  0.54737616
  0.31091383  0.56079198 -0.47772396 -0.14355804 -0.39261014  0.07043256
  0.4120852   0.36429828  0.48018038 -0.3187879   0.40489213  0.37842315
  0.25243991  0.39095102  0.05999551 -0.13122642  0.7378548   0.15210232
  0.02709842  0.52964983  0.51612789  0.5245895   0.73337658  0.45764512
  0.766027    0.19583449  0.38101213 -0.00460156  0.41664514  0.33674123
  0.42221019  0.74304847  0.31951954  0.19508471  0.47840335  0.59286197
  0.36559447  0.047344   -0.1421588   0.4927579   0.72002775 -0.1981418
  0.32406216  0.60093452  0.41612503  0.00931246]","[ 0.44969167 -0.07053531  0.64510883  0.73514416  0.77667936  0.59064844
  0.39981878  0.47792645 -0.0854119  -0.01358489 -0.45462696  0.10628776
  0.04195858  0.13275386  0.3593006  -0.24546516  0.4997478   0.59892265
  0.63390979  0.13954589  0.23293633 -0.15720815  0.30660768  0.23703397
  0.67582157  0.38554956  0.1296487   0.46182512  0.20281661  0.59647324
  0.48523721  0.50054621  0.7425452   0.49406729  0.39847731 -0.40441116
  0.31669144  0.6951931   0.73962128 -0.31236886  0.27541076  0.34782691
  0.40656964 -0.07255845  0.59994136  0.45092419  0.67878652  0.53477865
  0.45791728  0.37778013 -0.29499404  0.44598357  0.35990564  0.00595234
  0.52869496  0.48877322  0.11932247  0.33691521  0.59539232 -0.10548035
  0.21242728  0.58187211  0.34393215  0.55979447  0.63501716  0.1289545
  0.5130213   0.5270221  -0.13392472  0.53452194  0.69721742  0.55933586
  0.8082004  -0.19446765  0.56224498  0.3413286   0.2458804   0.62194764
  0.40696499 -0.04901655  0.53968309  0.46954936  0.41125891  0.45268911
  0.51050745 -0.04492879  0.3042474   0.08752583  0.64698174  0.48435394
  0.41375234  0.60417329  0.53009272  0.48955046]","[-0.03768854  0.04456564  0.51972746  0.76499811  0.70625347  0.49172613
  0.01613417  0.67692893 -0.46692453 -0.49639723 -0.10455079  0.39544727
  0.57852715  0.42917226  0.32956656 -0.02628507  0.58869254  0.32452582
  0.42023253 -0.5877283   0.31320896 -0.40647253  0.54777221 -0.08365321
  0.2988038   0.26032051  0.65084796  0.64087719  0.37268772  0.30507146
 -0.35157009  0.51322632  0.50152665  0.25381812  0.30078061  0.11785203
  0.48678051  0.57728197  0.73376578 -0.31237664  0.47128532 -0.35943869
  0.06525057  0.07000858  0.06083786  0.36416018  0.711271    0.03896731
  0.19693717  0.24234584 -0.40464439  0.61282157 -0.22267961  0.16497453
  0.34160954  0.78821391 -0.31803644  0.33030103  0.40189347  0.0148721
  0.4220001   0.78238373  0.46132663  0.55735913  0.72462255  0.37347423
  0.39477943  0.51984788  0.05347982  0.52082127  0.28139568  0.07780932
  0.84235517  0.1187604   0.31142352  0.46071237  0.63140504  0.4505229
 -0.07716687  0.20133577  0.27254194 -0.12156669  0.29399309  0.20547654
  0.24905249  0.5773397   0.45659977  0.45693571  0.08572001 -0.25571079
  0.58964471  0.59485997  0.50213897  0.56173448]","[ 0.6081016  -0.52200779  0.2281722   0.64106985  0.79642982  0.60358722
  0.67454571 -0.14778465 -0.37097619  0.09844774  0.48144068  0.12627598
  0.20648437  0.02001091  0.05998457 -0.07069987  0.56857814  0.412881
  0.12549139  0.03754755  0.48916878  0.01529951  0.16330763  0.28522456
  0.76938446 -0.04608804 -0.03974246  0.29242469  0.00731339  0.41350989
 -0.22189406  0.35328565  0.53574801  0.60468716  0.48504132  0.5175134
  0.21621485  0.48151625 -0.23334723  0.14402619  0.59937254  0.57032806
  0.31759433  0.34953875  0.67153445  0.60484387  0.44697949  0.27026296
  0.56409146  0.40108976 -0.23583474  0.70621642  0.15055408  0.07924504
  0.62192923  0.4571362   0.35885574  0.39668197  0.21442374 -0.46638575
  0.55960527  0.66244476  0.59316645  0.64833003  0.5001762  -0.39589232
  0.52365336  0.34637632 -0.27878965  0.45706915  0.86213285  0.41408022
  0.54772453  0.41192199  0.83391634 -0.16631742  0.28701845  0.62648701
  0.55138828  0.50308569  0.59404136 -0.36043369  0.49009878  0.59713952
  0.21674054  0.17660554 -0.4938273   0.48766151  0.49281424 -0.24762291
  0.62276145  0.67331898  0.39236115 -0.24292314]","[ 0.71279892 -0.17820636  0.56349369  0.74205943  0.71900393  0.65873705
  0.67692236  0.23689248  0.36599746  0.33735454  0.28390674  0.66308172
  0.71451005  0.05817673 -0.459844   -0.36587889  0.7378787   0.45888893
  0.53735838  0.2690943   0.46320136 -0.10974553  0.40275026 -0.09518596
  0.80343478  0.33303842  0.04107353  0.48755272  0.41657111  0.5192478
  0.25740954  0.36620907  0.65996137  0.4325221   0.39473565  0.62666867
  0.43502582  0.60366992  0.43351683 -0.21111915  0.5324086   0.53827995
  0.00126372  0.30735965  0.58026428  0.50580113  0.46222346 -0.1814134
  0.43363968  0.70565838  0.03483592  0.82449342  0.30766345 -0.05944741
  0.66730538  0.5458986   0.19760961  0.29651186  0.44108326 -0.1918906
  0.47478478  0.4748809   0.52296513  0.20560778  0.58781413  0.08582092
  0.63349881  0.33701994 -0.42022058 -0.3564479   0.59387126  0.27305051
  0.63681261  0.65315224  0.64528405  0.16396711  0.58599585  0.38613744
  0.66869087  0.09851335  0.5374906  -0.04257653  0.51217111  0.23172076
 -0.02205042 -0.39487181  0.37366619  0.67678137  0.35851305 -0.09161462
  0.74568768  0.46598968  0.44875375 -0.14126693]","[ 0.61591212  0.53988843  0.78937722  0.7397538   0.74532443  0.69459313
  0.61707949  0.46390424 -0.19246864  0.02741504  0.55019767  0.41574525
  0.05434893  0.46466371  0.02671254 -0.43818693  0.82293686  0.32943616
  0.30600746 -0.13055114  0.51486199 -0.27715379  0.4612266   0.20313026
 -0.28814242 -0.17520662 -0.16099303  0.65638728  0.27849219  0.61021256
  0.20660935  0.44590862  0.63608192  0.57650857  0.34936556  0.69809744
 -0.16733062  0.35680926  0.7002262   0.36428297  0.50024359  0.62582036
  0.53773097  0.31204647  0.73242234  0.62274177  0.71844346  0.65979421
  0.66748925 -0.04154066  0.60166913  0.72681731  0.68296298  0.5891687
  0.36464736  0.68589371  0.27858199  0.62923068  0.53331455  0.47084936
  0.42352713  0.56695294  0.55054104  0.28760184  0.7518806   0.61590796
  0.61887354 -0.15553514 -0.22306681  0.55774434  0.71233914  0.55963952
  0.58585929  0.42676753  0.65172849 -0.12915464  0.57640532 -0.50162317
  0.42570648  0.47069341  0.66008346 -0.26012689  0.3302637   0.71265034
  0.83426838  0.42651686  0.3055887   0.57123399  0.61771321  0.52038428
  0.49928812  0.7298094   0.45194394  0.43747049]","[-0.10832951  0.35768295  0.47438134  0.56783749  0.75844071 -0.22192142
  0.5010596   0.39410058  0.00738843  0.17717598  0.53924352 -0.05282963
  0.33191617  0.47419626  0.41358213 -0.48556351  0.68536902  0.57240337
  0.24628193  0.457835    0.38277542 -0.11807044  0.46060324  0.19403685
  0.09434489  0.60472722  0.26186807  0.54792262  0.21825175 -0.25979634
  0.21088713  0.43840446  0.63163426  0.39121504  0.44528223  0.15224771
  0.35484719  0.59161961  0.26760068  0.18236336  0.41882514  0.30096577
  0.59854591 -0.087215    0.7335866   0.69600035  0.61340673 -0.08090152
  0.60904847 -0.69277679 -0.12592584  0.52029994  0.41503677  0.54393744
  0.62644582  0.60645914 -0.22089801  0.53220145 -0.09503406  0.4191277
  0.31937508  0.54270921  0.41496507  0.63379149  0.61544572  0.43657299
  0.42660744  0.72288834 -0.10276598  0.52437243  0.60294367  0.66618174
  0.74381828  0.2193448   0.39994394 -0.00400528  0.38584831  0.1428992
  0.12685544  0.51698152  0.37912308  0.44911486  0.52543985  0.46421842
 -0.22252655 -0.13749603 -0.03561157  0.42800499  0.55524064  0.47464944
  0.69873192  0.72680769  0.07488246 -0.45514608]","[ 0.56589595 -0.05475467 -0.10157557  0.34393852  0.64658092  0.31454089
  0.71548491  0.53272371  0.26204907 -0.05041409  0.46668071  0.46269748
  0.38692189 -0.11403092  0.1938217  -0.49142877  0.5198908  -0.07175253
  0.18400727  0.14965764  0.38126417  0.21133747  0.31241766  0.33674011
  0.43805897  0.0470076   0.52558855  0.11693817  0.32953149 -0.50095837
  0.02298653  0.27042482  0.61161126 -0.04187933  0.27475439  0.48722817
  0.32636635  0.64468721 -0.08785451  0.27937801  0.50248433  0.04380579
  0.49944189  0.19449512  0.79475732  0.51716236  0.38956518  0.20041587
  0.37949002  0.17213251  0.02919177  0.64280311  0.37274026  0.36508335
  0.36939364  0.53475607  0.14359249  0.49889467  0.30811462 -0.35973232
  0.28865752  0.53546593  0.50843364 -0.22706681  0.37706593 -0.16183431
  0.31278882  0.42262009  0.08364291 -0.2735077   0.61154647  0.49051492
  0.42811385  0.34704834  0.2249707  -0.14960404  0.41460954 -0.04055501
  0.54170935  0.33537117 -0.07126275  0.2471173   0.40156444 -0.3425302
  0.21413751  0.67272985 -0.09715271 -0.11730612  0.41484533  0.41626967
  0.47941647  0.44801493  0.08256403  0.19746289]","[ 0.43724776  0.43768247  0.31581159  0.6560677   0.81582744  0.74916063
  0.72271012  0.06667472  0.24079733  0.39886723  0.63789818  0.4710542
  0.43598828  0.42261467  0.56853992 -0.36681555  0.80484248  0.38411845
 -0.10062039  0.28806875  0.61405027 -0.09242418  0.48516022  0.45014091
  0.73190901  0.48185635 -0.23427689  0.63815016  0.53348969  0.51325592
  0.26484911  0.5896059   0.72904815  0.48996734  0.25942218  0.62715402
  0.18802579  0.7350188   0.62374505  0.48358402  0.48123281  0.54137859
  0.42139467  0.04335524  0.87434027  0.61082288  0.73152233  0.48771927
  0.44987564  0.10769597  0.57615044  0.62956076  0.55451735  0.5977656
  0.6267993   0.48603837  0.54317158  0.43079796  0.48148268  0.25531087
  0.21525971  0.60488027  0.33591517  0.69426075  0.68427893  0.09734513
  0.43229964  0.59218776 -0.11942353  0.68949584  0.62789443  0.5106501
  0.81291335  0.34998468  0.56200361  0.41945909  0.6528817   0.39746604
  0.60673468  0.35648594  0.50257812  0.10122214  0.48764249  0.60181123
  0.41651997  0.39645259  0.54129489  0.69665538  0.38355067  0.43203328
  0.7098409   0.77219307 -0.04939197  0.61276313]","[ 0.78875404  0.39839046  0.34676838  0.43058571  0.47978796  0.13678397
  0.43811207  0.59173386  0.43731217  0.60569497 -0.03098616  0.64568251
  0.70607373 -0.47180945  0.52988288  0.57634183  0.67441696  0.27136659
  0.21482961  0.57498739  0.32451027  0.5255225   0.38143301  0.60007179
  0.53872706  0.33959283  0.766077    0.4023632   0.54839939  0.50973384
  0.73910149  0.59246235 -0.2309151   0.68063623  0.49445093  0.63622901
  0.53427421  0.56042363  0.59501658  0.52284026  0.49189169  0.29612684
  0.7061965   0.43898934 -0.39287817  0.58561656  0.66010341  0.40495316
  0.14344849  0.68359077  0.73394973  0.67014373  0.35131752  0.35936203
 -0.30727849  0.7834155   0.42457483  0.79983092  0.45157596  0.36451446
  0.55583752  0.71846528  0.8113355   0.64469165  0.74685791  0.78503613
  0.59924422  0.65636646  0.49808743  0.49952503  0.28561332  0.48887241
  0.48297491  0.35955281  0.60898663  0.05206048  0.25271865  0.52963594
  0.55687604 -0.4630252  -0.13584242  0.61792695  0.51329798  0.32878107
  0.50473068  0.38075648 -0.43574423  0.3330042   0.72146006  0.58960091
  0.55888202  0.18677308  0.12651925  0.60166323]","[ 0.33977768 -0.02221504 -0.24967684  0.35519914  0.41770989  0.21626073
  0.05137577  0.24113608 -0.22914953  0.13525257  0.15119561  0.2831711
  0.16197725  0.51346334 -0.06131776 -0.0814572   0.50508194  0.26379137
 -0.2407004   0.20052898  0.12132904 -0.2663939  -0.2128887  -0.02053345
  0.27961148  0.19503522  0.32877706  0.06244675  0.38549438  0.02682105
 -0.52492144  0.58008287 -0.16307901  0.04047607 -0.21862505  0.38082026
  0.33619558  0.00930976 -0.1994694  -0.45684098  0.4766996   0.31675464
  0.52886717  0.2271968   0.40451569  0.42638757  0.16478366  0.21704604
  0.35711618  0.61937509 -0.2243848   0.39670238  0.22427659 -0.40728924
  0.32602927  0.56953207  0.24034956  0.47394897  0.5567983   0.23703028
  0.47379966  0.25738839  0.39739674  0.04959608  0.484945    0.51293657
  0.16959508 -0.04990714  0.06209236  0.39498131  0.64310562  0.51455383
  0.61118687  0.21189343  0.17209452  0.2453077   0.06660659  0.49131047
  0.39403465  0.30466024  0.32810132 -0.23619822  0.6050051   0.21853445
  0.07715504  0.29592348  0.10296911  0.09445469  0.4525082  -0.12266039
  0.25936623  0.76121961 -0.57621193 -0.1657251 ]","[ 0.67847487  0.07191022 -0.02796386 -0.60673009 -0.22529328  0.00086943
  0.2442948   0.6936161   0.5290806  -0.39255735  0.03714774  0.45489055
  0.55227751  0.29067025  0.42003039  0.70046243  0.09223902  0.5009121
 -0.20621676  0.60936571  0.53240997  0.46346497  0.46217666 -0.00255026
  0.57479501  0.49310986  0.52642034  0.47040066  0.09346016  0.03365753
  0.63024646 -0.35144657  0.00853063  0.47413773  0.16551302  0.42728565
  0.38978108  0.6112046   0.67493208  0.62338805  0.69153681 -0.53478547
  0.45688703  0.42195768  0.59307384  0.24082301 -0.18720971 -0.12880862
  0.34988975  0.7477526   0.44975063  0.40317345  0.42723996  0.26008438
  0.33959105  0.76180435 -0.10275219  0.81163382  0.19988254  0.67544915
  0.35789635  0.63074107  0.66870309  0.6435061  -0.28301972  0.28374919
  0.42125882  0.7403497   0.64668635  0.58519591  0.30074348  0.44009
  0.38895486  0.48534394  0.45756726  0.42658581 -0.05338942  0.68995656
 -0.04089743  0.40863115 -0.21704439  0.70094332  0.39448444  0.4856131
  0.49487256 -0.47329599  0.28433345  0.72426591  0.65010191  0.55535351
 -0.04787554 -0.41302136  0.1430384   0.61085363]","[ 6.21517237e-01  3.90224339e-01  5.36433236e-01  7.16081121e-01
  6.34343939e-01  6.45989024e-01  7.34425991e-01 -5.74713195e-02
 -2.70711056e-01 -3.40278970e-01  5.32613827e-02  3.66117819e-01
 -5.78866505e-02  6.05637515e-01  7.20077198e-01 -4.08517124e-02
  5.00694488e-01 -4.78072556e-01  3.78602255e-01  3.49488666e-02
  5.97202755e-01  1.53780401e-01  5.57710139e-01  3.55490113e-01
  3.76184840e-01 -7.67001842e-02  1.48925850e-01  5.01713631e-01
  6.09469760e-01  5.20692396e-01 -9.25163093e-02  5.93281957e-01
  6.91784814e-01  3.90650708e-01  7.05147195e-02  3.44900133e-01
  2.38234862e-01  4.82920892e-01  4.58220428e-01  3.73791363e-01
  3.16416531e-01  2.40676293e-01  4.19057294e-01  1.42619386e-01
  7.88223507e-01  7.35626110e-01  1.80947994e-01  7.09284178e-01
  2.19555043e-01  2.13597624e-01  3.69879981e-01  7.14033838e-01
  4.49134463e-04  6.66179774e-01 -8.85090174e-03  7.01161456e-01
  4.56084335e-02  2.33873829e-01  3.38686723e-01  4.63272215e-01
  5.61486016e-01  3.77108258e-01  4.93865515e-01  4.87649489e-01
  5.93853661e-01  2.68407161e-01  4.75216405e-01  4.67676527e-01
 -1.38681575e-01  3.79528093e-01  7.43120403e-01  5.04326562e-01
  6.34186796e-01  4.25379256e-01  5.45581014e-01  4.16891740e-01
  4.79524195e-01  3.21972920e-02  4.02539736e-01  6.21183315e-01
  5.12342544e-01 -5.25123390e-01  4.51303931e-01  5.57633484e-01
  4.25292931e-01 -4.33952584e-01  6.95674281e-01  5.16767727e-01
  7.18791914e-01  3.54566249e-01  4.53309817e-01  4.63428629e-01
  2.85583844e-01  2.70417098e-01]","[ 0.76739165 -0.03054408  0.66395273 -0.23048068 -0.05939975  0.26132856
  0.52368832  0.59423952  0.59394165 -0.16049118 -0.58101485  0.15830751
  0.49836298  0.17943264  0.65240046  0.76026158  0.47682539  0.37027255
  0.31425749  0.31020777  0.50681402  0.66443186  0.15825228  0.39944005
  0.39899895 -0.23929268 -0.12856155  0.411355    0.30934619  0.35448471
  0.55202871  0.25380528  0.50992543  0.01753437 -0.15722782  0.48375008
  0.68046697 -0.28844811  0.72443997  0.66113142 -0.17938786  0.75942507
  0.58016851  0.42266354  0.66124376  0.33147514 -0.36409472  0.44156064
  0.5714289   0.31529263 -0.59300603 -0.39498794  0.6850225  -0.33684229
  0.65517796  0.6116663   0.49374249  0.7402071   0.48121238 -0.4165223
  0.06984574  0.52876385  0.58207918  0.60617478 -0.08412154  0.6880572
 -0.26652593  0.51509414  0.56116342 -0.57192298  0.75247192  0.39716877
  0.48385934 -0.26575757  0.80722193  0.7816525   0.47080059  0.46209918
 -0.18762369  0.44349439 -0.00116482  0.5636801   0.50438089  0.49900249
  0.77527699  0.54784183  0.63564666  0.88955948  0.49422205  0.29132059
  0.06333121  0.02368987  0.1147329   0.48169745]","[ 4.85936765e-01  5.55529631e-01  3.56266343e-01  4.52993603e-04
  5.37248902e-01  2.43693544e-01  2.42010571e-01  3.98035362e-01
  3.86163588e-01 -2.86517622e-01  3.07534793e-01  2.21435645e-01
  1.50056264e-01 -1.21998907e-01  4.86607225e-02  4.68666967e-01
 -1.05647972e-02  4.81886020e-01  3.43116123e-01  5.40988360e-01
  4.27643493e-01 -6.05343966e-02  1.07987235e-01  5.87573779e-01
  4.02223225e-01  2.87598640e-01 -4.25258976e-01  1.03758569e-01
  2.62689238e-01  5.13492076e-01  4.45515403e-01  2.78507308e-01
  2.29058595e-01 -6.67634230e-02  3.07704533e-01  4.99215120e-01
  9.34601885e-02  3.99294393e-01  3.21760863e-01  3.20815213e-01
  3.45618650e-01  5.20284727e-01  4.99684124e-01  5.96632830e-01
  7.29835352e-01  5.13581084e-01 -2.75369450e-01  5.52418809e-01
  6.25951948e-01  7.81568397e-01  5.86724035e-01  5.06502806e-01
  4.29091370e-01 -4.12214562e-02  3.93412550e-01  6.11307065e-01
  5.05279629e-01  1.70733998e-01  4.48263893e-01  3.54462943e-01
  5.04832985e-01  2.54979730e-01  5.81655342e-01  5.65524736e-02
  6.61478903e-01  4.88842424e-01  5.23739263e-01 -3.70354393e-01
  3.66674242e-01  3.72015221e-01  7.10087538e-01  5.43548349e-01
  2.92321128e-01  5.37063975e-01  4.28642977e-01  5.90397594e-01
  3.98238179e-01  8.16622114e-01 -1.96028029e-01 -9.47672424e-02
  5.73259522e-01  5.79571470e-01  4.94125340e-01  3.12711346e-01
  8.04001797e-01  5.44567350e-01 -1.19195246e-01  7.92830501e-01
  1.50514219e-01  6.25506497e-03  5.49113797e-01 -4.95180795e-01
  1.45793595e-02 -2.60084638e-01]","[ 0.52922181  0.51086082  0.10227443  0.49124309  0.18126296  0.42484008
 -0.16240312  0.21997424  0.64623389  0.24107979  0.60372987  0.52972656
  0.54142811  0.40940498  0.07278055  0.60444079  0.45985117  0.29819896
  0.13009785  0.45281154  0.11663858  0.34782995  0.38642968  0.53621988
  0.48562775 -0.41481268 -0.04500868  0.03545393  0.57497477  0.5274099
  0.71043384 -0.10614456  0.20841621  0.51997962  0.64147351  0.69088178
  0.53382638  0.54270651  0.45763335  0.27103734  0.2703717   0.74361669
  0.62815362  0.67798364  0.74660927  0.57419258  0.48407425  0.55096382
  0.55790974  0.65289111  0.60197729  0.60368423  0.58086611 -0.23002504
  0.66198872  0.62052235  0.58337436  0.47262407  0.43975824  0.60488612
  0.54131629  0.64280512  0.55198152  0.55778184  0.31344982  0.61041875
 -0.16842394  0.4415544  -0.0078505   0.32479386  0.70078582 -0.05340295
  0.43579022  0.35011533  0.54964218  0.33064926  0.53439343  0.7529184
 -0.2669711   0.05781464  0.53394332  0.74137689  0.74464548  0.24372744
  0.80176378  0.36657189  0.44520582  0.72911257  0.52959138 -0.25742398
  0.6292666   0.43819348  0.2497361   0.71082967]","[-0.3181987   0.10374307 -0.16664069  0.34963377  0.55519382 -0.46110004
  0.47572257  0.50133481  0.45626694 -0.10284767 -0.39153676  0.54900818
 -0.16720641  0.39451989  0.56415792  0.59548026  0.49032409 -0.23031485
  0.21272475  0.13868889  0.15525259  0.2230364   0.4770374   0.30315619
 -0.14020772 -0.10339496  0.26138739  0.51160418  0.01586725  0.18142808
  0.6254391   0.19543205  0.29606651  0.06904666  0.19113902  0.72368618
  0.67183323  0.30907111  0.72000701  0.34095893  0.02579598  0.10059735
  0.58814652  0.4357173   0.56821752  0.53742258  0.41009087 -0.01047885
 -0.00714763  0.3429312   0.49783541  0.46218665  0.43942924  0.23599956
  0.36741209  0.48639941 -0.37667617 -0.27599297 -0.1517261   0.03344997
  0.41410387  0.27682277  0.40286155 -0.11771685  0.58180353  0.45659902
  0.08397152 -0.31439131 -0.22020866 -0.18048836  0.38749667 -0.30063576
  0.27973611  0.14726838 -0.3781823   0.11447219  0.40898062  0.58214611
 -0.3991312   0.55163186  0.30789826  0.50611586  0.08028928  0.21721819
 -0.02279261  0.60969009  0.47860442  0.52421004  0.77295048 -0.31549993
  0.51098316 -0.13435069  0.20881634  0.28964943]","[ 0.78323033 -0.36977491  0.75331817  0.28260814  0.49755731  0.31593028
 -0.28221537  0.38821881  0.36107787 -0.39918718  0.02104202 -0.12201334
  0.75878917 -0.14211106  0.60084581  0.52245076 -0.21882613  0.29143932
  0.53891947  0.51574856  0.30127447  0.47221248 -0.22443909  0.38089468
 -0.10340644  0.12580529  0.77438503  0.39304983  0.31243411  0.41762489
  0.74899367  0.30277234 -0.0998868  -0.02839945  0.51391981  0.26886337
 -0.28354504  0.29712188  0.52828925  0.55042287  0.30827553  0.64570147
  0.40564953  0.37107152  0.71387199  0.03835843 -0.33045591  0.41533362
  0.58871321  0.80170055  0.51527368  0.26602844  0.72219726  0.39620981
  0.20601906  0.69456278  0.32507685  0.73886376  0.27999395  0.33162729
  0.59875457  0.32078524  0.64003832  0.5627804   0.40841299  0.67634251
  0.34349251  0.54698855  0.57488032  0.30545322  0.50604589  0.19146867
 -0.08835843  0.35344669  0.04331562  0.51944329  0.57511479  0.83377896
 -0.51142766  0.42382299 -0.13168806  0.59598058  0.45720299  0.43154912
  0.56692963 -0.63574346 -0.5437791   0.87922465  0.59466687  0.57363373
  0.39198001  0.32006236 -0.07854696  0.61662699]","[ 0.52538163  0.34502049  0.63149409  0.39626422  0.63699438  0.44099254
  0.31324716  0.26753999 -0.46257543 -0.17137093 -0.0409685  -0.06854749
  0.35614831  0.37879349  0.5766327  -0.41384039  0.49828885  0.61835317
  0.48562631  0.28462721  0.51008265  0.18636123 -0.08710548 -0.37606815
  0.81039515 -0.02064625  0.0351447   0.17869798 -0.06801196  0.35929752
 -0.31727281  0.33805344  0.47650442  0.38340587  0.28061126  0.44280114
  0.16295745  0.48581014  0.09120206  0.34610912  0.27709121 -0.2022545
  0.60603713  0.28425582  0.73839009  0.39646652  0.40699219  0.26121981
  0.24746003 -0.37518234 -0.2893101   0.24999771 -0.32752125  0.29769866
 -0.09400754  0.53186314  0.19867087  0.06201408 -0.21010511  0.19599597
  0.15294677  0.28366038  0.25127248  0.3602833   0.54788572  0.29777213
  0.2702544   0.45117411 -0.17083759  0.33442106  0.27365233  0.48446025
  0.40877038  0.35382276  0.31303025  0.11544378 -0.4095731  -0.37255958
  0.49496626  0.76738284  0.44857598 -0.45113815  0.39677631  0.49193432
  0.52569168 -0.03932357 -0.24673288  0.67952977  0.3435929   0.52395677
  0.33139185  0.38117021 -0.27894304  0.21367584]","[-0.23388333  0.52181318  0.69858428  0.36110408  0.57459979  0.05964951
  0.58357796  0.18360774  0.15722266 -0.00782516  0.34053181  0.09014119
  0.39127178  0.31657279  0.55786827 -0.20021764  0.62239093  0.20241568
  0.38543481 -0.14889318  0.28712337 -0.24358866  0.30514038  0.4441281
  0.40374516 -0.20566144  0.37371997  0.17310699 -0.11735849  0.05166509
 -0.24778496 -0.27168016  0.0206671   0.00349656  0.36193964  0.35138953
  0.20296542  0.21899815 -0.2630868   0.48638971  0.16631957 -0.26463894
  0.54243881  0.08854592  0.55680116  0.37433299  0.28334031  0.26204461
  0.22036171 -0.00738741  0.38140367  0.43514286  0.17430013 -0.26838507
  0.15567672  0.39000555  0.07165787  0.34828099  0.32825365  0.13339316
  0.29608015 -0.2011614   0.39635698  0.43124319 -0.10092379  0.59274843
  0.41552261  0.35009647 -0.08767471 -0.04856896 -0.51776699  0.54658814
  0.6044682  -0.21072922  0.34004278 -0.29047312  0.38960258 -0.36696127
  0.44821872  0.6463536   0.22026019  0.22708693  0.49057904  0.08746824
  0.18342282  0.63337484 -0.22804387 -0.37802054  0.62916932  0.32524776
  0.53371562  0.45593375 -0.10320617 -0.22559099]","[ 6.15477444e-01 -1.18006580e-01  3.73122526e-01 -3.40090365e-01
  3.55138094e-01  4.40522188e-01  4.80909599e-02  2.05373794e-01
  4.99431450e-01 -1.67495714e-01  1.78264922e-01  5.21949061e-01
  6.37113961e-01 -2.58574320e-01  5.07610187e-01 -2.89638507e-01
  2.91206348e-01  4.14999168e-01  1.90295621e-01  3.19870545e-01
  4.93177249e-01  4.10551854e-02  1.12590281e-01 -1.59014431e-01
 -6.04083728e-01 -2.11774813e-01  8.17127438e-01  1.96607477e-01
  1.42532886e-01  2.74043246e-01  7.35367201e-01  3.26180312e-01
  4.35235329e-01  5.19716653e-01 -1.06580558e-02  6.73821121e-01
  1.94916229e-01  4.26175212e-01  4.62790152e-01  6.63819711e-01
  4.34559089e-01  6.87324231e-02 -2.68254035e-02  1.76487115e-01
 -9.94348278e-02  2.98289586e-01  3.93125640e-01  1.10886018e-02
 -3.74957226e-01  5.90986006e-01  3.86481828e-01 -1.32967932e-01
  4.32236243e-01 -2.11955368e-01  9.88566328e-02  5.32360824e-01
 -6.00358829e-04  6.21116179e-01  1.69513782e-01  3.62854589e-01
 -2.37382258e-01  5.30679851e-01  6.26728304e-01  2.82793514e-01
  2.42402215e-01  4.26251039e-01  2.49459749e-01  3.89425485e-01
  2.51067808e-01  4.28597609e-01  3.69332049e-01  4.51529027e-01
  3.24771752e-01  2.51350997e-01  2.88384636e-01  2.61527775e-01
  7.80805791e-02  4.38827141e-01  2.01405138e-01  4.31472253e-01
  3.44455536e-01  6.47405469e-01  2.64309111e-01  5.86507059e-01
  2.85779745e-01  4.33998020e-01 -3.80397398e-01  4.31426479e-01
  5.91530836e-01  3.48265643e-01  4.46008995e-01  1.38815373e-01
  5.28167929e-01  1.66049192e-01]","[ 0.43152858  0.12031035  0.20582487 -0.04873251  0.3284336   0.25443575
  0.20549461  0.69759185  0.356319    0.44654781 -0.33197874  0.60484056
  0.28346692 -0.5635305   0.55771309  0.26445423  0.36531354  0.15659853
 -0.02054052  0.40383076  0.38590967  0.14331909  0.08575252  0.07821612
  0.60865136 -0.05392193  0.75696732  0.64492737  0.44670573  0.31812362
  0.25538991  0.17138493  0.17052446  0.27596018 -0.19864344  0.56475549
  0.49908238 -0.03207908  0.58008768  0.47943943  0.22416054  0.21902375
  0.10898561  0.07387718 -0.27297765 -0.32300384  0.38994953  0.1372917
 -0.21344819  0.47765433 -0.13922754  0.0037506   0.59121433 -0.34720395
  0.35014918  0.6090625  -0.53867359  0.3495301   0.05927858  0.43764027
  0.48352064  0.49741473  0.55590934  0.45600195  0.08834288  0.59012228
  0.45376246  0.23938271  0.50640867 -0.11610668  0.25704247 -0.32918736
  0.61936988  0.31319555  0.3984444   0.11723106 -0.22183053  0.66656439
  0.05533     0.17703519 -0.24610605  0.56920198  0.38563598  0.15559384
  0.30579739 -0.54214311  0.23997456 -0.17165602  0.34321489  0.3773092
  0.16303921 -0.04915551 -0.15789305  0.74468882]","[ 0.79400037 -0.03141644  0.49683163  0.34684991 -0.07914324 -0.21434573
 -0.13013199  0.60077682  0.56606875  0.36647208 -0.33678623  0.55760039
  0.73641726  0.23458897  0.62690395  0.59707862  0.57255077  0.7211654
  0.33002035  0.57776187  0.27763578  0.56213243 -0.03315583  0.50908858
  0.62271538  0.44712413  0.85375966  0.28921065  0.35878081  0.22348471
  0.71121731  0.56274637  0.07634498  0.59790085  0.09877223  0.4524855
  0.03191861  0.86882462  0.70856573  0.46699062  0.73062841  0.25296382
  0.64330265  0.47480369  0.85709768  0.20894242 -0.44989164  0.248262
 -0.0953717   0.72189664  0.59383516  0.66142409  0.72191518  0.45504841
  0.66259244  0.70601583 -0.11590364  0.7762833   0.27484038  0.61440539
  0.47829455  0.43558599  0.67404908  0.67193083  0.51494289  0.57590165
  0.58534372  0.74397687  0.71785039  0.12508662  0.48802075  0.51173591
  0.5096287   0.57842814  0.32430595  0.47515494  0.27134909  0.70599543
  0.23960204  0.63547433 -0.24516018  0.64223608  0.49712128  0.58944746
  0.7558011  -0.59754372  0.15038104 -0.29869917  0.79780149  0.63086534
  0.6176227  -0.16708953  0.07920882  0.7120157 ]","[ 0.66546574  0.28502417 -0.1567292   0.66126343  0.67857158  0.78629769
  0.79958463  0.60421865  0.04946429  0.04999895  0.5172708   0.7749259
  0.28684952  0.44479044  0.37876252  0.0408822   0.80141392 -0.06649939
 -0.33583271  0.33686358  0.5749046  -0.02289086  0.64599952 -0.06956771
 -0.42213245  0.44168119 -0.06652709  0.7208621   0.01670148  0.52927394
  0.55409754  0.2809367   0.53245369  0.49271838  0.43218755  0.68778056
  0.39539769  0.8046627   0.72729085 -0.21335235  0.43474127 -0.10481962
  0.59382633  0.45446786  0.58917383  0.40709063  0.52289856  0.5704902
  0.24353315  0.46262363 -0.04626647  0.4759935  -0.18163591  0.64537791
  0.29826564  0.64762882  0.00959972  0.41133112  0.39032819  0.06774025
  0.49577506  0.40033985  0.287551    0.50861364  0.51520149  0.60511773
 -0.16227726  0.34912649  0.33366631  0.60818801  0.62732852  0.52031958
  0.70613243  0.23184762  0.72319644 -0.09272706  0.72600166  0.60931387
  0.36646802  0.4390649   0.6189696   0.30984108  0.1205078   0.32108425
  0.77751703 -0.35068271  0.47255634  0.52574299  0.60499414  0.45703358
 -0.06531121  0.37266826  0.40800159  0.61699759]","[ 0.62836853 -0.02862478  0.54359736  0.23153791  0.49257244  0.65659831
  0.54381702  0.3222557   0.66995247 -0.11408738  0.47670968 -0.14242305
  0.61326995 -0.02823902  0.71202888  0.59928033  0.29640032 -0.29549806
  0.42269202  0.48402343  0.58354343  0.21636049  0.30452122 -0.00606511
  0.14460671 -0.18207896  0.58378361  0.43738688  0.41863281  0.15530975
  0.85021242  0.23527015  0.4610836   0.56499652 -0.05677075  0.73486433
  0.72611728  0.21817     0.53479366  0.51505704  0.19287379  0.57650824
  0.47814598  0.37610913  0.19547353  0.15446572 -0.23779802  0.08641145
  0.16451751  0.4822763  -0.02943188  0.50914411  0.02935108  0.47895015
  0.45197412  0.7014143   0.24340678  0.62521639  0.29147706 -0.35627428
  0.67025502  0.38119852  0.72728769  0.62607306  0.62288391  0.73453941
  0.37928278  0.55080686 -0.14505955 -0.21457412  0.79403549 -0.2876213
  0.53785627  0.52791031  0.14832627  0.44225129  0.34211322  0.51773248
  0.31714185  0.33420752 -0.21884951  0.43315559  0.29363366  0.52157069
  0.54901866  0.64744099  0.43526941  0.65558484  0.78454688  0.58995736
  0.53032808  0.28101264 -0.28121021  0.48435824]","[ 0.75357165  0.56052443  0.56474982  0.48307813  0.69358708  0.64452642
  0.70448765  0.46272765  0.38939048 -0.22799344  0.53949931  0.48246693
  0.01394276  0.46653774  0.64211618 -0.02850765  0.73098092 -0.4434345
 -0.1360301   0.12977294  0.67423177 -0.08303726 -0.07507169  0.02824198
  0.34011176  0.11390174  0.72524742  0.62258551  0.22180922 -0.38532742
  0.62222012  0.38212821  0.54941667  0.64138864 -0.06237374 -0.16582757
  0.61713433  0.05367626  0.43517859  0.63275199  0.39366537 -0.04652075
  0.75176525  0.36371638 -0.1399855   0.39453504  0.36828835  0.16453605
 -0.18279401  0.31896874  0.39893011  0.43497603  0.16520681  0.42486835
  0.49269112  0.66803286  0.51506071  0.05820619  0.49679357 -0.38811314
  0.17201936  0.06384989  0.7260866   0.51975481  0.5302739   0.63373328
  0.45146732  0.53438089  0.2738493   0.32087289  0.2258293  -0.30023413
  0.48204339  0.34454577  0.78616917 -0.15625034  0.36823161  0.38645013
  0.15145282  0.30854395  0.23431573  0.38890335  0.35710236  0.29664294
  0.46210609  0.76398067  0.52641731  0.24938232  0.62330541  0.44029429
  0.35309707  0.38115881  0.38101041  0.64268742]","[ 0.64065794  0.41560665  0.57735595  0.35303798  0.5835641   0.62457312
  0.63587909  0.12647425 -0.34525755  0.10175863  0.53973416 -0.18410416
 -0.28603522  0.41155732  0.6731564  -0.22781578  0.08840031 -0.45186714
 -0.19032403  0.43265151  0.49641047 -0.1642846   0.30898221  0.04140305
  0.3020047   0.05715648 -0.05260129  0.510751    0.17083411 -0.15635096
  0.3552831   0.31785822  0.53857596 -0.02410033  0.18630602 -0.44658098
  0.6030143  -0.24674312  0.29956877  0.2575166  -0.04665464 -0.02748719
 -0.21580777  0.26373071  0.46068937  0.1739136   0.43537877  0.39944118
  0.47322668  0.44146732  0.4491884   0.33506554 -0.10142498 -0.09658844
  0.63172439  0.52529957  0.37968818 -0.08255101  0.44198693  0.01007498
 -0.2883972  -0.02681868  0.72146345 -0.2271197   0.57325813  0.45809589
 -0.29986982  0.39203355  0.15643404  0.57040967  0.1709148  -0.30217781
  0.26776381 -0.14846928  0.56991596 -0.07152569  0.31941273  0.30106487
  0.29526     0.28878304  0.29118954  0.27248483  0.34800184  0.4133661
 -0.25320936  0.83931285  0.49926022  0.53554581  0.48132072  0.32748634
  0.15356044  0.33388593  0.37313897  0.67920669]","[ 0.63659174  0.48543739  0.58224741 -0.12139852  0.63371184  0.72629294
  0.74102232  0.08319569  0.20032038 -0.09542022  0.64752119  0.03435981
  0.68108745  0.55392715  0.71580796 -0.12261176  0.50422733 -0.45300782
  0.22863006  0.45437706  0.598009    0.2886696   0.24938969  0.12688259
  0.0092103   0.15906483  0.32533564  0.53554532  0.17446256  0.02926502
  0.54667715  0.33652108  0.56009917  0.62948731 -0.27699972  0.52704471
  0.59897112  0.04758585  0.50021719  0.31623062  0.37814995  0.34203207
  0.529779    0.16858482  0.00224158  0.46198725  0.39425502  0.02634289
 -0.1512895   0.52444233 -0.10465314  0.55713747  0.02031378  0.3699267
  0.37572839  0.60862168  0.17612678  0.58056804  0.42497025  0.38135656
 -0.20202978  0.0524306   0.56535821  0.55788195  0.37418288  0.64563813
  0.29200891  0.51392446  0.2097337   0.47761169  0.54353016 -0.3066465
  0.59262629  0.32156271  0.09288835  0.26276905  0.35117844  0.54714565
 -0.18805318 -0.30397912  0.14879696  0.47475694  0.15081149  0.43634023
 -0.36906484  0.50394493  0.4592661   0.14767509  0.5463679   0.26428113
  0.43505078  0.14733781  0.01583453  0.54757598]","[ 0.72523571  0.61300434  0.34134119 -0.12228889  0.58990071  0.5607568
  0.61848378 -0.20448026 -0.03027377  0.04896851  0.73012374  0.13001725
  0.54516558  0.68074356  0.50362739 -0.18500961  0.64047617 -0.30906266
  0.03284663  0.46818246  0.56440407 -0.06932426  0.28858316  0.08576219
  0.74715174 -0.09849819 -0.00949626  0.30650008  0.02740316 -0.40168947
  0.29795703  0.40382203  0.80826281  0.02702394 -0.24556217 -0.03447606
  0.50451377 -0.25960313  0.23895628  0.17121025  0.40092642  0.6845152
  0.28949695 -0.0150027  -0.35782817  0.30806042  0.33758512  0.28432785
 -0.33392392  0.13757256  0.1611364   0.26149949  0.14014032  0.35794056
  0.09565098  0.01040147 -0.39919191  0.61786558  0.32009991 -0.50841695
  0.36411827 -0.19878562  0.50475415  0.36189485  0.23858207  0.49258109
  0.36772007  0.01240653  0.06318335  0.49674421  0.60961758  0.01261469
  0.42669216 -0.06090198  0.42390568  0.67355286  0.37035501  0.29334416
  0.32077543  0.06369091  0.29307716  0.38377269  0.46352857  0.1674283
  0.26737748  0.77964689  0.1294687   0.37290028  0.50193426  0.1434367
  0.30609012  0.61996137 -0.17095064  0.38273301]","[ 0.73388565  0.23449402  0.61289584 -0.22528082  0.28192248  0.24684719
  0.67214938  0.48773931  0.31425302  0.48829914  0.6399035   0.55229434
  0.67103169  0.16934864  0.60240754 -0.2654484   0.13601335  0.00901455
 -0.09550748  0.4025339   0.52360107  0.06224441  0.45359601  0.1684701
 -0.11428402 -0.30205626  0.22538875  0.16969321 -0.20560292 -0.15131882
  0.77085965  0.32038383  0.59508597  0.39873992 -0.06773029 -0.51414434
  0.62999204  0.28362673  0.40780294  0.55622835  0.44689148  0.07129232
  0.64511959 -0.07019252 -0.38032779  0.43473878 -0.5011328   0.05916662
 -0.20581112  0.42200332 -0.2043319   0.48936218  0.42876449  0.47748036
  0.30329925  0.51565329 -0.42773954  0.64931018  0.45061325 -0.35766208
  0.12154254  0.18775876  0.65091501  0.59986603  0.64504719  0.7278493
  0.38488933  0.20895596  0.19137686  0.47740745  0.35984598  0.57616203
  0.44825337  0.16857049  0.37602836  0.11210424  0.38300615  0.57842009
  0.45105533  0.11356044  0.23386398  0.44921757  0.44228171  0.35308923
  0.55370218 -0.08839891  0.22819714  0.35790201  0.64451103  0.47192448
  0.06730044  0.47599814 -0.11446981  0.58178785]","[ 0.58510901  0.06243082  0.47686012  0.48547369  0.52818242  0.37027279
  0.63651225  0.48401219  0.15197183  0.04156285  0.4246758   0.32853402
  0.24770259  0.4885995   0.66287604  0.18825338  0.57555914 -0.20955205
  0.36939937  0.08397676  0.61665311 -0.1885851   0.61116088  0.16847586
 -0.29898282  0.04405525 -0.15515726  0.51717244  0.71424891 -0.05182766
  0.24992994  0.43036081  0.55882538  0.49555012  0.34202523  0.41515372
  0.69128176 -0.19492587  0.6723775   0.35632867  0.02557421 -0.24741412
  0.74507615  0.26166996  0.4337783   0.27665974 -0.42431306  0.30063208
 -0.07868883  0.27519436  0.49863638  0.00694416 -0.1807333   0.46029413
  0.53567663  0.48801773  0.21813264 -0.0447564   0.3320213  -0.25849171
  0.22495258 -0.24268534  0.1521995   0.02214262  0.53437737  0.03445145
  0.23392351 -0.05682651 -0.41923941  0.05566212  0.12894643  0.55645325
  0.55730877  0.39086024 -0.02597305  0.35705438 -0.04097186  0.46330123
  0.50604474  0.3193721   0.40865674  0.38034301  0.41574625  0.31418564
 -0.54460037  0.57594137  0.30118854  0.38737565  0.58557883  0.3942859
  0.4131827   0.30686555  0.32447065  0.49357096]","[ 0.50921909 -0.15153489 -0.15612762  0.45996752  0.44000293  0.12446007
  0.63881763  0.38606999  0.39877086 -0.38261221  0.16168548  0.35561046
 -0.2931709   0.37074381  0.6518484   0.47216163  0.65660444  0.31819743
  0.45145518 -0.34954447  0.34432976  0.17602393  0.36831881  0.01774807
  0.16910119  0.16095532 -0.38514261  0.58355972 -0.36489918 -0.0769258
  0.29351713  0.21922496  0.50704905  0.59457328  0.32371991  0.24814238
  0.6432945  -0.48091979  0.55342136  0.44560307 -0.13815435 -0.45514385
  0.68980188  0.32330425  0.30771241 -0.12209681 -0.09410878 -0.32257507
 -0.28285506  0.0621414   0.14888493 -0.02760626  0.11265156 -0.25424735
  0.45925901  0.52019264 -0.365654   -0.05377732  0.07892939 -0.004476
 -0.01380408  0.3148639   0.46142098  0.56925683  0.58147392  0.68886268
 -0.16086603 -0.18212887 -0.18667113  0.50467631  0.03766577 -0.00813391
  0.35238334  0.21046574  0.0192821   0.24291909  0.21301795  0.56266036
 -0.07389054  0.45150758  0.4330291   0.4335271   0.15073848  0.13039398
  0.20269897  0.71155671  0.21709665 -0.35933747  0.75183753  0.37575393
  0.5148717   0.52581824  0.13791605  0.63912065]","[ 0.27984609  0.17116945  0.28628388 -0.25820967  0.46698176  0.21147364
  0.38642146  0.60966941  0.15548259  0.14840712 -0.39718021  0.0065521
  0.13847599 -0.12807271  0.48532983  0.34988138  0.65467287 -0.29058793
  0.19912339 -0.28696211  0.41777074  0.25314069  0.08004253 -0.16511807
  0.68196981 -0.05362541  0.49463401  0.56598352 -0.1330608   0.05152699
  0.48289725 -0.12339552  0.51594372  0.55668934  0.28220243 -0.28789383
  0.46258369 -0.19416867  0.48545807  0.36476672  0.33809749 -0.48047496
  0.57758636  0.21284121  0.15265112 -0.26984335  0.15118417 -0.00227365
 -0.125451    0.22657666  0.37062309 -0.29235627  0.3232859  -0.41793319
 -0.02309988  0.54038805 -0.41432241  0.02971611  0.64073021  0.27711961
 -0.01964708 -0.27335632  0.44329125 -0.27162699  0.31677543  0.64275349
  0.18909258  0.34344253  0.47636709 -0.28430269  0.36732917 -0.23350218
  0.54405164 -0.35429219  0.29395269  0.07441324  0.1514365   0.59342978
 -0.26185668  0.5101717   0.32407425  0.4109545   0.23667918 -0.29150637
  0.17506081  0.55186569  0.41178878  0.60841827  0.44783488  0.32260293
  0.09974112  0.47112709  0.1333094   0.54711792]","[ 0.76351985  0.68214181  0.53328201  0.56328674  0.09540964  0.20059508
  0.47952042  0.41102511  0.61071913  0.71695812  0.23341092  0.30225417
  0.5849065   0.52402565  0.33943744  0.53580891  0.58108992 -0.30001748
  0.04734624  0.56366822  0.33221569  0.23085947  0.47131842  0.58716162
  0.12545145  0.65890111  0.7870276   0.1815302   0.17664625  0.40105912
  0.48906447  0.50126444  0.41530319  0.49793069  0.44593126  0.48167162
  0.14689323  0.6459785   0.40138307  0.48660547  0.29547415  0.70531984
  0.48162638  0.16977758  0.32729027  0.53881221  0.44412109  0.48051617
  0.61430579  0.68536526  0.56805494  0.51107781  0.5509807   0.45348689
  0.50582541  0.49119905  0.64665422  0.57887638  0.58297531 -0.20616114
  0.54954799  0.67965529  0.74501394  0.60933033  0.63687167  0.5204114
  0.48617482  0.57974314  0.58022375  0.60397586  0.57135871  0.14802167
  0.47288978  0.55082349  0.35735504  0.31889129  0.10135187  0.78811962
  0.07141027 -0.48676985  0.15039696  0.72370878  0.55900024  0.07108967
  0.59486788  0.23078866  0.6548126   0.65649862  0.64264459 -0.03199398
  0.72318158  0.32978178 -0.21101345  0.47113886]","[0.84458835 0.83702831 0.65295305 0.76946963 0.61677721 0.47208759
 0.5655442  0.53197292 0.81105984 0.75094411 0.84582421 0.70212134
 0.76929915 0.62994294 0.73855286 0.59904273 0.78243    0.71866131
 0.66127377 0.73511338 0.57519866 0.74843389 0.6980451  0.84303954
 0.57529216 0.73316671 0.83790994 0.64300848 0.68223955 0.73040009
 0.74667416 0.6074885  0.48239757 0.62505359 0.7282975  0.77741636
 0.55029387 0.63243948 0.700767   0.71535257 0.60964818 0.72069295
 0.60983498 0.70466241 0.78898625 0.67115672 0.62001635 0.70662632
 0.8074505  0.89190206 0.67112785 0.54851909 0.72740756 0.65511473
 0.71331172 0.6393196  0.68309695 0.65489035 0.48331574 0.68493122
 0.69421755 0.78253173 0.79113931 0.71494888 0.78932531 0.80161963
 0.68462264 0.70067921 0.78647075 0.63955908 0.68029488 0.59753707
 0.64652125 0.68546646 0.57147212 0.60550457 0.73514182 0.78870056
 0.65939055 0.84647649 0.52704827 0.85623942 0.59588604 0.66594802
 0.73163757 0.74938984 0.71147766 0.75103377 0.80699155 0.71396892
 0.75833443 0.57999287 0.56637343 0.76145055]","[ 0.75690662  0.43751039  0.61617733 -0.222353    0.39371565  0.45101142
 -0.062639    0.39706348  0.59473222  0.44663246  0.58153028  0.66071388
  0.52057443  0.35193732 -0.04796242  0.18509352  0.29751755  0.33205429
  0.36951643  0.39465222  0.37163988  0.30147813  0.49059959  0.64333013
  0.45800096  0.36719414  0.66348811  0.46900521  0.68022528  0.55860402
  0.60984281  0.15352072  0.47203384  0.3629976   0.51381375  0.64469343
  0.51680099  0.53868765  0.38831713  0.17598428 -0.05063368  0.59689614
  0.469407    0.5884801   0.5977247   0.66031417  0.24667071  0.02608719
  0.41327639  0.76724555  0.41528127  0.4861595   0.48565413  0.38783909
  0.46657132  0.45402171  0.56932681  0.43618139  0.54776875  0.6828406
  0.54041611  0.61720013  0.54584655  0.51188466  0.48401713  0.61087682
  0.25968201  0.51501378  0.36572594  0.43857199  0.64563663  0.3706036
  0.3192477   0.59759403  0.69744018  0.40039923  0.61992136  0.66922893
  0.11075564 -0.13726221  0.63589593  0.58812996  0.59631049  0.24338754
  0.60514438  0.28011783  0.60855403  0.71678292  0.65792435  0.00494641
  0.54633417  0.44193945 -0.20428446  0.55395057]","[ 0.88964747  0.77819089  0.70094829  0.65638894  0.56801206  0.71921974
  0.6514909   0.41341144  0.73138574  0.66875923  0.80951506  0.68662576
  0.69796084  0.66938894  0.66329726  0.41762281  0.38151422  0.64412816
  0.73512764  0.74035884  0.56613671  0.65006818  0.54218481  0.77848493
  0.60498832  0.67449301  0.55896385  0.54644643  0.63777642  0.61709902
  0.64294064  0.64344373  0.5040284   0.50553196  0.58503542  0.7518488
  0.58154446  0.68620213  0.68668925  0.61165218 -0.06584462  0.62727178
  0.61226909  0.62925985  0.62708676  0.62730934  0.53749478  0.60787545
  0.68333845  0.88202125  0.65549206  0.38908231  0.57720712  0.64749661
  0.70200223  0.54903201  0.68832612  0.43741156  0.52257195  0.63526735
  0.60316026  0.77022623  0.71167938  0.67882908  0.64779861  0.80934483
  0.70938801  0.32436119 -0.33537157  0.56959826  0.72903177  0.34870118
  0.76897257  0.5901715   0.67042945  0.46708661  0.63911713  0.72447659
  0.5507003   0.69067526  0.4412833   0.6972258   0.60476161  0.68814752
  0.70830388  0.82277931  0.61163534  0.68004385  0.66513632  0.45137125
  0.70781466  0.56835242  0.2620907   0.7588542 ]","[ 0.69788057  0.76986525  0.59728498  0.61035635  0.63750887  0.51076216
  0.64736653  0.60965648  0.80026037  0.60210364  0.80218055  0.64829956
  0.82022778  0.19271172  0.55947488  0.56597027  0.74467598  0.54056839
  0.60185236  0.65742694  0.53594593  0.69563335  0.73942601  0.80136626
  0.51903023  0.62585933  0.77049732  0.59381659  0.54560232  0.64692857
  0.62706217  0.64871875  0.47247912  0.75796623  0.62508047  0.73269419
  0.63656329  0.7123778   0.79338101  0.69799061  0.62155365  0.53370932
  0.62238409  0.60471521  0.68461631  0.55406838 -0.01984237  0.58276201
  0.58427999  0.68986527  0.59631052  0.60302731  0.49309862  0.55313244
  0.73095989  0.61615524  0.69276258  0.80694503  0.61404517  0.61315821
  0.52717044  0.81879185  0.77596481  0.76927591  0.75439699  0.80825098
  0.62889356  0.62749149  0.48977019  0.80134925  0.60417572  0.71137216
  0.60327654  0.73331551  0.56763546  0.59439655  0.69330742  0.69220226
  0.64639224  0.7869636   0.35421905  0.72040675  0.62477045  0.65720557
  0.70176473  0.74501214  0.56686273  0.71487483  0.81579758  0.72845867
  0.63021114  0.65696075  0.37969529  0.39575383]","[ 0.86371912  0.58046049  0.65494826  0.60613809  0.59736893  0.49164056
  0.51803122  0.80591433  0.75687064  0.59972613  0.55469505  0.75605018
  0.7364718   0.38826613  0.63254539  0.72273009  0.83401809  0.39089103
  0.56236871  0.683011    0.58315837  0.69360381  0.78452814  0.83178379
  0.80457746  0.63564911  0.84914555  0.62143067  0.70107651  0.62848421
  0.71164091  0.63895067  0.41314727  0.8473791   0.60413948  0.82358698
  0.7708872   0.80505982  0.82103944  0.71879477  0.66536245  0.56155281
  0.70563259  0.66274865  0.4828081   0.57230063  0.66262868  0.54939114
  0.67376561  0.73573845  0.79356839  0.83387016  0.61567955 -0.03874307
  0.71744665  0.75522361  0.80872422  0.89091898  0.73367423  0.73347837
  0.63827881  0.762634    0.85020714  0.85815728  0.83363517  0.84459005
  0.69063743  0.80436606  0.71902257  0.85577453  0.78334991  0.79154081
  0.70645434  0.819191    0.69686463  0.58582497  0.68531434  0.81536929
  0.70597273  0.69918728  0.52217629  0.88536708  0.63877124  0.61748953
  0.77408323  0.77781598  0.50686908  0.77252397  0.84067272  0.6118202
  0.56041218  0.56815839  0.49976334 -0.05640779]","[ 0.86219561  0.64875121  0.6384591   0.72073444  0.49250837  0.6913567
  0.37546618  0.44614867  0.7835749   0.63742976  0.81101096  0.64545334
  0.68797727  0.58341852  0.60112741  0.55846921  0.67810268  0.46377203
  0.67232943  0.58243214 -0.25934798  0.60056427  0.56704587  0.79237145
  0.58504647  0.72977352  0.78903886  0.59493882  0.84661307  0.5965407
  0.68043607  0.49226034  0.66029862  0.71651278  0.73113063  0.73305786
  0.40571644  0.68692327  0.58210391  0.54062326  0.41966053  0.72805608
  0.6088054   0.75296223  0.73489914  0.56438203  0.69756571  0.61027507
  0.64322392  0.9073414   0.71385215  0.61776405  0.59163744  0.51517088
  0.72168427  0.7084612   0.61060744  0.64176496  0.52370935  0.69624534
  0.56210153  0.75695832  0.71340474  0.58717931  0.67052107  0.74058366
  0.55612618  0.61942019  0.63947454  0.53594313  0.64552468  0.61821418
  0.69583557  0.51401277  0.56764366  0.42155632  0.62266491  0.6671878
  0.61639216  0.72875499  0.70293956  0.72864518  0.70576666  0.46379189
  0.7241569   0.6173979   0.71128145  0.77651965  0.68628213  0.6436403
  0.7752624   0.58447647  0.40795599  0.66762345]","[ 0.78972131  0.06475742  0.48887517  0.56187466  0.64443123  0.43239541
  0.32287782  0.34296712  0.79346265  0.37092943  0.62080868  0.45001407
  0.65552842  0.44755905  0.41703128  0.19492464  0.60588341  0.44137538
  0.63470567  0.36343969 -0.04432512  0.37591573  0.60989589  0.74118656
  0.56822871  0.51010638  0.72361287  0.40184439  0.58177774  0.37966509
  0.53413707  0.52038132  0.56002794  0.60669153  0.58763994  0.69644456
 -0.01701486  0.54936057  0.68902646  0.55777372 -0.38042605  0.5712216
  0.44037382  0.57649293 -0.18799942  0.59082557 -0.30444814  0.38689745
  0.48789002  0.59108085  0.07309453  0.4749135   0.47131324  0.4762976
  0.54257482  0.56942738  0.42424924  0.6361112   0.20965885  0.44752946
  0.19750946  0.63377039  0.7314431   0.6339382   0.69454594  0.71725069
  0.43232717  0.60213723  0.36654493  0.55486966  0.43818988  0.56938701
  0.47771848  0.52985584  0.43192097  0.27823994  0.61341153  0.467635
  0.55201666  0.60969409  0.08927467  0.67100224  0.62328273  0.46333904
  0.63580139  0.57179675  0.40700076  0.71997728  0.7229265   0.66048934
  0.57983958  0.61467203  0.39537594 -0.18340187]"
"[ 0.45914533  0.372253    0.25299466  0.41378455  0.30723201  0.20376071
 -0.29444839  0.42101047  0.20431314 -0.10454785  0.12390081  0.17352
  0.03732961 -0.16663384 -0.1812952   0.07444397  0.19348404 -0.22290199
 -0.27318041  0.10894429  0.46156771  0.43086643 -0.34173137 -0.16798788
 -0.00181859  0.07680293  0.47213307 -0.08206027  0.31913155 -0.25510825
  0.57110193  0.23702664  0.17120506  0.55982386  0.1235663   0.26449876
  0.35589703  0.47399692  0.37738983  0.46248139 -0.24306944 -0.23665784
 -0.19097077 -0.04574036  0.62266107 -0.11193405  0.23403802 -0.04023352
  0.321791    0.52903609  0.08511452 -0.25392526  0.18484352  0.05532263
 -0.09387209  0.31870761  0.26333497  0.15949815  0.30418304  0.38463753
 -0.03158875  0.458453    0.7191441   0.37898252  0.31811931  0.57990234
  0.47842619  0.39546828  0.43964056 -0.2692402  -0.01203355  0.27604693
  0.21889405 -0.36680613 -0.17918449  0.06384698 -0.09002323  0.76681165
 -0.2782999   0.36774122  0.04042708  0.64812099  0.11768035  0.4357875
 -0.31814008  0.17934283 -0.33661272 -0.07899683  0.43454384  0.39600497
  0.51708914  0.28363549  0.28493241  0.29431004]","[-0.34543501  0.13980745  0.37951092  0.30789352  0.12350794 -0.21434688
  0.49589065 -0.30590297  0.22453602  0.58428561  0.14573234  0.43093754
  0.17427364 -0.4249249  -0.31637883  0.22097063 -0.41221383  0.55322115
 -0.0656564   0.45241555 -0.25217013 -0.21538933  0.22689032  0.46594528
  0.76696464  0.08079595  0.62257548  0.28867743 -0.2503497   0.4707591
  0.62612682 -0.08721313  0.33465671  0.56682195  0.03322912 -0.32582819
 -0.55353646 -0.67267444  0.52812631  0.73876413  0.15941637  0.55323779
  0.42630841 -0.13473471  0.76053543  0.43601144 -0.17260995 -0.29091391
 -0.00153811  0.35028665  0.13650565  0.46965234 -0.13319389  0.16954798
  0.45070273 -0.3264559   0.11232337 -0.2941256   0.29149301 -0.46672343
 -0.33345663 -0.34127385  0.5358592   0.5286404  -0.10159554  0.55830593
  0.49316148  0.43684067  0.16968351  0.58481995  0.36053531  0.30783813
  0.15207086 -0.13238091  0.00664782 -0.18508445 -0.13628134  0.64484159
  0.09748047  0.57735799  0.01319807  0.32561224  0.60541222 -0.5255717
  0.7883301   0.12723617  0.30404562  0.55918138  0.48819239  0.83427545
  0.24002238  0.10793156 -0.12501076  0.20745446]","[ 0.2499226   0.46844591  0.68897795  0.00762038  0.52276347  0.06663679
  0.50300183  0.40615393  0.29028594 -0.18311146  0.55022407  0.63082877
  0.64651811  0.2573325   0.54081932  0.4041146   0.29311157  0.14266743
  0.54145894  0.36491612 -0.02509663  0.61283315  0.16022751  0.18140475
 -0.41629477  0.18177727  0.5888328   0.53547648 -0.43924584  0.29253198
 -0.33801065 -0.0791254   0.55560781  0.62415621  0.44528677  0.74909763
  0.34769317 -0.23925268  0.29311605 -0.39935562  0.40430183  0.02187535
  0.4622507  -0.02318339  0.34637987  0.64251877  0.55166172 -0.06651094
  0.21516874  0.02857541  0.19493634  0.34923377 -0.19736047  0.44789723
  0.54149917  0.53546422  0.18799419  0.14879731 -0.17337049 -0.25748598
 -0.52376302  0.38930136 -0.19855334 -0.12970247  0.47266826 -0.01852432
  0.26988605  0.58898013  0.05196195  0.19006063  0.214802    0.50146798
  0.09698895 -0.25596069  0.12337432  0.21995088  0.28424173 -0.08890161
  0.59709373  0.24761668  0.07741038  0.40903956 -0.03911712  0.43071441
 -0.06936909  0.51811461 -0.02143326 -0.35523138  0.64804602  0.75143038
 -0.19035002  0.50088836  0.36898945  0.2285213 ]","[-0.075696   -0.11277535  0.38458991 -0.24537324  0.58161708 -0.18654238
 -0.27302837  0.21431056  0.28925445  0.43843604  0.45236469  0.27975486
  0.27240544 -0.0077523   0.23087789 -0.44819882 -0.53786361 -0.09264652
 -0.0282662   0.40634907  0.57959315 -0.12430612  0.34246326  0.57637869
  0.49178215 -0.12952502  0.42585693  0.6181268  -0.34012149 -0.05226417
  0.56227702  0.00175676  0.47780054  0.26305794 -0.53146732  0.11736786
  0.21290387 -0.52352194 -0.10059103  0.70429464  0.01620296  0.35015977
  0.41819502  0.372502    0.76419887  0.3418856  -0.07936259  0.51819065
 -0.14792094  0.75470771  0.42589409 -0.03743768  0.59378537 -0.09131772
  0.38380859  0.61525194  0.44104608 -0.33757415 -0.34772996 -0.10991935
  0.51526403  0.24643641  0.66834171  0.60392307  0.35730313  0.28412561
  0.41847833 -0.1602347  -0.38040476 -0.29793745  0.56767514  0.59146941
 -0.15713681 -0.1573158   0.33891097  0.26778876 -0.3105007   0.19429655
  0.59819279  0.46706328 -0.11126824  0.56678017 -0.11473434 -0.30204742
  0.78935584 -0.1864064  -0.05952705  0.56981125  0.60943171  0.48086897
 -0.02830396 -0.0123351   0.22032432  0.36670501]","[ 0.81156526  0.4109103   0.18392783 -0.23993758  0.36201735  0.3618986
  0.57762509  0.57476801  0.60101356  0.54316607  0.37717459  0.27383631
  0.44634955 -0.4326269   0.2744151   0.42269354  0.34499118  0.53709826
  0.09939942  0.56254732  0.536067    0.46724242 -0.14325692  0.51469804
  0.24964807  0.38902291  0.82044725 -0.11654249 -0.17064821 -0.05334134
  0.61563152 -0.11551323  0.45563745  0.56941328  0.40469977  0.78176104
  0.43649875  0.58887242  0.75437831  0.60504927  0.25702651  0.40390614
  0.37742241  0.36987185  0.36355864 -0.29035746 -0.44418924  0.39935728
 -0.23343785  0.77693535  0.39182034  0.37251184  0.45382887  0.18668067
  0.40757035  0.6308475  -0.2989252   0.60941    -0.08269387  0.52312399
  0.42360237  0.42104777  0.72422787  0.70191336  0.38710723  0.6164907
  0.69579204  0.54232786  0.21454152  0.15871815  0.24487006 -0.18320169
  0.51536275  0.34361329  0.15518563 -0.08021735  0.23510987  0.73056101
  0.40338857  0.02056908  0.01176553  0.7140059   0.24703007  0.20692157
  0.61236916 -0.50559412  0.47301905  0.60219902  0.71585213  0.56172703
  0.57897314  0.06740886 -0.00288779  0.11019922]","[ 0.58773091  0.39017527 -0.10689753 -0.47176839  0.30144723  0.27088882
 -0.14831353  0.57745365  0.46589129  0.53287693  0.08693519  0.40685973
  0.68036431 -0.19486946 -0.29393691  0.43171614 -0.33911516  0.51563596
  0.41970273  0.52125996  0.40855634  0.53494781 -0.20563071  0.60717103
  0.30345477  0.15381767  0.69902843  0.34025395  0.54053913 -0.12014588
  0.55328217  0.44199908  0.29015593  0.573138    0.15000015  0.55990294
 -0.12786813  0.27846968  0.4670736   0.30579776  0.19812402 -0.03629088
  0.56307545  0.32469926  0.35215172 -0.35536276 -0.42141362  0.54743519
 -0.03254475  0.71848687  0.57778154 -0.04497931  0.61475153 -0.28868132
  0.17109767  0.72192277 -0.01015269  0.22832005  0.20637051  0.58956204
  0.69065254  0.50158543  0.68954746  0.69725465 -0.15992517  0.64223802
  0.66525226  0.21454199  0.43637499 -0.44147813  0.02186484  0.32478381
  0.40480872 -0.10639709  0.19737125  0.13442331  0.19849078  0.66739879
 -0.32475051 -0.02940715 -0.42195759  0.5448888   0.1931083   0.58396032
  0.20696038 -0.13119028  0.48492752  0.40281946  0.69515588  0.63841365
  0.5566955   0.57417612  0.06948261 -0.03614728]","[-0.16478552  0.23507187  0.48604801 -0.20114165  0.50185349  0.42949786
  0.58446639  0.33129872 -0.18613445  0.39746469  0.44617307  0.27903634
  0.55380048 -0.09978583  0.33437318  0.20888779 -0.00683018 -0.37520406
 -0.20801626  0.23242397  0.29434077  0.35503553  0.36780737 -0.01678746
  0.27370523  0.21585703  0.53691454  0.546488   -0.46324574 -0.2926886
 -0.05791703 -0.22616332  0.46253732  0.45931219  0.35627441 -0.1799868
  0.23186903 -0.14149701  0.33771734  0.3082466  -0.08343859 -0.28289347
  0.21668049 -0.23709439  0.54807631  0.05290848  0.29456811  0.41167066
  0.14251095 -0.15938745  0.28657907  0.1517134  -0.29148791 -0.11918806
  0.49593597  0.56606387  0.31695395  0.27230131 -0.04039346  0.31595859
 -0.25224526 -0.00997573  0.59844623 -0.42358436  0.20143801 -0.21598003
  0.45114037  0.66503851 -0.1562441   0.10255307 -0.08849532  0.42247615
  0.59071824 -0.18666288  0.12235317  0.2065163   0.06736742 -0.09802878
  0.35144983  0.31995859  0.04697212  0.24764401 -0.24165262  0.26421924
  0.30122094 -0.12948012  0.1816835   0.19683705  0.46361663  0.68469847
  0.10425086  0.52373403  0.34726574  0.16368696]","[-0.16457659 -0.31615612  0.37053271 -0.04444574  0.30273313  0.22156176
  0.09071803  0.32853756  0.05528713  0.17020963 -0.27396612 -0.21204333
  0.14435658 -0.14556523 -0.24033048  0.33458197 -0.34173517 -0.07670753
  0.65268905 -0.15145806  0.4504417   0.25318729  0.13503926  0.30990787
  0.25890099 -0.028848   -0.31408717  0.60218126  0.13985001  0.41678642
  0.02265161  0.10737316  0.27865163 -0.08279309 -0.1114485  -0.12791232
  0.38115721 -0.26198062 -0.2358448  -0.22716092 -0.07417819  0.23640744
  0.50443072 -0.10617025 -0.5071718  -0.06874544 -0.11664907  0.59893589
  0.16990571  0.60983092 -0.31433954 -0.16101001  0.39980894 -0.06362186
 -0.1336965   0.72214066 -0.37660256 -0.03166128 -0.23716997  0.0598045
  0.5487035  -0.10590408 -0.05724471 -0.01168536  0.54892709 -0.42188427
 -0.15072089 -0.24949099  0.0558959  -0.40593964  0.47845626  0.66109875
  0.04553696 -0.28327078  0.22382205  0.35546686 -0.3011722  -0.4453544
 -0.17786033  0.03273007 -0.25776088 -0.18523211  0.15635953  0.23040053
  0.13376868  0.42751275  0.2340524  -0.45069     0.56020557  0.46055524
  0.63857193 -0.37699899  0.08559001  0.24413278]","[-0.51040581  0.18931582 -0.24271489 -0.30509314 -0.27417696  0.05466939
  0.42249639 -0.16656719 -0.34328217 -0.32389855 -0.2339337   0.35254019
  0.0606489   0.00678736 -0.23849718 -0.40982118 -0.00234194  0.44152794
  0.10460739  0.15817887  0.63444506  0.40183072  0.39546835 -0.17846062
 -0.29301867 -0.1417691   0.45107966  0.17994845  0.40258455 -0.01816408
  0.20764395  0.21482676 -0.26357341  0.43907018  0.13738683  0.31968731
  0.40677697  0.39561183 -0.33875802  0.46970213  0.27893233  0.0415516
 -0.13332988 -0.18532554  0.4458974   0.43619496 -0.03487308  0.24587526
  0.26550441  0.54570208  0.58841465  0.21767085  0.26131277  0.01622958
  0.17963827  0.34488428  0.13753117  0.2343715  -0.2488454  -0.2641585
 -0.0026712   0.14216999  0.69890461 -0.02168174  0.37054929  0.22182731
  0.34493864 -0.29466274  0.41535469  0.19220974 -0.05194961  0.12856181
  0.13644697  0.35213714  0.30970104  0.3495961   0.46983016  0.66290627
  0.00529477  0.28315055  0.31680378  0.65532149  0.50577604  0.30823266
  0.63585551  0.22345776  0.55553396  0.08871136  0.08141477 -0.45033812
 -0.18930664  0.33928563  0.41090212  0.07321132]","[ 0.26003823  0.25580211  0.1763086  -0.4816147   0.2671692   0.37674849
  0.54275261 -0.28645245  0.1456178   0.10221354  0.49153998  0.21304867
  0.38749736 -0.42366728  0.31964171 -0.57745817  0.29820928  0.29432584
  0.18709308  0.30512652  0.53815928 -0.31484725  0.1579511   0.15300396
  0.56254211 -0.19539349  0.71189801  0.08319207 -0.19581357  0.20169958
  0.42819325  0.45648234  0.52983278  0.50918318 -0.41781134 -0.07350046
  0.28877508  0.60999441  0.15087827  0.7236005  -0.34761566  0.34876584
  0.26214054 -0.08254799  0.36444295 -0.52290501  0.05740406  0.56141993
 -0.27358034  0.40398657  0.66392924 -0.49416894  0.27092438 -0.31019192
 -0.31527117  0.59639625 -0.26539883  0.07094192 -0.17953095  0.35952869
  0.0316106   0.05165532  0.70990859  0.72382226  0.27628934  0.46317257
  0.42250315  0.13629266  0.18183613  0.28250703  0.4207136   0.68075147
  0.05204223  0.43713319  0.27912933 -0.19087676  0.05224277  0.44695012
  0.52227349  0.19312246  0.00221979  0.17733787  0.24544137  0.04650844
  0.48423154  0.712764    0.43737938  0.41742122  0.05448167  0.06977129
 -0.17538421  0.65411741  0.3937992   0.37132954]","[ 0.56788211  0.27594347  0.39479053  0.41879725  0.30007751 -0.00217414
  0.44757012  0.28929204  0.45004248 -0.21644463 -0.19843068  0.62822351
  0.24214516  0.17842846  0.42449177 -0.13080028  0.46597088  0.59731049
  0.13240487  0.43479496  0.28948564  0.60691892  0.65266425  0.53384902
  0.00428489  0.49888042  0.61806671  0.02875004  0.41226641 -0.09916328
  0.26122186 -0.29464077  0.32483514  0.54562507  0.41450304  0.67814012
  0.10872081  0.66801611  0.6576618   0.61341686  0.399126    0.54274558
  0.56483339 -0.11999238  0.73588245 -0.33538788 -0.56578377  0.37647878
  0.08928061  0.77041811  0.70425948  0.35819656  0.52353391 -0.19871826
 -0.34345391  0.51836609  0.03582678  0.40661274 -0.24770714  0.30712876
 -0.20695195 -0.03116881  0.48248028  0.33560042  0.3300177   0.39093289
  0.42052334  0.06981661  0.20371915  0.50966694  0.34884652 -0.3767568
  0.62427197  0.53141288  0.38747827  0.31874207  0.30888716  0.76755063
  0.43026089  0.12706498  0.19642754  0.73511233  0.26685129  0.53994747
  0.37526916  0.19497979  0.40277106  0.61319731  0.65093583  0.54172174
  0.40908475 -0.07643285 -0.36266194  0.48440945]","[-0.19847974  0.09619174  0.34927748  0.23058641 -0.2642559  -0.36231901
  0.11804055  0.32203555  0.42986132  0.61269124  0.31213542  0.22409392
 -0.08469887  0.37284142 -0.38251818 -0.20884227 -0.17258025  0.03642737
 -0.50376444  0.2663588   0.29550233  0.14333355  0.34680183  0.19613684
  0.7499412   0.17506564  0.75501997 -0.26464671 -0.12081919  0.42145939
  0.56098319 -0.24519989 -0.0942197   0.65781478 -0.44094557  0.3469819
 -0.48867045 -0.40396342  0.50295275  0.53529026  0.02011687  0.64815214
  0.58804668  0.26540388  0.74930665  0.63526792 -0.2360537   0.34530822
 -0.04616403  0.45037747  0.45140288  0.28463241  0.48416388 -0.40161946
  0.57659176 -0.27958911  0.36351738 -0.4921566  -0.10902313 -0.38191066
  0.13958994 -0.39446964  0.4050625   0.4863534  -0.22426536  0.43937303
  0.48456945  0.52778225  0.37258002  0.19984678  0.27748444  0.4998896
 -0.52738784  0.12322714  0.03196677  0.18927133 -0.30869027  0.56997637
  0.27336005  0.66175989  0.22921532  0.03336261 -0.03425331  0.17590431
  0.7178367   0.17119402  0.21153107  0.56609602  0.53541704  0.69297308
  0.29027368  0.15396103 -0.16473787  0.18879085]","[-0.27052016  0.44910754  0.36544834  0.57757953  0.41169908  0.28692202
  0.77325324  0.12972737 -0.30075626 -0.15337058  0.63763454  0.48752279
  0.61147899  0.08131695  0.51210321  0.27326665  0.38545808  0.26745273
  0.49534383  0.47047113 -0.18231167 -0.25579415  0.36025256 -0.06629399
  0.43426943  0.30812446  0.53481067  0.73900055  0.09709942  0.36642051
 -0.25721729  0.0162152   0.52801942  0.68334509  0.5514873   0.66814313
  0.42258225  0.42042948  0.33736167  0.06781212  0.34067654 -0.15569555
  0.42961112  0.03133973  0.64620677  0.60201354  0.51689236  0.25907427
  0.38483138 -0.0324056  -0.16904013  0.50057723  0.00365433  0.60673902
  0.65466074  0.35074456  0.21450574  0.41170617  0.08081754  0.33680104
 -0.20571055  0.12441999  0.16848337  0.48432028  0.52185722  0.23847127
  0.48159327  0.74735773 -0.12757023  0.32572409  0.17470199  0.57395299
  0.44410422  0.18668765  0.57786037  0.18826868  0.00347024  0.40500877
  0.58926936  0.3615862   0.33850615  0.45218472 -0.26630403  0.37936044
  0.7363917   0.7820868   0.15718008  0.47047021  0.59940715  0.45604441
  0.21810674  0.40442047  0.48978867 -0.33478037]","[ 0.11859733 -0.21636438  0.52333022 -0.30338705  0.40402225  0.45392314
 -0.17102965  0.32348917  0.32518441  0.48350063  0.37025422  0.58452991
  0.48583371  0.12271087 -0.18562882 -0.36974197 -0.24756703  0.01943204
 -0.25499706  0.43423747  0.5861925   0.48571378 -0.41963188  0.4408201
  0.49196893  0.03381371  0.47802385  0.35000724  0.17773148  0.21061158
  0.60564908 -0.25418549  0.47286128  0.30918193 -0.08902747  0.45610709
 -0.51562461 -0.09177789  0.40449122  0.62163085  0.21769976  0.38981291
  0.81921407  0.29817101  0.82228885  0.55644057 -0.01494932 -0.05704336
 -0.37593171  0.73129892  0.44007663  0.10370146  0.59679099  0.2349823
  0.27202418  0.79514914  0.41088592 -0.31942111  0.02693365  0.24352229
  0.54304068  0.1527867   0.53492845  0.77941081  0.42938661  0.48634023
  0.47019832 -0.33773678  0.27452356 -0.31717393  0.69771514  0.52665625
 -0.20681539 -0.27867585  0.41224618  0.23951016  0.35029385  0.04743742
  0.51427575  0.29424909  0.22194901  0.52023455 -0.22474395  0.22867752
  0.61764633 -0.38010343 -0.00109921  0.55286306  0.61566354  0.41041889
  0.28168967 -0.00764666 -0.02071739  0.3899616 ]","[ 0.71339326  0.40566019 -0.30929386  0.09502899  0.40476083  0.35660293
  0.6327935   0.48139364  0.49786125  0.3262802   0.18316887 -0.02572976
  0.306609   -0.29110148  0.14979066  0.35873441 -0.34992242  0.02378754
 -0.21871524  0.38681567  0.48873624  0.29232869 -0.1433468   0.27308824
  0.26631766  0.24107938  0.67538281 -0.00892541 -0.32351592  0.20880017
  0.54902771 -0.37971109  0.53312052  0.28530321  0.27616741  0.60555687
  0.13932913 -0.26920876  0.71389818  0.36476726  0.10924765  0.33942683
 -0.03434192  0.2410686  -0.4379218   0.28103951 -0.22924288 -0.04704832
 -0.26953987  0.73151166  0.11094184  0.30314699  0.34960901 -0.36810396
 -0.24336755  0.58779568 -0.39532751  0.45000436  0.14535929  0.24344478
  0.40260629  0.25144903  0.69484204  0.3728244  -0.41543699  0.50985382
  0.17317887  0.12972909  0.24786334 -0.29733625 -0.18904319 -0.02013406
 -0.38878843 -0.02163577  0.02217107  0.36003791  0.06358021  0.60863105
 -0.34990619  0.01841257  0.30606554  0.64258338  0.07992542  0.14596982
  0.49233574 -0.57812818  0.23743164  0.64443782  0.72470386  0.45209213
  0.22682009  0.4517217  -0.23113584 -0.06269941]","[ 0.65457536  0.32466036 -0.42291173 -0.18393233  0.54453866  0.30875103
 -0.23168198  0.51616701  0.39519542  0.54482728 -0.08830296  0.42984798
  0.53096908  0.1420098   0.28893076  0.46981573  0.43843277  0.42001234
  0.19602898  0.56286194  0.57530375  0.49180463  0.27080348  0.17906799
  0.30481388  0.01627439  0.65255849  0.35808059  0.35637432  0.42730253
  0.24472768  0.12550069  0.28676417  0.61360045 -0.07973078  0.56594209
  0.12997172 -0.15476306  0.57549654  0.42224992  0.22242123  0.41471691
  0.4246549   0.39863567 -0.17816902 -0.01010106 -0.15759738  0.3948928
 -0.14020819  0.73180082  0.14062253  0.51640479  0.5198871   0.02753794
  0.21372035  0.76302023 -0.41959021  0.49067862  0.15891378  0.43350452
  0.64615058  0.48286204  0.69148157  0.31114005  0.19413947  0.59747268
  0.53680259 -0.20332514  0.64759777  0.29656569  0.17385016  0.29946994
  0.656091   -0.24411349  0.54583688 -0.08543162 -0.18076001  0.6047778
  0.32872977 -0.17744328  0.2680257   0.45488738  0.29942964  0.70909328
  0.14610326  0.37812305  0.57178934  0.62884454  0.71772683  0.5750828
  0.13538094  0.67265994 -0.34860652 -0.07445593]","[-0.22757798  0.19414866  0.34560827  0.15245327  0.63021435  0.35876467
  0.65728968 -0.0013444  -0.24121783  0.20621879  0.58705244  0.35964465
  0.57902628  0.34583998  0.25318046 -0.00759584  0.40123736 -0.10844532
  0.50397769  0.33477054  0.16746826 -0.33335396  0.40227413 -0.14688581
  0.23332519  0.43875472  0.58389146  0.60230238 -0.40658312 -0.22973109
 -0.13841288 -0.06647198  0.42252342  0.3266688   0.49381451  0.47709679
  0.36393316 -0.12858085  0.39044872 -0.28736022  0.12399419 -0.24998473
  0.74139168  0.13067132  0.62408285  0.47785841  0.37537423 -0.10285042
  0.47970147  0.10259261 -0.16893345  0.07018991 -0.11498795  0.64358422
  0.53316182  0.34120844 -0.19477373  0.54671875  0.29196083  0.31774095
  0.10558107 -0.4527259   0.47616048  0.27783499  0.52294451  0.02366979
  0.34804546  0.6869418   0.4413419   0.25817978  0.08495588  0.37877881
  0.54418057  0.52511674  0.57792151  0.21350207 -0.16280138  0.34005273
  0.51399351  0.7279312   0.39075247 -0.54946451  0.10939591  0.49285025
  0.57017695  0.57633456  0.18315896 -0.2401857   0.52721209  0.62547604
  0.15398756  0.58309437  0.31137314 -0.11056177]","[ 0.24045858 -0.31595767  0.45190323 -0.18742638  0.22731046  0.30697206
 -0.05228578  0.48472709  0.25127277  0.31421597  0.05165918  0.19607057
  0.30897699  0.37029519 -0.2617192   0.44027798  0.37459434  0.45030133
  0.58431318  0.25541149  0.2806462   0.24639235  0.36632863  0.02591587
  0.45743467 -0.17590275 -0.33262618  0.67851751  0.15995088  0.49837552
  0.35415196  0.15472121 -0.02790502 -0.31499987 -0.10698433  0.49227265
  0.18141058 -0.36324044 -0.09748224  0.11036093  0.09992791 -0.26497153
  0.71771622 -0.03641708 -0.39035693 -0.24175589  0.34364427  0.56467157
  0.20966015  0.48915376 -0.21304123  0.46518515  0.54427007  0.43579139
 -0.25496847  0.81877937 -0.18582181 -0.04438704  0.29068201  0.15011284
  0.59522674 -0.55604932  0.40129161  0.29977765  0.47722658 -0.28192266
  0.12260694  0.56075868  0.40033203 -0.11502263  0.34936841  0.46386258
  0.64871207  0.24600982  0.4934345   0.1709783  -0.08475419  0.00334673
 -0.06949514 -0.00693642 -0.07242155 -0.11244355  0.29102784  0.4966142
  0.29493385  0.088942    0.30929813  0.1841058   0.62961388  0.45100656
  0.24275672 -0.37066257 -0.19169031  0.28795894]","[-1.75452147e-01  7.95274789e-02  2.38571627e-02 -3.85897768e-01
  4.44597287e-01  1.91976403e-01  4.96441557e-01 -2.58370723e-01
 -1.84537366e-01 -1.98607763e-01  3.19362243e-01 -3.00841441e-02
  4.16508021e-01 -5.69254183e-01  2.29184998e-01 -2.84803700e-01
 -2.84494700e-01 -4.40974725e-01  7.18155213e-02  2.74701272e-01
 -1.24931628e-01 -2.06130109e-01 -1.14255316e-01 -8.21122197e-02
  3.64509028e-01 -1.09782953e-01  6.84154412e-01  1.80250519e-01
  3.24556009e-01  2.05110099e-01  3.96497126e-01  5.60979517e-01
  3.55434310e-01  3.35215686e-01  3.33955772e-01 -3.62925538e-02
 -3.14471769e-01  3.12263325e-01 -1.47592863e-01  6.30110729e-01
 -5.38474920e-02 -1.60456966e-02 -1.48003242e-01  1.68449830e-01
  5.95088013e-01 -1.95704685e-02 -1.37072900e-01  8.77483055e-02
 -3.47724471e-01  4.05788103e-01  4.04308666e-01  1.67168801e-01
  2.10880492e-01  1.20489969e-01 -2.71764000e-01  5.03475369e-01
  4.13266755e-04 -4.83185126e-02  2.38018330e-01  4.02222405e-01
 -8.45196956e-02  6.67500790e-02  7.37105645e-01  3.44781586e-01
 -4.93762511e-02 -1.68630203e-02  4.75881259e-01  1.23892314e-01
  3.18619326e-01  4.49520329e-03 -2.05440378e-01  2.93750945e-01
  3.20994864e-01  2.58103259e-01  3.93787536e-01  3.53655010e-01
  5.88764959e-02  5.20831647e-01  2.45551894e-01 -2.78490452e-01
 -3.17598117e-01  3.49799573e-01  3.84782873e-01  2.47814443e-01
  3.60290331e-01  2.68172288e-01  1.30976928e-01  4.08141488e-01
  3.54802193e-02 -2.21043865e-01 -4.56237615e-01  2.47109735e-01
  1.56659404e-01 -4.64358717e-01]","[ 0.19282289 -0.3158031   0.23937696  0.19662835  0.52354413  0.52442366
  0.52676205 -0.31713194 -0.14455506  0.31079263  0.61082999  0.44827275
  0.39416906 -0.41417498  0.62366508 -0.53886257  0.21233681  0.42125082
 -0.05474198  0.31677103  0.28627574 -0.33488659  0.13093868 -0.56596553
  0.40031141  0.02704321  0.57865176  0.02805999 -0.27161825  0.27333442
  0.64606045  0.26358207  0.81531412  0.27733475 -0.4437295   0.55232657
  0.47081322  0.3836182   0.66740844  0.72026533  0.28520469 -0.18307515
  0.22159199  0.07847144  0.29195607  0.39461006  0.274168    0.45504367
 -0.21288495 -0.27496578  0.38704346  0.39302003  0.29273354  0.25462293
  0.34669931  0.43695964  0.08657214 -0.11778035  0.53543122  0.51641248
 -0.29172267  0.11111978  0.60795032  0.42848499  0.21500875 -0.30592613
  0.41645255  0.14232995  0.2059463   0.52298851  0.49676478  0.63840491
  0.53799518  0.28469744  0.61928488 -0.17069038  0.60614991 -0.05937284
  0.69814483  0.33152815 -0.35804465  0.3432615   0.53933412  0.20108426
 -0.39311466  0.61845282  0.40992576  0.05227895  0.43782367 -0.06174461
  0.31546721  0.73673806  0.533321    0.19992899]","[ 0.17284647  0.3016914   0.15442436  0.29522327  0.43325034  0.0285524
  0.29823392  0.31057905  0.25366139 -0.32319029 -0.22659331  0.54837996
  0.3936533  -0.38610045 -0.04472649  0.41848224  0.05172565  0.42272718
  0.16495217  0.19986268  0.35888042  0.45675067  0.58199671  0.44397373
  0.11115292  0.32206193  0.72474292 -0.1968327   0.22343503  0.15503522
  0.42532711 -0.31809115  0.05501845  0.55970323  0.45907738  0.64133466
 -0.3124496   0.46392462  0.3743064   0.53035335  0.16172664  0.48525812
  0.31661387 -0.11037783  0.71161566 -0.10289777 -0.5069123   0.02958896
  0.36010853  0.79776486  0.6736963   0.2353035   0.51685093 -0.11806682
 -0.15021994  0.47149442 -0.06858963  0.32700728  0.25786361  0.39532302
  0.44488271 -0.11784704  0.73113413  0.10711172  0.31445965  0.3764102
  0.31266969  0.25788515  0.32200031  0.10947001 -0.1445061   0.18054283
  0.09571924  0.00933086  0.24444007  0.23036831  0.29514049  0.73525508
  0.09661061  0.12172337 -0.06234649  0.81326962  0.28849811  0.57128316
  0.22773738 -0.08476893  0.21401925  0.64142175  0.62090543  0.4662662
  0.51878519 -0.13417469 -0.38794849  0.36404702]","[ 4.96902919e-01  2.19707364e-01  3.56054866e-02  8.44918727e-03
  2.62180217e-01  5.27089718e-02  2.55151133e-01  2.30431077e-01
 -9.73784867e-02  5.69812068e-01  1.65096335e-01  3.26051073e-01
 -4.71793130e-01  3.94589324e-01 -5.31474386e-02 -3.14820380e-01
  1.32120044e-01 -2.90053648e-01  5.20301846e-01  4.24884370e-02
 -2.75227579e-01 -2.64455733e-01  1.54387969e-01 -3.12780174e-01
  2.47866435e-01 -1.97203139e-01  3.16535604e-01 -2.11335630e-01
  6.05488815e-01  3.85866079e-01  3.61936900e-05 -2.96150218e-01
 -1.18000963e-01  7.08568015e-03 -1.08679262e-01  9.20783502e-02
  4.39041791e-01 -2.74936614e-01 -4.58633240e-02  1.01598590e-01
  1.41492466e-01  4.00373128e-01 -4.01049191e-01  3.90123650e-01
 -2.63317134e-01  6.36668970e-02  9.16767160e-02 -6.95829078e-02
 -2.21965502e-01  4.66882430e-01 -3.51154883e-01  1.99010242e-01
 -2.58940151e-01 -8.96539144e-02 -2.51338688e-01  2.58059587e-01
  1.08955088e-01  3.51963069e-01  2.01733322e-01  4.56971358e-01
  4.63949473e-01  1.68612629e-01 -1.11693610e-01  3.04065078e-01
 -2.17263583e-01 -8.50106519e-02 -1.11020506e-01 -3.90971800e-01
  4.33785209e-01  2.70675278e-01  5.98116518e-01 -2.92199105e-01
  6.04184679e-01 -2.41466923e-01  4.33622756e-01  3.74277405e-01
 -1.02913564e-01  2.01313614e-01 -2.59091821e-01  3.53080388e-02
 -3.45315968e-01  1.57535210e-01  5.14728121e-02  4.54750883e-01
  7.43276087e-02  2.57748696e-01 -4.27577757e-02 -3.28719613e-01
  2.67981286e-01 -4.46042190e-01  7.54844055e-02 -2.39364188e-02
 -4.62779042e-01  1.28157941e-01]","[ 0.4681042   0.34648295  0.45998753  0.44659821  0.50255359  0.45058563
  0.58661684  0.73652419  0.4931045   0.4049266   0.35917811  0.51113737
  0.13518558 -0.37156579  0.28576445 -0.23422889 -0.46552177  0.49024535
 -0.00628385  0.58253213  0.59843462  0.63822481 -0.27473563  0.25032242
  0.57541054 -0.28020595  0.4782624  -0.0586458   0.33769387 -0.34616853
  0.56861448  0.47151194  0.27608091  0.5575255   0.4315257   0.64866083
  0.74337508  0.41923487  0.75116896  0.71658594  0.30090174 -0.5547267
  0.66391188  0.23088915  0.81039082 -0.07458974  0.21014029  0.52620912
 -0.20070514  0.74924767  0.37304926 -0.08777103  0.55109114  0.1620581
  0.36316461  0.66717832  0.27256818  0.57180735  0.22227578  0.50816264
  0.60139119  0.28781082  0.74229823  0.44553998  0.42181623  0.53266134
  0.71379326  0.37624437  0.49651048 -0.31207546  0.22043716  0.39399164
  0.33040117 -0.07126623 -0.02004163 -0.17024029  0.35670156  0.84624137
  0.50367787  0.08559249 -0.27831718 -0.66184032  0.63479891  0.40820697
  0.26280688  0.47046362  0.41944336  0.52839902  0.61130454  0.41792956
 -0.56633782  0.4596607   0.18885839 -0.37306029]","[ 0.69638756  0.4573185  -0.09737216 -0.16934124  0.1845023  -0.19328386
  0.61490106  0.59997806 -0.35643055  0.53265451  0.3805379  -0.15271426
  0.29793815 -0.01040463  0.19915084  0.50892493  0.27827338 -0.1727049
  0.56528027  0.73376296  0.61351655  0.45478947  0.2235428   0.57125381
  0.51705822  0.46923302  0.6903811   0.01231728  0.1152277   0.44514333
  0.62263656 -0.38758835  0.27137303  0.60480314  0.50714705  0.82061909
  0.4532161   0.70233172  0.71643183  0.52236659  0.38746372  0.622795
  0.67186693  0.49141929  0.81532514  0.09498768  0.37761754  0.61223909
  0.53949209  0.78891472  0.68319397  0.41726484  0.13759608  0.5131486
  0.71322138  0.62363772  0.27219758  0.19538305 -0.09703143  0.51273792
  0.50785623  0.35765852  0.58517757  0.52164169  0.31544143  0.54227251
  0.74934632  0.50995203  0.38877878  0.180688    0.48842937  0.24081118
  0.38858978 -0.35437292  0.32745588 -0.18925306  0.17174547  0.81088934
  0.5201534   0.30359374  0.06668286  0.61997237  0.16837333  0.68084249
  0.80869272 -0.20869152  0.47910345  0.36420293  0.50529806  0.31161077
 -0.33634549  0.32623515  0.41622355 -0.02812105]","[ 0.42327007 -0.12245344  0.60380015 -0.13780188  0.39696319  0.1066898
 -0.23027331  0.13225259  0.57260388  0.24552858  0.32242584 -0.06915784
  0.10314957 -0.10105552  0.02114058  0.55390033  0.11433914  0.03027777
  0.64812659 -0.07157189  0.39734943  0.48190426  0.42911557  0.27898144
  0.02569157  0.37871306  0.73682076 -0.1674052  -0.38873631  0.42094373
  0.51087544 -0.09755247 -0.17822543  0.49002113  0.2692258   0.69554772
  0.5520263   0.49707187  0.51835566  0.36295866  0.13179149  0.30019657
  0.44504648 -0.01138217  0.29873141  0.38526736  0.19855985  0.39153205
 -0.12017714  0.56394034  0.528246    0.30474346  0.35079014  0.4898604
  0.26139004  0.55042303  0.40836286  0.44926282  0.39647282  0.62437106
  0.24120381  0.29825463  0.61578747  0.54331822  0.56319147  0.52109543
 -0.45530477  0.24946696  0.15861092  0.68541233  0.52516998  0.40528152
  0.15644238  0.05738687 -0.17577729 -0.43910726  0.01776428  0.66806852
 -0.12290775  0.39820955  0.11132585  0.55210838  0.00508955  0.47059115
  0.41555556  0.05769533 -0.03819101  0.60893587  0.32888116  0.48393439
  0.23111073  0.25046345 -0.49319813  0.12995248]","[ 0.57790205 -0.35339588  0.33372341  0.54590873  0.51233592 -0.10609701
  0.26479322  0.04054849  0.27827165  0.61231261  0.42203445  0.2982608
  0.3940424   0.26518512 -0.17861251  0.45571132  0.21505984  0.5664901
  0.08902934  0.05364451  0.33196385 -0.24454524 -0.37659926  0.03442098
  0.02182774 -0.40656267  0.5541511   0.40992494 -0.12034865  0.474888
  0.41283107 -0.03883862  0.0966256   0.42914884  0.4473687   0.56126237
 -0.05568785  0.30814127  0.07673257  0.42193531  0.55250789  0.41711086
  0.18731108 -0.24035334  0.59978375  0.33945162 -0.34795129 -0.34207923
  0.32641131  0.76243096 -0.16765808  0.54715693  0.63776087 -0.26032245
 -0.1326038   0.31640597  0.16567995  0.38083569  0.20815006 -0.38901127
  0.18549676  0.3333472   0.62440339 -0.27754088 -0.03335058 -0.05053293
 -0.22794645  0.21704084 -0.40532566 -0.1028176   0.66904054  0.54268389
  0.20584424  0.18923518  0.67511914  0.40990575  0.40801878  0.49386741
  0.74592046 -0.0433258   0.05913494  0.56297747  0.49825179  0.20049012
  0.2266087  -0.5591418  -0.40256595  0.09071854 -0.13521717  0.36274808
  0.20801457  0.37084797  0.37520041  0.02042464]","[ 0.49228104 -0.43370386 -0.23563673  0.40914535  0.82708823  0.25932894
  0.65231944 -0.03013205  0.48516157 -0.22727649  0.20675867  0.0239406
 -0.14353896 -0.34395331  0.25746098 -0.44127598  0.39382417 -0.24784746
 -0.19282456  0.3795135   0.54359557  0.6120527  -0.43975105 -0.4115727
  0.47960754 -0.15061708  0.27599662  0.41247585 -0.0342838   0.47590248
  0.24899428 -0.31481456  0.55816886  0.14754319  0.54947687  0.17827617
  0.36931951  0.47987037  0.56623117  0.53423035 -0.22065274  0.0472609
  0.31459934 -0.30843185  0.80361387  0.36302248  0.64303832  0.40084622
  0.55200277  0.76602978 -0.18220501  0.74240037  0.36278336  0.15103422
  0.50537673  0.73480946  0.03150637  0.4857973   0.2621002  -0.09851476
  0.02785958  0.44091582  0.59962228 -0.36435069  0.68930985  0.04633668
  0.45683682  0.15349275  0.0993319  -0.53210017  0.56149175  0.66743652
  0.54491631  0.19661812  0.70451254  0.06277759  0.15544594  0.06893804
  0.23219091  0.43269209 -0.08714126  0.04685738  0.1722314  -0.03653607
  0.20174605 -0.20364154  0.5690172   0.61215467  0.13208096 -0.18936817
  0.6306728   0.29799828  0.46111673  0.53316801]","[ 0.5167277  -0.35985593  0.61478844  0.53971697  0.59666893  0.37337596
  0.4756505   0.56423643  0.31815442  0.33309674  0.32739665  0.53119849
  0.11045017  0.32668512  0.15998065  0.1912264   0.37747494 -0.35812393
  0.39529059  0.2233431   0.30808004  0.29189594  0.46766024  0.01799056
  0.1013148  -0.19734357  0.56965691  0.49299221 -0.10590546  0.24443524
  0.30511091  0.16958074  0.40093294 -0.15222544  0.69223171 -0.27488544
  0.47498685  0.42448883  0.49262901  0.47621782  0.38391147  0.4935414
  0.04201455 -0.41590841  0.62516632  0.55509693  0.78655864  0.53055423
  0.37588183  0.29211951 -0.28992365  0.42859803  0.60167015 -0.01284769
 -0.18727121  0.69009709  0.49431786  0.13666554  0.61476359  0.38771917
  0.07107614  0.34864374 -0.26348391 -0.30098763  0.72776891 -0.00324023
 -0.23134597  0.44532996  0.44223529  0.12393528  0.67872623  0.48442318
  0.76369522 -0.18347847  0.33100711  0.48540263  0.27597815  0.40806413
  0.23446825  0.71396256  0.32696877  0.11937594  0.08855345  0.49710066
  0.15700567 -0.14431715  0.11399176  0.00236884  0.50760498  0.1200175
  0.36626895  0.52550172  0.36830006  0.01547241]","[ 0.3257109   0.31810723  0.33197501  0.46065057  0.72509864  0.3507534
  0.17075295  0.53292156  0.54462582  0.38116215  0.27911222  0.23737172
 -0.19631245  0.32244885  0.12931902 -0.36929131  0.41899053 -0.31689073
  0.23707553  0.2838167   0.37024893  0.31795375 -0.32815056  0.25624849
 -0.20807262  0.45676934  0.26316986  0.6004366  -0.2325854   0.2273258
  0.34368254 -0.45752545  0.22296232  0.26672651  0.57727606  0.7500817
  0.49051162  0.18516106  0.54288712  0.57680419  0.14427318 -0.05702959
  0.56422912  0.12323145  0.32989427  0.04436872  0.36483772  0.50402638
  0.37671802 -0.00883573 -0.60968862  0.19189008  0.35023678 -0.02327468
 -0.20233921  0.66622871 -0.28682583  0.26745449  0.29201383  0.01661137
  0.41960059  0.55902592  0.50445403 -0.25650816  0.65600121  0.62390737
  0.54519384  0.52923463 -0.34491215 -0.00624993  0.64731618  0.80458489
  0.41518549  0.49225119  0.36972525 -0.1547827   0.46447581  0.3563313
  0.4783052   0.80125797  0.07130979 -0.31746656  0.17172328  0.49181215
  0.10677029  0.55201999  0.16804001  0.71760807 -0.10144642  0.40278149
 -0.16720744  0.60680274 -0.12692237  0.45771027]","[ 0.61884705 -0.1213675   0.48865981  0.52335816  0.71847023  0.55081163
  0.27173858  0.44201172  0.11027217  0.05453616 -0.11330707 -0.13191207
  0.28516291  0.32570062 -0.07971618 -0.31656826  0.53644329  0.05392661
  0.58402412  0.24653718  0.49612682  0.2507263   0.19706354  0.25317478
  0.29903341  0.19858406 -0.36595906  0.48556771  0.28427313  0.68633244
  0.44825458  0.03354001  0.67848966  0.22853174  0.53722835  0.35219295
  0.20773972  0.32489273  0.65441109  0.32455416  0.2211274   0.17605307
  0.27690557 -0.34183168  0.49871292  0.31172015  0.56537522  0.70255192
  0.29938689  0.02764518  0.12368043  0.39302752  0.57475337 -0.20427797
  0.31165459  0.51337997 -0.04142812  0.32225729  0.55476272 -0.02068363
  0.25454061  0.64195025 -0.0633027  -0.34344914  0.60941104  0.08733188
  0.3362851   0.66917339  0.17436373  0.17894009  0.70704807  0.62890008
  0.6122294   0.06865552  0.60101968 -0.15031312  0.2128617   0.58309571
 -0.39577698  0.29474141  0.3492958   0.56264915 -0.13358507  0.16202736
  0.57537662 -0.1740108  -0.10990084 -0.29871625  0.42002498  0.24698513
  0.32667224  0.62807477  0.42891808  0.40011788]","[ 5.39731272e-01  3.80538175e-01 -1.87953318e-01  4.67309087e-01
  6.22053887e-01  3.42351813e-01  5.64245764e-01  4.38015713e-01
 -1.78754772e-01  1.82653578e-01 -1.79253046e-01  2.13171267e-01
  4.89846430e-01  3.66548150e-01 -2.97897580e-01  2.04060662e-01
  2.97214856e-01  8.35668787e-02  8.54750665e-02  4.44090128e-01
  5.18252972e-01  3.58455212e-01  1.64388068e-01 -3.04935872e-01
 -2.73062088e-01  2.82642073e-01  4.08697730e-01  5.82475053e-01
  2.35313416e-01  3.23891057e-01  3.65862871e-01  1.28249387e-01
  3.37017691e-01  2.82177021e-01  3.58645730e-01  6.03229618e-01
  3.46787493e-01 -1.25607702e-01  3.55583946e-01  5.04629253e-01
 -2.69997265e-01  5.00015876e-01  7.47089180e-02 -3.06943622e-02
 -2.61003621e-01  9.09481603e-02  7.12229925e-01  4.45022527e-01
  3.28121693e-01  4.58922686e-01 -2.51681344e-01  6.17518955e-01
  5.33038106e-01 -2.02894038e-01  2.58612789e-02  5.24552693e-01
 -4.79678196e-01  6.28243954e-01  2.26527035e-01  2.12669824e-01
  4.44023609e-01  7.08427927e-01  3.97800607e-01 -3.84858943e-01
  4.55040353e-01  1.50117150e-01  7.69852351e-02  5.37962208e-01
  4.03150000e-01  3.54405177e-01  6.69861068e-01  8.42194598e-01
  6.32515590e-01 -1.30904430e-01  6.95397733e-01 -2.60310637e-01
  1.52705459e-01  6.60280480e-01  4.79538378e-01  9.70190047e-02
  3.49995508e-01 -2.35901867e-02 -1.71817948e-02 -8.08968099e-04
  6.11615731e-01  5.38914759e-01  2.52267279e-01  1.56264703e-01
 -3.88401706e-01  5.33038659e-01  5.94009524e-01  6.51670563e-01
  1.49634318e-01  6.96711370e-01]","[ 0.41087754  0.20603953  0.09229091  0.66188788  0.565738    0.34162356
  0.60662159  0.65671877  0.46466845  0.17193115  0.08710689 -0.05318008
  0.55646522  0.48374504  0.08190767  0.37676774  0.5379324   0.13364797
  0.34960251  0.56317426  0.5277233   0.38922171  0.19092779 -0.08518383
  0.67660208  0.31399144  0.38943584  0.77927769  0.37522572  0.26168732
 -0.17135997 -0.10789507  0.55860036 -0.275168    0.61888803  0.54827218
 -0.01800715  0.44851514  0.32392489 -0.05670928  0.17615813 -0.22430609
 -0.25175787  0.48042509  0.38870131  0.17380885  0.28290996  0.69992292
 -0.27213397  0.1517539   0.28599872  0.58990474 -0.28243705  0.44904615
  0.2997584   0.70186361 -0.23834263  0.48794439 -0.27376916 -0.21228425
  0.36169666  0.81677095  0.48695148  0.11395161  0.48713288  0.19773389
  0.59136633  0.69338066  0.46988577  0.44554817  0.4595857   0.72536175
  0.68217609  0.00994941  0.43968246  0.3468675   0.38734283  0.31670976
  0.37137876  0.39543385  0.31753198  0.4472862   0.26282622  0.50471669
  0.42928212  0.46160644  0.28401408  0.56402541  0.60744074  0.21839779
  0.44439479  0.60767324  0.14720752  0.70708303]","[ 0.2787767   0.52113064 -0.27128712  0.2121055   0.80754923  0.72158966
  0.71987336  0.35180853 -0.3913233   0.57929113  0.65866433  0.52881513
 -0.02243054  0.58286352  0.61996445 -0.403365    0.7512522  -0.62687504
  0.5532744   0.52902615  0.47248773  0.71292332  0.73701444  0.16606871
  0.449338    0.76739643  0.33470106  0.36983355 -0.36198666  0.63817739
  0.08365956  0.66801225  0.65879657  0.77290358 -0.01969608  0.7404667
  0.5840608   0.70793893  0.71537751  0.64902008  0.50069128  0.67137311
  0.1684548   0.61451591  0.825099    0.57922051  0.43737948  0.72936605
  0.57316492  0.30453101  0.75471053  0.8702704   0.72472153  0.7492447
  0.27821951  0.66602837  0.50894774  0.46774036  0.57856098  0.43869375
  0.39822603  0.62672756  0.54083312 -0.10079131  0.59047117  0.32074242
  0.2422332   0.33991872  0.46616787  0.75669291  0.64573994  0.57915222
  0.7716715   0.25592386  0.79982086  0.37144386  0.62596683  0.26314593
  0.66243567  0.33234156  0.51525088  0.23132795  0.4039913   0.46420885
  0.80165705  0.76757397  0.7396273   0.42625608  0.27950998  0.58393343
 -0.1792249   0.68680147  0.43576892  0.82341275]","[ 0.5905656   0.31516849  0.68497141  0.72246396  0.76900266  0.62387099
  0.72738323  0.47282703  0.07669869  0.30553497  0.56446278  0.33876991
  0.56726359  0.61824915  0.41886225 -0.39702135  0.68644156  0.24303531
  0.45277565  0.40373321  0.58456098  0.67642267  0.25285962  0.07462072
 -0.11027387  0.47130036  0.53665344  0.62585303 -0.09931451  0.63486042
  0.30061769  0.63626896  0.54586326  0.37584641  0.5266877   0.70816459
  0.52139331  0.50452479  0.51788872 -0.25712463  0.20444887  0.71729044
  0.66546501  0.49219121  0.38783252  0.02491918  0.74130775  0.667452
  0.59525852 -0.01771927  0.43240662  0.37461668  0.49610179  0.61556377
  0.66572925  0.74906638  0.28294489  0.6251041   0.26864579  0.63305011
 -0.3711554   0.67700312  0.55881627  0.0471351   0.71375738  0.43652932
  0.27733383  0.72740139  0.29309797  0.36171996  0.76423487  0.80485747
  0.78621196  0.37962997  0.75134877 -0.36040361  0.31365173  0.55028309
  0.3277462   0.62608984  0.62137932  0.38937892  0.54226946  0.38920984
  0.65801078  0.46548442  0.36696399  0.7454184   0.52214711  0.73867238
  0.63757306  0.78410461 -0.00743383  0.6255801 ]","[-0.18960599 -0.36416922  0.50218969  0.42179228  0.81119103 -0.02333474
  0.68785863  0.44856824  0.34296923  0.28450868  0.73456678 -0.06654194
  0.54431358  0.16156533  0.39716594 -0.19535528  0.70611659 -0.21183722
  0.55160404  0.3827541   0.41721339  0.61068063  0.35033125 -0.14743983
  0.21365928  0.30848981  0.68484128  0.34910533  0.34702885  0.3199906
  0.27315686  0.55927596  0.51403476  0.64806852  0.44795094  0.15834423
  0.16970475  0.6187595   0.4936388   0.36785742  0.30792377  0.50255966
  0.60944319 -0.07917283  0.6673315   0.5329015   0.55125404  0.01464288
  0.60981945  0.33708612  0.28697657  0.40130808  0.65017386 -0.41106647
  0.44569672  0.71846761  0.1721479   0.54092753  0.30526075  0.34233512
  0.26877443  0.68936505  0.37379676 -0.25883891  0.63976187  0.17470135
  0.71488395  0.62984578  0.27498241 -0.08351024  0.6320218   0.67629193
  0.69352957  0.30844151  0.53106702 -0.26804329  0.26020586  0.39975689
  0.31699778  0.53823617  0.17547264  0.21532617  0.27542651  0.36463062
  0.3379541   0.23906732 -0.29151492 -0.21844751  0.53824609  0.68185952
  0.40615242  0.53861804  0.16218239  0.4864146 ]","[ 0.59119987  0.0613669   0.1297305   0.61389328  0.78820386  0.68374996
  0.76776322  0.38649154 -0.26488551  0.47834111  0.60356078  0.22493851
  0.55401805  0.40438073  0.48188551 -0.43521881  0.63575845 -0.19383131
  0.21847508  0.1934997   0.57371708  0.68115493  0.4704753  -0.25972041
  0.51778537  0.52128789  0.4444689   0.62943948 -0.04095471  0.68489864
 -0.30945704  0.50012527  0.66066516  0.39044075  0.51982069 -0.11668412
  0.11265723  0.56590716  0.36757494  0.39758252  0.38922222  0.6308337
  0.4881141   0.19184433  0.71386306  0.69938327  0.62730162  0.53703948
  0.64282428  0.5949999   0.55280095  0.79967142  0.60237275  0.49098561
  0.65570169  0.74128404  0.51948359  0.18890149  0.53608371  0.33436804
  0.2179808   0.29975498  0.22668476  0.55113373  0.67058694  0.61130142
  0.42397082  0.59539158  0.28661535  0.37737623  0.77144717  0.36826905
  0.67889238  0.52558466  0.70532387  0.42818274  0.37572154  0.51509992
  0.53789938  0.54009056  0.42062383  0.0454836   0.61199269  0.4180138
  0.33091121  0.49300665  0.55165712 -0.00933348 -0.3634039   0.51517018
  0.71704337  0.52101385  0.14564666  0.58173341]","[ 0.56710791 -0.157022    0.35137036  0.22646193  0.5193644   0.25619711
  0.40727572  0.48162134  0.37648627  0.31401212  0.39999751  0.49922279
  0.57491938 -0.3384034  -0.20173724  0.48360073  0.48170799  0.20525708
 -0.30544976  0.08668001  0.29284748  0.43736735 -0.09248807  0.39014957
  0.43980717  0.47133909  0.79565193  0.33176082  0.55883956  0.39594457
  0.35566165  0.52212164 -0.13564553  0.75110008  0.35280168  0.5920994
  0.53837426  0.44649242  0.7306137   0.06558353  0.33381586  0.07930514
  0.53273772 -0.04130105 -0.10671289  0.24078099  0.38998905  0.20266188
 -0.15913088  0.55380294  0.62014112  0.54576854  0.12935633  0.02592582
  0.02000839  0.74054354  0.21862148  0.7255501  -0.33131202  0.17885631
  0.39370099  0.47684308  0.78694456  0.40885753  0.43961168  0.53276528
  0.39344135  0.34608278  0.3193403   0.75772105 -0.22842724  0.43117137
  0.67741631  0.33312932  0.58438506 -0.10062066 -0.04392471  0.55045514
  0.58442212  0.20115538 -0.0816114   0.41151977 -0.27759761  0.3134287
 -0.09650384  0.16534327  0.14148877  0.22613036  0.63369427  0.51468127
  0.43408491 -0.43892182 -0.01181443  0.27196262]","[ 0.60228099 -0.23340293  0.03331774  0.38332695  0.5361572  -0.06124331
  0.2351024   0.47131473 -0.11228554  0.58162175  0.50227995 -0.14247583
 -0.0412792   0.53780408 -0.13333257 -0.15830702  0.3914884   0.1623219
 -0.15002363  0.26740372  0.31345549  0.47242602 -0.43460119  0.19598486
  0.22871813  0.46344815  0.34770716  0.42242022  0.37746539 -0.01738916
 -0.30720171  0.1592309   0.29660763 -0.17519352  0.14268987  0.37589802
  0.12658742  0.48292103 -0.24625905 -0.08157529  0.25370845  0.51878058
  0.20404788  0.21446053 -0.16694146 -0.06511983  0.19217481  0.47613262
  0.0630513   0.33098404 -0.3783543   0.03513573  0.10768496  0.22124773
  0.33599647  0.70624979 -0.36419436 -0.27709621  0.30193575  0.29377761
 -0.22951792  0.30263163  0.50542799 -0.1897946   0.54300406  0.43945803
  0.40402904  0.32272613  0.40754386  0.28008005  0.75754728  0.51668734
  0.81339235 -0.21176235  0.43765794 -0.22623815  0.17962956  0.55876984
 -0.14783438  0.31301494  0.23927926 -0.23723237  0.24907983  0.26361752
  0.06810293  0.28049828  0.18440751 -0.37184013  0.28513645  0.09075717
  0.02278279  0.63322335 -0.41620759  0.13651679]","[ 0.56525034  0.23644759  0.39275462  0.26906992 -0.09719677  0.22904238
  0.70890169  0.64589461  0.49369381  0.37951009  0.29910108  0.57845958
  0.5807594   0.4861914   0.71755705  0.62372646  0.55349484  0.71236281
  0.23313544  0.63094838  0.42843531  0.49126256  0.17082881 -0.27372729
  0.67313048  0.44976983  0.47866559  0.47475873  0.42975459  0.20127696
  0.6813199   0.38311163 -0.00435765  0.57180872  0.49000486  0.7114386
 -0.23192087  0.84808301  0.72724373  0.54291325  0.81519544  0.44599872
  0.32516926  0.49891553  0.71998574  0.17047146  0.40822107  0.48945795
  0.45600743  0.68031174  0.38754844  0.50727631 -0.20136605  0.31532142
  0.55360229  0.54758364 -0.282033    0.85703439  0.31320886  0.73646152
  0.35299918  0.56008467  0.59554529  0.70279194  0.59526202  0.37824338
  0.70378853  0.78561029  0.69258247  0.51247778  0.64470546 -0.38739263
  0.79879071  0.38299834  0.64547592 -0.08337336 -0.18008906  0.83848829
  0.41492505  0.1885289  -0.54335151  0.73498932  0.58888352  0.44959248
  0.51701528 -0.36995581  0.74143643 -0.25104262  0.66316046  0.68218868
  0.62663454  0.27560856 -0.08666472  0.63525663]","[ 0.70234587 -0.48990663  0.25223943  0.46179529 -0.07575422  0.22179643
 -0.25209594  0.53101091  0.44873133  0.35095485  0.42122743  0.34900205
  0.31067609 -0.2662696   0.04670246  0.21369824 -0.19329097  0.55335388
  0.53939484  0.46415431  0.09930133 -0.17021468  0.07696493  0.48998026
  0.25526712  0.4169536   0.64056231 -0.16240172  0.62121046  0.23907385
  0.62951822 -0.11935398  0.41837208  0.32874154  0.30537173  0.54183111
 -0.11294631  0.51420416  0.45095562  0.42089798  0.09120854  0.62663183
  0.06284306  0.13084993  0.53863834  0.44689204 -0.18659137  0.34153483
  0.30409602  0.6976498   0.32889382  0.33681578  0.50305361  0.28249352
  0.27246292 -0.14212949  0.09091432  0.38301113  0.24139296  0.47144893
  0.24925953  0.66086254  0.62844247  0.18231494 -0.03285167  0.29591416
  0.39810891  0.55607179 -0.28787967  0.38988447  0.44022119  0.33073534
  0.42984303  0.44950281  0.60608442  0.3363567  -0.27155559  0.54895974
  0.08745302 -0.30528107  0.3747053   0.63543354 -0.14247767  0.07542663
  0.37217869 -0.46590821  0.10518888  0.50604931  0.52056396 -0.09084617
  0.62088916  0.26194263 -0.27396982  0.44886595]","[ 0.86723909  0.38965439  0.70176501  0.58138835  0.40674811 -0.13090497
  0.66550234  0.62659892  0.68884909  0.64320243  0.60340272  0.45071216
  0.69935455  0.36919151  0.79541786  0.62845028  0.78605127  0.68050107
  0.66123839  0.67136503  0.46286819  0.61044615  0.63327663  0.56061217
  0.55369317  0.55815381  0.85300026  0.65313767  0.4815325   0.54064816
  0.82362572  0.31804554  0.5367508   0.74672414  0.4554517   0.65628534
  0.73733796  0.87124562  0.85790384  0.77525936  0.41315217  0.86801457
  0.79972092  0.5400865   0.86505998  0.5058826  -0.04471813  0.54746981
  0.72530415  0.64315704  0.58954572  0.72366979  0.75534924  0.65538196
  0.78609501  0.76627692  0.11829849  0.67680295  0.17366981  0.73452158
  0.67221074  0.78408372  0.69298013  0.85952825  0.77267892  0.78165655
  0.74935361  0.90155761 -0.07655549  0.1750243   0.83071254  0.56376236
  0.69101023  0.59931736  0.83922097  0.49974473  0.54160128  0.7748302
  0.71115867  0.57892285  0.27532935  0.8048838   0.65869925  0.62006925
  0.8210766   0.68933854  0.55119728  0.87537174  0.84591772  0.78365242
  0.62039962  0.59298109  0.44529586  0.85227444]","[ 0.74277743  0.21415032  0.28245432  0.57440471 -0.22698338  0.51411678
  0.62485439  0.28453997  0.65768838  0.55856551  0.71620113  0.3353121
  0.50365561  0.38432755  0.23921489  0.61232093  0.22518843  0.47600221
  0.56888902  0.66873112  0.51949845  0.5990958   0.21699663  0.41130183
  0.28790299  0.63490458  0.60572582  0.04773297  0.20405276  0.60830956
  0.79883999  0.27590906  0.15835854  0.46661237  0.65857871  0.7683675
  0.53737402  0.65262227  0.65210367  0.56555219  0.53177277  0.8670993
  0.40518672  0.60204071  0.86500557 -0.17883753  0.78700386  0.40850311
  0.40992088  0.83103493  0.67327183 -0.17004129  0.72933045  0.07171874
  0.71719134  0.54740407  0.31855486  0.4838741   0.48456654  0.38445973
  0.43484005  0.76652616  0.46610839  0.53128022  0.45949187  0.63286448
  0.50885902  0.65840042 -0.23698214  0.54841425  0.63485055 -0.1467195
  0.72674201  0.35899493  0.40948732 -0.29095367  0.20420305  0.79440097
  0.49977988  0.42945148  0.14727112  0.73300938  0.08979428  0.51216774
  0.82819361  0.71397691  0.28672043  0.59344656  0.62074685  0.64960332
  0.7263047   0.61346818  0.26566349  0.62584814]","[0.85269566 0.45814878 0.65976676 0.73041226 0.63013698 0.40428609
 0.79524259 0.69432626 0.62003588 0.78838219 0.59285724 0.33469015
 0.756637   0.47632982 0.79738103 0.73078723 0.84947809 0.80950221
 0.7020618  0.71148296 0.6012248  0.72920967 0.50675966 0.75919633
 0.68427419 0.63493193 0.80184571 0.63254448 0.6632404  0.72259066
 0.81953384 0.50037591 0.54374625 0.8119096  0.53862386 0.81516254
 0.3759397  0.86395731 0.85260193 0.69708874 0.62409429 0.85816167
 0.75221178 0.53136264 0.73591386 0.38263582 0.44333372 0.74684022
 0.73795234 0.58755287 0.67451343 0.7458999  0.553376   0.73052051
 0.75419204 0.72643314 0.47006344 0.85203886 0.3456059  0.6371729
 0.66167067 0.8703901  0.60486105 0.88213327 0.83692742 0.61833607
 0.73191822 0.86548988 0.4904506  0.51753459 0.71129956 0.81052617
 0.5168905  0.7012915  0.79443083 0.5542004  0.50592533 0.84622445
 0.7531175  0.58348669 0.04988066 0.8363948  0.64817603 0.71491241
 0.85120438 0.614315   0.49508264 0.75316255 0.79677441 0.77315424
 0.57237759 0.75132801 0.5984699  0.40676091]","[-0.10232474  0.46908753 -0.24712134  0.51245991  0.51066985 -0.23267699
  0.52561217  0.53857786  0.36512776  0.46952145  0.00607056  0.35964814
  0.04229914  0.60670357  0.39093518  0.50963413  0.37989492  0.48509819
  0.44902479  0.24561674  0.23377526  0.35715437  0.53454023  0.14322094
 -0.30149051  0.58511536  0.2699607   0.63918193 -0.35017743 -0.06828746
  0.54181471  0.27643799  0.30410329  0.45494079 -0.15437181  0.74386224
 -0.11889703  0.53848555  0.21937949  0.5457435   0.56846869  0.14164123
  0.58671937  0.58674419  0.34928705  0.47815151  0.62259108  0.25842274
  0.04955769  0.31869258 -0.471024   -0.05315702  0.01040863  0.57911473
  0.42128753  0.59812211 -0.57085419  0.17725651 -0.00482521 -0.2046869
  0.23729357  0.45366185  0.39326555  0.47935175  0.0348422   0.40841074
 -0.56457134 -0.27978418 -0.39204092  0.24248607 -0.30148658  0.53722681
  0.50684831  0.165373    0.18905711  0.06327269  0.4153619   0.61793865
 -0.0533236   0.52371654  0.30527653  0.56671633  0.18949513  0.72346507
  0.28951355  0.41427342  0.62831358 -0.12956784  0.67432133 -0.3846632
  0.13691351  0.64043981 -0.39614219  0.59598624]","[ 0.73904884  0.26181709 -0.23783458 -0.47288534 -0.14990541  0.23010589
  0.695174    0.29256206  0.64492832  0.5766132   0.09558826  0.34515929
  0.5340056  -0.19275627  0.58397041  0.67251117  0.49554772  0.49281033
 -0.06551407  0.36946707  0.28685779  0.61799849 -0.30818125  0.43686352
  0.17659483  0.4762701   0.70553993  0.45544807  0.25803656  0.25869506
  0.78654752  0.12588037  0.33003724  0.66225158  0.11318637  0.74741724
  0.52979311  0.63911058  0.7166587   0.35672645  0.43820644  0.55703248
  0.56547877  0.62589997  0.70506006 -0.32766265  0.09294213  0.20701364
  0.58294709  0.4763645  -0.15177539 -0.2747468   0.57995886  0.30519379
  0.10301102  0.45717373 -0.49043528  0.40183628 -0.17623702  0.47462763
  0.55082782  0.72284583  0.50923256  0.62977904  0.44236282  0.65318206
  0.38058393  0.60084693 -0.11976711 -0.33923066  0.68388964  0.30817875
  0.73052499  0.46185496  0.31502109 -0.14480451  0.2067022   0.62714238
 -0.05185558  0.15509194 -0.26139137  0.63367424  0.45779146  0.24789155
  0.55107421  0.16919441  0.4323629   0.46404378  0.76217356  0.70673881
  0.31019425  0.50591343 -0.23741885  0.39247444]","[ 0.36484821 -0.10059894  0.71031149  0.2585057   0.51570156  0.02177814
  0.54505767  0.68296458  0.26847376  0.31686673  0.23059278  0.45827001
  0.61342488  0.28463541  0.71344444  0.34054451  0.56608896 -0.39121673
  0.51897636  0.70935173  0.61882899  0.51750258  0.38474954  0.54125649
  0.43952603  0.4361034   0.53734429 -0.33230111  0.46339223 -0.36452182
  0.68011687  0.6865627   0.35451675  0.69341358  0.58223819  0.3741914
  0.64265222 -0.31146357  0.69272747  0.80435396  0.37987068  0.78090514
  0.73485905  0.4924089   0.84046811  0.32017525 -0.53759662  0.59620808
  0.71086641  0.76337674  0.63398818  0.38547145  0.80781341  0.65605893
  0.54544602  0.77594321  0.30710837  0.78768849  0.57673349  0.6888242
  0.62279782  0.55038515  0.75873807  0.39576215  0.71174984  0.67063886
  0.75292987  0.72836098  0.48857408 -0.34167169  0.66740354 -0.38680914
  0.40639706  0.38865135  0.60214849 -0.12479199  0.6198484   0.89910132
  0.31436622  0.37685041  0.27180023  0.76516461  0.4552315   0.37293821
  0.63712897  0.63964259  0.36186245  0.77441837  0.68911468  0.6289112
  0.39718997  0.44532214  0.31745513  0.56468328]","[ 0.56421662  0.27429695  0.66582509  0.36015691  0.72601972  0.30099768
  0.17294571  0.35300694  0.25109322  0.47275705  0.24503284  0.05861231
  0.41370937  0.33755381  0.39138708 -0.26946584  0.45005723  0.20312873
  0.47399178  0.01897966  0.31016715  0.34270878 -0.17902376 -0.28436566
  0.2542451  -0.23035669  0.16402313  0.07726729 -0.12747379  0.33135788
 -0.33302679  0.0345154   0.48125554 -0.19667128  0.48648997 -0.12067277
  0.26618655  0.56265509  0.48511096  0.08260726  0.01005584  0.30522753
  0.56605122 -0.25325759  0.66371006  0.10334699 -0.37865456  0.46135434
  0.35345579  0.34408428 -0.39363403 -0.24667328  0.09752559  0.40028662
 -0.13022192  0.76433635  0.30578204  0.3330911   0.55640133  0.35391774
  0.1219907   0.57945681  0.23402766 -0.38020998  0.68970645  0.39359943
  0.30979594  0.17481116  0.26352174  0.34639673  0.19431446  0.62338188
  0.19228252  0.2501412   0.570277   -0.05764538 -0.11605688 -0.39656899
  0.3588057   0.78225906  0.17249948  0.29991237  0.35912406  0.20320636
  0.5523683  -0.43216277 -0.12257537  0.42357554  0.4618058   0.3342729
 -0.26804836  0.17946025 -0.35669692 -0.19615963]","[ 0.27451057  0.49098783  0.72844328 -0.04480143  0.64368536 -0.43475074
  0.58744285  0.11072493  0.28947899  0.37097648  0.54291626  0.03228065
  0.40395108  0.34101546  0.40351271 -0.23942909  0.14214536  0.35744328
  0.35903188  0.31700966  0.33088639 -0.26213942  0.13154699  0.18424882
  0.17781023  0.16694426  0.4787571   0.05442749 -0.02458649  0.37015857
 -0.14058331 -0.31315727  0.20839616  0.10752127  0.16209194  0.14213671
  0.01561766  0.5635011   0.12275908  0.54529605  0.0519321   0.2169353
  0.38914511 -0.08862584  0.37041677  0.01893925  0.18786457 -0.01082506
  0.25944915  0.09661224  0.19106738  0.41263303 -0.06515144  0.10478794
  0.01233247  0.52783275 -0.40316775  0.34783183 -0.17692062 -0.40167655
  0.12087203  0.32110967  0.32334055  0.12779103 -0.17360237  0.29001371
  0.33780647 -0.06606032 -0.20504052  0.09484003  0.18889571  0.47763078
  0.19194362 -0.06577032  0.42935842 -0.39739755  0.37598802 -0.19896162
  0.17853116  0.67754449 -0.33065187  0.63040473  0.21651771 -0.37790069
  0.21401929  0.45621898 -0.19365618 -0.00241523  0.64352811  0.32017428
 -0.06879277  0.24300689 -0.0538816   0.21630302]","[ 0.55861601  0.48114828  0.03391317  0.2830348   0.76533033 -0.3721913
  0.6159778   0.26822624 -0.04100435  0.43910016  0.63371156 -0.1293754
  0.52027232  0.41210258  0.20751748 -0.20219829  0.77079696  0.01543711
 -0.29288024  0.28347285  0.43317106  0.32190532  0.15683201  0.16385469
  0.3785656   0.21178433 -0.09026022  0.31769005  0.04952982 -0.2216001
  0.02234262 -0.13066438  0.56733314  0.01218479  0.26477287  0.28446931
  0.4315015   0.4318901   0.42094013  0.02228502  0.28731995  0.07700034
  0.62747789 -0.09560329  0.2807202   0.33050349  0.0646771  -0.02857822
  0.58906967  0.60730362 -0.17077389  0.26970458  0.26972183 -0.21116061
 -0.20430213  0.64486603 -0.18747758  0.39766063  0.12689291  0.31427578
  0.31597636  0.34334168  0.54786525 -0.01151002  0.39431537  0.370187
  0.66296581  0.50289445  0.39629062  0.18029489  0.64378147  0.65877186
  0.26739161  0.10909002  0.46698118 -0.0977924   0.33527115 -0.36465469
 -0.09336425  0.76461435  0.37213077  0.29525198  0.14325397  0.43738451
  0.16129072  0.35269152 -0.42048108 -0.14726169 -0.45088844  0.6186079
  0.20458779  0.19285453 -0.06930684  0.27246055]","[ 0.21494179  0.34394419 -0.23255896  0.0533761   0.3118637   0.36489841
  0.47625277  0.27004633  0.50296032 -0.25224431  0.50876688  0.2528807
  0.37829435 -0.50183694  0.46514679 -0.31433298 -0.03873299  0.16357246
  0.00596873  0.17683628  0.51224732  0.13623013 -0.18408558  0.14332901
 -0.4086766   0.27140479  0.58557122  0.14606081 -0.20271395 -0.16770609
  0.70399674 -0.16173256  0.59950615  0.22403632 -0.19065029  0.40918113
 -0.01304416  0.21036717  0.5583191   0.55960009  0.43581382  0.13033457
 -0.08688308  0.50631528 -0.15130152  0.43252568 -0.08357961  0.43700414
  0.18302291  0.49496948  0.31451456  0.22365331  0.14200712  0.26288028
 -0.01592501  0.56575611  0.03188841  0.56896349  0.17938302  0.05010552
  0.31842026  0.4642883   0.69654385  0.48360615  0.39756918  0.44718475
  0.38752216  0.20619227  0.23787154 -0.35550732  0.10733385 -0.25262062
  0.65388516  0.35445392  0.08456454 -0.12756147  0.06271851  0.36214687
  0.23218297 -0.06630366 -0.03076286  0.84152199  0.07732332  0.01647036
  0.47722642  0.50945699 -0.30116031  0.54174539  0.04152328  0.73568046
  0.65722697  0.19076329  0.35768771  0.22259366]","[ 0.31408646  0.27987378  0.0334712   0.55079366  0.56414772 -0.04063026
  0.23660121  0.38993713  0.30038977 -0.28042441  0.19438377  0.62827024
  0.57200304  0.3017704   0.39506037 -0.61849223  0.61129955  0.62598288
  0.39085914  0.4750274   0.59629094  0.21565746  0.32451242  0.3089149
  0.43222805  0.24620106  0.80290551  0.54351737  0.52509531  0.06982483
  0.72034477  0.68098864 -0.33337641  0.62404605  0.41353508  0.65963777
  0.56634809  0.60603003  0.40536465  0.67045815  0.58173637  0.49348752
  0.61665499  0.39927469  0.66047655  0.44667296 -0.37877559  0.14169048
  0.14713641  0.7380193   0.83238532  0.46180659  0.57610488 -0.07926827
  0.31381856  0.55007147  0.177393    0.74592382 -0.14756907  0.40632245
  0.32052195  0.16685925  0.76205092  0.56847656  0.58421297  0.30625368
  0.50050069  0.47452953  0.49573367 -0.14096993  0.49301981  0.56012808
  0.19540074  0.52516619  0.24133342  0.20421875  0.53399072  0.77016203
  0.06928716  0.71597814  0.36103784  0.77620483  0.37856262  0.51092744
  0.61679028 -0.38111245  0.2885323   0.58971529  0.51564074  0.60511898
  0.17443848  0.36739685  0.07610994  0.41516949]","[ 0.43168607  0.33558187  0.18742413 -0.09252937  0.19936307  0.42555524
  0.47485901  0.53150371  0.24058993 -0.1545253   0.29102099  0.56457193
  0.43491746 -0.17509384  0.5818364  -0.16752439  0.46100702  0.64492259
  0.46079611  0.30161857  0.48186607  0.40555575  0.33824605  0.38443501
 -0.29770713 -0.00285662  0.6990826   0.04384121  0.36624707  0.4023208
  0.66669304  0.51768639  0.22967768  0.43494582  0.39890036  0.64746229
  0.23849004  0.50947904  0.74633775  0.65144272  0.44345287 -0.27801742
  0.6065037   0.2014608   0.84443678 -0.10759471 -0.02790543  0.08171276
 -0.1917843   0.72889897  0.45723463  0.1614227   0.71320427 -0.01540372
  0.45154682  0.72697107 -0.45720727  0.70856759  0.14841429  0.57790043
  0.3873402   0.35386657  0.74223791  0.52055422  0.4113111   0.43632544
  0.68047272  0.28264376  0.24206151 -0.24443302  0.08619874  0.64738926
 -0.34577678  0.52539324  0.23437342  0.23669934 -0.09941522  0.76841731
 -0.20294834  0.21141621 -0.54948692 -0.1197447   0.30548717  0.328225
  0.6020875   0.45258328  0.14452249  0.40612129  0.55723417  0.67136377
  0.19075661 -0.05399015  0.36244776  0.33284485]","[ 0.415651   -0.00962635  0.27388674  0.53874333 -0.16896563 -0.02785055
  0.25195263  0.62105922  0.4506643   0.62750397 -0.07233339  0.59758635
  0.31396589 -0.47364014  0.66745944  0.37781451  0.51845023  0.05346248
 -0.53466098  0.33935241  0.2056831   0.3521269  -0.01623181  0.05433993
  0.60258086  0.25931631  0.75686073  0.3089091   0.49332023 -0.10919137
  0.43720226  0.41959854  0.38149545  0.32447242  0.23368371  0.48185106
  0.45398869 -0.0137388   0.55043293  0.34032627  0.3178592  -0.26022935
  0.07756989  0.52195644  0.55463534 -0.44201528  0.69724269  0.37140557
  0.30558027  0.50587359 -0.14928235  0.33072153  0.4171935   0.11982071
 -0.36658671  0.32028586 -0.45752761  0.5452247   0.27968373  0.3891238
  0.64865584  0.61015125  0.47717726  0.7139631   0.05247244  0.40537119
  0.61070851  0.60721776  0.64926122  0.17974883  0.19740733 -0.07573291
  0.73320986  0.28050212  0.50537853  0.24030613 -0.28018331  0.69881487
  0.32774392  0.08741424 -0.45448653  0.4377494   0.54529556  0.57202945
  0.39563959 -0.52600861  0.65197033 -0.37706124  0.59350504  0.56890311
  0.58418632  0.31144484 -0.07962027  0.66780791]","[ 0.27041979  0.32752707  0.6579513   0.26885846 -0.38500611  0.23473253
  0.48883011  0.68307614  0.40336963  0.39721665 -0.24637008  0.12212308
  0.57546374  0.30063808  0.787963    0.52366469  0.61670723  0.71507276
 -0.14939987  0.61586573  0.37948     0.43830693  0.18624245  0.09397116
 -0.21921804  0.56896826  0.78823382  0.53125908  0.12439589  0.00418606
  0.63597594  0.47456211  0.08298429  0.55324061  0.61296563  0.63458947
  0.32481456  0.80060704  0.76389836  0.43788548  0.73249145 -0.00097699
  0.64764957  0.41678035  0.78665767  0.29285549 -0.29574735  0.54063951
  0.05985877  0.73979827  0.41752798  0.53069675  0.03950958  0.56603508
  0.47594653  0.62933453 -0.18387718  0.8733102   0.26877694  0.72816332
  0.36997099  0.72733429  0.74527501  0.7389657   0.58680035  0.12245853
  0.6849801   0.70856892  0.66108943  0.43559404  0.52489233  0.66201605
  0.75780183  0.4473657   0.40951297  0.57235692  0.20764215  0.85836974
  0.28891839  0.27534356 -0.34554379  0.67226519  0.45680002  0.40830962
  0.58288745 -0.08553749  0.66615798 -0.03822123  0.75036325  0.57678161
  0.5651928  -0.08046981 -0.10935     0.62289435]","[ 0.30622438  0.06152769  0.10289237  0.39511104  0.46068774  0.63781317
  0.52074017  0.70373978  0.45386514  0.35253294  0.08807385  0.09365898
  0.46047466  0.31639869 -0.00854944  0.45922422  0.57235806  0.45939966
 -0.43643344  0.49067942  0.56708566  0.47142457 -0.40825368 -0.05672744
  0.61011551  0.22630282 -0.00432673  0.77390968  0.33464584  0.55643459
  0.55946855  0.16420912  0.48353723  0.57170204  0.59761675  0.62243062
  0.46283713  0.41320908  0.73832697  0.64583179  0.51073297  0.34341802
  0.8053514   0.50432591  0.40638045 -0.44767345  0.79512285  0.51407236
 -0.16943796  0.20946416 -0.02550307  0.56929747  0.52754272  0.55251089
  0.41240155  0.69904123 -0.17279158  0.44728711  0.24062407 -0.33857992
  0.01977521  0.67952698  0.60626261  0.2239749   0.57724396  0.33459987
  0.2829724   0.43078633 -0.43113918  0.00383611  0.18499922  0.28049191
  0.38156746 -0.11622661  0.39135714  0.35732085  0.45312224  0.81594426
  0.34230725  0.31395084  0.41637964  0.57693956  0.56449925  0.61855544
  0.46373899  0.62588092  0.57634672  0.3234154   0.60716112  0.31967221
  0.41754172  0.7035741   0.28748371  0.48472522]","[ 0.68420176  0.03803881  0.15079348  0.47875958  0.39305464  0.51340057
  0.69804802  0.69671393  0.58757907  0.36256491  0.49461079  0.32612266
  0.60248845 -0.20174708  0.80800446  0.43365392  0.29617474 -0.39655718
  0.02226043  0.37069656  0.46306309  0.59473751  0.21269522  0.41621418
 -0.04564495  0.27547629  0.81368615  0.6424277  -0.38717194  0.64093672
  0.75329794  0.41542733  0.42931958  0.78122495 -0.04108893  0.81592226
  0.58250058  0.80714776  0.79353335  0.80759104  0.4605347   0.22048884
  0.71291192  0.71828491  0.74391033 -0.24579827  0.41548352  0.5530328
  0.34540323  0.73540858  0.6942821   0.77784491  0.49270682  0.35096969
 -0.4049793   0.74965137  0.1501516   0.77052271  0.71208912  0.26406133
  0.60716544  0.52995918  0.74724049  0.61687681  0.62250819  0.5144354
  0.52402361  0.60986316  0.55175187  0.54711636  0.74346654  0.15171649
  0.70841143  0.50536261  0.41631894  0.37611094  0.45703018  0.65731257
 -0.2825494   0.35869298  0.14654453  0.83398755  0.57374674  0.6104021
  0.64914825 -0.2935077   0.67330498  0.71834127  0.68856342  0.63084113
  0.35556384 -0.07618619 -0.08076651  0.68485115]","[ 0.64020289  0.48744384  0.2484336   0.55853678  0.57844795  0.61449739
  0.76677099  0.62576281  0.25503358  0.42768567  0.66517997  0.65182238
  0.05797762  0.34213187  0.65144528  0.276838    0.45047852 -0.42817584
 -0.13497678  0.10551977  0.49663125  0.35701962 -0.05439772  0.26351138
  0.33635016  0.49890252  0.812402    0.75283333 -0.12621547  0.03722901
  0.65760928  0.53492351  0.47516414  0.6328346   0.11443876 -0.27504471
  0.05361744  0.4358486   0.73844808  0.67497382  0.38827741  0.20120777
  0.61167334  0.54215941  0.20571065  0.27940516  0.54316526  0.48061667
  0.13346415  0.0815849  -0.06222298  0.54293269  0.21602562  0.63394281
 -0.20706692  0.5849735   0.41088825  0.40025591  0.27526453  0.25478489
  0.01161964  0.1640229   0.73042259  0.46180314  0.6119537   0.60598879
  0.47729836  0.63132235  0.47154768  0.30074723  0.01891367 -0.06410279
  0.68331253  0.36653953  0.59933091 -0.24668079  0.1656768   0.55701487
  0.18615277  0.16708933  0.13032838  0.577047    0.38124765  0.43230035
  0.5831268   0.72504281  0.47998037  0.44026308  0.58704486  0.66560868
  0.7452305   0.37167137 -0.01259269  0.53644059]","[ 0.48417349 -0.08876449  0.10273118  0.18206475  0.23468363  0.29790025
  0.69798576  0.67075954  0.51854171  0.45671861  0.00296328  0.50877847
  0.52003536  0.19994207  0.51161658  0.42189885  0.46333593  0.41262061
  0.29777461 -0.35430792  0.16597744  0.1077363   0.41086912  0.12677713
  0.29748455  0.34256372  0.44664619  0.63336422  0.42143911 -0.18036437
  0.55890605  0.56321204 -0.01897884  0.71148633 -0.11599761  0.59114148
  0.49584349  0.38123646  0.59392962 -0.15732303  0.23083592  0.33492247
  0.60126156  0.48842793  0.56251473  0.00725057 -0.33019675  0.53271377
 -0.06483376  0.58698053  0.370397    0.64234971  0.34163346  0.51666283
 -0.21431543  0.53882929 -0.19342444  0.67361037  0.11413161  0.50101818
  0.25596283  0.16272639  0.68791764  0.47107756  0.09531893  0.32093337
  0.22491131  0.56324927  0.44570707  0.09914242  0.58097556  0.04948518
  0.11446871  0.52542369  0.4529795  -0.04148147 -0.45012045  0.61723371
  0.46463488 -0.07112188  0.5962903   0.68253049  0.42714042  0.69050062
  0.30796292  0.74222474  0.40503032  0.50330832  0.39285069  0.33375636
  0.37635708  0.681401   -0.01104373  0.18152155]","[ 0.73675802  0.15157777  0.47313129  0.41828904  0.27479604  0.36494986
  0.60555595  0.71334116  0.50126026  0.54431271  0.17195281  0.52493907
  0.66305371 -0.47434432  0.69818237  0.53988802  0.59941647 -0.27141768
  0.25560433  0.54366688  0.61723222  0.57219196  0.32477889  0.50026591
  0.51448315  0.39247053  0.80758199  0.71524319  0.3442532   0.45024126
  0.7998658   0.17501127  0.59025573  0.79962662  0.22869704  0.62655099
  0.45770343  0.62947899  0.83117514  0.77258964  0.52388678  0.5939452
  0.66392096  0.71719608  0.75006881  0.46923926  0.747905    0.66576101
  0.32962757  0.57923101  0.29926341  0.7964835   0.56234593 -0.0453129
  0.37039219  0.67275664  0.20789257  0.50944656  0.64094458  0.59226882
  0.23895586  0.4982122   0.79678534  0.76595393  0.81573981  0.72685294
  0.5526711   0.83794397  0.60814318  0.27725138  0.75787458  0.48297893
  0.75466795  0.70588473  0.56404866  0.46988931  0.18017131  0.67779034
  0.35541866  0.34189438  0.48408588  0.75571022  0.53622595  0.6656584
  0.70581302  0.21581757  0.42198443  0.73815908  0.70429681  0.61618633
  0.71081819  0.36801026  0.39286919  0.53760896]","[ 0.55063237  0.32447489  0.25081927 -0.03578174  0.33157927  0.4793871
  0.75700017  0.16725844 -0.20890172  0.61089093  0.63243023  0.30819072
  0.50850475  0.49264407  0.09916097  0.2437945   0.65952201 -0.18873796
  0.3404214   0.29415457  0.54762982  0.07683443  0.40606833  0.35214684
  0.53747775  0.48737371  0.10916496  0.42760023 -0.15839118  0.04578696
  0.26681385  0.09594343  0.64727406  0.5794417  -0.04425811 -0.42491591
  0.46642442 -0.39058458  0.37933978  0.42983437  0.34720908 -0.23592351
  0.3964199   0.34998275 -0.24761316 -0.23687125 -0.25747976  0.469316
 -0.42740092  0.2801642  -0.1688871   0.35867067  0.31760777  0.2999776
 -0.30572166 -0.08335775  0.09757543  0.31297184  0.18913853  0.13903273
  0.27266441  0.49111765  0.5868895   0.64081188  0.11458616  0.54888425
  0.64001169  0.48549191 -0.0989011   0.05773555  0.28187003 -0.10764755
  0.36957273  0.27339186  0.24256961  0.34901288  0.30317846  0.49373639
  0.3964128  -0.2365587  -0.10493735  0.18433062  0.32556499 -0.00159389
  0.20167085  0.7941062   0.44828087  0.46256109  0.46468955  0.09031361
 -0.11473689  0.68247805 -0.45908012  0.3079535 ]","[ 0.88594465  0.59486878  0.84208076  0.81680029  0.72341316  0.59769108
  0.85892912  0.80729887  0.73094996  0.84548301  0.62030842  0.63494072
  0.86957486  0.60597755  0.74267209  0.73928462  0.92850974  0.77940651
  0.65704039  0.61006067  0.80401861  0.83638743  0.62334512  0.68022362
  0.80796058  0.73263718  0.85943077  0.89442435  0.72918347  0.82425926
  0.81083235  0.50280247  0.68882992  0.87319649  0.63975724  0.83308173
  0.81828327  0.88044512  0.91990836  0.77957704  0.72031835  0.89541466
  0.8348963   0.7959268   0.8063362   0.58218995  0.38846533  0.79759264
  0.73989115  0.58921238  0.73021465  0.87229031  0.54710465  0.8908482
  0.87203059  0.84292716  0.69218664  0.88432725  0.79913795  0.77578351
  0.42580191  0.8602796   0.84658024  0.87625115  0.86645894  0.59208723
  0.82278196  0.87195157  0.90975301  0.84360802  0.80245901  0.79515932
  0.7327852   0.76321095  0.88460597  0.75710743  0.58088808  0.88143604
  0.76598771  0.79704277 -0.08530575  0.8790135   0.76448035  0.54724384
  0.8288427   0.68803019  0.8164753   0.75721055  0.856619    0.88212517
  0.91158862  0.78537443  0.53203194  0.84891827]","[ 0.65199874 -0.22719957  0.08495765 -0.31729483 -0.37423559  0.12983659
  0.70869736  0.71769852  0.51278399  0.6427264   0.16103665  0.49869251
  0.58744453 -0.34679327  0.22797551  0.47938413  0.62110689  0.35919018
 -0.54631448 -0.21710923  0.39027941  0.39655406 -0.13397278  0.33403827
  0.65673723  0.44233956  0.61260919  0.46734587  0.50774926  0.36724249
  0.54663452  0.35388707  0.62396606  0.83242475  0.18039498  0.43648522
 -0.03534552  0.3619542   0.73287243  0.36476781  0.533314    0.36168653
  0.61481541  0.26040152  0.31916732 -0.35241595  0.48963146  0.51073085
 -0.02909907  0.22487158 -0.12073461  0.50043734  0.37387127 -0.35157476
  0.11074601  0.5460665  -0.43245415  0.07633999  0.11083701  0.47783528
  0.18123509  0.5155415   0.62042926  0.48992177  0.05180353  0.57852953
  0.53942078  0.49159518  0.71306914  0.30952568  0.65111154  0.24917455
  0.4907391   0.39607091  0.11047587 -0.12134425 -0.14704055  0.72706047
  0.33783117  0.01714458  0.09410776  0.68458771  0.12669928  0.05714456
  0.47879606 -0.51672518  0.67822917  0.10554683  0.67824772  0.67274809
  0.30307276  0.14777273 -0.11985826  0.43609131]","[ 0.63704667  0.17852128 -0.02398213  0.28014098 -0.18182006 -0.23477
  0.57964426  0.1894692   0.4839342   0.39575     0.27910314 -0.09355591
  0.54136779 -0.20542102 -0.26375018  0.43829103  0.24077756  0.42307308
 -0.2269321   0.28102538  0.38361175  0.45001192  0.22914611 -0.19621437
  0.01579426  0.51554427  0.70027553  0.41430368 -0.11184842 -0.35569572
  0.29776312 -0.01738758 -0.04757855 -0.11845862  0.17322509  0.58219399
  0.51435759  0.47487862  0.34711261  0.4543482  -0.16888698  0.23308201
  0.15962171 -0.32407737  0.00146657  0.17527336  0.3098763  -0.19672345
  0.19128849  0.12540782  0.10011041 -0.27615867  0.3870327  -0.45710654
 -0.237268    0.40362387  0.33595515  0.47148833 -0.18291872 -0.30446019
 -0.4150052   0.4030598   0.72582284  0.48636772 -0.14869995  0.39152209
  0.16612856 -0.14066947  0.4705101  -0.01034692  0.27006609  0.49187494
 -0.00744506  0.5214053   0.45686519  0.00781745  0.11512139  0.65385124
  0.04817338 -0.23580589  0.15125204  0.87393492 -0.2347778   0.19681219
 -0.36698174 -0.37065528 -0.23732674  0.07031167 -0.40888235  0.73267238
  0.56977398 -0.34931089  0.42379472  0.4347998 ]","[ 0.83707937  0.6672045   0.4396209   0.65332405 -0.16985939  0.29623536
  0.30665534  0.50600133  0.72453126  0.43802142  0.79731201  0.55052104
  0.59577037  0.36266839  0.59627884  0.4373442   0.53845854  0.65672763
  0.56588832  0.51152086  0.3159904   0.59647866  0.46558594  0.66653636
 -0.06865927  0.6106253   0.77264987  0.45855954  0.31097446  0.65465402
  0.50533297 -0.21792238  0.51247649  0.39071273  0.51340122  0.58918765
 -0.21188161  0.38663045  0.58415889  0.56562639  0.34704173  0.5203316
 -0.09368494  0.47164746  0.66375236  0.13359618  0.26635677  0.64403631
  0.58103405  0.76116049  0.44423359  0.19320217  0.54312944  0.32768932
  0.5867423   0.29529669  0.24896545  0.62145113  0.31783732  0.45609067
  0.2793687   0.59295929  0.58448547  0.50031525  0.37922179  0.58146006
  0.40807516  0.49208574  0.29525718  0.40929842  0.32696224  0.37213191
  0.70758243  0.37642955  0.31018088  0.46363692  0.39387881  0.50577885
  0.20824108  0.68340146  0.2266987   0.75729263  0.2029638   0.20053033
  0.41036999  0.74066332  0.15111429  0.51397879  0.64578189  0.61687152
  0.65160437 -0.02311213  0.07924016  0.33166689]","[ 0.40812551  0.27793777  0.34395377  0.40923233 -0.04162226  0.27276576
  0.33254849  0.64424689  0.72957506 -0.14534893  0.44866305  0.45273658
  0.1815924  -0.44004388  0.23920193  0.54694473  0.63138573  0.23091864
  0.10697201  0.44960543  0.46404699  0.28658163  0.56445709  0.72120088
 -0.05934761  0.29643823  0.7685174   0.38205459  0.39578368  0.33055708
  0.5240845   0.08282292  0.39643898  0.55884555  0.483487    0.70356324
  0.34907514  0.45449351  0.69245407  0.40077164  0.55879051  0.22296131
  0.09206193  0.28557078 -0.1907657  -0.04704612  0.01336779  0.20032003
  0.43708154  0.59577341  0.35420666  0.42854446  0.55807735  0.14531097
  0.1598091   0.53470072  0.3098915   0.84110764  0.13879912  0.188557
  0.22429726  0.57243568  0.72627375  0.51184345  0.44769711  0.70961651
  0.23966671  0.38686014  0.51521926  0.58185431  0.47469839  0.49266024
  0.26384927  0.58897906  0.49284292  0.13886156  0.49365972  0.61271704
  0.40419044  0.52405552  0.19603793  0.82524107  0.3304877   0.5200425
  0.31758036  0.66442573  0.16109959  0.22466572  0.57137128  0.39757813
  0.25201354 -0.34892773 -0.00365152  0.30672631]","[ 0.90576411  0.85329462  0.4813475   0.57297644  0.21464342  0.54216925
  0.61569687  0.46178799  0.64446701  0.55723234  0.8212775   0.65580183
  0.52935896  0.38746643  0.6017926   0.50995532 -0.23246606  0.63486267
  0.77141496  0.70093619  0.47338257  0.70624876  0.3211008   0.70823223
  0.06239643  0.62681727  0.80540229  0.35523301  0.57279171  0.59638849
  0.59732734  0.49061272  0.63397839  0.41067299  0.63185031  0.63626708
  0.45947595  0.59478227  0.79716963  0.43741859 -0.09848455  0.59760786
  0.3298579   0.63232127  0.63473064  0.40265856  0.58274932  0.64495157
  0.42697418  0.86284812  0.48887184  0.44672836  0.57035237  0.57612161
  0.65085952  0.19676548  0.28487296  0.45824289  0.42349036  0.37391156
  0.28115556  0.64451381  0.49243042  0.75824691  0.37022105  0.73163651
  0.6193532   0.49900367  0.13954852  0.41469923  0.42820411  0.44754456
  0.74749888  0.33289831  0.31718313  0.34537793  0.18320675  0.3316679
  0.01502061  0.62771163  0.28302246  0.6347179   0.23583483  0.15774314
  0.54754991  0.81195517 -0.12907683  0.59135748  0.65347305  0.58692043
  0.78349931  0.2606389   0.41588566  0.60282871]","[ 0.76121578  0.8140926   0.36443904  0.53022868  0.05981246  0.54387821
  0.5178004   0.42089617  0.65649827  0.34341928  0.86289179  0.56062128
  0.74049029  0.3728481   0.43267336  0.37420132  0.52637891  0.53889284
  0.33894444  0.24533985  0.33453275  0.78587501  0.40751541  0.69497735
  0.28383649  0.54837445  0.66338685  0.4774858   0.37650214  0.33141633
  0.59124995  0.37909787 -0.05703371  0.49674606  0.638072    0.57759766
  0.57795501  0.65291245  0.74151466  0.45956787  0.40904589  0.44850698
  0.31702864  0.40357698  0.6443029  -0.13080496 -0.0847736   0.5591636
  0.51628966  0.52309813  0.68375897  0.236592    0.32297376  0.47419894
  0.75425553  0.4245018   0.36654062 -0.34627291  0.11579152  0.34907792
  0.32913876  0.68942374  0.65863937  0.75861467  0.43061668  0.66644328
  0.33735303  0.60758066 -0.35838531  0.73005056  0.49842785  0.09505411
  0.74486443  0.34930405  0.21896574 -0.04882669  0.40252845  0.40099772
  0.50225147  0.67306809  0.34642612  0.69378396  0.21605959  0.61536907
  0.61058318  0.75981308  0.17274042  0.74749083  0.51716676  0.66002301
  0.72696164  0.36198824  0.25089601  0.5435159 ]","[ 0.68973124  0.50407812  0.65789388  0.4698645   0.31720859  0.2713482
  0.3496416   0.78184476  0.75756616 -0.04151091  0.55411213  0.62919895
  0.6162415  -0.22811409  0.5003339   0.60273966  0.61196436  0.10790595
  0.39749498  0.60683961  0.33525188  0.69747558  0.64343567  0.78411731
  0.5283761   0.47485964  0.85229777  0.56167206  0.38666048  0.54427651
  0.56116166  0.56365725  0.16756313  0.69990391  0.58025835  0.72306937
  0.55474523  0.68347586  0.83860322  0.51253228  0.64344949  0.35016012
  0.34891271  0.47895043  0.4820382   0.17507521  0.50421847  0.23074579
 -0.01034338  0.70077594  0.71927672  0.708543    0.39559096 -0.34705032
  0.56591089  0.51677921  0.51803551  0.88996586  0.68088939  0.65291051
  0.44684882  0.7942042   0.7889303   0.7899688   0.58923244  0.77203046
  0.39415989  0.5489459   0.55774696  0.7821784   0.51130438  0.74561489
  0.6929445   0.65708931  0.50390441  0.51109329  0.66594128  0.79750708
  0.64710359  0.43899367 -0.00563143  0.86228135  0.51212989  0.5834925
  0.4627574   0.74661319  0.35098252  0.58650428  0.81175594  0.62450873
  0.40644183 -0.18858214  0.2892289   0.29007507]","[-0.14185527 -0.04682195 -0.03902407  0.26486394  0.08120145  0.53734914
  0.20658978  0.60414288  0.10808535  0.18073528  0.64067604  0.27744292
  0.15624223  0.2793285   0.59217897  0.22019528  0.1919745  -0.06365179
  0.32999325  0.30535613  0.19776364  0.52571827  0.25540038 -0.10004826
  0.42964353 -0.2171095   0.73653681  0.04905903  0.70951759  0.58848309
  0.13073692  0.12843025  0.66370259  0.47629681  0.16924057 -0.17781009
  0.39204135  0.14507604  0.12942638  0.32864483 -0.41126492  0.47204497
  0.17748215 -0.31094721  0.40242537  0.73969363 -0.1671532   0.14523056
  0.49740593  0.57046183  0.34186624  0.63985395  0.17845133  0.5187444
  0.45180968  0.1186444   0.35829774  0.63054832  0.52039606  0.4227404
  0.26170007  0.1802471   0.28181353 -0.03238431 -0.15814731  0.0519833
 -0.25944338  0.40596822  0.33104754  0.82739076  0.4495433   0.26625175
  0.08918358  0.18345012  0.38766271  0.40022216  0.35602396  0.74663759
  0.67409975  0.52757551  0.58816443  0.3059421   0.32281704  0.35874544
 -0.10217823 -0.27627468  0.58471804  0.24399877 -0.00254304  0.44209199
  0.46293755  0.55133166  0.42398587  0.62517269]","[ 0.84161962  0.51497132  0.4902627   0.60573628 -0.11878444  0.51203297
  0.26974221  0.28444139  0.73524275  0.17113189  0.72913375  0.47674061
  0.53165949  0.39464057  0.42925919  0.49513932  0.53945916  0.37132239
  0.46659736  0.53591201  0.2112495   0.56190473  0.3285298   0.52673349
  0.14947533  0.4561928   0.79197794  0.42313502  0.39897249  0.45147307
  0.58806418  0.32852636  0.04375839  0.32264335  0.72527675  0.46310418
  0.41327528  0.44589647  0.72233155  0.49509146 -0.16902953  0.6663987
  0.18934152  0.55962922  0.59526231  0.19410173  0.68995318  0.50769549
  0.1483075   0.84106446  0.46831045  0.12692486  0.30212778 -0.01057492
  0.52262511  0.30865412  0.47711966  0.42433221  0.36807658  0.28858971
  0.28882159  0.64951294  0.72199567  0.42672156  0.40823641  0.71980258
  0.43518383  0.70460912  0.26429812  0.45989001  0.33473989  0.41767233
  0.64350169  0.4102346   0.34648829 -0.20245143  0.30794613  0.57178645
  0.12100902  0.45268967  0.2027151   0.70772353  0.14686027  0.15917152
  0.57359489  0.70125685 -0.16407384  0.69022937  0.54567393  0.64492376
  0.56751492  0.02568838 -0.28813567  0.16037537]","[ 0.7619278   0.42447406  0.50977879  0.24482138 -0.02884904  0.34262467
  0.01736886  0.56359951  0.67967591  0.06127896  0.25347596  0.38702243
  0.62795207 -0.44987524  0.28111419  0.52814504  0.63049053 -0.00535691
  0.49312462  0.35831041  0.27971146  0.41624748  0.5653793   0.59429117
  0.2205344   0.49894952  0.84656376  0.31037662  0.34267716  0.20048422
  0.36883391  0.4966606   0.16525453  0.66933457  0.61436352  0.58902812
  0.50823567  0.52329862  0.79474847  0.38888364 -0.06771858  0.46677667
  0.21055557  0.39936594  0.16558216  0.10924671  0.42276511  0.23842134
  0.43834084  0.57500274  0.49655197  0.68226855 -0.38343255  0.62595665
  0.46401905  0.39075436  0.50931847  0.8320401   0.4092462   0.32811136
  0.27325547  0.66858858  0.77967556  0.65772055  0.42274047  0.69229522
 -0.16507879  0.53367451  0.56829212  0.8185312  -0.08179228  0.57880085
  0.55082139  0.4187929   0.2927935   0.32191373  0.6120817   0.61615285
  0.52211339  0.39074332 -0.05282375  0.78773836  0.25406198  0.51750054
  0.47218773  0.48313618 -0.15992109  0.69635026  0.67420713  0.62787295
  0.09751207 -0.2237216   0.01387701 -0.27596759]","[ 0.42611409  0.33065943  0.17597794 -0.14601191  0.08129554 -0.14801606
  0.19003716  0.35055371 -0.05016441  0.52858993  0.23480465  0.39159174
 -0.20522565  0.4284784   0.00718496 -0.27583513 -0.13774843 -0.2066114
  0.56735849  0.14461176  0.06251434 -0.32691313  0.1936049  -0.37201124
 -0.25043337 -0.3023378  -0.23107363 -0.10956172  0.65113669  0.27407279
 -0.01014295 -0.13371346  0.26017366  0.10092941 -0.10306544  0.2622683
  0.48636707 -0.2411458  -0.25664324 -0.30288159  0.07458578  0.27894604
 -0.28062061  0.45958728 -0.35169563 -0.22019996  0.1919309   0.20015238
 -0.15775029  0.38233429 -0.37972371  0.43092105 -0.178668   -0.08388739
 -0.04575413  0.27265341  0.2135123   0.43154721  0.18698575  0.38045696
  0.49893646 -0.00688454 -0.05889099  0.3348439  -0.18500259 -0.07909561
 -0.20475613 -0.38284623  0.41109836  0.42703614  0.52930747 -0.21769653
  0.57457544  0.17157635  0.57942746  0.28536635  0.24276058  0.49903962
 -0.01997142 -0.23467706 -0.22323063 -0.25011661  0.31165966  0.29155461
 -0.2414189   0.22017779 -0.28776815 -0.03464356  0.37252126 -0.39257448
  0.23276712 -0.06947387 -0.54687776  0.35858779]","[-0.31920117  0.32313112  0.46952945  0.72092314  0.83908784  0.59719869
  0.46410939  0.20944369 -0.32341342 -0.18760075 -0.14985092 -0.17863725
 -0.19058845  0.5028997   0.55983688 -0.19967382  0.70661397  0.7339126
  0.29998495  0.24872916  0.50177275 -0.49183774 -0.18303845 -0.60184444
  0.75797343  0.65534777  0.4234012   0.53841526 -0.06902631  0.51867018
 -0.31459642  0.35755294  0.25222439  0.50005556  0.53936055  0.56161906
  0.42052731  0.48695929  0.4592391   0.3625314   0.427916    0.31165173
  0.55919425 -0.13063114  0.77767231  0.12977912  0.60312843  0.26279844
  0.52544865  0.43100374  0.27221698  0.77965613  0.472428   -0.15332145
  0.71787283  0.49289365  0.24902688  0.44230936  0.49665135  0.28240398
 -0.07100444  0.66298814  0.23759634  0.72195914  0.66883602 -0.05504496
  0.64557398  0.43993215 -0.21034179  0.72055581  0.60338428  0.58063601
  0.66938503  0.57306889  0.57904913  0.4251071   0.52135917 -0.07940504
  0.60704113  0.65897966  0.37277421 -0.43384771  0.22572836  0.63331594
  0.24641107  0.3979285   0.22159451  0.72236786  0.11579898  0.40025084
  0.15733119  0.79183944 -0.07736494  0.49139071]","[ 0.55512006  0.05624447  0.21325019  0.6531377   0.62061894  0.46211689
  0.35657706  0.28660417  0.44628302 -0.07944328  0.28685967  0.38198613
 -0.28577716  0.16223078 -0.19844475 -0.409122   -0.3935164   0.16719465
  0.41765416  0.00809676  0.4632057  -0.44459253  0.09434654 -0.40828488
  0.74070862  0.24245881 -0.1796811  -0.10472431  0.22894887  0.40519187
  0.46036413  0.54006048  0.54553897  0.33000717 -0.01263094  0.49800333
 -0.28296425 -0.39279762  0.70391922  0.0997402   0.46425615 -0.32397093
 -0.44739058  0.30391982  0.26168081  0.28344321  0.55042549  0.29177147
  0.25522302  0.82667283  0.02798072  0.77646895  0.07665405 -0.13380296
  0.62134044  0.46776134 -0.21085535  0.50946874  0.52389893  0.44436094
  0.55689532  0.65990373  0.5896794   0.59518032  0.53850183  0.07376199
  0.43515685 -0.03225496  0.03773572  0.62550039  0.4268064  -0.13119046
  0.72725415  0.56739582  0.51990159  0.34616732  0.15758318  0.56784039
  0.54799719 -0.03760882  0.57475422  0.28899816  0.21811211  0.23183926
  0.64435538  0.4483397   0.2573807   0.90790876  0.42308601  0.52120626
  0.52447854  0.65404392 -0.38919081 -0.03474308]","[ 0.22300867  0.19688832  0.24501722  0.59860882  0.74269306  0.63614953
  0.39174561  0.71178303  0.46829622  0.26793602  0.3263958   0.17069235
 -0.22504605  0.5986624   0.45025453  0.38262298  0.67516242  0.57222184
 -0.14675304  0.08853479  0.38246476  0.55062975 -0.1546927  -0.37765878
  0.53614562  0.54961853  0.56432103  0.73120173  0.23904227  0.3092175
  0.51554826  0.38230882  0.49966688  0.55853589  0.59174501  0.17845385
  0.38670397  0.5703696   0.87520819  0.36050669  0.46733017 -0.09349726
  0.56037207  0.29272023  0.03268366 -0.3117699   0.7334699   0.43092993
 -0.07224651  0.28096412 -0.38812006  0.79217544  0.34767154  0.3669181
 -0.27487558  0.70439477 -0.32851151  0.46119833  0.35930192 -0.12511466
 -0.04024981  0.76915015  0.53519337  0.42742488  0.56337103 -0.09305887
 -0.0852725  -0.2006443   0.47577473  0.49595656  0.40406385  0.5642341
  0.59119817  0.21606895  0.38546505  0.47090017  0.54924476  0.79618469
 -0.03910854  0.11160391  0.55645268  0.71489567  0.39210259  0.66416159
  0.37816365  0.22273271  0.62665249  0.20255668  0.61797321  0.35329374
  0.16261743  0.72236636  0.26121267  0.27052732]","[ 0.41967578  0.55379166  0.40213814  0.60308943  0.65742584  0.44788075
  0.23776106  0.52087679  0.00235734  0.37348745  0.64749374  0.23611192
  0.02711416  0.5037364   0.53390339 -0.27977633 -0.44689284  0.39205811
  0.63118415  0.30898318  0.43207776 -0.60757889  0.38943922 -0.3067971
  0.44753002  0.45514745  0.6202428   0.30670002 -0.21861141  0.32000532
  0.13706227  0.45032901  0.38392495  0.37427794  0.19874727  0.76462505
  0.06680109  0.34332578  0.41699708  0.35407339  0.05869606  0.23708345
 -0.16100989  0.09342084 -0.48791852  0.13590245  0.57414252 -0.10113319
 -0.08839413  0.80219046  0.50694407  0.73276092  0.40428411  0.41805904
  0.27887259  0.6200105  -0.34225204  0.64658757  0.45093906  0.04451925
  0.43091009  0.65087718  0.52925192  0.26979903  0.19110432  0.07741477
  0.5355931   0.0924256  -0.10729279  0.6135667   0.40056178 -0.00604249
  0.4458264   0.30536682  0.57111076  0.50152487  0.27165213  0.45245245
 -0.21458315 -0.39769433  0.54129458 -0.38016599  0.4768578   0.33493918
  0.70239853 -0.31141723  0.233134    0.74446644  0.32386714 -0.21208347
  0.50443553  0.71338676 -0.11790915  0.39476386]","[ 0.42692592  0.29781758  0.00432588  0.53468699  0.380783    0.46472969
  0.06166073  0.34873421  0.09385762 -0.00242872  0.68671425  0.5114228
  0.58677648  0.30240127  0.31012221  0.18110987 -0.33754738  0.45312645
  0.34898022  0.24419068  0.53589794 -0.29227536 -0.16604908  0.421016
  0.38700051 -0.1889808   0.72006567 -0.07004387  0.20470792  0.56610893
  0.32074195  0.69610544  0.48237068 -0.04817714  0.29315453  0.42540536
 -0.52722838  0.20825039  0.32039245 -0.1354861   0.23402313  0.17655804
  0.15291449  0.24045456  0.67644892  0.24362227  0.15086233  0.18802331
 -0.51164523  0.71064353 -0.19231685  0.40860071  0.67526208 -0.10233133
  0.15594753  0.66066881  0.00507511  0.50759455  0.54691271  0.14567749
  0.21528308  0.31353793  0.65456615  0.64663612 -0.07667286  0.17391974
  0.28824738 -0.25336984  0.29118889  0.44042496  0.58466844  0.32260614
  0.46307206  0.30894056  0.10134004  0.43208001  0.37556586  0.44892034
  0.15860309  0.18980377  0.22604066 -0.52180556 -0.1102988   0.34535554
  0.50764014  0.45974358  0.1020247   0.71111832  0.29795095  0.44425914
  0.16235283  0.63465311  0.05764564 -0.15586001]","[ 0.44266492  0.70957099 -0.17091066  0.64001299  0.15042396  0.54433942
  0.71282801  0.2220357   0.34950498 -0.10348286  0.57469901  0.54781512
 -0.49717235  0.3903884   0.66870903  0.17789202  0.47470245  0.68513326
  0.30369848  0.09742268  0.44218522 -0.2476578   0.47881808  0.27686298
  0.72675811  0.1104714   0.68880606  0.34164423  0.09372952  0.41990098
  0.55306595  0.34780108  0.63609597 -0.0315295   0.50743052  0.00645845
  0.55525651 -0.2089564   0.80141658 -0.03163701  0.57604161  0.32262441
  0.37177081  0.12443168  0.12552125  0.62185888  0.61289754  0.47492265
  0.17065443  0.50903076  0.17383074  0.56704725 -0.16459626  0.34246005
  0.47037892  0.74409283  0.22989214  0.64580172  0.64707423  0.40961936
  0.45539623  0.65504524  0.62070738 -0.31224846  0.36896539  0.46245439
  0.73318874 -0.19504092 -0.3391017   0.32540417  0.40302441  0.16130945
  0.72921349  0.54399844  0.4872185   0.36236439  0.17514034  0.6286185
  0.55408338  0.05229162  0.58319542  0.48354977  0.61023525  0.67545143
  0.07664135  0.34808284  0.26739729  0.77626453  0.62321775  0.720073
  0.70298817  0.73950281 -0.19502602 -0.30469738]","[ 0.22881262  0.28731612  0.67668457  0.66672817  0.81153333  0.54696455
  0.54049202  0.44073514  0.27270642 -0.20293901  0.41526132  0.57141269
  0.47934289  0.45895902  0.3565189   0.27329334  0.22397399  0.70236369
 -0.18799396  0.0094659   0.38130072  0.16601154  0.5919227  -0.10156322
  0.37850357  0.67775617  0.81916     0.48366747  0.21545622  0.39173627
  0.20303493  0.80429099  0.59362512  0.5355957   0.34606357  0.61054123
  0.37700684  0.61681245  0.26590346  0.4763226   0.45193965  0.51799726
  0.1376237  -0.24500025  0.55585889  0.50436543  0.61308119  0.20870544
  0.72149235  0.72848571  0.53056369  0.80414905  0.61036127  0.12523272
  0.4289089   0.42246056  0.3820015   0.7540172   0.50388964  0.49157885
 -0.3068209   0.71728731 -0.2218826   0.67378774  0.80838449  0.54631022
  0.67203502  0.79954993 -0.48946874  0.64667957  0.31968569  0.12299326
  0.83662903  0.63069411  0.69116204  0.33137497  0.50176828  0.47770801
  0.29913399  0.40250271  0.69483491 -0.0370293   0.55404889  0.44669425
  0.33948053  0.68137963  0.44708775  0.74160473  0.72529325  0.63745207
  0.68966133  0.7555888   0.41021301  0.76296683]","[ 0.42645078  0.30786857 -0.26594929  0.13923671  0.23975483 -0.07715434
 -0.24969289  0.55383697  0.4459574  -0.29486783 -0.21026761  0.20936635
 -0.47837942 -0.17973832 -0.32264942  0.42785242  0.29735956  0.31048081
 -0.07643596  0.05415066  0.31502452  0.19591546  0.25516565 -0.12304777
  0.45995379  0.23672415  0.67016999 -0.19264945 -0.28608628  0.45273552
  0.51208858  0.42000294  0.37834991  0.33918398  0.23077365  0.7065818
  0.07028082 -0.37990172  0.22040529 -0.02098905  0.12542391  0.38034184
  0.39611279 -0.12761955 -0.45460758  0.47625991  0.03214169  0.2618571
  0.52086033  0.50993843  0.26265936  0.51734496  0.1874531   0.11313692
  0.21231646  0.52979205 -0.03983434 -0.07065015  0.30493041  0.38656669
  0.22103734 -0.40122352  0.49308565  0.472886    0.18157705  0.40843365
 -0.2732641   0.33387615 -0.53897632  0.66896915  0.38727288 -0.16753519
  0.11604546  0.07979307  0.17834564 -0.36721756 -0.13518193  0.71338198
  0.15141951  0.4099861   0.34605024  0.7128708   0.19982913  0.41640048
  0.42714815  0.29558607  0.30634458  0.67780743  0.24528429 -0.07456213
  0.12265842  0.58933012 -0.48284578  0.19765493]","[ 0.38529545 -0.31845369  0.59802098  0.53032061  0.58703994  0.47634931
  0.6103635   0.39918594  0.33888425  0.23647627  0.06647618  0.361475
 -0.02597767  0.23913293  0.27650826 -0.19056103  0.65115516  0.37032379
  0.2971444   0.48999574  0.2403399   0.21331323  0.42341674  0.16483277
  0.68833776 -0.1159419   0.37862808  0.23854068 -0.21674956  0.34880066
  0.22727338  0.14652905  0.44653416  0.35707156  0.69762213 -0.12868158
  0.38108113  0.61106745  0.50859113  0.50986244  0.40638146  0.46603441
 -0.04279736 -0.02814431  0.71509262  0.6555785   0.76688961  0.55645897
  0.27673271  0.58650599 -0.43524461  0.04808473 -0.35290454  0.02493705
  0.35146461  0.44577888  0.53476064 -0.27253924  0.61836991  0.31056777
  0.12464783  0.47771959  0.21939401 -0.15530901  0.69924768  0.05431381
  0.03755709  0.64284157  0.47970478  0.37825551  0.67228423  0.42633459
  0.85297994  0.28705666  0.47087557  0.23742253  0.49983566  0.37100063
  0.309003    0.73115136  0.26819769  0.21114383  0.34386686  0.54474329
  0.25633701 -0.14486892 -0.2953746   0.57890292  0.57707215  0.20116163
  0.33465051  0.60624109  0.27439669 -0.05145848]","[ 0.48180902  0.00993759  0.61826602  0.72575743  0.76916586  0.58631497
  0.35495413  0.50393713  0.22329104  0.32595239 -0.15065029  0.22175068
 -0.18710056  0.21596153  0.38132066 -0.01192331  0.54048553  0.5891714
  0.47970041  0.17074391  0.30284895 -0.24660956  0.18338109  0.23364291
  0.73413337  0.38402465  0.29430528  0.47334876  0.21846697  0.62254832
  0.47719545  0.42220728  0.72452165  0.54352484  0.65383241 -0.24043635
  0.13401797  0.68123039  0.75974639 -0.12369027  0.41140191  0.1264842
  0.35160089 -0.18696407  0.6384836   0.31749111  0.65903939  0.59027384
  0.47507785  0.23626981 -0.21914241  0.35685394  0.53789542 -0.19960448
  0.46429915  0.47775313  0.04625394  0.4336457   0.62534769 -0.32652225
  0.22028077  0.49567641  0.22331056  0.63458136  0.56833743  0.02324009
  0.53069199  0.72886139 -0.18953517  0.41364854  0.54759967  0.49035751
  0.81736576  0.13666091  0.70357606  0.33819243  0.29454717  0.6281767
  0.27055136 -0.05376037  0.48505956  0.18084743  0.33201022  0.49335037
  0.46501095 -0.23586898  0.33385698  0.13069779  0.47715593  0.44821926
  0.30276954  0.65631657  0.47435536  0.49420555]","[-0.15562399 -0.00229875  0.5198506   0.81000374  0.68774301  0.46804256
  0.27312134  0.62564123 -0.31648456 -0.13945983  0.02339749  0.48826119
  0.54075167  0.4570266   0.32799122  0.31434635  0.50270014  0.24671392
  0.26801135 -0.29871751  0.33143883 -0.32233908  0.49320733 -0.29353514
  0.58275399  0.2912637   0.7089039   0.60678873  0.28888472  0.38987668
 -0.35868401  0.43556963  0.54701429  0.07795815  0.50985182  0.22108206
  0.39271644  0.625229    0.69122192  0.16365908  0.41532961 -0.3160035
 -0.03204496  0.16822262  0.13846947  0.20820378  0.72750945 -0.00738874
  0.25015047  0.10001948 -0.25537891  0.67451835 -0.15520398  0.21743829
  0.3643      0.77884088 -0.32669241  0.57726945  0.33507668 -0.12817714
  0.36677242  0.77917324  0.62846939  0.54963391  0.68602656  0.33353193
  0.454573    0.74580611  0.11961881  0.44502638 -0.01972411  0.04928862
  0.85168388 -0.00266642  0.33828083  0.44464432  0.57365444  0.46421439
 -0.0654257   0.10706008  0.46409585 -0.24720026  0.2969833   0.29723208
  0.26452961  0.52272543  0.39836543  0.45371553  0.05096311 -0.2013363
  0.66405692  0.63294618  0.43594808  0.59547993]","[ 0.54180256 -0.40096874 -0.03079732  0.68120632  0.7747495   0.59679075
  0.68173126 -0.29321565 -0.3807302   0.13271749  0.43492359  0.16535158
 -0.22907056  0.00951508  0.13823785  0.22553932  0.46677504  0.46192251
  0.31801537 -0.05287788  0.39868326  0.21791729  0.03988305  0.25382959
  0.75217535 -0.10104825 -0.2785437   0.20745514 -0.26555343  0.4427864
 -0.26493463  0.32076072  0.4892968   0.63844183  0.58860637  0.54751567
  0.08031769  0.35255011 -0.09152259 -0.1806815   0.59688442  0.51443241
  0.36900798  0.21143037  0.78905765  0.50475373  0.38978579  0.21886281
  0.5449644   0.47833507 -0.23214793  0.75576591  0.49786445  0.00670606
  0.2022405   0.52371278  0.30416546  0.53648564  0.19723125 -0.42991813
  0.50581241  0.62593346  0.49963328  0.6337297   0.34514743 -0.49296173
  0.48968395  0.29947799 -0.28032481  0.30133191  0.86138884  0.48475812
  0.57206471  0.44581867  0.86830001  0.03107741  0.26810042  0.66426729
  0.75148123  0.46858901  0.51890026 -0.32363462  0.32677525  0.60939637
  0.1268976   0.11686586 -0.32589431  0.61756167  0.17867431 -0.30457151
  0.61386544  0.67998538  0.39379068 -0.08794471]","[ 0.64048688 -0.1363701   0.48527082  0.74390061  0.70047244  0.64608031
  0.69821662  0.1933142   0.36996872  0.39305342  0.65748014  0.65950706
  0.6566408  -0.06151553 -0.35189667 -0.29393473  0.71172062  0.55428427
  0.4460674   0.25072463  0.36486775  0.05407884  0.32210279 -0.06435379
  0.80117296  0.28634015 -0.17700906  0.50167337  0.24359146  0.48853439
  0.29745731  0.31203781  0.6430815   0.51388197  0.59530779  0.66094346
  0.37765454  0.55092633  0.47670087 -0.49616448  0.55366083  0.37398058
  0.13241906 -0.17482306  0.69314182  0.40189624  0.45620596 -0.44899919
  0.3973766   0.73580646  0.09824378  0.81239272  0.23521782 -0.05451105
  0.63844512  0.5254371   0.31122376  0.6977004   0.33061468 -0.13273008
  0.45575711  0.40837292  0.49967989  0.35140965  0.46899052 -0.01918315
  0.61671519  0.20893573 -0.34616878 -0.65249998  0.53093268  0.237829
  0.67592677  0.62842031  0.63696192  0.13077355  0.45563613  0.38897371
  0.6096265   0.02634329  0.52570606  0.19845171  0.32744353  0.19718858
 -0.17526175 -0.40492172  0.44282093  0.70250226  0.25626614  0.14953243
  0.68286772  0.53869976  0.42883708  0.17172937]","[ 0.54124385  0.72867836  0.7962206   0.80645431  0.73787016  0.69825527
  0.72467141  0.68989576 -0.04305279  0.02052927  0.60002108  0.42239768
  0.00340446  0.40092315  0.04499135 -0.25969401  0.81024188  0.28836869
  0.19662147 -0.15863759  0.53703826  0.17031269  0.44819153  0.04746943
 -0.04469075  0.49119322  0.32809175  0.68072814  0.12162515  0.58357772
  0.15980395  0.70021935  0.59427439  0.75714827  0.52795686  0.7091352
 -0.20675208  0.48154635  0.80489412  0.30586916  0.42920664  0.6037656
  0.4851735  -0.18197029  0.70796089  0.58993329  0.84629568  0.73240783
  0.68156132 -0.04577422  0.58841711  0.75606324  0.6826805   0.67222728
  0.35350099  0.66229709  0.40793689  0.65526576  0.6398344   0.41401979
  0.35121779  0.65851015  0.55404066  0.44494535  0.71335388  0.51043552
  0.69611422  0.5155131  -0.28087966  0.48595679  0.59718886  0.5208922
  0.61187535  0.47826963  0.67886556  0.05052762  0.59157401 -0.32996978
  0.38064494  0.4551013   0.72375128  0.25456985  0.48215366  0.66465554
  0.8013023   0.3997518   0.33046543  0.60410176  0.55260549  0.69886251
  0.63258884  0.76682587  0.40985025  0.38468756]","[-0.29453772  0.3658879   0.45425321  0.48001745  0.76352101 -0.23536096
  0.65128757  0.4748993  -0.02076136  0.28743795  0.60803951 -0.00334237
  0.45314663  0.44539183  0.33722112 -0.07188131  0.65150038  0.50283821
  0.28318497  0.52765101  0.39610968  0.32562216  0.46770654  0.14768949
  0.14044305  0.59437821  0.65795397  0.59842915  0.31076718 -0.20073697
  0.26303775  0.50366958  0.55766658  0.39031993  0.59915654 -0.1037691
  0.15660046  0.590975    0.43590386  0.29480224  0.20962557  0.22942855
  0.53547872 -0.4888774   0.70945427  0.65990913  0.68448619 -0.22231643
  0.54855726 -0.47568957 -0.0440315   0.55565202  0.41781929  0.54649676
  0.55329492  0.65544972 -0.1194504   0.33804784  0.19974738  0.41990597
  0.29643159  0.55395622  0.41247189  0.69800073  0.59329726  0.18735599
  0.50349732  0.7236701  -0.21206894  0.49972643  0.52140148  0.62516166
  0.71583519  0.24224918  0.46845113  0.04753757  0.46449688  0.25803794
 -0.02855312  0.50043649  0.43290015  0.31752499  0.34747678  0.42493739
 -0.18432163 -0.34539614 -0.29620142  0.45253264  0.41663685  0.66220759
  0.71444566  0.77147051 -0.22606421 -0.25370895]","[ 0.41224122 -0.05271022 -0.01315693  0.34479637  0.6807764   0.31353622
  0.68414122  0.47673084  0.19620751 -0.27993058  0.67357399  0.56942262
  0.19222966 -0.15547127  0.24578077 -0.26842975  0.41966508 -0.10849848
  0.35287887  0.22369029  0.32353832  0.42776826  0.21412523  0.26604817
  0.54629445  0.35678063  0.59058704  0.1361849   0.1914952  -0.36008076
  0.26506604  0.28715812  0.55372453  0.40262584  0.50230537  0.47501932
  0.30341768  0.65404978  0.50897251  0.32977635  0.38691839  0.32866662
  0.61009663  0.09942533  0.8006961   0.51030161  0.29767909  0.11079384
  0.28107535  0.22583147 -0.25726885  0.76360823  0.35351379  0.4675809
  0.33497917  0.60572828  0.26713451  0.61533379  0.26933358 -0.27901503
  0.26144607  0.53400513  0.4885282  -0.24346659  0.32583823 -0.11338707
  0.5684937   0.5410979  -0.05023076 -0.33672842  0.38006455  0.43549181
  0.56246744  0.29036947  0.5969967  -0.14741488  0.36658496  0.13702882
  0.49212508  0.34024821 -0.14464797  0.31341341  0.17980914 -0.27804228
  0.25872892  0.70181431 -0.14263166 -0.13120477  0.37829349  0.66341561
  0.43058716  0.429888    0.0734151   0.2083735 ]","[ 0.32123024  0.54229178  0.32713168  0.67229754  0.83372134  0.75065013
  0.76210023  0.56794965  0.25828466  0.55550687  0.6498227   0.43181285
  0.36277213  0.41838442  0.59336863 -0.23398004  0.77254632  0.32402335
 -0.48360613  0.43302897  0.59785809  0.41614238  0.48283929  0.3874691
  0.71401812  0.49259821  0.12407299  0.60438996  0.4845672   0.57822812
  0.30546976  0.66762911  0.70720463  0.59939609  0.59342808  0.55806442
  0.33813637  0.73695496  0.63364341  0.50552023  0.25593575  0.68066112
  0.40523049  0.15763698  0.88113993  0.57486648  0.71300756  0.40634478
  0.40868283  0.23532569  0.49981619  0.74528227  0.60141603  0.62549561
  0.57831896  0.5334196   0.550726    0.51926098  0.51457705  0.29541234
  0.14683539  0.66469027  0.33086525  0.70169692  0.69621209  0.11531412
  0.49054892  0.75346955 -0.20161489  0.68423879  0.41739601  0.4939434
  0.86045083  0.48773917  0.64591865  0.31268204  0.54846817  0.39933487
  0.50487776  0.37851032  0.51100647  0.12187035  0.38048698  0.60349334
  0.30405211  0.31716096  0.54500112  0.67098721  0.31362502  0.66951094
  0.66829094  0.82793213 -0.12998255  0.6230817 ]","[ 0.7278461   0.38296696  0.31071007  0.41013182  0.40935837  0.15788265
  0.41622999  0.53324593  0.46161242  0.56377513  0.48445391  0.59039548
  0.57737487 -0.42488383  0.4429915   0.64095487  0.57957748  0.27637827
  0.09586797  0.56141378  0.37279524  0.51937125  0.26951664  0.52108782
  0.50675755  0.43559511  0.83362896  0.33320616  0.51024475  0.57900908
  0.7691799   0.41604759 -0.24552405  0.66178885  0.45312687  0.68198285
  0.54220459  0.56490383  0.6729677   0.57730339  0.45905862  0.38131566
  0.6253273   0.34821991 -0.37399074  0.20326113  0.60616731  0.32528829
  0.20772664  0.62893778  0.71849465  0.58403861  0.24033134  0.41110683
 -0.36373017  0.68975743  0.45038585  0.80314395  0.41018722  0.35670159
  0.50614759  0.6799635   0.76842406  0.63360647  0.67200625  0.71038752
  0.60452365  0.610752    0.43153797  0.65124889  0.18159493  0.53712924
  0.5296952   0.25543619  0.53937616  0.03078436  0.36639637  0.58353087
  0.60498064 -0.4786732  -0.14797211  0.63857831  0.38767083  0.42004735
  0.53948835  0.49472201 -0.30026008  0.44901799  0.73535268  0.58265011
  0.47678786 -0.27793748  0.17127504  0.59364286]","[ 0.21710029  0.01893474 -0.33814626  0.11117646  0.09084627  0.03222584
  0.1182511   0.33922431 -0.1269363   0.41355858  0.46625287  0.2819161
 -0.08827129  0.54430602 -0.05282448 -0.09463869  0.47305028  0.45633862
 -0.26825214  0.21406451  0.14215977  0.01456482 -0.32294062  0.03100094
  0.302247    0.3424493   0.356219   -0.05739141  0.36627149  0.22764666
 -0.4200481   0.55108386 -0.31502281 -0.21811875  0.12518846  0.45728112
  0.38117515  0.1064655  -0.29461124 -0.43692711  0.39681196  0.39033902
  0.43834718 -0.04182106  0.26291886  0.37710134  0.28577493  0.16778493
  0.02172842  0.60199125 -0.16394047  0.15787328  0.13175506 -0.25368148
  0.18538206  0.53962937  0.19534217  0.2830296   0.52676115  0.19438771
  0.38050662  0.07122814  0.44118033  0.41614555  0.49713024  0.32761324
  0.18035401  0.17304665  0.16993835  0.38212913  0.62170923  0.44864922
  0.59450158  0.03083025  0.39837477  0.14667265  0.12934977  0.51619303
  0.38414194  0.3842439   0.26205656 -0.4095996   0.46250698  0.18312865
 -0.05424826  0.31368321  0.24666563  0.15822804  0.27575822 -0.26126341
  0.11517432  0.75183912 -0.48162322 -0.03879496]","[ 0.68296433 -0.07242685 -0.19459761 -0.5863116  -0.04883265  0.09561671
  0.62866255  0.71790214  0.51932602  0.2855227   0.20743387  0.4479435
  0.37193115  0.25626833  0.50991817  0.46127935  0.15121226  0.46067516
 -0.41581886  0.65059911  0.51608529  0.28088586  0.44922286 -0.16993182
  0.59739652  0.56035643  0.4523343   0.45347301 -0.44414087 -0.22696556
  0.63001425 -0.3311503   0.35181135  0.42075079  0.47414173  0.45989609
  0.44438528  0.44707362  0.6352729   0.59448516  0.73938997 -0.41985163
  0.45568656  0.41825888  0.67583768 -0.01052026 -0.04858544  0.31640697
  0.36598556  0.79445327  0.42605238  0.29022325  0.3295668   0.30828641
  0.28418815  0.74007106 -0.2453443   0.83044001 -0.02315712  0.66781664
  0.36998819  0.66189876  0.58854314  0.57741175 -0.1656712   0.22738972
  0.41359676  0.6891106   0.65027081  0.62377984  0.43362469  0.47471397
  0.65901093  0.44208945  0.53591741  0.43623607 -0.11723049  0.73665998
  0.28334252  0.25713097 -0.37103992  0.65114465  0.52555372  0.50520555
  0.49524484 -0.44753915  0.38114029  0.68472955  0.67011337  0.59767083
  0.17547876 -0.22822332  0.2366504   0.62825637]","[ 0.5571469   0.34825223  0.45726474  0.68941169  0.54715976  0.63605057
  0.80347571 -0.32207369 -0.4306707   0.19844923  0.50726598  0.38263804
 -0.40814692  0.5684809   0.71445492  0.00303762  0.1984856  -0.58546722
  0.36588418  0.14796679  0.57706031  0.60389385  0.46243593  0.18736206
  0.36182427  0.34936224  0.61059967  0.37677802  0.5471439   0.48046611
 -0.185143    0.7238447   0.72417529  0.53585281  0.04703247  0.43411657
  0.3645779   0.22039012  0.49979114  0.34076918  0.30457049  0.46969558
  0.31896657  0.56502186  0.7938507   0.69828563  0.02511427  0.80290881
  0.27773784  0.15950605  0.34207835  0.62354967 -0.00306184  0.67931501
 -0.22393108  0.69111018  0.12639309  0.16903607  0.60244687  0.49711417
  0.53573354  0.40901098  0.4736166   0.30685032 -0.05822071  0.15188316
  0.46792928  0.21287284  0.04295989  0.36525316  0.63799499  0.63503423
  0.65781918  0.28780153  0.54867492  0.39966211  0.53191172  0.21801671
  0.41555732  0.59569498  0.45933281 -0.25426934  0.38688267  0.53260634
  0.41068942 -0.40787109  0.69964553  0.54212501  0.67884591  0.56416073
  0.20576248  0.73557989  0.34881498  0.33964652]","[ 0.7062469  -0.08722     0.60480229 -0.13593598 -0.21648126  0.13465834
  0.77910173  0.59670874  0.61649437  0.33227901 -0.32862062  0.20476003
  0.39428163  0.09150016  0.63480207  0.69792922  0.5113438   0.35781116
  0.20992504  0.31039838  0.60181219  0.64493322  0.23070852  0.36308022
  0.42792792  0.10297075  0.48189274  0.35961066  0.10856903  0.35312022
  0.58373551  0.30685934  0.56201745  0.62747187 -0.10954217  0.30893382
  0.64055093  0.07933922  0.8541524   0.6834353   0.13351242  0.79994337
  0.49476497  0.60977936  0.71912343  0.1268283  -0.50425094  0.69425174
  0.59607678  0.21109962 -0.577426   -0.05482312  0.63040894 -0.05282079
  0.70532439  0.63632644  0.39491742  0.77563803  0.21175767 -0.32724394
  0.12488734  0.5506788   0.58359948  0.60519046 -0.34962338  0.7261271
  0.18269394  0.55767419  0.66359603 -0.54658309  0.74973755  0.39016436
  0.54828178 -0.37839106  0.77902308  0.71766299  0.32796824  0.52031564
 -0.17967098  0.29389456 -0.00362276  0.51998019  0.62481466  0.66844728
  0.77292194  0.49016691  0.67939838  0.87483959  0.51653658  0.72817326
  0.44534502  0.20746068  0.24951484  0.36094576]","[ 0.34455935  0.53949085 -0.07970143  0.26378626  0.11051427  0.21871264
  0.61345489  0.50083043  0.38295495 -0.17248309  0.62306827 -0.00849329
 -0.30702903 -0.26526054  0.19018203  0.41367314 -0.41692407  0.4057479
  0.20129685  0.36981261  0.49261843 -0.17928989  0.23060417  0.41989846
  0.33596813  0.33561769 -0.21516979 -0.22315987 -0.29083276  0.24873445
  0.43378085  0.16396053 -0.13043525 -0.19496897 -0.06959427  0.52554054
 -0.11428731  0.13878536  0.41801119  0.13242709  0.34188197  0.52223746
  0.36007626  0.47306965  0.7275045   0.46360004 -0.24011703  0.39986525
  0.51214824  0.7754069   0.33226888  0.41081028  0.2884077  -0.08249256
  0.37074198  0.52862068  0.24947787  0.43206994  0.15553538  0.4044619
  0.49932609  0.1068436   0.5276744  -0.13489714  0.59627475  0.30669268
  0.49776532 -0.60053285  0.21775463  0.61207522  0.60784573  0.50239902
  0.27555558  0.50777387  0.10962023  0.56469867  0.27710754  0.79192963
 -0.05728703  0.07784366  0.53921024  0.46654322  0.21785126  0.15683123
  0.76941659  0.54004344  0.09610386  0.82126724  0.05666186  0.39925842
  0.44552022 -0.31669055 -0.09432017 -0.24081957]","[ 0.41604494  0.40471496 -0.24705292  0.38948366 -0.1958348   0.43401006
 -0.01549958  0.33542754  0.60545835  0.31237477  0.75913593  0.15926657
 -0.10046009  0.37128341 -0.05956077  0.55975409 -0.02359709  0.32755457
  0.32210786  0.30020256  0.05484371  0.49373952  0.32097064  0.29201356
  0.39929644 -0.37103493 -0.15907119 -0.40304397  0.37136425  0.32922901
  0.7357551  -0.21777038  0.19663764  0.37512352  0.56973925  0.63992021
  0.06793003  0.41373276  0.48886995 -0.02434087  0.09911159  0.71387129
  0.50628118  0.56817865  0.72983142  0.52849478  0.39417802  0.38181699
  0.40700411  0.58746886  0.33524688  0.48595863  0.52893369 -0.37218358
  0.63511794  0.51377286  0.27491409  0.30030396  0.30975653  0.47493552
  0.42514042  0.5760535   0.39239129  0.30741361 -0.16001693  0.34563861
 -0.45170999  0.32087069 -0.35913176  0.32545055  0.56111263 -0.23856761
  0.44779053  0.25028206  0.3095188   0.32522516  0.29695911  0.72017333
 -0.42900042  0.22089297  0.50293497  0.75302655  0.07088395  0.0871354
  0.77055587  0.22442847 -0.19113881  0.70823477  0.47130031 -0.43361414
  0.58036566  0.43379544  0.11996418  0.61187601]","[-0.26821335  0.0987613  -0.32252883  0.35829339  0.46207119 -0.35066294
  0.7282624   0.39713414  0.42853549  0.56363225 -0.10057992  0.48314988
 -0.33075021  0.35073348  0.57238113  0.57137589  0.5051009  -0.14536724
  0.22419621  0.21718447  0.23695306  0.21057559  0.47974175  0.09996288
 -0.01930499  0.46242714  0.20050723  0.56956795 -0.21946152  0.25365054
  0.62272723  0.049046    0.40016464  0.34462837  0.28374347  0.69860369
  0.66814026  0.1994515   0.7506721   0.19561643  0.14290723  0.25733393
  0.523549    0.52198262  0.61539438  0.50128526  0.62357778 -0.25225695
 -0.01913071  0.36692891  0.5144465   0.5399883   0.3857254   0.30591903
  0.15448582  0.43785385 -0.44435422 -0.04379948 -0.27115159  0.00659635
  0.40393933  0.2675721   0.41738073 -0.3268257  -0.07283462  0.34213653
  0.10626413 -0.57900033 -0.26442268 -0.30353978  0.3623314   0.117952
  0.47912712  0.23936271 -0.04178035 -0.078325    0.45618316  0.59327901
 -0.3530286   0.50259201  0.37245003  0.4917217   0.15986589  0.25496607
 -0.10127491  0.60942186  0.4568039   0.25990181  0.7402056   0.39722947
  0.12694516  0.35644058  0.09701428  0.30410301]","[ 0.735774   -0.35031054  0.71118279  0.32891018  0.49137563  0.30653796
  0.1107786   0.36106006  0.40531367 -0.28860965  0.45966699 -0.2543703
  0.6785038  -0.19666697  0.56536505  0.41648303 -0.04281772  0.31255787
  0.58814193  0.59851671  0.31104493  0.4567988  -0.07711206  0.22993219
 -0.36600288  0.12964799  0.78396081  0.18988758 -0.24865849  0.27933737
  0.75686982 -0.21668535 -0.3176736   0.48336048  0.45509609  0.24918674
  0.06922204  0.2612775   0.73030949  0.51563886  0.21458493  0.64865564
  0.38109844  0.23135878  0.75524512 -0.31089771 -0.13708148  0.21032105
  0.59636966  0.78173999  0.44041307 -0.30888188  0.67359629  0.38410282
  0.38025526  0.6706199   0.18962528  0.75554407  0.28299967  0.38667794
  0.57116693  0.27896913  0.61265501  0.49454449 -0.05903106  0.58862601
  0.11539006  0.48672546  0.44242237  0.31093968  0.46027729  0.22613713
 -0.02849964  0.09789738 -0.18910967  0.42668177  0.49628437  0.79438386
  0.02490537  0.40206076 -0.4704669   0.61242062  0.41437566  0.31601441
  0.37424456 -0.61485391 -0.02326372  0.905429    0.5883643   0.57534301
  0.45915313  0.36978534 -0.27999811  0.60732682]","[ 0.44791995  0.42864876  0.63600731  0.34851857  0.59432121  0.45182221
  0.39252189  0.29739146 -0.43919075 -0.18329949  0.185487    0.10744192
  0.34499764  0.43073523  0.51944198 -0.30310802  0.46276241  0.55661002
  0.46714691  0.2892109   0.4860926   0.26338154 -0.1270019  -0.38288192
  0.80581456 -0.04313813 -0.15356211  0.14497615 -0.14469073  0.4240005
 -0.22635912  0.21644746  0.27062306  0.36591149  0.37116245  0.36686499
  0.22093926  0.40645176  0.46696164  0.41098234  0.18208803 -0.14173772
  0.6284439   0.14564415  0.74020322  0.41452009  0.34985425  0.19559733
  0.18473269 -0.39391317 -0.161226    0.07233631 -0.39668204  0.14990566
  0.08940146  0.59116887  0.15109322  0.30922111 -0.08533418  0.26891718
  0.13509325  0.28100083  0.23377893  0.4205297   0.49016858  0.30658613
  0.11005766  0.50246214 -0.24165635  0.2167584  -0.02772531  0.43554757
  0.40128264  0.36908402  0.47484495  0.11925497 -0.33080865 -0.28205468
  0.46381416  0.7010745   0.38481476  0.06582237  0.44681578  0.48411867
  0.50303482 -0.34268593 -0.43749944  0.70455651  0.20771674  0.62627882
  0.195844    0.25157611 -0.32849662  0.18930616]","[ 0.09842042  0.65165821  0.70769535  0.29088871  0.63217321 -0.0075319
  0.67057688  0.27989423  0.14793248  0.02399101  0.34394256  0.20390918
  0.3396158   0.42267447  0.49536098  0.0375028   0.56873513  0.20668454
  0.40040205 -0.20421312  0.35308857 -0.3870088   0.27828083  0.45938502
  0.46534619 -0.09315932  0.45356862  0.19097518 -0.23772574  0.19459533
 -0.12602701 -0.23193307  0.0049962   0.49703665  0.39487641  0.35350293
  0.11142275  0.33063196  0.07589737  0.63875933  0.14557298  0.09030508
  0.58260361 -0.09527537  0.48174688  0.24666845  0.26189694  0.1122008
  0.19952491 -0.12082838  0.13528323  0.53145272  0.22556512  0.18562888
  0.38581698  0.38152939  0.02282462  0.55729909  0.35974567  0.21871587
  0.27029404 -0.14202338  0.41603453  0.48798676  0.05633195  0.54700969
  0.66214497  0.2062344  -0.27069661  0.06918479 -0.58387616  0.51666788
  0.73955072 -0.23562202  0.27653978 -0.30990839  0.459505   -0.33086644
  0.28108012  0.62141845  0.19235949  0.18967192 -0.08606153  0.05930421
  0.25395538  0.65990368 -0.30780792 -0.48408987  0.67267663  0.35726925
  0.57736187  0.55249865 -0.11078581 -0.12030836]","[ 0.56069609 -0.17639694  0.28985289 -0.33680633  0.28706498  0.44032982
  0.00348843  0.28644804  0.49467689 -0.25855264  0.41415535  0.50802492
  0.58874963 -0.38200376  0.55462974 -0.36044072  0.31755329  0.39134467
  0.13738971  0.43767794  0.51696685 -0.08472108  0.12972005 -0.4263132
 -0.58573992 -0.10440102  0.80716214  0.09922385 -0.19935619 -0.04273141
  0.69956659  0.20934807  0.43394101  0.5738231  -0.0766524   0.55041462
  0.07470138  0.40985145  0.56878628  0.59480381  0.46146057  0.15524029
 -0.20525894  0.34186612 -0.45627343  0.13043211  0.3854929  -0.14382974
 -0.40353926  0.60850553  0.32506728 -0.23966637  0.44371164  0.07642578
 -0.12001941  0.62973417  0.0810371   0.7366906  -0.17765083  0.40258397
 -0.26099583  0.5292193   0.6266448   0.29500636  0.26973185  0.32703941
  0.11126859  0.25960615  0.53628792  0.36728599  0.32513101  0.38899296
  0.11211508  0.12112172  0.5352745   0.00091572 -0.13531237  0.47961745
 -0.16301915  0.37059481  0.24329957  0.65749189  0.24620245  0.63852163
  0.2702177   0.50487    -0.32967473  0.3293998   0.618377    0.64410275
  0.64446901  0.2846961   0.4843502   0.13481168]","[ 5.66013277e-01  1.19427940e-04  1.87221349e-01  6.25894317e-02
  1.86811863e-01  2.05248364e-01  5.00469133e-01  6.77625969e-01
  3.13172145e-01  6.97193867e-01  2.58941943e-01  6.16849499e-01
  2.91123355e-01 -4.41872507e-01  6.77077830e-01  3.59204300e-01
  4.58294427e-01  1.56566375e-01 -2.86886487e-01  4.62362430e-01
  4.26207839e-01  1.40339233e-01  2.87990834e-01  2.08240300e-02
  6.68896948e-01  1.95177890e-01  7.55673283e-01  5.73605390e-01
  3.41384024e-01  4.45406495e-01  2.43456576e-01  2.50511370e-01
  4.20038791e-01  2.86550016e-01  2.45286347e-01  5.96824192e-01
  4.92373261e-01 -3.43708603e-02  6.87837428e-01  3.90996926e-01
  2.90590935e-01  7.20767009e-02  2.91598209e-01  6.00616160e-01
  4.67611858e-02 -5.54381921e-01  6.39657273e-01  4.87323487e-01
  4.75495034e-02  4.21116410e-01 -2.23673931e-01  7.85298805e-02
  6.12962098e-01 -2.92085141e-02  1.78732462e-01  5.91466284e-01
 -4.52596506e-01  2.84175899e-01 -2.63191328e-02  4.63621172e-01
  4.94170233e-01  5.01107699e-01  5.77520442e-01  3.50173902e-01
  1.23659281e-01  5.20692099e-01  4.06707998e-01  3.24926547e-01
  4.68103255e-01  3.85158967e-01  2.17375615e-01 -2.55909850e-01
  7.70665402e-01  2.83070112e-01  6.69067563e-01  1.66342015e-01
 -1.64035801e-01  7.37077952e-01 -2.16176032e-01  2.01177722e-02
 -3.76616458e-01  5.93991798e-01  6.04409972e-01  2.58607854e-01
  3.89256050e-01 -5.92434445e-01  3.84581666e-01 -2.31912927e-01
  4.08036700e-01  5.83781622e-01  4.06862706e-01  5.76498540e-03
 -2.25649944e-01  7.17304167e-01]","[ 0.75486179 -0.2106288   0.40086068  0.27552701 -0.36023927 -0.18035224
  0.245167    0.63916291  0.57842536  0.47573985 -0.04890571  0.55900986
  0.68730963  0.22295079  0.6820245   0.55851026  0.53686582  0.71989963
  0.27757044  0.58960563  0.33536141  0.51129893 -0.10486471  0.43538188
  0.5145478   0.53387699  0.8232695   0.3252785   0.01671519 -0.03620928
  0.71230789  0.59155931  0.30880456  0.66933095  0.45044261  0.47816872
  0.01119998  0.88523271  0.73347646  0.31870879  0.77983361  0.1220111
  0.63855526  0.5688911   0.8029401  -0.29969996 -0.10593231  0.51380604
  0.01642143  0.75468546  0.61483582  0.6005259   0.72482167  0.34817006
  0.64092459  0.66933033 -0.00872594  0.80913696 -0.06888058  0.62281478
  0.45584626  0.60663854  0.64711137  0.66251596  0.58147811  0.56862203
  0.54596654  0.76339478  0.637756    0.33655287  0.4001664   0.56364051
  0.60700802  0.55949405  0.42676795  0.46377632  0.29311525  0.82155588
 -0.31621066  0.53832059 -0.58126379  0.68911152  0.51925778  0.67661671
  0.72796091 -0.56552312  0.30341809 -0.47466871  0.79229106  0.65293554
  0.65370502 -0.30772972  0.06592235  0.72062293]","[ 0.57035311  0.26689779 -0.30437701  0.70088934  0.69455458  0.78301346
  0.85635815  0.60402956  0.03901652  0.40198102  0.65322023  0.81764419
  0.15482022  0.48001847  0.24232136 -0.08182336  0.80872232 -0.12411846
 -0.37160357  0.47549961  0.60355225  0.61962802  0.6065226  -0.35772531
 -0.30046281  0.6773564   0.28729664  0.68354015 -0.26680036  0.59297437
  0.57931264  0.51905537  0.50429458  0.78909197  0.40629175  0.6932156
  0.502432    0.84671407  0.77682227 -0.01504918  0.54635868  0.1337165
  0.44931805  0.32294449  0.49232409  0.31522446  0.69759128  0.78982962
  0.21151594  0.55361821 -0.19474847  0.7276119  -0.07422559  0.7675036
  0.25786572  0.62793567  0.01092808  0.51602399  0.55440073  0.20589552
  0.43402045  0.67630691  0.31893371 -0.20964967  0.37768617  0.4804336
  0.44249659  0.54071494  0.56296609  0.76319077  0.4372354   0.5634032
  0.7981972   0.3860728   0.83415175  0.1152561   0.73482447  0.69833705
  0.20670165  0.30226303  0.68510224  0.40570289  0.61279621  0.45244615
  0.74345536 -0.36090447  0.5193394   0.53242156  0.59366458  0.79490884
  0.14466903  0.38650533  0.46394914  0.64088818]","[ 0.66162646 -0.03239409  0.58202417  0.53261623  0.4742725   0.63667503
  0.59732968  0.39236679  0.57925693  0.56115953  0.55969773 -0.06932068
  0.53960947 -0.11412738  0.56641917  0.57764974  0.27367177 -0.16668757
  0.45609366  0.47717059  0.64386498  0.496328    0.27587041 -0.07338869
  0.19380558  0.32433721  0.70627215  0.51307602  0.3761933   0.45519076
  0.85317541  0.26795777  0.52982856  0.74796633  0.05528768  0.73654151
  0.69719933  0.25458015  0.73554313  0.47896169  0.3521204   0.51702927
  0.284243    0.71399094  0.52394481 -0.01949982  0.40067157  0.52826524
  0.20362129  0.42491685 -0.09881685  0.70385399  0.18126744  0.64152611
  0.46194066  0.72477629  0.23126053  0.75663766  0.64193293 -0.20729098
  0.67146182  0.23797705  0.73334191  0.65924663  0.61729081  0.69370689
  0.38767788  0.53996271 -0.17086446  0.2940386   0.74867617  0.06140993
  0.65402814  0.55826989  0.6469581   0.54180791  0.44753033  0.67116309
  0.13558742  0.17629134  0.06237572  0.54497997  0.60282697  0.65887318
  0.5337691   0.5822812   0.4860234   0.69182982  0.74498077  0.80326566
  0.62934138  0.34769178 -0.23278345  0.36539981]","[ 0.81343366  0.5795301   0.58169164  0.59690303  0.73867846  0.65829102
  0.74835983  0.46303479  0.39350842  0.61812519  0.67560787  0.65633307
 -0.15040053  0.47913161  0.63956452  0.04239921  0.61647166 -0.33426884
 -0.09471281 -0.03458916  0.68083175  0.4302376  -0.08563995 -0.10559516
  0.44438821  0.51786647  0.7490809   0.63354917  0.19913265 -0.10810085
  0.5669306   0.54466405  0.5204412   0.63292893  0.18163964 -0.31988541
  0.57280608  0.20080631  0.67619138  0.64735343  0.34074964  0.3053526
  0.71977656  0.68241499  0.04715505  0.28888255  0.62363464  0.51406113
 -0.0563993   0.09894298  0.42287313  0.59718855  0.23166135  0.54991565
  0.4878166   0.69163097  0.45095811  0.4489064   0.6042445  -0.27661554
  0.14219718  0.58060746  0.66924103  0.53251733  0.56362756  0.65364592
  0.49032173  0.66504883  0.23755008  0.34417511  0.24313147 -0.4597516
  0.71016566  0.37611071  0.81313336  0.04254767  0.45436393  0.41449787
  0.05550591  0.2867779   0.3202973   0.47723412  0.37854463  0.41327616
  0.4254987   0.71164979  0.51816555  0.25970567  0.60282814  0.72514654
  0.69937539  0.52869453  0.08699875  0.6343203 ]","[ 0.59364231  0.42198968  0.49077153  0.49851419  0.65089429  0.62937013
  0.691065   -0.02091225 -0.28363995  0.23225465  0.51494686  0.15106966
 -0.43707131  0.4292265   0.65760798  0.00391788 -0.04105875 -0.28883092
 -0.02589035  0.20792473  0.55947846  0.17325031  0.27724141  0.16154395
  0.59911585  0.37774129  0.32020592  0.59533405  0.07675793 -0.40051369
  0.53528871  0.2652597   0.49183045  0.68097883 -0.00361288 -0.38146793
  0.69232831 -0.14140797  0.24849639  0.26717449 -0.07513618  0.21678952
 -0.16292497  0.54434843  0.477398    0.05375847  0.66209078  0.75419096
  0.43902573  0.29538232  0.46720177  0.58391191 -0.06947816 -0.00962841
  0.61063342  0.54950489  0.32398033  0.121392    0.28524892  0.27905818
 -0.21249601 -0.09172472  0.73895518 -0.20170131  0.58809457  0.40544981
  0.01071679  0.42888837  0.31401928  0.55693582  0.1456712  -0.28063623
  0.41536559 -0.03823726  0.70833179 -0.1130816   0.27978926  0.16195309
  0.26559317  0.26594245  0.28235362  0.1698095   0.31487397  0.54854483
 -0.22611777  0.77930895  0.38971175  0.56705136  0.44436495  0.56640188
  0.51941629  0.4962794   0.21952348  0.638935  ]","[ 0.62785536  0.3750405   0.49256489  0.39753289  0.67683095  0.75614591
  0.71380708  0.18547782  0.17072496  0.5382712   0.56111368  0.20446539
  0.61822872  0.53291067  0.68855316 -0.15597355  0.43829417 -0.38526401
  0.16412184  0.44244295  0.64114638  0.62304539  0.00121088  0.08372581
  0.29072518  0.43151082  0.49440819  0.60577679  0.03956895  0.27846029
  0.47035539  0.32227205  0.55582877  0.69020374 -0.11700357  0.49961072
  0.57440931  0.28740294  0.68753047  0.41691716  0.51385684  0.30228394
  0.56675806  0.70208883  0.60146196  0.3727775   0.81133641  0.58733944
 -0.05703283  0.14705112 -0.1312535   0.70137117  0.1905992   0.45054542
  0.28709004  0.64400406  0.06835695  0.61788696  0.68021518  0.37637098
 -0.05581054  0.45430197  0.66276473  0.5154774   0.35382522  0.68559784
  0.13881036  0.51905155  0.39193449  0.65095472  0.57116754 -0.38230996
  0.69456299  0.2352545   0.46132949  0.18538953  0.39786792  0.59479253
 -0.2400014  -0.43502626  0.18021221  0.37028874  0.49333463  0.58050722
 -0.31404067  0.47888335  0.48686358  0.08217425  0.52963713  0.6160954
  0.66587358  0.45045928 -0.05457331  0.52402102]","[ 0.72780946  0.53996877  0.30682349  0.18347441  0.58289179  0.49672516
  0.755604    0.04578693  0.04017094  0.39761622  0.65746326  0.24019654
  0.4458725   0.68671595  0.56660708 -0.28530209  0.62829603 -0.35260016
 -0.00916291  0.46843221  0.62928254  0.31221147 -0.02702158 -0.05763058
  0.73803206  0.63358326  0.04766277  0.28616709 -0.38631673 -0.15908329
  0.23742464  0.31459374  0.76856001  0.68900397 -0.13346372 -0.01570077
  0.52608917 -0.32108166  0.43830164  0.14120439  0.4675581   0.70945052
  0.27203839  0.16585066  0.08307496  0.19782731  0.35914719  0.44848428
 -0.34636804 -0.17508204  0.30806817  0.32164167 -0.21909181  0.40467193
  0.2285422   0.04436273 -0.37301338  0.59103557  0.03910866 -0.43728462
  0.35332905 -0.1023235   0.5275325   0.41473416  0.28434735  0.62465653
  0.69661533  0.30558902  0.09312334  0.7705467   0.53665835 -0.25538323
  0.68981092  0.00610851  0.3385638   0.63507897  0.34208526  0.25359264
  0.33532035 -0.09504798  0.29479133  0.5158315   0.28538125  0.35843214
  0.21042063  0.77641268  0.29202325  0.32330139  0.52905349  0.20893708
  0.44174594  0.69967831 -0.2573836   0.41717212]","[ 0.74760163  0.12227129  0.5776979  -0.00852321 -0.12673079  0.14625319
  0.80973746  0.42883994  0.40316636  0.64086876  0.63805308  0.65190132
  0.63923024  0.29091019  0.59235774 -0.19385846  0.10830336  0.01396326
 -0.30750031  0.32191115  0.56640054  0.53816158  0.54541725  0.07997778
 -0.47480596 -0.11168127  0.34171857  0.21695517 -0.29010223 -0.07367363
  0.64117876  0.22380955  0.65485294  0.72899936  0.22272334 -0.47440575
  0.66777968  0.42313186  0.56596354  0.54652158  0.57129156  0.27001493
  0.70171856  0.21756304 -0.0577044   0.3167043  -0.26827689  0.27030445
 -0.25113122  0.37697622 -0.20016547  0.46912923  0.11436857  0.61997646
  0.30646657  0.61608516 -0.42517488  0.67260913  0.5534955  -0.30721704
  0.15340385  0.48732169  0.63257778  0.52514998  0.55635045  0.77065159
  0.48387307  0.51585003  0.15487468  0.43925706  0.3516182   0.53443152
  0.67779427  0.14946514  0.41381911  0.21978334  0.27323431  0.7180791
  0.19628774  0.01567551  0.4018755   0.50759133  0.2465212   0.614821
  0.4657284  -0.04502687  0.40530582  0.33570781  0.70171272  0.6318679
  0.20392906  0.62026209 -0.0768095   0.61892249]","[ 0.6180462  -0.01227409  0.34253138  0.50501038  0.58987735  0.3180262
  0.80115363  0.53446401  0.18582813  0.45913252  0.40685872  0.47750311
  0.22924773  0.46236168  0.63964648  0.37483443  0.58787236 -0.46201821
  0.28087458 -0.09656201  0.66658999  0.16557488  0.6255242  -0.0389492
 -0.13652029 -0.0040698  -0.23969465  0.49359673  0.69830896 -0.14154363
  0.33736839  0.41357374  0.49934222  0.54804109  0.54132652  0.23782513
  0.65599847 -0.16910848  0.79119481  0.43195813  0.28746068 -0.012587
  0.69864786  0.39670897  0.21208215  0.02639774 -0.17119541  0.63197232
 -0.10289282 -0.11728132  0.50829941  0.19081535 -0.30092681  0.29579823
  0.42539977  0.53655828  0.09664807  0.17041801  0.28924354 -0.1582769
  0.29478838 -0.2949168   0.13103809  0.00667768  0.58227035 -0.11357926
  0.29902545 -0.20139939 -0.39944297  0.47988549 -0.06496138  0.56003077
  0.69955898  0.21757662  0.11368948  0.39079773 -0.08670725  0.39242268
  0.48535935  0.19027768  0.42066622  0.46704993  0.17429402  0.59359638
 -0.51651727  0.17936064  0.48971901  0.2482059   0.60750212  0.58456601
  0.42439146  0.3556594   0.31101344  0.27340531]","[ 0.51267727 -0.16879084 -0.19746939  0.70361974  0.26055649  0.06071864
  0.82048192  0.4419146   0.40003537  0.00287494  0.2826915   0.40642358
 -0.47199547  0.35474071  0.61672619  0.49088719  0.72194368  0.1955387
  0.420813   -0.37856986  0.4274066   0.22261776  0.44275996 -0.08683331
  0.19355974  0.20286183 -0.22025096  0.52758809 -0.45413771 -0.22891744
  0.17636088  0.24432762  0.57354509  0.72984983  0.30116774  0.03784742
  0.62838907 -0.25624733  0.68694826  0.40876535  0.17933227 -0.14699589
  0.69549107  0.37747045  0.20977916 -0.15485519  0.20261865  0.02466869
 -0.17696422 -0.16534331  0.18217453  0.17717001 -0.05538514 -0.14245106
  0.29214556  0.54824727 -0.41877846  0.21984792 -0.0443492   0.10950994
  0.24028797  0.39015885  0.46963163  0.54371255  0.58799118  0.6300646
  0.03716787 -0.48032711 -0.30965676  0.63705646  0.14280121 -0.03072257
  0.54862727  0.14622126  0.50645161  0.39229161  0.26667745  0.58569494
 -0.22121023  0.32523493  0.27144203  0.48813108  0.29110096  0.46466512
  0.18821596  0.69857325  0.34965319 -0.39891405  0.77771964  0.60826064
  0.48716722  0.60935639 -0.00448587  0.55549663]","[ 0.37993278  0.07803043  0.28555618 -0.17747228  0.24288329  0.16875931
  0.69904026  0.66798247  0.22548973  0.5054454  -0.18257285  0.08735095
 -0.25756837 -0.02584852  0.49025471  0.44566812  0.63262191 -0.29127135
  0.13405104 -0.33935294  0.44171231  0.25442677  0.09145316 -0.02404583
  0.66294539  0.46023926  0.47108526  0.57864908 -0.10985631  0.18724691
  0.44097712  0.10990652  0.62656419  0.67031977  0.18666861 -0.30768008
  0.07322242 -0.19886385  0.54271556 -0.14354029  0.49348775 -0.44190273
  0.57971181  0.27708284  0.3058649  -0.45557235  0.56072717  0.31530427
 -0.15558685  0.04712935  0.42532201 -0.1542874   0.25719138 -0.28016724
  0.07815082  0.51608277 -0.39021913  0.17066779  0.10475323  0.33518411
  0.20079161  0.43514518  0.43522505 -0.2095179   0.35746979  0.7311454
  0.2023544   0.31600717  0.4521357  -0.08456216  0.36340549 -0.03965625
  0.70601634 -0.32956312  0.42285889  0.12912974  0.21007875  0.54784133
 -0.29582438  0.40886582  0.20650665  0.36443582  0.05904374  0.00557684
  0.32146063  0.5455938   0.53750233  0.58322314  0.57467697  0.48510573
  0.12649844  0.56252355  0.022458    0.56777969]","[ 0.6803627   0.6072275  -0.05783488  0.55798177 -0.25740046  0.07151543
  0.45057968  0.06660855  0.55786733  0.61575575  0.39813927  0.12046866
  0.32460789  0.42924693  0.15030714  0.52001833  0.4147372  -0.23772662
  0.18276358  0.55102213  0.17030506  0.15400399  0.3856666   0.56197345
 -0.32632635  0.64179983  0.75124471 -0.21262898 -0.19796524  0.30457756
  0.52581365  0.30769096  0.39701447  0.40181155  0.24733024  0.43976895
  0.15775833  0.55217458  0.41808377  0.40169886  0.27540439  0.68918798
  0.19028658 -0.34488033  0.31475519  0.10251671  0.27125027  0.17378624
  0.50658504  0.61619958  0.60976266  0.43645679  0.53664693  0.35422579
  0.57587787  0.4874764   0.60749541  0.54351131  0.03863393 -0.29703993
  0.45077493  0.65349876  0.70435059  0.53434435  0.45584264  0.37284372
  0.37797957  0.54196128  0.46715541  0.53156124  0.27075439 -0.08450455
  0.29941901  0.50674748  0.31409979  0.31622562 -0.03263975  0.75600529
 -0.31334258 -0.51631929 -0.25030344  0.6941757   0.24101867  0.0116172
  0.42704347  0.1442517   0.6032641   0.60567999  0.65292423 -0.11494372
  0.66974838  0.01875869 -0.23259042  0.37214606]","[ 0.78401201  0.81122243  0.46008882  0.69914744  0.37341117  0.26472427
  0.35601836  0.5641337   0.70703612  0.66780397  0.80164459  0.54364727
  0.67418272  0.50121811  0.63742876  0.45223385  0.68124365  0.67249055
  0.53380448  0.72951854  0.53021467  0.67143099  0.59945788  0.77955223
  0.34504836  0.69650528  0.8280337   0.47776824  0.24582601  0.71992527
  0.72844424  0.45876007  0.16051694  0.51761776  0.68805272  0.7314586
  0.38947619  0.53539756  0.67919556  0.62294842  0.54773831  0.63762881
  0.23073735  0.56983955  0.76141119 -0.08669589  0.42028015  0.595459
  0.72523397  0.84383797  0.61884547  0.38995201  0.6418824   0.5564758
  0.66722953  0.40164632  0.51358172  0.63072941  0.26572005  0.58330445
  0.61416785  0.76352723  0.74267909  0.59372526  0.64728726  0.7181682
  0.58827442  0.64014241  0.69796518  0.54334552  0.39483705  0.51486997
  0.54745559  0.60991503  0.48681406  0.51165311  0.67707347  0.7069853
  0.52042215  0.77274939  0.24338264  0.85186585  0.39816476  0.51911859
  0.57829382  0.71507849  0.6246652   0.67195703  0.74408181  0.6882983
  0.70652029  0.35122918  0.49404562  0.6442645 ]","[ 0.66200529  0.28631994  0.32046426 -0.28075006 -0.2326798   0.19504812
 -0.36864911  0.53251158  0.34582816  0.24207428  0.74822664  0.17350621
 -0.15824112  0.14420441 -0.17997901 -0.29361033 -0.11654458  0.41643543
  0.07813594  0.05661922  0.19159486  0.22148077  0.18346612  0.47375008
  0.39491326  0.33895603  0.59191346  0.03721773  0.61900695  0.26769783
  0.58546375 -0.06175328  0.41397909  0.01887603  0.31714679  0.45526184
  0.36102023  0.45560749  0.31220173 -0.130489    0.19084866  0.47815643
  0.2479371   0.42000083  0.48242235  0.56441759 -0.11062992 -0.33847828
  0.00838451  0.65915808 -0.11371993  0.48678975  0.42555458  0.10882219
  0.25945785 -0.05972744  0.45309462  0.44441891  0.47173398  0.46215293
  0.16421606  0.56574142  0.52955116  0.21268416 -0.05234994  0.19027623
  0.04357317  0.27267402 -0.17104886  0.38225654  0.62173034  0.07753842
 -0.268072    0.49639427  0.40520113  0.35646635  0.42005773  0.56869273
 -0.3931511  -0.23124708  0.49376162  0.38068167  0.13254821 -0.31779479
  0.21180076  0.26324789  0.64899977  0.6561852   0.59804027 -0.42292772
  0.5136959   0.00145635 -0.42899189  0.40464269]","[ 0.86034075  0.75472649  0.53633758  0.65083912  0.27281721  0.62337151
  0.53098512  0.54443199  0.56634646  0.60927123  0.85546129  0.58825105
  0.27951051  0.53997073  0.51837898  0.39465121 -0.11961308  0.56640782
  0.64896657  0.63089261  0.47208665  0.64140846  0.37894987  0.6876507
  0.48512885  0.58028394  0.64880551  0.2325219   0.48974658  0.61369383
  0.45742412  0.52267512  0.40660812  0.50617521  0.57723264  0.70958007
  0.20750903  0.62489604  0.75606139  0.49444194  0.04658035  0.56716878
 -0.03336059  0.54471291  0.65112149  0.24736157  0.34786354  0.45600627
  0.56884569  0.8269848   0.39060096  0.18021788  0.52449147  0.62300023
  0.66586844  0.38734287  0.45311199  0.37675526  0.33894584  0.31292424
  0.4195369   0.70222856  0.63053933  0.65775882  0.40959789  0.70120795
  0.66512252 -0.00153929  0.38408418  0.4771063   0.30615277  0.37224787
  0.78243641  0.34784093  0.33361682  0.33706978  0.37822495  0.31235678
  0.18058816  0.59566425  0.33999175  0.60133541  0.21912753  0.11214358
  0.56417538  0.72639901  0.02203939  0.56710088  0.54850896  0.46029204
  0.69472013  0.38921812  0.11389773  0.62869024]","[ 0.59834158  0.74361217  0.48171364  0.39852691  0.18598915  0.3697846
  0.56639748  0.67282044  0.73105856 -0.09517135  0.7691622   0.54721482
  0.7566328  -0.53022174  0.54790844  0.45696007  0.63442215  0.16426137
  0.42010156  0.62111747  0.54988964  0.63229803  0.65678477  0.73803662
  0.32728313  0.66435941  0.76357831  0.45017484  0.22384926  0.6702615
  0.53711375  0.52044912  0.38616868  0.68942451  0.63205419  0.61735077
  0.52951392  0.6303493   0.82379776  0.59736577  0.58413313  0.43752473
  0.39434796  0.42226635  0.70311227 -0.21352233 -0.17642299  0.30893321
  0.54116947  0.67308732  0.57696379  0.47875459  0.22551471  0.46609668
  0.71452401  0.43564842  0.54576808  0.81167451  0.59952936  0.5710045
  0.48569249  0.81164554  0.73869401  0.68607401  0.60718295  0.73828831
  0.50263011  0.51232658  0.32047503  0.78983014  0.35720132  0.68893306
  0.51900394  0.66077906  0.23902856  0.53281232  0.63641266  0.58256576
  0.48147277  0.70012062  0.0485866   0.84135767  0.45010898  0.57041742
  0.53139609  0.70018812  0.34903828  0.6327593   0.752065    0.71456159
  0.47371109  0.03312706  0.26426104  0.32146013]","[ 0.8154488   0.52151291  0.59347202  0.5818102   0.29629256  0.08727947
  0.45729867  0.82500516  0.75728394  0.48429104  0.6003803   0.72653371
  0.63978496  0.32398553  0.62840172  0.68924349  0.81638189  0.27132753
  0.36772593  0.68692425  0.57389822  0.64950719  0.72711567  0.79500489
  0.76910663  0.69010186  0.87158004  0.57746462  0.6252077   0.65700717
  0.69385818  0.56632187  0.40070844  0.82538312  0.65068581  0.78244403
  0.70047338  0.77770989  0.87259725  0.63673953  0.67904949  0.57951258
  0.57444059  0.53489212  0.46525917  0.18871991  0.63138543  0.42208523
  0.66639426  0.70974423  0.78484131  0.83179811  0.53674893 -0.12942957
  0.70382984  0.70735211  0.77646022  0.89142747  0.71555126  0.70893
  0.58566493  0.78635237  0.84396891  0.82100543  0.75821839  0.81460954
  0.6499484   0.7924992   0.65983028  0.8697608   0.70097619  0.79684071
  0.68674151  0.78988301  0.6718002   0.51720094  0.73274701  0.80972327
  0.70193206  0.61455602  0.37778235  0.90501356  0.49492647  0.52209492
  0.68848012  0.74717089  0.5783975   0.73101247  0.815215    0.62853321
  0.32907562  0.02470736  0.43949137 -0.01057524]","[ 0.82728099  0.59424886  0.43733652  0.69803963  0.00102575  0.61389364
  0.04732641  0.48372658  0.64520762  0.49453831  0.84684699  0.42545416
  0.53467696  0.43811913  0.43396445  0.39868422  0.46600835  0.36065556
  0.62153418  0.49632473 -0.30736809  0.54531866  0.40510077  0.69940596
  0.06837425  0.66589383  0.7384183   0.37732672  0.480844    0.59287572
  0.61328532  0.29384771  0.15755214  0.66821704  0.70247465  0.62219681
  0.12056413  0.60620664  0.51546694  0.36358818  0.36112381  0.66842276
 -0.13734022  0.65979486  0.70266589  0.12286124  0.59856201  0.43146029
  0.43676661  0.80759042  0.57472555  0.12473936  0.4530269   0.30364015
  0.67767403  0.41845346  0.27953423  0.6186051   0.23431217  0.35922394
  0.42981162  0.66153586  0.639117    0.41459577  0.3856965   0.572148
  0.38235886  0.53646726  0.44099964  0.42823838  0.21682697  0.51212505
  0.68765229  0.46676897  0.40377832  0.16432749  0.41009202  0.5518028
  0.42056386  0.63991214 -0.02200474  0.61748629  0.05633396  0.11461641
  0.54129368  0.55901267 -0.15948928  0.72244366  0.61112265  0.59016889
  0.72960016  0.36625266  0.24145151  0.46268682]","[ 0.71054031  0.01983422  0.12326439  0.18176467  0.19218652  0.19628347
 -0.17226941  0.31944204  0.6813055  -0.19041483  0.49668636  0.29507941
  0.48992113 -0.4297491   0.19952556 -0.03835069  0.30003321  0.25325571
  0.39303002  0.22725543 -0.05816879  0.27700926  0.41179163  0.62490322
 -0.05428246  0.45970528  0.68648552 -0.10353774  0.22342162 -0.04942503
  0.37176516  0.33231044  0.54412929  0.56738477  0.57167978  0.5455576
 -0.06605848  0.29611877  0.6661537   0.36743685 -0.37157707  0.50045317
 -0.20196029  0.33052757 -0.30609968  0.39316998 -0.37711004 -0.23097862
  0.42729482  0.5332386   0.35427438  0.2505088   0.12497725  0.15738852
  0.48072408  0.33296682  0.21381284  0.66782136  0.29599025  0.38486207
  0.11405168  0.61200686  0.69000328  0.48163787  0.44941227  0.57670459
 -0.21747363 -0.13432398  0.4053962   0.77491983 -0.00637931  0.51558806
  0.2007922   0.48073798  0.16210026 -0.1809199   0.45260426  0.29076379
  0.13560596  0.39817769 -0.00769568  0.70527585  0.0427097   0.49710819
  0.39109933  0.47016907  0.26065826  0.64543242  0.62115505  0.69618149
  0.21775432 -0.27552349  0.18226551 -0.34617796]"
"[ 0.47157735  0.30964477  0.20624712  0.44412664  0.23462569  0.192057
 -0.32616146  0.42646182  0.21522705 -0.14335865  0.08037712  0.10592703
 -0.00328342 -0.0374261   0.00376637  0.38518944  0.17227508 -0.29849092
 -0.29981383  0.16971812  0.43857372  0.44518092 -0.13502925  0.07510121
  0.15771925 -0.07500858  0.3824969  -0.01370246  0.29877919 -0.34401713
  0.56555213  0.35151084  0.16444032  0.59378073  0.33988774  0.21220485
  0.32303519  0.51169591  0.36693761  0.49915542 -0.21548314 -0.27488279
 -0.45619535 -0.02665217  0.55604497 -0.0584259   0.28663099  0.11858254
  0.33508335  0.58741083  0.07100231 -0.11882904  0.25296336  0.15312848
 -0.101556    0.371498    0.239823    0.09797656  0.27823322  0.3276474
 -0.14812769  0.50344487  0.69254057  0.3299542   0.31164331  0.56922456
  0.46366162  0.32682981  0.4242225  -0.30202402  0.30655198  0.22388133
  0.24412243 -0.33463095 -0.26158491 -0.08271094 -0.21269921  0.74932685
 -0.22965556  0.37111916 -0.03033218  0.60934852  0.05893563  0.4600293
 -0.39072955  0.3910044  -0.35776207 -0.27855322  0.39335479  0.36685054
  0.42814794  0.26617282  0.37946128  0.25789665]","[-0.2971274   0.14081281  0.40118805  0.29431331  0.22113397 -0.25017337
  0.46964433 -0.230552    0.13687566  0.66235267  0.17400552  0.41221616
  0.27384536 -0.46261898 -0.38707225  0.40304139 -0.29298807  0.5943443
  0.13900692  0.40140723 -0.22279077 -0.17463377  0.17979063  0.47019565
  0.783997    0.12961763  0.70543289  0.28958374 -0.26315303  0.52537546
  0.61893233  0.08503925  0.2634924   0.65546765  0.14140573 -0.39874797
 -0.64755625 -0.57475327  0.56401081  0.77844469  0.28840353  0.58989317
  0.51247088 -0.06143454  0.74722092  0.49980009 -0.10642728 -0.40196088
  0.07934025  0.48380311 -0.07173577  0.56248787 -0.25810721  0.20555621
  0.51109089 -0.28148369  0.1883753  -0.31462982  0.23285058 -0.49786159
 -0.39285297 -0.35080351  0.49005355  0.58036372 -0.10103889  0.50852566
  0.49637816  0.52690187  0.23035896  0.68133526  0.39366095  0.27497953
 -0.04963222 -0.06154903  0.26816685 -0.17199311 -0.04785004  0.75938469
  0.12696591  0.7051334   0.02741815  0.33222771  0.68886694 -0.43433632
  0.79303348  0.00468426  0.27141444  0.54544019  0.50002779  0.81862551
  0.3576817   0.06995682 -0.0334322   0.1096504 ]","[ 0.27399975  0.48045395  0.7193008   0.05651996  0.55843321  0.00919936
  0.55908728  0.45513307  0.16581703 -0.1748861   0.67857606  0.62632635
  0.67290868  0.22221812  0.52419071  0.35461281  0.1803746   0.40121585
  0.56491453  0.41616392  0.0268755   0.59956772  0.04987601  0.16292569
 -0.31766651  0.23707615  0.59632137  0.44519681 -0.41011601  0.28842508
 -0.34946713  0.17489579  0.58450867  0.72902747  0.50469656  0.76037592
  0.40388089 -0.23188137  0.07958614 -0.45334771  0.4856699   0.21161087
  0.5238835  -0.03306544  0.32778105  0.65752525  0.65311606  0.1547185
  0.27534123 -0.19167362  0.34637762  0.4059396  -0.18007741  0.48642598
  0.5740482   0.54861045  0.13653759  0.21718129 -0.11606571 -0.25012022
 -0.48335507  0.40677092 -0.35005473 -0.01008757  0.46497692  0.08329904
  0.29304525  0.72492939  0.17330513  0.1463386   0.25841421  0.48858165
  0.31499682 -0.29082872  0.03709706  0.24760482  0.2450849   0.00149411
  0.6319292   0.20561702  0.09867311  0.40073316 -0.20023951  0.51156047
 -0.00734222  0.65292834 -0.04447498 -0.38661385  0.64595655  0.73764123
 -0.17331241  0.45964668  0.48484445  0.3406423 ]","[-0.20092964  0.01137792  0.37083744 -0.09052877  0.60125526  0.02223093
 -0.32441177  0.2151652   0.2516265   0.50424785  0.36143597  0.21101261
  0.43762813 -0.03825602  0.11703082 -0.4916973  -0.54524227  0.00786519
  0.1512379   0.39990044  0.5965262   0.25261254  0.31443074  0.54416898
  0.46999531 -0.10650534  0.361253    0.60207651 -0.31747913 -0.04719955
  0.54938484  0.01903258  0.47179343  0.31001236 -0.39350412  0.14952286
  0.25520018 -0.45088785 -0.23969299  0.78163498  0.17938975  0.27731954
  0.38117694  0.33250325  0.80185728  0.32380132  0.11112979  0.5650666
 -0.04905811  0.85278182  0.38496648  0.11389951  0.66950519 -0.13149614
  0.4076155   0.55019711  0.45101031 -0.23988185 -0.30433846 -0.0688412
  0.49668164  0.24450808  0.60242607  0.68808342  0.35339949  0.23157867
  0.26952232 -0.39970557 -0.38584057 -0.26142943  0.57742381  0.5883809
 -0.53589345 -0.16969514  0.39712075  0.34144466 -0.31048095  0.42584566
  0.61396909  0.61338769 -0.21045686  0.57318124 -0.25859225 -0.32098813
  0.78279887 -0.22384175  0.09274981  0.5534402   0.65560192  0.42255531
  0.11593222 -0.04320893  0.15800134  0.35407457]","[ 0.82204408  0.42414101  0.16755152 -0.25001094  0.37405604  0.39762286
  0.64622453  0.5742802   0.55780915  0.51930056  0.3680878   0.1316783
  0.43788962 -0.37006375  0.31966827  0.42968317  0.33292608  0.52547972
  0.15385608  0.60470509  0.51773944  0.53102866 -0.13018656  0.44381636
  0.18884019  0.48049228  0.81728377 -0.02852593 -0.20662109 -0.109546
  0.61122838 -0.02516875  0.46604478  0.55380829  0.45983085  0.75706222
  0.48268076  0.58340209  0.7396366   0.6637347   0.37922546  0.38194955
  0.39400444  0.34456224  0.54215165 -0.27229245 -0.1528397   0.40813565
 -0.17810959  0.80276374  0.39617269  0.41601371  0.46479887  0.23177731
  0.39912008  0.54944595 -0.3583933   0.62516353 -0.04326388  0.48836055
  0.37683493  0.44433159  0.68657833  0.68921954  0.3642791   0.55732772
  0.64413692  0.48855     0.39807422  0.1009615   0.40305245 -0.23955973
  0.64628114  0.35459481  0.08983258 -0.13165551  0.21779763  0.69259073
  0.16244236  0.00424659  0.11881721  0.65673868  0.23154128  0.2913997
  0.55748948 -0.52366192  0.4946171   0.5809576   0.747848    0.59082788
  0.51888095  0.05888673  0.12038554  0.28665707]","[ 0.61607899  0.41012298 -0.04074233 -0.42956908  0.23642012  0.28251126
 -0.20378807  0.53296021  0.39906256  0.51556856 -0.03783104  0.3597743
  0.65494805 -0.17968994 -0.28944683  0.43763223 -0.21731057  0.53927747
  0.53397653  0.50962739  0.42546816  0.52483187 -0.27384879  0.58689563
  0.29521931  0.23182175  0.71307034  0.50852687  0.51006395  0.02424009
  0.55325171  0.41805465  0.27969341  0.56716793  0.17071567  0.54850162
  0.09361875  0.25253111  0.58365504  0.32851804  0.30590198 -0.05219709
  0.53550722  0.24440003  0.30510052 -0.24998973 -0.42755096  0.55307885
  0.09180385  0.73519291  0.54935976 -0.18756375  0.68892409 -0.26797606
  0.22418759  0.67824235  0.1446544   0.26102852  0.17164696  0.56293169
  0.67367124  0.56817711  0.67247278  0.68621053 -0.00743925  0.57535121
  0.64216171 -0.17669945  0.41164183 -0.51052987  0.09856504  0.43824464
  0.49581025 -0.11076716  0.2746009   0.15047955  0.12870155  0.66217606
 -0.15863248  0.09570821 -0.38371883  0.52545242  0.14923785  0.56949823
  0.25760895 -0.02717949  0.48821941  0.37640729  0.73898699  0.62095915
  0.66493046  0.58105943  0.17052882  0.01316785]","[-0.19245048  0.2930876   0.51931159 -0.32045921  0.597565    0.45713363
  0.62765794  0.36469628 -0.39409016  0.36915019  0.58820568  0.30762821
  0.5636597   0.04352448  0.37040545  0.42532556 -0.1154436  -0.28998403
 -0.19733515  0.25163583  0.28455451  0.42182165  0.30335115 -0.05859656
  0.30931729  0.19227356  0.49647598  0.5506406  -0.46592015 -0.31211013
 -0.0428658  -0.06591902  0.45990946  0.43919842  0.48250244 -0.1199463
  0.2814453   0.00117662  0.31072717  0.28155544  0.13073712 -0.2245906
  0.25992244 -0.13539151  0.57691571  0.18717707  0.34881878  0.50046276
  0.10723657 -0.09840366  0.31972849  0.35316307 -0.27787458 -0.00768285
  0.46085741  0.53017159  0.32363483  0.29134314  0.12033794  0.32050215
 -0.16602058  0.05561202  0.61641318 -0.28191191  0.31859451 -0.13794488
  0.44913672  0.69454881 -0.16820023 -0.22071717  0.07152894  0.41034396
  0.63720124 -0.20924015  0.09405403  0.21109963 -0.01471203 -0.14339893
  0.31413723  0.30296363  0.10374232  0.25888557 -0.33453908  0.30592817
  0.34608013  0.02080309  0.21478058  0.21712623  0.50187354  0.71634888
  0.19314162  0.53954333  0.53861227  0.23496966]","[-0.06169895 -0.31231956  0.38571747  0.21829581  0.292517    0.15550335
  0.13266452  0.3795817   0.04965078  0.26914135 -0.3769634  -0.17891478
  0.27509961 -0.17957973 -0.2250702   0.36485512 -0.25906643 -0.1535255
  0.72340148 -0.30563579  0.39377961  0.38350794  0.04751537  0.33008568
  0.34386703 -0.02565549 -0.2890758   0.50454384  0.14077955  0.31217125
  0.00772794  0.13828773  0.2927645  -0.08783383 -0.09505926 -0.22867432
  0.43449451 -0.27190271 -0.27692708 -0.15642656 -0.0545606   0.1465693
  0.55488215  0.02705526 -0.39201131  0.07612643  0.01256502  0.62370214
  0.18932001  0.56852432 -0.30593894 -0.28469493  0.43419581  0.25315338
 -0.04146506  0.68693081 -0.40433344  0.01653281 -0.31655297 -0.03239978
  0.56694889 -0.32307637  0.00716295 -0.02823675  0.45131144 -0.40982179
  0.00479907 -0.27518216  0.05308317 -0.53933747  0.55047123  0.7242202
 -0.2139358  -0.24227452  0.40461703  0.39181481 -0.29171823 -0.49996473
 -0.05573159  0.25778403 -0.21996419 -0.06632843  0.09663816  0.16344364
  0.10639236  0.43171036  0.18869675 -0.56268395  0.55233034  0.51020485
  0.6846267  -0.27234531 -0.04781747  0.33065257]","[-0.45614247  0.13983584 -0.26230241 -0.37634164 -0.19412779  0.02580131
  0.43590973 -0.35755942 -0.39876572 -0.40431559 -0.21284799  0.3620799
  0.04560682 -0.14883049 -0.22079362 -0.41599392  0.00263575  0.45885598
  0.00517307  0.02743857  0.60516955  0.42637561  0.42759188 -0.09004147
 -0.28644609 -0.11712492  0.51779244  0.25739518  0.34837223 -0.1344942
  0.07278941  0.354042   -0.34581189  0.40523986  0.08789926  0.32553677
  0.35910001  0.38844849 -0.20953151  0.43974294  0.19204691 -0.02919071
 -0.23370313 -0.20131507  0.41762456  0.50377279  0.09160325  0.2149305
  0.27253801  0.58795753  0.5787795   0.22437079  0.28680925  0.01846586
  0.11597161  0.36682013  0.14022666  0.23051504 -0.23761142 -0.32795032
 -0.02197637  0.02937558  0.67385579  0.23444967  0.34115425  0.11195443
  0.38182442 -0.20790189  0.42502412  0.2281696  -0.02213895  0.11867191
  0.10249385  0.33535461  0.34649645  0.32227864  0.45338376  0.66608201
  0.0007502   0.27600756  0.30938828  0.67278118  0.57821895  0.2891861
  0.62876956  0.35391371  0.56956307 -0.07794208  0.05998323 -0.57217766
 -0.23372731  0.31941581  0.37855383  0.14797832]","[ 0.29157904  0.19996177  0.2186846  -0.4850722   0.25870412  0.39181026
  0.52412952 -0.37777958  0.10516492 -0.18404278  0.54889776  0.19528843
  0.40177913 -0.50053954  0.31522051 -0.58182438  0.3355769   0.25258381
  0.23097628  0.3466266   0.49714122 -0.30478256  0.12939045  0.15913438
  0.57813471 -0.10192955  0.69338652  0.10207913 -0.17133329  0.21468423
  0.40756584  0.66158472  0.50945463  0.49913659 -0.41194399 -0.08481667
  0.37609959  0.59447799  0.44735917  0.70655266 -0.17821043  0.29869315
  0.21160549 -0.10813871  0.34991609 -0.45385742  0.28429163  0.58442644
 -0.30843966  0.35610229  0.63519899 -0.47189026  0.12619476 -0.42276908
 -0.3033262   0.60559332 -0.14813818  0.26681307 -0.08884148  0.29456164
 -0.00707124  0.11334385  0.67602897  0.76609998  0.19590153  0.42679042
  0.43747082 -0.01831721  0.12869299  0.2691699   0.43220076  0.67456321
  0.11574187  0.42366388  0.30622725 -0.07932382  0.01589906  0.5977611
  0.50778311  0.19531701 -0.02301163  0.13550253  0.42128141  0.071202
  0.3991527   0.76208173  0.48849199  0.40389668  0.20148921 -0.22997203
 -0.16170691  0.6030288   0.45745101  0.37748782]","[ 0.59838314  0.30172601  0.41658061  0.36248402  0.33762671  0.10746741
  0.3982963   0.32996731  0.38608726 -0.27437527 -0.15165649  0.63124744
  0.22404558  0.12929298  0.46063862  0.21076566  0.58105024  0.61007269
  0.12653241  0.42408693  0.22632358  0.63636518  0.66511399  0.51910339
  0.30608528  0.48823687  0.65226635 -0.06823471  0.3673898   0.07082544
  0.18645556 -0.29673373  0.31056349  0.61502093  0.40568556  0.65302233
  0.18326821  0.67054487  0.6663623   0.5608285   0.3836984   0.55677525
  0.58643558 -0.27514263  0.73664999 -0.40437748 -0.66222751  0.35364923
  0.12699718  0.8193879   0.69412653  0.39765783  0.62492107 -0.00758367
 -0.30418201  0.51062139  0.13833599  0.28470083 -0.20647802  0.18800749
 -0.15533005  0.00917921  0.50673066  0.27417148  0.36633873  0.3449572
  0.41448928 -0.05432558  0.24005071  0.48643573  0.50666197 -0.39979592
  0.64578914  0.50523118  0.43277005  0.34817917  0.29786652  0.77280923
  0.72476035  0.33201852  0.15510701  0.73137869  0.23008024  0.57634393
  0.31891005  0.35605123  0.35814069  0.58902021  0.65367849  0.57058714
  0.46168712 -0.01759166 -0.34861212  0.48704849]","[-0.02157349  0.10711542  0.46557668  0.27135131 -0.25000997 -0.46065308
  0.12847611  0.22881783  0.45544171  0.70538281  0.34628385  0.12509944
 -0.11069611  0.27341908 -0.3162695  -0.06452919  0.03184224  0.39298053
 -0.6034847   0.25297909  0.46831326  0.18244886  0.36126221  0.18397306
  0.78486412  0.19099615  0.81756414 -0.24454959 -0.11304805  0.33446001
  0.54360104 -0.16958739 -0.07736713  0.77748914 -0.42613516  0.48847985
 -0.49270531 -0.42204475  0.54089515  0.53559684  0.17326752  0.62377593
  0.6398695   0.28408663  0.76127305  0.66667674 -0.16657336  0.31891756
 -0.10754383  0.44061023  0.40609386  0.41663793  0.49129551 -0.3845785
  0.58257974 -0.27769617  0.35482294 -0.46630528 -0.06484203 -0.4174506
  0.14426396 -0.44508894  0.39288268  0.52565524 -0.14392789  0.42424175
  0.41114185  0.58792267  0.40462018  0.32044095  0.31332023  0.48534654
 -0.59826879  0.23657565 -0.00615852  0.14626986 -0.16392238  0.66654653
  0.42933677  0.72827473  0.30195976  0.01107786  0.08431429  0.16160397
  0.7425838   0.08980605  0.20614939  0.55925619  0.53968174  0.66829016
  0.33725831  0.17230468  0.18801428  0.13640533]","[-0.27389238  0.47021514  0.37845365  0.58522697  0.44410377  0.23885163
  0.79769787  0.1355982  -0.37879068 -0.0212758   0.68051912  0.54589051
  0.65029675  0.14873074  0.53378338  0.43414767  0.4793042   0.1856216
  0.52628018  0.50708499 -0.16231253 -0.31648676  0.37949267 -0.02570144
  0.59083157  0.36383601  0.4057982   0.75219036  0.1104717   0.36866926
 -0.22810884  0.22645251  0.55004789  0.76945581  0.6027826   0.69927819
  0.501625    0.4315102   0.42236464 -0.08819043  0.45487656 -0.00282046
  0.51779385  0.13507826  0.66328407  0.65569851  0.62775251  0.3081403
  0.42618904  0.0952435  -0.02393887  0.63442157 -0.07117025  0.61375786
  0.65659799  0.3475839   0.21537573  0.56596971  0.27925823  0.28504666
 -0.31209867  0.11377305  0.18501895  0.43076004  0.5926744   0.15758668
  0.51335586  0.77470322  0.10511264  0.26901465  0.2434053   0.56843864
  0.55177984  0.0292775   0.61240487  0.21439307 -0.10975344  0.45678648
  0.71585307  0.36409852  0.29973324  0.54319145 -0.38469332  0.424068
  0.77923581  0.77201622  0.15832618  0.50104828  0.57243583  0.44603532
  0.2525556   0.42738263  0.55039934 -0.32637121]","[ 0.11614252 -0.13045814  0.50343473 -0.3125707   0.41167782  0.45663477
 -0.24116768  0.23177679  0.26323271  0.54474395  0.28774944  0.57206342
  0.473892    0.0535138  -0.22593858 -0.38264623 -0.19753779  0.21815458
 -0.11506293  0.49923635  0.61480652  0.50462134 -0.36743267  0.40607779
  0.46624677 -0.02019673  0.4016286   0.3965639  -0.01528719  0.0963654
  0.5759435  -0.24511318  0.45256853  0.36799205  0.0947954   0.42516529
 -0.280042    0.10435835  0.4574815   0.69269291  0.42250934  0.3528035
  0.81576665  0.29112746  0.85005983  0.57160125  0.19551571  0.0935655
 -0.23592942  0.80743873  0.39632487  0.17612285  0.65528106  0.23506391
  0.33357133  0.71608699  0.39339787 -0.17136475  0.0787384   0.12133266
  0.483552    0.33139976  0.53246575  0.83174261  0.48950632  0.39261244
  0.38244647 -0.2909312   0.37975139 -0.36656906  0.72479821  0.57189687
 -0.1394627  -0.3492859   0.59300533  0.21897161  0.32965991  0.21781856
  0.53015333  0.40397962  0.15603965  0.4590064  -0.29594934  0.24677125
  0.61206432 -0.26610629  0.17760474  0.53962677  0.6121421   0.36970352
  0.23655579 -0.01606768  0.16618646  0.42179814]","[ 0.7326136   0.30367846 -0.26189363  0.20456242  0.4070901   0.36336964
  0.62322533  0.48463042  0.43981957  0.34238755  0.21168343 -0.13602681
  0.28817152 -0.23230687  0.1667422   0.36591055 -0.3213183   0.05476545
 -0.04661903  0.49752071  0.47613533  0.29915221  0.00392564  0.25355405
  0.29690249  0.34924739  0.67517638  0.12377102 -0.35134729  0.20864187
  0.54343299 -0.17479401  0.55117328  0.29495987  0.43376624  0.54974598
  0.20637526 -0.30813911  0.6845965   0.42203443  0.28063571  0.3109212
  0.10161815  0.21932819 -0.45134989  0.31760562 -0.04076766  0.09764124
 -0.38033558  0.74835591 -0.10506695  0.32506087  0.39400967 -0.2695514
 -0.27059018  0.53307396 -0.44912971  0.5006827   0.19432467  0.27494141
  0.30513574  0.18287423  0.65354458  0.43404478 -0.36649142  0.43493599
  0.17850111 -0.09955337  0.16084257 -0.51190076 -0.15016096  0.09112452
 -0.18398298  0.00272285  0.08423874  0.33425883  0.11614759  0.5497673
 -0.43082186 -0.00968908  0.47652875  0.5711761   0.00480894  0.2203572
  0.48673012 -0.58461655  0.28899085  0.62679039  0.74702836  0.5192301
  0.11101425  0.4779392  -0.13781444  0.00808818]","[ 0.6832208   0.34192662 -0.36349222  0.02096988  0.55455799  0.30493043
  0.01800471  0.50322301  0.33104732  0.54645198 -0.14309034  0.43698
  0.50519902  0.02993088  0.29859018  0.4727557   0.51074702  0.4131001
  0.34875922  0.5652787   0.56912944  0.49418474  0.25893468  0.08963925
  0.39671489  0.11010022  0.64502833  0.41819823  0.28192233  0.39827645
  0.29603559 -0.07887202  0.27588749  0.61245698 -0.07487788  0.56196489
  0.19513639 -0.15816458  0.61597354  0.47418311  0.34780268  0.40863603
  0.46563127  0.31712021 -0.12743016  0.105608   -0.05866374  0.53210617
  0.07137357  0.7601593   0.00566571  0.54752748  0.64801815  0.21731215
  0.21154356  0.7333365  -0.55616693  0.48617744  0.13234114  0.33705844
  0.62332331  0.4635826   0.66244263  0.34065619  0.32217609  0.54570555
  0.533029   -0.4108877   0.58340642  0.36618017  0.36488863  0.3145193
  0.76425093 -0.36558202  0.59176906 -0.08439037 -0.29270323  0.59893262
  0.51626883  0.00179214  0.29779352  0.4548321   0.28956651  0.70547537
  0.03426056  0.29904682  0.59954621  0.60165954  0.75368638  0.53723223
  0.20018147  0.68594929 -0.06909137  0.002578  ]","[-0.13272864  0.32214969  0.47755761  0.33904269  0.70414508  0.35822025
  0.72186888  0.08266577 -0.32189321  0.05942535  0.70679295  0.41730109
  0.59483346  0.33993157  0.22680677  0.17523477  0.43367179  0.02485525
  0.54562745  0.36096771  0.07108544  0.06884673  0.33054114 -0.12958646
  0.33263075  0.43533672  0.61963089  0.65424484 -0.33144005 -0.20398901
  0.02585714  0.22730698  0.44849448  0.34249389  0.58261776  0.53575527
  0.43112584  0.01301492  0.31190455 -0.3278704   0.13261007 -0.23660344
  0.73606406  0.12891847  0.6258885   0.49996605  0.43600903  0.0449698
  0.50022955  0.35527618  0.07004165  0.20862969 -0.21085522  0.65550147
  0.51095117  0.29258895 -0.11432884  0.5777229   0.29750542  0.34605051
  0.03986242 -0.43973829  0.45337244  0.25751023  0.56177607 -0.05212465
  0.46581255  0.72763515  0.11262175  0.11347776  0.07202532  0.45117586
  0.56598173  0.48314084  0.61297033  0.09335569 -0.37082955  0.26188657
  0.55996374  0.73723928  0.38446266 -0.58173392 -0.01839428  0.51701156
  0.61251433  0.59183585  0.14742806  0.00868238  0.57324513  0.66309085
  0.21186038  0.6218555   0.3213296  -0.2211411 ]","[ 0.40564779 -0.28956786  0.43397234 -0.04869979  0.13894884  0.28969413
 -0.02854913  0.51394897  0.26901739  0.25194658  0.08624669 -0.16730178
  0.35301438  0.07827777 -0.2956873   0.48413317  0.47814286  0.41998652
  0.5943368   0.19372963  0.29856386  0.24380691  0.35953706  0.04725016
  0.33205053 -0.07440918 -0.3910775   0.69968814  0.21970053  0.45543772
  0.36444378  0.15817938  0.03169379 -0.23593386  0.11326147  0.47844409
  0.39427322 -0.42490375  0.05086845  0.05213734  0.1123931  -0.27922393
  0.71123313  0.20102676 -0.28339025 -0.24838991  0.29589857  0.53545619
  0.23351074  0.52409045 -0.13884192  0.60061483  0.6301051   0.42359909
 -0.13897777  0.80654644 -0.21398753  0.11245465  0.23966521  0.16207757
  0.62670646 -0.58697822  0.37337755  0.34837888  0.50558422 -0.28968692
  0.29171741  0.47629206  0.38586744 -0.09862412  0.49773127  0.46285379
  0.61328401  0.13247542  0.63177297  0.27104651 -0.13967288 -0.07818813
 -0.05817838  0.14277695  0.25787935 -0.08492939  0.27887034  0.49422563
  0.32531727  0.1123909   0.4241859   0.13914999  0.6288209   0.44919922
  0.43707284 -0.23765411 -0.29388862  0.28487046]","[-0.38218731 -0.01090151  0.06656771 -0.39675597  0.43348523  0.18163582
  0.48178751 -0.19674405 -0.27826566 -0.09729783  0.3272832  -0.00721652
  0.44124724 -0.57890222  0.26629232 -0.22335576 -0.27102552 -0.46123499
 -0.06353051  0.31920579 -0.04641475 -0.19419181 -0.19491658 -0.04871345
  0.37176252 -0.02144737  0.66818583  0.2254022   0.30027157  0.1808772
  0.35745246  0.68159575  0.37593529  0.33695272  0.36591902 -0.00349743
 -0.27537065  0.29349219  0.19694224  0.6411479  -0.02261057 -0.04950979
 -0.15535382  0.17843567  0.59357452  0.32461586  0.0202801   0.2123762
 -0.35885181  0.42603606  0.37750166  0.08414999  0.22421891  0.23832877
 -0.28375192  0.41924028  0.05352866  0.12273016  0.21906815  0.38271892
 -0.05657564  0.07460705  0.73715897  0.28096777  0.07692832 -0.22783142
  0.49908406  0.08565039  0.27520844  0.04738017  0.06549771  0.36406069
  0.32590956  0.25572701  0.39792441  0.33214288 -0.00181254  0.54657245
  0.3942037  -0.29688427 -0.31466737  0.35703932  0.41366774  0.34437962
  0.33971712  0.2698766   0.14556319  0.3960857   0.11659222 -0.26404206
 -0.55035083  0.19943414  0.19803117 -0.46425492]","[ 0.22620669 -0.34738139  0.28409485  0.13230296  0.5014627   0.52706838
  0.53439724 -0.42383736 -0.19207961  0.32002325  0.64796252  0.50790685
  0.4071391  -0.41828421  0.60678394 -0.54920546  0.28729339  0.40426351
 -0.00994718  0.41814304  0.29637896 -0.31420909  0.10762367 -0.55029571
  0.48669266  0.0917414   0.59346946  0.06347195 -0.2489246   0.31811917
  0.61828238  0.60395816  0.80957865  0.25487572 -0.48814653  0.58216363
  0.52230184  0.40525081  0.70350266  0.70974374  0.43481027 -0.22041665
  0.27781969  0.08491772  0.27341365  0.3852086   0.40285623  0.52442486
 -0.24816807 -0.3491363   0.28870266  0.24218482  0.27418917  0.18678977
  0.35656177  0.38625025  0.19529349  0.09195648  0.57187423  0.43181447
 -0.22408801  0.10964449  0.6019187   0.47977277  0.16354564 -0.33669558
  0.50724472  0.15309457  0.11326172  0.547925    0.57107891  0.67169158
  0.63581844  0.42903603  0.62008492  0.03501543  0.61122147  0.09056459
  0.6814664   0.32398548 -0.29622686  0.28572605  0.61440417  0.29547908
 -0.44655346  0.58326099  0.45674018 -0.09852734  0.49945687 -0.11435768
  0.29030822  0.73008663  0.61187862  0.40274789]","[ 0.2265311   0.44346864  0.11829692  0.30432482  0.45931457  0.08858184
  0.3225728   0.28061453  0.15068785 -0.34691034 -0.25436573  0.53865296
  0.42303013 -0.37458692 -0.00427684  0.41403213  0.23208813  0.51840245
  0.1296574   0.24387349  0.33799849  0.51699091  0.63688858  0.50802577
  0.32441423  0.32804661  0.72672732  0.00657845  0.15573036  0.22049027
  0.37094115 -0.30922575  0.10500527  0.61036793  0.44219373  0.5972662
 -0.28209618  0.46130504  0.35902707  0.53336029  0.0548161   0.53840637
  0.30443796 -0.15008894  0.71135447  0.09052544 -0.54053057  0.17932166
  0.34968568  0.84052168  0.65386663  0.4722399   0.58953876  0.02718115
  0.06678555  0.4567464  -0.02722133  0.18290425  0.16391779  0.32299497
  0.39807707 -0.02654902  0.7378641   0.22063145  0.26800246  0.36044411
  0.21684435  0.18343304  0.28524085  0.03821048  0.21248851  0.12200799
  0.08638607  0.12324247  0.2157722   0.26851532  0.27690471  0.72827705
  0.3326265   0.09748038  0.09383738  0.80963955  0.2680351   0.56295719
  0.33460749  0.22195914  0.15697593  0.63286234  0.60762945  0.39707081
  0.54194492 -0.05512265 -0.34851105  0.29788666]","[ 0.53855302  0.17771307 -0.00695553  0.14273947  0.21110992  0.07808367
  0.24861732  0.25036112 -0.10997877  0.56701605  0.22456676  0.40515532
 -0.61534231  0.38634504 -0.06574607 -0.22459412  0.10589475 -0.25591526
  0.68656865  0.04942104 -0.33521634 -0.29416911  0.15852552 -0.27929795
  0.28956655 -0.25612535  0.19966964 -0.26405495  0.63891553  0.35691368
  0.06746018 -0.33965319 -0.17074025  0.13820846  0.07397473 -0.16565902
  0.47679386 -0.27507494  0.07408353  0.04551849  0.10433126  0.38437102
 -0.60238215  0.43075161 -0.11372669 -0.01618716  0.18797623  0.28387022
 -0.36275398  0.48797917 -0.40591403 -0.01509036 -0.14908101 -0.03216752
 -0.20297911  0.19570637  0.17148833  0.34031915  0.18803546  0.42612301
  0.42938441  0.16454834 -0.04505648  0.336015   -0.29730335 -0.13903628
  0.13813925 -0.46562641  0.43152611  0.17348407  0.58076572 -0.28037122
  0.53567667 -0.24582133  0.42065176  0.34225965  0.02019168  0.13727303
 -0.06115671  0.18274747 -0.24255788  0.11013522  0.05151241  0.45760459
  0.14383963  0.46082427  0.04563842 -0.37857657  0.20121123 -0.49607796
  0.05862856 -0.04021993 -0.51293671  0.27438002]","[ 4.06085261e-01  4.00375402e-01  4.12810428e-01  5.42521262e-01
  4.49124754e-01  5.33260571e-01  6.62587027e-01  7.54264289e-01
  5.24948971e-01  4.45302207e-01  3.21963638e-01  4.24022855e-01
  1.28339316e-01 -2.81773270e-01  2.83913650e-01  1.02746425e-01
 -4.82634416e-01  4.82837613e-01 -9.52768328e-02  5.59603880e-01
  6.10552658e-01  6.00332956e-01 -4.29504495e-01  1.88696353e-01
  5.34174704e-01 -2.89340429e-01  5.65911537e-01 -1.52653174e-01
  3.06187743e-01 -3.39018004e-01  5.76898765e-01  5.22253499e-01
  2.69405465e-01  5.93907550e-01  4.00553890e-01  6.09261223e-01
  7.67471065e-01  4.09439320e-01  7.44210052e-01  7.72892981e-01
  3.11591100e-01 -4.50521346e-01  6.98282666e-01  1.50057295e-01
  8.02644190e-01  9.89066740e-02  3.27514471e-01  5.32258914e-01
  5.07547138e-04  7.64813328e-01  3.53887526e-01 -2.48547542e-03
  6.01463602e-01  1.39181517e-01  3.30430763e-01  6.60002668e-01
  2.81398128e-01  6.12090683e-01  1.85427819e-01  5.42631140e-01
  5.50208073e-01  2.96525809e-01  7.16684422e-01  3.89508477e-01
  4.55409828e-01  4.77852518e-01  6.83951772e-01  3.36977438e-01
  5.19706996e-01 -3.99689907e-01  3.28611224e-01  3.89041268e-01
  3.93879191e-01  5.22352117e-02  1.24473383e-01 -1.00599326e-01
  3.70729965e-01  8.56923878e-01  5.23565620e-01  1.18734765e-01
 -2.05269202e-01 -7.04451124e-01  6.46418779e-01  5.01394147e-01
  3.19119096e-01  4.80930442e-01  4.44178613e-01  5.16105532e-01
  6.57366486e-01  4.07972522e-01 -5.30706076e-01  4.69590141e-01
  3.55128863e-01 -3.66852571e-01]","[ 0.6984631   0.50703392  0.04122656 -0.06047194  0.16226802 -0.12731882
  0.68172266  0.71630427 -0.14660134  0.45990424  0.44729237 -0.48021059
  0.32359845  0.19026327  0.13715886  0.51147834  0.27242723 -0.02931622
  0.5963591   0.72359894  0.60987496  0.46223371  0.26703311  0.52337694
  0.52093687  0.47603628  0.70723177 -0.03641672  0.14180873  0.44485984
  0.63226368 -0.36539625  0.27600665  0.71702433  0.50854293  0.83622295
  0.47552708  0.7092197   0.715078    0.50172163  0.33247873  0.61969512
  0.65803107  0.49118396  0.80856168  0.31960349  0.37850029  0.55455263
  0.52609447  0.8133461   0.71195561  0.35731518  0.10415198  0.44897259
  0.72223933  0.50787627  0.28057735  0.19072208 -0.17431109  0.568215
  0.47848527  0.41012692  0.56799141  0.51339247  0.33226471  0.49511598
  0.74543677  0.49592402  0.38287369  0.16518729  0.52001956  0.29576344
  0.35013065 -0.42567952  0.31670792 -0.27756008  0.13227267  0.83906019
  0.49829815  0.22512346  0.01135628  0.61570825  0.08900782  0.72224941
  0.82040151 -0.14118471  0.52179611  0.3488364   0.48245317  0.34116595
 -0.40887521  0.23761053  0.35839656 -0.02268602]","[ 0.50139891 -0.02447134  0.67730428  0.04880109  0.42505906  0.04149334
 -0.08393469  0.28806668  0.56677064  0.23095898  0.32957038 -0.08514386
  0.10963416  0.09012847 -0.0357413   0.57095503  0.13531691  0.15323949
  0.64084469  0.0067044   0.44266477  0.44033423  0.38088987  0.27797045
  0.16474897  0.37548688  0.81408156 -0.39677493 -0.39681051  0.40094769
  0.44332659  0.04705228 -0.2527786   0.57058898  0.19405583  0.69628566
  0.50645648  0.56083428  0.50688726  0.51085361  0.08882506  0.42920031
  0.37189427 -0.10836545  0.28624736  0.45353013  0.2694684   0.36594828
 -0.00200039  0.62870334  0.49861097  0.38004282  0.48693039  0.54347357
  0.24686739  0.46998783  0.42351547  0.46409066  0.49549248  0.65117923
  0.08810656  0.31879554  0.58540204  0.57421393  0.56125646  0.53389217
 -0.5707813   0.16273793  0.19525293  0.69270023  0.57606712  0.40739257
  0.24257666  0.20604688 -0.15603964 -0.47441247  0.04230974  0.66043141
  0.01670655  0.40942299  0.0068603   0.44290532 -0.0171838   0.51133384
  0.40340965  0.23982254 -0.1462837   0.60961419  0.26618371  0.44547161
  0.11905688  0.32127723 -0.59017764  0.08279778]","[ 0.60308442 -0.33911985  0.36100794  0.65335941  0.63178725  0.12580924
  0.23094967 -0.00340055  0.13303599  0.62034431  0.48430292  0.20267634
  0.39045875  0.26491834 -0.1868894   0.48731354  0.31262116  0.63637929
  0.13876632  0.14168902  0.26993834 -0.31383575 -0.25304878  0.02674257
  0.1580724  -0.43078972  0.57641721  0.43091828  0.05696712  0.50038423
  0.3845732   0.06888179  0.07861106  0.42727498  0.49509013  0.5998354
 -0.27918624  0.43830124 -0.01795244  0.57823911  0.53702424  0.4252328
  0.08565289 -0.23399035  0.68306674  0.47476207 -0.3302554  -0.39202959
  0.32387343  0.80974102 -0.05467825  0.55629763  0.72813461 -0.43259386
  0.16817115  0.13071747  0.12982443  0.3310869   0.29710569 -0.4563363
  0.16662915  0.37090901  0.60622017 -0.16045523 -0.03016705 -0.16335692
 -0.17792257  0.20219155 -0.454038    0.13072835  0.67793274  0.62563739
  0.34634886  0.11424394  0.64597029  0.31067062  0.44435208  0.52508377
  0.69937787 -0.2009468   0.06157339  0.49066355  0.51793618  0.10815281
  0.26587484 -0.50382815 -0.46749054  0.06711697 -0.04224379  0.31951991
  0.24160729  0.35042924  0.53680043 -0.05349787]","[ 0.47137237 -0.48256139 -0.23685744  0.37428649  0.8480747   0.58057219
  0.67642854  0.14206136  0.45567212 -0.44757761  0.02780678 -0.05846347
 -0.17361507 -0.24417205  0.24227982 -0.47167446  0.40862772 -0.41141036
 -0.31421634  0.3631597   0.55895299  0.56785964 -0.44248912 -0.47372871
  0.58215813 -0.15883205  0.19448609  0.4193086   0.12310538  0.46103134
  0.37224584 -0.17016004  0.56836461  0.14725294  0.55777807  0.23962055
  0.43730351  0.46466854  0.53634617  0.66631653 -0.15882206  0.08199911
  0.42786296 -0.38099833  0.81915438  0.40164798  0.61458146  0.45283377
  0.53393979  0.80301613 -0.10826154  0.80901966  0.38304238  0.15516402
  0.50611707  0.70744522  0.0536286   0.54457494  0.31123749 -0.08147044
  0.11833032  0.36929672  0.5648488  -0.33816359  0.71688248  0.1194301
  0.48080978  0.08913443 -0.13420175 -0.56643427  0.55758237  0.6632675
  0.64175784  0.23629093  0.7801896   0.13494578 -0.00193512 -0.0730056
  0.3146045   0.46237481 -0.00300332 -0.15949659  0.19307912  0.03473332
  0.13461528 -0.14152137  0.62217366  0.64620705  0.07978836 -0.19755735
  0.62561472  0.32012573  0.55618383  0.62191526]","[ 0.47164411 -0.46690492  0.61616699  0.6597907   0.69819343  0.48277776
  0.51504683  0.678466    0.37611954  0.28995481  0.36023285  0.50112549
  0.29125121  0.28929407  0.07076607  0.01574334  0.38089442 -0.27451969
  0.36727939  0.294608    0.26646373  0.40690639  0.39439671 -0.06078116
  0.37218768 -0.36842716  0.60754577  0.57741638  0.14732383  0.1429125
  0.34348594  0.24806485  0.4931502  -0.02881488  0.73129542 -0.25838219
  0.32015515  0.44928855  0.50831232  0.51409201  0.47540098  0.57070577
  0.46984432 -0.29707131  0.60477093  0.52261463  0.8259188   0.50918904
  0.3836315   0.36142774 -0.12140668  0.50223182  0.65201879  0.07463445
  0.00128937  0.72691406  0.49195942  0.24283176  0.68708963  0.44804877
  0.01395348  0.34797594 -0.27437718 -0.25222574  0.75935986  0.13383929
 -0.14569775  0.54051336  0.45424502  0.05451737  0.73268554  0.52643239
  0.78386334 -0.11515503  0.37124955  0.47624303  0.23669539  0.40247259
  0.21676645  0.77054577  0.41651947  0.07097715  0.28467523  0.53532117
  0.09435005 -0.01121803  0.18764592 -0.01736068  0.54882434  0.1602836
  0.45188674  0.46385115  0.38988761  0.09412491]","[ 0.28550228  0.33192149  0.3959375   0.44837916  0.72002512  0.702387
  0.38808293  0.54106694  0.624985    0.47516148  0.23057241  0.08494658
 -0.19780813  0.29443689  0.14245403 -0.27054882  0.57264164 -0.24426306
  0.24401499  0.25119338  0.37917008  0.33857416 -0.3798328   0.30921161
 -0.26682627  0.45731029  0.26171671  0.65446545 -0.35747626  0.12748366
  0.30795613 -0.45900365  0.18380049  0.40372964  0.55547771  0.75569426
  0.49274689  0.15807266  0.50406158  0.68699439  0.26118002  0.07607467
  0.68728764  0.13776908  0.42085233 -0.05883243  0.34112002  0.55579098
  0.39106887  0.09469312 -0.63630085  0.37492105  0.35675861 -0.01345877
 -0.20871885  0.69912368 -0.31969894  0.32011866  0.25654339  0.08827024
  0.44353008  0.47859022  0.51742329 -0.18738228  0.68349483  0.61761579
  0.61983932  0.44597665 -0.22739572 -0.05571206  0.62234368  0.80353472
  0.44774708  0.54478545  0.46412727 -0.159011    0.46827803  0.41778443
  0.51749684  0.83716729 -0.00809813 -0.30754597  0.06661379  0.54206287
  0.08709451  0.53305589  0.26471448  0.68970033  0.01551249  0.51084609
 -0.31312007  0.5678997   0.1324176   0.54043675]","[ 0.60922131 -0.42643948  0.51040376  0.51889034  0.73983285  0.53750428
  0.3298304   0.466956    0.29760804 -0.09299216 -0.24772433 -0.11258512
  0.17755965  0.35754683 -0.07636561 -0.37555041  0.59240833 -0.10718515
  0.62017297  0.40368744  0.47323095  0.31018118  0.25119328  0.25373269
  0.37781932  0.16511814 -0.41428027  0.50529919  0.38227582  0.69733907
  0.51463986  0.16730003  0.7150905   0.2644753   0.59443264  0.34157491
  0.28114764  0.30228436  0.64617736  0.36233262  0.2590482   0.18695899
  0.42738185 -0.30910813  0.55234569  0.30986737  0.55453267  0.74390373
  0.22973977  0.13585422  0.03937673  0.54410662  0.62436145 -0.19100458
  0.29599662  0.54269685  0.03066804  0.463278    0.66404787 -0.04481582
  0.23586296  0.58007261 -0.0041503  -0.31064307  0.65169777  0.02549546
  0.37388204  0.70688494  0.14040193  0.11823319  0.73781702  0.62067617
  0.66337617  0.21473428  0.5955272  -0.05393726  0.19244886  0.5600927
 -0.39193426  0.34007263  0.2521445   0.53991749 -0.05826201  0.14218241
  0.59598487 -0.06203554  0.05260341 -0.23117103  0.4590197   0.20112711
  0.25132529  0.62673201  0.48916389  0.41283881]","[ 0.52750018  0.41009706 -0.19905154  0.46791935  0.62547177  0.38455532
  0.60148388  0.41417791 -0.09655325  0.21991087 -0.1488308  -0.07114178
  0.43092475  0.38131584 -0.3406646   0.32495529  0.49846665  0.21878195
  0.3073289   0.40426088  0.52966646  0.3925519   0.10082979 -0.27314794
 -0.09485194  0.23891866  0.41411654  0.57762935  0.19914865  0.32271307
  0.33895829  0.21352414  0.39905183  0.27921956  0.51539952  0.65621972
  0.5051069  -0.4198911   0.32389017  0.52499098 -0.14252603  0.47814809
  0.27279462 -0.12610626 -0.24358239  0.0727517   0.69243367  0.53569547
  0.31427822  0.55290553 -0.35492855  0.69443069  0.53283033 -0.36404271
  0.1182636   0.45578716 -0.50586753  0.68611116  0.2757562   0.38298443
  0.42137323  0.66408066  0.36929403 -0.31148717  0.51092582  0.21079478
  0.02507547  0.50091567  0.38488753  0.23483005  0.66314468  0.8583283
  0.69787057  0.26297723  0.70753161 -0.25053948  0.16039966  0.67779551
  0.54750979  0.16225144  0.23130833 -0.28861677  0.08340531  0.07053184
  0.57176326  0.59167304  0.31771802  0.23934562 -0.36921734  0.49027547
  0.61370932  0.64905914  0.13992465  0.73210884]","[ 0.40854309  0.19393904  0.1606788   0.6767977   0.62516276  0.34663279
  0.62992877  0.66991051  0.55583371  0.26856643  0.10144004 -0.22354468
  0.53826256  0.48970166 -0.01600769  0.40190966  0.59780058  0.17924893
  0.38043522  0.58761059  0.51044876  0.43355845  0.05772794 -0.12338416
  0.75523582  0.36743024  0.35833281  0.78884908  0.44893555  0.1955467
 -0.05645862 -0.00937064  0.62007625 -0.24691793  0.6139443   0.57271534
  0.20749866  0.48086164  0.52431058 -0.05281077  0.275441   -0.112865
 -0.17400634  0.55197826  0.41643694  0.11120055  0.46711784  0.73026731
 -0.29462339  0.18619906  0.28954931  0.6864696  -0.41102909  0.50043125
  0.30548816  0.69593373 -0.29417638  0.59440062 -0.34429471  0.00261488
  0.25011695  0.80041491  0.49278284  0.11866469  0.58511917  0.13502267
  0.62410828  0.73663658  0.45471382  0.44251352  0.39755669  0.69516813
  0.7093543   0.02394882  0.60768533  0.34369005  0.37170845  0.43960913
  0.45665089  0.48684033  0.31298862  0.55188665  0.32845581  0.54052134
  0.47213142  0.63740244  0.33884737  0.56689468  0.66299766  0.11862243
  0.51551688  0.61055457  0.38828888  0.72717008]","[ 0.28725579  0.48246638 -0.25313404  0.2713771   0.81295609  0.73667994
  0.71986355  0.31559356 -0.32782077  0.61267881  0.77428306  0.42771844
  0.01495872  0.56973197  0.58695199 -0.34075776  0.75907167 -0.6802566
  0.55288008  0.59088571  0.49143434  0.7378151   0.73436155  0.07865806
  0.51303776  0.78866662  0.58383145  0.48914788 -0.45634127  0.61740605
  0.4355741   0.71004704  0.66587327  0.83816027  0.32501519  0.72285861
  0.57465848  0.77932806  0.73560093  0.68078104  0.51176388  0.67757261
  0.28695657  0.62595541  0.83895919  0.60421978  0.6325867   0.77924419
  0.47273244  0.21941086  0.78580193  0.89666446  0.77653838  0.76430899
  0.34572884  0.69512558  0.51194371  0.54828488  0.6846226   0.45966606
  0.37393062  0.59985024  0.53975301  0.15449018  0.59289361  0.35524633
  0.37770011  0.56543601  0.42429828  0.77637018  0.65007826  0.60357587
  0.82217554  0.36145427  0.84242365  0.37553859  0.60186797  0.24952201
  0.68353973  0.30927914  0.69045149  0.33263244  0.51107196  0.46617434
  0.8183406   0.77414724  0.76499617  0.45854001  0.27407987  0.63293803
 -0.40937634  0.71233695  0.30985622  0.84351111]","[ 0.55073849  0.25899707  0.70178747  0.72125825  0.79247979  0.64291534
  0.75028445  0.60693343  0.01708746  0.36515305  0.66535334  0.3071453
  0.58399259  0.64580177  0.39478022 -0.44956002  0.75066655  0.15825315
  0.4324266   0.34253767  0.60196983  0.67461985  0.26512367 -0.03174464
  0.08196605  0.58212327  0.63237454  0.64121577 -0.07017553  0.63600522
  0.31473205  0.68878727  0.61173463  0.50689654  0.54135921  0.71222338
  0.60422266  0.41533611  0.5747342  -0.07224784  0.20354892  0.71302192
  0.71478218  0.5419702   0.30333585  0.04594481  0.68221108  0.68966787
  0.56992563 -0.00197349  0.46470399  0.61079817  0.50902476  0.63056413
  0.66489912  0.74646689  0.27331404  0.64717507  0.46965609  0.64387686
 -0.32119291  0.62987839  0.56720048 -0.01319955  0.74555379  0.576269
  0.34611966  0.75940421  0.25392295  0.24391964  0.79187864  0.7995212
  0.81458884  0.47667422  0.78497408 -0.10208907  0.35259912  0.63688984
  0.48256107  0.65113745  0.6417003   0.4698114   0.64012444  0.47050654
  0.65522707  0.46188878  0.37677249  0.73911768  0.46995522  0.70262919
  0.66225834  0.78154029  0.18069407  0.62588892]","[-0.08836494 -0.43002006  0.55985957  0.38848125  0.84231359  0.05746371
  0.73503452  0.4871706   0.4166348   0.31903922  0.76357275 -0.06782049
  0.52370838  0.16441669  0.41233889 -0.02983095  0.74176835 -0.32692026
  0.57573031  0.41628982  0.40024342  0.64914917  0.32432721 -0.43399476
  0.40316808  0.34787842  0.77140737  0.38379249  0.44326181  0.40880143
  0.3052334   0.65647729  0.52882138  0.75034651  0.5254589   0.24473986
  0.23084094  0.649434    0.48386128  0.52270586  0.43714511  0.54127065
  0.64252212 -0.07518521  0.68625878  0.56887159  0.6217913   0.1417713
  0.61868923  0.33066807  0.38701076  0.62928199  0.69617026 -0.43285305
  0.42410176  0.71593093  0.11548385  0.66605653  0.2779162   0.33030375
  0.26308363  0.68233481  0.34852376 -0.20405851  0.6771728   0.40949135
  0.77921664  0.68786918  0.18831478  0.08219988  0.69993293  0.69175662
  0.7747705   0.42918387  0.58340567 -0.25932678  0.30061502  0.42255331
  0.35794003  0.55070463  0.28070653  0.3000397   0.21851863  0.3861451
  0.30411288  0.33463399 -0.19580606 -0.20342901  0.60070571  0.69745146
  0.42884344  0.55239236  0.33912787  0.51445408]","[ 0.53701686 -0.0018389   0.05699662  0.65861601  0.85753461  0.71154651
  0.78464445  0.46865237 -0.31966155  0.56644273  0.76329347  0.15947023
  0.53345857  0.39053321  0.51498352 -0.2685056   0.70963074 -0.01730477
  0.18890619  0.28091467  0.58940728  0.70777617  0.38985405 -0.43302525
  0.52653666  0.55104271  0.45275016  0.64123499  0.08719724  0.70245784
 -0.21283279  0.64129062  0.65523497  0.50484626  0.59261099 -0.21469549
  0.13934658  0.60232217  0.3923041   0.40213907  0.48498702  0.63126014
  0.58190796  0.19286404  0.71947337  0.73776965  0.61595501  0.57653558
  0.65743378  0.67948285  0.58921773  0.85815956  0.68887449  0.49793647
  0.66145841  0.71936689  0.52114633  0.4709679   0.59248061  0.3295792
  0.13419024  0.23359695  0.25137172  0.5454222   0.70814521  0.65218997
  0.53651119  0.65946442  0.16734059  0.25502825  0.79797157  0.61177945
  0.72822264  0.55507564  0.74478072  0.46367753  0.2988505   0.57544139
  0.58463303  0.56880559  0.54146345  0.01437266  0.62991392  0.45916071
  0.34647426  0.51056645  0.57852743  0.01493078 -0.2763442   0.68502519
  0.71538344  0.62503768  0.2885918   0.61104741]","[ 0.57513116 -0.25537398  0.38217882  0.17062151  0.53317733  0.24947624
  0.33685017  0.46222979  0.37660607  0.27974752  0.5034625   0.39783707
  0.54722005 -0.44230011 -0.19619246  0.61406274  0.45572828  0.21994681
 -0.35341026  0.04519415  0.19932704  0.50292448 -0.15062108  0.37491833
  0.41227975  0.48401508  0.8186805   0.32043858  0.56315651  0.36980541
  0.37086299  0.51214332 -0.03309794  0.74032938  0.41121253  0.57770102
  0.58465632  0.42934363  0.72290947  0.2121401   0.3381732   0.13825496
  0.53801999 -0.05295416 -0.08456618  0.27094166  0.32992167  0.13153811
 -0.11193668  0.57689714  0.59527341  0.5383581   0.22216773  0.15656745
 -0.07712284  0.73623485  0.16174984  0.73037123 -0.37761568  0.20384021
  0.34673243  0.45788961  0.80875976  0.41852503  0.46163313  0.52175481
  0.36012704  0.28722933  0.27837408  0.77160044 -0.34197401  0.42369447
  0.65999552  0.28061643  0.58316612 -0.09314311 -0.23640334  0.52286716
  0.62696425  0.11771696 -0.01134943  0.41154014 -0.32665439  0.28961455
 -0.18800761  0.14976594  0.11623363  0.18336935  0.65285799  0.54477362
  0.46437915 -0.23165022 -0.20762498  0.23368605]","[ 0.56488611 -0.21713723 -0.082115    0.40712722  0.55591678 -0.02585521
  0.31564005  0.64534102 -0.12296309  0.56125059  0.6310019  -0.38134552
 -0.06796414  0.53410335  0.02830217  0.12221018  0.32425154  0.15496213
 -0.1482809   0.35707622  0.27299023  0.52976116 -0.39865232  0.21294967
  0.23400769  0.48199363  0.3211074   0.48747367  0.39825256  0.28099732
 -0.23635029  0.11697286  0.39542363 -0.1009791   0.18903035  0.3700226
  0.34307831  0.4122856  -0.31615351 -0.13873612  0.25843365  0.56162877
  0.12198647  0.27465579 -0.20587246 -0.24545861  0.27206635  0.5447713
  0.08191553  0.38557827 -0.40005971  0.31563836  0.1358084   0.31953972
  0.34244946  0.70974321 -0.22110076 -0.35511863  0.25604924  0.28585192
 -0.25109551  0.21749345  0.49298968 -0.12691784  0.54985286  0.42306798
  0.41857062  0.34429048  0.41651536  0.16445778  0.7790211   0.51917115
  0.83714804 -0.11432357  0.48594259 -0.21249629  0.14609188  0.6126885
 -0.15256368  0.37645253  0.1990446  -0.15243831  0.2367796   0.38279426
  0.13735402  0.2740577   0.15564135 -0.46550156  0.42968677  0.1148925
 -0.02846728  0.65216941 -0.37207412  0.08882209]","[ 0.55282563  0.33084526  0.51713506  0.21393244 -0.26854776  0.12006134
  0.76212326  0.66930348  0.49983221  0.45140369  0.33888296  0.54941217
  0.5898879   0.50117968  0.71101415  0.61334587  0.53091455  0.7130147
  0.27324008  0.64580342  0.45598993  0.43791921  0.06446977 -0.34631707
  0.66624208  0.41193481  0.44584144  0.47442702  0.4224417   0.19125493
  0.70318448  0.36463554  0.13438724  0.56923519  0.55460055  0.71294091
 -0.12401755  0.84607831  0.74944568  0.60374923  0.81163683  0.48082031
  0.32122426  0.45976536  0.77344273  0.2535235   0.42500437  0.51407008
  0.41174333  0.71693653  0.40795978  0.50162305 -0.05683127  0.35844924
  0.54050623  0.44985718 -0.25446603  0.85690755  0.28023837  0.76084163
  0.21552496  0.53423336  0.53937459  0.71585709  0.58455348  0.31597496
  0.66966971  0.76916373  0.6948259   0.56434111  0.67406908 -0.37495352
  0.83027903  0.32993593  0.69228605 -0.04152978 -0.08518595  0.84761274
  0.43702332  0.22586846 -0.48437855  0.72719421  0.68461088  0.38967991
  0.515803   -0.36072848  0.71942298 -0.1930336   0.6709022   0.65527027
  0.66683554  0.34900434  0.20625346  0.66699233]","[ 0.7629613  -0.3605747   0.29170182  0.55295801  0.13561283  0.21191521
 -0.01197192  0.63743203  0.4574142   0.40439618  0.38579856  0.33252296
  0.40438876 -0.14296955  0.10874345  0.23178503 -0.07443051  0.61692202
  0.63067231  0.40236104  0.20858036 -0.30802476  0.35327786  0.45995948
  0.32433919  0.39703205  0.66424112 -0.15063269  0.62095342  0.27932194
  0.62939045  0.02199961  0.45263917  0.46185876  0.28594424  0.5241491
 -0.12313192  0.57232403  0.49345838  0.57597411  0.28319406  0.61760598
  0.04522567  0.16845195  0.56786303  0.48011561 -0.22050084  0.25865339
  0.34242983  0.78363182  0.41134784  0.43708846  0.64414602  0.38502324
  0.36060536 -0.26884016  0.15696092  0.43774872  0.28852528  0.50671423
  0.19325828  0.65577203  0.59714017  0.29805349  0.11568929  0.35840464
  0.41702847  0.57199645 -0.15988316  0.42610873  0.57186077  0.38186363
  0.51784633  0.4962491   0.6624895   0.31565463 -0.31950683  0.5581491
  0.22063041 -0.33567375  0.31801805  0.70665117 -0.22798327  0.07095428
  0.51178025 -0.54242696  0.13540587  0.48620618  0.50330096 -0.05577119
  0.63028421  0.32407568 -0.32717536  0.43977087]","[ 0.88012736  0.38574339  0.69701252  0.5752221   0.39934454  0.04765485
  0.73707134  0.61391306  0.71223911  0.66871087  0.61406542  0.35531243
  0.69585364  0.419061    0.78753569  0.61135891  0.80507289  0.65151479
  0.70674418  0.67453839  0.39604456  0.6187982   0.59063725  0.56597534
  0.55144409  0.58374727  0.87628217  0.66423536  0.40114739  0.42848114
  0.84592598  0.36651434  0.62195467  0.79675767  0.47851527  0.67185638
  0.72672808  0.847238    0.85348714  0.81248104  0.49659447  0.86294423
  0.81052146  0.57635109  0.85591142  0.54291153 -0.00518262  0.50665109
  0.7020285   0.65754807  0.60866547  0.74317932  0.72007059  0.65779419
  0.75632964  0.71585432  0.10117529  0.62383248  0.17126247  0.73331663
  0.61315185  0.7946847   0.65140937  0.87280322  0.77841482  0.77022963
  0.72468048  0.89119377  0.04262585  0.20737762  0.85937447  0.5852596
  0.77414487  0.59054041  0.8519219   0.48526295  0.57504748  0.7660258
  0.71772515  0.60425716  0.25935481  0.76529173  0.69342296  0.60028553
  0.80687172  0.69115714  0.56468457  0.87826336  0.87368908  0.87688137
  0.69201696  0.59704805  0.44992633  0.85368998]","[ 0.74636006  0.34083127  0.27397581  0.67261048 -0.07810415  0.4816796
  0.59775397  0.53165233  0.69940024  0.57069771  0.74142653  0.29873816
  0.52202276  0.37775791  0.2196227   0.5930189   0.27136734  0.45330422
  0.5933272   0.67112792  0.48580168  0.5386036   0.3291522   0.41480827
  0.32631859  0.63266796  0.66810726 -0.0520633   0.28058731  0.62501215
  0.80113636  0.23073979  0.1431759   0.52752124  0.63333277  0.77064162
  0.48178482  0.67588496  0.65547068  0.6590036   0.53637151  0.8651548
  0.36206578  0.61694645  0.86949213  0.06802516  0.80184215  0.38465747
  0.40484943  0.86111708  0.69336493 -0.01559337  0.75145511  0.03619564
  0.73234967  0.4964251   0.32824007  0.47876375  0.55050806  0.41958878
  0.39759005  0.7799353   0.4132901   0.53237702  0.47303247  0.63533075
  0.50647857  0.66423494 -0.15005112  0.59397118  0.71925028 -0.12568809
  0.71516273  0.38104939  0.44582814 -0.43118696  0.17900634  0.79372153
  0.52147513  0.40087112  0.07389941  0.75266083  0.01345808  0.60390568
  0.83998185  0.72799019  0.30891329  0.58832994  0.57794712  0.62228515
  0.7826153   0.62944436  0.13901517  0.67106779]","[ 0.87966057  0.50588501  0.66302048  0.70065284  0.62366215  0.53274191
  0.81288754  0.74382117  0.62498851  0.81008057  0.62541623  0.32127918
  0.754071    0.53311236  0.78507238  0.71992336  0.86853286  0.80287942
  0.71367958  0.71627063  0.59712715  0.72407373  0.48946259  0.74492455
  0.69187007  0.63362659  0.85394679  0.62701383  0.65033054  0.74482156
  0.8364359   0.51917055  0.57935579  0.85465474  0.57374087  0.82168964
  0.42613192  0.87185662  0.84454617  0.73273352  0.67801722  0.86367031
  0.75306673  0.54567807  0.7755236   0.40433869  0.44990172  0.77277627
  0.74067364  0.63789462  0.67060798  0.74601465  0.52545072  0.75146437
  0.73680293  0.67214212  0.46270928  0.86256283  0.31461917  0.62009601
  0.64735721  0.86861016  0.54746774  0.90275735  0.84606896  0.59096383
  0.72813059  0.8671988   0.51538993  0.55031138  0.74625178  0.81832377
  0.65589689  0.69583072  0.80262918  0.553705    0.5215622   0.83424063
  0.75515505  0.5607665  -0.02888463  0.83424549  0.70668602  0.75339826
  0.85264791  0.62894876  0.53030819  0.75757432  0.81077821  0.74486295
  0.55103371  0.76189573  0.61340411  0.41609657]","[-0.09228235  0.51647861 -0.34600385  0.50786336  0.55801501 -0.24843091
  0.60352776  0.54784509  0.3426753   0.51027443 -0.18776271  0.30943603
  0.12843515  0.60800684  0.39605574  0.51128547  0.38478102  0.45820831
  0.47543336  0.23733776  0.14046754  0.3953354   0.48285672  0.16996116
 -0.39796136  0.67237715  0.38282642  0.65457072 -0.41668243 -0.14213171
  0.63178763  0.26577368  0.27849818  0.52190197  0.1654381   0.73734435
  0.05586816  0.46484592  0.29303309  0.51718983  0.56068092  0.36190524
  0.65014519  0.58900572  0.40357599  0.54886131  0.61610988  0.38042428
 -0.04547268  0.37896374 -0.49546794  0.19767823 -0.02672594  0.57180704
  0.49643079  0.55438629 -0.52435529  0.24276799  0.23619677 -0.01240553
  0.30620066  0.46667989  0.36247289  0.54684533 -0.19393465  0.37689857
 -0.57400913 -0.22591268 -0.62034857  0.13425627 -0.26671791  0.54956066
  0.54007654  0.17375116  0.16107108  0.12732544  0.44210513  0.5953501
 -0.07248699  0.6258886   0.18806206  0.50866435  0.4166368   0.73425956
  0.24734097  0.4366803   0.66673843 -0.16171823  0.70061274 -0.41816813
  0.00320805  0.61857605 -0.40228615  0.65926263]","[ 0.73013936  0.43088771 -0.10712997 -0.42354891  0.01556973  0.11805969
  0.74013842  0.19135608  0.65004031  0.58156276 -0.06129373  0.37141932
  0.50507796 -0.22196083  0.59246087  0.60533393  0.57217523  0.46215447
 -0.12235388  0.34071898  0.27262818  0.6190083  -0.15321933  0.36403588
  0.08138998  0.5744041   0.68376759  0.45655103  0.20807985  0.24007269
  0.80702016  0.11317501  0.48515694  0.76143129  0.10766767  0.76022171
  0.60418341  0.63385078  0.77114576  0.37503895  0.45978365  0.50219998
  0.62509852  0.62709852  0.753195   -0.34560004  0.25084415  0.29375301
  0.55802771  0.50594746 -0.05970989 -0.12781759  0.52147045  0.35832609
 -0.03781807  0.39877189 -0.52232188  0.33521907 -0.19860364  0.48457511
  0.52386047  0.73117057  0.51031396  0.65290985  0.45103746  0.67796616
  0.39029795  0.62423717 -0.14469898 -0.46491691  0.71241557  0.32484131
  0.81653597  0.46619167  0.34251371 -0.22136898  0.20533348  0.62068252
  0.20426728  0.21437562 -0.07440694  0.60571956  0.52565735  0.34076388
  0.56409267  0.41609907  0.52505516  0.5845003   0.78507361  0.79840164
  0.32349073  0.54612413  0.08688144  0.52133292]","[ 0.32332204  0.0938675   0.73940919  0.3429751   0.49210881  0.25939355
  0.47777567  0.7160655   0.24646178  0.31277306  0.33654523  0.36627199
  0.61585835  0.29233691  0.71611679  0.31544384  0.59375219 -0.25501858
  0.59709669  0.74791703  0.61939125  0.45129216  0.44686914  0.47891751
  0.41871613  0.34170321  0.56598625 -0.27129903  0.39663407 -0.39878762
  0.70979449  0.68200571  0.3735541   0.69339844  0.56873046  0.29622485
  0.65135851 -0.38381543  0.69519774  0.84448402  0.37751767  0.78466401
  0.73371262  0.51633114  0.83972007  0.40600374 -0.5471098   0.52040665
  0.69840007  0.80994254  0.6238059   0.40148893  0.84338751  0.64376315
  0.55872759  0.73746566  0.36844667  0.78174037  0.64114305  0.70423413
  0.51872535  0.54690104  0.7377552   0.35077981  0.74795269  0.66101409
  0.75500611  0.69273675  0.52719296 -0.32068841  0.78109903 -0.36586879
  0.47455313  0.36445809  0.60357524 -0.13818235  0.61800951  0.90404842
  0.28611231  0.47407246  0.264575    0.76637329  0.46665416  0.43007042
  0.66699101  0.62573661  0.34036995  0.76631951  0.72176489  0.63560303
  0.42101691  0.44839857  0.29098181  0.43516251]","[ 0.59136096  0.37115068  0.6486222   0.37341775  0.74471716  0.36590816
  0.25216047  0.37827173  0.23836939  0.41933104  0.34290729 -0.02503191
  0.41782802  0.33610886  0.38152439 -0.12348445  0.3965098   0.38140151
  0.46292378  0.14964372  0.203629    0.40581052 -0.25257142 -0.37973336
  0.34486846 -0.29696147  0.04247954  0.145663   -0.15653325  0.32502104
 -0.37889855  0.05576601  0.54939872 -0.06802815  0.49770836 -0.0968992
  0.44153104  0.57057471  0.46167462 -0.08030385  0.15528002  0.32528001
  0.64674359 -0.26233673  0.667246    0.25663746 -0.53852778  0.53556667
  0.3703765   0.40149653 -0.37852577 -0.06515954 -0.0857393   0.34590212
  0.00086758  0.7586304   0.28048545  0.44489158  0.58689469  0.38094394
  0.05642249  0.55516827  0.23416483 -0.39690549  0.71667539  0.36175433
  0.39334283  0.25599715  0.25667773  0.33530395  0.23115217  0.62555827
  0.21000338  0.31415282  0.64953127  0.09312417 -0.3347428  -0.46364438
  0.35654107  0.80115885  0.16858834  0.23079598  0.36839374  0.18460394
  0.54152113 -0.46502644 -0.06847185  0.47798052  0.53005649  0.29575143
 -0.27784342  0.09284637 -0.39972495 -0.13185397]","[ 0.23637492  0.571433    0.70699601 -0.02842102  0.65912623 -0.49077682
  0.65409054  0.20952863  0.28934126  0.35833505  0.60965489  0.0255365
  0.42543402  0.38255505  0.40209094 -0.00140172  0.1929029   0.38171903
  0.36408659  0.34605086  0.32198718 -0.12685672  0.02465383  0.19749282
  0.14915129  0.06146386  0.43314702  0.04139974 -0.15032376  0.34636147
 -0.18659929 -0.05597245  0.28599651  0.34946862  0.16930006  0.10209489
  0.08966479  0.57204084  0.08965634  0.56012241  0.18046549  0.11949992
  0.34795686 -0.06819993  0.32298619 -0.00334518  0.20196545  0.12209551
  0.20622582  0.13859004  0.3910638   0.47992078  0.12533535 -0.01464993
  0.03440921  0.50400054 -0.48913499  0.50862393 -0.17398366 -0.49266717
  0.01562385  0.44461018  0.38912931  0.10297294 -0.03334089  0.40926651
  0.34147246 -0.03947714 -0.20569718  0.23893956  0.14473322  0.4586706
  0.19063178  0.22808063  0.41263711 -0.42065569  0.37143408 -0.34404874
  0.06943124  0.70765527 -0.10151061  0.61813763  0.15595937 -0.383566
  0.10888066  0.49374673 -0.13616997  0.09243124  0.64040776  0.30681255
 -0.06461078  0.24698499  0.12805869  0.19690151]","[ 0.56105175  0.56187087 -0.00764045  0.20751839  0.80799174 -0.39609835
  0.68056232  0.37888417  0.16358815  0.45179027  0.70650378 -0.18276849
  0.49705808  0.41224631  0.2219331  -0.03487395  0.84322364 -0.24171037
 -0.27559805  0.25603158  0.4295173   0.48359685  0.06266444  0.12558578
  0.41483122  0.22780337  0.0611852   0.35526222  0.02058639 -0.09873495
 -0.20017115  0.01596778  0.58478988 -0.03550883  0.3265218   0.27416128
  0.53846037  0.41972794  0.46829453 -0.03930094  0.3190377   0.30345242
  0.60894916 -0.03820574  0.2259775   0.36517684  0.02601182  0.08750546
  0.58716765  0.6272356   0.25852896  0.52809849  0.25697431 -0.15825512
 -0.40389346  0.64952169 -0.22928978  0.44149857  0.16088468  0.34305466
  0.24126928  0.32371221  0.59406717  0.09941026  0.47401202  0.47152
  0.70038504  0.49096837  0.39056011  0.03661976  0.66272019  0.65435342
  0.26153178  0.20530449  0.44357437 -0.00275536  0.36473566 -0.42050521
  0.34413072  0.79761988  0.38721414  0.21030074  0.14717346  0.42991504
  0.05868242  0.23983353 -0.37183966 -0.16783787 -0.42061293  0.61421446
  0.1733924   0.17233558  0.00564357  0.36853508]","[ 2.44571805e-01  3.86452495e-01 -2.40966838e-01 -3.46355004e-02
  3.12868744e-01  3.87028582e-01  4.86971557e-01  2.22172217e-01
  4.89496670e-01 -3.55640695e-01  5.42340506e-01  2.67604907e-01
  3.98224681e-01 -4.54363747e-01  5.21565555e-01 -3.36594015e-01
 -3.14105839e-02  5.97946458e-02  1.03798860e-01  1.97008962e-01
  4.79907949e-01  3.97754095e-01 -2.72778526e-01  6.40500365e-02
 -3.38111302e-01  3.51227635e-01  6.18515483e-01  2.61302447e-01
 -6.00125230e-02  3.36953600e-02  7.01893034e-01  2.31119229e-01
  6.01423568e-01  2.84077208e-01 -1.44377233e-01  4.72790350e-01
 -8.68839748e-02  2.19866815e-01  5.88488650e-01  5.59608715e-01
  5.19202453e-01  5.90510981e-02  1.29094135e-04  4.76515159e-01
 -1.37394382e-01  4.46909757e-01 -1.34877721e-01  5.46566848e-01
  2.32812327e-01  4.87577330e-01  3.03357499e-01  4.13510864e-01
  7.93105527e-02  3.55777982e-01 -1.47689174e-01  4.78941931e-01
  6.77690716e-02  6.18371273e-01  1.40815967e-01  1.21051324e-01
  3.30353729e-01  4.39259084e-01  6.76151078e-01  4.64425161e-01
  4.52979405e-01  4.54744997e-01  3.66966564e-01  2.49944144e-01
  1.61776897e-01 -2.80741024e-01  5.25108089e-02 -2.29631443e-01
  7.24169418e-01  3.34648915e-01  2.12919012e-01 -8.43889028e-02
 -7.96854563e-02  3.03050659e-01  2.35469400e-01  1.37471740e-02
 -2.28994100e-01  8.37891746e-01 -1.04047996e-01  3.30958531e-02
  3.86602115e-01  5.14001505e-01 -3.13876648e-01  5.57635979e-01
  7.58004287e-02  7.84480739e-01  6.42267840e-01  1.66082557e-01
  5.30839119e-01  3.17776877e-01]","[ 0.32537571  0.29047374  0.19488312  0.61025736  0.55784375  0.00268642
  0.3891545   0.35157543  0.34284537 -0.34465749  0.47111937  0.62435075
  0.5873802   0.30033701  0.47912638 -0.63535082  0.6682457   0.6461216
  0.34571779  0.46930272  0.57948882  0.11908265  0.31640629  0.3431549
  0.39927359  0.1718257   0.83351212  0.52804793  0.49435483  0.0752922
  0.73300302  0.67638833 -0.33080604  0.6061746   0.38261582  0.61858666
  0.56775923  0.55251931  0.44677113  0.76463201  0.56796098  0.49257427
  0.63267493  0.36874154  0.63231182  0.4526748  -0.40841505 -0.06793649
  0.10835516  0.75416154  0.84416598  0.44528843  0.67081658 -0.09180353
  0.27389796  0.47889962  0.19231453  0.71621155  0.11216738  0.39369862
  0.28840646  0.10004296  0.75090634  0.54921648  0.58441358  0.26422952
  0.47844951  0.40712218  0.49518433 -0.07402095  0.4879054   0.52267642
  0.13605877  0.48813746  0.46812924  0.19397024  0.53709174  0.74877388
  0.06826661  0.70111783  0.5187049   0.77947745  0.38826166  0.54292777
  0.60775448 -0.52009317  0.30097128  0.55046316  0.53096348  0.62285448
  0.11132231  0.3790459   0.15031538  0.41847448]","[ 0.47144227  0.26301746  0.0885863   0.01946129  0.24799188  0.50664526
  0.44997356  0.53378112  0.29163754 -0.2442755   0.30447917  0.53654617
  0.39602023 -0.1376295   0.58402265  0.10537287  0.47032009  0.63275771
  0.51942478  0.36218618  0.50023566  0.39046181  0.34492343  0.41690863
 -0.22520598  0.11633012  0.72646908  0.07528346  0.33406188  0.4340324
  0.66250297  0.49954739  0.2349501   0.45705438  0.45313877  0.63084931
  0.17798136  0.48271243  0.75396042  0.7306736   0.50569581 -0.33467015
  0.61488287  0.14761894  0.81309624 -0.15287061  0.11125303  0.23431939
 -0.08636947  0.7783318   0.43035926  0.13242138  0.74647475  0.11459601
  0.42084934  0.6883379  -0.46690855  0.69488779  0.18211838  0.61367727
  0.33643517  0.31570501  0.72909752  0.57083791  0.41502045  0.35210601
  0.67241873  0.19818203  0.28601633 -0.29085223  0.08462034  0.6482348
 -0.2941753   0.49954262  0.16275393  0.22915274  0.02315122  0.76047519
 -0.22363654  0.1529835  -0.4576777   0.03268919  0.27101077  0.32248614
  0.60903538  0.44907707  0.19178807  0.36257311  0.6179913   0.62989763
  0.15666288 -0.17349075  0.45187492  0.3500336 ]","[ 0.50307124  0.0548114   0.23247915  0.54106286  0.0236799   0.06416941
  0.34797268  0.61879604  0.48462937  0.68707352  0.09528681  0.57258049
  0.27821297 -0.47534672  0.65650651  0.36324114  0.5893179   0.00213607
 -0.48207006  0.33532186  0.147369    0.31971247  0.19011459 -0.04659105
  0.48666233  0.32512878  0.74012852  0.36234274  0.53758676  0.02549637
  0.42130139  0.55359682  0.4175984   0.38202668  0.41870514  0.49229266
  0.51730299 -0.11412231  0.57077005  0.378537    0.45003393 -0.26931259
 -0.07824937  0.54672075  0.61199425 -0.48072678  0.76108132  0.5900718
  0.38157457  0.52596984 -0.01809006  0.37514794  0.39722237  0.14601981
 -0.32968182  0.18635735 -0.44318776  0.46111092  0.56168403  0.26882973
  0.61007297  0.65744246  0.45116441  0.70496502  0.02096204  0.38489022
  0.56711305  0.6016005   0.63782708  0.22881897  0.16266863  0.03629225
  0.77098014  0.21600272  0.61441086  0.26933028 -0.24396419  0.66820944
  0.27237897  0.16496353 -0.39196125  0.44421952  0.67065498  0.57891116
  0.37927175 -0.39150969  0.67525157 -0.26451119  0.60602005  0.33408937
  0.62666274  0.32169222 -0.0749059   0.71124883]","[ 2.53009702e-01  3.68214923e-01  6.65923363e-01  1.67796774e-01
 -2.69587667e-01  1.22742984e-01  4.98081885e-01  7.22257904e-01
  3.97433552e-01  3.89529908e-01 -3.30420327e-01  5.34828335e-02
  5.82716234e-01  3.09569058e-01  7.67685308e-01  5.37213338e-01
  5.96572482e-01  6.48464629e-01 -3.01260913e-02  6.20770410e-01
  4.02155322e-01  3.99922215e-01  1.47720528e-01 -4.14238952e-04
  3.31033290e-02  5.55769283e-01  8.13575696e-01  5.78597683e-01
  6.44763727e-02 -4.39651949e-02  6.53002668e-01  4.65939256e-01
  8.37480552e-02  6.12536327e-01  7.15785382e-01  6.17223109e-01
  3.89060519e-01  7.86538154e-01  7.82747994e-01  4.61203142e-01
  7.46339520e-01  4.27071648e-02  6.36016302e-01  3.32645978e-01
  8.18093346e-01  2.13971682e-01 -1.11006798e-01  6.31883426e-01
  1.13593570e-01  7.67274595e-01  3.76750158e-01  5.57097809e-01
 -1.64834513e-02  5.56856064e-01  4.73626567e-01  5.67817429e-01
 -1.18001816e-01  8.81472033e-01  3.16082908e-01  7.38837155e-01
  2.71703482e-01  7.30769977e-01  7.38858249e-01  7.79401559e-01
  5.61392367e-01  1.98023486e-01  6.69593971e-01  7.10892519e-01
  6.62354673e-01  4.33404743e-01  5.96904137e-01  6.68105116e-01
  8.00084758e-01  3.72243504e-01  4.61142722e-01  5.86458139e-01
  3.18189960e-01  8.51519454e-01  2.96981716e-01  2.76867571e-01
 -3.29165308e-01  6.81376936e-01  4.64339075e-01  3.97189218e-01
  6.15206918e-01  1.98926001e-01  6.65240330e-01  6.43297179e-02
  7.59911820e-01  5.55115713e-01  5.66327509e-01  1.88723236e-02
  1.48355889e-01  6.93136777e-01]","[ 0.26830452  0.03147181  0.16629923  0.60475677  0.43236371  0.65708721
  0.58866453  0.73814145  0.4945673   0.37454088 -0.03234558  0.18945069
  0.47077541  0.30666825  0.05733555  0.45177508  0.58134972  0.46146195
 -0.34309747  0.64088611  0.569738    0.50316959 -0.30391214 -0.0407826
  0.66401271  0.45119892 -0.00488588  0.78066028  0.25471042  0.58182896
  0.64520843  0.10750126  0.53075302  0.7393462   0.65769884  0.59225975
  0.54230593  0.33000483  0.79636949  0.64568321  0.60155966  0.51306595
  0.84733454  0.56659863  0.42163739 -0.43611066  0.8345565   0.60629098
 -0.04684847  0.32668265  0.13869353  0.62839854  0.53465333  0.58429598
  0.44972687  0.68820569 -0.10998732  0.54224011  0.32176378 -0.3385433
 -0.31602427  0.63590863  0.59036559  0.19624373  0.62273097  0.31200696
  0.3535133   0.47416609 -0.45559881 -0.17557624  0.14702128  0.28792225
  0.48523696 -0.00736406  0.51778985  0.37872281  0.43074906  0.84706657
  0.50197676  0.40357598  0.58657643  0.56103197  0.66039906  0.68179632
  0.48556748  0.64183074  0.63597563  0.28260063  0.6230237   0.4126656
  0.4555901   0.71300601  0.42853232  0.62408617]","[ 0.7410468   0.14886288  0.25469318  0.56338548  0.41392836  0.5662671
  0.711278    0.69076459  0.58058492  0.5043548   0.61301976  0.42584623
  0.59284043 -0.1913467   0.80497446 -0.00540067  0.45624422 -0.40481489
 -0.03820428  0.35778158  0.46871852  0.65723633  0.22064446  0.33919319
  0.24460502  0.40726972  0.83296022  0.61821923 -0.47215992  0.68913161
  0.78835336  0.62943197  0.43879896  0.85148967  0.10879737  0.84469021
  0.65756971  0.80137505  0.80888835  0.82592263  0.51814698  0.16841535
  0.68479625  0.74351072  0.71000684 -0.0587371   0.49544919  0.63678241
  0.35047441  0.76434442  0.67960584  0.80739983  0.44978905  0.61092454
 -0.41753889  0.72741506  0.19115848  0.78267834  0.77814289  0.2977421
  0.57872806  0.60040021  0.72923003  0.63657666  0.65796052  0.51576713
  0.48186864  0.61048007  0.53376424  0.66980529  0.78728303  0.28971853
  0.81775244  0.55142371  0.54937673  0.40284489  0.51115607  0.66153359
 -0.01931317  0.45214491  0.44980879  0.83502958  0.67569139  0.66533461
  0.69642971 -0.01433878  0.6990407   0.72797975  0.72335876  0.80428747
  0.20977204  0.06176749  0.15765009  0.75067065]","[ 0.67203466  0.48734973  0.22236423  0.63938809  0.64129763  0.65110223
  0.7625377   0.59780689  0.2881237   0.57099427  0.63342257  0.6407813
  0.14294672  0.31083154  0.69463585  0.35442265  0.48536045 -0.28706162
 -0.1238976   0.12295787  0.44992366  0.42278627  0.09124387  0.25058661
  0.46396302  0.52460264  0.83238476  0.74757893  0.03346884  0.13191817
  0.67470532  0.70446134  0.47164258  0.74372172  0.38595435 -0.18945548
  0.17954307  0.50788188  0.70084345  0.69950772  0.48709129  0.21982076
  0.65368606  0.56619957  0.20951434  0.43202761  0.63193758  0.59346381
  0.29665714  0.31990764 -0.17796921  0.62125828  0.42511508  0.64445572
 -0.0818733   0.52439519  0.36960661  0.35819649  0.29651339  0.20538102
 -0.04396527  0.27803285  0.75207339  0.46574125  0.61271889  0.62173921
  0.53973174  0.72583261  0.52179413  0.43108353  0.19034937  0.12530085
  0.75671861  0.40532175  0.72626508 -0.22213804  0.03108713  0.50902036
  0.43224329  0.1510833   0.40714114  0.55644533  0.40544159  0.51279832
  0.60987479  0.79775637  0.58068709  0.50193987  0.58826673  0.73933808
  0.68112887  0.38693819  0.25295859  0.65190767]","[ 0.57202774 -0.06828943  0.18679489  0.40675559  0.16047799  0.37761442
  0.69836578  0.66923811  0.57592968  0.59007787  0.06513409  0.46262902
  0.54303808  0.08833     0.56631981  0.43029055  0.42820954  0.3816028
  0.32179453 -0.29979323  0.0970831   0.1013813   0.40800077  0.12748076
  0.17809093  0.31447949  0.50819773  0.6465284   0.43477142 -0.04588106
  0.56743051  0.64300638  0.14131218  0.80007214  0.01854316  0.59774503
  0.55954478  0.53537513  0.60584837 -0.23048172  0.42702108  0.36078744
  0.68186259  0.48037418  0.53878892  0.00331551 -0.20697195  0.59086901
  0.04948795  0.66083621  0.27512325  0.67330889  0.33057883  0.5363596
 -0.35177995  0.57519905 -0.08201546  0.68018874  0.20210642  0.47349209
  0.26216236 -0.01102043  0.71172941  0.43672044  0.48768737  0.35577016
  0.34826811  0.59394096  0.43194179  0.11076203  0.58240556  0.25783777
  0.31163976  0.53485446  0.50637948  0.03621037 -0.55071308  0.6664875
  0.34563184  0.08711891  0.68310694  0.73495196  0.44544024  0.73785945
  0.18829166  0.76911521  0.39171459  0.52626049  0.38914429  0.35004022
  0.21483083  0.6909755   0.18651843  0.14929061]","[ 0.77295114  0.32850073  0.53159552  0.59098282  0.44817312  0.36402121
  0.65051472  0.67668225  0.54868505  0.6075624   0.39677549  0.52869785
  0.67560705 -0.58009066  0.72903575  0.55356559  0.61425603 -0.21285169
  0.22130492  0.55091264  0.60614438  0.59186075  0.31010895  0.48184578
  0.50056132  0.52121307  0.84166616  0.73396388  0.3806299   0.51339885
  0.82029173  0.39732739  0.62950436  0.85824304  0.31705245  0.70713753
  0.52115517  0.68358032  0.8385823   0.80001901  0.51561733  0.57905142
  0.69420829  0.68927541  0.7708502   0.5200025   0.77463241  0.71180337
  0.31883277  0.5761333   0.35773546  0.83033245  0.58337778  0.07631461
  0.39771199  0.63418585  0.2278402   0.52487422  0.69779765  0.54829364
  0.11706951  0.54154521  0.80120368  0.80326812  0.81103716  0.70896404
  0.58216086  0.85542362  0.60567094  0.57022711  0.76246391  0.56140971
  0.82236397  0.72086103  0.62737679  0.43002752  0.11464608  0.71267633
  0.28622494  0.3123721   0.59393718  0.72863315  0.61405111  0.65695934
  0.68808866  0.48686983  0.45316079  0.72364836  0.75899599  0.73091819
  0.71199772  0.46638055  0.41205314  0.5645683 ]","[ 5.65019229e-01  3.34871938e-01  2.37765954e-01  2.62958393e-01
  3.06118798e-01  4.62881973e-01  7.80989962e-01  1.27819878e-01
 -1.50634680e-01  6.21655592e-01  7.28057993e-01  2.91912662e-01
  5.33627618e-01  5.42275289e-01  6.62924308e-02  2.61569345e-01
  6.40132004e-01 -8.45229223e-02  3.85019410e-01  3.64951160e-01
  5.97575247e-01  1.94966081e-01  3.71346311e-01  3.39797125e-01
  5.18887900e-01  5.22300837e-01  1.74373333e-01  4.95820866e-01
  9.16279244e-02  6.10756856e-02  4.33029003e-01  3.33076463e-01
  7.15898620e-01  6.03175186e-01  2.15660953e-01 -4.70692818e-01
  5.37087790e-01 -1.76223549e-04  4.71684410e-01  4.29640438e-01
  4.14318783e-01 -1.81257460e-01  3.66308115e-01  3.92729571e-01
 -5.80967204e-02 -6.77871141e-02  2.79711486e-02  5.69035933e-01
 -5.08210387e-01  2.37087014e-01 -1.63154850e-01  4.23161705e-01
  3.20820421e-01  3.43190256e-01 -2.94043341e-01 -4.20049342e-02
  6.27534050e-04  2.55948474e-01  3.18981126e-01  2.12127993e-01
  2.25261548e-01  5.20187012e-01  6.45898129e-01  6.47375581e-01
  1.91005255e-01  5.91065060e-01  6.92908233e-01  5.51630606e-01
  5.81056950e-02  2.19325249e-01  2.37888508e-01 -1.68278387e-01
  4.98144590e-01  2.63384495e-01  1.04119732e-01  3.42841754e-01
  3.16691127e-01  4.96917010e-01  2.89258047e-01 -6.59130264e-02
  1.86111059e-01  2.51901872e-01  3.31530447e-01  2.53456867e-02
  2.17577678e-01  8.25151793e-01  4.17020767e-01  4.54096019e-01
  4.50884687e-01  1.68234898e-01 -2.45382810e-01  6.95773850e-01
 -3.95163612e-01  4.31198848e-01]","[0.8943953  0.65714948 0.84369322 0.7739619  0.75091432 0.62926693
 0.87469942 0.81845932 0.77002742 0.85925371 0.71472609 0.62091165
 0.88469916 0.60508372 0.72351006 0.72826986 0.93647636 0.78939205
 0.66429455 0.65323692 0.8123228  0.84018556 0.63703538 0.65542548
 0.79373245 0.73823181 0.8834238  0.89706843 0.76051272 0.81201426
 0.86742325 0.57708224 0.70343415 0.90773061 0.70897992 0.87326191
 0.79007312 0.85735177 0.9206063  0.85061814 0.75563309 0.89742318
 0.83516349 0.8173486  0.80633497 0.55313349 0.52385903 0.80554193
 0.73867959 0.63405264 0.75051834 0.88039308 0.54071043 0.89944016
 0.86841607 0.81664705 0.67224993 0.87363489 0.78979913 0.7722687
 0.41364364 0.87663055 0.85481303 0.91108955 0.93066486 0.59583197
 0.85367435 0.88970426 0.90228612 0.84585334 0.82111384 0.82020872
 0.76751943 0.76192661 0.89525341 0.77358396 0.54756392 0.8740521
 0.74936071 0.79062326 0.03065849 0.87074937 0.78352165 0.5781581
 0.83348925 0.72068704 0.81275237 0.77380147 0.86775078 0.88495477
 0.93589568 0.79018162 0.55303664 0.86046713]","[ 0.69462822 -0.06241761  0.14244145 -0.05203052 -0.20567162  0.1500895
  0.76592774  0.7226202   0.50023949  0.64722227  0.20052453  0.46720826
  0.55959547 -0.43837298  0.18296256  0.49863997  0.72002524  0.26842154
 -0.56777205 -0.13276859  0.38500862  0.42825795  0.14860841  0.29674725
  0.64952278  0.51499981  0.58833626  0.53470318  0.46704589  0.38004861
  0.57988139  0.44811583  0.61459091  0.86199714  0.22308625  0.42785872
  0.30162626  0.36880432  0.73509948  0.44410171  0.58128149  0.30883076
  0.62017822  0.22479037  0.20472846 -0.28626652  0.62194113  0.6105579
  0.10403699  0.30725482  0.07388627  0.49492712  0.28992141 -0.36349139
  0.1162789   0.50754191 -0.4590351   0.01608399  0.28461353  0.4754613
  0.17819149  0.55099021  0.61991664  0.47543379  0.11580006  0.53416432
  0.53081297  0.53476113  0.7030448   0.34187529  0.65745189  0.32943706
  0.56650279  0.379053    0.25832989 -0.11258561 -0.06901534  0.72634667
  0.05365091 -0.01351906  0.29846633  0.6803416   0.11091706  0.05718319
  0.44375509 -0.12594242  0.66538738  0.26291532  0.70710501  0.57065325
  0.19056899  0.36128943  0.08151344  0.55702386]","[ 0.65241217  0.19991607  0.0822126   0.20691574 -0.01126255 -0.2368454
  0.63292266  0.19379211  0.43723191  0.44879377  0.39918212 -0.1388776
  0.49870788 -0.33605461 -0.17301252  0.46853869  0.31682562  0.42789177
 -0.17301238  0.29300232  0.38363787  0.46175924  0.22309902 -0.19076917
  0.17093744  0.48753229  0.69717622  0.5107112   0.05894722 -0.18918455
  0.26832496  0.37100685 -0.07288352 -0.13794807  0.20260456  0.46274977
  0.46306052  0.55252775  0.38999282  0.48914731 -0.03910674  0.32223343
  0.15583267 -0.3790365  -0.02526707  0.10861155  0.20610798  0.00162578
  0.21316202  0.13668465  0.2723399  -0.25332272  0.34486137 -0.43583242
 -0.13604554  0.34623904  0.36714037  0.45700385 -0.03591942 -0.25521515
 -0.48994951  0.33810143  0.72205999  0.44524676 -0.09840609  0.33072516
  0.16355243 -0.10322071  0.41066138 -0.04102022  0.48558297  0.50594167
  0.1127742   0.57163826  0.46152709  0.03269283  0.00782877  0.61681234
  0.30648537  0.09644286  0.13678772  0.83324317 -0.25640287  0.20762814
 -0.48557145 -0.28736846 -0.08217446 -0.26665353 -0.45834555  0.80224869
  0.51478626 -0.3576421   0.46317117  0.40973501]","[ 0.86972355  0.64815943  0.46388918  0.66628316 -0.13699844  0.25820619
  0.30907402  0.6362336   0.72844458  0.51175705  0.81347161  0.57374346
  0.60722875  0.35589625  0.63372041  0.45815954  0.57894977  0.66610599
  0.64801794  0.50072392  0.37253579  0.59600883  0.48770853  0.64950605
  0.06330935  0.58935757  0.78824276  0.45075194  0.33038238  0.66611071
  0.49031366 -0.20614251  0.54078328  0.54342811  0.50741666  0.53999807
 -0.18522743  0.41521494  0.5738694   0.64035508  0.2517585   0.51407683
 -0.08883885  0.49540513  0.66461924  0.24710475  0.16447428  0.63111067
  0.57127047  0.8173233   0.44880746  0.35481561  0.5973273   0.34424804
  0.57412952  0.31565264  0.23761668  0.64397874  0.35371134  0.52317571
  0.24238912  0.57931613  0.55113713  0.49965994  0.43055432  0.56063866
  0.38889111  0.50999481  0.31063556  0.494842    0.52172695  0.34842932
  0.71600527  0.44632815  0.38716832  0.49411247  0.38537699  0.54348293
  0.28218862  0.68410889  0.22491087  0.7267633   0.17028135  0.22236478
  0.43068557  0.74632318  0.17787686  0.50903205  0.57877136  0.58475478
  0.64968727  0.09265529 -0.16263817  0.35571988]","[ 0.42808857  0.16791506  0.3824854   0.47524263 -0.02309828  0.28230149
  0.36890858  0.68732923  0.73828554 -0.04149936  0.40566678  0.42374214
  0.23349432 -0.33934271  0.24667069  0.59744208  0.62139617  0.09859974
  0.21741665  0.44121234  0.46426903  0.23517333  0.57395875  0.71091224
 -0.19569347  0.41332117  0.75547921  0.35373249  0.29460617  0.31416504
  0.49964828  0.10681248  0.39132672  0.56958225  0.53718334  0.65939702
  0.33668583  0.42584811  0.66946158  0.47232218  0.55578539  0.26456795
  0.13114149  0.20138617 -0.352974    0.20691861  0.32778206  0.06357021
  0.35530742  0.59914297  0.28330352  0.46930852  0.56836803  0.14263828
  0.18169292  0.49498386  0.3126827   0.84901242  0.11002755  0.18149831
 -0.00851919  0.60014123  0.68772984  0.47976386  0.4860582   0.66427942
  0.17245638  0.33843513  0.52452767  0.57864222  0.56616771  0.45594875
  0.24893136  0.57275975  0.52381827  0.13631087  0.51244345  0.52955095
  0.40520217  0.51375587  0.30826283  0.80766847  0.278388    0.58334764
  0.32482546  0.68812066  0.02559634  0.19052176  0.4614959   0.50239878
  0.20057238 -0.35959329  0.18656045  0.3766164 ]","[ 0.92218563  0.85868885  0.61709725  0.63580498  0.24857341  0.52219686
  0.61621893  0.66874132  0.6794741   0.60060293  0.8497855   0.68638132
  0.55097333  0.31542447  0.66184072  0.51681869 -0.14770363  0.66635869
  0.83163339  0.70083704  0.50426183  0.73927041  0.3740556   0.70365841
  0.16192022  0.60921109  0.84500358  0.32736284  0.59307273  0.62060271
  0.60951338  0.52995249  0.62109193  0.5309442   0.62455926  0.60963967
  0.42852989  0.6161492   0.79563194  0.58286944  0.01320195  0.59590613
  0.33388189  0.64034104  0.65213267  0.42903     0.57643616  0.62605886
  0.44615406  0.89663711  0.55132522  0.57906217  0.68712034  0.57672284
  0.66023232  0.17761683  0.30436393  0.52364007  0.46828485  0.43930867
  0.25349975  0.63589373  0.48173398  0.81282549  0.47618907  0.74898098
  0.638646    0.48712495  0.30656789  0.51485011  0.58769104  0.42701749
  0.76059428  0.42427179  0.42760143  0.30837387  0.24061055  0.40153714
  0.30506905  0.64233435  0.32320029  0.69787941  0.20950832  0.202289
  0.55776844  0.81784632 -0.03418184  0.57803188  0.61544407  0.60197267
  0.80102171  0.31423401  0.30401047  0.62740678]","[ 0.75698167  0.81191112  0.39258141  0.52287512  0.05468426  0.55906981
  0.50959334  0.5186956   0.60676972  0.3233681   0.864045    0.56343256
  0.72398867  0.37390531  0.40812284  0.3594343   0.54040069  0.49245602
  0.348594    0.33663871  0.34821892  0.78673367  0.41950397  0.65426979
  0.31170885  0.5335754   0.66412752  0.46140482  0.42144489  0.38093116
  0.58795149  0.34501562 -0.05583868  0.57401975  0.63671155  0.53559056
  0.54384191  0.67007355  0.7277444   0.54518441  0.29706589  0.40787859
  0.32607771  0.38777819  0.68268488  0.05930792  0.21485882  0.53225101
  0.52379693  0.58197966  0.67800178  0.27075565  0.28633701  0.484347
  0.72942651  0.45355453  0.36282562 -0.30328656  0.1347617   0.34173085
  0.26951068  0.65152979  0.62311152  0.74615126  0.44857353  0.64009866
  0.34428202  0.58381766 -0.34697002  0.77977963  0.5442781   0.14935254
  0.71174966  0.40257495  0.27417006 -0.07836995  0.38819554  0.45688188
  0.55172362  0.6516069   0.29755006  0.6929343   0.17959785  0.55482136
  0.58621023  0.75805938  0.2324136   0.71570264  0.47600823  0.64270818
  0.72046444  0.35667874  0.11298366  0.48419157]","[ 0.69894552  0.41843792  0.68140957  0.48484382  0.30958174  0.30783886
  0.33311562  0.852149    0.77394644 -0.08347652  0.45858701  0.60877526
  0.61649586 -0.3746825   0.46388996  0.58183435  0.62230289  0.02506863
  0.40967698  0.56442772  0.30972896  0.67389281  0.63129719  0.79472188
  0.5285246   0.46916854  0.88377806  0.49557582  0.29183466  0.53933492
  0.53040664  0.56266826  0.18860798  0.72126512  0.6007548   0.72884503
  0.51093325  0.68810604  0.8292673   0.6108396   0.62600245  0.31107606
  0.3545035   0.43892811  0.44597591  0.3230838   0.51979921  0.11979793
  0.08583461  0.72460365  0.71029223  0.74866661  0.35916127 -0.30176479
  0.52558244  0.47918589  0.56523193  0.90722347  0.69260218  0.66532712
  0.35549146  0.80655364  0.77170665  0.76254034  0.58857739  0.74258033
  0.38313614  0.53686194  0.57314109  0.78703912  0.57345596  0.74384989
  0.68707577  0.64755881  0.59727637  0.50051787  0.64383597  0.77304534
  0.6628516   0.40366943 -0.04085181  0.85011367  0.49035827  0.48927778
  0.50800934  0.73672899  0.31433296  0.55966089  0.80414379  0.6250166
  0.35923422 -0.13383489  0.14244965  0.18021836]","[-0.03512242  0.12087731  0.11615314  0.33389861  0.23261406  0.52223577
  0.25077672  0.67104454  0.14996859  0.2682216   0.71861988  0.24019094
  0.22366004  0.3197705   0.57117016  0.31002359  0.27524996  0.01609561
  0.31180064  0.45375254  0.31626371  0.5356346   0.38394495 -0.31317629
  0.45945422 -0.15489371  0.72431636 -0.00897726  0.73860834  0.6137387
  0.03131764  0.17667577  0.66399911  0.58442058  0.3598451  -0.30140518
  0.37667052  0.17206944  0.0061673   0.37261296 -0.46200269  0.49280468
  0.15908967 -0.35758269  0.39414172  0.73404808 -0.08283496  0.21829078
  0.50785369  0.65736645  0.3317428   0.67507344  0.22897707  0.51252614
  0.44567571  0.06511248  0.33009418  0.67689949  0.52408778  0.48062169
  0.19754124  0.15240085  0.21034069  0.0345776  -0.09788241  0.09784972
 -0.12137242  0.40166837  0.30589099  0.84965838  0.4379228   0.25775621
  0.08568199  0.19624981  0.49594222  0.44816963  0.35506194  0.74048731
  0.69824819  0.44453648  0.68034853  0.3190068   0.39372227  0.28693538
 -0.08910336 -0.22894388  0.57593394  0.23925595 -0.01292544  0.54348008
  0.49535498  0.57148191  0.3731454   0.70180039]","[ 0.86108617  0.43039296  0.53850322  0.6221343  -0.07625177  0.4515029
  0.24576155  0.53489521  0.75719137  0.14737954  0.75497704  0.46837108
  0.53622594  0.38653662  0.4312884   0.48303113  0.55849451  0.34581698
  0.50076423  0.55665155  0.22866681  0.52321874  0.35259383  0.45008717
  0.13952646  0.41776396  0.7840834   0.39573581  0.46911695  0.49777334
  0.56645025  0.31616227  0.05687576  0.36069323  0.71626434  0.4230724
  0.33210567  0.44374503  0.70280466  0.58823732 -0.14595245  0.64051223
  0.17809256  0.58624401  0.57239165  0.25281254  0.67264769  0.48072594
  0.17482102  0.85859157  0.44930189  0.28830352  0.2791968  -0.02314913
  0.53645876  0.34015146  0.41985508  0.4811411   0.47983944  0.34939206
  0.17954177  0.62784655  0.6926838   0.38242418  0.45202119  0.69317961
  0.4210789   0.69911519  0.28993805  0.55321679  0.48219838  0.39132152
  0.64726635  0.4808651   0.40614643 -0.25215925  0.30810519  0.56177656
  0.08571936  0.47407904  0.21426405  0.73431533  0.10103154  0.15297789
  0.59401013  0.709224   -0.20545534  0.66966463  0.50705541  0.62692476
  0.55849155  0.02418276 -0.37879194  0.18522128]","[ 0.78533456  0.32182201  0.53990484  0.31796752  0.0724452   0.40680635
  0.207882    0.67015704  0.67643422  0.27294883  0.35183668  0.38814574
  0.62723948 -0.39236592  0.23568071  0.55519518  0.63734509 -0.01243034
  0.43206337  0.34632446  0.32948679  0.36959743  0.56455704  0.55038034
  0.17600486  0.49141886  0.86698604  0.28801304  0.32141785  0.19611702
  0.32210474  0.47924054  0.13313828  0.70494559  0.61602397  0.59244936
  0.42813273  0.5529956   0.78273382  0.47046939  0.0746945   0.54321348
  0.20443558  0.35130573  0.16586811  0.18420447  0.4049732   0.16281255
  0.43643562  0.58795404  0.45528897  0.72331304 -0.33803771  0.66000155
  0.46870126  0.41124495  0.54344236  0.85018839  0.42016512  0.29248889
  0.18388407  0.69319536  0.76354881  0.64417448  0.42324672  0.6490995
 -0.41382728  0.51474588  0.53921642  0.84246555  0.01433952  0.58251931
  0.54737451  0.38562544  0.35914479  0.27091172  0.57363399  0.5121297
  0.5541078   0.42479548 -0.05638591  0.75423494  0.19999364  0.51821121
  0.42721081  0.46233933 -0.10746566  0.66090148  0.61460613  0.65795333
 -0.05790126 -0.10660354 -0.23888329 -0.15733309]","[ 0.42160302  0.31334088  0.08339187 -0.10083859  0.07045581 -0.15810003
  0.18287814  0.36648144 -0.19950326  0.50356506  0.35483664  0.4082883
 -0.36962963  0.43242539  0.01788593 -0.18385434 -0.27967935 -0.15994984
  0.73969634  0.12299229 -0.03978134 -0.3886033   0.22822249 -0.36048014
 -0.2111166  -0.37841593  0.06728147 -0.13662134  0.72022483  0.21005351
  0.10261483 -0.06837438  0.26228344  0.17880281  0.11764936  0.17658493
  0.50143043 -0.21189779 -0.18334619 -0.40723637  0.03669667  0.23703355
 -0.54288565  0.47914322 -0.21849264 -0.16568125  0.32600548  0.30299783
 -0.21211491  0.35648952 -0.5175744   0.392162   -0.03710407 -0.08135409
  0.07451916  0.23775734  0.28080581  0.43933951  0.15737431  0.39479717
  0.45921199 -0.00353518  0.06624146  0.37145364 -0.26507916 -0.14018766
 -0.181716   -0.4668607   0.42228152  0.392749    0.51961503 -0.2009444
  0.55788303  0.14322855  0.58529189  0.28667597  0.25629431  0.46855443
  0.25582486 -0.07860305 -0.11515237 -0.12347836  0.27570555  0.32632753
 -0.17703175  0.37345299 -0.28387403 -0.19663998  0.30281389 -0.43483491
  0.09392955  0.03388021 -0.57401331  0.45867021]","[-0.22023381  0.37040237  0.48241056  0.719714    0.86182027  0.67483302
  0.57033236  0.25139748 -0.24214548 -0.21337948 -0.16786491 -0.23742406
 -0.1449628   0.54303848  0.54934593 -0.21213467  0.7625201   0.74397987
  0.29140004  0.28427512  0.53234099 -0.50250579 -0.11033107 -0.56316668
  0.77429082  0.61789874  0.40166294  0.55452664  0.06554411  0.5548016
 -0.35679214  0.37747941  0.26338431  0.4172969   0.54993698  0.60121213
  0.40215223  0.4691044   0.54256019  0.38793051  0.42379688  0.21770106
  0.60148516 -0.19611657  0.78409347  0.04684741  0.55511054  0.2817981
  0.52449228  0.48840862  0.31818832  0.78255755  0.48762451 -0.20609681
  0.72997717  0.50219915  0.14079295  0.5171926   0.58840282  0.26157506
  0.01073565  0.70740576  0.18948945  0.75712288  0.69471204 -0.08382081
  0.63355986  0.44024058 -0.11647053  0.67787825  0.67837001  0.59851746
  0.61240412  0.63715556  0.61408136  0.43005785  0.51777244  0.03753087
  0.59313418  0.69719046  0.35136608 -0.49962768  0.2127562   0.68152355
  0.31249822  0.33919597  0.12939433  0.68735967  0.31891224  0.40040067
  0.08676228  0.78068032  0.07054378  0.53724563]","[ 0.497382    0.1548419   0.17833065  0.6469441   0.72778783  0.43177002
  0.39548781  0.38909867  0.36396898 -0.09566916  0.36061331  0.35345909
 -0.09824118  0.39505196 -0.21647503 -0.45390713 -0.27210594  0.17740853
  0.53508141  0.19414965  0.44600351 -0.51374574  0.11610396 -0.49744199
  0.75998366  0.19984898 -0.15879525 -0.01678912  0.26127091  0.3815136
  0.4275886   0.50024176  0.55249675  0.33564594  0.03144257  0.49133784
 -0.32423353 -0.27009362  0.7258866   0.12784306  0.48644073 -0.17095571
 -0.51058183  0.32232026  0.3564224   0.33411742  0.56421812  0.3659163
  0.34720035  0.86459825  0.10398274  0.78610685  0.15994147 -0.0669778
  0.64492166  0.38775527 -0.26617902  0.51078747  0.52286245  0.4598696
  0.48819865  0.6990478   0.53027498  0.6435774   0.55515937 -0.14674189
  0.44038577 -0.20222575 -0.04776514  0.63357805  0.49279343 -0.05564155
  0.71170965  0.60196946  0.47757898  0.34537082  0.18103318  0.63133328
  0.53618285 -0.14399929  0.5710684   0.19696241  0.2119522   0.23612032
  0.65599085  0.48240376  0.24330232  0.89557699  0.49987604  0.57519579
  0.4926032   0.61407691  0.0392511   0.05264969]","[ 0.17155628  0.25949428  0.23931505  0.60199164  0.75990191  0.66055033
  0.39848066  0.71185406  0.50299029  0.29390502  0.4305443   0.10017743
 -0.18687522  0.62559366  0.48371854  0.37398577  0.68534705  0.60329374
  0.10902691  0.28429313  0.39271778  0.56806793 -0.09875467 -0.38165292
  0.494958    0.57387414  0.54485601  0.76263837  0.29012844  0.29304139
  0.67783107  0.37433336  0.48333064  0.68196256  0.65275925 -0.03880826
  0.42740439  0.56750926  0.89972491  0.39332473  0.53368268  0.00411749
  0.66553671  0.41678729  0.04277604 -0.45482407  0.76597971  0.45199311
 -0.03235051  0.27246737 -0.42600684  0.80819232  0.44751332  0.38559262
 -0.30127691  0.69295225 -0.34762725  0.53366174  0.3290172  -0.1327467
 -0.3998235   0.76388793  0.53637636  0.42326529  0.58121865 -0.10506728
  0.05091042 -0.10002513  0.47371964  0.44623735  0.38798016  0.57624714
  0.61510664  0.34382281  0.42258253  0.48123544  0.54399278  0.82856537
  0.03500517  0.12423794  0.64109537  0.68612794  0.44625376  0.69510877
  0.38620045  0.30318814  0.67496334  0.16899197  0.64178729  0.3988965
  0.07353776  0.75261715  0.45096286  0.49824953]","[ 0.43180771  0.54699483  0.36138989  0.62839686  0.66494102  0.46193884
  0.34966792  0.58207535  0.01596824  0.36276063  0.72647008  0.17097224
  0.0830295   0.52353363  0.49936904 -0.33257914 -0.35187491  0.44959616
  0.70384932  0.27265832  0.44047578 -0.6109372   0.27877403 -0.2875835
  0.49181716  0.41790066  0.57371985  0.36384188 -0.17087785  0.34552464
 -0.07223879  0.47138135  0.39865531  0.29797293  0.37457555  0.80629303
  0.12432383  0.30903473  0.51271107  0.38356546  0.01614621  0.24621048
 -0.02053898  0.0704857  -0.54093683  0.18354466  0.59098274 -0.05720319
 -0.03633158  0.83728588  0.53990247  0.76576368  0.54678391  0.31740866
  0.32957244  0.56984865 -0.27215646  0.69275429  0.4745186   0.08166346
  0.37550207  0.65141011  0.47430474  0.4237462   0.12546012  0.09050909
  0.5773884   0.12223041  0.21808542  0.54984682  0.43064307  0.13863736
  0.33188097  0.29713857  0.5717929   0.49013618  0.2594025   0.52339181
 -0.20366259 -0.46937045  0.52496938 -0.39179674  0.45841397  0.20671015
  0.6762799  -0.01721714  0.23992527  0.67270268  0.31797819 -0.09974004
  0.39537207  0.7298815   0.02192152  0.36724972]","[ 0.46076643  0.32736821 -0.11924358  0.55893015  0.37690683  0.43774612
  0.0197573   0.39489788  0.05083793  0.20228238  0.72675865  0.47670642
  0.5796036   0.4284585   0.29548788  0.10445028 -0.18506528  0.60327627
  0.44966528  0.37367253  0.55136483 -0.22484281 -0.03821681  0.42352432
  0.38668476 -0.28391471  0.73456808 -0.11180838  0.18430138  0.64987536
  0.21595619  0.73225267  0.47838697 -0.01093646  0.42866113  0.33075928
 -0.56045719  0.26691105  0.22380263 -0.1854648   0.24318905  0.15576285
  0.06709117  0.16431529  0.75651431  0.28858324  0.30985381  0.27425097
 -0.53111669  0.77763109 -0.13105297  0.46873276  0.71852671  0.06618579
  0.27688795  0.59870537 -0.2326026   0.47563506  0.5685407   0.13966536
  0.14113834  0.28207299  0.63844925  0.74912769 -0.04732099  0.13786355
  0.38016425 -0.39801406  0.32443175  0.47301213  0.59580958  0.37119823
  0.47112946  0.2771552   0.03867306  0.4105947   0.45933972  0.52515454
  0.10094893  0.25272329  0.23003191 -0.56628601 -0.19829263  0.35720514
  0.4972421   0.45468164  0.01499442  0.73737962  0.44232757  0.4008453
  0.37633144  0.62087794  0.18388752 -0.14063869]","[ 0.42481574  0.73659865 -0.1957233   0.66293984  0.27039212  0.53692643
  0.77197768  0.34913882  0.33255515 -0.03153836  0.65224753  0.59375848
 -0.47726271  0.39178257  0.66929715  0.19212938  0.55331841  0.66301115
  0.38821558  0.13548319  0.44382727 -0.12704486  0.44443859  0.24487707
  0.74574312  0.31529369  0.75942859  0.38920064  0.12622666  0.45937625
  0.57705049  0.4303186   0.65149243  0.20099347  0.5710815   0.16643248
  0.54955758 -0.2796016   0.83065869 -0.026687    0.69063135  0.27625345
  0.46690803  0.28854041  0.11865891  0.66545922  0.61591438  0.55593686
 -0.08398891  0.59544453  0.30690959  0.6043667  -0.11537293  0.38167904
  0.56985518  0.70365079 -0.23009266  0.70927048  0.69728322  0.42663209
  0.45268513  0.63154978  0.58261016 -0.20885115  0.46098204  0.45454654
  0.71895598 -0.44894824 -0.25859326  0.5259165   0.41924186  0.19578405
  0.76635324  0.60204928  0.50374513  0.3450312   0.23461051  0.62977143
  0.60915136  0.10875377  0.71125409  0.4133186   0.71167083  0.69798838
 -0.07252968  0.34081605  0.25051961  0.7708144   0.65102827  0.75396536
  0.71170131  0.76233204 -0.03460588 -0.29765711]","[ 0.20161968  0.30161919  0.6671375   0.68113574  0.8206538   0.543395
  0.58964643  0.47244916  0.2320476  -0.15460761  0.45584741  0.52341534
  0.46857454  0.48402649  0.37207467  0.1555825   0.21025984  0.72044158
 -0.24027451  0.10253981  0.35733079  0.09278859  0.56792495 -0.08705327
  0.41203446  0.60531522  0.82334444  0.55075161  0.39267304  0.46124488
  0.13816699  0.82777695  0.57767519  0.51937363  0.36839931  0.59002082
  0.33427388  0.57195588  0.24513469  0.5114476   0.42005412  0.49216983
  0.27616603 -0.11847716  0.53318079  0.52200423  0.60907133  0.18558848
  0.75550669  0.75257012  0.48715049  0.80577872  0.60922387  0.19208483
  0.38651431  0.29577894  0.35971051  0.75483813  0.54879406  0.52550257
 -0.33070589  0.73004112 -0.12835611  0.73450909  0.83014967  0.55069261
  0.65688372  0.7666765  -0.519422    0.59755401  0.33626943  0.16172188
  0.83863112  0.69938741  0.69695025  0.30215221  0.51988216  0.58332515
  0.29763407  0.37800223  0.69197626 -0.18534353  0.5628572   0.510059
  0.34392013  0.70388042  0.45384779  0.74548466  0.73441735  0.62776983
  0.69033987  0.77204977  0.39783855  0.77518353]","[ 0.47539392  0.32192396 -0.21879077  0.23504034  0.25740507 -0.12975477
 -0.25011553  0.59360471  0.43277926 -0.2695711  -0.11934883  0.12048403
 -0.4322753  -0.01978517 -0.32867687  0.42918287  0.33156685  0.37340878
  0.04147864  0.02522932  0.29094404  0.2129331   0.23824671 -0.07177953
  0.51778454  0.28127099  0.6882607  -0.09686212 -0.28650546  0.49535803
  0.46537047  0.51445297  0.38782286  0.42169516  0.36530574  0.66016607
 -0.09433907 -0.36979245  0.17636021  0.10947904  0.06421327  0.48496022
  0.3716816  -0.147381   -0.51143099  0.48065216  0.0758783   0.1814975
  0.52243268  0.59452718  0.26883423  0.60376236  0.34690373  0.10089634
  0.20418125  0.43529941 -0.0638646  -0.00217997  0.32937885  0.47320638
  0.13535971 -0.4081826   0.41358055  0.5560736   0.23604201  0.42906806
 -0.20250665  0.26703009 -0.64613464  0.68149566  0.45607581 -0.11709254
  0.17649583  0.03854771  0.12723419 -0.23402954 -0.05132091  0.69898712
  0.41043661  0.43804143  0.23921281  0.64571421  0.14751914  0.50046578
  0.41524056  0.38737715  0.27858358  0.62997278  0.21077692 -0.12040406
  0.00960519  0.63457047 -0.24132058  0.32089231]","[ 0.38725418 -0.40911467  0.62564016  0.64161748  0.66257038  0.55116349
  0.63897014  0.58676626  0.35453757  0.25077105  0.14361714  0.32589336
  0.05939157  0.13220822  0.18232498 -0.2081653   0.66418456  0.33243392
  0.32949578  0.47888869  0.31004135  0.38911521  0.28536195  0.12700796
  0.72600035 -0.1269107   0.38137099  0.2351365   0.05136698  0.31235045
  0.40216078  0.20932595  0.4712184   0.39594624  0.72849137 -0.11469211
  0.28479141  0.6171988   0.508957    0.58968264  0.51920647  0.55192381
  0.10648543  0.05861786  0.71465128  0.64556142  0.77378604  0.55570842
  0.3333546   0.5826079  -0.3457224   0.19485529 -0.20421174  0.09732291
  0.3561667   0.5043008   0.50586915 -0.20514497  0.68455163  0.29180393
  0.11895099  0.46709894  0.20938122  0.29980903  0.71917693  0.10591764
  0.11862164  0.68586342  0.54224824  0.33493722  0.72750518  0.4669623
  0.86685529  0.31845796  0.52366057  0.26732489  0.45848407  0.33962333
  0.34044992  0.77808808  0.27767887  0.17114898  0.33794816  0.61123233
  0.24000295  0.09656326 -0.2532567   0.59183944  0.64411014  0.06545362
  0.43388951  0.66871502  0.28493721  0.08783154]","[ 0.46152267 -0.20553688  0.62582417  0.72981529  0.78186956  0.60805539
  0.36953239  0.49225735  0.14719785  0.19630833 -0.22574387  0.16504648
 -0.34894998  0.26769486  0.35682385 -0.21206779  0.56030177  0.54497153
  0.6372823   0.25553821  0.26794805 -0.27007843  0.20582054  0.26991249
  0.75337409  0.31382606  0.27057739  0.51788629  0.31458552  0.63946649
  0.48779796  0.4804497   0.75477161  0.59993419  0.67852837 -0.32984256
  0.22761651  0.64006024  0.74600064  0.03688113  0.46296553  0.21975733
  0.43225314 -0.26888376  0.62398117  0.33694239  0.64402739  0.58302183
  0.34230675  0.37321852 -0.2008659   0.52645804  0.5461906  -0.16647332
  0.429996    0.47098644  0.09034555  0.46287625  0.71634357 -0.36485803
  0.1453232   0.47240585  0.26833733  0.63791954  0.5645836  -0.10354517
  0.55188271  0.71037912  0.14738582  0.37064248  0.63344305  0.51575686
  0.80857076  0.30334183  0.70840128  0.3515175   0.27427738  0.60937033
  0.31473194 -0.15496525  0.48667547  0.43024027  0.32602837  0.50543742
  0.44179494 -0.02651292  0.35648076  0.19500176  0.53538326  0.42033839
  0.25274957  0.69886613  0.48512772  0.51727699]","[-0.11867037  0.00668793  0.5066295   0.81414094  0.67004975  0.45927974
  0.3002109   0.63977682 -0.32355529 -0.17535643 -0.08999915  0.3734912
  0.51231957  0.48873631  0.25683125  0.41118978  0.61356638  0.19701494
  0.53766343 -0.37729649  0.3373809  -0.10189896  0.46277408 -0.35677192
  0.67609114  0.34718399  0.71980939  0.67854585  0.29781643  0.3922513
 -0.3464007   0.34877895  0.58089811  0.09096639  0.54880527  0.18871929
  0.4481622   0.62742944  0.72432098 -0.22526423  0.45254605 -0.22136852
  0.08721407  0.26045485  0.04475171  0.24947006  0.72569521  0.10002888
  0.22813022  0.22607861 -0.29093433  0.69632273 -0.19745543  0.28154898
  0.27221851  0.76738788 -0.24353458  0.68764178  0.34694733  0.15727915
  0.31935982  0.77514659  0.56444361  0.51375415  0.72654657  0.34566619
  0.48452106  0.76332926  0.28546314  0.46230089  0.18709441  0.1549246
  0.85709786  0.17210697  0.49785019  0.43022882  0.61003056  0.50238378
 -0.00555255  0.13717366  0.41659237 -0.12202414  0.44830605  0.24392945
  0.24992006  0.55619802  0.44001738  0.48617284  0.22480582 -0.19473977
  0.67245054  0.66060614  0.48211113  0.6268897 ]","[ 0.62715196 -0.40236514 -0.0613649   0.65765521  0.79809109  0.62280366
  0.69015472 -0.20600041 -0.3683775   0.21594007  0.4452408   0.06842799
 -0.07644725  0.24696158  0.06464131  0.15108789  0.43883795  0.42554201
  0.30493216 -0.00900038  0.38122764  0.00865126  0.22992129  0.19988794
  0.76961481 -0.18058955 -0.29731463  0.21199878 -0.08574861  0.48759246
 -0.33095097  0.38272793  0.48231397  0.62345071  0.61852139  0.5299023
  0.14039984  0.34087192 -0.07174909 -0.36140326  0.60095706  0.42761588
  0.31586512  0.09924124  0.82538557  0.49517036  0.4027074   0.22182318
  0.56647179  0.4365057  -0.0363005   0.77684376  0.59359003  0.00538555
  0.52604348  0.53592316  0.27763309  0.6564143   0.19009898 -0.49690089
  0.51257292  0.61209586  0.50378913  0.65011102  0.36646149 -0.5774181
  0.45141952  0.26230678 -0.29599496  0.31973716  0.86972024  0.51376601
  0.58617753  0.39527515  0.86765161 -0.20297051  0.32970816  0.66372749
  0.71905832  0.48919387  0.50711372 -0.44624926  0.33408318  0.6156593
  0.11827624  0.24980812 -0.40623627  0.61156929  0.22551843 -0.25690504
  0.60065196  0.66698376  0.30493869 -0.18375982]","[ 0.65735448 -0.11212363  0.45506771  0.73884624  0.71845971  0.66088524
  0.71600631  0.22748679  0.35119821  0.33567537  0.68260341  0.70183777
  0.62135149  0.16690414 -0.39442145 -0.27374669  0.69845542  0.52037207
  0.50878327  0.34990247  0.45705562  0.31850424  0.32919143 -0.12173203
  0.81115289  0.19540878 -0.17828452  0.55385342  0.40027479  0.49244603
  0.1819197   0.35551486  0.65616678  0.56004349  0.64819101  0.58351529
  0.31530387  0.55564136  0.56922558 -0.59238343  0.62847761  0.4005667
  0.05208174 -0.27312078  0.78023641  0.46712313  0.3794513  -0.4673548
  0.39815859  0.73583952  0.16764742  0.82648105  0.3566019   0.00121023
  0.67030107  0.4772395   0.28059045  0.69522413  0.29574704 -0.42825695
  0.40379089  0.33979919  0.45864664  0.34190094  0.43360722 -0.14140362
  0.65700178  0.13351916 -0.5058447  -0.45474603  0.56005955  0.16598679
  0.70410918  0.63658173  0.69007636  0.17496789  0.51494128  0.33449562
  0.63379528  0.03234697  0.5960299   0.1018739   0.27593456  0.18231474
  0.0564781  -0.4423844   0.50570309  0.7245265   0.26657168  0.30893017
  0.65672708  0.55186977  0.41644687  0.22151663]","[ 0.58227067  0.6935493   0.7811791   0.83736216  0.76047437  0.71518112
  0.77032414  0.76589317 -0.35056996  0.23854225  0.68071043  0.4111861
 -0.18377137  0.3193081  -0.00603296 -0.28427883  0.83568569  0.35961818
  0.2536308  -0.11485072  0.51729652  0.39490178  0.44267825 -0.03550006
  0.06029812  0.59942879  0.53459072  0.7012358   0.17726095  0.56559268
  0.19319678  0.7531834   0.60806647  0.85948324  0.56282048  0.72993488
 -0.07283231  0.49757502  0.81555141  0.31082558  0.47533008  0.63632619
  0.55628251 -0.14609577  0.68771673  0.56799869  0.79583338  0.758861
  0.67560086  0.17312403  0.62683689  0.7873467   0.70082168  0.68906441
  0.36288254  0.6982119   0.19780061  0.70725273  0.69001804  0.42417624
  0.30355861  0.62718407  0.52589823  0.53019413  0.73430964  0.47674115
  0.69622938  0.59012355 -0.17659342  0.51645136  0.62277094  0.50706405
  0.6759519   0.47366403  0.72821824  0.27865051  0.62523684 -0.25217041
  0.35828099  0.50598026  0.72227611  0.0995826   0.55171657  0.69768186
  0.81349878  0.46090194  0.30757754  0.64153012  0.61934563  0.77133148
  0.67893302  0.83147349  0.33287831  0.51784605]","[-0.16668471  0.37304346  0.44434759  0.49142946  0.79384758 -0.28582441
  0.69023765  0.48441385 -0.21394305  0.39398997  0.68728737 -0.00584022
  0.43934991  0.46577569  0.33015735  0.08839729  0.72100441  0.43573872
  0.33883606  0.53780705  0.422448    0.49402856  0.4251163   0.11594009
  0.4255939   0.57514927  0.67538976  0.60298758  0.36930692 -0.01842051
  0.24488545  0.65076992  0.6097481   0.46863938  0.65561384 -0.1028535
  0.20371353  0.56615317  0.49484584  0.49777899  0.20643526  0.35746428
  0.60762322 -0.53658697  0.69814469  0.66950107  0.63112992 -0.28284275
  0.57207735 -0.5391688  -0.04320536  0.67244994  0.44146098  0.57966282
  0.50348916  0.70216253 -0.22887646  0.63070748  0.42822071  0.46828927
  0.20308474  0.57248969  0.43035326  0.70304313  0.63040039  0.29740521
  0.53408402  0.81251976 -0.26062881  0.42636597  0.58562147  0.64349094
  0.71113425  0.34141968  0.57209596  0.15035817  0.42486192  0.14755549
  0.10939861  0.52178327  0.52150016  0.4112601   0.3300265   0.41577486
 -0.2506433  -0.27924671 -0.2569565   0.50724989  0.47757158  0.68007733
  0.71933153  0.78420392 -0.10396197 -0.33085644]","[ 0.46818373  0.16107414 -0.05163536  0.331888    0.71810165  0.32919042
  0.71275118  0.48314588  0.24059828 -0.21109149  0.70712445  0.55841588
  0.24600959 -0.01530249  0.17007573 -0.27599491  0.44696281 -0.05705073
  0.39781331  0.34253006  0.38362254  0.47452271  0.19108408  0.24629997
  0.67936227  0.4078101   0.61796087  0.15630657  0.21726303 -0.3291124
  0.33307266  0.38413053  0.60428702  0.60658573  0.51387494  0.53747644
  0.20880187  0.68234683  0.37908188  0.45048818  0.42783026  0.4747038
  0.64407277  0.08560217  0.81649626  0.53067341  0.34757951  0.49202622
  0.45996245  0.17935972 -0.17791999  0.80285241  0.46408202  0.49575366
  0.2983304   0.57976436  0.30899499  0.71336218  0.29675145 -0.24508527
  0.22584192  0.50124284  0.49687099 -0.14983877  0.38427301 -0.06307241
  0.65872396  0.60066827 -0.1644706  -0.08163718  0.52901     0.42648408
  0.67052159  0.2340621   0.66592665 -0.04267615  0.3473714  -0.00880743
  0.51405601  0.36494877  0.0716713   0.2909804   0.10190568 -0.27744324
  0.18481853  0.70240295 -0.2021236   0.12508868  0.4740008   0.74189103
  0.39236092  0.46540995  0.08160321  0.27754284]","[ 0.33197967  0.56505076  0.27614689  0.70807804  0.86863982  0.7681031
  0.78938012  0.61465288  0.14521775  0.54759537  0.73623814  0.51468848
  0.33559583  0.4057585   0.59538377 -0.12689151  0.80764296  0.31447503
 -0.4886016   0.44615615  0.59586075  0.5254048   0.46172482  0.35824427
  0.68887384  0.49284967  0.46966372  0.62579575  0.50843211  0.58190705
  0.49464273  0.73538481  0.72316448  0.75641187  0.6185053   0.52295915
  0.35564133  0.76539338  0.674144    0.52302388  0.32665589  0.68836289
  0.44542327  0.12803051  0.87970997  0.61553678  0.73908698  0.38938143
  0.42516181  0.20247416  0.53643784  0.79891506  0.64603081  0.63441489
  0.59152981  0.45924706  0.61591058  0.58135061  0.62582578  0.30392301
  0.04813439  0.63794807  0.34172801  0.73425022  0.73631233  0.26948317
  0.58306461  0.79169716 -0.16882473  0.67201441  0.48664772  0.51677943
  0.86095205  0.51669433  0.76660669  0.32914584  0.61097528  0.35763986
  0.57832342  0.40098859  0.56614905  0.15162262  0.41048086  0.60342086
  0.29453308  0.37195019  0.60284259  0.66804774  0.38573702  0.73785131
  0.64992208  0.8575908  -0.00274034  0.66680623]","[ 0.75221983  0.36233905  0.33099637  0.39297119  0.42374642  0.18361382
  0.38219239  0.55360403  0.41534868  0.55435489  0.62008693  0.52646354
  0.55964644 -0.50202464  0.50259221  0.63188441  0.56672559  0.28981495
  0.05987373  0.52885159  0.36179354  0.53427731  0.2548155   0.4641508
  0.48901887  0.50039716  0.85840347  0.27706695  0.50502672  0.59576443
  0.76252321  0.3900425  -0.24639553  0.62063121  0.54522319  0.66211341
  0.54834878  0.57706118  0.6645146   0.57512277  0.44787513  0.38496498
  0.61182845  0.29370928 -0.30233898  0.38840074  0.56324633  0.27897505
  0.2140187   0.67173687  0.71313756  0.64907913  0.23998287  0.41410951
 -0.36198059  0.73120918  0.4338823   0.83458052  0.37006422  0.39320403
  0.4401689   0.70798209  0.77811871  0.66515121  0.69001921  0.74212832
  0.52837898  0.56811081  0.44751569  0.70649354  0.20000805  0.57245587
  0.51351319  0.23025398  0.55478113  0.07781863  0.34184381  0.60552131
  0.62879714 -0.48426591  0.00789926  0.61988868  0.4081436   0.40191757
  0.47053867  0.54462777 -0.28395882  0.4254592   0.75287067  0.60968832
  0.47627336 -0.25196815 -0.00136761  0.6061938 ]","[ 0.18986182  0.01259828 -0.45804031  0.12536562  0.15900508  0.0854826
  0.10604696  0.56066931 -0.29999333  0.48467544  0.61418671  0.11534537
 -0.04965773  0.56191184  0.07626566  0.13010531  0.42191527  0.51083902
 -0.18342736  0.22528451  0.1096261   0.22327874 -0.25781615 -0.02970128
  0.32584936  0.37851155  0.43447943  0.05766922  0.388041    0.49498879
 -0.50064466  0.52702856 -0.20350088 -0.19624284  0.37160002  0.431429
  0.35899412 -0.22848407 -0.40418843 -0.45460496  0.48984523  0.48244013
  0.4845301  -0.06180969  0.17952279  0.30804086  0.2963872   0.04695558
  0.25925515  0.67015327 -0.20995925  0.15882662  0.21954915 -0.39118916
  0.08076088  0.52921685  0.18166321  0.31965657  0.50485544  0.21604674
  0.35033225  0.03451808  0.43191909  0.51228097  0.52065133  0.36403299
  0.01652737 -0.04440096  0.3128563   0.3490351   0.65302491  0.4817297
  0.60596562  0.05258231  0.47495472  0.01304874  0.14831677  0.50972285
  0.33460004  0.39952994  0.15151549 -0.40045076  0.38882112  0.36030098
 -0.07823934  0.31509728  0.23360869  0.21857379  0.34169273 -0.41457736
 -0.03789471  0.74283155 -0.52324788 -0.07574701]","[ 0.69123336  0.18318643 -0.10496916 -0.62601395  0.03283486  0.04715051
  0.67812611  0.73264612  0.53503135  0.4698821   0.19806974  0.45784174
  0.37510787  0.19551922  0.5136581   0.64146871  0.28159452  0.45580968
 -0.39250165  0.62038918  0.47881657  0.47233011  0.37765257 -0.27555504
  0.56929124  0.53632488  0.49591159  0.52107658 -0.40463879 -0.22815877
  0.67028747 -0.20023358  0.40385801  0.49243595  0.58522577  0.43857916
  0.41699133  0.39041556  0.66900722  0.63137043  0.73744377 -0.57440235
  0.4598266   0.44371794  0.71386466  0.13262123  0.07867748  0.53422313
  0.31654173  0.81438727  0.4682896   0.28927215  0.32282854  0.40308558
  0.32107003  0.69644341 -0.31498     0.84113388 -0.08075615  0.69812182
  0.28304728  0.68876622  0.63307994  0.55986955  0.01701421  0.2635997
  0.41564392  0.72588571  0.63474078  0.63438666  0.42030795  0.42280464
  0.77934098  0.39884641  0.58411782  0.43596222  0.03663434  0.70824825
  0.33210894  0.29540839 -0.26345805  0.65610101  0.60722233  0.51180209
  0.49493022 -0.4991687   0.46957706  0.6522597   0.6837278   0.55125168
  0.25542266 -0.0594998   0.41476274  0.62806316]","[ 0.56454043  0.35419163  0.47767885  0.70687795  0.58968556  0.65495352
  0.80382118 -0.34228095 -0.50483971  0.43680059  0.60070882  0.36064921
 -0.37546629  0.59877819  0.72546541  0.19915383  0.21651251 -0.43755184
  0.35908881  0.34415953  0.61919877  0.63781435  0.4823369   0.11992191
  0.54847605  0.43856375  0.7103019   0.37471037  0.55428994  0.48116059
 -0.07531562  0.79007374  0.75095589  0.62012471  0.3405941   0.38155876
  0.37071945  0.18528548  0.63523589  0.35430884  0.32882519  0.49589196
  0.40097455  0.60506712  0.7929764   0.69953093  0.28475613  0.84096996
  0.28785004  0.12437141  0.30881126  0.67591089 -0.12506466  0.68099058
 -0.02796995  0.70087012  0.04920634  0.22123861  0.65739778  0.49303765
  0.54190518  0.38482409  0.43142296  0.3196866  -0.02006823  0.09990333
  0.47319723  0.14963549 -0.1032423   0.36901093  0.73659029  0.63633112
  0.72767788  0.31945008  0.59818625  0.44330747  0.56688308  0.29242735
  0.47990473  0.6721697   0.65800508 -0.37639301  0.55206573  0.56071004
  0.37568168 -0.45394905  0.72443901  0.5150603   0.70097763  0.71069772
  0.09168838  0.73729617  0.19295674  0.4625743 ]","[ 0.73303661  0.17352825  0.60701046  0.13350718 -0.01737491  0.32989736
  0.8057249   0.58174209  0.66116698  0.46494866 -0.42449029  0.24428914
  0.38440443  0.16294867  0.64599227  0.67999309  0.46820004  0.40182391
  0.1991737   0.29546946  0.59889958  0.64785292  0.19088639  0.29616643
  0.47417444  0.35542333  0.46297144  0.3903552   0.15429888  0.37508024
  0.61219465  0.36849041  0.62639038  0.67699905  0.16853127  0.36080185
  0.65109981  0.14922752  0.872588    0.69195839  0.38053413  0.79881353
  0.56311663  0.63947529  0.70250928  0.45132829 -0.46311347  0.73598621
  0.58619935  0.34772215 -0.58201034  0.12390871  0.58197705  0.19417239
  0.69309287  0.60064068  0.32551319  0.771998    0.19863883 -0.33766578
  0.21734627  0.5565218   0.56577156  0.6064915  -0.11585436  0.73017793
  0.54640612  0.52663479  0.62576158 -0.54345052  0.76652882  0.41340048
  0.68356746 -0.4002949   0.7911768   0.70747927  0.37258753  0.57627434
  0.02372393  0.44046364  0.2383584   0.54208027  0.68140406  0.65178991
  0.76965129  0.53103403  0.66266276  0.88688218  0.56754476  0.7726944
  0.56931113  0.1130012   0.31676582  0.31346884]","[ 0.40381887  0.52340088  0.02666595  0.29193732  0.24983628  0.14075944
  0.63262083  0.59913781  0.37787112 -0.02997106  0.72439561 -0.27693965
 -0.24132204 -0.03982604  0.2589556   0.42526498 -0.37660805  0.54087106
  0.2605632   0.34990256  0.4448294   0.07248848  0.24890483  0.33594283
  0.36219447  0.33705939 -0.08990884 -0.13584679 -0.28055059  0.28184567
  0.4367625   0.25612917 -0.03319668 -0.01439379 -0.03419537  0.53429827
 -0.03667938  0.30893864  0.43588396  0.14763021  0.48694874  0.50117787
  0.32219848  0.49329985  0.76425513  0.4560258  -0.05599443  0.37041323
  0.53520884  0.8117336   0.35317508  0.43434421  0.41977375 -0.06520342
  0.36772955  0.46173323  0.23796015  0.55390993  0.13622123  0.45371564
  0.42191748  0.11634241  0.51766623  0.02898886  0.62426974  0.21669401
  0.51773296 -0.62548418  0.20355037  0.50800421  0.63682194  0.50189465
  0.27846435  0.51586236  0.12316505  0.55991787  0.30614351  0.7687289
  0.12849267 -0.03683711  0.48247013  0.44696933  0.13733331  0.22835249
  0.80131523  0.53710801  0.1855037   0.81824322  0.20110803  0.50635388
  0.47356564 -0.32769659  0.08591924 -0.07106512]","[ 0.47983918  0.4635008  -0.11268282  0.56959999  0.05452003  0.34108227
  0.13312427  0.58116382  0.54574547  0.31436643  0.77510811  0.03227454
  0.03327747  0.36890342  0.07173745  0.56530351  0.09815151  0.37279677
  0.28446607  0.29189261  0.1002522   0.37080374  0.40722587  0.30442575
  0.38000879 -0.36336579 -0.05250528 -0.40510379  0.38879209  0.35870786
  0.69675169 -0.09036874  0.18474797  0.4700396   0.52599005  0.64588317
  0.10387114  0.46947275  0.51878598 -0.04563222  0.09727974  0.68938239
  0.45916328  0.58244524  0.7735641   0.53555757  0.45330742  0.35286884
  0.38213045  0.67406388  0.40881047  0.49893977  0.59141971 -0.40555471
  0.64587899  0.45759166  0.24072949  0.25084793  0.38632925  0.48987101
  0.37621858  0.59090708  0.33228134  0.2738547  -0.04827256  0.36570861
 -0.25227866  0.26560592 -0.26212775  0.2624143   0.65399397 -0.194654
  0.49544123  0.38032163  0.33096417  0.28906143  0.29630294  0.6854733
 -0.43124724  0.12004047  0.47063248  0.74407919 -0.05435481  0.15792825
  0.79779014  0.34268449 -0.16415384  0.70135803  0.50335417 -0.48701911
  0.60191053  0.40065887 -0.08532125  0.66553991]","[-0.16506698  0.26911875 -0.2581321   0.35520097  0.54086691 -0.35425026
  0.74863498  0.32114563  0.41758764  0.53478874 -0.25191101  0.37670054
 -0.25910875  0.33975679  0.60402314  0.56727016  0.54419275 -0.09852735
  0.18721597  0.16649902  0.26126509  0.21028529  0.4652285   0.09666571
  0.12208593  0.58668911  0.17189696  0.59756896 -0.1981114   0.26577251
  0.66540466  0.17439954  0.44444305  0.43515362  0.49549744  0.70062621
  0.73895548  0.1668768   0.7922164   0.22718836  0.29035961  0.24914901
  0.62053518  0.52468508  0.64268644  0.47233464  0.67627745 -0.15792722
 -0.02429982  0.31151641  0.51956815  0.55588771  0.2309936   0.30535002
  0.12939705  0.36692741 -0.48858331  0.00711472 -0.2640728   0.01673013
  0.43306669  0.40367237  0.41346708 -0.27054885  0.00882778  0.2460135
  0.18574294 -0.53646677 -0.27759535 -0.42864022  0.41701079  0.26072638
  0.58849712  0.29550855  0.23271408 -0.03187185  0.43905928  0.63194291
 -0.07675364  0.57383845  0.3771339   0.48562247  0.46404085  0.34654202
 -0.09497563  0.4882643   0.58153698  0.22400454  0.76332142  0.46449629
  0.0882971   0.41576456  0.32268175  0.34928846]","[ 0.76055879 -0.31068807  0.75805198  0.30438423  0.5728117   0.3052863
  0.23313287  0.3911819   0.39771556 -0.32019553  0.52965918 -0.10555801
  0.69496168 -0.07858337  0.57237533  0.40634859 -0.17418932  0.34341208
  0.65094749  0.60565247  0.31006928  0.44392291  0.13880597  0.17869482
 -0.15764404  0.13450829  0.80311814  0.23323277 -0.23929626  0.30296732
  0.76670805 -0.22195916 -0.3246596   0.63222252  0.44512729  0.12487516
  0.20324756  0.34423991  0.74351103  0.54193372  0.352079    0.59630218
  0.35115001  0.27726956  0.76000121 -0.11348589 -0.05952684  0.12858504
  0.56525868  0.79451944  0.47579801 -0.19276131  0.73243173  0.41750007
  0.42520279  0.62667723  0.23212996  0.75226821  0.34267555  0.35559089
  0.47567447  0.37521808  0.58143621  0.53754011  0.06111925  0.55913657
  0.07435321  0.45234459  0.48171813  0.24012815  0.47801942  0.253185
 -0.1026761   0.06216075 -0.24307915  0.42273995  0.52134034  0.78456277
 -0.09549476  0.40832065 -0.36048963  0.56298002  0.33655992  0.30480241
  0.53043563 -0.5089137  -0.20908018  0.90963567  0.63411213  0.66697949
  0.59665056  0.40879085 -0.22584423  0.55567266]","[ 0.46775741  0.46472443  0.64229617  0.33468672  0.61115798  0.45036711
  0.43880882  0.34566075 -0.42408565 -0.24541283  0.28435448  0.01706887
  0.34346743  0.43431521  0.52135607 -0.33829347  0.45112668  0.57708117
  0.45579641  0.36082575  0.44992258  0.32144135 -0.20590419 -0.44909272
  0.81684345 -0.06724085 -0.09369317  0.15055452 -0.0819548   0.38704652
 -0.24212535  0.07604298  0.43737789  0.41282597  0.36881458  0.41013178
  0.24685938  0.42687758  0.51972524  0.47880789  0.25466103 -0.05297093
  0.64443796  0.14336311  0.75141619  0.41884491  0.30579883  0.33115234
  0.14263322 -0.3954284  -0.24659823  0.22779487 -0.45474179  0.22001019
  0.24027132  0.6283845   0.16543795  0.38031059  0.04228582  0.29689291
  0.11488625  0.30062481  0.24514822  0.38536192  0.51668093  0.30271095
  0.13174455  0.51529211 -0.26810922 -0.09435631  0.24005084  0.49601169
  0.35596833  0.36571027  0.50131088  0.18357576 -0.27061736 -0.19649193
  0.44444316  0.76207292  0.35050087 -0.09119827  0.52138173  0.49119611
  0.49658757 -0.36870132 -0.40961701  0.72151007  0.35899464  0.65159375
  0.18534593  0.17549325 -0.35072124  0.14647812]","[ 1.39707608e-01  6.70673382e-01  7.45257515e-01  3.06503292e-01
  6.35088228e-01 -9.04968256e-02  7.01099399e-01  2.40484352e-01
  2.71201163e-01  2.64473347e-01  4.63131214e-01  2.18240286e-01
  3.41861820e-01  4.51774822e-01  4.94651056e-01  1.50830694e-01
  5.64806324e-01  1.34233133e-01  4.17647201e-01 -8.43594856e-02
  3.27645737e-01 -1.63574420e-01  1.77315251e-01  4.62662945e-01
  5.97472526e-01 -8.04108220e-02  3.14112645e-01  2.38395533e-01
 -2.50107191e-01  1.32195074e-01 -5.77480171e-02  1.02470428e-01
  1.41884086e-01  5.86052053e-01  4.14259571e-01  2.67814747e-01
  1.45828566e-01  4.28316583e-01  1.35974767e-01  6.85125556e-01
  2.05045381e-01  1.87937350e-01  5.65442308e-01 -6.74407923e-04
  4.75637478e-01  2.68664507e-01  2.37591296e-01  3.54615715e-01
  1.71515751e-01 -6.46421633e-02  3.13601918e-01  6.23687967e-01
  2.33797143e-01 -1.62213048e-01  1.58740101e-01  3.66433602e-01
  2.17894752e-02  6.46847562e-01  4.11420822e-01  1.79046660e-01
  2.28818064e-01  2.23294771e-02  3.62477829e-01  4.70069037e-01
  8.51447293e-02  5.56643925e-01  7.47890133e-01  1.76256138e-01
 -3.12614921e-01  1.68097688e-01 -6.21344806e-01  5.22293206e-01
  7.58490152e-01 -1.16051745e-01  1.83888795e-01 -3.17655466e-01
  4.43098778e-01 -3.86395064e-01  2.18602874e-01  6.59454219e-01
  4.25625292e-01  2.68066265e-01 -1.68008081e-01  2.16224394e-02
  1.39354174e-01  6.65206183e-01 -2.70700223e-01 -4.78405519e-01
  6.90812733e-01  4.17173890e-01  6.18348203e-01  5.83833297e-01
  9.36157080e-03 -8.35573282e-03]","[ 0.56341994 -0.0693289   0.29405607 -0.25780922  0.19288524  0.44443137
  0.17610643  0.25181661  0.48286904 -0.28270329  0.39521931  0.53142928
  0.58156593 -0.34620133  0.63669607 -0.36254001  0.24410723  0.33001449
  0.14052109  0.49287896  0.48994622  0.20208136  0.12291567 -0.42544435
 -0.64915011 -0.01222303  0.82653738  0.14296667 -0.15162769 -0.0088781
  0.72898071  0.18273613  0.42204634  0.62899985 -0.06463878  0.66354744
  0.20423159  0.39225697  0.57322423  0.62068727  0.5072341   0.01716696
 -0.52191449  0.44437262 -0.50856404  0.25390736  0.3954107  -0.01391662
 -0.46834977  0.62292461  0.31853213 -0.21429747  0.51060252  0.15607865
 -0.08669815  0.48605841  0.13652391  0.73144312 -0.18434681  0.36147391
 -0.2805437   0.54020548  0.58602194  0.2754009   0.27593415  0.2379897
 -0.00132488  0.22105676  0.40613759  0.37618529  0.34851265  0.37148627
  0.2670033   0.22726298  0.52137269 -0.05748886 -0.36696852  0.39401423
 -0.0702308   0.34315927  0.42707983  0.63815437  0.26789096  0.65412649
  0.0906075   0.52371941 -0.27535803  0.29068997  0.64418301  0.7045191
  0.64162486  0.34022966  0.60770037  0.36703669]","[ 0.63273878  0.06361346  0.18395332  0.17188367  0.19649352  0.21616445
  0.53913988  0.67536217  0.4000139   0.72035238  0.3948273   0.64033509
  0.23153376 -0.41056902  0.65771546  0.34484674  0.43048313  0.09588044
 -0.07824092  0.46786149  0.37630271  0.12858196  0.34736486 -0.05312727
  0.66595834  0.40988705  0.79624712  0.58526106  0.38436087  0.49072747
  0.35691828  0.35147785  0.4219926   0.25997268  0.36915752  0.59446716
  0.52066314 -0.0371924   0.71671884  0.38812806  0.36361648 -0.00766569
  0.29268227  0.61020776  0.21763799 -0.43616429  0.6702794   0.6342013
 -0.00959889  0.52761371 -0.07292493  0.09148108  0.58974507  0.08866184
  0.17651319  0.51859652 -0.43641623  0.2525314   0.31165506  0.29551473
  0.45941784  0.55048348  0.59609557  0.34211619  0.16333487  0.56000651
  0.38379829  0.31660248  0.4388454   0.45641531  0.17573849 -0.08743428
  0.82255138  0.22287441  0.73009163  0.13940283 -0.02577566  0.71553126
 -0.0262006   0.09700723 -0.26806484  0.59133326  0.72965442  0.22737901
  0.33237051 -0.24236627  0.45967875 -0.17600235  0.51552222  0.43018236
  0.4841513   0.11907174  0.00356569  0.72933481]","[ 0.77303959 -0.0751268   0.35082328  0.21831715 -0.42307108 -0.11588307
  0.45374826  0.65047586  0.57384955  0.4847496  -0.28881086  0.59542677
  0.68904518  0.17674099  0.64404457  0.56541432  0.52094848  0.67455383
  0.30926106  0.62762858  0.32084921  0.4801323  -0.07973635  0.3624349
  0.49905217  0.55572307  0.84841017  0.36811451  0.11437571 -0.03129376
  0.75956828  0.57764741  0.33568005  0.72863036  0.58928813  0.53501439
  0.09877944  0.86818278  0.73733967  0.40505387  0.79257077 -0.01211363
  0.63986212  0.53286028  0.83860416 -0.04670571 -0.0208532   0.64646611
  0.06620457  0.78161781  0.6106275   0.60891677  0.74995729  0.43438497
  0.62754514  0.61332596  0.01736389  0.80919152 -0.18701186  0.55741058
  0.45403357  0.68781166  0.63971321  0.70792644  0.58752949  0.54564769
  0.53541988  0.72021109  0.67102224  0.5126816   0.39951551  0.56697004
  0.69925878  0.52390459  0.49715459  0.44027975  0.37096148  0.81925266
 -0.11707053  0.55868237 -0.47459949  0.68063116  0.5365055   0.66269128
  0.73999622 -0.58584719  0.37612842 -0.41616471  0.82112034  0.61086311
  0.64908992 -0.28983338  0.33744743  0.72630779]","[ 0.56651953  0.32635576 -0.1792236   0.72222947  0.7456833   0.80799311
  0.85535692  0.61556187  0.08421671  0.47920921  0.74941492  0.82082944
  0.28325007  0.47154895  0.25324191  0.30798411  0.81146526  0.12264851
 -0.40961622  0.55064272  0.62799655  0.66040188  0.58714867 -0.39923036
 -0.05249362  0.6886988   0.49624049  0.73042879 -0.28586784  0.58069445
  0.64189597  0.64830525  0.50602292  0.85070015  0.46953699  0.73976766
  0.55642872  0.87798759  0.78797466  0.38174902  0.58079164  0.27563359
  0.58530528  0.3701308   0.50103125  0.31047664  0.79482225  0.82335149
  0.30820481  0.61904784 -0.0461876   0.73085838  0.04784153  0.78503826
  0.40104021  0.56411904  0.04674506  0.55827615  0.67758974  0.21012884
  0.41366818  0.58927379  0.26933103 -0.19001793  0.37614478  0.4651162
  0.65899158  0.59257478  0.5252413   0.79487763  0.60212522  0.59239663
  0.85345412  0.47243657  0.86680721  0.30285756  0.74521509  0.68965557
  0.12037948  0.30845501  0.69821567  0.33573428  0.73862438  0.4624002
  0.73500724 -0.22132447  0.60768919  0.56494551  0.62568592  0.85097965
 -0.28481181  0.52746775  0.31165799  0.68913858]","[ 0.74252293  0.16939383  0.59539175  0.65744146  0.63892987  0.66652615
  0.64741196  0.39126116  0.65726044  0.64679461  0.55159909  0.01922177
  0.55190395 -0.14105595  0.71464134  0.57155919  0.40967044 -0.02226444
  0.43152677  0.51471503  0.6765405   0.5914001   0.1943796  -0.03677743
  0.31487682  0.40224331  0.72317958  0.54428963  0.364448    0.49688606
  0.85120461  0.45823057  0.52227419  0.80727627  0.38500388  0.76482382
  0.71199301  0.19850253  0.77316457  0.50887339  0.55530123  0.38314377
  0.37861871  0.70262562  0.5610032   0.17515331  0.52832336  0.63726705
  0.34116237  0.501049    0.0879089   0.74265987  0.24366224  0.62658702
  0.51025408  0.71750922  0.23498036  0.74068511  0.75601014 -0.2305762
  0.69233599  0.35087023  0.7236944   0.67443481  0.66430371  0.67394602
  0.45350504  0.56305673 -0.03256029  0.47385044  0.74292275  0.13376449
  0.76457214  0.60662301  0.67691319  0.5313351   0.46536135  0.64532811
  0.30184291  0.34247226  0.44775802  0.48865355  0.71257965  0.69982877
  0.55245275  0.70504377  0.55013294  0.73104047  0.72005931  0.83900369
  0.74722291  0.38842632 -0.09907847  0.46936473]","[ 0.83420258  0.61994033  0.61566216  0.69437934  0.76981391  0.69264098
  0.76933281  0.40696664  0.37885524  0.63094284  0.67472376  0.64982065
 -0.04758439  0.44954225  0.6624659   0.3077025   0.65248288 -0.18126956
 -0.09048544  0.10598147  0.69463875  0.51191155  0.00781391 -0.20739808
  0.5235777   0.55961809  0.780976    0.6697807   0.31845839  0.05057246
  0.68619785  0.73763614  0.5261319   0.74903172  0.41653432 -0.23405093
  0.57401264  0.35954769  0.52546645  0.65776294  0.45109448  0.345361
  0.7313964   0.63572507  0.31466287  0.39421679  0.63465994  0.58734664
  0.00780495  0.22111038  0.36649177  0.71360843  0.40403     0.62165117
  0.51117213  0.64275264  0.5007306   0.57110651  0.65457933 -0.27169385
  0.2628841   0.59474457  0.65100953  0.55425773  0.61190965  0.60948676
  0.59103791  0.78138247  0.43659226  0.42567765  0.2352462  -0.53172337
  0.78228541  0.45154436  0.85197827  0.04987114  0.39864449  0.34844716
  0.31564311  0.26800822  0.58077532  0.45821369  0.37106906  0.53314458
  0.53431571  0.77722358  0.59516756  0.33069964  0.58433645  0.81003434
  0.67013777  0.59710041  0.35746872  0.69275572]","[ 0.64170729  0.43523571  0.58137543  0.58404883  0.69066437  0.67288812
  0.69298697 -0.31447636 -0.08628142  0.49311396  0.53311554  0.10738596
 -0.395793    0.3645195   0.70364317  0.3002592  -0.32127403 -0.22696191
 -0.01921316  0.27561736  0.51998332  0.33423905  0.24342316  0.0847951
  0.64747293  0.48861731  0.22800256  0.62046432  0.19864725 -0.29879088
  0.56125591  0.51835265  0.49699013  0.70910284  0.17511682 -0.3212958
  0.71377805  0.08065983  0.18270067  0.31050531  0.18331315  0.25738586
 -0.12318203  0.51766232  0.47682976  0.09967664  0.67491718  0.76604424
  0.47520983  0.36035025  0.42681284  0.61226808  0.05718374  0.1132187
  0.63012559  0.54152791  0.27566967  0.37636892  0.44950655  0.29113784
 -0.18141695 -0.06926897  0.74283091 -0.15776391  0.61943092  0.32703402
  0.18454841  0.52939045  0.20483938  0.64026303  0.12872537 -0.33119211
  0.62901429  0.12844228  0.70202338 -0.00636287  0.25450983  0.34142154
  0.38319186  0.24579535  0.54358594  0.21938975  0.2848828   0.64488956
 -0.12810816  0.84034874  0.50856297  0.56271664  0.50367628  0.6748065
  0.50396289  0.47317952  0.44803071  0.69053073]","[ 0.69568     0.45778411  0.57836155  0.51512011  0.70205856  0.77473982
  0.75383024  0.01096718  0.24987418  0.57652988  0.60851297  0.29295255
  0.63859833  0.54918623  0.74987187  0.26965315  0.46373236 -0.28306696
  0.12303716  0.47063836  0.6426133   0.65026189  0.10888428  0.09758674
  0.40958949  0.5873974   0.4586802   0.64579958  0.13584739  0.3754709
  0.65086427  0.66600477  0.58449176  0.78409092  0.11922678  0.56127544
  0.59297771  0.37657153  0.66436338  0.46578709  0.57240673  0.2688452
  0.60546016  0.67926858  0.66527959  0.37738824  0.84345978  0.64929235
  0.05456407  0.38303085  0.04473855  0.78375853  0.27054812  0.44621281
  0.18660551  0.62051586  0.11828755  0.59906193  0.73820766  0.33115592
 -0.0333279   0.52936062  0.65106626  0.52502085  0.48731787  0.68312614
  0.23164906  0.51551822  0.44178325  0.70307526  0.58246868 -0.46511084
  0.77029666  0.32244333  0.63064004  0.19627596  0.33697415  0.61651334
 -0.06183589 -0.45703146  0.51213308  0.52432293  0.56252771  0.65775972
 -0.33989082  0.51973301  0.46904053  0.21334955  0.53689846  0.73567913
  0.67416389  0.48474116  0.17892954  0.58102584]","[ 0.74728115  0.57811824  0.30034887  0.4621015   0.54710588  0.58407177
  0.77585242  0.01840911  0.15438132  0.50521019  0.71672916  0.12103883
  0.4804697   0.68765988  0.55157398  0.06136867  0.55145718 -0.32448213
 -0.03723004  0.46093312  0.63081461  0.40786127 -0.0605877  -0.04916893
  0.73208113  0.69310923  0.11978009  0.40977522 -0.42984804 -0.11325654
  0.41517646  0.48415263  0.79917615  0.75520864 -0.027037   -0.1045583
  0.57033094 -0.14759443  0.43706549  0.22539381  0.54081181  0.70669648
  0.35378701  0.20591466  0.21414333  0.28130693  0.54550866  0.54073917
 -0.31080806 -0.04776841  0.26597457  0.4724665  -0.00590379  0.43020706
  0.24423853  0.11793723 -0.41941249  0.60780331  0.13013416 -0.52231207
  0.22275801  0.14328948  0.59425647  0.44421607  0.25681286  0.66614073
  0.77384606  0.43350133  0.17071179  0.71697892  0.51728208 -0.10195195
  0.79435698  0.30002028  0.29654886  0.62737003  0.37322039  0.34613301
  0.21343494  0.16177168  0.44532971  0.46663064  0.28408892  0.48746541
  0.1591433   0.81997944  0.38701038  0.41100825  0.48552276  0.38664779
  0.49025441  0.72187117 -0.01511764  0.40970965]","[ 0.76324992  0.13863401  0.61152204  0.33505068 -0.22139975  0.26426082
  0.80346425  0.37252562  0.42035938  0.73391207  0.67517742  0.59098584
  0.64367318  0.27938923  0.58540655  0.10573312  0.14538286  0.21244014
 -0.17719157  0.47286136  0.53903369  0.56927076  0.54446381  0.04065217
 -0.34938937  0.11292159  0.48558579  0.37513658 -0.32148456  0.09184235
  0.76083441  0.38336377  0.66680823  0.75530887  0.47860721 -0.40345657
  0.69246708  0.47152731  0.65903606  0.5603109   0.61450518  0.17861984
  0.70040518  0.19496987  0.1831565   0.32393564 -0.05243261  0.47017747
 -0.12491896  0.38453465 -0.09533622  0.61772928  0.10410353  0.64757666
  0.31847345  0.63382851 -0.52539517  0.68371509  0.61910291 -0.2251948
  0.09569246  0.60707596  0.6373115   0.53530467  0.60161817  0.75879536
  0.58129178  0.64350224  0.11003045  0.50286508  0.29290885  0.51293286
  0.76883113  0.11567291  0.47974102  0.2037448   0.2675014   0.68329064
  0.2209642   0.20498235  0.65559159  0.60393923  0.34641499  0.58634039
  0.37996998  0.16697941  0.45022448  0.44558232  0.73029001  0.7090283
 -0.02208216  0.65739065  0.19962669  0.68369602]","[ 0.64151884  0.09109436  0.48402625  0.53687367  0.65539078  0.41955536
  0.81429136  0.53022343  0.17462463  0.55955508  0.42949031  0.31963703
  0.20496686  0.4935703   0.63994999  0.39386235  0.3886888  -0.52357351
  0.24488068  0.1229672   0.67322914  0.23284264  0.68968528  0.02459463
  0.01335631  0.18961066 -0.02797841  0.49534361  0.71613904 -0.230249
  0.18094316  0.54936766  0.54733904  0.66141127  0.60041041  0.27870571
  0.70967084 -0.07404265  0.81255779  0.47996991  0.38078885  0.15528776
  0.74661429  0.41826799  0.25214619  0.126844   -0.06496529  0.69775143
  0.12519733  0.22527364  0.51091658  0.36631873 -0.41755289  0.33113075
  0.39759482  0.51268066  0.01928889  0.3964065   0.252025   -0.13654618
  0.31833598 -0.21044434  0.19135961  0.16110386  0.59609843  0.11307191
  0.32420594 -0.33376966 -0.44318361  0.47518022  0.04326274  0.57021134
  0.81767498  0.0776966   0.34901184  0.34679024  0.0297372   0.42324444
  0.54741833  0.30357658  0.52891025  0.47955315  0.26346417  0.60451324
 -0.51747921  0.56696731  0.50882246  0.23779011  0.61590243  0.71233323
  0.46124875  0.35539784  0.40109835  0.30592198]","[ 5.65062038e-01 -2.49028912e-02 -2.10218857e-04  7.09659329e-01
  3.73601586e-01  1.06916438e-01  8.26763514e-01  3.64900938e-01
  3.89875002e-01  2.24379033e-01  2.34324780e-01  3.12251457e-01
 -4.73828024e-01  3.24191383e-01  6.35520260e-01  4.85242216e-01
  6.78460077e-01  1.45098364e-01  4.25071550e-01 -3.82193420e-01
  4.11983108e-01  2.43641723e-01  4.67315653e-01 -1.50719179e-01
  2.18727184e-01  5.55701564e-01 -3.18550134e-01  6.27797012e-01
 -4.58773953e-01 -2.44638204e-01  2.77628983e-01  4.64448857e-01
  5.79177963e-01  8.12893881e-01  4.41892413e-01  1.66771519e-01
  7.02764627e-01 -9.67108300e-02  7.29754388e-01  4.24762077e-01
  4.24132502e-01 -2.74871989e-02  7.03555710e-01  4.22455452e-01
  3.23636011e-01  2.80425391e-02  3.86588808e-01  3.21898887e-01
 -9.85666528e-02  5.63301038e-02  2.68877930e-01  3.42189776e-01
 -1.90075484e-01 -7.43516253e-02  2.93085226e-01  5.29273311e-01
 -4.94012213e-01  4.33223689e-01  1.07662695e-01  1.45237266e-01
  3.37155138e-01  4.29446186e-01  4.78114682e-01  4.92782491e-01
  6.02283626e-01  6.85504415e-01  1.78956743e-01 -4.93751906e-01
 -3.69198626e-01  6.23616122e-01  5.84425123e-02  8.14289180e-02
  6.20138345e-01  1.11588420e-01  5.64199589e-01  1.97473877e-01
  2.32963875e-01  5.31411229e-01 -1.39905632e-01  4.04256958e-01
  3.85903392e-01  4.51854736e-01  4.53602153e-01  4.37206090e-01
  2.05676711e-01  7.48412429e-01  3.44484940e-01 -3.94641750e-01
  7.49701126e-01  6.82098578e-01  4.95222986e-01  6.11294924e-01
  2.17904069e-01  5.25174355e-01]","[ 0.4594434   0.19870518  0.29853758  0.11851962  0.34519778  0.16662019
  0.76318147  0.65044226  0.20057931  0.52358549 -0.14518886 -0.05556724
 -0.15163895 -0.02483581  0.50888971  0.4555037   0.64813336 -0.33465687
  0.06281831 -0.30562721  0.42959637  0.29933526  0.28971456 -0.06572878
  0.66120644  0.54599408  0.43797473  0.59133908 -0.04411044  0.23623493
  0.49194762  0.45671199  0.64131516  0.75499226  0.30159757 -0.29092445
  0.47105975 -0.05540276  0.58931139 -0.03325393  0.56201668 -0.40810802
  0.63105732  0.28593526  0.29624047 -0.40059047  0.64219759  0.51343154
 -0.04528784  0.23579146  0.41397281  0.0305723   0.15199765 -0.31447419
  0.06187867  0.48982357 -0.43999966  0.22340219  0.22712532  0.31767015
  0.27357495  0.41323736  0.4546801  -0.0588755   0.38676769  0.67390246
  0.33967586  0.3919804   0.42701214  0.15752536  0.33526404  0.16746408
  0.70023232 -0.30265725  0.45804096  0.01771978  0.20556313  0.60076478
 -0.37868639  0.43838089  0.46221541  0.43816856  0.25153841 -0.19633246
  0.1602568   0.57223564  0.61111941  0.5692521   0.60475134  0.46329571
  0.13008011  0.6104693   0.20066738  0.55466563]","[ 0.72198587  0.59721499  0.17094539  0.52535985 -0.16796748 -0.00543825
  0.48967777  0.05951842  0.48405136  0.70047902  0.41124673  0.08943896
  0.34860003  0.48140609  0.25072931  0.54159999  0.43007711 -0.23385155
  0.21817757  0.52131549  0.19124871  0.08653305  0.40595761  0.5722315
 -0.25016494  0.62741859  0.74435855 -0.31555116 -0.12375246  0.3018206
  0.49610943  0.29771565  0.4012949   0.35969502  0.23871901  0.36319092
  0.01566923  0.53765364  0.42472115  0.43581652  0.32259141  0.69230191
  0.12969819 -0.35032611  0.41249017  0.15968354  0.18667611 -0.00471367
  0.49791438  0.67078147  0.60573419  0.51949477  0.55887801  0.36182618
  0.58218298  0.37029357  0.6067787   0.58360996  0.08758688 -0.30113201
  0.4040438   0.65690731  0.70474991  0.55498186  0.38150861  0.25963358
  0.31315903  0.53885258  0.47663274  0.54323056  0.46745434 -0.0521828
  0.31591885  0.55752376  0.33264102  0.33921465 -0.1437043   0.75402348
 -0.24556132 -0.60315208 -0.20971791  0.64038204  0.20207002  0.01320847
  0.36185882  0.04457247  0.54845223  0.602555    0.65898352  0.10726543
  0.61358028  0.03622871 -0.08736687  0.31029805]","[0.81502679 0.80056577 0.49343227 0.68124358 0.38127908 0.25376475
 0.35705678 0.69823907 0.68981967 0.66641325 0.80826299 0.54238206
 0.68051954 0.47960487 0.6509586  0.4752883  0.68695031 0.64735313
 0.55320887 0.74557978 0.53580576 0.65291526 0.62376812 0.77215896
 0.34047018 0.67349979 0.82053971 0.46246091 0.28778191 0.71190687
 0.68256582 0.46356793 0.15033757 0.60066102 0.68150758 0.69592226
 0.35356711 0.55911211 0.66629544 0.68580553 0.50799318 0.6054516
 0.24120748 0.58283815 0.7566098  0.05614987 0.41434475 0.57339435
 0.73014421 0.86848425 0.58736475 0.46963915 0.63408167 0.55663398
 0.65468346 0.43577568 0.47057037 0.6493483  0.28461796 0.62181946
 0.54899972 0.76558704 0.71802693 0.57955159 0.64352935 0.68120118
 0.60030448 0.61170603 0.69596236 0.56122995 0.56202113 0.51641124
 0.54904768 0.6253695  0.5556454  0.50533809 0.6644495  0.68863007
 0.57370995 0.79739389 0.21223355 0.84509617 0.34472709 0.425656
 0.57830315 0.7193542  0.61159748 0.64130532 0.72461797 0.6768727
 0.66808186 0.34894554 0.35135642 0.59374985]","[ 0.7187631   0.27086089  0.39953316 -0.25607496  0.06217104  0.09655395
 -0.22964266  0.67881974  0.31890328  0.30650408  0.75207157  0.20520125
 -0.00725684  0.32696229 -0.10093383 -0.25144043  0.06346792  0.4516959
  0.35117772  0.02350249  0.18263091  0.1182058   0.36374934  0.43443608
  0.41394957  0.26739827  0.61505368  0.01020182  0.61515569  0.3128221
  0.56224748  0.13887908  0.40948958  0.19947814  0.29639748  0.51246777
  0.34816123  0.52040742  0.38826912  0.15932603  0.33263887  0.44984924
  0.23749582  0.45230977  0.47670601  0.56166992  0.00750613 -0.34038068
  0.15212712  0.7404562  -0.07922049  0.63110001  0.54794315  0.19156759
  0.31893694 -0.0062372   0.43936592  0.58307449  0.5251693   0.48513717
  0.07171948  0.60630404  0.48807712  0.34073303  0.13676629  0.22164705
  0.27079529  0.14634575 -0.10873678  0.42157431  0.59779224  0.09836433
 -0.15511115  0.57308416  0.47337299  0.37389651  0.39996554  0.5848664
 -0.30161491 -0.33571664  0.54084203  0.40959536  0.09736982 -0.35358945
  0.41630459  0.31545865  0.67440797  0.65062917  0.58662175 -0.36674882
  0.53773191  0.04384307 -0.23819498  0.32498557]","[ 0.88502712  0.74672281  0.60957536  0.7083094   0.28002174  0.59264244
  0.54342743  0.63534332  0.63274689  0.65437392  0.88532468  0.62955752
  0.39508363  0.51846611  0.58613957  0.46087742  0.05818983  0.57822995
  0.76076972  0.62741111  0.48025669  0.68924329  0.46889095  0.66938991
  0.52391523  0.57086021  0.71635877  0.23211289  0.54948257  0.63568679
  0.50040101  0.5353076   0.40357886  0.59335118  0.63316228  0.68527942
  0.17078221  0.65029811  0.77835896  0.62013198  0.20469899  0.54785948
  0.08653073  0.61085352  0.7127517   0.31733368  0.40424057  0.42628153
  0.57442287  0.87535415  0.47576211  0.32293379  0.62632923  0.64132729
  0.66018815  0.437351    0.44009188  0.37860408  0.40430481  0.3912615
  0.39726352  0.67098125  0.61973825  0.67178595  0.51616867  0.70904225
  0.66516745  0.05059358 -0.08928331  0.53838604  0.5073515   0.37190396
  0.8189029   0.42182795  0.4352334   0.32055291  0.36151143  0.38700815
  0.35067378  0.6156638   0.31691383  0.67659724  0.21660843  0.26667537
  0.57130163  0.77163212  0.05896495  0.54321486  0.53423581  0.50521213
  0.71017839  0.45995822  0.06625242  0.64799618]","[ 0.59167276  0.72701515  0.52612433  0.40711062  0.14256165  0.44365511
  0.56213961  0.77233236  0.72282408  0.19660612  0.76575233  0.53158531
  0.74578844 -0.55103613  0.54112468  0.4492606   0.63476131  0.11391021
  0.43380653  0.58120044  0.56229782  0.61606509  0.64898815  0.70689035
  0.38552974  0.64730137  0.75461463  0.43009691  0.15374768  0.67756193
  0.51064444  0.51996183  0.41350731  0.7262049   0.64367275  0.58003703
  0.48363802  0.62719782  0.81211385  0.66444631  0.54694797  0.45276308
  0.39038386  0.38796694  0.65356501 -0.01183903 -0.04453184  0.23358287
  0.54012042  0.69781403  0.56116881  0.51960192  0.20466215  0.47003288
  0.69015043  0.45770029  0.54224266  0.82356811  0.57916751  0.5486963
  0.3445512   0.82304367  0.70706505  0.67103321  0.58723401  0.70583014
  0.49573628  0.49098253  0.30156767  0.80124595  0.40718518  0.69674488
  0.5075205   0.64895255  0.32471315  0.51911801  0.60830213  0.56773808
  0.49121515  0.68808937  0.22060077  0.81058496  0.42279512  0.49579127
  0.55480042  0.67851101  0.3466085   0.6105185   0.73896559  0.70862943
  0.43583545  0.05692188  0.15147926  0.22781373]","[ 0.84625972  0.433046    0.6222651   0.6058859   0.29005265  0.1959028
  0.43910312  0.84158825  0.75384538  0.46861965  0.62260076  0.69660578
  0.66159019  0.31937188  0.6068496   0.6928916   0.81721837  0.21344468
  0.39781143  0.67776674  0.57023758  0.66050497  0.7050206   0.77715654
  0.75344649  0.70320127  0.89131683  0.5103696   0.59132768  0.64255163
  0.65300159  0.55728282  0.43234186  0.83692195  0.66706693  0.784802
  0.65764232  0.75721674  0.85878838  0.68709852  0.64113937  0.59196757
  0.5306543   0.52954535  0.40389492  0.24861689  0.61734537  0.39522693
  0.64607107  0.73892545  0.76989281  0.8567592   0.57183358 -0.16306291
  0.67618034  0.66137442  0.79645703  0.91740578  0.70390619  0.72435512
  0.51461959  0.79829645  0.83816856  0.80090981  0.76117597  0.81524925
  0.61431712  0.75544693  0.6690078   0.87853647  0.74765318  0.7898414
  0.65895893  0.79645409  0.71763169  0.50805447  0.70331027  0.78489489
  0.67846724  0.56742836  0.37274282  0.8910176   0.46843183  0.54439532
  0.64033578  0.73894563  0.52009043  0.68877431  0.80709653  0.6716437
  0.27863814  0.09234193  0.29347714 -0.24308057]","[ 0.8579438   0.61469232  0.497823    0.75561644  0.0129661   0.60014663
 -0.01336485  0.60949149  0.6925212   0.50708017  0.87168336  0.45944064
  0.5467446   0.39278157  0.44293552  0.36850509  0.52407614  0.30312471
  0.62366878  0.47544482 -0.39666656  0.52281045  0.47421502  0.67116
  0.07913642  0.64452036  0.7124326   0.35638743  0.53781629  0.60383282
  0.57624232  0.27552549  0.13313962  0.73410195  0.6666304   0.59040655
  0.05165103  0.63869735  0.54048716  0.49467251  0.26547416  0.64831534
 -0.14779293  0.68195174  0.70880542  0.1927244   0.60861391  0.401325
  0.43185381  0.8845552   0.57671008  0.31904117  0.46280569  0.31576436
  0.65296494  0.43669851  0.28517963  0.6646538   0.28211267  0.40901407
  0.34794171  0.63141425  0.59836491  0.38234004  0.41848332  0.56457345
  0.37396274  0.53854507  0.49263833  0.50134306  0.34120915  0.49975742
  0.70483572  0.55768441  0.45256349  0.14605592  0.31865735  0.5100489
  0.44669964  0.63769782 -0.04502967  0.67809654 -0.02582102  0.07318006
  0.5926734   0.59066126 -0.12061987  0.71738753  0.56085082  0.56882363
  0.71638626  0.39349412  0.13176693  0.42371107]","[ 0.70891653  0.0327269   0.17562234  0.11260337  0.14418161  0.24286285
 -0.02649084  0.36875701  0.67282001  0.12928313  0.48081023  0.24844351
  0.48642379 -0.38746432  0.18296317  0.14744815  0.36784104  0.19631208
  0.38595077  0.34089629  0.08945517  0.25825854  0.43086705  0.57607896
  0.03835023  0.47526963  0.68936791 -0.02036613  0.29973223 -0.00457378
  0.35733791  0.28192649  0.55095188  0.62743479  0.533454    0.50424951
 -0.01637559  0.26585081  0.6382828   0.48268789 -0.37922364  0.46035323
 -0.21975126  0.28418793 -0.27103857  0.40451412 -0.20306477 -0.14206203
  0.41787978  0.56975297  0.36693511  0.35471525  0.08995372  0.22201172
  0.45818762  0.43128587  0.3125797   0.70183321  0.37096846  0.42163333
 -0.00836995  0.62062745  0.6449841   0.45979479  0.46258051  0.52412076
 -0.41110845 -0.28126658  0.53415997  0.83048337  0.03877175  0.52225166
  0.19116553  0.52716587  0.23413779 -0.23200714  0.35188053  0.22678605
  0.23046812  0.42740209  0.25114529  0.67251179 -0.06450569  0.49406627
  0.36326689  0.47839777  0.27407936  0.62240302  0.57656882  0.70799109
  0.12526199 -0.15929645  0.10164362 -0.31952539]"
"[ 0.42331035  0.31754692  0.12973794  0.43637266  0.24052328  0.19440689
 -0.27228866  0.39737576  0.19926806 -0.1054853   0.11486573  0.06521252
  0.09630223 -0.01237006  0.00949556  0.41760797  0.16426433 -0.21058231
 -0.39726977  0.13480323  0.42958754  0.44566054 -0.23633521  0.25664527
  0.25865261 -0.00915637  0.40432178  0.02055364  0.31840813 -0.38717023
  0.57021868  0.39361872  0.1061058   0.5864715   0.34727689  0.23624602
  0.3252925   0.49708822  0.3199983   0.52166202 -0.18131811 -0.22956996
 -0.45294678 -0.0724206   0.5428219  -0.01235224  0.29603463  0.20753118
  0.32469695  0.57303423  0.13764553 -0.0631093   0.23194339 -0.02265068
 -0.06085645  0.36924997  0.26591901  0.01548134  0.27405092  0.37537495
 -0.15345097  0.51665085  0.67639887  0.32333801  0.31894923  0.56127232
  0.46060825  0.23598357  0.42353057 -0.33152064  0.2869582   0.27464145
  0.26315001 -0.39635872 -0.28441114 -0.0974001  -0.21700744  0.75400552
 -0.21257186  0.37534533  0.03031294  0.61443327  0.08534604  0.46825567
 -0.39649634  0.42308072 -0.31871894 -0.22880178  0.4010252   0.35482067
  0.44163685  0.29595554  0.45217652  0.31133932]","[-0.3851333   0.16700335  0.34815703  0.2964093   0.26372952 -0.27605371
  0.44403543 -0.24710232  0.19534838  0.66557202  0.23852451  0.40991713
  0.28816256 -0.47527734 -0.42422951  0.40083677 -0.25824185  0.62293699
  0.11471421  0.4260404  -0.2134347  -0.18510384  0.15100707  0.48034567
  0.80710354  0.08743264  0.70010078  0.27531892 -0.20731217  0.54468029
  0.60743219  0.10449329  0.28798218  0.67577172  0.07605899 -0.3456095
 -0.62065867 -0.45209717  0.56386563  0.76453748  0.36059551  0.59634581
  0.56013957 -0.12404017  0.76208797  0.45891574 -0.09753965 -0.39976924
 -0.00283602  0.46009358  0.01820091  0.57872618 -0.23880145  0.19791554
  0.51217056 -0.32023892  0.21037193 -0.32818453  0.1869812  -0.4926423
 -0.42277889 -0.3442091   0.49544084  0.60834569  0.09539438  0.50816349
  0.50921048  0.49426499  0.27679873  0.64683628  0.46128506  0.25052575
 -0.32774233 -0.09369893  0.09702278 -0.13041709  0.08348832  0.7570521
  0.13144786  0.7108301   0.03956676  0.3218421   0.7025388  -0.48373067
  0.797962   -0.01449545  0.30536364  0.53253204  0.48303758  0.82388445
  0.34922502  0.0358843   0.00210202  0.16419836]","[ 0.24496314  0.47614495  0.74764506 -0.06518359  0.5760815  -0.0209807
  0.60657014  0.50046853  0.20518698 -0.15328603  0.69994216  0.64743759
  0.67520721  0.21211256  0.53966361  0.41958314  0.10659594  0.38008099
  0.55441321  0.4713012   0.06758172  0.6113529   0.06659156  0.14468542
 -0.29542948  0.21778665  0.59385734  0.52826922 -0.40245273  0.33014673
 -0.36002368  0.15005393  0.56831436  0.7149708   0.52149007  0.76629807
  0.47387864 -0.1878651   0.02039382 -0.50477023  0.49878088  0.19750854
  0.5239687  -0.02733607  0.34944158  0.69756753  0.66222961  0.18810837
  0.23547587 -0.21809013  0.32789705  0.38891924 -0.13903971  0.51713813
  0.56970765  0.50771848  0.15596875  0.22165138 -0.06840129 -0.25195189
 -0.31684977  0.42592163 -0.38703227  0.08835814  0.48466293  0.05265129
  0.37569364  0.73318115  0.15111263  0.12595053  0.30318841  0.45691452
  0.35829491 -0.34639267  0.06172151  0.24860443  0.24045637  0.01727261
  0.61706478  0.18618188  0.06840532  0.3670907  -0.1615317   0.49818248
  0.02605771  0.67876357 -0.0507128  -0.37354431  0.6551548   0.72741119
 -0.12889869  0.48092765  0.51839119  0.35007477]","[-0.17834833  0.02680046  0.30121909 -0.07614956  0.60334409  0.05395877
 -0.33753903  0.26403342  0.23173039  0.54292435  0.35393007  0.16151683
  0.48013115 -0.03110419  0.0950863  -0.49301889 -0.56038198 -0.07467297
  0.12002392  0.40871925  0.60431428  0.31002709  0.34748136  0.55314518
  0.4395662  -0.01028     0.34471666  0.56848971 -0.22933174 -0.00993608
  0.54562546 -0.02155262  0.48865495  0.32564047 -0.45883962  0.13170295
  0.26136727 -0.42878111 -0.29741349  0.79350375  0.24678819  0.27956193
  0.46380298  0.35375897  0.78762529  0.33464382  0.0927243   0.57699702
 -0.18883704  0.84501008  0.39160409 -0.02851766  0.68598235 -0.05314265
  0.39180417  0.61129458  0.4335793  -0.24605811 -0.401255   -0.03173847
  0.49036146  0.22615153  0.60691927  0.6997893   0.36253914  0.2359987
  0.35121941 -0.41744948 -0.38877201 -0.27503827  0.57190098  0.58373225
 -0.60668942 -0.27601822  0.4252479   0.35744272 -0.36021833  0.3608497
  0.63190535  0.62546578 -0.33748402  0.57211724 -0.29337695 -0.35711491
  0.79556905 -0.1942105   0.20336184  0.55695885  0.68027407  0.42829478
  0.22010628 -0.03473381  0.19067666  0.39537463]","[ 0.82313552  0.25123865  0.17682468 -0.18828416  0.45020603  0.40929295
  0.69508082  0.60022096  0.56509409  0.52488773  0.39430217  0.15688669
  0.43841262 -0.37937393  0.33640958  0.42163997  0.32273854  0.49662712
  0.18392653  0.56855522  0.52325033  0.54223798 -0.18762647  0.47876751
  0.14699318  0.4415042   0.81689336  0.025352   -0.02950053 -0.11678983
  0.6088912  -0.055409    0.4674689   0.57180084  0.46433959  0.75807809
  0.53445501  0.55652529  0.71976945  0.67432924  0.41567525  0.38313331
  0.415278    0.30153102  0.53681144 -0.14441279 -0.18533295  0.46888833
 -0.19261755  0.81075736  0.38404123  0.45177062  0.460833    0.26552834
  0.38586886  0.55891246 -0.43282815  0.64202308  0.00770292  0.53318372
  0.3347591   0.48078909  0.68540573  0.70446933  0.40588968  0.57484821
  0.6361017   0.48707044  0.38254102  0.14684946  0.42058428 -0.25518636
  0.64569636  0.3098811   0.10518609 -0.1143274   0.2149369   0.71132241
  0.29174402  0.01897051  0.08424402  0.67700659  0.25203629  0.2107577
  0.58214402 -0.52337853  0.53695408  0.57528728  0.7273496   0.63192727
  0.50643058  0.03324805  0.11272142  0.22532066]","[ 0.63748848  0.41671092  0.00477772 -0.41315022  0.27427051  0.30941647
 -0.24072216  0.57245978  0.41348533  0.49806525  0.08810133  0.39642613
  0.66838933 -0.21208407 -0.28191721  0.41599331 -0.26556117  0.48647729
  0.56968237  0.50716514  0.4405972   0.5025323  -0.28981313  0.59206493
  0.27790544  0.21869743  0.72819466  0.24147514  0.54067221 -0.00131739
  0.56736862  0.39990059  0.25924333  0.5765056   0.24921203  0.53855499
  0.20252216  0.26419037  0.60044796  0.39570383  0.33743255 -0.06686835
  0.52450349  0.25823264  0.33119767 -0.15537351 -0.51272916  0.57753614
  0.04709181  0.73832619  0.53975537 -0.1607779   0.70228509 -0.38622621
  0.15265915  0.69755574  0.10203031  0.31176306  0.16487936  0.58060757
  0.67689081  0.52377306  0.67205664  0.6998223  -0.0312972   0.58727065
  0.64564786 -0.24498072  0.39781438 -0.50545161  0.06352929  0.39521462
  0.5367628  -0.21262071  0.34957433  0.17440419  0.12123154  0.66455393
 -0.11802616  0.08284673 -0.40427887  0.54715914  0.18785498  0.53565067
  0.29229277 -0.04978192  0.52633425  0.38397177  0.70504701  0.62713379
  0.70203913  0.58114298  0.166809   -0.06280436]","[-0.19794915  0.27709793  0.52636025 -0.53342702  0.60960829  0.47140642
  0.60334623  0.37809469 -0.32832751  0.36637682  0.6045295   0.30794738
  0.60414904 -0.03997623  0.36871791  0.44929462 -0.1686815  -0.17111281
 -0.19331608  0.2477791   0.28728018  0.43254793  0.28980419 -0.08631345
  0.32081154  0.26124233  0.4858442   0.53969376 -0.41751293 -0.31032217
 -0.04455463  0.06386623  0.44247149  0.54735055  0.50059093 -0.17540772
  0.24681834  0.04994135  0.26453641  0.2970121   0.19103648 -0.29414535
  0.26376153 -0.24902223  0.57871958  0.21435273  0.30635641  0.51976422
  0.06969378 -0.03909761  0.3425036   0.36842507 -0.3045903  -0.01214866
  0.4888977   0.48765493  0.32905413  0.29012598  0.16588741  0.31056506
 -0.20792264  0.09514287  0.60939545 -0.23527176  0.25898209 -0.12769461
  0.38824538  0.68346574 -0.27623258 -0.32906572  0.14807513  0.43307424
  0.66975886 -0.24089446  0.12337739  0.20698969 -0.04120474 -0.11858081
  0.29326992  0.31693948  0.0352678   0.13241533 -0.32999562  0.28908125
  0.38982586  0.08586805  0.23260213  0.2827842   0.52932078  0.71375452
  0.180912    0.37589896  0.55925225  0.2969109 ]","[-0.03021998 -0.33366196  0.36640477  0.18567204  0.23096253  0.17961175
  0.2556172   0.37248829  0.04470904  0.2929595  -0.44156302 -0.35768175
  0.32249916 -0.31918895 -0.20843541  0.34889809 -0.31192233 -0.13938943
  0.72616074 -0.27861179  0.37257445  0.41283857  0.06095608  0.32668314
  0.19567994 -0.05408032 -0.30472686  0.42063879  0.14248506  0.3177953
 -0.16386911  0.13670142  0.30663314 -0.15981485 -0.26475681 -0.18683148
  0.45116922 -0.21758593 -0.14917461  0.17589652 -0.0248044   0.08157624
  0.54326656  0.00549622 -0.30677072  0.08744638  0.04213411  0.52617228
  0.15234553  0.58795942 -0.25196299 -0.31189683  0.36175814  0.22785306
 -0.10529468  0.70399992 -0.36351926  0.01872309 -0.36331518 -0.08616721
  0.53251061 -0.3702709  -0.02450783 -0.03887047  0.45457989 -0.40317147
  0.04790899 -0.31857986  0.04165662 -0.55333546  0.57823209  0.72976197
 -0.31325579 -0.25703306  0.42207133  0.36820717 -0.29780986 -0.5753002
 -0.075945    0.33914151 -0.17894008 -0.11042377  0.06763185  0.12566115
  0.12512264  0.41589494  0.23493327 -0.58702538  0.55618193  0.54085519
  0.69908701 -0.17903758 -0.06744095  0.13902644]","[-0.4408698   0.13546227 -0.28794455 -0.28592058 -0.25840143 -0.02042661
  0.53798394 -0.37222237 -0.36188316 -0.4000398  -0.16355319  0.44153291
  0.02293909 -0.10506923 -0.15657621 -0.4505719  -0.03494056  0.48430348
 -0.03020997 -0.0349756   0.60590477  0.41733886  0.46256692 -0.15119156
 -0.27931481 -0.09137241  0.39969796  0.2421386   0.32932621 -0.05288756
  0.04293266  0.36619626 -0.35123594  0.39501798  0.08265587  0.32847221
  0.33254199  0.3923482  -0.25550815  0.36450209  0.25574654 -0.01649247
 -0.27693435 -0.20617069  0.39860388  0.52165283  0.09923716  0.21995458
  0.24776367  0.60755521  0.58483096  0.22498264  0.3355977  -0.17018979
  0.1387646   0.35781479  0.11715426  0.15378653 -0.20014208 -0.30664055
 -0.09905055  0.06142895  0.68609572  0.40599561  0.35319483  0.11090549
  0.32653227 -0.16462409  0.4303675   0.27928048 -0.04986605  0.11869326
  0.15107612  0.33248934  0.36081179  0.32233285  0.4551495   0.65129136
  0.00230189  0.24921852  0.30216059  0.63578601  0.58179456  0.27784783
  0.6422074   0.34716595  0.56621526 -0.06902318  0.02930026 -0.5502367
 -0.28420026  0.30908566  0.4014643   0.18384807]","[ 0.27915933  0.13990751  0.21792393 -0.45739041  0.25639913  0.39959793
  0.60636987 -0.38511459  0.11495732 -0.20379054  0.53877293  0.26943666
  0.34216968 -0.5129904   0.30042012 -0.58206669  0.29525758  0.23379521
  0.2777947   0.32959074  0.4605714  -0.30445857  0.16841565  0.19448687
  0.56655275 -0.07489641  0.70945939  0.02234744 -0.13305565  0.20400543
  0.38054188  0.65478936  0.53031491  0.48939181 -0.41029595 -0.16580994
  0.38774928  0.59778818  0.52418239  0.71375892 -0.12257981  0.27824591
  0.19961118 -0.05080815  0.36317751 -0.4463748   0.33117708  0.64214453
 -0.31946149  0.36928611  0.65100628 -0.45519607  0.14084366 -0.43968688
 -0.32086912  0.6116906  -0.13682936  0.24135826 -0.21699381  0.31450375
 -0.05793975  0.16302498  0.67897704  0.80268694  0.16572182  0.40749708
  0.35392712 -0.0415043   0.11979137  0.27777469  0.39594818  0.66742768
  0.08612415  0.40169473  0.3179711   0.10700977 -0.11562554  0.615827
  0.5175163   0.16950724 -0.02603337  0.12189785  0.42558576 -0.01027905
  0.43471211  0.77910394  0.54032676  0.40864555  0.2302403  -0.27463808
 -0.22372346  0.60292726  0.46009778  0.36264621]","[ 0.60807189  0.26119836  0.42373134  0.39574704  0.28327344  0.12708998
  0.43194075  0.34014728  0.40296078 -0.27305689 -0.11937189  0.63335526
  0.23629886  0.16163356  0.442982    0.22181705  0.61230737  0.62542476
  0.12537313  0.43894902  0.16537222  0.62312636  0.66397163  0.52609096
  0.43786046  0.47476022  0.64347081 -0.12647198  0.33062186  0.20006975
  0.17978934 -0.30767557  0.28952498  0.62566739  0.40937296  0.63839194
  0.18258878  0.68120175  0.67524434  0.62141644  0.38495692  0.54068675
  0.56382834 -0.33627173  0.73332104 -0.39657826 -0.65367872  0.36607861
  0.07746075  0.82527444  0.69142087  0.37161327  0.63526635  0.05899305
 -0.3120706   0.5213681   0.02706734  0.24316676 -0.2163274   0.22859793
 -0.15907802 -0.07071986  0.53646017  0.29167167  0.39302769  0.37915451
  0.4094977  -0.00304197  0.23473395  0.51694767  0.49510328 -0.38164106
  0.66351651  0.48979158  0.40785042  0.36065281  0.27739401  0.77681221
  0.72028672  0.39405697  0.14554783  0.7339063   0.23594207  0.55084415
  0.44302738  0.31863225  0.38019153  0.58036681  0.64530712  0.60367886
  0.49236906  0.02120374 -0.25509394  0.52874452]","[-0.18102608  0.12322823  0.42709985  0.22567306 -0.24259558 -0.51327376
  0.09358694  0.19230113  0.44214023  0.72505205  0.32785673  0.08331686
 -0.12792781  0.3298357  -0.33871016  0.03853057  0.00673976  0.42058269
 -0.60116197  0.27853422  0.49791844  0.24354619  0.37420612  0.16182291
  0.79828325  0.17009598  0.81988182 -0.3450519  -0.11552668  0.37864309
  0.5512813  -0.05918821 -0.03308555  0.79210026 -0.43248908  0.49197705
 -0.487387   -0.3843809   0.53559678  0.56835966  0.24327661  0.65365658
  0.62690479  0.28344288  0.79554877  0.6748793  -0.16509367  0.3331953
 -0.27810951  0.44659999  0.42165649  0.47915762  0.46528243 -0.38816443
  0.5791453  -0.31003553  0.37480997 -0.46185105  0.00491473 -0.37665062
  0.19752477 -0.45608995  0.40708162  0.53563609 -0.07579877  0.43097496
  0.41324375  0.58404471  0.40773077  0.39173159  0.38500071  0.46345769
 -0.56976086  0.29933559 -0.04552362  0.11199152 -0.17938721  0.67895322
  0.44092429  0.75474873  0.341257   -0.02308716  0.12040024  0.15457302
  0.73404799  0.06902603  0.15580784  0.56517605  0.53141069  0.66771032
  0.33397697  0.15400896  0.24800239  0.18043508]","[-0.29331246  0.49027014  0.37114745  0.57409703  0.42501986  0.25758796
  0.83300114  0.13060652 -0.36884087 -0.05817936  0.71275295  0.4800912
  0.68544374  0.17375655  0.53748554  0.40138225  0.48109858  0.15984945
  0.51351075  0.54871057 -0.149646   -0.38458576  0.38456911 -0.01671041
  0.61983425  0.43721393  0.33631064  0.73673718  0.12420021  0.35455164
 -0.15587268  0.25599304  0.57021371  0.78503023  0.6250781   0.69860336
  0.47275388  0.43955097  0.47663024 -0.29407666  0.47842277  0.03912624
  0.54937727  0.16986999  0.65302261  0.63985425  0.63745584  0.35820736
  0.45688279  0.06262517 -0.10094591  0.64543315 -0.01406486  0.61568405
  0.68217878  0.33611025  0.22688375  0.61533218  0.32485776  0.28411238
 -0.21464581  0.13918487 -0.03725958  0.4506557   0.58834413  0.13616001
  0.51325261  0.78055161 -0.28247129  0.33246355  0.34143133  0.56988848
  0.57758469  0.00966996  0.62088118  0.20675038 -0.11029835  0.43582062
  0.72951821  0.36044295  0.31204614  0.51715436 -0.37319935  0.37510359
  0.79670385  0.78399956  0.13609209  0.50701801  0.588586    0.42777917
  0.31728251  0.44223769  0.62913059 -0.35661584]","[ 0.12865407 -0.13590296  0.46429404 -0.36159185  0.37360078  0.47762374
 -0.28465321  0.2364235   0.25663971  0.55159584  0.28422951  0.59009859
  0.49414252  0.06827717 -0.24602044 -0.39062185 -0.33841335  0.20008247
 -0.35406608  0.45796933  0.61202857  0.50925157 -0.32020846  0.46313339
  0.45957498  0.03736991  0.43204484  0.17708475  0.06508755  0.10918901
  0.57609829 -0.26021217  0.47451161  0.40135884  0.00996305  0.3667602
 -0.14788221  0.25798545  0.50261514  0.71554011  0.48091924  0.3258007
  0.8373755   0.3374162   0.85874177  0.56906002  0.20970899  0.16734221
 -0.31221628  0.81789779  0.39682392  0.12106474  0.6728803   0.2370354
  0.34368643  0.72953783  0.40680437 -0.14601092  0.03364871  0.22331798
  0.50596558  0.28140964  0.54762991  0.84032862  0.47674589  0.40842957
  0.41169936 -0.36322501  0.35566207 -0.45164925  0.7529888   0.56894146
 -0.16078454 -0.40360496  0.60157842  0.21743301  0.30241408  0.21166975
  0.54653133  0.42035938  0.1493597   0.41805537 -0.28885479  0.25737357
  0.61853657 -0.21265715  0.29146441  0.54581958  0.63706256  0.3551993
  0.30463452  0.06641023  0.22562815  0.43598945]","[ 0.73617818  0.23614835 -0.26748751  0.26739193  0.43220612  0.36893578
  0.6790873   0.50883268  0.44140772  0.34217138  0.2138232  -0.1152542
  0.33594148 -0.24677558  0.22561026  0.35403198 -0.33867463 -0.03705746
 -0.05250726  0.4496242   0.48201417  0.24949736 -0.07679392  0.3119441
  0.2646902   0.40774002  0.64623725  0.10507295 -0.33308107  0.22289036
  0.53607835 -0.08000391  0.54472495  0.30849833  0.48202965  0.54622441
  0.21863115 -0.3025022   0.66737752  0.43315256  0.33877425  0.29005582
  0.12074522  0.15677947 -0.47124264  0.35192966 -0.10220796  0.19952397
 -0.42977128  0.75682775 -0.2413881   0.32958094  0.4305024  -0.23675247
 -0.29360735  0.53305429 -0.44334367  0.52875728  0.19506654  0.30311554
  0.29638213  0.18098309  0.65464652  0.44827194 -0.2862503   0.44861374
  0.14823707 -0.04037175  0.26054011 -0.59832652 -0.17751336  0.06416557
 -0.19051808  0.00867472  0.10998552  0.29941662  0.12412002  0.55820233
 -0.44581321  0.00826288  0.43847534  0.59067057  0.0579966   0.16899279
  0.50624703 -0.58202605  0.33032576  0.65649923  0.72940604  0.56487696
  0.15851302  0.55522762 -0.11828524 -0.07107883]","[ 0.67920152  0.36891874 -0.35120446  0.07505101  0.59762705  0.30627438
 -0.12145133  0.51982184  0.35359324  0.52838873 -0.05094165  0.45447908
  0.51285798 -0.05246068  0.31985797  0.46077914  0.4509796   0.37209485
  0.35741112  0.53495814  0.57590479  0.48562355  0.24705851  0.157464
  0.3906099   0.10286442  0.6354973   0.35584499  0.32177793  0.40699677
  0.30769244 -0.18875919  0.28152575  0.62752205 -0.00293618  0.55359645
  0.3126865  -0.12294452  0.66635916  0.51759039  0.41194268  0.37205607
  0.42303433  0.32490852 -0.17721988  0.17991688 -0.04799296  0.55183692
  0.05994317  0.76195244 -0.21633291  0.53619524  0.65883828  0.13048352
  0.09233873  0.76065354 -0.5801364   0.49777216  0.1357007   0.35322946
  0.63227787  0.42238409  0.66633735  0.36452906  0.34074953  0.54689596
  0.5250728  -0.42647364  0.56784524  0.35156248  0.46188961  0.27667472
  0.7789093  -0.42290915  0.62924525 -0.13715178 -0.28235973  0.58343257
  0.5219874  -0.01952171  0.30935674  0.46452915  0.27614749  0.70987387
  0.05766152  0.33061401  0.62653316  0.62448318  0.72780422  0.55502564
  0.27057291  0.6794616  -0.0082135  -0.09095559]","[-0.12629381  0.32609916  0.52891115  0.31678877  0.69839809  0.36215773
  0.75736118  0.10841859 -0.30471895  0.08868563  0.73004191  0.38218403
  0.62484594  0.34187875  0.25137205  0.23966591  0.44495075  0.20481401
  0.52586594  0.34812096  0.11079208  0.16289541  0.34867224 -0.156346
  0.46011417  0.49419886  0.61075286  0.6261252  -0.30554572 -0.20958566
  0.09920906  0.27690938  0.45703146  0.31077139  0.59243813  0.52041473
  0.39866108  0.08617176  0.32781377 -0.37550787  0.14440936 -0.27294492
  0.69962986  0.12694062  0.61869615  0.4896207   0.43906822  0.01044951
  0.49922314  0.38332747  0.13719187  0.25488972 -0.23597703  0.63875492
  0.52278879  0.24804924 -0.08305527  0.58506685  0.3768722   0.31441147
  0.09911939 -0.46331783  0.46759289  0.24423564  0.52771852  0.02329452
  0.48396616  0.70880756 -0.28368968  0.20526222  0.05572581  0.43776586
  0.56690151  0.48389581  0.60919475  0.04765978 -0.39336176  0.27917781
  0.58719018  0.73111303  0.48586977 -0.5519689  -0.02667954  0.50852912
  0.63632463  0.62034718  0.24405348  0.05269674  0.62667235  0.61589805
  0.26045049  0.6420116   0.39595787 -0.24611218]","[ 0.46809713 -0.35129917  0.41250322 -0.14199683  0.05872482  0.28914742
  0.10508457  0.49867833  0.25041198  0.24595057  0.11452146 -0.33080005
  0.36305604 -0.05640013 -0.29664226  0.48512915  0.42701917  0.43576182
  0.57848995  0.18829785  0.31202802  0.20391458  0.37648856  0.09371985
  0.35535906 -0.09799507 -0.35339479  0.6541872   0.22059064  0.43689789
  0.35921232  0.19784576  0.12073475 -0.21170329 -0.15651514  0.46351803
  0.46982875 -0.42556314  0.04846505  0.35997869  0.17029485 -0.31903275
  0.72760143  0.20849516 -0.17010382 -0.24260228  0.31201468  0.47554313
  0.21691377  0.54207794 -0.06366261  0.59227702  0.59953847  0.49124603
 -0.11623672  0.81829681 -0.16401609  0.26050067  0.21946855  0.0443649
  0.66689456 -0.58705987  0.46961452  0.34343767  0.53629631 -0.32064796
  0.29917981  0.302969    0.3651978  -0.0155659   0.57056146  0.49576868
  0.57388506  0.15593081  0.67455138  0.26161088 -0.22054716 -0.17126035
 -0.10432064 -0.01401032  0.2801886  -0.15380662  0.23082219  0.47908963
  0.36142953  0.12957816  0.47900431  0.10425793  0.63137992  0.47794965
  0.47001744 -0.07329592 -0.24686625  0.30693013]","[-0.40489815 -0.0838793   0.10029425 -0.44180905  0.34778035  0.19025495
  0.49951595 -0.18603578 -0.18279745 -0.06228044  0.33162472  0.02594162
  0.42707567 -0.56829875  0.27855017 -0.23714828 -0.34863066 -0.44470772
 -0.05408299  0.31766902  0.05494464 -0.16981469 -0.19278572 -0.06783699
  0.38381311  0.00178439  0.67940088  0.21535238  0.28809682  0.20265124
  0.31453818  0.67294837  0.39709444  0.36024481  0.39198013 -0.1893471
 -0.24475131  0.26445919  0.27462089  0.67648608 -0.06278886 -0.13160081
 -0.15534332  0.19662102  0.6249064   0.30882109  0.02701455  0.28725533
 -0.42628662  0.43084948  0.34970311  0.06336632  0.25313666  0.27337494
 -0.27601998  0.38813849  0.02032105  0.10084137  0.18520751  0.35185224
 -0.05125661  0.01231603  0.74404092  0.36145001  0.05561579 -0.29720304
  0.49871513  0.06471682  0.26848632  0.06807415  0.03887664  0.40486975
  0.33095307  0.25709512  0.39237201  0.339703   -0.08216003  0.52949767
  0.43197483 -0.31848967 -0.34332054  0.32507316  0.42078346  0.3526975
  0.37757535  0.4372344   0.18212936  0.39592954  0.11163065 -0.23817511
 -0.54691308  0.22023263  0.22854527 -0.43541157]","[ 0.22283946 -0.36951268  0.26796886  0.10812181  0.47917195  0.52854837
  0.596721   -0.4960425  -0.14531298  0.36840415  0.66899536  0.43256367
  0.41314347 -0.42789525  0.589604   -0.55191469  0.28114931  0.35653682
 -0.07390504  0.42126378  0.26248585 -0.31794323  0.08812199 -0.49110983
  0.44790644  0.11132324  0.60020509 -0.01186421 -0.25576316  0.33151316
  0.62159162  0.54686707  0.80025942  0.24268242 -0.49999948  0.58130871
  0.56447986  0.40852746  0.67854751  0.70819141  0.48817292 -0.29573722
  0.3024787   0.13269261  0.22207712  0.41387671  0.45645929  0.55477453
 -0.24522039 -0.34983452  0.27821604  0.2474226   0.28770362  0.18836552
  0.3707285   0.38324992  0.20652214  0.12678407  0.55376032  0.44192568
 -0.21355659  0.0153579   0.60935776  0.5065991   0.19148771 -0.33790498
  0.5148773   0.12786013  0.1097701   0.55979555  0.57585921  0.67674254
  0.62192951  0.40998029  0.63322053  0.05266797  0.60133213  0.08431686
  0.68326037  0.31307951 -0.34937161  0.28795772  0.60009791  0.3682239
 -0.44600356  0.80337015  0.51223064 -0.14697369  0.49153898 -0.14614277
  0.26769468  0.73884973  0.61878419  0.45523998]","[ 0.21979155  0.28569067  0.12907988  0.3352025   0.4949033   0.11835963
  0.40646203  0.33664022  0.1561277  -0.34486605 -0.23800482  0.53328874
  0.40823493 -0.36935552 -0.07910422  0.40417314  0.31765959  0.52513983
  0.11971321  0.26855412  0.35061054  0.52339078  0.61271844  0.53324605
  0.41665927  0.31561224  0.7130872  -0.10971376  0.06868971  0.26822761
  0.35595867 -0.29832217  0.11322347  0.60899825  0.46052563  0.5790634
 -0.26893034  0.46596072  0.36516504  0.6162043   0.08538572  0.43969651
  0.2798209  -0.14381899  0.721668    0.1027756  -0.55432235  0.25899021
  0.34449336  0.85000061  0.63432053  0.4747315   0.63584181 -0.04351259
  0.06035167  0.55800991 -0.12645926  0.14198224  0.17769688  0.35633572
  0.41055657  0.01132797  0.74144342  0.37397682  0.3677777   0.36840764
  0.20078493  0.14465465  0.27463352  0.08894441  0.2105535   0.15783909
  0.03925372  0.06026873  0.20869851  0.27960125  0.25715144  0.74202049
  0.4518132   0.1571461   0.02366774  0.81233535  0.25883433  0.5398639
  0.3870346   0.31813205  0.20636344  0.63360443  0.58860202  0.41282202
  0.5816672  -0.00680144  0.07587978  0.35792741]","[ 5.54663687e-01  1.59334755e-01 -6.54479117e-04  1.83350285e-01
  2.13607349e-01  9.07685994e-02  1.41850947e-01  2.47508060e-01
 -9.11586291e-02  5.59987627e-01  2.65882374e-01  3.90566308e-01
 -5.98657454e-01  3.82682252e-01 -8.08371555e-02 -2.55827750e-01
  1.23214408e-01 -2.86842686e-01  6.72938956e-01  4.05706921e-02
 -3.16092800e-01 -2.88929718e-01  1.65309762e-01 -2.36522673e-01
  2.94151315e-01 -2.74690918e-01  9.92322762e-02 -2.42739415e-01
  6.56853755e-01  3.84086442e-01  8.92048765e-02 -3.28703552e-01
 -1.06328388e-01  1.18177280e-01 -7.11678144e-02 -2.67314844e-01
  4.77257693e-01 -2.10047216e-01  3.18431783e-02  9.16110208e-02
  2.01600540e-01  3.97668874e-01 -6.32418510e-01  4.58148743e-01
 -1.82908574e-01 -1.49752650e-02  1.32195717e-01  3.31737920e-01
 -4.02890923e-01  4.20599397e-01 -4.14758445e-01 -9.33245235e-02
 -1.37836350e-01 -1.51473849e-01 -2.28116754e-01  1.37872199e-01
  1.17136732e-01  3.61337182e-01  1.88838767e-01  5.25690952e-01
  4.26076869e-01  1.66983397e-01 -1.27524199e-02  3.22091948e-01
 -4.12006630e-01 -1.87347857e-01  2.25414806e-01 -4.33533180e-01
  4.24080944e-01  8.36403222e-02  5.54850357e-01 -2.78754032e-01
  5.91131652e-01 -4.52879897e-02  4.04026477e-01  3.69138712e-01
 -4.38448760e-02  6.49805093e-02 -3.05612693e-02  2.89627814e-01
 -2.73407240e-01  1.40028605e-01  9.39116844e-02  4.29738606e-01
  1.61767996e-01  4.63610290e-01  1.21456450e-01 -4.00684792e-01
  2.07082437e-01 -5.43385927e-01  9.19069127e-02 -6.05566500e-02
 -5.03691253e-01  2.81562430e-01]","[ 0.41608068  0.42878069  0.44725172  0.54503461  0.45505112  0.51532535
  0.67922213  0.7496023   0.48617638  0.44706708  0.35663381  0.4189267
  0.16650358 -0.25228361  0.2409324   0.15838797 -0.50258199  0.45720499
 -0.05887003  0.54560505  0.60879402  0.60904366 -0.47085181  0.20315491
  0.50498383 -0.33989767  0.55579736 -0.17906381  0.33083716 -0.3434304
  0.60411182  0.58135542  0.26403777  0.59769059  0.41614624  0.59225511
  0.76872882  0.38383802  0.72669238  0.82910253  0.32795436 -0.38569432
  0.67737286  0.18798677  0.79344532  0.12204762  0.35177916  0.56507308
 -0.14658108  0.7733259   0.36282297  0.1098913   0.63883937  0.17800934
  0.32207959  0.69815569  0.28667839  0.62405045  0.16785113  0.54134654
  0.56581128  0.29533307  0.71066939  0.42866644  0.45761505  0.45858321
  0.74914652  0.31393912  0.50152067 -0.40404183  0.18020241  0.38232402
  0.45025733  0.14096722  0.09439016 -0.08537558  0.35073443  0.85715986
  0.55349271  0.0995094  -0.24277762 -0.68461625  0.60814933  0.51982594
  0.31232918  0.50852679  0.49597832  0.51740238  0.6045012   0.45071492
 -0.35864201  0.47211329  0.33474838 -0.36685606]","[ 0.70656407  0.52966908  0.1398664   0.01583306  0.10797469 -0.06871575
  0.70297331  0.76901248 -0.08821421  0.47529084  0.5123056  -0.43054938
  0.33181588  0.20396298  0.03855393  0.50083061  0.22748019 -0.02660172
  0.59860446  0.70910318  0.60782294  0.45323135  0.27876127  0.54865982
  0.50395869  0.45478467  0.71468954 -0.07006805  0.16220713  0.44476576
  0.61035102 -0.37672781  0.26691695  0.72786337  0.51314825  0.8286411
  0.49339839  0.69913035  0.68230412  0.62352631  0.36560586  0.5913125
  0.67097261  0.52763386  0.81003094  0.3704872   0.36596028  0.57953553
  0.53445775  0.82707974  0.7312494   0.37124382  0.13767141  0.4270677
  0.72502902  0.54486697  0.3074021   0.26317777 -0.16030662  0.58487421
  0.48089551  0.41002477  0.55291659  0.51453134  0.32617918  0.50505193
  0.74705674  0.47674885  0.36748212  0.23773451  0.55331862  0.41909413
  0.33942151 -0.46187624  0.3219541  -0.26978493  0.12753481  0.845425
  0.47937277  0.24907907 -0.06825861  0.63676183  0.10065497  0.73664276
  0.83065087 -0.16937591  0.54599623  0.35072488  0.53413092  0.43056447
 -0.34472088  0.24054044  0.38417694 -0.10226635]","[ 0.49627764  0.01831147  0.66079444  0.06690382  0.37588266  0.03797261
 -0.09387198  0.33677807  0.56732358  0.22949243  0.34982964 -0.05220257
  0.13820359  0.09370358 -0.14442759  0.57748337  0.12437952  0.12816622
  0.63752666  0.02155262  0.4231528   0.43304239  0.37780932  0.18606654
  0.218881    0.36367525  0.81590844 -0.34792462 -0.38472886  0.47920203
  0.38436978  0.1505795  -0.2583372   0.56130292  0.17356989  0.69649047
  0.45958407  0.56842909  0.45329589  0.56326263  0.13484775  0.41851832
  0.40459965  0.09092496  0.26490167  0.47582473  0.24358833  0.38438892
 -0.13320008  0.63055211  0.454447    0.40318743  0.44065051  0.57814698
  0.21156655  0.49985763  0.42592469  0.49367084  0.48084408  0.66993994
  0.08775877  0.32914192  0.62014979  0.58331648  0.61694706  0.53981674
 -0.57728504  0.15371953  0.1885384   0.7098881   0.59663093  0.40370795
  0.27437313  0.05830753 -0.13906317 -0.46805425  0.01992899  0.65369023
  0.06404916  0.41288914 -0.00195136  0.46170169 -0.01898235  0.51878051
  0.42371873  0.19423785 -0.1017531   0.60979762  0.32242377  0.43015879
  0.16098634  0.35807449 -0.58998781  0.06251858]","[ 6.01964148e-01 -3.58262863e-01  3.22459352e-01  6.75513703e-01
  6.32395586e-01  7.88322263e-02  2.37050695e-01 -6.49331092e-02
  2.27262264e-01  6.51043526e-01  5.49225320e-01  1.65645150e-01
  4.37860911e-01  2.65516208e-01 -1.21585855e-01  4.60798143e-01
  3.51112641e-01  6.42581081e-01  2.07761815e-01  8.20611986e-02
  2.44784022e-01 -3.35030108e-01 -2.83324212e-01 -9.67519381e-05
  2.36232020e-01 -4.47440232e-01  5.87721567e-01  4.60200986e-01
  8.82729932e-02  5.14237759e-01  3.67626146e-01  7.28626423e-02
  9.81098677e-02  3.94448476e-01  5.48938187e-01  5.88693783e-01
 -3.15990860e-01  4.16991636e-01 -1.79106968e-01  6.05736418e-01
  5.35928955e-01  4.54705645e-01  1.38988929e-01 -1.33979490e-01
  6.75859004e-01  5.06833829e-01 -3.60797377e-01 -3.61012359e-01
  3.28206292e-01  8.09561213e-01 -8.83461233e-03  5.54539701e-01
  7.50030884e-01 -4.41676685e-01  2.77805457e-01  1.24260415e-01
  1.79710107e-01  3.58882727e-01  3.23541740e-01 -4.43898832e-01
  2.28337777e-01  3.70276312e-01  5.93690839e-01 -1.46669735e-01
  2.15914364e-02 -2.26092524e-01 -2.49907499e-01  2.63606343e-01
 -4.54754385e-01  3.24220762e-02  6.72419743e-01  6.37503419e-01
  4.10396402e-01  9.38613766e-02  6.36582330e-01  3.34044139e-01
  4.57568310e-01  5.08607540e-01  6.85556952e-01 -1.10799293e-01
  4.50856014e-02  4.91186606e-01  4.68338010e-01  1.48669081e-01
  2.48918091e-01 -4.71864211e-01 -3.33667792e-01  1.50237222e-01
  7.67238224e-03  3.35630738e-01  2.18688868e-01  4.32167841e-01
  5.20608789e-01 -7.02625845e-02]","[ 0.46143499 -0.47325965 -0.25351119  0.38810078  0.84470485  0.59196717
  0.69205184  0.29542144  0.43523927 -0.43742941 -0.01802464 -0.03693771
 -0.1546056  -0.25738824  0.23511744 -0.46048376  0.41042475 -0.4738158
 -0.31078811  0.30575842  0.56395603  0.56672065 -0.43839975 -0.47358532
  0.58350541 -0.14404118  0.21290226  0.42019377  0.12520092  0.46562412
  0.41701203 -0.250252    0.5804055   0.18904592  0.5429558   0.23717016
  0.44536599  0.47696558  0.52935839  0.707454   -0.17101192  0.11401789
  0.39259066 -0.38610458  0.79176282  0.43369921  0.6025627   0.47960139
  0.52405695  0.77574626 -0.0828517   0.80936044  0.42128418  0.17484355
  0.49639806  0.67285369  0.10829578  0.60555094  0.32918896 -0.13074814
  0.16735056  0.37504828  0.55573221 -0.34776441  0.71324593  0.00249149
  0.49493282  0.15553038 -0.20243106 -0.49192698  0.55488104  0.61789213
  0.64888507  0.23723597  0.76706469  0.15615485 -0.04838741 -0.07054627
  0.24052362  0.45661838  0.0176794  -0.1349361   0.13010439 -0.00178574
  0.0920809  -0.08449897  0.65621544  0.65750625  0.06979515 -0.22650452
  0.6430594   0.30914447  0.58869477  0.61863588]","[ 0.47788956 -0.45273546  0.61441352  0.67227273  0.69877704  0.54814823
  0.54060036  0.68095637  0.30312446  0.36265707  0.38160004  0.46889822
  0.29087037  0.26284145  0.1003711   0.06891185  0.39648915 -0.27783169
  0.36077052  0.28328233  0.31169732  0.44906888  0.42011395 -0.05424414
  0.44624236 -0.35456941  0.62510462  0.58436658  0.15117823  0.20008298
  0.33663335  0.2451535   0.48760838  0.0767142   0.73247114 -0.2567111
  0.41821838  0.4469824   0.50401618  0.51232369  0.48874439  0.56656279
  0.51398509 -0.09283002  0.60081357  0.53629137  0.82767099  0.52398525
  0.46661079  0.37644356 -0.06825362  0.56325768  0.66370596  0.14639014
  0.12098778  0.76887168  0.49151151  0.1513932   0.70327581  0.45165368
  0.06321395  0.30937973 -0.26524645 -0.20836067  0.76803029  0.13174216
 -0.1508577   0.53669258  0.48067546  0.09822067  0.76409173  0.53851291
  0.75228317 -0.06709806  0.38155112  0.48712746  0.24737408  0.42221232
  0.23714957  0.77769539  0.40457355  0.0709992   0.30853601  0.57639939
  0.08726697 -0.00936493  0.23448057 -0.01439369  0.57015847  0.23926529
  0.47775364  0.48995542  0.42781123  0.22870996]","[ 0.29396455  0.32594093  0.40761652  0.38100691  0.72749843  0.6393255
  0.32356096  0.54558345  0.58428819  0.44570163  0.2454664   0.08466234
 -0.18794612  0.28491055  0.13619737 -0.15919454  0.60483972 -0.22987932
  0.23313009  0.23755675  0.36048337  0.36947669 -0.35449538  0.37235104
 -0.44078568  0.48248657  0.22465771  0.65429272 -0.35274028  0.15062197
  0.31440932 -0.40416701  0.13774775  0.40557724  0.54132524  0.74226773
  0.49643887  0.25597087  0.484936    0.69925276  0.24152003  0.05760042
  0.68105319  0.13737642  0.43900831 -0.00953851  0.34479432  0.48011761
  0.43310565  0.15227118 -0.62538772  0.45004829  0.35978278 -0.02414312
 -0.2191363   0.70497296 -0.305172    0.34208589  0.28484814  0.09220651
  0.45361518  0.42971777  0.53180372 -0.18437476  0.70596995  0.59523147
  0.67892492  0.49099433 -0.28454779 -0.00267674  0.62784716  0.80281277
  0.40857983  0.52923894  0.46570321 -0.07858786  0.46063183  0.43477284
  0.54032929  0.8241085  -0.09783025 -0.28760878  0.09577258  0.55896191
  0.11718714  0.5381457   0.26142935  0.73626565 -0.03845569  0.53001193
 -0.35194331  0.5805492   0.14082229  0.5565526 ]","[ 0.61948583 -0.39615649  0.53471065  0.51892691  0.75132904  0.54343163
  0.3312754   0.49514629  0.28850507 -0.25349679 -0.25490793 -0.1198337
  0.21019898  0.33153117 -0.07963028 -0.35389214  0.54424137 -0.19180102
  0.59734817  0.45517934  0.47830373  0.36617778  0.21899206  0.23881192
  0.40019235  0.16766634 -0.40887717  0.50669399  0.34942426  0.69592603
  0.51106417  0.09908266  0.71905441  0.28846696  0.5980783   0.33952396
  0.301309    0.2951503   0.66311684  0.38383461  0.28648585  0.18248646
  0.49907224 -0.29788088  0.57060056  0.35910334  0.53298231  0.75498759
  0.33718831  0.17103896  0.1780877   0.60069242  0.51964128 -0.11112598
  0.31413419  0.54434985  0.14225729  0.5111228   0.69938098 -0.1113149
  0.26279265  0.5529989  -0.0208277  -0.30566321  0.65405557 -0.02578781
  0.38237262  0.68948306  0.12129319  0.17607857  0.76691694  0.60536536
  0.67835437  0.24864861  0.58106352 -0.03836816  0.18339797  0.57392896
 -0.36735449  0.31753586  0.35708674  0.53154622 -0.12618541  0.11861959
  0.64908337  0.06027806  0.09838508 -0.21451673  0.4967714   0.19981529
  0.25980359  0.6292124   0.48679217  0.42847506]","[ 0.5395612   0.4171604  -0.21158708  0.43939441  0.64063145  0.38764531
  0.61762064  0.43294486 -0.13215395  0.18160114 -0.12134598 -0.11256774
  0.44535733  0.37293793 -0.34497084  0.31541926  0.47443327  0.08033672
  0.25505874  0.37038609  0.52363018  0.41752093  0.07942176 -0.23056935
 -0.07016676  0.23358054  0.3850837   0.56721642  0.22302718  0.29836279
  0.33486351  0.06616769  0.34845755  0.24113916  0.35241941  0.6460178
  0.56146331 -0.54497116  0.34475864  0.59563823 -0.10530857  0.49596771
  0.2387623  -0.08876996 -0.22759651  0.12516299  0.68518193  0.55307007
  0.33103171  0.49562146 -0.36936101  0.7211276   0.54312409 -0.37993879
  0.1237362   0.49045521 -0.48087665  0.69099444  0.33132322  0.29011251
  0.40477338  0.61499676  0.35220818 -0.29174825  0.52736143  0.17971461
  0.00855498  0.54057922  0.36249283  0.24939632  0.6681575   0.85550778
  0.721226    0.23265118  0.71568256 -0.23051754  0.15790065  0.67297498
  0.55197741  0.16224027  0.34893074 -0.36195062  0.13936035 -0.01680407
  0.59031217  0.57907836  0.37963907  0.18999809 -0.39283623  0.49152567
  0.65673339  0.65159015  0.10375664  0.73137533]","[ 0.42750465  0.20622102  0.18629044  0.67397495  0.67466471  0.34763244
  0.62772734  0.69040081  0.49934662  0.28766511  0.1901148  -0.24020488
  0.54670805  0.49551431 -0.04380532  0.41097103  0.63941355 -0.07634609
  0.30246529  0.57660321  0.50926005  0.462316   -0.01274923 -0.08324227
  0.78250639  0.33369922  0.34540168  0.78462676  0.44639502  0.11817819
 -0.03971387 -0.13533284  0.60230498 -0.28557758  0.62500664  0.59140039
  0.2631004   0.46089314  0.59699206 -0.00103513  0.31377736 -0.0764072
 -0.23725425  0.51620858  0.46617109  0.0945205   0.48122023  0.76779085
 -0.29249631  0.21312559  0.31586355  0.72782829 -0.39137991  0.44457398
  0.31023927  0.70896242 -0.27323969  0.55494226 -0.30611104 -0.04241717
  0.25686236  0.78358608  0.48025596  0.09289949  0.61059025  0.06376163
  0.61640907  0.71248631  0.43405813  0.42687702  0.51726359  0.6997606
  0.71142877  0.02828323  0.607046    0.3741774   0.36916399  0.45083982
  0.52768342  0.44526     0.29812521  0.5305166   0.37729661  0.51150569
  0.57860642  0.51156847  0.39265389  0.57346094  0.67101575  0.01626526
  0.60746648  0.60350979  0.34956711  0.73600193]","[ 0.33803303  0.46717374 -0.26379534  0.27673754  0.82165927  0.74778512
  0.7646145   0.33903443 -0.34397556  0.62015708  0.79232059  0.37630298
  0.0726348   0.57832577  0.61600494 -0.34524117  0.74060811 -0.59374182
  0.54999977  0.53976944  0.49835927  0.7642277   0.72821653  0.10506273
  0.46471791  0.81586217  0.57719175  0.48201996 -0.44326674  0.64392274
  0.46911119  0.67805468  0.6589659   0.84697905  0.41150378  0.75066232
  0.62911608  0.78884171  0.75511628  0.72247921  0.52030283  0.66464384
  0.27779727  0.639999    0.84830803  0.64432253  0.67922645  0.78904596
  0.52781098  0.25821389  0.78268858  0.90424636  0.79897111  0.79482083
  0.36252279  0.67630399  0.49735198  0.5610932   0.70582435  0.46094946
  0.40817161  0.56368387  0.54480528  0.19251362  0.60984224  0.34512663
  0.44374512  0.51862942  0.2788503   0.79683443  0.70416019  0.59509893
  0.83267323  0.39095594  0.85832761  0.4362557   0.6027042   0.28477656
  0.70611453  0.3198287   0.66639476  0.30627092  0.56844747  0.54428908
  0.81937588  0.77771739  0.73005131  0.48690193  0.30613958  0.59138476
 -0.45155769  0.72327969  0.36298885  0.83595261]","[ 0.57569342  0.25416047  0.70730918  0.70657362  0.80147866  0.64333193
  0.74753516  0.65664117  0.00972769  0.38000992  0.68109838  0.26051888
  0.59987929  0.64001722  0.41487474 -0.41609895  0.75285632  0.13860094
  0.43736115  0.4047402   0.60371675  0.68258117  0.37542652 -0.03713488
  0.23799898  0.59850245  0.62659671  0.64046362 -0.07634432  0.62278652
  0.34182047  0.60242831  0.60525214  0.50519264  0.5284553   0.70973923
  0.63517206  0.44222364  0.60662658 -0.04075138  0.21688592  0.72612359
  0.7033651   0.53341497  0.32741601  0.07819164  0.68630003  0.70103057
  0.59243415 -0.10728438  0.40749168  0.6492591   0.51585063  0.65621141
  0.67673985  0.73492834  0.28952538  0.63168089  0.51764146  0.63206926
 -0.32396473  0.60517837  0.57068243  0.09090079  0.75214878  0.57212202
  0.34611853  0.754675    0.23680163  0.20021046  0.8012939   0.80785228
  0.82957174  0.5079239   0.78754203 -0.01642594  0.37215707  0.61055234
  0.49180152  0.62929957  0.64097627  0.44831983  0.63511322  0.49001853
  0.71962379  0.47017018  0.40511927  0.73040113  0.515262    0.70874238
  0.71455645  0.79230668  0.21998195  0.63054795]","[-0.0750979  -0.45119286  0.54958212  0.37907284  0.85271651  0.11818074
  0.71518476  0.53003029  0.39625885  0.26922001  0.82955491 -0.0877015
  0.54438676  0.13784606  0.40938956  0.01491596  0.73115015 -0.38621379
  0.559748    0.46111613  0.39100718  0.67777699  0.35917806 -0.44803234
  0.47364171  0.37011713  0.75896092  0.38247369  0.46482579  0.42120635
  0.32920471  0.66021008  0.54848282  0.75799804  0.56760198  0.2606832
  0.26185973  0.68911377  0.57283653  0.5762827   0.45463376  0.54680586
  0.64593588 -0.08426708  0.69607367  0.58923013  0.57628285  0.0814732
  0.62797965  0.30653272  0.38169674  0.67315072  0.70007066 -0.44447486
  0.44066405  0.67748075  0.17171985  0.68176187  0.27265389  0.32049663
  0.29361427  0.67908219  0.37889456 -0.10576363  0.66320838  0.43651619
  0.73933665  0.69493469  0.03794728  0.14731136  0.72258436  0.70635689
  0.7711435   0.40086942  0.57507576 -0.231608    0.31281217  0.43548079
  0.3777103   0.54868867  0.28308462  0.3192547   0.18868543  0.3400714
  0.31204948  0.42517881 -0.2195051  -0.335331    0.61230372  0.70810577
  0.45984565  0.52550951  0.30614893  0.53416938]","[ 0.55768214  0.04650986  0.03317496  0.67472034  0.85924516  0.70059735
  0.79430967  0.49566558 -0.33943123  0.56396548  0.78099474  0.17264115
  0.55071527  0.39241902  0.50732962 -0.31676193  0.6898692   0.13378144
  0.16245724  0.27095937  0.58310045  0.72829013  0.4609475  -0.48461341
  0.50233776  0.55443708  0.46276278  0.65091794  0.12000332  0.70402376
 -0.1740786   0.54303321  0.68109052  0.51256732  0.64970422 -0.09003889
  0.18910252  0.64181976  0.46436844  0.42800083  0.4877318   0.66458518
  0.60932629  0.17399692  0.70811227  0.74735273  0.61603052  0.53511334
  0.69047558  0.69169066  0.58748034  0.87435717  0.71443038  0.52581192
  0.66596901  0.71040546  0.52747072  0.52109552  0.60229722  0.34714543
  0.16698788  0.21644298  0.28176792  0.5444004   0.7238424   0.65072551
  0.50206198  0.66300789  0.01006055  0.29114527  0.80824946  0.60664252
  0.75163238  0.56750858  0.75418626  0.48136258  0.31846793  0.62345124
  0.64057422  0.56573046  0.53204129  0.08256638  0.63886711  0.44542492
  0.35622659  0.53842839  0.59294271 -0.01384482 -0.28936811  0.66565162
  0.72958851  0.57983542  0.28201231  0.61041891]","[ 0.59592552 -0.2308977   0.3664843   0.1346387   0.57678433  0.26042079
  0.41758806  0.50444574  0.37164732  0.28320108  0.5333333   0.44126506
  0.57063097 -0.46165092 -0.20340969  0.64017463  0.47501066  0.26173251
 -0.36035546  0.08186871  0.12530938  0.51379752 -0.15504652  0.2950717
  0.38997598  0.50090404  0.82196332  0.25737531  0.5879909   0.39414051
  0.38155105  0.50900578 -0.01298593  0.73806258  0.341108    0.55487404
  0.60804692  0.40694342  0.68985105  0.29049327  0.34944678  0.07703149
  0.55217578 -0.07072707 -0.1063217   0.29068487  0.32363016  0.06399337
 -0.23734251  0.59582081  0.56919652  0.52142563  0.21990244  0.24627864
  0.11538847  0.72497351  0.13938435  0.73123007 -0.37708173  0.18460209
  0.34336499  0.4931014   0.811318    0.40315088  0.49486593  0.53365318
  0.31343246  0.29933391  0.22173383  0.81088097 -0.57054272  0.39782589
  0.66083148  0.21560774  0.6075232  -0.14810133 -0.30061327  0.50607175
  0.63458613  0.12720989  0.00521413  0.38630617 -0.27908457  0.27803499
 -0.08068736  0.13110776  0.12641201  0.17774186  0.64405583  0.55124034
  0.47492772  0.12770105 -0.26834907  0.19907991]","[ 0.58961807 -0.36972663 -0.18938603  0.41440375  0.64955533 -0.12447718
  0.31209475  0.68156136 -0.1609866   0.57429773  0.64256668 -0.39356995
  0.01242729  0.53769122  0.0074985   0.16311543  0.31416591  0.15296534
 -0.11446907  0.42197348  0.30623262  0.53120062 -0.39530783  0.21298172
  0.27727988  0.51036325  0.34703931  0.46862613  0.41717722  0.27387388
 -0.16525847 -0.0949809   0.38019476 -0.11335386  0.0906553   0.36796382
  0.429563    0.43532177 -0.41810604 -0.07276895  0.24773861  0.56846306
  0.15063096  0.28418036 -0.17687853 -0.26748998  0.25246584  0.5959142
  0.20802289  0.36015165 -0.42786709  0.42291437  0.09554362  0.37372499
  0.40064294  0.65644016 -0.08743967 -0.055385    0.31536909  0.29900909
 -0.25739839  0.17868387  0.4889508  -0.14393331  0.53844072  0.41318318
  0.36486092  0.30835363  0.40425215  0.04901114  0.79743558  0.52111168
  0.84788495 -0.07231857  0.47184729 -0.04737526  0.14277173  0.5847756
 -0.24933135  0.31719285  0.187541   -0.10127625  0.21932589  0.466688
  0.18793181  0.29465618  0.16374697 -0.48660471  0.44138059 -0.39190834
 -0.11774954  0.63273732 -0.36954714  0.11653262]","[ 0.58482536  0.39326099  0.52478542  0.21775792 -0.35718356  0.4453228
  0.79974037  0.67447423  0.50376702  0.39285419  0.33328126  0.55972924
  0.5995398   0.50916012  0.70017783  0.62842677  0.55106819  0.69010644
  0.27220185  0.62119724  0.4469954   0.43790474  0.06046449 -0.37807805
  0.64130701  0.38650794  0.46117804  0.49668886  0.45686551  0.18507603
  0.68548868  0.28911892  0.07279401  0.58268979  0.54867759  0.71419485
 -0.00397755  0.84007407  0.75438584  0.60943123  0.81162687  0.46344552
  0.34190353  0.51937512  0.78186254  0.2994297   0.39691462  0.57154723
  0.39248789  0.7060546   0.39467138  0.51167199  0.00574104  0.2477193
  0.55515075  0.45459977 -0.23106008  0.85275217  0.27677382  0.75548546
  0.25598709  0.56834349  0.52025194  0.73723954  0.56566636  0.39047482
  0.72367395  0.74268232  0.69711095  0.57421475  0.69575444 -0.36395618
  0.84739789  0.33751922  0.69628115  0.00795559 -0.07473726  0.84574288
  0.44816034  0.22051223 -0.52875414  0.72825679  0.71826931  0.32932652
  0.50457269 -0.36036318  0.71456143 -0.30423796  0.6435713   0.67735051
  0.66057097  0.35693502  0.17137512  0.66496794]","[ 0.77455461 -0.24836247  0.35131894  0.58410798  0.1218842   0.22230646
  0.0222647   0.62925473  0.45519207  0.41398429  0.4495681   0.3336381
  0.42886431 -0.12168073  0.12684988  0.22411294  0.02511775  0.60707906
  0.65334358  0.4091543   0.25361759 -0.39389181  0.35498603  0.48483857
  0.39415534  0.39729055  0.64351644 -0.0806515   0.64933147  0.29802091
  0.63463551  0.01251344  0.45984811  0.46428828  0.28096299  0.52130569
 -0.18394415  0.54366965  0.43841761  0.61788019  0.34920817  0.62380746
  0.05177031  0.25149763  0.58660075  0.50596773 -0.02891456  0.18811418
  0.37771472  0.80439125  0.41424996  0.48197104  0.68008378  0.39406745
  0.35107751 -0.2291373   0.23104855  0.42188344  0.32299307  0.55502671
  0.19479667  0.66726362  0.60270516  0.37056286  0.21245828  0.32820825
  0.39543706  0.56795267 -0.13172434  0.45354383  0.60089042  0.45359555
  0.55519325  0.46466835  0.67050894  0.31206818 -0.30489528  0.56201212
  0.1929823  -0.31199704  0.26295552  0.71794289 -0.10461402  0.11847556
  0.56483395 -0.55138752  0.16549773  0.52900001  0.52636408  0.06827024
  0.6963856   0.43368401 -0.29812048  0.4797289 ]","[ 0.87831392  0.37807639  0.69797486  0.6172957   0.41413848 -0.00257715
  0.75875297  0.63381879  0.71363497  0.65110628  0.61284783  0.39659862
  0.69765206  0.42170424  0.79749057  0.61888304  0.83067325  0.63612766
  0.71507288  0.65133883  0.40843945  0.6634057   0.58654086  0.56825063
  0.56794711  0.55771786  0.87233164  0.66735644  0.4389063   0.38029844
  0.84859827  0.38647181  0.57768714  0.81346838  0.51302163  0.67579933
  0.77774965  0.8837737   0.85205806  0.81402358  0.51133307  0.86261174
  0.81300926  0.54997038  0.86508897  0.54698952 -0.06359212  0.56455809
  0.71773294  0.641217    0.5648578   0.76237404  0.73089908  0.65814001
  0.7644227   0.73557115  0.14510078  0.64239196  0.20232069  0.74427586
  0.61735105  0.79959385  0.64318997  0.87442099  0.78292645  0.77478782
  0.72585606  0.88109715 -0.01089839  0.12724276  0.87651376  0.5866072
  0.79433764  0.58717815  0.85779815  0.48373024  0.57981146  0.76373018
  0.72015178  0.63545542  0.20775997  0.79207331  0.70845814  0.58266952
  0.80335645  0.68163915  0.58877738  0.88618974  0.87483853  0.87785794
  0.69589323  0.59995974  0.46586127  0.85109061]","[ 0.75191899  0.35379687  0.30544119  0.68881779 -0.04187662  0.490244
  0.59507266  0.58303357  0.69979104  0.58928639  0.75685872  0.28029818
  0.53371587  0.37413649  0.22503553  0.59178095  0.20483442  0.4207152
  0.60078001  0.662932    0.49215037  0.51739065  0.34236379  0.38884678
  0.37317364  0.63791522  0.63647227 -0.01877146  0.32978385  0.6456293
  0.80502832  0.28094549  0.16191191  0.51432144  0.64747007  0.77002877
  0.47274058  0.67384493  0.6149161   0.67674211  0.56608462  0.87624613
  0.38226597  0.60379299  0.87403498  0.17859118  0.81727782  0.38752197
  0.39568217  0.87057942  0.69178041  0.15982163  0.7674507   0.00620569
  0.72527156  0.48050132  0.35696908  0.45825181  0.53220497  0.44405452
  0.4176406   0.7833879   0.45672972  0.52683942  0.54618583  0.64663074
  0.44702086  0.66331176 -0.10906942  0.61144915  0.75469848 -0.03248789
  0.74649535  0.31672207  0.4429225  -0.4582084   0.2074574   0.80299223
  0.50721157  0.40331617  0.04728593  0.75978967  0.03497291  0.51368196
  0.85989531  0.74339323  0.29243372  0.61818775  0.62508145  0.62150712
  0.81550941  0.64679611  0.100327    0.71089403]","[ 0.87351174  0.49532767  0.6639542   0.64819901  0.63766248  0.5704695
  0.83378651  0.76318179  0.62913454  0.80754404  0.62755511  0.41986756
  0.75155697  0.54302416  0.78969269  0.73802737  0.88165772  0.80952718
  0.70585931  0.70887968  0.5779018   0.72466068  0.49741579  0.75909865
  0.69123869  0.65175782  0.86617877  0.65717388  0.66558622  0.74679237
  0.84263697  0.5227993   0.55970802  0.82050529  0.58431675  0.82436318
  0.46870475  0.87697542  0.85165226  0.74366817  0.69444445  0.86288043
  0.75223069  0.57770134  0.77455127  0.4386492   0.45253387  0.78784877
  0.74621803  0.61973812  0.66395119  0.76091614  0.54125031  0.77505901
  0.75456211  0.69128256  0.43166924  0.86350997  0.2692158   0.6585075
  0.65515442  0.8830333   0.53852043  0.91245991  0.84472671  0.61663208
  0.73318983  0.87288208  0.52674969  0.60560378  0.76747212  0.81290406
  0.70242693  0.69299593  0.81322136  0.55831052  0.53927208  0.84725169
  0.75594129  0.55753485 -0.01385645  0.84425282  0.72289649  0.73990837
  0.85912741  0.61555077  0.55305807  0.76072421  0.80542366  0.77759055
  0.57519199  0.7471955   0.61885918  0.42651858]","[-0.11042345  0.54210551 -0.36541642  0.53664772  0.57072567 -0.27559774
  0.59380474  0.54782465  0.34253877  0.49523374 -0.16266087  0.26417703
  0.23147581  0.62821259  0.40394234  0.50259423  0.3728047   0.460176
  0.48358309  0.13295025  0.16861386  0.41071306  0.46584891  0.21390198
 -0.43711196  0.67991311  0.44401395  0.68966143 -0.41288508 -0.11982202
  0.6563036   0.1979823   0.24869383  0.53739221  0.24964838  0.73147941
  0.15799263  0.44741456  0.39094615  0.49734613  0.58356095  0.33272701
  0.65375949  0.57551707  0.42923382  0.56238959  0.58377809  0.44092579
 -0.06496089  0.39822847 -0.33425266  0.21077186 -0.0255619   0.60027886
  0.53844563  0.53621806 -0.54011483  0.27482594  0.25170983 -0.04205687
  0.298268    0.45210378  0.33481393  0.56008959 -0.16389606  0.36816985
 -0.57207224 -0.12439328 -0.65419286  0.19764541 -0.24564465  0.54043965
  0.56199807  0.17670537  0.14585378  0.1146717   0.44717166  0.57623477
 -0.05389525  0.6288665   0.24682455  0.52667398  0.46974352  0.75383818
  0.25265156  0.42246563  0.67382725 -0.18747112  0.71084885 -0.38540453
  0.03851319  0.60299888 -0.41802598  0.67190709]","[ 0.72184839  0.46659988 -0.07324784 -0.40075518  0.09896913  0.16323936
  0.76421751  0.17351726  0.6540973   0.58736086 -0.01275481  0.35614961
  0.50508413 -0.2211946   0.58727097  0.6470243   0.5013888   0.39545823
 -0.1000519   0.32458187  0.28461979  0.6426411  -0.1292821   0.39387666
  0.00739489  0.57806716  0.66385216  0.40094641  0.27010169  0.19517311
  0.80682145  0.15953751  0.42810362  0.77461833  0.0636911   0.76110175
  0.67390329  0.658781    0.78712921  0.33915837  0.46939858  0.44286578
  0.66040211  0.6360744   0.71963588 -0.29224398  0.16394918  0.35400006
  0.55500491  0.45399115 -0.1549697  -0.14004946  0.51696729  0.35832889
 -0.04987563  0.41936421 -0.55879818  0.30544044 -0.16872474  0.48744797
  0.50614945  0.74692493  0.50995581  0.65751467  0.47580557  0.6930551
  0.3896741   0.64151396 -0.13442039 -0.49492295  0.72910892  0.32251391
  0.82382167  0.44685468  0.33158489 -0.27706922  0.20663641  0.64740573
  0.2693906   0.20110822 -0.10068681  0.62814514  0.55987284  0.3543276
  0.5489858   0.46713541  0.50164761  0.58899716  0.78840231  0.80692017
  0.33981001  0.53602278  0.03288109  0.58016908]","[ 0.2553424   0.13286107  0.74671231  0.36348588  0.48687427  0.26976692
  0.57429712  0.73250782  0.2538556   0.28191229  0.42891593  0.38605542
  0.62322256  0.31572764  0.70672183  0.3169707   0.58850821 -0.27483339
  0.61943232  0.73831392  0.62347902  0.45157393  0.4843165   0.50504392
  0.42773066  0.33866158  0.54081147 -0.22721697  0.45237533 -0.38440678
  0.72634088  0.68273398  0.3717373   0.70763522  0.58085664  0.26852447
  0.66663269 -0.43051818  0.66092809  0.87222731  0.36295385  0.78670459
  0.72100808  0.48963346  0.86281798  0.37165486 -0.53407922  0.57073553
  0.71020382  0.76507504  0.6319821   0.39827261  0.8577049   0.64458712
  0.55661514  0.76537754  0.39310654  0.7907384   0.6379538   0.71947473
  0.54096384  0.55295624  0.72642883  0.39386736  0.74940082  0.65490645
  0.75326376  0.66030118  0.50852456 -0.31996239  0.76828589 -0.36065735
  0.45785524  0.34280545  0.59345782 -0.17413431  0.61158337  0.89907116
  0.31824018  0.44757992  0.28745952  0.76707227  0.47013545  0.46346145
  0.674382    0.64694983  0.26142106  0.77670369  0.71512274  0.64781954
  0.46323723  0.44793466  0.28917853  0.48010346]","[ 0.58781451  0.39104554  0.66268338  0.37137458  0.75218361  0.38299008
  0.28127762  0.3993875   0.23922427  0.37512871  0.45126802 -0.04452837
  0.45344028  0.32807552  0.3713382  -0.06232876  0.40932958  0.39245392
  0.46689499  0.11934496  0.19110189  0.3860535  -0.25481649 -0.36652127
  0.38021985 -0.31186459  0.16133211  0.1085177  -0.17248989  0.32283179
 -0.34470506  0.05022586  0.56758192  0.10604001  0.51422559 -0.14969915
  0.43546905  0.60386566  0.49977288 -0.12666859  0.15088575  0.32576495
  0.70613063 -0.17016597  0.65993076  0.26999967 -0.63209126  0.50351946
  0.37321903  0.35715086 -0.3264333   0.03488912 -0.06991094  0.36838901
 -0.04386683  0.77267388  0.30968978  0.49250396  0.58887806  0.34011609
  0.10361968  0.53455918  0.26221274 -0.38768797  0.71609077  0.37033987
  0.43409937  0.17615522  0.26701966  0.34799046  0.28654762  0.65418332
  0.07255332  0.29286535  0.66532085  0.10049241 -0.37916449 -0.44991211
  0.35225303  0.82889789  0.17987103  0.23981866  0.42462032  0.20960063
  0.54035449 -0.46271655 -0.10390026  0.44993159  0.5577249   0.19094658
 -0.249278    0.07456927 -0.50969157 -0.10757577]","[ 0.24589344  0.54828209  0.73109302 -0.36660163  0.64330952 -0.49037944
  0.66614798  0.26662608  0.31225894  0.33909329  0.63083798  0.01109535
  0.45094448  0.38346462  0.40704011  0.09093917  0.22988352  0.37687732
  0.35658279  0.34597287  0.31394635 -0.08786071  0.00647813  0.18362443
  0.12379833  0.08945533  0.40186726 -0.11701522 -0.1687967   0.33683356
 -0.1868352  -0.00499307  0.29477719  0.38211998  0.19665411  0.06327669
  0.04594292  0.65306647  0.11669487  0.66408328  0.19149248  0.07888734
  0.32172347 -0.06340338  0.32523941 -0.01097755  0.16276627  0.13525126
  0.20109773  0.11458052  0.41011453  0.53660055  0.13971848  0.05345231
 -0.06102     0.50473886 -0.40576587  0.52900053 -0.11764388 -0.51618535
 -0.03113049  0.415174    0.39978461  0.10506005 -0.07306333  0.42981971
  0.41641567 -0.04166415 -0.25410986  0.26356929  0.16966529  0.52212732
  0.16192811  0.24101503  0.42052812 -0.37129692  0.40552178 -0.32496919
  0.08823739  0.71197218 -0.0839003   0.60837098  0.15249264 -0.40906143
  0.17508871  0.53070342 -0.0310329   0.15978463  0.63254904  0.27525204
 -0.01168939  0.29484072  0.03894021  0.1484763 ]","[ 5.48997933e-01  5.61323864e-01 -2.79429191e-02  2.00140076e-01
  8.25958106e-01 -3.84210016e-01  6.44477185e-01  3.75097679e-01
  1.79679350e-01  4.04227345e-01  7.26838119e-01 -1.73947796e-01
  5.38848529e-01  4.14686542e-01  2.27867283e-01 -2.28090270e-02
  8.43164956e-01 -2.47998314e-01 -3.10773602e-01  3.28399152e-01
  4.26628644e-01  5.20578945e-01  5.63652896e-02  1.12582724e-01
  4.58918009e-01  2.42206282e-01 -2.98407019e-02  3.46154346e-01
  1.13438423e-02 -5.31965900e-02 -1.49079293e-01  7.86338134e-03
  6.00439940e-01 -5.14725503e-02  3.58122185e-01  2.47430958e-01
  5.31563889e-01  4.82706223e-01  4.83649869e-01 -8.98530915e-02
  3.09559834e-01  2.89748071e-01  6.10822881e-01 -6.22217688e-02
  2.12860597e-01  3.77310886e-01 -2.20466724e-04  1.18509338e-01
  5.85298441e-01  6.12841072e-01  2.19199276e-01  6.00789837e-01
  2.55191990e-01 -1.45818453e-01 -4.34991577e-01  6.22097998e-01
 -2.08576904e-01  4.68019107e-01  1.44117937e-01  3.17807800e-01
  2.52264773e-01  2.94473108e-01  6.10861800e-01  1.57434230e-01
  4.26478175e-01  4.50522238e-01  6.82500796e-01  5.44955802e-01
  3.82276530e-01  2.58628874e-03  6.57781885e-01  6.55613416e-01
  2.13778741e-01  2.24465966e-01  4.40922143e-01 -6.12458909e-03
  4.07498494e-01 -3.80964296e-01  3.49251943e-01  8.13260509e-01
  4.13478584e-01  3.27668944e-01  1.46252648e-01  4.50714401e-01
  1.08145409e-01  2.93641227e-01 -3.72003527e-01 -1.40591198e-01
 -4.08514479e-01  6.29203590e-01  1.93261632e-01  1.57803675e-01
 -5.59457717e-03  3.22520099e-01]","[ 2.36698293e-01  4.14791678e-01 -2.21598199e-01 -6.72262525e-04
  2.91002944e-01  4.08469605e-01  5.94822297e-01  1.87412735e-01
  5.12728205e-01 -3.63670019e-01  5.95717960e-01  2.32838048e-01
  4.06542492e-01 -4.50886827e-01  5.25649061e-01 -3.08106013e-01
  1.67905729e-02  8.45167997e-02  1.69407310e-01  2.16464486e-01
  4.45236655e-01  4.30959554e-01 -3.21108755e-01  8.04934113e-02
 -3.22240917e-01  4.24274295e-01  6.07979911e-01  2.57286824e-01
 -4.52860509e-02  1.10144388e-01  6.87462707e-01  3.10997498e-01
  6.01309930e-01  2.39155300e-01 -8.16261161e-02  4.88254547e-01
 -1.43894143e-01  2.34344239e-01  5.71269105e-01  5.55697046e-01
  5.08652368e-01 -1.50566720e-02 -3.50006302e-03  4.66975723e-01
 -8.50292038e-02  4.45691990e-01 -1.45554615e-01  6.08754834e-01
  1.93336918e-01  4.92980644e-01  2.35794798e-01  4.59521911e-01
  9.64197115e-02  2.66590175e-01 -2.93173617e-01  3.86555987e-01
  9.64818920e-02  6.52684676e-01  1.11756027e-01  2.13745911e-01
  3.32668046e-01  4.69215966e-01  6.73357966e-01  4.79132343e-01
  4.65661989e-01  4.42439477e-01  3.86671293e-01  2.85146032e-01
  1.28570733e-01 -2.79427711e-01  1.03840123e-01 -2.07680015e-01
  7.60741639e-01  3.32476116e-01  2.93671285e-01 -4.43275298e-02
 -9.54370520e-02  3.00341075e-01  2.93262352e-01  1.62119198e-02
 -3.52642037e-01  8.68908268e-01 -3.91586250e-02 -3.15109557e-02
  4.53625545e-01  6.22313788e-01 -2.97325137e-01  5.82767282e-01
  3.36736359e-02  7.75567450e-01  6.90683374e-01  1.74822452e-01
  4.93995659e-01  3.54253345e-01]","[ 0.33256205  0.28903307  0.23520541  0.60260806  0.57849777  0.06242873
  0.5208563   0.33666997  0.34582688 -0.31500341  0.54802948  0.61772786
  0.59592255  0.3061978   0.50118454 -0.61906391  0.6640894   0.64015875
  0.34971429  0.40098947  0.57288032  0.15316292  0.28990444  0.36362479
  0.38624615  0.18088982  0.83385317  0.51369691  0.50870924  0.0655169
  0.72457437  0.66009156 -0.29150628  0.59656012  0.40396798  0.63423402
  0.53003899  0.56738401  0.4285439   0.78757596  0.58928651  0.34185115
  0.64627016  0.3930729   0.61334572  0.46023489 -0.35979581 -0.03410282
  0.120927    0.76312538  0.83861359  0.4424763   0.66567394 -0.07205718
  0.26030296  0.47270886  0.18492941  0.6792074   0.17834609  0.41697972
  0.28738982  0.58209308  0.74535686  0.63737451  0.56037618  0.26115569
  0.46479096  0.39025684  0.52887006 -0.07541752  0.49677125  0.51678836
  0.08557642  0.46759486  0.45413855  0.21954676  0.54798229  0.75709336
  0.06028399  0.72554902  0.46988791  0.78475348  0.37206992  0.52039879
  0.63344107 -0.52405099  0.3380966   0.55141703  0.47706168  0.61118417
  0.14285222  0.36152957  0.15455441  0.42461793]","[ 0.46817558  0.33007313  0.09474466  0.02900851  0.28468071  0.54663022
  0.54645079  0.53987294  0.29585257 -0.27405402  0.330615    0.55453722
  0.40055879 -0.13115022  0.57583985  0.11285145  0.48114706  0.64416054
  0.53227088  0.35453858  0.51929768  0.3882246   0.34088137  0.45908491
 -0.19942408  0.14239371  0.71991032  0.06388559  0.36346296  0.52892926
  0.68088436  0.51603732  0.18012917  0.42693243  0.34635382  0.6388257
  0.22111784  0.48686144  0.72514498  0.74326757  0.51189651 -0.35608823
  0.60248363  0.16064963  0.83636191 -0.12046956  0.14836422  0.26538968
 -0.13049333  0.79886008  0.45266184  0.106339    0.76594866  0.05507901
  0.40875911  0.69545764 -0.45812638  0.70846212  0.20823168  0.60144079
  0.2539429   0.40389238  0.72678659  0.62314009  0.4337336   0.3530552
  0.64611066  0.16338961  0.28286539 -0.28365733 -0.00463643  0.65993772
 -0.29469517  0.44995097  0.18334535  0.23734255  0.01527582  0.76213174
 -0.22976519  0.18220982 -0.49975865 -0.01695077  0.24776484  0.30308028
  0.62236197  0.42657622  0.24654695  0.34190811  0.61993642  0.63956418
  0.1626298  -0.09919468  0.46014039  0.35299333]","[ 0.54507724  0.08225413  0.18862488  0.53201827  0.08703594  0.07582456
  0.43466403  0.62353544  0.48953142  0.67649735  0.07942854  0.56605997
  0.2874509  -0.46997377  0.66482387  0.34997706  0.63142658  0.09714997
 -0.492973    0.33139911  0.15874785  0.35358579  0.21429455 -0.03604247
  0.57578972  0.37892672  0.75717876  0.3853508   0.55760844  0.06783147
  0.39074793  0.56457999  0.37948818  0.40409645  0.38846173  0.46248836
  0.52018865 -0.28154268  0.60946628  0.39751725  0.49144122 -0.32285431
 -0.20061875  0.53476016  0.63111222 -0.49123319  0.73998948  0.61318162
  0.39333287  0.54047064 -0.04661496  0.33453862  0.40837481  0.12010779
 -0.2976375   0.22050315 -0.37253105  0.4983112   0.5449984   0.33335208
  0.60925448  0.59865332  0.43123838  0.70986337 -0.00465763  0.35763087
  0.55001511  0.60358734  0.65029745  0.25134141  0.18588209  0.10573648
  0.80159565  0.20532973  0.63479704  0.28988619 -0.24088963  0.65976811
  0.22997838  0.18032697 -0.40430672  0.48490373  0.66843652  0.51974178
  0.34571489 -0.42660534  0.66366577 -0.25392741  0.60092522  0.42037112
  0.62314676  0.3104702  -0.12494396  0.72113279]","[ 0.19438241  0.40036758  0.66565423  0.17586338 -0.15459215  0.32715519
  0.5577425   0.73439529  0.38800552  0.33418428 -0.34970735  0.06305106
  0.58640899  0.31401649  0.76888559  0.53108479  0.60542874  0.73228541
  0.03306517  0.57253563  0.3834176   0.40842584  0.11276149  0.02907597
  0.09520433  0.55014573  0.81278154  0.5895386   0.1578295  -0.11073345
  0.64845003  0.45494879  0.11251838  0.63223187  0.71376099  0.60652337
  0.41355096  0.77674254  0.79650003  0.42861417  0.75078226 -0.05470823
  0.65217449  0.35572646  0.82620195  0.26697538 -0.14130267  0.6710402
  0.09944622  0.76142203  0.41687292  0.56669335  0.01578292  0.56680033
  0.49071778  0.58989478 -0.13778717  0.8780981   0.29872076  0.75114622
  0.25838671  0.70007049  0.73492831  0.78888145  0.55342473  0.27997773
  0.66707316  0.71904957  0.68364626  0.41853823  0.55418275  0.66697052
  0.81940682  0.36942315  0.45267718  0.57887535  0.37289738  0.84814899
  0.28071433  0.26611505 -0.3671088   0.68801559  0.47847418  0.33401251
  0.61414946  0.25649843  0.68467889 -0.01508226  0.75470103  0.58101892
  0.59020313  0.08707496  0.13513855  0.67927805]","[ 0.26609088  0.00793886  0.17070754  0.5894384   0.47516709  0.66186086
  0.58122183  0.74470523  0.52232194  0.34638915 -0.07547218  0.14539296
  0.48530535  0.29075728  0.05462484  0.45179673  0.57873747  0.50574851
 -0.39766816  0.63377137  0.56266084  0.51509157 -0.2998747   0.05079517
  0.64876315  0.3581278  -0.06981058  0.77403641  0.25639469  0.56971521
  0.60421587  0.11862015  0.50408499  0.75354458  0.67358058  0.58223725
  0.5885878   0.33258507  0.83640718  0.6583292   0.60454882  0.44965081
  0.85200096  0.50091931  0.46136056 -0.39442726  0.84362968  0.62828277
 -0.04773071  0.33001947  0.20110339  0.63984814  0.50403363  0.60212336
  0.44725161  0.67636899 -0.19321583  0.56908672  0.29166012 -0.33114532
 -0.27372279  0.58869618  0.57421299  0.19382405  0.63574065  0.27469881
  0.31619602  0.49897672 -0.45557252 -0.02256475  0.16761878  0.21863979
  0.5004311   0.03626591  0.5081418   0.41880554  0.41306539  0.85367959
  0.52460188  0.43403875  0.61604903  0.55086013  0.68719863  0.70170553
  0.48795179  0.64348596  0.67619159  0.29037146  0.64441999  0.45793453
  0.460637    0.70062308  0.43923513  0.65134544]","[ 0.75240359  0.16181266  0.27132779  0.59552773  0.43441029  0.57196841
  0.75424534  0.69847339  0.58979746  0.5487518   0.6234078   0.41861265
  0.60075868 -0.18840981  0.80575801  0.46994734  0.53068085 -0.43456788
 -0.03921141  0.3294901   0.46862448  0.68202485  0.24581726  0.33910398
  0.24951141  0.41225692  0.83946915  0.60693599 -0.46633537  0.71918356
  0.78512361  0.60081265  0.33955236  0.87761311  0.16140492  0.84033424
  0.71035321  0.81407386  0.80121591  0.84581233  0.54340288  0.23185135
  0.65137553  0.73258681  0.71597936 -0.06691223  0.51095516  0.66769789
  0.28645725  0.76374951  0.71651162  0.81527517  0.43842918  0.49374431
 -0.39669489  0.72210769  0.15765753  0.778079    0.76486024  0.31104118
  0.59451281  0.63179669  0.71665617  0.64445761  0.66319771  0.50203641
  0.43898681  0.61144155  0.54504163  0.65667881  0.80608948  0.31251129
  0.81389821  0.58558489  0.57114509  0.44779238  0.51179928  0.66822974
  0.05737974  0.46961395  0.39310544  0.84256524  0.70517525  0.59040673
  0.66446073  0.01861089  0.70029625  0.73750835  0.7576292   0.79945894
  0.03171073  0.11721862  0.12620036  0.74217685]","[ 0.67671936  0.54313375  0.20472493  0.68685278  0.65791939  0.66838897
  0.78288392  0.60631862  0.31231302  0.59581147  0.67165707  0.56836756
  0.16242448  0.3042128   0.70460776  0.34858714  0.51549969 -0.15432411
 -0.18610773  0.05352791  0.50185073  0.45721303  0.14148901  0.28732415
  0.45626592  0.54496095  0.82500211  0.7672743   0.06095966  0.1727301
  0.69210277  0.68680922  0.47743287  0.72782303  0.44351542 -0.14787452
  0.23952931  0.477522    0.70478737  0.71256426  0.49772272  0.13872674
  0.6810296   0.55230242  0.21783339  0.4443734   0.59385332  0.64343468
  0.25120573  0.35831552 -0.21849536  0.64223133  0.47108685  0.63008352
  0.10851812  0.49466389  0.34955663  0.42264999  0.34492829  0.22516029
 -0.05816877  0.29216245  0.76730262  0.45066347  0.61329574  0.58219234
  0.58432801  0.72543334  0.52285868  0.47485386  0.27350005  0.26505917
  0.78448033  0.44890613  0.71247061 -0.22526539  0.00233861  0.54627206
  0.46097626  0.16886398  0.32246771  0.58438482  0.45330669  0.54010843
  0.61673203  0.81597702  0.58655992  0.48241496  0.60188984  0.77430853
  0.72717329  0.36435057  0.16630287  0.68635322]","[ 0.57176036 -0.07921402  0.18452674  0.3721863   0.15262394  0.35761048
  0.72799439  0.65653493  0.56692052  0.58893325  0.16745165  0.47354884
  0.5558792   0.08909966  0.60482033  0.41708013  0.46195403  0.38652668
  0.36235048 -0.31122731 -0.07014343  0.09553619  0.42974698  0.14760672
  0.19633564  0.3259477   0.49940852  0.66889945  0.43152384  0.01057721
  0.58243926  0.57440196  0.16340819  0.80196898 -0.0087227   0.58173403
  0.61043737  0.56300931  0.61251952 -0.33489555  0.43204163  0.41617201
  0.68952913  0.48827267  0.52898303  0.02852396 -0.2189855   0.63693673
  0.0508201   0.67515914  0.27284655  0.66578192  0.32952717  0.55645233
 -0.3608321   0.58076065 -0.10867189  0.68379418  0.30295171  0.48695134
  0.2723368   0.02199602  0.75012164  0.47447632  0.53502402  0.40042026
  0.39821296  0.61013935  0.44866578  0.15054999  0.59067951  0.28404065
  0.39799592  0.50959931  0.52679822  0.02714854 -0.54164404  0.68494615
  0.32880713  0.05413867  0.67431163  0.71201262  0.47295413  0.74169937
  0.18663089  0.76638166  0.43494502  0.55455437  0.41431644  0.28976935
  0.32458247  0.68708561  0.17585877  0.07754016]","[ 0.7832708   0.31655985  0.53644686  0.64099859  0.53462948  0.39532009
  0.66820152  0.67127925  0.57966309  0.61409105  0.35314157  0.5323561
  0.6605497  -0.61577799  0.71129084  0.55026126  0.62877182 -0.15947659
  0.24525647  0.53113705  0.60536247  0.60667734  0.30611623  0.48789562
  0.43228608  0.5263258   0.85012621  0.74677612  0.40107238  0.53018234
  0.8141216   0.3686357   0.61576166  0.84675161  0.35086439  0.65747908
  0.59089135  0.66944956  0.85092223  0.79969293  0.51333667  0.53121118
  0.69561636  0.70351711  0.78539379  0.50284848  0.74918785  0.73207111
  0.30157778  0.53098539  0.13513503  0.84113604  0.57541129  0.01558677
  0.39948869  0.63590387  0.190814    0.60755537  0.68987073  0.55552301
  0.12121432  0.60283358  0.80962113  0.80442582  0.82540109  0.71258705
  0.59604847  0.85839379  0.63291807  0.60885268  0.79590881  0.60031662
  0.84331286  0.71592784  0.64372141  0.42319283  0.12047051  0.73686359
  0.28484604  0.30308723  0.54697663  0.75352939  0.63139813  0.69182569
  0.69372567  0.54299477  0.4177777   0.70516577  0.742482    0.70663606
  0.68983396  0.41928582  0.38415403  0.54813665]","[ 0.57548162  0.36864067  0.23610077  0.33843077  0.31416347  0.44422127
  0.79006322  0.1890538  -0.18325663  0.60814122  0.73830848  0.26574402
  0.54506651  0.53072081  0.08169875  0.25778903  0.60763529 -0.09729884
  0.45286076  0.42100467  0.57405499  0.27510946  0.36807542  0.35593744
  0.53126706  0.55689974  0.21154339  0.42345123  0.20405167  0.05274915
  0.27047982  0.2733222   0.69315248  0.57330305  0.12791966 -0.50257479
  0.52689929  0.11238358  0.52025341  0.43028934  0.45723632 -0.20509278
  0.38282642  0.33368181 -0.00773055 -0.02947796  0.09494216  0.59345142
 -0.54747897  0.17289097 -0.32458247  0.44464175  0.33404301  0.34924747
 -0.30764341 -0.01086206  0.00921643  0.30536323  0.3607198   0.31417353
  0.13927036  0.53500199  0.65688577  0.65454086  0.27419396  0.61135856
  0.71228095  0.53859208  0.04121446  0.24508111  0.23330191 -0.25952782
  0.60584145  0.23823654  0.11530772  0.30623979  0.3112959   0.51174124
  0.42099106 -0.07629955  0.03548057  0.34287069  0.36792725  0.01142792
  0.19921297  0.79614347  0.45601176  0.5338514   0.4563371   0.08710197
 -0.3275417   0.68243005 -0.40526614  0.45831802]","[ 0.8911691   0.65792309  0.83912348  0.74999148  0.77630059  0.64171815
  0.90100413  0.81690329  0.73121734  0.85485625  0.7313588   0.66471401
  0.89101659  0.59720898  0.73772585  0.74471805  0.94472911  0.77553068
  0.66796124  0.63506545  0.81588642  0.84950472  0.64351432  0.65888037
  0.80156711  0.76023257  0.91812622  0.90633971  0.76749421  0.80998464
  0.86202573  0.57989532  0.67829224  0.91152244  0.74719171  0.86286337
  0.82705412  0.88158162  0.9240567   0.85383215  0.77913324  0.90078188
  0.84818005  0.79309113  0.8220128   0.58276058  0.47880122  0.83094481
  0.73944055  0.59510307  0.7197478   0.89193276  0.61056137  0.90213564
  0.88024058  0.82267744  0.67009594  0.88064814  0.77768687  0.78215362
  0.41498874  0.86719487  0.85388852  0.9165788   0.92968283  0.64397639
  0.85806502  0.87832691  0.90805596  0.85999636  0.83708798  0.8196312
  0.79185024  0.76528483  0.90815983  0.78350623  0.57731907  0.88101504
  0.74163855  0.78410924 -0.06581564  0.89546609  0.79692483  0.48961751
  0.83086935  0.69659241  0.82662332  0.74880444  0.87359947  0.90612214
  0.93803086  0.7581091   0.55412663  0.8701764 ]","[ 0.67671874 -0.02015541  0.15597763  0.02318137 -0.1776705   0.17420743
  0.78362581  0.72981739  0.51249308  0.63729466  0.20214319  0.46184428
  0.58576397 -0.44072496  0.21225366  0.49486391  0.73411188  0.17700652
 -0.56941287 -0.16749187  0.3715807   0.42789948  0.13045901  0.33510942
  0.65658617  0.53147048  0.60085042  0.54468175  0.48140824  0.37725743
  0.60632909  0.37274037  0.59457269  0.86553157  0.20567637  0.35225957
  0.35168916  0.36075071  0.75692829  0.45405615  0.62801015  0.28189523
  0.61561879  0.23629541  0.47513731 -0.29164849  0.63431092  0.65674241
  0.10262303  0.24495136  0.09453925  0.45437853  0.31164205 -0.36240807
  0.20882907  0.51541499 -0.4435048   0.06059018  0.33331598  0.51249073
  0.15831982  0.51509701  0.60599269  0.40731124  0.08706053  0.526503
  0.58178167  0.55248324  0.7135468   0.27959532  0.67094046  0.34321683
  0.60245628  0.33228629  0.19559117 -0.13200524  0.02207387  0.74456446
  0.03016413 -0.08277298  0.19444677  0.72246115  0.18025547 -0.03896148
  0.38973222  0.19955104  0.68573388  0.04138789  0.67362359  0.65316279
  0.26552944  0.35919132  0.06743393  0.59967192]","[ 0.64867357  0.22207889  0.1015511   0.15880672  0.03054925 -0.22093456
  0.65230655  0.2263626   0.42876312  0.45945931  0.41365328 -0.14896127
  0.48913563 -0.36203342 -0.17059715  0.47737171  0.35526065  0.39479897
 -0.16998858  0.29118957  0.3893985   0.49735546  0.23911874 -0.18298908
  0.2099346   0.49789222  0.67873792  0.53284461  0.18606249 -0.10445538
  0.28585692  0.41886176 -0.11615969 -0.1301984   0.15768109  0.49882568
  0.43819831  0.5571723   0.3508622   0.46134791 -0.00756711  0.21830298
  0.15813882 -0.30849132 -0.03892059  0.13159526  0.23728571  0.06780881
  0.16192221  0.13604905  0.26914896 -0.29192721  0.34759223 -0.34915332
 -0.05847883  0.34962741  0.34953947  0.46248232  0.01425431 -0.23897796
 -0.49080543  0.37012629  0.72704992  0.46067279 -0.16131281  0.34461569
  0.182037   -0.13074917  0.34727551 -0.05810137  0.49803503  0.53033267
  0.12713893  0.60423788  0.47253975  0.01487644  0.02341763  0.65173015
  0.29632134  0.1945068   0.13031482  0.82261744 -0.22431687  0.17211588
 -0.46183657 -0.36488091 -0.12098443 -0.31440383 -0.45680085  0.82437648
  0.51280433 -0.28583669  0.49736113  0.41189365]","[ 0.8739383   0.62892413  0.4736567   0.67384118 -0.07971141  0.22352369
  0.30230517  0.66681562  0.74572936  0.53477508  0.83388621  0.5778441
  0.62597554  0.35363915  0.64272959  0.47467375  0.55587874  0.66263928
  0.67470936  0.47915426  0.38190237  0.59907805  0.50124652  0.67551954
  0.17407344  0.59333391  0.78903155  0.45844748  0.39044842  0.69358676
  0.47335115 -0.18293594  0.53132634  0.53587196  0.51136947  0.55746514
 -0.18123129  0.37911152  0.53560046  0.66417545  0.30374496  0.516837
  0.002918    0.49336439  0.67448175  0.28255222  0.10651521  0.60437241
  0.60428184  0.82303811  0.42349998  0.40048714  0.64135273  0.30457623
  0.53320117  0.34343761  0.30820927  0.62320456  0.34954114  0.55569879
  0.25548476  0.55267829  0.55937361  0.48816801  0.51920369  0.57675113
  0.31197652  0.47984498  0.3589172   0.49935813  0.56729654  0.36895745
  0.73757819  0.38076959  0.38488041  0.48996134  0.41508325  0.5471378
  0.30732834  0.71082757  0.07640252  0.74603906  0.1465444   0.22458839
  0.47931304  0.7591445   0.22267155  0.53043433  0.61966228  0.57956553
  0.69469404  0.23239306 -0.07352863  0.3331577 ]","[ 0.44422029  0.19728945  0.3728821   0.52574504  0.03327002  0.29920888
  0.46739987  0.6968833   0.74941309  0.01594594  0.41889023  0.45854326
  0.24010574 -0.33452593  0.29344343  0.5735109   0.61953287  0.01902812
  0.21248721  0.42186149  0.45875115  0.22305242  0.58352446  0.7238805
 -0.07930135  0.47830168  0.75784632  0.36728637  0.36868701  0.34490157
  0.48863584  0.13699941  0.37768714  0.56176874  0.53548543  0.67998384
  0.33408597  0.43198237  0.65144855  0.50296377  0.56571572  0.2499939
  0.17487188  0.2514907  -0.44099964  0.20424306  0.33876464  0.14763245
  0.33034993  0.57792932  0.19284252  0.45586449  0.57243125  0.15218188
  0.15644956  0.50061448  0.25276316  0.84903517  0.07467123  0.23853191
  0.03707977  0.57698903  0.68392275  0.48510936  0.4830597   0.67553915
  0.16121472  0.33711312  0.53358933  0.57030995  0.59433869  0.43958367
  0.23307908  0.56257532  0.50369186  0.12849599  0.54201071  0.56208267
  0.38379404  0.56242899  0.2080733   0.79848893  0.27006203  0.52918718
  0.3791749   0.69665854  0.09005874  0.22009263  0.52859294  0.50087944
  0.22310563 -0.30964841  0.23149563  0.35261994]","[ 0.92407168  0.84724426  0.59130637  0.65890158  0.27657365  0.54157393
  0.59089682  0.68128315  0.69559257  0.61846351  0.86499712  0.69898812
  0.57389583  0.35602087  0.67074997  0.54536087 -0.08777395  0.65556313
  0.85481952  0.71134211  0.50252021  0.74268114  0.38767929  0.728615
  0.24456157  0.60378126  0.85604518  0.35753704  0.62117813  0.64815589
  0.60015041  0.50976103  0.60835939  0.53387582  0.62101141  0.6292695
  0.39077028  0.59988278  0.78823355  0.61796542  0.13721525  0.58586471
  0.31075152  0.66865881  0.66077067  0.46391383  0.55830947  0.59116063
  0.45071877  0.90172865  0.59365235  0.59681883  0.72166636  0.57131985
  0.6561411   0.18278598  0.36753636  0.48488915  0.47061297  0.47686213
  0.26612186  0.60627471  0.50470639  0.83958279  0.58193542  0.75532993
  0.61956603  0.48494153  0.33376286  0.55349007  0.61721462  0.42460332
  0.78400535  0.36680021  0.43395565  0.3495342   0.27966008  0.42942159
  0.33235768  0.67200457  0.17388575  0.7173616   0.20849662  0.19183053
  0.60547542  0.82525765  0.03474236  0.59605963  0.65582361  0.6102144
  0.83347868  0.31188863  0.35947508  0.65759602]","[ 0.76693056  0.80797216  0.3745704   0.50872618  0.14655988  0.57688001
  0.48299219  0.53836312  0.63708744  0.31223232  0.86967691  0.58136275
  0.73920787  0.37749503  0.40354794  0.42061114  0.53668215  0.49060728
  0.34197847  0.31644907  0.33530382  0.79264546  0.42207771  0.68084528
  0.35032883  0.54103188  0.63970313  0.45513016  0.45825619  0.43645218
  0.57149081  0.33233284 -0.08178117  0.58029438  0.61722417  0.55659128
  0.51340224  0.65406217  0.71266814  0.5762013   0.29716607  0.40396229
  0.29742715  0.39396966  0.68216437  0.1345486   0.21566075  0.48616825
  0.52044377  0.59497649  0.68558851  0.36393209  0.31595218  0.42883738
  0.722352    0.49913922  0.42285768 -0.24554538  0.14933935  0.3645129
  0.24974752  0.6576765   0.63402614  0.76901284  0.53077249  0.65275345
  0.24954067  0.55293233 -0.34299175  0.79135526  0.58604504  0.22923813
  0.72542632  0.32178564  0.32675623 -0.06857548  0.41061567  0.48120259
  0.54262728  0.68730013  0.27308616  0.71450952  0.14853223  0.59556631
  0.63327393  0.76997288  0.28275134  0.73704923  0.50815108  0.64405597
  0.76440254  0.3184795   0.1514676   0.47274575]","[ 0.71738189  0.42749852  0.68047302  0.49109547  0.30914102  0.31090312
  0.35734761  0.85717234  0.78289625 -0.03092543  0.51196589  0.59056642
  0.61792732 -0.33611502  0.48043004  0.6349683   0.61570289  0.01156639
  0.39678002  0.54233925  0.3142585   0.6764591   0.65871887  0.80630821
  0.54704359  0.49896383  0.8799906   0.51174041  0.3860789   0.55154745
  0.50871864  0.55223693  0.16333533  0.71806302  0.64171576  0.74350825
  0.4783095   0.66691943  0.81303636  0.64294549  0.62626855  0.30549909
  0.32202388  0.43405441  0.31910743  0.30919406  0.53946912  0.14717364
 -0.09520465  0.72013013  0.68080793  0.75731548  0.37569656 -0.28679684
  0.50844824  0.47357856  0.5969894   0.90687251  0.67431673  0.70255071
  0.37183846  0.81957705  0.77181438  0.7830598   0.63157295  0.75319558
  0.29807854  0.50084098  0.54873954  0.78927671  0.60320385  0.75224063
  0.67816459  0.62116065  0.59523784  0.48232421  0.64705032  0.7891188
  0.64699846  0.47408183 -0.20470575  0.85521933  0.49107354  0.53493855
  0.52017132  0.7492204   0.2902643   0.55228179  0.82362917  0.6187704
  0.36204947 -0.07648489  0.18971154  0.13215982]","[ 0.05921947  0.15230312  0.16854704  0.36008318  0.25184312  0.53352536
  0.26012255  0.63719218  0.14779549  0.30026789  0.73399399  0.26219148
  0.2867717   0.3116711   0.59251037  0.31985831  0.23882469 -0.03846042
  0.24794874  0.45814951  0.33798654  0.55691672  0.36640518 -0.31164043
  0.46642647 -0.09994131  0.72023898  0.04793107  0.75032954  0.6310996
  0.04196697  0.17184203  0.6705672   0.59279618  0.43838971 -0.24280457
  0.35921691  0.18870553 -0.04848839  0.35336561 -0.51076648  0.50489372
  0.16060147 -0.29866423  0.40580495  0.74142263 -0.09473409  0.25515677
  0.51054099  0.68805805  0.34837987  0.68680753  0.27218253  0.55016785
  0.47209255  0.09568006  0.36391259  0.7080533   0.52708141  0.52219635
  0.23734517  0.30906945  0.23630485  0.10162613  0.07447196  0.13048903
 -0.10042415  0.39555392  0.32783832  0.87358425  0.45891729  0.2645671
  0.13441702  0.14801884  0.47807788  0.51101983  0.37570892  0.75161277
  0.70672504  0.46835333  0.66074862  0.31735155  0.44432242  0.29594424
 -0.10258522 -0.23379088  0.57786854  0.26248648  0.09951887  0.56862875
  0.57942394  0.61350404  0.40135009  0.6987851 ]","[ 0.86426448  0.41301513  0.53528606  0.63525743  0.04982808  0.46435775
  0.27681582  0.58465289  0.76661347  0.22142088  0.77919044  0.45720737
  0.52404036  0.38576675  0.44546492  0.51018198  0.55844113  0.30523864
  0.51043529  0.54121923  0.22287761  0.50983645  0.3648357   0.50903388
  0.22102204  0.42484228  0.77851094  0.4126587   0.4989494   0.52090531
  0.55637405  0.28627607  0.07256047  0.36681521  0.73131046  0.43354618
  0.29522644  0.39482262  0.67907749  0.61519001 -0.02288881  0.64520447
  0.19521817  0.57761825  0.56088278  0.28883445  0.66545203  0.44608061
  0.14653106  0.85986795  0.44392026  0.34848997  0.31756235 -0.08659285
  0.48120478  0.35087073  0.48090135  0.46993307  0.48985634  0.36711976
  0.24742338  0.62599662  0.69758113  0.3997398   0.46582576  0.70207451
  0.34519556  0.69898172  0.3257406   0.55679075  0.5486303   0.38698752
  0.66727655  0.42752885  0.40605663 -0.24898094  0.32485925  0.53332626
  0.17486384  0.49849801  0.11975537  0.75111475  0.12316922  0.19292342
  0.64556015  0.71318264 -0.15512017  0.69295637  0.54619645  0.62654537
  0.58492463  0.0724165  -0.36440034  0.18058592]","[ 0.78677144  0.31933598  0.50923429  0.38713543  0.1590656   0.40792577
  0.33033757  0.70099624  0.68736652  0.30931722  0.4265818   0.38530252
  0.61744146 -0.37945977  0.26194889  0.58885867  0.63558634 -0.05231407
  0.44624938  0.30354327  0.32185425  0.32702027  0.58085657  0.57339412
  0.21907164  0.51692903  0.86485993  0.29531187  0.41231362  0.22292
  0.31293357  0.46124144  0.13225366  0.70759771  0.61177736  0.6066361
  0.40294316  0.51775906  0.78527391  0.47341853  0.09240422  0.53719163
  0.23255391  0.38199747  0.15601828  0.23948598  0.39817863  0.18123482
  0.42375231  0.5660496   0.42403425  0.73817536 -0.29814584  0.6949429
  0.39802539  0.39948087  0.52900058  0.84977166  0.40996801  0.32913777
  0.21833589  0.70447321  0.76702256  0.6333173   0.51628142  0.65949559
 -0.45537273  0.48850474  0.51237053  0.8544825   0.09050402  0.58057211
  0.53043849  0.3676366   0.38484673  0.26972792  0.58250197  0.55241373
  0.53513397  0.44207834 -0.08890928  0.75746565  0.18505825  0.53300703
  0.41630059  0.48488729 -0.02845611  0.67822298  0.64905835  0.65761226
  0.01214376  0.04677974 -0.21467429 -0.25977904]","[ 4.83989845e-01  3.12713166e-01  7.41253974e-02 -4.84292064e-02
  3.49405286e-02 -1.56310067e-01  5.08170995e-03  3.76633427e-01
 -1.87402902e-01  4.97795105e-01  3.78266371e-01  3.67663880e-01
 -8.76983090e-02  4.19240305e-01  5.63541957e-03 -1.71734865e-01
 -2.64110161e-01 -2.28618838e-01  7.31671745e-01  1.33859957e-01
 -5.38136461e-02 -3.86723002e-01  2.36944890e-01 -3.60566644e-01
 -1.78777979e-01 -3.72657564e-01  1.93847637e-01 -1.36326099e-01
  7.31773251e-01  2.43671132e-01  1.33371637e-01 -1.84736559e-02
  2.87153510e-01  2.27176429e-01 -7.91439893e-04  7.09980814e-02
  4.95292823e-01 -1.62538291e-01 -1.94373673e-01 -4.22765509e-01
  1.26239573e-01  2.43806116e-01 -5.50660532e-01  5.30547358e-01
 -3.39656583e-01 -1.84379562e-01  3.14313475e-01  3.72112321e-01
 -1.92111843e-01  3.07203358e-01 -4.28250735e-01  3.41747999e-01
 -1.39231324e-02 -1.95167794e-01 -1.13453342e-05  1.95187966e-01
  2.98250631e-01  4.30315015e-01  1.71219052e-01  3.80557702e-01
  4.53098386e-01  4.18587882e-02  1.38296794e-01  3.38932640e-01
 -3.48161369e-01 -2.39772565e-01 -1.00184084e-01 -4.68394883e-01
  4.20705079e-01  3.39436357e-01  4.92165216e-01 -1.94175258e-01
  5.68407416e-01  1.86202337e-01  5.77668356e-01  3.02334718e-01
  2.49148608e-01  4.11061065e-01  2.83178583e-01  6.00299253e-03
 -1.84329012e-01 -1.08320350e-01  3.15114134e-01  3.14435424e-01
 -1.37747190e-01  4.02796954e-01 -1.33482117e-01 -1.69316138e-01
  2.97842740e-01 -4.80655954e-01  1.32645186e-01  1.07676357e-01
 -6.11858378e-01  4.67865315e-01]","[-0.27782601  0.37316434  0.46522106  0.73067594  0.86009765  0.73704755
  0.51344485  0.26717462 -0.26285099 -0.22458404 -0.16630125 -0.29117956
 -0.13328342  0.51881657  0.52950797 -0.1504361   0.75519918  0.7312456
  0.30507358  0.29976049  0.48120488 -0.48634552 -0.14914784 -0.45558199
  0.78283473  0.60859964  0.3681455   0.56299281  0.13175507  0.58387579
 -0.37097548  0.40729196  0.23986501  0.43099224  0.53775677  0.60109909
  0.39447315  0.45890848  0.59159673  0.38480035  0.40402057  0.25700117
  0.61790877 -0.1375998   0.7748726   0.09127115  0.58917313  0.27821303
  0.50609868  0.49384976  0.29345404  0.7863011   0.48509882 -0.1144821
  0.74073471  0.49473573  0.08181246  0.48959361  0.57079205  0.23623989
  0.00783178  0.68148621  0.23863199  0.7690494   0.6986443  -0.11330933
  0.62914177  0.42691254 -0.10543878  0.65143864  0.71003356  0.60214332
  0.57287792  0.65741455  0.62665872  0.45223014  0.50393657  0.01973739
  0.59535041  0.68307179  0.36123183 -0.47819134  0.2341009   0.68435602
  0.30481122  0.37742073  0.09646341  0.67707951  0.3768234   0.37766374
  0.09144409  0.78452461  0.16041957  0.53657654]","[ 0.49372123  0.15778671  0.20937458  0.65380965  0.72622928  0.50401357
  0.41506956  0.4354157   0.40656713 -0.00813618  0.37924003  0.38498267
  0.01189728  0.37900483 -0.21988376 -0.47938696 -0.2661355   0.12846279
  0.54219315  0.21587426  0.47002015 -0.53785208  0.12850802 -0.47058046
  0.7435729   0.20755252 -0.19125934 -0.06874439  0.30862739  0.40182861
  0.40922747  0.52520123  0.52710257  0.35671414  0.06909429  0.50153482
 -0.31883424 -0.25733886  0.74437969  0.06289155  0.49196521 -0.17398736
 -0.49029777  0.3897783   0.37804096  0.28443141  0.56283286  0.40059113
  0.35664709  0.86941609  0.10962679  0.79008602  0.18097631 -0.00411665
  0.66496652  0.42768717 -0.29509063  0.49874874  0.52550421  0.45194766
  0.4974147   0.69484773  0.52424148  0.64997622  0.55985836 -0.22820918
  0.42736921 -0.1963509  -0.05654743  0.64010687  0.5092236   0.0272542
  0.70006493  0.62372949  0.52217295  0.35385368  0.17037058  0.64422894
  0.49203695 -0.15690449  0.56412699  0.20471946  0.14475855  0.20634435
  0.70134342  0.52117007  0.25469371  0.90751739  0.51959263  0.61696876
  0.49437152  0.61422342  0.09871779  0.09585698]","[ 0.17614626  0.2699771   0.18282774  0.60591404  0.76513465  0.66123553
  0.41579217  0.71935726  0.50057248  0.27878967  0.45757087  0.01705667
 -0.17189933  0.61582795  0.48239925  0.38011571  0.7036726   0.58155449
  0.05278874  0.22913424  0.398262    0.5497105  -0.08748851 -0.31703099
  0.47086056  0.58981505  0.52526966  0.74056657  0.30019592  0.23426413
  0.6836076   0.38816057  0.48172817  0.67643923  0.65906649 -0.07733498
  0.39436364  0.53028964  0.91278858  0.44820319  0.53446085  0.03108816
  0.65500966  0.36404698  0.07712284 -0.42562953  0.79479462  0.42898857
  0.0082237   0.29737792 -0.36602941  0.79714036  0.4841383   0.41006726
 -0.25550516  0.69459293 -0.44832343  0.57329363  0.34545926 -0.16052388
 -0.41073275  0.72094704  0.52738012  0.49586416  0.58410702 -0.12295117
  0.06790292 -0.06000631  0.46968078  0.44841075  0.3791855   0.55426966
  0.61518668  0.39680563  0.42867053  0.50195176  0.52302507  0.83850638
  0.10444067  0.17716141  0.6542226   0.66829102  0.49387543  0.69887683
  0.38697675  0.22958395  0.70589654  0.16650701  0.63249929  0.43028047
  0.09064277  0.75953723  0.47091814  0.52068389]","[ 0.36611432  0.55116322  0.33216903  0.62347885  0.65294213  0.44721451
  0.35591071  0.6263756   0.05219926  0.32854355  0.76935535  0.2126791
  0.08645548  0.5067922   0.48713843 -0.26918951 -0.64122919  0.38009978
  0.69561165  0.25275188  0.45610782 -0.60023951  0.24193927 -0.2399015
  0.42845046  0.40943774  0.53679256  0.36676424 -0.09119164  0.36852653
 -0.08531374  0.46143419  0.39782819  0.33930662  0.37192666  0.79749581
  0.13519213  0.28545325  0.55843565  0.36087381  0.08179199  0.28204827
 -0.10027342  0.14324504 -0.48830189  0.20074736  0.57279717 -0.02361165
 -0.01554667  0.82265854  0.55728323  0.76567204  0.56138595  0.26244481
  0.34120885  0.61067529 -0.32582246  0.68590693  0.48909234 -0.01351619
  0.37737322  0.63353321  0.46348245  0.47376291  0.16238682  0.07345585
  0.59441525  0.15147671  0.23637694  0.5048212   0.47928034  0.21537207
  0.31358464  0.38715575  0.61490999  0.51143764  0.24234653  0.53799321
 -0.17553676 -0.47454077  0.5232271  -0.38557142  0.47489749  0.13904504
  0.72928148 -0.01966469  0.25602813  0.71506925  0.28377104 -0.07121021
  0.42965007  0.75206995  0.09728134  0.37689527]","[ 0.42170906  0.27043138 -0.23455064  0.56312255  0.40179299  0.46083603
 -0.10414071  0.42656908  0.0582374   0.33336872  0.74049664  0.51347142
  0.5771535   0.39723793  0.27149758  0.09511109 -0.12354608  0.6076675
  0.44408371  0.33334327  0.57124434 -0.25091656  0.00229296  0.48424843
  0.36587705 -0.16241297  0.71570394 -0.09622646  0.23077265  0.6766448
  0.22817978  0.73643431  0.47140658 -0.07303753  0.29300942  0.3681347
 -0.5547142   0.28920853  0.10640912 -0.1731144   0.21999696  0.15812717
  0.08062452  0.18478389  0.75593265  0.29825127  0.25501235  0.31285615
 -0.53940863  0.784968   -0.14637199  0.46251429  0.76272964  0.09008568
  0.28824375  0.61612766 -0.26379931  0.48037248  0.56224796  0.07807685
  0.13129706  0.28062895  0.63753848  0.75657202  0.13973486  0.15289705
  0.40989721 -0.31586323  0.30965739  0.47349389  0.52768351  0.37692741
  0.40346584  0.23389451  0.06317585  0.4260301   0.47146249  0.54928742
  0.06845785  0.33306256  0.1746597  -0.56679503 -0.19494167  0.35320301
  0.49255734  0.44177497  0.03756574  0.74305258  0.43816649  0.39367823
  0.37720288  0.61527914  0.22821135  0.02758505]","[ 0.43423562  0.73947833 -0.1848896   0.66204216  0.32450586  0.52675713
  0.76827534  0.37292704  0.34261779  0.03680058  0.63918321  0.60398431
 -0.44127333  0.39052096  0.64983602  0.20685642  0.52412316  0.69524208
  0.39043819  0.03827255  0.42876786  0.00887124  0.43870849  0.25576704
  0.69932959  0.3420723   0.76114737  0.39347438  0.14636613  0.45927183
  0.56356556  0.43258436  0.67654868  0.21041094  0.63754232  0.23563665
  0.53768873 -0.22173931  0.85592335 -0.03738303  0.67693697  0.31333332
  0.46643002  0.23323095  0.04016912  0.66758672  0.60953533  0.58317765
 -0.05447735  0.66284305  0.32270092  0.59104986 -0.02656156  0.3810066
  0.56076035  0.71981968 -0.30403252  0.7081486   0.70031568  0.4191984
  0.44850559  0.5901679   0.5745466  -0.1570002   0.44571596  0.45963694
  0.70355918 -0.39505772 -0.25966998  0.51821943  0.44010901  0.28722312
  0.77617548  0.62876979  0.57175227  0.33103161  0.19431575  0.65591269
  0.62523361  0.10045474  0.72489968  0.43660787  0.72096249  0.7062606
 -0.06779311  0.34906077  0.24559946  0.78603062  0.68631418  0.75930846
  0.72558464  0.79787261 -0.00349734 -0.33565524]","[ 0.21173891  0.29567882  0.64643811  0.68298085  0.82794938  0.54444547
  0.60310416  0.48455496  0.21887262 -0.12300532  0.43756224  0.47621143
  0.47829571  0.4809605   0.38352411  0.16169252  0.10134806  0.73623082
 -0.25726314  0.20480063  0.38470075  0.13002267  0.50270471 -0.13656954
  0.42088153  0.60710237  0.83977597  0.54471034  0.39446734  0.40391932
  0.16830125  0.81742482  0.61643847  0.50992796  0.38743223  0.56821299
  0.30384751  0.58574057  0.25524457  0.52072589  0.3909811   0.52417535
  0.24629334 -0.03725881  0.52126573  0.555896    0.6066459   0.19010458
  0.75398792  0.75788611  0.49589162  0.81248685  0.59985896  0.11934939
  0.41228763  0.30588712  0.34374971  0.74179007  0.56723351  0.52507113
 -0.37754791  0.71930269 -0.03114796  0.75868947  0.83439481  0.57290602
  0.65042653  0.80537059 -0.54107036  0.5775789   0.35300511  0.26160956
  0.8430238   0.71318674  0.72132126  0.24892321  0.5260601   0.58788829
  0.34543762  0.37651486  0.70847089 -0.21176445  0.54234318  0.52627839
  0.34162544  0.69209501  0.44741205  0.72976037  0.74138697  0.60452957
  0.69285044  0.78612897  0.41058329  0.7700789 ]","[ 4.50380834e-01  2.10139448e-01 -2.42061007e-01  2.39359349e-01
  2.48961618e-01 -1.22644216e-01 -2.42392722e-01  6.19981155e-01
  3.61386125e-01 -2.14136693e-01  3.00279774e-04  1.31392347e-01
 -3.83599155e-01  1.26813894e-02 -3.42411349e-01  4.11569301e-01
  3.25453167e-01  3.52719831e-01  4.70815937e-02  4.63849805e-02
  3.03090481e-01  2.30945625e-01  2.17034250e-01 -7.91060647e-02
  5.11067666e-01  2.59467334e-01  6.82610044e-01 -1.43571536e-01
 -2.81705875e-01  5.14842631e-01  4.21559201e-01  5.20632601e-01
  3.75943045e-01  4.07325814e-01  3.69434180e-01  6.60747105e-01
 -1.40834278e-01 -3.29495057e-01  6.47705492e-02  1.54130032e-01
  6.02078855e-02  4.96326554e-01  3.93923857e-01 -5.86517639e-02
 -4.87584176e-01  5.21690695e-01  7.18290011e-02  2.19229518e-01
  5.43271481e-01  6.36766696e-01  2.65740609e-01  6.19001491e-01
  3.36012443e-01  1.17874123e-01  1.69212834e-01  4.71606485e-01
 -6.89829399e-02 -1.29337616e-02  3.31649405e-01  4.41751726e-01
  8.37794743e-02 -4.51377012e-01  4.25797068e-01  5.78199660e-01
  2.94543297e-01  3.96928029e-01  2.37426287e-03  2.64833707e-01
 -6.24389523e-01  6.75102195e-01  4.65162245e-01 -1.53485458e-01
  2.81800457e-01 -8.23298436e-02  6.58653240e-02 -2.08325451e-01
 -9.56241847e-02  6.93169795e-01  3.48883876e-01  4.08279368e-01
  2.64163444e-01  6.40486819e-01  1.30536870e-01  5.17652349e-01
  4.49469526e-01  2.94033239e-01  2.71813298e-01  6.48977611e-01
  1.82687842e-01 -4.14583105e-02  5.22669533e-02  6.99527523e-01
 -1.66121264e-01  4.26900056e-01]","[ 0.37099006 -0.38503857  0.61797239  0.64609293  0.66853363  0.57082936
  0.6450747   0.58569312  0.33233993  0.32928995  0.10453726  0.29776696
  0.16128358  0.02470447  0.19724779 -0.11792244  0.6559677   0.35211721
  0.2834669   0.53067063  0.35486557  0.43722376  0.26533336  0.14361202
  0.74836291 -0.05420145  0.38523307  0.23351352  0.06340911  0.32158613
  0.44506616  0.19483003  0.45532681  0.40507947  0.73610753 -0.10511913
  0.32849515  0.60306123  0.51235336  0.60978275  0.55601789  0.55079473
  0.13146187  0.10899034  0.70797098  0.65842796  0.81383234  0.57202897
  0.37681159  0.58942655 -0.32086698  0.30828684 -0.06898018  0.19003319
  0.37263039  0.58372935  0.53875513 -0.17683604  0.70164558  0.33335093
  0.14446702  0.41156114  0.21537877  0.36266243  0.699844    0.07975946
  0.09240085  0.61442419  0.58283775  0.31763743  0.75817919  0.48644958
  0.86177426  0.37557025  0.54139363  0.2908634   0.46426978  0.37115411
  0.36297943  0.76364689  0.28523797  0.16162253  0.36997518  0.63682144
  0.24847549  0.09428953 -0.24111709  0.58141742  0.65418687  0.04268237
  0.45465942  0.69245961  0.33885933  0.1456665 ]","[ 0.44848481 -0.18946336  0.62501751  0.72356084  0.79155968  0.60571565
  0.33054624  0.50670125  0.09921124  0.1300187  -0.21535944  0.12367621
 -0.3182464   0.25378081  0.36149755 -0.20579383  0.53989081  0.54387548
  0.59392164  0.25557212  0.2281523  -0.30542098  0.20020334  0.23741851
  0.76422605  0.31415643  0.25654598  0.52305226  0.32335006  0.63196243
  0.49753887  0.46432896  0.75664144  0.58610202  0.64014542 -0.37503903
  0.26485205  0.64667494  0.75997363  0.00815896  0.45143703  0.22757579
  0.44848417 -0.23487178  0.62326698  0.37915397  0.62063377  0.61504223
  0.2209533   0.37061638 -0.09318629  0.44415954  0.51264572 -0.10170339
  0.46097334  0.4549564   0.13186039  0.50808386  0.73844358 -0.38852758
  0.1437642   0.48308659  0.27609535  0.6433621   0.5687897  -0.12112855
  0.52832396  0.74717447  0.22877859  0.40777041  0.67584797  0.50444881
  0.8005983   0.32003127  0.69707835  0.34306622  0.24652111  0.62706776
  0.33618168 -0.19713884  0.49204553  0.43396585  0.34190642  0.49743998
  0.56644138  0.12894423  0.37446643  0.20927391  0.55663111  0.38660976
  0.26521562  0.7295244   0.49883629  0.49488545]","[-0.06314808 -0.03132256  0.48807807  0.8003999   0.73599199  0.45548365
  0.31162174  0.64899867 -0.30030512 -0.22617267 -0.10529851  0.31752064
  0.52948981  0.47457181  0.26090918  0.45519487  0.56384159  0.22052724
  0.51668346 -0.40583483  0.36497926  0.04156455  0.38187563 -0.3183617
  0.71212812  0.32694159  0.72285051  0.68822585  0.30250862  0.36351935
 -0.35317472  0.44107109  0.57245519  0.06277316  0.46584914  0.15385746
  0.48729253  0.61061151  0.73015622 -0.15773796  0.42875491 -0.21860597
  0.0667411   0.20830628  0.04209141  0.28749171  0.72754805  0.18550344
  0.25104748  0.25825892 -0.27159584  0.69674682 -0.19742735  0.25582817
  0.34312806  0.79208985 -0.26412822  0.67746924  0.37005393  0.10931082
  0.29114981  0.75942133  0.56087937  0.52733878  0.72746395  0.32166611
  0.49594739  0.73689031  0.31585567  0.43127137  0.273575    0.1923532
  0.85364851  0.22782438  0.45700014  0.450003    0.61754852  0.49942718
 -0.00957268  0.08137963  0.421801   -0.15643264  0.51912397  0.20956387
  0.17228761  0.53393117  0.47195325  0.49199683  0.22747654 -0.2765772
  0.69158654  0.68590902  0.49257655  0.63097885]","[ 0.62759017 -0.41143508 -0.14749477  0.65631403  0.79976528  0.61680049
  0.72494515 -0.09499165 -0.40689997  0.2622583   0.45922909  0.03927632
  0.25117574  0.19189803  0.05889947  0.10014086  0.43851541  0.35955847
  0.27783338 -0.01639937  0.42377981 -0.105978    0.19265469  0.17433437
  0.77797291 -0.17245665 -0.27738078  0.19909384 -0.05416739  0.54574075
 -0.3473161   0.39277996  0.47586675  0.61783859  0.64831661  0.55260733
  0.28942708  0.35227314  0.04955872 -0.36316717  0.592581    0.45966456
  0.31698354  0.09909084  0.82563331  0.52508219  0.40026133  0.23958755
  0.58256341  0.4357395   0.02242604  0.78870083  0.63012361  0.10089327
  0.5531495   0.51999344  0.28691918  0.64429002  0.18696049 -0.48398733
  0.50049673  0.63219183  0.49182658  0.64804631  0.36601265 -0.57529818
  0.45191823  0.24107219 -0.30227558  0.34602066  0.87988815  0.5215731
  0.58971907  0.39125315  0.87053202 -0.19276485  0.32610575  0.67257483
  0.68406782  0.47784304  0.49402625 -0.44170461  0.29152869  0.62900969
  0.09234757  0.23913773 -0.44270851  0.62766608  0.18444252 -0.26795246
  0.64769454  0.71690434  0.34964457 -0.16843417]","[ 0.66761949 -0.09779723  0.42995044  0.73862593  0.70892444  0.6569941
  0.74090497  0.27155369  0.36907675  0.35937339  0.69653208  0.72522888
  0.65387016  0.16957538 -0.43168409 -0.29674821  0.70479451  0.48905972
  0.55070437  0.30580724  0.48644312  0.37494266  0.3345122  -0.1850871
  0.81127407  0.17817966 -0.12996443  0.55637871  0.41467008  0.48299472
  0.16533257  0.37868512  0.64802431  0.61466058  0.67926716  0.63540099
  0.35024012  0.56629381  0.62287259 -0.52609027  0.6424895   0.41089388
  0.06753963 -0.32074493  0.7917316   0.45744007  0.49062568 -0.4425089
  0.39846271  0.7494126   0.20843392  0.82540714  0.3930962   0.00596858
  0.68572075  0.43640128  0.2649088   0.6771266   0.27176928 -0.48788426
  0.38833287  0.32981725  0.44978599  0.31565125  0.4550147  -0.14737487
  0.65773024  0.20744774 -0.56082692 -0.15938116  0.60199305  0.22479507
  0.68327211  0.65556363  0.72347116  0.24755254  0.51893561  0.35488022
  0.65477313  0.07289844  0.60773751  0.09085875  0.28538542  0.18609224
  0.06214745 -0.45760143  0.53745769  0.71864168  0.23422829  0.43826458
  0.69234332  0.61494333  0.42471075  0.19084495]","[ 0.56578185  0.70024897  0.77520542  0.84658125  0.75999135  0.70987096
  0.77920157  0.75719997 -0.3446913   0.35378609  0.70292639  0.37999298
 -0.04970215  0.32926599  0.00907765 -0.24404675  0.83686525  0.35752271
  0.25969275 -0.06671469  0.5209849   0.38993036  0.42502289 -0.01432457
  0.06432176  0.63131161  0.58218127  0.69953065  0.20377483  0.54874375
  0.20374864  0.6852118   0.57777627  0.90077596  0.67067311  0.75766364
 -0.16520857  0.53798926  0.84718045  0.34471857  0.46461392  0.67023538
  0.55513701 -0.21029994  0.65958387  0.6100818   0.83458277  0.77380792
  0.67795503  0.12799317  0.62596787  0.7862197   0.71339508  0.71312292
  0.40023398  0.69352221  0.1404041   0.70671529  0.71339714  0.42029881
  0.27631925  0.63902371  0.52957511  0.53404412  0.73325865  0.46739944
  0.68972314  0.604558   -0.16473539  0.5215522   0.64686743  0.53377864
  0.68397621  0.52859727  0.75230105  0.32143678  0.62535445 -0.21953045
  0.32414024  0.49120205  0.74489564  0.06437187  0.5667359   0.72871815
  0.82941057  0.43927863  0.30372941  0.67019426  0.61734112  0.76691252
  0.6862286   0.85993192  0.37466798  0.50897358]","[-0.1580204   0.38103578  0.44035421  0.49579804  0.8106872  -0.30484138
  0.67897603  0.51356358 -0.31095844  0.42859172  0.71359571 -0.04213936
  0.45806221  0.45715565  0.3373232   0.1165686   0.72684713  0.44422859
  0.2299048   0.60260133  0.43153783  0.53114761  0.38130361  0.09166662
  0.55057103  0.5648367   0.69730952  0.56399602  0.34951187 -0.03431963
  0.28269559  0.60078876  0.62925232  0.5257962   0.68356369 -0.11530489
  0.24137498  0.58900761  0.56101832  0.48768835  0.21286379  0.3993523
  0.60157536 -0.52176692  0.69652805  0.66666866  0.61935044 -0.32389853
  0.54087791 -0.54329419  0.01953112  0.69522016  0.44862729  0.60357515
  0.51162265  0.67576572 -0.25374559  0.63060055  0.48162601  0.45603088
  0.21666467  0.54800963  0.44718609  0.6996366   0.58702099  0.28914932
  0.53512362  0.80009491 -0.27260987  0.40469821  0.62575899  0.67892468
  0.70878372  0.35141714  0.58284491  0.14441768  0.44069982  0.23756441
  0.18278386  0.50849385  0.55738194  0.45553177  0.32900978  0.39490022
 -0.2419557  -0.27695938 -0.21171989  0.4978985   0.47933735  0.68885793
  0.7267932   0.81766647 -0.0952962  -0.39944189]","[ 0.47261445  0.16648599 -0.0097244   0.34093985  0.73484393  0.32956177
  0.72504893  0.50754156  0.20435876 -0.17166011  0.73482852  0.568661
  0.29385419  0.00677724  0.21280465 -0.32708705  0.44263556 -0.03369596
  0.37103902  0.31945097  0.41441924  0.49013403  0.05093747  0.24541005
  0.71257642  0.44389955  0.60525378  0.09986738  0.24989278 -0.24454785
  0.34457307  0.509882    0.61778854  0.67765249  0.56431925  0.53569222
  0.27830933  0.71676833  0.44136843  0.43922056  0.43281728  0.48984097
  0.64895832  0.07249817  0.81738123  0.54134474  0.34435169  0.49297001
  0.44918251  0.19970745 -0.22103004  0.791734    0.5127003   0.53658023
  0.36886098  0.5711649   0.29561133  0.71683684  0.32943522 -0.2596191
  0.24540581  0.50336106  0.50857313 -0.17122725  0.37667119 -0.09798699
  0.66033546  0.59915227 -0.23263042  0.05055352  0.59171838  0.49471448
  0.68205095  0.18830582  0.69377134 -0.00449249  0.34001069  0.00580596
  0.56372083  0.37353975  0.03871632  0.12629546  0.10431088 -0.31884782
  0.35076122  0.72389134 -0.28176456  0.15574527  0.46600059  0.72926351
  0.41082962  0.44929644  0.10102148  0.27017349]","[ 0.28648419  0.59410547  0.25353354  0.73869921  0.87924126  0.76005544
  0.79920707  0.65177049  0.12204856  0.53992028  0.75604615  0.56930633
  0.32133421  0.39276705  0.60590347 -0.10992886  0.81834859  0.33700159
 -0.50583061  0.45704987  0.62942256  0.56252804  0.43168534  0.37186529
  0.69461318  0.49913179  0.49970625  0.63034064  0.53478277  0.59066128
  0.50441233  0.73058284  0.73014024  0.77918169  0.67652377  0.54973809
  0.40216924  0.79055433  0.71073922  0.54161256  0.35159604  0.70954568
  0.45684159  0.13189291  0.87871536  0.61502923  0.73454441  0.43814257
  0.44296215  0.19788037  0.55699292  0.81492017  0.672609    0.64602399
  0.60393134  0.49553899  0.63280661  0.59633602  0.64151355  0.26825927
  0.05209117  0.61200523  0.32985256  0.72600716  0.74677574  0.2828843
  0.58291135  0.80682287 -0.13571877  0.71742433  0.56261203  0.54833278
  0.87720177  0.52743361  0.77254446  0.41310279  0.62989792  0.36773515
  0.59379419  0.41066202  0.57972414  0.17039886  0.45947443  0.6405748
  0.26342062  0.41562727  0.61849674  0.68541432  0.36585136  0.75537746
  0.66826532  0.89543889  0.07558508  0.69332348]","[ 0.75701934  0.37273037  0.29554097  0.38699299  0.48498573  0.1724624
  0.40073819  0.54994979  0.41748486  0.57500223  0.61108109  0.55381118
  0.57534154 -0.53672071  0.49694887  0.62984358  0.56282488  0.2428554
  0.06777668  0.56144575  0.34503939  0.52922975  0.24971083  0.48525883
  0.48793084  0.5129522   0.84455893  0.24944615  0.55244411  0.61650005
  0.7616306   0.37769422 -0.23490469  0.65103055  0.5212481   0.64201481
  0.55471244  0.54258792  0.6334468   0.61058244  0.46326022  0.34321994
  0.62130445  0.27663425 -0.31915218  0.37513963  0.57122579  0.21931101
  0.17156713  0.67204527  0.71069562  0.63583167  0.22044117  0.37428824
 -0.32195055  0.74813076  0.46979244  0.83184915  0.34365833  0.40758969
  0.47895398  0.71209024  0.77869832  0.66899626  0.72632903  0.75025206
  0.48241783  0.5502084   0.44986282  0.72421805  0.08726378  0.5210227
  0.51818356  0.08258888  0.57650108  0.07706404  0.25743339  0.59677654
  0.63723046 -0.42054245  0.01745491  0.63172943  0.39187036  0.37593796
  0.51575777  0.53784539 -0.27254435  0.42486844  0.750701    0.6126887
  0.44480794 -0.23484596 -0.01681018  0.58728645]","[ 0.21344195 -0.22078356 -0.50975197  0.16255592  0.21803448  0.06832618
  0.09862088  0.56852477 -0.22210517  0.49215152  0.62465129  0.15187008
  0.05049956  0.5067021   0.09455822  0.15060982  0.43142624  0.4946795
 -0.11691518  0.25357884  0.12341341  0.30303857 -0.26336702 -0.03152469
  0.3382531   0.39779753  0.42089596 -0.02051768  0.39417804  0.54040071
 -0.57448436  0.51637994 -0.1430563  -0.161369    0.19931146  0.37280602
  0.41902797 -0.25513744 -0.63108386 -0.44985779  0.50076781  0.48312433
  0.527418    0.01252914  0.19623853  0.34360361  0.23356     0.12265723
  0.33143884  0.64619513 -0.25072135  0.43337816  0.21628935 -0.40174632
  0.12866236  0.48118214  0.19362551  0.34119069  0.5177436   0.17590228
  0.30525392  0.06348803  0.42476413  0.57964605  0.52480806  0.35405797
  0.07049001 -0.06539408  0.37958518  0.38668024  0.67208338  0.49578315
  0.59814461  0.16425984  0.4597977   0.07811969  0.13536664  0.4828341
  0.28002428  0.33083994  0.20297823 -0.39684073  0.40423343  0.48956216
 -0.1711974   0.32570855  0.21709787  0.22914631  0.31030874 -0.57867733
 -0.07651993  0.7521721  -0.49701502 -0.10788746]","[ 0.69730753  0.23876109 -0.100336   -0.63795463 -0.03069457  0.05340551
  0.71438647  0.7460255   0.53040468  0.41584232  0.20411408  0.47086944
  0.3933342   0.1789473   0.49562674  0.66403765  0.21104517  0.4609044
 -0.40247452  0.5769845   0.4909507   0.46707073  0.33203628 -0.23455618
  0.53379386  0.53286789  0.53502708  0.50887525 -0.33591834 -0.19700509
  0.64984555 -0.30093846  0.32668688  0.49000828  0.62545938  0.42194875
  0.49294583  0.4285099   0.67811993  0.64605072  0.7531437  -0.61053953
  0.46410031  0.43764875  0.72445921  0.18094546  0.07148991  0.54532676
  0.29525775  0.80588352  0.46289117  0.31636113  0.34373515  0.38543617
  0.33789139  0.71940181 -0.42298478  0.84668434 -0.13936452  0.69869123
  0.35594017  0.6952925   0.63419933  0.57453486 -0.09601008  0.27231648
  0.387155    0.70507001  0.64524172  0.64063784  0.44395723  0.43896494
  0.79685713  0.36120977  0.54441125  0.42444794 -0.00430385  0.72553272
  0.32217536  0.29443608 -0.30977286  0.66528651  0.64933809  0.42484729
  0.48216116 -0.49426978  0.51916149  0.66420422  0.66354893  0.59697009
  0.23829286 -0.01791986  0.37713757  0.63373284]","[ 0.56592197  0.39130366  0.46146081  0.73936775  0.60058293  0.6527922
  0.85812635 -0.36536538 -0.49687652  0.47093465  0.60583885  0.34858184
 -0.34898747  0.58877199  0.7459072   0.12901989  0.15688388 -0.02058065
  0.36533685  0.27443609  0.63549148  0.63728228  0.46434173  0.15635431
  0.54290949  0.47631199  0.70997047  0.40220016  0.54951099  0.4975752
 -0.08099518  0.75604855  0.74736031  0.70751644  0.44065988  0.39014397
  0.37726136  0.16811596  0.66391286  0.33620917  0.34390948  0.48306978
  0.44609656  0.52918077  0.77336192  0.72939219  0.33661016  0.86123875
  0.33022042  0.11782529  0.31494518  0.69357639 -0.15689647  0.70684463
  0.05087908  0.69043554  0.03831507  0.24611291  0.66671679  0.50036277
  0.54340348  0.35941117  0.44473653  0.31480874  0.15739192  0.07310932
  0.42238961  0.16298238 -0.27935753  0.37658896  0.74084337  0.64631109
  0.74408754  0.31506954  0.617449    0.51408848  0.56939511  0.29523132
  0.48448576  0.66358141  0.65634465 -0.41864663  0.58770089  0.5520673
  0.36438903 -0.44011077  0.72534132  0.54098004  0.75322884  0.71921519
  0.01708023  0.77919034  0.23905212  0.4365314 ]","[ 0.7496137   0.18513677  0.60948462  0.06905168  0.14186127  0.35854257
  0.84314165  0.59695118  0.65765303  0.41760284 -0.37224654  0.22672958
  0.38127006  0.13868001  0.64663671  0.69545025  0.4036525   0.4479441
  0.15702176  0.26216484  0.59243971  0.63518492  0.1852199   0.31787717
  0.44884277  0.35508679  0.45577828  0.36992439  0.18920182  0.33184106
  0.61609461  0.3634496   0.58343079  0.73063572  0.1948653   0.3700616
  0.69530642  0.18954551  0.88229515  0.68780298  0.39922659  0.80793164
  0.59863196  0.64374806  0.70450743  0.47415558 -0.41271748  0.76067735
  0.58636902  0.16989551 -0.6271266   0.17648373  0.60347764  0.142298
  0.68527041  0.5983574   0.33814123  0.79815623  0.18332009 -0.31644763
  0.15937984  0.56943005  0.58336615  0.56352681 -0.19022178  0.71385153
  0.51493911  0.51411805  0.6254142  -0.57520102  0.77714242  0.42346648
  0.67287638 -0.40617981  0.80890038  0.71480336  0.3846301   0.59330329
  0.04803365  0.47018547  0.18917286  0.57606824  0.70577984  0.64919106
  0.77434493  0.54601338  0.68453078  0.89987585  0.55638255  0.78719488
  0.57056777  0.04037032  0.28820806  0.43004162]","[ 0.3889484   0.5307585   0.09485707  0.28249808  0.26680013  0.1656458
  0.66685118  0.64312301  0.39249089  0.02646334  0.77312743 -0.23728665
 -0.26959454  0.00449263  0.24597504  0.41209631 -0.36683881  0.50695357
  0.27638938  0.34147381  0.45244163  0.0664791   0.19513264  0.39007932
  0.31993188  0.34008055 -0.02224054 -0.09938994 -0.26504845  0.3049698
  0.4501414   0.26039747  0.01608924  0.05125748  0.00556571  0.50299176
 -0.08769155  0.34194178  0.35854272  0.22956712  0.50480816  0.48531494
  0.31663757  0.50001308  0.83142696  0.47638312 -0.1061796   0.32298022
  0.56421968  0.8201595   0.45322256  0.46542498  0.48689203 -0.07753584
  0.33274929  0.45049831  0.27611472  0.59227447  0.13785562  0.4351408
  0.41669125  0.19808276  0.49201253  0.137981    0.63014663  0.2401575
  0.5460205  -0.60159027  0.22568648  0.40995547  0.69604509  0.4989802
  0.28160998  0.48752389  0.17662573  0.55540168  0.29146319  0.78743801
  0.18507606  0.10316536  0.51055473  0.46834247  0.14271107  0.2233719
  0.81938735  0.51908324  0.23923646  0.82727231  0.15192974  0.58440354
  0.50753797 -0.3291663   0.07131665 -0.00504011]","[ 0.46295526  0.46462058 -0.07292769  0.60100451  0.07111587  0.37925858
  0.13544078  0.6036801   0.54324246  0.31417575  0.78641032  0.03348448
  0.20266423  0.36887974  0.00112483  0.55403238  0.14098602  0.32232703
  0.35089018  0.29303559  0.12081676  0.30765731  0.36187566  0.34373372
  0.34109882 -0.35906663 -0.01164094 -0.38145835  0.41527648  0.38938107
  0.70487298 -0.04163205  0.21473543  0.48723957  0.53943551  0.63547412
  0.12372894  0.44753662  0.42845833  0.04429705  0.25403815  0.69104738
  0.46144279  0.55922295  0.77508496  0.53604815  0.46861735  0.35791459
  0.39203847  0.69980931  0.41541244  0.52940729  0.632653   -0.39712095
  0.63269492  0.43964308  0.27690739  0.22902712  0.37723792  0.52611494
  0.37277542  0.56383124  0.37537232  0.3109825   0.05208446  0.36780762
 -0.24291196  0.3076096  -0.16853978  0.33994761  0.70054618 -0.19938353
  0.53612212  0.27733534  0.31973782  0.27439706  0.30468697  0.70497452
 -0.44412277  0.15539483  0.48969453  0.74809571 -0.03257787  0.15227284
  0.82278305  0.33849983 -0.10572858  0.72423868  0.48522479 -0.45766411
  0.64464111  0.46572516 -0.02131696  0.68226185]","[-0.16320677  0.33073991 -0.23168741  0.37333606  0.55342584 -0.3341838
  0.74835359  0.34536128  0.43587746  0.53268984 -0.30669603  0.37156842
 -0.29377639  0.34282515  0.58759465  0.56195252  0.50428544 -0.06633046
  0.20815286  0.12407187  0.26904846  0.16910814  0.44270075  0.06368275
  0.12964872  0.55688442  0.10464071  0.56163135 -0.21794932  0.268771
  0.68137664  0.10832374  0.4609177   0.49702623  0.50289046  0.69793028
  0.79056259  0.13149286  0.81037701  0.22048751  0.31040881  0.17024364
  0.64889616  0.58360711  0.63465371  0.50194851  0.69872303 -0.09088775
 -0.03796062  0.31648362  0.52935975  0.56860717  0.2281841   0.27788208
  0.19047589  0.3369487  -0.46548139  0.0631399  -0.3072128  -0.03079309
  0.43265658  0.44242429  0.41512871 -0.27861995  0.04141682  0.24257652
  0.18563612 -0.53500265 -0.26538499 -0.45044636  0.41944493  0.3484005
  0.61651351  0.35432413  0.25013835  0.02957083  0.45566688  0.62870237
 -0.0194134   0.56975257  0.4058591   0.49578928  0.51188296  0.35034351
 -0.14264615  0.6497002   0.58102933  0.20410916  0.76475934  0.55116408
  0.11599021  0.46141479  0.30261575  0.36643273]","[ 0.75242947 -0.30276704  0.75516891  0.29685235  0.56631995  0.28294194
  0.40003682  0.41620398  0.375706   -0.31138885  0.58015403 -0.08914155
  0.70248152 -0.12919303  0.56717791  0.38717017 -0.24416746  0.31147623
  0.6777547   0.5768003   0.34788182  0.43534568  0.17959139  0.21656147
 -0.11424221  0.10714094  0.79675833  0.2440116  -0.18463416  0.30986331
  0.77058592 -0.19556955 -0.3041537   0.64358014  0.48362079  0.09437866
  0.1819799   0.3947897   0.7718648   0.56208399  0.37559354  0.60059358
  0.36408132  0.28640759  0.76625715 -0.11405108 -0.47267581  0.22070332
  0.58104799  0.79622835  0.4669056  -0.09701596  0.783656    0.42039485
  0.42513852  0.64964133  0.26396267  0.77117479  0.3715613   0.33904412
  0.49586791  0.4337847   0.57444102  0.55110204  0.21407143  0.55155409
  0.05773387  0.44659166  0.48941681  0.15733688  0.47179878  0.22107165
 -0.21521489  0.09119911 -0.27665601  0.43115333  0.50760679  0.79864531
 -0.21309074  0.43922538 -0.43530247  0.55662526  0.3366182   0.2779156
  0.56699548 -0.44901268 -0.16059784  0.91852669  0.62208333  0.67679986
  0.57900712  0.4715032  -0.23865348  0.58180437]","[ 0.46429388  0.42849155  0.65015333  0.34819139  0.62048783  0.4466407
  0.42206044  0.35348953 -0.36301502 -0.19763178  0.38312033  0.01486869
  0.34543332  0.40181368  0.51056121 -0.31972831  0.44660003  0.59000817
  0.44624114  0.38390331  0.42838167  0.31103254 -0.22160724 -0.44086436
  0.82522227 -0.01154581 -0.11664377  0.09857285 -0.07124576  0.44331486
 -0.23093933  0.20204712  0.45623069  0.47810573  0.41846434  0.37872186
  0.26168043  0.47217533  0.55654728  0.4861745   0.22802099 -0.05085984
  0.6277187   0.16694904  0.74187991  0.41017189  0.30377484  0.38654009
  0.13212449 -0.40824441 -0.26832082  0.26069058 -0.44206035  0.27148852
  0.2880073   0.64000977  0.20889207  0.41601513  0.07847318  0.24030399
  0.17782417  0.22674859  0.272775    0.35140154  0.48684503  0.25845834
  0.10046878  0.47341298 -0.27457469 -0.15571692  0.35284765  0.5791693
  0.33497508  0.37524935  0.52666692  0.18926809 -0.2908569  -0.17191037
  0.45206932  0.76202261  0.37964526 -0.08159865  0.52146711  0.54493543
  0.49286285 -0.37499665 -0.44861448  0.73370891  0.35334409  0.6255996
  0.18491368  0.21582826 -0.32684342  0.16381209]","[ 1.76252008e-01  6.75893734e-01  7.49267942e-01  2.81892104e-01
  6.44161814e-01 -1.83423165e-01  7.00974216e-01  2.65908376e-01
  2.68468341e-01  2.52736846e-01  4.90207318e-01  1.37365207e-01
  3.63331962e-01  4.55266088e-01  4.79235413e-01  1.40331449e-01
  5.57373644e-01  1.81068303e-01  4.03338030e-01 -1.33684660e-01
  3.31769713e-01  1.24893189e-01  1.65437947e-01  4.99333861e-01
  5.90595278e-01  6.13929599e-03  2.66504806e-01  1.95495945e-01
 -2.38323918e-01  9.09744024e-02 -4.31659749e-02  1.48935951e-01
  2.01255788e-01  5.92473631e-01  4.96713183e-01  1.18754272e-01
  1.41800559e-01  4.82499605e-01  1.99422309e-01  7.29186754e-01
  2.20692378e-01  1.37230600e-01  5.82434188e-01  1.15013829e-04
  4.77140104e-01  2.51311185e-01  2.20234565e-01  3.89988112e-01
  1.75790699e-01 -6.80392233e-02  3.42105491e-01  6.50159931e-01
  2.05488764e-01 -2.55734921e-01  1.03194602e-01  3.73052089e-01
  7.04518906e-02  6.50009546e-01  4.33609672e-01  1.85405024e-01
  2.48410574e-01 -1.72664677e-02  3.38586428e-01  4.63760006e-01
  5.71310462e-02  5.67983946e-01  7.23436074e-01  1.98291418e-01
 -3.17529367e-01  1.57179690e-01 -4.94794316e-01  5.40841544e-01
  8.07688397e-01 -1.28350851e-01  1.88393714e-01 -2.26460727e-01
  4.96869767e-01 -3.59727757e-01  2.06026821e-01  6.57828804e-01
  4.28952960e-01  3.31210081e-01 -1.89243029e-01  8.04470008e-02
  2.00550459e-01  6.95152889e-01 -2.42197061e-01 -5.02412428e-01
  6.93902736e-01  3.94936819e-01  6.40689886e-01  6.14331066e-01
 -8.55771595e-02 -5.35493663e-02]","[ 0.57508043 -0.0419065   0.27221214 -0.17094896  0.13040147  0.45470127
  0.28720451  0.24576737  0.4979063  -0.2675686   0.4082355   0.5196532
  0.59630246 -0.3412088   0.64257635 -0.32761111  0.25243462  0.35991578
  0.10143308  0.42754044  0.45549402  0.23372384  0.09098893 -0.35975277
 -0.61968886  0.05606473  0.82685387  0.11156822 -0.10058054  0.03979639
  0.70799019  0.11241195  0.38984285  0.63897493 -0.00943182  0.68537211
  0.25837598  0.36457936  0.58372451  0.63436909  0.51034145 -0.11145167
 -0.50903743  0.42849269 -0.49733348  0.25126082  0.37254033  0.10387844
 -0.46748566  0.61802132  0.30330197 -0.21673073  0.50659804  0.14154156
 -0.09796182  0.52277562  0.12596788  0.74181545 -0.19637182  0.37090732
 -0.24703154  0.56212715  0.58396094  0.2730583   0.32299507  0.24046038
  0.0072166   0.22627318  0.40821874  0.38833273  0.37268489  0.30797798
  0.28254672  0.31776949  0.5641677  -0.01204125 -0.39989523  0.39802324
 -0.01121496  0.32646727  0.36407581  0.64086471  0.34526936  0.6605887
  0.07877138  0.56579346 -0.18951215  0.29807181  0.6466392   0.73705246
  0.63902872  0.36385121  0.60787401  0.35774316]","[ 0.58138761  0.10201946  0.1414728   0.20927338  0.25011191  0.22993999
  0.60538288  0.68235481  0.40877453  0.71831715  0.37683211  0.64306182
  0.28324078 -0.38902472  0.64512004  0.33080355  0.47182302  0.12990831
 -0.08806985  0.46525113  0.3880034   0.1388718   0.35446674 -0.05196414
  0.65884357  0.42373345  0.79455103  0.60672111  0.40809514  0.52852238
  0.38785114  0.3646419   0.40085721  0.29849304  0.2352934   0.56762238
  0.47700027 -0.14340919  0.7629332   0.38574368  0.44533379 -0.06586431
  0.20561395  0.63332524  0.31514454 -0.43305942  0.721991    0.66285232
 -0.105242    0.53536396 -0.06909212  0.05208696  0.58537791  0.01039608
  0.21647818  0.54590604 -0.44841813  0.28499978  0.32822659  0.46156179
  0.44378064  0.52229331  0.59437309  0.34943691  0.13435643  0.53937575
  0.32613924  0.31041665  0.45319321  0.54047848  0.23532534 -0.03124652
  0.84059202  0.18240825  0.75214273  0.1893576   0.00645239  0.70951022
 -0.01458023  0.10893025 -0.30583704  0.59972159  0.73124435  0.16948505
  0.26056826 -0.0414055   0.51744558 -0.17084246  0.49759676  0.51506131
  0.47592493  0.07216362 -0.01252555  0.72991686]","[ 0.78069807  0.10559518  0.31108519  0.22038574 -0.38953611 -0.05995788
  0.46957414  0.66853999  0.57170725  0.46859956 -0.31662218  0.60636162
  0.69565374  0.17674835  0.64678642  0.56208617  0.54932192  0.71976892
  0.30789741  0.59573019  0.3337161   0.48137549 -0.06107855  0.38421902
  0.51425406  0.55547115  0.84833541  0.29986231  0.20862017 -0.09065086
  0.7471656   0.56223198  0.26128992  0.75440623  0.59467609  0.51816861
  0.21319314  0.86559594  0.77267681  0.412939    0.78073842 -0.02871591
  0.64682739  0.52869854  0.83450317 -0.01311427 -0.0255005   0.6721963
  0.04765879  0.78033847  0.56660311  0.60708604  0.76090528  0.44512964
  0.63669562  0.61612014 -0.30578719  0.80195248 -0.20116679  0.61078374
  0.39224286  0.69317078  0.63861965  0.72836434  0.59001441  0.55516576
  0.47691725  0.68248524  0.68734813  0.50616783  0.42565268  0.57363181
  0.69445441  0.49237624  0.47683364  0.43349441  0.38313718  0.81833837
 -0.1160998   0.55818102 -0.49205279  0.66849944  0.53219353  0.60475235
  0.75102688 -0.5869204   0.42904817 -0.44722177  0.80396945  0.65616603
  0.64942241 -0.29040314  0.30087739  0.73262293]","[ 0.57850375  0.35518678 -0.19524403  0.77368838  0.77465081  0.80964132
  0.88112507  0.62402223  0.10802619  0.44207537  0.7451053   0.8290435
  0.32449915  0.46878724  0.26366854  0.26499259  0.81931154  0.30072552
 -0.40522654  0.49017957  0.63988989  0.67791547  0.5711474  -0.40223872
 -0.09604063  0.71269013  0.53403602  0.75288249 -0.27197419  0.59874583
  0.63602435  0.68324116  0.52407277  0.88243508  0.52817645  0.74065909
  0.5996667   0.87818973  0.81571021  0.39868789  0.59411679  0.21773914
  0.56153946  0.48825409  0.51271058  0.34020408  0.81120968  0.85600584
  0.32848934  0.63850308 -0.02993493  0.67949452  0.05781711  0.8207737
  0.40138339  0.56546971  0.05362228  0.56028367  0.67898729  0.21858641
  0.40720981  0.54818491  0.26441448 -0.10262982  0.4033663   0.47226935
  0.72149119  0.63142734  0.4855331   0.82570258  0.65487979  0.61126241
  0.8689783   0.49609327  0.8825393   0.37938674  0.75802678  0.70785293
  0.1263682   0.29658179  0.74519739  0.26041877  0.7706073   0.52592625
  0.79500219 -0.22034759  0.62448713  0.55560477  0.63880525  0.86253833
 -0.32737795  0.59334236  0.43935821  0.68256221]","[ 0.68325724  0.09897409  0.58417739  0.67226602  0.66696513  0.66893843
  0.71760881  0.41061323  0.64461518  0.64072369  0.55130088 -0.02479056
  0.55811887 -0.09289306  0.69966931  0.56695124  0.44262802  0.04741569
  0.40998828  0.50087666  0.65566274  0.56810812  0.18624974 -0.04833482
  0.294428    0.41620052  0.73767263  0.56079675  0.38002566  0.51193537
  0.85448969  0.48517056  0.52685527  0.85725497  0.46895222  0.78099744
  0.73470106  0.24166229  0.78628834  0.51639042  0.56063616  0.45597293
  0.43510796  0.72484713  0.57489931  0.22240951  0.51902088  0.65633153
  0.30138459  0.46997073  0.05691106  0.73723294  0.25931499  0.62192934
  0.45927384  0.72595953  0.21009591  0.73642767  0.72063325 -0.21168847
  0.69397532  0.40547235  0.72476479  0.65640004  0.67349197  0.69023176
  0.50889747  0.57872753 -0.02730595  0.49436864  0.75622502  0.15094361
  0.76051944  0.61680353  0.6955967   0.52055045  0.49398472  0.66523447
  0.38647367  0.30354498  0.37870515  0.46965999  0.72009364  0.68809341
  0.57228798  0.68331071  0.5728994   0.71668711  0.7841176   0.84103653
  0.74738749  0.40197869 -0.15531605  0.4395324 ]","[ 0.84334726  0.63888901  0.61205683  0.7176358   0.78212662  0.69727635
  0.77179487  0.41508519  0.4656772   0.6273718   0.71387066  0.5959725
 -0.00724182  0.44222148  0.66952737  0.31399914  0.69658664  0.00450957
 -0.16654148  0.12185312  0.71291205  0.54997768  0.03658472 -0.1719676
  0.56069409  0.58396263  0.78837378  0.64591048  0.35180215  0.11902529
  0.68697954  0.69945651  0.54225269  0.7535969   0.47933619 -0.21701322
  0.62694163  0.33394114  0.49957904  0.67321656  0.46458769  0.27858935
  0.7349256   0.64023458  0.39183563  0.42689026  0.73452411  0.63888867
 -0.10440283  0.18499386  0.31497817  0.7348229   0.41445109  0.63831737
  0.51946761  0.65962909  0.49506453  0.59382495  0.64779279 -0.1278194
  0.28627896  0.60536941  0.6608111   0.5448316   0.62902133  0.63038053
  0.65206537  0.77432068  0.43142419  0.49331296  0.25989654 -0.53272893
  0.80185606  0.48645915  0.86045307  0.01899436  0.41162677  0.37773182
  0.35021603  0.27461091  0.5403281   0.52586792  0.38501038  0.57164227
  0.57783266  0.79283657  0.61543878  0.34106189  0.6291126   0.83205419
  0.72853672  0.58011741  0.38120854  0.72457497]","[ 0.67658223  0.46245313  0.61601951  0.61952424  0.71304904  0.67883949
  0.74381923 -0.29994489 -0.01327634  0.48362427  0.5890882   0.07503671
 -0.38173186  0.34264047  0.71206827  0.35021117 -0.30635319 -0.10440015
 -0.10216943  0.28898861  0.4964188   0.36258565  0.23679136  0.01082153
  0.66385179  0.53325558  0.2425784   0.5983494   0.23436996 -0.31948439
  0.52411642  0.54833416  0.49092043  0.7098383   0.23926028 -0.37781876
  0.72848248  0.10543816  0.1510795   0.3232862   0.18633829  0.17127249
 -0.07276411  0.53869703  0.47165384  0.15835236  0.73603289  0.7917245
  0.48518784  0.371878    0.46607152  0.61999295  0.06037171  0.06687838
  0.63769244  0.5573347   0.25253497  0.4277178   0.44547106  0.39380832
 -0.16677612 -0.01202263  0.71351486 -0.15519857  0.62227652  0.31422312
  0.2088388   0.55602791  0.21612108  0.68815905  0.15188351 -0.35321695
  0.65970982  0.14888148  0.71560933 -0.03179978  0.2558451   0.31552538
  0.39847978  0.22701601  0.51686046  0.17557373  0.32870408  0.67515854
 -0.06281012  0.86652182  0.54723347  0.55657336  0.58197343  0.71304264
  0.53860549  0.47741335  0.42282488  0.70879121]","[ 0.72556672  0.49466708  0.59954088  0.6146792   0.72090269  0.77449242
  0.74955318  0.01384646  0.24097826  0.57227012  0.65412682  0.20035732
  0.61340833  0.54279035  0.75257016  0.26300876  0.46003016 -0.0720038
  0.11535104  0.44828151  0.65238283  0.65514884  0.15388197  0.13677794
  0.39966093  0.61519774  0.44235996  0.64699492  0.18781784  0.3905365
  0.62961459  0.58858809  0.59229409  0.81292469  0.10051492  0.57232094
  0.6436404   0.40233838  0.69677956  0.46089407  0.57545248  0.24611474
  0.64941479  0.7066495   0.70314396  0.39726816  0.83621155  0.7021978
 -0.1420846   0.38864814  0.01563685  0.7971268   0.25640326  0.41744134
  0.2277968   0.656855    0.1201851   0.65133983  0.72054221  0.34531019
 -0.05675353  0.54000183  0.65246109  0.54561217  0.49152548  0.68132904
  0.26649251  0.52029488  0.40957914  0.73969264  0.59629816 -0.50409861
  0.79902088  0.35917048  0.65522553  0.20385553  0.34753547  0.62820043
 -0.06891373 -0.45518089  0.52425297  0.53274139  0.57376941  0.67361101
 -0.38026751  0.57909091  0.54255075  0.14569298  0.55972659  0.74514308
  0.71048759  0.52479607  0.13747004  0.64473986]","[ 0.73702078  0.60260974  0.31114929  0.51976867  0.58826343  0.57710423
  0.79086595  0.03932162  0.11690137  0.50159521  0.7450442   0.07803293
  0.44375671  0.68620497  0.5465282   0.08956077  0.53609143 -0.30575146
 -0.004       0.49157461  0.63594294  0.45406353 -0.09760905 -0.00482063
  0.73987239  0.70608573  0.11771893  0.42714944 -0.40578282 -0.09652493
  0.20608946  0.4793222   0.80159831  0.7752181  -0.12593238 -0.14716475
  0.57916379 -0.06897503  0.52007058  0.20039585  0.54710762  0.70879858
  0.38619347  0.22236403  0.23683943  0.33393268  0.50152904  0.56228073
 -0.29742204 -0.14065799  0.23391803  0.48079841 -0.01550896  0.43139612
  0.17636091  0.09324103 -0.43692915  0.64403586  0.12692662 -0.48593329
  0.2259515   0.10119503  0.59838664  0.48814231  0.29832107  0.68407823
  0.81411447  0.48709244  0.20629582  0.71479563  0.53844344 -0.02393103
  0.82206195  0.27767118  0.33514829  0.62233599  0.37674632  0.35642503
  0.25177069  0.18326231  0.40878775  0.53527025  0.31329045  0.48353895
  0.14723699  0.81811712  0.39580151  0.38936062  0.49274929  0.37023359
  0.50760399  0.73501408 -0.0467535   0.43843618]","[ 0.75851765  0.1730328   0.60292727  0.42882779 -0.19099699  0.27484886
  0.82985086  0.40576662  0.39810167  0.73476633  0.7092717   0.58869458
  0.64844181  0.29439205  0.60233438  0.05336369  0.17514115  0.27525016
 -0.20999545  0.4911941   0.54900461  0.57043254  0.45587745  0.05473626
 -0.37786568  0.10253083  0.49279325  0.31037597 -0.30195474  0.08041084
  0.76144114  0.34984636  0.66133561  0.79915979  0.52010743 -0.47037009
  0.69800538  0.52021181  0.64803608  0.55044994  0.64120618  0.12879408
  0.71553166  0.19395656  0.25608657  0.38674569 -0.11826937  0.52954279
 -0.08698105  0.29885521 -0.2191465   0.65840786  0.11936286  0.64725466
  0.33585287  0.62042871 -0.53958453  0.69598851  0.62059397 -0.23920806
  0.12714108  0.59571257  0.64760857  0.5373183   0.6482721   0.76157154
  0.65757191  0.61108558  0.17578862  0.53523522  0.3162107   0.54821381
  0.78904385  0.06408597  0.54981781  0.17696564  0.27202853  0.70807533
  0.2443143   0.17271265  0.63224186  0.6118646   0.40849689  0.48353081
  0.43709825  0.15975956  0.51352421  0.42923353  0.70344565  0.69668028
 -0.12545812  0.70012921  0.19045947  0.70977739]","[ 0.62685864  0.18202256  0.52942702  0.56275037  0.65182792  0.37665669
  0.84424379  0.52117968  0.17142829  0.57878024  0.48429671  0.28907956
  0.23933715  0.46763136  0.64336951  0.38526827  0.60304687 -0.49073356
  0.25112697  0.14285967  0.67133477  0.15451563  0.64587139  0.04913159
  0.03921979  0.20228588 -0.02554885  0.56403257  0.72254561 -0.26430466
  0.10211183  0.50640839  0.52850984  0.66165353  0.63849398  0.29216523
  0.74929462 -0.09782596  0.81595827  0.50093419  0.38550152  0.12288994
  0.78233843  0.40813938  0.31227417  0.22213492 -0.15535481  0.73119411
  0.2062945   0.17701355  0.52465284  0.40603554 -0.4322143   0.35721801
  0.42559639  0.5206054   0.02876393  0.42219051  0.27134611 -0.09174583
  0.29295789 -0.2359762   0.1575869   0.22365601  0.56046977  0.07601638
  0.33406308 -0.30288253 -0.47412612  0.47436048 -0.02322408  0.60474983
  0.83103045  0.35267946  0.38047921  0.33659525  0.107346    0.43839177
  0.53622252  0.3204019   0.51028477  0.51102078  0.30910856  0.52413597
 -0.54300477  0.58242746  0.55371113  0.26448692  0.61830799  0.72240776
  0.44448675  0.39964916  0.38820918  0.39817477]","[ 5.19754546e-01  2.70764724e-04  1.60050553e-01  7.12333871e-01
  1.88533706e-01  9.62179435e-02  8.38097753e-01  4.02054463e-01
  3.92877836e-01  3.15719340e-01  2.83752760e-01  3.04817404e-01
 -4.94791072e-01  3.23670140e-01  6.35269349e-01  4.76333633e-01
  7.02200451e-01  1.46358707e-01  4.26366907e-01 -4.32481560e-01
  4.07416403e-01  1.94764566e-01  4.39928053e-01 -1.51528689e-01
  2.04859999e-01  5.61566500e-01 -3.30206878e-01  6.24921013e-01
 -4.50984733e-01 -2.89230992e-01  2.19851220e-01  3.75716038e-01
  5.87781528e-01  8.02508228e-01  4.16822510e-01  1.72059355e-01
  7.24845168e-01 -1.35643191e-01  7.39856173e-01  4.44547548e-01
  4.80281209e-01 -9.22969208e-02  7.15634453e-01  4.47402081e-01
  3.61804272e-01  8.14738073e-02  4.07444055e-01  3.48150334e-01
 -5.74702528e-02  4.35487041e-02  3.01317339e-01  3.55699926e-01
 -2.01625601e-01 -1.87542062e-01  2.80583296e-01  5.05257947e-01
 -4.62694308e-01  4.86511732e-01  1.59069084e-01  1.93840327e-01
  2.82400123e-01  4.33479201e-01  4.73663342e-01  4.45171035e-01
  5.04632473e-01  6.62342944e-01  1.90583981e-01 -4.93821067e-01
 -4.29163363e-01  6.23628013e-01  1.08742789e-01  1.46896337e-01
  6.12862831e-01  1.16541896e-01  5.75571823e-01  1.51374410e-01
  2.33328319e-01  6.06040120e-01 -1.21222679e-01  4.00323710e-01
  3.37121606e-01  4.68077908e-01  4.77083595e-01  4.50087378e-01
  1.89494574e-01  6.79695108e-01  5.06419753e-01 -3.45289167e-01
  7.76891632e-01  7.29244897e-01  4.71958925e-01  5.99612181e-01
  1.73805692e-01  5.87234848e-01]","[ 0.42417836  0.23408411  0.33088461  0.16942427  0.10768709  0.1905215
  0.77287847  0.65945677  0.23016294  0.52336677  0.01018655 -0.04296224
 -0.09828605 -0.06255447  0.51747859  0.44991247  0.6911652  -0.30702921
 -0.02610291 -0.31545166  0.43732885  0.29348056  0.22892944 -0.04996334
  0.66758125  0.55389809  0.41492727  0.58588109  0.08154027  0.22031042
  0.524671    0.14632252  0.64586508  0.74550675  0.27948642 -0.31351268
  0.47075101 -0.0478417   0.60437218  0.07155554  0.61551747 -0.48344373
  0.64018001  0.31041206  0.50155942 -0.38884285  0.64738297  0.55263415
  0.02337948  0.16518875  0.43274827  0.04627607  0.13725792 -0.37221841
  0.11065226  0.50011179 -0.43324872  0.26493054  0.24906636  0.35982083
  0.25276404  0.34799565  0.44502083 -0.0659471   0.36987923  0.68125066
  0.34587531  0.45427283  0.43252321  0.11298949  0.33950862  0.27389469
  0.73549065 -0.23673633  0.48049464 -0.10315443  0.23604862  0.62080009
 -0.41890684  0.424773    0.35729935  0.4697977   0.31122486 -0.35749171
  0.00773861  0.58815459  0.56958009  0.5768367   0.5639009   0.49618904
  0.10219074  0.63405336  0.17750131  0.58256508]","[ 0.72784505  0.60110526  0.17272979  0.5078068  -0.13792818  0.04251605
  0.52748113  0.03671229  0.51805038  0.71733663  0.39871666  0.14288162
  0.35808612  0.47980434  0.25973467  0.54328631  0.43029877 -0.25798272
  0.21025224  0.56768967  0.21336447  0.06539614  0.48109938  0.57086604
 -0.18062976  0.62877323  0.74140293 -0.34860676 -0.08679383  0.32633701
  0.48225787  0.29234216  0.42840423  0.39715551  0.23919732  0.29401797
 -0.00775058  0.53781825  0.38261082  0.43729445  0.34719476  0.6699702
  0.17700655 -0.30190774  0.40080289  0.18437547  0.22743084  0.08357232
  0.51942119  0.67474203  0.66206679  0.51610964  0.56181538  0.36086984
  0.56203002  0.37544021  0.63265975  0.58655413  0.11376067 -0.28590076
  0.39989101  0.65660085  0.71861578  0.56181701  0.49701274  0.26349722
  0.29650194  0.54728722  0.48894541  0.52280653  0.50895465 -0.01570357
  0.35297377  0.51264654  0.34187375  0.31460918 -0.11392727  0.76996267
 -0.20286544 -0.47151931 -0.19549829  0.66651557  0.17105565  0.07470578
  0.48177287  0.02965739  0.58799375  0.63798378  0.66401417  0.14352725
  0.64778588  0.1046701  -0.02726034  0.26385718]","[0.82201039 0.78872952 0.49423927 0.69712467 0.38741758 0.21056147
 0.33662141 0.73761184 0.70417356 0.68601151 0.8269022  0.56925128
 0.69094293 0.48929742 0.65739715 0.52356567 0.68583424 0.61929353
 0.55983698 0.74916608 0.5544905  0.6583158  0.62321614 0.78772249
 0.39003811 0.67954683 0.81972983 0.48117874 0.3672223  0.72884368
 0.69447964 0.45667886 0.15707481 0.61033499 0.65956492 0.70334829
 0.30265454 0.54041798 0.64503103 0.71756935 0.52217795 0.60225737
 0.21178072 0.56278164 0.76310854 0.07498577 0.44948306 0.53316205
 0.74552652 0.87424113 0.56929351 0.46479176 0.66546028 0.51256734
 0.63377228 0.41336954 0.53408572 0.63791287 0.27024315 0.64207348
 0.56951022 0.77380681 0.72186426 0.56461506 0.68966741 0.69118926
 0.56457509 0.57931105 0.71448567 0.54914727 0.6036807  0.53011596
 0.55961775 0.62191941 0.56584917 0.50479762 0.68355489 0.70645245
 0.57088002 0.81077886 0.16573114 0.85585064 0.3500278  0.48350334
 0.62459804 0.72862938 0.62591332 0.6536251  0.75287269 0.69424053
 0.7137808  0.32841746 0.40580155 0.60154819]","[ 0.73537086  0.25879657  0.42489679 -0.26890245  0.03641853  0.17925353
 -0.20992282  0.67577708  0.32954435  0.36210473  0.74839997  0.25546564
  0.04956056  0.31939233 -0.0834527  -0.20401518  0.04686969  0.44012415
  0.36239692  0.02791958  0.17732432  0.06339772  0.36428167  0.4788149
  0.39406415  0.28813506  0.5859493   0.02772177  0.63665925  0.37874312
  0.56475443  0.1386737   0.41207332  0.22695639  0.29979482  0.52108479
  0.31563238  0.49731581  0.30816956  0.26841041  0.42804818  0.4678999
  0.25955259  0.45221939  0.49538112  0.59947484  0.14467582 -0.2940565
  0.16552508  0.75282301  0.0358001   0.64853073  0.59764535  0.23442273
  0.32020727  0.01729457  0.48557077  0.55042479  0.51411752  0.53933188
  0.0596718   0.6062214   0.51145122  0.39641121  0.26233446  0.22747769
  0.30849921  0.23921896 -0.03999731  0.4095711   0.62518345  0.16931939
 -0.07812544  0.51303689  0.48973992  0.37776756  0.41916885  0.58110061
 -0.3130487  -0.30491262  0.51994236  0.41847877  0.13586331 -0.2962169
  0.46174824  0.31765115  0.67260764  0.6891678   0.62760384 -0.37359789
  0.63397875  0.20762468 -0.17567145  0.4103898 ]","[ 0.88758838  0.72815497  0.59169349  0.71790683  0.28940296  0.60835051
  0.52362944  0.64748122  0.65615039  0.68012267  0.89648511  0.64455029
  0.41799459  0.53317134  0.59611417  0.49919118  0.14812922  0.56290607
  0.7793418   0.63459382  0.44723011  0.68798927  0.49170202  0.69794736
  0.55108446  0.57566593  0.73283585  0.26486168  0.57169743  0.66619692
  0.49334025  0.52195097  0.38177337  0.6045941   0.63443971  0.69574627
  0.1786638   0.63541597  0.77429137  0.6641219   0.20826982  0.54632701
  0.11006193  0.6186622   0.71195543  0.36953425  0.41024715  0.43908783
  0.59835418  0.89447042  0.49038289  0.42282671  0.67218954  0.63555259
  0.6565656   0.44602062  0.49450483  0.35797911  0.39626366  0.43021563
  0.4218479   0.68438096  0.64243624  0.71151456  0.56447738  0.71362471
  0.65886112  0.17814504 -0.14678927  0.55330042  0.54464562  0.43058395
  0.83980289  0.35601541  0.45246716  0.34836456  0.39569381  0.39102739
  0.34703169  0.63878217  0.24694573  0.69558473  0.21490779  0.26345453
  0.61836627  0.77926352  0.10561092  0.56245837  0.58233289  0.52214132
  0.76262527  0.4412175   0.11734124  0.6678361 ]","[ 0.59721271  0.72347598  0.5067276   0.41505419  0.12385751  0.45789987
  0.54889124  0.78870776  0.73885203  0.26574918  0.77991684  0.53650942
  0.75863296 -0.54225873  0.54903925  0.44709828  0.6314607   0.13650298
  0.43141222  0.56482392  0.5522359   0.61462483  0.6618805   0.72659705
  0.43316628  0.6765371   0.74882844  0.44545869  0.24316816  0.69939188
  0.4862145   0.50963203  0.39167038  0.7355031   0.63955038  0.59743111
  0.44390351  0.59691987  0.8016954   0.68646516  0.55621927  0.45783178
  0.36189815  0.40508834  0.630484    0.066242   -0.0024729   0.27730634
  0.52455742  0.68564597  0.52293287  0.51462631  0.25487397  0.44350918
  0.68262984  0.4273005   0.58353681  0.82330774  0.56288423  0.59815042
  0.36595715  0.83527434  0.71070831  0.66175676  0.62140993  0.71535465
  0.42643877  0.4520945   0.33259777  0.8083538   0.42777821  0.70567757
  0.51581433  0.62409668  0.33212083  0.49660363  0.61633731  0.56077831
  0.48674519  0.71253734  0.22669801  0.81730508  0.42256788  0.53913704
  0.565403    0.69523346  0.38408644  0.60576446  0.76355071  0.71129106
  0.4347715   0.09140383  0.17627669  0.14678381]","[ 0.8501948   0.43167705  0.60787753  0.64612388  0.29754075  0.21897763
  0.47078423  0.84641646  0.75838421  0.45471412  0.65182346  0.71022728
  0.64219288  0.30878362  0.61800818  0.72262261  0.82019111  0.16807256
  0.39149077  0.6602075   0.56794461  0.65779426  0.72475905  0.78700859
  0.76001554  0.71871795  0.87988575  0.51136618  0.63185897  0.65186933
  0.66126028  0.5511323   0.42089948  0.84042867  0.66767352  0.79218339
  0.65394884  0.76187524  0.84798939  0.69862039  0.65614462  0.61840649
  0.54909771  0.52269603  0.43650677  0.30556187  0.63051668  0.35550051
  0.6497641   0.72748321  0.75120858  0.86288829  0.55433989 -0.18511034
  0.66422379  0.68316051  0.81586672  0.91573264  0.68514358  0.74827684
  0.55025111  0.81192681  0.83701056  0.81818876  0.78923718  0.81886228
  0.57063521  0.74760916  0.65908407  0.87928559  0.75754528  0.79778563
  0.64804369  0.78163064  0.72901698  0.48989791  0.69875042  0.80104965
  0.7017439   0.60847611  0.31770884  0.90160874  0.46769869  0.56140876
  0.68193922  0.74970863  0.56012532  0.70754077  0.82111023  0.66572796
  0.30704888  0.1177542   0.33111637 -0.31691671]","[ 0.86138282  0.59480203  0.50815545  0.7559773   0.17288675  0.61037828
  0.21658373  0.65375562  0.69882694  0.52156854  0.88364715  0.45874817
  0.55143354  0.40978375  0.46809067  0.40350401  0.49590914  0.24604375
  0.64925575  0.46956402 -0.43034869  0.55010721  0.49628955  0.69418112
  0.21516847  0.64389156  0.7101862   0.37749571  0.56532728  0.62683119
  0.55670051  0.23716883  0.17479113  0.74791175  0.68307836  0.60389109
  0.01763062  0.64970055  0.48257124  0.5106774   0.38943487  0.65355274
 -0.11885837  0.67484903  0.72118462  0.25966337  0.61497668  0.42465653
  0.46176498  0.90550357  0.57556975  0.37089455  0.49546804  0.23693317
  0.64317539  0.43902249  0.33234731  0.63761919  0.31919398  0.46829445
  0.35567966  0.62409298  0.61472726  0.40908755  0.50922508  0.57500698
  0.29488176  0.52447766  0.49334588  0.48849416  0.41264113  0.49832226
  0.72521039  0.5195792   0.45648523  0.18202242  0.38778608  0.55045268
  0.46248646  0.65532459 -0.22265507  0.70266512 -0.00472914  0.13479186
  0.64520381  0.59156107  0.02045951  0.74502738  0.58768872  0.57753044
  0.75131002  0.39226375  0.0889351   0.44841266]","[ 0.71828514  0.00881639  0.20268147  0.24519575  0.17199025  0.27029879
  0.12931851  0.43646109  0.69187057  0.20569557  0.47494781  0.23983282
  0.50903866 -0.36013447  0.19314114  0.26281537  0.33530704  0.14477879
  0.38091862  0.38399891  0.07732347  0.22065001  0.40826449  0.61754815
  0.15244504  0.50439723  0.6741186   0.02224219  0.3451921   0.03191839
  0.35679192  0.25811595  0.54395898  0.60355801  0.55996231  0.52468795
 -0.13675382  0.2870685   0.63073493  0.50630867 -0.37194196  0.47757774
 -0.21533172  0.33023415 -0.34651848  0.41007637 -0.24192514 -0.05656791
  0.40310922  0.57312902  0.14263796  0.37900795  0.11430535  0.23036484
  0.44528886  0.4687245   0.36571055  0.69679796  0.37038549  0.42870765
  0.0392862   0.63187076  0.6508578   0.47804658  0.54044165  0.54090887
 -0.45402398 -0.19972811  0.36706158  0.83715338  0.13157086  0.53169765
  0.20629157  0.50646986  0.23677237 -0.20076537  0.40164634  0.26334074
  0.27379008  0.44862828  0.27704451  0.68854236 -0.01082179  0.46707408
  0.3575502   0.48527834  0.30543619  0.61751618  0.61545353  0.71392339
  0.18798596 -0.01831004  0.12691806 -0.3865859 ]"
