,participant,task,trial,current_state,choice,reward
0,21.0,0,0,999,0,0
1,21.0,0,1,0,0,0
2,21.0,0,2,999,1,0
3,21.0,0,3,1,0,1
4,21.0,0,4,999,0,0
5,21.0,0,5,1,0,1
6,21.0,0,6,999,1,0
7,21.0,0,7,1,0,0
8,21.0,0,8,999,0,0
9,21.0,0,9,0,0,0
10,21.0,0,10,999,0,0
11,21.0,0,11,0,1,0
12,21.0,0,12,999,1,0
13,21.0,0,13,1,0,1
14,21.0,0,14,999,1,0
15,21.0,0,15,1,0,0
16,21.0,0,16,999,0,0
17,21.0,0,17,0,0,0
18,21.0,0,18,999,0,0
19,21.0,0,19,0,1,1
20,21.0,0,20,999,0,0
21,21.0,0,21,0,1,1
22,21.0,0,22,999,0,0
23,21.0,0,23,1,1,0
24,21.0,0,24,999,1,0
25,21.0,0,25,0,1,1
26,21.0,0,26,999,1,0
27,21.0,0,27,0,1,0
28,21.0,0,28,999,0,0
29,21.0,0,29,0,1,1
30,21.0,0,30,999,0,0
31,21.0,0,31,0,1,0
32,21.0,0,32,999,0,0
33,21.0,0,33,1,0,0
34,21.0,0,34,999,0,0
35,21.0,0,35,1,1,0
36,21.0,0,36,999,0,0
37,21.0,0,37,1,0,0
38,21.0,0,38,999,1,0
39,21.0,0,39,1,0,0
40,21.0,0,40,999,1,0
41,21.0,0,41,0,1,0
42,21.0,0,42,999,1,0
43,21.0,0,43,1,0,0
44,21.0,0,44,999,0,0
45,21.0,0,45,0,1,0
46,21.0,0,46,999,0,0
47,21.0,0,47,0,1,1
48,21.0,0,48,999,0,0
49,21.0,0,49,0,1,1
50,21.0,0,50,999,0,0
51,21.0,0,51,0,1,1
52,21.0,0,52,999,0,0
53,21.0,0,53,0,1,1
54,21.0,0,54,999,0,0
55,21.0,0,55,0,1,1
56,21.0,0,56,999,0,0
57,21.0,0,57,1,1,0
58,21.0,0,58,999,0,0
59,21.0,0,59,0,1,0
60,21.0,0,60,999,0,0
61,21.0,0,61,0,1,1
62,21.0,0,62,999,0,0
63,21.0,0,63,0,1,0
64,21.0,0,64,999,0,0
65,21.0,0,65,1,0,1
66,21.0,0,66,999,1,0
67,21.0,0,67,1,0,0
68,21.0,0,68,999,0,0
69,21.0,0,69,0,1,0
70,21.0,0,70,999,0,0
71,21.0,0,71,1,0,0
72,21.0,0,72,999,0,0
73,21.0,0,73,0,1,1
74,21.0,0,74,999,0,0
75,21.0,0,75,0,1,0
76,21.0,0,76,999,1,0
77,21.0,0,77,1,1,0
78,21.0,0,78,999,1,0
79,21.0,0,79,0,1,0
80,21.0,0,80,999,1,0
81,21.0,0,81,0,0,1
82,21.0,0,82,999,1,0
83,21.0,0,83,1,1,1
84,21.0,0,84,999,1,0
85,21.0,0,85,0,0,0
86,21.0,0,86,999,1,0
87,21.0,0,87,1,1,0
88,21.0,0,88,999,1,0
89,21.0,0,89,1,1,0
90,21.0,0,90,999,1,0
91,21.0,0,91,1,0,0
92,21.0,0,92,999,1,0
93,21.0,0,93,1,1,0
94,21.0,0,94,999,0,0
95,21.0,0,95,0,1,1
96,21.0,0,96,999,0,0
97,21.0,0,97,0,1,1
98,21.0,0,98,999,0,0
99,21.0,0,99,1,1,1
100,21.0,0,100,999,0,0
101,21.0,0,101,0,1,0
102,21.0,0,102,999,0,0
103,21.0,0,103,1,1,0
104,21.0,0,104,999,0,0
105,21.0,0,105,0,1,1
106,21.0,0,106,999,0,0
107,21.0,0,107,0,1,1
108,21.0,0,108,999,0,0
109,21.0,0,109,0,1,1
110,21.0,0,110,999,0,0
111,21.0,0,111,0,1,1
112,21.0,0,112,999,0,0
113,21.0,0,113,0,1,1
114,21.0,0,114,999,0,0
115,21.0,0,115,0,1,1
116,21.0,0,116,999,0,0
117,21.0,0,117,0,1,1
118,21.0,0,118,999,0,0
119,21.0,0,119,0,1,0
120,21.0,0,120,999,0,0
121,21.0,0,121,0,1,0
122,21.0,0,122,999,0,0
123,21.0,0,123,0,0,0
124,21.0,0,124,999,0,0
125,21.0,0,125,1,1,1
126,21.0,0,126,999,1,0
127,21.0,0,127,1,1,0
128,21.0,0,128,999,1,0
129,21.0,0,129,0,1,1
130,21.0,0,130,999,1,0
131,21.0,0,131,1,1,0
132,21.0,0,132,999,1,0
133,21.0,0,133,1,1,0
134,21.0,0,134,999,1,0
135,21.0,0,135,1,0,1
136,21.0,0,136,999,1,0
137,21.0,0,137,1,0,1
138,21.0,0,138,999,1,0
139,21.0,0,139,1,0,0
140,21.0,0,140,999,1,0
141,21.0,0,141,1,0,0
142,21.0,0,142,999,1,0
143,21.0,0,143,1,1,0
144,21.0,0,144,999,1,0
145,21.0,0,145,1,0,0
146,21.0,0,146,999,1,0
147,21.0,0,147,1,0,0
148,21.0,0,148,999,1,0
149,21.0,0,149,1,0,1
150,21.0,0,150,999,1,0
151,21.0,0,151,1,0,1
152,21.0,0,152,999,1,0
153,21.0,0,153,1,0,1
154,21.0,0,154,999,1,0
155,21.0,0,155,1,0,1
156,21.0,0,156,999,1,0
157,21.0,0,157,1,0,1
158,21.0,0,158,999,1,0
159,21.0,0,159,0,1,1
160,21.0,0,160,999,1,0
161,21.0,0,161,0,1,1
162,21.0,0,162,999,1,0
163,21.0,0,163,1,0,0
164,21.0,0,164,999,1,0
165,21.0,0,165,0,1,1
166,21.0,0,166,999,1,0
167,21.0,0,167,0,1,1
168,21.0,0,168,999,1,0
169,21.0,0,169,1,0,1
170,21.0,0,170,999,1,0
171,21.0,0,171,1,0,0
172,21.0,0,172,999,1,0
173,21.0,0,173,0,1,0
174,21.0,0,174,999,1,0
175,21.0,0,175,1,0,1
176,21.0,0,176,999,1,0
177,21.0,0,177,0,1,1
178,21.0,0,178,999,1,0
179,21.0,0,179,0,1,0
180,21.0,0,180,999,1,0
181,21.0,0,181,1,0,0
182,21.0,0,182,999,1,0
183,21.0,0,183,1,0,1
184,21.0,0,184,999,1,0
185,21.0,0,185,0,1,0
186,21.0,0,186,999,1,0
187,21.0,0,187,0,1,0
188,21.0,0,188,999,1,0
189,21.0,0,189,0,1,1
190,21.0,0,190,999,1,0
191,21.0,0,191,0,1,1
192,21.0,0,192,999,1,0
193,21.0,0,193,1,0,0
194,21.0,0,194,999,1,0
195,21.0,0,195,0,1,1
196,21.0,0,196,999,1,0
197,21.0,0,197,1,1,1
198,21.0,0,198,999,1,0
199,21.0,0,199,1,1,0
200,21.0,0,200,999,1,0
201,21.0,0,201,1,1,0
202,21.0,0,202,999,1,0
203,21.0,0,203,1,1,0
204,21.0,0,204,999,1,0
205,21.0,0,205,1,1,1
206,21.0,0,206,999,1,0
207,21.0,0,207,1,1,0
208,21.0,0,208,999,1,0
209,21.0,0,209,1,1,0
210,21.0,0,210,999,1,0
211,21.0,0,211,1,1,0
212,21.0,0,212,999,1,0
213,21.0,0,213,1,0,0
214,21.0,0,214,999,1,0
215,21.0,0,215,1,1,1
216,21.0,0,216,999,1,0
217,21.0,0,217,0,1,1
218,21.0,0,218,999,1,0
219,21.0,0,219,0,1,1
220,21.0,0,220,999,1,0
221,21.0,0,221,0,1,1
222,21.0,0,222,999,1,0
223,21.0,0,223,0,1,1
224,21.0,0,224,999,1,0
225,21.0,0,225,1,1,0
226,21.0,0,226,999,1,0
227,21.0,0,227,1,1,1
228,21.0,0,228,999,1,0
229,21.0,0,229,1,1,1
230,21.0,0,230,999,1,0
231,21.0,0,231,1,1,0
232,21.0,0,232,999,1,0
233,21.0,0,233,0,1,0
234,21.0,0,234,999,1,0
235,21.0,0,235,0,1,1
236,21.0,0,236,999,1,0
237,21.0,0,237,0,1,1
238,21.0,0,238,999,1,0
239,21.0,0,239,0,1,0
240,21.0,0,240,999,1,0
241,21.0,0,241,1,1,0
242,21.0,0,242,999,1,0
243,21.0,0,243,0,1,1
244,21.0,0,244,999,1,0
245,21.0,0,245,1,1,0
246,21.0,0,246,999,1,0
247,21.0,0,247,1,1,1
248,21.0,0,248,999,1,0
249,21.0,0,249,1,1,0
250,28.0,0,0,999,1,0
251,28.0,0,1,1,0,0
252,28.0,0,2,999,0,0
253,28.0,0,3,0,0,1
254,28.0,0,4,999,1,0
255,28.0,0,5,1,0,1
256,28.0,0,6,999,0,0
257,28.0,0,7,1,0,0
258,28.0,0,8,999,0,0
259,28.0,0,9,0,0,0
260,28.0,0,10,999,0,0
261,28.0,0,11,1,0,1
262,28.0,0,12,999,0,0
263,28.0,0,13,0,1,1
264,28.0,0,14,999,0,0
265,28.0,0,15,0,0,1
266,28.0,0,16,999,0,0
267,28.0,0,17,0,1,0
268,28.0,0,18,999,0,0
269,28.0,0,19,0,0,1
270,28.0,0,20,999,1,0
271,28.0,0,21,0,1,0
272,28.0,0,22,999,1,0
273,28.0,0,23,0,0,1
274,28.0,0,24,999,0,0
275,28.0,0,25,0,1,1
276,28.0,0,26,999,0,0
277,28.0,0,27,1,0,0
278,28.0,0,28,999,0,0
279,28.0,0,29,0,0,1
280,28.0,0,30,999,0,0
281,28.0,0,31,0,0,0
282,28.0,0,32,999,0,0
283,28.0,0,33,0,0,1
284,28.0,0,34,999,0,0
285,28.0,0,35,0,0,1
286,28.0,0,36,999,0,0
287,28.0,0,37,1,0,1
288,28.0,0,38,999,0,0
289,28.0,0,39,0,0,1
290,28.0,0,40,999,0,0
291,28.0,0,41,0,0,1
292,28.0,0,42,999,0,0
293,28.0,0,43,1,0,0
294,28.0,0,44,999,0,0
295,28.0,0,45,0,0,0
296,28.0,0,46,999,0,0
297,28.0,0,47,1,0,1
298,28.0,0,48,999,0,0
299,28.0,0,49,0,0,0
300,28.0,0,50,999,0,0
301,28.0,0,51,1,0,0
302,28.0,0,52,999,0,0
303,28.0,0,53,0,0,0
304,28.0,0,54,999,0,0
305,28.0,0,55,0,1,0
306,28.0,0,56,999,0,0
307,28.0,0,57,1,0,1
308,28.0,0,58,999,0,0
309,28.0,0,59,0,0,0
310,28.0,0,60,999,0,0
311,28.0,0,61,0,1,0
312,28.0,0,62,999,0,0
313,28.0,0,63,0,0,0
314,28.0,0,64,999,0,0
315,28.0,0,65,0,1,0
316,28.0,0,66,999,0,0
317,28.0,0,67,1,0,1
318,28.0,0,68,999,0,0
319,28.0,0,69,0,0,0
320,28.0,0,70,999,0,0
321,28.0,0,71,1,0,0
322,28.0,0,72,999,0,0
323,28.0,0,73,1,0,1
324,28.0,0,74,999,0,0
325,28.0,0,75,0,1,0
326,28.0,0,76,999,0,0
327,28.0,0,77,0,0,0
328,28.0,0,78,999,0,0
329,28.0,0,79,0,1,0
330,28.0,0,80,999,0,0
331,28.0,0,81,1,0,1
332,28.0,0,82,999,0,0
333,28.0,0,83,1,0,1
334,28.0,0,84,999,0,0
335,28.0,0,85,1,0,0
336,28.0,0,86,999,0,0
337,28.0,0,87,0,0,0
338,28.0,0,88,999,0,0
339,28.0,0,89,1,0,1
340,28.0,0,90,999,0,0
341,28.0,0,91,0,1,0
342,28.0,0,92,999,0,0
343,28.0,0,93,0,0,0
344,28.0,0,94,999,0,0
345,28.0,0,95,0,0,1
346,28.0,0,96,999,0,0
347,28.0,0,97,0,0,1
348,28.0,0,98,999,0,0
349,28.0,0,99,0,0,0
350,28.0,0,100,999,0,0
351,28.0,0,101,1,0,1
352,28.0,0,102,999,0,0
353,28.0,0,103,0,0,1
354,28.0,0,104,999,0,0
355,28.0,0,105,0,0,1
356,28.0,0,106,999,0,0
357,28.0,0,107,0,0,0
358,28.0,0,108,999,0,0
359,28.0,0,109,1,0,1
360,28.0,0,110,999,0,0
361,28.0,0,111,0,0,1
362,28.0,0,112,999,0,0
363,28.0,0,113,0,0,0
364,28.0,0,114,999,0,0
365,28.0,0,115,0,0,0
366,28.0,0,116,999,0,0
367,28.0,0,117,0,1,0
368,28.0,0,118,999,0,0
369,28.0,0,119,0,0,1
370,28.0,0,120,999,0,0
371,28.0,0,121,0,0,0
372,28.0,0,122,999,0,0
373,28.0,0,123,0,0,1
374,28.0,0,124,999,0,0
375,28.0,0,125,0,0,0
376,28.0,0,126,999,0,0
377,28.0,0,127,0,0,1
378,28.0,0,128,999,0,0
379,28.0,0,129,0,0,1
380,28.0,0,130,999,0,0
381,28.0,0,131,0,0,1
382,28.0,0,132,999,0,0
383,28.0,0,133,0,0,0
384,28.0,0,134,999,0,0
385,28.0,0,135,0,0,0
386,28.0,0,136,999,0,0
387,28.0,0,137,1,0,1
388,28.0,0,138,999,0,0
389,28.0,0,139,1,0,1
390,28.0,0,140,999,0,0
391,28.0,0,141,0,0,1
392,28.0,0,142,999,0,0
393,28.0,0,143,1,0,1
394,28.0,0,144,999,0,0
395,28.0,0,145,0,0,0
396,28.0,0,146,999,0,0
397,28.0,0,147,1,0,0
398,28.0,0,148,999,0,0
399,28.0,0,149,1,0,1
400,28.0,0,150,999,0,0
401,28.0,0,151,0,0,0
402,28.0,0,152,999,0,0
403,28.0,0,153,0,0,0
404,28.0,0,154,999,0,0
405,28.0,0,155,0,0,0
406,28.0,0,156,999,0,0
407,28.0,0,157,1,0,1
408,28.0,0,158,999,0,0
409,28.0,0,159,1,0,1
410,28.0,0,160,999,0,0
411,28.0,0,161,0,0,1
412,28.0,0,162,999,0,0
413,28.0,0,163,0,0,0
414,28.0,0,164,999,0,0
415,28.0,0,165,0,0,0
416,28.0,0,166,999,0,0
417,28.0,0,167,0,0,1
418,28.0,0,168,999,0,0
419,28.0,0,169,1,0,1
420,28.0,0,170,999,0,0
421,28.0,0,171,0,0,0
422,28.0,0,172,999,0,0
423,28.0,0,173,0,0,1
424,28.0,0,174,999,0,0
425,28.0,0,175,1,0,1
426,28.0,0,176,999,0,0
427,28.0,0,177,0,0,1
428,28.0,0,178,999,0,0
429,28.0,0,179,0,0,0
430,28.0,0,180,999,0,0
431,28.0,0,181,0,0,1
432,28.0,0,182,999,0,0
433,28.0,0,183,0,0,0
434,28.0,0,184,999,0,0
435,28.0,0,185,1,0,1
436,28.0,0,186,999,0,0
437,28.0,0,187,0,0,0
438,28.0,0,188,999,0,0
439,28.0,0,189,1,0,1
440,28.0,0,190,999,0,0
441,28.0,0,191,1,0,1
442,28.0,0,192,999,0,0
443,28.0,0,193,1,0,0
444,28.0,0,194,999,0,0
445,28.0,0,195,0,0,0
446,28.0,0,196,999,0,0
447,28.0,0,197,0,1,1
448,28.0,0,198,999,0,0
449,28.0,0,199,1,0,1
450,28.0,0,200,999,0,0
451,28.0,0,201,0,0,0
452,28.0,0,202,999,0,0
453,28.0,0,203,0,0,0
454,28.0,0,204,999,0,0
455,28.0,0,205,0,0,0
456,28.0,0,206,999,0,0
457,28.0,0,207,0,0,1
458,28.0,0,208,999,0,0
459,28.0,0,209,1,0,0
460,28.0,0,210,999,0,0
461,28.0,0,211,0,0,0
462,28.0,0,212,999,0,0
463,28.0,0,213,1,0,1
464,28.0,0,214,999,0,0
465,28.0,0,215,0,0,1
466,28.0,0,216,999,0,0
467,28.0,0,217,0,0,0
468,28.0,0,218,999,0,0
469,28.0,0,219,1,0,1
470,28.0,0,220,999,0,0
471,28.0,0,221,0,0,0
472,28.0,0,222,999,0,0
473,28.0,0,223,1,0,0
474,28.0,0,224,999,0,0
475,28.0,0,225,0,0,0
476,28.0,0,226,999,0,0
477,28.0,0,227,1,0,1
478,28.0,0,228,999,0,0
479,28.0,0,229,0,0,0
480,28.0,0,230,999,0,0
481,28.0,0,231,1,0,0
482,28.0,0,232,999,0,0
483,28.0,0,233,0,0,1
484,28.0,0,234,999,0,0
485,28.0,0,235,1,0,0
486,28.0,0,236,999,0,0
487,28.0,0,237,1,0,1
488,28.0,0,238,999,0,0
489,28.0,0,239,0,0,0
490,28.0,0,240,999,0,0
491,28.0,0,241,1,0,0
492,28.0,0,242,999,0,0
493,28.0,0,243,0,0,0
494,28.0,0,244,999,0,0
495,28.0,0,245,1,0,1
496,28.0,0,246,999,0,0
497,28.0,0,247,0,0,0
498,28.0,0,248,999,0,0
499,28.0,0,249,0,0,0
500,34.0,0,0,999,1,0
501,34.0,0,1,1,0,0
502,34.0,0,2,999,0,0
503,34.0,0,3,1,1,0
504,34.0,0,4,999,0,0
505,34.0,0,5,0,0,0
506,34.0,0,6,999,1,0
507,34.0,0,7,0,1,1
508,34.0,0,8,999,1,0
509,34.0,0,9,0,1,0
510,34.0,0,10,999,1,0
511,34.0,0,11,0,1,1
512,34.0,0,12,999,1,0
513,34.0,0,13,0,1,0
514,34.0,0,14,999,1,0
515,34.0,0,15,1,1,0
516,34.0,0,16,999,1,0
517,34.0,0,17,1,0,1
518,34.0,0,18,999,1,0
519,34.0,0,19,1,0,1
520,34.0,0,20,999,1,0
521,34.0,0,21,1,0,0
522,34.0,0,22,999,0,0
523,34.0,0,23,0,1,1
524,34.0,0,24,999,0,0
525,34.0,0,25,1,0,0
526,34.0,0,26,999,0,0
527,34.0,0,27,0,1,1
528,34.0,0,28,999,0,0
529,34.0,0,29,0,1,1
530,34.0,0,30,999,0,0
531,34.0,0,31,0,1,1
532,34.0,0,32,999,0,0
533,34.0,0,33,0,1,0
534,34.0,0,34,999,0,0
535,34.0,0,35,0,1,0
536,34.0,0,36,999,1,0
537,34.0,0,37,1,0,0
538,34.0,0,38,999,0,0
539,34.0,0,39,1,1,0
540,34.0,0,40,999,0,0
541,34.0,0,41,0,1,1
542,34.0,0,42,999,0,0
543,34.0,0,43,1,1,0
544,34.0,0,44,999,0,0
545,34.0,0,45,1,0,1
546,34.0,0,46,999,0,0
547,34.0,0,47,0,1,0
548,34.0,0,48,999,0,0
549,34.0,0,49,1,0,0
550,34.0,0,50,999,0,0
551,34.0,0,51,0,0,0
552,34.0,0,52,999,0,0
553,34.0,0,53,0,1,0
554,34.0,0,54,999,0,0
555,34.0,0,55,0,0,0
556,34.0,0,56,999,0,0
557,34.0,0,57,0,1,1
558,34.0,0,58,999,0,0
559,34.0,0,59,0,1,1
560,34.0,0,60,999,0,0
561,34.0,0,61,0,1,0
562,34.0,0,62,999,0,0
563,34.0,0,63,0,1,1
564,34.0,0,64,999,0,0
565,34.0,0,65,1,1,1
566,34.0,0,66,999,0,0
567,34.0,0,67,0,1,0
568,34.0,0,68,999,0,0
569,34.0,0,69,0,1,1
570,34.0,0,70,999,0,0
571,34.0,0,71,0,1,1
572,34.0,0,72,999,0,0
573,34.0,0,73,0,1,1
574,34.0,0,74,999,0,0
575,34.0,0,75,0,1,1
576,34.0,0,76,999,0,0
577,34.0,0,77,0,1,0
578,34.0,0,78,999,0,0
579,34.0,0,79,1,1,0
580,34.0,0,80,999,0,0
581,34.0,0,81,0,1,1
582,34.0,0,82,999,0,0
583,34.0,0,83,1,1,0
584,34.0,0,84,999,0,0
585,34.0,0,85,1,0,0
586,34.0,0,86,999,0,0
587,34.0,0,87,0,1,1
588,34.0,0,88,999,0,0
589,34.0,0,89,0,1,0
590,34.0,0,90,999,0,0
591,34.0,0,91,1,1,1
592,34.0,0,92,999,0,0
593,34.0,0,93,1,1,1
594,34.0,0,94,999,0,0
595,34.0,0,95,0,1,0
596,34.0,0,96,999,0,0
597,34.0,0,97,0,0,1
598,34.0,0,98,999,0,0
599,34.0,0,99,1,1,0
600,34.0,0,100,999,0,0
601,34.0,0,101,0,0,0
602,34.0,0,102,999,0,0
603,34.0,0,103,0,1,0
604,34.0,0,104,999,0,0
605,34.0,0,105,0,0,0
606,34.0,0,106,999,0,0
607,34.0,0,107,0,0,1
608,34.0,0,108,999,0,0
609,34.0,0,109,0,0,0
610,34.0,0,110,999,0,0
611,34.0,0,111,0,0,1
612,34.0,0,112,999,0,0
613,34.0,0,113,1,1,0
614,34.0,0,114,999,0,0
615,34.0,0,115,0,0,0
616,34.0,0,116,999,0,0
617,34.0,0,117,0,0,0
618,34.0,0,118,999,0,0
619,34.0,0,119,0,0,0
620,34.0,0,120,999,0,0
621,34.0,0,121,0,1,1
622,34.0,0,122,999,0,0
623,34.0,0,123,0,1,1
624,34.0,0,124,999,0,0
625,34.0,0,125,1,1,0
626,34.0,0,126,999,0,0
627,34.0,0,127,0,1,0
628,34.0,0,128,999,0,0
629,34.0,0,129,0,0,0
630,34.0,0,130,999,0,0
631,34.0,0,131,0,1,1
632,34.0,0,132,999,0,0
633,34.0,0,133,0,1,1
634,34.0,0,134,999,0,0
635,34.0,0,135,0,1,0
636,34.0,0,136,999,0,0
637,34.0,0,137,0,1,1
638,34.0,0,138,999,0,0
639,34.0,0,139,0,1,1
640,34.0,0,140,999,0,0
641,34.0,0,141,0,1,0
642,34.0,0,142,999,0,0
643,34.0,0,143,0,1,0
644,34.0,0,144,999,0,0
645,34.0,0,145,1,1,1
646,34.0,0,146,999,0,0
647,34.0,0,147,0,0,1
648,34.0,0,148,999,0,0
649,34.0,0,149,0,0,1
650,34.0,0,150,999,0,0
651,34.0,0,151,1,1,0
652,34.0,0,152,999,0,0
653,34.0,0,153,0,0,1
654,34.0,0,154,999,0,0
655,34.0,0,155,0,0,0
656,34.0,0,156,999,0,0
657,34.0,0,157,0,1,0
658,34.0,0,158,999,0,0
659,34.0,0,159,0,0,0
660,34.0,0,160,999,0,0
661,34.0,0,161,0,0,0
662,34.0,0,162,999,0,0
663,34.0,0,163,0,0,1
664,34.0,0,164,999,0,0
665,34.0,0,165,1,1,0
666,34.0,0,166,999,0,0
667,34.0,0,167,0,1,0
668,34.0,0,168,999,0,0
669,34.0,0,169,0,1,0
670,34.0,0,170,999,0,0
671,34.0,0,171,0,1,1
672,34.0,0,172,999,0,0
673,34.0,0,173,0,1,1
674,34.0,0,174,999,0,0
675,34.0,0,175,0,1,0
676,34.0,0,176,999,0,0
677,34.0,0,177,0,1,1
678,34.0,0,178,999,0,0
679,34.0,0,179,0,1,0
680,34.0,0,180,999,0,0
681,34.0,0,181,0,1,1
682,34.0,0,182,999,0,0
683,34.0,0,183,0,1,0
684,34.0,0,184,999,0,0
685,34.0,0,185,0,1,1
686,34.0,0,186,999,0,0
687,34.0,0,187,0,1,1
688,34.0,0,188,999,0,0
689,34.0,0,189,0,1,1
690,34.0,0,190,999,0,0
691,34.0,0,191,1,1,1
692,34.0,0,192,999,0,0
693,34.0,0,193,0,1,1
694,34.0,0,194,999,0,0
695,34.0,0,195,0,1,1
696,34.0,0,196,999,0,0
697,34.0,0,197,0,1,1
698,34.0,0,198,999,0,0
699,34.0,0,199,0,1,0
700,34.0,0,200,999,0,0
701,34.0,0,201,0,1,1
702,34.0,0,202,999,0,0
703,34.0,0,203,0,1,1
704,34.0,0,204,999,0,0
705,34.0,0,205,0,1,1
706,34.0,0,206,999,0,0
707,34.0,0,207,0,1,1
708,34.0,0,208,999,0,0
709,34.0,0,209,1,1,1
710,34.0,0,210,999,0,0
711,34.0,0,211,0,1,1
712,34.0,0,212,999,0,0
713,34.0,0,213,0,1,0
714,34.0,0,214,999,0,0
715,34.0,0,215,1,1,1
716,34.0,0,216,999,0,0
717,34.0,0,217,1,1,1
718,34.0,0,218,999,0,0
719,34.0,0,219,0,1,1
720,34.0,0,220,999,0,0
721,34.0,0,221,0,1,0
722,34.0,0,222,999,0,0
723,34.0,0,223,0,1,1
724,34.0,0,224,999,0,0
725,34.0,0,225,0,1,1
726,34.0,0,226,999,0,0
727,34.0,0,227,0,1,0
728,34.0,0,228,999,0,0
729,34.0,0,229,1,1,0
730,34.0,0,230,999,0,0
731,34.0,0,231,0,1,1
732,34.0,0,232,999,0,0
733,34.0,0,233,0,1,1
734,34.0,0,234,999,0,0
735,34.0,0,235,0,1,1
736,34.0,0,236,999,0,0
737,34.0,0,237,0,1,0
738,34.0,0,238,999,0,0
739,34.0,0,239,0,1,0
740,34.0,0,240,999,0,0
741,34.0,0,241,1,1,0
742,34.0,0,242,999,0,0
743,34.0,0,243,1,0,1
744,34.0,0,244,999,0,0
745,34.0,0,245,0,0,1
746,34.0,0,246,999,0,0
747,34.0,0,247,0,0,0
748,34.0,0,248,999,0,0
749,34.0,0,249,1,0,1
750,36.0,0,0,999,1,0
751,36.0,0,1,1,0,1
752,36.0,0,2,999,1,0
753,36.0,0,3,1,0,0
754,36.0,0,4,999,1,0
755,36.0,0,5,0,1,1
756,36.0,0,6,999,1,0
757,36.0,0,7,0,1,1
758,36.0,0,8,999,1,0
759,36.0,0,9,1,1,0
760,36.0,0,10,999,1,0
761,36.0,0,11,0,1,1
762,36.0,0,12,999,1,0
763,36.0,0,13,1,1,0
764,36.0,0,14,999,1,0
765,36.0,0,15,1,0,0
766,36.0,0,16,999,1,0
767,36.0,0,17,1,0,0
768,36.0,0,18,999,1,0
769,36.0,0,19,1,0,0
770,36.0,0,20,999,1,0
771,36.0,0,21,1,1,1
772,36.0,0,22,999,1,0
773,36.0,0,23,0,1,1
774,36.0,0,24,999,1,0
775,36.0,0,25,1,1,0
776,36.0,0,26,999,1,0
777,36.0,0,27,0,1,0
778,36.0,0,28,999,1,0
779,36.0,0,29,1,0,1
780,36.0,0,30,999,1,0
781,36.0,0,31,1,0,0
782,36.0,0,32,999,1,0
783,36.0,0,33,0,0,0
784,36.0,0,34,999,1,0
785,36.0,0,35,0,0,0
786,36.0,0,36,999,1,0
787,36.0,0,37,1,1,1
788,36.0,0,38,999,1,0
789,36.0,0,39,1,1,1
790,36.0,0,40,999,1,0
791,36.0,0,41,1,1,1
792,36.0,0,42,999,1,0
793,36.0,0,43,1,1,1
794,36.0,0,44,999,1,0
795,36.0,0,45,0,0,1
796,36.0,0,46,999,1,0
797,36.0,0,47,1,1,1
798,36.0,0,48,999,1,0
799,36.0,0,49,0,1,1
800,36.0,0,50,999,1,0
801,36.0,0,51,1,1,1
802,36.0,0,52,999,1,0
803,36.0,0,53,1,1,1
804,36.0,0,54,999,1,0
805,36.0,0,55,0,0,0
806,36.0,0,56,999,1,0
807,36.0,0,57,1,1,1
808,36.0,0,58,999,1,0
809,36.0,0,59,0,0,0
810,36.0,0,60,999,1,0
811,36.0,0,61,1,1,1
812,36.0,0,62,999,1,0
813,36.0,0,63,0,1,1
814,36.0,0,64,999,1,0
815,36.0,0,65,0,1,0
816,36.0,0,66,999,1,0
817,36.0,0,67,1,1,1
818,36.0,0,68,999,1,0
819,36.0,0,69,0,1,1
820,36.0,0,70,999,1,0
821,36.0,0,71,1,1,0
822,36.0,0,72,999,1,0
823,36.0,0,73,0,1,1
824,36.0,0,74,999,1,0
825,36.0,0,75,0,1,1
826,36.0,0,76,999,1,0
827,36.0,0,77,1,0,0
828,36.0,0,78,999,1,0
829,36.0,0,79,1,1,1
830,36.0,0,80,999,1,0
831,36.0,0,81,0,1,1
832,36.0,0,82,999,1,0
833,36.0,0,83,1,1,1
834,36.0,0,84,999,1,0
835,36.0,0,85,0,1,1
836,36.0,0,86,999,1,0
837,36.0,0,87,0,1,0
838,36.0,0,88,999,1,0
839,36.0,0,89,1,1,1
840,36.0,0,90,999,1,0
841,36.0,0,91,1,1,0
842,36.0,0,92,999,1,0
843,36.0,0,93,1,1,1
844,36.0,0,94,999,1,0
845,36.0,0,95,1,1,1
846,36.0,0,96,999,1,0
847,36.0,0,97,1,1,1
848,36.0,0,98,999,1,0
849,36.0,0,99,0,0,0
850,36.0,0,100,999,1,0
851,36.0,0,101,1,1,1
852,36.0,0,102,999,1,0
853,36.0,0,103,0,1,0
854,36.0,0,104,999,1,0
855,36.0,0,105,0,0,1
856,36.0,0,106,999,1,0
857,36.0,0,107,1,1,1
858,36.0,0,108,999,1,0
859,36.0,0,109,1,1,1
860,36.0,0,110,999,1,0
861,36.0,0,111,0,0,1
862,36.0,0,112,999,1,0
863,36.0,0,113,1,1,1
864,36.0,0,114,999,1,0
865,36.0,0,115,1,1,0
866,36.0,0,116,999,1,0
867,36.0,0,117,1,1,0
868,36.0,0,118,999,1,0
869,36.0,0,119,0,1,1
870,36.0,0,120,999,1,0
871,36.0,0,121,1,0,1
872,36.0,0,122,999,1,0
873,36.0,0,123,0,1,1
874,36.0,0,124,999,1,0
875,36.0,0,125,1,1,1
876,36.0,0,126,999,1,0
877,36.0,0,127,0,1,1
878,36.0,0,128,999,1,0
879,36.0,0,129,1,1,0
880,36.0,0,130,999,1,0
881,36.0,0,131,1,0,0
882,36.0,0,132,999,1,0
883,36.0,0,133,1,0,1
884,36.0,0,134,999,1,0
885,36.0,0,135,1,0,1
886,36.0,0,136,999,1,0
887,36.0,0,137,1,0,1
888,36.0,0,138,999,1,0
889,36.0,0,139,1,0,1
890,36.0,0,140,999,1,0
891,36.0,0,141,0,1,1
892,36.0,0,142,999,1,0
893,36.0,0,143,1,0,1
894,36.0,0,144,999,1,0
895,36.0,0,145,1,0,0
896,36.0,0,146,999,1,0
897,36.0,0,147,1,0,0
898,36.0,0,148,999,1,0
899,36.0,0,149,0,1,0
900,36.0,0,150,999,1,0
901,36.0,0,151,1,1,1
902,36.0,0,152,999,1,0
903,36.0,0,153,1,1,0
904,36.0,0,154,999,1,0
905,36.0,0,155,1,1,1
906,36.0,0,156,999,1,0
907,36.0,0,157,1,1,0
908,36.0,0,158,999,1,0
909,36.0,0,159,0,0,0
910,36.0,0,160,999,1,0
911,36.0,0,161,1,1,1
912,36.0,0,162,999,1,0
913,36.0,0,163,1,1,1
914,36.0,0,164,999,1,0
915,36.0,0,165,1,1,1
916,36.0,0,166,999,1,0
917,36.0,0,167,0,0,1
918,36.0,0,168,999,1,0
919,36.0,0,169,0,0,1
920,36.0,0,170,999,1,0
921,36.0,0,171,0,0,0
922,36.0,0,172,999,1,0
923,36.0,0,173,1,1,1
924,36.0,0,174,999,1,0
925,36.0,0,175,1,1,0
926,36.0,0,176,999,1,0
927,36.0,0,177,1,1,1
928,36.0,0,178,999,1,0
929,36.0,0,179,0,1,1
930,36.0,0,180,999,1,0
931,36.0,0,181,1,1,0
932,36.0,0,182,999,1,0
933,36.0,0,183,0,1,1
934,36.0,0,184,999,1,0
935,36.0,0,185,1,0,1
936,36.0,0,186,999,1,0
937,36.0,0,187,0,1,0
938,36.0,0,188,999,1,0
939,36.0,0,189,1,0,0
940,36.0,0,190,999,1,0
941,36.0,0,191,0,0,0
942,36.0,0,192,999,1,0
943,36.0,0,193,1,0,1
944,36.0,0,194,999,1,0
945,36.0,0,195,1,0,0
946,36.0,0,196,999,1,0
947,36.0,0,197,1,0,1
948,36.0,0,198,999,1,0
949,36.0,0,199,0,1,1
950,36.0,0,200,999,1,0
951,36.0,0,201,1,0,1
952,36.0,0,202,999,1,0
953,36.0,0,203,1,0,0
954,36.0,0,204,999,1,0
955,36.0,0,205,1,0,0
956,36.0,0,206,999,1,0
957,36.0,0,207,0,1,1
958,36.0,0,208,999,1,0
959,36.0,0,209,1,1,0
960,36.0,0,210,999,1,0
961,36.0,0,211,1,1,1
962,36.0,0,212,999,1,0
963,36.0,0,213,0,0,1
964,36.0,0,214,999,1,0
965,36.0,0,215,0,1,1
966,36.0,0,216,999,1,0
967,36.0,0,217,1,1,0
968,36.0,0,218,999,1,0
969,36.0,0,219,0,1,0
970,36.0,0,220,999,1,0
971,36.0,0,221,1,1,1
972,36.0,0,222,999,1,0
973,36.0,0,223,1,1,1
974,36.0,0,224,999,1,0
975,36.0,0,225,0,1,0
976,36.0,0,226,999,1,0
977,36.0,0,227,1,1,0
978,36.0,0,228,999,1,0
979,36.0,0,229,1,1,1
980,36.0,0,230,999,1,0
981,36.0,0,231,0,1,1
982,36.0,0,232,999,1,0
983,36.0,0,233,1,1,1
984,36.0,0,234,999,1,0
985,36.0,0,235,0,1,1
986,36.0,0,236,999,1,0
987,36.0,0,237,1,1,1
988,36.0,0,238,999,1,0
989,36.0,0,239,1,1,1
990,36.0,0,240,999,1,0
991,36.0,0,241,0,1,1
992,36.0,0,242,999,1,0
993,36.0,0,243,1,1,1
994,36.0,0,244,999,1,0
995,36.0,0,245,0,1,1
996,36.0,0,246,999,1,0
997,36.0,0,247,0,1,1
998,36.0,0,248,999,1,0
999,36.0,0,249,1,1,0
1000,75.0,0,0,999,0,0
1001,75.0,0,1,1,1,0
1002,75.0,0,2,999,0,0
1003,75.0,0,3,0,0,1
1004,75.0,0,4,999,0,0
1005,75.0,0,5,0,0,1
1006,75.0,0,6,999,0,0
1007,75.0,0,7,1,0,0
1008,75.0,0,8,999,0,0
1009,75.0,0,9,1,1,1
1010,75.0,0,10,999,0,0
1011,75.0,0,11,0,1,0
1012,75.0,0,12,999,0,0
1013,75.0,0,13,1,1,1
1014,75.0,0,14,999,0,0
1015,75.0,0,15,0,0,1
1016,75.0,0,16,999,0,0
1017,75.0,0,17,0,0,0
1018,75.0,0,18,999,0,0
1019,75.0,0,19,0,1,0
1020,75.0,0,20,999,0,0
1021,75.0,0,21,1,1,1
1022,75.0,0,22,999,0,0
1023,75.0,0,23,0,0,1
1024,75.0,0,24,999,0,0
1025,75.0,0,25,0,0,1
1026,75.0,0,26,999,0,0
1027,75.0,0,27,0,0,1
1028,75.0,0,28,999,0,0
1029,75.0,0,29,1,1,0
1030,75.0,0,30,999,0,0
1031,75.0,0,31,1,0,0
1032,75.0,0,32,999,0,0
1033,75.0,0,33,0,0,1
1034,75.0,0,34,999,0,0
1035,75.0,0,35,1,0,0
1036,75.0,0,36,999,0,0
1037,75.0,0,37,1,0,1
1038,75.0,0,38,999,0,0
1039,75.0,0,39,0,0,1
1040,75.0,0,40,999,0,0
1041,75.0,0,41,0,0,1
1042,75.0,0,42,999,0,0
1043,75.0,0,43,0,0,0
1044,75.0,0,44,999,0,0
1045,75.0,0,45,0,1,0
1046,75.0,0,46,999,0,0
1047,75.0,0,47,1,1,0
1048,75.0,0,48,999,0,0
1049,75.0,0,49,0,0,1
1050,75.0,0,50,999,0,0
1051,75.0,0,51,1,1,1
1052,75.0,0,52,999,0,0
1053,75.0,0,53,1,1,0
1054,75.0,0,54,999,0,0
1055,75.0,0,55,0,1,1
1056,75.0,0,56,999,0,0
1057,75.0,0,57,1,1,0
1058,75.0,0,58,999,0,0
1059,75.0,0,59,1,1,0
1060,75.0,0,60,999,0,0
1061,75.0,0,61,0,0,1
1062,75.0,0,62,999,0,0
1063,75.0,0,63,0,1,1
1064,75.0,0,64,999,0,0
1065,75.0,0,65,0,0,1
1066,75.0,0,66,999,0,0
1067,75.0,0,67,1,1,1
1068,75.0,0,68,999,0,0
1069,75.0,0,69,0,0,1
1070,75.0,0,70,999,0,0
1071,75.0,0,71,1,1,0
1072,75.0,0,72,999,0,0
1073,75.0,0,73,0,0,1
1074,75.0,0,74,999,0,0
1075,75.0,0,75,1,1,1
1076,75.0,0,76,999,0,0
1077,75.0,0,77,1,1,1
1078,75.0,0,78,999,0,0
1079,75.0,0,79,0,0,0
1080,75.0,0,80,999,0,0
1081,75.0,0,81,1,1,0
1082,75.0,0,82,999,0,0
1083,75.0,0,83,1,1,1
1084,75.0,0,84,999,0,0
1085,75.0,0,85,1,1,1
1086,75.0,0,86,999,0,0
1087,75.0,0,87,0,1,1
1088,75.0,0,88,999,0,0
1089,75.0,0,89,0,1,0
1090,75.0,0,90,999,0,0
1091,75.0,0,91,1,1,1
1092,75.0,0,92,999,0,0
1093,75.0,0,93,0,0,0
1094,75.0,0,94,999,0,0
1095,75.0,0,95,0,1,0
1096,75.0,0,96,999,0,0
1097,75.0,0,97,0,0,1
1098,75.0,0,98,999,0,0
1099,75.0,0,99,0,0,1
1100,75.0,0,100,999,0,0
1101,75.0,0,101,0,0,1
1102,75.0,0,102,999,0,0
1103,75.0,0,103,1,1,1
1104,75.0,0,104,999,0,0
1105,75.0,0,105,1,1,1
1106,75.0,0,106,999,0,0
1107,75.0,0,107,0,0,1
1108,75.0,0,108,999,0,0
1109,75.0,0,109,0,0,0
1110,75.0,0,110,999,0,0
1111,75.0,0,111,0,0,0
1112,75.0,0,112,999,0,0
1113,75.0,0,113,1,1,0
1114,75.0,0,114,999,0,0
1115,75.0,0,115,1,1,1
1116,75.0,0,116,999,0,0
1117,75.0,0,117,0,1,0
1118,75.0,0,118,999,0,0
1119,75.0,0,119,0,1,1
1120,75.0,0,120,999,0,0
1121,75.0,0,121,0,1,0
1122,75.0,0,122,999,0,0
1123,75.0,0,123,0,1,1
1124,75.0,0,124,999,0,0
1125,75.0,0,125,0,1,0
1126,75.0,0,126,999,0,0
1127,75.0,0,127,0,1,1
1128,75.0,0,128,999,0,0
1129,75.0,0,129,0,1,1
1130,75.0,0,130,999,0,0
1131,75.0,0,131,0,1,0
1132,75.0,0,132,999,0,0
1133,75.0,0,133,1,1,1
1134,75.0,0,134,999,0,0
1135,75.0,0,135,0,1,1
1136,75.0,0,136,999,0,0
1137,75.0,0,137,1,1,1
1138,75.0,0,138,999,0,0
1139,75.0,0,139,0,1,0
1140,75.0,0,140,999,0,0
1141,75.0,0,141,0,0,0
1142,75.0,0,142,999,0,0
1143,75.0,0,143,0,1,1
1144,75.0,0,144,999,0,0
1145,75.0,0,145,1,1,0
1146,75.0,0,146,999,0,0
1147,75.0,0,147,0,0,0
1148,75.0,0,148,999,0,0
1149,75.0,0,149,0,1,1
1150,75.0,0,150,999,0,0
1151,75.0,0,151,0,1,1
1152,75.0,0,152,999,0,0
1153,75.0,0,153,0,1,1
1154,75.0,0,154,999,0,0
1155,75.0,0,155,0,1,0
1156,75.0,0,156,999,0,0
1157,75.0,0,157,1,1,1
1158,75.0,0,158,999,0,0
1159,75.0,0,159,0,0,0
1160,75.0,0,160,999,0,0
1161,75.0,0,161,0,0,0
1162,75.0,0,162,999,0,0
1163,75.0,0,163,1,1,0
1164,75.0,0,164,999,0,0
1165,75.0,0,165,0,1,0
1166,75.0,0,166,999,0,0
1167,75.0,0,167,1,0,0
1168,75.0,0,168,999,0,0
1169,75.0,0,169,1,0,1
1170,75.0,0,170,999,0,0
1171,75.0,0,171,1,0,0
1172,75.0,0,172,999,0,0
1173,75.0,0,173,0,1,1
1174,75.0,0,174,999,0,0
1175,75.0,0,175,0,1,1
1176,75.0,0,176,999,0,0
1177,75.0,0,177,0,1,0
1178,75.0,0,178,999,0,0
1179,75.0,0,179,0,1,0
1180,75.0,0,180,999,0,0
1181,75.0,0,181,0,1,0
1182,75.0,0,182,999,0,0
1183,75.0,0,183,1,0,0
1184,75.0,0,184,999,0,0
1185,75.0,0,185,0,0,0
1186,75.0,0,186,999,0,0
1187,75.0,0,187,0,1,0
1188,75.0,0,188,999,0,0
1189,75.0,0,189,0,1,1
1190,75.0,0,190,999,0,0
1191,75.0,0,191,0,1,1
1192,75.0,0,192,999,0,0
1193,75.0,0,193,1,0,0
1194,75.0,0,194,999,0,0
1195,75.0,0,195,0,1,0
1196,75.0,0,196,999,0,0
1197,75.0,0,197,0,1,1
1198,75.0,0,198,999,0,0
1199,75.0,0,199,0,1,0
1200,75.0,0,200,999,0,0
1201,75.0,0,201,1,1,1
1202,75.0,0,202,999,0,0
1203,75.0,0,203,0,1,0
1204,75.0,0,204,999,0,0
1205,75.0,0,205,0,0,1
1206,75.0,0,206,999,0,0
1207,75.0,0,207,1,1,0
1208,75.0,0,208,999,0,0
1209,75.0,0,209,1,1,1
1210,75.0,0,210,999,0,0
1211,75.0,0,211,1,1,1
1212,75.0,0,212,999,0,0
1213,75.0,0,213,0,1,1
1214,75.0,0,214,999,0,0
1215,75.0,0,215,0,1,0
1216,75.0,0,216,999,0,0
1217,75.0,0,217,0,1,1
1218,75.0,0,218,999,0,0
1219,75.0,0,219,0,1,1
1220,75.0,0,220,999,0,0
1221,75.0,0,221,0,1,1
1222,75.0,0,222,999,0,0
1223,75.0,0,223,1,1,0
1224,75.0,0,224,999,0,0
1225,75.0,0,225,0,1,1
1226,75.0,0,226,999,0,0
1227,75.0,0,227,0,1,0
1228,75.0,0,228,999,0,0
1229,75.0,0,229,0,1,0
1230,75.0,0,230,999,0,0
1231,75.0,0,231,0,0,1
1232,75.0,0,232,999,0,0
1233,75.0,0,233,0,0,1
1234,75.0,0,234,999,0,0
1235,75.0,0,235,0,0,1
1236,75.0,0,236,999,0,0
1237,75.0,0,237,0,0,1
1238,75.0,0,238,999,0,0
1239,75.0,0,239,0,0,1
1240,75.0,0,240,999,0,0
1241,75.0,0,241,0,0,1
1242,75.0,0,242,999,0,0
1243,75.0,0,243,1,1,1
1244,75.0,0,244,999,0,0
1245,75.0,0,245,0,0,1
1246,75.0,0,246,999,0,0
1247,75.0,0,247,0,0,1
1248,75.0,0,248,999,0,0
1249,75.0,0,249,0,0,1
1250,81.0,0,0,999,0,0
1251,81.0,0,1,0,0,0
1252,81.0,0,2,999,0,0
1253,81.0,0,3,0,1,0
1254,81.0,0,4,999,1,0
1255,81.0,0,5,1,0,1
1256,81.0,0,6,999,1,0
1257,81.0,0,7,0,0,1
1258,81.0,0,8,999,1,0
1259,81.0,0,9,0,0,0
1260,81.0,0,10,999,1,0
1261,81.0,0,11,1,0,1
1262,81.0,0,12,999,1,0
1263,81.0,0,13,1,0,0
1264,81.0,0,14,999,1,0
1265,81.0,0,15,1,0,1
1266,81.0,0,16,999,1,0
1267,81.0,0,17,1,0,0
1268,81.0,0,18,999,1,0
1269,81.0,0,19,0,0,1
1270,81.0,0,20,999,1,0
1271,81.0,0,21,1,0,1
1272,81.0,0,22,999,1,0
1273,81.0,0,23,1,0,1
1274,81.0,0,24,999,1,0
1275,81.0,0,25,0,0,1
1276,81.0,0,26,999,1,0
1277,81.0,0,27,1,0,1
1278,81.0,0,28,999,1,0
1279,81.0,0,29,1,0,1
1280,81.0,0,30,999,1,0
1281,81.0,0,31,1,0,1
1282,81.0,0,32,999,1,0
1283,81.0,0,33,1,0,1
1284,81.0,0,34,999,1,0
1285,81.0,0,35,1,0,1
1286,81.0,0,36,999,1,0
1287,81.0,0,37,1,0,1
1288,81.0,0,38,999,1,0
1289,81.0,0,39,1,0,1
1290,81.0,0,40,999,1,0
1291,81.0,0,41,1,0,0
1292,81.0,0,42,999,1,0
1293,81.0,0,43,0,0,1
1294,81.0,0,44,999,1,0
1295,81.0,0,45,1,0,1
1296,81.0,0,46,999,1,0
1297,81.0,0,47,1,0,0
1298,81.0,0,48,999,1,0
1299,81.0,0,49,1,0,1
1300,81.0,0,50,999,1,0
1301,81.0,0,51,0,0,1
1302,81.0,0,52,999,1,0
1303,81.0,0,53,1,0,1
1304,81.0,0,54,999,1,0
1305,81.0,0,55,0,0,0
1306,81.0,0,56,999,1,0
1307,81.0,0,57,1,0,1
1308,81.0,0,58,999,1,0
1309,81.0,0,59,1,0,1
1310,81.0,0,60,999,1,0
1311,81.0,0,61,1,0,1
1312,81.0,0,62,999,1,0
1313,81.0,0,63,0,0,0
1314,81.0,0,64,999,1,0
1315,81.0,0,65,1,0,0
1316,81.0,0,66,999,1,0
1317,81.0,0,67,1,0,0
1318,81.0,0,68,999,1,0
1319,81.0,0,69,0,0,0
1320,81.0,0,70,999,1,0
1321,81.0,0,71,1,0,1
1322,81.0,0,72,999,1,0
1323,81.0,0,73,1,0,1
1324,81.0,0,74,999,1,0
1325,81.0,0,75,1,0,1
1326,81.0,0,76,999,1,0
1327,81.0,0,77,1,0,0
1328,81.0,0,78,999,1,0
1329,81.0,0,79,0,0,0
1330,81.0,0,80,999,1,0
1331,81.0,0,81,1,0,1
1332,81.0,0,82,999,1,0
1333,81.0,0,83,1,0,0
1334,81.0,0,84,999,1,0
1335,81.0,0,85,1,0,0
1336,81.0,0,86,999,1,0
1337,81.0,0,87,1,0,1
1338,81.0,0,88,999,1,0
1339,81.0,0,89,1,0,1
1340,81.0,0,90,999,1,0
1341,81.0,0,91,1,0,0
1342,81.0,0,92,999,1,0
1343,81.0,0,93,0,0,0
1344,81.0,0,94,999,1,0
1345,81.0,0,95,1,0,0
1346,81.0,0,96,999,1,0
1347,81.0,0,97,1,0,1
1348,81.0,0,98,999,1,0
1349,81.0,0,99,1,0,0
1350,81.0,0,100,999,1,0
1351,81.0,0,101,1,0,1
1352,81.0,0,102,999,1,0
1353,81.0,0,103,1,0,0
1354,81.0,0,104,999,1,0
1355,81.0,0,105,1,0,1
1356,81.0,0,106,999,1,0
1357,81.0,0,107,1,0,1
1358,81.0,0,108,999,1,0
1359,81.0,0,109,1,0,0
1360,81.0,0,110,999,1,0
1361,81.0,0,111,1,0,0
1362,81.0,0,112,999,1,0
1363,81.0,0,113,1,0,1
1364,81.0,0,114,999,1,0
1365,81.0,0,115,1,0,1
1366,81.0,0,116,999,1,0
1367,81.0,0,117,1,0,1
1368,81.0,0,118,999,1,0
1369,81.0,0,119,1,0,0
1370,81.0,0,120,999,1,0
1371,81.0,0,121,1,0,1
1372,81.0,0,122,999,1,0
1373,81.0,0,123,1,0,0
1374,81.0,0,124,999,1,0
1375,81.0,0,125,1,0,0
1376,81.0,0,126,999,1,0
1377,81.0,0,127,1,0,1
1378,81.0,0,128,999,1,0
1379,81.0,0,129,1,0,1
1380,81.0,0,130,999,1,0
1381,81.0,0,131,0,0,1
1382,81.0,0,132,999,1,0
1383,81.0,0,133,0,0,0
1384,81.0,0,134,999,1,0
1385,81.0,0,135,1,0,0
1386,81.0,0,136,999,1,0
1387,81.0,0,137,1,0,0
1388,81.0,0,138,999,1,0
1389,81.0,0,139,1,0,1
1390,81.0,0,140,999,1,0
1391,81.0,0,141,0,0,0
1392,81.0,0,142,999,1,0
1393,81.0,0,143,1,0,0
1394,81.0,0,144,999,1,0
1395,81.0,0,145,1,0,1
1396,81.0,0,146,999,1,0
1397,81.0,0,147,0,0,0
1398,81.0,0,148,999,1,0
1399,81.0,0,149,1,0,1
1400,81.0,0,150,999,1,0
1401,81.0,0,151,0,0,1
1402,81.0,0,152,999,1,0
1403,81.0,0,153,1,0,1
1404,81.0,0,154,999,1,0
1405,81.0,0,155,0,0,0
1406,81.0,0,156,999,1,0
1407,81.0,0,157,1,0,1
1408,81.0,0,158,999,1,0
1409,81.0,0,159,1,0,0
1410,81.0,0,160,999,1,0
1411,81.0,0,161,1,0,1
1412,81.0,0,162,999,1,0
1413,81.0,0,163,1,0,1
1414,81.0,0,164,999,1,0
1415,81.0,0,165,0,0,0
1416,81.0,0,166,999,1,0
1417,81.0,0,167,1,0,0
1418,81.0,0,168,999,1,0
1419,81.0,0,169,0,0,0
1420,81.0,0,170,999,1,0
1421,81.0,0,171,1,0,1
1422,81.0,0,172,999,1,0
1423,81.0,0,173,1,0,1
1424,81.0,0,174,999,1,0
1425,81.0,0,175,1,0,1
1426,81.0,0,176,999,1,0
1427,81.0,0,177,0,0,0
1428,81.0,0,178,999,1,0
1429,81.0,0,179,1,0,0
1430,81.0,0,180,999,1,0
1431,81.0,0,181,1,0,1
1432,81.0,0,182,999,1,0
1433,81.0,0,183,0,0,0
1434,81.0,0,184,999,1,0
1435,81.0,0,185,1,0,1
1436,81.0,0,186,999,1,0
1437,81.0,0,187,0,0,1
1438,81.0,0,188,999,1,0
1439,81.0,0,189,1,0,1
1440,81.0,0,190,999,1,0
1441,81.0,0,191,1,0,0
1442,81.0,0,192,999,1,0
1443,81.0,0,193,0,0,0
1444,81.0,0,194,999,1,0
1445,81.0,0,195,1,0,1
1446,81.0,0,196,999,1,0
1447,81.0,0,197,0,0,0
1448,81.0,0,198,999,1,0
1449,81.0,0,199,1,0,1
1450,81.0,0,200,999,1,0
1451,81.0,0,201,1,0,1
1452,81.0,0,202,999,1,0
1453,81.0,0,203,0,0,1
1454,81.0,0,204,999,1,0
1455,81.0,0,205,1,0,1
1456,81.0,0,206,999,1,0
1457,81.0,0,207,1,0,1
1458,81.0,0,208,999,1,0
1459,81.0,0,209,1,0,1
1460,81.0,0,210,999,1,0
1461,81.0,0,211,1,0,1
1462,81.0,0,212,999,1,0
1463,81.0,0,213,1,0,0
1464,81.0,0,214,999,1,0
1465,81.0,0,215,0,0,0
1466,81.0,0,216,999,1,0
1467,81.0,0,217,1,0,0
1468,81.0,0,218,999,1,0
1469,81.0,0,219,1,0,1
1470,81.0,0,220,999,1,0
1471,81.0,0,221,1,0,1
1472,81.0,0,222,999,1,0
1473,81.0,0,223,1,0,0
1474,81.0,0,224,999,1,0
1475,81.0,0,225,1,0,1
1476,81.0,0,226,999,1,0
1477,81.0,0,227,1,0,0
1478,81.0,0,228,999,1,0
1479,81.0,0,229,1,0,0
1480,81.0,0,230,999,1,0
1481,81.0,0,231,0,0,0
1482,81.0,0,232,999,1,0
1483,81.0,0,233,1,0,0
1484,81.0,0,234,999,1,0
1485,81.0,0,235,0,0,1
1486,81.0,0,236,999,1,0
1487,81.0,0,237,1,0,0
1488,81.0,0,238,999,1,0
1489,81.0,0,239,0,0,0
1490,81.0,0,240,999,1,0
1491,81.0,0,241,1,0,0
1492,81.0,0,242,999,1,0
1493,81.0,0,243,1,0,1
1494,81.0,0,244,999,1,0
1495,81.0,0,245,1,0,1
1496,81.0,0,246,999,1,0
1497,81.0,0,247,0,0,0
1498,81.0,0,248,999,1,0
1499,81.0,0,249,1,0,1
1500,84.0,0,0,999,1,0
1501,84.0,0,1,0,1,1
1502,84.0,0,2,999,1,0
1503,84.0,0,3,0,1,0
1504,84.0,0,4,999,1,0
1505,84.0,0,5,1,0,0
1506,84.0,0,6,999,1,0
1507,84.0,0,7,1,0,0
1508,84.0,0,8,999,0,0
1509,84.0,0,9,1,1,1
1510,84.0,0,10,999,0,0
1511,84.0,0,11,0,1,1
1512,84.0,0,12,999,0,0
1513,84.0,0,13,0,1,1
1514,84.0,0,14,999,0,0
1515,84.0,0,15,0,1,1
1516,84.0,0,16,999,0,0
1517,84.0,0,17,0,1,0
1518,84.0,0,18,999,0,0
1519,84.0,0,19,1,1,1
1520,84.0,0,20,999,0,0
1521,84.0,0,21,1,1,1
1522,84.0,0,22,999,0,0
1523,84.0,0,23,0,1,0
1524,84.0,0,24,999,0,0
1525,84.0,0,25,1,1,1
1526,84.0,0,26,999,0,0
1527,84.0,0,27,0,1,0
1528,84.0,0,28,999,0,0
1529,84.0,0,29,0,0,1
1530,84.0,0,30,999,0,0
1531,84.0,0,31,1,1,1
1532,84.0,0,32,999,0,0
1533,84.0,0,33,1,1,0
1534,84.0,0,34,999,0,0
1535,84.0,0,35,0,0,0
1536,84.0,0,36,999,1,0
1537,84.0,0,37,0,1,0
1538,84.0,0,38,999,0,0
1539,84.0,0,39,0,0,0
1540,84.0,0,40,999,0,0
1541,84.0,0,41,1,1,1
1542,84.0,0,42,999,0,0
1543,84.0,0,43,0,0,0
1544,84.0,0,44,999,0,0
1545,84.0,0,45,0,1,0
1546,84.0,0,46,999,1,0
1547,84.0,0,47,0,1,0
1548,84.0,0,48,999,0,0
1549,84.0,0,49,0,0,0
1550,84.0,0,50,999,0,0
1551,84.0,0,51,1,1,1
1552,84.0,0,52,999,0,0
1553,84.0,0,53,1,1,1
1554,84.0,0,54,999,0,0
1555,84.0,0,55,1,1,0
1556,84.0,0,56,999,0,0
1557,84.0,0,57,0,1,0
1558,84.0,0,58,999,0,0
1559,84.0,0,59,1,1,1
1560,84.0,0,60,999,0,0
1561,84.0,0,61,0,1,0
1562,84.0,0,62,999,0,0
1563,84.0,0,63,1,1,1
1564,84.0,0,64,999,0,0
1565,84.0,0,65,0,0,1
1566,84.0,0,66,999,0,0
1567,84.0,0,67,0,0,1
1568,84.0,0,68,999,0,0
1569,84.0,0,69,0,0,0
1570,84.0,0,70,999,0,0
1571,84.0,0,71,0,1,0
1572,84.0,0,72,999,1,0
1573,84.0,0,73,0,1,0
1574,84.0,0,74,999,0,0
1575,84.0,0,75,0,1,0
1576,84.0,0,76,999,1,0
1577,84.0,0,77,0,0,1
1578,84.0,0,78,999,1,0
1579,84.0,0,79,0,0,0
1580,84.0,0,80,999,1,0
1581,84.0,0,81,1,1,0
1582,84.0,0,82,999,1,0
1583,84.0,0,83,1,0,1
1584,84.0,0,84,999,1,0
1585,84.0,0,85,1,0,0
1586,84.0,0,86,999,1,0
1587,84.0,0,87,1,1,1
1588,84.0,0,88,999,1,0
1589,84.0,0,89,1,1,0
1590,84.0,0,90,999,1,0
1591,84.0,0,91,1,0,0
1592,84.0,0,92,999,1,0
1593,84.0,0,93,0,1,0
1594,84.0,0,94,999,1,0
1595,84.0,0,95,1,1,0
1596,84.0,0,96,999,0,0
1597,84.0,0,97,0,1,0
1598,84.0,0,98,999,0,0
1599,84.0,0,99,0,0,0
1600,84.0,0,100,999,0,0
1601,84.0,0,101,0,0,1
1602,84.0,0,102,999,0,0
1603,84.0,0,103,1,1,0
1604,84.0,0,104,999,0,0
1605,84.0,0,105,0,0,0
1606,84.0,0,106,999,0,0
1607,84.0,0,107,0,1,0
1608,84.0,0,108,999,0,0
1609,84.0,0,109,0,0,0
1610,84.0,0,110,999,0,0
1611,84.0,0,111,1,0,0
1612,84.0,0,112,999,0,0
1613,84.0,0,113,0,0,1
1614,84.0,0,114,999,0,0
1615,84.0,0,115,1,0,1
1616,84.0,0,116,999,0,0
1617,84.0,0,117,0,0,1
1618,84.0,0,118,999,0,0
1619,84.0,0,119,1,0,0
1620,84.0,0,120,999,0,0
1621,84.0,0,121,0,0,1
1622,84.0,0,122,999,0,0
1623,84.0,0,123,0,0,1
1624,84.0,0,124,999,0,0
1625,84.0,0,125,1,0,0
1626,84.0,0,126,999,0,0
1627,84.0,0,127,0,0,1
1628,84.0,0,128,999,0,0
1629,84.0,0,129,0,0,0
1630,84.0,0,130,999,0,0
1631,84.0,0,131,0,1,1
1632,84.0,0,132,999,0,0
1633,84.0,0,133,1,1,0
1634,84.0,0,134,999,0,0
1635,84.0,0,135,1,0,0
1636,84.0,0,136,999,0,0
1637,84.0,0,137,0,1,0
1638,84.0,0,138,999,0,0
1639,84.0,0,139,1,0,0
1640,84.0,0,140,999,0,0
1641,84.0,0,141,0,1,0
1642,84.0,0,142,999,0,0
1643,84.0,0,143,1,1,1
1644,84.0,0,144,999,0,0
1645,84.0,0,145,0,0,1
1646,84.0,0,146,999,0,0
1647,84.0,0,147,0,0,1
1648,84.0,0,148,999,0,0
1649,84.0,0,149,0,0,1
1650,84.0,0,150,999,0,0
1651,84.0,0,151,0,0,1
1652,84.0,0,152,999,0,0
1653,84.0,0,153,1,0,0
1654,84.0,0,154,999,0,0
1655,84.0,0,155,1,1,1
1656,84.0,0,156,999,0,0
1657,84.0,0,157,0,0,1
1658,84.0,0,158,999,0,0
1659,84.0,0,159,0,0,1
1660,84.0,0,160,999,0,0
1661,84.0,0,161,0,0,1
1662,84.0,0,162,999,0,0
1663,84.0,0,163,1,1,0
1664,84.0,0,164,999,0,0
1665,84.0,0,165,0,0,0
1666,84.0,0,166,999,0,0
1667,84.0,0,167,0,1,0
1668,84.0,0,168,999,0,0
1669,84.0,0,169,0,0,1
1670,84.0,0,170,999,0,0
1671,84.0,0,171,0,0,1
1672,84.0,0,172,999,0,0
1673,84.0,0,173,1,1,0
1674,84.0,0,174,999,0,0
1675,84.0,0,175,0,0,0
1676,84.0,0,176,999,0,0
1677,84.0,0,177,0,1,1
1678,84.0,0,178,999,0,0
1679,84.0,0,179,0,1,1
1680,84.0,0,180,999,0,0
1681,84.0,0,181,0,1,1
1682,84.0,0,182,999,0,0
1683,84.0,0,183,0,1,1
1684,84.0,0,184,999,0,0
1685,84.0,0,185,0,1,0
1686,84.0,0,186,999,0,0
1687,84.0,0,187,0,1,1
1688,84.0,0,188,999,0,0
1689,84.0,0,189,0,1,0
1690,84.0,0,190,999,0,0
1691,84.0,0,191,0,1,0
1692,84.0,0,192,999,0,0
1693,84.0,0,193,1,1,0
1694,84.0,0,194,999,0,0
1695,84.0,0,195,0,1,1
1696,84.0,0,196,999,0,0
1697,84.0,0,197,0,1,1
1698,84.0,0,198,999,0,0
1699,84.0,0,199,0,1,0
1700,84.0,0,200,999,0,0
1701,84.0,0,201,0,0,1
1702,84.0,0,202,999,0,0
1703,84.0,0,203,1,0,1
1704,84.0,0,204,999,0,0
1705,84.0,0,205,0,1,1
1706,84.0,0,206,999,0,0
1707,84.0,0,207,0,1,1
1708,84.0,0,208,999,0,0
1709,84.0,0,209,0,1,0
1710,84.0,0,210,999,0,0
1711,84.0,0,211,0,0,1
1712,84.0,0,212,999,0,0
1713,84.0,0,213,0,0,1
1714,84.0,0,214,999,0,0
1715,84.0,0,215,0,0,0
1716,84.0,0,216,999,0,0
1717,84.0,0,217,0,0,1
1718,84.0,0,218,999,0,0
1719,84.0,0,219,1,0,0
1720,84.0,0,220,999,0,0
1721,84.0,0,221,0,0,0
1722,84.0,0,222,999,0,0
1723,84.0,0,223,0,1,0
1724,84.0,0,224,999,0,0
1725,84.0,0,225,0,0,1
1726,84.0,0,226,999,0,0
1727,84.0,0,227,1,0,0
1728,84.0,0,228,999,0,0
1729,84.0,0,229,0,0,0
1730,84.0,0,230,999,0,0
1731,84.0,0,231,0,1,0
1732,84.0,0,232,999,0,0
1733,84.0,0,233,0,0,0
1734,84.0,0,234,999,0,0
1735,84.0,0,235,0,1,0
1736,84.0,0,236,999,0,0
1737,84.0,0,237,1,1,1
1738,84.0,0,238,999,0,0
1739,84.0,0,239,0,1,0
1740,84.0,0,240,999,0,0
1741,84.0,0,241,0,0,1
1742,84.0,0,242,999,0,0
1743,84.0,0,243,0,0,1
1744,84.0,0,244,999,0,0
1745,84.0,0,245,0,0,1
1746,84.0,0,246,999,0,0
1747,84.0,0,247,0,0,0
1748,84.0,0,248,999,0,0
1749,84.0,0,249,0,1,0
1750,85.0,0,0,999,0,0
1751,85.0,0,1,0,0,0
1752,85.0,0,2,999,0,0
1753,85.0,0,3,1,1,1
1754,85.0,0,4,999,0,0
1755,85.0,0,5,1,1,0
1756,85.0,0,6,999,0,0
1757,85.0,0,7,0,0,0
1758,85.0,0,8,999,0,0
1759,85.0,0,9,1,1,0
1760,85.0,0,10,999,0,0
1761,85.0,0,11,0,0,0
1762,85.0,0,12,999,0,0
1763,85.0,0,13,0,0,0
1764,85.0,0,14,999,0,0
1765,85.0,0,15,0,0,0
1766,85.0,0,16,999,0,0
1767,85.0,0,17,1,0,0
1768,85.0,0,18,999,0,0
1769,85.0,0,19,0,0,1
1770,85.0,0,20,999,0,0
1771,85.0,0,21,1,1,1
1772,85.0,0,22,999,0,0
1773,85.0,0,23,0,0,1
1774,85.0,0,24,999,0,0
1775,85.0,0,25,0,0,1
1776,85.0,0,26,999,0,0
1777,85.0,0,27,0,0,0
1778,85.0,0,28,999,0,0
1779,85.0,0,29,0,0,0
1780,85.0,0,30,999,0,0
1781,85.0,0,31,0,0,0
1782,85.0,0,32,999,0,0
1783,85.0,0,33,0,0,0
1784,85.0,0,34,999,0,0
1785,85.0,0,35,0,0,1
1786,85.0,0,36,999,0,0
1787,85.0,0,37,0,0,0
1788,85.0,0,38,999,0,0
1789,85.0,0,39,1,1,1
1790,85.0,0,40,999,0,0
1791,85.0,0,41,1,1,0
1792,85.0,0,42,999,0,0
1793,85.0,0,43,0,0,1
1794,85.0,0,44,999,0,0
1795,85.0,0,45,1,1,1
1796,85.0,0,46,999,0,0
1797,85.0,0,47,0,0,0
1798,85.0,0,48,999,0,0
1799,85.0,0,49,1,1,0
1800,85.0,0,50,999,0,0
1801,85.0,0,51,0,0,0
1802,85.0,0,52,999,0,0
1803,85.0,0,53,1,1,0
1804,85.0,0,54,999,0,0
1805,85.0,0,55,0,0,1
1806,85.0,0,56,999,0,0
1807,85.0,0,57,0,0,0
1808,85.0,0,58,999,0,0
1809,85.0,0,59,0,0,0
1810,85.0,0,60,999,0,0
1811,85.0,0,61,1,0,0
1812,85.0,0,62,999,0,0
1813,85.0,0,63,0,0,1
1814,85.0,0,64,999,0,0
1815,85.0,0,65,1,1,1
1816,85.0,0,66,999,0,0
1817,85.0,0,67,0,0,0
1818,85.0,0,68,999,0,0
1819,85.0,0,69,0,0,0
1820,85.0,0,70,999,0,0
1821,85.0,0,71,1,1,1
1822,85.0,0,72,999,0,0
1823,85.0,0,73,1,1,1
1824,85.0,0,74,999,0,0
1825,85.0,0,75,1,1,1
1826,85.0,0,76,999,0,0
1827,85.0,0,77,0,0,0
1828,85.0,0,78,999,0,0
1829,85.0,0,79,0,0,0
1830,85.0,0,80,999,0,0
1831,85.0,0,81,0,0,0
1832,85.0,0,82,999,0,0
1833,85.0,0,83,0,0,0
1834,85.0,0,84,999,0,0
1835,85.0,0,85,0,0,0
1836,85.0,0,86,999,0,0
1837,85.0,0,87,0,0,0
1838,85.0,0,88,999,0,0
1839,85.0,0,89,1,1,0
1840,85.0,0,90,999,0,0
1841,85.0,0,91,0,0,1
1842,85.0,0,92,999,0,0
1843,85.0,0,93,0,0,0
1844,85.0,0,94,999,0,0
1845,85.0,0,95,0,0,0
1846,85.0,0,96,999,0,0
1847,85.0,0,97,1,1,0
1848,85.0,0,98,999,0,0
1849,85.0,0,99,0,0,0
1850,85.0,0,100,999,0,0
1851,85.0,0,101,0,0,1
1852,85.0,0,102,999,0,0
1853,85.0,0,103,0,0,1
1854,85.0,0,104,999,0,0
1855,85.0,0,105,1,1,1
1856,85.0,0,106,999,0,0
1857,85.0,0,107,0,0,1
1858,85.0,0,108,999,0,0
1859,85.0,0,109,1,1,0
1860,85.0,0,110,999,0,0
1861,85.0,0,111,1,1,0
1862,85.0,0,112,999,0,0
1863,85.0,0,113,0,0,1
1864,85.0,0,114,999,0,0
1865,85.0,0,115,1,1,1
1866,85.0,0,116,999,0,0
1867,85.0,0,117,1,1,1
1868,85.0,0,118,999,0,0
1869,85.0,0,119,1,1,1
1870,85.0,0,120,999,0,0
1871,85.0,0,121,0,0,1
1872,85.0,0,122,999,0,0
1873,85.0,0,123,0,0,0
1874,85.0,0,124,999,0,0
1875,85.0,0,125,0,0,0
1876,85.0,0,126,999,0,0
1877,85.0,0,127,0,0,0
1878,85.0,0,128,999,0,0
1879,85.0,0,129,0,0,0
1880,85.0,0,130,999,0,0
1881,85.0,0,131,1,1,1
1882,85.0,0,132,999,0,0
1883,85.0,0,133,0,0,1
1884,85.0,0,134,999,0,0
1885,85.0,0,135,0,0,1
1886,85.0,0,136,999,0,0
1887,85.0,0,137,1,1,1
1888,85.0,0,138,999,0,0
1889,85.0,0,139,1,1,1
1890,85.0,0,140,999,0,0
1891,85.0,0,141,0,0,1
1892,85.0,0,142,999,0,0
1893,85.0,0,143,1,1,1
1894,85.0,0,144,999,0,0
1895,85.0,0,145,0,0,0
1896,85.0,0,146,999,0,0
1897,85.0,0,147,0,0,1
1898,85.0,0,148,999,0,0
1899,85.0,0,149,0,0,1
1900,85.0,0,150,999,0,0
1901,85.0,0,151,0,0,0
1902,85.0,0,152,999,0,0
1903,85.0,0,153,1,1,0
1904,85.0,0,154,999,0,0
1905,85.0,0,155,0,0,0
1906,85.0,0,156,999,0,0
1907,85.0,0,157,0,0,0
1908,85.0,0,158,999,0,0
1909,85.0,0,159,1,1,1
1910,85.0,0,160,999,0,0
1911,85.0,0,161,1,1,1
1912,85.0,0,162,999,0,0
1913,85.0,0,163,1,1,1
1914,85.0,0,164,999,0,0
1915,85.0,0,165,0,0,0
1916,85.0,0,166,999,0,0
1917,85.0,0,167,1,1,0
1918,85.0,0,168,999,0,0
1919,85.0,0,169,0,0,0
1920,85.0,0,170,999,0,0
1921,85.0,0,171,1,1,1
1922,85.0,0,172,999,0,0
1923,85.0,0,173,0,0,0
1924,85.0,0,174,999,0,0
1925,85.0,0,175,0,0,1
1926,85.0,0,176,999,0,0
1927,85.0,0,177,0,0,1
1928,85.0,0,178,999,0,0
1929,85.0,0,179,1,1,0
1930,85.0,0,180,999,0,0
1931,85.0,0,181,1,1,0
1932,85.0,0,182,999,0,0
1933,85.0,0,183,0,0,0
1934,85.0,0,184,999,0,0
1935,85.0,0,185,0,0,0
1936,85.0,0,186,999,0,0
1937,85.0,0,187,0,0,0
1938,85.0,0,188,999,0,0
1939,85.0,0,189,0,0,0
1940,85.0,0,190,999,0,0
1941,85.0,0,191,1,1,0
1942,85.0,0,192,999,0,0
1943,85.0,0,193,0,0,0
1944,85.0,0,194,999,0,0
1945,85.0,0,195,1,1,1
1946,85.0,0,196,999,0,0
1947,85.0,0,197,0,0,0
1948,85.0,0,198,999,0,0
1949,85.0,0,199,0,0,0
1950,85.0,0,200,999,0,0
1951,85.0,0,201,1,1,1
1952,85.0,0,202,999,0,0
1953,85.0,0,203,0,0,1
1954,85.0,0,204,999,0,0
1955,85.0,0,205,0,0,1
1956,85.0,0,206,999,0,0
1957,85.0,0,207,0,0,0
1958,85.0,0,208,999,0,0
1959,85.0,0,209,1,1,0
1960,85.0,0,210,999,0,0
1961,85.0,0,211,0,0,1
1962,85.0,0,212,999,0,0
1963,85.0,0,213,0,0,0
1964,85.0,0,214,999,0,0
1965,85.0,0,215,0,0,1
1966,85.0,0,216,999,0,0
1967,85.0,0,217,1,1,0
1968,85.0,0,218,999,0,0
1969,85.0,0,219,1,1,1
1970,85.0,0,220,999,0,0
1971,85.0,0,221,0,0,0
1972,85.0,0,222,999,0,0
1973,85.0,0,223,0,0,1
1974,85.0,0,224,999,0,0
1975,85.0,0,225,1,1,1
1976,85.0,0,226,999,0,0
1977,85.0,0,227,1,1,0
1978,85.0,0,228,999,0,0
1979,85.0,0,229,1,1,1
1980,85.0,0,230,999,0,0
1981,85.0,0,231,0,0,1
1982,85.0,0,232,999,0,0
1983,85.0,0,233,0,0,1
1984,85.0,0,234,999,0,0
1985,85.0,0,235,1,1,1
1986,85.0,0,236,999,0,0
1987,85.0,0,237,0,0,1
1988,85.0,0,238,999,0,0
1989,85.0,0,239,0,0,1
1990,85.0,0,240,999,0,0
1991,85.0,0,241,0,0,1
1992,85.0,0,242,999,0,0
1993,85.0,0,243,1,1,1
1994,85.0,0,244,999,0,0
1995,85.0,0,245,0,0,0
1996,85.0,0,246,999,0,0
1997,85.0,0,247,0,0,1
1998,85.0,0,248,999,0,0
1999,85.0,0,249,0,0,1
2000,90.0,0,0,999,0,0
2001,90.0,0,1,0,0,1
2002,90.0,0,2,999,0,0
2003,90.0,0,3,0,0,1
2004,90.0,0,4,999,0,0
2005,90.0,0,5,0,0,0
2006,90.0,0,6,999,1,0
2007,90.0,0,7,1,0,0
2008,90.0,0,8,999,0,0
2009,90.0,0,9,0,1,1
2010,90.0,0,10,999,0,0
2011,90.0,0,11,0,1,0
2012,90.0,0,12,999,1,0
2013,90.0,0,13,1,1,1
2014,90.0,0,14,999,1,0
2015,90.0,0,15,0,0,1
2016,90.0,0,16,999,1,0
2017,90.0,0,17,1,0,0
2018,90.0,0,18,999,1,0
2019,90.0,0,19,1,1,0
2020,90.0,0,20,999,0,0
2021,90.0,0,21,0,0,0
2022,90.0,0,22,999,0,0
2023,90.0,0,23,1,0,0
2024,90.0,0,24,999,1,0
2025,90.0,0,25,0,1,0
2026,90.0,0,26,999,0,0
2027,90.0,0,27,0,1,1
2028,90.0,0,28,999,0,0
2029,90.0,0,29,0,1,0
2030,90.0,0,30,999,0,0
2031,90.0,0,31,0,1,1
2032,90.0,0,32,999,0,0
2033,90.0,0,33,0,1,1
2034,90.0,0,34,999,0,0
2035,90.0,0,35,0,1,1
2036,90.0,0,36,999,0,0
2037,90.0,0,37,0,1,1
2038,90.0,0,38,999,0,0
2039,90.0,0,39,0,1,0
2040,90.0,0,40,999,0,0
2041,90.0,0,41,0,1,1
2042,90.0,0,42,999,0,0
2043,90.0,0,43,0,1,0
2044,90.0,0,44,999,1,0
2045,90.0,0,45,1,0,0
2046,90.0,0,46,999,1,0
2047,90.0,0,47,1,0,1
2048,90.0,0,48,999,1,0
2049,90.0,0,49,0,0,0
2050,90.0,0,50,999,1,0
2051,90.0,0,51,1,0,0
2052,90.0,0,52,999,0,0
2053,90.0,0,53,0,1,0
2054,90.0,0,54,999,0,0
2055,90.0,0,55,1,1,1
2056,90.0,0,56,999,0,0
2057,90.0,0,57,0,0,1
2058,90.0,0,58,999,0,0
2059,90.0,0,59,1,1,1
2060,90.0,0,60,999,0,0
2061,90.0,0,61,1,1,1
2062,90.0,0,62,999,0,0
2063,90.0,0,63,1,1,0
2064,90.0,0,64,999,0,0
2065,90.0,0,65,0,0,1
2066,90.0,0,66,999,0,0
2067,90.0,0,67,0,0,1
2068,90.0,0,68,999,0,0
2069,90.0,0,69,0,0,0
2070,90.0,0,70,999,1,0
2071,90.0,0,71,0,0,1
2072,90.0,0,72,999,1,0
2073,90.0,0,73,1,0,1
2074,90.0,0,74,999,1,0
2075,90.0,0,75,1,0,0
2076,90.0,0,76,999,1,0
2077,90.0,0,77,1,1,0
2078,90.0,0,78,999,0,0
2079,90.0,0,79,0,0,0
2080,90.0,0,80,999,0,0
2081,90.0,0,81,1,0,1
2082,90.0,0,82,999,0,0
2083,90.0,0,83,0,0,0
2084,90.0,0,84,999,0,0
2085,90.0,0,85,0,1,1
2086,90.0,0,86,999,0,0
2087,90.0,0,87,0,1,1
2088,90.0,0,88,999,0,0
2089,90.0,0,89,1,1,1
2090,90.0,0,90,999,0,0
2091,90.0,0,91,0,1,0
2092,90.0,0,92,999,0,0
2093,90.0,0,93,0,1,0
2094,90.0,0,94,999,0,0
2095,90.0,0,95,1,1,0
2096,90.0,0,96,999,0,0
2097,90.0,0,97,1,0,0
2098,90.0,0,98,999,1,0
2099,90.0,0,99,1,1,1
2100,90.0,0,100,999,1,0
2101,90.0,0,101,0,0,1
2102,90.0,0,102,999,1,0
2103,90.0,0,103,0,0,0
2104,90.0,0,104,999,1,0
2105,90.0,0,105,1,0,0
2106,90.0,0,106,999,1,0
2107,90.0,0,107,0,1,0
2108,90.0,0,108,999,0,0
2109,90.0,0,109,0,0,0
2110,90.0,0,110,999,0,0
2111,90.0,0,111,1,0,1
2112,90.0,0,112,999,0,0
2113,90.0,0,113,1,0,1
2114,90.0,0,114,999,0,0
2115,90.0,0,115,1,0,0
2116,90.0,0,116,999,0,0
2117,90.0,0,117,0,0,0
2118,90.0,0,118,999,0,0
2119,90.0,0,119,0,1,1
2120,90.0,0,120,999,0,0
2121,90.0,0,121,1,0,0
2122,90.0,0,122,999,0,0
2123,90.0,0,123,0,1,1
2124,90.0,0,124,999,0,0
2125,90.0,0,125,0,1,1
2126,90.0,0,126,999,0,0
2127,90.0,0,127,1,1,1
2128,90.0,0,128,999,0,0
2129,90.0,0,129,1,1,0
2130,90.0,0,130,999,0,0
2131,90.0,0,131,0,0,1
2132,90.0,0,132,999,0,0
2133,90.0,0,133,0,1,0
2134,90.0,0,134,999,0,0
2135,90.0,0,135,1,1,1
2136,90.0,0,136,999,0,0
2137,90.0,0,137,0,0,1
2138,90.0,0,138,999,0,0
2139,90.0,0,139,0,0,0
2140,90.0,0,140,999,0,0
2141,90.0,0,141,1,1,1
2142,90.0,0,142,999,0,0
2143,90.0,0,143,0,1,1
2144,90.0,0,144,999,0,0
2145,90.0,0,145,0,1,1
2146,90.0,0,146,999,0,0
2147,90.0,0,147,0,1,0
2148,90.0,0,148,999,0,0
2149,90.0,0,149,0,0,0
2150,90.0,0,150,999,0,0
2151,90.0,0,151,0,1,0
2152,90.0,0,152,999,0,0
2153,90.0,0,153,1,0,1
2154,90.0,0,154,999,0,0
2155,90.0,0,155,1,0,1
2156,90.0,0,156,999,0,0
2157,90.0,0,157,0,0,0
2158,90.0,0,158,999,0,0
2159,90.0,0,159,1,0,0
2160,90.0,0,160,999,0,0
2161,90.0,0,161,0,1,1
2162,90.0,0,162,999,0,0
2163,90.0,0,163,0,1,1
2164,90.0,0,164,999,0,0
2165,90.0,0,165,0,1,1
2166,90.0,0,166,999,0,0
2167,90.0,0,167,0,1,0
2168,90.0,0,168,999,0,0
2169,90.0,0,169,1,0,0
2170,90.0,0,170,999,0,0
2171,90.0,0,171,1,0,0
2172,90.0,0,172,999,0,0
2173,90.0,0,173,0,0,1
2174,90.0,0,174,999,0,0
2175,90.0,0,175,1,0,0
2176,90.0,0,176,999,0,0
2177,90.0,0,177,1,1,0
2178,90.0,0,178,999,0,0
2179,90.0,0,179,0,0,0
2180,90.0,0,180,999,0,0
2181,90.0,0,181,0,1,0
2182,90.0,0,182,999,1,0
2183,90.0,0,183,0,0,1
2184,90.0,0,184,999,1,0
2185,90.0,0,185,1,0,1
2186,90.0,0,186,999,1,0
2187,90.0,0,187,0,0,0
2188,90.0,0,188,999,1,0
2189,90.0,0,189,1,1,1
2190,90.0,0,190,999,1,0
2191,90.0,0,191,0,0,0
2192,90.0,0,192,999,1,0
2193,90.0,0,193,1,0,1
2194,90.0,0,194,999,1,0
2195,90.0,0,195,1,0,1
2196,90.0,0,196,999,1,0
2197,90.0,0,197,1,0,1
2198,90.0,0,198,999,1,0
2199,90.0,0,199,1,0,1
2200,90.0,0,200,999,1,0
2201,90.0,0,201,0,1,1
2202,90.0,0,202,999,1,0
2203,90.0,0,203,0,1,1
2204,90.0,0,204,999,1,0
2205,90.0,0,205,1,0,1
2206,90.0,0,206,999,1,0
2207,90.0,0,207,0,1,1
2208,90.0,0,208,999,1,0
2209,90.0,0,209,1,0,1
2210,90.0,0,210,999,1,0
2211,90.0,0,211,0,1,0
2212,90.0,0,212,999,1,0
2213,90.0,0,213,0,0,0
2214,90.0,0,214,999,1,0
2215,90.0,0,215,1,0,1
2216,90.0,0,216,999,1,0
2217,90.0,0,217,1,0,1
2218,90.0,0,218,999,1,0
2219,90.0,0,219,1,0,1
2220,90.0,0,220,999,1,0
2221,90.0,0,221,1,0,1
2222,90.0,0,222,999,1,0
2223,90.0,0,223,0,1,1
2224,90.0,0,224,999,1,0
2225,90.0,0,225,1,0,0
2226,90.0,0,226,999,1,0
2227,90.0,0,227,1,1,1
2228,90.0,0,228,999,1,0
2229,90.0,0,229,0,1,1
2230,90.0,0,230,999,1,0
2231,90.0,0,231,1,1,1
2232,90.0,0,232,999,1,0
2233,90.0,0,233,0,1,1
2234,90.0,0,234,999,1,0
2235,90.0,0,235,1,1,0
2236,90.0,0,236,999,1,0
2237,90.0,0,237,1,0,1
2238,90.0,0,238,999,1,0
2239,90.0,0,239,1,0,0
2240,90.0,0,240,999,1,0
2241,90.0,0,241,1,0,1
2242,90.0,0,242,999,1,0
2243,90.0,0,243,0,1,1
2244,90.0,0,244,999,1,0
2245,90.0,0,245,1,0,1
2246,90.0,0,246,999,1,0
2247,90.0,0,247,1,0,1
2248,90.0,0,248,999,1,0
2249,90.0,0,249,1,0,0
2250,98.0,0,0,999,1,0
2251,98.0,0,1,1,0,1
2252,98.0,0,2,999,1,0
2253,98.0,0,3,1,0,1
2254,98.0,0,4,999,1,0
2255,98.0,0,5,1,0,1
2256,98.0,0,6,999,1,0
2257,98.0,0,7,0,0,0
2258,98.0,0,8,999,1,0
2259,98.0,0,9,1,0,1
2260,98.0,0,10,999,1,0
2261,98.0,0,11,1,0,1
2262,98.0,0,12,999,1,0
2263,98.0,0,13,1,0,1
2264,98.0,0,14,999,1,0
2265,98.0,0,15,1,0,0
2266,98.0,0,16,999,1,0
2267,98.0,0,17,1,1,0
2268,98.0,0,18,999,0,0
2269,98.0,0,19,1,0,1
2270,98.0,0,20,999,1,0
2271,98.0,0,21,0,1,1
2272,98.0,0,22,999,0,0
2273,98.0,0,23,0,1,1
2274,98.0,0,24,999,0,0
2275,98.0,0,25,0,1,0
2276,98.0,0,26,999,0,0
2277,98.0,0,27,0,1,1
2278,98.0,0,28,999,0,0
2279,98.0,0,29,1,1,0
2280,98.0,0,30,999,0,0
2281,98.0,0,31,0,1,1
2282,98.0,0,32,999,0,0
2283,98.0,0,33,0,1,0
2284,98.0,0,34,999,0,0
2285,98.0,0,35,0,1,0
2286,98.0,0,36,999,0,0
2287,98.0,0,37,0,0,0
2288,98.0,0,38,999,0,0
2289,98.0,0,39,0,1,1
2290,98.0,0,40,999,0,0
2291,98.0,0,41,0,1,1
2292,98.0,0,42,999,0,0
2293,98.0,0,43,0,1,0
2294,98.0,0,44,999,0,0
2295,98.0,0,45,0,0,0
2296,98.0,0,46,999,0,0
2297,98.0,0,47,0,0,0
2298,98.0,0,48,999,0,0
2299,98.0,0,49,0,1,1
2300,98.0,0,50,999,0,0
2301,98.0,0,51,1,0,1
2302,98.0,0,52,999,0,0
2303,98.0,0,53,0,0,1
2304,98.0,0,54,999,0,0
2305,98.0,0,55,0,0,0
2306,98.0,0,56,999,0,0
2307,98.0,0,57,0,0,1
2308,98.0,0,58,999,0,0
2309,98.0,0,59,1,1,0
2310,98.0,0,60,999,0,0
2311,98.0,0,61,0,1,0
2312,98.0,0,62,999,0,0
2313,98.0,0,63,0,1,0
2314,98.0,0,64,999,0,0
2315,98.0,0,65,0,0,0
2316,98.0,0,66,999,0,0
2317,98.0,0,67,0,1,1
2318,98.0,0,68,999,0,0
2319,98.0,0,69,1,0,1
2320,98.0,0,70,999,0,0
2321,98.0,0,71,1,0,0
2322,98.0,0,72,999,0,0
2323,98.0,0,73,1,0,0
2324,98.0,0,74,999,0,0
2325,98.0,0,75,0,0,0
2326,98.0,0,76,999,0,0
2327,98.0,0,77,0,0,0
2328,98.0,0,78,999,0,0
2329,98.0,0,79,1,0,0
2330,98.0,0,80,999,0,0
2331,98.0,0,81,0,1,0
2332,98.0,0,82,999,0,0
2333,98.0,0,83,0,0,1
2334,98.0,0,84,999,0,0
2335,98.0,0,85,0,0,1
2336,98.0,0,86,999,0,0
2337,98.0,0,87,0,0,1
2338,98.0,0,88,999,0,0
2339,98.0,0,89,0,0,0
2340,98.0,0,90,999,0,0
2341,98.0,0,91,0,1,0
2342,98.0,0,92,999,0,0
2343,98.0,0,93,0,0,0
2344,98.0,0,94,999,0,0
2345,98.0,0,95,0,0,1
2346,98.0,0,96,999,0,0
2347,98.0,0,97,1,0,0
2348,98.0,0,98,999,0,0
2349,98.0,0,99,0,1,1
2350,98.0,0,100,999,0,0
2351,98.0,0,101,0,1,1
2352,98.0,0,102,999,0,0
2353,98.0,0,103,0,1,1
2354,98.0,0,104,999,0,0
2355,98.0,0,105,0,1,0
2356,98.0,0,106,999,0,0
2357,98.0,0,107,0,1,1
2358,98.0,0,108,999,0,0
2359,98.0,0,109,0,1,0
2360,98.0,0,110,999,0,0
2361,98.0,0,111,1,0,1
2362,98.0,0,112,999,0,0
2363,98.0,0,113,1,0,0
2364,98.0,0,114,999,0,0
2365,98.0,0,115,0,1,0
2366,98.0,0,116,999,0,0
2367,98.0,0,117,0,1,0
2368,98.0,0,118,999,0,0
2369,98.0,0,119,0,0,1
2370,98.0,0,120,999,0,0
2371,98.0,0,121,0,0,1
2372,98.0,0,122,999,0,0
2373,98.0,0,123,0,0,1
2374,98.0,0,124,999,0,0
2375,98.0,0,125,0,0,0
2376,98.0,0,126,999,0,0
2377,98.0,0,127,0,0,0
2378,98.0,0,128,999,0,0
2379,98.0,0,129,0,1,0
2380,98.0,0,130,999,0,0
2381,98.0,0,131,0,1,1
2382,98.0,0,132,999,0,0
2383,98.0,0,133,0,1,1
2384,98.0,0,134,999,0,0
2385,98.0,0,135,1,0,1
2386,98.0,0,136,999,0,0
2387,98.0,0,137,0,1,1
2388,98.0,0,138,999,0,0
2389,98.0,0,139,1,0,0
2390,98.0,0,140,999,0,0
2391,98.0,0,141,0,1,1
2392,98.0,0,142,999,0,0
2393,98.0,0,143,0,1,0
2394,98.0,0,144,999,0,0
2395,98.0,0,145,1,1,1
2396,98.0,0,146,999,0,0
2397,98.0,0,147,0,0,1
2398,98.0,0,148,999,0,0
2399,98.0,0,149,0,0,1
2400,98.0,0,150,999,0,0
2401,98.0,0,151,1,0,0
2402,98.0,0,152,999,0,0
2403,98.0,0,153,1,0,0
2404,98.0,0,154,999,0,0
2405,98.0,0,155,1,1,0
2406,98.0,0,156,999,0,0
2407,98.0,0,157,0,1,0
2408,98.0,0,158,999,0,0
2409,98.0,0,159,0,1,1
2410,98.0,0,160,999,0,0
2411,98.0,0,161,0,1,0
2412,98.0,0,162,999,0,0
2413,98.0,0,163,0,1,1
2414,98.0,0,164,999,0,0
2415,98.0,0,165,0,1,1
2416,98.0,0,166,999,0,0
2417,98.0,0,167,0,1,1
2418,98.0,0,168,999,0,0
2419,98.0,0,169,1,1,1
2420,98.0,0,170,999,0,0
2421,98.0,0,171,0,1,0
2422,98.0,0,172,999,0,0
2423,98.0,0,173,1,1,0
2424,98.0,0,174,999,0,0
2425,98.0,0,175,0,1,1
2426,98.0,0,176,999,0,0
2427,98.0,0,177,1,0,0
2428,98.0,0,178,999,0,0
2429,98.0,0,179,0,1,1
2430,98.0,0,180,999,0,0
2431,98.0,0,181,0,1,1
2432,98.0,0,182,999,0,0
2433,98.0,0,183,1,1,1
2434,98.0,0,184,999,0,0
2435,98.0,0,185,1,0,1
2436,98.0,0,186,999,0,0
2437,98.0,0,187,0,1,0
2438,98.0,0,188,999,0,0
2439,98.0,0,189,0,1,1
2440,98.0,0,190,999,0,0
2441,98.0,0,191,1,1,0
2442,98.0,0,192,999,0,0
2443,98.0,0,193,1,0,1
2444,98.0,0,194,999,0,0
2445,98.0,0,195,0,1,1
2446,98.0,0,196,999,0,0
2447,98.0,0,197,1,0,0
2448,98.0,0,198,999,0,0
2449,98.0,0,199,0,1,0
2450,98.0,0,200,999,0,0
2451,98.0,0,201,1,0,1
2452,98.0,0,202,999,0,0
2453,98.0,0,203,0,1,1
2454,98.0,0,204,999,0,0
2455,98.0,0,205,0,1,1
2456,98.0,0,206,999,0,0
2457,98.0,0,207,1,0,0
2458,98.0,0,208,999,0,0
2459,98.0,0,209,1,0,1
2460,98.0,0,210,999,0,0
2461,98.0,0,211,0,1,1
2462,98.0,0,212,999,0,0
2463,98.0,0,213,1,1,0
2464,98.0,0,214,999,0,0
2465,98.0,0,215,0,1,0
2466,98.0,0,216,999,0,0
2467,98.0,0,217,0,0,1
2468,98.0,0,218,999,0,0
2469,98.0,0,219,0,0,0
2470,98.0,0,220,999,0,0
2471,98.0,0,221,0,0,1
2472,98.0,0,222,999,0,0
2473,98.0,0,223,0,0,0
2474,98.0,0,224,999,0,0
2475,98.0,0,225,0,0,1
2476,98.0,0,226,999,0,0
2477,98.0,0,227,0,0,1
2478,98.0,0,228,999,0,0
2479,98.0,0,229,0,0,0
2480,98.0,0,230,999,0,0
2481,98.0,0,231,0,1,1
2482,98.0,0,232,999,0,0
2483,98.0,0,233,0,1,1
2484,98.0,0,234,999,0,0
2485,98.0,0,235,0,1,0
2486,98.0,0,236,999,0,0
2487,98.0,0,237,0,1,1
2488,98.0,0,238,999,0,0
2489,98.0,0,239,0,1,1
2490,98.0,0,240,999,0,0
2491,98.0,0,241,0,1,0
2492,98.0,0,242,999,0,0
2493,98.0,0,243,0,1,0
2494,98.0,0,244,999,0,0
2495,98.0,0,245,0,0,1
2496,98.0,0,246,999,0,0
2497,98.0,0,247,1,0,1
2498,98.0,0,248,999,0,0
2499,98.0,0,249,1,0,0
2500,106.0,0,0,999,0,0
2501,106.0,0,1,0,0,0
2502,106.0,0,2,999,1,0
2503,106.0,0,3,1,1,0
2504,106.0,0,4,999,0,0
2505,106.0,0,5,0,0,1
2506,106.0,0,6,999,0,0
2507,106.0,0,7,0,0,1
2508,106.0,0,8,999,0,0
2509,106.0,0,9,0,0,0
2510,106.0,0,10,999,1,0
2511,106.0,0,11,1,0,1
2512,106.0,0,12,999,1,0
2513,106.0,0,13,1,0,1
2514,106.0,0,14,999,1,0
2515,106.0,0,15,1,0,1
2516,106.0,0,16,999,1,0
2517,106.0,0,17,1,0,1
2518,106.0,0,18,999,1,0
2519,106.0,0,19,1,0,0
2520,106.0,0,20,999,1,0
2521,106.0,0,21,0,0,0
2522,106.0,0,22,999,0,0
2523,106.0,0,23,1,1,0
2524,106.0,0,24,999,1,0
2525,106.0,0,25,1,0,1
2526,106.0,0,26,999,1,0
2527,106.0,0,27,0,0,1
2528,106.0,0,28,999,1,0
2529,106.0,0,29,0,0,1
2530,106.0,0,30,999,1,0
2531,106.0,0,31,1,0,0
2532,106.0,0,32,999,0,0
2533,106.0,0,33,0,0,1
2534,106.0,0,34,999,0,0
2535,106.0,0,35,0,0,1
2536,106.0,0,36,999,0,0
2537,106.0,0,37,1,1,1
2538,106.0,0,38,999,0,0
2539,106.0,0,39,0,0,0
2540,106.0,0,40,999,1,0
2541,106.0,0,41,0,0,1
2542,106.0,0,42,999,1,0
2543,106.0,0,43,1,0,1
2544,106.0,0,44,999,1,0
2545,106.0,0,45,0,0,1
2546,106.0,0,46,999,1,0
2547,106.0,0,47,1,0,1
2548,106.0,0,48,999,1,0
2549,106.0,0,49,1,0,1
2550,106.0,0,50,999,1,0
2551,106.0,0,51,1,0,1
2552,106.0,0,52,999,1,0
2553,106.0,0,53,1,0,1
2554,106.0,0,54,999,1,0
2555,106.0,0,55,1,0,0
2556,106.0,0,56,999,0,0
2557,106.0,0,57,0,0,1
2558,106.0,0,58,999,0,0
2559,106.0,0,59,0,0,1
2560,106.0,0,60,999,0,0
2561,106.0,0,61,0,0,1
2562,106.0,0,62,999,0,0
2563,106.0,0,63,0,0,1
2564,106.0,0,64,999,0,0
2565,106.0,0,65,0,0,0
2566,106.0,0,66,999,1,0
2567,106.0,0,67,1,0,1
2568,106.0,0,68,999,1,0
2569,106.0,0,69,1,0,1
2570,106.0,0,70,999,1,0
2571,106.0,0,71,0,0,0
2572,106.0,0,72,999,0,0
2573,106.0,0,73,0,0,1
2574,106.0,0,74,999,0,0
2575,106.0,0,75,0,0,0
2576,106.0,0,76,999,1,0
2577,106.0,0,77,1,0,0
2578,106.0,0,78,999,1,0
2579,106.0,0,79,0,0,1
2580,106.0,0,80,999,1,0
2581,106.0,0,81,1,1,1
2582,106.0,0,82,999,1,0
2583,106.0,0,83,1,1,0
2584,106.0,0,84,999,0,0
2585,106.0,0,85,0,0,1
2586,106.0,0,86,999,0,0
2587,106.0,0,87,0,0,1
2588,106.0,0,88,999,0,0
2589,106.0,0,89,0,0,0
2590,106.0,0,90,999,1,0
2591,106.0,0,91,1,0,1
2592,106.0,0,92,999,1,0
2593,106.0,0,93,1,0,0
2594,106.0,0,94,999,0,0
2595,106.0,0,95,0,0,0
2596,106.0,0,96,999,0,0
2597,106.0,0,97,0,1,1
2598,106.0,0,98,999,0,0
2599,106.0,0,99,0,1,0
2600,106.0,0,100,999,1,0
2601,106.0,0,101,1,0,1
2602,106.0,0,102,999,1,0
2603,106.0,0,103,1,0,1
2604,106.0,0,104,999,1,0
2605,106.0,0,105,1,0,1
2606,106.0,0,106,999,1,0
2607,106.0,0,107,1,0,1
2608,106.0,0,108,999,1,0
2609,106.0,0,109,0,0,1
2610,106.0,0,110,999,1,0
2611,106.0,0,111,1,0,0
2612,106.0,0,112,999,0,0
2613,106.0,0,113,0,0,0
2614,106.0,0,114,999,0,0
2615,106.0,0,115,0,1,0
2616,106.0,0,116,999,1,0
2617,106.0,0,117,0,0,0
2618,106.0,0,118,999,1,0
2619,106.0,0,119,1,0,0
2620,106.0,0,120,999,0,0
2621,106.0,0,121,1,1,0
2622,106.0,0,122,999,0,0
2623,106.0,0,123,0,0,1
2624,106.0,0,124,999,0,0
2625,106.0,0,125,1,0,1
2626,106.0,0,126,999,0,0
2627,106.0,0,127,0,0,1
2628,106.0,0,128,999,0,0
2629,106.0,0,129,0,0,1
2630,106.0,0,130,999,0,0
2631,106.0,0,131,0,0,1
2632,106.0,0,132,999,0,0
2633,106.0,0,133,0,0,0
2634,106.0,0,134,999,1,0
2635,106.0,0,135,1,0,1
2636,106.0,0,136,999,1,0
2637,106.0,0,137,1,0,1
2638,106.0,0,138,999,1,0
2639,106.0,0,139,1,0,0
2640,106.0,0,140,999,0,0
2641,106.0,0,141,0,0,0
2642,106.0,0,142,999,0,0
2643,106.0,0,143,1,0,1
2644,106.0,0,144,999,0,0
2645,106.0,0,145,0,0,0
2646,106.0,0,146,999,0,0
2647,106.0,0,147,0,1,0
2648,106.0,0,148,999,1,0
2649,106.0,0,149,1,0,1
2650,106.0,0,150,999,1,0
2651,106.0,0,151,1,0,1
2652,106.0,0,152,999,1,0
2653,106.0,0,153,1,0,1
2654,106.0,0,154,999,1,0
2655,106.0,0,155,1,0,0
2656,106.0,0,156,999,0,0
2657,106.0,0,157,1,0,1
2658,106.0,0,158,999,0,0
2659,106.0,0,159,0,0,1
2660,106.0,0,160,999,0,0
2661,106.0,0,161,1,0,1
2662,106.0,0,162,999,0,0
2663,106.0,0,163,1,0,1
2664,106.0,0,164,999,0,0
2665,106.0,0,165,0,0,1
2666,106.0,0,166,999,0,0
2667,106.0,0,167,0,0,0
2668,106.0,0,168,999,0,0
2669,106.0,0,169,1,0,1
2670,106.0,0,170,999,0,0
2671,106.0,0,171,0,0,1
2672,106.0,0,172,999,0,0
2673,106.0,0,173,1,0,1
2674,106.0,0,174,999,0,0
2675,106.0,0,175,1,0,1
2676,106.0,0,176,999,0,0
2677,106.0,0,177,0,0,1
2678,106.0,0,178,999,0,0
2679,106.0,0,179,0,0,1
2680,106.0,0,180,999,0,0
2681,106.0,0,181,0,0,1
2682,106.0,0,182,999,0,0
2683,106.0,0,183,0,0,0
2684,106.0,0,184,999,0,0
2685,106.0,0,185,0,1,1
2686,106.0,0,186,999,0,0
2687,106.0,0,187,0,1,0
2688,106.0,0,188,999,1,0
2689,106.0,0,189,0,0,1
2690,106.0,0,190,999,1,0
2691,106.0,0,191,1,0,0
2692,106.0,0,192,999,1,0
2693,106.0,0,193,1,1,1
2694,106.0,0,194,999,1,0
2695,106.0,0,195,1,1,0
2696,106.0,0,196,999,1,0
2697,106.0,0,197,1,1,1
2698,106.0,0,198,999,1,0
2699,106.0,0,199,0,0,0
2700,106.0,0,200,999,1,0
2701,106.0,0,201,1,1,1
2702,106.0,0,202,999,1,0
2703,106.0,0,203,1,1,1
2704,106.0,0,204,999,1,0
2705,106.0,0,205,0,1,1
2706,106.0,0,206,999,1,0
2707,106.0,0,207,1,1,0
2708,106.0,0,208,999,0,0
2709,106.0,0,209,1,1,0
2710,106.0,0,210,999,0,0
2711,106.0,0,211,0,0,1
2712,106.0,0,212,999,0,0
2713,106.0,0,213,1,0,0
2714,106.0,0,214,999,0,0
2715,106.0,0,215,1,0,1
2716,106.0,0,216,999,0,0
2717,106.0,0,217,0,0,1
2718,106.0,0,218,999,0,0
2719,106.0,0,219,0,0,0
2720,106.0,0,220,999,0,0
2721,106.0,0,221,0,1,0
2722,106.0,0,222,999,1,0
2723,106.0,0,223,1,0,0
2724,106.0,0,224,999,1,0
2725,106.0,0,225,0,0,0
2726,106.0,0,226,999,1,0
2727,106.0,0,227,1,0,0
2728,106.0,0,228,999,0,0
2729,106.0,0,229,0,0,1
2730,106.0,0,230,999,0,0
2731,106.0,0,231,0,0,1
2732,106.0,0,232,999,0,0
2733,106.0,0,233,0,0,1
2734,106.0,0,234,999,0,0
2735,106.0,0,235,0,0,1
2736,106.0,0,236,999,0,0
2737,106.0,0,237,0,0,1
2738,106.0,0,238,999,0,0
2739,106.0,0,239,1,0,0
2740,106.0,0,240,999,1,0
2741,106.0,0,241,1,0,0
2742,106.0,0,242,999,1,0
2743,106.0,0,243,1,1,1
2744,106.0,0,244,999,1,0
2745,106.0,0,245,1,1,0
2746,106.0,0,246,999,1,0
2747,106.0,0,247,1,1,0
2748,106.0,0,248,999,0,0
2749,106.0,0,249,0,0,0
2750,120.0,0,0,999,0,0
2751,120.0,0,1,0,0,0
2752,120.0,0,2,999,0,0
2753,120.0,0,3,1,0,0
2754,120.0,0,4,999,0,0
2755,120.0,0,5,1,1,1
2756,120.0,0,6,999,0,0
2757,120.0,0,7,0,1,0
2758,120.0,0,8,999,0,0
2759,120.0,0,9,0,0,1
2760,120.0,0,10,999,0,0
2761,120.0,0,11,0,0,0
2762,120.0,0,12,999,0,0
2763,120.0,0,13,1,1,0
2764,120.0,0,14,999,0,0
2765,120.0,0,15,1,0,0
2766,120.0,0,16,999,0,0
2767,120.0,0,17,0,0,0
2768,120.0,0,18,999,0,0
2769,120.0,0,19,0,0,1
2770,120.0,0,20,999,0,0
2771,120.0,0,21,1,0,0
2772,120.0,0,22,999,0,0
2773,120.0,0,23,0,0,0
2774,120.0,0,24,999,0,0
2775,120.0,0,25,1,0,0
2776,120.0,0,26,999,0,0
2777,120.0,0,27,0,0,0
2778,120.0,0,28,999,0,0
2779,120.0,0,29,0,1,1
2780,120.0,0,30,999,0,0
2781,120.0,0,31,1,0,0
2782,120.0,0,32,999,0,0
2783,120.0,0,33,0,1,1
2784,120.0,0,34,999,0,0
2785,120.0,0,35,0,1,0
2786,120.0,0,36,999,0,0
2787,120.0,0,37,0,1,1
2788,120.0,0,38,999,0,0
2789,120.0,0,39,1,1,1
2790,120.0,0,40,999,0,0
2791,120.0,0,41,0,1,1
2792,120.0,0,42,999,0,0
2793,120.0,0,43,0,1,1
2794,120.0,0,44,999,0,0
2795,120.0,0,45,0,1,1
2796,120.0,0,46,999,0,0
2797,120.0,0,47,0,1,1
2798,120.0,0,48,999,0,0
2799,120.0,0,49,0,1,1
2800,120.0,0,50,999,0,0
2801,120.0,0,51,0,1,1
2802,120.0,0,52,999,0,0
2803,120.0,0,53,1,1,1
2804,120.0,0,54,999,0,0
2805,120.0,0,55,1,1,0
2806,120.0,0,56,999,0,0
2807,120.0,0,57,1,1,1
2808,120.0,0,58,999,0,0
2809,120.0,0,59,0,1,0
2810,120.0,0,60,999,0,0
2811,120.0,0,61,0,1,0
2812,120.0,0,62,999,0,0
2813,120.0,0,63,0,1,0
2814,120.0,0,64,999,0,0
2815,120.0,0,65,0,1,1
2816,120.0,0,66,999,0,0
2817,120.0,0,67,0,1,1
2818,120.0,0,68,999,0,0
2819,120.0,0,69,0,1,1
2820,120.0,0,70,999,0,0
2821,120.0,0,71,1,1,1
2822,120.0,0,72,999,0,0
2823,120.0,0,73,1,1,0
2824,120.0,0,74,999,0,0
2825,120.0,0,75,0,1,1
2826,120.0,0,76,999,0,0
2827,120.0,0,77,1,1,0
2828,120.0,0,78,999,0,0
2829,120.0,0,79,0,1,1
2830,120.0,0,80,999,0,0
2831,120.0,0,81,0,1,1
2832,120.0,0,82,999,0,0
2833,120.0,0,83,0,1,1
2834,120.0,0,84,999,0,0
2835,120.0,0,85,0,1,1
2836,120.0,0,86,999,0,0
2837,120.0,0,87,1,1,1
2838,120.0,0,88,999,0,0
2839,120.0,0,89,0,1,1
2840,120.0,0,90,999,0,0
2841,120.0,0,91,0,1,1
2842,120.0,0,92,999,0,0
2843,120.0,0,93,1,1,1
2844,120.0,0,94,999,0,0
2845,120.0,0,95,0,1,0
2846,120.0,0,96,999,0,0
2847,120.0,0,97,0,1,0
2848,120.0,0,98,999,0,0
2849,120.0,0,99,0,1,0
2850,120.0,0,100,999,0,0
2851,120.0,0,101,0,1,1
2852,120.0,0,102,999,0,0
2853,120.0,0,103,0,1,1
2854,120.0,0,104,999,0,0
2855,120.0,0,105,1,1,0
2856,120.0,0,106,999,0,0
2857,120.0,0,107,0,1,0
2858,120.0,0,108,999,0,0
2859,120.0,0,109,0,1,1
2860,120.0,0,110,999,0,0
2861,120.0,0,111,0,1,1
2862,120.0,0,112,999,0,0
2863,120.0,0,113,0,1,1
2864,120.0,0,114,999,0,0
2865,120.0,0,115,0,1,1
2866,120.0,0,116,999,0,0
2867,120.0,0,117,1,1,1
2868,120.0,0,118,999,0,0
2869,120.0,0,119,0,1,1
2870,120.0,0,120,999,0,0
2871,120.0,0,121,0,1,0
2872,120.0,0,122,999,0,0
2873,120.0,0,123,0,1,0
2874,120.0,0,124,999,0,0
2875,120.0,0,125,0,1,1
2876,120.0,0,126,999,0,0
2877,120.0,0,127,0,1,1
2878,120.0,0,128,999,0,0
2879,120.0,0,129,0,1,1
2880,120.0,0,130,999,0,0
2881,120.0,0,131,0,1,1
2882,120.0,0,132,999,0,0
2883,120.0,0,133,0,1,0
2884,120.0,0,134,999,0,0
2885,120.0,0,135,1,1,0
2886,120.0,0,136,999,0,0
2887,120.0,0,137,0,1,0
2888,120.0,0,138,999,0,0
2889,120.0,0,139,0,1,1
2890,120.0,0,140,999,0,0
2891,120.0,0,141,0,1,1
2892,120.0,0,142,999,0,0
2893,120.0,0,143,0,1,0
2894,120.0,0,144,999,0,0
2895,120.0,0,145,1,1,1
2896,120.0,0,146,999,0,0
2897,120.0,0,147,0,1,1
2898,120.0,0,148,999,0,0
2899,120.0,0,149,1,1,1
2900,120.0,0,150,999,0,0
2901,120.0,0,151,0,1,1
2902,120.0,0,152,999,0,0
2903,120.0,0,153,1,1,0
2904,120.0,0,154,999,0,0
2905,120.0,0,155,1,1,1
2906,120.0,0,156,999,0,0
2907,120.0,0,157,0,1,1
2908,120.0,0,158,999,0,0
2909,120.0,0,159,0,1,0
2910,120.0,0,160,999,0,0
2911,120.0,0,161,1,1,1
2912,120.0,0,162,999,0,0
2913,120.0,0,163,0,1,1
2914,120.0,0,164,999,0,0
2915,120.0,0,165,0,1,1
2916,120.0,0,166,999,0,0
2917,120.0,0,167,0,1,1
2918,120.0,0,168,999,0,0
2919,120.0,0,169,0,1,0
2920,120.0,0,170,999,0,0
2921,120.0,0,171,0,1,0
2922,120.0,0,172,999,0,0
2923,120.0,0,173,1,1,0
2924,120.0,0,174,999,0,0
2925,120.0,0,175,1,1,0
2926,120.0,0,176,999,0,0
2927,120.0,0,177,0,1,1
2928,120.0,0,178,999,0,0
2929,120.0,0,179,0,1,0
2930,120.0,0,180,999,0,0
2931,120.0,0,181,1,1,1
2932,120.0,0,182,999,0,0
2933,120.0,0,183,0,1,1
2934,120.0,0,184,999,0,0
2935,120.0,0,185,0,1,0
2936,120.0,0,186,999,0,0
2937,120.0,0,187,1,1,0
2938,120.0,0,188,999,0,0
2939,120.0,0,189,0,1,1
2940,120.0,0,190,999,0,0
2941,120.0,0,191,1,1,1
2942,120.0,0,192,999,0,0
2943,120.0,0,193,1,1,1
2944,120.0,0,194,999,0,0
2945,120.0,0,195,1,1,1
2946,120.0,0,196,999,0,0
2947,120.0,0,197,0,1,0
2948,120.0,0,198,999,0,0
2949,120.0,0,199,0,1,1
2950,120.0,0,200,999,0,0
2951,120.0,0,201,0,1,1
2952,120.0,0,202,999,0,0
2953,120.0,0,203,1,1,0
2954,120.0,0,204,999,0,0
2955,120.0,0,205,0,1,0
2956,120.0,0,206,999,0,0
2957,120.0,0,207,0,1,0
2958,120.0,0,208,999,0,0
2959,120.0,0,209,0,1,1
2960,120.0,0,210,999,0,0
2961,120.0,0,211,0,1,0
2962,120.0,0,212,999,0,0
2963,120.0,0,213,0,1,1
2964,120.0,0,214,999,0,0
2965,120.0,0,215,0,1,1
2966,120.0,0,216,999,0,0
2967,120.0,0,217,1,1,1
2968,120.0,0,218,999,0,0
2969,120.0,0,219,0,1,0
2970,120.0,0,220,999,0,0
2971,120.0,0,221,0,1,0
2972,120.0,0,222,999,0,0
2973,120.0,0,223,0,1,1
2974,120.0,0,224,999,0,0
2975,120.0,0,225,0,1,0
2976,120.0,0,226,999,0,0
2977,120.0,0,227,1,1,0
2978,120.0,0,228,999,0,0
2979,120.0,0,229,0,1,1
2980,120.0,0,230,999,0,0
2981,120.0,0,231,0,1,0
2982,120.0,0,232,999,0,0
2983,120.0,0,233,0,1,0
2984,120.0,0,234,999,0,0
2985,120.0,0,235,0,1,1
2986,120.0,0,236,999,0,0
2987,120.0,0,237,0,1,0
2988,120.0,0,238,999,0,0
2989,120.0,0,239,0,1,0
2990,120.0,0,240,999,0,0
2991,120.0,0,241,0,1,0
2992,120.0,0,242,999,0,0
2993,120.0,0,243,0,1,1
2994,120.0,0,244,999,0,0
2995,120.0,0,245,0,1,1
2996,120.0,0,246,999,0,0
2997,120.0,0,247,0,1,1
2998,120.0,0,248,999,0,0
2999,120.0,0,249,1,1,1
3000,139.0,0,0,999,0,0
3001,139.0,0,1,0,0,1
3002,139.0,0,2,999,0,0
3003,139.0,0,3,0,0,1
3004,139.0,0,4,999,0,0
3005,139.0,0,5,0,0,0
3006,139.0,0,6,999,1,0
3007,139.0,0,7,1,0,1
3008,139.0,0,8,999,1,0
3009,139.0,0,9,0,1,0
3010,139.0,0,10,999,1,0
3011,139.0,0,11,1,0,1
3012,139.0,0,12,999,1,0
3013,139.0,0,13,1,0,1
3014,139.0,0,14,999,1,0
3015,139.0,0,15,1,0,1
3016,139.0,0,16,999,1,0
3017,139.0,0,17,1,0,0
3018,139.0,0,18,999,1,0
3019,139.0,0,19,1,0,1
3020,139.0,0,20,999,1,0
3021,139.0,0,21,1,0,0
3022,139.0,0,22,999,1,0
3023,139.0,0,23,1,0,1
3024,139.0,0,24,999,1,0
3025,139.0,0,25,0,1,0
3026,139.0,0,26,999,1,0
3027,139.0,0,27,1,0,1
3028,139.0,0,28,999,1,0
3029,139.0,0,29,1,0,1
3030,139.0,0,30,999,1,0
3031,139.0,0,31,1,0,0
3032,139.0,0,32,999,1,0
3033,139.0,0,33,1,0,1
3034,139.0,0,34,999,1,0
3035,139.0,0,35,0,0,0
3036,139.0,0,36,999,1,0
3037,139.0,0,37,1,0,0
3038,139.0,0,38,999,1,0
3039,139.0,0,39,1,0,1
3040,139.0,0,40,999,1,0
3041,139.0,0,41,1,0,1
3042,139.0,0,42,999,1,0
3043,139.0,0,43,1,0,0
3044,139.0,0,44,999,1,0
3045,139.0,0,45,0,1,1
3046,139.0,0,46,999,1,0
3047,139.0,0,47,1,0,0
3048,139.0,0,48,999,1,0
3049,139.0,0,49,1,0,1
3050,139.0,0,50,999,1,0
3051,139.0,0,51,1,0,0
3052,139.0,0,52,999,1,0
3053,139.0,0,53,1,0,1
3054,139.0,0,54,999,1,0
3055,139.0,0,55,1,0,0
3056,139.0,0,56,999,1,0
3057,139.0,0,57,1,0,0
3058,139.0,0,58,999,1,0
3059,139.0,0,59,1,0,0
3060,139.0,0,60,999,1,0
3061,139.0,0,61,1,0,0
3062,139.0,0,62,999,1,0
3063,139.0,0,63,0,0,1
3064,139.0,0,64,999,1,0
3065,139.0,0,65,0,0,0
3066,139.0,0,66,999,1,0
3067,139.0,0,67,0,0,1
3068,139.0,0,68,999,1,0
3069,139.0,0,69,1,0,1
3070,139.0,0,70,999,1,0
3071,139.0,0,71,0,0,1
3072,139.0,0,72,999,1,0
3073,139.0,0,73,1,0,0
3074,139.0,0,74,999,1,0
3075,139.0,0,75,1,0,1
3076,139.0,0,76,999,1,0
3077,139.0,0,77,0,0,0
3078,139.0,0,78,999,1,0
3079,139.0,0,79,1,0,0
3080,139.0,0,80,999,1,0
3081,139.0,0,81,0,0,0
3082,139.0,0,82,999,1,0
3083,139.0,0,83,0,0,1
3084,139.0,0,84,999,1,0
3085,139.0,0,85,0,0,1
3086,139.0,0,86,999,1,0
3087,139.0,0,87,0,0,1
3088,139.0,0,88,999,1,0
3089,139.0,0,89,1,0,0
3090,139.0,0,90,999,1,0
3091,139.0,0,91,1,0,1
3092,139.0,0,92,999,1,0
3093,139.0,0,93,0,0,0
3094,139.0,0,94,999,1,0
3095,139.0,0,95,1,0,1
3096,139.0,0,96,999,1,0
3097,139.0,0,97,0,0,1
3098,139.0,0,98,999,1,0
3099,139.0,0,99,1,0,0
3100,139.0,0,100,999,1,0
3101,139.0,0,101,1,0,1
3102,139.0,0,102,999,1,0
3103,139.0,0,103,1,0,0
3104,139.0,0,104,999,1,0
3105,139.0,0,105,0,0,1
3106,139.0,0,106,999,1,0
3107,139.0,0,107,1,0,1
3108,139.0,0,108,999,1,0
3109,139.0,0,109,1,0,1
3110,139.0,0,110,999,1,0
3111,139.0,0,111,1,0,1
3112,139.0,0,112,999,1,0
3113,139.0,0,113,1,0,0
3114,139.0,0,114,999,1,0
3115,139.0,0,115,0,0,1
3116,139.0,0,116,999,1,0
3117,139.0,0,117,1,0,1
3118,139.0,0,118,999,1,0
3119,139.0,0,119,1,0,1
3120,139.0,0,120,999,1,0
3121,139.0,0,121,0,0,1
3122,139.0,0,122,999,1,0
3123,139.0,0,123,0,0,0
3124,139.0,0,124,999,1,0
3125,139.0,0,125,1,0,0
3126,139.0,0,126,999,1,0
3127,139.0,0,127,0,0,1
3128,139.0,0,128,999,1,0
3129,139.0,0,129,0,0,1
3130,139.0,0,130,999,1,0
3131,139.0,0,131,0,0,1
3132,139.0,0,132,999,1,0
3133,139.0,0,133,0,0,1
3134,139.0,0,134,999,1,0
3135,139.0,0,135,1,0,0
3136,139.0,0,136,999,1,0
3137,139.0,0,137,1,0,1
3138,139.0,0,138,999,1,0
3139,139.0,0,139,1,0,0
3140,139.0,0,140,999,1,0
3141,139.0,0,141,1,0,1
3142,139.0,0,142,999,1,0
3143,139.0,0,143,1,0,1
3144,139.0,0,144,999,1,0
3145,139.0,0,145,1,0,0
3146,139.0,0,146,999,1,0
3147,139.0,0,147,1,0,0
3148,139.0,0,148,999,1,0
3149,139.0,0,149,0,0,1
3150,139.0,0,150,999,1,0
3151,139.0,0,151,1,0,1
3152,139.0,0,152,999,1,0
3153,139.0,0,153,0,0,1
3154,139.0,0,154,999,1,0
3155,139.0,0,155,1,0,0
3156,139.0,0,156,999,1,0
3157,139.0,0,157,1,0,1
3158,139.0,0,158,999,1,0
3159,139.0,0,159,0,0,1
3160,139.0,0,160,999,1,0
3161,139.0,0,161,0,0,0
3162,139.0,0,162,999,1,0
3163,139.0,0,163,1,0,1
3164,139.0,0,164,999,1,0
3165,139.0,0,165,0,0,0
3166,139.0,0,166,999,1,0
3167,139.0,0,167,1,0,0
3168,139.0,0,168,999,1,0
3169,139.0,0,169,1,0,1
3170,139.0,0,170,999,1,0
3171,139.0,0,171,1,0,1
3172,139.0,0,172,999,1,0
3173,139.0,0,173,1,0,0
3174,139.0,0,174,999,1,0
3175,139.0,0,175,1,0,0
3176,139.0,0,176,999,1,0
3177,139.0,0,177,1,0,0
3178,139.0,0,178,999,1,0
3179,139.0,0,179,1,0,1
3180,139.0,0,180,999,1,0
3181,139.0,0,181,1,0,1
3182,139.0,0,182,999,1,0
3183,139.0,0,183,1,0,1
3184,139.0,0,184,999,1,0
3185,139.0,0,185,1,0,0
3186,139.0,0,186,999,1,0
3187,139.0,0,187,1,0,0
3188,139.0,0,188,999,1,0
3189,139.0,0,189,1,0,0
3190,139.0,0,190,999,1,0
3191,139.0,0,191,1,0,0
3192,139.0,0,192,999,1,0
3193,139.0,0,193,1,0,1
3194,139.0,0,194,999,1,0
3195,139.0,0,195,1,0,1
3196,139.0,0,196,999,1,0
3197,139.0,0,197,1,0,0
3198,139.0,0,198,999,1,0
3199,139.0,0,199,1,0,0
3200,139.0,0,200,999,1,0
3201,139.0,0,201,0,0,1
3202,139.0,0,202,999,1,0
3203,139.0,0,203,1,0,0
3204,139.0,0,204,999,1,0
3205,139.0,0,205,1,0,0
3206,139.0,0,206,999,1,0
3207,139.0,0,207,1,0,0
3208,139.0,0,208,999,1,0
3209,139.0,0,209,1,0,1
3210,139.0,0,210,999,1,0
3211,139.0,0,211,1,0,1
3212,139.0,0,212,999,1,0
3213,139.0,0,213,1,0,0
3214,139.0,0,214,999,1,0
3215,139.0,0,215,0,0,0
3216,139.0,0,216,999,1,0
3217,139.0,0,217,1,0,0
3218,139.0,0,218,999,1,0
3219,139.0,0,219,1,0,0
3220,139.0,0,220,999,1,0
3221,139.0,0,221,0,0,1
3222,139.0,0,222,999,1,0
3223,139.0,0,223,1,0,0
3224,139.0,0,224,999,1,0
3225,139.0,0,225,1,0,0
3226,139.0,0,226,999,1,0
3227,139.0,0,227,0,0,1
3228,139.0,0,228,999,1,0
3229,139.0,0,229,0,0,0
3230,139.0,0,230,999,1,0
3231,139.0,0,231,0,0,1
3232,139.0,0,232,999,1,0
3233,139.0,0,233,1,0,1
3234,139.0,0,234,999,1,0
3235,139.0,0,235,1,0,0
3236,139.0,0,236,999,1,0
3237,139.0,0,237,0,0,0
3238,139.0,0,238,999,1,0
3239,139.0,0,239,0,0,1
3240,139.0,0,240,999,1,0
3241,139.0,0,241,1,0,1
3242,139.0,0,242,999,1,0
3243,139.0,0,243,1,0,1
3244,139.0,0,244,999,1,0
3245,139.0,0,245,0,0,0
3246,139.0,0,246,999,1,0
3247,139.0,0,247,1,0,0
3248,139.0,0,248,999,1,0
3249,139.0,0,249,0,0,1
3250,140.0,0,0,999,0,0
3251,140.0,0,1,0,1,1
3252,140.0,0,2,999,1,0
3253,140.0,0,3,1,0,1
3254,140.0,0,4,999,1,0
3255,140.0,0,5,0,1,0
3256,140.0,0,6,999,1,0
3257,140.0,0,7,1,0,0
3258,140.0,0,8,999,0,0
3259,140.0,0,9,0,1,0
3260,140.0,0,10,999,0,0
3261,140.0,0,11,0,0,0
3262,140.0,0,12,999,0,0
3263,140.0,0,13,1,1,0
3264,140.0,0,14,999,0,0
3265,140.0,0,15,0,1,1
3266,140.0,0,16,999,0,0
3267,140.0,0,17,0,0,1
3268,140.0,0,18,999,0,0
3269,140.0,0,19,0,0,1
3270,140.0,0,20,999,0,0
3271,140.0,0,21,0,0,0
3272,140.0,0,22,999,0,0
3273,140.0,0,23,0,0,0
3274,140.0,0,24,999,0,0
3275,140.0,0,25,1,0,0
3276,140.0,0,26,999,0,0
3277,140.0,0,27,1,1,0
3278,140.0,0,28,999,1,0
3279,140.0,0,29,1,1,1
3280,140.0,0,30,999,1,0
3281,140.0,0,31,1,1,0
3282,140.0,0,32,999,1,0
3283,140.0,0,33,1,1,0
3284,140.0,0,34,999,1,0
3285,140.0,0,35,1,1,0
3286,140.0,0,36,999,1,0
3287,140.0,0,37,1,0,1
3288,140.0,0,38,999,1,0
3289,140.0,0,39,1,0,0
3290,140.0,0,40,999,1,0
3291,140.0,0,41,1,0,0
3292,140.0,0,42,999,0,0
3293,140.0,0,43,1,1,1
3294,140.0,0,44,999,0,0
3295,140.0,0,45,1,1,0
3296,140.0,0,46,999,0,0
3297,140.0,0,47,0,0,0
3298,140.0,0,48,999,0,0
3299,140.0,0,49,0,1,0
3300,140.0,0,50,999,0,0
3301,140.0,0,51,1,1,1
3302,140.0,0,52,999,0,0
3303,140.0,0,53,0,0,0
3304,140.0,0,54,999,0,0
3305,140.0,0,55,0,1,0
3306,140.0,0,56,999,0,0
3307,140.0,0,57,1,0,1
3308,140.0,0,58,999,0,0
3309,140.0,0,59,0,0,0
3310,140.0,0,60,999,0,0
3311,140.0,0,61,0,0,0
3312,140.0,0,62,999,0,0
3313,140.0,0,63,1,1,0
3314,140.0,0,64,999,0,0
3315,140.0,0,65,1,0,1
3316,140.0,0,66,999,0,0
3317,140.0,0,67,0,0,1
3318,140.0,0,68,999,0,0
3319,140.0,0,69,0,0,0
3320,140.0,0,70,999,0,0
3321,140.0,0,71,0,0,1
3322,140.0,0,72,999,0,0
3323,140.0,0,73,0,0,0
3324,140.0,0,74,999,0,0
3325,140.0,0,75,1,1,1
3326,140.0,0,76,999,0,0
3327,140.0,0,77,0,0,1
3328,140.0,0,78,999,0,0
3329,140.0,0,79,1,1,1
3330,140.0,0,80,999,0,0
3331,140.0,0,81,0,0,0
3332,140.0,0,82,999,0,0
3333,140.0,0,83,0,1,0
3334,140.0,0,84,999,0,0
3335,140.0,0,85,1,1,1
3336,140.0,0,86,999,0,0
3337,140.0,0,87,1,1,1
3338,140.0,0,88,999,0,0
3339,140.0,0,89,1,1,0
3340,140.0,0,90,999,0,0
3341,140.0,0,91,0,0,0
3342,140.0,0,92,999,0,0
3343,140.0,0,93,0,1,1
3344,140.0,0,94,999,0,0
3345,140.0,0,95,1,1,0
3346,140.0,0,96,999,0,0
3347,140.0,0,97,0,1,0
3348,140.0,0,98,999,0,0
3349,140.0,0,99,1,1,0
3350,140.0,0,100,999,0,0
3351,140.0,0,101,0,1,1
3352,140.0,0,102,999,0,0
3353,140.0,0,103,1,1,0
3354,140.0,0,104,999,0,0
3355,140.0,0,105,1,1,1
3356,140.0,0,106,999,0,0
3357,140.0,0,107,0,1,1
3358,140.0,0,108,999,0,0
3359,140.0,0,109,0,1,1
3360,140.0,0,110,999,0,0
3361,140.0,0,111,1,1,0
3362,140.0,0,112,999,0,0
3363,140.0,0,113,1,1,0
3364,140.0,0,114,999,0,0
3365,140.0,0,115,1,1,0
3366,140.0,0,116,999,0,0
3367,140.0,0,117,0,1,1
3368,140.0,0,118,999,0,0
3369,140.0,0,119,1,0,1
3370,140.0,0,120,999,0,0
3371,140.0,0,121,0,1,1
3372,140.0,0,122,999,0,0
3373,140.0,0,123,1,0,1
3374,140.0,0,124,999,0,0
3375,140.0,0,125,0,1,1
3376,140.0,0,126,999,0,0
3377,140.0,0,127,0,1,1
3378,140.0,0,128,999,0,0
3379,140.0,0,129,0,1,1
3380,140.0,0,130,999,0,0
3381,140.0,0,131,0,1,0
3382,140.0,0,132,999,0,0
3383,140.0,0,133,0,1,1
3384,140.0,0,134,999,0,0
3385,140.0,0,135,1,1,0
3386,140.0,0,136,999,0,0
3387,140.0,0,137,0,1,1
3388,140.0,0,138,999,0,0
3389,140.0,0,139,0,1,1
3390,140.0,0,140,999,0,0
3391,140.0,0,141,1,1,0
3392,140.0,0,142,999,0,0
3393,140.0,0,143,0,1,1
3394,140.0,0,144,999,0,0
3395,140.0,0,145,0,1,1
3396,140.0,0,146,999,0,0
3397,140.0,0,147,1,1,0
3398,140.0,0,148,999,0,0
3399,140.0,0,149,0,1,1
3400,140.0,0,150,999,0,0
3401,140.0,0,151,0,1,0
3402,140.0,0,152,999,0,0
3403,140.0,0,153,1,1,0
3404,140.0,0,154,999,0,0
3405,140.0,0,155,0,1,0
3406,140.0,0,156,999,0,0
3407,140.0,0,157,0,0,0
3408,140.0,0,158,999,0,0
3409,140.0,0,159,0,1,0
3410,140.0,0,160,999,0,0
3411,140.0,0,161,1,1,0
3412,140.0,0,162,999,0,0
3413,140.0,0,163,0,0,1
3414,140.0,0,164,999,0,0
3415,140.0,0,165,0,0,0
3416,140.0,0,166,999,0,0
3417,140.0,0,167,1,0,1
3418,140.0,0,168,999,0,0
3419,140.0,0,169,0,0,0
3420,140.0,0,170,999,0,0
3421,140.0,0,171,0,0,0
3422,140.0,0,172,999,0,0
3423,140.0,0,173,0,1,1
3424,140.0,0,174,999,0,0
3425,140.0,0,175,1,0,0
3426,140.0,0,176,999,0,0
3427,140.0,0,177,1,1,0
3428,140.0,0,178,999,0,0
3429,140.0,0,179,0,0,1
3430,140.0,0,180,999,0,0
3431,140.0,0,181,0,0,1
3432,140.0,0,182,999,0,0
3433,140.0,0,183,1,1,1
3434,140.0,0,184,999,0,0
3435,140.0,0,185,1,1,0
3436,140.0,0,186,999,0,0
3437,140.0,0,187,0,0,0
3438,140.0,0,188,999,0,0
3439,140.0,0,189,1,1,1
3440,140.0,0,190,999,0,0
3441,140.0,0,191,1,1,0
3442,140.0,0,192,999,0,0
3443,140.0,0,193,0,0,0
3444,140.0,0,194,999,0,0
3445,140.0,0,195,0,0,0
3446,140.0,0,196,999,0,0
3447,140.0,0,197,1,1,0
3448,140.0,0,198,999,0,0
3449,140.0,0,199,1,1,0
3450,140.0,0,200,999,0,0
3451,140.0,0,201,1,1,1
3452,140.0,0,202,999,0,0
3453,140.0,0,203,0,0,0
3454,140.0,0,204,999,0,0
3455,140.0,0,205,0,0,0
3456,140.0,0,206,999,0,0
3457,140.0,0,207,0,0,0
3458,140.0,0,208,999,0,0
3459,140.0,0,209,0,0,0
3460,140.0,0,210,999,0,0
3461,140.0,0,211,0,0,0
3462,140.0,0,212,999,0,0
3463,140.0,0,213,0,0,0
3464,140.0,0,214,999,0,0
3465,140.0,0,215,0,1,0
3466,140.0,0,216,999,0,0
3467,140.0,0,217,0,1,0
3468,140.0,0,218,999,0,0
3469,140.0,0,219,0,1,0
3470,140.0,0,220,999,0,0
3471,140.0,0,221,0,0,0
3472,140.0,0,222,999,0,0
3473,140.0,0,223,0,0,0
3474,140.0,0,224,999,0,0
3475,140.0,0,225,0,1,1
3476,140.0,0,226,999,0,0
3477,140.0,0,227,0,1,1
3478,140.0,0,228,999,0,0
3479,140.0,0,229,0,1,0
3480,140.0,0,230,999,0,0
3481,140.0,0,231,0,1,0
3482,140.0,0,232,999,0,0
3483,140.0,0,233,0,1,0
3484,140.0,0,234,999,0,0
3485,140.0,0,235,1,1,1
3486,140.0,0,236,999,0,0
3487,140.0,0,237,0,1,1
3488,140.0,0,238,999,0,0
3489,140.0,0,239,0,1,0
3490,140.0,0,240,999,0,0
3491,140.0,0,241,0,1,0
3492,140.0,0,242,999,0,0
3493,140.0,0,243,0,0,0
3494,140.0,0,244,999,0,0
3495,140.0,0,245,0,0,1
3496,140.0,0,246,999,0,0
3497,140.0,0,247,1,1,0
3498,140.0,0,248,999,0,0
3499,140.0,0,249,1,1,1
3500,165.0,0,0,999,0,0
3501,165.0,0,1,0,1,0
3502,165.0,0,2,999,0,0
3503,165.0,0,3,0,0,0
3504,165.0,0,4,999,1,0
3505,165.0,0,5,0,0,0
3506,165.0,0,6,999,0,0
3507,165.0,0,7,1,1,1
3508,165.0,0,8,999,1,0
3509,165.0,0,9,1,1,1
3510,165.0,0,10,999,0,0
3511,165.0,0,11,0,1,0
3512,165.0,0,12,999,0,0
3513,165.0,0,13,0,0,1
3514,165.0,0,14,999,0,0
3515,165.0,0,15,0,0,1
3516,165.0,0,16,999,0,0
3517,165.0,0,17,0,0,1
3518,165.0,0,18,999,0,0
3519,165.0,0,19,1,1,1
3520,165.0,0,20,999,0,0
3521,165.0,0,21,0,0,0
3522,165.0,0,22,999,0,0
3523,165.0,0,23,1,1,0
3524,165.0,0,24,999,0,0
3525,165.0,0,25,1,0,0
3526,165.0,0,26,999,0,0
3527,165.0,0,27,0,0,0
3528,165.0,0,28,999,0,0
3529,165.0,0,29,0,1,1
3530,165.0,0,30,999,0,0
3531,165.0,0,31,0,1,0
3532,165.0,0,32,999,0,0
3533,165.0,0,33,1,1,1
3534,165.0,0,34,999,0,0
3535,165.0,0,35,0,1,1
3536,165.0,0,36,999,0,0
3537,165.0,0,37,1,1,0
3538,165.0,0,38,999,0,0
3539,165.0,0,39,0,1,0
3540,165.0,0,40,999,0,0
3541,165.0,0,41,0,0,1
3542,165.0,0,42,999,0,0
3543,165.0,0,43,0,0,0
3544,165.0,0,44,999,0,0
3545,165.0,0,45,0,0,0
3546,165.0,0,46,999,0,0
3547,165.0,0,47,1,0,0
3548,165.0,0,48,999,0,0
3549,165.0,0,49,0,0,0
3550,165.0,0,50,999,0,0
3551,165.0,0,51,1,1,0
3552,165.0,0,52,999,0,0
3553,165.0,0,53,1,0,0
3554,165.0,0,54,999,0,0
3555,165.0,0,55,0,1,0
3556,165.0,0,56,999,0,0
3557,165.0,0,57,0,0,0
3558,165.0,0,58,999,0,0
3559,165.0,0,59,0,1,0
3560,165.0,0,60,999,0,0
3561,165.0,0,61,0,0,1
3562,165.0,0,62,999,0,0
3563,165.0,0,63,1,1,1
3564,165.0,0,64,999,0,0
3565,165.0,0,65,0,0,1
3566,165.0,0,66,999,0,0
3567,165.0,0,67,0,0,0
3568,165.0,0,68,999,0,0
3569,165.0,0,69,1,1,0
3570,165.0,0,70,999,0,0
3571,165.0,0,71,0,0,1
3572,165.0,0,72,999,0,0
3573,165.0,0,73,0,0,1
3574,165.0,0,74,999,0,0
3575,165.0,0,75,0,0,1
3576,165.0,0,76,999,0,0
3577,165.0,0,77,0,0,0
3578,165.0,0,78,999,0,0
3579,165.0,0,79,0,0,0
3580,165.0,0,80,999,0,0
3581,165.0,0,81,1,1,0
3582,165.0,0,82,999,0,0
3583,165.0,0,83,0,0,1
3584,165.0,0,84,999,0,0
3585,165.0,0,85,1,0,0
3586,165.0,0,86,999,0,0
3587,165.0,0,87,1,1,1
3588,165.0,0,88,999,0,0
3589,165.0,0,89,1,1,0
3590,165.0,0,90,999,0,0
3591,165.0,0,91,1,0,0
3592,165.0,0,92,999,0,0
3593,165.0,0,93,1,1,1
3594,165.0,0,94,999,0,0
3595,165.0,0,95,0,1,0
3596,165.0,0,96,999,0,0
3597,165.0,0,97,0,0,0
3598,165.0,0,98,999,0,0
3599,165.0,0,99,1,1,1
3600,165.0,0,100,999,0,0
3601,165.0,0,101,0,1,0
3602,165.0,0,102,999,0,0
3603,165.0,0,103,1,1,1
3604,165.0,0,104,999,0,0
3605,165.0,0,105,0,1,0
3606,165.0,0,106,999,0,0
3607,165.0,0,107,1,1,1
3608,165.0,0,108,999,0,0
3609,165.0,0,109,0,0,1
3610,165.0,0,110,999,0,0
3611,165.0,0,111,0,0,1
3612,165.0,0,112,999,0,0
3613,165.0,0,113,0,0,0
3614,165.0,0,114,999,0,0
3615,165.0,0,115,0,0,1
3616,165.0,0,116,999,0,0
3617,165.0,0,117,0,0,0
3618,165.0,0,118,999,0,0
3619,165.0,0,119,0,0,0
3620,165.0,0,120,999,0,0
3621,165.0,0,121,0,0,0
3622,165.0,0,122,999,0,0
3623,165.0,0,123,0,0,0
3624,165.0,0,124,999,0,0
3625,165.0,0,125,0,1,0
3626,165.0,0,126,999,0,0
3627,165.0,0,127,0,1,1
3628,165.0,0,128,999,0,0
3629,165.0,0,129,0,1,1
3630,165.0,0,130,999,0,0
3631,165.0,0,131,0,1,1
3632,165.0,0,132,999,0,0
3633,165.0,0,133,0,1,1
3634,165.0,0,134,999,0,0
3635,165.0,0,135,0,1,1
3636,165.0,0,136,999,0,0
3637,165.0,0,137,0,1,1
3638,165.0,0,138,999,0,0
3639,165.0,0,139,0,1,1
3640,165.0,0,140,999,0,0
3641,165.0,0,141,0,1,1
3642,165.0,0,142,999,0,0
3643,165.0,0,143,1,1,0
3644,165.0,0,144,999,0,0
3645,165.0,0,145,1,0,1
3646,165.0,0,146,999,0,0
3647,165.0,0,147,0,1,1
3648,165.0,0,148,999,0,0
3649,165.0,0,149,1,0,0
3650,165.0,0,150,999,0,0
3651,165.0,0,151,1,1,0
3652,165.0,0,152,999,0,0
3653,165.0,0,153,0,1,1
3654,165.0,0,154,999,0,0
3655,165.0,0,155,0,1,1
3656,165.0,0,156,999,0,0
3657,165.0,0,157,0,1,1
3658,165.0,0,158,999,0,0
3659,165.0,0,159,1,1,1
3660,165.0,0,160,999,0,0
3661,165.0,0,161,0,1,0
3662,165.0,0,162,999,0,0
3663,165.0,0,163,0,1,0
3664,165.0,0,164,999,0,0
3665,165.0,0,165,1,1,1
3666,165.0,0,166,999,0,0
3667,165.0,0,167,0,1,1
3668,165.0,0,168,999,0,0
3669,165.0,0,169,0,1,1
3670,165.0,0,170,999,0,0
3671,165.0,0,171,0,1,1
3672,165.0,0,172,999,0,0
3673,165.0,0,173,0,1,1
3674,165.0,0,174,999,0,0
3675,165.0,0,175,1,1,0
3676,165.0,0,176,999,0,0
3677,165.0,0,177,0,1,1
3678,165.0,0,178,999,0,0
3679,165.0,0,179,0,1,1
3680,165.0,0,180,999,0,0
3681,165.0,0,181,0,1,1
3682,165.0,0,182,999,0,0
3683,165.0,0,183,0,1,1
3684,165.0,0,184,999,0,0
3685,165.0,0,185,0,1,1
3686,165.0,0,186,999,0,0
3687,165.0,0,187,1,1,1
3688,165.0,0,188,999,0,0
3689,165.0,0,189,0,1,0
3690,165.0,0,190,999,0,0
3691,165.0,0,191,0,1,0
3692,165.0,0,192,999,0,0
3693,165.0,0,193,0,0,0
3694,165.0,0,194,999,0,0
3695,165.0,0,195,1,1,1
3696,165.0,0,196,999,0,0
3697,165.0,0,197,1,1,1
3698,165.0,0,198,999,0,0
3699,165.0,0,199,0,1,0
3700,165.0,0,200,999,0,0
3701,165.0,0,201,0,0,1
3702,165.0,0,202,999,0,0
3703,165.0,0,203,0,0,0
3704,165.0,0,204,999,0,0
3705,165.0,0,205,0,0,1
3706,165.0,0,206,999,0,0
3707,165.0,0,207,0,0,0
3708,165.0,0,208,999,0,0
3709,165.0,0,209,0,0,1
3710,165.0,0,210,999,0,0
3711,165.0,0,211,0,0,0
3712,165.0,0,212,999,0,0
3713,165.0,0,213,0,0,1
3714,165.0,0,214,999,0,0
3715,165.0,0,215,1,1,1
3716,165.0,0,216,999,0,0
3717,165.0,0,217,1,1,1
3718,165.0,0,218,999,0,0
3719,165.0,0,219,1,1,0
3720,165.0,0,220,999,0,0
3721,165.0,0,221,0,0,1
3722,165.0,0,222,999,0,0
3723,165.0,0,223,0,0,1
3724,165.0,0,224,999,0,0
3725,165.0,0,225,1,1,1
3726,165.0,0,226,999,0,0
3727,165.0,0,227,1,1,1
3728,165.0,0,228,999,0,0
3729,165.0,0,229,0,0,1
3730,165.0,0,230,999,0,0
3731,165.0,0,231,1,1,1
3732,165.0,0,232,999,0,0
3733,165.0,0,233,1,1,1
3734,165.0,0,234,999,0,0
3735,165.0,0,235,0,0,1
3736,165.0,0,236,999,0,0
3737,165.0,0,237,1,1,1
3738,165.0,0,238,999,0,0
3739,165.0,0,239,0,0,1
3740,165.0,0,240,999,0,0
3741,165.0,0,241,0,0,1
3742,165.0,0,242,999,0,0
3743,165.0,0,243,0,0,1
3744,165.0,0,244,999,0,0
3745,165.0,0,245,0,0,1
3746,165.0,0,246,999,0,0
3747,165.0,0,247,0,0,1
3748,165.0,0,248,999,0,0
3749,165.0,0,249,1,1,1
3750,172.0,0,0,999,1,0
3751,172.0,0,1,1,0,1
3752,172.0,0,2,999,1,0
3753,172.0,0,3,1,1,0
3754,172.0,0,4,999,0,0
3755,172.0,0,5,0,1,1
3756,172.0,0,6,999,1,0
3757,172.0,0,7,1,0,1
3758,172.0,0,8,999,0,0
3759,172.0,0,9,0,0,0
3760,172.0,0,10,999,1,0
3761,172.0,0,11,1,1,0
3762,172.0,0,12,999,0,0
3763,172.0,0,13,0,1,0
3764,172.0,0,14,999,1,0
3765,172.0,0,15,0,0,0
3766,172.0,0,16,999,1,0
3767,172.0,0,17,1,1,0
3768,172.0,0,18,999,0,0
3769,172.0,0,19,0,1,1
3770,172.0,0,20,999,1,0
3771,172.0,0,21,1,1,1
3772,172.0,0,22,999,0,0
3773,172.0,0,23,1,1,0
3774,172.0,0,24,999,1,0
3775,172.0,0,25,0,0,0
3776,172.0,0,26,999,0,0
3777,172.0,0,27,0,1,1
3778,172.0,0,28,999,1,0
3779,172.0,0,29,0,0,0
3780,172.0,0,30,999,1,0
3781,172.0,0,31,0,1,1
3782,172.0,0,32,999,0,0
3783,172.0,0,33,1,1,1
3784,172.0,0,34,999,1,0
3785,172.0,0,35,1,0,1
3786,172.0,0,36,999,0,0
3787,172.0,0,37,0,1,0
3788,172.0,0,38,999,0,0
3789,172.0,0,39,0,1,1
3790,172.0,0,40,999,0,0
3791,172.0,0,41,0,1,1
3792,172.0,0,42,999,0,0
3793,172.0,0,43,1,0,1
3794,172.0,0,44,999,1,0
3795,172.0,0,45,1,0,1
3796,172.0,0,46,999,1,0
3797,172.0,0,47,1,0,1
3798,172.0,0,48,999,1,0
3799,172.0,0,49,1,0,1
3800,172.0,0,50,999,1,0
3801,172.0,0,51,1,0,1
3802,172.0,0,52,999,1,0
3803,172.0,0,53,1,0,1
3804,172.0,0,54,999,1,0
3805,172.0,0,55,1,0,0
3806,172.0,0,56,999,0,0
3807,172.0,0,57,0,1,0
3808,172.0,0,58,999,1,0
3809,172.0,0,59,1,0,1
3810,172.0,0,60,999,1,0
3811,172.0,0,61,1,0,1
3812,172.0,0,62,999,1,0
3813,172.0,0,63,1,0,1
3814,172.0,0,64,999,1,0
3815,172.0,0,65,1,0,1
3816,172.0,0,66,999,1,0
3817,172.0,0,67,1,0,0
3818,172.0,0,68,999,0,0
3819,172.0,0,69,1,0,0
3820,172.0,0,70,999,1,0
3821,172.0,0,71,1,0,1
3822,172.0,0,72,999,1,0
3823,172.0,0,73,1,0,1
3824,172.0,0,74,999,1,0
3825,172.0,0,75,1,0,1
3826,172.0,0,76,999,1,0
3827,172.0,0,77,1,0,1
3828,172.0,0,78,999,1,0
3829,172.0,0,79,0,0,0
3830,172.0,0,80,999,0,0
3831,172.0,0,81,0,0,1
3832,172.0,0,82,999,0,0
3833,172.0,0,83,0,0,1
3834,172.0,0,84,999,0,0
3835,172.0,0,85,0,0,1
3836,172.0,0,86,999,0,0
3837,172.0,0,87,0,0,1
3838,172.0,0,88,999,0,0
3839,172.0,0,89,0,0,1
3840,172.0,0,90,999,0,0
3841,172.0,0,91,0,0,1
3842,172.0,0,92,999,0,0
3843,172.0,0,93,0,0,1
3844,172.0,0,94,999,0,0
3845,172.0,0,95,0,0,1
3846,172.0,0,96,999,0,0
3847,172.0,0,97,0,0,0
3848,172.0,0,98,999,1,0
3849,172.0,0,99,1,0,1
3850,172.0,0,100,999,1,0
3851,172.0,0,101,0,0,1
3852,172.0,0,102,999,0,0
3853,172.0,0,103,0,0,1
3854,172.0,0,104,999,0,0
3855,172.0,0,105,0,0,0
3856,172.0,0,106,999,1,0
3857,172.0,0,107,1,0,0
3858,172.0,0,108,999,1,0
3859,172.0,0,109,1,1,0
3860,172.0,0,110,999,1,0
3861,172.0,0,111,1,1,0
3862,172.0,0,112,999,0,0
3863,172.0,0,113,0,0,0
3864,172.0,0,114,999,0,0
3865,172.0,0,115,0,1,0
3866,172.0,0,116,999,1,0
3867,172.0,0,117,1,1,1
3868,172.0,0,118,999,1,0
3869,172.0,0,119,1,1,0
3870,172.0,0,120,999,1,0
3871,172.0,0,121,0,0,1
3872,172.0,0,122,999,0,0
3873,172.0,0,123,0,0,1
3874,172.0,0,124,999,0,0
3875,172.0,0,125,0,0,0
3876,172.0,0,126,999,0,0
3877,172.0,0,127,0,0,0
3878,172.0,0,128,999,1,0
3879,172.0,0,129,1,1,0
3880,172.0,0,130,999,0,0
3881,172.0,0,131,0,0,1
3882,172.0,0,132,999,0,0
3883,172.0,0,133,1,1,1
3884,172.0,0,134,999,1,0
3885,172.0,0,135,1,1,0
3886,172.0,0,136,999,0,0
3887,172.0,0,137,0,0,1
3888,172.0,0,138,999,0,0
3889,172.0,0,139,0,0,1
3890,172.0,0,140,999,0,0
3891,172.0,0,141,0,0,1
3892,172.0,0,142,999,0,0
3893,172.0,0,143,0,0,0
3894,172.0,0,144,999,0,0
3895,172.0,0,145,0,0,1
3896,172.0,0,146,999,0,0
3897,172.0,0,147,0,0,1
3898,172.0,0,148,999,0,0
3899,172.0,0,149,0,0,1
3900,172.0,0,150,999,0,0
3901,172.0,0,151,1,0,0
3902,172.0,0,152,999,1,0
3903,172.0,0,153,1,0,1
3904,172.0,0,154,999,1,0
3905,172.0,0,155,1,0,1
3906,172.0,0,156,999,1,0
3907,172.0,0,157,0,0,1
3908,172.0,0,158,999,0,0
3909,172.0,0,159,1,0,1
3910,172.0,0,160,999,1,0
3911,172.0,0,161,1,0,1
3912,172.0,0,162,999,1,0
3913,172.0,0,163,1,0,1
3914,172.0,0,164,999,1,0
3915,172.0,0,165,1,0,0
3916,172.0,0,166,999,0,0
3917,172.0,0,167,0,0,0
3918,172.0,0,168,999,1,0
3919,172.0,0,169,1,0,1
3920,172.0,0,170,999,1,0
3921,172.0,0,171,0,0,0
3922,172.0,0,172,999,1,0
3923,172.0,0,173,1,0,1
3924,172.0,0,174,999,1,0
3925,172.0,0,175,1,0,0
3926,172.0,0,176,999,0,0
3927,172.0,0,177,0,0,0
3928,172.0,0,178,999,0,0
3929,172.0,0,179,0,1,1
3930,172.0,0,180,999,0,0
3931,172.0,0,181,0,1,0
3932,172.0,0,182,999,1,0
3933,172.0,0,183,1,0,0
3934,172.0,0,184,999,1,0
3935,172.0,0,185,0,1,1
3936,172.0,0,186,999,0,0
3937,172.0,0,187,0,1,1
3938,172.0,0,188,999,0,0
3939,172.0,0,189,0,1,1
3940,172.0,0,190,999,0,0
3941,172.0,0,191,0,1,1
3942,172.0,0,192,999,0,0
3943,172.0,0,193,1,0,0
3944,172.0,0,194,999,1,0
3945,172.0,0,195,1,0,1
3946,172.0,0,196,999,1,0
3947,172.0,0,197,1,0,0
3948,172.0,0,198,999,0,0
3949,172.0,0,199,1,0,1
3950,172.0,0,200,999,0,0
3951,172.0,0,201,0,1,1
3952,172.0,0,202,999,0,0
3953,172.0,0,203,1,0,1
3954,172.0,0,204,999,0,0
3955,172.0,0,205,1,0,0
3956,172.0,0,206,999,1,0
3957,172.0,0,207,1,1,0
3958,172.0,0,208,999,1,0
3959,172.0,0,209,0,0,1
3960,172.0,0,210,999,0,0
3961,172.0,0,211,0,0,0
3962,172.0,0,212,999,1,0
3963,172.0,0,213,1,0,0
3964,172.0,0,214,999,0,0
3965,172.0,0,215,0,0,0
3966,172.0,0,216,999,1,0
3967,172.0,0,217,1,1,0
3968,172.0,0,218,999,0,0
3969,172.0,0,219,0,0,1
3970,172.0,0,220,999,0,0
3971,172.0,0,221,1,0,1
3972,172.0,0,222,999,0,0
3973,172.0,0,223,0,0,1
3974,172.0,0,224,999,0,0
3975,172.0,0,225,1,0,0
3976,172.0,0,226,999,1,0
3977,172.0,0,227,1,0,1
3978,172.0,0,228,999,1,0
3979,172.0,0,229,1,0,0
3980,172.0,0,230,999,1,0
3981,172.0,0,231,1,0,0
3982,172.0,0,232,999,1,0
3983,172.0,0,233,1,0,0
3984,172.0,0,234,999,0,0
3985,172.0,0,235,0,0,0
3986,172.0,0,236,999,1,0
3987,172.0,0,237,1,0,0
3988,172.0,0,238,999,0,0
3989,172.0,0,239,1,0,0
3990,172.0,0,240,999,1,0
3991,172.0,0,241,0,1,1
3992,172.0,0,242,999,0,0
3993,172.0,0,243,0,1,1
3994,172.0,0,244,999,0,0
3995,172.0,0,245,1,1,0
3996,172.0,0,246,999,1,0
3997,172.0,0,247,1,1,1
3998,172.0,0,248,999,1,0
3999,172.0,0,249,0,1,1
4000,178.0,0,0,999,0,0
4001,178.0,0,1,1,1,1
4002,178.0,0,2,999,1,0
4003,178.0,0,3,0,1,0
4004,178.0,0,4,999,0,0
4005,178.0,0,5,0,0,0
4006,178.0,0,6,999,0,0
4007,178.0,0,7,0,0,0
4008,178.0,0,8,999,1,0
4009,178.0,0,9,1,1,1
4010,178.0,0,10,999,1,0
4011,178.0,0,11,1,1,1
4012,178.0,0,12,999,1,0
4013,178.0,0,13,1,1,0
4014,178.0,0,14,999,0,0
4015,178.0,0,15,1,0,0
4016,178.0,0,16,999,0,0
4017,178.0,0,17,1,0,1
4018,178.0,0,18,999,0,0
4019,178.0,0,19,0,0,1
4020,178.0,0,20,999,0,0
4021,178.0,0,21,1,0,0
4022,178.0,0,22,999,0,0
4023,178.0,0,23,1,0,1
4024,178.0,0,24,999,0,0
4025,178.0,0,25,0,0,1
4026,178.0,0,26,999,0,0
4027,178.0,0,27,0,0,1
4028,178.0,0,28,999,0,0
4029,178.0,0,29,0,0,0
4030,178.0,0,30,999,1,0
4031,178.0,0,31,1,0,0
4032,178.0,0,32,999,1,0
4033,178.0,0,33,1,1,0
4034,178.0,0,34,999,1,0
4035,178.0,0,35,1,1,1
4036,178.0,0,36,999,1,0
4037,178.0,0,37,1,1,0
4038,178.0,0,38,999,0,0
4039,178.0,0,39,1,0,0
4040,178.0,0,40,999,0,0
4041,178.0,0,41,1,1,0
4042,178.0,0,42,999,0,0
4043,178.0,0,43,0,0,1
4044,178.0,0,44,999,0,0
4045,178.0,0,45,0,0,0
4046,178.0,0,46,999,0,0
4047,178.0,0,47,0,1,0
4048,178.0,0,48,999,0,0
4049,178.0,0,49,1,1,1
4050,178.0,0,50,999,0,0
4051,178.0,0,51,1,1,0
4052,178.0,0,52,999,0,0
4053,178.0,0,53,0,0,0
4054,178.0,0,54,999,0,0
4055,178.0,0,55,0,1,0
4056,178.0,0,56,999,1,0
4057,178.0,0,57,1,1,1
4058,178.0,0,58,999,1,0
4059,178.0,0,59,1,1,1
4060,178.0,0,60,999,1,0
4061,178.0,0,61,1,1,0
4062,178.0,0,62,999,1,0
4063,178.0,0,63,0,0,0
4064,178.0,0,64,999,1,0
4065,178.0,0,65,0,1,0
4066,178.0,0,66,999,0,0
4067,178.0,0,67,0,1,0
4068,178.0,0,68,999,1,0
4069,178.0,0,69,1,1,0
4070,178.0,0,70,999,1,0
4071,178.0,0,71,1,0,0
4072,178.0,0,72,999,0,0
4073,178.0,0,73,1,0,0
4074,178.0,0,74,999,0,0
4075,178.0,0,75,0,0,0
4076,178.0,0,76,999,0,0
4077,178.0,0,77,0,1,0
4078,178.0,0,78,999,0,0
4079,178.0,0,79,0,1,1
4080,178.0,0,80,999,0,0
4081,178.0,0,81,0,1,0
4082,178.0,0,82,999,0,0
4083,178.0,0,83,0,1,0
4084,178.0,0,84,999,0,0
4085,178.0,0,85,1,0,1
4086,178.0,0,86,999,0,0
4087,178.0,0,87,0,0,1
4088,178.0,0,88,999,0,0
4089,178.0,0,89,1,0,1
4090,178.0,0,90,999,0,0
4091,178.0,0,91,0,0,0
4092,178.0,0,92,999,0,0
4093,178.0,0,93,1,0,1
4094,178.0,0,94,999,0,0
4095,178.0,0,95,0,1,0
4096,178.0,0,96,999,0,0
4097,178.0,0,97,1,0,0
4098,178.0,0,98,999,0,0
4099,178.0,0,99,1,0,1
4100,178.0,0,100,999,0,0
4101,178.0,0,101,1,0,0
4102,178.0,0,102,999,0,0
4103,178.0,0,103,1,0,0
4104,178.0,0,104,999,0,0
4105,178.0,0,105,0,1,1
4106,178.0,0,106,999,0,0
4107,178.0,0,107,0,1,1
4108,178.0,0,108,999,0,0
4109,178.0,0,109,0,1,0
4110,178.0,0,110,999,1,0
4111,178.0,0,111,1,0,0
4112,178.0,0,112,999,0,0
4113,178.0,0,113,0,1,1
4114,178.0,0,114,999,0,0
4115,178.0,0,115,1,1,0
4116,178.0,0,116,999,0,0
4117,178.0,0,117,0,1,0
4118,178.0,0,118,999,1,0
4119,178.0,0,119,0,0,1
4120,178.0,0,120,999,1,0
4121,178.0,0,121,1,0,1
4122,178.0,0,122,999,1,0
4123,178.0,0,123,0,0,1
4124,178.0,0,124,999,1,0
4125,178.0,0,125,1,0,0
4126,178.0,0,126,999,0,0
4127,178.0,0,127,0,0,1
4128,178.0,0,128,999,0,0
4129,178.0,0,129,1,0,0
4130,178.0,0,130,999,0,0
4131,178.0,0,131,0,0,1
4132,178.0,0,132,999,0,0
4133,178.0,0,133,0,0,1
4134,178.0,0,134,999,0,0
4135,178.0,0,135,1,0,0
4136,178.0,0,136,999,0,0
4137,178.0,0,137,0,0,1
4138,178.0,0,138,999,0,0
4139,178.0,0,139,1,1,1
4140,178.0,0,140,999,0,0
4141,178.0,0,141,0,0,1
4142,178.0,0,142,999,0,0
4143,178.0,0,143,1,1,0
4144,178.0,0,144,999,0,0
4145,178.0,0,145,0,0,0
4146,178.0,0,146,999,0,0
4147,178.0,0,147,0,1,1
4148,178.0,0,148,999,0,0
4149,178.0,0,149,0,1,1
4150,178.0,0,150,999,0,0
4151,178.0,0,151,1,1,0
4152,178.0,0,152,999,0,0
4153,178.0,0,153,0,1,1
4154,178.0,0,154,999,0,0
4155,178.0,0,155,0,1,0
4156,178.0,0,156,999,0,0
4157,178.0,0,157,0,1,1
4158,178.0,0,158,999,0,0
4159,178.0,0,159,1,1,1
4160,178.0,0,160,999,0,0
4161,178.0,0,161,0,1,1
4162,178.0,0,162,999,0,0
4163,178.0,0,163,0,1,1
4164,178.0,0,164,999,0,0
4165,178.0,0,165,0,1,0
4166,178.0,0,166,999,0,0
4167,178.0,0,167,1,1,0
4168,178.0,0,168,999,0,0
4169,178.0,0,169,0,1,0
4170,178.0,0,170,999,1,0
4171,178.0,0,171,1,1,0
4172,178.0,0,172,999,0,0
4173,178.0,0,173,0,0,1
4174,178.0,0,174,999,0,0
4175,178.0,0,175,0,0,0
4176,178.0,0,176,999,0,0
4177,178.0,0,177,0,0,1
4178,178.0,0,178,999,0,0
4179,178.0,0,179,1,1,0
4180,178.0,0,180,999,0,0
4181,178.0,0,181,0,0,0
4182,178.0,0,182,999,0,0
4183,178.0,0,183,0,0,1
4184,178.0,0,184,999,0,0
4185,178.0,0,185,1,1,0
4186,178.0,0,186,999,0,0
4187,178.0,0,187,0,0,0
4188,178.0,0,188,999,0,0
4189,178.0,0,189,1,0,1
4190,178.0,0,190,999,0,0
4191,178.0,0,191,1,0,1
4192,178.0,0,192,999,0,0
4193,178.0,0,193,0,0,1
4194,178.0,0,194,999,0,0
4195,178.0,0,195,0,0,1
4196,178.0,0,196,999,0,0
4197,178.0,0,197,0,0,1
4198,178.0,0,198,999,0,0
4199,178.0,0,199,1,0,1
4200,178.0,0,200,999,0,0
4201,178.0,0,201,1,0,0
4202,178.0,0,202,999,0,0
4203,178.0,0,203,1,0,0
4204,178.0,0,204,999,0,0
4205,178.0,0,205,1,1,0
4206,178.0,0,206,999,0,0
4207,178.0,0,207,0,0,1
4208,178.0,0,208,999,0,0
4209,178.0,0,209,1,1,0
4210,178.0,0,210,999,0,0
4211,178.0,0,211,1,1,1
4212,178.0,0,212,999,0,0
4213,178.0,0,213,0,0,1
4214,178.0,0,214,999,0,0
4215,178.0,0,215,1,1,0
4216,178.0,0,216,999,0,0
4217,178.0,0,217,0,0,1
4218,178.0,0,218,999,0,0
4219,178.0,0,219,0,0,1
4220,178.0,0,220,999,0,0
4221,178.0,0,221,0,0,1
4222,178.0,0,222,999,0,0
4223,178.0,0,223,0,0,1
4224,178.0,0,224,999,0,0
4225,178.0,0,225,1,1,0
4226,178.0,0,226,999,0,0
4227,178.0,0,227,0,0,1
4228,178.0,0,228,999,0,0
4229,178.0,0,229,0,0,1
4230,178.0,0,230,999,0,0
4231,178.0,0,231,1,0,0
4232,178.0,0,232,999,0,0
4233,178.0,0,233,1,1,0
4234,178.0,0,234,999,0,0
4235,178.0,0,235,0,0,1
4236,178.0,0,236,999,0,0
4237,178.0,0,237,1,0,1
4238,178.0,0,238,999,0,0
4239,178.0,0,239,1,0,1
4240,178.0,0,240,999,0,0
4241,178.0,0,241,1,0,0
4242,178.0,0,242,999,0,0
4243,178.0,0,243,1,0,1
4244,178.0,0,244,999,0,0
4245,178.0,0,245,1,0,0
4246,178.0,0,246,999,0,0
4247,178.0,0,247,1,0,1
4248,178.0,0,248,999,0,0
4249,178.0,0,249,0,0,0
4250,195.0,0,0,999,0,0
4251,195.0,0,1,0,1,1
4252,195.0,0,2,999,0,0
4253,195.0,0,3,0,1,0
4254,195.0,0,4,999,0,0
4255,195.0,0,5,0,0,1
4256,195.0,0,6,999,0,0
4257,195.0,0,7,0,0,1
4258,195.0,0,8,999,0,0
4259,195.0,0,9,0,0,1
4260,195.0,0,10,999,0,0
4261,195.0,0,11,0,0,1
4262,195.0,0,12,999,0,0
4263,195.0,0,13,0,0,0
4264,195.0,0,14,999,0,0
4265,195.0,0,15,1,0,1
4266,195.0,0,16,999,0,0
4267,195.0,0,17,1,0,0
4268,195.0,0,18,999,0,0
4269,195.0,0,19,0,0,1
4270,195.0,0,20,999,0,0
4271,195.0,0,21,1,0,0
4272,195.0,0,22,999,0,0
4273,195.0,0,23,1,1,1
4274,195.0,0,24,999,0,0
4275,195.0,0,25,0,0,0
4276,195.0,0,26,999,0,0
4277,195.0,0,27,0,0,0
4278,195.0,0,28,999,0,0
4279,195.0,0,29,0,1,1
4280,195.0,0,30,999,0,0
4281,195.0,0,31,0,1,1
4282,195.0,0,32,999,0,0
4283,195.0,0,33,1,1,1
4284,195.0,0,34,999,0,0
4285,195.0,0,35,0,1,0
4286,195.0,0,36,999,0,0
4287,195.0,0,37,0,0,0
4288,195.0,0,38,999,0,0
4289,195.0,0,39,1,1,0
4290,195.0,0,40,999,0,0
4291,195.0,0,41,1,0,0
4292,195.0,0,42,999,0,0
4293,195.0,0,43,0,1,0
4294,195.0,0,44,999,0,0
4295,195.0,0,45,0,0,1
4296,195.0,0,46,999,0,0
4297,195.0,0,47,0,0,1
4298,195.0,0,48,999,0,0
4299,195.0,0,49,0,0,1
4300,195.0,0,50,999,0,0
4301,195.0,0,51,1,0,0
4302,195.0,0,52,999,0,0
4303,195.0,0,53,1,1,0
4304,195.0,0,54,999,0,0
4305,195.0,0,55,0,0,1
4306,195.0,0,56,999,0,0
4307,195.0,0,57,0,0,1
4308,195.0,0,58,999,0,0
4309,195.0,0,59,0,0,1
4310,195.0,0,60,999,0,0
4311,195.0,0,61,1,1,0
4312,195.0,0,62,999,0,0
4313,195.0,0,63,0,0,1
4314,195.0,0,64,999,0,0
4315,195.0,0,65,0,0,1
4316,195.0,0,66,999,0,0
4317,195.0,0,67,0,0,0
4318,195.0,0,68,999,0,0
4319,195.0,0,69,0,0,1
4320,195.0,0,70,999,0,0
4321,195.0,0,71,0,0,0
4322,195.0,0,72,999,0,0
4323,195.0,0,73,0,0,0
4324,195.0,0,74,999,0,0
4325,195.0,0,75,1,1,0
4326,195.0,0,76,999,0,0
4327,195.0,0,77,0,1,0
4328,195.0,0,78,999,0,0
4329,195.0,0,79,0,0,1
4330,195.0,0,80,999,0,0
4331,195.0,0,81,1,0,1
4332,195.0,0,82,999,0,0
4333,195.0,0,83,0,0,1
4334,195.0,0,84,999,0,0
4335,195.0,0,85,0,0,0
4336,195.0,0,86,999,0,0
4337,195.0,0,87,0,0,1
4338,195.0,0,88,999,0,0
4339,195.0,0,89,0,0,1
4340,195.0,0,90,999,0,0
4341,195.0,0,91,0,0,1
4342,195.0,0,92,999,0,0
4343,195.0,0,93,0,0,0
4344,195.0,0,94,999,0,0
4345,195.0,0,95,0,0,1
4346,195.0,0,96,999,0,0
4347,195.0,0,97,0,0,1
4348,195.0,0,98,999,0,0
4349,195.0,0,99,1,0,0
4350,195.0,0,100,999,0,0
4351,195.0,0,101,0,0,1
4352,195.0,0,102,999,0,0
4353,195.0,0,103,1,0,0
4354,195.0,0,104,999,0,0
4355,195.0,0,105,0,0,1
4356,195.0,0,106,999,0,0
4357,195.0,0,107,0,0,1
4358,195.0,0,108,999,0,0
4359,195.0,0,109,1,1,1
4360,195.0,0,110,999,0,0
4361,195.0,0,111,0,0,1
4362,195.0,0,112,999,0,0
4363,195.0,0,113,0,0,1
4364,195.0,0,114,999,0,0
4365,195.0,0,115,0,0,1
4366,195.0,0,116,999,0,0
4367,195.0,0,117,0,0,1
4368,195.0,0,118,999,0,0
4369,195.0,0,119,0,0,1
4370,195.0,0,120,999,0,0
4371,195.0,0,121,0,0,1
4372,195.0,0,122,999,0,0
4373,195.0,0,123,1,1,0
4374,195.0,0,124,999,0,0
4375,195.0,0,125,0,0,0
4376,195.0,0,126,999,0,0
4377,195.0,0,127,0,0,1
4378,195.0,0,128,999,0,0
4379,195.0,0,129,1,1,1
4380,195.0,0,130,999,0,0
4381,195.0,0,131,0,0,1
4382,195.0,0,132,999,0,0
4383,195.0,0,133,0,0,0
4384,195.0,0,134,999,0,0
4385,195.0,0,135,0,0,1
4386,195.0,0,136,999,0,0
4387,195.0,0,137,0,0,1
4388,195.0,0,138,999,0,0
4389,195.0,0,139,1,1,1
4390,195.0,0,140,999,0,0
4391,195.0,0,141,1,1,1
4392,195.0,0,142,999,0,0
4393,195.0,0,143,0,0,1
4394,195.0,0,144,999,0,0
4395,195.0,0,145,0,0,1
4396,195.0,0,146,999,0,0
4397,195.0,0,147,0,0,0
4398,195.0,0,148,999,0,0
4399,195.0,0,149,0,0,1
4400,195.0,0,150,999,0,0
4401,195.0,0,151,1,1,0
4402,195.0,0,152,999,0,0
4403,195.0,0,153,1,1,1
4404,195.0,0,154,999,0,0
4405,195.0,0,155,1,1,1
4406,195.0,0,156,999,0,0
4407,195.0,0,157,0,0,1
4408,195.0,0,158,999,0,0
4409,195.0,0,159,1,1,0
4410,195.0,0,160,999,0,0
4411,195.0,0,161,1,1,0
4412,195.0,0,162,999,0,0
4413,195.0,0,163,1,1,0
4414,195.0,0,164,999,0,0
4415,195.0,0,165,0,0,1
4416,195.0,0,166,999,0,0
4417,195.0,0,167,0,0,0
4418,195.0,0,168,999,0,0
4419,195.0,0,169,1,0,0
4420,195.0,0,170,999,0,0
4421,195.0,0,171,0,0,0
4422,195.0,0,172,999,0,0
4423,195.0,0,173,1,1,0
4424,195.0,0,174,999,0,0
4425,195.0,0,175,1,0,1
4426,195.0,0,176,999,0,0
4427,195.0,0,177,0,0,1
4428,195.0,0,178,999,0,0
4429,195.0,0,179,0,0,0
4430,195.0,0,180,999,0,0
4431,195.0,0,181,0,0,0
4432,195.0,0,182,999,0,0
4433,195.0,0,183,0,1,0
4434,195.0,0,184,999,0,0
4435,195.0,0,185,1,1,0
4436,195.0,0,186,999,0,0
4437,195.0,0,187,0,1,0
4438,195.0,0,188,999,0,0
4439,195.0,0,189,0,1,0
4440,195.0,0,190,999,0,0
4441,195.0,0,191,0,0,1
4442,195.0,0,192,999,0,0
4443,195.0,0,193,0,0,0
4444,195.0,0,194,999,0,0
4445,195.0,0,195,1,0,1
4446,195.0,0,196,999,0,0
4447,195.0,0,197,0,0,0
4448,195.0,0,198,999,0,0
4449,195.0,0,199,0,0,1
4450,195.0,0,200,999,0,0
4451,195.0,0,201,0,0,1
4452,195.0,0,202,999,0,0
4453,195.0,0,203,0,0,1
4454,195.0,0,204,999,0,0
4455,195.0,0,205,0,0,1
4456,195.0,0,206,999,0,0
4457,195.0,0,207,1,0,0
4458,195.0,0,208,999,0,0
4459,195.0,0,209,1,1,1
4460,195.0,0,210,999,0,0
4461,195.0,0,211,0,0,1
4462,195.0,0,212,999,0,0
4463,195.0,0,213,1,1,1
4464,195.0,0,214,999,0,0
4465,195.0,0,215,0,0,1
4466,195.0,0,216,999,0,0
4467,195.0,0,217,0,0,0
4468,195.0,0,218,999,0,0
4469,195.0,0,219,0,0,0
4470,195.0,0,220,999,0,0
4471,195.0,0,221,1,1,0
4472,195.0,0,222,999,0,0
4473,195.0,0,223,1,0,0
4474,195.0,0,224,999,0,0
4475,195.0,0,225,0,1,0
4476,195.0,0,226,999,0,0
4477,195.0,0,227,1,1,1
4478,195.0,0,228,999,0,0
4479,195.0,0,229,0,0,1
4480,195.0,0,230,999,0,0
4481,195.0,0,231,1,1,0
4482,195.0,0,232,999,0,0
4483,195.0,0,233,0,0,1
4484,195.0,0,234,999,0,0
4485,195.0,0,235,1,1,0
4486,195.0,0,236,999,0,0
4487,195.0,0,237,0,0,1
4488,195.0,0,238,999,0,0
4489,195.0,0,239,0,0,0
4490,195.0,0,240,999,0,0
4491,195.0,0,241,0,0,0
4492,195.0,0,242,999,0,0
4493,195.0,0,243,0,0,0
4494,195.0,0,244,999,0,0
4495,195.0,0,245,0,1,0
4496,195.0,0,246,999,0,0
4497,195.0,0,247,0,0,0
4498,195.0,0,248,999,0,0
4499,195.0,0,249,0,1,0
