,subID,Block,Player,Type,Variant,Type_Total,Trial,S,T,GameType,CorrAns,GivenAns,ConfidenceNum
0,2003,0,G.P.,opt,nat,opt_nat,0,3,12,PD,def,coop,60
1,2003,0,G.P.,opt,nat,opt_nat,1,7,8,HG,coop,coop,60
2,2003,0,G.P.,opt,nat,opt_nat,2,3,8,SH,coop,coop,60
3,2003,0,G.P.,opt,nat,opt_nat,3,7,12,SG,def,coop,60
4,2003,0,G.P.,opt,nat,opt_nat,4,0,15,PD,def,coop,60
5,2003,0,G.P.,opt,nat,opt_nat,5,0,8,SH,coop,coop,60
6,2003,0,G.P.,opt,nat,opt_nat,6,7,15,SG,def,coop,60
7,2003,0,G.P.,opt,nat,opt_nat,7,7,5,HG,coop,coop,60
8,2003,0,G.P.,opt,nat,opt_nat,8,3,15,PD,def,coop,60
9,2003,0,G.P.,opt,nat,opt_nat,9,0,5,SH,coop,coop,60
10,2003,0,G.P.,opt,nat,opt_nat,10,10,5,HG,coop,coop,60
11,2003,0,G.P.,opt,nat,opt_nat,11,10,15,SG,def,coop,60
12,2003,0,G.P.,opt,nat,opt_nat,12,10,12,SG,def,coop,60
13,2003,0,G.P.,opt,nat,opt_nat,13,0,12,PD,def,coop,60
14,2003,0,G.P.,opt,nat,opt_nat,14,3,5,SH,coop,coop,60
15,2003,0,G.P.,opt,nat,opt_nat,15,10,8,HG,coop,coop,60
16,2003,1,D.T.,pess,nat,pess_nat,0,3,15,PD,def,def,60
17,2003,1,D.T.,pess,nat,pess_nat,1,3,5,SH,def,def,60
18,2003,1,D.T.,pess,nat,pess_nat,2,7,12,SG,coop,coop,60
19,2003,1,D.T.,pess,nat,pess_nat,3,10,5,HG,coop,def,60
20,2003,1,D.T.,pess,nat,pess_nat,4,0,15,PD,def,def,60
21,2003,1,D.T.,pess,nat,pess_nat,5,0,5,SH,def,def,60
22,2003,1,D.T.,pess,nat,pess_nat,6,7,8,HG,coop,coop,60
23,2003,1,D.T.,pess,nat,pess_nat,7,7,15,SG,coop,def,60
24,2003,1,D.T.,pess,nat,pess_nat,8,3,12,PD,def,def,60
25,2003,1,D.T.,pess,nat,pess_nat,9,10,8,HG,coop,coop,60
26,2003,1,D.T.,pess,nat,pess_nat,10,3,8,SH,def,def,60
27,2003,1,D.T.,pess,nat,pess_nat,11,10,12,SG,coop,coop,60
28,2003,1,D.T.,pess,nat,pess_nat,12,10,15,SG,coop,coop,60
29,2003,1,D.T.,pess,nat,pess_nat,13,7,5,HG,coop,coop,60
30,2003,1,D.T.,pess,nat,pess_nat,14,0,8,SH,def,def,60
31,2003,1,D.T.,pess,nat,pess_nat,15,0,12,PD,def,def,60
32,2003,2,F.A.,opt,inv,opt_inv,0,3,5,SH,def,coop,60
33,2003,2,F.A.,opt,inv,opt_inv,1,0,15,PD,coop,def,60
34,2003,2,F.A.,opt,inv,opt_inv,2,7,8,HG,def,coop,60
35,2003,2,F.A.,opt,inv,opt_inv,3,10,12,SG,coop,coop,60
36,2003,2,F.A.,opt,inv,opt_inv,4,7,12,SG,coop,coop,60
37,2003,2,F.A.,opt,inv,opt_inv,5,10,8,HG,def,def,60
38,2003,2,F.A.,opt,inv,opt_inv,6,0,5,SH,def,def,60
39,2003,2,F.A.,opt,inv,opt_inv,7,0,12,PD,coop,def,60
40,2003,2,F.A.,opt,inv,opt_inv,8,7,5,HG,def,coop,60
41,2003,2,F.A.,opt,inv,opt_inv,9,3,8,SH,def,def,60
42,2003,2,F.A.,opt,inv,opt_inv,10,3,12,PD,coop,def,60
43,2003,2,F.A.,opt,inv,opt_inv,11,7,15,SG,coop,coop,60
44,2003,2,F.A.,opt,inv,opt_inv,12,3,15,PD,coop,coop,60
45,2003,2,F.A.,opt,inv,opt_inv,13,10,5,HG,def,def,60
46,2003,2,F.A.,opt,inv,opt_inv,14,10,15,SG,coop,coop,60
47,2003,2,F.A.,opt,inv,opt_inv,15,0,8,SH,def,def,60
48,2003,3,E.B.,pess,inv,pess_inv,0,10,5,HG,def,coop,60
49,2003,3,E.B.,pess,inv,pess_inv,1,3,5,SH,coop,coop,60
50,2003,3,E.B.,pess,inv,pess_inv,2,0,15,PD,coop,def,60
51,2003,3,E.B.,pess,inv,pess_inv,3,7,12,SG,def,coop,60
52,2003,3,E.B.,pess,inv,pess_inv,4,10,15,SG,def,coop,60
53,2003,3,E.B.,pess,inv,pess_inv,5,10,8,HG,def,coop,60
54,2003,3,E.B.,pess,inv,pess_inv,6,0,12,PD,coop,def,60
55,2003,3,E.B.,pess,inv,pess_inv,7,0,5,SH,coop,def,60
56,2003,3,E.B.,pess,inv,pess_inv,8,7,15,SG,def,coop,60
57,2003,3,E.B.,pess,inv,pess_inv,9,0,8,SH,coop,def,60
58,2003,3,E.B.,pess,inv,pess_inv,10,3,15,PD,coop,coop,60
59,2003,3,E.B.,pess,inv,pess_inv,11,7,5,HG,def,coop,60
60,2003,3,E.B.,pess,inv,pess_inv,12,3,12,PD,coop,coop,60
61,2003,3,E.B.,pess,inv,pess_inv,13,10,12,SG,def,coop,60
62,2003,3,E.B.,pess,inv,pess_inv,14,3,8,SH,coop,coop,60
63,2003,3,E.B.,pess,inv,pess_inv,15,7,8,HG,def,coop,60
64,2004,0,F.A.,opt,nat,opt_nat,0,0,12,PD,def,coop,70
65,2004,0,F.A.,opt,nat,opt_nat,1,0,8,SH,coop,coop,70
66,2004,0,F.A.,opt,nat,opt_nat,2,7,15,SG,def,coop,60
67,2004,0,F.A.,opt,nat,opt_nat,3,7,8,HG,coop,coop,60
68,2004,0,F.A.,opt,nat,opt_nat,4,3,12,PD,def,coop,80
69,2004,0,F.A.,opt,nat,opt_nat,5,0,5,SH,coop,coop,60
70,2004,0,F.A.,opt,nat,opt_nat,6,10,8,HG,coop,coop,70
71,2004,0,F.A.,opt,nat,opt_nat,7,10,15,SG,def,coop,70
72,2004,0,F.A.,opt,nat,opt_nat,8,10,12,SG,def,coop,70
73,2004,0,F.A.,opt,nat,opt_nat,9,0,15,PD,def,coop,70
74,2004,0,F.A.,opt,nat,opt_nat,10,10,5,HG,coop,coop,70
75,2004,0,F.A.,opt,nat,opt_nat,11,3,8,SH,coop,coop,60
76,2004,0,F.A.,opt,nat,opt_nat,12,7,12,SG,def,coop,60
77,2004,0,F.A.,opt,nat,opt_nat,13,3,15,PD,def,coop,70
78,2004,0,F.A.,opt,nat,opt_nat,14,3,5,SH,coop,coop,70
79,2004,0,F.A.,opt,nat,opt_nat,15,7,5,HG,coop,coop,60
80,2004,1,D.T.,pess,nat,pess_nat,0,10,5,HG,coop,coop,60
81,2004,1,D.T.,pess,nat,pess_nat,1,0,15,PD,def,coop,70
82,2004,1,D.T.,pess,nat,pess_nat,2,7,12,SG,coop,coop,70
83,2004,1,D.T.,pess,nat,pess_nat,3,0,8,SH,def,coop,70
84,2004,1,D.T.,pess,nat,pess_nat,4,0,5,SH,def,coop,70
85,2004,1,D.T.,pess,nat,pess_nat,5,10,15,SG,coop,coop,60
86,2004,1,D.T.,pess,nat,pess_nat,6,7,5,HG,coop,coop,70
87,2004,1,D.T.,pess,nat,pess_nat,7,0,12,PD,def,coop,60
88,2004,1,D.T.,pess,nat,pess_nat,8,10,8,HG,coop,coop,60
89,2004,1,D.T.,pess,nat,pess_nat,9,3,15,PD,def,coop,70
90,2004,1,D.T.,pess,nat,pess_nat,10,3,8,SH,def,coop,70
91,2004,1,D.T.,pess,nat,pess_nat,11,10,12,SG,coop,coop,70
92,2004,1,D.T.,pess,nat,pess_nat,12,3,12,PD,def,coop,60
93,2004,1,D.T.,pess,nat,pess_nat,13,7,15,SG,coop,coop,60
94,2004,1,D.T.,pess,nat,pess_nat,14,7,8,HG,coop,coop,60
95,2004,1,D.T.,pess,nat,pess_nat,15,3,5,SH,def,coop,60
96,2004,2,E.B.,pess,inv,pess_inv,0,10,8,HG,def,coop,70
97,2004,2,E.B.,pess,inv,pess_inv,1,3,5,SH,coop,coop,70
98,2004,2,E.B.,pess,inv,pess_inv,2,7,12,SG,def,coop,70
99,2004,2,E.B.,pess,inv,pess_inv,3,3,12,PD,coop,coop,60
100,2004,2,E.B.,pess,inv,pess_inv,4,7,5,HG,def,coop,70
101,2004,2,E.B.,pess,inv,pess_inv,5,10,15,SG,def,coop,70
102,2004,2,E.B.,pess,inv,pess_inv,6,0,12,PD,coop,coop,70
103,2004,2,E.B.,pess,inv,pess_inv,7,0,5,SH,coop,coop,70
104,2004,2,E.B.,pess,inv,pess_inv,8,10,5,HG,def,coop,70
105,2004,2,E.B.,pess,inv,pess_inv,9,3,8,SH,coop,coop,70
106,2004,2,E.B.,pess,inv,pess_inv,10,7,15,SG,def,coop,70
107,2004,2,E.B.,pess,inv,pess_inv,11,3,15,PD,coop,coop,70
108,2004,2,E.B.,pess,inv,pess_inv,12,0,15,PD,coop,coop,70
109,2004,2,E.B.,pess,inv,pess_inv,13,0,8,SH,coop,coop,70
110,2004,2,E.B.,pess,inv,pess_inv,14,10,12,SG,def,coop,70
111,2004,2,E.B.,pess,inv,pess_inv,15,7,8,HG,def,coop,70
112,2004,3,G.P.,opt,inv,opt_inv,0,7,5,HG,def,coop,70
113,2004,3,G.P.,opt,inv,opt_inv,1,3,5,SH,def,coop,70
114,2004,3,G.P.,opt,inv,opt_inv,2,7,12,SG,coop,coop,70
115,2004,3,G.P.,opt,inv,opt_inv,3,3,15,PD,coop,coop,70
116,2004,3,G.P.,opt,inv,opt_inv,4,0,5,SH,def,coop,70
117,2004,3,G.P.,opt,inv,opt_inv,5,0,15,PD,coop,coop,70
118,2004,3,G.P.,opt,inv,opt_inv,6,7,15,SG,coop,coop,70
119,2004,3,G.P.,opt,inv,opt_inv,7,10,8,HG,def,coop,70
120,2004,3,G.P.,opt,inv,opt_inv,8,10,12,SG,coop,coop,70
121,2004,3,G.P.,opt,inv,opt_inv,9,3,8,SH,def,coop,70
122,2004,3,G.P.,opt,inv,opt_inv,10,10,5,HG,def,coop,70
123,2004,3,G.P.,opt,inv,opt_inv,11,3,12,PD,coop,coop,70
124,2004,3,G.P.,opt,inv,opt_inv,12,10,15,SG,coop,coop,70
125,2004,3,G.P.,opt,inv,opt_inv,13,0,12,PD,coop,coop,70
126,2004,3,G.P.,opt,inv,opt_inv,14,0,8,SH,def,coop,70
127,2004,3,G.P.,opt,inv,opt_inv,15,7,8,HG,def,coop,70
128,2005,0,D.T.,pess,nat,pess_nat,0,0,5,SH,def,coop,70
129,2005,0,D.T.,pess,nat,pess_nat,1,10,5,HG,coop,def,60
130,2005,0,D.T.,pess,nat,pess_nat,2,3,15,PD,def,def,70
131,2005,0,D.T.,pess,nat,pess_nat,3,7,12,SG,coop,def,70
132,2005,0,D.T.,pess,nat,pess_nat,4,10,8,HG,coop,coop,60
133,2005,0,D.T.,pess,nat,pess_nat,5,0,15,PD,def,coop,60
134,2005,0,D.T.,pess,nat,pess_nat,6,3,5,SH,def,def,70
135,2005,0,D.T.,pess,nat,pess_nat,7,7,15,SG,coop,coop,60
136,2005,0,D.T.,pess,nat,pess_nat,8,3,12,PD,def,coop,60
137,2005,0,D.T.,pess,nat,pess_nat,9,10,12,SG,coop,coop,60
138,2005,0,D.T.,pess,nat,pess_nat,10,7,8,HG,coop,coop,60
139,2005,0,D.T.,pess,nat,pess_nat,11,3,8,SH,def,def,60
140,2005,0,D.T.,pess,nat,pess_nat,12,0,12,PD,def,def,60
141,2005,0,D.T.,pess,nat,pess_nat,13,0,8,SH,def,coop,60
142,2005,0,D.T.,pess,nat,pess_nat,14,10,15,SG,coop,def,60
143,2005,0,D.T.,pess,nat,pess_nat,15,7,5,HG,coop,def,60
144,2005,1,F.A.,opt,nat,opt_nat,0,0,12,PD,def,coop,70
145,2005,1,F.A.,opt,nat,opt_nat,1,0,8,SH,coop,coop,60
146,2005,1,F.A.,opt,nat,opt_nat,2,7,15,SG,def,coop,60
147,2005,1,F.A.,opt,nat,opt_nat,3,7,8,HG,coop,coop,70
148,2005,1,F.A.,opt,nat,opt_nat,4,3,12,PD,def,def,60
149,2005,1,F.A.,opt,nat,opt_nat,5,0,5,SH,coop,coop,60
150,2005,1,F.A.,opt,nat,opt_nat,6,10,8,HG,coop,coop,60
151,2005,1,F.A.,opt,nat,opt_nat,7,10,15,SG,def,def,60
152,2005,1,F.A.,opt,nat,opt_nat,8,10,12,SG,def,coop,60
153,2005,1,F.A.,opt,nat,opt_nat,9,0,15,PD,def,coop,60
154,2005,1,F.A.,opt,nat,opt_nat,10,10,5,HG,coop,coop,60
155,2005,1,F.A.,opt,nat,opt_nat,11,3,8,SH,coop,def,60
156,2005,1,F.A.,opt,nat,opt_nat,12,7,12,SG,def,def,60
157,2005,1,F.A.,opt,nat,opt_nat,13,3,15,PD,def,coop,60
158,2005,1,F.A.,opt,nat,opt_nat,14,3,5,SH,coop,def,60
159,2005,1,F.A.,opt,nat,opt_nat,15,7,5,HG,coop,coop,60
160,2005,2,E.B.,pess,inv,pess_inv,0,3,12,PD,coop,def,70
161,2005,2,E.B.,pess,inv,pess_inv,1,7,8,HG,def,coop,70
162,2005,2,E.B.,pess,inv,pess_inv,2,3,8,SH,coop,coop,70
163,2005,2,E.B.,pess,inv,pess_inv,3,7,12,SG,def,def,60
164,2005,2,E.B.,pess,inv,pess_inv,4,0,15,PD,coop,coop,60
165,2005,2,E.B.,pess,inv,pess_inv,5,0,8,SH,coop,coop,60
166,2005,2,E.B.,pess,inv,pess_inv,6,7,15,SG,def,def,60
167,2005,2,E.B.,pess,inv,pess_inv,7,7,5,HG,def,coop,60
168,2005,2,E.B.,pess,inv,pess_inv,8,3,15,PD,coop,def,60
169,2005,2,E.B.,pess,inv,pess_inv,9,0,5,SH,coop,coop,60
170,2005,2,E.B.,pess,inv,pess_inv,10,10,5,HG,def,coop,60
171,2005,2,E.B.,pess,inv,pess_inv,11,10,15,SG,def,def,60
172,2005,2,E.B.,pess,inv,pess_inv,12,10,12,SG,def,coop,60
173,2005,2,E.B.,pess,inv,pess_inv,13,0,12,PD,coop,def,60
174,2005,2,E.B.,pess,inv,pess_inv,14,3,5,SH,coop,coop,60
175,2005,2,E.B.,pess,inv,pess_inv,15,10,8,HG,def,coop,60
176,2005,3,G.P.,opt,inv,opt_inv,0,10,5,HG,def,coop,70
177,2005,3,G.P.,opt,inv,opt_inv,1,3,5,SH,def,coop,70
178,2005,3,G.P.,opt,inv,opt_inv,2,0,15,PD,coop,coop,70
179,2005,3,G.P.,opt,inv,opt_inv,3,7,12,SG,coop,coop,70
180,2005,3,G.P.,opt,inv,opt_inv,4,10,15,SG,coop,coop,70
181,2005,3,G.P.,opt,inv,opt_inv,5,10,8,HG,def,coop,70
182,2005,3,G.P.,opt,inv,opt_inv,6,0,12,PD,coop,coop,70
183,2005,3,G.P.,opt,inv,opt_inv,7,0,5,SH,def,coop,70
184,2005,3,G.P.,opt,inv,opt_inv,8,7,15,SG,coop,coop,70
185,2005,3,G.P.,opt,inv,opt_inv,9,0,8,SH,def,coop,70
186,2005,3,G.P.,opt,inv,opt_inv,10,3,15,PD,coop,coop,70
187,2005,3,G.P.,opt,inv,opt_inv,11,7,5,HG,def,coop,70
188,2005,3,G.P.,opt,inv,opt_inv,12,3,12,PD,coop,coop,70
189,2005,3,G.P.,opt,inv,opt_inv,13,10,12,SG,coop,coop,70
190,2005,3,G.P.,opt,inv,opt_inv,14,3,8,SH,def,coop,70
191,2005,3,G.P.,opt,inv,opt_inv,15,7,8,HG,def,coop,70
192,2006,0,E.B.,opt,nat,opt_nat,0,3,5,SH,coop,coop,50
193,2006,0,E.B.,opt,nat,opt_nat,1,0,15,PD,def,coop,50
194,2006,0,E.B.,opt,nat,opt_nat,2,7,8,HG,coop,coop,50
195,2006,0,E.B.,opt,nat,opt_nat,3,10,12,SG,def,coop,50
196,2006,0,E.B.,opt,nat,opt_nat,4,7,12,SG,def,coop,50
197,2006,0,E.B.,opt,nat,opt_nat,5,10,8,HG,coop,coop,50
198,2006,0,E.B.,opt,nat,opt_nat,6,0,5,SH,coop,coop,50
199,2006,0,E.B.,opt,nat,opt_nat,7,0,12,PD,def,coop,50
200,2006,0,E.B.,opt,nat,opt_nat,8,7,5,HG,coop,coop,50
201,2006,0,E.B.,opt,nat,opt_nat,9,3,8,SH,coop,coop,50
202,2006,0,E.B.,opt,nat,opt_nat,10,3,12,PD,def,coop,50
203,2006,0,E.B.,opt,nat,opt_nat,11,7,15,SG,def,coop,50
204,2006,0,E.B.,opt,nat,opt_nat,12,3,15,PD,def,coop,50
205,2006,0,E.B.,opt,nat,opt_nat,13,10,5,HG,coop,coop,50
206,2006,0,E.B.,opt,nat,opt_nat,14,10,15,SG,def,coop,50
207,2006,0,E.B.,opt,nat,opt_nat,15,0,8,SH,coop,coop,50
208,2006,1,G.P.,pess,nat,pess_nat,0,7,5,HG,coop,coop,50
209,2006,1,G.P.,pess,nat,pess_nat,1,3,5,SH,def,coop,50
210,2006,1,G.P.,pess,nat,pess_nat,2,7,12,SG,coop,coop,50
211,2006,1,G.P.,pess,nat,pess_nat,3,3,15,PD,def,coop,50
212,2006,1,G.P.,pess,nat,pess_nat,4,0,5,SH,def,coop,50
213,2006,1,G.P.,pess,nat,pess_nat,5,0,15,PD,def,coop,50
214,2006,1,G.P.,pess,nat,pess_nat,6,7,15,SG,coop,coop,50
215,2006,1,G.P.,pess,nat,pess_nat,7,10,8,HG,coop,coop,50
216,2006,1,G.P.,pess,nat,pess_nat,8,10,12,SG,coop,coop,50
217,2006,1,G.P.,pess,nat,pess_nat,9,3,8,SH,def,coop,50
218,2006,1,G.P.,pess,nat,pess_nat,10,10,5,HG,coop,coop,50
219,2006,1,G.P.,pess,nat,pess_nat,11,3,12,PD,def,coop,50
220,2006,1,G.P.,pess,nat,pess_nat,12,10,15,SG,coop,coop,50
221,2006,1,G.P.,pess,nat,pess_nat,13,0,12,PD,def,coop,50
222,2006,1,G.P.,pess,nat,pess_nat,14,0,8,SH,def,coop,50
223,2006,1,G.P.,pess,nat,pess_nat,15,7,8,HG,coop,coop,50
224,2006,2,D.T.,pess,inv,pess_inv,0,3,12,PD,coop,coop,50
225,2006,2,D.T.,pess,inv,pess_inv,1,7,8,HG,def,coop,50
226,2006,2,D.T.,pess,inv,pess_inv,2,3,8,SH,coop,coop,50
227,2006,2,D.T.,pess,inv,pess_inv,3,7,12,SG,def,coop,50
228,2006,2,D.T.,pess,inv,pess_inv,4,0,15,PD,coop,coop,50
229,2006,2,D.T.,pess,inv,pess_inv,5,0,8,SH,coop,coop,50
230,2006,2,D.T.,pess,inv,pess_inv,6,7,15,SG,def,coop,50
231,2006,2,D.T.,pess,inv,pess_inv,7,7,5,HG,def,coop,50
232,2006,2,D.T.,pess,inv,pess_inv,8,3,15,PD,coop,coop,50
233,2006,2,D.T.,pess,inv,pess_inv,9,0,5,SH,coop,coop,50
234,2006,2,D.T.,pess,inv,pess_inv,10,10,5,HG,def,coop,50
235,2006,2,D.T.,pess,inv,pess_inv,11,10,15,SG,def,coop,50
236,2006,2,D.T.,pess,inv,pess_inv,12,10,12,SG,def,coop,50
237,2006,2,D.T.,pess,inv,pess_inv,13,0,12,PD,coop,coop,50
238,2006,2,D.T.,pess,inv,pess_inv,14,3,5,SH,coop,coop,50
239,2006,2,D.T.,pess,inv,pess_inv,15,10,8,HG,def,coop,50
240,2006,3,F.A.,opt,inv,opt_inv,0,10,5,HG,def,coop,50
241,2006,3,F.A.,opt,inv,opt_inv,1,7,12,SG,coop,coop,50
242,2006,3,F.A.,opt,inv,opt_inv,2,0,12,PD,coop,coop,50
243,2006,3,F.A.,opt,inv,opt_inv,3,3,8,SH,def,coop,50
244,2006,3,F.A.,opt,inv,opt_inv,4,10,12,SG,coop,coop,50
245,2006,3,F.A.,opt,inv,opt_inv,5,0,8,SH,def,coop,50
246,2006,3,F.A.,opt,inv,opt_inv,6,7,8,HG,def,coop,50
247,2006,3,F.A.,opt,inv,opt_inv,7,0,15,PD,coop,coop,50
248,2006,3,F.A.,opt,inv,opt_inv,8,7,5,HG,def,coop,50
249,2006,3,F.A.,opt,inv,opt_inv,9,10,15,SG,coop,coop,50
250,2006,3,F.A.,opt,inv,opt_inv,10,3,5,SH,def,coop,50
251,2006,3,F.A.,opt,inv,opt_inv,11,3,15,PD,coop,coop,50
252,2006,3,F.A.,opt,inv,opt_inv,12,3,12,PD,coop,coop,50
253,2006,3,F.A.,opt,inv,opt_inv,13,0,5,SH,def,coop,50
254,2006,3,F.A.,opt,inv,opt_inv,14,7,15,SG,coop,coop,50
255,2006,3,F.A.,opt,inv,opt_inv,15,10,8,HG,def,coop,50
256,2008,0,F.A.,opt,nat,opt_nat,0,7,15,SG,def,coop,60
257,2008,0,F.A.,opt,nat,opt_nat,1,3,15,PD,def,coop,80
258,2008,0,F.A.,opt,nat,opt_nat,2,3,8,SH,coop,def,60
259,2008,0,F.A.,opt,nat,opt_nat,3,7,5,HG,coop,coop,70
260,2008,0,F.A.,opt,nat,opt_nat,4,10,15,SG,def,coop,70
261,2008,0,F.A.,opt,nat,opt_nat,5,7,8,HG,coop,coop,70
262,2008,0,F.A.,opt,nat,opt_nat,6,0,5,SH,coop,def,80
263,2008,0,F.A.,opt,nat,opt_nat,7,0,12,PD,def,coop,60
264,2008,0,F.A.,opt,nat,opt_nat,8,3,12,PD,def,coop,80
265,2008,0,F.A.,opt,nat,opt_nat,9,7,12,SG,def,def,60
266,2008,0,F.A.,opt,nat,opt_nat,10,10,8,HG,coop,coop,60
267,2008,0,F.A.,opt,nat,opt_nat,11,3,5,SH,coop,coop,70
268,2008,0,F.A.,opt,nat,opt_nat,12,10,12,SG,def,def,70
269,2008,0,F.A.,opt,nat,opt_nat,13,0,15,PD,def,coop,80
270,2008,0,F.A.,opt,nat,opt_nat,14,10,5,HG,coop,coop,80
271,2008,0,F.A.,opt,nat,opt_nat,15,0,8,SH,coop,def,80
272,2008,1,E.B.,pess,nat,pess_nat,0,3,8,SH,def,coop,70
273,2008,1,E.B.,pess,nat,pess_nat,1,0,15,PD,def,coop,80
274,2008,1,E.B.,pess,nat,pess_nat,2,7,8,HG,coop,coop,70
275,2008,1,E.B.,pess,nat,pess_nat,3,7,15,SG,coop,coop,80
276,2008,1,E.B.,pess,nat,pess_nat,4,3,5,SH,def,coop,70
277,2008,1,E.B.,pess,nat,pess_nat,5,7,5,HG,coop,coop,80
278,2008,1,E.B.,pess,nat,pess_nat,6,0,12,PD,def,coop,80
279,2008,1,E.B.,pess,nat,pess_nat,7,10,12,SG,coop,def,70
280,2008,1,E.B.,pess,nat,pess_nat,8,7,12,SG,coop,coop,70
281,2008,1,E.B.,pess,nat,pess_nat,9,3,15,PD,def,coop,80
282,2008,1,E.B.,pess,nat,pess_nat,10,0,8,SH,def,def,80
283,2008,1,E.B.,pess,nat,pess_nat,11,10,5,HG,coop,coop,80
284,2008,1,E.B.,pess,nat,pess_nat,12,10,15,SG,coop,coop,70
285,2008,1,E.B.,pess,nat,pess_nat,13,0,5,SH,def,def,70
286,2008,1,E.B.,pess,nat,pess_nat,14,10,8,HG,coop,coop,70
287,2008,1,E.B.,pess,nat,pess_nat,15,3,12,PD,def,coop,80
288,2008,2,D.T.,opt,inv,opt_inv,0,0,5,SH,def,coop,70
289,2008,2,D.T.,opt,inv,opt_inv,1,10,5,HG,def,coop,80
290,2008,2,D.T.,opt,inv,opt_inv,2,3,15,PD,coop,coop,80
291,2008,2,D.T.,opt,inv,opt_inv,3,7,12,SG,coop,coop,80
292,2008,2,D.T.,opt,inv,opt_inv,4,10,8,HG,def,coop,70
293,2008,2,D.T.,opt,inv,opt_inv,5,0,15,PD,coop,coop,70
294,2008,2,D.T.,opt,inv,opt_inv,6,3,5,SH,def,coop,80
295,2008,2,D.T.,opt,inv,opt_inv,7,7,15,SG,coop,coop,80
296,2008,2,D.T.,opt,inv,opt_inv,8,3,12,PD,coop,coop,70
297,2008,2,D.T.,opt,inv,opt_inv,9,10,12,SG,coop,coop,70
298,2008,2,D.T.,opt,inv,opt_inv,10,7,8,HG,def,coop,80
299,2008,2,D.T.,opt,inv,opt_inv,11,3,8,SH,def,def,70
300,2008,2,D.T.,opt,inv,opt_inv,12,0,12,PD,coop,coop,80
301,2008,2,D.T.,opt,inv,opt_inv,13,0,8,SH,def,coop,70
302,2008,2,D.T.,opt,inv,opt_inv,14,10,15,SG,coop,coop,80
303,2008,2,D.T.,opt,inv,opt_inv,15,7,5,HG,def,coop,80
304,2008,3,G.P.,pess,inv,pess_inv,0,10,5,HG,def,coop,80
305,2008,3,G.P.,pess,inv,pess_inv,1,3,5,SH,coop,coop,70
306,2008,3,G.P.,pess,inv,pess_inv,2,0,15,PD,coop,coop,80
307,2008,3,G.P.,pess,inv,pess_inv,3,7,12,SG,def,coop,80
308,2008,3,G.P.,pess,inv,pess_inv,4,10,15,SG,def,def,80
309,2008,3,G.P.,pess,inv,pess_inv,5,10,8,HG,def,def,70
310,2008,3,G.P.,pess,inv,pess_inv,6,0,12,PD,coop,coop,70
311,2008,3,G.P.,pess,inv,pess_inv,7,0,5,SH,coop,coop,80
312,2008,3,G.P.,pess,inv,pess_inv,8,7,15,SG,def,coop,80
313,2008,3,G.P.,pess,inv,pess_inv,9,0,8,SH,coop,def,70
314,2008,3,G.P.,pess,inv,pess_inv,10,3,15,PD,coop,coop,80
315,2008,3,G.P.,pess,inv,pess_inv,11,7,5,HG,def,coop,70
316,2008,3,G.P.,pess,inv,pess_inv,12,3,12,PD,coop,coop,80
317,2008,3,G.P.,pess,inv,pess_inv,13,10,12,SG,def,def,70
318,2008,3,G.P.,pess,inv,pess_inv,14,3,8,SH,coop,coop,70
319,2008,3,G.P.,pess,inv,pess_inv,15,7,8,HG,def,coop,70
320,2009,0,E.B.,opt,nat,opt_nat,0,0,8,SH,coop,coop,30
321,2009,0,E.B.,opt,nat,opt_nat,1,3,15,PD,def,coop,40
322,2009,0,E.B.,opt,nat,opt_nat,2,10,12,SG,def,coop,50
323,2009,0,E.B.,opt,nat,opt_nat,3,7,8,HG,coop,coop,40
324,2009,0,E.B.,opt,nat,opt_nat,4,10,8,HG,coop,coop,30
325,2009,0,E.B.,opt,nat,opt_nat,5,0,15,PD,def,coop,30
326,2009,0,E.B.,opt,nat,opt_nat,6,3,8,SH,coop,coop,40
327,2009,0,E.B.,opt,nat,opt_nat,7,7,15,SG,def,def,40
328,2009,0,E.B.,opt,nat,opt_nat,8,0,12,PD,def,def,50
329,2009,0,E.B.,opt,nat,opt_nat,9,3,5,SH,coop,coop,30
330,2009,0,E.B.,opt,nat,opt_nat,10,7,12,SG,def,coop,40
331,2009,0,E.B.,opt,nat,opt_nat,11,10,5,HG,coop,coop,30
332,2009,0,E.B.,opt,nat,opt_nat,12,0,5,SH,coop,coop,30
333,2009,0,E.B.,opt,nat,opt_nat,13,7,5,HG,coop,coop,30
334,2009,0,E.B.,opt,nat,opt_nat,14,3,12,PD,def,def,30
335,2009,0,E.B.,opt,nat,opt_nat,15,10,15,SG,def,coop,40
336,2009,1,D.T.,pess,nat,pess_nat,0,10,12,SG,coop,def,30
337,2009,1,D.T.,pess,nat,pess_nat,1,0,12,PD,def,def,30
338,2009,1,D.T.,pess,nat,pess_nat,2,3,5,SH,def,coop,30
339,2009,1,D.T.,pess,nat,pess_nat,3,7,8,HG,coop,coop,30
340,2009,1,D.T.,pess,nat,pess_nat,4,10,5,HG,coop,coop,30
341,2009,1,D.T.,pess,nat,pess_nat,5,3,12,PD,def,def,30
342,2009,1,D.T.,pess,nat,pess_nat,6,3,8,SH,def,def,30
343,2009,1,D.T.,pess,nat,pess_nat,7,10,15,SG,coop,def,30
344,2009,1,D.T.,pess,nat,pess_nat,8,0,15,PD,def,def,30
345,2009,1,D.T.,pess,nat,pess_nat,9,7,12,SG,coop,coop,30
346,2009,1,D.T.,pess,nat,pess_nat,10,0,5,SH,def,coop,30
347,2009,1,D.T.,pess,nat,pess_nat,11,7,5,HG,coop,coop,30
348,2009,1,D.T.,pess,nat,pess_nat,12,10,8,HG,coop,coop,30
349,2009,1,D.T.,pess,nat,pess_nat,13,0,8,SH,def,coop,30
350,2009,1,D.T.,pess,nat,pess_nat,14,7,15,SG,coop,def,30
351,2009,1,D.T.,pess,nat,pess_nat,15,3,15,PD,def,def,30
352,2009,2,F.A.,opt,inv,opt_inv,0,7,5,HG,def,coop,30
353,2009,2,F.A.,opt,inv,opt_inv,1,3,5,SH,def,coop,30
354,2009,2,F.A.,opt,inv,opt_inv,2,7,12,SG,coop,def,30
355,2009,2,F.A.,opt,inv,opt_inv,3,3,15,PD,coop,def,30
356,2009,2,F.A.,opt,inv,opt_inv,4,0,5,SH,def,def,30
357,2009,2,F.A.,opt,inv,opt_inv,5,0,15,PD,coop,def,30
358,2009,2,F.A.,opt,inv,opt_inv,6,7,15,SG,coop,def,30
359,2009,2,F.A.,opt,inv,opt_inv,7,10,8,HG,def,coop,30
360,2009,2,F.A.,opt,inv,opt_inv,8,10,12,SG,coop,def,30
361,2009,2,F.A.,opt,inv,opt_inv,9,3,8,SH,def,def,30
362,2009,2,F.A.,opt,inv,opt_inv,10,10,5,HG,def,coop,30
363,2009,2,F.A.,opt,inv,opt_inv,11,3,12,PD,coop,def,30
364,2009,2,F.A.,opt,inv,opt_inv,12,10,15,SG,coop,def,30
365,2009,2,F.A.,opt,inv,opt_inv,13,0,12,PD,coop,def,30
366,2009,2,F.A.,opt,inv,opt_inv,14,0,8,SH,def,coop,30
367,2009,2,F.A.,opt,inv,opt_inv,15,7,8,HG,def,def,30
368,2009,3,G.P.,pess,inv,pess_inv,0,3,8,SH,coop,coop,30
369,2009,3,G.P.,pess,inv,pess_inv,1,0,15,PD,coop,def,30
370,2009,3,G.P.,pess,inv,pess_inv,2,7,8,HG,def,coop,30
371,2009,3,G.P.,pess,inv,pess_inv,3,7,15,SG,def,coop,30
372,2009,3,G.P.,pess,inv,pess_inv,4,3,5,SH,coop,def,30
373,2009,3,G.P.,pess,inv,pess_inv,5,7,5,HG,def,coop,30
374,2009,3,G.P.,pess,inv,pess_inv,6,0,12,PD,coop,coop,30
375,2009,3,G.P.,pess,inv,pess_inv,7,10,12,SG,def,def,30
376,2009,3,G.P.,pess,inv,pess_inv,8,7,12,SG,def,def,30
377,2009,3,G.P.,pess,inv,pess_inv,9,3,15,PD,coop,def,30
378,2009,3,G.P.,pess,inv,pess_inv,10,0,8,SH,coop,coop,30
379,2009,3,G.P.,pess,inv,pess_inv,11,10,5,HG,def,coop,30
380,2009,3,G.P.,pess,inv,pess_inv,12,10,15,SG,def,def,30
381,2009,3,G.P.,pess,inv,pess_inv,13,0,5,SH,coop,def,30
382,2009,3,G.P.,pess,inv,pess_inv,14,10,8,HG,def,coop,30
383,2009,3,G.P.,pess,inv,pess_inv,15,3,12,PD,coop,def,30
384,2011,0,F.A.,opt,nat,opt_nat,0,7,15,SG,def,def,90
385,2011,0,F.A.,opt,nat,opt_nat,1,0,12,PD,def,def,90
386,2011,0,F.A.,opt,nat,opt_nat,2,3,5,SH,coop,def,90
387,2011,0,F.A.,opt,nat,opt_nat,3,7,5,HG,coop,coop,70
388,2011,0,F.A.,opt,nat,opt_nat,4,3,12,PD,def,def,90
389,2011,0,F.A.,opt,nat,opt_nat,5,7,8,HG,coop,coop,80
390,2011,0,F.A.,opt,nat,opt_nat,6,0,8,SH,coop,def,90
391,2011,0,F.A.,opt,nat,opt_nat,7,10,15,SG,def,def,90
392,2011,0,F.A.,opt,nat,opt_nat,8,10,12,SG,def,def,90
393,2011,0,F.A.,opt,nat,opt_nat,9,0,15,PD,def,def,90
394,2011,0,F.A.,opt,nat,opt_nat,10,0,5,SH,coop,def,90
395,2011,0,F.A.,opt,nat,opt_nat,11,10,8,HG,coop,coop,90
396,2011,0,F.A.,opt,nat,opt_nat,12,7,12,SG,def,def,90
397,2011,0,F.A.,opt,nat,opt_nat,13,3,8,SH,coop,def,90
398,2011,0,F.A.,opt,nat,opt_nat,14,3,15,PD,def,def,90
399,2011,0,F.A.,opt,nat,opt_nat,15,10,5,HG,coop,coop,90
400,2011,1,E.B.,pess,nat,pess_nat,0,0,8,SH,def,def,90
401,2011,1,E.B.,pess,nat,pess_nat,1,7,5,HG,coop,coop,90
402,2011,1,E.B.,pess,nat,pess_nat,2,10,15,SG,coop,def,90
403,2011,1,E.B.,pess,nat,pess_nat,3,3,12,PD,def,def,90
404,2011,1,E.B.,pess,nat,pess_nat,4,7,15,SG,coop,def,90
405,2011,1,E.B.,pess,nat,pess_nat,5,7,8,HG,coop,coop,90
406,2011,1,E.B.,pess,nat,pess_nat,6,3,5,SH,def,def,90
407,2011,1,E.B.,pess,nat,pess_nat,7,3,15,PD,def,def,90
408,2011,1,E.B.,pess,nat,pess_nat,8,0,15,PD,def,def,90
409,2011,1,E.B.,pess,nat,pess_nat,9,10,8,HG,coop,coop,90
410,2011,1,E.B.,pess,nat,pess_nat,10,10,12,SG,coop,def,90
411,2011,1,E.B.,pess,nat,pess_nat,11,0,5,SH,def,def,90
412,2011,1,E.B.,pess,nat,pess_nat,12,0,12,PD,def,def,90
413,2011,1,E.B.,pess,nat,pess_nat,13,3,8,SH,def,def,90
414,2011,1,E.B.,pess,nat,pess_nat,14,10,5,HG,coop,coop,90
415,2011,1,E.B.,pess,nat,pess_nat,15,7,12,SG,coop,def,90
416,2011,2,D.T.,pess,inv,pess_inv,0,0,8,SH,coop,def,90
417,2011,2,D.T.,pess,inv,pess_inv,1,3,15,PD,coop,def,90
418,2011,2,D.T.,pess,inv,pess_inv,2,10,12,SG,def,def,90
419,2011,2,D.T.,pess,inv,pess_inv,3,7,8,HG,def,coop,90
420,2011,2,D.T.,pess,inv,pess_inv,4,10,8,HG,def,coop,90
421,2011,2,D.T.,pess,inv,pess_inv,5,0,15,PD,coop,def,90
422,2011,2,D.T.,pess,inv,pess_inv,6,3,8,SH,coop,def,90
423,2011,2,D.T.,pess,inv,pess_inv,7,7,15,SG,def,def,90
424,2011,2,D.T.,pess,inv,pess_inv,8,0,12,PD,coop,def,90
425,2011,2,D.T.,pess,inv,pess_inv,9,3,5,SH,coop,coop,90
426,2011,2,D.T.,pess,inv,pess_inv,10,7,12,SG,def,def,90
427,2011,2,D.T.,pess,inv,pess_inv,11,10,5,HG,def,coop,90
428,2011,2,D.T.,pess,inv,pess_inv,12,0,5,SH,coop,def,90
429,2011,2,D.T.,pess,inv,pess_inv,13,7,5,HG,def,coop,90
430,2011,2,D.T.,pess,inv,pess_inv,14,3,12,PD,coop,def,90
431,2011,2,D.T.,pess,inv,pess_inv,15,10,15,SG,def,def,90
432,2011,3,G.P.,opt,inv,opt_inv,0,7,15,SG,coop,def,90
433,2011,3,G.P.,opt,inv,opt_inv,1,7,5,HG,def,coop,90
434,2011,3,G.P.,opt,inv,opt_inv,2,3,8,SH,def,def,90
435,2011,3,G.P.,opt,inv,opt_inv,3,0,12,PD,coop,def,90
436,2011,3,G.P.,opt,inv,opt_inv,4,7,8,HG,def,coop,90
437,2011,3,G.P.,opt,inv,opt_inv,5,0,8,SH,def,def,90
438,2011,3,G.P.,opt,inv,opt_inv,6,10,15,SG,coop,def,90
439,2011,3,G.P.,opt,inv,opt_inv,7,0,15,PD,coop,def,90
440,2011,3,G.P.,opt,inv,opt_inv,8,10,5,HG,def,coop,90
441,2011,3,G.P.,opt,inv,opt_inv,9,3,5,SH,def,def,90
442,2011,3,G.P.,opt,inv,opt_inv,10,3,15,PD,coop,def,90
443,2011,3,G.P.,opt,inv,opt_inv,11,10,12,SG,coop,def,90
444,2011,3,G.P.,opt,inv,opt_inv,12,0,5,SH,def,def,90
445,2011,3,G.P.,opt,inv,opt_inv,13,3,12,PD,coop,def,90
446,2011,3,G.P.,opt,inv,opt_inv,14,7,12,SG,coop,def,90
447,2011,3,G.P.,opt,inv,opt_inv,15,10,8,HG,def,coop,90
448,2013,0,F.A.,opt,nat,opt_nat,0,7,15,SG,def,coop,40
449,2013,0,F.A.,opt,nat,opt_nat,1,0,12,PD,def,def,70
450,2013,0,F.A.,opt,nat,opt_nat,2,3,5,SH,coop,coop,70
451,2013,0,F.A.,opt,nat,opt_nat,3,7,5,HG,coop,coop,70
452,2013,0,F.A.,opt,nat,opt_nat,4,3,12,PD,def,def,70
453,2013,0,F.A.,opt,nat,opt_nat,5,7,8,HG,coop,coop,60
454,2013,0,F.A.,opt,nat,opt_nat,6,0,8,SH,coop,def,70
455,2013,0,F.A.,opt,nat,opt_nat,7,10,15,SG,def,def,70
456,2013,0,F.A.,opt,nat,opt_nat,8,10,12,SG,def,coop,70
457,2013,0,F.A.,opt,nat,opt_nat,9,0,15,PD,def,def,70
458,2013,0,F.A.,opt,nat,opt_nat,10,0,5,SH,coop,def,70
459,2013,0,F.A.,opt,nat,opt_nat,11,10,8,HG,coop,coop,70
460,2013,0,F.A.,opt,nat,opt_nat,12,7,12,SG,def,coop,70
461,2013,0,F.A.,opt,nat,opt_nat,13,3,8,SH,coop,def,70
462,2013,0,F.A.,opt,nat,opt_nat,14,3,15,PD,def,def,70
463,2013,0,F.A.,opt,nat,opt_nat,15,10,5,HG,coop,coop,70
464,2013,1,E.B.,pess,nat,pess_nat,0,10,5,HG,coop,coop,70
465,2013,1,E.B.,pess,nat,pess_nat,1,7,12,SG,coop,def,70
466,2013,1,E.B.,pess,nat,pess_nat,2,0,12,PD,def,def,70
467,2013,1,E.B.,pess,nat,pess_nat,3,3,8,SH,def,coop,70
468,2013,1,E.B.,pess,nat,pess_nat,4,10,12,SG,coop,coop,70
469,2013,1,E.B.,pess,nat,pess_nat,5,0,8,SH,def,coop,70
470,2013,1,E.B.,pess,nat,pess_nat,6,7,8,HG,coop,coop,70
471,2013,1,E.B.,pess,nat,pess_nat,7,0,15,PD,def,def,70
472,2013,1,E.B.,pess,nat,pess_nat,8,7,5,HG,coop,coop,70
473,2013,1,E.B.,pess,nat,pess_nat,9,10,15,SG,coop,coop,70
474,2013,1,E.B.,pess,nat,pess_nat,10,3,5,SH,def,coop,70
475,2013,1,E.B.,pess,nat,pess_nat,11,3,15,PD,def,def,70
476,2013,1,E.B.,pess,nat,pess_nat,12,3,12,PD,def,def,70
477,2013,1,E.B.,pess,nat,pess_nat,13,0,5,SH,def,coop,70
478,2013,1,E.B.,pess,nat,pess_nat,14,7,15,SG,coop,def,70
479,2013,1,E.B.,pess,nat,pess_nat,15,10,8,HG,coop,coop,70
480,2013,2,D.T.,opt,inv,opt_inv,0,0,12,PD,coop,def,70
481,2013,2,D.T.,opt,inv,opt_inv,1,0,8,SH,def,coop,70
482,2013,2,D.T.,opt,inv,opt_inv,2,7,15,SG,coop,def,70
483,2013,2,D.T.,opt,inv,opt_inv,3,7,8,HG,def,coop,70
484,2013,2,D.T.,opt,inv,opt_inv,4,3,12,PD,coop,def,70
485,2013,2,D.T.,opt,inv,opt_inv,5,0,5,SH,def,coop,70
486,2013,2,D.T.,opt,inv,opt_inv,6,10,8,HG,def,coop,70
487,2013,2,D.T.,opt,inv,opt_inv,7,10,15,SG,coop,def,70
488,2013,2,D.T.,opt,inv,opt_inv,8,10,12,SG,coop,def,70
489,2013,2,D.T.,opt,inv,opt_inv,9,0,15,PD,coop,def,70
490,2013,2,D.T.,opt,inv,opt_inv,10,10,5,HG,def,coop,70
491,2013,2,D.T.,opt,inv,opt_inv,11,3,8,SH,def,def,70
492,2013,2,D.T.,opt,inv,opt_inv,12,7,12,SG,coop,def,70
493,2013,2,D.T.,opt,inv,opt_inv,13,3,15,PD,coop,def,70
494,2013,2,D.T.,opt,inv,opt_inv,14,3,5,SH,def,coop,70
495,2013,2,D.T.,opt,inv,opt_inv,15,7,5,HG,def,coop,70
496,2013,3,G.P.,pess,inv,pess_inv,0,7,15,SG,def,def,70
497,2013,3,G.P.,pess,inv,pess_inv,1,7,5,HG,def,coop,70
498,2013,3,G.P.,pess,inv,pess_inv,2,3,8,SH,coop,def,70
499,2013,3,G.P.,pess,inv,pess_inv,3,0,12,PD,coop,def,70
500,2013,3,G.P.,pess,inv,pess_inv,4,7,8,HG,def,def,70
501,2013,3,G.P.,pess,inv,pess_inv,5,0,8,SH,coop,def,70
502,2013,3,G.P.,pess,inv,pess_inv,6,10,15,SG,def,coop,70
503,2013,3,G.P.,pess,inv,pess_inv,7,0,15,PD,coop,def,70
504,2013,3,G.P.,pess,inv,pess_inv,8,10,5,HG,def,coop,70
505,2013,3,G.P.,pess,inv,pess_inv,9,3,5,SH,coop,coop,70
506,2013,3,G.P.,pess,inv,pess_inv,10,3,15,PD,coop,def,70
507,2013,3,G.P.,pess,inv,pess_inv,11,10,12,SG,def,def,70
508,2013,3,G.P.,pess,inv,pess_inv,12,0,5,SH,coop,coop,70
509,2013,3,G.P.,pess,inv,pess_inv,13,3,12,PD,coop,def,70
510,2013,3,G.P.,pess,inv,pess_inv,14,7,12,SG,def,def,70
511,2013,3,G.P.,pess,inv,pess_inv,15,10,8,HG,def,coop,70
512,2014,0,G.P.,pess,nat,pess_nat,0,0,8,SH,def,def,50
513,2014,0,G.P.,pess,nat,pess_nat,1,7,5,HG,coop,coop,100
514,2014,0,G.P.,pess,nat,pess_nat,2,10,15,SG,coop,coop,100
515,2014,0,G.P.,pess,nat,pess_nat,3,3,12,PD,def,def,100
516,2014,0,G.P.,pess,nat,pess_nat,4,7,15,SG,coop,def,100
517,2014,0,G.P.,pess,nat,pess_nat,5,7,8,HG,coop,coop,100
518,2014,0,G.P.,pess,nat,pess_nat,6,3,5,SH,def,coop,100
519,2014,0,G.P.,pess,nat,pess_nat,7,3,15,PD,def,def,100
520,2014,0,G.P.,pess,nat,pess_nat,8,0,15,PD,def,def,100
521,2014,0,G.P.,pess,nat,pess_nat,9,10,8,HG,coop,coop,100
522,2014,0,G.P.,pess,nat,pess_nat,10,10,12,SG,coop,def,100
523,2014,0,G.P.,pess,nat,pess_nat,11,0,5,SH,def,coop,100
524,2014,0,G.P.,pess,nat,pess_nat,12,0,12,PD,def,def,100
525,2014,0,G.P.,pess,nat,pess_nat,13,3,8,SH,def,coop,100
526,2014,0,G.P.,pess,nat,pess_nat,14,10,5,HG,coop,coop,100
527,2014,0,G.P.,pess,nat,pess_nat,15,7,12,SG,coop,def,100
528,2014,1,E.B.,opt,nat,opt_nat,0,10,5,HG,coop,coop,100
529,2014,1,E.B.,opt,nat,opt_nat,1,3,5,SH,coop,coop,100
530,2014,1,E.B.,opt,nat,opt_nat,2,0,15,PD,def,def,100
531,2014,1,E.B.,opt,nat,opt_nat,3,7,12,SG,def,def,100
532,2014,1,E.B.,opt,nat,opt_nat,4,10,15,SG,def,coop,100
533,2014,1,E.B.,opt,nat,opt_nat,5,10,8,HG,coop,coop,100
534,2014,1,E.B.,opt,nat,opt_nat,6,0,12,PD,def,def,100
535,2014,1,E.B.,opt,nat,opt_nat,7,0,5,SH,coop,coop,100
536,2014,1,E.B.,opt,nat,opt_nat,8,7,15,SG,def,def,100
537,2014,1,E.B.,opt,nat,opt_nat,9,0,8,SH,coop,coop,100
538,2014,1,E.B.,opt,nat,opt_nat,10,3,15,PD,def,def,100
539,2014,1,E.B.,opt,nat,opt_nat,11,7,5,HG,coop,coop,100
540,2014,1,E.B.,opt,nat,opt_nat,12,3,12,PD,def,def,100
541,2014,1,E.B.,opt,nat,opt_nat,13,10,12,SG,def,coop,100
542,2014,1,E.B.,opt,nat,opt_nat,14,3,8,SH,coop,coop,100
543,2014,1,E.B.,opt,nat,opt_nat,15,7,8,HG,coop,coop,100
544,2014,2,F.A.,pess,inv,pess_inv,0,7,15,SG,def,def,100
545,2014,2,F.A.,pess,inv,pess_inv,1,7,5,HG,def,coop,100
546,2014,2,F.A.,pess,inv,pess_inv,2,3,8,SH,coop,coop,100
547,2014,2,F.A.,pess,inv,pess_inv,3,0,12,PD,coop,def,100
548,2014,2,F.A.,pess,inv,pess_inv,4,7,8,HG,def,coop,100
549,2014,2,F.A.,pess,inv,pess_inv,5,0,8,SH,coop,coop,100
550,2014,2,F.A.,pess,inv,pess_inv,6,10,15,SG,def,coop,100
551,2014,2,F.A.,pess,inv,pess_inv,7,0,15,PD,coop,def,100
552,2014,2,F.A.,pess,inv,pess_inv,8,10,5,HG,def,coop,100
553,2014,2,F.A.,pess,inv,pess_inv,9,3,5,SH,coop,coop,100
554,2014,2,F.A.,pess,inv,pess_inv,10,3,15,PD,coop,def,100
555,2014,2,F.A.,pess,inv,pess_inv,11,10,12,SG,def,coop,100
556,2014,2,F.A.,pess,inv,pess_inv,12,0,5,SH,coop,coop,100
557,2014,2,F.A.,pess,inv,pess_inv,13,3,12,PD,coop,def,100
558,2014,2,F.A.,pess,inv,pess_inv,14,7,12,SG,def,coop,100
559,2014,2,F.A.,pess,inv,pess_inv,15,10,8,HG,def,coop,100
560,2014,3,D.T.,opt,inv,opt_inv,0,10,8,HG,def,coop,100
561,2014,3,D.T.,opt,inv,opt_inv,1,7,12,SG,coop,coop,100
562,2014,3,D.T.,opt,inv,opt_inv,2,0,12,PD,coop,def,100
563,2014,3,D.T.,opt,inv,opt_inv,3,0,8,SH,def,coop,100
564,2014,3,D.T.,opt,inv,opt_inv,4,3,8,SH,def,coop,100
565,2014,3,D.T.,opt,inv,opt_inv,5,3,15,PD,coop,def,100
566,2014,3,D.T.,opt,inv,opt_inv,6,10,15,SG,coop,coop,100
567,2014,3,D.T.,opt,inv,opt_inv,7,10,5,HG,def,coop,100
568,2014,3,D.T.,opt,inv,opt_inv,8,3,12,PD,coop,def,100
569,2014,3,D.T.,opt,inv,opt_inv,9,7,8,HG,def,coop,100
570,2014,3,D.T.,opt,inv,opt_inv,10,10,12,SG,coop,coop,100
571,2014,3,D.T.,opt,inv,opt_inv,11,0,5,SH,def,coop,100
572,2014,3,D.T.,opt,inv,opt_inv,12,0,15,PD,coop,def,100
573,2014,3,D.T.,opt,inv,opt_inv,13,7,15,SG,coop,coop,100
574,2014,3,D.T.,opt,inv,opt_inv,14,7,5,HG,def,coop,100
575,2014,3,D.T.,opt,inv,opt_inv,15,3,5,SH,def,coop,100
576,2015,0,E.B.,pess,nat,pess_nat,0,10,5,HG,coop,coop,70
577,2015,0,E.B.,pess,nat,pess_nat,1,7,12,SG,coop,coop,80
578,2015,0,E.B.,pess,nat,pess_nat,2,0,12,PD,def,coop,80
579,2015,0,E.B.,pess,nat,pess_nat,3,3,8,SH,def,coop,80
580,2015,0,E.B.,pess,nat,pess_nat,4,10,12,SG,coop,coop,80
581,2015,0,E.B.,pess,nat,pess_nat,5,0,8,SH,def,coop,80
582,2015,0,E.B.,pess,nat,pess_nat,6,7,8,HG,coop,coop,80
583,2015,0,E.B.,pess,nat,pess_nat,7,0,15,PD,def,def,60
584,2015,0,E.B.,pess,nat,pess_nat,8,7,5,HG,coop,coop,80
585,2015,0,E.B.,pess,nat,pess_nat,9,10,15,SG,coop,coop,80
586,2015,0,E.B.,pess,nat,pess_nat,10,3,5,SH,def,coop,80
587,2015,0,E.B.,pess,nat,pess_nat,11,3,15,PD,def,def,80
588,2015,0,E.B.,pess,nat,pess_nat,12,3,12,PD,def,def,80
589,2015,0,E.B.,pess,nat,pess_nat,13,0,5,SH,def,coop,80
590,2015,0,E.B.,pess,nat,pess_nat,14,7,15,SG,coop,coop,80
591,2015,0,E.B.,pess,nat,pess_nat,15,10,8,HG,coop,coop,80
592,2015,1,G.P.,opt,nat,opt_nat,0,10,8,HG,coop,coop,80
593,2015,1,G.P.,opt,nat,opt_nat,1,7,12,SG,def,coop,80
594,2015,1,G.P.,opt,nat,opt_nat,2,0,12,PD,def,def,80
595,2015,1,G.P.,opt,nat,opt_nat,3,0,8,SH,coop,coop,80
596,2015,1,G.P.,opt,nat,opt_nat,4,3,8,SH,coop,coop,80
597,2015,1,G.P.,opt,nat,opt_nat,5,3,15,PD,def,coop,80
598,2015,1,G.P.,opt,nat,opt_nat,6,10,15,SG,def,coop,80
599,2015,1,G.P.,opt,nat,opt_nat,7,10,5,HG,coop,coop,80
600,2015,1,G.P.,opt,nat,opt_nat,8,3,12,PD,def,coop,80
601,2015,1,G.P.,opt,nat,opt_nat,9,7,8,HG,coop,coop,80
602,2015,1,G.P.,opt,nat,opt_nat,10,10,12,SG,def,coop,80
603,2015,1,G.P.,opt,nat,opt_nat,11,0,5,SH,coop,coop,80
604,2015,1,G.P.,opt,nat,opt_nat,12,0,15,PD,def,def,80
605,2015,1,G.P.,opt,nat,opt_nat,13,7,15,SG,def,coop,80
606,2015,1,G.P.,opt,nat,opt_nat,14,7,5,HG,coop,coop,80
607,2015,1,G.P.,opt,nat,opt_nat,15,3,5,SH,coop,coop,80
608,2015,2,F.A.,opt,inv,opt_inv,0,10,8,HG,def,coop,80
609,2015,2,F.A.,opt,inv,opt_inv,1,3,5,SH,def,coop,80
610,2015,2,F.A.,opt,inv,opt_inv,2,7,12,SG,coop,coop,80
611,2015,2,F.A.,opt,inv,opt_inv,3,3,12,PD,coop,def,80
612,2015,2,F.A.,opt,inv,opt_inv,4,7,5,HG,def,coop,80
613,2015,2,F.A.,opt,inv,opt_inv,5,10,15,SG,coop,coop,80
614,2015,2,F.A.,opt,inv,opt_inv,6,0,12,PD,coop,def,80
615,2015,2,F.A.,opt,inv,opt_inv,7,0,5,SH,def,coop,80
616,2015,2,F.A.,opt,inv,opt_inv,8,10,5,HG,def,coop,80
617,2015,2,F.A.,opt,inv,opt_inv,9,3,8,SH,def,coop,80
618,2015,2,F.A.,opt,inv,opt_inv,10,7,15,SG,coop,coop,80
619,2015,2,F.A.,opt,inv,opt_inv,11,3,15,PD,coop,def,80
620,2015,2,F.A.,opt,inv,opt_inv,12,0,15,PD,coop,def,80
621,2015,2,F.A.,opt,inv,opt_inv,13,0,8,SH,def,coop,80
622,2015,2,F.A.,opt,inv,opt_inv,14,10,12,SG,coop,coop,80
623,2015,2,F.A.,opt,inv,opt_inv,15,7,8,HG,def,coop,80
624,2015,3,D.T.,pess,inv,pess_inv,0,3,12,PD,coop,def,80
625,2015,3,D.T.,pess,inv,pess_inv,1,7,8,HG,def,coop,80
626,2015,3,D.T.,pess,inv,pess_inv,2,3,8,SH,coop,coop,80
627,2015,3,D.T.,pess,inv,pess_inv,3,7,12,SG,def,coop,80
628,2015,3,D.T.,pess,inv,pess_inv,4,0,15,PD,coop,def,80
629,2015,3,D.T.,pess,inv,pess_inv,5,0,8,SH,coop,coop,80
630,2015,3,D.T.,pess,inv,pess_inv,6,7,15,SG,def,coop,80
631,2015,3,D.T.,pess,inv,pess_inv,7,7,5,HG,def,coop,80
632,2015,3,D.T.,pess,inv,pess_inv,8,3,15,PD,coop,def,80
633,2015,3,D.T.,pess,inv,pess_inv,9,0,5,SH,coop,coop,80
634,2015,3,D.T.,pess,inv,pess_inv,10,10,5,HG,def,coop,80
635,2015,3,D.T.,pess,inv,pess_inv,11,10,15,SG,def,coop,80
636,2015,3,D.T.,pess,inv,pess_inv,12,10,12,SG,def,coop,80
637,2015,3,D.T.,pess,inv,pess_inv,13,0,12,PD,coop,def,80
638,2015,3,D.T.,pess,inv,pess_inv,14,3,5,SH,coop,coop,80
639,2015,3,D.T.,pess,inv,pess_inv,15,10,8,HG,def,coop,80
640,2016,0,G.P.,pess,nat,pess_nat,0,3,15,PD,def,coop,70
641,2016,0,G.P.,pess,nat,pess_nat,1,3,5,SH,def,coop,70
642,2016,0,G.P.,pess,nat,pess_nat,2,7,12,SG,coop,coop,60
643,2016,0,G.P.,pess,nat,pess_nat,3,10,5,HG,coop,coop,70
644,2016,0,G.P.,pess,nat,pess_nat,4,0,15,PD,def,coop,70
645,2016,0,G.P.,pess,nat,pess_nat,5,0,5,SH,def,coop,70
646,2016,0,G.P.,pess,nat,pess_nat,6,7,8,HG,coop,coop,60
647,2016,0,G.P.,pess,nat,pess_nat,7,7,15,SG,coop,coop,60
648,2016,0,G.P.,pess,nat,pess_nat,8,3,12,PD,def,coop,70
649,2016,0,G.P.,pess,nat,pess_nat,9,10,8,HG,coop,coop,60
650,2016,0,G.P.,pess,nat,pess_nat,10,3,8,SH,def,coop,60
651,2016,0,G.P.,pess,nat,pess_nat,11,10,12,SG,coop,coop,70
652,2016,0,G.P.,pess,nat,pess_nat,12,10,15,SG,coop,coop,60
653,2016,0,G.P.,pess,nat,pess_nat,13,7,5,HG,coop,coop,60
654,2016,0,G.P.,pess,nat,pess_nat,14,0,8,SH,def,coop,70
655,2016,0,G.P.,pess,nat,pess_nat,15,0,12,PD,def,coop,60
656,2016,1,D.T.,opt,nat,opt_nat,0,7,15,SG,def,coop,60
657,2016,1,D.T.,opt,nat,opt_nat,1,7,5,HG,coop,coop,60
658,2016,1,D.T.,opt,nat,opt_nat,2,3,8,SH,coop,coop,60
659,2016,1,D.T.,opt,nat,opt_nat,3,0,12,PD,def,coop,70
660,2016,1,D.T.,opt,nat,opt_nat,4,7,8,HG,coop,coop,60
661,2016,1,D.T.,opt,nat,opt_nat,5,0,8,SH,coop,coop,70
662,2016,1,D.T.,opt,nat,opt_nat,6,10,15,SG,def,coop,60
663,2016,1,D.T.,opt,nat,opt_nat,7,0,15,PD,def,coop,70
664,2016,1,D.T.,opt,nat,opt_nat,8,10,5,HG,coop,coop,60
665,2016,1,D.T.,opt,nat,opt_nat,9,3,5,SH,coop,coop,60
666,2016,1,D.T.,opt,nat,opt_nat,10,3,15,PD,def,coop,60
667,2016,1,D.T.,opt,nat,opt_nat,11,10,12,SG,def,coop,60
668,2016,1,D.T.,opt,nat,opt_nat,12,0,5,SH,coop,coop,70
669,2016,1,D.T.,opt,nat,opt_nat,13,3,12,PD,def,coop,70
670,2016,1,D.T.,opt,nat,opt_nat,14,7,12,SG,def,coop,60
671,2016,1,D.T.,opt,nat,opt_nat,15,10,8,HG,coop,coop,60
672,2016,2,F.A.,pess,inv,pess_inv,0,10,5,HG,def,coop,60
673,2016,2,F.A.,pess,inv,pess_inv,1,3,5,SH,coop,coop,60
674,2016,2,F.A.,pess,inv,pess_inv,2,0,15,PD,coop,coop,60
675,2016,2,F.A.,pess,inv,pess_inv,3,7,12,SG,def,coop,60
676,2016,2,F.A.,pess,inv,pess_inv,4,10,15,SG,def,coop,60
677,2016,2,F.A.,pess,inv,pess_inv,5,10,8,HG,def,coop,60
678,2016,2,F.A.,pess,inv,pess_inv,6,0,12,PD,coop,coop,60
679,2016,2,F.A.,pess,inv,pess_inv,7,0,5,SH,coop,coop,60
680,2016,2,F.A.,pess,inv,pess_inv,8,7,15,SG,def,coop,60
681,2016,2,F.A.,pess,inv,pess_inv,9,0,8,SH,coop,coop,60
682,2016,2,F.A.,pess,inv,pess_inv,10,3,15,PD,coop,coop,60
683,2016,2,F.A.,pess,inv,pess_inv,11,7,5,HG,def,coop,60
684,2016,2,F.A.,pess,inv,pess_inv,12,3,12,PD,coop,coop,60
685,2016,2,F.A.,pess,inv,pess_inv,13,10,12,SG,def,coop,60
686,2016,2,F.A.,pess,inv,pess_inv,14,3,8,SH,coop,coop,60
687,2016,2,F.A.,pess,inv,pess_inv,15,7,8,HG,def,coop,60
688,2016,3,E.B.,opt,inv,opt_inv,0,0,12,PD,coop,coop,60
689,2016,3,E.B.,opt,inv,opt_inv,1,0,8,SH,def,coop,60
690,2016,3,E.B.,opt,inv,opt_inv,2,7,15,SG,coop,coop,60
691,2016,3,E.B.,opt,inv,opt_inv,3,7,8,HG,def,coop,60
692,2016,3,E.B.,opt,inv,opt_inv,4,3,12,PD,coop,coop,60
693,2016,3,E.B.,opt,inv,opt_inv,5,0,5,SH,def,coop,60
694,2016,3,E.B.,opt,inv,opt_inv,6,10,8,HG,def,coop,60
695,2016,3,E.B.,opt,inv,opt_inv,7,10,15,SG,coop,coop,60
696,2016,3,E.B.,opt,inv,opt_inv,8,10,12,SG,coop,coop,60
697,2016,3,E.B.,opt,inv,opt_inv,9,0,15,PD,coop,coop,60
698,2016,3,E.B.,opt,inv,opt_inv,10,10,5,HG,def,coop,60
699,2016,3,E.B.,opt,inv,opt_inv,11,3,8,SH,def,coop,60
700,2016,3,E.B.,opt,inv,opt_inv,12,7,12,SG,coop,coop,60
701,2016,3,E.B.,opt,inv,opt_inv,13,3,15,PD,coop,coop,60
702,2016,3,E.B.,opt,inv,opt_inv,14,3,5,SH,def,coop,60
703,2016,3,E.B.,opt,inv,opt_inv,15,7,5,HG,def,coop,60
704,2019,0,D.T.,pess,nat,pess_nat,0,0,8,SH,def,coop,60
705,2019,0,D.T.,pess,nat,pess_nat,1,3,15,PD,def,coop,70
706,2019,0,D.T.,pess,nat,pess_nat,2,10,12,SG,coop,coop,40
707,2019,0,D.T.,pess,nat,pess_nat,3,7,8,HG,coop,coop,70
708,2019,0,D.T.,pess,nat,pess_nat,4,10,8,HG,coop,coop,80
709,2019,0,D.T.,pess,nat,pess_nat,5,0,15,PD,def,coop,50
710,2019,0,D.T.,pess,nat,pess_nat,6,3,8,SH,def,coop,50
711,2019,0,D.T.,pess,nat,pess_nat,7,7,15,SG,coop,coop,50
712,2019,0,D.T.,pess,nat,pess_nat,8,0,12,PD,def,coop,60
713,2019,0,D.T.,pess,nat,pess_nat,9,3,5,SH,def,coop,80
714,2019,0,D.T.,pess,nat,pess_nat,10,7,12,SG,coop,coop,60
715,2019,0,D.T.,pess,nat,pess_nat,11,10,5,HG,coop,coop,80
716,2019,0,D.T.,pess,nat,pess_nat,12,0,5,SH,def,coop,70
717,2019,0,D.T.,pess,nat,pess_nat,13,7,5,HG,coop,coop,80
718,2019,0,D.T.,pess,nat,pess_nat,14,3,12,PD,def,coop,60
719,2019,0,D.T.,pess,nat,pess_nat,15,10,15,SG,coop,coop,50
720,2019,1,E.B.,opt,nat,opt_nat,0,7,5,HG,coop,coop,70
721,2019,1,E.B.,opt,nat,opt_nat,1,3,5,SH,coop,coop,70
722,2019,1,E.B.,opt,nat,opt_nat,2,7,12,SG,def,coop,60
723,2019,1,E.B.,opt,nat,opt_nat,3,3,15,PD,def,coop,40
724,2019,1,E.B.,opt,nat,opt_nat,4,0,5,SH,coop,coop,50
725,2019,1,E.B.,opt,nat,opt_nat,5,0,15,PD,def,coop,60
726,2019,1,E.B.,opt,nat,opt_nat,6,7,15,SG,def,coop,70
727,2019,1,E.B.,opt,nat,opt_nat,7,10,8,HG,coop,coop,80
728,2019,1,E.B.,opt,nat,opt_nat,8,10,12,SG,def,coop,70
729,2019,1,E.B.,opt,nat,opt_nat,9,3,8,SH,coop,coop,60
730,2019,1,E.B.,opt,nat,opt_nat,10,10,5,HG,coop,coop,80
731,2019,1,E.B.,opt,nat,opt_nat,11,3,12,PD,def,coop,70
732,2019,1,E.B.,opt,nat,opt_nat,12,10,15,SG,def,coop,70
733,2019,1,E.B.,opt,nat,opt_nat,13,0,12,PD,def,coop,60
734,2019,1,E.B.,opt,nat,opt_nat,14,0,8,SH,coop,coop,60
735,2019,1,E.B.,opt,nat,opt_nat,15,7,8,HG,coop,coop,70
736,2019,2,G.P.,opt,inv,opt_inv,0,10,5,HG,def,coop,80
737,2019,2,G.P.,opt,inv,opt_inv,1,0,15,PD,coop,coop,60
738,2019,2,G.P.,opt,inv,opt_inv,2,7,12,SG,coop,coop,70
739,2019,2,G.P.,opt,inv,opt_inv,3,0,8,SH,def,coop,60
740,2019,2,G.P.,opt,inv,opt_inv,4,0,5,SH,def,coop,60
741,2019,2,G.P.,opt,inv,opt_inv,5,10,15,SG,coop,coop,70
742,2019,2,G.P.,opt,inv,opt_inv,6,7,5,HG,def,coop,80
743,2019,2,G.P.,opt,inv,opt_inv,7,0,12,PD,coop,coop,60
744,2019,2,G.P.,opt,inv,opt_inv,8,10,8,HG,def,coop,80
745,2019,2,G.P.,opt,inv,opt_inv,9,3,15,PD,coop,coop,70
746,2019,2,G.P.,opt,inv,opt_inv,10,3,8,SH,def,coop,70
747,2019,2,G.P.,opt,inv,opt_inv,11,10,12,SG,coop,coop,70
748,2019,2,G.P.,opt,inv,opt_inv,12,3,12,PD,coop,coop,70
749,2019,2,G.P.,opt,inv,opt_inv,13,7,15,SG,coop,coop,70
750,2019,2,G.P.,opt,inv,opt_inv,14,7,8,HG,def,coop,70
751,2019,2,G.P.,opt,inv,opt_inv,15,3,5,SH,def,coop,70
752,2019,3,F.A.,pess,inv,pess_inv,0,0,5,SH,coop,coop,60
753,2019,3,F.A.,pess,inv,pess_inv,1,10,5,HG,def,coop,80
754,2019,3,F.A.,pess,inv,pess_inv,2,3,15,PD,coop,coop,70
755,2019,3,F.A.,pess,inv,pess_inv,3,7,12,SG,def,coop,70
756,2019,3,F.A.,pess,inv,pess_inv,4,10,8,HG,def,coop,80
757,2019,3,F.A.,pess,inv,pess_inv,5,0,15,PD,coop,coop,70
758,2019,3,F.A.,pess,inv,pess_inv,6,3,5,SH,coop,coop,70
759,2019,3,F.A.,pess,inv,pess_inv,7,7,15,SG,def,coop,70
760,2019,3,F.A.,pess,inv,pess_inv,8,3,12,PD,coop,coop,70
761,2019,3,F.A.,pess,inv,pess_inv,9,10,12,SG,def,coop,70
762,2019,3,F.A.,pess,inv,pess_inv,10,7,8,HG,def,coop,70
763,2019,3,F.A.,pess,inv,pess_inv,11,3,8,SH,coop,coop,70
764,2019,3,F.A.,pess,inv,pess_inv,12,0,12,PD,coop,coop,70
765,2019,3,F.A.,pess,inv,pess_inv,13,0,8,SH,coop,coop,70
766,2019,3,F.A.,pess,inv,pess_inv,14,10,15,SG,def,coop,70
767,2019,3,F.A.,pess,inv,pess_inv,15,7,5,HG,def,coop,80
768,2020,0,G.P.,pess,nat,pess_nat,0,7,12,SG,coop,def,90
769,2020,0,G.P.,pess,nat,pess_nat,1,7,8,HG,coop,coop,90
770,2020,0,G.P.,pess,nat,pess_nat,2,0,5,SH,def,def,90
771,2020,0,G.P.,pess,nat,pess_nat,3,3,15,PD,def,def,90
772,2020,0,G.P.,pess,nat,pess_nat,4,0,12,PD,def,def,90
773,2020,0,G.P.,pess,nat,pess_nat,5,0,8,SH,def,def,90
774,2020,0,G.P.,pess,nat,pess_nat,6,10,12,SG,coop,def,90
775,2020,0,G.P.,pess,nat,pess_nat,7,10,5,HG,coop,coop,90
776,2020,0,G.P.,pess,nat,pess_nat,8,10,8,HG,coop,coop,90
777,2020,0,G.P.,pess,nat,pess_nat,9,10,15,SG,coop,def,90
778,2020,0,G.P.,pess,nat,pess_nat,10,3,8,SH,def,coop,90
779,2020,0,G.P.,pess,nat,pess_nat,11,3,12,PD,def,def,90
780,2020,0,G.P.,pess,nat,pess_nat,12,7,15,SG,coop,def,90
781,2020,0,G.P.,pess,nat,pess_nat,13,7,5,HG,coop,coop,90
782,2020,0,G.P.,pess,nat,pess_nat,14,3,5,SH,def,coop,90
783,2020,0,G.P.,pess,nat,pess_nat,15,0,15,PD,def,def,90
784,2020,1,D.T.,opt,nat,opt_nat,0,3,15,PD,def,def,90
785,2020,1,D.T.,opt,nat,opt_nat,1,3,5,SH,coop,coop,90
786,2020,1,D.T.,opt,nat,opt_nat,2,7,12,SG,def,def,90
787,2020,1,D.T.,opt,nat,opt_nat,3,10,5,HG,coop,coop,90
788,2020,1,D.T.,opt,nat,opt_nat,4,0,15,PD,def,def,90
789,2020,1,D.T.,opt,nat,opt_nat,5,0,5,SH,coop,coop,90
790,2020,1,D.T.,opt,nat,opt_nat,6,7,8,HG,coop,def,90
791,2020,1,D.T.,opt,nat,opt_nat,7,7,15,SG,def,def,90
792,2020,1,D.T.,opt,nat,opt_nat,8,3,12,PD,def,def,90
793,2020,1,D.T.,opt,nat,opt_nat,9,10,8,HG,coop,coop,90
794,2020,1,D.T.,opt,nat,opt_nat,10,3,8,SH,coop,def,90
795,2020,1,D.T.,opt,nat,opt_nat,11,10,12,SG,def,def,90
796,2020,1,D.T.,opt,nat,opt_nat,12,10,15,SG,def,def,90
797,2020,1,D.T.,opt,nat,opt_nat,13,7,5,HG,coop,coop,90
798,2020,1,D.T.,opt,nat,opt_nat,14,0,8,SH,coop,coop,90
799,2020,1,D.T.,opt,nat,opt_nat,15,0,12,PD,def,def,90
800,2020,2,F.A.,pess,inv,pess_inv,0,0,12,PD,coop,def,90
801,2020,2,F.A.,pess,inv,pess_inv,1,0,8,SH,coop,coop,90
802,2020,2,F.A.,pess,inv,pess_inv,2,7,15,SG,def,def,90
803,2020,2,F.A.,pess,inv,pess_inv,3,7,8,HG,def,def,90
804,2020,2,F.A.,pess,inv,pess_inv,4,3,12,PD,coop,def,90
805,2020,2,F.A.,pess,inv,pess_inv,5,0,5,SH,coop,coop,90
806,2020,2,F.A.,pess,inv,pess_inv,6,10,8,HG,def,coop,90
807,2020,2,F.A.,pess,inv,pess_inv,7,10,15,SG,def,def,90
808,2020,2,F.A.,pess,inv,pess_inv,8,10,12,SG,def,def,90
809,2020,2,F.A.,pess,inv,pess_inv,9,0,15,PD,coop,def,90
810,2020,2,F.A.,pess,inv,pess_inv,10,10,5,HG,def,coop,90
811,2020,2,F.A.,pess,inv,pess_inv,11,3,8,SH,coop,def,90
812,2020,2,F.A.,pess,inv,pess_inv,12,7,12,SG,def,def,90
813,2020,2,F.A.,pess,inv,pess_inv,13,3,15,PD,coop,def,90
814,2020,2,F.A.,pess,inv,pess_inv,14,3,5,SH,coop,coop,90
815,2020,2,F.A.,pess,inv,pess_inv,15,7,5,HG,def,coop,90
816,2020,3,E.B.,opt,inv,opt_inv,0,0,5,SH,def,def,90
817,2020,3,E.B.,opt,inv,opt_inv,1,10,5,HG,def,coop,90
818,2020,3,E.B.,opt,inv,opt_inv,2,3,15,PD,coop,def,90
819,2020,3,E.B.,opt,inv,opt_inv,3,7,12,SG,coop,def,90
820,2020,3,E.B.,opt,inv,opt_inv,4,10,8,HG,def,coop,90
821,2020,3,E.B.,opt,inv,opt_inv,5,0,15,PD,coop,def,90
822,2020,3,E.B.,opt,inv,opt_inv,6,3,5,SH,def,coop,90
823,2020,3,E.B.,opt,inv,opt_inv,7,7,15,SG,coop,def,90
824,2020,3,E.B.,opt,inv,opt_inv,8,3,12,PD,coop,def,90
825,2020,3,E.B.,opt,inv,opt_inv,9,10,12,SG,coop,def,90
826,2020,3,E.B.,opt,inv,opt_inv,10,7,8,HG,def,def,90
827,2020,3,E.B.,opt,inv,opt_inv,11,3,8,SH,def,def,90
828,2020,3,E.B.,opt,inv,opt_inv,12,0,12,PD,coop,def,90
829,2020,3,E.B.,opt,inv,opt_inv,13,0,8,SH,def,coop,90
830,2020,3,E.B.,opt,inv,opt_inv,14,10,15,SG,coop,def,90
831,2020,3,E.B.,opt,inv,opt_inv,15,7,5,HG,def,coop,90
832,2021,0,G.P.,pess,nat,pess_nat,0,7,15,SG,coop,def,100
833,2021,0,G.P.,pess,nat,pess_nat,1,3,15,PD,def,coop,70
834,2021,0,G.P.,pess,nat,pess_nat,2,3,8,SH,def,def,100
835,2021,0,G.P.,pess,nat,pess_nat,3,7,5,HG,coop,def,90
836,2021,0,G.P.,pess,nat,pess_nat,4,10,15,SG,coop,coop,70
837,2021,0,G.P.,pess,nat,pess_nat,5,7,8,HG,coop,coop,90
838,2021,0,G.P.,pess,nat,pess_nat,6,0,5,SH,def,def,90
839,2021,0,G.P.,pess,nat,pess_nat,7,0,12,PD,def,def,90
840,2021,0,G.P.,pess,nat,pess_nat,8,3,12,PD,def,def,90
841,2021,0,G.P.,pess,nat,pess_nat,9,7,12,SG,coop,def,90
842,2021,0,G.P.,pess,nat,pess_nat,10,10,8,HG,coop,coop,90
843,2021,0,G.P.,pess,nat,pess_nat,11,3,5,SH,def,coop,90
844,2021,0,G.P.,pess,nat,pess_nat,12,10,12,SG,coop,def,90
845,2021,0,G.P.,pess,nat,pess_nat,13,0,15,PD,def,def,90
846,2021,0,G.P.,pess,nat,pess_nat,14,10,5,HG,coop,coop,90
847,2021,0,G.P.,pess,nat,pess_nat,15,0,8,SH,def,def,90
848,2021,1,F.A.,opt,nat,opt_nat,0,0,12,PD,def,def,90
849,2021,1,F.A.,opt,nat,opt_nat,1,0,8,SH,coop,def,90
850,2021,1,F.A.,opt,nat,opt_nat,2,7,15,SG,def,def,90
851,2021,1,F.A.,opt,nat,opt_nat,3,7,8,HG,coop,def,90
852,2021,1,F.A.,opt,nat,opt_nat,4,3,12,PD,def,def,90
853,2021,1,F.A.,opt,nat,opt_nat,5,0,5,SH,coop,def,90
854,2021,1,F.A.,opt,nat,opt_nat,6,10,8,HG,coop,coop,90
855,2021,1,F.A.,opt,nat,opt_nat,7,10,15,SG,def,def,90
856,2021,1,F.A.,opt,nat,opt_nat,8,10,12,SG,def,def,90
857,2021,1,F.A.,opt,nat,opt_nat,9,0,15,PD,def,def,90
858,2021,1,F.A.,opt,nat,opt_nat,10,10,5,HG,coop,coop,90
859,2021,1,F.A.,opt,nat,opt_nat,11,3,8,SH,coop,def,90
860,2021,1,F.A.,opt,nat,opt_nat,12,7,12,SG,def,def,90
861,2021,1,F.A.,opt,nat,opt_nat,13,3,15,PD,def,def,90
862,2021,1,F.A.,opt,nat,opt_nat,14,3,5,SH,coop,coop,90
863,2021,1,F.A.,opt,nat,opt_nat,15,7,5,HG,coop,coop,90
864,2021,2,D.T.,opt,inv,opt_inv,0,10,8,HG,def,coop,90
865,2021,2,D.T.,opt,inv,opt_inv,1,3,5,SH,def,coop,90
866,2021,2,D.T.,opt,inv,opt_inv,2,7,12,SG,coop,def,90
867,2021,2,D.T.,opt,inv,opt_inv,3,3,12,PD,coop,def,90
868,2021,2,D.T.,opt,inv,opt_inv,4,7,5,HG,def,coop,90
869,2021,2,D.T.,opt,inv,opt_inv,5,10,15,SG,coop,def,90
870,2021,2,D.T.,opt,inv,opt_inv,6,0,12,PD,coop,def,90
871,2021,2,D.T.,opt,inv,opt_inv,7,0,5,SH,def,coop,90
872,2021,2,D.T.,opt,inv,opt_inv,8,10,5,HG,def,coop,90
873,2021,2,D.T.,opt,inv,opt_inv,9,3,8,SH,def,def,90
874,2021,2,D.T.,opt,inv,opt_inv,10,7,15,SG,coop,def,90
875,2021,2,D.T.,opt,inv,opt_inv,11,3,15,PD,coop,def,90
876,2021,2,D.T.,opt,inv,opt_inv,12,0,15,PD,coop,def,90
877,2021,2,D.T.,opt,inv,opt_inv,13,0,8,SH,def,def,90
878,2021,2,D.T.,opt,inv,opt_inv,14,10,12,SG,coop,def,90
879,2021,2,D.T.,opt,inv,opt_inv,15,7,8,HG,def,def,90
880,2021,3,E.B.,pess,inv,pess_inv,0,7,5,HG,def,coop,90
881,2021,3,E.B.,pess,inv,pess_inv,1,3,5,SH,coop,coop,90
882,2021,3,E.B.,pess,inv,pess_inv,2,7,12,SG,def,def,90
883,2021,3,E.B.,pess,inv,pess_inv,3,3,15,PD,coop,def,90
884,2021,3,E.B.,pess,inv,pess_inv,4,0,5,SH,coop,coop,90
885,2021,3,E.B.,pess,inv,pess_inv,5,0,15,PD,coop,def,90
886,2021,3,E.B.,pess,inv,pess_inv,6,7,15,SG,def,def,90
887,2021,3,E.B.,pess,inv,pess_inv,7,10,8,HG,def,coop,90
888,2021,3,E.B.,pess,inv,pess_inv,8,10,12,SG,def,def,90
889,2021,3,E.B.,pess,inv,pess_inv,9,3,8,SH,coop,def,90
890,2021,3,E.B.,pess,inv,pess_inv,10,10,5,HG,def,coop,90
891,2021,3,E.B.,pess,inv,pess_inv,11,3,12,PD,coop,def,90
892,2021,3,E.B.,pess,inv,pess_inv,12,10,15,SG,def,def,90
893,2021,3,E.B.,pess,inv,pess_inv,13,0,12,PD,coop,def,90
894,2021,3,E.B.,pess,inv,pess_inv,14,0,8,SH,coop,def,90
895,2021,3,E.B.,pess,inv,pess_inv,15,7,8,HG,def,def,90
896,2022,0,G.P.,pess,nat,pess_nat,0,3,5,SH,def,coop,60
897,2022,0,G.P.,pess,nat,pess_nat,1,0,15,PD,def,coop,60
898,2022,0,G.P.,pess,nat,pess_nat,2,7,8,HG,coop,coop,60
899,2022,0,G.P.,pess,nat,pess_nat,3,10,12,SG,coop,coop,60
900,2022,0,G.P.,pess,nat,pess_nat,4,7,12,SG,coop,def,70
901,2022,0,G.P.,pess,nat,pess_nat,5,10,8,HG,coop,coop,80
902,2022,0,G.P.,pess,nat,pess_nat,6,0,5,SH,def,def,70
903,2022,0,G.P.,pess,nat,pess_nat,7,0,12,PD,def,def,70
904,2022,0,G.P.,pess,nat,pess_nat,8,7,5,HG,coop,coop,80
905,2022,0,G.P.,pess,nat,pess_nat,9,3,8,SH,def,coop,60
906,2022,0,G.P.,pess,nat,pess_nat,10,3,12,PD,def,def,70
907,2022,0,G.P.,pess,nat,pess_nat,11,7,15,SG,coop,def,70
908,2022,0,G.P.,pess,nat,pess_nat,12,3,15,PD,def,def,70
909,2022,0,G.P.,pess,nat,pess_nat,13,10,5,HG,coop,coop,80
910,2022,0,G.P.,pess,nat,pess_nat,14,10,15,SG,coop,def,80
911,2022,0,G.P.,pess,nat,pess_nat,15,0,8,SH,def,coop,60
912,2022,1,F.A.,opt,nat,opt_nat,0,7,5,HG,coop,coop,70
913,2022,1,F.A.,opt,nat,opt_nat,1,3,5,SH,coop,coop,70
914,2022,1,F.A.,opt,nat,opt_nat,2,7,12,SG,def,def,60
915,2022,1,F.A.,opt,nat,opt_nat,3,3,15,PD,def,def,70
916,2022,1,F.A.,opt,nat,opt_nat,4,0,5,SH,coop,def,70
917,2022,1,F.A.,opt,nat,opt_nat,5,0,15,PD,def,def,70
918,2022,1,F.A.,opt,nat,opt_nat,6,7,15,SG,def,def,70
919,2022,1,F.A.,opt,nat,opt_nat,7,10,8,HG,coop,coop,70
920,2022,1,F.A.,opt,nat,opt_nat,8,10,12,SG,def,def,60
921,2022,1,F.A.,opt,nat,opt_nat,9,3,8,SH,coop,def,60
922,2022,1,F.A.,opt,nat,opt_nat,10,10,5,HG,coop,coop,70
923,2022,1,F.A.,opt,nat,opt_nat,11,3,12,PD,def,def,70
924,2022,1,F.A.,opt,nat,opt_nat,12,10,15,SG,def,def,60
925,2022,1,F.A.,opt,nat,opt_nat,13,0,12,PD,def,def,70
926,2022,1,F.A.,opt,nat,opt_nat,14,0,8,SH,coop,coop,60
927,2022,1,F.A.,opt,nat,opt_nat,15,7,8,HG,coop,coop,60
928,2022,2,D.T.,opt,inv,opt_inv,0,10,12,SG,coop,def,60
929,2022,2,D.T.,opt,inv,opt_inv,1,0,12,PD,coop,def,70
930,2022,2,D.T.,opt,inv,opt_inv,2,3,5,SH,def,coop,60
931,2022,2,D.T.,opt,inv,opt_inv,3,7,8,HG,def,coop,60
932,2022,2,D.T.,opt,inv,opt_inv,4,10,5,HG,def,coop,70
933,2022,2,D.T.,opt,inv,opt_inv,5,3,12,PD,coop,def,70
934,2022,2,D.T.,opt,inv,opt_inv,6,3,8,SH,def,coop,60
935,2022,2,D.T.,opt,inv,opt_inv,7,10,15,SG,coop,def,60
936,2022,2,D.T.,opt,inv,opt_inv,8,0,15,PD,coop,def,70
937,2022,2,D.T.,opt,inv,opt_inv,9,7,12,SG,coop,def,70
938,2022,2,D.T.,opt,inv,opt_inv,10,0,5,SH,def,def,70
939,2022,2,D.T.,opt,inv,opt_inv,11,7,5,HG,def,coop,70
940,2022,2,D.T.,opt,inv,opt_inv,12,10,8,HG,def,coop,70
941,2022,2,D.T.,opt,inv,opt_inv,13,0,8,SH,def,def,70
942,2022,2,D.T.,opt,inv,opt_inv,14,7,15,SG,coop,def,70
943,2022,2,D.T.,opt,inv,opt_inv,15,3,15,PD,coop,def,70
944,2022,3,E.B.,pess,inv,pess_inv,0,3,15,PD,coop,def,70
945,2022,3,E.B.,pess,inv,pess_inv,1,3,5,SH,coop,coop,60
946,2022,3,E.B.,pess,inv,pess_inv,2,7,12,SG,def,def,70
947,2022,3,E.B.,pess,inv,pess_inv,3,10,5,HG,def,coop,70
948,2022,3,E.B.,pess,inv,pess_inv,4,0,15,PD,coop,def,70
949,2022,3,E.B.,pess,inv,pess_inv,5,0,5,SH,coop,def,70
950,2022,3,E.B.,pess,inv,pess_inv,6,7,8,HG,def,coop,60
951,2022,3,E.B.,pess,inv,pess_inv,7,7,15,SG,def,def,70
952,2022,3,E.B.,pess,inv,pess_inv,8,3,12,PD,coop,def,70
953,2022,3,E.B.,pess,inv,pess_inv,9,10,8,HG,def,coop,70
954,2022,3,E.B.,pess,inv,pess_inv,10,3,8,SH,coop,coop,70
955,2022,3,E.B.,pess,inv,pess_inv,11,10,12,SG,def,def,70
956,2022,3,E.B.,pess,inv,pess_inv,12,10,15,SG,def,def,70
957,2022,3,E.B.,pess,inv,pess_inv,13,7,5,HG,def,coop,70
958,2022,3,E.B.,pess,inv,pess_inv,14,0,8,SH,coop,def,70
959,2022,3,E.B.,pess,inv,pess_inv,15,0,12,PD,coop,def,70
960,2023,0,F.A.,opt,nat,opt_nat,0,10,8,HG,coop,coop,60
961,2023,0,F.A.,opt,nat,opt_nat,1,3,5,SH,coop,coop,60
962,2023,0,F.A.,opt,nat,opt_nat,2,7,12,SG,def,coop,60
963,2023,0,F.A.,opt,nat,opt_nat,3,3,12,PD,def,coop,60
964,2023,0,F.A.,opt,nat,opt_nat,4,7,5,HG,coop,coop,60
965,2023,0,F.A.,opt,nat,opt_nat,5,10,15,SG,def,coop,60
966,2023,0,F.A.,opt,nat,opt_nat,6,0,12,PD,def,coop,60
967,2023,0,F.A.,opt,nat,opt_nat,7,0,5,SH,coop,coop,60
968,2023,0,F.A.,opt,nat,opt_nat,8,10,5,HG,coop,coop,60
969,2023,0,F.A.,opt,nat,opt_nat,9,3,8,SH,coop,coop,60
970,2023,0,F.A.,opt,nat,opt_nat,10,7,15,SG,def,coop,60
971,2023,0,F.A.,opt,nat,opt_nat,11,3,15,PD,def,coop,60
972,2023,0,F.A.,opt,nat,opt_nat,12,0,15,PD,def,coop,60
973,2023,0,F.A.,opt,nat,opt_nat,13,0,8,SH,coop,coop,60
974,2023,0,F.A.,opt,nat,opt_nat,14,10,12,SG,def,coop,60
975,2023,0,F.A.,opt,nat,opt_nat,15,7,8,HG,coop,coop,60
976,2023,1,E.B.,pess,nat,pess_nat,0,10,5,HG,coop,coop,60
977,2023,1,E.B.,pess,nat,pess_nat,1,3,5,SH,def,coop,60
978,2023,1,E.B.,pess,nat,pess_nat,2,0,15,PD,def,coop,60
979,2023,1,E.B.,pess,nat,pess_nat,3,7,12,SG,coop,coop,60
980,2023,1,E.B.,pess,nat,pess_nat,4,10,15,SG,coop,coop,60
981,2023,1,E.B.,pess,nat,pess_nat,5,10,8,HG,coop,coop,60
982,2023,1,E.B.,pess,nat,pess_nat,6,0,12,PD,def,coop,60
983,2023,1,E.B.,pess,nat,pess_nat,7,0,5,SH,def,coop,60
984,2023,1,E.B.,pess,nat,pess_nat,8,7,15,SG,coop,coop,60
985,2023,1,E.B.,pess,nat,pess_nat,9,0,8,SH,def,coop,60
986,2023,1,E.B.,pess,nat,pess_nat,10,3,15,PD,def,coop,60
987,2023,1,E.B.,pess,nat,pess_nat,11,7,5,HG,coop,coop,60
988,2023,1,E.B.,pess,nat,pess_nat,12,3,12,PD,def,coop,60
989,2023,1,E.B.,pess,nat,pess_nat,13,10,12,SG,coop,coop,60
990,2023,1,E.B.,pess,nat,pess_nat,14,3,8,SH,def,coop,60
991,2023,1,E.B.,pess,nat,pess_nat,15,7,8,HG,coop,coop,60
992,2023,2,G.P.,pess,inv,pess_inv,0,0,12,PD,coop,coop,60
993,2023,2,G.P.,pess,inv,pess_inv,1,0,8,SH,coop,coop,60
994,2023,2,G.P.,pess,inv,pess_inv,2,7,15,SG,def,coop,60
995,2023,2,G.P.,pess,inv,pess_inv,3,7,8,HG,def,coop,60
996,2023,2,G.P.,pess,inv,pess_inv,4,3,12,PD,coop,coop,60
997,2023,2,G.P.,pess,inv,pess_inv,5,0,5,SH,coop,coop,60
998,2023,2,G.P.,pess,inv,pess_inv,6,10,8,HG,def,coop,60
999,2023,2,G.P.,pess,inv,pess_inv,7,10,15,SG,def,coop,60
1000,2023,2,G.P.,pess,inv,pess_inv,8,10,12,SG,def,coop,60
1001,2023,2,G.P.,pess,inv,pess_inv,9,0,15,PD,coop,coop,60
1002,2023,2,G.P.,pess,inv,pess_inv,10,10,5,HG,def,coop,60
1003,2023,2,G.P.,pess,inv,pess_inv,11,3,8,SH,coop,coop,60
1004,2023,2,G.P.,pess,inv,pess_inv,12,7,12,SG,def,coop,60
1005,2023,2,G.P.,pess,inv,pess_inv,13,3,15,PD,coop,coop,60
1006,2023,2,G.P.,pess,inv,pess_inv,14,3,5,SH,coop,coop,60
1007,2023,2,G.P.,pess,inv,pess_inv,15,7,5,HG,def,coop,60
1008,2023,3,D.T.,opt,inv,opt_inv,0,10,5,HG,def,coop,60
1009,2023,3,D.T.,opt,inv,opt_inv,1,7,12,SG,coop,coop,60
1010,2023,3,D.T.,opt,inv,opt_inv,2,0,12,PD,coop,coop,60
1011,2023,3,D.T.,opt,inv,opt_inv,3,3,8,SH,def,coop,60
1012,2023,3,D.T.,opt,inv,opt_inv,4,10,12,SG,coop,coop,60
1013,2023,3,D.T.,opt,inv,opt_inv,5,0,8,SH,def,coop,60
1014,2023,3,D.T.,opt,inv,opt_inv,6,7,8,HG,def,coop,60
1015,2023,3,D.T.,opt,inv,opt_inv,7,0,15,PD,coop,coop,60
1016,2023,3,D.T.,opt,inv,opt_inv,8,7,5,HG,def,coop,60
1017,2023,3,D.T.,opt,inv,opt_inv,9,10,15,SG,coop,coop,60
1018,2023,3,D.T.,opt,inv,opt_inv,10,3,5,SH,def,coop,60
1019,2023,3,D.T.,opt,inv,opt_inv,11,3,15,PD,coop,coop,60
1020,2023,3,D.T.,opt,inv,opt_inv,12,3,12,PD,coop,coop,60
1021,2023,3,D.T.,opt,inv,opt_inv,13,0,5,SH,def,coop,60
1022,2023,3,D.T.,opt,inv,opt_inv,14,7,15,SG,coop,coop,60
1023,2023,3,D.T.,opt,inv,opt_inv,15,10,8,HG,def,coop,60
1024,2024,0,E.B.,opt,nat,opt_nat,0,10,5,HG,coop,coop,70
1025,2024,0,E.B.,opt,nat,opt_nat,1,0,15,PD,def,coop,80
1026,2024,0,E.B.,opt,nat,opt_nat,2,7,12,SG,def,coop,70
1027,2024,0,E.B.,opt,nat,opt_nat,3,0,8,SH,coop,def,70
1028,2024,0,E.B.,opt,nat,opt_nat,4,0,5,SH,coop,coop,70
1029,2024,0,E.B.,opt,nat,opt_nat,5,10,15,SG,def,coop,70
1030,2024,0,E.B.,opt,nat,opt_nat,6,7,5,HG,coop,def,70
1031,2024,0,E.B.,opt,nat,opt_nat,7,0,12,PD,def,coop,70
1032,2024,0,E.B.,opt,nat,opt_nat,8,10,8,HG,coop,def,70
1033,2024,0,E.B.,opt,nat,opt_nat,9,3,15,PD,def,def,70
1034,2024,0,E.B.,opt,nat,opt_nat,10,3,8,SH,coop,def,70
1035,2024,0,E.B.,opt,nat,opt_nat,11,10,12,SG,def,def,70
1036,2024,0,E.B.,opt,nat,opt_nat,12,3,12,PD,def,def,70
1037,2024,0,E.B.,opt,nat,opt_nat,13,7,15,SG,def,def,70
1038,2024,0,E.B.,opt,nat,opt_nat,14,7,8,HG,coop,def,70
1039,2024,0,E.B.,opt,nat,opt_nat,15,3,5,SH,coop,coop,70
1040,2024,1,D.T.,pess,nat,pess_nat,0,0,8,SH,def,def,70
1041,2024,1,D.T.,pess,nat,pess_nat,1,7,5,HG,coop,coop,70
1042,2024,1,D.T.,pess,nat,pess_nat,2,10,15,SG,coop,def,70
1043,2024,1,D.T.,pess,nat,pess_nat,3,3,12,PD,def,def,70
1044,2024,1,D.T.,pess,nat,pess_nat,4,7,15,SG,coop,def,70
1045,2024,1,D.T.,pess,nat,pess_nat,5,7,8,HG,coop,coop,70
1046,2024,1,D.T.,pess,nat,pess_nat,6,3,5,SH,def,def,70
1047,2024,1,D.T.,pess,nat,pess_nat,7,3,15,PD,def,def,70
1048,2024,1,D.T.,pess,nat,pess_nat,8,0,15,PD,def,def,70
1049,2024,1,D.T.,pess,nat,pess_nat,9,10,8,HG,coop,def,70
1050,2024,1,D.T.,pess,nat,pess_nat,10,10,12,SG,coop,def,70
1051,2024,1,D.T.,pess,nat,pess_nat,11,0,5,SH,def,def,70
1052,2024,1,D.T.,pess,nat,pess_nat,12,0,12,PD,def,def,70
1053,2024,1,D.T.,pess,nat,pess_nat,13,3,8,SH,def,def,70
1054,2024,1,D.T.,pess,nat,pess_nat,14,10,5,HG,coop,coop,70
1055,2024,1,D.T.,pess,nat,pess_nat,15,7,12,SG,coop,def,70
1056,2024,2,F.A.,pess,inv,pess_inv,0,3,8,SH,coop,def,70
1057,2024,2,F.A.,pess,inv,pess_inv,1,0,15,PD,coop,def,70
1058,2024,2,F.A.,pess,inv,pess_inv,2,7,8,HG,def,def,70
1059,2024,2,F.A.,pess,inv,pess_inv,3,7,15,SG,def,def,70
1060,2024,2,F.A.,pess,inv,pess_inv,4,3,5,SH,coop,def,70
1061,2024,2,F.A.,pess,inv,pess_inv,5,7,5,HG,def,coop,70
1062,2024,2,F.A.,pess,inv,pess_inv,6,0,12,PD,coop,def,70
1063,2024,2,F.A.,pess,inv,pess_inv,7,10,12,SG,def,def,70
1064,2024,2,F.A.,pess,inv,pess_inv,8,7,12,SG,def,def,70
1065,2024,2,F.A.,pess,inv,pess_inv,9,3,15,PD,coop,def,70
1066,2024,2,F.A.,pess,inv,pess_inv,10,0,8,SH,coop,def,70
1067,2024,2,F.A.,pess,inv,pess_inv,11,10,5,HG,def,coop,70
1068,2024,2,F.A.,pess,inv,pess_inv,12,10,15,SG,def,def,70
1069,2024,2,F.A.,pess,inv,pess_inv,13,0,5,SH,coop,def,70
1070,2024,2,F.A.,pess,inv,pess_inv,14,10,8,HG,def,coop,70
1071,2024,2,F.A.,pess,inv,pess_inv,15,3,12,PD,coop,def,70
1072,2024,3,G.P.,opt,inv,opt_inv,0,7,15,SG,coop,def,70
1073,2024,3,G.P.,opt,inv,opt_inv,1,0,12,PD,coop,def,70
1074,2024,3,G.P.,opt,inv,opt_inv,2,3,5,SH,def,def,70
1075,2024,3,G.P.,opt,inv,opt_inv,3,7,5,HG,def,def,70
1076,2024,3,G.P.,opt,inv,opt_inv,4,3,12,PD,coop,def,70
1077,2024,3,G.P.,opt,inv,opt_inv,5,7,8,HG,def,def,70
1078,2024,3,G.P.,opt,inv,opt_inv,6,0,8,SH,def,def,70
1079,2024,3,G.P.,opt,inv,opt_inv,7,10,15,SG,coop,def,70
1080,2024,3,G.P.,opt,inv,opt_inv,8,10,12,SG,coop,def,70
1081,2024,3,G.P.,opt,inv,opt_inv,9,0,15,PD,coop,def,70
1082,2024,3,G.P.,opt,inv,opt_inv,10,0,5,SH,def,def,70
1083,2024,3,G.P.,opt,inv,opt_inv,11,10,8,HG,def,coop,70
1084,2024,3,G.P.,opt,inv,opt_inv,12,7,12,SG,coop,def,70
1085,2024,3,G.P.,opt,inv,opt_inv,13,3,8,SH,def,def,70
1086,2024,3,G.P.,opt,inv,opt_inv,14,3,15,PD,coop,def,70
1087,2024,3,G.P.,opt,inv,opt_inv,15,10,5,HG,def,coop,70
1088,2025,0,F.A.,opt,nat,opt_nat,0,0,12,PD,def,def,90
1089,2025,0,F.A.,opt,nat,opt_nat,1,0,8,SH,coop,def,90
1090,2025,0,F.A.,opt,nat,opt_nat,2,7,15,SG,def,def,90
1091,2025,0,F.A.,opt,nat,opt_nat,3,7,8,HG,coop,def,90
1092,2025,0,F.A.,opt,nat,opt_nat,4,3,12,PD,def,def,90
1093,2025,0,F.A.,opt,nat,opt_nat,5,0,5,SH,coop,def,90
1094,2025,0,F.A.,opt,nat,opt_nat,6,10,8,HG,coop,def,90
1095,2025,0,F.A.,opt,nat,opt_nat,7,10,15,SG,def,def,90
1096,2025,0,F.A.,opt,nat,opt_nat,8,10,12,SG,def,def,90
1097,2025,0,F.A.,opt,nat,opt_nat,9,0,15,PD,def,def,90
1098,2025,0,F.A.,opt,nat,opt_nat,10,10,5,HG,coop,def,90
1099,2025,0,F.A.,opt,nat,opt_nat,11,3,8,SH,coop,def,90
1100,2025,0,F.A.,opt,nat,opt_nat,12,7,12,SG,def,def,90
1101,2025,0,F.A.,opt,nat,opt_nat,13,3,15,PD,def,def,90
1102,2025,0,F.A.,opt,nat,opt_nat,14,3,5,SH,coop,def,90
1103,2025,0,F.A.,opt,nat,opt_nat,15,7,5,HG,coop,def,90
1104,2025,1,E.B.,pess,nat,pess_nat,0,0,8,SH,def,def,90
1105,2025,1,E.B.,pess,nat,pess_nat,1,7,5,HG,coop,coop,90
1106,2025,1,E.B.,pess,nat,pess_nat,2,10,15,SG,coop,def,90
1107,2025,1,E.B.,pess,nat,pess_nat,3,3,12,PD,def,def,90
1108,2025,1,E.B.,pess,nat,pess_nat,4,7,15,SG,coop,def,90
1109,2025,1,E.B.,pess,nat,pess_nat,5,7,8,HG,coop,def,90
1110,2025,1,E.B.,pess,nat,pess_nat,6,3,5,SH,def,def,90
1111,2025,1,E.B.,pess,nat,pess_nat,7,3,15,PD,def,def,90
1112,2025,1,E.B.,pess,nat,pess_nat,8,0,15,PD,def,def,90
1113,2025,1,E.B.,pess,nat,pess_nat,9,10,8,HG,coop,coop,90
1114,2025,1,E.B.,pess,nat,pess_nat,10,10,12,SG,coop,def,90
1115,2025,1,E.B.,pess,nat,pess_nat,11,0,5,SH,def,def,90
1116,2025,1,E.B.,pess,nat,pess_nat,12,0,12,PD,def,def,90
1117,2025,1,E.B.,pess,nat,pess_nat,13,3,8,SH,def,def,90
1118,2025,1,E.B.,pess,nat,pess_nat,14,10,5,HG,coop,coop,90
1119,2025,1,E.B.,pess,nat,pess_nat,15,7,12,SG,coop,def,90
1120,2025,2,G.P.,opt,inv,opt_inv,0,3,5,SH,def,def,90
1121,2025,2,G.P.,opt,inv,opt_inv,1,0,15,PD,coop,def,90
1122,2025,2,G.P.,opt,inv,opt_inv,2,7,8,HG,def,coop,90
1123,2025,2,G.P.,opt,inv,opt_inv,3,10,12,SG,coop,def,90
1124,2025,2,G.P.,opt,inv,opt_inv,4,7,12,SG,coop,def,90
1125,2025,2,G.P.,opt,inv,opt_inv,5,10,8,HG,def,coop,90
1126,2025,2,G.P.,opt,inv,opt_inv,6,0,5,SH,def,def,90
1127,2025,2,G.P.,opt,inv,opt_inv,7,0,12,PD,coop,def,90
1128,2025,2,G.P.,opt,inv,opt_inv,8,7,5,HG,def,coop,90
1129,2025,2,G.P.,opt,inv,opt_inv,9,3,8,SH,def,def,90
1130,2025,2,G.P.,opt,inv,opt_inv,10,3,12,PD,coop,def,90
1131,2025,2,G.P.,opt,inv,opt_inv,11,7,15,SG,coop,def,90
1132,2025,2,G.P.,opt,inv,opt_inv,12,3,15,PD,coop,def,90
1133,2025,2,G.P.,opt,inv,opt_inv,13,10,5,HG,def,coop,90
1134,2025,2,G.P.,opt,inv,opt_inv,14,10,15,SG,coop,def,90
1135,2025,2,G.P.,opt,inv,opt_inv,15,0,8,SH,def,def,90
1136,2025,3,D.T.,pess,inv,pess_inv,0,7,15,SG,def,def,90
1137,2025,3,D.T.,pess,inv,pess_inv,1,0,12,PD,coop,def,90
1138,2025,3,D.T.,pess,inv,pess_inv,2,3,5,SH,coop,def,90
1139,2025,3,D.T.,pess,inv,pess_inv,3,7,5,HG,def,coop,90
1140,2025,3,D.T.,pess,inv,pess_inv,4,3,12,PD,coop,def,90
1141,2025,3,D.T.,pess,inv,pess_inv,5,7,8,HG,def,coop,90
1142,2025,3,D.T.,pess,inv,pess_inv,6,0,8,SH,coop,def,90
1143,2025,3,D.T.,pess,inv,pess_inv,7,10,15,SG,def,def,90
1144,2025,3,D.T.,pess,inv,pess_inv,8,10,12,SG,def,def,90
1145,2025,3,D.T.,pess,inv,pess_inv,9,0,15,PD,coop,def,90
1146,2025,3,D.T.,pess,inv,pess_inv,10,0,5,SH,coop,def,90
1147,2025,3,D.T.,pess,inv,pess_inv,11,10,8,HG,def,coop,90
1148,2025,3,D.T.,pess,inv,pess_inv,12,7,12,SG,def,def,90
1149,2025,3,D.T.,pess,inv,pess_inv,13,3,8,SH,coop,def,90
1150,2025,3,D.T.,pess,inv,pess_inv,14,3,15,PD,coop,def,90
1151,2025,3,D.T.,pess,inv,pess_inv,15,10,5,HG,def,coop,90
1152,2026,0,E.B.,pess,nat,pess_nat,0,7,15,SG,coop,coop,70
1153,2026,0,E.B.,pess,nat,pess_nat,1,3,15,PD,def,coop,70
1154,2026,0,E.B.,pess,nat,pess_nat,2,3,8,SH,def,coop,70
1155,2026,0,E.B.,pess,nat,pess_nat,3,7,5,HG,coop,def,30
1156,2026,0,E.B.,pess,nat,pess_nat,4,10,15,SG,coop,def,20
1157,2026,0,E.B.,pess,nat,pess_nat,5,7,8,HG,coop,coop,20
1158,2026,0,E.B.,pess,nat,pess_nat,6,0,5,SH,def,coop,20
1159,2026,0,E.B.,pess,nat,pess_nat,7,0,12,PD,def,coop,20
1160,2026,0,E.B.,pess,nat,pess_nat,8,3,12,PD,def,def,30
1161,2026,0,E.B.,pess,nat,pess_nat,9,7,12,SG,coop,coop,30
1162,2026,0,E.B.,pess,nat,pess_nat,10,10,8,HG,coop,def,30
1163,2026,0,E.B.,pess,nat,pess_nat,11,3,5,SH,def,coop,30
1164,2026,0,E.B.,pess,nat,pess_nat,12,10,12,SG,coop,def,30
1165,2026,0,E.B.,pess,nat,pess_nat,13,0,15,PD,def,coop,20
1166,2026,0,E.B.,pess,nat,pess_nat,14,10,5,HG,coop,coop,50
1167,2026,0,E.B.,pess,nat,pess_nat,15,0,8,SH,def,def,30
1168,2026,1,G.P.,opt,nat,opt_nat,0,3,5,SH,coop,coop,30
1169,2026,1,G.P.,opt,nat,opt_nat,1,0,15,PD,def,def,30
1170,2026,1,G.P.,opt,nat,opt_nat,2,7,8,HG,coop,coop,40
1171,2026,1,G.P.,opt,nat,opt_nat,3,10,12,SG,def,def,30
1172,2026,1,G.P.,opt,nat,opt_nat,4,7,12,SG,def,coop,40
1173,2026,1,G.P.,opt,nat,opt_nat,5,10,8,HG,coop,coop,50
1174,2026,1,G.P.,opt,nat,opt_nat,6,0,5,SH,coop,coop,20
1175,2026,1,G.P.,opt,nat,opt_nat,7,0,12,PD,def,coop,40
1176,2026,1,G.P.,opt,nat,opt_nat,8,7,5,HG,coop,def,40
1177,2026,1,G.P.,opt,nat,opt_nat,9,3,8,SH,coop,coop,40
1178,2026,1,G.P.,opt,nat,opt_nat,10,3,12,PD,def,coop,40
1179,2026,1,G.P.,opt,nat,opt_nat,11,7,15,SG,def,coop,40
1180,2026,1,G.P.,opt,nat,opt_nat,12,3,15,PD,def,coop,40
1181,2026,1,G.P.,opt,nat,opt_nat,13,10,5,HG,coop,def,40
1182,2026,1,G.P.,opt,nat,opt_nat,14,10,15,SG,def,coop,40
1183,2026,1,G.P.,opt,nat,opt_nat,15,0,8,SH,coop,coop,40
1184,2026,2,D.T.,opt,inv,opt_inv,0,10,12,SG,coop,coop,40
1185,2026,2,D.T.,opt,inv,opt_inv,1,0,12,PD,coop,coop,40
1186,2026,2,D.T.,opt,inv,opt_inv,2,3,5,SH,def,coop,50
1187,2026,2,D.T.,opt,inv,opt_inv,3,7,8,HG,def,coop,40
1188,2026,2,D.T.,opt,inv,opt_inv,4,10,5,HG,def,def,50
1189,2026,2,D.T.,opt,inv,opt_inv,5,3,12,PD,coop,coop,30
1190,2026,2,D.T.,opt,inv,opt_inv,6,3,8,SH,def,coop,40
1191,2026,2,D.T.,opt,inv,opt_inv,7,10,15,SG,coop,coop,30
1192,2026,2,D.T.,opt,inv,opt_inv,8,0,15,PD,coop,coop,30
1193,2026,2,D.T.,opt,inv,opt_inv,9,7,12,SG,coop,coop,40
1194,2026,2,D.T.,opt,inv,opt_inv,10,0,5,SH,def,def,50
1195,2026,2,D.T.,opt,inv,opt_inv,11,7,5,HG,def,coop,40
1196,2026,2,D.T.,opt,inv,opt_inv,12,10,8,HG,def,coop,50
1197,2026,2,D.T.,opt,inv,opt_inv,13,0,8,SH,def,coop,30
1198,2026,2,D.T.,opt,inv,opt_inv,14,7,15,SG,coop,coop,30
1199,2026,2,D.T.,opt,inv,opt_inv,15,3,15,PD,coop,coop,30
1200,2026,3,F.A.,pess,inv,pess_inv,0,10,5,HG,def,def,50
1201,2026,3,F.A.,pess,inv,pess_inv,1,7,12,SG,def,coop,50
1202,2026,3,F.A.,pess,inv,pess_inv,2,0,12,PD,coop,coop,50
1203,2026,3,F.A.,pess,inv,pess_inv,3,3,8,SH,coop,def,50
1204,2026,3,F.A.,pess,inv,pess_inv,4,10,12,SG,def,def,50
1205,2026,3,F.A.,pess,inv,pess_inv,5,0,8,SH,coop,coop,50
1206,2026,3,F.A.,pess,inv,pess_inv,6,7,8,HG,def,coop,50
1207,2026,3,F.A.,pess,inv,pess_inv,7,0,15,PD,coop,coop,50
1208,2026,3,F.A.,pess,inv,pess_inv,8,7,5,HG,def,coop,50
1209,2026,3,F.A.,pess,inv,pess_inv,9,10,15,SG,def,def,50
1210,2026,3,F.A.,pess,inv,pess_inv,10,3,5,SH,coop,coop,50
1211,2026,3,F.A.,pess,inv,pess_inv,11,3,15,PD,coop,def,50
1212,2026,3,F.A.,pess,inv,pess_inv,12,3,12,PD,coop,coop,50
1213,2026,3,F.A.,pess,inv,pess_inv,13,0,5,SH,coop,coop,50
1214,2026,3,F.A.,pess,inv,pess_inv,14,7,15,SG,def,coop,50
1215,2026,3,F.A.,pess,inv,pess_inv,15,10,8,HG,def,def,50
1216,2027,0,D.T.,pess,nat,pess_nat,0,0,8,SH,def,def,80
1217,2027,0,D.T.,pess,nat,pess_nat,1,3,15,PD,def,coop,90
1218,2027,0,D.T.,pess,nat,pess_nat,2,10,12,SG,coop,coop,60
1219,2027,0,D.T.,pess,nat,pess_nat,3,7,8,HG,coop,def,60
1220,2027,0,D.T.,pess,nat,pess_nat,4,10,8,HG,coop,def,80
1221,2027,0,D.T.,pess,nat,pess_nat,5,0,15,PD,def,def,80
1222,2027,0,D.T.,pess,nat,pess_nat,6,3,8,SH,def,coop,90
1223,2027,0,D.T.,pess,nat,pess_nat,7,7,15,SG,coop,coop,90
1224,2027,0,D.T.,pess,nat,pess_nat,8,0,12,PD,def,def,90
1225,2027,0,D.T.,pess,nat,pess_nat,9,3,5,SH,def,coop,90
1226,2027,0,D.T.,pess,nat,pess_nat,10,7,12,SG,coop,def,90
1227,2027,0,D.T.,pess,nat,pess_nat,11,10,5,HG,coop,coop,80
1228,2027,0,D.T.,pess,nat,pess_nat,12,0,5,SH,def,coop,90
1229,2027,0,D.T.,pess,nat,pess_nat,13,7,5,HG,coop,coop,90
1230,2027,0,D.T.,pess,nat,pess_nat,14,3,12,PD,def,def,90
1231,2027,0,D.T.,pess,nat,pess_nat,15,10,15,SG,coop,def,90
1232,2027,1,G.P.,opt,nat,opt_nat,0,7,12,SG,def,coop,90
1233,2027,1,G.P.,opt,nat,opt_nat,1,7,8,HG,coop,coop,90
1234,2027,1,G.P.,opt,nat,opt_nat,2,0,5,SH,coop,coop,90
1235,2027,1,G.P.,opt,nat,opt_nat,3,3,15,PD,def,coop,90
1236,2027,1,G.P.,opt,nat,opt_nat,4,0,12,PD,def,coop,90
1237,2027,1,G.P.,opt,nat,opt_nat,5,0,8,SH,coop,coop,90
1238,2027,1,G.P.,opt,nat,opt_nat,6,10,12,SG,def,coop,90
1239,2027,1,G.P.,opt,nat,opt_nat,7,10,5,HG,coop,coop,90
1240,2027,1,G.P.,opt,nat,opt_nat,8,10,8,HG,coop,coop,90
1241,2027,1,G.P.,opt,nat,opt_nat,9,10,15,SG,def,def,90
1242,2027,1,G.P.,opt,nat,opt_nat,10,3,8,SH,coop,def,90
1243,2027,1,G.P.,opt,nat,opt_nat,11,3,12,PD,def,coop,90
1244,2027,1,G.P.,opt,nat,opt_nat,12,7,15,SG,def,def,90
1245,2027,1,G.P.,opt,nat,opt_nat,13,7,5,HG,coop,coop,90
1246,2027,1,G.P.,opt,nat,opt_nat,14,3,5,SH,coop,coop,90
1247,2027,1,G.P.,opt,nat,opt_nat,15,0,15,PD,def,coop,90
1248,2027,2,F.A.,pess,inv,pess_inv,0,10,5,HG,def,coop,90
1249,2027,2,F.A.,pess,inv,pess_inv,1,3,5,SH,coop,coop,90
1250,2027,2,F.A.,pess,inv,pess_inv,2,0,15,PD,coop,coop,90
1251,2027,2,F.A.,pess,inv,pess_inv,3,7,12,SG,def,def,90
1252,2027,2,F.A.,pess,inv,pess_inv,4,10,15,SG,def,def,90
1253,2027,2,F.A.,pess,inv,pess_inv,5,10,8,HG,def,coop,90
1254,2027,2,F.A.,pess,inv,pess_inv,6,0,12,PD,coop,coop,90
1255,2027,2,F.A.,pess,inv,pess_inv,7,0,5,SH,coop,coop,90
1256,2027,2,F.A.,pess,inv,pess_inv,8,7,15,SG,def,def,90
1257,2027,2,F.A.,pess,inv,pess_inv,9,0,8,SH,coop,coop,90
1258,2027,2,F.A.,pess,inv,pess_inv,10,3,15,PD,coop,def,90
1259,2027,2,F.A.,pess,inv,pess_inv,11,7,5,HG,def,coop,90
1260,2027,2,F.A.,pess,inv,pess_inv,12,3,12,PD,coop,coop,90
1261,2027,2,F.A.,pess,inv,pess_inv,13,10,12,SG,def,def,90
1262,2027,2,F.A.,pess,inv,pess_inv,14,3,8,SH,coop,coop,90
1263,2027,2,F.A.,pess,inv,pess_inv,15,7,8,HG,def,coop,90
1264,2027,3,E.B.,opt,inv,opt_inv,0,10,8,HG,def,coop,90
1265,2027,3,E.B.,opt,inv,opt_inv,1,3,5,SH,def,coop,90
1266,2027,3,E.B.,opt,inv,opt_inv,2,7,12,SG,coop,def,90
1267,2027,3,E.B.,opt,inv,opt_inv,3,3,12,PD,coop,def,90
1268,2027,3,E.B.,opt,inv,opt_inv,4,7,5,HG,def,coop,90
1269,2027,3,E.B.,opt,inv,opt_inv,5,10,15,SG,coop,def,90
1270,2027,3,E.B.,opt,inv,opt_inv,6,0,12,PD,coop,coop,90
1271,2027,3,E.B.,opt,inv,opt_inv,7,0,5,SH,def,coop,90
1272,2027,3,E.B.,opt,inv,opt_inv,8,10,5,HG,def,coop,90
1273,2027,3,E.B.,opt,inv,opt_inv,9,3,8,SH,def,coop,90
1274,2027,3,E.B.,opt,inv,opt_inv,10,7,15,SG,coop,def,90
1275,2027,3,E.B.,opt,inv,opt_inv,11,3,15,PD,coop,coop,90
1276,2027,3,E.B.,opt,inv,opt_inv,12,0,15,PD,coop,coop,90
1277,2027,3,E.B.,opt,inv,opt_inv,13,0,8,SH,def,coop,90
1278,2027,3,E.B.,opt,inv,opt_inv,14,10,12,SG,coop,coop,90
1279,2027,3,E.B.,opt,inv,opt_inv,15,7,8,HG,def,coop,90
1280,2029,0,D.T.,pess,nat,pess_nat,0,0,5,SH,def,def,90
1281,2029,0,D.T.,pess,nat,pess_nat,1,10,5,HG,coop,def,90
1282,2029,0,D.T.,pess,nat,pess_nat,2,3,15,PD,def,def,90
1283,2029,0,D.T.,pess,nat,pess_nat,3,7,12,SG,coop,def,90
1284,2029,0,D.T.,pess,nat,pess_nat,4,10,8,HG,coop,coop,80
1285,2029,0,D.T.,pess,nat,pess_nat,5,0,15,PD,def,coop,80
1286,2029,0,D.T.,pess,nat,pess_nat,6,3,5,SH,def,def,80
1287,2029,0,D.T.,pess,nat,pess_nat,7,7,15,SG,coop,def,80
1288,2029,0,D.T.,pess,nat,pess_nat,8,3,12,PD,def,def,80
1289,2029,0,D.T.,pess,nat,pess_nat,9,10,12,SG,coop,def,80
1290,2029,0,D.T.,pess,nat,pess_nat,10,7,8,HG,coop,coop,80
1291,2029,0,D.T.,pess,nat,pess_nat,11,3,8,SH,def,coop,80
1292,2029,0,D.T.,pess,nat,pess_nat,12,0,12,PD,def,def,80
1293,2029,0,D.T.,pess,nat,pess_nat,13,0,8,SH,def,def,80
1294,2029,0,D.T.,pess,nat,pess_nat,14,10,15,SG,coop,def,80
1295,2029,0,D.T.,pess,nat,pess_nat,15,7,5,HG,coop,coop,80
1296,2029,1,F.A.,opt,nat,opt_nat,0,10,12,SG,def,def,80
1297,2029,1,F.A.,opt,nat,opt_nat,1,0,12,PD,def,def,80
1298,2029,1,F.A.,opt,nat,opt_nat,2,3,5,SH,coop,def,80
1299,2029,1,F.A.,opt,nat,opt_nat,3,7,8,HG,coop,def,80
1300,2029,1,F.A.,opt,nat,opt_nat,4,10,5,HG,coop,coop,80
1301,2029,1,F.A.,opt,nat,opt_nat,5,3,12,PD,def,def,80
1302,2029,1,F.A.,opt,nat,opt_nat,6,3,8,SH,coop,def,80
1303,2029,1,F.A.,opt,nat,opt_nat,7,10,15,SG,def,def,80
1304,2029,1,F.A.,opt,nat,opt_nat,8,0,15,PD,def,def,80
1305,2029,1,F.A.,opt,nat,opt_nat,9,7,12,SG,def,def,80
1306,2029,1,F.A.,opt,nat,opt_nat,10,0,5,SH,coop,def,80
1307,2029,1,F.A.,opt,nat,opt_nat,11,7,5,HG,coop,coop,80
1308,2029,1,F.A.,opt,nat,opt_nat,12,10,8,HG,coop,coop,80
1309,2029,1,F.A.,opt,nat,opt_nat,13,0,8,SH,coop,def,80
1310,2029,1,F.A.,opt,nat,opt_nat,14,7,15,SG,def,def,80
1311,2029,1,F.A.,opt,nat,opt_nat,15,3,15,PD,def,def,80
1312,2029,2,E.B.,opt,inv,opt_inv,0,3,15,PD,coop,def,80
1313,2029,2,E.B.,opt,inv,opt_inv,1,3,5,SH,def,def,80
1314,2029,2,E.B.,opt,inv,opt_inv,2,7,12,SG,coop,def,80
1315,2029,2,E.B.,opt,inv,opt_inv,3,10,5,HG,def,coop,80
1316,2029,2,E.B.,opt,inv,opt_inv,4,0,15,PD,coop,def,80
1317,2029,2,E.B.,opt,inv,opt_inv,5,0,5,SH,def,def,80
1318,2029,2,E.B.,opt,inv,opt_inv,6,7,8,HG,def,coop,80
1319,2029,2,E.B.,opt,inv,opt_inv,7,7,15,SG,coop,def,80
1320,2029,2,E.B.,opt,inv,opt_inv,8,3,12,PD,coop,def,80
1321,2029,2,E.B.,opt,inv,opt_inv,9,10,8,HG,def,coop,80
1322,2029,2,E.B.,opt,inv,opt_inv,10,3,8,SH,def,def,80
1323,2029,2,E.B.,opt,inv,opt_inv,11,10,12,SG,coop,def,80
1324,2029,2,E.B.,opt,inv,opt_inv,12,10,15,SG,coop,def,80
1325,2029,2,E.B.,opt,inv,opt_inv,13,7,5,HG,def,coop,80
1326,2029,2,E.B.,opt,inv,opt_inv,14,0,8,SH,def,def,80
1327,2029,2,E.B.,opt,inv,opt_inv,15,0,12,PD,coop,def,80
1328,2029,3,G.P.,pess,inv,pess_inv,0,7,5,HG,def,coop,80
1329,2029,3,G.P.,pess,inv,pess_inv,1,3,5,SH,coop,coop,80
1330,2029,3,G.P.,pess,inv,pess_inv,2,7,12,SG,def,def,80
1331,2029,3,G.P.,pess,inv,pess_inv,3,3,15,PD,coop,def,80
1332,2029,3,G.P.,pess,inv,pess_inv,4,0,5,SH,coop,def,80
1333,2029,3,G.P.,pess,inv,pess_inv,5,0,15,PD,coop,def,80
1334,2029,3,G.P.,pess,inv,pess_inv,6,7,15,SG,def,def,80
1335,2029,3,G.P.,pess,inv,pess_inv,7,10,8,HG,def,coop,80
1336,2029,3,G.P.,pess,inv,pess_inv,8,10,12,SG,def,def,80
1337,2029,3,G.P.,pess,inv,pess_inv,9,3,8,SH,coop,def,80
1338,2029,3,G.P.,pess,inv,pess_inv,10,10,5,HG,def,coop,80
1339,2029,3,G.P.,pess,inv,pess_inv,11,3,12,PD,coop,def,80
1340,2029,3,G.P.,pess,inv,pess_inv,12,10,15,SG,def,def,80
1341,2029,3,G.P.,pess,inv,pess_inv,13,0,12,PD,coop,def,80
1342,2029,3,G.P.,pess,inv,pess_inv,14,0,8,SH,coop,def,80
1343,2029,3,G.P.,pess,inv,pess_inv,15,7,8,HG,def,def,80
1344,2030,0,E.B.,opt,nat,opt_nat,0,0,8,SH,coop,coop,70
1345,2030,0,E.B.,opt,nat,opt_nat,1,7,5,HG,coop,coop,70
1346,2030,0,E.B.,opt,nat,opt_nat,2,10,15,SG,def,coop,70
1347,2030,0,E.B.,opt,nat,opt_nat,3,3,12,PD,def,def,70
1348,2030,0,E.B.,opt,nat,opt_nat,4,7,15,SG,def,def,70
1349,2030,0,E.B.,opt,nat,opt_nat,5,7,8,HG,coop,def,70
1350,2030,0,E.B.,opt,nat,opt_nat,6,3,5,SH,coop,coop,70
1351,2030,0,E.B.,opt,nat,opt_nat,7,3,15,PD,def,def,70
1352,2030,0,E.B.,opt,nat,opt_nat,8,0,15,PD,def,def,70
1353,2030,0,E.B.,opt,nat,opt_nat,9,10,8,HG,coop,coop,70
1354,2030,0,E.B.,opt,nat,opt_nat,10,10,12,SG,def,coop,70
1355,2030,0,E.B.,opt,nat,opt_nat,11,0,5,SH,coop,coop,70
1356,2030,0,E.B.,opt,nat,opt_nat,12,0,12,PD,def,def,70
1357,2030,0,E.B.,opt,nat,opt_nat,13,3,8,SH,coop,def,70
1358,2030,0,E.B.,opt,nat,opt_nat,14,10,5,HG,coop,coop,70
1359,2030,0,E.B.,opt,nat,opt_nat,15,7,12,SG,def,def,70
1360,2030,1,D.T.,pess,nat,pess_nat,0,10,8,HG,coop,coop,70
1361,2030,1,D.T.,pess,nat,pess_nat,1,3,5,SH,def,coop,70
1362,2030,1,D.T.,pess,nat,pess_nat,2,7,12,SG,coop,def,70
1363,2030,1,D.T.,pess,nat,pess_nat,3,3,12,PD,def,def,70
1364,2030,1,D.T.,pess,nat,pess_nat,4,7,5,HG,coop,coop,70
1365,2030,1,D.T.,pess,nat,pess_nat,5,10,15,SG,coop,def,70
1366,2030,1,D.T.,pess,nat,pess_nat,6,0,12,PD,def,def,70
1367,2030,1,D.T.,pess,nat,pess_nat,7,0,5,SH,def,coop,70
1368,2030,1,D.T.,pess,nat,pess_nat,8,10,5,HG,coop,coop,70
1369,2030,1,D.T.,pess,nat,pess_nat,9,3,8,SH,def,def,70
1370,2030,1,D.T.,pess,nat,pess_nat,10,7,15,SG,coop,def,70
1371,2030,1,D.T.,pess,nat,pess_nat,11,3,15,PD,def,def,70
1372,2030,1,D.T.,pess,nat,pess_nat,12,0,15,PD,def,def,70
1373,2030,1,D.T.,pess,nat,pess_nat,13,0,8,SH,def,def,70
1374,2030,1,D.T.,pess,nat,pess_nat,14,10,12,SG,coop,def,70
1375,2030,1,D.T.,pess,nat,pess_nat,15,7,8,HG,coop,coop,70
1376,2030,2,F.A.,opt,inv,opt_inv,0,7,15,SG,coop,def,70
1377,2030,2,F.A.,opt,inv,opt_inv,1,7,5,HG,def,coop,70
1378,2030,2,F.A.,opt,inv,opt_inv,2,3,8,SH,def,def,70
1379,2030,2,F.A.,opt,inv,opt_inv,3,0,12,PD,coop,def,70
1380,2030,2,F.A.,opt,inv,opt_inv,4,7,8,HG,def,coop,70
1381,2030,2,F.A.,opt,inv,opt_inv,5,0,8,SH,def,def,70
1382,2030,2,F.A.,opt,inv,opt_inv,6,10,15,SG,coop,def,70
1383,2030,2,F.A.,opt,inv,opt_inv,7,0,15,PD,coop,def,70
1384,2030,2,F.A.,opt,inv,opt_inv,8,10,5,HG,def,coop,70
1385,2030,2,F.A.,opt,inv,opt_inv,9,3,5,SH,def,coop,70
1386,2030,2,F.A.,opt,inv,opt_inv,10,3,15,PD,coop,def,70
1387,2030,2,F.A.,opt,inv,opt_inv,11,10,12,SG,coop,def,70
1388,2030,2,F.A.,opt,inv,opt_inv,12,0,5,SH,def,coop,70
1389,2030,2,F.A.,opt,inv,opt_inv,13,3,12,PD,coop,def,70
1390,2030,2,F.A.,opt,inv,opt_inv,14,7,12,SG,coop,def,70
1391,2030,2,F.A.,opt,inv,opt_inv,15,10,8,HG,def,coop,70
1392,2030,3,G.P.,pess,inv,pess_inv,0,7,15,SG,def,def,70
1393,2030,3,G.P.,pess,inv,pess_inv,1,3,15,PD,coop,def,70
1394,2030,3,G.P.,pess,inv,pess_inv,2,3,8,SH,coop,def,70
1395,2030,3,G.P.,pess,inv,pess_inv,3,7,5,HG,def,coop,70
1396,2030,3,G.P.,pess,inv,pess_inv,4,10,15,SG,def,def,70
1397,2030,3,G.P.,pess,inv,pess_inv,5,7,8,HG,def,coop,70
1398,2030,3,G.P.,pess,inv,pess_inv,6,0,5,SH,coop,def,70
1399,2030,3,G.P.,pess,inv,pess_inv,7,0,12,PD,coop,def,70
1400,2030,3,G.P.,pess,inv,pess_inv,8,3,12,PD,coop,def,70
1401,2030,3,G.P.,pess,inv,pess_inv,9,7,12,SG,def,def,70
1402,2030,3,G.P.,pess,inv,pess_inv,10,10,8,HG,def,coop,70
1403,2030,3,G.P.,pess,inv,pess_inv,11,3,5,SH,coop,coop,70
1404,2030,3,G.P.,pess,inv,pess_inv,12,10,12,SG,def,def,70
1405,2030,3,G.P.,pess,inv,pess_inv,13,0,15,PD,coop,def,70
1406,2030,3,G.P.,pess,inv,pess_inv,14,10,5,HG,def,coop,70
1407,2030,3,G.P.,pess,inv,pess_inv,15,0,8,SH,coop,def,70
1408,2031,0,F.A.,opt,nat,opt_nat,0,0,8,SH,coop,coop,100
1409,2031,0,F.A.,opt,nat,opt_nat,1,3,15,PD,def,def,100
1410,2031,0,F.A.,opt,nat,opt_nat,2,10,12,SG,def,def,70
1411,2031,0,F.A.,opt,nat,opt_nat,3,7,8,HG,coop,def,70
1412,2031,0,F.A.,opt,nat,opt_nat,4,10,8,HG,coop,coop,60
1413,2031,0,F.A.,opt,nat,opt_nat,5,0,15,PD,def,def,70
1414,2031,0,F.A.,opt,nat,opt_nat,6,3,8,SH,coop,def,60
1415,2031,0,F.A.,opt,nat,opt_nat,7,7,15,SG,def,def,60
1416,2031,0,F.A.,opt,nat,opt_nat,8,0,12,PD,def,def,80
1417,2031,0,F.A.,opt,nat,opt_nat,9,3,5,SH,coop,coop,60
1418,2031,0,F.A.,opt,nat,opt_nat,10,7,12,SG,def,def,60
1419,2031,0,F.A.,opt,nat,opt_nat,11,10,5,HG,coop,coop,60
1420,2031,0,F.A.,opt,nat,opt_nat,12,0,5,SH,coop,coop,70
1421,2031,0,F.A.,opt,nat,opt_nat,13,7,5,HG,coop,coop,60
1422,2031,0,F.A.,opt,nat,opt_nat,14,3,12,PD,def,def,60
1423,2031,0,F.A.,opt,nat,opt_nat,15,10,15,SG,def,def,60
1424,2031,1,D.T.,pess,nat,pess_nat,0,3,5,SH,def,def,60
1425,2031,1,D.T.,pess,nat,pess_nat,1,0,15,PD,def,def,60
1426,2031,1,D.T.,pess,nat,pess_nat,2,7,8,HG,coop,def,60
1427,2031,1,D.T.,pess,nat,pess_nat,3,10,12,SG,coop,def,60
1428,2031,1,D.T.,pess,nat,pess_nat,4,7,12,SG,coop,def,60
1429,2031,1,D.T.,pess,nat,pess_nat,5,10,8,HG,coop,coop,60
1430,2031,1,D.T.,pess,nat,pess_nat,6,0,5,SH,def,coop,60
1431,2031,1,D.T.,pess,nat,pess_nat,7,0,12,PD,def,def,60
1432,2031,1,D.T.,pess,nat,pess_nat,8,7,5,HG,coop,coop,60
1433,2031,1,D.T.,pess,nat,pess_nat,9,3,8,SH,def,def,60
1434,2031,1,D.T.,pess,nat,pess_nat,10,3,12,PD,def,def,60
1435,2031,1,D.T.,pess,nat,pess_nat,11,7,15,SG,coop,def,60
1436,2031,1,D.T.,pess,nat,pess_nat,12,3,15,PD,def,def,60
1437,2031,1,D.T.,pess,nat,pess_nat,13,10,5,HG,coop,coop,60
1438,2031,1,D.T.,pess,nat,pess_nat,14,10,15,SG,coop,def,60
1439,2031,1,D.T.,pess,nat,pess_nat,15,0,8,SH,def,coop,60
1440,2031,2,E.B.,pess,inv,pess_inv,0,0,8,SH,coop,def,60
1441,2031,2,E.B.,pess,inv,pess_inv,1,7,5,HG,def,coop,60
1442,2031,2,E.B.,pess,inv,pess_inv,2,10,15,SG,def,def,60
1443,2031,2,E.B.,pess,inv,pess_inv,3,3,12,PD,coop,def,60
1444,2031,2,E.B.,pess,inv,pess_inv,4,7,15,SG,def,def,60
1445,2031,2,E.B.,pess,inv,pess_inv,5,7,8,HG,def,coop,60
1446,2031,2,E.B.,pess,inv,pess_inv,6,3,5,SH,coop,coop,60
1447,2031,2,E.B.,pess,inv,pess_inv,7,3,15,PD,coop,def,60
1448,2031,2,E.B.,pess,inv,pess_inv,8,0,15,PD,coop,def,60
1449,2031,2,E.B.,pess,inv,pess_inv,9,10,8,HG,def,coop,60
1450,2031,2,E.B.,pess,inv,pess_inv,10,10,12,SG,def,def,60
1451,2031,2,E.B.,pess,inv,pess_inv,11,0,5,SH,coop,coop,60
1452,2031,2,E.B.,pess,inv,pess_inv,12,0,12,PD,coop,def,60
1453,2031,2,E.B.,pess,inv,pess_inv,13,3,8,SH,coop,coop,60
1454,2031,2,E.B.,pess,inv,pess_inv,14,10,5,HG,def,coop,60
1455,2031,2,E.B.,pess,inv,pess_inv,15,7,12,SG,def,def,60
1456,2031,3,G.P.,opt,inv,opt_inv,0,10,12,SG,coop,def,60
1457,2031,3,G.P.,opt,inv,opt_inv,1,0,12,PD,coop,def,60
1458,2031,3,G.P.,opt,inv,opt_inv,2,3,5,SH,def,coop,60
1459,2031,3,G.P.,opt,inv,opt_inv,3,7,8,HG,def,coop,60
1460,2031,3,G.P.,opt,inv,opt_inv,4,10,5,HG,def,coop,60
1461,2031,3,G.P.,opt,inv,opt_inv,5,3,12,PD,coop,def,60
1462,2031,3,G.P.,opt,inv,opt_inv,6,3,8,SH,def,def,60
1463,2031,3,G.P.,opt,inv,opt_inv,7,10,15,SG,coop,def,60
1464,2031,3,G.P.,opt,inv,opt_inv,8,0,15,PD,coop,def,60
1465,2031,3,G.P.,opt,inv,opt_inv,9,7,12,SG,coop,def,60
1466,2031,3,G.P.,opt,inv,opt_inv,10,0,5,SH,def,coop,60
1467,2031,3,G.P.,opt,inv,opt_inv,11,7,5,HG,def,coop,60
1468,2031,3,G.P.,opt,inv,opt_inv,12,10,8,HG,def,coop,60
1469,2031,3,G.P.,opt,inv,opt_inv,13,0,8,SH,def,def,60
1470,2031,3,G.P.,opt,inv,opt_inv,14,7,15,SG,coop,def,60
1471,2031,3,G.P.,opt,inv,opt_inv,15,3,15,PD,coop,def,60
1472,2032,0,D.T.,opt,nat,opt_nat,0,10,8,HG,coop,coop,50
1473,2032,0,D.T.,opt,nat,opt_nat,1,3,5,SH,coop,coop,50
1474,2032,0,D.T.,opt,nat,opt_nat,2,7,12,SG,def,coop,50
1475,2032,0,D.T.,opt,nat,opt_nat,3,3,12,PD,def,coop,50
1476,2032,0,D.T.,opt,nat,opt_nat,4,7,5,HG,coop,coop,50
1477,2032,0,D.T.,opt,nat,opt_nat,5,10,15,SG,def,def,50
1478,2032,0,D.T.,opt,nat,opt_nat,6,0,12,PD,def,coop,50
1479,2032,0,D.T.,opt,nat,opt_nat,7,0,5,SH,coop,coop,50
1480,2032,0,D.T.,opt,nat,opt_nat,8,10,5,HG,coop,coop,50
1481,2032,0,D.T.,opt,nat,opt_nat,9,3,8,SH,coop,coop,50
1482,2032,0,D.T.,opt,nat,opt_nat,10,7,15,SG,def,coop,50
1483,2032,0,D.T.,opt,nat,opt_nat,11,3,15,PD,def,coop,50
1484,2032,0,D.T.,opt,nat,opt_nat,12,0,15,PD,def,coop,50
1485,2032,0,D.T.,opt,nat,opt_nat,13,0,8,SH,coop,coop,50
1486,2032,0,D.T.,opt,nat,opt_nat,14,10,12,SG,def,coop,50
1487,2032,0,D.T.,opt,nat,opt_nat,15,7,8,HG,coop,coop,50
1488,2032,1,G.P.,pess,nat,pess_nat,0,3,8,SH,def,coop,50
1489,2032,1,G.P.,pess,nat,pess_nat,1,0,15,PD,def,coop,50
1490,2032,1,G.P.,pess,nat,pess_nat,2,7,8,HG,coop,coop,50
1491,2032,1,G.P.,pess,nat,pess_nat,3,7,15,SG,coop,coop,50
1492,2032,1,G.P.,pess,nat,pess_nat,4,3,5,SH,def,coop,50
1493,2032,1,G.P.,pess,nat,pess_nat,5,7,5,HG,coop,coop,50
1494,2032,1,G.P.,pess,nat,pess_nat,6,0,12,PD,def,coop,50
1495,2032,1,G.P.,pess,nat,pess_nat,7,10,12,SG,coop,coop,50
1496,2032,1,G.P.,pess,nat,pess_nat,8,7,12,SG,coop,coop,50
1497,2032,1,G.P.,pess,nat,pess_nat,9,3,15,PD,def,coop,50
1498,2032,1,G.P.,pess,nat,pess_nat,10,0,8,SH,def,coop,50
1499,2032,1,G.P.,pess,nat,pess_nat,11,10,5,HG,coop,coop,50
1500,2032,1,G.P.,pess,nat,pess_nat,12,10,15,SG,coop,coop,50
1501,2032,1,G.P.,pess,nat,pess_nat,13,0,5,SH,def,coop,50
1502,2032,1,G.P.,pess,nat,pess_nat,14,10,8,HG,coop,coop,50
1503,2032,1,G.P.,pess,nat,pess_nat,15,3,12,PD,def,coop,50
1504,2032,2,F.A.,opt,inv,opt_inv,0,7,15,SG,coop,coop,50
1505,2032,2,F.A.,opt,inv,opt_inv,1,3,15,PD,coop,coop,50
1506,2032,2,F.A.,opt,inv,opt_inv,2,3,8,SH,def,coop,50
1507,2032,2,F.A.,opt,inv,opt_inv,3,7,5,HG,def,coop,50
1508,2032,2,F.A.,opt,inv,opt_inv,4,10,15,SG,coop,coop,50
1509,2032,2,F.A.,opt,inv,opt_inv,5,7,8,HG,def,coop,50
1510,2032,2,F.A.,opt,inv,opt_inv,6,0,5,SH,def,coop,50
1511,2032,2,F.A.,opt,inv,opt_inv,7,0,12,PD,coop,coop,50
1512,2032,2,F.A.,opt,inv,opt_inv,8,3,12,PD,coop,coop,50
1513,2032,2,F.A.,opt,inv,opt_inv,9,7,12,SG,coop,coop,50
1514,2032,2,F.A.,opt,inv,opt_inv,10,10,8,HG,def,coop,50
1515,2032,2,F.A.,opt,inv,opt_inv,11,3,5,SH,def,coop,50
1516,2032,2,F.A.,opt,inv,opt_inv,12,10,12,SG,coop,coop,50
1517,2032,2,F.A.,opt,inv,opt_inv,13,0,15,PD,coop,coop,50
1518,2032,2,F.A.,opt,inv,opt_inv,14,10,5,HG,def,coop,50
1519,2032,2,F.A.,opt,inv,opt_inv,15,0,8,SH,def,coop,50
1520,2032,3,E.B.,pess,inv,pess_inv,0,3,12,PD,coop,coop,50
1521,2032,3,E.B.,pess,inv,pess_inv,1,7,8,HG,def,coop,50
1522,2032,3,E.B.,pess,inv,pess_inv,2,3,8,SH,coop,coop,50
1523,2032,3,E.B.,pess,inv,pess_inv,3,7,12,SG,def,coop,50
1524,2032,3,E.B.,pess,inv,pess_inv,4,0,15,PD,coop,coop,50
1525,2032,3,E.B.,pess,inv,pess_inv,5,0,8,SH,coop,coop,50
1526,2032,3,E.B.,pess,inv,pess_inv,6,7,15,SG,def,coop,50
1527,2032,3,E.B.,pess,inv,pess_inv,7,7,5,HG,def,coop,50
1528,2032,3,E.B.,pess,inv,pess_inv,8,3,15,PD,coop,coop,50
1529,2032,3,E.B.,pess,inv,pess_inv,9,0,5,SH,coop,coop,50
1530,2032,3,E.B.,pess,inv,pess_inv,10,10,5,HG,def,coop,50
1531,2032,3,E.B.,pess,inv,pess_inv,11,10,15,SG,def,coop,50
1532,2032,3,E.B.,pess,inv,pess_inv,12,10,12,SG,def,coop,50
1533,2032,3,E.B.,pess,inv,pess_inv,13,0,12,PD,coop,coop,50
1534,2032,3,E.B.,pess,inv,pess_inv,14,3,5,SH,coop,coop,50
1535,2032,3,E.B.,pess,inv,pess_inv,15,10,8,HG,def,coop,50
1536,2033,0,E.B.,pess,nat,pess_nat,0,10,8,HG,coop,coop,70
1537,2033,0,E.B.,pess,nat,pess_nat,1,3,5,SH,def,coop,60
1538,2033,0,E.B.,pess,nat,pess_nat,2,7,12,SG,coop,coop,60
1539,2033,0,E.B.,pess,nat,pess_nat,3,3,12,PD,def,coop,60
1540,2033,0,E.B.,pess,nat,pess_nat,4,7,5,HG,coop,coop,60
1541,2033,0,E.B.,pess,nat,pess_nat,5,10,15,SG,coop,coop,60
1542,2033,0,E.B.,pess,nat,pess_nat,6,0,12,PD,def,coop,60
1543,2033,0,E.B.,pess,nat,pess_nat,7,0,5,SH,def,coop,70
1544,2033,0,E.B.,pess,nat,pess_nat,8,10,5,HG,coop,coop,70
1545,2033,0,E.B.,pess,nat,pess_nat,9,3,8,SH,def,coop,60
1546,2033,0,E.B.,pess,nat,pess_nat,10,7,15,SG,coop,coop,60
1547,2033,0,E.B.,pess,nat,pess_nat,11,3,15,PD,def,coop,60
1548,2033,0,E.B.,pess,nat,pess_nat,12,0,15,PD,def,coop,60
1549,2033,0,E.B.,pess,nat,pess_nat,13,0,8,SH,def,coop,60
1550,2033,0,E.B.,pess,nat,pess_nat,14,10,12,SG,coop,coop,60
1551,2033,0,E.B.,pess,nat,pess_nat,15,7,8,HG,coop,coop,70
1552,2033,1,D.T.,opt,nat,opt_nat,0,7,15,SG,def,coop,60
1553,2033,1,D.T.,opt,nat,opt_nat,1,0,12,PD,def,coop,60
1554,2033,1,D.T.,opt,nat,opt_nat,2,3,5,SH,coop,coop,60
1555,2033,1,D.T.,opt,nat,opt_nat,3,7,5,HG,coop,coop,60
1556,2033,1,D.T.,opt,nat,opt_nat,4,3,12,PD,def,coop,60
1557,2033,1,D.T.,opt,nat,opt_nat,5,7,8,HG,coop,coop,60
1558,2033,1,D.T.,opt,nat,opt_nat,6,0,8,SH,coop,coop,60
1559,2033,1,D.T.,opt,nat,opt_nat,7,10,15,SG,def,coop,60
1560,2033,1,D.T.,opt,nat,opt_nat,8,10,12,SG,def,coop,60
1561,2033,1,D.T.,opt,nat,opt_nat,9,0,15,PD,def,coop,60
1562,2033,1,D.T.,opt,nat,opt_nat,10,0,5,SH,coop,coop,60
1563,2033,1,D.T.,opt,nat,opt_nat,11,10,8,HG,coop,coop,60
1564,2033,1,D.T.,opt,nat,opt_nat,12,7,12,SG,def,coop,60
1565,2033,1,D.T.,opt,nat,opt_nat,13,3,8,SH,coop,coop,60
1566,2033,1,D.T.,opt,nat,opt_nat,14,3,15,PD,def,coop,60
1567,2033,1,D.T.,opt,nat,opt_nat,15,10,5,HG,coop,coop,60
1568,2033,2,G.P.,opt,inv,opt_inv,0,0,8,SH,def,coop,60
1569,2033,2,G.P.,opt,inv,opt_inv,1,7,5,HG,def,coop,60
1570,2033,2,G.P.,opt,inv,opt_inv,2,10,15,SG,coop,coop,60
1571,2033,2,G.P.,opt,inv,opt_inv,3,3,12,PD,coop,coop,60
1572,2033,2,G.P.,opt,inv,opt_inv,4,7,15,SG,coop,coop,60
1573,2033,2,G.P.,opt,inv,opt_inv,5,7,8,HG,def,coop,60
1574,2033,2,G.P.,opt,inv,opt_inv,6,3,5,SH,def,coop,60
1575,2033,2,G.P.,opt,inv,opt_inv,7,3,15,PD,coop,coop,60
1576,2033,2,G.P.,opt,inv,opt_inv,8,0,15,PD,coop,coop,60
1577,2033,2,G.P.,opt,inv,opt_inv,9,10,8,HG,def,coop,60
1578,2033,2,G.P.,opt,inv,opt_inv,10,10,12,SG,coop,coop,60
1579,2033,2,G.P.,opt,inv,opt_inv,11,0,5,SH,def,coop,60
1580,2033,2,G.P.,opt,inv,opt_inv,12,0,12,PD,coop,coop,60
1581,2033,2,G.P.,opt,inv,opt_inv,13,3,8,SH,def,coop,60
1582,2033,2,G.P.,opt,inv,opt_inv,14,10,5,HG,def,coop,60
1583,2033,2,G.P.,opt,inv,opt_inv,15,7,12,SG,coop,coop,60
1584,2033,3,F.A.,pess,inv,pess_inv,0,0,8,SH,coop,coop,60
1585,2033,3,F.A.,pess,inv,pess_inv,1,3,15,PD,coop,coop,60
1586,2033,3,F.A.,pess,inv,pess_inv,2,10,12,SG,def,coop,60
1587,2033,3,F.A.,pess,inv,pess_inv,3,7,8,HG,def,coop,60
1588,2033,3,F.A.,pess,inv,pess_inv,4,10,8,HG,def,coop,60
1589,2033,3,F.A.,pess,inv,pess_inv,5,0,15,PD,coop,coop,60
1590,2033,3,F.A.,pess,inv,pess_inv,6,3,8,SH,coop,coop,60
1591,2033,3,F.A.,pess,inv,pess_inv,7,7,15,SG,def,coop,60
1592,2033,3,F.A.,pess,inv,pess_inv,8,0,12,PD,coop,coop,60
1593,2033,3,F.A.,pess,inv,pess_inv,9,3,5,SH,coop,coop,60
1594,2033,3,F.A.,pess,inv,pess_inv,10,7,12,SG,def,coop,60
1595,2033,3,F.A.,pess,inv,pess_inv,11,10,5,HG,def,coop,60
1596,2033,3,F.A.,pess,inv,pess_inv,12,0,5,SH,coop,coop,60
1597,2033,3,F.A.,pess,inv,pess_inv,13,7,5,HG,def,coop,60
1598,2033,3,F.A.,pess,inv,pess_inv,14,3,12,PD,coop,coop,60
1599,2033,3,F.A.,pess,inv,pess_inv,15,10,15,SG,def,coop,60
1600,2034,0,G.P.,opt,nat,opt_nat,0,10,5,HG,coop,coop,60
1601,2034,0,G.P.,opt,nat,opt_nat,1,3,5,SH,coop,coop,70
1602,2034,0,G.P.,opt,nat,opt_nat,2,0,15,PD,def,coop,60
1603,2034,0,G.P.,opt,nat,opt_nat,3,7,12,SG,def,coop,40
1604,2034,0,G.P.,opt,nat,opt_nat,4,10,15,SG,def,coop,50
1605,2034,0,G.P.,opt,nat,opt_nat,5,10,8,HG,coop,coop,50
1606,2034,0,G.P.,opt,nat,opt_nat,6,0,12,PD,def,coop,60
1607,2034,0,G.P.,opt,nat,opt_nat,7,0,5,SH,coop,coop,60
1608,2034,0,G.P.,opt,nat,opt_nat,8,7,15,SG,def,coop,40
1609,2034,0,G.P.,opt,nat,opt_nat,9,0,8,SH,coop,coop,40
1610,2034,0,G.P.,opt,nat,opt_nat,10,3,15,PD,def,coop,40
1611,2034,0,G.P.,opt,nat,opt_nat,11,7,5,HG,coop,coop,40
1612,2034,0,G.P.,opt,nat,opt_nat,12,3,12,PD,def,coop,40
1613,2034,0,G.P.,opt,nat,opt_nat,13,10,12,SG,def,coop,40
1614,2034,0,G.P.,opt,nat,opt_nat,14,3,8,SH,coop,coop,40
1615,2034,0,G.P.,opt,nat,opt_nat,15,7,8,HG,coop,coop,50
1616,2034,1,D.T.,pess,nat,pess_nat,0,7,15,SG,coop,coop,30
1617,2034,1,D.T.,pess,nat,pess_nat,1,0,12,PD,def,coop,30
1618,2034,1,D.T.,pess,nat,pess_nat,2,3,5,SH,def,coop,30
1619,2034,1,D.T.,pess,nat,pess_nat,3,7,5,HG,coop,coop,30
1620,2034,1,D.T.,pess,nat,pess_nat,4,3,12,PD,def,coop,30
1621,2034,1,D.T.,pess,nat,pess_nat,5,7,8,HG,coop,coop,30
1622,2034,1,D.T.,pess,nat,pess_nat,6,0,8,SH,def,coop,30
1623,2034,1,D.T.,pess,nat,pess_nat,7,10,15,SG,coop,coop,30
1624,2034,1,D.T.,pess,nat,pess_nat,8,10,12,SG,coop,coop,30
1625,2034,1,D.T.,pess,nat,pess_nat,9,0,15,PD,def,coop,30
1626,2034,1,D.T.,pess,nat,pess_nat,10,0,5,SH,def,coop,30
1627,2034,1,D.T.,pess,nat,pess_nat,11,10,8,HG,coop,coop,30
1628,2034,1,D.T.,pess,nat,pess_nat,12,7,12,SG,coop,coop,30
1629,2034,1,D.T.,pess,nat,pess_nat,13,3,8,SH,def,coop,30
1630,2034,1,D.T.,pess,nat,pess_nat,14,3,15,PD,def,coop,30
1631,2034,1,D.T.,pess,nat,pess_nat,15,10,5,HG,coop,coop,30
1632,2034,2,F.A.,pess,inv,pess_inv,0,3,5,SH,coop,coop,50
1633,2034,2,F.A.,pess,inv,pess_inv,1,0,15,PD,coop,coop,50
1634,2034,2,F.A.,pess,inv,pess_inv,2,7,8,HG,def,coop,50
1635,2034,2,F.A.,pess,inv,pess_inv,3,10,12,SG,def,coop,50
1636,2034,2,F.A.,pess,inv,pess_inv,4,7,12,SG,def,coop,50
1637,2034,2,F.A.,pess,inv,pess_inv,5,10,8,HG,def,coop,50
1638,2034,2,F.A.,pess,inv,pess_inv,6,0,5,SH,coop,coop,50
1639,2034,2,F.A.,pess,inv,pess_inv,7,0,12,PD,coop,coop,50
1640,2034,2,F.A.,pess,inv,pess_inv,8,7,5,HG,def,coop,50
1641,2034,2,F.A.,pess,inv,pess_inv,9,3,8,SH,coop,coop,50
1642,2034,2,F.A.,pess,inv,pess_inv,10,3,12,PD,coop,coop,50
1643,2034,2,F.A.,pess,inv,pess_inv,11,7,15,SG,def,coop,50
1644,2034,2,F.A.,pess,inv,pess_inv,12,3,15,PD,coop,coop,50
1645,2034,2,F.A.,pess,inv,pess_inv,13,10,5,HG,def,coop,50
1646,2034,2,F.A.,pess,inv,pess_inv,14,10,15,SG,def,coop,50
1647,2034,2,F.A.,pess,inv,pess_inv,15,0,8,SH,coop,coop,50
1648,2034,3,E.B.,opt,inv,opt_inv,0,7,5,HG,def,coop,50
1649,2034,3,E.B.,opt,inv,opt_inv,1,3,5,SH,def,coop,50
1650,2034,3,E.B.,opt,inv,opt_inv,2,7,12,SG,coop,coop,50
1651,2034,3,E.B.,opt,inv,opt_inv,3,3,15,PD,coop,coop,50
1652,2034,3,E.B.,opt,inv,opt_inv,4,0,5,SH,def,coop,50
1653,2034,3,E.B.,opt,inv,opt_inv,5,0,15,PD,coop,coop,50
1654,2034,3,E.B.,opt,inv,opt_inv,6,7,15,SG,coop,coop,50
1655,2034,3,E.B.,opt,inv,opt_inv,7,10,8,HG,def,coop,50
1656,2034,3,E.B.,opt,inv,opt_inv,8,10,12,SG,coop,coop,50
1657,2034,3,E.B.,opt,inv,opt_inv,9,3,8,SH,def,coop,50
1658,2034,3,E.B.,opt,inv,opt_inv,10,10,5,HG,def,coop,50
1659,2034,3,E.B.,opt,inv,opt_inv,11,3,12,PD,coop,coop,50
1660,2034,3,E.B.,opt,inv,opt_inv,12,10,15,SG,coop,coop,50
1661,2034,3,E.B.,opt,inv,opt_inv,13,0,12,PD,coop,coop,50
1662,2034,3,E.B.,opt,inv,opt_inv,14,0,8,SH,def,coop,50
1663,2034,3,E.B.,opt,inv,opt_inv,15,7,8,HG,def,coop,50
1664,2035,0,E.B.,pess,nat,pess_nat,0,3,8,SH,def,coop,60
1665,2035,0,E.B.,pess,nat,pess_nat,1,0,15,PD,def,coop,60
1666,2035,0,E.B.,pess,nat,pess_nat,2,7,8,HG,coop,coop,60
1667,2035,0,E.B.,pess,nat,pess_nat,3,7,15,SG,coop,coop,60
1668,2035,0,E.B.,pess,nat,pess_nat,4,3,5,SH,def,coop,60
1669,2035,0,E.B.,pess,nat,pess_nat,5,7,5,HG,coop,coop,60
1670,2035,0,E.B.,pess,nat,pess_nat,6,0,12,PD,def,coop,60
1671,2035,0,E.B.,pess,nat,pess_nat,7,10,12,SG,coop,coop,60
1672,2035,0,E.B.,pess,nat,pess_nat,8,7,12,SG,coop,coop,60
1673,2035,0,E.B.,pess,nat,pess_nat,9,3,15,PD,def,coop,60
1674,2035,0,E.B.,pess,nat,pess_nat,10,0,8,SH,def,coop,60
1675,2035,0,E.B.,pess,nat,pess_nat,11,10,5,HG,coop,coop,60
1676,2035,0,E.B.,pess,nat,pess_nat,12,10,15,SG,coop,coop,60
1677,2035,0,E.B.,pess,nat,pess_nat,13,0,5,SH,def,coop,60
1678,2035,0,E.B.,pess,nat,pess_nat,14,10,8,HG,coop,coop,60
1679,2035,0,E.B.,pess,nat,pess_nat,15,3,12,PD,def,coop,60
1680,2035,1,F.A.,opt,nat,opt_nat,0,10,5,HG,coop,coop,60
1681,2035,1,F.A.,opt,nat,opt_nat,1,3,5,SH,coop,coop,60
1682,2035,1,F.A.,opt,nat,opt_nat,2,0,15,PD,def,coop,60
1683,2035,1,F.A.,opt,nat,opt_nat,3,7,12,SG,def,coop,60
1684,2035,1,F.A.,opt,nat,opt_nat,4,10,15,SG,def,coop,60
1685,2035,1,F.A.,opt,nat,opt_nat,5,10,8,HG,coop,coop,60
1686,2035,1,F.A.,opt,nat,opt_nat,6,0,12,PD,def,coop,60
1687,2035,1,F.A.,opt,nat,opt_nat,7,0,5,SH,coop,coop,60
1688,2035,1,F.A.,opt,nat,opt_nat,8,7,15,SG,def,coop,60
1689,2035,1,F.A.,opt,nat,opt_nat,9,0,8,SH,coop,coop,60
1690,2035,1,F.A.,opt,nat,opt_nat,10,3,15,PD,def,coop,60
1691,2035,1,F.A.,opt,nat,opt_nat,11,7,5,HG,coop,coop,60
1692,2035,1,F.A.,opt,nat,opt_nat,12,3,12,PD,def,coop,60
1693,2035,1,F.A.,opt,nat,opt_nat,13,10,12,SG,def,coop,60
1694,2035,1,F.A.,opt,nat,opt_nat,14,3,8,SH,coop,coop,60
1695,2035,1,F.A.,opt,nat,opt_nat,15,7,8,HG,coop,coop,60
1696,2035,2,G.P.,pess,inv,pess_inv,0,7,12,SG,def,coop,60
1697,2035,2,G.P.,pess,inv,pess_inv,1,7,8,HG,def,coop,60
1698,2035,2,G.P.,pess,inv,pess_inv,2,0,5,SH,coop,coop,60
1699,2035,2,G.P.,pess,inv,pess_inv,3,3,15,PD,coop,coop,60
1700,2035,2,G.P.,pess,inv,pess_inv,4,0,12,PD,coop,coop,60
1701,2035,2,G.P.,pess,inv,pess_inv,5,0,8,SH,coop,coop,60
1702,2035,2,G.P.,pess,inv,pess_inv,6,10,12,SG,def,coop,60
1703,2035,2,G.P.,pess,inv,pess_inv,7,10,5,HG,def,coop,60
1704,2035,2,G.P.,pess,inv,pess_inv,8,10,8,HG,def,coop,60
1705,2035,2,G.P.,pess,inv,pess_inv,9,10,15,SG,def,coop,60
1706,2035,2,G.P.,pess,inv,pess_inv,10,3,8,SH,coop,coop,60
1707,2035,2,G.P.,pess,inv,pess_inv,11,3,12,PD,coop,coop,60
1708,2035,2,G.P.,pess,inv,pess_inv,12,7,15,SG,def,coop,60
1709,2035,2,G.P.,pess,inv,pess_inv,13,7,5,HG,def,coop,60
1710,2035,2,G.P.,pess,inv,pess_inv,14,3,5,SH,coop,coop,60
1711,2035,2,G.P.,pess,inv,pess_inv,15,0,15,PD,coop,coop,60
1712,2035,3,D.T.,opt,inv,opt_inv,0,7,15,SG,coop,coop,60
1713,2035,3,D.T.,opt,inv,opt_inv,1,3,15,PD,coop,coop,60
1714,2035,3,D.T.,opt,inv,opt_inv,2,3,8,SH,def,coop,60
1715,2035,3,D.T.,opt,inv,opt_inv,3,7,5,HG,def,coop,60
1716,2035,3,D.T.,opt,inv,opt_inv,4,10,15,SG,coop,coop,60
1717,2035,3,D.T.,opt,inv,opt_inv,5,7,8,HG,def,coop,60
1718,2035,3,D.T.,opt,inv,opt_inv,6,0,5,SH,def,coop,60
1719,2035,3,D.T.,opt,inv,opt_inv,7,0,12,PD,coop,coop,60
1720,2035,3,D.T.,opt,inv,opt_inv,8,3,12,PD,coop,coop,60
1721,2035,3,D.T.,opt,inv,opt_inv,9,7,12,SG,coop,coop,60
1722,2035,3,D.T.,opt,inv,opt_inv,10,10,8,HG,def,coop,60
1723,2035,3,D.T.,opt,inv,opt_inv,11,3,5,SH,def,coop,60
1724,2035,3,D.T.,opt,inv,opt_inv,12,10,12,SG,coop,coop,60
1725,2035,3,D.T.,opt,inv,opt_inv,13,0,15,PD,coop,coop,60
1726,2035,3,D.T.,opt,inv,opt_inv,14,10,5,HG,def,coop,60
1727,2035,3,D.T.,opt,inv,opt_inv,15,0,8,SH,def,coop,60
1728,2037,0,D.T.,opt,nat,opt_nat,0,7,12,SG,def,coop,100
1729,2037,0,D.T.,opt,nat,opt_nat,1,7,8,HG,coop,coop,100
1730,2037,0,D.T.,opt,nat,opt_nat,2,0,5,SH,coop,coop,100
1731,2037,0,D.T.,opt,nat,opt_nat,3,3,15,PD,def,coop,80
1732,2037,0,D.T.,opt,nat,opt_nat,4,0,12,PD,def,coop,100
1733,2037,0,D.T.,opt,nat,opt_nat,5,0,8,SH,coop,coop,100
1734,2037,0,D.T.,opt,nat,opt_nat,6,10,12,SG,def,coop,100
1735,2037,0,D.T.,opt,nat,opt_nat,7,10,5,HG,coop,coop,100
1736,2037,0,D.T.,opt,nat,opt_nat,8,10,8,HG,coop,coop,100
1737,2037,0,D.T.,opt,nat,opt_nat,9,10,15,SG,def,coop,90
1738,2037,0,D.T.,opt,nat,opt_nat,10,3,8,SH,coop,coop,100
1739,2037,0,D.T.,opt,nat,opt_nat,11,3,12,PD,def,coop,100
1740,2037,0,D.T.,opt,nat,opt_nat,12,7,15,SG,def,coop,90
1741,2037,0,D.T.,opt,nat,opt_nat,13,7,5,HG,coop,coop,100
1742,2037,0,D.T.,opt,nat,opt_nat,14,3,5,SH,coop,coop,100
1743,2037,0,D.T.,opt,nat,opt_nat,15,0,15,PD,def,coop,90
1744,2037,1,E.B.,pess,nat,pess_nat,0,7,15,SG,coop,def,90
1745,2037,1,E.B.,pess,nat,pess_nat,1,0,12,PD,def,def,90
1746,2037,1,E.B.,pess,nat,pess_nat,2,3,5,SH,def,def,90
1747,2037,1,E.B.,pess,nat,pess_nat,3,7,5,HG,coop,def,90
1748,2037,1,E.B.,pess,nat,pess_nat,4,3,12,PD,def,def,90
1749,2037,1,E.B.,pess,nat,pess_nat,5,7,8,HG,coop,def,90
1750,2037,1,E.B.,pess,nat,pess_nat,6,0,8,SH,def,def,90
1751,2037,1,E.B.,pess,nat,pess_nat,7,10,15,SG,coop,def,90
1752,2037,1,E.B.,pess,nat,pess_nat,8,10,12,SG,coop,def,90
1753,2037,1,E.B.,pess,nat,pess_nat,9,0,15,PD,def,def,90
1754,2037,1,E.B.,pess,nat,pess_nat,10,0,5,SH,def,def,90
1755,2037,1,E.B.,pess,nat,pess_nat,11,10,8,HG,coop,def,90
1756,2037,1,E.B.,pess,nat,pess_nat,12,7,12,SG,coop,def,90
1757,2037,1,E.B.,pess,nat,pess_nat,13,3,8,SH,def,def,90
1758,2037,1,E.B.,pess,nat,pess_nat,14,3,15,PD,def,def,90
1759,2037,1,E.B.,pess,nat,pess_nat,15,10,5,HG,coop,def,90
1760,2037,2,G.P.,opt,inv,opt_inv,0,10,5,HG,def,coop,90
1761,2037,2,G.P.,opt,inv,opt_inv,1,3,5,SH,def,coop,90
1762,2037,2,G.P.,opt,inv,opt_inv,2,0,15,PD,coop,def,90
1763,2037,2,G.P.,opt,inv,opt_inv,3,7,12,SG,coop,def,90
1764,2037,2,G.P.,opt,inv,opt_inv,4,10,15,SG,coop,def,90
1765,2037,2,G.P.,opt,inv,opt_inv,5,10,8,HG,def,coop,90
1766,2037,2,G.P.,opt,inv,opt_inv,6,0,12,PD,coop,def,90
1767,2037,2,G.P.,opt,inv,opt_inv,7,0,5,SH,def,def,90
1768,2037,2,G.P.,opt,inv,opt_inv,8,7,15,SG,coop,def,90
1769,2037,2,G.P.,opt,inv,opt_inv,9,0,8,SH,def,def,90
1770,2037,2,G.P.,opt,inv,opt_inv,10,3,15,PD,coop,def,90
1771,2037,2,G.P.,opt,inv,opt_inv,11,7,5,HG,def,coop,90
1772,2037,2,G.P.,opt,inv,opt_inv,12,3,12,PD,coop,def,90
1773,2037,2,G.P.,opt,inv,opt_inv,13,10,12,SG,coop,def,90
1774,2037,2,G.P.,opt,inv,opt_inv,14,3,8,SH,def,def,90
1775,2037,2,G.P.,opt,inv,opt_inv,15,7,8,HG,def,coop,90
1776,2037,3,F.A.,pess,inv,pess_inv,0,10,5,HG,def,coop,90
1777,2037,3,F.A.,pess,inv,pess_inv,1,0,15,PD,coop,def,90
1778,2037,3,F.A.,pess,inv,pess_inv,2,7,12,SG,def,def,90
1779,2037,3,F.A.,pess,inv,pess_inv,3,0,8,SH,coop,def,90
1780,2037,3,F.A.,pess,inv,pess_inv,4,0,5,SH,coop,def,90
1781,2037,3,F.A.,pess,inv,pess_inv,5,10,15,SG,def,def,90
1782,2037,3,F.A.,pess,inv,pess_inv,6,7,5,HG,def,coop,90
1783,2037,3,F.A.,pess,inv,pess_inv,7,0,12,PD,coop,def,90
1784,2037,3,F.A.,pess,inv,pess_inv,8,10,8,HG,def,coop,90
1785,2037,3,F.A.,pess,inv,pess_inv,9,3,15,PD,coop,def,90
1786,2037,3,F.A.,pess,inv,pess_inv,10,3,8,SH,coop,def,90
1787,2037,3,F.A.,pess,inv,pess_inv,11,10,12,SG,def,def,90
1788,2037,3,F.A.,pess,inv,pess_inv,12,3,12,PD,coop,def,90
1789,2037,3,F.A.,pess,inv,pess_inv,13,7,15,SG,def,def,90
1790,2037,3,F.A.,pess,inv,pess_inv,14,7,8,HG,def,coop,90
1791,2037,3,F.A.,pess,inv,pess_inv,15,3,5,SH,coop,def,90
1792,2039,0,E.B.,pess,nat,pess_nat,0,10,8,HG,coop,coop,70
1793,2039,0,E.B.,pess,nat,pess_nat,1,3,5,SH,def,coop,60
1794,2039,0,E.B.,pess,nat,pess_nat,2,7,12,SG,coop,coop,70
1795,2039,0,E.B.,pess,nat,pess_nat,3,3,12,PD,def,def,70
1796,2039,0,E.B.,pess,nat,pess_nat,4,7,5,HG,coop,coop,70
1797,2039,0,E.B.,pess,nat,pess_nat,5,10,15,SG,coop,def,70
1798,2039,0,E.B.,pess,nat,pess_nat,6,0,12,PD,def,def,70
1799,2039,0,E.B.,pess,nat,pess_nat,7,0,5,SH,def,def,70
1800,2039,0,E.B.,pess,nat,pess_nat,8,10,5,HG,coop,coop,70
1801,2039,0,E.B.,pess,nat,pess_nat,9,3,8,SH,def,def,70
1802,2039,0,E.B.,pess,nat,pess_nat,10,7,15,SG,coop,coop,70
1803,2039,0,E.B.,pess,nat,pess_nat,11,3,15,PD,def,def,70
1804,2039,0,E.B.,pess,nat,pess_nat,12,0,15,PD,def,def,70
1805,2039,0,E.B.,pess,nat,pess_nat,13,0,8,SH,def,def,70
1806,2039,0,E.B.,pess,nat,pess_nat,14,10,12,SG,coop,def,70
1807,2039,0,E.B.,pess,nat,pess_nat,15,7,8,HG,coop,def,70
1808,2039,1,D.T.,opt,nat,opt_nat,0,0,8,SH,coop,def,70
1809,2039,1,D.T.,opt,nat,opt_nat,1,3,15,PD,def,def,70
1810,2039,1,D.T.,opt,nat,opt_nat,2,10,12,SG,def,def,70
1811,2039,1,D.T.,opt,nat,opt_nat,3,7,8,HG,coop,def,70
1812,2039,1,D.T.,opt,nat,opt_nat,4,10,8,HG,coop,coop,70
1813,2039,1,D.T.,opt,nat,opt_nat,5,0,15,PD,def,def,70
1814,2039,1,D.T.,opt,nat,opt_nat,6,3,8,SH,coop,def,70
1815,2039,1,D.T.,opt,nat,opt_nat,7,7,15,SG,def,coop,70
1816,2039,1,D.T.,opt,nat,opt_nat,8,0,12,PD,def,def,70
1817,2039,1,D.T.,opt,nat,opt_nat,9,3,5,SH,coop,def,70
1818,2039,1,D.T.,opt,nat,opt_nat,10,7,12,SG,def,coop,70
1819,2039,1,D.T.,opt,nat,opt_nat,11,10,5,HG,coop,coop,70
1820,2039,1,D.T.,opt,nat,opt_nat,12,0,5,SH,coop,def,70
1821,2039,1,D.T.,opt,nat,opt_nat,13,7,5,HG,coop,coop,70
1822,2039,1,D.T.,opt,nat,opt_nat,14,3,12,PD,def,def,70
1823,2039,1,D.T.,opt,nat,opt_nat,15,10,15,SG,def,def,70
1824,2039,2,F.A.,pess,inv,pess_inv,0,10,8,HG,def,coop,70
1825,2039,2,F.A.,pess,inv,pess_inv,1,7,12,SG,def,coop,70
1826,2039,2,F.A.,pess,inv,pess_inv,2,0,12,PD,coop,def,70
1827,2039,2,F.A.,pess,inv,pess_inv,3,0,8,SH,coop,def,70
1828,2039,2,F.A.,pess,inv,pess_inv,4,3,8,SH,coop,coop,70
1829,2039,2,F.A.,pess,inv,pess_inv,5,3,15,PD,coop,def,70
1830,2039,2,F.A.,pess,inv,pess_inv,6,10,15,SG,def,def,70
1831,2039,2,F.A.,pess,inv,pess_inv,7,10,5,HG,def,coop,70
1832,2039,2,F.A.,pess,inv,pess_inv,8,3,12,PD,coop,def,70
1833,2039,2,F.A.,pess,inv,pess_inv,9,7,8,HG,def,coop,70
1834,2039,2,F.A.,pess,inv,pess_inv,10,10,12,SG,def,def,70
1835,2039,2,F.A.,pess,inv,pess_inv,11,0,5,SH,coop,def,70
1836,2039,2,F.A.,pess,inv,pess_inv,12,0,15,PD,coop,def,70
1837,2039,2,F.A.,pess,inv,pess_inv,13,7,15,SG,def,coop,70
1838,2039,2,F.A.,pess,inv,pess_inv,14,7,5,HG,def,coop,70
1839,2039,2,F.A.,pess,inv,pess_inv,15,3,5,SH,coop,def,70
1840,2039,3,G.P.,opt,inv,opt_inv,0,10,5,HG,def,coop,70
1841,2039,3,G.P.,opt,inv,opt_inv,1,7,12,SG,coop,def,70
1842,2039,3,G.P.,opt,inv,opt_inv,2,0,12,PD,coop,def,70
1843,2039,3,G.P.,opt,inv,opt_inv,3,3,8,SH,def,def,70
1844,2039,3,G.P.,opt,inv,opt_inv,4,10,12,SG,coop,def,70
1845,2039,3,G.P.,opt,inv,opt_inv,5,0,8,SH,def,def,70
1846,2039,3,G.P.,opt,inv,opt_inv,6,7,8,HG,def,def,70
1847,2039,3,G.P.,opt,inv,opt_inv,7,0,15,PD,coop,def,70
1848,2039,3,G.P.,opt,inv,opt_inv,8,7,5,HG,def,coop,70
1849,2039,3,G.P.,opt,inv,opt_inv,9,10,15,SG,coop,def,70
1850,2039,3,G.P.,opt,inv,opt_inv,10,3,5,SH,def,def,70
1851,2039,3,G.P.,opt,inv,opt_inv,11,3,15,PD,coop,def,70
1852,2039,3,G.P.,opt,inv,opt_inv,12,3,12,PD,coop,def,70
1853,2039,3,G.P.,opt,inv,opt_inv,13,0,5,SH,def,def,70
1854,2039,3,G.P.,opt,inv,opt_inv,14,7,15,SG,coop,coop,70
1855,2039,3,G.P.,opt,inv,opt_inv,15,10,8,HG,def,coop,70
1856,2040,0,G.P.,pess,nat,pess_nat,0,0,12,PD,def,coop,100
1857,2040,0,G.P.,pess,nat,pess_nat,1,7,5,HG,coop,coop,100
1858,2040,0,G.P.,pess,nat,pess_nat,2,10,12,SG,coop,def,80
1859,2040,0,G.P.,pess,nat,pess_nat,3,3,5,SH,def,def,80
1860,2040,0,G.P.,pess,nat,pess_nat,4,0,8,SH,def,coop,70
1861,2040,0,G.P.,pess,nat,pess_nat,5,0,15,PD,def,def,80
1862,2040,0,G.P.,pess,nat,pess_nat,6,10,5,HG,coop,coop,80
1863,2040,0,G.P.,pess,nat,pess_nat,7,7,12,SG,coop,coop,90
1864,2040,0,G.P.,pess,nat,pess_nat,8,3,15,PD,def,def,80
1865,2040,0,G.P.,pess,nat,pess_nat,9,10,15,SG,coop,coop,80
1866,2040,0,G.P.,pess,nat,pess_nat,10,7,8,HG,coop,coop,70
1867,2040,0,G.P.,pess,nat,pess_nat,11,0,5,SH,def,coop,70
1868,2040,0,G.P.,pess,nat,pess_nat,12,10,8,HG,coop,coop,80
1869,2040,0,G.P.,pess,nat,pess_nat,13,7,15,SG,coop,def,80
1870,2040,0,G.P.,pess,nat,pess_nat,14,3,8,SH,def,def,80
1871,2040,0,G.P.,pess,nat,pess_nat,15,3,12,PD,def,def,80
1872,2040,1,D.T.,opt,nat,opt_nat,0,7,5,HG,coop,coop,80
1873,2040,1,D.T.,opt,nat,opt_nat,1,3,5,SH,coop,coop,80
1874,2040,1,D.T.,opt,nat,opt_nat,2,7,12,SG,def,coop,80
1875,2040,1,D.T.,opt,nat,opt_nat,3,3,15,PD,def,def,80
1876,2040,1,D.T.,opt,nat,opt_nat,4,0,5,SH,coop,def,80
1877,2040,1,D.T.,opt,nat,opt_nat,5,0,15,PD,def,def,80
1878,2040,1,D.T.,opt,nat,opt_nat,6,7,15,SG,def,def,80
1879,2040,1,D.T.,opt,nat,opt_nat,7,10,8,HG,coop,coop,80
1880,2040,1,D.T.,opt,nat,opt_nat,8,10,12,SG,def,coop,80
1881,2040,1,D.T.,opt,nat,opt_nat,9,3,8,SH,coop,coop,80
1882,2040,1,D.T.,opt,nat,opt_nat,10,10,5,HG,coop,coop,80
1883,2040,1,D.T.,opt,nat,opt_nat,11,3,12,PD,def,coop,80
1884,2040,1,D.T.,opt,nat,opt_nat,12,10,15,SG,def,coop,80
1885,2040,1,D.T.,opt,nat,opt_nat,13,0,12,PD,def,coop,80
1886,2040,1,D.T.,opt,nat,opt_nat,14,0,8,SH,coop,coop,80
1887,2040,1,D.T.,opt,nat,opt_nat,15,7,8,HG,coop,coop,80
1888,2040,2,E.B.,opt,inv,opt_inv,0,0,8,SH,def,coop,80
1889,2040,2,E.B.,opt,inv,opt_inv,1,3,15,PD,coop,coop,80
1890,2040,2,E.B.,opt,inv,opt_inv,2,10,12,SG,coop,coop,80
1891,2040,2,E.B.,opt,inv,opt_inv,3,7,8,HG,def,coop,80
1892,2040,2,E.B.,opt,inv,opt_inv,4,10,8,HG,def,coop,80
1893,2040,2,E.B.,opt,inv,opt_inv,5,0,15,PD,coop,coop,80
1894,2040,2,E.B.,opt,inv,opt_inv,6,3,8,SH,def,coop,80
1895,2040,2,E.B.,opt,inv,opt_inv,7,7,15,SG,coop,coop,80
1896,2040,2,E.B.,opt,inv,opt_inv,8,0,12,PD,coop,coop,80
1897,2040,2,E.B.,opt,inv,opt_inv,9,3,5,SH,def,coop,80
1898,2040,2,E.B.,opt,inv,opt_inv,10,7,12,SG,coop,coop,80
1899,2040,2,E.B.,opt,inv,opt_inv,11,10,5,HG,def,coop,80
1900,2040,2,E.B.,opt,inv,opt_inv,12,0,5,SH,def,coop,80
1901,2040,2,E.B.,opt,inv,opt_inv,13,7,5,HG,def,coop,80
1902,2040,2,E.B.,opt,inv,opt_inv,14,3,12,PD,coop,coop,80
1903,2040,2,E.B.,opt,inv,opt_inv,15,10,15,SG,coop,coop,80
1904,2040,3,F.A.,pess,inv,pess_inv,0,0,12,PD,coop,def,80
1905,2040,3,F.A.,pess,inv,pess_inv,1,0,8,SH,coop,def,80
1906,2040,3,F.A.,pess,inv,pess_inv,2,7,15,SG,def,coop,80
1907,2040,3,F.A.,pess,inv,pess_inv,3,7,8,HG,def,coop,80
1908,2040,3,F.A.,pess,inv,pess_inv,4,3,12,PD,coop,def,80
1909,2040,3,F.A.,pess,inv,pess_inv,5,0,5,SH,coop,coop,80
1910,2040,3,F.A.,pess,inv,pess_inv,6,10,8,HG,def,coop,80
1911,2040,3,F.A.,pess,inv,pess_inv,7,10,15,SG,def,coop,80
1912,2040,3,F.A.,pess,inv,pess_inv,8,10,12,SG,def,coop,80
1913,2040,3,F.A.,pess,inv,pess_inv,9,0,15,PD,coop,coop,80
1914,2040,3,F.A.,pess,inv,pess_inv,10,10,5,HG,def,coop,80
1915,2040,3,F.A.,pess,inv,pess_inv,11,3,8,SH,coop,coop,80
1916,2040,3,F.A.,pess,inv,pess_inv,12,7,12,SG,def,coop,80
1917,2040,3,F.A.,pess,inv,pess_inv,13,3,15,PD,coop,def,80
1918,2040,3,F.A.,pess,inv,pess_inv,14,3,5,SH,coop,coop,80
1919,2040,3,F.A.,pess,inv,pess_inv,15,7,5,HG,def,coop,80
1920,2041,0,E.B.,pess,nat,pess_nat,0,7,15,SG,coop,coop,50
1921,2041,0,E.B.,pess,nat,pess_nat,1,0,12,PD,def,coop,50
1922,2041,0,E.B.,pess,nat,pess_nat,2,3,5,SH,def,coop,50
1923,2041,0,E.B.,pess,nat,pess_nat,3,7,5,HG,coop,coop,70
1924,2041,0,E.B.,pess,nat,pess_nat,4,3,12,PD,def,coop,50
1925,2041,0,E.B.,pess,nat,pess_nat,5,7,8,HG,coop,coop,50
1926,2041,0,E.B.,pess,nat,pess_nat,6,0,8,SH,def,coop,50
1927,2041,0,E.B.,pess,nat,pess_nat,7,10,15,SG,coop,coop,50
1928,2041,0,E.B.,pess,nat,pess_nat,8,10,12,SG,coop,coop,50
1929,2041,0,E.B.,pess,nat,pess_nat,9,0,15,PD,def,coop,50
1930,2041,0,E.B.,pess,nat,pess_nat,10,0,5,SH,def,coop,50
1931,2041,0,E.B.,pess,nat,pess_nat,11,10,8,HG,coop,coop,50
1932,2041,0,E.B.,pess,nat,pess_nat,12,7,12,SG,coop,coop,50
1933,2041,0,E.B.,pess,nat,pess_nat,13,3,8,SH,def,coop,50
1934,2041,0,E.B.,pess,nat,pess_nat,14,3,15,PD,def,coop,50
1935,2041,0,E.B.,pess,nat,pess_nat,15,10,5,HG,coop,coop,50
1936,2041,1,D.T.,opt,nat,opt_nat,0,10,5,HG,coop,coop,50
1937,2041,1,D.T.,opt,nat,opt_nat,1,0,15,PD,def,coop,50
1938,2041,1,D.T.,opt,nat,opt_nat,2,7,12,SG,def,coop,50
1939,2041,1,D.T.,opt,nat,opt_nat,3,0,8,SH,coop,coop,50
1940,2041,1,D.T.,opt,nat,opt_nat,4,0,5,SH,coop,coop,50
1941,2041,1,D.T.,opt,nat,opt_nat,5,10,15,SG,def,coop,50
1942,2041,1,D.T.,opt,nat,opt_nat,6,7,5,HG,coop,coop,50
1943,2041,1,D.T.,opt,nat,opt_nat,7,0,12,PD,def,coop,50
1944,2041,1,D.T.,opt,nat,opt_nat,8,10,8,HG,coop,coop,50
1945,2041,1,D.T.,opt,nat,opt_nat,9,3,15,PD,def,coop,50
1946,2041,1,D.T.,opt,nat,opt_nat,10,3,8,SH,coop,coop,50
1947,2041,1,D.T.,opt,nat,opt_nat,11,10,12,SG,def,coop,50
1948,2041,1,D.T.,opt,nat,opt_nat,12,3,12,PD,def,coop,50
1949,2041,1,D.T.,opt,nat,opt_nat,13,7,15,SG,def,coop,50
1950,2041,1,D.T.,opt,nat,opt_nat,14,7,8,HG,coop,coop,50
1951,2041,1,D.T.,opt,nat,opt_nat,15,3,5,SH,coop,coop,50
1952,2041,2,G.P.,pess,inv,pess_inv,0,0,5,SH,coop,coop,50
1953,2041,2,G.P.,pess,inv,pess_inv,1,10,5,HG,def,coop,50
1954,2041,2,G.P.,pess,inv,pess_inv,2,3,15,PD,coop,coop,50
1955,2041,2,G.P.,pess,inv,pess_inv,3,7,12,SG,def,coop,50
1956,2041,2,G.P.,pess,inv,pess_inv,4,10,8,HG,def,coop,50
1957,2041,2,G.P.,pess,inv,pess_inv,5,0,15,PD,coop,coop,50
1958,2041,2,G.P.,pess,inv,pess_inv,6,3,5,SH,coop,coop,50
1959,2041,2,G.P.,pess,inv,pess_inv,7,7,15,SG,def,coop,50
1960,2041,2,G.P.,pess,inv,pess_inv,8,3,12,PD,coop,coop,50
1961,2041,2,G.P.,pess,inv,pess_inv,9,10,12,SG,def,coop,50
1962,2041,2,G.P.,pess,inv,pess_inv,10,7,8,HG,def,coop,50
1963,2041,2,G.P.,pess,inv,pess_inv,11,3,8,SH,coop,coop,50
1964,2041,2,G.P.,pess,inv,pess_inv,12,0,12,PD,coop,coop,50
1965,2041,2,G.P.,pess,inv,pess_inv,13,0,8,SH,coop,coop,50
1966,2041,2,G.P.,pess,inv,pess_inv,14,10,15,SG,def,coop,50
1967,2041,2,G.P.,pess,inv,pess_inv,15,7,5,HG,def,coop,50
1968,2041,3,F.A.,opt,inv,opt_inv,0,0,8,SH,def,coop,50
1969,2041,3,F.A.,opt,inv,opt_inv,1,7,5,HG,def,coop,50
1970,2041,3,F.A.,opt,inv,opt_inv,2,10,15,SG,coop,coop,50
1971,2041,3,F.A.,opt,inv,opt_inv,3,3,12,PD,coop,coop,50
1972,2041,3,F.A.,opt,inv,opt_inv,4,7,15,SG,coop,coop,50
1973,2041,3,F.A.,opt,inv,opt_inv,5,7,8,HG,def,coop,50
1974,2041,3,F.A.,opt,inv,opt_inv,6,3,5,SH,def,coop,50
1975,2041,3,F.A.,opt,inv,opt_inv,7,3,15,PD,coop,coop,50
1976,2041,3,F.A.,opt,inv,opt_inv,8,0,15,PD,coop,coop,50
1977,2041,3,F.A.,opt,inv,opt_inv,9,10,8,HG,def,coop,50
1978,2041,3,F.A.,opt,inv,opt_inv,10,10,12,SG,coop,coop,50
1979,2041,3,F.A.,opt,inv,opt_inv,11,0,5,SH,def,coop,50
1980,2041,3,F.A.,opt,inv,opt_inv,12,0,12,PD,coop,coop,50
1981,2041,3,F.A.,opt,inv,opt_inv,13,3,8,SH,def,coop,50
1982,2041,3,F.A.,opt,inv,opt_inv,14,10,5,HG,def,coop,50
1983,2041,3,F.A.,opt,inv,opt_inv,15,7,12,SG,coop,coop,50
1984,2042,0,G.P.,opt,nat,opt_nat,0,7,15,SG,def,coop,60
1985,2042,0,G.P.,opt,nat,opt_nat,1,0,12,PD,def,def,70
1986,2042,0,G.P.,opt,nat,opt_nat,2,3,5,SH,coop,def,80
1987,2042,0,G.P.,opt,nat,opt_nat,3,7,5,HG,coop,def,50
1988,2042,0,G.P.,opt,nat,opt_nat,4,3,12,PD,def,def,70
1989,2042,0,G.P.,opt,nat,opt_nat,5,7,8,HG,coop,def,60
1990,2042,0,G.P.,opt,nat,opt_nat,6,0,8,SH,coop,def,60
1991,2042,0,G.P.,opt,nat,opt_nat,7,10,15,SG,def,def,70
1992,2042,0,G.P.,opt,nat,opt_nat,8,10,12,SG,def,def,60
1993,2042,0,G.P.,opt,nat,opt_nat,9,0,15,PD,def,def,70
1994,2042,0,G.P.,opt,nat,opt_nat,10,0,5,SH,coop,def,60
1995,2042,0,G.P.,opt,nat,opt_nat,11,10,8,HG,coop,coop,60
1996,2042,0,G.P.,opt,nat,opt_nat,12,7,12,SG,def,def,70
1997,2042,0,G.P.,opt,nat,opt_nat,13,3,8,SH,coop,def,60
1998,2042,0,G.P.,opt,nat,opt_nat,14,3,15,PD,def,def,60
1999,2042,0,G.P.,opt,nat,opt_nat,15,10,5,HG,coop,coop,60
2000,2042,1,F.A.,pess,nat,pess_nat,0,10,5,HG,coop,coop,60
2001,2042,1,F.A.,pess,nat,pess_nat,1,0,15,PD,def,def,60
2002,2042,1,F.A.,pess,nat,pess_nat,2,7,12,SG,coop,def,60
2003,2042,1,F.A.,pess,nat,pess_nat,3,0,8,SH,def,def,60
2004,2042,1,F.A.,pess,nat,pess_nat,4,0,5,SH,def,def,60
2005,2042,1,F.A.,pess,nat,pess_nat,5,10,15,SG,coop,def,60
2006,2042,1,F.A.,pess,nat,pess_nat,6,7,5,HG,coop,coop,60
2007,2042,1,F.A.,pess,nat,pess_nat,7,0,12,PD,def,def,60
2008,2042,1,F.A.,pess,nat,pess_nat,8,10,8,HG,coop,coop,60
2009,2042,1,F.A.,pess,nat,pess_nat,9,3,15,PD,def,def,60
2010,2042,1,F.A.,pess,nat,pess_nat,10,3,8,SH,def,def,60
2011,2042,1,F.A.,pess,nat,pess_nat,11,10,12,SG,coop,def,60
2012,2042,1,F.A.,pess,nat,pess_nat,12,3,12,PD,def,def,60
2013,2042,1,F.A.,pess,nat,pess_nat,13,7,15,SG,coop,def,60
2014,2042,1,F.A.,pess,nat,pess_nat,14,7,8,HG,coop,coop,60
2015,2042,1,F.A.,pess,nat,pess_nat,15,3,5,SH,def,coop,60
2016,2042,2,D.T.,opt,inv,opt_inv,0,0,12,PD,coop,def,60
2017,2042,2,D.T.,opt,inv,opt_inv,1,0,8,SH,def,def,60
2018,2042,2,D.T.,opt,inv,opt_inv,2,7,15,SG,coop,def,60
2019,2042,2,D.T.,opt,inv,opt_inv,3,7,8,HG,def,def,60
2020,2042,2,D.T.,opt,inv,opt_inv,4,3,12,PD,coop,def,60
2021,2042,2,D.T.,opt,inv,opt_inv,5,0,5,SH,def,def,60
2022,2042,2,D.T.,opt,inv,opt_inv,6,10,8,HG,def,coop,60
2023,2042,2,D.T.,opt,inv,opt_inv,7,10,15,SG,coop,def,60
2024,2042,2,D.T.,opt,inv,opt_inv,8,10,12,SG,coop,coop,60
2025,2042,2,D.T.,opt,inv,opt_inv,9,0,15,PD,coop,def,60
2026,2042,2,D.T.,opt,inv,opt_inv,10,10,5,HG,def,coop,60
2027,2042,2,D.T.,opt,inv,opt_inv,11,3,8,SH,def,coop,60
2028,2042,2,D.T.,opt,inv,opt_inv,12,7,12,SG,coop,def,60
2029,2042,2,D.T.,opt,inv,opt_inv,13,3,15,PD,coop,def,60
2030,2042,2,D.T.,opt,inv,opt_inv,14,3,5,SH,def,def,60
2031,2042,2,D.T.,opt,inv,opt_inv,15,7,5,HG,def,coop,60
2032,2042,3,E.B.,pess,inv,pess_inv,0,7,5,HG,def,coop,60
2033,2042,3,E.B.,pess,inv,pess_inv,1,3,5,SH,coop,def,60
2034,2042,3,E.B.,pess,inv,pess_inv,2,7,12,SG,def,def,60
2035,2042,3,E.B.,pess,inv,pess_inv,3,3,15,PD,coop,def,60
2036,2042,3,E.B.,pess,inv,pess_inv,4,0,5,SH,coop,def,60
2037,2042,3,E.B.,pess,inv,pess_inv,5,0,15,PD,coop,def,60
2038,2042,3,E.B.,pess,inv,pess_inv,6,7,15,SG,def,def,60
2039,2042,3,E.B.,pess,inv,pess_inv,7,10,8,HG,def,coop,60
2040,2042,3,E.B.,pess,inv,pess_inv,8,10,12,SG,def,coop,60
2041,2042,3,E.B.,pess,inv,pess_inv,9,3,8,SH,coop,def,60
2042,2042,3,E.B.,pess,inv,pess_inv,10,10,5,HG,def,coop,60
2043,2042,3,E.B.,pess,inv,pess_inv,11,3,12,PD,coop,def,60
2044,2042,3,E.B.,pess,inv,pess_inv,12,10,15,SG,def,def,60
2045,2042,3,E.B.,pess,inv,pess_inv,13,0,12,PD,coop,def,60
2046,2042,3,E.B.,pess,inv,pess_inv,14,0,8,SH,coop,def,60
2047,2042,3,E.B.,pess,inv,pess_inv,15,7,8,HG,def,coop,60
2048,2044,0,D.T.,pess,nat,pess_nat,0,7,5,HG,coop,coop,50
2049,2044,0,D.T.,pess,nat,pess_nat,1,3,5,SH,def,coop,60
2050,2044,0,D.T.,pess,nat,pess_nat,2,7,12,SG,coop,coop,60
2051,2044,0,D.T.,pess,nat,pess_nat,3,3,15,PD,def,def,80
2052,2044,0,D.T.,pess,nat,pess_nat,4,0,5,SH,def,def,70
2053,2044,0,D.T.,pess,nat,pess_nat,5,0,15,PD,def,coop,70
2054,2044,0,D.T.,pess,nat,pess_nat,6,7,15,SG,coop,def,50
2055,2044,0,D.T.,pess,nat,pess_nat,7,10,8,HG,coop,coop,80
2056,2044,0,D.T.,pess,nat,pess_nat,8,10,12,SG,coop,coop,50
2057,2044,0,D.T.,pess,nat,pess_nat,9,3,8,SH,def,coop,60
2058,2044,0,D.T.,pess,nat,pess_nat,10,10,5,HG,coop,coop,80
2059,2044,0,D.T.,pess,nat,pess_nat,11,3,12,PD,def,coop,50
2060,2044,0,D.T.,pess,nat,pess_nat,12,10,15,SG,coop,coop,40
2061,2044,0,D.T.,pess,nat,pess_nat,13,0,12,PD,def,def,50
2062,2044,0,D.T.,pess,nat,pess_nat,14,0,8,SH,def,def,80
2063,2044,0,D.T.,pess,nat,pess_nat,15,7,8,HG,coop,coop,70
2064,2044,1,F.A.,opt,nat,opt_nat,0,0,12,PD,def,def,80
2065,2044,1,F.A.,opt,nat,opt_nat,1,0,8,SH,coop,def,80
2066,2044,1,F.A.,opt,nat,opt_nat,2,7,15,SG,def,coop,60
2067,2044,1,F.A.,opt,nat,opt_nat,3,7,8,HG,coop,coop,60
2068,2044,1,F.A.,opt,nat,opt_nat,4,3,12,PD,def,def,60
2069,2044,1,F.A.,opt,nat,opt_nat,5,0,5,SH,coop,coop,70
2070,2044,1,F.A.,opt,nat,opt_nat,6,10,8,HG,coop,coop,80
2071,2044,1,F.A.,opt,nat,opt_nat,7,10,15,SG,def,coop,60
2072,2044,1,F.A.,opt,nat,opt_nat,8,10,12,SG,def,coop,60
2073,2044,1,F.A.,opt,nat,opt_nat,9,0,15,PD,def,def,80
2074,2044,1,F.A.,opt,nat,opt_nat,10,10,5,HG,coop,coop,80
2075,2044,1,F.A.,opt,nat,opt_nat,11,3,8,SH,coop,coop,60
2076,2044,1,F.A.,opt,nat,opt_nat,12,7,12,SG,def,coop,60
2077,2044,1,F.A.,opt,nat,opt_nat,13,3,15,PD,def,def,60
2078,2044,1,F.A.,opt,nat,opt_nat,14,3,5,SH,coop,coop,60
2079,2044,1,F.A.,opt,nat,opt_nat,15,7,5,HG,coop,coop,60
2080,2044,2,E.B.,pess,inv,pess_inv,0,7,15,SG,def,coop,60
2081,2044,2,E.B.,pess,inv,pess_inv,1,0,12,PD,coop,def,60
2082,2044,2,E.B.,pess,inv,pess_inv,2,3,5,SH,coop,coop,60
2083,2044,2,E.B.,pess,inv,pess_inv,3,7,5,HG,def,coop,60
2084,2044,2,E.B.,pess,inv,pess_inv,4,3,12,PD,coop,def,60
2085,2044,2,E.B.,pess,inv,pess_inv,5,7,8,HG,def,coop,60
2086,2044,2,E.B.,pess,inv,pess_inv,6,0,8,SH,coop,coop,60
2087,2044,2,E.B.,pess,inv,pess_inv,7,10,15,SG,def,coop,60
2088,2044,2,E.B.,pess,inv,pess_inv,8,10,12,SG,def,coop,60
2089,2044,2,E.B.,pess,inv,pess_inv,9,0,15,PD,coop,def,60
2090,2044,2,E.B.,pess,inv,pess_inv,10,0,5,SH,coop,coop,60
2091,2044,2,E.B.,pess,inv,pess_inv,11,10,8,HG,def,coop,60
2092,2044,2,E.B.,pess,inv,pess_inv,12,7,12,SG,def,def,60
2093,2044,2,E.B.,pess,inv,pess_inv,13,3,8,SH,coop,def,60
2094,2044,2,E.B.,pess,inv,pess_inv,14,3,15,PD,coop,def,60
2095,2044,2,E.B.,pess,inv,pess_inv,15,10,5,HG,def,coop,60
2096,2044,3,G.P.,opt,inv,opt_inv,0,7,15,SG,coop,coop,60
2097,2044,3,G.P.,opt,inv,opt_inv,1,7,5,HG,def,coop,60
2098,2044,3,G.P.,opt,inv,opt_inv,2,3,8,SH,def,def,60
2099,2044,3,G.P.,opt,inv,opt_inv,3,0,12,PD,coop,def,60
2100,2044,3,G.P.,opt,inv,opt_inv,4,7,8,HG,def,coop,60
2101,2044,3,G.P.,opt,inv,opt_inv,5,0,8,SH,def,def,60
2102,2044,3,G.P.,opt,inv,opt_inv,6,10,15,SG,coop,coop,60
2103,2044,3,G.P.,opt,inv,opt_inv,7,0,15,PD,coop,def,60
2104,2044,3,G.P.,opt,inv,opt_inv,8,10,5,HG,def,coop,60
2105,2044,3,G.P.,opt,inv,opt_inv,9,3,5,SH,def,coop,60
2106,2044,3,G.P.,opt,inv,opt_inv,10,3,15,PD,coop,def,60
2107,2044,3,G.P.,opt,inv,opt_inv,11,10,12,SG,coop,coop,60
2108,2044,3,G.P.,opt,inv,opt_inv,12,0,5,SH,def,coop,60
2109,2044,3,G.P.,opt,inv,opt_inv,13,3,12,PD,coop,def,60
2110,2044,3,G.P.,opt,inv,opt_inv,14,7,12,SG,coop,coop,60
2111,2044,3,G.P.,opt,inv,opt_inv,15,10,8,HG,def,coop,60
2112,2045,0,G.P.,opt,nat,opt_nat,0,7,5,HG,coop,coop,70
2113,2045,0,G.P.,opt,nat,opt_nat,1,3,5,SH,coop,coop,70
2114,2045,0,G.P.,opt,nat,opt_nat,2,7,12,SG,def,def,60
2115,2045,0,G.P.,opt,nat,opt_nat,3,3,15,PD,def,def,60
2116,2045,0,G.P.,opt,nat,opt_nat,4,0,5,SH,coop,def,60
2117,2045,0,G.P.,opt,nat,opt_nat,5,0,15,PD,def,def,60
2118,2045,0,G.P.,opt,nat,opt_nat,6,7,15,SG,def,def,60
2119,2045,0,G.P.,opt,nat,opt_nat,7,10,8,HG,coop,def,60
2120,2045,0,G.P.,opt,nat,opt_nat,8,10,12,SG,def,coop,60
2121,2045,0,G.P.,opt,nat,opt_nat,9,3,8,SH,coop,def,60
2122,2045,0,G.P.,opt,nat,opt_nat,10,10,5,HG,coop,def,60
2123,2045,0,G.P.,opt,nat,opt_nat,11,3,12,PD,def,def,60
2124,2045,0,G.P.,opt,nat,opt_nat,12,10,15,SG,def,def,60
2125,2045,0,G.P.,opt,nat,opt_nat,13,0,12,PD,def,def,60
2126,2045,0,G.P.,opt,nat,opt_nat,14,0,8,SH,coop,def,60
2127,2045,0,G.P.,opt,nat,opt_nat,15,7,8,HG,coop,coop,60
2128,2045,1,F.A.,pess,nat,pess_nat,0,0,5,SH,def,def,60
2129,2045,1,F.A.,pess,nat,pess_nat,1,10,5,HG,coop,coop,60
2130,2045,1,F.A.,pess,nat,pess_nat,2,3,15,PD,def,def,60
2131,2045,1,F.A.,pess,nat,pess_nat,3,7,12,SG,coop,def,60
2132,2045,1,F.A.,pess,nat,pess_nat,4,10,8,HG,coop,def,60
2133,2045,1,F.A.,pess,nat,pess_nat,5,0,15,PD,def,def,60
2134,2045,1,F.A.,pess,nat,pess_nat,6,3,5,SH,def,coop,60
2135,2045,1,F.A.,pess,nat,pess_nat,7,7,15,SG,coop,def,60
2136,2045,1,F.A.,pess,nat,pess_nat,8,3,12,PD,def,def,60
2137,2045,1,F.A.,pess,nat,pess_nat,9,10,12,SG,coop,coop,60
2138,2045,1,F.A.,pess,nat,pess_nat,10,7,8,HG,coop,def,60
2139,2045,1,F.A.,pess,nat,pess_nat,11,3,8,SH,def,def,60
2140,2045,1,F.A.,pess,nat,pess_nat,12,0,12,PD,def,def,60
2141,2045,1,F.A.,pess,nat,pess_nat,13,0,8,SH,def,def,60
2142,2045,1,F.A.,pess,nat,pess_nat,14,10,15,SG,coop,def,60
2143,2045,1,F.A.,pess,nat,pess_nat,15,7,5,HG,coop,coop,60
2144,2045,2,D.T.,opt,inv,opt_inv,0,0,8,SH,def,def,60
2145,2045,2,D.T.,opt,inv,opt_inv,1,7,5,HG,def,coop,60
2146,2045,2,D.T.,opt,inv,opt_inv,2,10,15,SG,coop,def,60
2147,2045,2,D.T.,opt,inv,opt_inv,3,3,12,PD,coop,def,60
2148,2045,2,D.T.,opt,inv,opt_inv,4,7,15,SG,coop,def,60
2149,2045,2,D.T.,opt,inv,opt_inv,5,7,8,HG,def,coop,60
2150,2045,2,D.T.,opt,inv,opt_inv,6,3,5,SH,def,def,60
2151,2045,2,D.T.,opt,inv,opt_inv,7,3,15,PD,coop,def,60
2152,2045,2,D.T.,opt,inv,opt_inv,8,0,15,PD,coop,def,60
2153,2045,2,D.T.,opt,inv,opt_inv,9,10,8,HG,def,coop,60
2154,2045,2,D.T.,opt,inv,opt_inv,10,10,12,SG,coop,def,60
2155,2045,2,D.T.,opt,inv,opt_inv,11,0,5,SH,def,def,60
2156,2045,2,D.T.,opt,inv,opt_inv,12,0,12,PD,coop,def,60
2157,2045,2,D.T.,opt,inv,opt_inv,13,3,8,SH,def,coop,60
2158,2045,2,D.T.,opt,inv,opt_inv,14,10,5,HG,def,coop,60
2159,2045,2,D.T.,opt,inv,opt_inv,15,7,12,SG,coop,def,60
2160,2045,3,E.B.,pess,inv,pess_inv,0,3,5,SH,coop,coop,60
2161,2045,3,E.B.,pess,inv,pess_inv,1,0,15,PD,coop,def,60
2162,2045,3,E.B.,pess,inv,pess_inv,2,7,8,HG,def,coop,60
2163,2045,3,E.B.,pess,inv,pess_inv,3,10,12,SG,def,def,60
2164,2045,3,E.B.,pess,inv,pess_inv,4,7,12,SG,def,def,60
2165,2045,3,E.B.,pess,inv,pess_inv,5,10,8,HG,def,coop,60
2166,2045,3,E.B.,pess,inv,pess_inv,6,0,5,SH,coop,def,60
2167,2045,3,E.B.,pess,inv,pess_inv,7,0,12,PD,coop,def,60
2168,2045,3,E.B.,pess,inv,pess_inv,8,7,5,HG,def,coop,60
2169,2045,3,E.B.,pess,inv,pess_inv,9,3,8,SH,coop,def,60
2170,2045,3,E.B.,pess,inv,pess_inv,10,3,12,PD,coop,def,60
2171,2045,3,E.B.,pess,inv,pess_inv,11,7,15,SG,def,def,60
2172,2045,3,E.B.,pess,inv,pess_inv,12,3,15,PD,coop,def,60
2173,2045,3,E.B.,pess,inv,pess_inv,13,10,5,HG,def,coop,60
2174,2045,3,E.B.,pess,inv,pess_inv,14,10,15,SG,def,def,60
2175,2045,3,E.B.,pess,inv,pess_inv,15,0,8,SH,coop,def,60
2176,2046,0,E.B.,opt,nat,opt_nat,0,0,5,SH,coop,coop,60
2177,2046,0,E.B.,opt,nat,opt_nat,1,10,5,HG,coop,coop,70
2178,2046,0,E.B.,opt,nat,opt_nat,2,3,15,PD,def,coop,80
2179,2046,0,E.B.,opt,nat,opt_nat,3,7,12,SG,def,coop,60
2180,2046,0,E.B.,opt,nat,opt_nat,4,10,8,HG,coop,coop,60
2181,2046,0,E.B.,opt,nat,opt_nat,5,0,15,PD,def,coop,50
2182,2046,0,E.B.,opt,nat,opt_nat,6,3,5,SH,coop,coop,70
2183,2046,0,E.B.,opt,nat,opt_nat,7,7,15,SG,def,coop,70
2184,2046,0,E.B.,opt,nat,opt_nat,8,3,12,PD,def,coop,80
2185,2046,0,E.B.,opt,nat,opt_nat,9,10,12,SG,def,coop,70
2186,2046,0,E.B.,opt,nat,opt_nat,10,7,8,HG,coop,coop,70
2187,2046,0,E.B.,opt,nat,opt_nat,11,3,8,SH,coop,coop,70
2188,2046,0,E.B.,opt,nat,opt_nat,12,0,12,PD,def,coop,70
2189,2046,0,E.B.,opt,nat,opt_nat,13,0,8,SH,coop,coop,70
2190,2046,0,E.B.,opt,nat,opt_nat,14,10,15,SG,def,coop,70
2191,2046,0,E.B.,opt,nat,opt_nat,15,7,5,HG,coop,coop,70
2192,2046,1,F.A.,pess,nat,pess_nat,0,10,12,SG,coop,coop,70
2193,2046,1,F.A.,pess,nat,pess_nat,1,0,12,PD,def,coop,70
2194,2046,1,F.A.,pess,nat,pess_nat,2,3,5,SH,def,coop,70
2195,2046,1,F.A.,pess,nat,pess_nat,3,7,8,HG,coop,coop,70
2196,2046,1,F.A.,pess,nat,pess_nat,4,10,5,HG,coop,coop,70
2197,2046,1,F.A.,pess,nat,pess_nat,5,3,12,PD,def,coop,70
2198,2046,1,F.A.,pess,nat,pess_nat,6,3,8,SH,def,coop,70
2199,2046,1,F.A.,pess,nat,pess_nat,7,10,15,SG,coop,coop,70
2200,2046,1,F.A.,pess,nat,pess_nat,8,0,15,PD,def,coop,70
2201,2046,1,F.A.,pess,nat,pess_nat,9,7,12,SG,coop,coop,70
2202,2046,1,F.A.,pess,nat,pess_nat,10,0,5,SH,def,coop,70
2203,2046,1,F.A.,pess,nat,pess_nat,11,7,5,HG,coop,coop,70
2204,2046,1,F.A.,pess,nat,pess_nat,12,10,8,HG,coop,coop,70
2205,2046,1,F.A.,pess,nat,pess_nat,13,0,8,SH,def,coop,70
2206,2046,1,F.A.,pess,nat,pess_nat,14,7,15,SG,coop,coop,70
2207,2046,1,F.A.,pess,nat,pess_nat,15,3,15,PD,def,coop,70
2208,2046,2,D.T.,pess,inv,pess_inv,0,7,15,SG,def,coop,70
2209,2046,2,D.T.,pess,inv,pess_inv,1,3,15,PD,coop,coop,70
2210,2046,2,D.T.,pess,inv,pess_inv,2,3,8,SH,coop,coop,70
2211,2046,2,D.T.,pess,inv,pess_inv,3,7,5,HG,def,coop,70
2212,2046,2,D.T.,pess,inv,pess_inv,4,10,15,SG,def,coop,70
2213,2046,2,D.T.,pess,inv,pess_inv,5,7,8,HG,def,coop,70
2214,2046,2,D.T.,pess,inv,pess_inv,6,0,5,SH,coop,coop,70
2215,2046,2,D.T.,pess,inv,pess_inv,7,0,12,PD,coop,coop,70
2216,2046,2,D.T.,pess,inv,pess_inv,8,3,12,PD,coop,coop,70
2217,2046,2,D.T.,pess,inv,pess_inv,9,7,12,SG,def,coop,70
2218,2046,2,D.T.,pess,inv,pess_inv,10,10,8,HG,def,coop,70
2219,2046,2,D.T.,pess,inv,pess_inv,11,3,5,SH,coop,coop,70
2220,2046,2,D.T.,pess,inv,pess_inv,12,10,12,SG,def,coop,70
2221,2046,2,D.T.,pess,inv,pess_inv,13,0,15,PD,coop,coop,70
2222,2046,2,D.T.,pess,inv,pess_inv,14,10,5,HG,def,coop,70
2223,2046,2,D.T.,pess,inv,pess_inv,15,0,8,SH,coop,coop,70
2224,2046,3,G.P.,opt,inv,opt_inv,0,3,12,PD,coop,coop,70
2225,2046,3,G.P.,opt,inv,opt_inv,1,7,8,HG,def,coop,70
2226,2046,3,G.P.,opt,inv,opt_inv,2,3,8,SH,def,coop,70
2227,2046,3,G.P.,opt,inv,opt_inv,3,7,12,SG,coop,coop,70
2228,2046,3,G.P.,opt,inv,opt_inv,4,0,15,PD,coop,coop,70
2229,2046,3,G.P.,opt,inv,opt_inv,5,0,8,SH,def,coop,70
2230,2046,3,G.P.,opt,inv,opt_inv,6,7,15,SG,coop,coop,70
2231,2046,3,G.P.,opt,inv,opt_inv,7,7,5,HG,def,coop,70
2232,2046,3,G.P.,opt,inv,opt_inv,8,3,15,PD,coop,coop,70
2233,2046,3,G.P.,opt,inv,opt_inv,9,0,5,SH,def,coop,70
2234,2046,3,G.P.,opt,inv,opt_inv,10,10,5,HG,def,coop,70
2235,2046,3,G.P.,opt,inv,opt_inv,11,10,15,SG,coop,coop,70
2236,2046,3,G.P.,opt,inv,opt_inv,12,10,12,SG,coop,coop,70
2237,2046,3,G.P.,opt,inv,opt_inv,13,0,12,PD,coop,coop,70
2238,2046,3,G.P.,opt,inv,opt_inv,14,3,5,SH,def,coop,70
2239,2046,3,G.P.,opt,inv,opt_inv,15,10,8,HG,def,coop,70
2240,2047,0,D.T.,pess,nat,pess_nat,0,10,8,HG,coop,coop,60
2241,2047,0,D.T.,pess,nat,pess_nat,1,7,12,SG,coop,coop,80
2242,2047,0,D.T.,pess,nat,pess_nat,2,0,12,PD,def,coop,90
2243,2047,0,D.T.,pess,nat,pess_nat,3,0,8,SH,def,coop,80
2244,2047,0,D.T.,pess,nat,pess_nat,4,3,8,SH,def,coop,80
2245,2047,0,D.T.,pess,nat,pess_nat,5,3,15,PD,def,coop,70
2246,2047,0,D.T.,pess,nat,pess_nat,6,10,15,SG,coop,coop,70
2247,2047,0,D.T.,pess,nat,pess_nat,7,10,5,HG,coop,coop,70
2248,2047,0,D.T.,pess,nat,pess_nat,8,3,12,PD,def,coop,70
2249,2047,0,D.T.,pess,nat,pess_nat,9,7,8,HG,coop,coop,70
2250,2047,0,D.T.,pess,nat,pess_nat,10,10,12,SG,coop,coop,70
2251,2047,0,D.T.,pess,nat,pess_nat,11,0,5,SH,def,coop,70
2252,2047,0,D.T.,pess,nat,pess_nat,12,0,15,PD,def,coop,70
2253,2047,0,D.T.,pess,nat,pess_nat,13,7,15,SG,coop,coop,70
2254,2047,0,D.T.,pess,nat,pess_nat,14,7,5,HG,coop,coop,70
2255,2047,0,D.T.,pess,nat,pess_nat,15,3,5,SH,def,coop,70
2256,2047,1,E.B.,opt,nat,opt_nat,0,7,15,SG,def,def,70
2257,2047,1,E.B.,opt,nat,opt_nat,1,3,15,PD,def,def,70
2258,2047,1,E.B.,opt,nat,opt_nat,2,3,8,SH,coop,coop,70
2259,2047,1,E.B.,opt,nat,opt_nat,3,7,5,HG,coop,coop,70
2260,2047,1,E.B.,opt,nat,opt_nat,4,10,15,SG,def,coop,70
2261,2047,1,E.B.,opt,nat,opt_nat,5,7,8,HG,coop,coop,70
2262,2047,1,E.B.,opt,nat,opt_nat,6,0,5,SH,coop,coop,70
2263,2047,1,E.B.,opt,nat,opt_nat,7,0,12,PD,def,coop,70
2264,2047,1,E.B.,opt,nat,opt_nat,8,3,12,PD,def,coop,70
2265,2047,1,E.B.,opt,nat,opt_nat,9,7,12,SG,def,coop,70
2266,2047,1,E.B.,opt,nat,opt_nat,10,10,8,HG,coop,coop,70
2267,2047,1,E.B.,opt,nat,opt_nat,11,3,5,SH,coop,coop,70
2268,2047,1,E.B.,opt,nat,opt_nat,12,10,12,SG,def,coop,70
2269,2047,1,E.B.,opt,nat,opt_nat,13,0,15,PD,def,coop,70
2270,2047,1,E.B.,opt,nat,opt_nat,14,10,5,HG,coop,coop,70
2271,2047,1,E.B.,opt,nat,opt_nat,15,0,8,SH,coop,coop,70
2272,2047,2,F.A.,opt,inv,opt_inv,0,10,8,HG,def,coop,70
2273,2047,2,F.A.,opt,inv,opt_inv,1,3,5,SH,def,coop,70
2274,2047,2,F.A.,opt,inv,opt_inv,2,7,12,SG,coop,coop,70
2275,2047,2,F.A.,opt,inv,opt_inv,3,3,12,PD,coop,coop,70
2276,2047,2,F.A.,opt,inv,opt_inv,4,7,5,HG,def,coop,70
2277,2047,2,F.A.,opt,inv,opt_inv,5,10,15,SG,coop,coop,70
2278,2047,2,F.A.,opt,inv,opt_inv,6,0,12,PD,coop,coop,70
2279,2047,2,F.A.,opt,inv,opt_inv,7,0,5,SH,def,coop,70
2280,2047,2,F.A.,opt,inv,opt_inv,8,10,5,HG,def,coop,70
2281,2047,2,F.A.,opt,inv,opt_inv,9,3,8,SH,def,coop,70
2282,2047,2,F.A.,opt,inv,opt_inv,10,7,15,SG,coop,coop,70
2283,2047,2,F.A.,opt,inv,opt_inv,11,3,15,PD,coop,coop,70
2284,2047,2,F.A.,opt,inv,opt_inv,12,0,15,PD,coop,coop,70
2285,2047,2,F.A.,opt,inv,opt_inv,13,0,8,SH,def,coop,70
2286,2047,2,F.A.,opt,inv,opt_inv,14,10,12,SG,coop,coop,70
2287,2047,2,F.A.,opt,inv,opt_inv,15,7,8,HG,def,coop,70
2288,2047,3,G.P.,pess,inv,pess_inv,0,7,15,SG,def,coop,70
2289,2047,3,G.P.,pess,inv,pess_inv,1,7,5,HG,def,coop,70
2290,2047,3,G.P.,pess,inv,pess_inv,2,3,8,SH,coop,coop,70
2291,2047,3,G.P.,pess,inv,pess_inv,3,0,12,PD,coop,coop,70
2292,2047,3,G.P.,pess,inv,pess_inv,4,7,8,HG,def,coop,70
2293,2047,3,G.P.,pess,inv,pess_inv,5,0,8,SH,coop,coop,70
2294,2047,3,G.P.,pess,inv,pess_inv,6,10,15,SG,def,coop,70
2295,2047,3,G.P.,pess,inv,pess_inv,7,0,15,PD,coop,coop,70
2296,2047,3,G.P.,pess,inv,pess_inv,8,10,5,HG,def,coop,70
2297,2047,3,G.P.,pess,inv,pess_inv,9,3,5,SH,coop,coop,70
2298,2047,3,G.P.,pess,inv,pess_inv,10,3,15,PD,coop,coop,70
2299,2047,3,G.P.,pess,inv,pess_inv,11,10,12,SG,def,coop,70
2300,2047,3,G.P.,pess,inv,pess_inv,12,0,5,SH,coop,coop,70
2301,2047,3,G.P.,pess,inv,pess_inv,13,3,12,PD,coop,coop,70
2302,2047,3,G.P.,pess,inv,pess_inv,14,7,12,SG,def,coop,70
2303,2047,3,G.P.,pess,inv,pess_inv,15,10,8,HG,def,coop,70
2304,2048,0,E.B.,opt,nat,opt_nat,0,0,8,SH,coop,coop,50
2305,2048,0,E.B.,opt,nat,opt_nat,1,7,5,HG,coop,coop,60
2306,2048,0,E.B.,opt,nat,opt_nat,2,10,15,SG,def,coop,30
2307,2048,0,E.B.,opt,nat,opt_nat,3,3,12,PD,def,def,70
2308,2048,0,E.B.,opt,nat,opt_nat,4,7,15,SG,def,coop,40
2309,2048,0,E.B.,opt,nat,opt_nat,5,7,8,HG,coop,coop,50
2310,2048,0,E.B.,opt,nat,opt_nat,6,3,5,SH,coop,coop,70
2311,2048,0,E.B.,opt,nat,opt_nat,7,3,15,PD,def,def,80
2312,2048,0,E.B.,opt,nat,opt_nat,8,0,15,PD,def,def,100
2313,2048,0,E.B.,opt,nat,opt_nat,9,10,8,HG,coop,coop,80
2314,2048,0,E.B.,opt,nat,opt_nat,10,10,12,SG,def,def,60
2315,2048,0,E.B.,opt,nat,opt_nat,11,0,5,SH,coop,coop,50
2316,2048,0,E.B.,opt,nat,opt_nat,12,0,12,PD,def,def,70
2317,2048,0,E.B.,opt,nat,opt_nat,13,3,8,SH,coop,def,60
2318,2048,0,E.B.,opt,nat,opt_nat,14,10,5,HG,coop,coop,70
2319,2048,0,E.B.,opt,nat,opt_nat,15,7,12,SG,def,coop,50
2320,2048,1,F.A.,pess,nat,pess_nat,0,10,8,HG,coop,coop,80
2321,2048,1,F.A.,pess,nat,pess_nat,1,3,5,SH,def,coop,70
2322,2048,1,F.A.,pess,nat,pess_nat,2,7,12,SG,coop,coop,50
2323,2048,1,F.A.,pess,nat,pess_nat,3,3,12,PD,def,def,60
2324,2048,1,F.A.,pess,nat,pess_nat,4,7,5,HG,coop,coop,80
2325,2048,1,F.A.,pess,nat,pess_nat,5,10,15,SG,coop,def,70
2326,2048,1,F.A.,pess,nat,pess_nat,6,0,12,PD,def,def,90
2327,2048,1,F.A.,pess,nat,pess_nat,7,0,5,SH,def,def,80
2328,2048,1,F.A.,pess,nat,pess_nat,8,10,5,HG,coop,coop,70
2329,2048,1,F.A.,pess,nat,pess_nat,9,3,8,SH,def,coop,50
2330,2048,1,F.A.,pess,nat,pess_nat,10,7,15,SG,coop,def,60
2331,2048,1,F.A.,pess,nat,pess_nat,11,3,15,PD,def,def,80
2332,2048,1,F.A.,pess,nat,pess_nat,12,0,15,PD,def,def,100
2333,2048,1,F.A.,pess,nat,pess_nat,13,0,8,SH,def,def,90
2334,2048,1,F.A.,pess,nat,pess_nat,14,10,12,SG,coop,coop,60
2335,2048,1,F.A.,pess,nat,pess_nat,15,7,8,HG,coop,coop,70
2336,2048,2,G.P.,pess,inv,pess_inv,0,3,5,SH,coop,coop,50
2337,2048,2,G.P.,pess,inv,pess_inv,1,0,15,PD,coop,def,80
2338,2048,2,G.P.,pess,inv,pess_inv,2,7,8,HG,def,coop,60
2339,2048,2,G.P.,pess,inv,pess_inv,3,10,12,SG,def,coop,50
2340,2048,2,G.P.,pess,inv,pess_inv,4,7,12,SG,def,def,60
2341,2048,2,G.P.,pess,inv,pess_inv,5,10,8,HG,def,coop,70
2342,2048,2,G.P.,pess,inv,pess_inv,6,0,5,SH,coop,def,60
2343,2048,2,G.P.,pess,inv,pess_inv,7,0,12,PD,coop,def,70
2344,2048,2,G.P.,pess,inv,pess_inv,8,7,5,HG,def,coop,60
2345,2048,2,G.P.,pess,inv,pess_inv,9,3,8,SH,coop,coop,50
2346,2048,2,G.P.,pess,inv,pess_inv,10,3,12,PD,coop,def,60
2347,2048,2,G.P.,pess,inv,pess_inv,11,7,15,SG,def,coop,50
2348,2048,2,G.P.,pess,inv,pess_inv,12,3,15,PD,coop,def,60
2349,2048,2,G.P.,pess,inv,pess_inv,13,10,5,HG,def,coop,70
2350,2048,2,G.P.,pess,inv,pess_inv,14,10,15,SG,def,def,60
2351,2048,2,G.P.,pess,inv,pess_inv,15,0,8,SH,coop,def,50
2352,2048,3,D.T.,opt,inv,opt_inv,0,10,5,HG,def,coop,70
2353,2048,3,D.T.,opt,inv,opt_inv,1,7,12,SG,coop,coop,50
2354,2048,3,D.T.,opt,inv,opt_inv,2,0,12,PD,coop,def,60
2355,2048,3,D.T.,opt,inv,opt_inv,3,3,8,SH,def,coop,50
2356,2048,3,D.T.,opt,inv,opt_inv,4,10,12,SG,coop,coop,60
2357,2048,3,D.T.,opt,inv,opt_inv,5,0,8,SH,def,def,70
2358,2048,3,D.T.,opt,inv,opt_inv,6,7,8,HG,def,coop,60
2359,2048,3,D.T.,opt,inv,opt_inv,7,0,15,PD,coop,def,80
2360,2048,3,D.T.,opt,inv,opt_inv,8,7,5,HG,def,coop,70
2361,2048,3,D.T.,opt,inv,opt_inv,9,10,15,SG,coop,def,60
2362,2048,3,D.T.,opt,inv,opt_inv,10,3,5,SH,def,coop,50
2363,2048,3,D.T.,opt,inv,opt_inv,11,3,15,PD,coop,def,60
2364,2048,3,D.T.,opt,inv,opt_inv,12,3,12,PD,coop,coop,50
2365,2048,3,D.T.,opt,inv,opt_inv,13,0,5,SH,def,coop,50
2366,2048,3,D.T.,opt,inv,opt_inv,14,7,15,SG,coop,coop,50
2367,2048,3,D.T.,opt,inv,opt_inv,15,10,8,HG,def,coop,60
2368,2050,0,F.A.,opt,nat,opt_nat,0,10,5,HG,coop,coop,90
2369,2050,0,F.A.,opt,nat,opt_nat,1,0,15,PD,def,coop,90
2370,2050,0,F.A.,opt,nat,opt_nat,2,7,12,SG,def,coop,90
2371,2050,0,F.A.,opt,nat,opt_nat,3,0,8,SH,coop,coop,90
2372,2050,0,F.A.,opt,nat,opt_nat,4,0,5,SH,coop,coop,90
2373,2050,0,F.A.,opt,nat,opt_nat,5,10,15,SG,def,coop,90
2374,2050,0,F.A.,opt,nat,opt_nat,6,7,5,HG,coop,coop,90
2375,2050,0,F.A.,opt,nat,opt_nat,7,0,12,PD,def,coop,90
2376,2050,0,F.A.,opt,nat,opt_nat,8,10,8,HG,coop,coop,90
2377,2050,0,F.A.,opt,nat,opt_nat,9,3,15,PD,def,coop,90
2378,2050,0,F.A.,opt,nat,opt_nat,10,3,8,SH,coop,coop,90
2379,2050,0,F.A.,opt,nat,opt_nat,11,10,12,SG,def,coop,90
2380,2050,0,F.A.,opt,nat,opt_nat,12,3,12,PD,def,coop,90
2381,2050,0,F.A.,opt,nat,opt_nat,13,7,15,SG,def,coop,90
2382,2050,0,F.A.,opt,nat,opt_nat,14,7,8,HG,coop,coop,90
2383,2050,0,F.A.,opt,nat,opt_nat,15,3,5,SH,coop,coop,90
2384,2050,1,D.T.,pess,nat,pess_nat,0,3,12,PD,def,coop,90
2385,2050,1,D.T.,pess,nat,pess_nat,1,7,8,HG,coop,coop,90
2386,2050,1,D.T.,pess,nat,pess_nat,2,3,8,SH,def,coop,90
2387,2050,1,D.T.,pess,nat,pess_nat,3,7,12,SG,coop,coop,90
2388,2050,1,D.T.,pess,nat,pess_nat,4,0,15,PD,def,coop,90
2389,2050,1,D.T.,pess,nat,pess_nat,5,0,8,SH,def,coop,90
2390,2050,1,D.T.,pess,nat,pess_nat,6,7,15,SG,coop,coop,90
2391,2050,1,D.T.,pess,nat,pess_nat,7,7,5,HG,coop,coop,90
2392,2050,1,D.T.,pess,nat,pess_nat,8,3,15,PD,def,coop,90
2393,2050,1,D.T.,pess,nat,pess_nat,9,0,5,SH,def,coop,90
2394,2050,1,D.T.,pess,nat,pess_nat,10,10,5,HG,coop,coop,90
2395,2050,1,D.T.,pess,nat,pess_nat,11,10,15,SG,coop,coop,90
2396,2050,1,D.T.,pess,nat,pess_nat,12,10,12,SG,coop,coop,90
2397,2050,1,D.T.,pess,nat,pess_nat,13,0,12,PD,def,coop,90
2398,2050,1,D.T.,pess,nat,pess_nat,14,3,5,SH,def,coop,90
2399,2050,1,D.T.,pess,nat,pess_nat,15,10,8,HG,coop,coop,90
2400,2050,2,G.P.,opt,inv,opt_inv,0,0,8,SH,def,coop,90
2401,2050,2,G.P.,opt,inv,opt_inv,1,3,15,PD,coop,coop,90
2402,2050,2,G.P.,opt,inv,opt_inv,2,10,12,SG,coop,coop,90
2403,2050,2,G.P.,opt,inv,opt_inv,3,7,8,HG,def,coop,90
2404,2050,2,G.P.,opt,inv,opt_inv,4,10,8,HG,def,coop,90
2405,2050,2,G.P.,opt,inv,opt_inv,5,0,15,PD,coop,coop,90
2406,2050,2,G.P.,opt,inv,opt_inv,6,3,8,SH,def,coop,90
2407,2050,2,G.P.,opt,inv,opt_inv,7,7,15,SG,coop,coop,90
2408,2050,2,G.P.,opt,inv,opt_inv,8,0,12,PD,coop,coop,90
2409,2050,2,G.P.,opt,inv,opt_inv,9,3,5,SH,def,coop,90
2410,2050,2,G.P.,opt,inv,opt_inv,10,7,12,SG,coop,coop,90
2411,2050,2,G.P.,opt,inv,opt_inv,11,10,5,HG,def,coop,90
2412,2050,2,G.P.,opt,inv,opt_inv,12,0,5,SH,def,coop,90
2413,2050,2,G.P.,opt,inv,opt_inv,13,7,5,HG,def,coop,90
2414,2050,2,G.P.,opt,inv,opt_inv,14,3,12,PD,coop,coop,90
2415,2050,2,G.P.,opt,inv,opt_inv,15,10,15,SG,coop,coop,90
2416,2050,3,E.B.,pess,inv,pess_inv,0,3,5,SH,coop,coop,90
2417,2050,3,E.B.,pess,inv,pess_inv,1,0,15,PD,coop,coop,90
2418,2050,3,E.B.,pess,inv,pess_inv,2,7,8,HG,def,coop,90
2419,2050,3,E.B.,pess,inv,pess_inv,3,10,12,SG,def,coop,90
2420,2050,3,E.B.,pess,inv,pess_inv,4,7,12,SG,def,coop,90
2421,2050,3,E.B.,pess,inv,pess_inv,5,10,8,HG,def,coop,90
2422,2050,3,E.B.,pess,inv,pess_inv,6,0,5,SH,coop,coop,90
2423,2050,3,E.B.,pess,inv,pess_inv,7,0,12,PD,coop,coop,90
2424,2050,3,E.B.,pess,inv,pess_inv,8,7,5,HG,def,coop,90
2425,2050,3,E.B.,pess,inv,pess_inv,9,3,8,SH,coop,coop,90
2426,2050,3,E.B.,pess,inv,pess_inv,10,3,12,PD,coop,coop,90
2427,2050,3,E.B.,pess,inv,pess_inv,11,7,15,SG,def,coop,90
2428,2050,3,E.B.,pess,inv,pess_inv,12,3,15,PD,coop,coop,90
2429,2050,3,E.B.,pess,inv,pess_inv,13,10,5,HG,def,coop,90
2430,2050,3,E.B.,pess,inv,pess_inv,14,10,15,SG,def,coop,90
2431,2050,3,E.B.,pess,inv,pess_inv,15,0,8,SH,coop,coop,90
2432,2051,0,G.P.,pess,nat,pess_nat,0,7,15,SG,coop,coop,40
2433,2051,0,G.P.,pess,nat,pess_nat,1,0,12,PD,def,coop,70
2434,2051,0,G.P.,pess,nat,pess_nat,2,3,5,SH,def,coop,100
2435,2051,0,G.P.,pess,nat,pess_nat,3,7,5,HG,coop,coop,80
2436,2051,0,G.P.,pess,nat,pess_nat,4,3,12,PD,def,def,90
2437,2051,0,G.P.,pess,nat,pess_nat,5,7,8,HG,coop,coop,60
2438,2051,0,G.P.,pess,nat,pess_nat,6,0,8,SH,def,def,80
2439,2051,0,G.P.,pess,nat,pess_nat,7,10,15,SG,coop,coop,50
2440,2051,0,G.P.,pess,nat,pess_nat,8,10,12,SG,coop,coop,50
2441,2051,0,G.P.,pess,nat,pess_nat,9,0,15,PD,def,def,90
2442,2051,0,G.P.,pess,nat,pess_nat,10,0,5,SH,def,coop,70
2443,2051,0,G.P.,pess,nat,pess_nat,11,10,8,HG,coop,coop,90
2444,2051,0,G.P.,pess,nat,pess_nat,12,7,12,SG,coop,def,80
2445,2051,0,G.P.,pess,nat,pess_nat,13,3,8,SH,def,def,90
2446,2051,0,G.P.,pess,nat,pess_nat,14,3,15,PD,def,def,90
2447,2051,0,G.P.,pess,nat,pess_nat,15,10,5,HG,coop,coop,90
2448,2051,1,E.B.,opt,nat,opt_nat,0,10,12,SG,def,def,90
2449,2051,1,E.B.,opt,nat,opt_nat,1,0,12,PD,def,def,90
2450,2051,1,E.B.,opt,nat,opt_nat,2,3,5,SH,coop,coop,90
2451,2051,1,E.B.,opt,nat,opt_nat,3,7,8,HG,coop,coop,90
2452,2051,1,E.B.,opt,nat,opt_nat,4,10,5,HG,coop,coop,90
2453,2051,1,E.B.,opt,nat,opt_nat,5,3,12,PD,def,def,90
2454,2051,1,E.B.,opt,nat,opt_nat,6,3,8,SH,coop,def,90
2455,2051,1,E.B.,opt,nat,opt_nat,7,10,15,SG,def,def,90
2456,2051,1,E.B.,opt,nat,opt_nat,8,0,15,PD,def,def,90
2457,2051,1,E.B.,opt,nat,opt_nat,9,7,12,SG,def,coop,90
2458,2051,1,E.B.,opt,nat,opt_nat,10,0,5,SH,coop,coop,90
2459,2051,1,E.B.,opt,nat,opt_nat,11,7,5,HG,coop,coop,90
2460,2051,1,E.B.,opt,nat,opt_nat,12,10,8,HG,coop,coop,90
2461,2051,1,E.B.,opt,nat,opt_nat,13,0,8,SH,coop,def,90
2462,2051,1,E.B.,opt,nat,opt_nat,14,7,15,SG,def,def,90
2463,2051,1,E.B.,opt,nat,opt_nat,15,3,15,PD,def,def,90
2464,2051,2,F.A.,pess,inv,pess_inv,0,3,12,PD,coop,coop,70
2465,2051,2,F.A.,pess,inv,pess_inv,1,7,8,HG,def,coop,80
2466,2051,2,F.A.,pess,inv,pess_inv,2,3,8,SH,coop,coop,60
2467,2051,2,F.A.,pess,inv,pess_inv,3,7,12,SG,def,coop,60
2468,2051,2,F.A.,pess,inv,pess_inv,4,0,15,PD,coop,def,90
2469,2051,2,F.A.,pess,inv,pess_inv,5,0,8,SH,coop,def,90
2470,2051,2,F.A.,pess,inv,pess_inv,6,7,15,SG,def,def,60
2471,2051,2,F.A.,pess,inv,pess_inv,7,7,5,HG,def,coop,70
2472,2051,2,F.A.,pess,inv,pess_inv,8,3,15,PD,coop,def,90
2473,2051,2,F.A.,pess,inv,pess_inv,9,0,5,SH,coop,def,90
2474,2051,2,F.A.,pess,inv,pess_inv,10,10,5,HG,def,coop,90
2475,2051,2,F.A.,pess,inv,pess_inv,11,10,15,SG,def,def,70
2476,2051,2,F.A.,pess,inv,pess_inv,12,10,12,SG,def,def,90
2477,2051,2,F.A.,pess,inv,pess_inv,13,0,12,PD,coop,def,90
2478,2051,2,F.A.,pess,inv,pess_inv,14,3,5,SH,coop,coop,90
2479,2051,2,F.A.,pess,inv,pess_inv,15,10,8,HG,def,coop,90
2480,2051,3,D.T.,opt,inv,opt_inv,0,3,5,SH,def,coop,90
2481,2051,3,D.T.,opt,inv,opt_inv,1,0,15,PD,coop,def,90
2482,2051,3,D.T.,opt,inv,opt_inv,2,7,8,HG,def,coop,90
2483,2051,3,D.T.,opt,inv,opt_inv,3,10,12,SG,coop,coop,90
2484,2051,3,D.T.,opt,inv,opt_inv,4,7,12,SG,coop,def,90
2485,2051,3,D.T.,opt,inv,opt_inv,5,10,8,HG,def,coop,90
2486,2051,3,D.T.,opt,inv,opt_inv,6,0,5,SH,def,def,90
2487,2051,3,D.T.,opt,inv,opt_inv,7,0,12,PD,coop,def,90
2488,2051,3,D.T.,opt,inv,opt_inv,8,7,5,HG,def,coop,90
2489,2051,3,D.T.,opt,inv,opt_inv,9,3,8,SH,def,def,90
2490,2051,3,D.T.,opt,inv,opt_inv,10,3,12,PD,coop,def,90
2491,2051,3,D.T.,opt,inv,opt_inv,11,7,15,SG,coop,coop,90
2492,2051,3,D.T.,opt,inv,opt_inv,12,3,15,PD,coop,def,90
2493,2051,3,D.T.,opt,inv,opt_inv,13,10,5,HG,def,coop,90
2494,2051,3,D.T.,opt,inv,opt_inv,14,10,15,SG,coop,def,90
2495,2051,3,D.T.,opt,inv,opt_inv,15,0,8,SH,def,def,90
2496,2053,0,D.T.,pess,nat,pess_nat,0,3,8,SH,def,coop,60
2497,2053,0,D.T.,pess,nat,pess_nat,1,0,15,PD,def,coop,40
2498,2053,0,D.T.,pess,nat,pess_nat,2,7,8,HG,coop,coop,60
2499,2053,0,D.T.,pess,nat,pess_nat,3,7,15,SG,coop,coop,50
2500,2053,0,D.T.,pess,nat,pess_nat,4,3,5,SH,def,coop,60
2501,2053,0,D.T.,pess,nat,pess_nat,5,7,5,HG,coop,coop,60
2502,2053,0,D.T.,pess,nat,pess_nat,6,0,12,PD,def,def,70
2503,2053,0,D.T.,pess,nat,pess_nat,7,10,12,SG,coop,coop,60
2504,2053,0,D.T.,pess,nat,pess_nat,8,7,12,SG,coop,coop,60
2505,2053,0,D.T.,pess,nat,pess_nat,9,3,15,PD,def,coop,50
2506,2053,0,D.T.,pess,nat,pess_nat,10,0,8,SH,def,coop,60
2507,2053,0,D.T.,pess,nat,pess_nat,11,10,5,HG,coop,coop,70
2508,2053,0,D.T.,pess,nat,pess_nat,12,10,15,SG,coop,def,60
2509,2053,0,D.T.,pess,nat,pess_nat,13,0,5,SH,def,coop,60
2510,2053,0,D.T.,pess,nat,pess_nat,14,10,8,HG,coop,coop,60
2511,2053,0,D.T.,pess,nat,pess_nat,15,3,12,PD,def,coop,60
2512,2053,1,E.B.,opt,nat,opt_nat,0,10,5,HG,coop,coop,60
2513,2053,1,E.B.,opt,nat,opt_nat,1,7,12,SG,def,coop,50
2514,2053,1,E.B.,opt,nat,opt_nat,2,0,12,PD,def,def,60
2515,2053,1,E.B.,opt,nat,opt_nat,3,3,8,SH,coop,coop,60
2516,2053,1,E.B.,opt,nat,opt_nat,4,10,12,SG,def,coop,60
2517,2053,1,E.B.,opt,nat,opt_nat,5,0,8,SH,coop,coop,60
2518,2053,1,E.B.,opt,nat,opt_nat,6,7,8,HG,coop,coop,60
2519,2053,1,E.B.,opt,nat,opt_nat,7,0,15,PD,def,coop,60
2520,2053,1,E.B.,opt,nat,opt_nat,8,7,5,HG,coop,coop,60
2521,2053,1,E.B.,opt,nat,opt_nat,9,10,15,SG,def,coop,60
2522,2053,1,E.B.,opt,nat,opt_nat,10,3,5,SH,coop,coop,60
2523,2053,1,E.B.,opt,nat,opt_nat,11,3,15,PD,def,coop,60
2524,2053,1,E.B.,opt,nat,opt_nat,12,3,12,PD,def,coop,60
2525,2053,1,E.B.,opt,nat,opt_nat,13,0,5,SH,coop,coop,60
2526,2053,1,E.B.,opt,nat,opt_nat,14,7,15,SG,def,coop,60
2527,2053,1,E.B.,opt,nat,opt_nat,15,10,8,HG,coop,coop,60
2528,2053,2,G.P.,pess,inv,pess_inv,0,7,5,HG,def,coop,60
2529,2053,2,G.P.,pess,inv,pess_inv,1,3,5,SH,coop,coop,60
2530,2053,2,G.P.,pess,inv,pess_inv,2,7,12,SG,def,coop,60
2531,2053,2,G.P.,pess,inv,pess_inv,3,3,15,PD,coop,coop,60
2532,2053,2,G.P.,pess,inv,pess_inv,4,0,5,SH,coop,coop,60
2533,2053,2,G.P.,pess,inv,pess_inv,5,0,15,PD,coop,coop,60
2534,2053,2,G.P.,pess,inv,pess_inv,6,7,15,SG,def,coop,60
2535,2053,2,G.P.,pess,inv,pess_inv,7,10,8,HG,def,coop,60
2536,2053,2,G.P.,pess,inv,pess_inv,8,10,12,SG,def,coop,60
2537,2053,2,G.P.,pess,inv,pess_inv,9,3,8,SH,coop,coop,60
2538,2053,2,G.P.,pess,inv,pess_inv,10,10,5,HG,def,coop,60
2539,2053,2,G.P.,pess,inv,pess_inv,11,3,12,PD,coop,coop,60
2540,2053,2,G.P.,pess,inv,pess_inv,12,10,15,SG,def,coop,60
2541,2053,2,G.P.,pess,inv,pess_inv,13,0,12,PD,coop,coop,60
2542,2053,2,G.P.,pess,inv,pess_inv,14,0,8,SH,coop,coop,60
2543,2053,2,G.P.,pess,inv,pess_inv,15,7,8,HG,def,coop,60
2544,2053,3,F.A.,opt,inv,opt_inv,0,0,5,SH,def,coop,60
2545,2053,3,F.A.,opt,inv,opt_inv,1,10,5,HG,def,coop,60
2546,2053,3,F.A.,opt,inv,opt_inv,2,3,15,PD,coop,coop,60
2547,2053,3,F.A.,opt,inv,opt_inv,3,7,12,SG,coop,coop,60
2548,2053,3,F.A.,opt,inv,opt_inv,4,10,8,HG,def,coop,60
2549,2053,3,F.A.,opt,inv,opt_inv,5,0,15,PD,coop,coop,60
2550,2053,3,F.A.,opt,inv,opt_inv,6,3,5,SH,def,coop,60
2551,2053,3,F.A.,opt,inv,opt_inv,7,7,15,SG,coop,coop,60
2552,2053,3,F.A.,opt,inv,opt_inv,8,3,12,PD,coop,coop,60
2553,2053,3,F.A.,opt,inv,opt_inv,9,10,12,SG,coop,coop,60
2554,2053,3,F.A.,opt,inv,opt_inv,10,7,8,HG,def,coop,60
2555,2053,3,F.A.,opt,inv,opt_inv,11,3,8,SH,def,coop,60
2556,2053,3,F.A.,opt,inv,opt_inv,12,0,12,PD,coop,coop,60
2557,2053,3,F.A.,opt,inv,opt_inv,13,0,8,SH,def,coop,60
2558,2053,3,F.A.,opt,inv,opt_inv,14,10,15,SG,coop,coop,60
2559,2053,3,F.A.,opt,inv,opt_inv,15,7,5,HG,def,coop,60
2560,2054,0,E.B.,opt,nat,opt_nat,0,10,8,HG,coop,coop,100
2561,2054,0,E.B.,opt,nat,opt_nat,1,7,12,SG,def,coop,100
2562,2054,0,E.B.,opt,nat,opt_nat,2,0,12,PD,def,coop,100
2563,2054,0,E.B.,opt,nat,opt_nat,3,0,8,SH,coop,def,90
2564,2054,0,E.B.,opt,nat,opt_nat,4,3,8,SH,coop,def,100
2565,2054,0,E.B.,opt,nat,opt_nat,5,3,15,PD,def,def,80
2566,2054,0,E.B.,opt,nat,opt_nat,6,10,15,SG,def,def,100
2567,2054,0,E.B.,opt,nat,opt_nat,7,10,5,HG,coop,def,80
2568,2054,0,E.B.,opt,nat,opt_nat,8,3,12,PD,def,def,90
2569,2054,0,E.B.,opt,nat,opt_nat,9,7,8,HG,coop,def,90
2570,2054,0,E.B.,opt,nat,opt_nat,10,10,12,SG,def,def,100
2571,2054,0,E.B.,opt,nat,opt_nat,11,0,5,SH,coop,coop,100
2572,2054,0,E.B.,opt,nat,opt_nat,12,0,15,PD,def,def,100
2573,2054,0,E.B.,opt,nat,opt_nat,13,7,15,SG,def,def,100
2574,2054,0,E.B.,opt,nat,opt_nat,14,7,5,HG,coop,def,90
2575,2054,0,E.B.,opt,nat,opt_nat,15,3,5,SH,coop,def,80
2576,2054,1,G.P.,pess,nat,pess_nat,0,3,12,PD,def,def,80
2577,2054,1,G.P.,pess,nat,pess_nat,1,7,8,HG,coop,def,80
2578,2054,1,G.P.,pess,nat,pess_nat,2,3,8,SH,def,def,90
2579,2054,1,G.P.,pess,nat,pess_nat,3,7,12,SG,coop,def,90
2580,2054,1,G.P.,pess,nat,pess_nat,4,0,15,PD,def,def,90
2581,2054,1,G.P.,pess,nat,pess_nat,5,0,8,SH,def,def,100
2582,2054,1,G.P.,pess,nat,pess_nat,6,7,15,SG,coop,def,100
2583,2054,1,G.P.,pess,nat,pess_nat,7,7,5,HG,coop,def,100
2584,2054,1,G.P.,pess,nat,pess_nat,8,3,15,PD,def,def,100
2585,2054,1,G.P.,pess,nat,pess_nat,9,0,5,SH,def,def,100
2586,2054,1,G.P.,pess,nat,pess_nat,10,10,5,HG,coop,def,90
2587,2054,1,G.P.,pess,nat,pess_nat,11,10,15,SG,coop,def,100
2588,2054,1,G.P.,pess,nat,pess_nat,12,10,12,SG,coop,def,90
2589,2054,1,G.P.,pess,nat,pess_nat,13,0,12,PD,def,def,100
2590,2054,1,G.P.,pess,nat,pess_nat,14,3,5,SH,def,def,90
2591,2054,1,G.P.,pess,nat,pess_nat,15,10,8,HG,coop,def,80
2592,2054,2,F.A.,opt,inv,opt_inv,0,0,12,PD,coop,def,100
2593,2054,2,F.A.,opt,inv,opt_inv,1,7,5,HG,def,def,90
2594,2054,2,F.A.,opt,inv,opt_inv,2,10,12,SG,coop,def,100
2595,2054,2,F.A.,opt,inv,opt_inv,3,3,5,SH,def,def,90
2596,2054,2,F.A.,opt,inv,opt_inv,4,0,8,SH,def,def,90
2597,2054,2,F.A.,opt,inv,opt_inv,5,0,15,PD,coop,def,100
2598,2054,2,F.A.,opt,inv,opt_inv,6,10,5,HG,def,def,90
2599,2054,2,F.A.,opt,inv,opt_inv,7,7,12,SG,coop,def,90
2600,2054,2,F.A.,opt,inv,opt_inv,8,3,15,PD,coop,def,90
2601,2054,2,F.A.,opt,inv,opt_inv,9,10,15,SG,coop,def,80
2602,2054,2,F.A.,opt,inv,opt_inv,10,7,8,HG,def,def,80
2603,2054,2,F.A.,opt,inv,opt_inv,11,0,5,SH,def,def,90
2604,2054,2,F.A.,opt,inv,opt_inv,12,10,8,HG,def,def,80
2605,2054,2,F.A.,opt,inv,opt_inv,13,7,15,SG,coop,def,80
2606,2054,2,F.A.,opt,inv,opt_inv,14,3,8,SH,def,def,80
2607,2054,2,F.A.,opt,inv,opt_inv,15,3,12,PD,coop,def,80
2608,2054,3,D.T.,pess,inv,pess_inv,0,10,5,HG,def,def,90
2609,2054,3,D.T.,pess,inv,pess_inv,1,3,5,SH,coop,def,90
2610,2054,3,D.T.,pess,inv,pess_inv,2,0,15,PD,coop,def,90
2611,2054,3,D.T.,pess,inv,pess_inv,3,7,12,SG,def,def,90
2612,2054,3,D.T.,pess,inv,pess_inv,4,10,15,SG,def,def,90
2613,2054,3,D.T.,pess,inv,pess_inv,5,10,8,HG,def,def,90
2614,2054,3,D.T.,pess,inv,pess_inv,6,0,12,PD,coop,def,90
2615,2054,3,D.T.,pess,inv,pess_inv,7,0,5,SH,coop,def,90
2616,2054,3,D.T.,pess,inv,pess_inv,8,7,15,SG,def,def,90
2617,2054,3,D.T.,pess,inv,pess_inv,9,0,8,SH,coop,def,90
2618,2054,3,D.T.,pess,inv,pess_inv,10,3,15,PD,coop,def,90
2619,2054,3,D.T.,pess,inv,pess_inv,11,7,5,HG,def,def,90
2620,2054,3,D.T.,pess,inv,pess_inv,12,3,12,PD,coop,def,90
2621,2054,3,D.T.,pess,inv,pess_inv,13,10,12,SG,def,def,90
2622,2054,3,D.T.,pess,inv,pess_inv,14,3,8,SH,coop,def,90
2623,2054,3,D.T.,pess,inv,pess_inv,15,7,8,HG,def,def,90
2624,2055,0,G.P.,pess,nat,pess_nat,0,10,8,HG,coop,coop,70
2625,2055,0,G.P.,pess,nat,pess_nat,1,3,5,SH,def,coop,60
2626,2055,0,G.P.,pess,nat,pess_nat,2,7,12,SG,coop,def,70
2627,2055,0,G.P.,pess,nat,pess_nat,3,3,12,PD,def,def,60
2628,2055,0,G.P.,pess,nat,pess_nat,4,7,5,HG,coop,coop,70
2629,2055,0,G.P.,pess,nat,pess_nat,5,10,15,SG,coop,coop,70
2630,2055,0,G.P.,pess,nat,pess_nat,6,0,12,PD,def,def,60
2631,2055,0,G.P.,pess,nat,pess_nat,7,0,5,SH,def,def,70
2632,2055,0,G.P.,pess,nat,pess_nat,8,10,5,HG,coop,coop,70
2633,2055,0,G.P.,pess,nat,pess_nat,9,3,8,SH,def,def,70
2634,2055,0,G.P.,pess,nat,pess_nat,10,7,15,SG,coop,def,70
2635,2055,0,G.P.,pess,nat,pess_nat,11,3,15,PD,def,def,60
2636,2055,0,G.P.,pess,nat,pess_nat,12,0,15,PD,def,def,60
2637,2055,0,G.P.,pess,nat,pess_nat,13,0,8,SH,def,def,60
2638,2055,0,G.P.,pess,nat,pess_nat,14,10,12,SG,coop,coop,60
2639,2055,0,G.P.,pess,nat,pess_nat,15,7,8,HG,coop,coop,60
2640,2055,1,F.A.,opt,nat,opt_nat,0,10,5,HG,coop,coop,70
2641,2055,1,F.A.,opt,nat,opt_nat,1,0,15,PD,def,def,60
2642,2055,1,F.A.,opt,nat,opt_nat,2,7,12,SG,def,coop,60
2643,2055,1,F.A.,opt,nat,opt_nat,3,0,8,SH,coop,def,60
2644,2055,1,F.A.,opt,nat,opt_nat,4,0,5,SH,coop,def,70
2645,2055,1,F.A.,opt,nat,opt_nat,5,10,15,SG,def,def,60
2646,2055,1,F.A.,opt,nat,opt_nat,6,7,5,HG,coop,coop,60
2647,2055,1,F.A.,opt,nat,opt_nat,7,0,12,PD,def,def,60
2648,2055,1,F.A.,opt,nat,opt_nat,8,10,8,HG,coop,coop,60
2649,2055,1,F.A.,opt,nat,opt_nat,9,3,15,PD,def,def,60
2650,2055,1,F.A.,opt,nat,opt_nat,10,3,8,SH,coop,def,60
2651,2055,1,F.A.,opt,nat,opt_nat,11,10,12,SG,def,coop,60
2652,2055,1,F.A.,opt,nat,opt_nat,12,3,12,PD,def,def,60
2653,2055,1,F.A.,opt,nat,opt_nat,13,7,15,SG,def,def,60
2654,2055,1,F.A.,opt,nat,opt_nat,14,7,8,HG,coop,coop,60
2655,2055,1,F.A.,opt,nat,opt_nat,15,3,5,SH,coop,coop,60
2656,2055,2,D.T.,opt,inv,opt_inv,0,10,8,HG,def,coop,70
2657,2055,2,D.T.,opt,inv,opt_inv,1,7,12,SG,coop,def,60
2658,2055,2,D.T.,opt,inv,opt_inv,2,0,12,PD,coop,def,60
2659,2055,2,D.T.,opt,inv,opt_inv,3,0,8,SH,def,def,60
2660,2055,2,D.T.,opt,inv,opt_inv,4,3,8,SH,def,def,60
2661,2055,2,D.T.,opt,inv,opt_inv,5,3,15,PD,coop,def,60
2662,2055,2,D.T.,opt,inv,opt_inv,6,10,15,SG,coop,def,60
2663,2055,2,D.T.,opt,inv,opt_inv,7,10,5,HG,def,coop,60
2664,2055,2,D.T.,opt,inv,opt_inv,8,3,12,PD,coop,def,60
2665,2055,2,D.T.,opt,inv,opt_inv,9,7,8,HG,def,coop,60
2666,2055,2,D.T.,opt,inv,opt_inv,10,10,12,SG,coop,coop,60
2667,2055,2,D.T.,opt,inv,opt_inv,11,0,5,SH,def,def,60
2668,2055,2,D.T.,opt,inv,opt_inv,12,0,15,PD,coop,def,60
2669,2055,2,D.T.,opt,inv,opt_inv,13,7,15,SG,coop,def,60
2670,2055,2,D.T.,opt,inv,opt_inv,14,7,5,HG,def,coop,60
2671,2055,2,D.T.,opt,inv,opt_inv,15,3,5,SH,def,def,60
2672,2055,3,E.B.,pess,inv,pess_inv,0,0,12,PD,coop,def,60
2673,2055,3,E.B.,pess,inv,pess_inv,1,0,8,SH,coop,def,60
2674,2055,3,E.B.,pess,inv,pess_inv,2,7,15,SG,def,def,60
2675,2055,3,E.B.,pess,inv,pess_inv,3,7,8,HG,def,coop,60
2676,2055,3,E.B.,pess,inv,pess_inv,4,3,12,PD,coop,def,60
2677,2055,3,E.B.,pess,inv,pess_inv,5,0,5,SH,coop,def,60
2678,2055,3,E.B.,pess,inv,pess_inv,6,10,8,HG,def,coop,60
2679,2055,3,E.B.,pess,inv,pess_inv,7,10,15,SG,def,def,60
2680,2055,3,E.B.,pess,inv,pess_inv,8,10,12,SG,def,coop,60
2681,2055,3,E.B.,pess,inv,pess_inv,9,0,15,PD,coop,def,60
2682,2055,3,E.B.,pess,inv,pess_inv,10,10,5,HG,def,coop,60
2683,2055,3,E.B.,pess,inv,pess_inv,11,3,8,SH,coop,def,60
2684,2055,3,E.B.,pess,inv,pess_inv,12,7,12,SG,def,def,60
2685,2055,3,E.B.,pess,inv,pess_inv,13,3,15,PD,coop,def,60
2686,2055,3,E.B.,pess,inv,pess_inv,14,3,5,SH,coop,def,60
2687,2055,3,E.B.,pess,inv,pess_inv,15,7,5,HG,def,coop,60
2688,2057,0,E.B.,opt,nat,opt_nat,0,3,8,SH,coop,coop,70
2689,2057,0,E.B.,opt,nat,opt_nat,1,0,15,PD,def,coop,60
2690,2057,0,E.B.,opt,nat,opt_nat,2,7,8,HG,coop,coop,60
2691,2057,0,E.B.,opt,nat,opt_nat,3,7,15,SG,def,coop,60
2692,2057,0,E.B.,opt,nat,opt_nat,4,3,5,SH,coop,coop,70
2693,2057,0,E.B.,opt,nat,opt_nat,5,7,5,HG,coop,coop,70
2694,2057,0,E.B.,opt,nat,opt_nat,6,0,12,PD,def,coop,50
2695,2057,0,E.B.,opt,nat,opt_nat,7,10,12,SG,def,coop,60
2696,2057,0,E.B.,opt,nat,opt_nat,8,7,12,SG,def,coop,50
2697,2057,0,E.B.,opt,nat,opt_nat,9,3,15,PD,def,coop,60
2698,2057,0,E.B.,opt,nat,opt_nat,10,0,8,SH,coop,coop,60
2699,2057,0,E.B.,opt,nat,opt_nat,11,10,5,HG,coop,coop,60
2700,2057,0,E.B.,opt,nat,opt_nat,12,10,15,SG,def,coop,50
2701,2057,0,E.B.,opt,nat,opt_nat,13,0,5,SH,coop,coop,60
2702,2057,0,E.B.,opt,nat,opt_nat,14,10,8,HG,coop,coop,60
2703,2057,0,E.B.,opt,nat,opt_nat,15,3,12,PD,def,coop,50
2704,2057,1,F.A.,pess,nat,pess_nat,0,10,5,HG,coop,coop,60
2705,2057,1,F.A.,pess,nat,pess_nat,1,3,5,SH,def,coop,60
2706,2057,1,F.A.,pess,nat,pess_nat,2,0,15,PD,def,coop,40
2707,2057,1,F.A.,pess,nat,pess_nat,3,7,12,SG,coop,coop,50
2708,2057,1,F.A.,pess,nat,pess_nat,4,10,15,SG,coop,coop,50
2709,2057,1,F.A.,pess,nat,pess_nat,5,10,8,HG,coop,coop,60
2710,2057,1,F.A.,pess,nat,pess_nat,6,0,12,PD,def,coop,60
2711,2057,1,F.A.,pess,nat,pess_nat,7,0,5,SH,def,coop,60
2712,2057,1,F.A.,pess,nat,pess_nat,8,7,15,SG,coop,coop,40
2713,2057,1,F.A.,pess,nat,pess_nat,9,0,8,SH,def,coop,50
2714,2057,1,F.A.,pess,nat,pess_nat,10,3,15,PD,def,coop,50
2715,2057,1,F.A.,pess,nat,pess_nat,11,7,5,HG,coop,coop,60
2716,2057,1,F.A.,pess,nat,pess_nat,12,3,12,PD,def,coop,50
2717,2057,1,F.A.,pess,nat,pess_nat,13,10,12,SG,coop,coop,50
2718,2057,1,F.A.,pess,nat,pess_nat,14,3,8,SH,def,coop,60
2719,2057,1,F.A.,pess,nat,pess_nat,15,7,8,HG,coop,coop,50
2720,2057,2,D.T.,opt,inv,opt_inv,0,10,12,SG,coop,coop,50
2721,2057,2,D.T.,opt,inv,opt_inv,1,0,12,PD,coop,coop,50
2722,2057,2,D.T.,opt,inv,opt_inv,2,3,5,SH,def,coop,60
2723,2057,2,D.T.,opt,inv,opt_inv,3,7,8,HG,def,coop,60
2724,2057,2,D.T.,opt,inv,opt_inv,4,10,5,HG,def,coop,60
2725,2057,2,D.T.,opt,inv,opt_inv,5,3,12,PD,coop,coop,50
2726,2057,2,D.T.,opt,inv,opt_inv,6,3,8,SH,def,coop,50
2727,2057,2,D.T.,opt,inv,opt_inv,7,10,15,SG,coop,coop,50
2728,2057,2,D.T.,opt,inv,opt_inv,8,0,15,PD,coop,coop,50
2729,2057,2,D.T.,opt,inv,opt_inv,9,7,12,SG,coop,coop,60
2730,2057,2,D.T.,opt,inv,opt_inv,10,0,5,SH,def,coop,50
2731,2057,2,D.T.,opt,inv,opt_inv,11,7,5,HG,def,coop,50
2732,2057,2,D.T.,opt,inv,opt_inv,12,10,8,HG,def,coop,50
2733,2057,2,D.T.,opt,inv,opt_inv,13,0,8,SH,def,coop,50
2734,2057,2,D.T.,opt,inv,opt_inv,14,7,15,SG,coop,coop,50
2735,2057,2,D.T.,opt,inv,opt_inv,15,3,15,PD,coop,coop,50
2736,2057,3,G.P.,pess,inv,pess_inv,0,3,12,PD,coop,coop,50
2737,2057,3,G.P.,pess,inv,pess_inv,1,7,8,HG,def,coop,50
2738,2057,3,G.P.,pess,inv,pess_inv,2,3,8,SH,coop,coop,50
2739,2057,3,G.P.,pess,inv,pess_inv,3,7,12,SG,def,coop,50
2740,2057,3,G.P.,pess,inv,pess_inv,4,0,15,PD,coop,coop,50
2741,2057,3,G.P.,pess,inv,pess_inv,5,0,8,SH,coop,coop,50
2742,2057,3,G.P.,pess,inv,pess_inv,6,7,15,SG,def,coop,50
2743,2057,3,G.P.,pess,inv,pess_inv,7,7,5,HG,def,coop,50
2744,2057,3,G.P.,pess,inv,pess_inv,8,3,15,PD,coop,coop,50
2745,2057,3,G.P.,pess,inv,pess_inv,9,0,5,SH,coop,coop,50
2746,2057,3,G.P.,pess,inv,pess_inv,10,10,5,HG,def,coop,50
2747,2057,3,G.P.,pess,inv,pess_inv,11,10,15,SG,def,coop,50
2748,2057,3,G.P.,pess,inv,pess_inv,12,10,12,SG,def,coop,50
2749,2057,3,G.P.,pess,inv,pess_inv,13,0,12,PD,coop,coop,50
2750,2057,3,G.P.,pess,inv,pess_inv,14,3,5,SH,coop,coop,50
2751,2057,3,G.P.,pess,inv,pess_inv,15,10,8,HG,def,coop,50
2752,2058,0,F.A.,opt,nat,opt_nat,0,3,5,SH,coop,coop,50
2753,2058,0,F.A.,opt,nat,opt_nat,1,0,15,PD,def,coop,50
2754,2058,0,F.A.,opt,nat,opt_nat,2,7,8,HG,coop,coop,60
2755,2058,0,F.A.,opt,nat,opt_nat,3,10,12,SG,def,coop,70
2756,2058,0,F.A.,opt,nat,opt_nat,4,7,12,SG,def,def,70
2757,2058,0,F.A.,opt,nat,opt_nat,5,10,8,HG,coop,coop,80
2758,2058,0,F.A.,opt,nat,opt_nat,6,0,5,SH,coop,coop,70
2759,2058,0,F.A.,opt,nat,opt_nat,7,0,12,PD,def,coop,70
2760,2058,0,F.A.,opt,nat,opt_nat,8,7,5,HG,coop,coop,70
2761,2058,0,F.A.,opt,nat,opt_nat,9,3,8,SH,coop,coop,70
2762,2058,0,F.A.,opt,nat,opt_nat,10,3,12,PD,def,coop,80
2763,2058,0,F.A.,opt,nat,opt_nat,11,7,15,SG,def,coop,70
2764,2058,0,F.A.,opt,nat,opt_nat,12,3,15,PD,def,coop,70
2765,2058,0,F.A.,opt,nat,opt_nat,13,10,5,HG,coop,coop,70
2766,2058,0,F.A.,opt,nat,opt_nat,14,10,15,SG,def,coop,70
2767,2058,0,F.A.,opt,nat,opt_nat,15,0,8,SH,coop,coop,70
2768,2058,1,E.B.,pess,nat,pess_nat,0,10,5,HG,coop,coop,70
2769,2058,1,E.B.,pess,nat,pess_nat,1,0,15,PD,def,coop,70
2770,2058,1,E.B.,pess,nat,pess_nat,2,7,12,SG,coop,coop,70
2771,2058,1,E.B.,pess,nat,pess_nat,3,0,8,SH,def,coop,70
2772,2058,1,E.B.,pess,nat,pess_nat,4,0,5,SH,def,coop,70
2773,2058,1,E.B.,pess,nat,pess_nat,5,10,15,SG,coop,coop,70
2774,2058,1,E.B.,pess,nat,pess_nat,6,7,5,HG,coop,coop,70
2775,2058,1,E.B.,pess,nat,pess_nat,7,0,12,PD,def,coop,70
2776,2058,1,E.B.,pess,nat,pess_nat,8,10,8,HG,coop,coop,70
2777,2058,1,E.B.,pess,nat,pess_nat,9,3,15,PD,def,coop,70
2778,2058,1,E.B.,pess,nat,pess_nat,10,3,8,SH,def,coop,70
2779,2058,1,E.B.,pess,nat,pess_nat,11,10,12,SG,coop,coop,70
2780,2058,1,E.B.,pess,nat,pess_nat,12,3,12,PD,def,coop,70
2781,2058,1,E.B.,pess,nat,pess_nat,13,7,15,SG,coop,coop,70
2782,2058,1,E.B.,pess,nat,pess_nat,14,7,8,HG,coop,coop,70
2783,2058,1,E.B.,pess,nat,pess_nat,15,3,5,SH,def,coop,70
2784,2058,2,G.P.,pess,inv,pess_inv,0,7,15,SG,def,coop,70
2785,2058,2,G.P.,pess,inv,pess_inv,1,3,15,PD,coop,coop,70
2786,2058,2,G.P.,pess,inv,pess_inv,2,3,8,SH,coop,coop,70
2787,2058,2,G.P.,pess,inv,pess_inv,3,7,5,HG,def,coop,70
2788,2058,2,G.P.,pess,inv,pess_inv,4,10,15,SG,def,coop,70
2789,2058,2,G.P.,pess,inv,pess_inv,5,7,8,HG,def,coop,70
2790,2058,2,G.P.,pess,inv,pess_inv,6,0,5,SH,coop,coop,70
2791,2058,2,G.P.,pess,inv,pess_inv,7,0,12,PD,coop,coop,70
2792,2058,2,G.P.,pess,inv,pess_inv,8,3,12,PD,coop,coop,70
2793,2058,2,G.P.,pess,inv,pess_inv,9,7,12,SG,def,coop,70
2794,2058,2,G.P.,pess,inv,pess_inv,10,10,8,HG,def,coop,70
2795,2058,2,G.P.,pess,inv,pess_inv,11,3,5,SH,coop,coop,70
2796,2058,2,G.P.,pess,inv,pess_inv,12,10,12,SG,def,coop,70
2797,2058,2,G.P.,pess,inv,pess_inv,13,0,15,PD,coop,coop,70
2798,2058,2,G.P.,pess,inv,pess_inv,14,10,5,HG,def,coop,70
2799,2058,2,G.P.,pess,inv,pess_inv,15,0,8,SH,coop,coop,70
2800,2058,3,D.T.,opt,inv,opt_inv,0,3,15,PD,coop,coop,70
2801,2058,3,D.T.,opt,inv,opt_inv,1,3,5,SH,def,coop,70
2802,2058,3,D.T.,opt,inv,opt_inv,2,7,12,SG,coop,coop,70
2803,2058,3,D.T.,opt,inv,opt_inv,3,10,5,HG,def,coop,70
2804,2058,3,D.T.,opt,inv,opt_inv,4,0,15,PD,coop,coop,70
2805,2058,3,D.T.,opt,inv,opt_inv,5,0,5,SH,def,coop,70
2806,2058,3,D.T.,opt,inv,opt_inv,6,7,8,HG,def,coop,70
2807,2058,3,D.T.,opt,inv,opt_inv,7,7,15,SG,coop,coop,70
2808,2058,3,D.T.,opt,inv,opt_inv,8,3,12,PD,coop,coop,70
2809,2058,3,D.T.,opt,inv,opt_inv,9,10,8,HG,def,coop,70
2810,2058,3,D.T.,opt,inv,opt_inv,10,3,8,SH,def,coop,70
2811,2058,3,D.T.,opt,inv,opt_inv,11,10,12,SG,coop,coop,70
2812,2058,3,D.T.,opt,inv,opt_inv,12,10,15,SG,coop,coop,70
2813,2058,3,D.T.,opt,inv,opt_inv,13,7,5,HG,def,coop,70
2814,2058,3,D.T.,opt,inv,opt_inv,14,0,8,SH,def,coop,70
2815,2058,3,D.T.,opt,inv,opt_inv,15,0,12,PD,coop,coop,70
2816,2059,0,F.A.,pess,nat,pess_nat,0,10,5,HG,coop,coop,60
2817,2059,0,F.A.,pess,nat,pess_nat,1,7,12,SG,coop,coop,50
2818,2059,0,F.A.,pess,nat,pess_nat,2,0,12,PD,def,coop,60
2819,2059,0,F.A.,pess,nat,pess_nat,3,3,8,SH,def,coop,50
2820,2059,0,F.A.,pess,nat,pess_nat,4,10,12,SG,coop,coop,60
2821,2059,0,F.A.,pess,nat,pess_nat,5,0,8,SH,def,coop,60
2822,2059,0,F.A.,pess,nat,pess_nat,6,7,8,HG,coop,coop,50
2823,2059,0,F.A.,pess,nat,pess_nat,7,0,15,PD,def,coop,60
2824,2059,0,F.A.,pess,nat,pess_nat,8,7,5,HG,coop,coop,50
2825,2059,0,F.A.,pess,nat,pess_nat,9,10,15,SG,coop,coop,60
2826,2059,0,F.A.,pess,nat,pess_nat,10,3,5,SH,def,coop,60
2827,2059,0,F.A.,pess,nat,pess_nat,11,3,15,PD,def,coop,60
2828,2059,0,F.A.,pess,nat,pess_nat,12,3,12,PD,def,coop,50
2829,2059,0,F.A.,pess,nat,pess_nat,13,0,5,SH,def,coop,60
2830,2059,0,F.A.,pess,nat,pess_nat,14,7,15,SG,coop,coop,60
2831,2059,0,F.A.,pess,nat,pess_nat,15,10,8,HG,coop,coop,50
2832,2059,1,G.P.,opt,nat,opt_nat,0,10,12,SG,def,coop,60
2833,2059,1,G.P.,opt,nat,opt_nat,1,0,12,PD,def,coop,60
2834,2059,1,G.P.,opt,nat,opt_nat,2,3,5,SH,coop,coop,50
2835,2059,1,G.P.,opt,nat,opt_nat,3,7,8,HG,coop,coop,50
2836,2059,1,G.P.,opt,nat,opt_nat,4,10,5,HG,coop,coop,60
2837,2059,1,G.P.,opt,nat,opt_nat,5,3,12,PD,def,coop,50
2838,2059,1,G.P.,opt,nat,opt_nat,6,3,8,SH,coop,coop,50
2839,2059,1,G.P.,opt,nat,opt_nat,7,10,15,SG,def,coop,60
2840,2059,1,G.P.,opt,nat,opt_nat,8,0,15,PD,def,coop,50
2841,2059,1,G.P.,opt,nat,opt_nat,9,7,12,SG,def,coop,50
2842,2059,1,G.P.,opt,nat,opt_nat,10,0,5,SH,coop,coop,50
2843,2059,1,G.P.,opt,nat,opt_nat,11,7,5,HG,coop,coop,50
2844,2059,1,G.P.,opt,nat,opt_nat,12,10,8,HG,coop,coop,50
2845,2059,1,G.P.,opt,nat,opt_nat,13,0,8,SH,coop,coop,50
2846,2059,1,G.P.,opt,nat,opt_nat,14,7,15,SG,def,coop,50
2847,2059,1,G.P.,opt,nat,opt_nat,15,3,15,PD,def,coop,50
2848,2059,2,E.B.,pess,inv,pess_inv,0,10,5,HG,def,coop,60
2849,2059,2,E.B.,pess,inv,pess_inv,1,3,5,SH,coop,coop,60
2850,2059,2,E.B.,pess,inv,pess_inv,2,0,15,PD,coop,coop,60
2851,2059,2,E.B.,pess,inv,pess_inv,3,7,12,SG,def,coop,50
2852,2059,2,E.B.,pess,inv,pess_inv,4,10,15,SG,def,coop,60
2853,2059,2,E.B.,pess,inv,pess_inv,5,10,8,HG,def,coop,60
2854,2059,2,E.B.,pess,inv,pess_inv,6,0,12,PD,coop,coop,60
2855,2059,2,E.B.,pess,inv,pess_inv,7,0,5,SH,coop,coop,60
2856,2059,2,E.B.,pess,inv,pess_inv,8,7,15,SG,def,coop,50
2857,2059,2,E.B.,pess,inv,pess_inv,9,0,8,SH,coop,coop,60
2858,2059,2,E.B.,pess,inv,pess_inv,10,3,15,PD,coop,coop,60
2859,2059,2,E.B.,pess,inv,pess_inv,11,7,5,HG,def,coop,60
2860,2059,2,E.B.,pess,inv,pess_inv,12,3,12,PD,coop,coop,60
2861,2059,2,E.B.,pess,inv,pess_inv,13,10,12,SG,def,coop,60
2862,2059,2,E.B.,pess,inv,pess_inv,14,3,8,SH,coop,coop,60
2863,2059,2,E.B.,pess,inv,pess_inv,15,7,8,HG,def,coop,60
2864,2059,3,D.T.,opt,inv,opt_inv,0,10,5,HG,def,coop,60
2865,2059,3,D.T.,opt,inv,opt_inv,1,0,15,PD,coop,coop,60
2866,2059,3,D.T.,opt,inv,opt_inv,2,7,12,SG,coop,coop,60
2867,2059,3,D.T.,opt,inv,opt_inv,3,0,8,SH,def,coop,60
2868,2059,3,D.T.,opt,inv,opt_inv,4,0,5,SH,def,coop,60
2869,2059,3,D.T.,opt,inv,opt_inv,5,10,15,SG,coop,coop,60
2870,2059,3,D.T.,opt,inv,opt_inv,6,7,5,HG,def,coop,60
2871,2059,3,D.T.,opt,inv,opt_inv,7,0,12,PD,coop,coop,60
2872,2059,3,D.T.,opt,inv,opt_inv,8,10,8,HG,def,coop,60
2873,2059,3,D.T.,opt,inv,opt_inv,9,3,15,PD,coop,coop,60
2874,2059,3,D.T.,opt,inv,opt_inv,10,3,8,SH,def,coop,60
2875,2059,3,D.T.,opt,inv,opt_inv,11,10,12,SG,coop,coop,60
2876,2059,3,D.T.,opt,inv,opt_inv,12,3,12,PD,coop,coop,60
2877,2059,3,D.T.,opt,inv,opt_inv,13,7,15,SG,coop,coop,60
2878,2059,3,D.T.,opt,inv,opt_inv,14,7,8,HG,def,coop,60
2879,2059,3,D.T.,opt,inv,opt_inv,15,3,5,SH,def,coop,60
2880,2062,0,F.A.,opt,nat,opt_nat,0,0,5,SH,coop,coop,90
2881,2062,0,F.A.,opt,nat,opt_nat,1,10,5,HG,coop,coop,80
2882,2062,0,F.A.,opt,nat,opt_nat,2,3,15,PD,def,coop,90
2883,2062,0,F.A.,opt,nat,opt_nat,3,7,12,SG,def,def,60
2884,2062,0,F.A.,opt,nat,opt_nat,4,10,8,HG,coop,def,70
2885,2062,0,F.A.,opt,nat,opt_nat,5,0,15,PD,def,def,100
2886,2062,0,F.A.,opt,nat,opt_nat,6,3,5,SH,coop,def,90
2887,2062,0,F.A.,opt,nat,opt_nat,7,7,15,SG,def,def,70
2888,2062,0,F.A.,opt,nat,opt_nat,8,3,12,PD,def,def,90
2889,2062,0,F.A.,opt,nat,opt_nat,9,10,12,SG,def,def,60
2890,2062,0,F.A.,opt,nat,opt_nat,10,7,8,HG,coop,def,70
2891,2062,0,F.A.,opt,nat,opt_nat,11,3,8,SH,coop,def,80
2892,2062,0,F.A.,opt,nat,opt_nat,12,0,12,PD,def,def,100
2893,2062,0,F.A.,opt,nat,opt_nat,13,0,8,SH,coop,def,100
2894,2062,0,F.A.,opt,nat,opt_nat,14,10,15,SG,def,def,80
2895,2062,0,F.A.,opt,nat,opt_nat,15,7,5,HG,coop,def,60
2896,2062,1,G.P.,pess,nat,pess_nat,0,7,5,HG,coop,coop,80
2897,2062,1,G.P.,pess,nat,pess_nat,1,3,5,SH,def,def,70
2898,2062,1,G.P.,pess,nat,pess_nat,2,7,12,SG,coop,coop,90
2899,2062,1,G.P.,pess,nat,pess_nat,3,3,15,PD,def,coop,100
2900,2062,1,G.P.,pess,nat,pess_nat,4,0,5,SH,def,coop,100
2901,2062,1,G.P.,pess,nat,pess_nat,5,0,15,PD,def,coop,100
2902,2062,1,G.P.,pess,nat,pess_nat,6,7,15,SG,coop,coop,100
2903,2062,1,G.P.,pess,nat,pess_nat,7,10,8,HG,coop,coop,80
2904,2062,1,G.P.,pess,nat,pess_nat,8,10,12,SG,coop,coop,100
2905,2062,1,G.P.,pess,nat,pess_nat,9,3,8,SH,def,coop,100
2906,2062,1,G.P.,pess,nat,pess_nat,10,10,5,HG,coop,coop,100
2907,2062,1,G.P.,pess,nat,pess_nat,11,3,12,PD,def,coop,100
2908,2062,1,G.P.,pess,nat,pess_nat,12,10,15,SG,coop,coop,100
2909,2062,1,G.P.,pess,nat,pess_nat,13,0,12,PD,def,coop,100
2910,2062,1,G.P.,pess,nat,pess_nat,14,0,8,SH,def,coop,100
2911,2062,1,G.P.,pess,nat,pess_nat,15,7,8,HG,coop,coop,100
2912,2062,2,E.B.,pess,inv,pess_inv,0,0,12,PD,coop,coop,100
2913,2062,2,E.B.,pess,inv,pess_inv,1,0,8,SH,coop,coop,100
2914,2062,2,E.B.,pess,inv,pess_inv,2,7,15,SG,def,coop,100
2915,2062,2,E.B.,pess,inv,pess_inv,3,7,8,HG,def,coop,100
2916,2062,2,E.B.,pess,inv,pess_inv,4,3,12,PD,coop,coop,100
2917,2062,2,E.B.,pess,inv,pess_inv,5,0,5,SH,coop,coop,100
2918,2062,2,E.B.,pess,inv,pess_inv,6,10,8,HG,def,coop,100
2919,2062,2,E.B.,pess,inv,pess_inv,7,10,15,SG,def,coop,100
2920,2062,2,E.B.,pess,inv,pess_inv,8,10,12,SG,def,coop,100
2921,2062,2,E.B.,pess,inv,pess_inv,9,0,15,PD,coop,coop,100
2922,2062,2,E.B.,pess,inv,pess_inv,10,10,5,HG,def,coop,100
2923,2062,2,E.B.,pess,inv,pess_inv,11,3,8,SH,coop,coop,100
2924,2062,2,E.B.,pess,inv,pess_inv,12,7,12,SG,def,coop,100
2925,2062,2,E.B.,pess,inv,pess_inv,13,3,15,PD,coop,coop,100
2926,2062,2,E.B.,pess,inv,pess_inv,14,3,5,SH,coop,coop,100
2927,2062,2,E.B.,pess,inv,pess_inv,15,7,5,HG,def,coop,100
2928,2062,3,D.T.,opt,inv,opt_inv,0,3,12,PD,coop,coop,100
2929,2062,3,D.T.,opt,inv,opt_inv,1,7,8,HG,def,coop,100
2930,2062,3,D.T.,opt,inv,opt_inv,2,3,8,SH,def,coop,100
2931,2062,3,D.T.,opt,inv,opt_inv,3,7,12,SG,coop,coop,100
2932,2062,3,D.T.,opt,inv,opt_inv,4,0,15,PD,coop,coop,100
2933,2062,3,D.T.,opt,inv,opt_inv,5,0,8,SH,def,coop,100
2934,2062,3,D.T.,opt,inv,opt_inv,6,7,15,SG,coop,coop,100
2935,2062,3,D.T.,opt,inv,opt_inv,7,7,5,HG,def,coop,100
2936,2062,3,D.T.,opt,inv,opt_inv,8,3,15,PD,coop,coop,100
2937,2062,3,D.T.,opt,inv,opt_inv,9,0,5,SH,def,coop,100
2938,2062,3,D.T.,opt,inv,opt_inv,10,10,5,HG,def,coop,100
2939,2062,3,D.T.,opt,inv,opt_inv,11,10,15,SG,coop,coop,100
2940,2062,3,D.T.,opt,inv,opt_inv,12,10,12,SG,coop,coop,100
2941,2062,3,D.T.,opt,inv,opt_inv,13,0,12,PD,coop,coop,100
2942,2062,3,D.T.,opt,inv,opt_inv,14,3,5,SH,def,coop,100
2943,2062,3,D.T.,opt,inv,opt_inv,15,10,8,HG,def,coop,100
2944,2063,0,D.T.,pess,nat,pess_nat,0,7,15,SG,coop,def,100
2945,2063,0,D.T.,pess,nat,pess_nat,1,7,5,HG,coop,coop,100
2946,2063,0,D.T.,pess,nat,pess_nat,2,3,8,SH,def,def,100
2947,2063,0,D.T.,pess,nat,pess_nat,3,0,12,PD,def,def,100
2948,2063,0,D.T.,pess,nat,pess_nat,4,7,8,HG,coop,def,100
2949,2063,0,D.T.,pess,nat,pess_nat,5,0,8,SH,def,coop,100
2950,2063,0,D.T.,pess,nat,pess_nat,6,10,15,SG,coop,def,100
2951,2063,0,D.T.,pess,nat,pess_nat,7,0,15,PD,def,def,100
2952,2063,0,D.T.,pess,nat,pess_nat,8,10,5,HG,coop,coop,100
2953,2063,0,D.T.,pess,nat,pess_nat,9,3,5,SH,def,coop,100
2954,2063,0,D.T.,pess,nat,pess_nat,10,3,15,PD,def,def,100
2955,2063,0,D.T.,pess,nat,pess_nat,11,10,12,SG,coop,def,100
2956,2063,0,D.T.,pess,nat,pess_nat,12,0,5,SH,def,def,100
2957,2063,0,D.T.,pess,nat,pess_nat,13,3,12,PD,def,def,100
2958,2063,0,D.T.,pess,nat,pess_nat,14,7,12,SG,coop,def,100
2959,2063,0,D.T.,pess,nat,pess_nat,15,10,8,HG,coop,coop,100
2960,2063,1,E.B.,opt,nat,opt_nat,0,0,12,PD,def,def,100
2961,2063,1,E.B.,opt,nat,opt_nat,1,0,8,SH,coop,coop,100
2962,2063,1,E.B.,opt,nat,opt_nat,2,7,15,SG,def,def,100
2963,2063,1,E.B.,opt,nat,opt_nat,3,7,8,HG,coop,def,100
2964,2063,1,E.B.,opt,nat,opt_nat,4,3,12,PD,def,def,100
2965,2063,1,E.B.,opt,nat,opt_nat,5,0,5,SH,coop,coop,100
2966,2063,1,E.B.,opt,nat,opt_nat,6,10,8,HG,coop,coop,100
2967,2063,1,E.B.,opt,nat,opt_nat,7,10,15,SG,def,def,100
2968,2063,1,E.B.,opt,nat,opt_nat,8,10,12,SG,def,def,100
2969,2063,1,E.B.,opt,nat,opt_nat,9,0,15,PD,def,def,100
2970,2063,1,E.B.,opt,nat,opt_nat,10,10,5,HG,coop,coop,100
2971,2063,1,E.B.,opt,nat,opt_nat,11,3,8,SH,coop,coop,100
2972,2063,1,E.B.,opt,nat,opt_nat,12,7,12,SG,def,def,100
2973,2063,1,E.B.,opt,nat,opt_nat,13,3,15,PD,def,def,100
2974,2063,1,E.B.,opt,nat,opt_nat,14,3,5,SH,coop,coop,100
2975,2063,1,E.B.,opt,nat,opt_nat,15,7,5,HG,coop,coop,100
2976,2063,2,F.A.,opt,inv,opt_inv,0,3,12,PD,coop,def,100
2977,2063,2,F.A.,opt,inv,opt_inv,1,7,8,HG,def,coop,100
2978,2063,2,F.A.,opt,inv,opt_inv,2,3,8,SH,def,def,100
2979,2063,2,F.A.,opt,inv,opt_inv,3,7,12,SG,coop,def,100
2980,2063,2,F.A.,opt,inv,opt_inv,4,0,15,PD,coop,def,100
2981,2063,2,F.A.,opt,inv,opt_inv,5,0,8,SH,def,coop,100
2982,2063,2,F.A.,opt,inv,opt_inv,6,7,15,SG,coop,def,100
2983,2063,2,F.A.,opt,inv,opt_inv,7,7,5,HG,def,coop,100
2984,2063,2,F.A.,opt,inv,opt_inv,8,3,15,PD,coop,def,100
2985,2063,2,F.A.,opt,inv,opt_inv,9,0,5,SH,def,coop,100
2986,2063,2,F.A.,opt,inv,opt_inv,10,10,5,HG,def,coop,100
2987,2063,2,F.A.,opt,inv,opt_inv,11,10,15,SG,coop,def,100
2988,2063,2,F.A.,opt,inv,opt_inv,12,10,12,SG,coop,def,100
2989,2063,2,F.A.,opt,inv,opt_inv,13,0,12,PD,coop,def,100
2990,2063,2,F.A.,opt,inv,opt_inv,14,3,5,SH,def,coop,100
2991,2063,2,F.A.,opt,inv,opt_inv,15,10,8,HG,def,coop,100
2992,2063,3,G.P.,pess,inv,pess_inv,0,3,5,SH,coop,coop,100
2993,2063,3,G.P.,pess,inv,pess_inv,1,0,15,PD,coop,def,100
2994,2063,3,G.P.,pess,inv,pess_inv,2,7,8,HG,def,coop,100
2995,2063,3,G.P.,pess,inv,pess_inv,3,10,12,SG,def,def,100
2996,2063,3,G.P.,pess,inv,pess_inv,4,7,12,SG,def,def,100
2997,2063,3,G.P.,pess,inv,pess_inv,5,10,8,HG,def,coop,100
2998,2063,3,G.P.,pess,inv,pess_inv,6,0,5,SH,coop,def,100
2999,2063,3,G.P.,pess,inv,pess_inv,7,0,12,PD,coop,def,100
3000,2063,3,G.P.,pess,inv,pess_inv,8,7,5,HG,def,coop,100
3001,2063,3,G.P.,pess,inv,pess_inv,9,3,8,SH,coop,coop,100
3002,2063,3,G.P.,pess,inv,pess_inv,10,3,12,PD,coop,def,100
3003,2063,3,G.P.,pess,inv,pess_inv,11,7,15,SG,def,def,100
3004,2063,3,G.P.,pess,inv,pess_inv,12,3,15,PD,coop,def,100
3005,2063,3,G.P.,pess,inv,pess_inv,13,10,5,HG,def,coop,100
3006,2063,3,G.P.,pess,inv,pess_inv,14,10,15,SG,def,def,100
3007,2063,3,G.P.,pess,inv,pess_inv,15,0,8,SH,coop,def,100
3008,2065,0,G.P.,pess,nat,pess_nat,0,7,5,HG,coop,coop,70
3009,2065,0,G.P.,pess,nat,pess_nat,1,3,5,SH,def,def,50
3010,2065,0,G.P.,pess,nat,pess_nat,2,7,12,SG,coop,def,70
3011,2065,0,G.P.,pess,nat,pess_nat,3,3,15,PD,def,def,60
3012,2065,0,G.P.,pess,nat,pess_nat,4,0,5,SH,def,def,80
3013,2065,0,G.P.,pess,nat,pess_nat,5,0,15,PD,def,def,70
3014,2065,0,G.P.,pess,nat,pess_nat,6,7,15,SG,coop,coop,40
3015,2065,0,G.P.,pess,nat,pess_nat,7,10,8,HG,coop,coop,80
3016,2065,0,G.P.,pess,nat,pess_nat,8,10,12,SG,coop,def,60
3017,2065,0,G.P.,pess,nat,pess_nat,9,3,8,SH,def,coop,70
3018,2065,0,G.P.,pess,nat,pess_nat,10,10,5,HG,coop,coop,80
3019,2065,0,G.P.,pess,nat,pess_nat,11,3,12,PD,def,def,70
3020,2065,0,G.P.,pess,nat,pess_nat,12,10,15,SG,coop,def,70
3021,2065,0,G.P.,pess,nat,pess_nat,13,0,12,PD,def,def,80
3022,2065,0,G.P.,pess,nat,pess_nat,14,0,8,SH,def,def,80
3023,2065,0,G.P.,pess,nat,pess_nat,15,7,8,HG,coop,def,70
3024,2065,1,D.T.,opt,nat,opt_nat,0,0,12,PD,def,def,80
3025,2065,1,D.T.,opt,nat,opt_nat,1,7,5,HG,coop,coop,70
3026,2065,1,D.T.,opt,nat,opt_nat,2,10,12,SG,def,def,60
3027,2065,1,D.T.,opt,nat,opt_nat,3,3,5,SH,coop,def,80
3028,2065,1,D.T.,opt,nat,opt_nat,4,0,8,SH,coop,def,80
3029,2065,1,D.T.,opt,nat,opt_nat,5,0,15,PD,def,def,80
3030,2065,1,D.T.,opt,nat,opt_nat,6,10,5,HG,coop,coop,70
3031,2065,1,D.T.,opt,nat,opt_nat,7,7,12,SG,def,def,70
3032,2065,1,D.T.,opt,nat,opt_nat,8,3,15,PD,def,def,80
3033,2065,1,D.T.,opt,nat,opt_nat,9,10,15,SG,def,def,60
3034,2065,1,D.T.,opt,nat,opt_nat,10,7,8,HG,coop,def,70
3035,2065,1,D.T.,opt,nat,opt_nat,11,0,5,SH,coop,def,70
3036,2065,1,D.T.,opt,nat,opt_nat,12,10,8,HG,coop,coop,70
3037,2065,1,D.T.,opt,nat,opt_nat,13,7,15,SG,def,def,70
3038,2065,1,D.T.,opt,nat,opt_nat,14,3,8,SH,coop,def,70
3039,2065,1,D.T.,opt,nat,opt_nat,15,3,12,PD,def,def,70
3040,2065,2,E.B.,opt,inv,opt_inv,0,3,5,SH,def,def,70
3041,2065,2,E.B.,opt,inv,opt_inv,1,0,15,PD,coop,def,70
3042,2065,2,E.B.,opt,inv,opt_inv,2,7,8,HG,def,def,60
3043,2065,2,E.B.,opt,inv,opt_inv,3,10,12,SG,coop,def,70
3044,2065,2,E.B.,opt,inv,opt_inv,4,7,12,SG,coop,def,60
3045,2065,2,E.B.,opt,inv,opt_inv,5,10,8,HG,def,coop,70
3046,2065,2,E.B.,opt,inv,opt_inv,6,0,5,SH,def,def,70
3047,2065,2,E.B.,opt,inv,opt_inv,7,0,12,PD,coop,def,80
3048,2065,2,E.B.,opt,inv,opt_inv,8,7,5,HG,def,coop,70
3049,2065,2,E.B.,opt,inv,opt_inv,9,3,8,SH,def,def,70
3050,2065,2,E.B.,opt,inv,opt_inv,10,3,12,PD,coop,def,70
3051,2065,2,E.B.,opt,inv,opt_inv,11,7,15,SG,coop,def,60
3052,2065,2,E.B.,opt,inv,opt_inv,12,3,15,PD,coop,def,70
3053,2065,2,E.B.,opt,inv,opt_inv,13,10,5,HG,def,coop,70
3054,2065,2,E.B.,opt,inv,opt_inv,14,10,15,SG,coop,def,70
3055,2065,2,E.B.,opt,inv,opt_inv,15,0,8,SH,def,def,70
3056,2065,3,F.A.,pess,inv,pess_inv,0,7,15,SG,def,def,70
3057,2065,3,F.A.,pess,inv,pess_inv,1,3,15,PD,coop,def,70
3058,2065,3,F.A.,pess,inv,pess_inv,2,3,8,SH,coop,def,70
3059,2065,3,F.A.,pess,inv,pess_inv,3,7,5,HG,def,coop,70
3060,2065,3,F.A.,pess,inv,pess_inv,4,10,15,SG,def,def,70
3061,2065,3,F.A.,pess,inv,pess_inv,5,7,8,HG,def,def,70
3062,2065,3,F.A.,pess,inv,pess_inv,6,0,5,SH,coop,def,70
3063,2065,3,F.A.,pess,inv,pess_inv,7,0,12,PD,coop,def,70
3064,2065,3,F.A.,pess,inv,pess_inv,8,3,12,PD,coop,def,70
3065,2065,3,F.A.,pess,inv,pess_inv,9,7,12,SG,def,def,70
3066,2065,3,F.A.,pess,inv,pess_inv,10,10,8,HG,def,coop,70
3067,2065,3,F.A.,pess,inv,pess_inv,11,3,5,SH,coop,def,70
3068,2065,3,F.A.,pess,inv,pess_inv,12,10,12,SG,def,def,70
3069,2065,3,F.A.,pess,inv,pess_inv,13,0,15,PD,coop,def,70
3070,2065,3,F.A.,pess,inv,pess_inv,14,10,5,HG,def,coop,70
3071,2065,3,F.A.,pess,inv,pess_inv,15,0,8,SH,coop,def,70
3072,2066,0,E.B.,opt,nat,opt_nat,0,0,8,SH,coop,coop,50
3073,2066,0,E.B.,opt,nat,opt_nat,1,3,15,PD,def,def,50
3074,2066,0,E.B.,opt,nat,opt_nat,2,10,12,SG,def,coop,50
3075,2066,0,E.B.,opt,nat,opt_nat,3,7,8,HG,coop,def,50
3076,2066,0,E.B.,opt,nat,opt_nat,4,10,8,HG,coop,coop,50
3077,2066,0,E.B.,opt,nat,opt_nat,5,0,15,PD,def,coop,50
3078,2066,0,E.B.,opt,nat,opt_nat,6,3,8,SH,coop,def,50
3079,2066,0,E.B.,opt,nat,opt_nat,7,7,15,SG,def,def,50
3080,2066,0,E.B.,opt,nat,opt_nat,8,0,12,PD,def,coop,50
3081,2066,0,E.B.,opt,nat,opt_nat,9,3,5,SH,coop,coop,50
3082,2066,0,E.B.,opt,nat,opt_nat,10,7,12,SG,def,def,50
3083,2066,0,E.B.,opt,nat,opt_nat,11,10,5,HG,coop,coop,50
3084,2066,0,E.B.,opt,nat,opt_nat,12,0,5,SH,coop,def,50
3085,2066,0,E.B.,opt,nat,opt_nat,13,7,5,HG,coop,coop,50
3086,2066,0,E.B.,opt,nat,opt_nat,14,3,12,PD,def,def,50
3087,2066,0,E.B.,opt,nat,opt_nat,15,10,15,SG,def,def,50
3088,2066,1,F.A.,pess,nat,pess_nat,0,7,12,SG,coop,coop,50
3089,2066,1,F.A.,pess,nat,pess_nat,1,7,8,HG,coop,coop,50
3090,2066,1,F.A.,pess,nat,pess_nat,2,0,5,SH,def,coop,50
3091,2066,1,F.A.,pess,nat,pess_nat,3,3,15,PD,def,def,50
3092,2066,1,F.A.,pess,nat,pess_nat,4,0,12,PD,def,def,50
3093,2066,1,F.A.,pess,nat,pess_nat,5,0,8,SH,def,def,50
3094,2066,1,F.A.,pess,nat,pess_nat,6,10,12,SG,coop,def,50
3095,2066,1,F.A.,pess,nat,pess_nat,7,10,5,HG,coop,coop,50
3096,2066,1,F.A.,pess,nat,pess_nat,8,10,8,HG,coop,coop,50
3097,2066,1,F.A.,pess,nat,pess_nat,9,10,15,SG,coop,def,50
3098,2066,1,F.A.,pess,nat,pess_nat,10,3,8,SH,def,def,50
3099,2066,1,F.A.,pess,nat,pess_nat,11,3,12,PD,def,def,50
3100,2066,1,F.A.,pess,nat,pess_nat,12,7,15,SG,coop,def,50
3101,2066,1,F.A.,pess,nat,pess_nat,13,7,5,HG,coop,coop,50
3102,2066,1,F.A.,pess,nat,pess_nat,14,3,5,SH,def,def,50
3103,2066,1,F.A.,pess,nat,pess_nat,15,0,15,PD,def,def,50
3104,2066,2,G.P.,pess,inv,pess_inv,0,7,15,SG,def,def,50
3105,2066,2,G.P.,pess,inv,pess_inv,1,0,12,PD,coop,def,50
3106,2066,2,G.P.,pess,inv,pess_inv,2,3,5,SH,coop,coop,50
3107,2066,2,G.P.,pess,inv,pess_inv,3,7,5,HG,def,coop,50
3108,2066,2,G.P.,pess,inv,pess_inv,4,3,12,PD,coop,def,50
3109,2066,2,G.P.,pess,inv,pess_inv,5,7,8,HG,def,coop,50
3110,2066,2,G.P.,pess,inv,pess_inv,6,0,8,SH,coop,coop,50
3111,2066,2,G.P.,pess,inv,pess_inv,7,10,15,SG,def,def,50
3112,2066,2,G.P.,pess,inv,pess_inv,8,10,12,SG,def,def,50
3113,2066,2,G.P.,pess,inv,pess_inv,9,0,15,PD,coop,def,50
3114,2066,2,G.P.,pess,inv,pess_inv,10,0,5,SH,coop,def,50
3115,2066,2,G.P.,pess,inv,pess_inv,11,10,8,HG,def,coop,50
3116,2066,2,G.P.,pess,inv,pess_inv,12,7,12,SG,def,def,50
3117,2066,2,G.P.,pess,inv,pess_inv,13,3,8,SH,coop,def,50
3118,2066,2,G.P.,pess,inv,pess_inv,14,3,15,PD,coop,def,50
3119,2066,2,G.P.,pess,inv,pess_inv,15,10,5,HG,def,coop,50
3120,2066,3,D.T.,opt,inv,opt_inv,0,0,12,PD,coop,coop,50
3121,2066,3,D.T.,opt,inv,opt_inv,1,7,5,HG,def,coop,50
3122,2066,3,D.T.,opt,inv,opt_inv,2,10,12,SG,coop,def,50
3123,2066,3,D.T.,opt,inv,opt_inv,3,3,5,SH,def,coop,50
3124,2066,3,D.T.,opt,inv,opt_inv,4,0,8,SH,def,def,50
3125,2066,3,D.T.,opt,inv,opt_inv,5,0,15,PD,coop,def,50
3126,2066,3,D.T.,opt,inv,opt_inv,6,10,5,HG,def,coop,50
3127,2066,3,D.T.,opt,inv,opt_inv,7,7,12,SG,coop,def,50
3128,2066,3,D.T.,opt,inv,opt_inv,8,3,15,PD,coop,def,50
3129,2066,3,D.T.,opt,inv,opt_inv,9,10,15,SG,coop,def,50
3130,2066,3,D.T.,opt,inv,opt_inv,10,7,8,HG,def,def,50
3131,2066,3,D.T.,opt,inv,opt_inv,11,0,5,SH,def,def,50
3132,2066,3,D.T.,opt,inv,opt_inv,12,10,8,HG,def,coop,50
3133,2066,3,D.T.,opt,inv,opt_inv,13,7,15,SG,coop,def,50
3134,2066,3,D.T.,opt,inv,opt_inv,14,3,8,SH,def,def,50
3135,2066,3,D.T.,opt,inv,opt_inv,15,3,12,PD,coop,def,50
3136,2067,0,G.P.,pess,nat,pess_nat,0,10,5,HG,coop,coop,100
3137,2067,0,G.P.,pess,nat,pess_nat,1,0,15,PD,def,coop,90
3138,2067,0,G.P.,pess,nat,pess_nat,2,7,12,SG,coop,def,90
3139,2067,0,G.P.,pess,nat,pess_nat,3,0,8,SH,def,def,90
3140,2067,0,G.P.,pess,nat,pess_nat,4,0,5,SH,def,def,90
3141,2067,0,G.P.,pess,nat,pess_nat,5,10,15,SG,coop,def,90
3142,2067,0,G.P.,pess,nat,pess_nat,6,7,5,HG,coop,coop,90
3143,2067,0,G.P.,pess,nat,pess_nat,7,0,12,PD,def,def,90
3144,2067,0,G.P.,pess,nat,pess_nat,8,10,8,HG,coop,coop,90
3145,2067,0,G.P.,pess,nat,pess_nat,9,3,15,PD,def,coop,80
3146,2067,0,G.P.,pess,nat,pess_nat,10,3,8,SH,def,coop,90
3147,2067,0,G.P.,pess,nat,pess_nat,11,10,12,SG,coop,coop,90
3148,2067,0,G.P.,pess,nat,pess_nat,12,3,12,PD,def,coop,90
3149,2067,0,G.P.,pess,nat,pess_nat,13,7,15,SG,coop,coop,90
3150,2067,0,G.P.,pess,nat,pess_nat,14,7,8,HG,coop,coop,90
3151,2067,0,G.P.,pess,nat,pess_nat,15,3,5,SH,def,coop,90
3152,2067,1,E.B.,opt,nat,opt_nat,0,3,8,SH,coop,coop,90
3153,2067,1,E.B.,opt,nat,opt_nat,1,0,15,PD,def,coop,90
3154,2067,1,E.B.,opt,nat,opt_nat,2,7,8,HG,coop,coop,90
3155,2067,1,E.B.,opt,nat,opt_nat,3,7,15,SG,def,coop,90
3156,2067,1,E.B.,opt,nat,opt_nat,4,3,5,SH,coop,coop,90
3157,2067,1,E.B.,opt,nat,opt_nat,5,7,5,HG,coop,coop,90
3158,2067,1,E.B.,opt,nat,opt_nat,6,0,12,PD,def,coop,90
3159,2067,1,E.B.,opt,nat,opt_nat,7,10,12,SG,def,coop,90
3160,2067,1,E.B.,opt,nat,opt_nat,8,7,12,SG,def,coop,90
3161,2067,1,E.B.,opt,nat,opt_nat,9,3,15,PD,def,coop,90
3162,2067,1,E.B.,opt,nat,opt_nat,10,0,8,SH,coop,coop,90
3163,2067,1,E.B.,opt,nat,opt_nat,11,10,5,HG,coop,coop,90
3164,2067,1,E.B.,opt,nat,opt_nat,12,10,15,SG,def,coop,90
3165,2067,1,E.B.,opt,nat,opt_nat,13,0,5,SH,coop,coop,90
3166,2067,1,E.B.,opt,nat,opt_nat,14,10,8,HG,coop,coop,90
3167,2067,1,E.B.,opt,nat,opt_nat,15,3,12,PD,def,coop,90
3168,2067,2,D.T.,pess,inv,pess_inv,0,7,15,SG,def,coop,90
3169,2067,2,D.T.,pess,inv,pess_inv,1,7,5,HG,def,coop,90
3170,2067,2,D.T.,pess,inv,pess_inv,2,3,8,SH,coop,coop,90
3171,2067,2,D.T.,pess,inv,pess_inv,3,0,12,PD,coop,coop,90
3172,2067,2,D.T.,pess,inv,pess_inv,4,7,8,HG,def,coop,90
3173,2067,2,D.T.,pess,inv,pess_inv,5,0,8,SH,coop,coop,90
3174,2067,2,D.T.,pess,inv,pess_inv,6,10,15,SG,def,coop,90
3175,2067,2,D.T.,pess,inv,pess_inv,7,0,15,PD,coop,coop,90
3176,2067,2,D.T.,pess,inv,pess_inv,8,10,5,HG,def,coop,90
3177,2067,2,D.T.,pess,inv,pess_inv,9,3,5,SH,coop,coop,90
3178,2067,2,D.T.,pess,inv,pess_inv,10,3,15,PD,coop,coop,90
3179,2067,2,D.T.,pess,inv,pess_inv,11,10,12,SG,def,coop,90
3180,2067,2,D.T.,pess,inv,pess_inv,12,0,5,SH,coop,coop,90
3181,2067,2,D.T.,pess,inv,pess_inv,13,3,12,PD,coop,coop,90
3182,2067,2,D.T.,pess,inv,pess_inv,14,7,12,SG,def,coop,90
3183,2067,2,D.T.,pess,inv,pess_inv,15,10,8,HG,def,coop,90
3184,2067,3,F.A.,opt,inv,opt_inv,0,10,12,SG,coop,coop,90
3185,2067,3,F.A.,opt,inv,opt_inv,1,0,12,PD,coop,coop,90
3186,2067,3,F.A.,opt,inv,opt_inv,2,3,5,SH,def,coop,90
3187,2067,3,F.A.,opt,inv,opt_inv,3,7,8,HG,def,coop,90
3188,2067,3,F.A.,opt,inv,opt_inv,4,10,5,HG,def,coop,90
3189,2067,3,F.A.,opt,inv,opt_inv,5,3,12,PD,coop,coop,90
3190,2067,3,F.A.,opt,inv,opt_inv,6,3,8,SH,def,coop,90
3191,2067,3,F.A.,opt,inv,opt_inv,7,10,15,SG,coop,coop,90
3192,2067,3,F.A.,opt,inv,opt_inv,8,0,15,PD,coop,coop,90
3193,2067,3,F.A.,opt,inv,opt_inv,9,7,12,SG,coop,coop,90
3194,2067,3,F.A.,opt,inv,opt_inv,10,0,5,SH,def,coop,90
3195,2067,3,F.A.,opt,inv,opt_inv,11,7,5,HG,def,coop,90
3196,2067,3,F.A.,opt,inv,opt_inv,12,10,8,HG,def,coop,90
3197,2067,3,F.A.,opt,inv,opt_inv,13,0,8,SH,def,coop,90
3198,2067,3,F.A.,opt,inv,opt_inv,14,7,15,SG,coop,coop,90
3199,2067,3,F.A.,opt,inv,opt_inv,15,3,15,PD,coop,coop,90
3200,2069,0,G.P.,pess,nat,pess_nat,0,7,5,HG,coop,coop,70
3201,2069,0,G.P.,pess,nat,pess_nat,1,3,5,SH,def,coop,70
3202,2069,0,G.P.,pess,nat,pess_nat,2,7,12,SG,coop,def,70
3203,2069,0,G.P.,pess,nat,pess_nat,3,3,15,PD,def,def,70
3204,2069,0,G.P.,pess,nat,pess_nat,4,0,5,SH,def,coop,70
3205,2069,0,G.P.,pess,nat,pess_nat,5,0,15,PD,def,def,70
3206,2069,0,G.P.,pess,nat,pess_nat,6,7,15,SG,coop,def,70
3207,2069,0,G.P.,pess,nat,pess_nat,7,10,8,HG,coop,def,70
3208,2069,0,G.P.,pess,nat,pess_nat,8,10,12,SG,coop,coop,70
3209,2069,0,G.P.,pess,nat,pess_nat,9,3,8,SH,def,def,70
3210,2069,0,G.P.,pess,nat,pess_nat,10,10,5,HG,coop,coop,70
3211,2069,0,G.P.,pess,nat,pess_nat,11,3,12,PD,def,def,70
3212,2069,0,G.P.,pess,nat,pess_nat,12,10,15,SG,coop,def,70
3213,2069,0,G.P.,pess,nat,pess_nat,13,0,12,PD,def,def,70
3214,2069,0,G.P.,pess,nat,pess_nat,14,0,8,SH,def,def,70
3215,2069,0,G.P.,pess,nat,pess_nat,15,7,8,HG,coop,def,70
3216,2069,1,E.B.,opt,nat,opt_nat,0,0,5,SH,coop,def,70
3217,2069,1,E.B.,opt,nat,opt_nat,1,10,5,HG,coop,coop,70
3218,2069,1,E.B.,opt,nat,opt_nat,2,3,15,PD,def,def,70
3219,2069,1,E.B.,opt,nat,opt_nat,3,7,12,SG,def,def,70
3220,2069,1,E.B.,opt,nat,opt_nat,4,10,8,HG,coop,coop,70
3221,2069,1,E.B.,opt,nat,opt_nat,5,0,15,PD,def,def,70
3222,2069,1,E.B.,opt,nat,opt_nat,6,3,5,SH,coop,def,70
3223,2069,1,E.B.,opt,nat,opt_nat,7,7,15,SG,def,def,70
3224,2069,1,E.B.,opt,nat,opt_nat,8,3,12,PD,def,def,70
3225,2069,1,E.B.,opt,nat,opt_nat,9,10,12,SG,def,def,70
3226,2069,1,E.B.,opt,nat,opt_nat,10,7,8,HG,coop,def,70
3227,2069,1,E.B.,opt,nat,opt_nat,11,3,8,SH,coop,def,70
3228,2069,1,E.B.,opt,nat,opt_nat,12,0,12,PD,def,def,70
3229,2069,1,E.B.,opt,nat,opt_nat,13,0,8,SH,coop,def,70
3230,2069,1,E.B.,opt,nat,opt_nat,14,10,15,SG,def,def,70
3231,2069,1,E.B.,opt,nat,opt_nat,15,7,5,HG,coop,coop,70
3232,2069,2,F.A.,opt,inv,opt_inv,0,10,5,HG,def,coop,70
3233,2069,2,F.A.,opt,inv,opt_inv,1,0,15,PD,coop,def,70
3234,2069,2,F.A.,opt,inv,opt_inv,2,7,12,SG,coop,def,70
3235,2069,2,F.A.,opt,inv,opt_inv,3,0,8,SH,def,def,70
3236,2069,2,F.A.,opt,inv,opt_inv,4,0,5,SH,def,def,70
3237,2069,2,F.A.,opt,inv,opt_inv,5,10,15,SG,coop,def,70
3238,2069,2,F.A.,opt,inv,opt_inv,6,7,5,HG,def,coop,70
3239,2069,2,F.A.,opt,inv,opt_inv,7,0,12,PD,coop,def,70
3240,2069,2,F.A.,opt,inv,opt_inv,8,10,8,HG,def,coop,70
3241,2069,2,F.A.,opt,inv,opt_inv,9,3,15,PD,coop,def,70
3242,2069,2,F.A.,opt,inv,opt_inv,10,3,8,SH,def,def,70
3243,2069,2,F.A.,opt,inv,opt_inv,11,10,12,SG,coop,def,70
3244,2069,2,F.A.,opt,inv,opt_inv,12,3,12,PD,coop,def,70
3245,2069,2,F.A.,opt,inv,opt_inv,13,7,15,SG,coop,def,70
3246,2069,2,F.A.,opt,inv,opt_inv,14,7,8,HG,def,def,70
3247,2069,2,F.A.,opt,inv,opt_inv,15,3,5,SH,def,def,70
3248,2069,3,D.T.,pess,inv,pess_inv,0,10,5,HG,def,coop,70
3249,2069,3,D.T.,pess,inv,pess_inv,1,7,12,SG,def,def,70
3250,2069,3,D.T.,pess,inv,pess_inv,2,0,12,PD,coop,def,70
3251,2069,3,D.T.,pess,inv,pess_inv,3,3,8,SH,coop,def,70
3252,2069,3,D.T.,pess,inv,pess_inv,4,10,12,SG,def,def,70
3253,2069,3,D.T.,pess,inv,pess_inv,5,0,8,SH,coop,def,70
3254,2069,3,D.T.,pess,inv,pess_inv,6,7,8,HG,def,def,70
3255,2069,3,D.T.,pess,inv,pess_inv,7,0,15,PD,coop,def,70
3256,2069,3,D.T.,pess,inv,pess_inv,8,7,5,HG,def,coop,70
3257,2069,3,D.T.,pess,inv,pess_inv,9,10,15,SG,def,def,70
3258,2069,3,D.T.,pess,inv,pess_inv,10,3,5,SH,coop,def,70
3259,2069,3,D.T.,pess,inv,pess_inv,11,3,15,PD,coop,def,70
3260,2069,3,D.T.,pess,inv,pess_inv,12,3,12,PD,coop,def,70
3261,2069,3,D.T.,pess,inv,pess_inv,13,0,5,SH,coop,def,70
3262,2069,3,D.T.,pess,inv,pess_inv,14,7,15,SG,def,def,70
3263,2069,3,D.T.,pess,inv,pess_inv,15,10,8,HG,def,coop,70
3264,2070,0,G.P.,pess,nat,pess_nat,0,7,15,SG,coop,coop,70
3265,2070,0,G.P.,pess,nat,pess_nat,1,0,12,PD,def,coop,70
3266,2070,0,G.P.,pess,nat,pess_nat,2,3,5,SH,def,coop,70
3267,2070,0,G.P.,pess,nat,pess_nat,3,7,5,HG,coop,coop,70
3268,2070,0,G.P.,pess,nat,pess_nat,4,3,12,PD,def,coop,60
3269,2070,0,G.P.,pess,nat,pess_nat,5,7,8,HG,coop,coop,60
3270,2070,0,G.P.,pess,nat,pess_nat,6,0,8,SH,def,coop,60
3271,2070,0,G.P.,pess,nat,pess_nat,7,10,15,SG,coop,coop,70
3272,2070,0,G.P.,pess,nat,pess_nat,8,10,12,SG,coop,coop,70
3273,2070,0,G.P.,pess,nat,pess_nat,9,0,15,PD,def,coop,60
3274,2070,0,G.P.,pess,nat,pess_nat,10,0,5,SH,def,coop,70
3275,2070,0,G.P.,pess,nat,pess_nat,11,10,8,HG,coop,coop,70
3276,2070,0,G.P.,pess,nat,pess_nat,12,7,12,SG,coop,coop,60
3277,2070,0,G.P.,pess,nat,pess_nat,13,3,8,SH,def,coop,60
3278,2070,0,G.P.,pess,nat,pess_nat,14,3,15,PD,def,coop,60
3279,2070,0,G.P.,pess,nat,pess_nat,15,10,5,HG,coop,coop,60
3280,2070,1,D.T.,opt,nat,opt_nat,0,0,12,PD,def,coop,60
3281,2070,1,D.T.,opt,nat,opt_nat,1,0,8,SH,coop,coop,60
3282,2070,1,D.T.,opt,nat,opt_nat,2,7,15,SG,def,coop,60
3283,2070,1,D.T.,opt,nat,opt_nat,3,7,8,HG,coop,coop,60
3284,2070,1,D.T.,opt,nat,opt_nat,4,3,12,PD,def,coop,60
3285,2070,1,D.T.,opt,nat,opt_nat,5,0,5,SH,coop,coop,60
3286,2070,1,D.T.,opt,nat,opt_nat,6,10,8,HG,coop,coop,60
3287,2070,1,D.T.,opt,nat,opt_nat,7,10,15,SG,def,coop,60
3288,2070,1,D.T.,opt,nat,opt_nat,8,10,12,SG,def,coop,60
3289,2070,1,D.T.,opt,nat,opt_nat,9,0,15,PD,def,coop,60
3290,2070,1,D.T.,opt,nat,opt_nat,10,10,5,HG,coop,coop,60
3291,2070,1,D.T.,opt,nat,opt_nat,11,3,8,SH,coop,coop,60
3292,2070,1,D.T.,opt,nat,opt_nat,12,7,12,SG,def,coop,60
3293,2070,1,D.T.,opt,nat,opt_nat,13,3,15,PD,def,coop,60
3294,2070,1,D.T.,opt,nat,opt_nat,14,3,5,SH,coop,coop,60
3295,2070,1,D.T.,opt,nat,opt_nat,15,7,5,HG,coop,coop,60
3296,2070,2,F.A.,pess,inv,pess_inv,0,0,5,SH,coop,coop,60
3297,2070,2,F.A.,pess,inv,pess_inv,1,10,5,HG,def,coop,60
3298,2070,2,F.A.,pess,inv,pess_inv,2,3,15,PD,coop,coop,60
3299,2070,2,F.A.,pess,inv,pess_inv,3,7,12,SG,def,coop,60
3300,2070,2,F.A.,pess,inv,pess_inv,4,10,8,HG,def,coop,60
3301,2070,2,F.A.,pess,inv,pess_inv,5,0,15,PD,coop,coop,60
3302,2070,2,F.A.,pess,inv,pess_inv,6,3,5,SH,coop,coop,60
3303,2070,2,F.A.,pess,inv,pess_inv,7,7,15,SG,def,coop,60
3304,2070,2,F.A.,pess,inv,pess_inv,8,3,12,PD,coop,coop,60
3305,2070,2,F.A.,pess,inv,pess_inv,9,10,12,SG,def,coop,60
3306,2070,2,F.A.,pess,inv,pess_inv,10,7,8,HG,def,coop,60
3307,2070,2,F.A.,pess,inv,pess_inv,11,3,8,SH,coop,coop,60
3308,2070,2,F.A.,pess,inv,pess_inv,12,0,12,PD,coop,coop,60
3309,2070,2,F.A.,pess,inv,pess_inv,13,0,8,SH,coop,coop,60
3310,2070,2,F.A.,pess,inv,pess_inv,14,10,15,SG,def,coop,60
3311,2070,2,F.A.,pess,inv,pess_inv,15,7,5,HG,def,coop,60
3312,2070,3,E.B.,opt,inv,opt_inv,0,7,15,SG,coop,coop,60
3313,2070,3,E.B.,opt,inv,opt_inv,1,3,15,PD,coop,coop,60
3314,2070,3,E.B.,opt,inv,opt_inv,2,3,8,SH,def,coop,60
3315,2070,3,E.B.,opt,inv,opt_inv,3,7,5,HG,def,coop,60
3316,2070,3,E.B.,opt,inv,opt_inv,4,10,15,SG,coop,coop,60
3317,2070,3,E.B.,opt,inv,opt_inv,5,7,8,HG,def,coop,60
3318,2070,3,E.B.,opt,inv,opt_inv,6,0,5,SH,def,coop,60
3319,2070,3,E.B.,opt,inv,opt_inv,7,0,12,PD,coop,coop,60
3320,2070,3,E.B.,opt,inv,opt_inv,8,3,12,PD,coop,coop,60
3321,2070,3,E.B.,opt,inv,opt_inv,9,7,12,SG,coop,coop,60
3322,2070,3,E.B.,opt,inv,opt_inv,10,10,8,HG,def,coop,60
3323,2070,3,E.B.,opt,inv,opt_inv,11,3,5,SH,def,coop,60
3324,2070,3,E.B.,opt,inv,opt_inv,12,10,12,SG,coop,coop,60
3325,2070,3,E.B.,opt,inv,opt_inv,13,0,15,PD,coop,coop,60
3326,2070,3,E.B.,opt,inv,opt_inv,14,10,5,HG,def,coop,60
3327,2070,3,E.B.,opt,inv,opt_inv,15,0,8,SH,def,coop,60
3328,2071,0,G.P.,opt,nat,opt_nat,0,0,8,SH,coop,coop,50
3329,2071,0,G.P.,opt,nat,opt_nat,1,3,15,PD,def,coop,50
3330,2071,0,G.P.,opt,nat,opt_nat,2,10,12,SG,def,coop,50
3331,2071,0,G.P.,opt,nat,opt_nat,3,7,8,HG,coop,coop,50
3332,2071,0,G.P.,opt,nat,opt_nat,4,10,8,HG,coop,coop,50
3333,2071,0,G.P.,opt,nat,opt_nat,5,0,15,PD,def,coop,50
3334,2071,0,G.P.,opt,nat,opt_nat,6,3,8,SH,coop,coop,50
3335,2071,0,G.P.,opt,nat,opt_nat,7,7,15,SG,def,def,50
3336,2071,0,G.P.,opt,nat,opt_nat,8,0,12,PD,def,def,50
3337,2071,0,G.P.,opt,nat,opt_nat,9,3,5,SH,coop,coop,50
3338,2071,0,G.P.,opt,nat,opt_nat,10,7,12,SG,def,def,50
3339,2071,0,G.P.,opt,nat,opt_nat,11,10,5,HG,coop,coop,50
3340,2071,0,G.P.,opt,nat,opt_nat,12,0,5,SH,coop,coop,50
3341,2071,0,G.P.,opt,nat,opt_nat,13,7,5,HG,coop,coop,50
3342,2071,0,G.P.,opt,nat,opt_nat,14,3,12,PD,def,def,50
3343,2071,0,G.P.,opt,nat,opt_nat,15,10,15,SG,def,def,50
3344,2071,1,F.A.,pess,nat,pess_nat,0,0,12,PD,def,def,50
3345,2071,1,F.A.,pess,nat,pess_nat,1,0,8,SH,def,def,50
3346,2071,1,F.A.,pess,nat,pess_nat,2,7,15,SG,coop,def,50
3347,2071,1,F.A.,pess,nat,pess_nat,3,7,8,HG,coop,def,50
3348,2071,1,F.A.,pess,nat,pess_nat,4,3,12,PD,def,def,50
3349,2071,1,F.A.,pess,nat,pess_nat,5,0,5,SH,def,def,50
3350,2071,1,F.A.,pess,nat,pess_nat,6,10,8,HG,coop,def,50
3351,2071,1,F.A.,pess,nat,pess_nat,7,10,15,SG,coop,def,50
3352,2071,1,F.A.,pess,nat,pess_nat,8,10,12,SG,coop,def,50
3353,2071,1,F.A.,pess,nat,pess_nat,9,0,15,PD,def,def,50
3354,2071,1,F.A.,pess,nat,pess_nat,10,10,5,HG,coop,coop,50
3355,2071,1,F.A.,pess,nat,pess_nat,11,3,8,SH,def,coop,50
3356,2071,1,F.A.,pess,nat,pess_nat,12,7,12,SG,coop,def,50
3357,2071,1,F.A.,pess,nat,pess_nat,13,3,15,PD,def,def,50
3358,2071,1,F.A.,pess,nat,pess_nat,14,3,5,SH,def,coop,50
3359,2071,1,F.A.,pess,nat,pess_nat,15,7,5,HG,coop,coop,50
3360,2071,2,D.T.,pess,inv,pess_inv,0,10,8,HG,def,coop,50
3361,2071,2,D.T.,pess,inv,pess_inv,1,3,5,SH,coop,coop,50
3362,2071,2,D.T.,pess,inv,pess_inv,2,7,12,SG,def,def,50
3363,2071,2,D.T.,pess,inv,pess_inv,3,3,12,PD,coop,def,50
3364,2071,2,D.T.,pess,inv,pess_inv,4,7,5,HG,def,coop,50
3365,2071,2,D.T.,pess,inv,pess_inv,5,10,15,SG,def,def,50
3366,2071,2,D.T.,pess,inv,pess_inv,6,0,12,PD,coop,def,50
3367,2071,2,D.T.,pess,inv,pess_inv,7,0,5,SH,coop,def,50
3368,2071,2,D.T.,pess,inv,pess_inv,8,10,5,HG,def,coop,50
3369,2071,2,D.T.,pess,inv,pess_inv,9,3,8,SH,coop,def,50
3370,2071,2,D.T.,pess,inv,pess_inv,10,7,15,SG,def,def,50
3371,2071,2,D.T.,pess,inv,pess_inv,11,3,15,PD,coop,def,50
3372,2071,2,D.T.,pess,inv,pess_inv,12,0,15,PD,coop,def,50
3373,2071,2,D.T.,pess,inv,pess_inv,13,0,8,SH,coop,def,50
3374,2071,2,D.T.,pess,inv,pess_inv,14,10,12,SG,def,def,50
3375,2071,2,D.T.,pess,inv,pess_inv,15,7,8,HG,def,def,50
3376,2071,3,E.B.,opt,inv,opt_inv,0,10,12,SG,coop,def,50
3377,2071,3,E.B.,opt,inv,opt_inv,1,0,12,PD,coop,def,50
3378,2071,3,E.B.,opt,inv,opt_inv,2,3,5,SH,def,coop,50
3379,2071,3,E.B.,opt,inv,opt_inv,3,7,8,HG,def,coop,50
3380,2071,3,E.B.,opt,inv,opt_inv,4,10,5,HG,def,coop,50
3381,2071,3,E.B.,opt,inv,opt_inv,5,3,12,PD,coop,def,50
3382,2071,3,E.B.,opt,inv,opt_inv,6,3,8,SH,def,def,50
3383,2071,3,E.B.,opt,inv,opt_inv,7,10,15,SG,coop,def,50
3384,2071,3,E.B.,opt,inv,opt_inv,8,0,15,PD,coop,def,50
3385,2071,3,E.B.,opt,inv,opt_inv,9,7,12,SG,coop,def,50
3386,2071,3,E.B.,opt,inv,opt_inv,10,0,5,SH,def,def,50
3387,2071,3,E.B.,opt,inv,opt_inv,11,7,5,HG,def,coop,50
3388,2071,3,E.B.,opt,inv,opt_inv,12,10,8,HG,def,coop,50
3389,2071,3,E.B.,opt,inv,opt_inv,13,0,8,SH,def,def,50
3390,2071,3,E.B.,opt,inv,opt_inv,14,7,15,SG,coop,def,50
3391,2071,3,E.B.,opt,inv,opt_inv,15,3,15,PD,coop,def,50
3392,2072,0,E.B.,opt,nat,opt_nat,0,10,5,HG,coop,coop,80
3393,2072,0,E.B.,opt,nat,opt_nat,1,0,15,PD,def,coop,90
3394,2072,0,E.B.,opt,nat,opt_nat,2,7,12,SG,def,coop,70
3395,2072,0,E.B.,opt,nat,opt_nat,3,0,8,SH,coop,coop,50
3396,2072,0,E.B.,opt,nat,opt_nat,4,0,5,SH,coop,coop,50
3397,2072,0,E.B.,opt,nat,opt_nat,5,10,15,SG,def,coop,90
3398,2072,0,E.B.,opt,nat,opt_nat,6,7,5,HG,coop,coop,90
3399,2072,0,E.B.,opt,nat,opt_nat,7,0,12,PD,def,coop,50
3400,2072,0,E.B.,opt,nat,opt_nat,8,10,8,HG,coop,coop,70
3401,2072,0,E.B.,opt,nat,opt_nat,9,3,15,PD,def,coop,40
3402,2072,0,E.B.,opt,nat,opt_nat,10,3,8,SH,coop,coop,60
3403,2072,0,E.B.,opt,nat,opt_nat,11,10,12,SG,def,coop,80
3404,2072,0,E.B.,opt,nat,opt_nat,12,3,12,PD,def,coop,40
3405,2072,0,E.B.,opt,nat,opt_nat,13,7,15,SG,def,coop,70
3406,2072,0,E.B.,opt,nat,opt_nat,14,7,8,HG,coop,coop,60
3407,2072,0,E.B.,opt,nat,opt_nat,15,3,5,SH,coop,coop,50
3408,2072,1,G.P.,pess,nat,pess_nat,0,3,15,PD,def,coop,60
3409,2072,1,G.P.,pess,nat,pess_nat,1,3,5,SH,def,coop,50
3410,2072,1,G.P.,pess,nat,pess_nat,2,7,12,SG,coop,coop,60
3411,2072,1,G.P.,pess,nat,pess_nat,3,10,5,HG,coop,coop,50
3412,2072,1,G.P.,pess,nat,pess_nat,4,0,15,PD,def,coop,40
3413,2072,1,G.P.,pess,nat,pess_nat,5,0,5,SH,def,coop,70
3414,2072,1,G.P.,pess,nat,pess_nat,6,7,8,HG,coop,coop,60
3415,2072,1,G.P.,pess,nat,pess_nat,7,7,15,SG,coop,coop,60
3416,2072,1,G.P.,pess,nat,pess_nat,8,3,12,PD,def,coop,70
3417,2072,1,G.P.,pess,nat,pess_nat,9,10,8,HG,coop,coop,50
3418,2072,1,G.P.,pess,nat,pess_nat,10,3,8,SH,def,coop,50
3419,2072,1,G.P.,pess,nat,pess_nat,11,10,12,SG,coop,coop,60
3420,2072,1,G.P.,pess,nat,pess_nat,12,10,15,SG,coop,coop,60
3421,2072,1,G.P.,pess,nat,pess_nat,13,7,5,HG,coop,coop,60
3422,2072,1,G.P.,pess,nat,pess_nat,14,0,8,SH,def,coop,60
3423,2072,1,G.P.,pess,nat,pess_nat,15,0,12,PD,def,coop,70
3424,2072,2,D.T.,opt,inv,opt_inv,0,10,8,HG,def,coop,70
3425,2072,2,D.T.,opt,inv,opt_inv,1,7,12,SG,coop,coop,50
3426,2072,2,D.T.,opt,inv,opt_inv,2,0,12,PD,coop,coop,70
3427,2072,2,D.T.,opt,inv,opt_inv,3,0,8,SH,def,coop,50
3428,2072,2,D.T.,opt,inv,opt_inv,4,3,8,SH,def,coop,50
3429,2072,2,D.T.,opt,inv,opt_inv,5,3,15,PD,coop,coop,70
3430,2072,2,D.T.,opt,inv,opt_inv,6,10,15,SG,coop,coop,60
3431,2072,2,D.T.,opt,inv,opt_inv,7,10,5,HG,def,coop,50
3432,2072,2,D.T.,opt,inv,opt_inv,8,3,12,PD,coop,coop,50
3433,2072,2,D.T.,opt,inv,opt_inv,9,7,8,HG,def,coop,50
3434,2072,2,D.T.,opt,inv,opt_inv,10,10,12,SG,coop,coop,50
3435,2072,2,D.T.,opt,inv,opt_inv,11,0,5,SH,def,coop,50
3436,2072,2,D.T.,opt,inv,opt_inv,12,0,15,PD,coop,coop,50
3437,2072,2,D.T.,opt,inv,opt_inv,13,7,15,SG,coop,coop,50
3438,2072,2,D.T.,opt,inv,opt_inv,14,7,5,HG,def,coop,50
3439,2072,2,D.T.,opt,inv,opt_inv,15,3,5,SH,def,coop,50
3440,2072,3,F.A.,pess,inv,pess_inv,0,7,15,SG,def,coop,70
3441,2072,3,F.A.,pess,inv,pess_inv,1,7,5,HG,def,coop,50
3442,2072,3,F.A.,pess,inv,pess_inv,2,3,8,SH,coop,coop,50
3443,2072,3,F.A.,pess,inv,pess_inv,3,0,12,PD,coop,coop,50
3444,2072,3,F.A.,pess,inv,pess_inv,4,7,8,HG,def,coop,50
3445,2072,3,F.A.,pess,inv,pess_inv,5,0,8,SH,coop,coop,50
3446,2072,3,F.A.,pess,inv,pess_inv,6,10,15,SG,def,coop,50
3447,2072,3,F.A.,pess,inv,pess_inv,7,0,15,PD,coop,coop,50
3448,2072,3,F.A.,pess,inv,pess_inv,8,10,5,HG,def,coop,50
3449,2072,3,F.A.,pess,inv,pess_inv,9,3,5,SH,coop,coop,50
3450,2072,3,F.A.,pess,inv,pess_inv,10,3,15,PD,coop,coop,50
3451,2072,3,F.A.,pess,inv,pess_inv,11,10,12,SG,def,coop,50
3452,2072,3,F.A.,pess,inv,pess_inv,12,0,5,SH,coop,coop,50
3453,2072,3,F.A.,pess,inv,pess_inv,13,3,12,PD,coop,coop,50
3454,2072,3,F.A.,pess,inv,pess_inv,14,7,12,SG,def,coop,50
3455,2072,3,F.A.,pess,inv,pess_inv,15,10,8,HG,def,coop,50
3456,2073,0,E.B.,pess,nat,pess_nat,0,3,8,SH,def,def,70
3457,2073,0,E.B.,pess,nat,pess_nat,1,0,15,PD,def,coop,70
3458,2073,0,E.B.,pess,nat,pess_nat,2,7,8,HG,coop,coop,80
3459,2073,0,E.B.,pess,nat,pess_nat,3,7,15,SG,coop,coop,70
3460,2073,0,E.B.,pess,nat,pess_nat,4,3,5,SH,def,coop,70
3461,2073,0,E.B.,pess,nat,pess_nat,5,7,5,HG,coop,coop,60
3462,2073,0,E.B.,pess,nat,pess_nat,6,0,12,PD,def,coop,70
3463,2073,0,E.B.,pess,nat,pess_nat,7,10,12,SG,coop,coop,70
3464,2073,0,E.B.,pess,nat,pess_nat,8,7,12,SG,coop,coop,70
3465,2073,0,E.B.,pess,nat,pess_nat,9,3,15,PD,def,coop,70
3466,2073,0,E.B.,pess,nat,pess_nat,10,0,8,SH,def,coop,70
3467,2073,0,E.B.,pess,nat,pess_nat,11,10,5,HG,coop,coop,70
3468,2073,0,E.B.,pess,nat,pess_nat,12,10,15,SG,coop,coop,70
3469,2073,0,E.B.,pess,nat,pess_nat,13,0,5,SH,def,coop,70
3470,2073,0,E.B.,pess,nat,pess_nat,14,10,8,HG,coop,coop,70
3471,2073,0,E.B.,pess,nat,pess_nat,15,3,12,PD,def,coop,70
3472,2073,1,F.A.,opt,nat,opt_nat,0,10,8,HG,coop,coop,70
3473,2073,1,F.A.,opt,nat,opt_nat,1,3,5,SH,coop,coop,70
3474,2073,1,F.A.,opt,nat,opt_nat,2,7,12,SG,def,coop,70
3475,2073,1,F.A.,opt,nat,opt_nat,3,3,12,PD,def,coop,70
3476,2073,1,F.A.,opt,nat,opt_nat,4,7,5,HG,coop,coop,70
3477,2073,1,F.A.,opt,nat,opt_nat,5,10,15,SG,def,coop,70
3478,2073,1,F.A.,opt,nat,opt_nat,6,0,12,PD,def,coop,70
3479,2073,1,F.A.,opt,nat,opt_nat,7,0,5,SH,coop,coop,70
3480,2073,1,F.A.,opt,nat,opt_nat,8,10,5,HG,coop,coop,70
3481,2073,1,F.A.,opt,nat,opt_nat,9,3,8,SH,coop,coop,70
3482,2073,1,F.A.,opt,nat,opt_nat,10,7,15,SG,def,coop,70
3483,2073,1,F.A.,opt,nat,opt_nat,11,3,15,PD,def,coop,70
3484,2073,1,F.A.,opt,nat,opt_nat,12,0,15,PD,def,coop,70
3485,2073,1,F.A.,opt,nat,opt_nat,13,0,8,SH,coop,coop,70
3486,2073,1,F.A.,opt,nat,opt_nat,14,10,12,SG,def,coop,70
3487,2073,1,F.A.,opt,nat,opt_nat,15,7,8,HG,coop,coop,70
3488,2073,2,D.T.,pess,inv,pess_inv,0,7,12,SG,def,coop,70
3489,2073,2,D.T.,pess,inv,pess_inv,1,7,8,HG,def,coop,70
3490,2073,2,D.T.,pess,inv,pess_inv,2,0,5,SH,coop,coop,70
3491,2073,2,D.T.,pess,inv,pess_inv,3,3,15,PD,coop,coop,70
3492,2073,2,D.T.,pess,inv,pess_inv,4,0,12,PD,coop,coop,70
3493,2073,2,D.T.,pess,inv,pess_inv,5,0,8,SH,coop,coop,70
3494,2073,2,D.T.,pess,inv,pess_inv,6,10,12,SG,def,coop,70
3495,2073,2,D.T.,pess,inv,pess_inv,7,10,5,HG,def,coop,70
3496,2073,2,D.T.,pess,inv,pess_inv,8,10,8,HG,def,coop,70
3497,2073,2,D.T.,pess,inv,pess_inv,9,10,15,SG,def,coop,70
3498,2073,2,D.T.,pess,inv,pess_inv,10,3,8,SH,coop,coop,70
3499,2073,2,D.T.,pess,inv,pess_inv,11,3,12,PD,coop,coop,70
3500,2073,2,D.T.,pess,inv,pess_inv,12,7,15,SG,def,coop,70
3501,2073,2,D.T.,pess,inv,pess_inv,13,7,5,HG,def,coop,70
3502,2073,2,D.T.,pess,inv,pess_inv,14,3,5,SH,coop,coop,70
3503,2073,2,D.T.,pess,inv,pess_inv,15,0,15,PD,coop,coop,70
3504,2073,3,G.P.,opt,inv,opt_inv,0,0,12,PD,coop,coop,70
3505,2073,3,G.P.,opt,inv,opt_inv,1,0,8,SH,def,coop,70
3506,2073,3,G.P.,opt,inv,opt_inv,2,7,15,SG,coop,coop,70
3507,2073,3,G.P.,opt,inv,opt_inv,3,7,8,HG,def,coop,70
3508,2073,3,G.P.,opt,inv,opt_inv,4,3,12,PD,coop,coop,70
3509,2073,3,G.P.,opt,inv,opt_inv,5,0,5,SH,def,coop,70
3510,2073,3,G.P.,opt,inv,opt_inv,6,10,8,HG,def,coop,70
3511,2073,3,G.P.,opt,inv,opt_inv,7,10,15,SG,coop,coop,70
3512,2073,3,G.P.,opt,inv,opt_inv,8,10,12,SG,coop,coop,70
3513,2073,3,G.P.,opt,inv,opt_inv,9,0,15,PD,coop,coop,70
3514,2073,3,G.P.,opt,inv,opt_inv,10,10,5,HG,def,coop,70
3515,2073,3,G.P.,opt,inv,opt_inv,11,3,8,SH,def,coop,70
3516,2073,3,G.P.,opt,inv,opt_inv,12,7,12,SG,coop,coop,70
3517,2073,3,G.P.,opt,inv,opt_inv,13,3,15,PD,coop,coop,70
3518,2073,3,G.P.,opt,inv,opt_inv,14,3,5,SH,def,coop,70
3519,2073,3,G.P.,opt,inv,opt_inv,15,7,5,HG,def,coop,70
3520,2074,0,F.A.,opt,nat,opt_nat,0,0,5,SH,coop,def,60
3521,2074,0,F.A.,opt,nat,opt_nat,1,10,5,HG,coop,coop,70
3522,2074,0,F.A.,opt,nat,opt_nat,2,3,15,PD,def,def,60
3523,2074,0,F.A.,opt,nat,opt_nat,3,7,12,SG,def,def,60
3524,2074,0,F.A.,opt,nat,opt_nat,4,10,8,HG,coop,def,70
3525,2074,0,F.A.,opt,nat,opt_nat,5,0,15,PD,def,def,80
3526,2074,0,F.A.,opt,nat,opt_nat,6,3,5,SH,coop,coop,60
3527,2074,0,F.A.,opt,nat,opt_nat,7,7,15,SG,def,def,70
3528,2074,0,F.A.,opt,nat,opt_nat,8,3,12,PD,def,def,80
3529,2074,0,F.A.,opt,nat,opt_nat,9,10,12,SG,def,def,60
3530,2074,0,F.A.,opt,nat,opt_nat,10,7,8,HG,coop,coop,60
3531,2074,0,F.A.,opt,nat,opt_nat,11,3,8,SH,coop,coop,70
3532,2074,0,F.A.,opt,nat,opt_nat,12,0,12,PD,def,def,80
3533,2074,0,F.A.,opt,nat,opt_nat,13,0,8,SH,coop,def,60
3534,2074,0,F.A.,opt,nat,opt_nat,14,10,15,SG,def,def,70
3535,2074,0,F.A.,opt,nat,opt_nat,15,7,5,HG,coop,coop,60
3536,2074,1,G.P.,pess,nat,pess_nat,0,7,15,SG,coop,def,70
3537,2074,1,G.P.,pess,nat,pess_nat,1,0,12,PD,def,def,60
3538,2074,1,G.P.,pess,nat,pess_nat,2,3,5,SH,def,coop,60
3539,2074,1,G.P.,pess,nat,pess_nat,3,7,5,HG,coop,coop,70
3540,2074,1,G.P.,pess,nat,pess_nat,4,3,12,PD,def,def,60
3541,2074,1,G.P.,pess,nat,pess_nat,5,7,8,HG,coop,coop,60
3542,2074,1,G.P.,pess,nat,pess_nat,6,0,8,SH,def,def,70
3543,2074,1,G.P.,pess,nat,pess_nat,7,10,15,SG,coop,def,70
3544,2074,1,G.P.,pess,nat,pess_nat,8,10,12,SG,coop,def,70
3545,2074,1,G.P.,pess,nat,pess_nat,9,0,15,PD,def,def,60
3546,2074,1,G.P.,pess,nat,pess_nat,10,0,5,SH,def,def,60
3547,2074,1,G.P.,pess,nat,pess_nat,11,10,8,HG,coop,coop,60
3548,2074,1,G.P.,pess,nat,pess_nat,12,7,12,SG,coop,def,70
3549,2074,1,G.P.,pess,nat,pess_nat,13,3,8,SH,def,def,60
3550,2074,1,G.P.,pess,nat,pess_nat,14,3,15,PD,def,def,70
3551,2074,1,G.P.,pess,nat,pess_nat,15,10,5,HG,coop,coop,70
3552,2074,2,E.B.,pess,inv,pess_inv,0,3,8,SH,coop,coop,60
3553,2074,2,E.B.,pess,inv,pess_inv,1,0,15,PD,coop,def,70
3554,2074,2,E.B.,pess,inv,pess_inv,2,7,8,HG,def,coop,60
3555,2074,2,E.B.,pess,inv,pess_inv,3,7,15,SG,def,def,60
3556,2074,2,E.B.,pess,inv,pess_inv,4,3,5,SH,coop,coop,60
3557,2074,2,E.B.,pess,inv,pess_inv,5,7,5,HG,def,coop,60
3558,2074,2,E.B.,pess,inv,pess_inv,6,0,12,PD,coop,def,60
3559,2074,2,E.B.,pess,inv,pess_inv,7,10,12,SG,def,def,60
3560,2074,2,E.B.,pess,inv,pess_inv,8,7,12,SG,def,def,60
3561,2074,2,E.B.,pess,inv,pess_inv,9,3,15,PD,coop,def,60
3562,2074,2,E.B.,pess,inv,pess_inv,10,0,8,SH,coop,def,60
3563,2074,2,E.B.,pess,inv,pess_inv,11,10,5,HG,def,coop,60
3564,2074,2,E.B.,pess,inv,pess_inv,12,10,15,SG,def,def,60
3565,2074,2,E.B.,pess,inv,pess_inv,13,0,5,SH,coop,coop,60
3566,2074,2,E.B.,pess,inv,pess_inv,14,10,8,HG,def,coop,60
3567,2074,2,E.B.,pess,inv,pess_inv,15,3,12,PD,coop,def,60
3568,2074,3,D.T.,opt,inv,opt_inv,0,10,5,HG,def,coop,60
3569,2074,3,D.T.,opt,inv,opt_inv,1,0,15,PD,coop,def,60
3570,2074,3,D.T.,opt,inv,opt_inv,2,7,12,SG,coop,def,60
3571,2074,3,D.T.,opt,inv,opt_inv,3,0,8,SH,def,def,60
3572,2074,3,D.T.,opt,inv,opt_inv,4,0,5,SH,def,coop,60
3573,2074,3,D.T.,opt,inv,opt_inv,5,10,15,SG,coop,def,60
3574,2074,3,D.T.,opt,inv,opt_inv,6,7,5,HG,def,coop,60
3575,2074,3,D.T.,opt,inv,opt_inv,7,0,12,PD,coop,def,60
3576,2074,3,D.T.,opt,inv,opt_inv,8,10,8,HG,def,coop,60
3577,2074,3,D.T.,opt,inv,opt_inv,9,3,15,PD,coop,def,60
3578,2074,3,D.T.,opt,inv,opt_inv,10,3,8,SH,def,coop,60
3579,2074,3,D.T.,opt,inv,opt_inv,11,10,12,SG,coop,def,60
3580,2074,3,D.T.,opt,inv,opt_inv,12,3,12,PD,coop,def,60
3581,2074,3,D.T.,opt,inv,opt_inv,13,7,15,SG,coop,def,60
3582,2074,3,D.T.,opt,inv,opt_inv,14,7,8,HG,def,def,60
3583,2074,3,D.T.,opt,inv,opt_inv,15,3,5,SH,def,coop,60
3584,2075,0,D.T.,pess,nat,pess_nat,0,3,5,SH,def,coop,60
3585,2075,0,D.T.,pess,nat,pess_nat,1,0,15,PD,def,coop,90
3586,2075,0,D.T.,pess,nat,pess_nat,2,7,8,HG,coop,coop,100
3587,2075,0,D.T.,pess,nat,pess_nat,3,10,12,SG,coop,coop,100
3588,2075,0,D.T.,pess,nat,pess_nat,4,7,12,SG,coop,coop,90
3589,2075,0,D.T.,pess,nat,pess_nat,5,10,8,HG,coop,coop,100
3590,2075,0,D.T.,pess,nat,pess_nat,6,0,5,SH,def,coop,100
3591,2075,0,D.T.,pess,nat,pess_nat,7,0,12,PD,def,coop,100
3592,2075,0,D.T.,pess,nat,pess_nat,8,7,5,HG,coop,coop,100
3593,2075,0,D.T.,pess,nat,pess_nat,9,3,8,SH,def,coop,80
3594,2075,0,D.T.,pess,nat,pess_nat,10,3,12,PD,def,coop,100
3595,2075,0,D.T.,pess,nat,pess_nat,11,7,15,SG,coop,coop,70
3596,2075,0,D.T.,pess,nat,pess_nat,12,3,15,PD,def,coop,100
3597,2075,0,D.T.,pess,nat,pess_nat,13,10,5,HG,coop,coop,100
3598,2075,0,D.T.,pess,nat,pess_nat,14,10,15,SG,coop,coop,100
3599,2075,0,D.T.,pess,nat,pess_nat,15,0,8,SH,def,coop,100
3600,2075,1,G.P.,opt,nat,opt_nat,0,3,15,PD,def,coop,80
3601,2075,1,G.P.,opt,nat,opt_nat,1,3,5,SH,coop,coop,80
3602,2075,1,G.P.,opt,nat,opt_nat,2,7,12,SG,def,coop,80
3603,2075,1,G.P.,opt,nat,opt_nat,3,10,5,HG,coop,coop,90
3604,2075,1,G.P.,opt,nat,opt_nat,4,0,15,PD,def,coop,100
3605,2075,1,G.P.,opt,nat,opt_nat,5,0,5,SH,coop,coop,100
3606,2075,1,G.P.,opt,nat,opt_nat,6,7,8,HG,coop,coop,80
3607,2075,1,G.P.,opt,nat,opt_nat,7,7,15,SG,def,coop,100
3608,2075,1,G.P.,opt,nat,opt_nat,8,3,12,PD,def,coop,100
3609,2075,1,G.P.,opt,nat,opt_nat,9,10,8,HG,coop,coop,100
3610,2075,1,G.P.,opt,nat,opt_nat,10,3,8,SH,coop,coop,100
3611,2075,1,G.P.,opt,nat,opt_nat,11,10,12,SG,def,coop,100
3612,2075,1,G.P.,opt,nat,opt_nat,12,10,15,SG,def,coop,100
3613,2075,1,G.P.,opt,nat,opt_nat,13,7,5,HG,coop,coop,100
3614,2075,1,G.P.,opt,nat,opt_nat,14,0,8,SH,coop,coop,100
3615,2075,1,G.P.,opt,nat,opt_nat,15,0,12,PD,def,coop,100
3616,2075,2,E.B.,opt,inv,opt_inv,0,0,8,SH,def,coop,100
3617,2075,2,E.B.,opt,inv,opt_inv,1,7,5,HG,def,coop,100
3618,2075,2,E.B.,opt,inv,opt_inv,2,10,15,SG,coop,coop,100
3619,2075,2,E.B.,opt,inv,opt_inv,3,3,12,PD,coop,coop,100
3620,2075,2,E.B.,opt,inv,opt_inv,4,7,15,SG,coop,coop,100
3621,2075,2,E.B.,opt,inv,opt_inv,5,7,8,HG,def,coop,100
3622,2075,2,E.B.,opt,inv,opt_inv,6,3,5,SH,def,coop,100
3623,2075,2,E.B.,opt,inv,opt_inv,7,3,15,PD,coop,coop,100
3624,2075,2,E.B.,opt,inv,opt_inv,8,0,15,PD,coop,coop,100
3625,2075,2,E.B.,opt,inv,opt_inv,9,10,8,HG,def,coop,100
3626,2075,2,E.B.,opt,inv,opt_inv,10,10,12,SG,coop,coop,100
3627,2075,2,E.B.,opt,inv,opt_inv,11,0,5,SH,def,coop,100
3628,2075,2,E.B.,opt,inv,opt_inv,12,0,12,PD,coop,coop,100
3629,2075,2,E.B.,opt,inv,opt_inv,13,3,8,SH,def,coop,100
3630,2075,2,E.B.,opt,inv,opt_inv,14,10,5,HG,def,coop,100
3631,2075,2,E.B.,opt,inv,opt_inv,15,7,12,SG,coop,coop,100
3632,2075,3,F.A.,pess,inv,pess_inv,0,10,5,HG,def,coop,100
3633,2075,3,F.A.,pess,inv,pess_inv,1,3,5,SH,coop,coop,100
3634,2075,3,F.A.,pess,inv,pess_inv,2,0,15,PD,coop,coop,100
3635,2075,3,F.A.,pess,inv,pess_inv,3,7,12,SG,def,coop,100
3636,2075,3,F.A.,pess,inv,pess_inv,4,10,15,SG,def,coop,100
3637,2075,3,F.A.,pess,inv,pess_inv,5,10,8,HG,def,coop,100
3638,2075,3,F.A.,pess,inv,pess_inv,6,0,12,PD,coop,coop,100
3639,2075,3,F.A.,pess,inv,pess_inv,7,0,5,SH,coop,coop,100
3640,2075,3,F.A.,pess,inv,pess_inv,8,7,15,SG,def,coop,100
3641,2075,3,F.A.,pess,inv,pess_inv,9,0,8,SH,coop,coop,100
3642,2075,3,F.A.,pess,inv,pess_inv,10,3,15,PD,coop,coop,100
3643,2075,3,F.A.,pess,inv,pess_inv,11,7,5,HG,def,coop,100
3644,2075,3,F.A.,pess,inv,pess_inv,12,3,12,PD,coop,coop,100
3645,2075,3,F.A.,pess,inv,pess_inv,13,10,12,SG,def,coop,100
3646,2075,3,F.A.,pess,inv,pess_inv,14,3,8,SH,coop,coop,100
3647,2075,3,F.A.,pess,inv,pess_inv,15,7,8,HG,def,coop,100
3648,2079,0,D.T.,opt,nat,opt_nat,0,3,8,SH,coop,coop,70
3649,2079,0,D.T.,opt,nat,opt_nat,1,0,15,PD,def,coop,80
3650,2079,0,D.T.,opt,nat,opt_nat,2,7,8,HG,coop,coop,80
3651,2079,0,D.T.,opt,nat,opt_nat,3,7,15,SG,def,coop,60
3652,2079,0,D.T.,opt,nat,opt_nat,4,3,5,SH,coop,coop,80
3653,2079,0,D.T.,opt,nat,opt_nat,5,7,5,HG,coop,coop,80
3654,2079,0,D.T.,opt,nat,opt_nat,6,0,12,PD,def,def,80
3655,2079,0,D.T.,opt,nat,opt_nat,7,10,12,SG,def,coop,70
3656,2079,0,D.T.,opt,nat,opt_nat,8,7,12,SG,def,coop,80
3657,2079,0,D.T.,opt,nat,opt_nat,9,3,15,PD,def,def,80
3658,2079,0,D.T.,opt,nat,opt_nat,10,0,8,SH,coop,def,80
3659,2079,0,D.T.,opt,nat,opt_nat,11,10,5,HG,coop,coop,80
3660,2079,0,D.T.,opt,nat,opt_nat,12,10,15,SG,def,coop,80
3661,2079,0,D.T.,opt,nat,opt_nat,13,0,5,SH,coop,def,80
3662,2079,0,D.T.,opt,nat,opt_nat,14,10,8,HG,coop,coop,80
3663,2079,0,D.T.,opt,nat,opt_nat,15,3,12,PD,def,def,80
3664,2079,1,F.A.,pess,nat,pess_nat,0,0,8,SH,def,def,80
3665,2079,1,F.A.,pess,nat,pess_nat,1,3,15,PD,def,def,80
3666,2079,1,F.A.,pess,nat,pess_nat,2,10,12,SG,coop,coop,70
3667,2079,1,F.A.,pess,nat,pess_nat,3,7,8,HG,coop,coop,80
3668,2079,1,F.A.,pess,nat,pess_nat,4,10,8,HG,coop,coop,80
3669,2079,1,F.A.,pess,nat,pess_nat,5,0,15,PD,def,def,80
3670,2079,1,F.A.,pess,nat,pess_nat,6,3,8,SH,def,def,80
3671,2079,1,F.A.,pess,nat,pess_nat,7,7,15,SG,coop,def,80
3672,2079,1,F.A.,pess,nat,pess_nat,8,0,12,PD,def,def,80
3673,2079,1,F.A.,pess,nat,pess_nat,9,3,5,SH,def,coop,80
3674,2079,1,F.A.,pess,nat,pess_nat,10,7,12,SG,coop,coop,80
3675,2079,1,F.A.,pess,nat,pess_nat,11,10,5,HG,coop,coop,80
3676,2079,1,F.A.,pess,nat,pess_nat,12,0,5,SH,def,def,80
3677,2079,1,F.A.,pess,nat,pess_nat,13,7,5,HG,coop,coop,80
3678,2079,1,F.A.,pess,nat,pess_nat,14,3,12,PD,def,def,80
3679,2079,1,F.A.,pess,nat,pess_nat,15,10,15,SG,coop,coop,80
3680,2079,2,G.P.,pess,inv,pess_inv,0,10,12,SG,def,coop,80
3681,2079,2,G.P.,pess,inv,pess_inv,1,0,12,PD,coop,def,80
3682,2079,2,G.P.,pess,inv,pess_inv,2,3,5,SH,coop,coop,80
3683,2079,2,G.P.,pess,inv,pess_inv,3,7,8,HG,def,coop,80
3684,2079,2,G.P.,pess,inv,pess_inv,4,10,5,HG,def,coop,80
3685,2079,2,G.P.,pess,inv,pess_inv,5,3,12,PD,coop,def,80
3686,2079,2,G.P.,pess,inv,pess_inv,6,3,8,SH,coop,def,80
3687,2079,2,G.P.,pess,inv,pess_inv,7,10,15,SG,def,coop,80
3688,2079,2,G.P.,pess,inv,pess_inv,8,0,15,PD,coop,def,80
3689,2079,2,G.P.,pess,inv,pess_inv,9,7,12,SG,def,coop,80
3690,2079,2,G.P.,pess,inv,pess_inv,10,0,5,SH,coop,def,80
3691,2079,2,G.P.,pess,inv,pess_inv,11,7,5,HG,def,coop,80
3692,2079,2,G.P.,pess,inv,pess_inv,12,10,8,HG,def,coop,80
3693,2079,2,G.P.,pess,inv,pess_inv,13,0,8,SH,coop,def,80
3694,2079,2,G.P.,pess,inv,pess_inv,14,7,15,SG,def,coop,80
3695,2079,2,G.P.,pess,inv,pess_inv,15,3,15,PD,coop,def,80
3696,2079,3,E.B.,opt,inv,opt_inv,0,10,8,HG,def,coop,80
3697,2079,3,E.B.,opt,inv,opt_inv,1,7,12,SG,coop,coop,80
3698,2079,3,E.B.,opt,inv,opt_inv,2,0,12,PD,coop,def,80
3699,2079,3,E.B.,opt,inv,opt_inv,3,0,8,SH,def,def,80
3700,2079,3,E.B.,opt,inv,opt_inv,4,3,8,SH,def,def,80
3701,2079,3,E.B.,opt,inv,opt_inv,5,3,15,PD,coop,def,80
3702,2079,3,E.B.,opt,inv,opt_inv,6,10,15,SG,coop,coop,80
3703,2079,3,E.B.,opt,inv,opt_inv,7,10,5,HG,def,coop,80
3704,2079,3,E.B.,opt,inv,opt_inv,8,3,12,PD,coop,def,80
3705,2079,3,E.B.,opt,inv,opt_inv,9,7,8,HG,def,coop,80
3706,2079,3,E.B.,opt,inv,opt_inv,10,10,12,SG,coop,coop,80
3707,2079,3,E.B.,opt,inv,opt_inv,11,0,5,SH,def,def,80
3708,2079,3,E.B.,opt,inv,opt_inv,12,0,15,PD,coop,def,80
3709,2079,3,E.B.,opt,inv,opt_inv,13,7,15,SG,coop,coop,80
3710,2079,3,E.B.,opt,inv,opt_inv,14,7,5,HG,def,coop,80
3711,2079,3,E.B.,opt,inv,opt_inv,15,3,5,SH,def,def,80
3712,2080,0,D.T.,opt,nat,opt_nat,0,0,12,PD,def,def,70
3713,2080,0,D.T.,opt,nat,opt_nat,1,7,5,HG,coop,def,60
3714,2080,0,D.T.,opt,nat,opt_nat,2,10,12,SG,def,coop,70
3715,2080,0,D.T.,opt,nat,opt_nat,3,3,5,SH,coop,coop,60
3716,2080,0,D.T.,opt,nat,opt_nat,4,0,8,SH,coop,def,70
3717,2080,0,D.T.,opt,nat,opt_nat,5,0,15,PD,def,def,60
3718,2080,0,D.T.,opt,nat,opt_nat,6,10,5,HG,coop,coop,70
3719,2080,0,D.T.,opt,nat,opt_nat,7,7,12,SG,def,def,70
3720,2080,0,D.T.,opt,nat,opt_nat,8,3,15,PD,def,def,70
3721,2080,0,D.T.,opt,nat,opt_nat,9,10,15,SG,def,def,60
3722,2080,0,D.T.,opt,nat,opt_nat,10,7,8,HG,coop,def,60
3723,2080,0,D.T.,opt,nat,opt_nat,11,0,5,SH,coop,def,70
3724,2080,0,D.T.,opt,nat,opt_nat,12,10,8,HG,coop,coop,70
3725,2080,0,D.T.,opt,nat,opt_nat,13,7,15,SG,def,def,70
3726,2080,0,D.T.,opt,nat,opt_nat,14,3,8,SH,coop,def,70
3727,2080,0,D.T.,opt,nat,opt_nat,15,3,12,PD,def,def,70
3728,2080,1,F.A.,pess,nat,pess_nat,0,3,8,SH,def,coop,70
3729,2080,1,F.A.,pess,nat,pess_nat,1,0,15,PD,def,def,70
3730,2080,1,F.A.,pess,nat,pess_nat,2,7,8,HG,coop,def,60
3731,2080,1,F.A.,pess,nat,pess_nat,3,7,15,SG,coop,def,70
3732,2080,1,F.A.,pess,nat,pess_nat,4,3,5,SH,def,coop,70
3733,2080,1,F.A.,pess,nat,pess_nat,5,7,5,HG,coop,coop,70
3734,2080,1,F.A.,pess,nat,pess_nat,6,0,12,PD,def,def,70
3735,2080,1,F.A.,pess,nat,pess_nat,7,10,12,SG,coop,def,70
3736,2080,1,F.A.,pess,nat,pess_nat,8,7,12,SG,coop,def,70
3737,2080,1,F.A.,pess,nat,pess_nat,9,3,15,PD,def,def,70
3738,2080,1,F.A.,pess,nat,pess_nat,10,0,8,SH,def,def,70
3739,2080,1,F.A.,pess,nat,pess_nat,11,10,5,HG,coop,coop,70
3740,2080,1,F.A.,pess,nat,pess_nat,12,10,15,SG,coop,def,70
3741,2080,1,F.A.,pess,nat,pess_nat,13,0,5,SH,def,def,70
3742,2080,1,F.A.,pess,nat,pess_nat,14,10,8,HG,coop,coop,70
3743,2080,1,F.A.,pess,nat,pess_nat,15,3,12,PD,def,def,70
3744,2080,2,G.P.,pess,inv,pess_inv,0,7,15,SG,def,def,70
3745,2080,2,G.P.,pess,inv,pess_inv,1,0,12,PD,coop,def,70
3746,2080,2,G.P.,pess,inv,pess_inv,2,3,5,SH,coop,def,70
3747,2080,2,G.P.,pess,inv,pess_inv,3,7,5,HG,def,coop,70
3748,2080,2,G.P.,pess,inv,pess_inv,4,3,12,PD,coop,def,70
3749,2080,2,G.P.,pess,inv,pess_inv,5,7,8,HG,def,coop,70
3750,2080,2,G.P.,pess,inv,pess_inv,6,0,8,SH,coop,def,70
3751,2080,2,G.P.,pess,inv,pess_inv,7,10,15,SG,def,def,70
3752,2080,2,G.P.,pess,inv,pess_inv,8,10,12,SG,def,def,70
3753,2080,2,G.P.,pess,inv,pess_inv,9,0,15,PD,coop,def,70
3754,2080,2,G.P.,pess,inv,pess_inv,10,0,5,SH,coop,def,70
3755,2080,2,G.P.,pess,inv,pess_inv,11,10,8,HG,def,coop,70
3756,2080,2,G.P.,pess,inv,pess_inv,12,7,12,SG,def,def,70
3757,2080,2,G.P.,pess,inv,pess_inv,13,3,8,SH,coop,coop,70
3758,2080,2,G.P.,pess,inv,pess_inv,14,3,15,PD,coop,def,70
3759,2080,2,G.P.,pess,inv,pess_inv,15,10,5,HG,def,coop,70
3760,2080,3,E.B.,opt,inv,opt_inv,0,3,5,SH,def,coop,70
3761,2080,3,E.B.,opt,inv,opt_inv,1,0,15,PD,coop,def,70
3762,2080,3,E.B.,opt,inv,opt_inv,2,7,8,HG,def,coop,70
3763,2080,3,E.B.,opt,inv,opt_inv,3,10,12,SG,coop,def,70
3764,2080,3,E.B.,opt,inv,opt_inv,4,7,12,SG,coop,def,70
3765,2080,3,E.B.,opt,inv,opt_inv,5,10,8,HG,def,coop,70
3766,2080,3,E.B.,opt,inv,opt_inv,6,0,5,SH,def,def,70
3767,2080,3,E.B.,opt,inv,opt_inv,7,0,12,PD,coop,def,70
3768,2080,3,E.B.,opt,inv,opt_inv,8,7,5,HG,def,coop,70
3769,2080,3,E.B.,opt,inv,opt_inv,9,3,8,SH,def,def,70
3770,2080,3,E.B.,opt,inv,opt_inv,10,3,12,PD,coop,def,70
3771,2080,3,E.B.,opt,inv,opt_inv,11,7,15,SG,coop,def,70
3772,2080,3,E.B.,opt,inv,opt_inv,12,3,15,PD,coop,def,70
3773,2080,3,E.B.,opt,inv,opt_inv,13,10,5,HG,def,coop,70
3774,2080,3,E.B.,opt,inv,opt_inv,14,10,15,SG,coop,def,70
3775,2080,3,E.B.,opt,inv,opt_inv,15,0,8,SH,def,def,70
3776,2081,0,G.P.,pess,nat,pess_nat,0,0,8,SH,def,def,80
3777,2081,0,G.P.,pess,nat,pess_nat,1,3,15,PD,def,def,80
3778,2081,0,G.P.,pess,nat,pess_nat,2,10,12,SG,coop,coop,70
3779,2081,0,G.P.,pess,nat,pess_nat,3,7,8,HG,coop,coop,80
3780,2081,0,G.P.,pess,nat,pess_nat,4,10,8,HG,coop,coop,80
3781,2081,0,G.P.,pess,nat,pess_nat,5,0,15,PD,def,def,70
3782,2081,0,G.P.,pess,nat,pess_nat,6,3,8,SH,def,def,80
3783,2081,0,G.P.,pess,nat,pess_nat,7,7,15,SG,coop,def,80
3784,2081,0,G.P.,pess,nat,pess_nat,8,0,12,PD,def,def,80
3785,2081,0,G.P.,pess,nat,pess_nat,9,3,5,SH,def,coop,80
3786,2081,0,G.P.,pess,nat,pess_nat,10,7,12,SG,coop,def,80
3787,2081,0,G.P.,pess,nat,pess_nat,11,10,5,HG,coop,coop,80
3788,2081,0,G.P.,pess,nat,pess_nat,12,0,5,SH,def,coop,80
3789,2081,0,G.P.,pess,nat,pess_nat,13,7,5,HG,coop,coop,80
3790,2081,0,G.P.,pess,nat,pess_nat,14,3,12,PD,def,def,80
3791,2081,0,G.P.,pess,nat,pess_nat,15,10,15,SG,coop,def,80
3792,2081,1,F.A.,opt,nat,opt_nat,0,3,8,SH,coop,def,80
3793,2081,1,F.A.,opt,nat,opt_nat,1,0,15,PD,def,def,80
3794,2081,1,F.A.,opt,nat,opt_nat,2,7,8,HG,coop,def,80
3795,2081,1,F.A.,opt,nat,opt_nat,3,7,15,SG,def,def,80
3796,2081,1,F.A.,opt,nat,opt_nat,4,3,5,SH,coop,coop,80
3797,2081,1,F.A.,opt,nat,opt_nat,5,7,5,HG,coop,coop,80
3798,2081,1,F.A.,opt,nat,opt_nat,6,0,12,PD,def,def,80
3799,2081,1,F.A.,opt,nat,opt_nat,7,10,12,SG,def,coop,80
3800,2081,1,F.A.,opt,nat,opt_nat,8,7,12,SG,def,def,80
3801,2081,1,F.A.,opt,nat,opt_nat,9,3,15,PD,def,def,80
3802,2081,1,F.A.,opt,nat,opt_nat,10,0,8,SH,coop,def,80
3803,2081,1,F.A.,opt,nat,opt_nat,11,10,5,HG,coop,coop,80
3804,2081,1,F.A.,opt,nat,opt_nat,12,10,15,SG,def,def,80
3805,2081,1,F.A.,opt,nat,opt_nat,13,0,5,SH,coop,coop,80
3806,2081,1,F.A.,opt,nat,opt_nat,14,10,8,HG,coop,coop,80
3807,2081,1,F.A.,opt,nat,opt_nat,15,3,12,PD,def,def,80
3808,2081,2,E.B.,opt,inv,opt_inv,0,10,5,HG,def,coop,80
3809,2081,2,E.B.,opt,inv,opt_inv,1,3,5,SH,def,coop,80
3810,2081,2,E.B.,opt,inv,opt_inv,2,0,15,PD,coop,def,80
3811,2081,2,E.B.,opt,inv,opt_inv,3,7,12,SG,coop,def,80
3812,2081,2,E.B.,opt,inv,opt_inv,4,10,15,SG,coop,coop,80
3813,2081,2,E.B.,opt,inv,opt_inv,5,10,8,HG,def,coop,80
3814,2081,2,E.B.,opt,inv,opt_inv,6,0,12,PD,coop,def,80
3815,2081,2,E.B.,opt,inv,opt_inv,7,0,5,SH,def,coop,80
3816,2081,2,E.B.,opt,inv,opt_inv,8,7,15,SG,coop,def,80
3817,2081,2,E.B.,opt,inv,opt_inv,9,0,8,SH,def,def,80
3818,2081,2,E.B.,opt,inv,opt_inv,10,3,15,PD,coop,def,80
3819,2081,2,E.B.,opt,inv,opt_inv,11,7,5,HG,def,coop,80
3820,2081,2,E.B.,opt,inv,opt_inv,12,3,12,PD,coop,def,80
3821,2081,2,E.B.,opt,inv,opt_inv,13,10,12,SG,coop,coop,80
3822,2081,2,E.B.,opt,inv,opt_inv,14,3,8,SH,def,def,80
3823,2081,2,E.B.,opt,inv,opt_inv,15,7,8,HG,def,coop,80
3824,2081,3,D.T.,pess,inv,pess_inv,0,10,12,SG,def,def,80
3825,2081,3,D.T.,pess,inv,pess_inv,1,0,12,PD,coop,def,80
3826,2081,3,D.T.,pess,inv,pess_inv,2,3,5,SH,coop,coop,80
3827,2081,3,D.T.,pess,inv,pess_inv,3,7,8,HG,def,coop,80
3828,2081,3,D.T.,pess,inv,pess_inv,4,10,5,HG,def,coop,80
3829,2081,3,D.T.,pess,inv,pess_inv,5,3,12,PD,coop,def,80
3830,2081,3,D.T.,pess,inv,pess_inv,6,3,8,SH,coop,def,80
3831,2081,3,D.T.,pess,inv,pess_inv,7,10,15,SG,def,coop,80
3832,2081,3,D.T.,pess,inv,pess_inv,8,0,15,PD,coop,def,80
3833,2081,3,D.T.,pess,inv,pess_inv,9,7,12,SG,def,def,80
3834,2081,3,D.T.,pess,inv,pess_inv,10,0,5,SH,coop,coop,80
3835,2081,3,D.T.,pess,inv,pess_inv,11,7,5,HG,def,coop,80
3836,2081,3,D.T.,pess,inv,pess_inv,12,10,8,HG,def,coop,80
3837,2081,3,D.T.,pess,inv,pess_inv,13,0,8,SH,coop,def,80
3838,2081,3,D.T.,pess,inv,pess_inv,14,7,15,SG,def,def,80
3839,2081,3,D.T.,pess,inv,pess_inv,15,3,15,PD,coop,def,80
3840,2082,0,D.T.,opt,nat,opt_nat,0,3,12,PD,def,def,100
3841,2082,0,D.T.,opt,nat,opt_nat,1,7,8,HG,coop,coop,80
3842,2082,0,D.T.,opt,nat,opt_nat,2,3,8,SH,coop,def,90
3843,2082,0,D.T.,opt,nat,opt_nat,3,7,12,SG,def,def,100
3844,2082,0,D.T.,opt,nat,opt_nat,4,0,15,PD,def,def,100
3845,2082,0,D.T.,opt,nat,opt_nat,5,0,8,SH,coop,def,100
3846,2082,0,D.T.,opt,nat,opt_nat,6,7,15,SG,def,def,100
3847,2082,0,D.T.,opt,nat,opt_nat,7,7,5,HG,coop,coop,80
3848,2082,0,D.T.,opt,nat,opt_nat,8,3,15,PD,def,def,100
3849,2082,0,D.T.,opt,nat,opt_nat,9,0,5,SH,coop,def,90
3850,2082,0,D.T.,opt,nat,opt_nat,10,10,5,HG,coop,coop,90
3851,2082,0,D.T.,opt,nat,opt_nat,11,10,15,SG,def,def,90
3852,2082,0,D.T.,opt,nat,opt_nat,12,10,12,SG,def,def,100
3853,2082,0,D.T.,opt,nat,opt_nat,13,0,12,PD,def,def,100
3854,2082,0,D.T.,opt,nat,opt_nat,14,3,5,SH,coop,def,70
3855,2082,0,D.T.,opt,nat,opt_nat,15,10,8,HG,coop,coop,80
3856,2082,1,F.A.,pess,nat,pess_nat,0,3,15,PD,def,def,100
3857,2082,1,F.A.,pess,nat,pess_nat,1,3,5,SH,def,def,70
3858,2082,1,F.A.,pess,nat,pess_nat,2,7,12,SG,coop,def,100
3859,2082,1,F.A.,pess,nat,pess_nat,3,10,5,HG,coop,coop,80
3860,2082,1,F.A.,pess,nat,pess_nat,4,0,15,PD,def,def,100
3861,2082,1,F.A.,pess,nat,pess_nat,5,0,5,SH,def,def,100
3862,2082,1,F.A.,pess,nat,pess_nat,6,7,8,HG,coop,coop,70
3863,2082,1,F.A.,pess,nat,pess_nat,7,7,15,SG,coop,def,100
3864,2082,1,F.A.,pess,nat,pess_nat,8,3,12,PD,def,def,100
3865,2082,1,F.A.,pess,nat,pess_nat,9,10,8,HG,coop,coop,100
3866,2082,1,F.A.,pess,nat,pess_nat,10,3,8,SH,def,def,100
3867,2082,1,F.A.,pess,nat,pess_nat,11,10,12,SG,coop,def,100
3868,2082,1,F.A.,pess,nat,pess_nat,12,10,15,SG,coop,def,100
3869,2082,1,F.A.,pess,nat,pess_nat,13,7,5,HG,coop,coop,70
3870,2082,1,F.A.,pess,nat,pess_nat,14,0,8,SH,def,def,100
3871,2082,1,F.A.,pess,nat,pess_nat,15,0,12,PD,def,def,100
3872,2082,2,E.B.,opt,inv,opt_inv,0,10,5,HG,def,coop,100
3873,2082,2,E.B.,opt,inv,opt_inv,1,3,5,SH,def,def,70
3874,2082,2,E.B.,opt,inv,opt_inv,2,0,15,PD,coop,def,100
3875,2082,2,E.B.,opt,inv,opt_inv,3,7,12,SG,coop,def,100
3876,2082,2,E.B.,opt,inv,opt_inv,4,10,15,SG,coop,def,100
3877,2082,2,E.B.,opt,inv,opt_inv,5,10,8,HG,def,coop,100
3878,2082,2,E.B.,opt,inv,opt_inv,6,0,12,PD,coop,def,100
3879,2082,2,E.B.,opt,inv,opt_inv,7,0,5,SH,def,def,70
3880,2082,2,E.B.,opt,inv,opt_inv,8,7,15,SG,coop,def,70
3881,2082,2,E.B.,opt,inv,opt_inv,9,0,8,SH,def,def,100
3882,2082,2,E.B.,opt,inv,opt_inv,10,3,15,PD,coop,def,100
3883,2082,2,E.B.,opt,inv,opt_inv,11,7,5,HG,def,coop,70
3884,2082,2,E.B.,opt,inv,opt_inv,12,3,12,PD,coop,def,100
3885,2082,2,E.B.,opt,inv,opt_inv,13,10,12,SG,coop,def,100
3886,2082,2,E.B.,opt,inv,opt_inv,14,3,8,SH,def,def,100
3887,2082,2,E.B.,opt,inv,opt_inv,15,7,8,HG,def,coop,60
3888,2082,3,G.P.,pess,inv,pess_inv,0,0,12,PD,coop,def,100
3889,2082,3,G.P.,pess,inv,pess_inv,1,0,8,SH,coop,def,100
3890,2082,3,G.P.,pess,inv,pess_inv,2,7,15,SG,def,def,100
3891,2082,3,G.P.,pess,inv,pess_inv,3,7,8,HG,def,coop,70
3892,2082,3,G.P.,pess,inv,pess_inv,4,3,12,PD,coop,def,100
3893,2082,3,G.P.,pess,inv,pess_inv,5,0,5,SH,coop,def,70
3894,2082,3,G.P.,pess,inv,pess_inv,6,10,8,HG,def,coop,70
3895,2082,3,G.P.,pess,inv,pess_inv,7,10,15,SG,def,def,100
3896,2082,3,G.P.,pess,inv,pess_inv,8,10,12,SG,def,def,100
3897,2082,3,G.P.,pess,inv,pess_inv,9,0,15,PD,coop,def,100
3898,2082,3,G.P.,pess,inv,pess_inv,10,10,5,HG,def,coop,70
3899,2082,3,G.P.,pess,inv,pess_inv,11,3,8,SH,coop,def,70
3900,2082,3,G.P.,pess,inv,pess_inv,12,7,12,SG,def,def,100
3901,2082,3,G.P.,pess,inv,pess_inv,13,3,15,PD,coop,def,100
3902,2082,3,G.P.,pess,inv,pess_inv,14,3,5,SH,coop,def,70
3903,2082,3,G.P.,pess,inv,pess_inv,15,7,5,HG,def,coop,70
3904,2083,0,F.A.,opt,nat,opt_nat,0,10,8,HG,coop,def,50
3905,2083,0,F.A.,opt,nat,opt_nat,1,7,12,SG,def,def,50
3906,2083,0,F.A.,opt,nat,opt_nat,2,0,12,PD,def,def,60
3907,2083,0,F.A.,opt,nat,opt_nat,3,0,8,SH,coop,def,60
3908,2083,0,F.A.,opt,nat,opt_nat,4,3,8,SH,coop,coop,60
3909,2083,0,F.A.,opt,nat,opt_nat,5,3,15,PD,def,def,50
3910,2083,0,F.A.,opt,nat,opt_nat,6,10,15,SG,def,def,60
3911,2083,0,F.A.,opt,nat,opt_nat,7,10,5,HG,coop,def,60
3912,2083,0,F.A.,opt,nat,opt_nat,8,3,12,PD,def,def,60
3913,2083,0,F.A.,opt,nat,opt_nat,9,7,8,HG,coop,def,60
3914,2083,0,F.A.,opt,nat,opt_nat,10,10,12,SG,def,def,60
3915,2083,0,F.A.,opt,nat,opt_nat,11,0,5,SH,coop,coop,60
3916,2083,0,F.A.,opt,nat,opt_nat,12,0,15,PD,def,def,60
3917,2083,0,F.A.,opt,nat,opt_nat,13,7,15,SG,def,def,60
3918,2083,0,F.A.,opt,nat,opt_nat,14,7,5,HG,coop,coop,60
3919,2083,0,F.A.,opt,nat,opt_nat,15,3,5,SH,coop,coop,60
3920,2083,1,E.B.,pess,nat,pess_nat,0,3,15,PD,def,def,60
3921,2083,1,E.B.,pess,nat,pess_nat,1,3,5,SH,def,coop,60
3922,2083,1,E.B.,pess,nat,pess_nat,2,7,12,SG,coop,coop,60
3923,2083,1,E.B.,pess,nat,pess_nat,3,10,5,HG,coop,coop,60
3924,2083,1,E.B.,pess,nat,pess_nat,4,0,15,PD,def,def,60
3925,2083,1,E.B.,pess,nat,pess_nat,5,0,5,SH,def,def,60
3926,2083,1,E.B.,pess,nat,pess_nat,6,7,8,HG,coop,coop,60
3927,2083,1,E.B.,pess,nat,pess_nat,7,7,15,SG,coop,def,60
3928,2083,1,E.B.,pess,nat,pess_nat,8,3,12,PD,def,def,60
3929,2083,1,E.B.,pess,nat,pess_nat,9,10,8,HG,coop,def,60
3930,2083,1,E.B.,pess,nat,pess_nat,10,3,8,SH,def,def,60
3931,2083,1,E.B.,pess,nat,pess_nat,11,10,12,SG,coop,def,60
3932,2083,1,E.B.,pess,nat,pess_nat,12,10,15,SG,coop,def,60
3933,2083,1,E.B.,pess,nat,pess_nat,13,7,5,HG,coop,coop,60
3934,2083,1,E.B.,pess,nat,pess_nat,14,0,8,SH,def,def,60
3935,2083,1,E.B.,pess,nat,pess_nat,15,0,12,PD,def,def,60
3936,2083,2,G.P.,opt,inv,opt_inv,0,10,12,SG,coop,coop,60
3937,2083,2,G.P.,opt,inv,opt_inv,1,0,12,PD,coop,def,60
3938,2083,2,G.P.,opt,inv,opt_inv,2,3,5,SH,def,coop,60
3939,2083,2,G.P.,opt,inv,opt_inv,3,7,8,HG,def,coop,60
3940,2083,2,G.P.,opt,inv,opt_inv,4,10,5,HG,def,coop,60
3941,2083,2,G.P.,opt,inv,opt_inv,5,3,12,PD,coop,def,60
3942,2083,2,G.P.,opt,inv,opt_inv,6,3,8,SH,def,def,60
3943,2083,2,G.P.,opt,inv,opt_inv,7,10,15,SG,coop,def,60
3944,2083,2,G.P.,opt,inv,opt_inv,8,0,15,PD,coop,def,60
3945,2083,2,G.P.,opt,inv,opt_inv,9,7,12,SG,coop,def,60
3946,2083,2,G.P.,opt,inv,opt_inv,10,0,5,SH,def,def,60
3947,2083,2,G.P.,opt,inv,opt_inv,11,7,5,HG,def,coop,60
3948,2083,2,G.P.,opt,inv,opt_inv,12,10,8,HG,def,def,60
3949,2083,2,G.P.,opt,inv,opt_inv,13,0,8,SH,def,def,60
3950,2083,2,G.P.,opt,inv,opt_inv,14,7,15,SG,coop,def,60
3951,2083,2,G.P.,opt,inv,opt_inv,15,3,15,PD,coop,def,60
3952,2083,3,D.T.,pess,inv,pess_inv,0,10,5,HG,def,def,60
3953,2083,3,D.T.,pess,inv,pess_inv,1,0,15,PD,coop,def,60
3954,2083,3,D.T.,pess,inv,pess_inv,2,7,12,SG,def,def,60
3955,2083,3,D.T.,pess,inv,pess_inv,3,0,8,SH,coop,def,60
3956,2083,3,D.T.,pess,inv,pess_inv,4,0,5,SH,coop,def,60
3957,2083,3,D.T.,pess,inv,pess_inv,5,10,15,SG,def,def,60
3958,2083,3,D.T.,pess,inv,pess_inv,6,7,5,HG,def,coop,60
3959,2083,3,D.T.,pess,inv,pess_inv,7,0,12,PD,coop,def,60
3960,2083,3,D.T.,pess,inv,pess_inv,8,10,8,HG,def,coop,60
3961,2083,3,D.T.,pess,inv,pess_inv,9,3,15,PD,coop,def,60
3962,2083,3,D.T.,pess,inv,pess_inv,10,3,8,SH,coop,def,60
3963,2083,3,D.T.,pess,inv,pess_inv,11,10,12,SG,def,def,60
3964,2083,3,D.T.,pess,inv,pess_inv,12,3,12,PD,coop,def,60
3965,2083,3,D.T.,pess,inv,pess_inv,13,7,15,SG,def,def,60
3966,2083,3,D.T.,pess,inv,pess_inv,14,7,8,HG,def,def,60
3967,2083,3,D.T.,pess,inv,pess_inv,15,3,5,SH,coop,def,60
3968,2088,0,G.P.,pess,nat,pess_nat,0,10,5,HG,coop,coop,50
3969,2088,0,G.P.,pess,nat,pess_nat,1,7,12,SG,coop,coop,50
3970,2088,0,G.P.,pess,nat,pess_nat,2,0,12,PD,def,def,50
3971,2088,0,G.P.,pess,nat,pess_nat,3,3,8,SH,def,def,50
3972,2088,0,G.P.,pess,nat,pess_nat,4,10,12,SG,coop,def,50
3973,2088,0,G.P.,pess,nat,pess_nat,5,0,8,SH,def,def,50
3974,2088,0,G.P.,pess,nat,pess_nat,6,7,8,HG,coop,def,50
3975,2088,0,G.P.,pess,nat,pess_nat,7,0,15,PD,def,def,50
3976,2088,0,G.P.,pess,nat,pess_nat,8,7,5,HG,coop,coop,50
3977,2088,0,G.P.,pess,nat,pess_nat,9,10,15,SG,coop,def,50
3978,2088,0,G.P.,pess,nat,pess_nat,10,3,5,SH,def,coop,50
3979,2088,0,G.P.,pess,nat,pess_nat,11,3,15,PD,def,def,50
3980,2088,0,G.P.,pess,nat,pess_nat,12,3,12,PD,def,def,50
3981,2088,0,G.P.,pess,nat,pess_nat,13,0,5,SH,def,def,50
3982,2088,0,G.P.,pess,nat,pess_nat,14,7,15,SG,coop,def,50
3983,2088,0,G.P.,pess,nat,pess_nat,15,10,8,HG,coop,coop,50
3984,2088,1,D.T.,opt,nat,opt_nat,0,3,8,SH,coop,def,50
3985,2088,1,D.T.,opt,nat,opt_nat,1,0,15,PD,def,def,50
3986,2088,1,D.T.,opt,nat,opt_nat,2,7,8,HG,coop,coop,50
3987,2088,1,D.T.,opt,nat,opt_nat,3,7,15,SG,def,def,50
3988,2088,1,D.T.,opt,nat,opt_nat,4,3,5,SH,coop,def,50
3989,2088,1,D.T.,opt,nat,opt_nat,5,7,5,HG,coop,coop,50
3990,2088,1,D.T.,opt,nat,opt_nat,6,0,12,PD,def,def,50
3991,2088,1,D.T.,opt,nat,opt_nat,7,10,12,SG,def,def,50
3992,2088,1,D.T.,opt,nat,opt_nat,8,7,12,SG,def,def,50
3993,2088,1,D.T.,opt,nat,opt_nat,9,3,15,PD,def,def,50
3994,2088,1,D.T.,opt,nat,opt_nat,10,0,8,SH,coop,def,50
3995,2088,1,D.T.,opt,nat,opt_nat,11,10,5,HG,coop,coop,50
3996,2088,1,D.T.,opt,nat,opt_nat,12,10,15,SG,def,def,50
3997,2088,1,D.T.,opt,nat,opt_nat,13,0,5,SH,coop,def,50
3998,2088,1,D.T.,opt,nat,opt_nat,14,10,8,HG,coop,coop,50
3999,2088,1,D.T.,opt,nat,opt_nat,15,3,12,PD,def,def,50
4000,2088,2,E.B.,pess,inv,pess_inv,0,10,8,HG,def,coop,50
4001,2088,2,E.B.,pess,inv,pess_inv,1,7,12,SG,def,def,50
4002,2088,2,E.B.,pess,inv,pess_inv,2,0,12,PD,coop,def,50
4003,2088,2,E.B.,pess,inv,pess_inv,3,0,8,SH,coop,def,50
4004,2088,2,E.B.,pess,inv,pess_inv,4,3,8,SH,coop,coop,50
4005,2088,2,E.B.,pess,inv,pess_inv,5,3,15,PD,coop,def,50
4006,2088,2,E.B.,pess,inv,pess_inv,6,10,15,SG,def,def,50
4007,2088,2,E.B.,pess,inv,pess_inv,7,10,5,HG,def,coop,50
4008,2088,2,E.B.,pess,inv,pess_inv,8,3,12,PD,coop,def,50
4009,2088,2,E.B.,pess,inv,pess_inv,9,7,8,HG,def,coop,50
4010,2088,2,E.B.,pess,inv,pess_inv,10,10,12,SG,def,def,50
4011,2088,2,E.B.,pess,inv,pess_inv,11,0,5,SH,coop,def,50
4012,2088,2,E.B.,pess,inv,pess_inv,12,0,15,PD,coop,def,50
4013,2088,2,E.B.,pess,inv,pess_inv,13,7,15,SG,def,def,50
4014,2088,2,E.B.,pess,inv,pess_inv,14,7,5,HG,def,coop,50
4015,2088,2,E.B.,pess,inv,pess_inv,15,3,5,SH,coop,coop,50
4016,2088,3,F.A.,opt,inv,opt_inv,0,10,12,SG,coop,def,50
4017,2088,3,F.A.,opt,inv,opt_inv,1,0,12,PD,coop,def,50
4018,2088,3,F.A.,opt,inv,opt_inv,2,3,5,SH,def,coop,50
4019,2088,3,F.A.,opt,inv,opt_inv,3,7,8,HG,def,coop,50
4020,2088,3,F.A.,opt,inv,opt_inv,4,10,5,HG,def,coop,50
4021,2088,3,F.A.,opt,inv,opt_inv,5,3,12,PD,coop,def,50
4022,2088,3,F.A.,opt,inv,opt_inv,6,3,8,SH,def,def,50
4023,2088,3,F.A.,opt,inv,opt_inv,7,10,15,SG,coop,def,50
4024,2088,3,F.A.,opt,inv,opt_inv,8,0,15,PD,coop,def,50
4025,2088,3,F.A.,opt,inv,opt_inv,9,7,12,SG,coop,def,50
4026,2088,3,F.A.,opt,inv,opt_inv,10,0,5,SH,def,def,50
4027,2088,3,F.A.,opt,inv,opt_inv,11,7,5,HG,def,coop,50
4028,2088,3,F.A.,opt,inv,opt_inv,12,10,8,HG,def,coop,50
4029,2088,3,F.A.,opt,inv,opt_inv,13,0,8,SH,def,def,50
4030,2088,3,F.A.,opt,inv,opt_inv,14,7,15,SG,coop,def,50
4031,2088,3,F.A.,opt,inv,opt_inv,15,3,15,PD,coop,def,50
4032,2089,0,E.B.,opt,nat,opt_nat,0,7,15,SG,def,def,90
4033,2089,0,E.B.,opt,nat,opt_nat,1,0,12,PD,def,def,90
4034,2089,0,E.B.,opt,nat,opt_nat,2,3,5,SH,coop,coop,100
4035,2089,0,E.B.,opt,nat,opt_nat,3,7,5,HG,coop,coop,100
4036,2089,0,E.B.,opt,nat,opt_nat,4,3,12,PD,def,def,90
4037,2089,0,E.B.,opt,nat,opt_nat,5,7,8,HG,coop,def,100
4038,2089,0,E.B.,opt,nat,opt_nat,6,0,8,SH,coop,def,100
4039,2089,0,E.B.,opt,nat,opt_nat,7,10,15,SG,def,coop,90
4040,2089,0,E.B.,opt,nat,opt_nat,8,10,12,SG,def,coop,90
4041,2089,0,E.B.,opt,nat,opt_nat,9,0,15,PD,def,def,100
4042,2089,0,E.B.,opt,nat,opt_nat,10,0,5,SH,coop,coop,80
4043,2089,0,E.B.,opt,nat,opt_nat,11,10,8,HG,coop,def,100
4044,2089,0,E.B.,opt,nat,opt_nat,12,7,12,SG,def,coop,100
4045,2089,0,E.B.,opt,nat,opt_nat,13,3,8,SH,coop,def,100
4046,2089,0,E.B.,opt,nat,opt_nat,14,3,15,PD,def,def,100
4047,2089,0,E.B.,opt,nat,opt_nat,15,10,5,HG,coop,def,100
4048,2089,1,G.P.,pess,nat,pess_nat,0,3,15,PD,def,def,90
4049,2089,1,G.P.,pess,nat,pess_nat,1,3,5,SH,def,coop,80
4050,2089,1,G.P.,pess,nat,pess_nat,2,7,12,SG,coop,coop,90
4051,2089,1,G.P.,pess,nat,pess_nat,3,10,5,HG,coop,coop,90
4052,2089,1,G.P.,pess,nat,pess_nat,4,0,15,PD,def,def,100
4053,2089,1,G.P.,pess,nat,pess_nat,5,0,5,SH,def,coop,100
4054,2089,1,G.P.,pess,nat,pess_nat,6,7,8,HG,coop,def,80
4055,2089,1,G.P.,pess,nat,pess_nat,7,7,15,SG,coop,coop,90
4056,2089,1,G.P.,pess,nat,pess_nat,8,3,12,PD,def,def,100
4057,2089,1,G.P.,pess,nat,pess_nat,9,10,8,HG,coop,def,90
4058,2089,1,G.P.,pess,nat,pess_nat,10,3,8,SH,def,coop,90
4059,2089,1,G.P.,pess,nat,pess_nat,11,10,12,SG,coop,coop,100
4060,2089,1,G.P.,pess,nat,pess_nat,12,10,15,SG,coop,coop,100
4061,2089,1,G.P.,pess,nat,pess_nat,13,7,5,HG,coop,def,100
4062,2089,1,G.P.,pess,nat,pess_nat,14,0,8,SH,def,coop,100
4063,2089,1,G.P.,pess,nat,pess_nat,15,0,12,PD,def,def,100
4064,2089,2,F.A.,pess,inv,pess_inv,0,0,8,SH,coop,coop,100
4065,2089,2,F.A.,pess,inv,pess_inv,1,3,15,PD,coop,def,100
4066,2089,2,F.A.,pess,inv,pess_inv,2,10,12,SG,def,def,100
4067,2089,2,F.A.,pess,inv,pess_inv,3,7,8,HG,def,def,100
4068,2089,2,F.A.,pess,inv,pess_inv,4,10,8,HG,def,def,100
4069,2089,2,F.A.,pess,inv,pess_inv,5,0,15,PD,coop,def,100
4070,2089,2,F.A.,pess,inv,pess_inv,6,3,8,SH,coop,def,100
4071,2089,2,F.A.,pess,inv,pess_inv,7,7,15,SG,def,def,100
4072,2089,2,F.A.,pess,inv,pess_inv,8,0,12,PD,coop,def,100
4073,2089,2,F.A.,pess,inv,pess_inv,9,3,5,SH,coop,coop,100
4074,2089,2,F.A.,pess,inv,pess_inv,10,7,12,SG,def,coop,100
4075,2089,2,F.A.,pess,inv,pess_inv,11,10,5,HG,def,coop,100
4076,2089,2,F.A.,pess,inv,pess_inv,12,0,5,SH,coop,coop,100
4077,2089,2,F.A.,pess,inv,pess_inv,13,7,5,HG,def,def,100
4078,2089,2,F.A.,pess,inv,pess_inv,14,3,12,PD,coop,def,100
4079,2089,2,F.A.,pess,inv,pess_inv,15,10,15,SG,def,coop,100
4080,2089,3,D.T.,opt,inv,opt_inv,0,0,12,PD,coop,def,100
4081,2089,3,D.T.,opt,inv,opt_inv,1,7,5,HG,def,def,100
4082,2089,3,D.T.,opt,inv,opt_inv,2,10,12,SG,coop,def,100
4083,2089,3,D.T.,opt,inv,opt_inv,3,3,5,SH,def,def,100
4084,2089,3,D.T.,opt,inv,opt_inv,4,0,8,SH,def,def,100
4085,2089,3,D.T.,opt,inv,opt_inv,5,0,15,PD,coop,def,100
4086,2089,3,D.T.,opt,inv,opt_inv,6,10,5,HG,def,def,100
4087,2089,3,D.T.,opt,inv,opt_inv,7,7,12,SG,coop,def,100
4088,2089,3,D.T.,opt,inv,opt_inv,8,3,15,PD,coop,def,100
4089,2089,3,D.T.,opt,inv,opt_inv,9,10,15,SG,coop,def,100
4090,2089,3,D.T.,opt,inv,opt_inv,10,7,8,HG,def,def,100
4091,2089,3,D.T.,opt,inv,opt_inv,11,0,5,SH,def,def,100
4092,2089,3,D.T.,opt,inv,opt_inv,12,10,8,HG,def,def,100
4093,2089,3,D.T.,opt,inv,opt_inv,13,7,15,SG,coop,def,100
4094,2089,3,D.T.,opt,inv,opt_inv,14,3,8,SH,def,def,100
4095,2089,3,D.T.,opt,inv,opt_inv,15,3,12,PD,coop,def,100
4096,2093,0,G.P.,opt,nat,opt_nat,0,10,8,HG,coop,coop,50
4097,2093,0,G.P.,opt,nat,opt_nat,1,3,5,SH,coop,coop,40
4098,2093,0,G.P.,opt,nat,opt_nat,2,7,12,SG,def,def,40
4099,2093,0,G.P.,opt,nat,opt_nat,3,3,12,PD,def,def,40
4100,2093,0,G.P.,opt,nat,opt_nat,4,7,5,HG,coop,coop,50
4101,2093,0,G.P.,opt,nat,opt_nat,5,10,15,SG,def,def,40
4102,2093,0,G.P.,opt,nat,opt_nat,6,0,12,PD,def,def,50
4103,2093,0,G.P.,opt,nat,opt_nat,7,0,5,SH,coop,coop,50
4104,2093,0,G.P.,opt,nat,opt_nat,8,10,5,HG,coop,coop,50
4105,2093,0,G.P.,opt,nat,opt_nat,9,3,8,SH,coop,coop,40
4106,2093,0,G.P.,opt,nat,opt_nat,10,7,15,SG,def,def,40
4107,2093,0,G.P.,opt,nat,opt_nat,11,3,15,PD,def,def,40
4108,2093,0,G.P.,opt,nat,opt_nat,12,0,15,PD,def,def,40
4109,2093,0,G.P.,opt,nat,opt_nat,13,0,8,SH,coop,coop,40
4110,2093,0,G.P.,opt,nat,opt_nat,14,10,12,SG,def,coop,40
4111,2093,0,G.P.,opt,nat,opt_nat,15,7,8,HG,coop,coop,40
4112,2093,1,F.A.,pess,nat,pess_nat,0,10,5,HG,coop,coop,50
4113,2093,1,F.A.,pess,nat,pess_nat,1,7,12,SG,coop,def,50
4114,2093,1,F.A.,pess,nat,pess_nat,2,0,12,PD,def,coop,50
4115,2093,1,F.A.,pess,nat,pess_nat,3,3,8,SH,def,def,40
4116,2093,1,F.A.,pess,nat,pess_nat,4,10,12,SG,coop,def,50
4117,2093,1,F.A.,pess,nat,pess_nat,5,0,8,SH,def,coop,50
4118,2093,1,F.A.,pess,nat,pess_nat,6,7,8,HG,coop,coop,50
4119,2093,1,F.A.,pess,nat,pess_nat,7,0,15,PD,def,def,50
4120,2093,1,F.A.,pess,nat,pess_nat,8,7,5,HG,coop,coop,50
4121,2093,1,F.A.,pess,nat,pess_nat,9,10,15,SG,coop,coop,50
4122,2093,1,F.A.,pess,nat,pess_nat,10,3,5,SH,def,def,50
4123,2093,1,F.A.,pess,nat,pess_nat,11,3,15,PD,def,def,50
4124,2093,1,F.A.,pess,nat,pess_nat,12,3,12,PD,def,def,50
4125,2093,1,F.A.,pess,nat,pess_nat,13,0,5,SH,def,def,50
4126,2093,1,F.A.,pess,nat,pess_nat,14,7,15,SG,coop,def,50
4127,2093,1,F.A.,pess,nat,pess_nat,15,10,8,HG,coop,def,50
4128,2093,2,D.T.,pess,inv,pess_inv,0,10,5,HG,def,coop,50
4129,2093,2,D.T.,pess,inv,pess_inv,1,0,15,PD,coop,def,50
4130,2093,2,D.T.,pess,inv,pess_inv,2,7,12,SG,def,coop,50
4131,2093,2,D.T.,pess,inv,pess_inv,3,0,8,SH,coop,def,50
4132,2093,2,D.T.,pess,inv,pess_inv,4,0,5,SH,coop,coop,50
4133,2093,2,D.T.,pess,inv,pess_inv,5,10,15,SG,def,coop,50
4134,2093,2,D.T.,pess,inv,pess_inv,6,7,5,HG,def,def,50
4135,2093,2,D.T.,pess,inv,pess_inv,7,0,12,PD,coop,def,50
4136,2093,2,D.T.,pess,inv,pess_inv,8,10,8,HG,def,coop,50
4137,2093,2,D.T.,pess,inv,pess_inv,9,3,15,PD,coop,coop,50
4138,2093,2,D.T.,pess,inv,pess_inv,10,3,8,SH,coop,coop,50
4139,2093,2,D.T.,pess,inv,pess_inv,11,10,12,SG,def,coop,50
4140,2093,2,D.T.,pess,inv,pess_inv,12,3,12,PD,coop,def,50
4141,2093,2,D.T.,pess,inv,pess_inv,13,7,15,SG,def,coop,50
4142,2093,2,D.T.,pess,inv,pess_inv,14,7,8,HG,def,coop,50
4143,2093,2,D.T.,pess,inv,pess_inv,15,3,5,SH,coop,def,50
4144,2093,3,E.B.,opt,inv,opt_inv,0,3,12,PD,coop,def,50
4145,2093,3,E.B.,opt,inv,opt_inv,1,7,8,HG,def,def,50
4146,2093,3,E.B.,opt,inv,opt_inv,2,3,8,SH,def,coop,50
4147,2093,3,E.B.,opt,inv,opt_inv,3,7,12,SG,coop,coop,50
4148,2093,3,E.B.,opt,inv,opt_inv,4,0,15,PD,coop,def,50
4149,2093,3,E.B.,opt,inv,opt_inv,5,0,8,SH,def,def,50
4150,2093,3,E.B.,opt,inv,opt_inv,6,7,15,SG,coop,def,50
4151,2093,3,E.B.,opt,inv,opt_inv,7,7,5,HG,def,coop,50
4152,2093,3,E.B.,opt,inv,opt_inv,8,3,15,PD,coop,def,50
4153,2093,3,E.B.,opt,inv,opt_inv,9,0,5,SH,def,def,50
4154,2093,3,E.B.,opt,inv,opt_inv,10,10,5,HG,def,coop,50
4155,2093,3,E.B.,opt,inv,opt_inv,11,10,15,SG,coop,coop,50
4156,2093,3,E.B.,opt,inv,opt_inv,12,10,12,SG,coop,coop,50
4157,2093,3,E.B.,opt,inv,opt_inv,13,0,12,PD,coop,def,50
4158,2093,3,E.B.,opt,inv,opt_inv,14,3,5,SH,def,coop,50
4159,2093,3,E.B.,opt,inv,opt_inv,15,10,8,HG,def,coop,50
4160,2094,0,E.B.,opt,nat,opt_nat,0,3,12,PD,def,def,90
4161,2094,0,E.B.,opt,nat,opt_nat,1,7,8,HG,coop,coop,90
4162,2094,0,E.B.,opt,nat,opt_nat,2,3,8,SH,coop,def,90
4163,2094,0,E.B.,opt,nat,opt_nat,3,7,12,SG,def,def,80
4164,2094,0,E.B.,opt,nat,opt_nat,4,0,15,PD,def,def,90
4165,2094,0,E.B.,opt,nat,opt_nat,5,0,8,SH,coop,def,90
4166,2094,0,E.B.,opt,nat,opt_nat,6,7,15,SG,def,def,90
4167,2094,0,E.B.,opt,nat,opt_nat,7,7,5,HG,coop,def,80
4168,2094,0,E.B.,opt,nat,opt_nat,8,3,15,PD,def,def,90
4169,2094,0,E.B.,opt,nat,opt_nat,9,0,5,SH,coop,def,80
4170,2094,0,E.B.,opt,nat,opt_nat,10,10,5,HG,coop,coop,90
4171,2094,0,E.B.,opt,nat,opt_nat,11,10,15,SG,def,def,80
4172,2094,0,E.B.,opt,nat,opt_nat,12,10,12,SG,def,coop,70
4173,2094,0,E.B.,opt,nat,opt_nat,13,0,12,PD,def,def,90
4174,2094,0,E.B.,opt,nat,opt_nat,14,3,5,SH,coop,coop,80
4175,2094,0,E.B.,opt,nat,opt_nat,15,10,8,HG,coop,coop,90
4176,2094,1,D.T.,pess,nat,pess_nat,0,10,5,HG,coop,coop,90
4177,2094,1,D.T.,pess,nat,pess_nat,1,3,5,SH,def,coop,90
4178,2094,1,D.T.,pess,nat,pess_nat,2,0,15,PD,def,def,90
4179,2094,1,D.T.,pess,nat,pess_nat,3,7,12,SG,coop,def,80
4180,2094,1,D.T.,pess,nat,pess_nat,4,10,15,SG,coop,coop,80
4181,2094,1,D.T.,pess,nat,pess_nat,5,10,8,HG,coop,coop,90
4182,2094,1,D.T.,pess,nat,pess_nat,6,0,12,PD,def,def,90
4183,2094,1,D.T.,pess,nat,pess_nat,7,0,5,SH,def,def,80
4184,2094,1,D.T.,pess,nat,pess_nat,8,7,15,SG,coop,coop,80
4185,2094,1,D.T.,pess,nat,pess_nat,9,0,8,SH,def,def,90
4186,2094,1,D.T.,pess,nat,pess_nat,10,3,15,PD,def,def,90
4187,2094,1,D.T.,pess,nat,pess_nat,11,7,5,HG,coop,coop,80
4188,2094,1,D.T.,pess,nat,pess_nat,12,3,12,PD,def,def,90
4189,2094,1,D.T.,pess,nat,pess_nat,13,10,12,SG,coop,coop,80
4190,2094,1,D.T.,pess,nat,pess_nat,14,3,8,SH,def,coop,90
4191,2094,1,D.T.,pess,nat,pess_nat,15,7,8,HG,coop,def,80
4192,2094,2,F.A.,opt,inv,opt_inv,0,10,8,HG,def,coop,90
4193,2094,2,F.A.,opt,inv,opt_inv,1,3,5,SH,def,coop,80
4194,2094,2,F.A.,opt,inv,opt_inv,2,7,12,SG,coop,def,90
4195,2094,2,F.A.,opt,inv,opt_inv,3,3,12,PD,coop,def,90
4196,2094,2,F.A.,opt,inv,opt_inv,4,7,5,HG,def,coop,90
4197,2094,2,F.A.,opt,inv,opt_inv,5,10,15,SG,coop,coop,90
4198,2094,2,F.A.,opt,inv,opt_inv,6,0,12,PD,coop,def,90
4199,2094,2,F.A.,opt,inv,opt_inv,7,0,5,SH,def,def,90
4200,2094,2,F.A.,opt,inv,opt_inv,8,10,5,HG,def,coop,90
4201,2094,2,F.A.,opt,inv,opt_inv,9,3,8,SH,def,coop,90
4202,2094,2,F.A.,opt,inv,opt_inv,10,7,15,SG,coop,def,90
4203,2094,2,F.A.,opt,inv,opt_inv,11,3,15,PD,coop,def,90
4204,2094,2,F.A.,opt,inv,opt_inv,12,0,15,PD,coop,def,90
4205,2094,2,F.A.,opt,inv,opt_inv,13,0,8,SH,def,def,90
4206,2094,2,F.A.,opt,inv,opt_inv,14,10,12,SG,coop,coop,90
4207,2094,2,F.A.,opt,inv,opt_inv,15,7,8,HG,def,def,90
4208,2094,3,G.P.,pess,inv,pess_inv,0,0,8,SH,coop,def,90
4209,2094,3,G.P.,pess,inv,pess_inv,1,3,15,PD,coop,def,90
4210,2094,3,G.P.,pess,inv,pess_inv,2,10,12,SG,def,coop,90
4211,2094,3,G.P.,pess,inv,pess_inv,3,7,8,HG,def,def,90
4212,2094,3,G.P.,pess,inv,pess_inv,4,10,8,HG,def,coop,90
4213,2094,3,G.P.,pess,inv,pess_inv,5,0,15,PD,coop,def,90
4214,2094,3,G.P.,pess,inv,pess_inv,6,3,8,SH,coop,coop,90
4215,2094,3,G.P.,pess,inv,pess_inv,7,7,15,SG,def,coop,90
4216,2094,3,G.P.,pess,inv,pess_inv,8,0,12,PD,coop,def,90
4217,2094,3,G.P.,pess,inv,pess_inv,9,3,5,SH,coop,coop,90
4218,2094,3,G.P.,pess,inv,pess_inv,10,7,12,SG,def,def,90
4219,2094,3,G.P.,pess,inv,pess_inv,11,10,5,HG,def,coop,90
4220,2094,3,G.P.,pess,inv,pess_inv,12,0,5,SH,coop,def,90
4221,2094,3,G.P.,pess,inv,pess_inv,13,7,5,HG,def,coop,90
4222,2094,3,G.P.,pess,inv,pess_inv,14,3,12,PD,coop,def,90
4223,2094,3,G.P.,pess,inv,pess_inv,15,10,15,SG,def,coop,90
4224,2095,0,G.P.,pess,nat,pess_nat,0,0,12,PD,def,def,70
4225,2095,0,G.P.,pess,nat,pess_nat,1,0,8,SH,def,def,70
4226,2095,0,G.P.,pess,nat,pess_nat,2,7,15,SG,coop,def,70
4227,2095,0,G.P.,pess,nat,pess_nat,3,7,8,HG,coop,coop,70
4228,2095,0,G.P.,pess,nat,pess_nat,4,3,12,PD,def,def,70
4229,2095,0,G.P.,pess,nat,pess_nat,5,0,5,SH,def,def,70
4230,2095,0,G.P.,pess,nat,pess_nat,6,10,8,HG,coop,coop,70
4231,2095,0,G.P.,pess,nat,pess_nat,7,10,15,SG,coop,coop,70
4232,2095,0,G.P.,pess,nat,pess_nat,8,10,12,SG,coop,coop,70
4233,2095,0,G.P.,pess,nat,pess_nat,9,0,15,PD,def,def,70
4234,2095,0,G.P.,pess,nat,pess_nat,10,10,5,HG,coop,coop,70
4235,2095,0,G.P.,pess,nat,pess_nat,11,3,8,SH,def,def,70
4236,2095,0,G.P.,pess,nat,pess_nat,12,7,12,SG,coop,def,70
4237,2095,0,G.P.,pess,nat,pess_nat,13,3,15,PD,def,def,70
4238,2095,0,G.P.,pess,nat,pess_nat,14,3,5,SH,def,def,70
4239,2095,0,G.P.,pess,nat,pess_nat,15,7,5,HG,coop,coop,70
4240,2095,1,D.T.,opt,nat,opt_nat,0,0,8,SH,coop,def,70
4241,2095,1,D.T.,opt,nat,opt_nat,1,3,15,PD,def,def,70
4242,2095,1,D.T.,opt,nat,opt_nat,2,10,12,SG,def,def,70
4243,2095,1,D.T.,opt,nat,opt_nat,3,7,8,HG,coop,def,70
4244,2095,1,D.T.,opt,nat,opt_nat,4,10,8,HG,coop,coop,70
4245,2095,1,D.T.,opt,nat,opt_nat,5,0,15,PD,def,def,70
4246,2095,1,D.T.,opt,nat,opt_nat,6,3,8,SH,coop,def,70
4247,2095,1,D.T.,opt,nat,opt_nat,7,7,15,SG,def,coop,70
4248,2095,1,D.T.,opt,nat,opt_nat,8,0,12,PD,def,def,70
4249,2095,1,D.T.,opt,nat,opt_nat,9,3,5,SH,coop,coop,70
4250,2095,1,D.T.,opt,nat,opt_nat,10,7,12,SG,def,coop,70
4251,2095,1,D.T.,opt,nat,opt_nat,11,10,5,HG,coop,coop,70
4252,2095,1,D.T.,opt,nat,opt_nat,12,0,5,SH,coop,def,70
4253,2095,1,D.T.,opt,nat,opt_nat,13,7,5,HG,coop,coop,70
4254,2095,1,D.T.,opt,nat,opt_nat,14,3,12,PD,def,def,70
4255,2095,1,D.T.,opt,nat,opt_nat,15,10,15,SG,def,coop,70
4256,2095,2,E.B.,pess,inv,pess_inv,0,10,5,HG,def,coop,70
4257,2095,2,E.B.,pess,inv,pess_inv,1,3,5,SH,coop,coop,70
4258,2095,2,E.B.,pess,inv,pess_inv,2,0,15,PD,coop,def,70
4259,2095,2,E.B.,pess,inv,pess_inv,3,7,12,SG,def,coop,70
4260,2095,2,E.B.,pess,inv,pess_inv,4,10,15,SG,def,coop,70
4261,2095,2,E.B.,pess,inv,pess_inv,5,10,8,HG,def,coop,70
4262,2095,2,E.B.,pess,inv,pess_inv,6,0,12,PD,coop,def,70
4263,2095,2,E.B.,pess,inv,pess_inv,7,0,5,SH,coop,coop,70
4264,2095,2,E.B.,pess,inv,pess_inv,8,7,15,SG,def,def,70
4265,2095,2,E.B.,pess,inv,pess_inv,9,0,8,SH,coop,def,70
4266,2095,2,E.B.,pess,inv,pess_inv,10,3,15,PD,coop,def,70
4267,2095,2,E.B.,pess,inv,pess_inv,11,7,5,HG,def,coop,70
4268,2095,2,E.B.,pess,inv,pess_inv,12,3,12,PD,coop,def,70
4269,2095,2,E.B.,pess,inv,pess_inv,13,10,12,SG,def,coop,70
4270,2095,2,E.B.,pess,inv,pess_inv,14,3,8,SH,coop,coop,70
4271,2095,2,E.B.,pess,inv,pess_inv,15,7,8,HG,def,coop,70
4272,2095,3,F.A.,opt,inv,opt_inv,0,10,12,SG,coop,coop,70
4273,2095,3,F.A.,opt,inv,opt_inv,1,0,12,PD,coop,def,70
4274,2095,3,F.A.,opt,inv,opt_inv,2,3,5,SH,def,coop,70
4275,2095,3,F.A.,opt,inv,opt_inv,3,7,8,HG,def,coop,70
4276,2095,3,F.A.,opt,inv,opt_inv,4,10,5,HG,def,coop,70
4277,2095,3,F.A.,opt,inv,opt_inv,5,3,12,PD,coop,def,70
4278,2095,3,F.A.,opt,inv,opt_inv,6,3,8,SH,def,def,70
4279,2095,3,F.A.,opt,inv,opt_inv,7,10,15,SG,coop,coop,70
4280,2095,3,F.A.,opt,inv,opt_inv,8,0,15,PD,coop,def,70
4281,2095,3,F.A.,opt,inv,opt_inv,9,7,12,SG,coop,coop,70
4282,2095,3,F.A.,opt,inv,opt_inv,10,0,5,SH,def,coop,70
4283,2095,3,F.A.,opt,inv,opt_inv,11,7,5,HG,def,coop,70
4284,2095,3,F.A.,opt,inv,opt_inv,12,10,8,HG,def,coop,70
4285,2095,3,F.A.,opt,inv,opt_inv,13,0,8,SH,def,coop,70
4286,2095,3,F.A.,opt,inv,opt_inv,14,7,15,SG,coop,def,70
4287,2095,3,F.A.,opt,inv,opt_inv,15,3,15,PD,coop,def,70
4288,2096,0,G.P.,pess,nat,pess_nat,0,0,12,PD,def,def,70
4289,2096,0,G.P.,pess,nat,pess_nat,1,7,5,HG,coop,coop,70
4290,2096,0,G.P.,pess,nat,pess_nat,2,10,12,SG,coop,def,70
4291,2096,0,G.P.,pess,nat,pess_nat,3,3,5,SH,def,coop,70
4292,2096,0,G.P.,pess,nat,pess_nat,4,0,8,SH,def,coop,70
4293,2096,0,G.P.,pess,nat,pess_nat,5,0,15,PD,def,def,70
4294,2096,0,G.P.,pess,nat,pess_nat,6,10,5,HG,coop,coop,70
4295,2096,0,G.P.,pess,nat,pess_nat,7,7,12,SG,coop,def,70
4296,2096,0,G.P.,pess,nat,pess_nat,8,3,15,PD,def,def,70
4297,2096,0,G.P.,pess,nat,pess_nat,9,10,15,SG,coop,def,70
4298,2096,0,G.P.,pess,nat,pess_nat,10,7,8,HG,coop,coop,70
4299,2096,0,G.P.,pess,nat,pess_nat,11,0,5,SH,def,def,70
4300,2096,0,G.P.,pess,nat,pess_nat,12,10,8,HG,coop,coop,70
4301,2096,0,G.P.,pess,nat,pess_nat,13,7,15,SG,coop,def,70
4302,2096,0,G.P.,pess,nat,pess_nat,14,3,8,SH,def,def,70
4303,2096,0,G.P.,pess,nat,pess_nat,15,3,12,PD,def,def,70
4304,2096,1,E.B.,opt,nat,opt_nat,0,3,12,PD,def,def,70
4305,2096,1,E.B.,opt,nat,opt_nat,1,7,8,HG,coop,coop,70
4306,2096,1,E.B.,opt,nat,opt_nat,2,3,8,SH,coop,def,70
4307,2096,1,E.B.,opt,nat,opt_nat,3,7,12,SG,def,coop,70
4308,2096,1,E.B.,opt,nat,opt_nat,4,0,15,PD,def,def,70
4309,2096,1,E.B.,opt,nat,opt_nat,5,0,8,SH,coop,def,70
4310,2096,1,E.B.,opt,nat,opt_nat,6,7,15,SG,def,def,70
4311,2096,1,E.B.,opt,nat,opt_nat,7,7,5,HG,coop,coop,70
4312,2096,1,E.B.,opt,nat,opt_nat,8,3,15,PD,def,def,70
4313,2096,1,E.B.,opt,nat,opt_nat,9,0,5,SH,coop,coop,70
4314,2096,1,E.B.,opt,nat,opt_nat,10,10,5,HG,coop,coop,70
4315,2096,1,E.B.,opt,nat,opt_nat,11,10,15,SG,def,coop,70
4316,2096,1,E.B.,opt,nat,opt_nat,12,10,12,SG,def,coop,70
4317,2096,1,E.B.,opt,nat,opt_nat,13,0,12,PD,def,def,70
4318,2096,1,E.B.,opt,nat,opt_nat,14,3,5,SH,coop,coop,70
4319,2096,1,E.B.,opt,nat,opt_nat,15,10,8,HG,coop,coop,70
4320,2096,2,D.T.,pess,inv,pess_inv,0,0,5,SH,coop,coop,70
4321,2096,2,D.T.,pess,inv,pess_inv,1,10,5,HG,def,coop,70
4322,2096,2,D.T.,pess,inv,pess_inv,2,3,15,PD,coop,def,70
4323,2096,2,D.T.,pess,inv,pess_inv,3,7,12,SG,def,coop,70
4324,2096,2,D.T.,pess,inv,pess_inv,4,10,8,HG,def,coop,70
4325,2096,2,D.T.,pess,inv,pess_inv,5,0,15,PD,coop,def,70
4326,2096,2,D.T.,pess,inv,pess_inv,6,3,5,SH,coop,coop,70
4327,2096,2,D.T.,pess,inv,pess_inv,7,7,15,SG,def,coop,70
4328,2096,2,D.T.,pess,inv,pess_inv,8,3,12,PD,coop,def,70
4329,2096,2,D.T.,pess,inv,pess_inv,9,10,12,SG,def,coop,70
4330,2096,2,D.T.,pess,inv,pess_inv,10,7,8,HG,def,coop,70
4331,2096,2,D.T.,pess,inv,pess_inv,11,3,8,SH,coop,def,70
4332,2096,2,D.T.,pess,inv,pess_inv,12,0,12,PD,coop,def,70
4333,2096,2,D.T.,pess,inv,pess_inv,13,0,8,SH,coop,coop,70
4334,2096,2,D.T.,pess,inv,pess_inv,14,10,15,SG,def,coop,70
4335,2096,2,D.T.,pess,inv,pess_inv,15,7,5,HG,def,coop,70
4336,2096,3,F.A.,opt,inv,opt_inv,0,10,8,HG,def,coop,70
4337,2096,3,F.A.,opt,inv,opt_inv,1,3,5,SH,def,coop,70
4338,2096,3,F.A.,opt,inv,opt_inv,2,7,12,SG,coop,coop,70
4339,2096,3,F.A.,opt,inv,opt_inv,3,3,12,PD,coop,def,70
4340,2096,3,F.A.,opt,inv,opt_inv,4,7,5,HG,def,coop,70
4341,2096,3,F.A.,opt,inv,opt_inv,5,10,15,SG,coop,coop,70
4342,2096,3,F.A.,opt,inv,opt_inv,6,0,12,PD,coop,def,70
4343,2096,3,F.A.,opt,inv,opt_inv,7,0,5,SH,def,coop,70
4344,2096,3,F.A.,opt,inv,opt_inv,8,10,5,HG,def,coop,70
4345,2096,3,F.A.,opt,inv,opt_inv,9,3,8,SH,def,def,70
4346,2096,3,F.A.,opt,inv,opt_inv,10,7,15,SG,coop,def,70
4347,2096,3,F.A.,opt,inv,opt_inv,11,3,15,PD,coop,def,70
4348,2096,3,F.A.,opt,inv,opt_inv,12,0,15,PD,coop,def,70
4349,2096,3,F.A.,opt,inv,opt_inv,13,0,8,SH,def,coop,70
4350,2096,3,F.A.,opt,inv,opt_inv,14,10,12,SG,coop,coop,70
4351,2096,3,F.A.,opt,inv,opt_inv,15,7,8,HG,def,coop,70
4352,2097,0,D.T.,pess,nat,pess_nat,0,7,12,SG,coop,coop,90
4353,2097,0,D.T.,pess,nat,pess_nat,1,7,8,HG,coop,coop,80
4354,2097,0,D.T.,pess,nat,pess_nat,2,0,5,SH,def,coop,80
4355,2097,0,D.T.,pess,nat,pess_nat,3,3,15,PD,def,def,90
4356,2097,0,D.T.,pess,nat,pess_nat,4,0,12,PD,def,def,90
4357,2097,0,D.T.,pess,nat,pess_nat,5,0,8,SH,def,coop,60
4358,2097,0,D.T.,pess,nat,pess_nat,6,10,12,SG,coop,coop,70
4359,2097,0,D.T.,pess,nat,pess_nat,7,10,5,HG,coop,coop,90
4360,2097,0,D.T.,pess,nat,pess_nat,8,10,8,HG,coop,coop,90
4361,2097,0,D.T.,pess,nat,pess_nat,9,10,15,SG,coop,def,90
4362,2097,0,D.T.,pess,nat,pess_nat,10,3,8,SH,def,coop,80
4363,2097,0,D.T.,pess,nat,pess_nat,11,3,12,PD,def,def,90
4364,2097,0,D.T.,pess,nat,pess_nat,12,7,15,SG,coop,def,90
4365,2097,0,D.T.,pess,nat,pess_nat,13,7,5,HG,coop,coop,90
4366,2097,0,D.T.,pess,nat,pess_nat,14,3,5,SH,def,coop,70
4367,2097,0,D.T.,pess,nat,pess_nat,15,0,15,PD,def,def,90
4368,2097,1,F.A.,opt,nat,opt_nat,0,3,8,SH,coop,coop,80
4369,2097,1,F.A.,opt,nat,opt_nat,1,0,15,PD,def,def,90
4370,2097,1,F.A.,opt,nat,opt_nat,2,7,8,HG,coop,coop,70
4371,2097,1,F.A.,opt,nat,opt_nat,3,7,15,SG,def,def,90
4372,2097,1,F.A.,opt,nat,opt_nat,4,3,5,SH,coop,coop,70
4373,2097,1,F.A.,opt,nat,opt_nat,5,7,5,HG,coop,coop,70
4374,2097,1,F.A.,opt,nat,opt_nat,6,0,12,PD,def,def,90
4375,2097,1,F.A.,opt,nat,opt_nat,7,10,12,SG,def,def,80
4376,2097,1,F.A.,opt,nat,opt_nat,8,7,12,SG,def,def,90
4377,2097,1,F.A.,opt,nat,opt_nat,9,3,15,PD,def,def,90
4378,2097,1,F.A.,opt,nat,opt_nat,10,0,8,SH,coop,def,90
4379,2097,1,F.A.,opt,nat,opt_nat,11,10,5,HG,coop,coop,70
4380,2097,1,F.A.,opt,nat,opt_nat,12,10,15,SG,def,def,80
4381,2097,1,F.A.,opt,nat,opt_nat,13,0,5,SH,coop,def,70
4382,2097,1,F.A.,opt,nat,opt_nat,14,10,8,HG,coop,coop,70
4383,2097,1,F.A.,opt,nat,opt_nat,15,3,12,PD,def,def,90
4384,2097,2,E.B.,opt,inv,opt_inv,0,0,5,SH,def,coop,70
4385,2097,2,E.B.,opt,inv,opt_inv,1,10,5,HG,def,coop,80
4386,2097,2,E.B.,opt,inv,opt_inv,2,3,15,PD,coop,def,90
4387,2097,2,E.B.,opt,inv,opt_inv,3,7,12,SG,coop,def,90
4388,2097,2,E.B.,opt,inv,opt_inv,4,10,8,HG,def,coop,80
4389,2097,2,E.B.,opt,inv,opt_inv,5,0,15,PD,coop,def,90
4390,2097,2,E.B.,opt,inv,opt_inv,6,3,5,SH,def,coop,70
4391,2097,2,E.B.,opt,inv,opt_inv,7,7,15,SG,coop,def,90
4392,2097,2,E.B.,opt,inv,opt_inv,8,3,12,PD,coop,def,90
4393,2097,2,E.B.,opt,inv,opt_inv,9,10,12,SG,coop,def,90
4394,2097,2,E.B.,opt,inv,opt_inv,10,7,8,HG,def,coop,80
4395,2097,2,E.B.,opt,inv,opt_inv,11,3,8,SH,def,def,80
4396,2097,2,E.B.,opt,inv,opt_inv,12,0,12,PD,coop,def,90
4397,2097,2,E.B.,opt,inv,opt_inv,13,0,8,SH,def,def,80
4398,2097,2,E.B.,opt,inv,opt_inv,14,10,15,SG,coop,def,90
4399,2097,2,E.B.,opt,inv,opt_inv,15,7,5,HG,def,coop,70
4400,2097,3,G.P.,pess,inv,pess_inv,0,3,5,SH,coop,coop,70
4401,2097,3,G.P.,pess,inv,pess_inv,1,0,15,PD,coop,def,90
4402,2097,3,G.P.,pess,inv,pess_inv,2,7,8,HG,def,coop,80
4403,2097,3,G.P.,pess,inv,pess_inv,3,10,12,SG,def,def,90
4404,2097,3,G.P.,pess,inv,pess_inv,4,7,12,SG,def,def,90
4405,2097,3,G.P.,pess,inv,pess_inv,5,10,8,HG,def,coop,80
4406,2097,3,G.P.,pess,inv,pess_inv,6,0,5,SH,coop,def,70
4407,2097,3,G.P.,pess,inv,pess_inv,7,0,12,PD,coop,def,90
4408,2097,3,G.P.,pess,inv,pess_inv,8,7,5,HG,def,coop,70
4409,2097,3,G.P.,pess,inv,pess_inv,9,3,8,SH,coop,def,80
4410,2097,3,G.P.,pess,inv,pess_inv,10,3,12,PD,coop,def,90
4411,2097,3,G.P.,pess,inv,pess_inv,11,7,15,SG,def,def,90
4412,2097,3,G.P.,pess,inv,pess_inv,12,3,15,PD,coop,def,90
4413,2097,3,G.P.,pess,inv,pess_inv,13,10,5,HG,def,coop,70
4414,2097,3,G.P.,pess,inv,pess_inv,14,10,15,SG,def,def,90
4415,2097,3,G.P.,pess,inv,pess_inv,15,0,8,SH,coop,def,70
4416,2098,0,G.P.,pess,nat,pess_nat,0,3,5,SH,def,coop,100
4417,2098,0,G.P.,pess,nat,pess_nat,1,0,15,PD,def,coop,100
4418,2098,0,G.P.,pess,nat,pess_nat,2,7,8,HG,coop,coop,100
4419,2098,0,G.P.,pess,nat,pess_nat,3,10,12,SG,coop,coop,100
4420,2098,0,G.P.,pess,nat,pess_nat,4,7,12,SG,coop,coop,100
4421,2098,0,G.P.,pess,nat,pess_nat,5,10,8,HG,coop,coop,100
4422,2098,0,G.P.,pess,nat,pess_nat,6,0,5,SH,def,coop,100
4423,2098,0,G.P.,pess,nat,pess_nat,7,0,12,PD,def,def,100
4424,2098,0,G.P.,pess,nat,pess_nat,8,7,5,HG,coop,coop,100
4425,2098,0,G.P.,pess,nat,pess_nat,9,3,8,SH,def,coop,100
4426,2098,0,G.P.,pess,nat,pess_nat,10,3,12,PD,def,coop,100
4427,2098,0,G.P.,pess,nat,pess_nat,11,7,15,SG,coop,coop,100
4428,2098,0,G.P.,pess,nat,pess_nat,12,3,15,PD,def,coop,100
4429,2098,0,G.P.,pess,nat,pess_nat,13,10,5,HG,coop,coop,100
4430,2098,0,G.P.,pess,nat,pess_nat,14,10,15,SG,coop,coop,100
4431,2098,0,G.P.,pess,nat,pess_nat,15,0,8,SH,def,coop,100
4432,2098,1,E.B.,opt,nat,opt_nat,0,10,8,HG,coop,coop,100
4433,2098,1,E.B.,opt,nat,opt_nat,1,3,5,SH,coop,coop,100
4434,2098,1,E.B.,opt,nat,opt_nat,2,7,12,SG,def,coop,100
4435,2098,1,E.B.,opt,nat,opt_nat,3,3,12,PD,def,coop,100
4436,2098,1,E.B.,opt,nat,opt_nat,4,7,5,HG,coop,coop,100
4437,2098,1,E.B.,opt,nat,opt_nat,5,10,15,SG,def,coop,100
4438,2098,1,E.B.,opt,nat,opt_nat,6,0,12,PD,def,coop,100
4439,2098,1,E.B.,opt,nat,opt_nat,7,0,5,SH,coop,coop,100
4440,2098,1,E.B.,opt,nat,opt_nat,8,10,5,HG,coop,coop,100
4441,2098,1,E.B.,opt,nat,opt_nat,9,3,8,SH,coop,coop,100
4442,2098,1,E.B.,opt,nat,opt_nat,10,7,15,SG,def,coop,100
4443,2098,1,E.B.,opt,nat,opt_nat,11,3,15,PD,def,coop,100
4444,2098,1,E.B.,opt,nat,opt_nat,12,0,15,PD,def,coop,100
4445,2098,1,E.B.,opt,nat,opt_nat,13,0,8,SH,coop,coop,100
4446,2098,1,E.B.,opt,nat,opt_nat,14,10,12,SG,def,coop,100
4447,2098,1,E.B.,opt,nat,opt_nat,15,7,8,HG,coop,coop,100
4448,2098,2,D.T.,pess,inv,pess_inv,0,10,5,HG,def,coop,100
4449,2098,2,D.T.,pess,inv,pess_inv,1,3,5,SH,coop,coop,100
4450,2098,2,D.T.,pess,inv,pess_inv,2,0,15,PD,coop,coop,100
4451,2098,2,D.T.,pess,inv,pess_inv,3,7,12,SG,def,coop,100
4452,2098,2,D.T.,pess,inv,pess_inv,4,10,15,SG,def,coop,100
4453,2098,2,D.T.,pess,inv,pess_inv,5,10,8,HG,def,coop,100
4454,2098,2,D.T.,pess,inv,pess_inv,6,0,12,PD,coop,coop,100
4455,2098,2,D.T.,pess,inv,pess_inv,7,0,5,SH,coop,coop,100
4456,2098,2,D.T.,pess,inv,pess_inv,8,7,15,SG,def,coop,100
4457,2098,2,D.T.,pess,inv,pess_inv,9,0,8,SH,coop,coop,100
4458,2098,2,D.T.,pess,inv,pess_inv,10,3,15,PD,coop,coop,100
4459,2098,2,D.T.,pess,inv,pess_inv,11,7,5,HG,def,coop,100
4460,2098,2,D.T.,pess,inv,pess_inv,12,3,12,PD,coop,coop,100
4461,2098,2,D.T.,pess,inv,pess_inv,13,10,12,SG,def,coop,100
4462,2098,2,D.T.,pess,inv,pess_inv,14,3,8,SH,coop,coop,100
4463,2098,2,D.T.,pess,inv,pess_inv,15,7,8,HG,def,coop,100
4464,2098,3,F.A.,opt,inv,opt_inv,0,10,5,HG,def,coop,100
4465,2098,3,F.A.,opt,inv,opt_inv,1,0,15,PD,coop,coop,100
4466,2098,3,F.A.,opt,inv,opt_inv,2,7,12,SG,coop,coop,100
4467,2098,3,F.A.,opt,inv,opt_inv,3,0,8,SH,def,coop,100
4468,2098,3,F.A.,opt,inv,opt_inv,4,0,5,SH,def,coop,100
4469,2098,3,F.A.,opt,inv,opt_inv,5,10,15,SG,coop,coop,100
4470,2098,3,F.A.,opt,inv,opt_inv,6,7,5,HG,def,coop,100
4471,2098,3,F.A.,opt,inv,opt_inv,7,0,12,PD,coop,coop,100
4472,2098,3,F.A.,opt,inv,opt_inv,8,10,8,HG,def,coop,100
4473,2098,3,F.A.,opt,inv,opt_inv,9,3,15,PD,coop,coop,100
4474,2098,3,F.A.,opt,inv,opt_inv,10,3,8,SH,def,coop,100
4475,2098,3,F.A.,opt,inv,opt_inv,11,10,12,SG,coop,coop,100
4476,2098,3,F.A.,opt,inv,opt_inv,12,3,12,PD,coop,coop,100
4477,2098,3,F.A.,opt,inv,opt_inv,13,7,15,SG,coop,coop,100
4478,2098,3,F.A.,opt,inv,opt_inv,14,7,8,HG,def,coop,100
4479,2098,3,F.A.,opt,inv,opt_inv,15,3,5,SH,def,coop,100
4480,2099,0,E.B.,pess,nat,pess_nat,0,7,15,SG,coop,coop,70
4481,2099,0,E.B.,pess,nat,pess_nat,1,3,15,PD,def,def,60
4482,2099,0,E.B.,pess,nat,pess_nat,2,3,8,SH,def,def,60
4483,2099,0,E.B.,pess,nat,pess_nat,3,7,5,HG,coop,coop,70
4484,2099,0,E.B.,pess,nat,pess_nat,4,10,15,SG,coop,def,60
4485,2099,0,E.B.,pess,nat,pess_nat,5,7,8,HG,coop,def,60
4486,2099,0,E.B.,pess,nat,pess_nat,6,0,5,SH,def,coop,60
4487,2099,0,E.B.,pess,nat,pess_nat,7,0,12,PD,def,def,60
4488,2099,0,E.B.,pess,nat,pess_nat,8,3,12,PD,def,def,70
4489,2099,0,E.B.,pess,nat,pess_nat,9,7,12,SG,coop,def,60
4490,2099,0,E.B.,pess,nat,pess_nat,10,10,8,HG,coop,coop,70
4491,2099,0,E.B.,pess,nat,pess_nat,11,3,5,SH,def,coop,70
4492,2099,0,E.B.,pess,nat,pess_nat,12,10,12,SG,coop,def,60
4493,2099,0,E.B.,pess,nat,pess_nat,13,0,15,PD,def,def,70
4494,2099,0,E.B.,pess,nat,pess_nat,14,10,5,HG,coop,coop,70
4495,2099,0,E.B.,pess,nat,pess_nat,15,0,8,SH,def,coop,60
4496,2099,1,F.A.,opt,nat,opt_nat,0,10,8,HG,coop,coop,70
4497,2099,1,F.A.,opt,nat,opt_nat,1,7,12,SG,def,def,70
4498,2099,1,F.A.,opt,nat,opt_nat,2,0,12,PD,def,def,70
4499,2099,1,F.A.,opt,nat,opt_nat,3,0,8,SH,coop,def,70
4500,2099,1,F.A.,opt,nat,opt_nat,4,3,8,SH,coop,coop,70
4501,2099,1,F.A.,opt,nat,opt_nat,5,3,15,PD,def,def,70
4502,2099,1,F.A.,opt,nat,opt_nat,6,10,15,SG,def,def,70
4503,2099,1,F.A.,opt,nat,opt_nat,7,10,5,HG,coop,coop,70
4504,2099,1,F.A.,opt,nat,opt_nat,8,3,12,PD,def,def,70
4505,2099,1,F.A.,opt,nat,opt_nat,9,7,8,HG,coop,coop,70
4506,2099,1,F.A.,opt,nat,opt_nat,10,10,12,SG,def,def,70
4507,2099,1,F.A.,opt,nat,opt_nat,11,0,5,SH,coop,def,70
4508,2099,1,F.A.,opt,nat,opt_nat,12,0,15,PD,def,def,70
4509,2099,1,F.A.,opt,nat,opt_nat,13,7,15,SG,def,def,70
4510,2099,1,F.A.,opt,nat,opt_nat,14,7,5,HG,coop,coop,70
4511,2099,1,F.A.,opt,nat,opt_nat,15,3,5,SH,coop,coop,70
4512,2099,2,G.P.,opt,inv,opt_inv,0,10,5,HG,def,coop,70
4513,2099,2,G.P.,opt,inv,opt_inv,1,7,12,SG,coop,def,70
4514,2099,2,G.P.,opt,inv,opt_inv,2,0,12,PD,coop,def,70
4515,2099,2,G.P.,opt,inv,opt_inv,3,3,8,SH,def,coop,70
4516,2099,2,G.P.,opt,inv,opt_inv,4,10,12,SG,coop,def,70
4517,2099,2,G.P.,opt,inv,opt_inv,5,0,8,SH,def,def,70
4518,2099,2,G.P.,opt,inv,opt_inv,6,7,8,HG,def,coop,70
4519,2099,2,G.P.,opt,inv,opt_inv,7,0,15,PD,coop,def,70
4520,2099,2,G.P.,opt,inv,opt_inv,8,7,5,HG,def,coop,70
4521,2099,2,G.P.,opt,inv,opt_inv,9,10,15,SG,coop,def,70
4522,2099,2,G.P.,opt,inv,opt_inv,10,3,5,SH,def,coop,70
4523,2099,2,G.P.,opt,inv,opt_inv,11,3,15,PD,coop,def,70
4524,2099,2,G.P.,opt,inv,opt_inv,12,3,12,PD,coop,def,70
4525,2099,2,G.P.,opt,inv,opt_inv,13,0,5,SH,def,def,70
4526,2099,2,G.P.,opt,inv,opt_inv,14,7,15,SG,coop,def,70
4527,2099,2,G.P.,opt,inv,opt_inv,15,10,8,HG,def,coop,70
4528,2099,3,D.T.,pess,inv,pess_inv,0,0,12,PD,coop,def,70
4529,2099,3,D.T.,pess,inv,pess_inv,1,7,5,HG,def,coop,70
4530,2099,3,D.T.,pess,inv,pess_inv,2,10,12,SG,def,def,70
4531,2099,3,D.T.,pess,inv,pess_inv,3,3,5,SH,coop,coop,70
4532,2099,3,D.T.,pess,inv,pess_inv,4,0,8,SH,coop,def,70
4533,2099,3,D.T.,pess,inv,pess_inv,5,0,15,PD,coop,def,70
4534,2099,3,D.T.,pess,inv,pess_inv,6,10,5,HG,def,coop,70
4535,2099,3,D.T.,pess,inv,pess_inv,7,7,12,SG,def,def,70
4536,2099,3,D.T.,pess,inv,pess_inv,8,3,15,PD,coop,def,70
4537,2099,3,D.T.,pess,inv,pess_inv,9,10,15,SG,def,def,70
4538,2099,3,D.T.,pess,inv,pess_inv,10,7,8,HG,def,def,70
4539,2099,3,D.T.,pess,inv,pess_inv,11,0,5,SH,coop,def,70
4540,2099,3,D.T.,pess,inv,pess_inv,12,10,8,HG,def,coop,70
4541,2099,3,D.T.,pess,inv,pess_inv,13,7,15,SG,def,def,70
4542,2099,3,D.T.,pess,inv,pess_inv,14,3,8,SH,coop,def,70
4543,2099,3,D.T.,pess,inv,pess_inv,15,3,12,PD,coop,def,70
4544,2100,0,E.B.,opt,nat,opt_nat,0,0,8,SH,coop,def,40
4545,2100,0,E.B.,opt,nat,opt_nat,1,3,15,PD,def,coop,40
4546,2100,0,E.B.,opt,nat,opt_nat,2,10,12,SG,def,def,40
4547,2100,0,E.B.,opt,nat,opt_nat,3,7,8,HG,coop,def,40
4548,2100,0,E.B.,opt,nat,opt_nat,4,10,8,HG,coop,coop,40
4549,2100,0,E.B.,opt,nat,opt_nat,5,0,15,PD,def,def,60
4550,2100,0,E.B.,opt,nat,opt_nat,6,3,8,SH,coop,def,60
4551,2100,0,E.B.,opt,nat,opt_nat,7,7,15,SG,def,def,60
4552,2100,0,E.B.,opt,nat,opt_nat,8,0,12,PD,def,def,60
4553,2100,0,E.B.,opt,nat,opt_nat,9,3,5,SH,coop,def,60
4554,2100,0,E.B.,opt,nat,opt_nat,10,7,12,SG,def,def,60
4555,2100,0,E.B.,opt,nat,opt_nat,11,10,5,HG,coop,coop,60
4556,2100,0,E.B.,opt,nat,opt_nat,12,0,5,SH,coop,def,60
4557,2100,0,E.B.,opt,nat,opt_nat,13,7,5,HG,coop,def,60
4558,2100,0,E.B.,opt,nat,opt_nat,14,3,12,PD,def,def,60
4559,2100,0,E.B.,opt,nat,opt_nat,15,10,15,SG,def,coop,60
4560,2100,1,G.P.,pess,nat,pess_nat,0,10,8,HG,coop,coop,60
4561,2100,1,G.P.,pess,nat,pess_nat,1,7,12,SG,coop,def,60
4562,2100,1,G.P.,pess,nat,pess_nat,2,0,12,PD,def,def,60
4563,2100,1,G.P.,pess,nat,pess_nat,3,0,8,SH,def,def,60
4564,2100,1,G.P.,pess,nat,pess_nat,4,3,8,SH,def,def,60
4565,2100,1,G.P.,pess,nat,pess_nat,5,3,15,PD,def,def,60
4566,2100,1,G.P.,pess,nat,pess_nat,6,10,15,SG,coop,coop,60
4567,2100,1,G.P.,pess,nat,pess_nat,7,10,5,HG,coop,coop,60
4568,2100,1,G.P.,pess,nat,pess_nat,8,3,12,PD,def,def,60
4569,2100,1,G.P.,pess,nat,pess_nat,9,7,8,HG,coop,coop,60
4570,2100,1,G.P.,pess,nat,pess_nat,10,10,12,SG,coop,coop,60
4571,2100,1,G.P.,pess,nat,pess_nat,11,0,5,SH,def,def,60
4572,2100,1,G.P.,pess,nat,pess_nat,12,0,15,PD,def,def,60
4573,2100,1,G.P.,pess,nat,pess_nat,13,7,15,SG,coop,coop,60
4574,2100,1,G.P.,pess,nat,pess_nat,14,7,5,HG,coop,coop,60
4575,2100,1,G.P.,pess,nat,pess_nat,15,3,5,SH,def,def,60
4576,2100,2,F.A.,opt,inv,opt_inv,0,10,12,SG,coop,coop,60
4577,2100,2,F.A.,opt,inv,opt_inv,1,0,12,PD,coop,def,60
4578,2100,2,F.A.,opt,inv,opt_inv,2,3,5,SH,def,coop,60
4579,2100,2,F.A.,opt,inv,opt_inv,3,7,8,HG,def,coop,60
4580,2100,2,F.A.,opt,inv,opt_inv,4,10,5,HG,def,coop,60
4581,2100,2,F.A.,opt,inv,opt_inv,5,3,12,PD,coop,def,60
4582,2100,2,F.A.,opt,inv,opt_inv,6,3,8,SH,def,coop,60
4583,2100,2,F.A.,opt,inv,opt_inv,7,10,15,SG,coop,def,60
4584,2100,2,F.A.,opt,inv,opt_inv,8,0,15,PD,coop,def,60
4585,2100,2,F.A.,opt,inv,opt_inv,9,7,12,SG,coop,coop,60
4586,2100,2,F.A.,opt,inv,opt_inv,10,0,5,SH,def,def,60
4587,2100,2,F.A.,opt,inv,opt_inv,11,7,5,HG,def,coop,60
4588,2100,2,F.A.,opt,inv,opt_inv,12,10,8,HG,def,coop,60
4589,2100,2,F.A.,opt,inv,opt_inv,13,0,8,SH,def,def,60
4590,2100,2,F.A.,opt,inv,opt_inv,14,7,15,SG,coop,coop,60
4591,2100,2,F.A.,opt,inv,opt_inv,15,3,15,PD,coop,def,60
4592,2100,3,D.T.,pess,inv,pess_inv,0,7,5,HG,def,coop,60
4593,2100,3,D.T.,pess,inv,pess_inv,1,3,5,SH,coop,coop,60
4594,2100,3,D.T.,pess,inv,pess_inv,2,7,12,SG,def,coop,60
4595,2100,3,D.T.,pess,inv,pess_inv,3,3,15,PD,coop,def,60
4596,2100,3,D.T.,pess,inv,pess_inv,4,0,5,SH,coop,def,60
4597,2100,3,D.T.,pess,inv,pess_inv,5,0,15,PD,coop,def,60
4598,2100,3,D.T.,pess,inv,pess_inv,6,7,15,SG,def,coop,60
4599,2100,3,D.T.,pess,inv,pess_inv,7,10,8,HG,def,coop,60
4600,2100,3,D.T.,pess,inv,pess_inv,8,10,12,SG,def,coop,60
4601,2100,3,D.T.,pess,inv,pess_inv,9,3,8,SH,coop,coop,60
4602,2100,3,D.T.,pess,inv,pess_inv,10,10,5,HG,def,coop,60
4603,2100,3,D.T.,pess,inv,pess_inv,11,3,12,PD,coop,def,60
4604,2100,3,D.T.,pess,inv,pess_inv,12,10,15,SG,def,coop,60
4605,2100,3,D.T.,pess,inv,pess_inv,13,0,12,PD,coop,def,60
4606,2100,3,D.T.,pess,inv,pess_inv,14,0,8,SH,coop,def,60
4607,2100,3,D.T.,pess,inv,pess_inv,15,7,8,HG,def,coop,60
4608,2101,0,G.P.,pess,nat,pess_nat,0,10,12,SG,coop,coop,50
4609,2101,0,G.P.,pess,nat,pess_nat,1,0,12,PD,def,coop,70
4610,2101,0,G.P.,pess,nat,pess_nat,2,3,5,SH,def,coop,70
4611,2101,0,G.P.,pess,nat,pess_nat,3,7,8,HG,coop,coop,80
4612,2101,0,G.P.,pess,nat,pess_nat,4,10,5,HG,coop,coop,90
4613,2101,0,G.P.,pess,nat,pess_nat,5,3,12,PD,def,coop,70
4614,2101,0,G.P.,pess,nat,pess_nat,6,3,8,SH,def,coop,50
4615,2101,0,G.P.,pess,nat,pess_nat,7,10,15,SG,coop,coop,70
4616,2101,0,G.P.,pess,nat,pess_nat,8,0,15,PD,def,coop,50
4617,2101,0,G.P.,pess,nat,pess_nat,9,7,12,SG,coop,coop,80
4618,2101,0,G.P.,pess,nat,pess_nat,10,0,5,SH,def,coop,90
4619,2101,0,G.P.,pess,nat,pess_nat,11,7,5,HG,coop,coop,90
4620,2101,0,G.P.,pess,nat,pess_nat,12,10,8,HG,coop,coop,90
4621,2101,0,G.P.,pess,nat,pess_nat,13,0,8,SH,def,coop,70
4622,2101,0,G.P.,pess,nat,pess_nat,14,7,15,SG,coop,coop,70
4623,2101,0,G.P.,pess,nat,pess_nat,15,3,15,PD,def,coop,70
4624,2101,1,F.A.,opt,nat,opt_nat,0,7,12,SG,def,coop,80
4625,2101,1,F.A.,opt,nat,opt_nat,1,7,8,HG,coop,coop,80
4626,2101,1,F.A.,opt,nat,opt_nat,2,0,5,SH,coop,coop,70
4627,2101,1,F.A.,opt,nat,opt_nat,3,3,15,PD,def,coop,60
4628,2101,1,F.A.,opt,nat,opt_nat,4,0,12,PD,def,coop,60
4629,2101,1,F.A.,opt,nat,opt_nat,5,0,8,SH,coop,coop,70
4630,2101,1,F.A.,opt,nat,opt_nat,6,10,12,SG,def,coop,80
4631,2101,1,F.A.,opt,nat,opt_nat,7,10,5,HG,coop,coop,80
4632,2101,1,F.A.,opt,nat,opt_nat,8,10,8,HG,coop,coop,90
4633,2101,1,F.A.,opt,nat,opt_nat,9,10,15,SG,def,coop,80
4634,2101,1,F.A.,opt,nat,opt_nat,10,3,8,SH,coop,coop,70
4635,2101,1,F.A.,opt,nat,opt_nat,11,3,12,PD,def,coop,60
4636,2101,1,F.A.,opt,nat,opt_nat,12,7,15,SG,def,coop,60
4637,2101,1,F.A.,opt,nat,opt_nat,13,7,5,HG,coop,coop,80
4638,2101,1,F.A.,opt,nat,opt_nat,14,3,5,SH,coop,coop,70
4639,2101,1,F.A.,opt,nat,opt_nat,15,0,15,PD,def,coop,70
4640,2101,2,E.B.,opt,inv,opt_inv,0,3,15,PD,coop,coop,70
4641,2101,2,E.B.,opt,inv,opt_inv,1,3,5,SH,def,coop,80
4642,2101,2,E.B.,opt,inv,opt_inv,2,7,12,SG,coop,coop,70
4643,2101,2,E.B.,opt,inv,opt_inv,3,10,5,HG,def,coop,90
4644,2101,2,E.B.,opt,inv,opt_inv,4,0,15,PD,coop,coop,60
4645,2101,2,E.B.,opt,inv,opt_inv,5,0,5,SH,def,coop,80
4646,2101,2,E.B.,opt,inv,opt_inv,6,7,8,HG,def,coop,70
4647,2101,2,E.B.,opt,inv,opt_inv,7,7,15,SG,coop,coop,70
4648,2101,2,E.B.,opt,inv,opt_inv,8,3,12,PD,coop,coop,70
4649,2101,2,E.B.,opt,inv,opt_inv,9,10,8,HG,def,coop,80
4650,2101,2,E.B.,opt,inv,opt_inv,10,3,8,SH,def,coop,80
4651,2101,2,E.B.,opt,inv,opt_inv,11,10,12,SG,coop,coop,70
4652,2101,2,E.B.,opt,inv,opt_inv,12,10,15,SG,coop,coop,80
4653,2101,2,E.B.,opt,inv,opt_inv,13,7,5,HG,def,coop,90
4654,2101,2,E.B.,opt,inv,opt_inv,14,0,8,SH,def,coop,70
4655,2101,2,E.B.,opt,inv,opt_inv,15,0,12,PD,coop,coop,80
4656,2101,3,D.T.,pess,inv,pess_inv,0,10,5,HG,def,coop,100
4657,2101,3,D.T.,pess,inv,pess_inv,1,7,12,SG,def,coop,80
4658,2101,3,D.T.,pess,inv,pess_inv,2,0,12,PD,coop,coop,60
4659,2101,3,D.T.,pess,inv,pess_inv,3,3,8,SH,coop,coop,60
4660,2101,3,D.T.,pess,inv,pess_inv,4,10,12,SG,def,coop,70
4661,2101,3,D.T.,pess,inv,pess_inv,5,0,8,SH,coop,coop,70
4662,2101,3,D.T.,pess,inv,pess_inv,6,7,8,HG,def,coop,80
4663,2101,3,D.T.,pess,inv,pess_inv,7,0,15,PD,coop,coop,60
4664,2101,3,D.T.,pess,inv,pess_inv,8,7,5,HG,def,coop,80
4665,2101,3,D.T.,pess,inv,pess_inv,9,10,15,SG,def,coop,60
4666,2101,3,D.T.,pess,inv,pess_inv,10,3,5,SH,coop,coop,70
4667,2101,3,D.T.,pess,inv,pess_inv,11,3,15,PD,coop,coop,60
4668,2101,3,D.T.,pess,inv,pess_inv,12,3,12,PD,coop,coop,70
4669,2101,3,D.T.,pess,inv,pess_inv,13,0,5,SH,coop,coop,70
4670,2101,3,D.T.,pess,inv,pess_inv,14,7,15,SG,def,coop,60
4671,2101,3,D.T.,pess,inv,pess_inv,15,10,8,HG,def,coop,70
4672,2102,0,D.T.,pess,nat,pess_nat,0,10,5,HG,coop,def,60
4673,2102,0,D.T.,pess,nat,pess_nat,1,0,15,PD,def,def,50
4674,2102,0,D.T.,pess,nat,pess_nat,2,7,12,SG,coop,coop,70
4675,2102,0,D.T.,pess,nat,pess_nat,3,0,8,SH,def,def,80
4676,2102,0,D.T.,pess,nat,pess_nat,4,0,5,SH,def,def,70
4677,2102,0,D.T.,pess,nat,pess_nat,5,10,15,SG,coop,coop,70
4678,2102,0,D.T.,pess,nat,pess_nat,6,7,5,HG,coop,coop,70
4679,2102,0,D.T.,pess,nat,pess_nat,7,0,12,PD,def,def,70
4680,2102,0,D.T.,pess,nat,pess_nat,8,10,8,HG,coop,coop,80
4681,2102,0,D.T.,pess,nat,pess_nat,9,3,15,PD,def,def,70
4682,2102,0,D.T.,pess,nat,pess_nat,10,3,8,SH,def,coop,70
4683,2102,0,D.T.,pess,nat,pess_nat,11,10,12,SG,coop,coop,70
4684,2102,0,D.T.,pess,nat,pess_nat,12,3,12,PD,def,def,70
4685,2102,0,D.T.,pess,nat,pess_nat,13,7,15,SG,coop,coop,70
4686,2102,0,D.T.,pess,nat,pess_nat,14,7,8,HG,coop,coop,80
4687,2102,0,D.T.,pess,nat,pess_nat,15,3,5,SH,def,coop,70
4688,2102,1,E.B.,opt,nat,opt_nat,0,3,12,PD,def,def,80
4689,2102,1,E.B.,opt,nat,opt_nat,1,7,8,HG,coop,coop,70
4690,2102,1,E.B.,opt,nat,opt_nat,2,3,8,SH,coop,def,70
4691,2102,1,E.B.,opt,nat,opt_nat,3,7,12,SG,def,coop,80
4692,2102,1,E.B.,opt,nat,opt_nat,4,0,15,PD,def,def,80
4693,2102,1,E.B.,opt,nat,opt_nat,5,0,8,SH,coop,def,70
4694,2102,1,E.B.,opt,nat,opt_nat,6,7,15,SG,def,coop,70
4695,2102,1,E.B.,opt,nat,opt_nat,7,7,5,HG,coop,coop,70
4696,2102,1,E.B.,opt,nat,opt_nat,8,3,15,PD,def,def,70
4697,2102,1,E.B.,opt,nat,opt_nat,9,0,5,SH,coop,def,70
4698,2102,1,E.B.,opt,nat,opt_nat,10,10,5,HG,coop,coop,70
4699,2102,1,E.B.,opt,nat,opt_nat,11,10,15,SG,def,coop,70
4700,2102,1,E.B.,opt,nat,opt_nat,12,10,12,SG,def,coop,70
4701,2102,1,E.B.,opt,nat,opt_nat,13,0,12,PD,def,def,70
4702,2102,1,E.B.,opt,nat,opt_nat,14,3,5,SH,coop,coop,70
4703,2102,1,E.B.,opt,nat,opt_nat,15,10,8,HG,coop,coop,70
4704,2102,2,F.A.,opt,inv,opt_inv,0,10,5,HG,def,coop,70
4705,2102,2,F.A.,opt,inv,opt_inv,1,3,5,SH,def,coop,70
4706,2102,2,F.A.,opt,inv,opt_inv,2,0,15,PD,coop,def,70
4707,2102,2,F.A.,opt,inv,opt_inv,3,7,12,SG,coop,coop,70
4708,2102,2,F.A.,opt,inv,opt_inv,4,10,15,SG,coop,coop,70
4709,2102,2,F.A.,opt,inv,opt_inv,5,10,8,HG,def,coop,70
4710,2102,2,F.A.,opt,inv,opt_inv,6,0,12,PD,coop,def,70
4711,2102,2,F.A.,opt,inv,opt_inv,7,0,5,SH,def,def,70
4712,2102,2,F.A.,opt,inv,opt_inv,8,7,15,SG,coop,coop,70
4713,2102,2,F.A.,opt,inv,opt_inv,9,0,8,SH,def,def,70
4714,2102,2,F.A.,opt,inv,opt_inv,10,3,15,PD,coop,def,70
4715,2102,2,F.A.,opt,inv,opt_inv,11,7,5,HG,def,coop,70
4716,2102,2,F.A.,opt,inv,opt_inv,12,3,12,PD,coop,def,70
4717,2102,2,F.A.,opt,inv,opt_inv,13,10,12,SG,coop,coop,70
4718,2102,2,F.A.,opt,inv,opt_inv,14,3,8,SH,def,coop,70
4719,2102,2,F.A.,opt,inv,opt_inv,15,7,8,HG,def,coop,70
4720,2102,3,G.P.,pess,inv,pess_inv,0,0,8,SH,coop,def,70
4721,2102,3,G.P.,pess,inv,pess_inv,1,3,15,PD,coop,def,70
4722,2102,3,G.P.,pess,inv,pess_inv,2,10,12,SG,def,coop,70
4723,2102,3,G.P.,pess,inv,pess_inv,3,7,8,HG,def,coop,70
4724,2102,3,G.P.,pess,inv,pess_inv,4,10,8,HG,def,coop,70
4725,2102,3,G.P.,pess,inv,pess_inv,5,0,15,PD,coop,def,70
4726,2102,3,G.P.,pess,inv,pess_inv,6,3,8,SH,coop,coop,70
4727,2102,3,G.P.,pess,inv,pess_inv,7,7,15,SG,def,coop,70
4728,2102,3,G.P.,pess,inv,pess_inv,8,0,12,PD,coop,def,70
4729,2102,3,G.P.,pess,inv,pess_inv,9,3,5,SH,coop,coop,70
4730,2102,3,G.P.,pess,inv,pess_inv,10,7,12,SG,def,coop,70
4731,2102,3,G.P.,pess,inv,pess_inv,11,10,5,HG,def,coop,70
4732,2102,3,G.P.,pess,inv,pess_inv,12,0,5,SH,coop,def,70
4733,2102,3,G.P.,pess,inv,pess_inv,13,7,5,HG,def,coop,70
4734,2102,3,G.P.,pess,inv,pess_inv,14,3,12,PD,coop,def,70
4735,2102,3,G.P.,pess,inv,pess_inv,15,10,15,SG,def,coop,70
4736,2103,0,G.P.,opt,nat,opt_nat,0,7,12,SG,def,coop,100
4737,2103,0,G.P.,opt,nat,opt_nat,1,7,8,HG,coop,def,100
4738,2103,0,G.P.,opt,nat,opt_nat,2,0,5,SH,coop,coop,100
4739,2103,0,G.P.,opt,nat,opt_nat,3,3,15,PD,def,def,100
4740,2103,0,G.P.,opt,nat,opt_nat,4,0,12,PD,def,def,100
4741,2103,0,G.P.,opt,nat,opt_nat,5,0,8,SH,coop,def,100
4742,2103,0,G.P.,opt,nat,opt_nat,6,10,12,SG,def,def,100
4743,2103,0,G.P.,opt,nat,opt_nat,7,10,5,HG,coop,coop,100
4744,2103,0,G.P.,opt,nat,opt_nat,8,10,8,HG,coop,coop,100
4745,2103,0,G.P.,opt,nat,opt_nat,9,10,15,SG,def,def,100
4746,2103,0,G.P.,opt,nat,opt_nat,10,3,8,SH,coop,def,100
4747,2103,0,G.P.,opt,nat,opt_nat,11,3,12,PD,def,def,100
4748,2103,0,G.P.,opt,nat,opt_nat,12,7,15,SG,def,def,100
4749,2103,0,G.P.,opt,nat,opt_nat,13,7,5,HG,coop,def,100
4750,2103,0,G.P.,opt,nat,opt_nat,14,3,5,SH,coop,def,100
4751,2103,0,G.P.,opt,nat,opt_nat,15,0,15,PD,def,def,100
4752,2103,1,F.A.,pess,nat,pess_nat,0,0,12,PD,def,def,100
4753,2103,1,F.A.,pess,nat,pess_nat,1,0,8,SH,def,def,100
4754,2103,1,F.A.,pess,nat,pess_nat,2,7,15,SG,coop,def,100
4755,2103,1,F.A.,pess,nat,pess_nat,3,7,8,HG,coop,def,100
4756,2103,1,F.A.,pess,nat,pess_nat,4,3,12,PD,def,def,100
4757,2103,1,F.A.,pess,nat,pess_nat,5,0,5,SH,def,def,100
4758,2103,1,F.A.,pess,nat,pess_nat,6,10,8,HG,coop,coop,100
4759,2103,1,F.A.,pess,nat,pess_nat,7,10,15,SG,coop,def,100
4760,2103,1,F.A.,pess,nat,pess_nat,8,10,12,SG,coop,def,100
4761,2103,1,F.A.,pess,nat,pess_nat,9,0,15,PD,def,def,100
4762,2103,1,F.A.,pess,nat,pess_nat,10,10,5,HG,coop,coop,100
4763,2103,1,F.A.,pess,nat,pess_nat,11,3,8,SH,def,def,100
4764,2103,1,F.A.,pess,nat,pess_nat,12,7,12,SG,coop,def,100
4765,2103,1,F.A.,pess,nat,pess_nat,13,3,15,PD,def,def,100
4766,2103,1,F.A.,pess,nat,pess_nat,14,3,5,SH,def,def,100
4767,2103,1,F.A.,pess,nat,pess_nat,15,7,5,HG,coop,coop,100
4768,2103,2,E.B.,opt,inv,opt_inv,0,0,12,PD,coop,def,100
4769,2103,2,E.B.,opt,inv,opt_inv,1,7,5,HG,def,coop,100
4770,2103,2,E.B.,opt,inv,opt_inv,2,10,12,SG,coop,def,100
4771,2103,2,E.B.,opt,inv,opt_inv,3,3,5,SH,def,def,100
4772,2103,2,E.B.,opt,inv,opt_inv,4,0,8,SH,def,def,100
4773,2103,2,E.B.,opt,inv,opt_inv,5,0,15,PD,coop,def,100
4774,2103,2,E.B.,opt,inv,opt_inv,6,10,5,HG,def,coop,100
4775,2103,2,E.B.,opt,inv,opt_inv,7,7,12,SG,coop,def,100
4776,2103,2,E.B.,opt,inv,opt_inv,8,3,15,PD,coop,def,100
4777,2103,2,E.B.,opt,inv,opt_inv,9,10,15,SG,coop,def,100
4778,2103,2,E.B.,opt,inv,opt_inv,10,7,8,HG,def,def,100
4779,2103,2,E.B.,opt,inv,opt_inv,11,0,5,SH,def,def,100
4780,2103,2,E.B.,opt,inv,opt_inv,12,10,8,HG,def,coop,100
4781,2103,2,E.B.,opt,inv,opt_inv,13,7,15,SG,coop,def,100
4782,2103,2,E.B.,opt,inv,opt_inv,14,3,8,SH,def,def,100
4783,2103,2,E.B.,opt,inv,opt_inv,15,3,12,PD,coop,def,100
4784,2103,3,D.T.,pess,inv,pess_inv,0,7,5,HG,def,coop,100
4785,2103,3,D.T.,pess,inv,pess_inv,1,3,5,SH,coop,def,100
4786,2103,3,D.T.,pess,inv,pess_inv,2,7,12,SG,def,def,100
4787,2103,3,D.T.,pess,inv,pess_inv,3,3,15,PD,coop,def,100
4788,2103,3,D.T.,pess,inv,pess_inv,4,0,5,SH,coop,def,100
4789,2103,3,D.T.,pess,inv,pess_inv,5,0,15,PD,coop,def,100
4790,2103,3,D.T.,pess,inv,pess_inv,6,7,15,SG,def,def,100
4791,2103,3,D.T.,pess,inv,pess_inv,7,10,8,HG,def,coop,100
4792,2103,3,D.T.,pess,inv,pess_inv,8,10,12,SG,def,def,100
4793,2103,3,D.T.,pess,inv,pess_inv,9,3,8,SH,coop,def,100
4794,2103,3,D.T.,pess,inv,pess_inv,10,10,5,HG,def,coop,100
4795,2103,3,D.T.,pess,inv,pess_inv,11,3,12,PD,coop,def,100
4796,2103,3,D.T.,pess,inv,pess_inv,12,10,15,SG,def,def,100
4797,2103,3,D.T.,pess,inv,pess_inv,13,0,12,PD,coop,def,100
4798,2103,3,D.T.,pess,inv,pess_inv,14,0,8,SH,coop,def,100
4799,2103,3,D.T.,pess,inv,pess_inv,15,7,8,HG,def,coop,100
4800,2104,0,G.P.,opt,nat,opt_nat,0,3,8,SH,coop,def,80
4801,2104,0,G.P.,opt,nat,opt_nat,1,0,15,PD,def,def,80
4802,2104,0,G.P.,opt,nat,opt_nat,2,7,8,HG,coop,coop,80
4803,2104,0,G.P.,opt,nat,opt_nat,3,7,15,SG,def,coop,80
4804,2104,0,G.P.,opt,nat,opt_nat,4,3,5,SH,coop,def,80
4805,2104,0,G.P.,opt,nat,opt_nat,5,7,5,HG,coop,def,80
4806,2104,0,G.P.,opt,nat,opt_nat,6,0,12,PD,def,coop,80
4807,2104,0,G.P.,opt,nat,opt_nat,7,10,12,SG,def,def,80
4808,2104,0,G.P.,opt,nat,opt_nat,8,7,12,SG,def,def,80
4809,2104,0,G.P.,opt,nat,opt_nat,9,3,15,PD,def,def,80
4810,2104,0,G.P.,opt,nat,opt_nat,10,0,8,SH,coop,coop,80
4811,2104,0,G.P.,opt,nat,opt_nat,11,10,5,HG,coop,def,80
4812,2104,0,G.P.,opt,nat,opt_nat,12,10,15,SG,def,def,80
4813,2104,0,G.P.,opt,nat,opt_nat,13,0,5,SH,coop,coop,80
4814,2104,0,G.P.,opt,nat,opt_nat,14,10,8,HG,coop,coop,80
4815,2104,0,G.P.,opt,nat,opt_nat,15,3,12,PD,def,def,80
4816,2104,1,F.A.,pess,nat,pess_nat,0,3,15,PD,def,def,80
4817,2104,1,F.A.,pess,nat,pess_nat,1,3,5,SH,def,def,80
4818,2104,1,F.A.,pess,nat,pess_nat,2,7,12,SG,coop,coop,80
4819,2104,1,F.A.,pess,nat,pess_nat,3,10,5,HG,coop,coop,80
4820,2104,1,F.A.,pess,nat,pess_nat,4,0,15,PD,def,coop,80
4821,2104,1,F.A.,pess,nat,pess_nat,5,0,5,SH,def,def,80
4822,2104,1,F.A.,pess,nat,pess_nat,6,7,8,HG,coop,coop,80
4823,2104,1,F.A.,pess,nat,pess_nat,7,7,15,SG,coop,coop,80
4824,2104,1,F.A.,pess,nat,pess_nat,8,3,12,PD,def,def,80
4825,2104,1,F.A.,pess,nat,pess_nat,9,10,8,HG,coop,def,80
4826,2104,1,F.A.,pess,nat,pess_nat,10,3,8,SH,def,def,80
4827,2104,1,F.A.,pess,nat,pess_nat,11,10,12,SG,coop,coop,80
4828,2104,1,F.A.,pess,nat,pess_nat,12,10,15,SG,coop,coop,80
4829,2104,1,F.A.,pess,nat,pess_nat,13,7,5,HG,coop,def,80
4830,2104,1,F.A.,pess,nat,pess_nat,14,0,8,SH,def,def,80
4831,2104,1,F.A.,pess,nat,pess_nat,15,0,12,PD,def,def,80
4832,2104,2,D.T.,pess,inv,pess_inv,0,10,8,HG,def,def,80
4833,2104,2,D.T.,pess,inv,pess_inv,1,3,5,SH,coop,def,80
4834,2104,2,D.T.,pess,inv,pess_inv,2,7,12,SG,def,def,80
4835,2104,2,D.T.,pess,inv,pess_inv,3,3,12,PD,coop,def,80
4836,2104,2,D.T.,pess,inv,pess_inv,4,7,5,HG,def,coop,80
4837,2104,2,D.T.,pess,inv,pess_inv,5,10,15,SG,def,def,80
4838,2104,2,D.T.,pess,inv,pess_inv,6,0,12,PD,coop,coop,80
4839,2104,2,D.T.,pess,inv,pess_inv,7,0,5,SH,coop,def,80
4840,2104,2,D.T.,pess,inv,pess_inv,8,10,5,HG,def,def,80
4841,2104,2,D.T.,pess,inv,pess_inv,9,3,8,SH,coop,coop,80
4842,2104,2,D.T.,pess,inv,pess_inv,10,7,15,SG,def,def,80
4843,2104,2,D.T.,pess,inv,pess_inv,11,3,15,PD,coop,def,80
4844,2104,2,D.T.,pess,inv,pess_inv,12,0,15,PD,coop,coop,80
4845,2104,2,D.T.,pess,inv,pess_inv,13,0,8,SH,coop,def,80
4846,2104,2,D.T.,pess,inv,pess_inv,14,10,12,SG,def,def,80
4847,2104,2,D.T.,pess,inv,pess_inv,15,7,8,HG,def,def,80
4848,2104,3,E.B.,opt,inv,opt_inv,0,10,12,SG,coop,def,80
4849,2104,3,E.B.,opt,inv,opt_inv,1,0,12,PD,coop,def,80
4850,2104,3,E.B.,opt,inv,opt_inv,2,3,5,SH,def,def,80
4851,2104,3,E.B.,opt,inv,opt_inv,3,7,8,HG,def,def,80
4852,2104,3,E.B.,opt,inv,opt_inv,4,10,5,HG,def,def,80
4853,2104,3,E.B.,opt,inv,opt_inv,5,3,12,PD,coop,def,80
4854,2104,3,E.B.,opt,inv,opt_inv,6,3,8,SH,def,def,80
4855,2104,3,E.B.,opt,inv,opt_inv,7,10,15,SG,coop,coop,80
4856,2104,3,E.B.,opt,inv,opt_inv,8,0,15,PD,coop,coop,80
4857,2104,3,E.B.,opt,inv,opt_inv,9,7,12,SG,coop,def,80
4858,2104,3,E.B.,opt,inv,opt_inv,10,0,5,SH,def,def,80
4859,2104,3,E.B.,opt,inv,opt_inv,11,7,5,HG,def,def,80
4860,2104,3,E.B.,opt,inv,opt_inv,12,10,8,HG,def,def,80
4861,2104,3,E.B.,opt,inv,opt_inv,13,0,8,SH,def,def,80
4862,2104,3,E.B.,opt,inv,opt_inv,14,7,15,SG,coop,def,80
4863,2104,3,E.B.,opt,inv,opt_inv,15,3,15,PD,coop,def,80
4864,2105,0,G.P.,pess,nat,pess_nat,0,0,8,SH,def,coop,80
4865,2105,0,G.P.,pess,nat,pess_nat,1,3,15,PD,def,def,90
4866,2105,0,G.P.,pess,nat,pess_nat,2,10,12,SG,coop,coop,90
4867,2105,0,G.P.,pess,nat,pess_nat,3,7,8,HG,coop,coop,70
4868,2105,0,G.P.,pess,nat,pess_nat,4,10,8,HG,coop,coop,80
4869,2105,0,G.P.,pess,nat,pess_nat,5,0,15,PD,def,def,90
4870,2105,0,G.P.,pess,nat,pess_nat,6,3,8,SH,def,def,80
4871,2105,0,G.P.,pess,nat,pess_nat,7,7,15,SG,coop,def,90
4872,2105,0,G.P.,pess,nat,pess_nat,8,0,12,PD,def,coop,60
4873,2105,0,G.P.,pess,nat,pess_nat,9,3,5,SH,def,coop,70
4874,2105,0,G.P.,pess,nat,pess_nat,10,7,12,SG,coop,def,90
4875,2105,0,G.P.,pess,nat,pess_nat,11,10,5,HG,coop,coop,90
4876,2105,0,G.P.,pess,nat,pess_nat,12,0,5,SH,def,def,90
4877,2105,0,G.P.,pess,nat,pess_nat,13,7,5,HG,coop,def,70
4878,2105,0,G.P.,pess,nat,pess_nat,14,3,12,PD,def,coop,90
4879,2105,0,G.P.,pess,nat,pess_nat,15,10,15,SG,coop,def,90
4880,2105,1,E.B.,opt,nat,opt_nat,0,7,12,SG,def,def,90
4881,2105,1,E.B.,opt,nat,opt_nat,1,7,8,HG,coop,coop,70
4882,2105,1,E.B.,opt,nat,opt_nat,2,0,5,SH,coop,coop,90
4883,2105,1,E.B.,opt,nat,opt_nat,3,3,15,PD,def,coop,80
4884,2105,1,E.B.,opt,nat,opt_nat,4,0,12,PD,def,coop,90
4885,2105,1,E.B.,opt,nat,opt_nat,5,0,8,SH,coop,def,90
4886,2105,1,E.B.,opt,nat,opt_nat,6,10,12,SG,def,def,90
4887,2105,1,E.B.,opt,nat,opt_nat,7,10,5,HG,coop,coop,80
4888,2105,1,E.B.,opt,nat,opt_nat,8,10,8,HG,coop,def,90
4889,2105,1,E.B.,opt,nat,opt_nat,9,10,15,SG,def,def,80
4890,2105,1,E.B.,opt,nat,opt_nat,10,3,8,SH,coop,coop,80
4891,2105,1,E.B.,opt,nat,opt_nat,11,3,12,PD,def,coop,70
4892,2105,1,E.B.,opt,nat,opt_nat,12,7,15,SG,def,def,90
4893,2105,1,E.B.,opt,nat,opt_nat,13,7,5,HG,coop,def,80
4894,2105,1,E.B.,opt,nat,opt_nat,14,3,5,SH,coop,coop,80
4895,2105,1,E.B.,opt,nat,opt_nat,15,0,15,PD,def,coop,90
4896,2105,2,D.T.,opt,inv,opt_inv,0,7,5,HG,def,def,90
4897,2105,2,D.T.,opt,inv,opt_inv,1,3,5,SH,def,coop,80
4898,2105,2,D.T.,opt,inv,opt_inv,2,7,12,SG,coop,def,90
4899,2105,2,D.T.,opt,inv,opt_inv,3,3,15,PD,coop,coop,80
4900,2105,2,D.T.,opt,inv,opt_inv,4,0,5,SH,def,def,80
4901,2105,2,D.T.,opt,inv,opt_inv,5,0,15,PD,coop,coop,80
4902,2105,2,D.T.,opt,inv,opt_inv,6,7,15,SG,coop,def,90
4903,2105,2,D.T.,opt,inv,opt_inv,7,10,8,HG,def,coop,80
4904,2105,2,D.T.,opt,inv,opt_inv,8,10,12,SG,coop,def,90
4905,2105,2,D.T.,opt,inv,opt_inv,9,3,8,SH,def,def,90
4906,2105,2,D.T.,opt,inv,opt_inv,10,10,5,HG,def,coop,80
4907,2105,2,D.T.,opt,inv,opt_inv,11,3,12,PD,coop,coop,90
4908,2105,2,D.T.,opt,inv,opt_inv,12,10,15,SG,coop,def,80
4909,2105,2,D.T.,opt,inv,opt_inv,13,0,12,PD,coop,def,90
4910,2105,2,D.T.,opt,inv,opt_inv,14,0,8,SH,def,def,90
4911,2105,2,D.T.,opt,inv,opt_inv,15,7,8,HG,def,coop,80
4912,2105,3,F.A.,pess,inv,pess_inv,0,0,5,SH,coop,def,90
4913,2105,3,F.A.,pess,inv,pess_inv,1,10,5,HG,def,coop,90
4914,2105,3,F.A.,pess,inv,pess_inv,2,3,15,PD,coop,coop,90
4915,2105,3,F.A.,pess,inv,pess_inv,3,7,12,SG,def,def,90
4916,2105,3,F.A.,pess,inv,pess_inv,4,10,8,HG,def,coop,80
4917,2105,3,F.A.,pess,inv,pess_inv,5,0,15,PD,coop,coop,80
4918,2105,3,F.A.,pess,inv,pess_inv,6,3,5,SH,coop,coop,70
4919,2105,3,F.A.,pess,inv,pess_inv,7,7,15,SG,def,def,90
4920,2105,3,F.A.,pess,inv,pess_inv,8,3,12,PD,coop,coop,80
4921,2105,3,F.A.,pess,inv,pess_inv,9,10,12,SG,def,def,90
4922,2105,3,F.A.,pess,inv,pess_inv,10,7,8,HG,def,coop,80
4923,2105,3,F.A.,pess,inv,pess_inv,11,3,8,SH,coop,coop,80
4924,2105,3,F.A.,pess,inv,pess_inv,12,0,12,PD,coop,coop,80
4925,2105,3,F.A.,pess,inv,pess_inv,13,0,8,SH,coop,coop,80
4926,2105,3,F.A.,pess,inv,pess_inv,14,10,15,SG,def,def,90
4927,2105,3,F.A.,pess,inv,pess_inv,15,7,5,HG,def,coop,80
4928,2107,0,E.B.,pess,nat,pess_nat,0,10,5,HG,coop,coop,80
4929,2107,0,E.B.,pess,nat,pess_nat,1,7,12,SG,coop,coop,80
4930,2107,0,E.B.,pess,nat,pess_nat,2,0,12,PD,def,coop,70
4931,2107,0,E.B.,pess,nat,pess_nat,3,3,8,SH,def,coop,70
4932,2107,0,E.B.,pess,nat,pess_nat,4,10,12,SG,coop,coop,70
4933,2107,0,E.B.,pess,nat,pess_nat,5,0,8,SH,def,coop,60
4934,2107,0,E.B.,pess,nat,pess_nat,6,7,8,HG,coop,coop,70
4935,2107,0,E.B.,pess,nat,pess_nat,7,0,15,PD,def,coop,40
4936,2107,0,E.B.,pess,nat,pess_nat,8,7,5,HG,coop,coop,60
4937,2107,0,E.B.,pess,nat,pess_nat,9,10,15,SG,coop,coop,70
4938,2107,0,E.B.,pess,nat,pess_nat,10,3,5,SH,def,coop,60
4939,2107,0,E.B.,pess,nat,pess_nat,11,3,15,PD,def,coop,60
4940,2107,0,E.B.,pess,nat,pess_nat,12,3,12,PD,def,coop,70
4941,2107,0,E.B.,pess,nat,pess_nat,13,0,5,SH,def,coop,70
4942,2107,0,E.B.,pess,nat,pess_nat,14,7,15,SG,coop,coop,40
4943,2107,0,E.B.,pess,nat,pess_nat,15,10,8,HG,coop,coop,70
4944,2107,1,F.A.,opt,nat,opt_nat,0,7,15,SG,def,coop,60
4945,2107,1,F.A.,opt,nat,opt_nat,1,3,15,PD,def,coop,40
4946,2107,1,F.A.,opt,nat,opt_nat,2,3,8,SH,coop,coop,50
4947,2107,1,F.A.,opt,nat,opt_nat,3,7,5,HG,coop,coop,60
4948,2107,1,F.A.,opt,nat,opt_nat,4,10,15,SG,def,coop,60
4949,2107,1,F.A.,opt,nat,opt_nat,5,7,8,HG,coop,coop,50
4950,2107,1,F.A.,opt,nat,opt_nat,6,0,5,SH,coop,coop,60
4951,2107,1,F.A.,opt,nat,opt_nat,7,0,12,PD,def,coop,60
4952,2107,1,F.A.,opt,nat,opt_nat,8,3,12,PD,def,coop,60
4953,2107,1,F.A.,opt,nat,opt_nat,9,7,12,SG,def,coop,40
4954,2107,1,F.A.,opt,nat,opt_nat,10,10,8,HG,coop,coop,60
4955,2107,1,F.A.,opt,nat,opt_nat,11,3,5,SH,coop,coop,50
4956,2107,1,F.A.,opt,nat,opt_nat,12,10,12,SG,def,coop,40
4957,2107,1,F.A.,opt,nat,opt_nat,13,0,15,PD,def,coop,60
4958,2107,1,F.A.,opt,nat,opt_nat,14,10,5,HG,coop,coop,60
4959,2107,1,F.A.,opt,nat,opt_nat,15,0,8,SH,coop,coop,60
4960,2107,2,G.P.,pess,inv,pess_inv,0,7,5,HG,def,coop,60
4961,2107,2,G.P.,pess,inv,pess_inv,1,3,5,SH,coop,coop,50
4962,2107,2,G.P.,pess,inv,pess_inv,2,7,12,SG,def,coop,50
4963,2107,2,G.P.,pess,inv,pess_inv,3,3,15,PD,coop,coop,40
4964,2107,2,G.P.,pess,inv,pess_inv,4,0,5,SH,coop,coop,50
4965,2107,2,G.P.,pess,inv,pess_inv,5,0,15,PD,coop,coop,40
4966,2107,2,G.P.,pess,inv,pess_inv,6,7,15,SG,def,coop,40
4967,2107,2,G.P.,pess,inv,pess_inv,7,10,8,HG,def,coop,60
4968,2107,2,G.P.,pess,inv,pess_inv,8,10,12,SG,def,coop,50
4969,2107,2,G.P.,pess,inv,pess_inv,9,3,8,SH,coop,coop,60
4970,2107,2,G.P.,pess,inv,pess_inv,10,10,5,HG,def,coop,60
4971,2107,2,G.P.,pess,inv,pess_inv,11,3,12,PD,coop,coop,50
4972,2107,2,G.P.,pess,inv,pess_inv,12,10,15,SG,def,coop,50
4973,2107,2,G.P.,pess,inv,pess_inv,13,0,12,PD,coop,coop,40
4974,2107,2,G.P.,pess,inv,pess_inv,14,0,8,SH,coop,coop,50
4975,2107,2,G.P.,pess,inv,pess_inv,15,7,8,HG,def,coop,50
4976,2107,3,D.T.,opt,inv,opt_inv,0,3,5,SH,def,coop,60
4977,2107,3,D.T.,opt,inv,opt_inv,1,0,15,PD,coop,coop,60
4978,2107,3,D.T.,opt,inv,opt_inv,2,7,8,HG,def,coop,60
4979,2107,3,D.T.,opt,inv,opt_inv,3,10,12,SG,coop,coop,40
4980,2107,3,D.T.,opt,inv,opt_inv,4,7,12,SG,coop,coop,60
4981,2107,3,D.T.,opt,inv,opt_inv,5,10,8,HG,def,coop,60
4982,2107,3,D.T.,opt,inv,opt_inv,6,0,5,SH,def,coop,60
4983,2107,3,D.T.,opt,inv,opt_inv,7,0,12,PD,coop,coop,40
4984,2107,3,D.T.,opt,inv,opt_inv,8,7,5,HG,def,coop,60
4985,2107,3,D.T.,opt,inv,opt_inv,9,3,8,SH,def,coop,60
4986,2107,3,D.T.,opt,inv,opt_inv,10,3,12,PD,coop,coop,60
4987,2107,3,D.T.,opt,inv,opt_inv,11,7,15,SG,coop,coop,60
4988,2107,3,D.T.,opt,inv,opt_inv,12,3,15,PD,coop,coop,60
4989,2107,3,D.T.,opt,inv,opt_inv,13,10,5,HG,def,coop,60
4990,2107,3,D.T.,opt,inv,opt_inv,14,10,15,SG,coop,coop,60
4991,2107,3,D.T.,opt,inv,opt_inv,15,0,8,SH,def,coop,60
4992,2108,0,D.T.,opt,nat,opt_nat,0,10,8,HG,coop,coop,70
4993,2108,0,D.T.,opt,nat,opt_nat,1,3,5,SH,coop,coop,80
4994,2108,0,D.T.,opt,nat,opt_nat,2,7,12,SG,def,coop,60
4995,2108,0,D.T.,opt,nat,opt_nat,3,3,12,PD,def,def,80
4996,2108,0,D.T.,opt,nat,opt_nat,4,7,5,HG,coop,coop,90
4997,2108,0,D.T.,opt,nat,opt_nat,5,10,15,SG,def,def,80
4998,2108,0,D.T.,opt,nat,opt_nat,6,0,12,PD,def,def,90
4999,2108,0,D.T.,opt,nat,opt_nat,7,0,5,SH,coop,def,80
5000,2108,0,D.T.,opt,nat,opt_nat,8,10,5,HG,coop,coop,90
5001,2108,0,D.T.,opt,nat,opt_nat,9,3,8,SH,coop,coop,80
5002,2108,0,D.T.,opt,nat,opt_nat,10,7,15,SG,def,def,90
5003,2108,0,D.T.,opt,nat,opt_nat,11,3,15,PD,def,def,90
5004,2108,0,D.T.,opt,nat,opt_nat,12,0,15,PD,def,def,90
5005,2108,0,D.T.,opt,nat,opt_nat,13,0,8,SH,coop,def,80
5006,2108,0,D.T.,opt,nat,opt_nat,14,10,12,SG,def,def,90
5007,2108,0,D.T.,opt,nat,opt_nat,15,7,8,HG,coop,def,80
5008,2108,1,E.B.,pess,nat,pess_nat,0,7,15,SG,coop,def,90
5009,2108,1,E.B.,pess,nat,pess_nat,1,7,5,HG,coop,coop,90
5010,2108,1,E.B.,pess,nat,pess_nat,2,3,8,SH,def,def,90
5011,2108,1,E.B.,pess,nat,pess_nat,3,0,12,PD,def,def,90
5012,2108,1,E.B.,pess,nat,pess_nat,4,7,8,HG,coop,coop,80
5013,2108,1,E.B.,pess,nat,pess_nat,5,0,8,SH,def,def,90
5014,2108,1,E.B.,pess,nat,pess_nat,6,10,15,SG,coop,def,90
5015,2108,1,E.B.,pess,nat,pess_nat,7,0,15,PD,def,def,90
5016,2108,1,E.B.,pess,nat,pess_nat,8,10,5,HG,coop,coop,90
5017,2108,1,E.B.,pess,nat,pess_nat,9,3,5,SH,def,coop,90
5018,2108,1,E.B.,pess,nat,pess_nat,10,3,15,PD,def,def,90
5019,2108,1,E.B.,pess,nat,pess_nat,11,10,12,SG,coop,def,90
5020,2108,1,E.B.,pess,nat,pess_nat,12,0,5,SH,def,def,90
5021,2108,1,E.B.,pess,nat,pess_nat,13,3,12,PD,def,def,90
5022,2108,1,E.B.,pess,nat,pess_nat,14,7,12,SG,coop,def,90
5023,2108,1,E.B.,pess,nat,pess_nat,15,10,8,HG,coop,coop,90
5024,2108,2,F.A.,pess,inv,pess_inv,0,3,15,PD,coop,def,90
5025,2108,2,F.A.,pess,inv,pess_inv,1,3,5,SH,coop,coop,90
5026,2108,2,F.A.,pess,inv,pess_inv,2,7,12,SG,def,def,90
5027,2108,2,F.A.,pess,inv,pess_inv,3,10,5,HG,def,coop,90
5028,2108,2,F.A.,pess,inv,pess_inv,4,0,15,PD,coop,def,90
5029,2108,2,F.A.,pess,inv,pess_inv,5,0,5,SH,coop,def,90
5030,2108,2,F.A.,pess,inv,pess_inv,6,7,8,HG,def,coop,90
5031,2108,2,F.A.,pess,inv,pess_inv,7,7,15,SG,def,def,90
5032,2108,2,F.A.,pess,inv,pess_inv,8,3,12,PD,coop,def,90
5033,2108,2,F.A.,pess,inv,pess_inv,9,10,8,HG,def,coop,90
5034,2108,2,F.A.,pess,inv,pess_inv,10,3,8,SH,coop,def,90
5035,2108,2,F.A.,pess,inv,pess_inv,11,10,12,SG,def,def,90
5036,2108,2,F.A.,pess,inv,pess_inv,12,10,15,SG,def,def,90
5037,2108,2,F.A.,pess,inv,pess_inv,13,7,5,HG,def,coop,90
5038,2108,2,F.A.,pess,inv,pess_inv,14,0,8,SH,coop,def,90
5039,2108,2,F.A.,pess,inv,pess_inv,15,0,12,PD,coop,def,90
5040,2108,3,G.P.,opt,inv,opt_inv,0,0,8,SH,def,def,90
5041,2108,3,G.P.,opt,inv,opt_inv,1,7,5,HG,def,coop,90
5042,2108,3,G.P.,opt,inv,opt_inv,2,10,15,SG,coop,def,90
5043,2108,3,G.P.,opt,inv,opt_inv,3,3,12,PD,coop,def,90
5044,2108,3,G.P.,opt,inv,opt_inv,4,7,15,SG,coop,def,90
5045,2108,3,G.P.,opt,inv,opt_inv,5,7,8,HG,def,coop,90
5046,2108,3,G.P.,opt,inv,opt_inv,6,3,5,SH,def,coop,90
5047,2108,3,G.P.,opt,inv,opt_inv,7,3,15,PD,coop,def,90
5048,2108,3,G.P.,opt,inv,opt_inv,8,0,15,PD,coop,def,90
5049,2108,3,G.P.,opt,inv,opt_inv,9,10,8,HG,def,coop,90
5050,2108,3,G.P.,opt,inv,opt_inv,10,10,12,SG,coop,def,90
5051,2108,3,G.P.,opt,inv,opt_inv,11,0,5,SH,def,def,90
5052,2108,3,G.P.,opt,inv,opt_inv,12,0,12,PD,coop,def,90
5053,2108,3,G.P.,opt,inv,opt_inv,13,3,8,SH,def,coop,90
5054,2108,3,G.P.,opt,inv,opt_inv,14,10,5,HG,def,coop,90
5055,2108,3,G.P.,opt,inv,opt_inv,15,7,12,SG,coop,def,90
5056,2109,0,F.A.,opt,nat,opt_nat,0,0,12,PD,def,coop,40
5057,2109,0,F.A.,opt,nat,opt_nat,1,7,5,HG,coop,coop,30
5058,2109,0,F.A.,opt,nat,opt_nat,2,10,12,SG,def,def,40
5059,2109,0,F.A.,opt,nat,opt_nat,3,3,5,SH,coop,def,20
5060,2109,0,F.A.,opt,nat,opt_nat,4,0,8,SH,coop,def,20
5061,2109,0,F.A.,opt,nat,opt_nat,5,0,15,PD,def,coop,20
5062,2109,0,F.A.,opt,nat,opt_nat,6,10,5,HG,coop,def,20
5063,2109,0,F.A.,opt,nat,opt_nat,7,7,12,SG,def,def,50
5064,2109,0,F.A.,opt,nat,opt_nat,8,3,15,PD,def,def,80
5065,2109,0,F.A.,opt,nat,opt_nat,9,10,15,SG,def,def,60
5066,2109,0,F.A.,opt,nat,opt_nat,10,7,8,HG,coop,coop,50
5067,2109,0,F.A.,opt,nat,opt_nat,11,0,5,SH,coop,coop,50
5068,2109,0,F.A.,opt,nat,opt_nat,12,10,8,HG,coop,coop,60
5069,2109,0,F.A.,opt,nat,opt_nat,13,7,15,SG,def,def,60
5070,2109,0,F.A.,opt,nat,opt_nat,14,3,8,SH,coop,coop,40
5071,2109,0,F.A.,opt,nat,opt_nat,15,3,12,PD,def,coop,30
5072,2109,1,E.B.,pess,nat,pess_nat,0,10,5,HG,coop,def,40
5073,2109,1,E.B.,pess,nat,pess_nat,1,3,5,SH,def,coop,60
5074,2109,1,E.B.,pess,nat,pess_nat,2,0,15,PD,def,coop,30
5075,2109,1,E.B.,pess,nat,pess_nat,3,7,12,SG,coop,def,50
5076,2109,1,E.B.,pess,nat,pess_nat,4,10,15,SG,coop,def,50
5077,2109,1,E.B.,pess,nat,pess_nat,5,10,8,HG,coop,coop,50
5078,2109,1,E.B.,pess,nat,pess_nat,6,0,12,PD,def,def,50
5079,2109,1,E.B.,pess,nat,pess_nat,7,0,5,SH,def,coop,50
5080,2109,1,E.B.,pess,nat,pess_nat,8,7,15,SG,coop,coop,50
5081,2109,1,E.B.,pess,nat,pess_nat,9,0,8,SH,def,coop,40
5082,2109,1,E.B.,pess,nat,pess_nat,10,3,15,PD,def,coop,60
5083,2109,1,E.B.,pess,nat,pess_nat,11,7,5,HG,coop,coop,50
5084,2109,1,E.B.,pess,nat,pess_nat,12,3,12,PD,def,coop,60
5085,2109,1,E.B.,pess,nat,pess_nat,13,10,12,SG,coop,def,70
5086,2109,1,E.B.,pess,nat,pess_nat,14,3,8,SH,def,coop,50
5087,2109,1,E.B.,pess,nat,pess_nat,15,7,8,HG,coop,def,50
5088,2109,2,G.P.,pess,inv,pess_inv,0,7,15,SG,def,coop,50
5089,2109,2,G.P.,pess,inv,pess_inv,1,7,5,HG,def,coop,50
5090,2109,2,G.P.,pess,inv,pess_inv,2,3,8,SH,coop,coop,50
5091,2109,2,G.P.,pess,inv,pess_inv,3,0,12,PD,coop,def,50
5092,2109,2,G.P.,pess,inv,pess_inv,4,7,8,HG,def,coop,50
5093,2109,2,G.P.,pess,inv,pess_inv,5,0,8,SH,coop,coop,50
5094,2109,2,G.P.,pess,inv,pess_inv,6,10,15,SG,def,def,50
5095,2109,2,G.P.,pess,inv,pess_inv,7,0,15,PD,coop,coop,50
5096,2109,2,G.P.,pess,inv,pess_inv,8,10,5,HG,def,def,50
5097,2109,2,G.P.,pess,inv,pess_inv,9,3,5,SH,coop,coop,50
5098,2109,2,G.P.,pess,inv,pess_inv,10,3,15,PD,coop,coop,50
5099,2109,2,G.P.,pess,inv,pess_inv,11,10,12,SG,def,def,50
5100,2109,2,G.P.,pess,inv,pess_inv,12,0,5,SH,coop,coop,50
5101,2109,2,G.P.,pess,inv,pess_inv,13,3,12,PD,coop,coop,50
5102,2109,2,G.P.,pess,inv,pess_inv,14,7,12,SG,def,coop,50
5103,2109,2,G.P.,pess,inv,pess_inv,15,10,8,HG,def,coop,50
5104,2109,3,D.T.,opt,inv,opt_inv,0,0,5,SH,def,coop,50
5105,2109,3,D.T.,opt,inv,opt_inv,1,10,5,HG,def,def,50
5106,2109,3,D.T.,opt,inv,opt_inv,2,3,15,PD,coop,coop,50
5107,2109,3,D.T.,opt,inv,opt_inv,3,7,12,SG,coop,coop,50
5108,2109,3,D.T.,opt,inv,opt_inv,4,10,8,HG,def,coop,50
5109,2109,3,D.T.,opt,inv,opt_inv,5,0,15,PD,coop,coop,50
5110,2109,3,D.T.,opt,inv,opt_inv,6,3,5,SH,def,coop,50
5111,2109,3,D.T.,opt,inv,opt_inv,7,7,15,SG,coop,coop,50
5112,2109,3,D.T.,opt,inv,opt_inv,8,3,12,PD,coop,coop,50
5113,2109,3,D.T.,opt,inv,opt_inv,9,10,12,SG,coop,def,50
5114,2109,3,D.T.,opt,inv,opt_inv,10,7,8,HG,def,def,50
5115,2109,3,D.T.,opt,inv,opt_inv,11,3,8,SH,def,coop,50
5116,2109,3,D.T.,opt,inv,opt_inv,12,0,12,PD,coop,coop,50
5117,2109,3,D.T.,opt,inv,opt_inv,13,0,8,SH,def,coop,50
5118,2109,3,D.T.,opt,inv,opt_inv,14,10,15,SG,coop,def,50
5119,2109,3,D.T.,opt,inv,opt_inv,15,7,5,HG,def,def,50
5120,2110,0,D.T.,pess,nat,pess_nat,0,7,15,SG,coop,def,50
5121,2110,0,D.T.,pess,nat,pess_nat,1,7,5,HG,coop,coop,80
5122,2110,0,D.T.,pess,nat,pess_nat,2,3,8,SH,def,def,50
5123,2110,0,D.T.,pess,nat,pess_nat,3,0,12,PD,def,coop,80
5124,2110,0,D.T.,pess,nat,pess_nat,4,7,8,HG,coop,coop,50
5125,2110,0,D.T.,pess,nat,pess_nat,5,0,8,SH,def,coop,70
5126,2110,0,D.T.,pess,nat,pess_nat,6,10,15,SG,coop,def,50
5127,2110,0,D.T.,pess,nat,pess_nat,7,0,15,PD,def,def,80
5128,2110,0,D.T.,pess,nat,pess_nat,8,10,5,HG,coop,coop,80
5129,2110,0,D.T.,pess,nat,pess_nat,9,3,5,SH,def,coop,50
5130,2110,0,D.T.,pess,nat,pess_nat,10,3,15,PD,def,coop,50
5131,2110,0,D.T.,pess,nat,pess_nat,11,10,12,SG,coop,coop,50
5132,2110,0,D.T.,pess,nat,pess_nat,12,0,5,SH,def,def,80
5133,2110,0,D.T.,pess,nat,pess_nat,13,3,12,PD,def,def,50
5134,2110,0,D.T.,pess,nat,pess_nat,14,7,12,SG,coop,def,50
5135,2110,0,D.T.,pess,nat,pess_nat,15,10,8,HG,coop,coop,50
5136,2110,1,G.P.,opt,nat,opt_nat,0,7,5,HG,coop,coop,50
5137,2110,1,G.P.,opt,nat,opt_nat,1,3,5,SH,coop,coop,50
5138,2110,1,G.P.,opt,nat,opt_nat,2,7,12,SG,def,def,50
5139,2110,1,G.P.,opt,nat,opt_nat,3,3,15,PD,def,def,50
5140,2110,1,G.P.,opt,nat,opt_nat,4,0,5,SH,coop,def,50
5141,2110,1,G.P.,opt,nat,opt_nat,5,0,15,PD,def,def,50
5142,2110,1,G.P.,opt,nat,opt_nat,6,7,15,SG,def,def,50
5143,2110,1,G.P.,opt,nat,opt_nat,7,10,8,HG,coop,coop,50
5144,2110,1,G.P.,opt,nat,opt_nat,8,10,12,SG,def,coop,50
5145,2110,1,G.P.,opt,nat,opt_nat,9,3,8,SH,coop,coop,50
5146,2110,1,G.P.,opt,nat,opt_nat,10,10,5,HG,coop,coop,50
5147,2110,1,G.P.,opt,nat,opt_nat,11,3,12,PD,def,def,50
5148,2110,1,G.P.,opt,nat,opt_nat,12,10,15,SG,def,def,50
5149,2110,1,G.P.,opt,nat,opt_nat,13,0,12,PD,def,def,50
5150,2110,1,G.P.,opt,nat,opt_nat,14,0,8,SH,coop,def,50
5151,2110,1,G.P.,opt,nat,opt_nat,15,7,8,HG,coop,coop,50
5152,2110,2,F.A.,pess,inv,pess_inv,0,10,5,HG,def,coop,50
5153,2110,2,F.A.,pess,inv,pess_inv,1,3,5,SH,coop,coop,50
5154,2110,2,F.A.,pess,inv,pess_inv,2,0,15,PD,coop,def,50
5155,2110,2,F.A.,pess,inv,pess_inv,3,7,12,SG,def,def,50
5156,2110,2,F.A.,pess,inv,pess_inv,4,10,15,SG,def,def,50
5157,2110,2,F.A.,pess,inv,pess_inv,5,10,8,HG,def,coop,50
5158,2110,2,F.A.,pess,inv,pess_inv,6,0,12,PD,coop,def,50
5159,2110,2,F.A.,pess,inv,pess_inv,7,0,5,SH,coop,coop,50
5160,2110,2,F.A.,pess,inv,pess_inv,8,7,15,SG,def,def,50
5161,2110,2,F.A.,pess,inv,pess_inv,9,0,8,SH,coop,def,50
5162,2110,2,F.A.,pess,inv,pess_inv,10,3,15,PD,coop,def,50
5163,2110,2,F.A.,pess,inv,pess_inv,11,7,5,HG,def,coop,50
5164,2110,2,F.A.,pess,inv,pess_inv,12,3,12,PD,coop,def,50
5165,2110,2,F.A.,pess,inv,pess_inv,13,10,12,SG,def,coop,50
5166,2110,2,F.A.,pess,inv,pess_inv,14,3,8,SH,coop,coop,50
5167,2110,2,F.A.,pess,inv,pess_inv,15,7,8,HG,def,coop,50
5168,2110,3,E.B.,opt,inv,opt_inv,0,7,15,SG,coop,def,50
5169,2110,3,E.B.,opt,inv,opt_inv,1,3,15,PD,coop,def,50
5170,2110,3,E.B.,opt,inv,opt_inv,2,3,8,SH,def,coop,50
5171,2110,3,E.B.,opt,inv,opt_inv,3,7,5,HG,def,coop,50
5172,2110,3,E.B.,opt,inv,opt_inv,4,10,15,SG,coop,def,50
5173,2110,3,E.B.,opt,inv,opt_inv,5,7,8,HG,def,coop,50
5174,2110,3,E.B.,opt,inv,opt_inv,6,0,5,SH,def,def,50
5175,2110,3,E.B.,opt,inv,opt_inv,7,0,12,PD,coop,def,50
5176,2110,3,E.B.,opt,inv,opt_inv,8,3,12,PD,coop,def,50
5177,2110,3,E.B.,opt,inv,opt_inv,9,7,12,SG,coop,def,50
5178,2110,3,E.B.,opt,inv,opt_inv,10,10,8,HG,def,coop,50
5179,2110,3,E.B.,opt,inv,opt_inv,11,3,5,SH,def,coop,50
5180,2110,3,E.B.,opt,inv,opt_inv,12,10,12,SG,coop,def,50
5181,2110,3,E.B.,opt,inv,opt_inv,13,0,15,PD,coop,def,50
5182,2110,3,E.B.,opt,inv,opt_inv,14,10,5,HG,def,coop,50
5183,2110,3,E.B.,opt,inv,opt_inv,15,0,8,SH,def,def,50
5184,2111,0,D.T.,pess,nat,pess_nat,0,0,5,SH,def,coop,40
5185,2111,0,D.T.,pess,nat,pess_nat,1,10,5,HG,coop,def,40
5186,2111,0,D.T.,pess,nat,pess_nat,2,3,15,PD,def,def,60
5187,2111,0,D.T.,pess,nat,pess_nat,3,7,12,SG,coop,coop,70
5188,2111,0,D.T.,pess,nat,pess_nat,4,10,8,HG,coop,coop,90
5189,2111,0,D.T.,pess,nat,pess_nat,5,0,15,PD,def,def,70
5190,2111,0,D.T.,pess,nat,pess_nat,6,3,5,SH,def,coop,40
5191,2111,0,D.T.,pess,nat,pess_nat,7,7,15,SG,coop,def,50
5192,2111,0,D.T.,pess,nat,pess_nat,8,3,12,PD,def,coop,40
5193,2111,0,D.T.,pess,nat,pess_nat,9,10,12,SG,coop,coop,40
5194,2111,0,D.T.,pess,nat,pess_nat,10,7,8,HG,coop,def,40
5195,2111,0,D.T.,pess,nat,pess_nat,11,3,8,SH,def,coop,40
5196,2111,0,D.T.,pess,nat,pess_nat,12,0,12,PD,def,coop,30
5197,2111,0,D.T.,pess,nat,pess_nat,13,0,8,SH,def,def,40
5198,2111,0,D.T.,pess,nat,pess_nat,14,10,15,SG,coop,coop,40
5199,2111,0,D.T.,pess,nat,pess_nat,15,7,5,HG,coop,coop,40
5200,2111,1,E.B.,opt,nat,opt_nat,0,10,5,HG,coop,coop,70
5201,2111,1,E.B.,opt,nat,opt_nat,1,3,5,SH,coop,coop,40
5202,2111,1,E.B.,opt,nat,opt_nat,2,0,15,PD,def,coop,30
5203,2111,1,E.B.,opt,nat,opt_nat,3,7,12,SG,def,def,40
5204,2111,1,E.B.,opt,nat,opt_nat,4,10,15,SG,def,coop,40
5205,2111,1,E.B.,opt,nat,opt_nat,5,10,8,HG,coop,def,60
5206,2111,1,E.B.,opt,nat,opt_nat,6,0,12,PD,def,coop,40
5207,2111,1,E.B.,opt,nat,opt_nat,7,0,5,SH,coop,coop,60
5208,2111,1,E.B.,opt,nat,opt_nat,8,7,15,SG,def,def,40
5209,2111,1,E.B.,opt,nat,opt_nat,9,0,8,SH,coop,def,40
5210,2111,1,E.B.,opt,nat,opt_nat,10,3,15,PD,def,def,40
5211,2111,1,E.B.,opt,nat,opt_nat,11,7,5,HG,coop,def,40
5212,2111,1,E.B.,opt,nat,opt_nat,12,3,12,PD,def,coop,40
5213,2111,1,E.B.,opt,nat,opt_nat,13,10,12,SG,def,coop,40
5214,2111,1,E.B.,opt,nat,opt_nat,14,3,8,SH,coop,def,40
5215,2111,1,E.B.,opt,nat,opt_nat,15,7,8,HG,coop,def,40
5216,2111,2,G.P.,opt,inv,opt_inv,0,7,5,HG,def,def,40
5217,2111,2,G.P.,opt,inv,opt_inv,1,3,5,SH,def,def,40
5218,2111,2,G.P.,opt,inv,opt_inv,2,7,12,SG,coop,def,40
5219,2111,2,G.P.,opt,inv,opt_inv,3,3,15,PD,coop,def,40
5220,2111,2,G.P.,opt,inv,opt_inv,4,0,5,SH,def,def,40
5221,2111,2,G.P.,opt,inv,opt_inv,5,0,15,PD,coop,def,40
5222,2111,2,G.P.,opt,inv,opt_inv,6,7,15,SG,coop,coop,40
5223,2111,2,G.P.,opt,inv,opt_inv,7,10,8,HG,def,coop,40
5224,2111,2,G.P.,opt,inv,opt_inv,8,10,12,SG,coop,coop,40
5225,2111,2,G.P.,opt,inv,opt_inv,9,3,8,SH,def,def,40
5226,2111,2,G.P.,opt,inv,opt_inv,10,10,5,HG,def,coop,40
5227,2111,2,G.P.,opt,inv,opt_inv,11,3,12,PD,coop,coop,40
5228,2111,2,G.P.,opt,inv,opt_inv,12,10,15,SG,coop,coop,40
5229,2111,2,G.P.,opt,inv,opt_inv,13,0,12,PD,coop,coop,40
5230,2111,2,G.P.,opt,inv,opt_inv,14,0,8,SH,def,coop,40
5231,2111,2,G.P.,opt,inv,opt_inv,15,7,8,HG,def,def,40
5232,2111,3,F.A.,pess,inv,pess_inv,0,10,8,HG,def,coop,40
5233,2111,3,F.A.,pess,inv,pess_inv,1,7,12,SG,def,def,40
5234,2111,3,F.A.,pess,inv,pess_inv,2,0,12,PD,coop,def,40
5235,2111,3,F.A.,pess,inv,pess_inv,3,0,8,SH,coop,def,40
5236,2111,3,F.A.,pess,inv,pess_inv,4,3,8,SH,coop,coop,40
5237,2111,3,F.A.,pess,inv,pess_inv,5,3,15,PD,coop,def,40
5238,2111,3,F.A.,pess,inv,pess_inv,6,10,15,SG,def,coop,40
5239,2111,3,F.A.,pess,inv,pess_inv,7,10,5,HG,def,coop,40
5240,2111,3,F.A.,pess,inv,pess_inv,8,3,12,PD,coop,coop,40
5241,2111,3,F.A.,pess,inv,pess_inv,9,7,8,HG,def,def,40
5242,2111,3,F.A.,pess,inv,pess_inv,10,10,12,SG,def,coop,40
5243,2111,3,F.A.,pess,inv,pess_inv,11,0,5,SH,coop,def,40
5244,2111,3,F.A.,pess,inv,pess_inv,12,0,15,PD,coop,def,40
5245,2111,3,F.A.,pess,inv,pess_inv,13,7,15,SG,def,coop,40
5246,2111,3,F.A.,pess,inv,pess_inv,14,7,5,HG,def,def,40
5247,2111,3,F.A.,pess,inv,pess_inv,15,3,5,SH,coop,coop,40
5248,2112,0,G.P.,opt,nat,opt_nat,0,0,5,SH,coop,coop,60
5249,2112,0,G.P.,opt,nat,opt_nat,1,10,5,HG,coop,coop,60
5250,2112,0,G.P.,opt,nat,opt_nat,2,3,15,PD,def,coop,40
5251,2112,0,G.P.,opt,nat,opt_nat,3,7,12,SG,def,coop,40
5252,2112,0,G.P.,opt,nat,opt_nat,4,10,8,HG,coop,coop,40
5253,2112,0,G.P.,opt,nat,opt_nat,5,0,15,PD,def,coop,40
5254,2112,0,G.P.,opt,nat,opt_nat,6,3,5,SH,coop,coop,40
5255,2112,0,G.P.,opt,nat,opt_nat,7,7,15,SG,def,coop,60
5256,2112,0,G.P.,opt,nat,opt_nat,8,3,12,PD,def,coop,60
5257,2112,0,G.P.,opt,nat,opt_nat,9,10,12,SG,def,coop,60
5258,2112,0,G.P.,opt,nat,opt_nat,10,7,8,HG,coop,coop,60
5259,2112,0,G.P.,opt,nat,opt_nat,11,3,8,SH,coop,coop,60
5260,2112,0,G.P.,opt,nat,opt_nat,12,0,12,PD,def,coop,60
5261,2112,0,G.P.,opt,nat,opt_nat,13,0,8,SH,coop,coop,60
5262,2112,0,G.P.,opt,nat,opt_nat,14,10,15,SG,def,coop,60
5263,2112,0,G.P.,opt,nat,opt_nat,15,7,5,HG,coop,coop,60
5264,2112,1,E.B.,pess,nat,pess_nat,0,0,12,PD,def,def,50
5265,2112,1,E.B.,pess,nat,pess_nat,1,0,8,SH,def,def,50
5266,2112,1,E.B.,pess,nat,pess_nat,2,7,15,SG,coop,def,50
5267,2112,1,E.B.,pess,nat,pess_nat,3,7,8,HG,coop,coop,40
5268,2112,1,E.B.,pess,nat,pess_nat,4,3,12,PD,def,def,40
5269,2112,1,E.B.,pess,nat,pess_nat,5,0,5,SH,def,def,40
5270,2112,1,E.B.,pess,nat,pess_nat,6,10,8,HG,coop,coop,40
5271,2112,1,E.B.,pess,nat,pess_nat,7,10,15,SG,coop,def,40
5272,2112,1,E.B.,pess,nat,pess_nat,8,10,12,SG,coop,def,40
5273,2112,1,E.B.,pess,nat,pess_nat,9,0,15,PD,def,def,40
5274,2112,1,E.B.,pess,nat,pess_nat,10,10,5,HG,coop,coop,40
5275,2112,1,E.B.,pess,nat,pess_nat,11,3,8,SH,def,def,40
5276,2112,1,E.B.,pess,nat,pess_nat,12,7,12,SG,coop,def,40
5277,2112,1,E.B.,pess,nat,pess_nat,13,3,15,PD,def,def,40
5278,2112,1,E.B.,pess,nat,pess_nat,14,3,5,SH,def,coop,40
5279,2112,1,E.B.,pess,nat,pess_nat,15,7,5,HG,coop,coop,40
5280,2112,2,F.A.,opt,inv,opt_inv,0,10,8,HG,def,coop,60
5281,2112,2,F.A.,opt,inv,opt_inv,1,7,12,SG,coop,coop,40
5282,2112,2,F.A.,opt,inv,opt_inv,2,0,12,PD,coop,def,40
5283,2112,2,F.A.,opt,inv,opt_inv,3,0,8,SH,def,coop,40
5284,2112,2,F.A.,opt,inv,opt_inv,4,3,8,SH,def,coop,40
5285,2112,2,F.A.,opt,inv,opt_inv,5,3,15,PD,coop,def,40
5286,2112,2,F.A.,opt,inv,opt_inv,6,10,15,SG,coop,def,40
5287,2112,2,F.A.,opt,inv,opt_inv,7,10,5,HG,def,coop,40
5288,2112,2,F.A.,opt,inv,opt_inv,8,3,12,PD,coop,def,40
5289,2112,2,F.A.,opt,inv,opt_inv,9,7,8,HG,def,coop,40
5290,2112,2,F.A.,opt,inv,opt_inv,10,10,12,SG,coop,def,40
5291,2112,2,F.A.,opt,inv,opt_inv,11,0,5,SH,def,coop,40
5292,2112,2,F.A.,opt,inv,opt_inv,12,0,15,PD,coop,def,40
5293,2112,2,F.A.,opt,inv,opt_inv,13,7,15,SG,coop,coop,40
5294,2112,2,F.A.,opt,inv,opt_inv,14,7,5,HG,def,coop,40
5295,2112,2,F.A.,opt,inv,opt_inv,15,3,5,SH,def,coop,40
5296,2112,3,D.T.,pess,inv,pess_inv,0,10,5,HG,def,coop,40
5297,2112,3,D.T.,pess,inv,pess_inv,1,7,12,SG,def,coop,40
5298,2112,3,D.T.,pess,inv,pess_inv,2,0,12,PD,coop,def,40
5299,2112,3,D.T.,pess,inv,pess_inv,3,3,8,SH,coop,coop,40
5300,2112,3,D.T.,pess,inv,pess_inv,4,10,12,SG,def,coop,40
5301,2112,3,D.T.,pess,inv,pess_inv,5,0,8,SH,coop,coop,40
5302,2112,3,D.T.,pess,inv,pess_inv,6,7,8,HG,def,coop,40
5303,2112,3,D.T.,pess,inv,pess_inv,7,0,15,PD,coop,def,40
5304,2112,3,D.T.,pess,inv,pess_inv,8,7,5,HG,def,coop,40
5305,2112,3,D.T.,pess,inv,pess_inv,9,10,15,SG,def,def,40
5306,2112,3,D.T.,pess,inv,pess_inv,10,3,5,SH,coop,coop,40
5307,2112,3,D.T.,pess,inv,pess_inv,11,3,15,PD,coop,def,40
5308,2112,3,D.T.,pess,inv,pess_inv,12,3,12,PD,coop,coop,40
5309,2112,3,D.T.,pess,inv,pess_inv,13,0,5,SH,coop,coop,40
5310,2112,3,D.T.,pess,inv,pess_inv,14,7,15,SG,def,coop,40
5311,2112,3,D.T.,pess,inv,pess_inv,15,10,8,HG,def,coop,40
5312,2113,0,F.A.,pess,nat,pess_nat,0,10,5,HG,coop,coop,80
5313,2113,0,F.A.,pess,nat,pess_nat,1,3,5,SH,def,def,70
5314,2113,0,F.A.,pess,nat,pess_nat,2,0,15,PD,def,def,70
5315,2113,0,F.A.,pess,nat,pess_nat,3,7,12,SG,coop,coop,70
5316,2113,0,F.A.,pess,nat,pess_nat,4,10,15,SG,coop,coop,70
5317,2113,0,F.A.,pess,nat,pess_nat,5,10,8,HG,coop,coop,70
5318,2113,0,F.A.,pess,nat,pess_nat,6,0,12,PD,def,coop,70
5319,2113,0,F.A.,pess,nat,pess_nat,7,0,5,SH,def,def,70
5320,2113,0,F.A.,pess,nat,pess_nat,8,7,15,SG,coop,coop,70
5321,2113,0,F.A.,pess,nat,pess_nat,9,0,8,SH,def,def,70
5322,2113,0,F.A.,pess,nat,pess_nat,10,3,15,PD,def,def,70
5323,2113,0,F.A.,pess,nat,pess_nat,11,7,5,HG,coop,def,70
5324,2113,0,F.A.,pess,nat,pess_nat,12,3,12,PD,def,def,70
5325,2113,0,F.A.,pess,nat,pess_nat,13,10,12,SG,coop,def,70
5326,2113,0,F.A.,pess,nat,pess_nat,14,3,8,SH,def,def,70
5327,2113,0,F.A.,pess,nat,pess_nat,15,7,8,HG,coop,def,70
5328,2113,1,E.B.,opt,nat,opt_nat,0,3,12,PD,def,def,70
5329,2113,1,E.B.,opt,nat,opt_nat,1,7,8,HG,coop,coop,70
5330,2113,1,E.B.,opt,nat,opt_nat,2,3,8,SH,coop,coop,70
5331,2113,1,E.B.,opt,nat,opt_nat,3,7,12,SG,def,coop,70
5332,2113,1,E.B.,opt,nat,opt_nat,4,0,15,PD,def,def,70
5333,2113,1,E.B.,opt,nat,opt_nat,5,0,8,SH,coop,def,70
5334,2113,1,E.B.,opt,nat,opt_nat,6,7,15,SG,def,coop,70
5335,2113,1,E.B.,opt,nat,opt_nat,7,7,5,HG,coop,coop,70
5336,2113,1,E.B.,opt,nat,opt_nat,8,3,15,PD,def,def,70
5337,2113,1,E.B.,opt,nat,opt_nat,9,0,5,SH,coop,coop,70
5338,2113,1,E.B.,opt,nat,opt_nat,10,10,5,HG,coop,coop,70
5339,2113,1,E.B.,opt,nat,opt_nat,11,10,15,SG,def,def,70
5340,2113,1,E.B.,opt,nat,opt_nat,12,10,12,SG,def,coop,70
5341,2113,1,E.B.,opt,nat,opt_nat,13,0,12,PD,def,def,70
5342,2113,1,E.B.,opt,nat,opt_nat,14,3,5,SH,coop,def,70
5343,2113,1,E.B.,opt,nat,opt_nat,15,10,8,HG,coop,coop,70
5344,2113,2,D.T.,pess,inv,pess_inv,0,7,15,SG,def,coop,70
5345,2113,2,D.T.,pess,inv,pess_inv,1,3,15,PD,coop,def,70
5346,2113,2,D.T.,pess,inv,pess_inv,2,3,8,SH,coop,coop,70
5347,2113,2,D.T.,pess,inv,pess_inv,3,7,5,HG,def,coop,70
5348,2113,2,D.T.,pess,inv,pess_inv,4,10,15,SG,def,def,70
5349,2113,2,D.T.,pess,inv,pess_inv,5,7,8,HG,def,def,70
5350,2113,2,D.T.,pess,inv,pess_inv,6,0,5,SH,coop,coop,70
5351,2113,2,D.T.,pess,inv,pess_inv,7,0,12,PD,coop,def,70
5352,2113,2,D.T.,pess,inv,pess_inv,8,3,12,PD,coop,def,70
5353,2113,2,D.T.,pess,inv,pess_inv,9,7,12,SG,def,coop,70
5354,2113,2,D.T.,pess,inv,pess_inv,10,10,8,HG,def,coop,70
5355,2113,2,D.T.,pess,inv,pess_inv,11,3,5,SH,coop,def,70
5356,2113,2,D.T.,pess,inv,pess_inv,12,10,12,SG,def,def,70
5357,2113,2,D.T.,pess,inv,pess_inv,13,0,15,PD,coop,def,70
5358,2113,2,D.T.,pess,inv,pess_inv,14,10,5,HG,def,coop,70
5359,2113,2,D.T.,pess,inv,pess_inv,15,0,8,SH,coop,coop,70
5360,2113,3,G.P.,opt,inv,opt_inv,0,10,8,HG,def,coop,70
5361,2113,3,G.P.,opt,inv,opt_inv,1,7,12,SG,coop,coop,70
5362,2113,3,G.P.,opt,inv,opt_inv,2,0,12,PD,coop,def,70
5363,2113,3,G.P.,opt,inv,opt_inv,3,0,8,SH,def,coop,70
5364,2113,3,G.P.,opt,inv,opt_inv,4,3,8,SH,def,coop,70
5365,2113,3,G.P.,opt,inv,opt_inv,5,3,15,PD,coop,def,70
5366,2113,3,G.P.,opt,inv,opt_inv,6,10,15,SG,coop,def,70
5367,2113,3,G.P.,opt,inv,opt_inv,7,10,5,HG,def,coop,70
5368,2113,3,G.P.,opt,inv,opt_inv,8,3,12,PD,coop,def,70
5369,2113,3,G.P.,opt,inv,opt_inv,9,7,8,HG,def,coop,70
5370,2113,3,G.P.,opt,inv,opt_inv,10,10,12,SG,coop,def,70
5371,2113,3,G.P.,opt,inv,opt_inv,11,0,5,SH,def,coop,70
5372,2113,3,G.P.,opt,inv,opt_inv,12,0,15,PD,coop,def,70
5373,2113,3,G.P.,opt,inv,opt_inv,13,7,15,SG,coop,coop,70
5374,2113,3,G.P.,opt,inv,opt_inv,14,7,5,HG,def,coop,70
5375,2113,3,G.P.,opt,inv,opt_inv,15,3,5,SH,def,def,70
5376,2114,0,D.T.,opt,nat,opt_nat,0,3,5,SH,coop,coop,60
5377,2114,0,D.T.,opt,nat,opt_nat,1,0,15,PD,def,def,80
5378,2114,0,D.T.,opt,nat,opt_nat,2,7,8,HG,coop,coop,60
5379,2114,0,D.T.,opt,nat,opt_nat,3,10,12,SG,def,coop,60
5380,2114,0,D.T.,opt,nat,opt_nat,4,7,12,SG,def,def,60
5381,2114,0,D.T.,opt,nat,opt_nat,5,10,8,HG,coop,coop,70
5382,2114,0,D.T.,opt,nat,opt_nat,6,0,5,SH,coop,def,70
5383,2114,0,D.T.,opt,nat,opt_nat,7,0,12,PD,def,def,70
5384,2114,0,D.T.,opt,nat,opt_nat,8,7,5,HG,coop,coop,60
5385,2114,0,D.T.,opt,nat,opt_nat,9,3,8,SH,coop,coop,70
5386,2114,0,D.T.,opt,nat,opt_nat,10,3,12,PD,def,def,80
5387,2114,0,D.T.,opt,nat,opt_nat,11,7,15,SG,def,def,80
5388,2114,0,D.T.,opt,nat,opt_nat,12,3,15,PD,def,def,80
5389,2114,0,D.T.,opt,nat,opt_nat,13,10,5,HG,coop,coop,70
5390,2114,0,D.T.,opt,nat,opt_nat,14,10,15,SG,def,def,70
5391,2114,0,D.T.,opt,nat,opt_nat,15,0,8,SH,coop,def,80
5392,2114,1,E.B.,pess,nat,pess_nat,0,10,5,HG,coop,coop,70
5393,2114,1,E.B.,pess,nat,pess_nat,1,0,15,PD,def,def,80
5394,2114,1,E.B.,pess,nat,pess_nat,2,7,12,SG,coop,def,80
5395,2114,1,E.B.,pess,nat,pess_nat,3,0,8,SH,def,def,80
5396,2114,1,E.B.,pess,nat,pess_nat,4,0,5,SH,def,coop,60
5397,2114,1,E.B.,pess,nat,pess_nat,5,10,15,SG,coop,def,80
5398,2114,1,E.B.,pess,nat,pess_nat,6,7,5,HG,coop,coop,70
5399,2114,1,E.B.,pess,nat,pess_nat,7,0,12,PD,def,def,80
5400,2114,1,E.B.,pess,nat,pess_nat,8,10,8,HG,coop,coop,70
5401,2114,1,E.B.,pess,nat,pess_nat,9,3,15,PD,def,def,80
5402,2114,1,E.B.,pess,nat,pess_nat,10,3,8,SH,def,coop,60
5403,2114,1,E.B.,pess,nat,pess_nat,11,10,12,SG,coop,def,70
5404,2114,1,E.B.,pess,nat,pess_nat,12,3,12,PD,def,def,80
5405,2114,1,E.B.,pess,nat,pess_nat,13,7,15,SG,coop,def,80
5406,2114,1,E.B.,pess,nat,pess_nat,14,7,8,HG,coop,coop,60
5407,2114,1,E.B.,pess,nat,pess_nat,15,3,5,SH,def,coop,60
5408,2114,2,G.P.,opt,inv,opt_inv,0,3,15,PD,coop,def,80
5409,2114,2,G.P.,opt,inv,opt_inv,1,3,5,SH,def,coop,60
5410,2114,2,G.P.,opt,inv,opt_inv,2,7,12,SG,coop,def,70
5411,2114,2,G.P.,opt,inv,opt_inv,3,10,5,HG,def,coop,70
5412,2114,2,G.P.,opt,inv,opt_inv,4,0,15,PD,coop,def,80
5413,2114,2,G.P.,opt,inv,opt_inv,5,0,5,SH,def,coop,60
5414,2114,2,G.P.,opt,inv,opt_inv,6,7,8,HG,def,coop,60
5415,2114,2,G.P.,opt,inv,opt_inv,7,7,15,SG,coop,def,80
5416,2114,2,G.P.,opt,inv,opt_inv,8,3,12,PD,coop,def,80
5417,2114,2,G.P.,opt,inv,opt_inv,9,10,8,HG,def,coop,70
5418,2114,2,G.P.,opt,inv,opt_inv,10,3,8,SH,def,def,70
5419,2114,2,G.P.,opt,inv,opt_inv,11,10,12,SG,coop,def,70
5420,2114,2,G.P.,opt,inv,opt_inv,12,10,15,SG,coop,def,80
5421,2114,2,G.P.,opt,inv,opt_inv,13,7,5,HG,def,coop,70
5422,2114,2,G.P.,opt,inv,opt_inv,14,0,8,SH,def,def,70
5423,2114,2,G.P.,opt,inv,opt_inv,15,0,12,PD,coop,def,80
5424,2114,3,F.A.,pess,inv,pess_inv,0,10,12,SG,def,def,70
5425,2114,3,F.A.,pess,inv,pess_inv,1,0,12,PD,coop,def,80
5426,2114,3,F.A.,pess,inv,pess_inv,2,3,5,SH,coop,coop,70
5427,2114,3,F.A.,pess,inv,pess_inv,3,7,8,HG,def,coop,70
5428,2114,3,F.A.,pess,inv,pess_inv,4,10,5,HG,def,coop,80
5429,2114,3,F.A.,pess,inv,pess_inv,5,3,12,PD,coop,def,80
5430,2114,3,F.A.,pess,inv,pess_inv,6,3,8,SH,coop,def,70
5431,2114,3,F.A.,pess,inv,pess_inv,7,10,15,SG,def,def,70
5432,2114,3,F.A.,pess,inv,pess_inv,8,0,15,PD,coop,def,80
5433,2114,3,F.A.,pess,inv,pess_inv,9,7,12,SG,def,def,70
5434,2114,3,F.A.,pess,inv,pess_inv,10,0,5,SH,coop,coop,60
5435,2114,3,F.A.,pess,inv,pess_inv,11,7,5,HG,def,coop,70
5436,2114,3,F.A.,pess,inv,pess_inv,12,10,8,HG,def,coop,70
5437,2114,3,F.A.,pess,inv,pess_inv,13,0,8,SH,coop,coop,60
5438,2114,3,F.A.,pess,inv,pess_inv,14,7,15,SG,def,def,70
5439,2114,3,F.A.,pess,inv,pess_inv,15,3,15,PD,coop,def,80
5440,2115,0,F.A.,opt,nat,opt_nat,0,3,5,SH,coop,coop,90
5441,2115,0,F.A.,opt,nat,opt_nat,1,0,15,PD,def,coop,100
5442,2115,0,F.A.,opt,nat,opt_nat,2,7,8,HG,coop,coop,100
5443,2115,0,F.A.,opt,nat,opt_nat,3,10,12,SG,def,def,100
5444,2115,0,F.A.,opt,nat,opt_nat,4,7,12,SG,def,def,100
5445,2115,0,F.A.,opt,nat,opt_nat,5,10,8,HG,coop,def,100
5446,2115,0,F.A.,opt,nat,opt_nat,6,0,5,SH,coop,def,100
5447,2115,0,F.A.,opt,nat,opt_nat,7,0,12,PD,def,def,100
5448,2115,0,F.A.,opt,nat,opt_nat,8,7,5,HG,coop,def,100
5449,2115,0,F.A.,opt,nat,opt_nat,9,3,8,SH,coop,def,100
5450,2115,0,F.A.,opt,nat,opt_nat,10,3,12,PD,def,def,100
5451,2115,0,F.A.,opt,nat,opt_nat,11,7,15,SG,def,def,100
5452,2115,0,F.A.,opt,nat,opt_nat,12,3,15,PD,def,def,100
5453,2115,0,F.A.,opt,nat,opt_nat,13,10,5,HG,coop,coop,100
5454,2115,0,F.A.,opt,nat,opt_nat,14,10,15,SG,def,def,100
5455,2115,0,F.A.,opt,nat,opt_nat,15,0,8,SH,coop,def,100
5456,2115,1,G.P.,pess,nat,pess_nat,0,10,8,HG,coop,def,100
5457,2115,1,G.P.,pess,nat,pess_nat,1,3,5,SH,def,coop,100
5458,2115,1,G.P.,pess,nat,pess_nat,2,7,12,SG,coop,def,100
5459,2115,1,G.P.,pess,nat,pess_nat,3,3,12,PD,def,def,100
5460,2115,1,G.P.,pess,nat,pess_nat,4,7,5,HG,coop,coop,100
5461,2115,1,G.P.,pess,nat,pess_nat,5,10,15,SG,coop,def,100
5462,2115,1,G.P.,pess,nat,pess_nat,6,0,12,PD,def,def,100
5463,2115,1,G.P.,pess,nat,pess_nat,7,0,5,SH,def,def,100
5464,2115,1,G.P.,pess,nat,pess_nat,8,10,5,HG,coop,coop,100
5465,2115,1,G.P.,pess,nat,pess_nat,9,3,8,SH,def,def,100
5466,2115,1,G.P.,pess,nat,pess_nat,10,7,15,SG,coop,def,100
5467,2115,1,G.P.,pess,nat,pess_nat,11,3,15,PD,def,def,100
5468,2115,1,G.P.,pess,nat,pess_nat,12,0,15,PD,def,def,100
5469,2115,1,G.P.,pess,nat,pess_nat,13,0,8,SH,def,def,100
5470,2115,1,G.P.,pess,nat,pess_nat,14,10,12,SG,coop,def,100
5471,2115,1,G.P.,pess,nat,pess_nat,15,7,8,HG,coop,def,100
5472,2115,2,D.T.,pess,inv,pess_inv,0,7,15,SG,def,def,100
5473,2115,2,D.T.,pess,inv,pess_inv,1,7,5,HG,def,coop,100
5474,2115,2,D.T.,pess,inv,pess_inv,2,3,8,SH,coop,def,100
5475,2115,2,D.T.,pess,inv,pess_inv,3,0,12,PD,coop,def,100
5476,2115,2,D.T.,pess,inv,pess_inv,4,7,8,HG,def,def,100
5477,2115,2,D.T.,pess,inv,pess_inv,5,0,8,SH,coop,def,100
5478,2115,2,D.T.,pess,inv,pess_inv,6,10,15,SG,def,def,100
5479,2115,2,D.T.,pess,inv,pess_inv,7,0,15,PD,coop,def,100
5480,2115,2,D.T.,pess,inv,pess_inv,8,10,5,HG,def,coop,100
5481,2115,2,D.T.,pess,inv,pess_inv,9,3,5,SH,coop,def,100
5482,2115,2,D.T.,pess,inv,pess_inv,10,3,15,PD,coop,def,100
5483,2115,2,D.T.,pess,inv,pess_inv,11,10,12,SG,def,def,100
5484,2115,2,D.T.,pess,inv,pess_inv,12,0,5,SH,coop,def,100
5485,2115,2,D.T.,pess,inv,pess_inv,13,3,12,PD,coop,def,100
5486,2115,2,D.T.,pess,inv,pess_inv,14,7,12,SG,def,def,100
5487,2115,2,D.T.,pess,inv,pess_inv,15,10,8,HG,def,def,100
5488,2115,3,E.B.,opt,inv,opt_inv,0,7,5,HG,def,coop,100
5489,2115,3,E.B.,opt,inv,opt_inv,1,3,5,SH,def,coop,100
5490,2115,3,E.B.,opt,inv,opt_inv,2,7,12,SG,coop,def,100
5491,2115,3,E.B.,opt,inv,opt_inv,3,3,15,PD,coop,def,100
5492,2115,3,E.B.,opt,inv,opt_inv,4,0,5,SH,def,def,100
5493,2115,3,E.B.,opt,inv,opt_inv,5,0,15,PD,coop,def,100
5494,2115,3,E.B.,opt,inv,opt_inv,6,7,15,SG,coop,def,100
5495,2115,3,E.B.,opt,inv,opt_inv,7,10,8,HG,def,def,100
5496,2115,3,E.B.,opt,inv,opt_inv,8,10,12,SG,coop,def,100
5497,2115,3,E.B.,opt,inv,opt_inv,9,3,8,SH,def,def,100
5498,2115,3,E.B.,opt,inv,opt_inv,10,10,5,HG,def,coop,100
5499,2115,3,E.B.,opt,inv,opt_inv,11,3,12,PD,coop,def,100
5500,2115,3,E.B.,opt,inv,opt_inv,12,10,15,SG,coop,def,100
5501,2115,3,E.B.,opt,inv,opt_inv,13,0,12,PD,coop,def,100
5502,2115,3,E.B.,opt,inv,opt_inv,14,0,8,SH,def,def,100
5503,2115,3,E.B.,opt,inv,opt_inv,15,7,8,HG,def,coop,100
5504,2118,0,G.P.,opt,nat,opt_nat,0,0,12,PD,def,coop,30
5505,2118,0,G.P.,opt,nat,opt_nat,1,0,8,SH,coop,def,60
5506,2118,0,G.P.,opt,nat,opt_nat,2,7,15,SG,def,coop,80
5507,2118,0,G.P.,opt,nat,opt_nat,3,7,8,HG,coop,coop,90
5508,2118,0,G.P.,opt,nat,opt_nat,4,3,12,PD,def,def,90
5509,2118,0,G.P.,opt,nat,opt_nat,5,0,5,SH,coop,coop,90
5510,2118,0,G.P.,opt,nat,opt_nat,6,10,8,HG,coop,coop,100
5511,2118,0,G.P.,opt,nat,opt_nat,7,10,15,SG,def,def,90
5512,2118,0,G.P.,opt,nat,opt_nat,8,10,12,SG,def,def,100
5513,2118,0,G.P.,opt,nat,opt_nat,9,0,15,PD,def,def,100
5514,2118,0,G.P.,opt,nat,opt_nat,10,10,5,HG,coop,coop,100
5515,2118,0,G.P.,opt,nat,opt_nat,11,3,8,SH,coop,coop,90
5516,2118,0,G.P.,opt,nat,opt_nat,12,7,12,SG,def,def,100
5517,2118,0,G.P.,opt,nat,opt_nat,13,3,15,PD,def,def,100
5518,2118,0,G.P.,opt,nat,opt_nat,14,3,5,SH,coop,coop,100
5519,2118,0,G.P.,opt,nat,opt_nat,15,7,5,HG,coop,coop,100
5520,2118,1,D.T.,pess,nat,pess_nat,0,3,8,SH,def,coop,100
5521,2118,1,D.T.,pess,nat,pess_nat,1,0,15,PD,def,def,100
5522,2118,1,D.T.,pess,nat,pess_nat,2,7,8,HG,coop,coop,100
5523,2118,1,D.T.,pess,nat,pess_nat,3,7,15,SG,coop,def,100
5524,2118,1,D.T.,pess,nat,pess_nat,4,3,5,SH,def,coop,100
5525,2118,1,D.T.,pess,nat,pess_nat,5,7,5,HG,coop,coop,100
5526,2118,1,D.T.,pess,nat,pess_nat,6,0,12,PD,def,def,100
5527,2118,1,D.T.,pess,nat,pess_nat,7,10,12,SG,coop,def,100
5528,2118,1,D.T.,pess,nat,pess_nat,8,7,12,SG,coop,def,100
5529,2118,1,D.T.,pess,nat,pess_nat,9,3,15,PD,def,def,100
5530,2118,1,D.T.,pess,nat,pess_nat,10,0,8,SH,def,coop,100
5531,2118,1,D.T.,pess,nat,pess_nat,11,10,5,HG,coop,coop,100
5532,2118,1,D.T.,pess,nat,pess_nat,12,10,15,SG,coop,def,100
5533,2118,1,D.T.,pess,nat,pess_nat,13,0,5,SH,def,coop,100
5534,2118,1,D.T.,pess,nat,pess_nat,14,10,8,HG,coop,coop,100
5535,2118,1,D.T.,pess,nat,pess_nat,15,3,12,PD,def,def,100
5536,2118,2,F.A.,pess,inv,pess_inv,0,3,15,PD,coop,def,100
5537,2118,2,F.A.,pess,inv,pess_inv,1,3,5,SH,coop,coop,100
5538,2118,2,F.A.,pess,inv,pess_inv,2,7,12,SG,def,def,100
5539,2118,2,F.A.,pess,inv,pess_inv,3,10,5,HG,def,coop,100
5540,2118,2,F.A.,pess,inv,pess_inv,4,0,15,PD,coop,def,100
5541,2118,2,F.A.,pess,inv,pess_inv,5,0,5,SH,coop,def,100
5542,2118,2,F.A.,pess,inv,pess_inv,6,7,8,HG,def,def,100
5543,2118,2,F.A.,pess,inv,pess_inv,7,7,15,SG,def,def,100
5544,2118,2,F.A.,pess,inv,pess_inv,8,3,12,PD,coop,def,100
5545,2118,2,F.A.,pess,inv,pess_inv,9,10,8,HG,def,coop,100
5546,2118,2,F.A.,pess,inv,pess_inv,10,3,8,SH,coop,coop,100
5547,2118,2,F.A.,pess,inv,pess_inv,11,10,12,SG,def,def,100
5548,2118,2,F.A.,pess,inv,pess_inv,12,10,15,SG,def,def,100
5549,2118,2,F.A.,pess,inv,pess_inv,13,7,5,HG,def,coop,100
5550,2118,2,F.A.,pess,inv,pess_inv,14,0,8,SH,coop,coop,100
5551,2118,2,F.A.,pess,inv,pess_inv,15,0,12,PD,coop,def,100
5552,2118,3,E.B.,opt,inv,opt_inv,0,10,5,HG,def,coop,100
5553,2118,3,E.B.,opt,inv,opt_inv,1,0,15,PD,coop,def,100
5554,2118,3,E.B.,opt,inv,opt_inv,2,7,12,SG,coop,def,100
5555,2118,3,E.B.,opt,inv,opt_inv,3,0,8,SH,def,def,100
5556,2118,3,E.B.,opt,inv,opt_inv,4,0,5,SH,def,coop,100
5557,2118,3,E.B.,opt,inv,opt_inv,5,10,15,SG,coop,def,100
5558,2118,3,E.B.,opt,inv,opt_inv,6,7,5,HG,def,coop,100
5559,2118,3,E.B.,opt,inv,opt_inv,7,0,12,PD,coop,def,100
5560,2118,3,E.B.,opt,inv,opt_inv,8,10,8,HG,def,coop,100
5561,2118,3,E.B.,opt,inv,opt_inv,9,3,15,PD,coop,def,100
5562,2118,3,E.B.,opt,inv,opt_inv,10,3,8,SH,def,coop,100
5563,2118,3,E.B.,opt,inv,opt_inv,11,10,12,SG,coop,def,100
5564,2118,3,E.B.,opt,inv,opt_inv,12,3,12,PD,coop,def,100
5565,2118,3,E.B.,opt,inv,opt_inv,13,7,15,SG,coop,def,100
5566,2118,3,E.B.,opt,inv,opt_inv,14,7,8,HG,def,coop,100
5567,2118,3,E.B.,opt,inv,opt_inv,15,3,5,SH,def,coop,100
5568,2119,0,D.T.,pess,nat,pess_nat,0,3,15,PD,def,def,70
5569,2119,0,D.T.,pess,nat,pess_nat,1,3,5,SH,def,def,60
5570,2119,0,D.T.,pess,nat,pess_nat,2,7,12,SG,coop,def,70
5571,2119,0,D.T.,pess,nat,pess_nat,3,10,5,HG,coop,def,70
5572,2119,0,D.T.,pess,nat,pess_nat,4,0,15,PD,def,def,60
5573,2119,0,D.T.,pess,nat,pess_nat,5,0,5,SH,def,def,50
5574,2119,0,D.T.,pess,nat,pess_nat,6,7,8,HG,coop,def,50
5575,2119,0,D.T.,pess,nat,pess_nat,7,7,15,SG,coop,def,60
5576,2119,0,D.T.,pess,nat,pess_nat,8,3,12,PD,def,def,60
5577,2119,0,D.T.,pess,nat,pess_nat,9,10,8,HG,coop,def,70
5578,2119,0,D.T.,pess,nat,pess_nat,10,3,8,SH,def,def,60
5579,2119,0,D.T.,pess,nat,pess_nat,11,10,12,SG,coop,def,60
5580,2119,0,D.T.,pess,nat,pess_nat,12,10,15,SG,coop,def,70
5581,2119,0,D.T.,pess,nat,pess_nat,13,7,5,HG,coop,def,60
5582,2119,0,D.T.,pess,nat,pess_nat,14,0,8,SH,def,def,60
5583,2119,0,D.T.,pess,nat,pess_nat,15,0,12,PD,def,def,70
5584,2119,1,F.A.,opt,nat,opt_nat,0,0,12,PD,def,def,60
5585,2119,1,F.A.,opt,nat,opt_nat,1,7,5,HG,coop,def,70
5586,2119,1,F.A.,opt,nat,opt_nat,2,10,12,SG,def,def,60
5587,2119,1,F.A.,opt,nat,opt_nat,3,3,5,SH,coop,def,70
5588,2119,1,F.A.,opt,nat,opt_nat,4,0,8,SH,coop,def,60
5589,2119,1,F.A.,opt,nat,opt_nat,5,0,15,PD,def,def,60
5590,2119,1,F.A.,opt,nat,opt_nat,6,10,5,HG,coop,def,60
5591,2119,1,F.A.,opt,nat,opt_nat,7,7,12,SG,def,def,60
5592,2119,1,F.A.,opt,nat,opt_nat,8,3,15,PD,def,def,60
5593,2119,1,F.A.,opt,nat,opt_nat,9,10,15,SG,def,def,60
5594,2119,1,F.A.,opt,nat,opt_nat,10,7,8,HG,coop,def,70
5595,2119,1,F.A.,opt,nat,opt_nat,11,0,5,SH,coop,def,60
5596,2119,1,F.A.,opt,nat,opt_nat,12,10,8,HG,coop,def,70
5597,2119,1,F.A.,opt,nat,opt_nat,13,7,15,SG,def,def,60
5598,2119,1,F.A.,opt,nat,opt_nat,14,3,8,SH,coop,def,70
5599,2119,1,F.A.,opt,nat,opt_nat,15,3,12,PD,def,def,60
5600,2119,2,G.P.,pess,inv,pess_inv,0,0,8,SH,coop,def,60
5601,2119,2,G.P.,pess,inv,pess_inv,1,3,15,PD,coop,def,60
5602,2119,2,G.P.,pess,inv,pess_inv,2,10,12,SG,def,def,60
5603,2119,2,G.P.,pess,inv,pess_inv,3,7,8,HG,def,def,70
5604,2119,2,G.P.,pess,inv,pess_inv,4,10,8,HG,def,def,70
5605,2119,2,G.P.,pess,inv,pess_inv,5,0,15,PD,coop,def,60
5606,2119,2,G.P.,pess,inv,pess_inv,6,3,8,SH,coop,def,70
5607,2119,2,G.P.,pess,inv,pess_inv,7,7,15,SG,def,def,60
5608,2119,2,G.P.,pess,inv,pess_inv,8,0,12,PD,coop,def,60
5609,2119,2,G.P.,pess,inv,pess_inv,9,3,5,SH,coop,def,70
5610,2119,2,G.P.,pess,inv,pess_inv,10,7,12,SG,def,def,60
5611,2119,2,G.P.,pess,inv,pess_inv,11,10,5,HG,def,def,70
5612,2119,2,G.P.,pess,inv,pess_inv,12,0,5,SH,coop,def,70
5613,2119,2,G.P.,pess,inv,pess_inv,13,7,5,HG,def,def,70
5614,2119,2,G.P.,pess,inv,pess_inv,14,3,12,PD,coop,def,60
5615,2119,2,G.P.,pess,inv,pess_inv,15,10,15,SG,def,def,60
5616,2119,3,E.B.,opt,inv,opt_inv,0,7,12,SG,coop,def,60
5617,2119,3,E.B.,opt,inv,opt_inv,1,7,8,HG,def,def,70
5618,2119,3,E.B.,opt,inv,opt_inv,2,0,5,SH,def,def,70
5619,2119,3,E.B.,opt,inv,opt_inv,3,3,15,PD,coop,def,60
5620,2119,3,E.B.,opt,inv,opt_inv,4,0,12,PD,coop,def,60
5621,2119,3,E.B.,opt,inv,opt_inv,5,0,8,SH,def,def,60
5622,2119,3,E.B.,opt,inv,opt_inv,6,10,12,SG,coop,def,60
5623,2119,3,E.B.,opt,inv,opt_inv,7,10,5,HG,def,def,60
5624,2119,3,E.B.,opt,inv,opt_inv,8,10,8,HG,def,def,70
5625,2119,3,E.B.,opt,inv,opt_inv,9,10,15,SG,coop,def,60
5626,2119,3,E.B.,opt,inv,opt_inv,10,3,8,SH,def,def,70
5627,2119,3,E.B.,opt,inv,opt_inv,11,3,12,PD,coop,def,60
5628,2119,3,E.B.,opt,inv,opt_inv,12,7,15,SG,coop,def,60
5629,2119,3,E.B.,opt,inv,opt_inv,13,7,5,HG,def,def,60
5630,2119,3,E.B.,opt,inv,opt_inv,14,3,5,SH,def,def,60
5631,2119,3,E.B.,opt,inv,opt_inv,15,0,15,PD,coop,def,60
5632,2123,0,D.T.,opt,nat,opt_nat,0,7,15,SG,def,def,80
5633,2123,0,D.T.,opt,nat,opt_nat,1,3,15,PD,def,def,80
5634,2123,0,D.T.,opt,nat,opt_nat,2,3,8,SH,coop,def,80
5635,2123,0,D.T.,opt,nat,opt_nat,3,7,5,HG,coop,coop,80
5636,2123,0,D.T.,opt,nat,opt_nat,4,10,15,SG,def,coop,80
5637,2123,0,D.T.,opt,nat,opt_nat,5,7,8,HG,coop,def,80
5638,2123,0,D.T.,opt,nat,opt_nat,6,0,5,SH,coop,def,80
5639,2123,0,D.T.,opt,nat,opt_nat,7,0,12,PD,def,def,80
5640,2123,0,D.T.,opt,nat,opt_nat,8,3,12,PD,def,def,80
5641,2123,0,D.T.,opt,nat,opt_nat,9,7,12,SG,def,def,80
5642,2123,0,D.T.,opt,nat,opt_nat,10,10,8,HG,coop,coop,80
5643,2123,0,D.T.,opt,nat,opt_nat,11,3,5,SH,coop,coop,80
5644,2123,0,D.T.,opt,nat,opt_nat,12,10,12,SG,def,def,80
5645,2123,0,D.T.,opt,nat,opt_nat,13,0,15,PD,def,def,80
5646,2123,0,D.T.,opt,nat,opt_nat,14,10,5,HG,coop,coop,80
5647,2123,0,D.T.,opt,nat,opt_nat,15,0,8,SH,coop,def,80
5648,2123,1,E.B.,pess,nat,pess_nat,0,0,8,SH,def,coop,80
5649,2123,1,E.B.,pess,nat,pess_nat,1,7,5,HG,coop,coop,80
5650,2123,1,E.B.,pess,nat,pess_nat,2,10,15,SG,coop,coop,80
5651,2123,1,E.B.,pess,nat,pess_nat,3,3,12,PD,def,def,80
5652,2123,1,E.B.,pess,nat,pess_nat,4,7,15,SG,coop,def,80
5653,2123,1,E.B.,pess,nat,pess_nat,5,7,8,HG,coop,coop,80
5654,2123,1,E.B.,pess,nat,pess_nat,6,3,5,SH,def,coop,80
5655,2123,1,E.B.,pess,nat,pess_nat,7,3,15,PD,def,def,80
5656,2123,1,E.B.,pess,nat,pess_nat,8,0,15,PD,def,def,80
5657,2123,1,E.B.,pess,nat,pess_nat,9,10,8,HG,coop,coop,80
5658,2123,1,E.B.,pess,nat,pess_nat,10,10,12,SG,coop,coop,80
5659,2123,1,E.B.,pess,nat,pess_nat,11,0,5,SH,def,def,80
5660,2123,1,E.B.,pess,nat,pess_nat,12,0,12,PD,def,def,80
5661,2123,1,E.B.,pess,nat,pess_nat,13,3,8,SH,def,def,80
5662,2123,1,E.B.,pess,nat,pess_nat,14,10,5,HG,coop,coop,80
5663,2123,1,E.B.,pess,nat,pess_nat,15,7,12,SG,coop,def,80
5664,2123,2,G.P.,pess,inv,pess_inv,0,10,5,HG,def,coop,80
5665,2123,2,G.P.,pess,inv,pess_inv,1,3,5,SH,coop,def,80
5666,2123,2,G.P.,pess,inv,pess_inv,2,0,15,PD,coop,def,80
5667,2123,2,G.P.,pess,inv,pess_inv,3,7,12,SG,def,def,80
5668,2123,2,G.P.,pess,inv,pess_inv,4,10,15,SG,def,def,80
5669,2123,2,G.P.,pess,inv,pess_inv,5,10,8,HG,def,coop,80
5670,2123,2,G.P.,pess,inv,pess_inv,6,0,12,PD,coop,def,80
5671,2123,2,G.P.,pess,inv,pess_inv,7,0,5,SH,coop,coop,80
5672,2123,2,G.P.,pess,inv,pess_inv,8,7,15,SG,def,def,80
5673,2123,2,G.P.,pess,inv,pess_inv,9,0,8,SH,coop,coop,80
5674,2123,2,G.P.,pess,inv,pess_inv,10,3,15,PD,coop,def,80
5675,2123,2,G.P.,pess,inv,pess_inv,11,7,5,HG,def,coop,80
5676,2123,2,G.P.,pess,inv,pess_inv,12,3,12,PD,coop,def,80
5677,2123,2,G.P.,pess,inv,pess_inv,13,10,12,SG,def,coop,80
5678,2123,2,G.P.,pess,inv,pess_inv,14,3,8,SH,coop,coop,80
5679,2123,2,G.P.,pess,inv,pess_inv,15,7,8,HG,def,coop,80
5680,2123,3,F.A.,opt,inv,opt_inv,0,0,12,PD,coop,def,80
5681,2123,3,F.A.,opt,inv,opt_inv,1,7,5,HG,def,coop,80
5682,2123,3,F.A.,opt,inv,opt_inv,2,10,12,SG,coop,coop,80
5683,2123,3,F.A.,opt,inv,opt_inv,3,3,5,SH,def,coop,80
5684,2123,3,F.A.,opt,inv,opt_inv,4,0,8,SH,def,def,80
5685,2123,3,F.A.,opt,inv,opt_inv,5,0,15,PD,coop,def,80
5686,2123,3,F.A.,opt,inv,opt_inv,6,10,5,HG,def,coop,80
5687,2123,3,F.A.,opt,inv,opt_inv,7,7,12,SG,coop,def,80
5688,2123,3,F.A.,opt,inv,opt_inv,8,3,15,PD,coop,def,80
5689,2123,3,F.A.,opt,inv,opt_inv,9,10,15,SG,coop,coop,80
5690,2123,3,F.A.,opt,inv,opt_inv,10,7,8,HG,def,coop,80
5691,2123,3,F.A.,opt,inv,opt_inv,11,0,5,SH,def,coop,80
5692,2123,3,F.A.,opt,inv,opt_inv,12,10,8,HG,def,coop,80
5693,2123,3,F.A.,opt,inv,opt_inv,13,7,15,SG,coop,def,80
5694,2123,3,F.A.,opt,inv,opt_inv,14,3,8,SH,def,coop,80
5695,2123,3,F.A.,opt,inv,opt_inv,15,3,12,PD,coop,def,80
5696,2124,0,D.T.,pess,nat,pess_nat,0,7,5,HG,coop,def,30
5697,2124,0,D.T.,pess,nat,pess_nat,1,3,5,SH,def,def,60
5698,2124,0,D.T.,pess,nat,pess_nat,2,7,12,SG,coop,coop,70
5699,2124,0,D.T.,pess,nat,pess_nat,3,3,15,PD,def,coop,80
5700,2124,0,D.T.,pess,nat,pess_nat,4,0,5,SH,def,def,60
5701,2124,0,D.T.,pess,nat,pess_nat,5,0,15,PD,def,coop,70
5702,2124,0,D.T.,pess,nat,pess_nat,6,7,15,SG,coop,def,70
5703,2124,0,D.T.,pess,nat,pess_nat,7,10,8,HG,coop,coop,80
5704,2124,0,D.T.,pess,nat,pess_nat,8,10,12,SG,coop,coop,80
5705,2124,0,D.T.,pess,nat,pess_nat,9,3,8,SH,def,def,80
5706,2124,0,D.T.,pess,nat,pess_nat,10,10,5,HG,coop,def,80
5707,2124,0,D.T.,pess,nat,pess_nat,11,3,12,PD,def,def,80
5708,2124,0,D.T.,pess,nat,pess_nat,12,10,15,SG,coop,coop,80
5709,2124,0,D.T.,pess,nat,pess_nat,13,0,12,PD,def,coop,80
5710,2124,0,D.T.,pess,nat,pess_nat,14,0,8,SH,def,def,80
5711,2124,0,D.T.,pess,nat,pess_nat,15,7,8,HG,coop,coop,80
5712,2124,1,F.A.,opt,nat,opt_nat,0,0,5,SH,coop,def,70
5713,2124,1,F.A.,opt,nat,opt_nat,1,10,5,HG,coop,coop,70
5714,2124,1,F.A.,opt,nat,opt_nat,2,3,15,PD,def,def,70
5715,2124,1,F.A.,opt,nat,opt_nat,3,7,12,SG,def,def,70
5716,2124,1,F.A.,opt,nat,opt_nat,4,10,8,HG,coop,def,70
5717,2124,1,F.A.,opt,nat,opt_nat,5,0,15,PD,def,def,70
5718,2124,1,F.A.,opt,nat,opt_nat,6,3,5,SH,coop,coop,70
5719,2124,1,F.A.,opt,nat,opt_nat,7,7,15,SG,def,coop,70
5720,2124,1,F.A.,opt,nat,opt_nat,8,3,12,PD,def,def,70
5721,2124,1,F.A.,opt,nat,opt_nat,9,10,12,SG,def,coop,70
5722,2124,1,F.A.,opt,nat,opt_nat,10,7,8,HG,coop,coop,70
5723,2124,1,F.A.,opt,nat,opt_nat,11,3,8,SH,coop,def,70
5724,2124,1,F.A.,opt,nat,opt_nat,12,0,12,PD,def,def,70
5725,2124,1,F.A.,opt,nat,opt_nat,13,0,8,SH,coop,def,70
5726,2124,1,F.A.,opt,nat,opt_nat,14,10,15,SG,def,coop,70
5727,2124,1,F.A.,opt,nat,opt_nat,15,7,5,HG,coop,coop,70
5728,2124,2,E.B.,opt,inv,opt_inv,0,7,15,SG,coop,def,70
5729,2124,2,E.B.,opt,inv,opt_inv,1,7,5,HG,def,coop,70
5730,2124,2,E.B.,opt,inv,opt_inv,2,3,8,SH,def,def,70
5731,2124,2,E.B.,opt,inv,opt_inv,3,0,12,PD,coop,def,70
5732,2124,2,E.B.,opt,inv,opt_inv,4,7,8,HG,def,coop,70
5733,2124,2,E.B.,opt,inv,opt_inv,5,0,8,SH,def,def,70
5734,2124,2,E.B.,opt,inv,opt_inv,6,10,15,SG,coop,coop,70
5735,2124,2,E.B.,opt,inv,opt_inv,7,0,15,PD,coop,def,70
5736,2124,2,E.B.,opt,inv,opt_inv,8,10,5,HG,def,coop,70
5737,2124,2,E.B.,opt,inv,opt_inv,9,3,5,SH,def,coop,70
5738,2124,2,E.B.,opt,inv,opt_inv,10,3,15,PD,coop,def,70
5739,2124,2,E.B.,opt,inv,opt_inv,11,10,12,SG,coop,coop,70
5740,2124,2,E.B.,opt,inv,opt_inv,12,0,5,SH,def,def,70
5741,2124,2,E.B.,opt,inv,opt_inv,13,3,12,PD,coop,def,70
5742,2124,2,E.B.,opt,inv,opt_inv,14,7,12,SG,coop,def,70
5743,2124,2,E.B.,opt,inv,opt_inv,15,10,8,HG,def,coop,70
5744,2124,3,G.P.,pess,inv,pess_inv,0,10,5,HG,def,coop,70
5745,2124,3,G.P.,pess,inv,pess_inv,1,0,15,PD,coop,def,70
5746,2124,3,G.P.,pess,inv,pess_inv,2,7,12,SG,def,def,70
5747,2124,3,G.P.,pess,inv,pess_inv,3,0,8,SH,coop,def,70
5748,2124,3,G.P.,pess,inv,pess_inv,4,0,5,SH,coop,coop,70
5749,2124,3,G.P.,pess,inv,pess_inv,5,10,15,SG,def,def,70
5750,2124,3,G.P.,pess,inv,pess_inv,6,7,5,HG,def,coop,70
5751,2124,3,G.P.,pess,inv,pess_inv,7,0,12,PD,coop,def,70
5752,2124,3,G.P.,pess,inv,pess_inv,8,10,8,HG,def,coop,70
5753,2124,3,G.P.,pess,inv,pess_inv,9,3,15,PD,coop,def,70
5754,2124,3,G.P.,pess,inv,pess_inv,10,3,8,SH,coop,def,70
5755,2124,3,G.P.,pess,inv,pess_inv,11,10,12,SG,def,def,70
5756,2124,3,G.P.,pess,inv,pess_inv,12,3,12,PD,coop,def,70
5757,2124,3,G.P.,pess,inv,pess_inv,13,7,15,SG,def,def,70
5758,2124,3,G.P.,pess,inv,pess_inv,14,7,8,HG,def,def,70
5759,2124,3,G.P.,pess,inv,pess_inv,15,3,5,SH,coop,coop,70
5760,2125,0,F.A.,opt,nat,opt_nat,0,0,8,SH,coop,coop,100
5761,2125,0,F.A.,opt,nat,opt_nat,1,3,15,PD,def,coop,70
5762,2125,0,F.A.,opt,nat,opt_nat,2,10,12,SG,def,coop,80
5763,2125,0,F.A.,opt,nat,opt_nat,3,7,8,HG,coop,coop,100
5764,2125,0,F.A.,opt,nat,opt_nat,4,10,8,HG,coop,coop,100
5765,2125,0,F.A.,opt,nat,opt_nat,5,0,15,PD,def,def,100
5766,2125,0,F.A.,opt,nat,opt_nat,6,3,8,SH,coop,def,100
5767,2125,0,F.A.,opt,nat,opt_nat,7,7,15,SG,def,def,100
5768,2125,0,F.A.,opt,nat,opt_nat,8,0,12,PD,def,def,100
5769,2125,0,F.A.,opt,nat,opt_nat,9,3,5,SH,coop,def,80
5770,2125,0,F.A.,opt,nat,opt_nat,10,7,12,SG,def,coop,100
5771,2125,0,F.A.,opt,nat,opt_nat,11,10,5,HG,coop,coop,100
5772,2125,0,F.A.,opt,nat,opt_nat,12,0,5,SH,coop,def,100
5773,2125,0,F.A.,opt,nat,opt_nat,13,7,5,HG,coop,coop,100
5774,2125,0,F.A.,opt,nat,opt_nat,14,3,12,PD,def,def,100
5775,2125,0,F.A.,opt,nat,opt_nat,15,10,15,SG,def,def,100
5776,2125,1,D.T.,pess,nat,pess_nat,0,3,12,PD,def,def,100
5777,2125,1,D.T.,pess,nat,pess_nat,1,7,8,HG,coop,def,90
5778,2125,1,D.T.,pess,nat,pess_nat,2,3,8,SH,def,def,90
5779,2125,1,D.T.,pess,nat,pess_nat,3,7,12,SG,coop,coop,70
5780,2125,1,D.T.,pess,nat,pess_nat,4,0,15,PD,def,def,100
5781,2125,1,D.T.,pess,nat,pess_nat,5,0,8,SH,def,coop,80
5782,2125,1,D.T.,pess,nat,pess_nat,6,7,15,SG,coop,def,100
5783,2125,1,D.T.,pess,nat,pess_nat,7,7,5,HG,coop,coop,80
5784,2125,1,D.T.,pess,nat,pess_nat,8,3,15,PD,def,def,90
5785,2125,1,D.T.,pess,nat,pess_nat,9,0,5,SH,def,coop,70
5786,2125,1,D.T.,pess,nat,pess_nat,10,10,5,HG,coop,coop,70
5787,2125,1,D.T.,pess,nat,pess_nat,11,10,15,SG,coop,coop,70
5788,2125,1,D.T.,pess,nat,pess_nat,12,10,12,SG,coop,coop,70
5789,2125,1,D.T.,pess,nat,pess_nat,13,0,12,PD,def,coop,70
5790,2125,1,D.T.,pess,nat,pess_nat,14,3,5,SH,def,coop,70
5791,2125,1,D.T.,pess,nat,pess_nat,15,10,8,HG,coop,coop,80
5792,2125,2,E.B.,opt,inv,opt_inv,0,10,5,HG,def,coop,80
5793,2125,2,E.B.,opt,inv,opt_inv,1,3,5,SH,def,coop,80
5794,2125,2,E.B.,opt,inv,opt_inv,2,0,15,PD,coop,coop,80
5795,2125,2,E.B.,opt,inv,opt_inv,3,7,12,SG,coop,coop,80
5796,2125,2,E.B.,opt,inv,opt_inv,4,10,15,SG,coop,coop,80
5797,2125,2,E.B.,opt,inv,opt_inv,5,10,8,HG,def,coop,80
5798,2125,2,E.B.,opt,inv,opt_inv,6,0,12,PD,coop,coop,80
5799,2125,2,E.B.,opt,inv,opt_inv,7,0,5,SH,def,coop,80
5800,2125,2,E.B.,opt,inv,opt_inv,8,7,15,SG,coop,coop,80
5801,2125,2,E.B.,opt,inv,opt_inv,9,0,8,SH,def,coop,80
5802,2125,2,E.B.,opt,inv,opt_inv,10,3,15,PD,coop,coop,80
5803,2125,2,E.B.,opt,inv,opt_inv,11,7,5,HG,def,coop,80
5804,2125,2,E.B.,opt,inv,opt_inv,12,3,12,PD,coop,coop,80
5805,2125,2,E.B.,opt,inv,opt_inv,13,10,12,SG,coop,coop,80
5806,2125,2,E.B.,opt,inv,opt_inv,14,3,8,SH,def,coop,80
5807,2125,2,E.B.,opt,inv,opt_inv,15,7,8,HG,def,coop,80
5808,2125,3,G.P.,pess,inv,pess_inv,0,10,8,HG,def,coop,80
5809,2125,3,G.P.,pess,inv,pess_inv,1,3,5,SH,coop,coop,80
5810,2125,3,G.P.,pess,inv,pess_inv,2,7,12,SG,def,coop,80
5811,2125,3,G.P.,pess,inv,pess_inv,3,3,12,PD,coop,coop,80
5812,2125,3,G.P.,pess,inv,pess_inv,4,7,5,HG,def,coop,80
5813,2125,3,G.P.,pess,inv,pess_inv,5,10,15,SG,def,coop,80
5814,2125,3,G.P.,pess,inv,pess_inv,6,0,12,PD,coop,coop,80
5815,2125,3,G.P.,pess,inv,pess_inv,7,0,5,SH,coop,coop,80
5816,2125,3,G.P.,pess,inv,pess_inv,8,10,5,HG,def,coop,80
5817,2125,3,G.P.,pess,inv,pess_inv,9,3,8,SH,coop,coop,80
5818,2125,3,G.P.,pess,inv,pess_inv,10,7,15,SG,def,coop,80
5819,2125,3,G.P.,pess,inv,pess_inv,11,3,15,PD,coop,coop,80
5820,2125,3,G.P.,pess,inv,pess_inv,12,0,15,PD,coop,coop,80
5821,2125,3,G.P.,pess,inv,pess_inv,13,0,8,SH,coop,coop,80
5822,2125,3,G.P.,pess,inv,pess_inv,14,10,12,SG,def,coop,80
5823,2125,3,G.P.,pess,inv,pess_inv,15,7,8,HG,def,coop,80
5824,2126,0,E.B.,opt,nat,opt_nat,0,0,5,SH,coop,coop,100
5825,2126,0,E.B.,opt,nat,opt_nat,1,10,5,HG,coop,coop,100
5826,2126,0,E.B.,opt,nat,opt_nat,2,3,15,PD,def,coop,100
5827,2126,0,E.B.,opt,nat,opt_nat,3,7,12,SG,def,coop,100
5828,2126,0,E.B.,opt,nat,opt_nat,4,10,8,HG,coop,coop,100
5829,2126,0,E.B.,opt,nat,opt_nat,5,0,15,PD,def,coop,100
5830,2126,0,E.B.,opt,nat,opt_nat,6,3,5,SH,coop,coop,100
5831,2126,0,E.B.,opt,nat,opt_nat,7,7,15,SG,def,coop,100
5832,2126,0,E.B.,opt,nat,opt_nat,8,3,12,PD,def,coop,100
5833,2126,0,E.B.,opt,nat,opt_nat,9,10,12,SG,def,coop,100
5834,2126,0,E.B.,opt,nat,opt_nat,10,7,8,HG,coop,coop,100
5835,2126,0,E.B.,opt,nat,opt_nat,11,3,8,SH,coop,coop,100
5836,2126,0,E.B.,opt,nat,opt_nat,12,0,12,PD,def,coop,100
5837,2126,0,E.B.,opt,nat,opt_nat,13,0,8,SH,coop,coop,100
5838,2126,0,E.B.,opt,nat,opt_nat,14,10,15,SG,def,coop,100
5839,2126,0,E.B.,opt,nat,opt_nat,15,7,5,HG,coop,coop,100
5840,2126,1,G.P.,pess,nat,pess_nat,0,7,12,SG,coop,coop,100
5841,2126,1,G.P.,pess,nat,pess_nat,1,7,8,HG,coop,coop,100
5842,2126,1,G.P.,pess,nat,pess_nat,2,0,5,SH,def,coop,100
5843,2126,1,G.P.,pess,nat,pess_nat,3,3,15,PD,def,coop,100
5844,2126,1,G.P.,pess,nat,pess_nat,4,0,12,PD,def,coop,100
5845,2126,1,G.P.,pess,nat,pess_nat,5,0,8,SH,def,coop,100
5846,2126,1,G.P.,pess,nat,pess_nat,6,10,12,SG,coop,coop,100
5847,2126,1,G.P.,pess,nat,pess_nat,7,10,5,HG,coop,coop,100
5848,2126,1,G.P.,pess,nat,pess_nat,8,10,8,HG,coop,coop,100
5849,2126,1,G.P.,pess,nat,pess_nat,9,10,15,SG,coop,coop,100
5850,2126,1,G.P.,pess,nat,pess_nat,10,3,8,SH,def,coop,100
5851,2126,1,G.P.,pess,nat,pess_nat,11,3,12,PD,def,coop,100
5852,2126,1,G.P.,pess,nat,pess_nat,12,7,15,SG,coop,coop,100
5853,2126,1,G.P.,pess,nat,pess_nat,13,7,5,HG,coop,coop,100
5854,2126,1,G.P.,pess,nat,pess_nat,14,3,5,SH,def,coop,100
5855,2126,1,G.P.,pess,nat,pess_nat,15,0,15,PD,def,coop,100
5856,2126,2,D.T.,pess,inv,pess_inv,0,3,5,SH,coop,coop,100
5857,2126,2,D.T.,pess,inv,pess_inv,1,0,15,PD,coop,coop,100
5858,2126,2,D.T.,pess,inv,pess_inv,2,7,8,HG,def,coop,100
5859,2126,2,D.T.,pess,inv,pess_inv,3,10,12,SG,def,coop,100
5860,2126,2,D.T.,pess,inv,pess_inv,4,7,12,SG,def,coop,100
5861,2126,2,D.T.,pess,inv,pess_inv,5,10,8,HG,def,coop,100
5862,2126,2,D.T.,pess,inv,pess_inv,6,0,5,SH,coop,coop,100
5863,2126,2,D.T.,pess,inv,pess_inv,7,0,12,PD,coop,coop,100
5864,2126,2,D.T.,pess,inv,pess_inv,8,7,5,HG,def,coop,100
5865,2126,2,D.T.,pess,inv,pess_inv,9,3,8,SH,coop,coop,100
5866,2126,2,D.T.,pess,inv,pess_inv,10,3,12,PD,coop,coop,100
5867,2126,2,D.T.,pess,inv,pess_inv,11,7,15,SG,def,coop,100
5868,2126,2,D.T.,pess,inv,pess_inv,12,3,15,PD,coop,coop,100
5869,2126,2,D.T.,pess,inv,pess_inv,13,10,5,HG,def,coop,100
5870,2126,2,D.T.,pess,inv,pess_inv,14,10,15,SG,def,coop,100
5871,2126,2,D.T.,pess,inv,pess_inv,15,0,8,SH,coop,coop,100
5872,2126,3,F.A.,opt,inv,opt_inv,0,7,15,SG,coop,coop,100
5873,2126,3,F.A.,opt,inv,opt_inv,1,7,5,HG,def,coop,100
5874,2126,3,F.A.,opt,inv,opt_inv,2,3,8,SH,def,coop,100
5875,2126,3,F.A.,opt,inv,opt_inv,3,0,12,PD,coop,coop,100
5876,2126,3,F.A.,opt,inv,opt_inv,4,7,8,HG,def,coop,100
5877,2126,3,F.A.,opt,inv,opt_inv,5,0,8,SH,def,coop,100
5878,2126,3,F.A.,opt,inv,opt_inv,6,10,15,SG,coop,coop,100
5879,2126,3,F.A.,opt,inv,opt_inv,7,0,15,PD,coop,coop,100
5880,2126,3,F.A.,opt,inv,opt_inv,8,10,5,HG,def,coop,100
5881,2126,3,F.A.,opt,inv,opt_inv,9,3,5,SH,def,coop,100
5882,2126,3,F.A.,opt,inv,opt_inv,10,3,15,PD,coop,coop,100
5883,2126,3,F.A.,opt,inv,opt_inv,11,10,12,SG,coop,coop,100
5884,2126,3,F.A.,opt,inv,opt_inv,12,0,5,SH,def,coop,100
5885,2126,3,F.A.,opt,inv,opt_inv,13,3,12,PD,coop,coop,100
5886,2126,3,F.A.,opt,inv,opt_inv,14,7,12,SG,coop,coop,100
5887,2126,3,F.A.,opt,inv,opt_inv,15,10,8,HG,def,coop,100
5888,2128,0,E.B.,pess,nat,pess_nat,0,3,12,PD,def,coop,80
5889,2128,0,E.B.,pess,nat,pess_nat,1,7,8,HG,coop,coop,90
5890,2128,0,E.B.,pess,nat,pess_nat,2,3,8,SH,def,def,80
5891,2128,0,E.B.,pess,nat,pess_nat,3,7,12,SG,coop,def,80
5892,2128,0,E.B.,pess,nat,pess_nat,4,0,15,PD,def,def,90
5893,2128,0,E.B.,pess,nat,pess_nat,5,0,8,SH,def,def,90
5894,2128,0,E.B.,pess,nat,pess_nat,6,7,15,SG,coop,def,90
5895,2128,0,E.B.,pess,nat,pess_nat,7,7,5,HG,coop,coop,90
5896,2128,0,E.B.,pess,nat,pess_nat,8,3,15,PD,def,def,90
5897,2128,0,E.B.,pess,nat,pess_nat,9,0,5,SH,def,def,90
5898,2128,0,E.B.,pess,nat,pess_nat,10,10,5,HG,coop,coop,90
5899,2128,0,E.B.,pess,nat,pess_nat,11,10,15,SG,coop,def,90
5900,2128,0,E.B.,pess,nat,pess_nat,12,10,12,SG,coop,def,90
5901,2128,0,E.B.,pess,nat,pess_nat,13,0,12,PD,def,def,90
5902,2128,0,E.B.,pess,nat,pess_nat,14,3,5,SH,def,def,90
5903,2128,0,E.B.,pess,nat,pess_nat,15,10,8,HG,coop,coop,90
5904,2128,1,G.P.,opt,nat,opt_nat,0,3,15,PD,def,def,90
5905,2128,1,G.P.,opt,nat,opt_nat,1,3,5,SH,coop,def,90
5906,2128,1,G.P.,opt,nat,opt_nat,2,7,12,SG,def,def,90
5907,2128,1,G.P.,opt,nat,opt_nat,3,10,5,HG,coop,coop,90
5908,2128,1,G.P.,opt,nat,opt_nat,4,0,15,PD,def,def,90
5909,2128,1,G.P.,opt,nat,opt_nat,5,0,5,SH,coop,def,90
5910,2128,1,G.P.,opt,nat,opt_nat,6,7,8,HG,coop,coop,90
5911,2128,1,G.P.,opt,nat,opt_nat,7,7,15,SG,def,def,90
5912,2128,1,G.P.,opt,nat,opt_nat,8,3,12,PD,def,def,90
5913,2128,1,G.P.,opt,nat,opt_nat,9,10,8,HG,coop,coop,90
5914,2128,1,G.P.,opt,nat,opt_nat,10,3,8,SH,coop,def,90
5915,2128,1,G.P.,opt,nat,opt_nat,11,10,12,SG,def,def,90
5916,2128,1,G.P.,opt,nat,opt_nat,12,10,15,SG,def,def,90
5917,2128,1,G.P.,opt,nat,opt_nat,13,7,5,HG,coop,coop,90
5918,2128,1,G.P.,opt,nat,opt_nat,14,0,8,SH,coop,def,90
5919,2128,1,G.P.,opt,nat,opt_nat,15,0,12,PD,def,def,90
5920,2128,2,F.A.,pess,inv,pess_inv,0,7,12,SG,def,def,90
5921,2128,2,F.A.,pess,inv,pess_inv,1,7,8,HG,def,coop,90
5922,2128,2,F.A.,pess,inv,pess_inv,2,0,5,SH,coop,def,90
5923,2128,2,F.A.,pess,inv,pess_inv,3,3,15,PD,coop,def,90
5924,2128,2,F.A.,pess,inv,pess_inv,4,0,12,PD,coop,def,90
5925,2128,2,F.A.,pess,inv,pess_inv,5,0,8,SH,coop,def,90
5926,2128,2,F.A.,pess,inv,pess_inv,6,10,12,SG,def,def,90
5927,2128,2,F.A.,pess,inv,pess_inv,7,10,5,HG,def,coop,90
5928,2128,2,F.A.,pess,inv,pess_inv,8,10,8,HG,def,coop,90
5929,2128,2,F.A.,pess,inv,pess_inv,9,10,15,SG,def,def,90
5930,2128,2,F.A.,pess,inv,pess_inv,10,3,8,SH,coop,def,90
5931,2128,2,F.A.,pess,inv,pess_inv,11,3,12,PD,coop,def,90
5932,2128,2,F.A.,pess,inv,pess_inv,12,7,15,SG,def,def,90
5933,2128,2,F.A.,pess,inv,pess_inv,13,7,5,HG,def,coop,90
5934,2128,2,F.A.,pess,inv,pess_inv,14,3,5,SH,coop,def,90
5935,2128,2,F.A.,pess,inv,pess_inv,15,0,15,PD,coop,def,90
5936,2128,3,D.T.,opt,inv,opt_inv,0,7,15,SG,coop,def,90
5937,2128,3,D.T.,opt,inv,opt_inv,1,0,12,PD,coop,def,90
5938,2128,3,D.T.,opt,inv,opt_inv,2,3,5,SH,def,def,90
5939,2128,3,D.T.,opt,inv,opt_inv,3,7,5,HG,def,coop,90
5940,2128,3,D.T.,opt,inv,opt_inv,4,3,12,PD,coop,def,90
5941,2128,3,D.T.,opt,inv,opt_inv,5,7,8,HG,def,coop,90
5942,2128,3,D.T.,opt,inv,opt_inv,6,0,8,SH,def,def,90
5943,2128,3,D.T.,opt,inv,opt_inv,7,10,15,SG,coop,def,90
5944,2128,3,D.T.,opt,inv,opt_inv,8,10,12,SG,coop,def,90
5945,2128,3,D.T.,opt,inv,opt_inv,9,0,15,PD,coop,def,90
5946,2128,3,D.T.,opt,inv,opt_inv,10,0,5,SH,def,def,90
5947,2128,3,D.T.,opt,inv,opt_inv,11,10,8,HG,def,coop,90
5948,2128,3,D.T.,opt,inv,opt_inv,12,7,12,SG,coop,def,90
5949,2128,3,D.T.,opt,inv,opt_inv,13,3,8,SH,def,def,90
5950,2128,3,D.T.,opt,inv,opt_inv,14,3,15,PD,coop,def,90
5951,2128,3,D.T.,opt,inv,opt_inv,15,10,5,HG,def,coop,90
5952,2129,0,E.B.,opt,nat,opt_nat,0,10,8,HG,coop,coop,100
5953,2129,0,E.B.,opt,nat,opt_nat,1,7,12,SG,def,coop,100
5954,2129,0,E.B.,opt,nat,opt_nat,2,0,12,PD,def,coop,100
5955,2129,0,E.B.,opt,nat,opt_nat,3,0,8,SH,coop,coop,100
5956,2129,0,E.B.,opt,nat,opt_nat,4,3,8,SH,coop,coop,100
5957,2129,0,E.B.,opt,nat,opt_nat,5,3,15,PD,def,coop,100
5958,2129,0,E.B.,opt,nat,opt_nat,6,10,15,SG,def,coop,100
5959,2129,0,E.B.,opt,nat,opt_nat,7,10,5,HG,coop,coop,100
5960,2129,0,E.B.,opt,nat,opt_nat,8,3,12,PD,def,coop,100
5961,2129,0,E.B.,opt,nat,opt_nat,9,7,8,HG,coop,coop,100
5962,2129,0,E.B.,opt,nat,opt_nat,10,10,12,SG,def,coop,100
5963,2129,0,E.B.,opt,nat,opt_nat,11,0,5,SH,coop,coop,100
5964,2129,0,E.B.,opt,nat,opt_nat,12,0,15,PD,def,coop,100
5965,2129,0,E.B.,opt,nat,opt_nat,13,7,15,SG,def,coop,100
5966,2129,0,E.B.,opt,nat,opt_nat,14,7,5,HG,coop,coop,100
5967,2129,0,E.B.,opt,nat,opt_nat,15,3,5,SH,coop,coop,100
5968,2129,1,G.P.,pess,nat,pess_nat,0,10,12,SG,coop,def,100
5969,2129,1,G.P.,pess,nat,pess_nat,1,0,12,PD,def,coop,100
5970,2129,1,G.P.,pess,nat,pess_nat,2,3,5,SH,def,coop,100
5971,2129,1,G.P.,pess,nat,pess_nat,3,7,8,HG,coop,coop,100
5972,2129,1,G.P.,pess,nat,pess_nat,4,10,5,HG,coop,coop,100
5973,2129,1,G.P.,pess,nat,pess_nat,5,3,12,PD,def,coop,100
5974,2129,1,G.P.,pess,nat,pess_nat,6,3,8,SH,def,coop,100
5975,2129,1,G.P.,pess,nat,pess_nat,7,10,15,SG,coop,coop,100
5976,2129,1,G.P.,pess,nat,pess_nat,8,0,15,PD,def,coop,100
5977,2129,1,G.P.,pess,nat,pess_nat,9,7,12,SG,coop,coop,100
5978,2129,1,G.P.,pess,nat,pess_nat,10,0,5,SH,def,coop,100
5979,2129,1,G.P.,pess,nat,pess_nat,11,7,5,HG,coop,coop,100
5980,2129,1,G.P.,pess,nat,pess_nat,12,10,8,HG,coop,coop,100
5981,2129,1,G.P.,pess,nat,pess_nat,13,0,8,SH,def,coop,100
5982,2129,1,G.P.,pess,nat,pess_nat,14,7,15,SG,coop,coop,100
5983,2129,1,G.P.,pess,nat,pess_nat,15,3,15,PD,def,coop,100
5984,2129,2,F.A.,opt,inv,opt_inv,0,3,8,SH,def,coop,100
5985,2129,2,F.A.,opt,inv,opt_inv,1,0,15,PD,coop,coop,100
5986,2129,2,F.A.,opt,inv,opt_inv,2,7,8,HG,def,coop,100
5987,2129,2,F.A.,opt,inv,opt_inv,3,7,15,SG,coop,coop,100
5988,2129,2,F.A.,opt,inv,opt_inv,4,3,5,SH,def,coop,100
5989,2129,2,F.A.,opt,inv,opt_inv,5,7,5,HG,def,coop,100
5990,2129,2,F.A.,opt,inv,opt_inv,6,0,12,PD,coop,coop,100
5991,2129,2,F.A.,opt,inv,opt_inv,7,10,12,SG,coop,coop,100
5992,2129,2,F.A.,opt,inv,opt_inv,8,7,12,SG,coop,coop,100
5993,2129,2,F.A.,opt,inv,opt_inv,9,3,15,PD,coop,coop,100
5994,2129,2,F.A.,opt,inv,opt_inv,10,0,8,SH,def,coop,100
5995,2129,2,F.A.,opt,inv,opt_inv,11,10,5,HG,def,coop,100
5996,2129,2,F.A.,opt,inv,opt_inv,12,10,15,SG,coop,coop,100
5997,2129,2,F.A.,opt,inv,opt_inv,13,0,5,SH,def,coop,100
5998,2129,2,F.A.,opt,inv,opt_inv,14,10,8,HG,def,coop,100
5999,2129,2,F.A.,opt,inv,opt_inv,15,3,12,PD,coop,coop,100
6000,2129,3,D.T.,pess,inv,pess_inv,0,3,5,SH,coop,coop,100
6001,2129,3,D.T.,pess,inv,pess_inv,1,0,15,PD,coop,coop,100
6002,2129,3,D.T.,pess,inv,pess_inv,2,7,8,HG,def,coop,100
6003,2129,3,D.T.,pess,inv,pess_inv,3,10,12,SG,def,coop,100
6004,2129,3,D.T.,pess,inv,pess_inv,4,7,12,SG,def,coop,100
6005,2129,3,D.T.,pess,inv,pess_inv,5,10,8,HG,def,coop,100
6006,2129,3,D.T.,pess,inv,pess_inv,6,0,5,SH,coop,coop,100
6007,2129,3,D.T.,pess,inv,pess_inv,7,0,12,PD,coop,coop,100
6008,2129,3,D.T.,pess,inv,pess_inv,8,7,5,HG,def,coop,100
6009,2129,3,D.T.,pess,inv,pess_inv,9,3,8,SH,coop,coop,100
6010,2129,3,D.T.,pess,inv,pess_inv,10,3,12,PD,coop,coop,100
6011,2129,3,D.T.,pess,inv,pess_inv,11,7,15,SG,def,coop,100
6012,2129,3,D.T.,pess,inv,pess_inv,12,3,15,PD,coop,coop,100
6013,2129,3,D.T.,pess,inv,pess_inv,13,10,5,HG,def,coop,100
6014,2129,3,D.T.,pess,inv,pess_inv,14,10,15,SG,def,coop,100
6015,2129,3,D.T.,pess,inv,pess_inv,15,0,8,SH,coop,coop,100
6016,2130,0,D.T.,opt,nat,opt_nat,0,0,5,SH,coop,coop,80
6017,2130,0,D.T.,opt,nat,opt_nat,1,10,5,HG,coop,def,50
6018,2130,0,D.T.,opt,nat,opt_nat,2,3,15,PD,def,coop,100
6019,2130,0,D.T.,opt,nat,opt_nat,3,7,12,SG,def,def,50
6020,2130,0,D.T.,opt,nat,opt_nat,4,10,8,HG,coop,coop,100
6021,2130,0,D.T.,opt,nat,opt_nat,5,0,15,PD,def,def,50
6022,2130,0,D.T.,opt,nat,opt_nat,6,3,5,SH,coop,coop,100
6023,2130,0,D.T.,opt,nat,opt_nat,7,7,15,SG,def,def,50
6024,2130,0,D.T.,opt,nat,opt_nat,8,3,12,PD,def,def,50
6025,2130,0,D.T.,opt,nat,opt_nat,9,10,12,SG,def,def,50
6026,2130,0,D.T.,opt,nat,opt_nat,10,7,8,HG,coop,coop,50
6027,2130,0,D.T.,opt,nat,opt_nat,11,3,8,SH,coop,def,50
6028,2130,0,D.T.,opt,nat,opt_nat,12,0,12,PD,def,def,50
6029,2130,0,D.T.,opt,nat,opt_nat,13,0,8,SH,coop,def,50
6030,2130,0,D.T.,opt,nat,opt_nat,14,10,15,SG,def,def,50
6031,2130,0,D.T.,opt,nat,opt_nat,15,7,5,HG,coop,def,50
6032,2130,1,E.B.,pess,nat,pess_nat,0,7,15,SG,coop,def,50
6033,2130,1,E.B.,pess,nat,pess_nat,1,7,5,HG,coop,coop,50
6034,2130,1,E.B.,pess,nat,pess_nat,2,3,8,SH,def,def,50
6035,2130,1,E.B.,pess,nat,pess_nat,3,0,12,PD,def,def,50
6036,2130,1,E.B.,pess,nat,pess_nat,4,7,8,HG,coop,def,50
6037,2130,1,E.B.,pess,nat,pess_nat,5,0,8,SH,def,def,50
6038,2130,1,E.B.,pess,nat,pess_nat,6,10,15,SG,coop,def,50
6039,2130,1,E.B.,pess,nat,pess_nat,7,0,15,PD,def,def,50
6040,2130,1,E.B.,pess,nat,pess_nat,8,10,5,HG,coop,coop,50
6041,2130,1,E.B.,pess,nat,pess_nat,9,3,5,SH,def,coop,50
6042,2130,1,E.B.,pess,nat,pess_nat,10,3,15,PD,def,def,50
6043,2130,1,E.B.,pess,nat,pess_nat,11,10,12,SG,coop,def,50
6044,2130,1,E.B.,pess,nat,pess_nat,12,0,5,SH,def,def,50
6045,2130,1,E.B.,pess,nat,pess_nat,13,3,12,PD,def,def,50
6046,2130,1,E.B.,pess,nat,pess_nat,14,7,12,SG,coop,def,50
6047,2130,1,E.B.,pess,nat,pess_nat,15,10,8,HG,coop,coop,50
6048,2130,2,G.P.,pess,inv,pess_inv,0,10,8,HG,def,coop,50
6049,2130,2,G.P.,pess,inv,pess_inv,1,7,12,SG,def,def,50
6050,2130,2,G.P.,pess,inv,pess_inv,2,0,12,PD,coop,def,50
6051,2130,2,G.P.,pess,inv,pess_inv,3,0,8,SH,coop,def,50
6052,2130,2,G.P.,pess,inv,pess_inv,4,3,8,SH,coop,def,50
6053,2130,2,G.P.,pess,inv,pess_inv,5,3,15,PD,coop,def,50
6054,2130,2,G.P.,pess,inv,pess_inv,6,10,15,SG,def,def,50
6055,2130,2,G.P.,pess,inv,pess_inv,7,10,5,HG,def,coop,50
6056,2130,2,G.P.,pess,inv,pess_inv,8,3,12,PD,coop,def,50
6057,2130,2,G.P.,pess,inv,pess_inv,9,7,8,HG,def,def,50
6058,2130,2,G.P.,pess,inv,pess_inv,10,10,12,SG,def,def,50
6059,2130,2,G.P.,pess,inv,pess_inv,11,0,5,SH,coop,def,50
6060,2130,2,G.P.,pess,inv,pess_inv,12,0,15,PD,coop,def,50
6061,2130,2,G.P.,pess,inv,pess_inv,13,7,15,SG,def,def,50
6062,2130,2,G.P.,pess,inv,pess_inv,14,7,5,HG,def,coop,50
6063,2130,2,G.P.,pess,inv,pess_inv,15,3,5,SH,coop,def,50
6064,2130,3,F.A.,opt,inv,opt_inv,0,7,15,SG,coop,def,50
6065,2130,3,F.A.,opt,inv,opt_inv,1,3,15,PD,coop,def,50
6066,2130,3,F.A.,opt,inv,opt_inv,2,3,8,SH,def,def,50
6067,2130,3,F.A.,opt,inv,opt_inv,3,7,5,HG,def,coop,50
6068,2130,3,F.A.,opt,inv,opt_inv,4,10,15,SG,coop,def,50
6069,2130,3,F.A.,opt,inv,opt_inv,5,7,8,HG,def,def,50
6070,2130,3,F.A.,opt,inv,opt_inv,6,0,5,SH,def,def,50
6071,2130,3,F.A.,opt,inv,opt_inv,7,0,12,PD,coop,def,50
6072,2130,3,F.A.,opt,inv,opt_inv,8,3,12,PD,coop,def,50
6073,2130,3,F.A.,opt,inv,opt_inv,9,7,12,SG,coop,def,50
6074,2130,3,F.A.,opt,inv,opt_inv,10,10,8,HG,def,coop,50
6075,2130,3,F.A.,opt,inv,opt_inv,11,3,5,SH,def,def,50
6076,2130,3,F.A.,opt,inv,opt_inv,12,10,12,SG,coop,def,50
6077,2130,3,F.A.,opt,inv,opt_inv,13,0,15,PD,coop,def,50
6078,2130,3,F.A.,opt,inv,opt_inv,14,10,5,HG,def,coop,50
6079,2130,3,F.A.,opt,inv,opt_inv,15,0,8,SH,def,def,50
6080,2131,0,F.A.,pess,nat,pess_nat,0,3,8,SH,def,def,100
6081,2131,0,F.A.,pess,nat,pess_nat,1,0,15,PD,def,def,100
6082,2131,0,F.A.,pess,nat,pess_nat,2,7,8,HG,coop,coop,100
6083,2131,0,F.A.,pess,nat,pess_nat,3,7,15,SG,coop,def,100
6084,2131,0,F.A.,pess,nat,pess_nat,4,3,5,SH,def,coop,100
6085,2131,0,F.A.,pess,nat,pess_nat,5,7,5,HG,coop,coop,100
6086,2131,0,F.A.,pess,nat,pess_nat,6,0,12,PD,def,def,100
6087,2131,0,F.A.,pess,nat,pess_nat,7,10,12,SG,coop,def,100
6088,2131,0,F.A.,pess,nat,pess_nat,8,7,12,SG,coop,def,100
6089,2131,0,F.A.,pess,nat,pess_nat,9,3,15,PD,def,def,100
6090,2131,0,F.A.,pess,nat,pess_nat,10,0,8,SH,def,def,100
6091,2131,0,F.A.,pess,nat,pess_nat,11,10,5,HG,coop,coop,100
6092,2131,0,F.A.,pess,nat,pess_nat,12,10,15,SG,coop,def,100
6093,2131,0,F.A.,pess,nat,pess_nat,13,0,5,SH,def,def,100
6094,2131,0,F.A.,pess,nat,pess_nat,14,10,8,HG,coop,coop,100
6095,2131,0,F.A.,pess,nat,pess_nat,15,3,12,PD,def,def,100
6096,2131,1,D.T.,opt,nat,opt_nat,0,7,15,SG,def,def,100
6097,2131,1,D.T.,opt,nat,opt_nat,1,7,5,HG,coop,coop,100
6098,2131,1,D.T.,opt,nat,opt_nat,2,3,8,SH,coop,coop,100
6099,2131,1,D.T.,opt,nat,opt_nat,3,0,12,PD,def,def,100
6100,2131,1,D.T.,opt,nat,opt_nat,4,7,8,HG,coop,coop,100
6101,2131,1,D.T.,opt,nat,opt_nat,5,0,8,SH,coop,def,100
6102,2131,1,D.T.,opt,nat,opt_nat,6,10,15,SG,def,def,100
6103,2131,1,D.T.,opt,nat,opt_nat,7,0,15,PD,def,def,100
6104,2131,1,D.T.,opt,nat,opt_nat,8,10,5,HG,coop,coop,100
6105,2131,1,D.T.,opt,nat,opt_nat,9,3,5,SH,coop,coop,100
6106,2131,1,D.T.,opt,nat,opt_nat,10,3,15,PD,def,def,100
6107,2131,1,D.T.,opt,nat,opt_nat,11,10,12,SG,def,def,100
6108,2131,1,D.T.,opt,nat,opt_nat,12,0,5,SH,coop,coop,100
6109,2131,1,D.T.,opt,nat,opt_nat,13,3,12,PD,def,def,100
6110,2131,1,D.T.,opt,nat,opt_nat,14,7,12,SG,def,def,100
6111,2131,1,D.T.,opt,nat,opt_nat,15,10,8,HG,coop,coop,100
6112,2131,2,E.B.,pess,inv,pess_inv,0,7,5,HG,def,coop,100
6113,2131,2,E.B.,pess,inv,pess_inv,1,3,5,SH,coop,coop,100
6114,2131,2,E.B.,pess,inv,pess_inv,2,7,12,SG,def,def,100
6115,2131,2,E.B.,pess,inv,pess_inv,3,3,15,PD,coop,def,100
6116,2131,2,E.B.,pess,inv,pess_inv,4,0,5,SH,coop,coop,100
6117,2131,2,E.B.,pess,inv,pess_inv,5,0,15,PD,coop,def,100
6118,2131,2,E.B.,pess,inv,pess_inv,6,7,15,SG,def,def,100
6119,2131,2,E.B.,pess,inv,pess_inv,7,10,8,HG,def,coop,100
6120,2131,2,E.B.,pess,inv,pess_inv,8,10,12,SG,def,def,100
6121,2131,2,E.B.,pess,inv,pess_inv,9,3,8,SH,coop,coop,100
6122,2131,2,E.B.,pess,inv,pess_inv,10,10,5,HG,def,coop,100
6123,2131,2,E.B.,pess,inv,pess_inv,11,3,12,PD,coop,def,100
6124,2131,2,E.B.,pess,inv,pess_inv,12,10,15,SG,def,def,100
6125,2131,2,E.B.,pess,inv,pess_inv,13,0,12,PD,coop,def,100
6126,2131,2,E.B.,pess,inv,pess_inv,14,0,8,SH,coop,coop,100
6127,2131,2,E.B.,pess,inv,pess_inv,15,7,8,HG,def,coop,100
6128,2131,3,G.P.,opt,inv,opt_inv,0,10,12,SG,coop,def,100
6129,2131,3,G.P.,opt,inv,opt_inv,1,0,12,PD,coop,def,100
6130,2131,3,G.P.,opt,inv,opt_inv,2,3,5,SH,def,coop,100
6131,2131,3,G.P.,opt,inv,opt_inv,3,7,8,HG,def,coop,100
6132,2131,3,G.P.,opt,inv,opt_inv,4,10,5,HG,def,coop,100
6133,2131,3,G.P.,opt,inv,opt_inv,5,3,12,PD,coop,def,100
6134,2131,3,G.P.,opt,inv,opt_inv,6,3,8,SH,def,coop,100
6135,2131,3,G.P.,opt,inv,opt_inv,7,10,15,SG,coop,def,100
6136,2131,3,G.P.,opt,inv,opt_inv,8,0,15,PD,coop,def,100
6137,2131,3,G.P.,opt,inv,opt_inv,9,7,12,SG,coop,def,100
6138,2131,3,G.P.,opt,inv,opt_inv,10,0,5,SH,def,coop,100
6139,2131,3,G.P.,opt,inv,opt_inv,11,7,5,HG,def,coop,100
6140,2131,3,G.P.,opt,inv,opt_inv,12,10,8,HG,def,coop,100
6141,2131,3,G.P.,opt,inv,opt_inv,13,0,8,SH,def,def,100
6142,2131,3,G.P.,opt,inv,opt_inv,14,7,15,SG,coop,def,100
6143,2131,3,G.P.,opt,inv,opt_inv,15,3,15,PD,coop,def,100
6144,2132,0,D.T.,pess,nat,pess_nat,0,0,8,SH,def,def,80
6145,2132,0,D.T.,pess,nat,pess_nat,1,7,5,HG,coop,def,80
6146,2132,0,D.T.,pess,nat,pess_nat,2,10,15,SG,coop,coop,80
6147,2132,0,D.T.,pess,nat,pess_nat,3,3,12,PD,def,def,80
6148,2132,0,D.T.,pess,nat,pess_nat,4,7,15,SG,coop,def,80
6149,2132,0,D.T.,pess,nat,pess_nat,5,7,8,HG,coop,coop,80
6150,2132,0,D.T.,pess,nat,pess_nat,6,3,5,SH,def,def,80
6151,2132,0,D.T.,pess,nat,pess_nat,7,3,15,PD,def,coop,80
6152,2132,0,D.T.,pess,nat,pess_nat,8,0,15,PD,def,coop,80
6153,2132,0,D.T.,pess,nat,pess_nat,9,10,8,HG,coop,coop,80
6154,2132,0,D.T.,pess,nat,pess_nat,10,10,12,SG,coop,def,80
6155,2132,0,D.T.,pess,nat,pess_nat,11,0,5,SH,def,coop,80
6156,2132,0,D.T.,pess,nat,pess_nat,12,0,12,PD,def,def,80
6157,2132,0,D.T.,pess,nat,pess_nat,13,3,8,SH,def,def,80
6158,2132,0,D.T.,pess,nat,pess_nat,14,10,5,HG,coop,def,80
6159,2132,0,D.T.,pess,nat,pess_nat,15,7,12,SG,coop,def,80
6160,2132,1,F.A.,opt,nat,opt_nat,0,3,15,PD,def,coop,80
6161,2132,1,F.A.,opt,nat,opt_nat,1,3,5,SH,coop,def,80
6162,2132,1,F.A.,opt,nat,opt_nat,2,7,12,SG,def,coop,80
6163,2132,1,F.A.,opt,nat,opt_nat,3,10,5,HG,coop,coop,80
6164,2132,1,F.A.,opt,nat,opt_nat,4,0,15,PD,def,def,80
6165,2132,1,F.A.,opt,nat,opt_nat,5,0,5,SH,coop,coop,80
6166,2132,1,F.A.,opt,nat,opt_nat,6,7,8,HG,coop,def,80
6167,2132,1,F.A.,opt,nat,opt_nat,7,7,15,SG,def,def,80
6168,2132,1,F.A.,opt,nat,opt_nat,8,3,12,PD,def,coop,80
6169,2132,1,F.A.,opt,nat,opt_nat,9,10,8,HG,coop,def,80
6170,2132,1,F.A.,opt,nat,opt_nat,10,3,8,SH,coop,coop,80
6171,2132,1,F.A.,opt,nat,opt_nat,11,10,12,SG,def,coop,80
6172,2132,1,F.A.,opt,nat,opt_nat,12,10,15,SG,def,coop,80
6173,2132,1,F.A.,opt,nat,opt_nat,13,7,5,HG,coop,def,80
6174,2132,1,F.A.,opt,nat,opt_nat,14,0,8,SH,coop,coop,80
6175,2132,1,F.A.,opt,nat,opt_nat,15,0,12,PD,def,coop,80
6176,2132,2,E.B.,opt,inv,opt_inv,0,10,5,HG,def,coop,80
6177,2132,2,E.B.,opt,inv,opt_inv,1,7,12,SG,coop,coop,80
6178,2132,2,E.B.,opt,inv,opt_inv,2,0,12,PD,coop,def,80
6179,2132,2,E.B.,opt,inv,opt_inv,3,3,8,SH,def,coop,80
6180,2132,2,E.B.,opt,inv,opt_inv,4,10,12,SG,coop,def,80
6181,2132,2,E.B.,opt,inv,opt_inv,5,0,8,SH,def,coop,80
6182,2132,2,E.B.,opt,inv,opt_inv,6,7,8,HG,def,coop,80
6183,2132,2,E.B.,opt,inv,opt_inv,7,0,15,PD,coop,coop,80
6184,2132,2,E.B.,opt,inv,opt_inv,8,7,5,HG,def,def,80
6185,2132,2,E.B.,opt,inv,opt_inv,9,10,15,SG,coop,def,80
6186,2132,2,E.B.,opt,inv,opt_inv,10,3,5,SH,def,coop,80
6187,2132,2,E.B.,opt,inv,opt_inv,11,3,15,PD,coop,coop,80
6188,2132,2,E.B.,opt,inv,opt_inv,12,3,12,PD,coop,coop,80
6189,2132,2,E.B.,opt,inv,opt_inv,13,0,5,SH,def,coop,80
6190,2132,2,E.B.,opt,inv,opt_inv,14,7,15,SG,coop,coop,80
6191,2132,2,E.B.,opt,inv,opt_inv,15,10,8,HG,def,def,80
6192,2132,3,G.P.,pess,inv,pess_inv,0,3,8,SH,coop,coop,80
6193,2132,3,G.P.,pess,inv,pess_inv,1,0,15,PD,coop,coop,80
6194,2132,3,G.P.,pess,inv,pess_inv,2,7,8,HG,def,coop,80
6195,2132,3,G.P.,pess,inv,pess_inv,3,7,15,SG,def,coop,80
6196,2132,3,G.P.,pess,inv,pess_inv,4,3,5,SH,coop,def,80
6197,2132,3,G.P.,pess,inv,pess_inv,5,7,5,HG,def,def,80
6198,2132,3,G.P.,pess,inv,pess_inv,6,0,12,PD,coop,coop,80
6199,2132,3,G.P.,pess,inv,pess_inv,7,10,12,SG,def,coop,80
6200,2132,3,G.P.,pess,inv,pess_inv,8,7,12,SG,def,coop,80
6201,2132,3,G.P.,pess,inv,pess_inv,9,3,15,PD,coop,coop,80
6202,2132,3,G.P.,pess,inv,pess_inv,10,0,8,SH,coop,coop,80
6203,2132,3,G.P.,pess,inv,pess_inv,11,10,5,HG,def,def,80
6204,2132,3,G.P.,pess,inv,pess_inv,12,10,15,SG,def,coop,80
6205,2132,3,G.P.,pess,inv,pess_inv,13,0,5,SH,coop,coop,80
6206,2132,3,G.P.,pess,inv,pess_inv,14,10,8,HG,def,def,80
6207,2132,3,G.P.,pess,inv,pess_inv,15,3,12,PD,coop,coop,80
6208,2133,0,E.B.,pess,nat,pess_nat,0,3,8,SH,def,def,80
6209,2133,0,E.B.,pess,nat,pess_nat,1,0,15,PD,def,coop,80
6210,2133,0,E.B.,pess,nat,pess_nat,2,7,8,HG,coop,def,70
6211,2133,0,E.B.,pess,nat,pess_nat,3,7,15,SG,coop,coop,80
6212,2133,0,E.B.,pess,nat,pess_nat,4,3,5,SH,def,coop,80
6213,2133,0,E.B.,pess,nat,pess_nat,5,7,5,HG,coop,def,70
6214,2133,0,E.B.,pess,nat,pess_nat,6,0,12,PD,def,def,80
6215,2133,0,E.B.,pess,nat,pess_nat,7,10,12,SG,coop,def,80
6216,2133,0,E.B.,pess,nat,pess_nat,8,7,12,SG,coop,coop,80
6217,2133,0,E.B.,pess,nat,pess_nat,9,3,15,PD,def,def,80
6218,2133,0,E.B.,pess,nat,pess_nat,10,0,8,SH,def,coop,80
6219,2133,0,E.B.,pess,nat,pess_nat,11,10,5,HG,coop,def,70
6220,2133,0,E.B.,pess,nat,pess_nat,12,10,15,SG,coop,coop,80
6221,2133,0,E.B.,pess,nat,pess_nat,13,0,5,SH,def,coop,70
6222,2133,0,E.B.,pess,nat,pess_nat,14,10,8,HG,coop,coop,70
6223,2133,0,E.B.,pess,nat,pess_nat,15,3,12,PD,def,coop,80
6224,2133,1,D.T.,opt,nat,opt_nat,0,0,12,PD,def,def,80
6225,2133,1,D.T.,opt,nat,opt_nat,1,0,8,SH,coop,def,80
6226,2133,1,D.T.,opt,nat,opt_nat,2,7,15,SG,def,coop,80
6227,2133,1,D.T.,opt,nat,opt_nat,3,7,8,HG,coop,def,70
6228,2133,1,D.T.,opt,nat,opt_nat,4,3,12,PD,def,coop,80
6229,2133,1,D.T.,opt,nat,opt_nat,5,0,5,SH,coop,coop,80
6230,2133,1,D.T.,opt,nat,opt_nat,6,10,8,HG,coop,def,80
6231,2133,1,D.T.,opt,nat,opt_nat,7,10,15,SG,def,coop,80
6232,2133,1,D.T.,opt,nat,opt_nat,8,10,12,SG,def,coop,80
6233,2133,1,D.T.,opt,nat,opt_nat,9,0,15,PD,def,def,80
6234,2133,1,D.T.,opt,nat,opt_nat,10,10,5,HG,coop,def,80
6235,2133,1,D.T.,opt,nat,opt_nat,11,3,8,SH,coop,coop,80
6236,2133,1,D.T.,opt,nat,opt_nat,12,7,12,SG,def,coop,80
6237,2133,1,D.T.,opt,nat,opt_nat,13,3,15,PD,def,def,80
6238,2133,1,D.T.,opt,nat,opt_nat,14,3,5,SH,coop,coop,70
6239,2133,1,D.T.,opt,nat,opt_nat,15,7,5,HG,coop,def,70
6240,2133,2,G.P.,opt,inv,opt_inv,0,10,5,HG,def,def,70
6241,2133,2,G.P.,opt,inv,opt_inv,1,0,15,PD,coop,def,80
6242,2133,2,G.P.,opt,inv,opt_inv,2,7,12,SG,coop,coop,80
6243,2133,2,G.P.,opt,inv,opt_inv,3,0,8,SH,def,def,80
6244,2133,2,G.P.,opt,inv,opt_inv,4,0,5,SH,def,coop,80
6245,2133,2,G.P.,opt,inv,opt_inv,5,10,15,SG,coop,coop,80
6246,2133,2,G.P.,opt,inv,opt_inv,6,7,5,HG,def,def,70
6247,2133,2,G.P.,opt,inv,opt_inv,7,0,12,PD,coop,def,80
6248,2133,2,G.P.,opt,inv,opt_inv,8,10,8,HG,def,coop,80
6249,2133,2,G.P.,opt,inv,opt_inv,9,3,15,PD,coop,coop,80
6250,2133,2,G.P.,opt,inv,opt_inv,10,3,8,SH,def,def,80
6251,2133,2,G.P.,opt,inv,opt_inv,11,10,12,SG,coop,coop,80
6252,2133,2,G.P.,opt,inv,opt_inv,12,3,12,PD,coop,def,80
6253,2133,2,G.P.,opt,inv,opt_inv,13,7,15,SG,coop,coop,80
6254,2133,2,G.P.,opt,inv,opt_inv,14,7,8,HG,def,def,80
6255,2133,2,G.P.,opt,inv,opt_inv,15,3,5,SH,def,coop,80
6256,2133,3,F.A.,pess,inv,pess_inv,0,7,15,SG,def,def,80
6257,2133,3,F.A.,pess,inv,pess_inv,1,3,15,PD,coop,def,80
6258,2133,3,F.A.,pess,inv,pess_inv,2,3,8,SH,coop,coop,80
6259,2133,3,F.A.,pess,inv,pess_inv,3,7,5,HG,def,def,80
6260,2133,3,F.A.,pess,inv,pess_inv,4,10,15,SG,def,coop,80
6261,2133,3,F.A.,pess,inv,pess_inv,5,7,8,HG,def,def,80
6262,2133,3,F.A.,pess,inv,pess_inv,6,0,5,SH,coop,coop,80
6263,2133,3,F.A.,pess,inv,pess_inv,7,0,12,PD,coop,def,80
6264,2133,3,F.A.,pess,inv,pess_inv,8,3,12,PD,coop,def,80
6265,2133,3,F.A.,pess,inv,pess_inv,9,7,12,SG,def,coop,80
6266,2133,3,F.A.,pess,inv,pess_inv,10,10,8,HG,def,def,80
6267,2133,3,F.A.,pess,inv,pess_inv,11,3,5,SH,coop,coop,80
6268,2133,3,F.A.,pess,inv,pess_inv,12,10,12,SG,def,coop,80
6269,2133,3,F.A.,pess,inv,pess_inv,13,0,15,PD,coop,def,80
6270,2133,3,F.A.,pess,inv,pess_inv,14,10,5,HG,def,def,80
6271,2133,3,F.A.,pess,inv,pess_inv,15,0,8,SH,coop,def,80
6272,2134,0,F.A.,pess,nat,pess_nat,0,0,8,SH,def,coop,100
6273,2134,0,F.A.,pess,nat,pess_nat,1,7,5,HG,coop,coop,100
6274,2134,0,F.A.,pess,nat,pess_nat,2,10,15,SG,coop,def,100
6275,2134,0,F.A.,pess,nat,pess_nat,3,3,12,PD,def,coop,100
6276,2134,0,F.A.,pess,nat,pess_nat,4,7,15,SG,coop,def,100
6277,2134,0,F.A.,pess,nat,pess_nat,5,7,8,HG,coop,coop,100
6278,2134,0,F.A.,pess,nat,pess_nat,6,3,5,SH,def,def,100
6279,2134,0,F.A.,pess,nat,pess_nat,7,3,15,PD,def,def,100
6280,2134,0,F.A.,pess,nat,pess_nat,8,0,15,PD,def,def,100
6281,2134,0,F.A.,pess,nat,pess_nat,9,10,8,HG,coop,coop,100
6282,2134,0,F.A.,pess,nat,pess_nat,10,10,12,SG,coop,def,100
6283,2134,0,F.A.,pess,nat,pess_nat,11,0,5,SH,def,def,100
6284,2134,0,F.A.,pess,nat,pess_nat,12,0,12,PD,def,def,100
6285,2134,0,F.A.,pess,nat,pess_nat,13,3,8,SH,def,def,100
6286,2134,0,F.A.,pess,nat,pess_nat,14,10,5,HG,coop,coop,100
6287,2134,0,F.A.,pess,nat,pess_nat,15,7,12,SG,coop,def,100
6288,2134,1,D.T.,opt,nat,opt_nat,0,0,8,SH,coop,def,100
6289,2134,1,D.T.,opt,nat,opt_nat,1,3,15,PD,def,def,100
6290,2134,1,D.T.,opt,nat,opt_nat,2,10,12,SG,def,def,100
6291,2134,1,D.T.,opt,nat,opt_nat,3,7,8,HG,coop,def,100
6292,2134,1,D.T.,opt,nat,opt_nat,4,10,8,HG,coop,coop,100
6293,2134,1,D.T.,opt,nat,opt_nat,5,0,15,PD,def,def,100
6294,2134,1,D.T.,opt,nat,opt_nat,6,3,8,SH,coop,def,100
6295,2134,1,D.T.,opt,nat,opt_nat,7,7,15,SG,def,def,100
6296,2134,1,D.T.,opt,nat,opt_nat,8,0,12,PD,def,def,100
6297,2134,1,D.T.,opt,nat,opt_nat,9,3,5,SH,coop,def,100
6298,2134,1,D.T.,opt,nat,opt_nat,10,7,12,SG,def,def,100
6299,2134,1,D.T.,opt,nat,opt_nat,11,10,5,HG,coop,coop,100
6300,2134,1,D.T.,opt,nat,opt_nat,12,0,5,SH,coop,def,100
6301,2134,1,D.T.,opt,nat,opt_nat,13,7,5,HG,coop,coop,100
6302,2134,1,D.T.,opt,nat,opt_nat,14,3,12,PD,def,def,100
6303,2134,1,D.T.,opt,nat,opt_nat,15,10,15,SG,def,def,100
6304,2134,2,G.P.,pess,inv,pess_inv,0,3,15,PD,coop,def,100
6305,2134,2,G.P.,pess,inv,pess_inv,1,3,5,SH,coop,def,100
6306,2134,2,G.P.,pess,inv,pess_inv,2,7,12,SG,def,def,100
6307,2134,2,G.P.,pess,inv,pess_inv,3,10,5,HG,def,coop,100
6308,2134,2,G.P.,pess,inv,pess_inv,4,0,15,PD,coop,def,100
6309,2134,2,G.P.,pess,inv,pess_inv,5,0,5,SH,coop,def,100
6310,2134,2,G.P.,pess,inv,pess_inv,6,7,8,HG,def,def,100
6311,2134,2,G.P.,pess,inv,pess_inv,7,7,15,SG,def,def,100
6312,2134,2,G.P.,pess,inv,pess_inv,8,3,12,PD,coop,def,100
6313,2134,2,G.P.,pess,inv,pess_inv,9,10,8,HG,def,coop,100
6314,2134,2,G.P.,pess,inv,pess_inv,10,3,8,SH,coop,def,100
6315,2134,2,G.P.,pess,inv,pess_inv,11,10,12,SG,def,def,100
6316,2134,2,G.P.,pess,inv,pess_inv,12,10,15,SG,def,def,100
6317,2134,2,G.P.,pess,inv,pess_inv,13,7,5,HG,def,coop,100
6318,2134,2,G.P.,pess,inv,pess_inv,14,0,8,SH,coop,def,100
6319,2134,2,G.P.,pess,inv,pess_inv,15,0,12,PD,coop,def,100
6320,2134,3,E.B.,opt,inv,opt_inv,0,10,5,HG,def,coop,100
6321,2134,3,E.B.,opt,inv,opt_inv,1,7,12,SG,coop,def,100
6322,2134,3,E.B.,opt,inv,opt_inv,2,0,12,PD,coop,def,100
6323,2134,3,E.B.,opt,inv,opt_inv,3,3,8,SH,def,def,100
6324,2134,3,E.B.,opt,inv,opt_inv,4,10,12,SG,coop,def,100
6325,2134,3,E.B.,opt,inv,opt_inv,5,0,8,SH,def,def,100
6326,2134,3,E.B.,opt,inv,opt_inv,6,7,8,HG,def,def,100
6327,2134,3,E.B.,opt,inv,opt_inv,7,0,15,PD,coop,def,100
6328,2134,3,E.B.,opt,inv,opt_inv,8,7,5,HG,def,coop,100
6329,2134,3,E.B.,opt,inv,opt_inv,9,10,15,SG,coop,def,100
6330,2134,3,E.B.,opt,inv,opt_inv,10,3,5,SH,def,def,100
6331,2134,3,E.B.,opt,inv,opt_inv,11,3,15,PD,coop,def,100
6332,2134,3,E.B.,opt,inv,opt_inv,12,3,12,PD,coop,def,100
6333,2134,3,E.B.,opt,inv,opt_inv,13,0,5,SH,def,def,100
6334,2134,3,E.B.,opt,inv,opt_inv,14,7,15,SG,coop,def,100
6335,2134,3,E.B.,opt,inv,opt_inv,15,10,8,HG,def,coop,100
6336,2135,0,G.P.,opt,nat,opt_nat,0,10,5,HG,coop,coop,100
6337,2135,0,G.P.,opt,nat,opt_nat,1,3,5,SH,coop,coop,100
6338,2135,0,G.P.,opt,nat,opt_nat,2,0,15,PD,def,coop,100
6339,2135,0,G.P.,opt,nat,opt_nat,3,7,12,SG,def,coop,100
6340,2135,0,G.P.,opt,nat,opt_nat,4,10,15,SG,def,coop,100
6341,2135,0,G.P.,opt,nat,opt_nat,5,10,8,HG,coop,coop,100
6342,2135,0,G.P.,opt,nat,opt_nat,6,0,12,PD,def,def,100
6343,2135,0,G.P.,opt,nat,opt_nat,7,0,5,SH,coop,def,100
6344,2135,0,G.P.,opt,nat,opt_nat,8,7,15,SG,def,coop,100
6345,2135,0,G.P.,opt,nat,opt_nat,9,0,8,SH,coop,def,100
6346,2135,0,G.P.,opt,nat,opt_nat,10,3,15,PD,def,coop,100
6347,2135,0,G.P.,opt,nat,opt_nat,11,7,5,HG,coop,coop,100
6348,2135,0,G.P.,opt,nat,opt_nat,12,3,12,PD,def,coop,100
6349,2135,0,G.P.,opt,nat,opt_nat,13,10,12,SG,def,coop,100
6350,2135,0,G.P.,opt,nat,opt_nat,14,3,8,SH,coop,coop,100
6351,2135,0,G.P.,opt,nat,opt_nat,15,7,8,HG,coop,coop,100
6352,2135,1,E.B.,pess,nat,pess_nat,0,10,5,HG,coop,coop,100
6353,2135,1,E.B.,pess,nat,pess_nat,1,0,15,PD,def,def,100
6354,2135,1,E.B.,pess,nat,pess_nat,2,7,12,SG,coop,coop,100
6355,2135,1,E.B.,pess,nat,pess_nat,3,0,8,SH,def,coop,100
6356,2135,1,E.B.,pess,nat,pess_nat,4,0,5,SH,def,coop,100
6357,2135,1,E.B.,pess,nat,pess_nat,5,10,15,SG,coop,coop,100
6358,2135,1,E.B.,pess,nat,pess_nat,6,7,5,HG,coop,coop,100
6359,2135,1,E.B.,pess,nat,pess_nat,7,0,12,PD,def,coop,100
6360,2135,1,E.B.,pess,nat,pess_nat,8,10,8,HG,coop,coop,100
6361,2135,1,E.B.,pess,nat,pess_nat,9,3,15,PD,def,coop,100
6362,2135,1,E.B.,pess,nat,pess_nat,10,3,8,SH,def,coop,100
6363,2135,1,E.B.,pess,nat,pess_nat,11,10,12,SG,coop,coop,100
6364,2135,1,E.B.,pess,nat,pess_nat,12,3,12,PD,def,coop,100
6365,2135,1,E.B.,pess,nat,pess_nat,13,7,15,SG,coop,coop,100
6366,2135,1,E.B.,pess,nat,pess_nat,14,7,8,HG,coop,coop,100
6367,2135,1,E.B.,pess,nat,pess_nat,15,3,5,SH,def,coop,100
6368,2135,2,D.T.,pess,inv,pess_inv,0,7,15,SG,def,coop,100
6369,2135,2,D.T.,pess,inv,pess_inv,1,7,5,HG,def,coop,100
6370,2135,2,D.T.,pess,inv,pess_inv,2,3,8,SH,coop,coop,100
6371,2135,2,D.T.,pess,inv,pess_inv,3,0,12,PD,coop,coop,100
6372,2135,2,D.T.,pess,inv,pess_inv,4,7,8,HG,def,coop,100
6373,2135,2,D.T.,pess,inv,pess_inv,5,0,8,SH,coop,coop,100
6374,2135,2,D.T.,pess,inv,pess_inv,6,10,15,SG,def,coop,100
6375,2135,2,D.T.,pess,inv,pess_inv,7,0,15,PD,coop,coop,100
6376,2135,2,D.T.,pess,inv,pess_inv,8,10,5,HG,def,coop,100
6377,2135,2,D.T.,pess,inv,pess_inv,9,3,5,SH,coop,coop,100
6378,2135,2,D.T.,pess,inv,pess_inv,10,3,15,PD,coop,coop,100
6379,2135,2,D.T.,pess,inv,pess_inv,11,10,12,SG,def,coop,100
6380,2135,2,D.T.,pess,inv,pess_inv,12,0,5,SH,coop,coop,100
6381,2135,2,D.T.,pess,inv,pess_inv,13,3,12,PD,coop,coop,100
6382,2135,2,D.T.,pess,inv,pess_inv,14,7,12,SG,def,coop,100
6383,2135,2,D.T.,pess,inv,pess_inv,15,10,8,HG,def,coop,100
6384,2135,3,F.A.,opt,inv,opt_inv,0,7,12,SG,coop,coop,100
6385,2135,3,F.A.,opt,inv,opt_inv,1,7,8,HG,def,coop,100
6386,2135,3,F.A.,opt,inv,opt_inv,2,0,5,SH,def,coop,100
6387,2135,3,F.A.,opt,inv,opt_inv,3,3,15,PD,coop,coop,100
6388,2135,3,F.A.,opt,inv,opt_inv,4,0,12,PD,coop,coop,100
6389,2135,3,F.A.,opt,inv,opt_inv,5,0,8,SH,def,coop,100
6390,2135,3,F.A.,opt,inv,opt_inv,6,10,12,SG,coop,coop,100
6391,2135,3,F.A.,opt,inv,opt_inv,7,10,5,HG,def,coop,100
6392,2135,3,F.A.,opt,inv,opt_inv,8,10,8,HG,def,coop,100
6393,2135,3,F.A.,opt,inv,opt_inv,9,10,15,SG,coop,coop,100
6394,2135,3,F.A.,opt,inv,opt_inv,10,3,8,SH,def,coop,100
6395,2135,3,F.A.,opt,inv,opt_inv,11,3,12,PD,coop,coop,100
6396,2135,3,F.A.,opt,inv,opt_inv,12,7,15,SG,coop,coop,100
6397,2135,3,F.A.,opt,inv,opt_inv,13,7,5,HG,def,coop,100
6398,2135,3,F.A.,opt,inv,opt_inv,14,3,5,SH,def,coop,100
6399,2135,3,F.A.,opt,inv,opt_inv,15,0,15,PD,coop,coop,100
6400,2136,0,G.P.,opt,nat,opt_nat,0,0,8,SH,coop,coop,70
6401,2136,0,G.P.,opt,nat,opt_nat,1,3,15,PD,def,coop,70
6402,2136,0,G.P.,opt,nat,opt_nat,2,10,12,SG,def,coop,70
6403,2136,0,G.P.,opt,nat,opt_nat,3,7,8,HG,coop,coop,80
6404,2136,0,G.P.,opt,nat,opt_nat,4,10,8,HG,coop,coop,80
6405,2136,0,G.P.,opt,nat,opt_nat,5,0,15,PD,def,coop,70
6406,2136,0,G.P.,opt,nat,opt_nat,6,3,8,SH,coop,coop,70
6407,2136,0,G.P.,opt,nat,opt_nat,7,7,15,SG,def,coop,70
6408,2136,0,G.P.,opt,nat,opt_nat,8,0,12,PD,def,coop,70
6409,2136,0,G.P.,opt,nat,opt_nat,9,3,5,SH,coop,coop,70
6410,2136,0,G.P.,opt,nat,opt_nat,10,7,12,SG,def,coop,70
6411,2136,0,G.P.,opt,nat,opt_nat,11,10,5,HG,coop,coop,70
6412,2136,0,G.P.,opt,nat,opt_nat,12,0,5,SH,coop,coop,70
6413,2136,0,G.P.,opt,nat,opt_nat,13,7,5,HG,coop,coop,70
6414,2136,0,G.P.,opt,nat,opt_nat,14,3,12,PD,def,coop,70
6415,2136,0,G.P.,opt,nat,opt_nat,15,10,15,SG,def,coop,70
6416,2136,1,F.A.,pess,nat,pess_nat,0,7,15,SG,coop,def,70
6417,2136,1,F.A.,pess,nat,pess_nat,1,0,12,PD,def,def,70
6418,2136,1,F.A.,pess,nat,pess_nat,2,3,5,SH,def,def,70
6419,2136,1,F.A.,pess,nat,pess_nat,3,7,5,HG,coop,def,70
6420,2136,1,F.A.,pess,nat,pess_nat,4,3,12,PD,def,def,70
6421,2136,1,F.A.,pess,nat,pess_nat,5,7,8,HG,coop,def,70
6422,2136,1,F.A.,pess,nat,pess_nat,6,0,8,SH,def,def,70
6423,2136,1,F.A.,pess,nat,pess_nat,7,10,15,SG,coop,def,70
6424,2136,1,F.A.,pess,nat,pess_nat,8,10,12,SG,coop,def,70
6425,2136,1,F.A.,pess,nat,pess_nat,9,0,15,PD,def,def,70
6426,2136,1,F.A.,pess,nat,pess_nat,10,0,5,SH,def,def,70
6427,2136,1,F.A.,pess,nat,pess_nat,11,10,8,HG,coop,def,70
6428,2136,1,F.A.,pess,nat,pess_nat,12,7,12,SG,coop,def,70
6429,2136,1,F.A.,pess,nat,pess_nat,13,3,8,SH,def,def,70
6430,2136,1,F.A.,pess,nat,pess_nat,14,3,15,PD,def,def,70
6431,2136,1,F.A.,pess,nat,pess_nat,15,10,5,HG,coop,def,70
6432,2136,2,E.B.,opt,inv,opt_inv,0,0,12,PD,coop,def,70
6433,2136,2,E.B.,opt,inv,opt_inv,1,0,8,SH,def,def,70
6434,2136,2,E.B.,opt,inv,opt_inv,2,7,15,SG,coop,def,70
6435,2136,2,E.B.,opt,inv,opt_inv,3,7,8,HG,def,def,70
6436,2136,2,E.B.,opt,inv,opt_inv,4,3,12,PD,coop,def,70
6437,2136,2,E.B.,opt,inv,opt_inv,5,0,5,SH,def,def,70
6438,2136,2,E.B.,opt,inv,opt_inv,6,10,8,HG,def,def,70
6439,2136,2,E.B.,opt,inv,opt_inv,7,10,15,SG,coop,def,70
6440,2136,2,E.B.,opt,inv,opt_inv,8,10,12,SG,coop,def,70
6441,2136,2,E.B.,opt,inv,opt_inv,9,0,15,PD,coop,def,70
6442,2136,2,E.B.,opt,inv,opt_inv,10,10,5,HG,def,def,70
6443,2136,2,E.B.,opt,inv,opt_inv,11,3,8,SH,def,def,70
6444,2136,2,E.B.,opt,inv,opt_inv,12,7,12,SG,coop,def,70
6445,2136,2,E.B.,opt,inv,opt_inv,13,3,15,PD,coop,def,70
6446,2136,2,E.B.,opt,inv,opt_inv,14,3,5,SH,def,def,70
6447,2136,2,E.B.,opt,inv,opt_inv,15,7,5,HG,def,def,70
6448,2136,3,D.T.,pess,inv,pess_inv,0,10,8,HG,def,coop,70
6449,2136,3,D.T.,pess,inv,pess_inv,1,3,5,SH,coop,def,70
6450,2136,3,D.T.,pess,inv,pess_inv,2,7,12,SG,def,def,70
6451,2136,3,D.T.,pess,inv,pess_inv,3,3,12,PD,coop,def,70
6452,2136,3,D.T.,pess,inv,pess_inv,4,7,5,HG,def,def,70
6453,2136,3,D.T.,pess,inv,pess_inv,5,10,15,SG,def,def,70
6454,2136,3,D.T.,pess,inv,pess_inv,6,0,12,PD,coop,def,70
6455,2136,3,D.T.,pess,inv,pess_inv,7,0,5,SH,coop,def,70
6456,2136,3,D.T.,pess,inv,pess_inv,8,10,5,HG,def,def,70
6457,2136,3,D.T.,pess,inv,pess_inv,9,3,8,SH,coop,def,70
6458,2136,3,D.T.,pess,inv,pess_inv,10,7,15,SG,def,def,70
6459,2136,3,D.T.,pess,inv,pess_inv,11,3,15,PD,coop,def,70
6460,2136,3,D.T.,pess,inv,pess_inv,12,0,15,PD,coop,def,70
6461,2136,3,D.T.,pess,inv,pess_inv,13,0,8,SH,coop,def,70
6462,2136,3,D.T.,pess,inv,pess_inv,14,10,12,SG,def,def,70
6463,2136,3,D.T.,pess,inv,pess_inv,15,7,8,HG,def,def,70
6464,2137,0,D.T.,opt,nat,opt_nat,0,10,8,HG,coop,coop,100
6465,2137,0,D.T.,opt,nat,opt_nat,1,7,12,SG,def,coop,90
6466,2137,0,D.T.,opt,nat,opt_nat,2,0,12,PD,def,coop,90
6467,2137,0,D.T.,opt,nat,opt_nat,3,0,8,SH,coop,coop,90
6468,2137,0,D.T.,opt,nat,opt_nat,4,3,8,SH,coop,coop,90
6469,2137,0,D.T.,opt,nat,opt_nat,5,3,15,PD,def,coop,90
6470,2137,0,D.T.,opt,nat,opt_nat,6,10,15,SG,def,coop,90
6471,2137,0,D.T.,opt,nat,opt_nat,7,10,5,HG,coop,coop,90
6472,2137,0,D.T.,opt,nat,opt_nat,8,3,12,PD,def,coop,90
6473,2137,0,D.T.,opt,nat,opt_nat,9,7,8,HG,coop,coop,90
6474,2137,0,D.T.,opt,nat,opt_nat,10,10,12,SG,def,coop,90
6475,2137,0,D.T.,opt,nat,opt_nat,11,0,5,SH,coop,coop,90
6476,2137,0,D.T.,opt,nat,opt_nat,12,0,15,PD,def,coop,90
6477,2137,0,D.T.,opt,nat,opt_nat,13,7,15,SG,def,coop,90
6478,2137,0,D.T.,opt,nat,opt_nat,14,7,5,HG,coop,coop,90
6479,2137,0,D.T.,opt,nat,opt_nat,15,3,5,SH,coop,coop,90
6480,2137,1,E.B.,pess,nat,pess_nat,0,7,15,SG,coop,coop,90
6481,2137,1,E.B.,pess,nat,pess_nat,1,0,12,PD,def,coop,90
6482,2137,1,E.B.,pess,nat,pess_nat,2,3,5,SH,def,coop,90
6483,2137,1,E.B.,pess,nat,pess_nat,3,7,5,HG,coop,coop,90
6484,2137,1,E.B.,pess,nat,pess_nat,4,3,12,PD,def,coop,90
6485,2137,1,E.B.,pess,nat,pess_nat,5,7,8,HG,coop,coop,90
6486,2137,1,E.B.,pess,nat,pess_nat,6,0,8,SH,def,coop,90
6487,2137,1,E.B.,pess,nat,pess_nat,7,10,15,SG,coop,coop,90
6488,2137,1,E.B.,pess,nat,pess_nat,8,10,12,SG,coop,coop,90
6489,2137,1,E.B.,pess,nat,pess_nat,9,0,15,PD,def,coop,90
6490,2137,1,E.B.,pess,nat,pess_nat,10,0,5,SH,def,coop,90
6491,2137,1,E.B.,pess,nat,pess_nat,11,10,8,HG,coop,coop,90
6492,2137,1,E.B.,pess,nat,pess_nat,12,7,12,SG,coop,coop,90
6493,2137,1,E.B.,pess,nat,pess_nat,13,3,8,SH,def,coop,90
6494,2137,1,E.B.,pess,nat,pess_nat,14,3,15,PD,def,coop,90
6495,2137,1,E.B.,pess,nat,pess_nat,15,10,5,HG,coop,coop,90
6496,2137,2,F.A.,pess,inv,pess_inv,0,10,5,HG,def,coop,90
6497,2137,2,F.A.,pess,inv,pess_inv,1,0,15,PD,coop,coop,90
6498,2137,2,F.A.,pess,inv,pess_inv,2,7,12,SG,def,coop,90
6499,2137,2,F.A.,pess,inv,pess_inv,3,0,8,SH,coop,coop,90
6500,2137,2,F.A.,pess,inv,pess_inv,4,0,5,SH,coop,coop,90
6501,2137,2,F.A.,pess,inv,pess_inv,5,10,15,SG,def,coop,90
6502,2137,2,F.A.,pess,inv,pess_inv,6,7,5,HG,def,coop,90
6503,2137,2,F.A.,pess,inv,pess_inv,7,0,12,PD,coop,coop,90
6504,2137,2,F.A.,pess,inv,pess_inv,8,10,8,HG,def,coop,90
6505,2137,2,F.A.,pess,inv,pess_inv,9,3,15,PD,coop,coop,90
6506,2137,2,F.A.,pess,inv,pess_inv,10,3,8,SH,coop,coop,90
6507,2137,2,F.A.,pess,inv,pess_inv,11,10,12,SG,def,coop,90
6508,2137,2,F.A.,pess,inv,pess_inv,12,3,12,PD,coop,coop,90
6509,2137,2,F.A.,pess,inv,pess_inv,13,7,15,SG,def,coop,90
6510,2137,2,F.A.,pess,inv,pess_inv,14,7,8,HG,def,coop,90
6511,2137,2,F.A.,pess,inv,pess_inv,15,3,5,SH,coop,coop,90
6512,2137,3,G.P.,opt,inv,opt_inv,0,0,12,PD,coop,coop,90
6513,2137,3,G.P.,opt,inv,opt_inv,1,7,5,HG,def,coop,90
6514,2137,3,G.P.,opt,inv,opt_inv,2,10,12,SG,coop,coop,90
6515,2137,3,G.P.,opt,inv,opt_inv,3,3,5,SH,def,coop,90
6516,2137,3,G.P.,opt,inv,opt_inv,4,0,8,SH,def,coop,90
6517,2137,3,G.P.,opt,inv,opt_inv,5,0,15,PD,coop,coop,90
6518,2137,3,G.P.,opt,inv,opt_inv,6,10,5,HG,def,coop,90
6519,2137,3,G.P.,opt,inv,opt_inv,7,7,12,SG,coop,coop,90
6520,2137,3,G.P.,opt,inv,opt_inv,8,3,15,PD,coop,coop,90
6521,2137,3,G.P.,opt,inv,opt_inv,9,10,15,SG,coop,coop,90
6522,2137,3,G.P.,opt,inv,opt_inv,10,7,8,HG,def,coop,90
6523,2137,3,G.P.,opt,inv,opt_inv,11,0,5,SH,def,coop,90
6524,2137,3,G.P.,opt,inv,opt_inv,12,10,8,HG,def,coop,90
6525,2137,3,G.P.,opt,inv,opt_inv,13,7,15,SG,coop,coop,90
6526,2137,3,G.P.,opt,inv,opt_inv,14,3,8,SH,def,coop,90
6527,2137,3,G.P.,opt,inv,opt_inv,15,3,12,PD,coop,coop,90
6528,2138,0,G.P.,opt,nat,opt_nat,0,7,15,SG,def,coop,30
6529,2138,0,G.P.,opt,nat,opt_nat,1,3,15,PD,def,coop,20
6530,2138,0,G.P.,opt,nat,opt_nat,2,3,8,SH,coop,coop,20
6531,2138,0,G.P.,opt,nat,opt_nat,3,7,5,HG,coop,coop,20
6532,2138,0,G.P.,opt,nat,opt_nat,4,10,15,SG,def,coop,20
6533,2138,0,G.P.,opt,nat,opt_nat,5,7,8,HG,coop,coop,20
6534,2138,0,G.P.,opt,nat,opt_nat,6,0,5,SH,coop,coop,20
6535,2138,0,G.P.,opt,nat,opt_nat,7,0,12,PD,def,coop,20
6536,2138,0,G.P.,opt,nat,opt_nat,8,3,12,PD,def,coop,20
6537,2138,0,G.P.,opt,nat,opt_nat,9,7,12,SG,def,coop,20
6538,2138,0,G.P.,opt,nat,opt_nat,10,10,8,HG,coop,coop,20
6539,2138,0,G.P.,opt,nat,opt_nat,11,3,5,SH,coop,coop,20
6540,2138,0,G.P.,opt,nat,opt_nat,12,10,12,SG,def,coop,20
6541,2138,0,G.P.,opt,nat,opt_nat,13,0,15,PD,def,coop,20
6542,2138,0,G.P.,opt,nat,opt_nat,14,10,5,HG,coop,coop,20
6543,2138,0,G.P.,opt,nat,opt_nat,15,0,8,SH,coop,coop,20
6544,2138,1,D.T.,pess,nat,pess_nat,0,10,5,HG,coop,coop,20
6545,2138,1,D.T.,pess,nat,pess_nat,1,0,15,PD,def,coop,20
6546,2138,1,D.T.,pess,nat,pess_nat,2,7,12,SG,coop,coop,20
6547,2138,1,D.T.,pess,nat,pess_nat,3,0,8,SH,def,coop,20
6548,2138,1,D.T.,pess,nat,pess_nat,4,0,5,SH,def,coop,20
6549,2138,1,D.T.,pess,nat,pess_nat,5,10,15,SG,coop,coop,20
6550,2138,1,D.T.,pess,nat,pess_nat,6,7,5,HG,coop,coop,20
6551,2138,1,D.T.,pess,nat,pess_nat,7,0,12,PD,def,coop,20
6552,2138,1,D.T.,pess,nat,pess_nat,8,10,8,HG,coop,coop,20
6553,2138,1,D.T.,pess,nat,pess_nat,9,3,15,PD,def,coop,20
6554,2138,1,D.T.,pess,nat,pess_nat,10,3,8,SH,def,coop,20
6555,2138,1,D.T.,pess,nat,pess_nat,11,10,12,SG,coop,coop,20
6556,2138,1,D.T.,pess,nat,pess_nat,12,3,12,PD,def,coop,20
6557,2138,1,D.T.,pess,nat,pess_nat,13,7,15,SG,coop,coop,20
6558,2138,1,D.T.,pess,nat,pess_nat,14,7,8,HG,coop,coop,20
6559,2138,1,D.T.,pess,nat,pess_nat,15,3,5,SH,def,coop,20
6560,2138,2,E.B.,opt,inv,opt_inv,0,3,8,SH,def,coop,20
6561,2138,2,E.B.,opt,inv,opt_inv,1,0,15,PD,coop,coop,20
6562,2138,2,E.B.,opt,inv,opt_inv,2,7,8,HG,def,coop,20
6563,2138,2,E.B.,opt,inv,opt_inv,3,7,15,SG,coop,coop,20
6564,2138,2,E.B.,opt,inv,opt_inv,4,3,5,SH,def,coop,20
6565,2138,2,E.B.,opt,inv,opt_inv,5,7,5,HG,def,coop,20
6566,2138,2,E.B.,opt,inv,opt_inv,6,0,12,PD,coop,coop,20
6567,2138,2,E.B.,opt,inv,opt_inv,7,10,12,SG,coop,coop,20
6568,2138,2,E.B.,opt,inv,opt_inv,8,7,12,SG,coop,coop,20
6569,2138,2,E.B.,opt,inv,opt_inv,9,3,15,PD,coop,coop,20
6570,2138,2,E.B.,opt,inv,opt_inv,10,0,8,SH,def,coop,20
6571,2138,2,E.B.,opt,inv,opt_inv,11,10,5,HG,def,coop,20
6572,2138,2,E.B.,opt,inv,opt_inv,12,10,15,SG,coop,coop,20
6573,2138,2,E.B.,opt,inv,opt_inv,13,0,5,SH,def,coop,20
6574,2138,2,E.B.,opt,inv,opt_inv,14,10,8,HG,def,coop,20
6575,2138,2,E.B.,opt,inv,opt_inv,15,3,12,PD,coop,coop,20
6576,2138,3,F.A.,pess,inv,pess_inv,0,3,12,PD,coop,coop,20
6577,2138,3,F.A.,pess,inv,pess_inv,1,7,8,HG,def,coop,20
6578,2138,3,F.A.,pess,inv,pess_inv,2,3,8,SH,coop,coop,20
6579,2138,3,F.A.,pess,inv,pess_inv,3,7,12,SG,def,coop,20
6580,2138,3,F.A.,pess,inv,pess_inv,4,0,15,PD,coop,coop,20
6581,2138,3,F.A.,pess,inv,pess_inv,5,0,8,SH,coop,coop,20
6582,2138,3,F.A.,pess,inv,pess_inv,6,7,15,SG,def,coop,20
6583,2138,3,F.A.,pess,inv,pess_inv,7,7,5,HG,def,coop,20
6584,2138,3,F.A.,pess,inv,pess_inv,8,3,15,PD,coop,coop,20
6585,2138,3,F.A.,pess,inv,pess_inv,9,0,5,SH,coop,coop,20
6586,2138,3,F.A.,pess,inv,pess_inv,10,10,5,HG,def,coop,20
6587,2138,3,F.A.,pess,inv,pess_inv,11,10,15,SG,def,coop,20
6588,2138,3,F.A.,pess,inv,pess_inv,12,10,12,SG,def,coop,20
6589,2138,3,F.A.,pess,inv,pess_inv,13,0,12,PD,coop,coop,20
6590,2138,3,F.A.,pess,inv,pess_inv,14,3,5,SH,coop,coop,20
6591,2138,3,F.A.,pess,inv,pess_inv,15,10,8,HG,def,coop,20
6592,2139,0,G.P.,pess,nat,pess_nat,0,7,15,SG,coop,coop,60
6593,2139,0,G.P.,pess,nat,pess_nat,1,3,15,PD,def,coop,60
6594,2139,0,G.P.,pess,nat,pess_nat,2,3,8,SH,def,coop,40
6595,2139,0,G.P.,pess,nat,pess_nat,3,7,5,HG,coop,coop,60
6596,2139,0,G.P.,pess,nat,pess_nat,4,10,15,SG,coop,coop,60
6597,2139,0,G.P.,pess,nat,pess_nat,5,7,8,HG,coop,coop,60
6598,2139,0,G.P.,pess,nat,pess_nat,6,0,5,SH,def,coop,70
6599,2139,0,G.P.,pess,nat,pess_nat,7,0,12,PD,def,def,70
6600,2139,0,G.P.,pess,nat,pess_nat,8,3,12,PD,def,def,70
6601,2139,0,G.P.,pess,nat,pess_nat,9,7,12,SG,coop,def,70
6602,2139,0,G.P.,pess,nat,pess_nat,10,10,8,HG,coop,def,70
6603,2139,0,G.P.,pess,nat,pess_nat,11,3,5,SH,def,def,70
6604,2139,0,G.P.,pess,nat,pess_nat,12,10,12,SG,coop,def,70
6605,2139,0,G.P.,pess,nat,pess_nat,13,0,15,PD,def,def,70
6606,2139,0,G.P.,pess,nat,pess_nat,14,10,5,HG,coop,coop,70
6607,2139,0,G.P.,pess,nat,pess_nat,15,0,8,SH,def,def,70
6608,2139,1,D.T.,opt,nat,opt_nat,0,7,15,SG,def,coop,60
6609,2139,1,D.T.,opt,nat,opt_nat,1,7,5,HG,coop,coop,60
6610,2139,1,D.T.,opt,nat,opt_nat,2,3,8,SH,coop,def,60
6611,2139,1,D.T.,opt,nat,opt_nat,3,0,12,PD,def,def,60
6612,2139,1,D.T.,opt,nat,opt_nat,4,7,8,HG,coop,def,60
6613,2139,1,D.T.,opt,nat,opt_nat,5,0,8,SH,coop,def,60
6614,2139,1,D.T.,opt,nat,opt_nat,6,10,15,SG,def,def,60
6615,2139,1,D.T.,opt,nat,opt_nat,7,0,15,PD,def,def,60
6616,2139,1,D.T.,opt,nat,opt_nat,8,10,5,HG,coop,coop,60
6617,2139,1,D.T.,opt,nat,opt_nat,9,3,5,SH,coop,def,60
6618,2139,1,D.T.,opt,nat,opt_nat,10,3,15,PD,def,def,60
6619,2139,1,D.T.,opt,nat,opt_nat,11,10,12,SG,def,def,60
6620,2139,1,D.T.,opt,nat,opt_nat,12,0,5,SH,coop,def,60
6621,2139,1,D.T.,opt,nat,opt_nat,13,3,12,PD,def,def,60
6622,2139,1,D.T.,opt,nat,opt_nat,14,7,12,SG,def,def,60
6623,2139,1,D.T.,opt,nat,opt_nat,15,10,8,HG,coop,def,60
6624,2139,2,F.A.,opt,inv,opt_inv,0,0,12,PD,coop,def,60
6625,2139,2,F.A.,opt,inv,opt_inv,1,7,5,HG,def,coop,60
6626,2139,2,F.A.,opt,inv,opt_inv,2,10,12,SG,coop,def,60
6627,2139,2,F.A.,opt,inv,opt_inv,3,3,5,SH,def,def,60
6628,2139,2,F.A.,opt,inv,opt_inv,4,0,8,SH,def,def,60
6629,2139,2,F.A.,opt,inv,opt_inv,5,0,15,PD,coop,def,60
6630,2139,2,F.A.,opt,inv,opt_inv,6,10,5,HG,def,coop,60
6631,2139,2,F.A.,opt,inv,opt_inv,7,7,12,SG,coop,def,60
6632,2139,2,F.A.,opt,inv,opt_inv,8,3,15,PD,coop,def,60
6633,2139,2,F.A.,opt,inv,opt_inv,9,10,15,SG,coop,def,60
6634,2139,2,F.A.,opt,inv,opt_inv,10,7,8,HG,def,coop,60
6635,2139,2,F.A.,opt,inv,opt_inv,11,0,5,SH,def,def,60
6636,2139,2,F.A.,opt,inv,opt_inv,12,10,8,HG,def,def,60
6637,2139,2,F.A.,opt,inv,opt_inv,13,7,15,SG,coop,coop,60
6638,2139,2,F.A.,opt,inv,opt_inv,14,3,8,SH,def,def,60
6639,2139,2,F.A.,opt,inv,opt_inv,15,3,12,PD,coop,def,60
6640,2139,3,E.B.,pess,inv,pess_inv,0,7,12,SG,def,def,60
6641,2139,3,E.B.,pess,inv,pess_inv,1,7,8,HG,def,coop,60
6642,2139,3,E.B.,pess,inv,pess_inv,2,0,5,SH,coop,def,60
6643,2139,3,E.B.,pess,inv,pess_inv,3,3,15,PD,coop,def,60
6644,2139,3,E.B.,pess,inv,pess_inv,4,0,12,PD,coop,def,60
6645,2139,3,E.B.,pess,inv,pess_inv,5,0,8,SH,coop,def,60
6646,2139,3,E.B.,pess,inv,pess_inv,6,10,12,SG,def,def,60
6647,2139,3,E.B.,pess,inv,pess_inv,7,10,5,HG,def,coop,60
6648,2139,3,E.B.,pess,inv,pess_inv,8,10,8,HG,def,coop,60
6649,2139,3,E.B.,pess,inv,pess_inv,9,10,15,SG,def,def,60
6650,2139,3,E.B.,pess,inv,pess_inv,10,3,8,SH,coop,def,60
6651,2139,3,E.B.,pess,inv,pess_inv,11,3,12,PD,coop,def,60
6652,2139,3,E.B.,pess,inv,pess_inv,12,7,15,SG,def,def,60
6653,2139,3,E.B.,pess,inv,pess_inv,13,7,5,HG,def,def,60
6654,2139,3,E.B.,pess,inv,pess_inv,14,3,5,SH,coop,def,60
6655,2139,3,E.B.,pess,inv,pess_inv,15,0,15,PD,coop,def,60
6656,2140,0,E.B.,pess,nat,pess_nat,0,7,15,SG,coop,def,80
6657,2140,0,E.B.,pess,nat,pess_nat,1,3,15,PD,def,coop,90
6658,2140,0,E.B.,pess,nat,pess_nat,2,3,8,SH,def,coop,50
6659,2140,0,E.B.,pess,nat,pess_nat,3,7,5,HG,coop,def,80
6660,2140,0,E.B.,pess,nat,pess_nat,4,10,15,SG,coop,def,90
6661,2140,0,E.B.,pess,nat,pess_nat,5,7,8,HG,coop,coop,80
6662,2140,0,E.B.,pess,nat,pess_nat,6,0,5,SH,def,coop,90
6663,2140,0,E.B.,pess,nat,pess_nat,7,0,12,PD,def,def,80
6664,2140,0,E.B.,pess,nat,pess_nat,8,3,12,PD,def,def,80
6665,2140,0,E.B.,pess,nat,pess_nat,9,7,12,SG,coop,def,80
6666,2140,0,E.B.,pess,nat,pess_nat,10,10,8,HG,coop,coop,80
6667,2140,0,E.B.,pess,nat,pess_nat,11,3,5,SH,def,coop,80
6668,2140,0,E.B.,pess,nat,pess_nat,12,10,12,SG,coop,coop,80
6669,2140,0,E.B.,pess,nat,pess_nat,13,0,15,PD,def,def,80
6670,2140,0,E.B.,pess,nat,pess_nat,14,10,5,HG,coop,coop,80
6671,2140,0,E.B.,pess,nat,pess_nat,15,0,8,SH,def,coop,80
6672,2140,1,D.T.,opt,nat,opt_nat,0,0,8,SH,coop,def,80
6673,2140,1,D.T.,opt,nat,opt_nat,1,7,5,HG,coop,def,80
6674,2140,1,D.T.,opt,nat,opt_nat,2,10,15,SG,def,def,80
6675,2140,1,D.T.,opt,nat,opt_nat,3,3,12,PD,def,coop,80
6676,2140,1,D.T.,opt,nat,opt_nat,4,7,15,SG,def,coop,80
6677,2140,1,D.T.,opt,nat,opt_nat,5,7,8,HG,coop,def,80
6678,2140,1,D.T.,opt,nat,opt_nat,6,3,5,SH,coop,def,80
6679,2140,1,D.T.,opt,nat,opt_nat,7,3,15,PD,def,def,80
6680,2140,1,D.T.,opt,nat,opt_nat,8,0,15,PD,def,def,80
6681,2140,1,D.T.,opt,nat,opt_nat,9,10,8,HG,coop,coop,80
6682,2140,1,D.T.,opt,nat,opt_nat,10,10,12,SG,def,def,80
6683,2140,1,D.T.,opt,nat,opt_nat,11,0,5,SH,coop,def,80
6684,2140,1,D.T.,opt,nat,opt_nat,12,0,12,PD,def,def,80
6685,2140,1,D.T.,opt,nat,opt_nat,13,3,8,SH,coop,def,80
6686,2140,1,D.T.,opt,nat,opt_nat,14,10,5,HG,coop,coop,80
6687,2140,1,D.T.,opt,nat,opt_nat,15,7,12,SG,def,def,80
6688,2140,2,F.A.,pess,inv,pess_inv,0,3,12,PD,coop,def,80
6689,2140,2,F.A.,pess,inv,pess_inv,1,7,8,HG,def,def,80
6690,2140,2,F.A.,pess,inv,pess_inv,2,3,8,SH,coop,def,80
6691,2140,2,F.A.,pess,inv,pess_inv,3,7,12,SG,def,def,80
6692,2140,2,F.A.,pess,inv,pess_inv,4,0,15,PD,coop,def,80
6693,2140,2,F.A.,pess,inv,pess_inv,5,0,8,SH,coop,def,80
6694,2140,2,F.A.,pess,inv,pess_inv,6,7,15,SG,def,def,80
6695,2140,2,F.A.,pess,inv,pess_inv,7,7,5,HG,def,coop,80
6696,2140,2,F.A.,pess,inv,pess_inv,8,3,15,PD,coop,def,80
6697,2140,2,F.A.,pess,inv,pess_inv,9,0,5,SH,coop,def,80
6698,2140,2,F.A.,pess,inv,pess_inv,10,10,5,HG,def,coop,80
6699,2140,2,F.A.,pess,inv,pess_inv,11,10,15,SG,def,coop,80
6700,2140,2,F.A.,pess,inv,pess_inv,12,10,12,SG,def,coop,80
6701,2140,2,F.A.,pess,inv,pess_inv,13,0,12,PD,coop,coop,80
6702,2140,2,F.A.,pess,inv,pess_inv,14,3,5,SH,coop,coop,80
6703,2140,2,F.A.,pess,inv,pess_inv,15,10,8,HG,def,coop,80
6704,2140,3,G.P.,opt,inv,opt_inv,0,7,15,SG,coop,coop,80
6705,2140,3,G.P.,opt,inv,opt_inv,1,7,5,HG,def,coop,80
6706,2140,3,G.P.,opt,inv,opt_inv,2,3,8,SH,def,coop,80
6707,2140,3,G.P.,opt,inv,opt_inv,3,0,12,PD,coop,def,80
6708,2140,3,G.P.,opt,inv,opt_inv,4,7,8,HG,def,coop,80
6709,2140,3,G.P.,opt,inv,opt_inv,5,0,8,SH,def,def,80
6710,2140,3,G.P.,opt,inv,opt_inv,6,10,15,SG,coop,coop,80
6711,2140,3,G.P.,opt,inv,opt_inv,7,0,15,PD,coop,def,80
6712,2140,3,G.P.,opt,inv,opt_inv,8,10,5,HG,def,coop,80
6713,2140,3,G.P.,opt,inv,opt_inv,9,3,5,SH,def,coop,80
6714,2140,3,G.P.,opt,inv,opt_inv,10,3,15,PD,coop,def,80
6715,2140,3,G.P.,opt,inv,opt_inv,11,10,12,SG,coop,coop,80
6716,2140,3,G.P.,opt,inv,opt_inv,12,0,5,SH,def,def,80
6717,2140,3,G.P.,opt,inv,opt_inv,13,3,12,PD,coop,def,80
6718,2140,3,G.P.,opt,inv,opt_inv,14,7,12,SG,coop,def,80
6719,2140,3,G.P.,opt,inv,opt_inv,15,10,8,HG,def,coop,80
6720,2141,0,G.P.,opt,nat,opt_nat,0,0,12,PD,def,coop,70
6721,2141,0,G.P.,opt,nat,opt_nat,1,0,8,SH,coop,coop,70
6722,2141,0,G.P.,opt,nat,opt_nat,2,7,15,SG,def,coop,60
6723,2141,0,G.P.,opt,nat,opt_nat,3,7,8,HG,coop,coop,60
6724,2141,0,G.P.,opt,nat,opt_nat,4,3,12,PD,def,coop,50
6725,2141,0,G.P.,opt,nat,opt_nat,5,0,5,SH,coop,coop,60
6726,2141,0,G.P.,opt,nat,opt_nat,6,10,8,HG,coop,coop,60
6727,2141,0,G.P.,opt,nat,opt_nat,7,10,15,SG,def,coop,60
6728,2141,0,G.P.,opt,nat,opt_nat,8,10,12,SG,def,coop,50
6729,2141,0,G.P.,opt,nat,opt_nat,9,0,15,PD,def,coop,50
6730,2141,0,G.P.,opt,nat,opt_nat,10,10,5,HG,coop,coop,60
6731,2141,0,G.P.,opt,nat,opt_nat,11,3,8,SH,coop,coop,60
6732,2141,0,G.P.,opt,nat,opt_nat,12,7,12,SG,def,coop,50
6733,2141,0,G.P.,opt,nat,opt_nat,13,3,15,PD,def,coop,50
6734,2141,0,G.P.,opt,nat,opt_nat,14,3,5,SH,coop,coop,60
6735,2141,0,G.P.,opt,nat,opt_nat,15,7,5,HG,coop,coop,60
6736,2141,1,D.T.,pess,nat,pess_nat,0,10,8,HG,coop,coop,60
6737,2141,1,D.T.,pess,nat,pess_nat,1,7,12,SG,coop,coop,60
6738,2141,1,D.T.,pess,nat,pess_nat,2,0,12,PD,def,coop,60
6739,2141,1,D.T.,pess,nat,pess_nat,3,0,8,SH,def,coop,60
6740,2141,1,D.T.,pess,nat,pess_nat,4,3,8,SH,def,coop,60
6741,2141,1,D.T.,pess,nat,pess_nat,5,3,15,PD,def,coop,50
6742,2141,1,D.T.,pess,nat,pess_nat,6,10,15,SG,coop,coop,50
6743,2141,1,D.T.,pess,nat,pess_nat,7,10,5,HG,coop,coop,60
6744,2141,1,D.T.,pess,nat,pess_nat,8,3,12,PD,def,coop,50
6745,2141,1,D.T.,pess,nat,pess_nat,9,7,8,HG,coop,coop,50
6746,2141,1,D.T.,pess,nat,pess_nat,10,10,12,SG,coop,coop,50
6747,2141,1,D.T.,pess,nat,pess_nat,11,0,5,SH,def,coop,50
6748,2141,1,D.T.,pess,nat,pess_nat,12,0,15,PD,def,coop,50
6749,2141,1,D.T.,pess,nat,pess_nat,13,7,15,SG,coop,coop,50
6750,2141,1,D.T.,pess,nat,pess_nat,14,7,5,HG,coop,coop,50
6751,2141,1,D.T.,pess,nat,pess_nat,15,3,5,SH,def,coop,50
6752,2141,2,F.A.,opt,inv,opt_inv,0,3,15,PD,coop,coop,50
6753,2141,2,F.A.,opt,inv,opt_inv,1,3,5,SH,def,coop,50
6754,2141,2,F.A.,opt,inv,opt_inv,2,7,12,SG,coop,coop,50
6755,2141,2,F.A.,opt,inv,opt_inv,3,10,5,HG,def,coop,50
6756,2141,2,F.A.,opt,inv,opt_inv,4,0,15,PD,coop,coop,50
6757,2141,2,F.A.,opt,inv,opt_inv,5,0,5,SH,def,coop,50
6758,2141,2,F.A.,opt,inv,opt_inv,6,7,8,HG,def,coop,50
6759,2141,2,F.A.,opt,inv,opt_inv,7,7,15,SG,coop,coop,50
6760,2141,2,F.A.,opt,inv,opt_inv,8,3,12,PD,coop,coop,50
6761,2141,2,F.A.,opt,inv,opt_inv,9,10,8,HG,def,coop,50
6762,2141,2,F.A.,opt,inv,opt_inv,10,3,8,SH,def,coop,50
6763,2141,2,F.A.,opt,inv,opt_inv,11,10,12,SG,coop,coop,50
6764,2141,2,F.A.,opt,inv,opt_inv,12,10,15,SG,coop,coop,50
6765,2141,2,F.A.,opt,inv,opt_inv,13,7,5,HG,def,coop,50
6766,2141,2,F.A.,opt,inv,opt_inv,14,0,8,SH,def,coop,50
6767,2141,2,F.A.,opt,inv,opt_inv,15,0,12,PD,coop,coop,50
6768,2141,3,E.B.,pess,inv,pess_inv,0,7,15,SG,def,coop,50
6769,2141,3,E.B.,pess,inv,pess_inv,1,0,12,PD,coop,coop,50
6770,2141,3,E.B.,pess,inv,pess_inv,2,3,5,SH,coop,coop,50
6771,2141,3,E.B.,pess,inv,pess_inv,3,7,5,HG,def,coop,50
6772,2141,3,E.B.,pess,inv,pess_inv,4,3,12,PD,coop,coop,50
6773,2141,3,E.B.,pess,inv,pess_inv,5,7,8,HG,def,coop,50
6774,2141,3,E.B.,pess,inv,pess_inv,6,0,8,SH,coop,coop,50
6775,2141,3,E.B.,pess,inv,pess_inv,7,10,15,SG,def,coop,50
6776,2141,3,E.B.,pess,inv,pess_inv,8,10,12,SG,def,coop,50
6777,2141,3,E.B.,pess,inv,pess_inv,9,0,15,PD,coop,coop,50
6778,2141,3,E.B.,pess,inv,pess_inv,10,0,5,SH,coop,coop,50
6779,2141,3,E.B.,pess,inv,pess_inv,11,10,8,HG,def,coop,50
6780,2141,3,E.B.,pess,inv,pess_inv,12,7,12,SG,def,coop,50
6781,2141,3,E.B.,pess,inv,pess_inv,13,3,8,SH,coop,coop,50
6782,2141,3,E.B.,pess,inv,pess_inv,14,3,15,PD,coop,coop,50
6783,2141,3,E.B.,pess,inv,pess_inv,15,10,5,HG,def,coop,50
6784,2142,0,E.B.,opt,nat,opt_nat,0,3,15,PD,def,def,80
6785,2142,0,E.B.,opt,nat,opt_nat,1,3,5,SH,coop,coop,80
6786,2142,0,E.B.,opt,nat,opt_nat,2,7,12,SG,def,coop,80
6787,2142,0,E.B.,opt,nat,opt_nat,3,10,5,HG,coop,coop,80
6788,2142,0,E.B.,opt,nat,opt_nat,4,0,15,PD,def,def,80
6789,2142,0,E.B.,opt,nat,opt_nat,5,0,5,SH,coop,coop,80
6790,2142,0,E.B.,opt,nat,opt_nat,6,7,8,HG,coop,coop,80
6791,2142,0,E.B.,opt,nat,opt_nat,7,7,15,SG,def,def,80
6792,2142,0,E.B.,opt,nat,opt_nat,8,3,12,PD,def,def,80
6793,2142,0,E.B.,opt,nat,opt_nat,9,10,8,HG,coop,coop,80
6794,2142,0,E.B.,opt,nat,opt_nat,10,3,8,SH,coop,def,80
6795,2142,0,E.B.,opt,nat,opt_nat,11,10,12,SG,def,def,80
6796,2142,0,E.B.,opt,nat,opt_nat,12,10,15,SG,def,def,80
6797,2142,0,E.B.,opt,nat,opt_nat,13,7,5,HG,coop,coop,80
6798,2142,0,E.B.,opt,nat,opt_nat,14,0,8,SH,coop,def,80
6799,2142,0,E.B.,opt,nat,opt_nat,15,0,12,PD,def,def,80
6800,2142,1,D.T.,pess,nat,pess_nat,0,10,12,SG,coop,coop,80
6801,2142,1,D.T.,pess,nat,pess_nat,1,0,12,PD,def,def,80
6802,2142,1,D.T.,pess,nat,pess_nat,2,3,5,SH,def,coop,80
6803,2142,1,D.T.,pess,nat,pess_nat,3,7,8,HG,coop,def,80
6804,2142,1,D.T.,pess,nat,pess_nat,4,10,5,HG,coop,coop,80
6805,2142,1,D.T.,pess,nat,pess_nat,5,3,12,PD,def,def,80
6806,2142,1,D.T.,pess,nat,pess_nat,6,3,8,SH,def,def,80
6807,2142,1,D.T.,pess,nat,pess_nat,7,10,15,SG,coop,def,80
6808,2142,1,D.T.,pess,nat,pess_nat,8,0,15,PD,def,def,80
6809,2142,1,D.T.,pess,nat,pess_nat,9,7,12,SG,coop,def,80
6810,2142,1,D.T.,pess,nat,pess_nat,10,0,5,SH,def,def,80
6811,2142,1,D.T.,pess,nat,pess_nat,11,7,5,HG,coop,coop,80
6812,2142,1,D.T.,pess,nat,pess_nat,12,10,8,HG,coop,coop,80
6813,2142,1,D.T.,pess,nat,pess_nat,13,0,8,SH,def,def,80
6814,2142,1,D.T.,pess,nat,pess_nat,14,7,15,SG,coop,def,80
6815,2142,1,D.T.,pess,nat,pess_nat,15,3,15,PD,def,def,80
6816,2142,2,G.P.,opt,inv,opt_inv,0,10,8,HG,def,coop,80
6817,2142,2,G.P.,opt,inv,opt_inv,1,7,12,SG,coop,def,80
6818,2142,2,G.P.,opt,inv,opt_inv,2,0,12,PD,coop,def,80
6819,2142,2,G.P.,opt,inv,opt_inv,3,0,8,SH,def,def,80
6820,2142,2,G.P.,opt,inv,opt_inv,4,3,8,SH,def,def,80
6821,2142,2,G.P.,opt,inv,opt_inv,5,3,15,PD,coop,def,80
6822,2142,2,G.P.,opt,inv,opt_inv,6,10,15,SG,coop,def,80
6823,2142,2,G.P.,opt,inv,opt_inv,7,10,5,HG,def,coop,80
6824,2142,2,G.P.,opt,inv,opt_inv,8,3,12,PD,coop,def,80
6825,2142,2,G.P.,opt,inv,opt_inv,9,7,8,HG,def,coop,80
6826,2142,2,G.P.,opt,inv,opt_inv,10,10,12,SG,coop,def,80
6827,2142,2,G.P.,opt,inv,opt_inv,11,0,5,SH,def,def,80
6828,2142,2,G.P.,opt,inv,opt_inv,12,0,15,PD,coop,def,80
6829,2142,2,G.P.,opt,inv,opt_inv,13,7,15,SG,coop,def,80
6830,2142,2,G.P.,opt,inv,opt_inv,14,7,5,HG,def,coop,80
6831,2142,2,G.P.,opt,inv,opt_inv,15,3,5,SH,def,def,80
6832,2142,3,F.A.,pess,inv,pess_inv,0,7,15,SG,def,def,80
6833,2142,3,F.A.,pess,inv,pess_inv,1,0,12,PD,coop,def,80
6834,2142,3,F.A.,pess,inv,pess_inv,2,3,5,SH,coop,def,80
6835,2142,3,F.A.,pess,inv,pess_inv,3,7,5,HG,def,coop,80
6836,2142,3,F.A.,pess,inv,pess_inv,4,3,12,PD,coop,def,80
6837,2142,3,F.A.,pess,inv,pess_inv,5,7,8,HG,def,coop,80
6838,2142,3,F.A.,pess,inv,pess_inv,6,0,8,SH,coop,def,80
6839,2142,3,F.A.,pess,inv,pess_inv,7,10,15,SG,def,def,80
6840,2142,3,F.A.,pess,inv,pess_inv,8,10,12,SG,def,def,80
6841,2142,3,F.A.,pess,inv,pess_inv,9,0,15,PD,coop,def,80
6842,2142,3,F.A.,pess,inv,pess_inv,10,0,5,SH,coop,def,80
6843,2142,3,F.A.,pess,inv,pess_inv,11,10,8,HG,def,coop,80
6844,2142,3,F.A.,pess,inv,pess_inv,12,7,12,SG,def,def,80
6845,2142,3,F.A.,pess,inv,pess_inv,13,3,8,SH,coop,def,80
6846,2142,3,F.A.,pess,inv,pess_inv,14,3,15,PD,coop,def,80
6847,2142,3,F.A.,pess,inv,pess_inv,15,10,5,HG,def,coop,80
6848,2143,0,D.T.,opt,nat,opt_nat,0,0,5,SH,coop,coop,60
6849,2143,0,D.T.,opt,nat,opt_nat,1,10,5,HG,coop,coop,70
6850,2143,0,D.T.,opt,nat,opt_nat,2,3,15,PD,def,coop,80
6851,2143,0,D.T.,opt,nat,opt_nat,3,7,12,SG,def,coop,50
6852,2143,0,D.T.,opt,nat,opt_nat,4,10,8,HG,coop,coop,40
6853,2143,0,D.T.,opt,nat,opt_nat,5,0,15,PD,def,coop,50
6854,2143,0,D.T.,opt,nat,opt_nat,6,3,5,SH,coop,coop,60
6855,2143,0,D.T.,opt,nat,opt_nat,7,7,15,SG,def,coop,50
6856,2143,0,D.T.,opt,nat,opt_nat,8,3,12,PD,def,coop,40
6857,2143,0,D.T.,opt,nat,opt_nat,9,10,12,SG,def,coop,60
6858,2143,0,D.T.,opt,nat,opt_nat,10,7,8,HG,coop,coop,50
6859,2143,0,D.T.,opt,nat,opt_nat,11,3,8,SH,coop,coop,70
6860,2143,0,D.T.,opt,nat,opt_nat,12,0,12,PD,def,coop,70
6861,2143,0,D.T.,opt,nat,opt_nat,13,0,8,SH,coop,coop,60
6862,2143,0,D.T.,opt,nat,opt_nat,14,10,15,SG,def,coop,60
6863,2143,0,D.T.,opt,nat,opt_nat,15,7,5,HG,coop,coop,70
6864,2143,1,G.P.,pess,nat,pess_nat,0,7,5,HG,coop,coop,80
6865,2143,1,G.P.,pess,nat,pess_nat,1,3,5,SH,def,coop,70
6866,2143,1,G.P.,pess,nat,pess_nat,2,7,12,SG,coop,coop,50
6867,2143,1,G.P.,pess,nat,pess_nat,3,3,15,PD,def,coop,40
6868,2143,1,G.P.,pess,nat,pess_nat,4,0,5,SH,def,coop,70
6869,2143,1,G.P.,pess,nat,pess_nat,5,0,15,PD,def,coop,40
6870,2143,1,G.P.,pess,nat,pess_nat,6,7,15,SG,coop,coop,40
6871,2143,1,G.P.,pess,nat,pess_nat,7,10,8,HG,coop,coop,80
6872,2143,1,G.P.,pess,nat,pess_nat,8,10,12,SG,coop,coop,70
6873,2143,1,G.P.,pess,nat,pess_nat,9,3,8,SH,def,coop,80
6874,2143,1,G.P.,pess,nat,pess_nat,10,10,5,HG,coop,coop,80
6875,2143,1,G.P.,pess,nat,pess_nat,11,3,12,PD,def,coop,60
6876,2143,1,G.P.,pess,nat,pess_nat,12,10,15,SG,coop,coop,50
6877,2143,1,G.P.,pess,nat,pess_nat,13,0,12,PD,def,coop,50
6878,2143,1,G.P.,pess,nat,pess_nat,14,0,8,SH,def,coop,70
6879,2143,1,G.P.,pess,nat,pess_nat,15,7,8,HG,coop,coop,60
6880,2143,2,E.B.,opt,inv,opt_inv,0,3,8,SH,def,coop,70
6881,2143,2,E.B.,opt,inv,opt_inv,1,0,15,PD,coop,coop,50
6882,2143,2,E.B.,opt,inv,opt_inv,2,7,8,HG,def,coop,80
6883,2143,2,E.B.,opt,inv,opt_inv,3,7,15,SG,coop,coop,70
6884,2143,2,E.B.,opt,inv,opt_inv,4,3,5,SH,def,coop,80
6885,2143,2,E.B.,opt,inv,opt_inv,5,7,5,HG,def,coop,60
6886,2143,2,E.B.,opt,inv,opt_inv,6,0,12,PD,coop,coop,50
6887,2143,2,E.B.,opt,inv,opt_inv,7,10,12,SG,coop,coop,80
6888,2143,2,E.B.,opt,inv,opt_inv,8,7,12,SG,coop,coop,70
6889,2143,2,E.B.,opt,inv,opt_inv,9,3,15,PD,coop,coop,70
6890,2143,2,E.B.,opt,inv,opt_inv,10,0,8,SH,def,coop,70
6891,2143,2,E.B.,opt,inv,opt_inv,11,10,5,HG,def,coop,80
6892,2143,2,E.B.,opt,inv,opt_inv,12,10,15,SG,coop,coop,80
6893,2143,2,E.B.,opt,inv,opt_inv,13,0,5,SH,def,coop,80
6894,2143,2,E.B.,opt,inv,opt_inv,14,10,8,HG,def,coop,80
6895,2143,2,E.B.,opt,inv,opt_inv,15,3,12,PD,coop,coop,70
6896,2143,3,F.A.,pess,inv,pess_inv,0,10,12,SG,def,coop,60
6897,2143,3,F.A.,pess,inv,pess_inv,1,0,12,PD,coop,coop,50
6898,2143,3,F.A.,pess,inv,pess_inv,2,3,5,SH,coop,coop,70
6899,2143,3,F.A.,pess,inv,pess_inv,3,7,8,HG,def,coop,80
6900,2143,3,F.A.,pess,inv,pess_inv,4,10,5,HG,def,coop,80
6901,2143,3,F.A.,pess,inv,pess_inv,5,3,12,PD,coop,coop,70
6902,2143,3,F.A.,pess,inv,pess_inv,6,3,8,SH,coop,coop,80
6903,2143,3,F.A.,pess,inv,pess_inv,7,10,15,SG,def,coop,80
6904,2143,3,F.A.,pess,inv,pess_inv,8,0,15,PD,coop,coop,70
6905,2143,3,F.A.,pess,inv,pess_inv,9,7,12,SG,def,coop,70
6906,2143,3,F.A.,pess,inv,pess_inv,10,0,5,SH,coop,coop,70
6907,2143,3,F.A.,pess,inv,pess_inv,11,7,5,HG,def,coop,80
6908,2143,3,F.A.,pess,inv,pess_inv,12,10,8,HG,def,coop,80
6909,2143,3,F.A.,pess,inv,pess_inv,13,0,8,SH,coop,coop,80
6910,2143,3,F.A.,pess,inv,pess_inv,14,7,15,SG,def,coop,80
6911,2143,3,F.A.,pess,inv,pess_inv,15,3,15,PD,coop,coop,70
6912,2144,0,E.B.,pess,nat,pess_nat,0,3,5,SH,def,def,40
6913,2144,0,E.B.,pess,nat,pess_nat,1,0,15,PD,def,def,70
6914,2144,0,E.B.,pess,nat,pess_nat,2,7,8,HG,coop,def,60
6915,2144,0,E.B.,pess,nat,pess_nat,3,10,12,SG,coop,def,60
6916,2144,0,E.B.,pess,nat,pess_nat,4,7,12,SG,coop,def,50
6917,2144,0,E.B.,pess,nat,pess_nat,5,10,8,HG,coop,coop,50
6918,2144,0,E.B.,pess,nat,pess_nat,6,0,5,SH,def,coop,50
6919,2144,0,E.B.,pess,nat,pess_nat,7,0,12,PD,def,def,50
6920,2144,0,E.B.,pess,nat,pess_nat,8,7,5,HG,coop,coop,50
6921,2144,0,E.B.,pess,nat,pess_nat,9,3,8,SH,def,coop,50
6922,2144,0,E.B.,pess,nat,pess_nat,10,3,12,PD,def,def,50
6923,2144,0,E.B.,pess,nat,pess_nat,11,7,15,SG,coop,def,50
6924,2144,0,E.B.,pess,nat,pess_nat,12,3,15,PD,def,def,50
6925,2144,0,E.B.,pess,nat,pess_nat,13,10,5,HG,coop,coop,50
6926,2144,0,E.B.,pess,nat,pess_nat,14,10,15,SG,coop,def,50
6927,2144,0,E.B.,pess,nat,pess_nat,15,0,8,SH,def,def,50
6928,2144,1,D.T.,opt,nat,opt_nat,0,10,5,HG,coop,coop,60
6929,2144,1,D.T.,opt,nat,opt_nat,1,3,5,SH,coop,coop,60
6930,2144,1,D.T.,opt,nat,opt_nat,2,0,15,PD,def,def,70
6931,2144,1,D.T.,opt,nat,opt_nat,3,7,12,SG,def,coop,50
6932,2144,1,D.T.,opt,nat,opt_nat,4,10,15,SG,def,coop,40
6933,2144,1,D.T.,opt,nat,opt_nat,5,10,8,HG,coop,coop,50
6934,2144,1,D.T.,opt,nat,opt_nat,6,0,12,PD,def,def,60
6935,2144,1,D.T.,opt,nat,opt_nat,7,0,5,SH,coop,coop,60
6936,2144,1,D.T.,opt,nat,opt_nat,8,7,15,SG,def,coop,60
6937,2144,1,D.T.,opt,nat,opt_nat,9,0,8,SH,coop,coop,60
6938,2144,1,D.T.,opt,nat,opt_nat,10,3,15,PD,def,def,60
6939,2144,1,D.T.,opt,nat,opt_nat,11,7,5,HG,coop,coop,60
6940,2144,1,D.T.,opt,nat,opt_nat,12,3,12,PD,def,def,60
6941,2144,1,D.T.,opt,nat,opt_nat,13,10,12,SG,def,def,60
6942,2144,1,D.T.,opt,nat,opt_nat,14,3,8,SH,coop,def,60
6943,2144,1,D.T.,opt,nat,opt_nat,15,7,8,HG,coop,coop,60
6944,2144,2,G.P.,opt,inv,opt_inv,0,3,12,PD,coop,def,60
6945,2144,2,G.P.,opt,inv,opt_inv,1,7,8,HG,def,coop,60
6946,2144,2,G.P.,opt,inv,opt_inv,2,3,8,SH,def,coop,60
6947,2144,2,G.P.,opt,inv,opt_inv,3,7,12,SG,coop,coop,60
6948,2144,2,G.P.,opt,inv,opt_inv,4,0,15,PD,coop,def,60
6949,2144,2,G.P.,opt,inv,opt_inv,5,0,8,SH,def,coop,60
6950,2144,2,G.P.,opt,inv,opt_inv,6,7,15,SG,coop,coop,60
6951,2144,2,G.P.,opt,inv,opt_inv,7,7,5,HG,def,coop,60
6952,2144,2,G.P.,opt,inv,opt_inv,8,3,15,PD,coop,def,60
6953,2144,2,G.P.,opt,inv,opt_inv,9,0,5,SH,def,coop,60
6954,2144,2,G.P.,opt,inv,opt_inv,10,10,5,HG,def,coop,60
6955,2144,2,G.P.,opt,inv,opt_inv,11,10,15,SG,coop,coop,60
6956,2144,2,G.P.,opt,inv,opt_inv,12,10,12,SG,coop,coop,60
6957,2144,2,G.P.,opt,inv,opt_inv,13,0,12,PD,coop,def,60
6958,2144,2,G.P.,opt,inv,opt_inv,14,3,5,SH,def,coop,60
6959,2144,2,G.P.,opt,inv,opt_inv,15,10,8,HG,def,coop,60
6960,2144,3,F.A.,pess,inv,pess_inv,0,7,15,SG,def,def,60
6961,2144,3,F.A.,pess,inv,pess_inv,1,3,15,PD,coop,def,60
6962,2144,3,F.A.,pess,inv,pess_inv,2,3,8,SH,coop,def,60
6963,2144,3,F.A.,pess,inv,pess_inv,3,7,5,HG,def,coop,60
6964,2144,3,F.A.,pess,inv,pess_inv,4,10,15,SG,def,def,60
6965,2144,3,F.A.,pess,inv,pess_inv,5,7,8,HG,def,def,60
6966,2144,3,F.A.,pess,inv,pess_inv,6,0,5,SH,coop,def,60
6967,2144,3,F.A.,pess,inv,pess_inv,7,0,12,PD,coop,def,60
6968,2144,3,F.A.,pess,inv,pess_inv,8,3,12,PD,coop,def,60
6969,2144,3,F.A.,pess,inv,pess_inv,9,7,12,SG,def,coop,60
6970,2144,3,F.A.,pess,inv,pess_inv,10,10,8,HG,def,coop,60
6971,2144,3,F.A.,pess,inv,pess_inv,11,3,5,SH,coop,def,60
6972,2144,3,F.A.,pess,inv,pess_inv,12,10,12,SG,def,coop,60
6973,2144,3,F.A.,pess,inv,pess_inv,13,0,15,PD,coop,def,60
6974,2144,3,F.A.,pess,inv,pess_inv,14,10,5,HG,def,coop,60
6975,2144,3,F.A.,pess,inv,pess_inv,15,0,8,SH,coop,coop,60
6976,2145,0,G.P.,pess,nat,pess_nat,0,7,15,SG,coop,coop,80
6977,2145,0,G.P.,pess,nat,pess_nat,1,7,5,HG,coop,coop,70
6978,2145,0,G.P.,pess,nat,pess_nat,2,3,8,SH,def,coop,70
6979,2145,0,G.P.,pess,nat,pess_nat,3,0,12,PD,def,def,80
6980,2145,0,G.P.,pess,nat,pess_nat,4,7,8,HG,coop,coop,70
6981,2145,0,G.P.,pess,nat,pess_nat,5,0,8,SH,def,def,80
6982,2145,0,G.P.,pess,nat,pess_nat,6,10,15,SG,coop,def,80
6983,2145,0,G.P.,pess,nat,pess_nat,7,0,15,PD,def,def,80
6984,2145,0,G.P.,pess,nat,pess_nat,8,10,5,HG,coop,coop,70
6985,2145,0,G.P.,pess,nat,pess_nat,9,3,5,SH,def,coop,70
6986,2145,0,G.P.,pess,nat,pess_nat,10,3,15,PD,def,def,80
6987,2145,0,G.P.,pess,nat,pess_nat,11,10,12,SG,coop,def,80
6988,2145,0,G.P.,pess,nat,pess_nat,12,0,5,SH,def,def,80
6989,2145,0,G.P.,pess,nat,pess_nat,13,3,12,PD,def,def,80
6990,2145,0,G.P.,pess,nat,pess_nat,14,7,12,SG,coop,def,80
6991,2145,0,G.P.,pess,nat,pess_nat,15,10,8,HG,coop,coop,70
6992,2145,1,F.A.,opt,nat,opt_nat,0,10,8,HG,coop,coop,70
6993,2145,1,F.A.,opt,nat,opt_nat,1,3,5,SH,coop,coop,70
6994,2145,1,F.A.,opt,nat,opt_nat,2,7,12,SG,def,def,80
6995,2145,1,F.A.,opt,nat,opt_nat,3,3,12,PD,def,def,80
6996,2145,1,F.A.,opt,nat,opt_nat,4,7,5,HG,coop,coop,70
6997,2145,1,F.A.,opt,nat,opt_nat,5,10,15,SG,def,def,80
6998,2145,1,F.A.,opt,nat,opt_nat,6,0,12,PD,def,def,80
6999,2145,1,F.A.,opt,nat,opt_nat,7,0,5,SH,coop,def,80
7000,2145,1,F.A.,opt,nat,opt_nat,8,10,5,HG,coop,coop,70
7001,2145,1,F.A.,opt,nat,opt_nat,9,3,8,SH,coop,def,80
7002,2145,1,F.A.,opt,nat,opt_nat,10,7,15,SG,def,def,80
7003,2145,1,F.A.,opt,nat,opt_nat,11,3,15,PD,def,def,80
7004,2145,1,F.A.,opt,nat,opt_nat,12,0,15,PD,def,def,80
7005,2145,1,F.A.,opt,nat,opt_nat,13,0,8,SH,coop,def,80
7006,2145,1,F.A.,opt,nat,opt_nat,14,10,12,SG,def,coop,70
7007,2145,1,F.A.,opt,nat,opt_nat,15,7,8,HG,coop,coop,70
7008,2145,2,E.B.,pess,inv,pess_inv,0,0,8,SH,coop,def,80
7009,2145,2,E.B.,pess,inv,pess_inv,1,7,5,HG,def,coop,70
7010,2145,2,E.B.,pess,inv,pess_inv,2,10,15,SG,def,def,80
7011,2145,2,E.B.,pess,inv,pess_inv,3,3,12,PD,coop,def,80
7012,2145,2,E.B.,pess,inv,pess_inv,4,7,15,SG,def,def,80
7013,2145,2,E.B.,pess,inv,pess_inv,5,7,8,HG,def,coop,70
7014,2145,2,E.B.,pess,inv,pess_inv,6,3,5,SH,coop,coop,70
7015,2145,2,E.B.,pess,inv,pess_inv,7,3,15,PD,coop,def,80
7016,2145,2,E.B.,pess,inv,pess_inv,8,0,15,PD,coop,def,80
7017,2145,2,E.B.,pess,inv,pess_inv,9,10,8,HG,def,coop,70
7018,2145,2,E.B.,pess,inv,pess_inv,10,10,12,SG,def,def,80
7019,2145,2,E.B.,pess,inv,pess_inv,11,0,5,SH,coop,def,80
7020,2145,2,E.B.,pess,inv,pess_inv,12,0,12,PD,coop,def,80
7021,2145,2,E.B.,pess,inv,pess_inv,13,3,8,SH,coop,def,80
7022,2145,2,E.B.,pess,inv,pess_inv,14,10,5,HG,def,coop,70
7023,2145,2,E.B.,pess,inv,pess_inv,15,7,12,SG,def,def,80
7024,2145,3,D.T.,opt,inv,opt_inv,0,3,12,PD,coop,def,80
7025,2145,3,D.T.,opt,inv,opt_inv,1,7,8,HG,def,coop,70
7026,2145,3,D.T.,opt,inv,opt_inv,2,3,8,SH,def,def,80
7027,2145,3,D.T.,opt,inv,opt_inv,3,7,12,SG,coop,def,80
7028,2145,3,D.T.,opt,inv,opt_inv,4,0,15,PD,coop,def,80
7029,2145,3,D.T.,opt,inv,opt_inv,5,0,8,SH,def,def,80
7030,2145,3,D.T.,opt,inv,opt_inv,6,7,15,SG,coop,def,80
7031,2145,3,D.T.,opt,inv,opt_inv,7,7,5,HG,def,coop,70
7032,2145,3,D.T.,opt,inv,opt_inv,8,3,15,PD,coop,def,80
7033,2145,3,D.T.,opt,inv,opt_inv,9,0,5,SH,def,def,80
7034,2145,3,D.T.,opt,inv,opt_inv,10,10,5,HG,def,coop,70
7035,2145,3,D.T.,opt,inv,opt_inv,11,10,15,SG,coop,def,80
7036,2145,3,D.T.,opt,inv,opt_inv,12,10,12,SG,coop,coop,70
7037,2145,3,D.T.,opt,inv,opt_inv,13,0,12,PD,coop,def,80
7038,2145,3,D.T.,opt,inv,opt_inv,14,3,5,SH,def,def,80
7039,2145,3,D.T.,opt,inv,opt_inv,15,10,8,HG,def,coop,70
7040,2146,0,E.B.,pess,nat,pess_nat,0,10,12,SG,coop,coop,70
7041,2146,0,E.B.,pess,nat,pess_nat,1,0,12,PD,def,def,90
7042,2146,0,E.B.,pess,nat,pess_nat,2,3,5,SH,def,def,80
7043,2146,0,E.B.,pess,nat,pess_nat,3,7,8,HG,coop,def,60
7044,2146,0,E.B.,pess,nat,pess_nat,4,10,5,HG,coop,coop,80
7045,2146,0,E.B.,pess,nat,pess_nat,5,3,12,PD,def,def,90
7046,2146,0,E.B.,pess,nat,pess_nat,6,3,8,SH,def,coop,60
7047,2146,0,E.B.,pess,nat,pess_nat,7,10,15,SG,coop,def,80
7048,2146,0,E.B.,pess,nat,pess_nat,8,0,15,PD,def,def,80
7049,2146,0,E.B.,pess,nat,pess_nat,9,7,12,SG,coop,def,60
7050,2146,0,E.B.,pess,nat,pess_nat,10,0,5,SH,def,def,80
7051,2146,0,E.B.,pess,nat,pess_nat,11,7,5,HG,coop,coop,70
7052,2146,0,E.B.,pess,nat,pess_nat,12,10,8,HG,coop,coop,80
7053,2146,0,E.B.,pess,nat,pess_nat,13,0,8,SH,def,coop,80
7054,2146,0,E.B.,pess,nat,pess_nat,14,7,15,SG,coop,def,80
7055,2146,0,E.B.,pess,nat,pess_nat,15,3,15,PD,def,def,80
7056,2146,1,F.A.,opt,nat,opt_nat,0,3,15,PD,def,def,80
7057,2146,1,F.A.,opt,nat,opt_nat,1,3,5,SH,coop,coop,60
7058,2146,1,F.A.,opt,nat,opt_nat,2,7,12,SG,def,coop,60
7059,2146,1,F.A.,opt,nat,opt_nat,3,10,5,HG,coop,coop,80
7060,2146,1,F.A.,opt,nat,opt_nat,4,0,15,PD,def,def,80
7061,2146,1,F.A.,opt,nat,opt_nat,5,0,5,SH,coop,coop,70
7062,2146,1,F.A.,opt,nat,opt_nat,6,7,8,HG,coop,def,60
7063,2146,1,F.A.,opt,nat,opt_nat,7,7,15,SG,def,def,60
7064,2146,1,F.A.,opt,nat,opt_nat,8,3,12,PD,def,def,80
7065,2146,1,F.A.,opt,nat,opt_nat,9,10,8,HG,coop,coop,80
7066,2146,1,F.A.,opt,nat,opt_nat,10,3,8,SH,coop,def,80
7067,2146,1,F.A.,opt,nat,opt_nat,11,10,12,SG,def,def,60
7068,2146,1,F.A.,opt,nat,opt_nat,12,10,15,SG,def,def,60
7069,2146,1,F.A.,opt,nat,opt_nat,13,7,5,HG,coop,coop,70
7070,2146,1,F.A.,opt,nat,opt_nat,14,0,8,SH,coop,coop,80
7071,2146,1,F.A.,opt,nat,opt_nat,15,0,12,PD,def,def,80
7072,2146,2,D.T.,opt,inv,opt_inv,0,3,5,SH,def,coop,80
7073,2146,2,D.T.,opt,inv,opt_inv,1,0,15,PD,coop,def,80
7074,2146,2,D.T.,opt,inv,opt_inv,2,7,8,HG,def,def,60
7075,2146,2,D.T.,opt,inv,opt_inv,3,10,12,SG,coop,def,60
7076,2146,2,D.T.,opt,inv,opt_inv,4,7,12,SG,coop,def,80
7077,2146,2,D.T.,opt,inv,opt_inv,5,10,8,HG,def,coop,80
7078,2146,2,D.T.,opt,inv,opt_inv,6,0,5,SH,def,coop,80
7079,2146,2,D.T.,opt,inv,opt_inv,7,0,12,PD,coop,def,80
7080,2146,2,D.T.,opt,inv,opt_inv,8,7,5,HG,def,coop,80
7081,2146,2,D.T.,opt,inv,opt_inv,9,3,8,SH,def,def,80
7082,2146,2,D.T.,opt,inv,opt_inv,10,3,12,PD,coop,def,80
7083,2146,2,D.T.,opt,inv,opt_inv,11,7,15,SG,coop,def,80
7084,2146,2,D.T.,opt,inv,opt_inv,12,3,15,PD,coop,def,80
7085,2146,2,D.T.,opt,inv,opt_inv,13,10,5,HG,def,coop,80
7086,2146,2,D.T.,opt,inv,opt_inv,14,10,15,SG,coop,def,80
7087,2146,2,D.T.,opt,inv,opt_inv,15,0,8,SH,def,coop,80
7088,2146,3,G.P.,pess,inv,pess_inv,0,0,8,SH,coop,coop,80
7089,2146,3,G.P.,pess,inv,pess_inv,1,7,5,HG,def,coop,80
7090,2146,3,G.P.,pess,inv,pess_inv,2,10,15,SG,def,def,80
7091,2146,3,G.P.,pess,inv,pess_inv,3,3,12,PD,coop,def,80
7092,2146,3,G.P.,pess,inv,pess_inv,4,7,15,SG,def,def,80
7093,2146,3,G.P.,pess,inv,pess_inv,5,7,8,HG,def,def,80
7094,2146,3,G.P.,pess,inv,pess_inv,6,3,5,SH,coop,coop,80
7095,2146,3,G.P.,pess,inv,pess_inv,7,3,15,PD,coop,def,80
7096,2146,3,G.P.,pess,inv,pess_inv,8,0,15,PD,coop,def,80
7097,2146,3,G.P.,pess,inv,pess_inv,9,10,8,HG,def,coop,80
7098,2146,3,G.P.,pess,inv,pess_inv,10,10,12,SG,def,def,80
7099,2146,3,G.P.,pess,inv,pess_inv,11,0,5,SH,coop,coop,80
7100,2146,3,G.P.,pess,inv,pess_inv,12,0,12,PD,coop,def,80
7101,2146,3,G.P.,pess,inv,pess_inv,13,3,8,SH,coop,coop,80
7102,2146,3,G.P.,pess,inv,pess_inv,14,10,5,HG,def,coop,80
7103,2146,3,G.P.,pess,inv,pess_inv,15,7,12,SG,def,def,80
7104,2147,0,E.B.,pess,nat,pess_nat,0,3,12,PD,def,coop,50
7105,2147,0,E.B.,pess,nat,pess_nat,1,7,8,HG,coop,coop,60
7106,2147,0,E.B.,pess,nat,pess_nat,2,3,8,SH,def,coop,60
7107,2147,0,E.B.,pess,nat,pess_nat,3,7,12,SG,coop,coop,70
7108,2147,0,E.B.,pess,nat,pess_nat,4,0,15,PD,def,coop,70
7109,2147,0,E.B.,pess,nat,pess_nat,5,0,8,SH,def,coop,80
7110,2147,0,E.B.,pess,nat,pess_nat,6,7,15,SG,coop,coop,90
7111,2147,0,E.B.,pess,nat,pess_nat,7,7,5,HG,coop,coop,90
7112,2147,0,E.B.,pess,nat,pess_nat,8,3,15,PD,def,coop,90
7113,2147,0,E.B.,pess,nat,pess_nat,9,0,5,SH,def,coop,90
7114,2147,0,E.B.,pess,nat,pess_nat,10,10,5,HG,coop,coop,80
7115,2147,0,E.B.,pess,nat,pess_nat,11,10,15,SG,coop,coop,70
7116,2147,0,E.B.,pess,nat,pess_nat,12,10,12,SG,coop,coop,70
7117,2147,0,E.B.,pess,nat,pess_nat,13,0,12,PD,def,coop,70
7118,2147,0,E.B.,pess,nat,pess_nat,14,3,5,SH,def,coop,70
7119,2147,0,E.B.,pess,nat,pess_nat,15,10,8,HG,coop,coop,60
7120,2147,1,F.A.,opt,nat,opt_nat,0,7,15,SG,def,coop,40
7121,2147,1,F.A.,opt,nat,opt_nat,1,3,15,PD,def,coop,50
7122,2147,1,F.A.,opt,nat,opt_nat,2,3,8,SH,coop,coop,50
7123,2147,1,F.A.,opt,nat,opt_nat,3,7,5,HG,coop,coop,50
7124,2147,1,F.A.,opt,nat,opt_nat,4,10,15,SG,def,coop,50
7125,2147,1,F.A.,opt,nat,opt_nat,5,7,8,HG,coop,coop,60
7126,2147,1,F.A.,opt,nat,opt_nat,6,0,5,SH,coop,coop,60
7127,2147,1,F.A.,opt,nat,opt_nat,7,0,12,PD,def,coop,60
7128,2147,1,F.A.,opt,nat,opt_nat,8,3,12,PD,def,coop,60
7129,2147,1,F.A.,opt,nat,opt_nat,9,7,12,SG,def,coop,70
7130,2147,1,F.A.,opt,nat,opt_nat,10,10,8,HG,coop,coop,70
7131,2147,1,F.A.,opt,nat,opt_nat,11,3,5,SH,coop,coop,70
7132,2147,1,F.A.,opt,nat,opt_nat,12,10,12,SG,def,coop,70
7133,2147,1,F.A.,opt,nat,opt_nat,13,0,15,PD,def,coop,70
7134,2147,1,F.A.,opt,nat,opt_nat,14,10,5,HG,coop,coop,80
7135,2147,1,F.A.,opt,nat,opt_nat,15,0,8,SH,coop,coop,80
7136,2147,2,D.T.,opt,inv,opt_inv,0,3,5,SH,def,coop,60
7137,2147,2,D.T.,opt,inv,opt_inv,1,0,15,PD,coop,coop,60
7138,2147,2,D.T.,opt,inv,opt_inv,2,7,8,HG,def,coop,60
7139,2147,2,D.T.,opt,inv,opt_inv,3,10,12,SG,coop,coop,60
7140,2147,2,D.T.,opt,inv,opt_inv,4,7,12,SG,coop,coop,60
7141,2147,2,D.T.,opt,inv,opt_inv,5,10,8,HG,def,coop,60
7142,2147,2,D.T.,opt,inv,opt_inv,6,0,5,SH,def,coop,60
7143,2147,2,D.T.,opt,inv,opt_inv,7,0,12,PD,coop,coop,60
7144,2147,2,D.T.,opt,inv,opt_inv,8,7,5,HG,def,coop,60
7145,2147,2,D.T.,opt,inv,opt_inv,9,3,8,SH,def,coop,60
7146,2147,2,D.T.,opt,inv,opt_inv,10,3,12,PD,coop,coop,60
7147,2147,2,D.T.,opt,inv,opt_inv,11,7,15,SG,coop,coop,60
7148,2147,2,D.T.,opt,inv,opt_inv,12,3,15,PD,coop,coop,60
7149,2147,2,D.T.,opt,inv,opt_inv,13,10,5,HG,def,coop,60
7150,2147,2,D.T.,opt,inv,opt_inv,14,10,15,SG,coop,coop,60
7151,2147,2,D.T.,opt,inv,opt_inv,15,0,8,SH,def,coop,60
7152,2147,3,G.P.,pess,inv,pess_inv,0,10,12,SG,def,coop,70
7153,2147,3,G.P.,pess,inv,pess_inv,1,0,12,PD,coop,coop,70
7154,2147,3,G.P.,pess,inv,pess_inv,2,3,5,SH,coop,coop,70
7155,2147,3,G.P.,pess,inv,pess_inv,3,7,8,HG,def,coop,70
7156,2147,3,G.P.,pess,inv,pess_inv,4,10,5,HG,def,coop,80
7157,2147,3,G.P.,pess,inv,pess_inv,5,3,12,PD,coop,coop,80
7158,2147,3,G.P.,pess,inv,pess_inv,6,3,8,SH,coop,coop,80
7159,2147,3,G.P.,pess,inv,pess_inv,7,10,15,SG,def,coop,80
7160,2147,3,G.P.,pess,inv,pess_inv,8,0,15,PD,coop,coop,80
7161,2147,3,G.P.,pess,inv,pess_inv,9,7,12,SG,def,coop,80
7162,2147,3,G.P.,pess,inv,pess_inv,10,0,5,SH,coop,coop,80
7163,2147,3,G.P.,pess,inv,pess_inv,11,7,5,HG,def,coop,80
7164,2147,3,G.P.,pess,inv,pess_inv,12,10,8,HG,def,coop,80
7165,2147,3,G.P.,pess,inv,pess_inv,13,0,8,SH,coop,coop,80
7166,2147,3,G.P.,pess,inv,pess_inv,14,7,15,SG,def,coop,80
7167,2147,3,G.P.,pess,inv,pess_inv,15,3,15,PD,coop,coop,80
7168,2150,0,E.B.,opt,nat,opt_nat,0,10,8,HG,coop,def,40
7169,2150,0,E.B.,opt,nat,opt_nat,1,7,12,SG,def,coop,70
7170,2150,0,E.B.,opt,nat,opt_nat,2,0,12,PD,def,def,80
7171,2150,0,E.B.,opt,nat,opt_nat,3,0,8,SH,coop,def,70
7172,2150,0,E.B.,opt,nat,opt_nat,4,3,8,SH,coop,def,90
7173,2150,0,E.B.,opt,nat,opt_nat,5,3,15,PD,def,def,100
7174,2150,0,E.B.,opt,nat,opt_nat,6,10,15,SG,def,coop,70
7175,2150,0,E.B.,opt,nat,opt_nat,7,10,5,HG,coop,coop,80
7176,2150,0,E.B.,opt,nat,opt_nat,8,3,12,PD,def,def,80
7177,2150,0,E.B.,opt,nat,opt_nat,9,7,8,HG,coop,coop,70
7178,2150,0,E.B.,opt,nat,opt_nat,10,10,12,SG,def,coop,70
7179,2150,0,E.B.,opt,nat,opt_nat,11,0,5,SH,coop,def,80
7180,2150,0,E.B.,opt,nat,opt_nat,12,0,15,PD,def,def,90
7181,2150,0,E.B.,opt,nat,opt_nat,13,7,15,SG,def,def,80
7182,2150,0,E.B.,opt,nat,opt_nat,14,7,5,HG,coop,coop,80
7183,2150,0,E.B.,opt,nat,opt_nat,15,3,5,SH,coop,def,70
7184,2150,1,F.A.,pess,nat,pess_nat,0,7,15,SG,coop,def,80
7185,2150,1,F.A.,pess,nat,pess_nat,1,7,5,HG,coop,coop,80
7186,2150,1,F.A.,pess,nat,pess_nat,2,3,8,SH,def,def,70
7187,2150,1,F.A.,pess,nat,pess_nat,3,0,12,PD,def,def,90
7188,2150,1,F.A.,pess,nat,pess_nat,4,7,8,HG,coop,coop,70
7189,2150,1,F.A.,pess,nat,pess_nat,5,0,8,SH,def,def,90
7190,2150,1,F.A.,pess,nat,pess_nat,6,10,15,SG,coop,def,70
7191,2150,1,F.A.,pess,nat,pess_nat,7,0,15,PD,def,def,90
7192,2150,1,F.A.,pess,nat,pess_nat,8,10,5,HG,coop,coop,80
7193,2150,1,F.A.,pess,nat,pess_nat,9,3,5,SH,def,def,70
7194,2150,1,F.A.,pess,nat,pess_nat,10,3,15,PD,def,def,90
7195,2150,1,F.A.,pess,nat,pess_nat,11,10,12,SG,coop,def,80
7196,2150,1,F.A.,pess,nat,pess_nat,12,0,5,SH,def,def,90
7197,2150,1,F.A.,pess,nat,pess_nat,13,3,12,PD,def,def,90
7198,2150,1,F.A.,pess,nat,pess_nat,14,7,12,SG,coop,def,80
7199,2150,1,F.A.,pess,nat,pess_nat,15,10,8,HG,coop,coop,80
7200,2150,2,G.P.,opt,inv,opt_inv,0,0,12,PD,coop,def,90
7201,2150,2,G.P.,opt,inv,opt_inv,1,7,5,HG,def,coop,80
7202,2150,2,G.P.,opt,inv,opt_inv,2,10,12,SG,coop,def,70
7203,2150,2,G.P.,opt,inv,opt_inv,3,3,5,SH,def,def,70
7204,2150,2,G.P.,opt,inv,opt_inv,4,0,8,SH,def,def,90
7205,2150,2,G.P.,opt,inv,opt_inv,5,0,15,PD,coop,def,90
7206,2150,2,G.P.,opt,inv,opt_inv,6,10,5,HG,def,coop,80
7207,2150,2,G.P.,opt,inv,opt_inv,7,7,12,SG,coop,def,80
7208,2150,2,G.P.,opt,inv,opt_inv,8,3,15,PD,coop,def,90
7209,2150,2,G.P.,opt,inv,opt_inv,9,10,15,SG,coop,def,70
7210,2150,2,G.P.,opt,inv,opt_inv,10,7,8,HG,def,def,70
7211,2150,2,G.P.,opt,inv,opt_inv,11,0,5,SH,def,def,90
7212,2150,2,G.P.,opt,inv,opt_inv,12,10,8,HG,def,coop,80
7213,2150,2,G.P.,opt,inv,opt_inv,13,7,15,SG,coop,def,80
7214,2150,2,G.P.,opt,inv,opt_inv,14,3,8,SH,def,def,80
7215,2150,2,G.P.,opt,inv,opt_inv,15,3,12,PD,coop,def,90
7216,2150,3,D.T.,pess,inv,pess_inv,0,10,5,HG,def,coop,80
7217,2150,3,D.T.,pess,inv,pess_inv,1,7,12,SG,def,def,80
7218,2150,3,D.T.,pess,inv,pess_inv,2,0,12,PD,coop,def,90
7219,2150,3,D.T.,pess,inv,pess_inv,3,3,8,SH,coop,def,80
7220,2150,3,D.T.,pess,inv,pess_inv,4,10,12,SG,def,def,70
7221,2150,3,D.T.,pess,inv,pess_inv,5,0,8,SH,coop,def,90
7222,2150,3,D.T.,pess,inv,pess_inv,6,7,8,HG,def,def,70
7223,2150,3,D.T.,pess,inv,pess_inv,7,0,15,PD,coop,def,90
7224,2150,3,D.T.,pess,inv,pess_inv,8,7,5,HG,def,coop,80
7225,2150,3,D.T.,pess,inv,pess_inv,9,10,15,SG,def,def,70
7226,2150,3,D.T.,pess,inv,pess_inv,10,3,5,SH,coop,def,70
7227,2150,3,D.T.,pess,inv,pess_inv,11,3,15,PD,coop,def,90
7228,2150,3,D.T.,pess,inv,pess_inv,12,3,12,PD,coop,def,90
7229,2150,3,D.T.,pess,inv,pess_inv,13,0,5,SH,coop,def,90
7230,2150,3,D.T.,pess,inv,pess_inv,14,7,15,SG,def,def,80
7231,2150,3,D.T.,pess,inv,pess_inv,15,10,8,HG,def,coop,80
7232,2152,0,E.B.,pess,nat,pess_nat,0,10,8,HG,coop,coop,100
7233,2152,0,E.B.,pess,nat,pess_nat,1,3,5,SH,def,def,100
7234,2152,0,E.B.,pess,nat,pess_nat,2,7,12,SG,coop,coop,100
7235,2152,0,E.B.,pess,nat,pess_nat,3,3,12,PD,def,def,100
7236,2152,0,E.B.,pess,nat,pess_nat,4,7,5,HG,coop,def,100
7237,2152,0,E.B.,pess,nat,pess_nat,5,10,15,SG,coop,def,100
7238,2152,0,E.B.,pess,nat,pess_nat,6,0,12,PD,def,def,100
7239,2152,0,E.B.,pess,nat,pess_nat,7,0,5,SH,def,def,100
7240,2152,0,E.B.,pess,nat,pess_nat,8,10,5,HG,coop,def,100
7241,2152,0,E.B.,pess,nat,pess_nat,9,3,8,SH,def,def,100
7242,2152,0,E.B.,pess,nat,pess_nat,10,7,15,SG,coop,def,100
7243,2152,0,E.B.,pess,nat,pess_nat,11,3,15,PD,def,def,100
7244,2152,0,E.B.,pess,nat,pess_nat,12,0,15,PD,def,def,100
7245,2152,0,E.B.,pess,nat,pess_nat,13,0,8,SH,def,def,100
7246,2152,0,E.B.,pess,nat,pess_nat,14,10,12,SG,coop,coop,100
7247,2152,0,E.B.,pess,nat,pess_nat,15,7,8,HG,coop,coop,100
7248,2152,1,G.P.,opt,nat,opt_nat,0,0,12,PD,def,def,100
7249,2152,1,G.P.,opt,nat,opt_nat,1,0,8,SH,coop,def,100
7250,2152,1,G.P.,opt,nat,opt_nat,2,7,15,SG,def,def,100
7251,2152,1,G.P.,opt,nat,opt_nat,3,7,8,HG,coop,def,100
7252,2152,1,G.P.,opt,nat,opt_nat,4,3,12,PD,def,def,100
7253,2152,1,G.P.,opt,nat,opt_nat,5,0,5,SH,coop,def,100
7254,2152,1,G.P.,opt,nat,opt_nat,6,10,8,HG,coop,def,100
7255,2152,1,G.P.,opt,nat,opt_nat,7,10,15,SG,def,def,100
7256,2152,1,G.P.,opt,nat,opt_nat,8,10,12,SG,def,def,100
7257,2152,1,G.P.,opt,nat,opt_nat,9,0,15,PD,def,def,100
7258,2152,1,G.P.,opt,nat,opt_nat,10,10,5,HG,coop,def,100
7259,2152,1,G.P.,opt,nat,opt_nat,11,3,8,SH,coop,def,100
7260,2152,1,G.P.,opt,nat,opt_nat,12,7,12,SG,def,def,100
7261,2152,1,G.P.,opt,nat,opt_nat,13,3,15,PD,def,def,100
7262,2152,1,G.P.,opt,nat,opt_nat,14,3,5,SH,coop,def,100
7263,2152,1,G.P.,opt,nat,opt_nat,15,7,5,HG,coop,def,100
7264,2152,2,D.T.,pess,inv,pess_inv,0,10,12,SG,def,def,100
7265,2152,2,D.T.,pess,inv,pess_inv,1,0,12,PD,coop,def,100
7266,2152,2,D.T.,pess,inv,pess_inv,2,3,5,SH,coop,def,100
7267,2152,2,D.T.,pess,inv,pess_inv,3,7,8,HG,def,def,100
7268,2152,2,D.T.,pess,inv,pess_inv,4,10,5,HG,def,def,100
7269,2152,2,D.T.,pess,inv,pess_inv,5,3,12,PD,coop,def,100
7270,2152,2,D.T.,pess,inv,pess_inv,6,3,8,SH,coop,def,100
7271,2152,2,D.T.,pess,inv,pess_inv,7,10,15,SG,def,def,100
7272,2152,2,D.T.,pess,inv,pess_inv,8,0,15,PD,coop,def,100
7273,2152,2,D.T.,pess,inv,pess_inv,9,7,12,SG,def,def,100
7274,2152,2,D.T.,pess,inv,pess_inv,10,0,5,SH,coop,def,100
7275,2152,2,D.T.,pess,inv,pess_inv,11,7,5,HG,def,def,100
7276,2152,2,D.T.,pess,inv,pess_inv,12,10,8,HG,def,def,100
7277,2152,2,D.T.,pess,inv,pess_inv,13,0,8,SH,coop,def,100
7278,2152,2,D.T.,pess,inv,pess_inv,14,7,15,SG,def,def,100
7279,2152,2,D.T.,pess,inv,pess_inv,15,3,15,PD,coop,def,100
7280,2152,3,F.A.,opt,inv,opt_inv,0,3,15,PD,coop,def,100
7281,2152,3,F.A.,opt,inv,opt_inv,1,3,5,SH,def,def,100
7282,2152,3,F.A.,opt,inv,opt_inv,2,7,12,SG,coop,def,100
7283,2152,3,F.A.,opt,inv,opt_inv,3,10,5,HG,def,def,100
7284,2152,3,F.A.,opt,inv,opt_inv,4,0,15,PD,coop,def,100
7285,2152,3,F.A.,opt,inv,opt_inv,5,0,5,SH,def,def,100
7286,2152,3,F.A.,opt,inv,opt_inv,6,7,8,HG,def,def,100
7287,2152,3,F.A.,opt,inv,opt_inv,7,7,15,SG,coop,def,100
7288,2152,3,F.A.,opt,inv,opt_inv,8,3,12,PD,coop,def,100
7289,2152,3,F.A.,opt,inv,opt_inv,9,10,8,HG,def,def,100
7290,2152,3,F.A.,opt,inv,opt_inv,10,3,8,SH,def,def,100
7291,2152,3,F.A.,opt,inv,opt_inv,11,10,12,SG,coop,def,100
7292,2152,3,F.A.,opt,inv,opt_inv,12,10,15,SG,coop,def,100
7293,2152,3,F.A.,opt,inv,opt_inv,13,7,5,HG,def,def,100
7294,2152,3,F.A.,opt,inv,opt_inv,14,0,8,SH,def,def,100
7295,2152,3,F.A.,opt,inv,opt_inv,15,0,12,PD,coop,def,100
7296,2154,0,G.P.,pess,nat,pess_nat,0,0,8,SH,def,def,70
7297,2154,0,G.P.,pess,nat,pess_nat,1,7,5,HG,coop,coop,70
7298,2154,0,G.P.,pess,nat,pess_nat,2,10,15,SG,coop,def,80
7299,2154,0,G.P.,pess,nat,pess_nat,3,3,12,PD,def,def,70
7300,2154,0,G.P.,pess,nat,pess_nat,4,7,15,SG,coop,def,70
7301,2154,0,G.P.,pess,nat,pess_nat,5,7,8,HG,coop,coop,80
7302,2154,0,G.P.,pess,nat,pess_nat,6,3,5,SH,def,def,70
7303,2154,0,G.P.,pess,nat,pess_nat,7,3,15,PD,def,def,70
7304,2154,0,G.P.,pess,nat,pess_nat,8,0,15,PD,def,def,70
7305,2154,0,G.P.,pess,nat,pess_nat,9,10,8,HG,coop,coop,70
7306,2154,0,G.P.,pess,nat,pess_nat,10,10,12,SG,coop,def,70
7307,2154,0,G.P.,pess,nat,pess_nat,11,0,5,SH,def,def,70
7308,2154,0,G.P.,pess,nat,pess_nat,12,0,12,PD,def,def,70
7309,2154,0,G.P.,pess,nat,pess_nat,13,3,8,SH,def,def,70
7310,2154,0,G.P.,pess,nat,pess_nat,14,10,5,HG,coop,coop,70
7311,2154,0,G.P.,pess,nat,pess_nat,15,7,12,SG,coop,def,70
7312,2154,1,E.B.,opt,nat,opt_nat,0,3,12,PD,def,def,70
7313,2154,1,E.B.,opt,nat,opt_nat,1,7,8,HG,coop,def,70
7314,2154,1,E.B.,opt,nat,opt_nat,2,3,8,SH,coop,def,70
7315,2154,1,E.B.,opt,nat,opt_nat,3,7,12,SG,def,def,70
7316,2154,1,E.B.,opt,nat,opt_nat,4,0,15,PD,def,def,70
7317,2154,1,E.B.,opt,nat,opt_nat,5,0,8,SH,coop,def,70
7318,2154,1,E.B.,opt,nat,opt_nat,6,7,15,SG,def,def,70
7319,2154,1,E.B.,opt,nat,opt_nat,7,7,5,HG,coop,coop,70
7320,2154,1,E.B.,opt,nat,opt_nat,8,3,15,PD,def,def,70
7321,2154,1,E.B.,opt,nat,opt_nat,9,0,5,SH,coop,def,70
7322,2154,1,E.B.,opt,nat,opt_nat,10,10,5,HG,coop,coop,70
7323,2154,1,E.B.,opt,nat,opt_nat,11,10,15,SG,def,def,70
7324,2154,1,E.B.,opt,nat,opt_nat,12,10,12,SG,def,def,70
7325,2154,1,E.B.,opt,nat,opt_nat,13,0,12,PD,def,def,70
7326,2154,1,E.B.,opt,nat,opt_nat,14,3,5,SH,coop,def,70
7327,2154,1,E.B.,opt,nat,opt_nat,15,10,8,HG,coop,coop,70
7328,2154,2,D.T.,opt,inv,opt_inv,0,0,12,PD,coop,def,70
7329,2154,2,D.T.,opt,inv,opt_inv,1,7,5,HG,def,coop,70
7330,2154,2,D.T.,opt,inv,opt_inv,2,10,12,SG,coop,def,70
7331,2154,2,D.T.,opt,inv,opt_inv,3,3,5,SH,def,def,70
7332,2154,2,D.T.,opt,inv,opt_inv,4,0,8,SH,def,def,70
7333,2154,2,D.T.,opt,inv,opt_inv,5,0,15,PD,coop,def,70
7334,2154,2,D.T.,opt,inv,opt_inv,6,10,5,HG,def,coop,70
7335,2154,2,D.T.,opt,inv,opt_inv,7,7,12,SG,coop,def,70
7336,2154,2,D.T.,opt,inv,opt_inv,8,3,15,PD,coop,def,70
7337,2154,2,D.T.,opt,inv,opt_inv,9,10,15,SG,coop,def,70
7338,2154,2,D.T.,opt,inv,opt_inv,10,7,8,HG,def,def,70
7339,2154,2,D.T.,opt,inv,opt_inv,11,0,5,SH,def,def,70
7340,2154,2,D.T.,opt,inv,opt_inv,12,10,8,HG,def,coop,70
7341,2154,2,D.T.,opt,inv,opt_inv,13,7,15,SG,coop,def,70
7342,2154,2,D.T.,opt,inv,opt_inv,14,3,8,SH,def,def,70
7343,2154,2,D.T.,opt,inv,opt_inv,15,3,12,PD,coop,def,70
7344,2154,3,F.A.,pess,inv,pess_inv,0,10,12,SG,def,def,70
7345,2154,3,F.A.,pess,inv,pess_inv,1,0,12,PD,coop,def,70
7346,2154,3,F.A.,pess,inv,pess_inv,2,3,5,SH,coop,def,70
7347,2154,3,F.A.,pess,inv,pess_inv,3,7,8,HG,def,def,70
7348,2154,3,F.A.,pess,inv,pess_inv,4,10,5,HG,def,coop,70
7349,2154,3,F.A.,pess,inv,pess_inv,5,3,12,PD,coop,def,70
7350,2154,3,F.A.,pess,inv,pess_inv,6,3,8,SH,coop,def,70
7351,2154,3,F.A.,pess,inv,pess_inv,7,10,15,SG,def,def,70
7352,2154,3,F.A.,pess,inv,pess_inv,8,0,15,PD,coop,def,70
7353,2154,3,F.A.,pess,inv,pess_inv,9,7,12,SG,def,def,70
7354,2154,3,F.A.,pess,inv,pess_inv,10,0,5,SH,coop,def,70
7355,2154,3,F.A.,pess,inv,pess_inv,11,7,5,HG,def,coop,70
7356,2154,3,F.A.,pess,inv,pess_inv,12,10,8,HG,def,coop,70
7357,2154,3,F.A.,pess,inv,pess_inv,13,0,8,SH,coop,def,70
7358,2154,3,F.A.,pess,inv,pess_inv,14,7,15,SG,def,def,70
7359,2154,3,F.A.,pess,inv,pess_inv,15,3,15,PD,coop,def,70
7360,2156,0,D.T.,pess,nat,pess_nat,0,7,12,SG,coop,def,90
7361,2156,0,D.T.,pess,nat,pess_nat,1,7,8,HG,coop,def,70
7362,2156,0,D.T.,pess,nat,pess_nat,2,0,5,SH,def,def,90
7363,2156,0,D.T.,pess,nat,pess_nat,3,3,15,PD,def,def,90
7364,2156,0,D.T.,pess,nat,pess_nat,4,0,12,PD,def,def,100
7365,2156,0,D.T.,pess,nat,pess_nat,5,0,8,SH,def,def,100
7366,2156,0,D.T.,pess,nat,pess_nat,6,10,12,SG,coop,def,100
7367,2156,0,D.T.,pess,nat,pess_nat,7,10,5,HG,coop,coop,100
7368,2156,0,D.T.,pess,nat,pess_nat,8,10,8,HG,coop,coop,100
7369,2156,0,D.T.,pess,nat,pess_nat,9,10,15,SG,coop,def,100
7370,2156,0,D.T.,pess,nat,pess_nat,10,3,8,SH,def,def,100
7371,2156,0,D.T.,pess,nat,pess_nat,11,3,12,PD,def,def,100
7372,2156,0,D.T.,pess,nat,pess_nat,12,7,15,SG,coop,def,100
7373,2156,0,D.T.,pess,nat,pess_nat,13,7,5,HG,coop,coop,100
7374,2156,0,D.T.,pess,nat,pess_nat,14,3,5,SH,def,coop,100
7375,2156,0,D.T.,pess,nat,pess_nat,15,0,15,PD,def,def,100
7376,2156,1,G.P.,opt,nat,opt_nat,0,0,5,SH,coop,def,100
7377,2156,1,G.P.,opt,nat,opt_nat,1,10,5,HG,coop,coop,100
7378,2156,1,G.P.,opt,nat,opt_nat,2,3,15,PD,def,def,100
7379,2156,1,G.P.,opt,nat,opt_nat,3,7,12,SG,def,def,100
7380,2156,1,G.P.,opt,nat,opt_nat,4,10,8,HG,coop,coop,100
7381,2156,1,G.P.,opt,nat,opt_nat,5,0,15,PD,def,def,100
7382,2156,1,G.P.,opt,nat,opt_nat,6,3,5,SH,coop,coop,100
7383,2156,1,G.P.,opt,nat,opt_nat,7,7,15,SG,def,def,100
7384,2156,1,G.P.,opt,nat,opt_nat,8,3,12,PD,def,def,100
7385,2156,1,G.P.,opt,nat,opt_nat,9,10,12,SG,def,def,100
7386,2156,1,G.P.,opt,nat,opt_nat,10,7,8,HG,coop,coop,100
7387,2156,1,G.P.,opt,nat,opt_nat,11,3,8,SH,coop,def,100
7388,2156,1,G.P.,opt,nat,opt_nat,12,0,12,PD,def,def,100
7389,2156,1,G.P.,opt,nat,opt_nat,13,0,8,SH,coop,def,100
7390,2156,1,G.P.,opt,nat,opt_nat,14,10,15,SG,def,def,100
7391,2156,1,G.P.,opt,nat,opt_nat,15,7,5,HG,coop,coop,100
7392,2156,2,E.B.,opt,inv,opt_inv,0,10,5,HG,def,coop,100
7393,2156,2,E.B.,opt,inv,opt_inv,1,0,15,PD,coop,def,100
7394,2156,2,E.B.,opt,inv,opt_inv,2,7,12,SG,coop,def,100
7395,2156,2,E.B.,opt,inv,opt_inv,3,0,8,SH,def,coop,100
7396,2156,2,E.B.,opt,inv,opt_inv,4,0,5,SH,def,coop,100
7397,2156,2,E.B.,opt,inv,opt_inv,5,10,15,SG,coop,def,100
7398,2156,2,E.B.,opt,inv,opt_inv,6,7,5,HG,def,coop,100
7399,2156,2,E.B.,opt,inv,opt_inv,7,0,12,PD,coop,def,100
7400,2156,2,E.B.,opt,inv,opt_inv,8,10,8,HG,def,coop,100
7401,2156,2,E.B.,opt,inv,opt_inv,9,3,15,PD,coop,def,100
7402,2156,2,E.B.,opt,inv,opt_inv,10,3,8,SH,def,coop,100
7403,2156,2,E.B.,opt,inv,opt_inv,11,10,12,SG,coop,def,100
7404,2156,2,E.B.,opt,inv,opt_inv,12,3,12,PD,coop,def,100
7405,2156,2,E.B.,opt,inv,opt_inv,13,7,15,SG,coop,def,100
7406,2156,2,E.B.,opt,inv,opt_inv,14,7,8,HG,def,coop,100
7407,2156,2,E.B.,opt,inv,opt_inv,15,3,5,SH,def,coop,100
7408,2156,3,F.A.,pess,inv,pess_inv,0,7,15,SG,def,def,100
7409,2156,3,F.A.,pess,inv,pess_inv,1,0,12,PD,coop,def,100
7410,2156,3,F.A.,pess,inv,pess_inv,2,3,5,SH,coop,coop,100
7411,2156,3,F.A.,pess,inv,pess_inv,3,7,5,HG,def,coop,100
7412,2156,3,F.A.,pess,inv,pess_inv,4,3,12,PD,coop,def,100
7413,2156,3,F.A.,pess,inv,pess_inv,5,7,8,HG,def,coop,100
7414,2156,3,F.A.,pess,inv,pess_inv,6,0,8,SH,coop,coop,100
7415,2156,3,F.A.,pess,inv,pess_inv,7,10,15,SG,def,def,100
7416,2156,3,F.A.,pess,inv,pess_inv,8,10,12,SG,def,def,100
7417,2156,3,F.A.,pess,inv,pess_inv,9,0,15,PD,coop,def,100
7418,2156,3,F.A.,pess,inv,pess_inv,10,0,5,SH,coop,coop,100
7419,2156,3,F.A.,pess,inv,pess_inv,11,10,8,HG,def,coop,100
7420,2156,3,F.A.,pess,inv,pess_inv,12,7,12,SG,def,def,100
7421,2156,3,F.A.,pess,inv,pess_inv,13,3,8,SH,coop,coop,100
7422,2156,3,F.A.,pess,inv,pess_inv,14,3,15,PD,coop,def,100
7423,2156,3,F.A.,pess,inv,pess_inv,15,10,5,HG,def,coop,100
7424,2157,0,F.A.,opt,nat,opt_nat,0,7,12,SG,def,coop,30
7425,2157,0,F.A.,opt,nat,opt_nat,1,7,8,HG,coop,coop,80
7426,2157,0,F.A.,opt,nat,opt_nat,2,0,5,SH,coop,def,30
7427,2157,0,F.A.,opt,nat,opt_nat,3,3,15,PD,def,def,80
7428,2157,0,F.A.,opt,nat,opt_nat,4,0,12,PD,def,def,80
7429,2157,0,F.A.,opt,nat,opt_nat,5,0,8,SH,coop,def,80
7430,2157,0,F.A.,opt,nat,opt_nat,6,10,12,SG,def,def,80
7431,2157,0,F.A.,opt,nat,opt_nat,7,10,5,HG,coop,coop,80
7432,2157,0,F.A.,opt,nat,opt_nat,8,10,8,HG,coop,coop,80
7433,2157,0,F.A.,opt,nat,opt_nat,9,10,15,SG,def,def,80
7434,2157,0,F.A.,opt,nat,opt_nat,10,3,8,SH,coop,coop,80
7435,2157,0,F.A.,opt,nat,opt_nat,11,3,12,PD,def,def,80
7436,2157,0,F.A.,opt,nat,opt_nat,12,7,15,SG,def,def,80
7437,2157,0,F.A.,opt,nat,opt_nat,13,7,5,HG,coop,coop,80
7438,2157,0,F.A.,opt,nat,opt_nat,14,3,5,SH,coop,coop,80
7439,2157,0,F.A.,opt,nat,opt_nat,15,0,15,PD,def,def,80
7440,2157,1,D.T.,pess,nat,pess_nat,0,10,5,HG,coop,coop,80
7441,2157,1,D.T.,pess,nat,pess_nat,1,0,15,PD,def,def,80
7442,2157,1,D.T.,pess,nat,pess_nat,2,7,12,SG,coop,def,80
7443,2157,1,D.T.,pess,nat,pess_nat,3,0,8,SH,def,coop,80
7444,2157,1,D.T.,pess,nat,pess_nat,4,0,5,SH,def,coop,80
7445,2157,1,D.T.,pess,nat,pess_nat,5,10,15,SG,coop,def,80
7446,2157,1,D.T.,pess,nat,pess_nat,6,7,5,HG,coop,coop,80
7447,2157,1,D.T.,pess,nat,pess_nat,7,0,12,PD,def,def,80
7448,2157,1,D.T.,pess,nat,pess_nat,8,10,8,HG,coop,coop,80
7449,2157,1,D.T.,pess,nat,pess_nat,9,3,15,PD,def,def,80
7450,2157,1,D.T.,pess,nat,pess_nat,10,3,8,SH,def,coop,80
7451,2157,1,D.T.,pess,nat,pess_nat,11,10,12,SG,coop,def,80
7452,2157,1,D.T.,pess,nat,pess_nat,12,3,12,PD,def,def,80
7453,2157,1,D.T.,pess,nat,pess_nat,13,7,15,SG,coop,def,80
7454,2157,1,D.T.,pess,nat,pess_nat,14,7,8,HG,coop,coop,80
7455,2157,1,D.T.,pess,nat,pess_nat,15,3,5,SH,def,coop,80
7456,2157,2,E.B.,pess,inv,pess_inv,0,10,5,HG,def,coop,80
7457,2157,2,E.B.,pess,inv,pess_inv,1,3,5,SH,coop,coop,80
7458,2157,2,E.B.,pess,inv,pess_inv,2,0,15,PD,coop,def,80
7459,2157,2,E.B.,pess,inv,pess_inv,3,7,12,SG,def,def,80
7460,2157,2,E.B.,pess,inv,pess_inv,4,10,15,SG,def,def,80
7461,2157,2,E.B.,pess,inv,pess_inv,5,10,8,HG,def,coop,80
7462,2157,2,E.B.,pess,inv,pess_inv,6,0,12,PD,coop,def,80
7463,2157,2,E.B.,pess,inv,pess_inv,7,0,5,SH,coop,coop,80
7464,2157,2,E.B.,pess,inv,pess_inv,8,7,15,SG,def,def,80
7465,2157,2,E.B.,pess,inv,pess_inv,9,0,8,SH,coop,coop,80
7466,2157,2,E.B.,pess,inv,pess_inv,10,3,15,PD,coop,def,80
7467,2157,2,E.B.,pess,inv,pess_inv,11,7,5,HG,def,coop,80
7468,2157,2,E.B.,pess,inv,pess_inv,12,3,12,PD,coop,coop,80
7469,2157,2,E.B.,pess,inv,pess_inv,13,10,12,SG,def,def,80
7470,2157,2,E.B.,pess,inv,pess_inv,14,3,8,SH,coop,coop,80
7471,2157,2,E.B.,pess,inv,pess_inv,15,7,8,HG,def,coop,80
7472,2157,3,G.P.,opt,inv,opt_inv,0,7,15,SG,coop,def,80
7473,2157,3,G.P.,opt,inv,opt_inv,1,7,5,HG,def,coop,80
7474,2157,3,G.P.,opt,inv,opt_inv,2,3,8,SH,def,coop,80
7475,2157,3,G.P.,opt,inv,opt_inv,3,0,12,PD,coop,def,80
7476,2157,3,G.P.,opt,inv,opt_inv,4,7,8,HG,def,coop,80
7477,2157,3,G.P.,opt,inv,opt_inv,5,0,8,SH,def,coop,80
7478,2157,3,G.P.,opt,inv,opt_inv,6,10,15,SG,coop,def,80
7479,2157,3,G.P.,opt,inv,opt_inv,7,0,15,PD,coop,def,80
7480,2157,3,G.P.,opt,inv,opt_inv,8,10,5,HG,def,coop,80
7481,2157,3,G.P.,opt,inv,opt_inv,9,3,5,SH,def,coop,80
7482,2157,3,G.P.,opt,inv,opt_inv,10,3,15,PD,coop,coop,80
7483,2157,3,G.P.,opt,inv,opt_inv,11,10,12,SG,coop,def,80
7484,2157,3,G.P.,opt,inv,opt_inv,12,0,5,SH,def,coop,80
7485,2157,3,G.P.,opt,inv,opt_inv,13,3,12,PD,coop,coop,80
7486,2157,3,G.P.,opt,inv,opt_inv,14,7,12,SG,coop,def,80
7487,2157,3,G.P.,opt,inv,opt_inv,15,10,8,HG,def,coop,80
7488,2158,0,D.T.,pess,nat,pess_nat,0,3,12,PD,def,coop,60
7489,2158,0,D.T.,pess,nat,pess_nat,1,7,8,HG,coop,coop,40
7490,2158,0,D.T.,pess,nat,pess_nat,2,3,8,SH,def,coop,80
7491,2158,0,D.T.,pess,nat,pess_nat,3,7,12,SG,coop,coop,70
7492,2158,0,D.T.,pess,nat,pess_nat,4,0,15,PD,def,def,50
7493,2158,0,D.T.,pess,nat,pess_nat,5,0,8,SH,def,coop,80
7494,2158,0,D.T.,pess,nat,pess_nat,6,7,15,SG,coop,coop,60
7495,2158,0,D.T.,pess,nat,pess_nat,7,7,5,HG,coop,coop,70
7496,2158,0,D.T.,pess,nat,pess_nat,8,3,15,PD,def,coop,40
7497,2158,0,D.T.,pess,nat,pess_nat,9,0,5,SH,def,coop,70
7498,2158,0,D.T.,pess,nat,pess_nat,10,10,5,HG,coop,coop,50
7499,2158,0,D.T.,pess,nat,pess_nat,11,10,15,SG,coop,coop,70
7500,2158,0,D.T.,pess,nat,pess_nat,12,10,12,SG,coop,coop,70
7501,2158,0,D.T.,pess,nat,pess_nat,13,0,12,PD,def,coop,50
7502,2158,0,D.T.,pess,nat,pess_nat,14,3,5,SH,def,coop,40
7503,2158,0,D.T.,pess,nat,pess_nat,15,10,8,HG,coop,coop,80
7504,2158,1,E.B.,opt,nat,opt_nat,0,7,12,SG,def,coop,70
7505,2158,1,E.B.,opt,nat,opt_nat,1,7,8,HG,coop,coop,80
7506,2158,1,E.B.,opt,nat,opt_nat,2,0,5,SH,coop,coop,40
7507,2158,1,E.B.,opt,nat,opt_nat,3,3,15,PD,def,coop,70
7508,2158,1,E.B.,opt,nat,opt_nat,4,0,12,PD,def,coop,60
7509,2158,1,E.B.,opt,nat,opt_nat,5,0,8,SH,coop,coop,70
7510,2158,1,E.B.,opt,nat,opt_nat,6,10,12,SG,def,coop,70
7511,2158,1,E.B.,opt,nat,opt_nat,7,10,5,HG,coop,coop,80
7512,2158,1,E.B.,opt,nat,opt_nat,8,10,8,HG,coop,coop,70
7513,2158,1,E.B.,opt,nat,opt_nat,9,10,15,SG,def,coop,80
7514,2158,1,E.B.,opt,nat,opt_nat,10,3,8,SH,coop,coop,70
7515,2158,1,E.B.,opt,nat,opt_nat,11,3,12,PD,def,coop,70
7516,2158,1,E.B.,opt,nat,opt_nat,12,7,15,SG,def,coop,60
7517,2158,1,E.B.,opt,nat,opt_nat,13,7,5,HG,coop,coop,70
7518,2158,1,E.B.,opt,nat,opt_nat,14,3,5,SH,coop,coop,80
7519,2158,1,E.B.,opt,nat,opt_nat,15,0,15,PD,def,coop,60
7520,2158,2,G.P.,opt,inv,opt_inv,0,7,15,SG,coop,coop,70
7521,2158,2,G.P.,opt,inv,opt_inv,1,3,15,PD,coop,coop,70
7522,2158,2,G.P.,opt,inv,opt_inv,2,3,8,SH,def,coop,70
7523,2158,2,G.P.,opt,inv,opt_inv,3,7,5,HG,def,coop,80
7524,2158,2,G.P.,opt,inv,opt_inv,4,10,15,SG,coop,coop,70
7525,2158,2,G.P.,opt,inv,opt_inv,5,7,8,HG,def,coop,80
7526,2158,2,G.P.,opt,inv,opt_inv,6,0,5,SH,def,coop,70
7527,2158,2,G.P.,opt,inv,opt_inv,7,0,12,PD,coop,coop,70
7528,2158,2,G.P.,opt,inv,opt_inv,8,3,12,PD,coop,coop,70
7529,2158,2,G.P.,opt,inv,opt_inv,9,7,12,SG,coop,coop,70
7530,2158,2,G.P.,opt,inv,opt_inv,10,10,8,HG,def,coop,70
7531,2158,2,G.P.,opt,inv,opt_inv,11,3,5,SH,def,coop,80
7532,2158,2,G.P.,opt,inv,opt_inv,12,10,12,SG,coop,coop,70
7533,2158,2,G.P.,opt,inv,opt_inv,13,0,15,PD,coop,coop,70
7534,2158,2,G.P.,opt,inv,opt_inv,14,10,5,HG,def,coop,80
7535,2158,2,G.P.,opt,inv,opt_inv,15,0,8,SH,def,coop,80
7536,2158,3,F.A.,pess,inv,pess_inv,0,3,8,SH,coop,coop,60
7537,2158,3,F.A.,pess,inv,pess_inv,1,0,15,PD,coop,coop,80
7538,2158,3,F.A.,pess,inv,pess_inv,2,7,8,HG,def,coop,70
7539,2158,3,F.A.,pess,inv,pess_inv,3,7,15,SG,def,coop,70
7540,2158,3,F.A.,pess,inv,pess_inv,4,3,5,SH,coop,coop,80
7541,2158,3,F.A.,pess,inv,pess_inv,5,7,5,HG,def,coop,80
7542,2158,3,F.A.,pess,inv,pess_inv,6,0,12,PD,coop,coop,80
7543,2158,3,F.A.,pess,inv,pess_inv,7,10,12,SG,def,coop,70
7544,2158,3,F.A.,pess,inv,pess_inv,8,7,12,SG,def,coop,70
7545,2158,3,F.A.,pess,inv,pess_inv,9,3,15,PD,coop,coop,70
7546,2158,3,F.A.,pess,inv,pess_inv,10,0,8,SH,coop,coop,80
7547,2158,3,F.A.,pess,inv,pess_inv,11,10,5,HG,def,coop,80
7548,2158,3,F.A.,pess,inv,pess_inv,12,10,15,SG,def,coop,70
7549,2158,3,F.A.,pess,inv,pess_inv,13,0,5,SH,coop,coop,80
7550,2158,3,F.A.,pess,inv,pess_inv,14,10,8,HG,def,coop,70
7551,2158,3,F.A.,pess,inv,pess_inv,15,3,12,PD,coop,coop,80
7552,2159,0,G.P.,opt,nat,opt_nat,0,10,5,HG,coop,coop,100
7553,2159,0,G.P.,opt,nat,opt_nat,1,7,12,SG,def,coop,90
7554,2159,0,G.P.,opt,nat,opt_nat,2,0,12,PD,def,coop,70
7555,2159,0,G.P.,opt,nat,opt_nat,3,3,8,SH,coop,coop,90
7556,2159,0,G.P.,opt,nat,opt_nat,4,10,12,SG,def,coop,90
7557,2159,0,G.P.,opt,nat,opt_nat,5,0,8,SH,coop,coop,70
7558,2159,0,G.P.,opt,nat,opt_nat,6,7,8,HG,coop,coop,90
7559,2159,0,G.P.,opt,nat,opt_nat,7,0,15,PD,def,coop,60
7560,2159,0,G.P.,opt,nat,opt_nat,8,7,5,HG,coop,coop,100
7561,2159,0,G.P.,opt,nat,opt_nat,9,10,15,SG,def,coop,60
7562,2159,0,G.P.,opt,nat,opt_nat,10,3,5,SH,coop,coop,100
7563,2159,0,G.P.,opt,nat,opt_nat,11,3,15,PD,def,coop,50
7564,2159,0,G.P.,opt,nat,opt_nat,12,3,12,PD,def,coop,60
7565,2159,0,G.P.,opt,nat,opt_nat,13,0,5,SH,coop,coop,60
7566,2159,0,G.P.,opt,nat,opt_nat,14,7,15,SG,def,coop,50
7567,2159,0,G.P.,opt,nat,opt_nat,15,10,8,HG,coop,coop,100
7568,2159,1,F.A.,pess,nat,pess_nat,0,10,12,SG,coop,coop,70
7569,2159,1,F.A.,pess,nat,pess_nat,1,0,12,PD,def,coop,60
7570,2159,1,F.A.,pess,nat,pess_nat,2,3,5,SH,def,coop,100
7571,2159,1,F.A.,pess,nat,pess_nat,3,7,8,HG,coop,coop,60
7572,2159,1,F.A.,pess,nat,pess_nat,4,10,5,HG,coop,coop,100
7573,2159,1,F.A.,pess,nat,pess_nat,5,3,12,PD,def,coop,60
7574,2159,1,F.A.,pess,nat,pess_nat,6,3,8,SH,def,coop,60
7575,2159,1,F.A.,pess,nat,pess_nat,7,10,15,SG,coop,coop,60
7576,2159,1,F.A.,pess,nat,pess_nat,8,0,15,PD,def,coop,60
7577,2159,1,F.A.,pess,nat,pess_nat,9,7,12,SG,coop,coop,60
7578,2159,1,F.A.,pess,nat,pess_nat,10,0,5,SH,def,coop,60
7579,2159,1,F.A.,pess,nat,pess_nat,11,7,5,HG,coop,coop,100
7580,2159,1,F.A.,pess,nat,pess_nat,12,10,8,HG,coop,coop,100
7581,2159,1,F.A.,pess,nat,pess_nat,13,0,8,SH,def,coop,60
7582,2159,1,F.A.,pess,nat,pess_nat,14,7,15,SG,coop,coop,60
7583,2159,1,F.A.,pess,nat,pess_nat,15,3,15,PD,def,coop,60
7584,2159,2,E.B.,opt,inv,opt_inv,0,0,12,PD,coop,coop,60
7585,2159,2,E.B.,opt,inv,opt_inv,1,7,5,HG,def,coop,100
7586,2159,2,E.B.,opt,inv,opt_inv,2,10,12,SG,coop,coop,60
7587,2159,2,E.B.,opt,inv,opt_inv,3,3,5,SH,def,coop,100
7588,2159,2,E.B.,opt,inv,opt_inv,4,0,8,SH,def,coop,60
7589,2159,2,E.B.,opt,inv,opt_inv,5,0,15,PD,coop,coop,60
7590,2159,2,E.B.,opt,inv,opt_inv,6,10,5,HG,def,coop,100
7591,2159,2,E.B.,opt,inv,opt_inv,7,7,12,SG,coop,coop,60
7592,2159,2,E.B.,opt,inv,opt_inv,8,3,15,PD,coop,coop,60
7593,2159,2,E.B.,opt,inv,opt_inv,9,10,15,SG,coop,coop,60
7594,2159,2,E.B.,opt,inv,opt_inv,10,7,8,HG,def,coop,100
7595,2159,2,E.B.,opt,inv,opt_inv,11,0,5,SH,def,coop,60
7596,2159,2,E.B.,opt,inv,opt_inv,12,10,8,HG,def,coop,100
7597,2159,2,E.B.,opt,inv,opt_inv,13,7,15,SG,coop,coop,60
7598,2159,2,E.B.,opt,inv,opt_inv,14,3,8,SH,def,coop,60
7599,2159,2,E.B.,opt,inv,opt_inv,15,3,12,PD,coop,coop,60
7600,2159,3,D.T.,pess,inv,pess_inv,0,7,15,SG,def,coop,60
7601,2159,3,D.T.,pess,inv,pess_inv,1,0,12,PD,coop,coop,60
7602,2159,3,D.T.,pess,inv,pess_inv,2,3,5,SH,coop,coop,100
7603,2159,3,D.T.,pess,inv,pess_inv,3,7,5,HG,def,coop,100
7604,2159,3,D.T.,pess,inv,pess_inv,4,3,12,PD,coop,coop,60
7605,2159,3,D.T.,pess,inv,pess_inv,5,7,8,HG,def,coop,100
7606,2159,3,D.T.,pess,inv,pess_inv,6,0,8,SH,coop,coop,60
7607,2159,3,D.T.,pess,inv,pess_inv,7,10,15,SG,def,coop,60
7608,2159,3,D.T.,pess,inv,pess_inv,8,10,12,SG,def,coop,60
7609,2159,3,D.T.,pess,inv,pess_inv,9,0,15,PD,coop,coop,60
7610,2159,3,D.T.,pess,inv,pess_inv,10,0,5,SH,coop,coop,60
7611,2159,3,D.T.,pess,inv,pess_inv,11,10,8,HG,def,coop,100
7612,2159,3,D.T.,pess,inv,pess_inv,12,7,12,SG,def,coop,60
7613,2159,3,D.T.,pess,inv,pess_inv,13,3,8,SH,coop,coop,60
7614,2159,3,D.T.,pess,inv,pess_inv,14,3,15,PD,coop,coop,60
7615,2159,3,D.T.,pess,inv,pess_inv,15,10,5,HG,def,coop,100
7616,2160,0,G.P.,pess,nat,pess_nat,0,0,8,SH,def,coop,40
7617,2160,0,G.P.,pess,nat,pess_nat,1,3,15,PD,def,def,40
7618,2160,0,G.P.,pess,nat,pess_nat,2,10,12,SG,coop,coop,80
7619,2160,0,G.P.,pess,nat,pess_nat,3,7,8,HG,coop,coop,80
7620,2160,0,G.P.,pess,nat,pess_nat,4,10,8,HG,coop,coop,80
7621,2160,0,G.P.,pess,nat,pess_nat,5,0,15,PD,def,def,80
7622,2160,0,G.P.,pess,nat,pess_nat,6,3,8,SH,def,def,80
7623,2160,0,G.P.,pess,nat,pess_nat,7,7,15,SG,coop,coop,80
7624,2160,0,G.P.,pess,nat,pess_nat,8,0,12,PD,def,coop,80
7625,2160,0,G.P.,pess,nat,pess_nat,9,3,5,SH,def,coop,80
7626,2160,0,G.P.,pess,nat,pess_nat,10,7,12,SG,coop,def,80
7627,2160,0,G.P.,pess,nat,pess_nat,11,10,5,HG,coop,coop,80
7628,2160,0,G.P.,pess,nat,pess_nat,12,0,5,SH,def,def,80
7629,2160,0,G.P.,pess,nat,pess_nat,13,7,5,HG,coop,coop,80
7630,2160,0,G.P.,pess,nat,pess_nat,14,3,12,PD,def,def,80
7631,2160,0,G.P.,pess,nat,pess_nat,15,10,15,SG,coop,coop,80
7632,2160,1,D.T.,opt,nat,opt_nat,0,3,8,SH,coop,def,80
7633,2160,1,D.T.,opt,nat,opt_nat,1,0,15,PD,def,coop,80
7634,2160,1,D.T.,opt,nat,opt_nat,2,7,8,HG,coop,def,80
7635,2160,1,D.T.,opt,nat,opt_nat,3,7,15,SG,def,coop,80
7636,2160,1,D.T.,opt,nat,opt_nat,4,3,5,SH,coop,def,80
7637,2160,1,D.T.,opt,nat,opt_nat,5,7,5,HG,coop,coop,80
7638,2160,1,D.T.,opt,nat,opt_nat,6,0,12,PD,def,coop,80
7639,2160,1,D.T.,opt,nat,opt_nat,7,10,12,SG,def,coop,80
7640,2160,1,D.T.,opt,nat,opt_nat,8,7,12,SG,def,coop,80
7641,2160,1,D.T.,opt,nat,opt_nat,9,3,15,PD,def,coop,80
7642,2160,1,D.T.,opt,nat,opt_nat,10,0,8,SH,coop,def,80
7643,2160,1,D.T.,opt,nat,opt_nat,11,10,5,HG,coop,coop,80
7644,2160,1,D.T.,opt,nat,opt_nat,12,10,15,SG,def,coop,80
7645,2160,1,D.T.,opt,nat,opt_nat,13,0,5,SH,coop,def,80
7646,2160,1,D.T.,opt,nat,opt_nat,14,10,8,HG,coop,coop,80
7647,2160,1,D.T.,opt,nat,opt_nat,15,3,12,PD,def,coop,80
7648,2160,2,F.A.,opt,inv,opt_inv,0,3,15,PD,coop,coop,80
7649,2160,2,F.A.,opt,inv,opt_inv,1,3,5,SH,def,def,80
7650,2160,2,F.A.,opt,inv,opt_inv,2,7,12,SG,coop,coop,80
7651,2160,2,F.A.,opt,inv,opt_inv,3,10,5,HG,def,coop,80
7652,2160,2,F.A.,opt,inv,opt_inv,4,0,15,PD,coop,coop,80
7653,2160,2,F.A.,opt,inv,opt_inv,5,0,5,SH,def,def,80
7654,2160,2,F.A.,opt,inv,opt_inv,6,7,8,HG,def,coop,80
7655,2160,2,F.A.,opt,inv,opt_inv,7,7,15,SG,coop,coop,80
7656,2160,2,F.A.,opt,inv,opt_inv,8,3,12,PD,coop,coop,80
7657,2160,2,F.A.,opt,inv,opt_inv,9,10,8,HG,def,coop,80
7658,2160,2,F.A.,opt,inv,opt_inv,10,3,8,SH,def,coop,80
7659,2160,2,F.A.,opt,inv,opt_inv,11,10,12,SG,coop,coop,80
7660,2160,2,F.A.,opt,inv,opt_inv,12,10,15,SG,coop,coop,80
7661,2160,2,F.A.,opt,inv,opt_inv,13,7,5,HG,def,coop,80
7662,2160,2,F.A.,opt,inv,opt_inv,14,0,8,SH,def,coop,80
7663,2160,2,F.A.,opt,inv,opt_inv,15,0,12,PD,coop,coop,80
7664,2160,3,E.B.,pess,inv,pess_inv,0,0,8,SH,coop,def,80
7665,2160,3,E.B.,pess,inv,pess_inv,1,7,5,HG,def,coop,80
7666,2160,3,E.B.,pess,inv,pess_inv,2,10,15,SG,def,coop,80
7667,2160,3,E.B.,pess,inv,pess_inv,3,3,12,PD,coop,coop,80
7668,2160,3,E.B.,pess,inv,pess_inv,4,7,15,SG,def,coop,80
7669,2160,3,E.B.,pess,inv,pess_inv,5,7,8,HG,def,def,80
7670,2160,3,E.B.,pess,inv,pess_inv,6,3,5,SH,coop,def,80
7671,2160,3,E.B.,pess,inv,pess_inv,7,3,15,PD,coop,coop,80
7672,2160,3,E.B.,pess,inv,pess_inv,8,0,15,PD,coop,coop,80
7673,2160,3,E.B.,pess,inv,pess_inv,9,10,8,HG,def,coop,80
7674,2160,3,E.B.,pess,inv,pess_inv,10,10,12,SG,def,coop,80
7675,2160,3,E.B.,pess,inv,pess_inv,11,0,5,SH,coop,def,80
7676,2160,3,E.B.,pess,inv,pess_inv,12,0,12,PD,coop,coop,80
7677,2160,3,E.B.,pess,inv,pess_inv,13,3,8,SH,coop,coop,80
7678,2160,3,E.B.,pess,inv,pess_inv,14,10,5,HG,def,coop,80
7679,2160,3,E.B.,pess,inv,pess_inv,15,7,12,SG,def,coop,80
7680,2161,0,D.T.,pess,nat,pess_nat,0,0,12,PD,def,coop,70
7681,2161,0,D.T.,pess,nat,pess_nat,1,0,8,SH,def,coop,70
7682,2161,0,D.T.,pess,nat,pess_nat,2,7,15,SG,coop,def,80
7683,2161,0,D.T.,pess,nat,pess_nat,3,7,8,HG,coop,coop,80
7684,2161,0,D.T.,pess,nat,pess_nat,4,3,12,PD,def,coop,50
7685,2161,0,D.T.,pess,nat,pess_nat,5,0,5,SH,def,def,70
7686,2161,0,D.T.,pess,nat,pess_nat,6,10,8,HG,coop,coop,80
7687,2161,0,D.T.,pess,nat,pess_nat,7,10,15,SG,coop,coop,50
7688,2161,0,D.T.,pess,nat,pess_nat,8,10,12,SG,coop,coop,50
7689,2161,0,D.T.,pess,nat,pess_nat,9,0,15,PD,def,def,80
7690,2161,0,D.T.,pess,nat,pess_nat,10,10,5,HG,coop,def,70
7691,2161,0,D.T.,pess,nat,pess_nat,11,3,8,SH,def,def,70
7692,2161,0,D.T.,pess,nat,pess_nat,12,7,12,SG,coop,coop,70
7693,2161,0,D.T.,pess,nat,pess_nat,13,3,15,PD,def,coop,60
7694,2161,0,D.T.,pess,nat,pess_nat,14,3,5,SH,def,coop,70
7695,2161,0,D.T.,pess,nat,pess_nat,15,7,5,HG,coop,coop,80
7696,2161,1,G.P.,opt,nat,opt_nat,0,3,12,PD,def,coop,60
7697,2161,1,G.P.,opt,nat,opt_nat,1,7,8,HG,coop,coop,60
7698,2161,1,G.P.,opt,nat,opt_nat,2,3,8,SH,coop,coop,70
7699,2161,1,G.P.,opt,nat,opt_nat,3,7,12,SG,def,coop,70
7700,2161,1,G.P.,opt,nat,opt_nat,4,0,15,PD,def,coop,60
7701,2161,1,G.P.,opt,nat,opt_nat,5,0,8,SH,coop,def,60
7702,2161,1,G.P.,opt,nat,opt_nat,6,7,15,SG,def,coop,60
7703,2161,1,G.P.,opt,nat,opt_nat,7,7,5,HG,coop,coop,60
7704,2161,1,G.P.,opt,nat,opt_nat,8,3,15,PD,def,def,70
7705,2161,1,G.P.,opt,nat,opt_nat,9,0,5,SH,coop,def,70
7706,2161,1,G.P.,opt,nat,opt_nat,10,10,5,HG,coop,coop,70
7707,2161,1,G.P.,opt,nat,opt_nat,11,10,15,SG,def,coop,60
7708,2161,1,G.P.,opt,nat,opt_nat,12,10,12,SG,def,coop,70
7709,2161,1,G.P.,opt,nat,opt_nat,13,0,12,PD,def,def,60
7710,2161,1,G.P.,opt,nat,opt_nat,14,3,5,SH,coop,def,60
7711,2161,1,G.P.,opt,nat,opt_nat,15,10,8,HG,coop,coop,70
7712,2161,2,E.B.,pess,inv,pess_inv,0,7,5,HG,def,coop,70
7713,2161,2,E.B.,pess,inv,pess_inv,1,3,5,SH,coop,def,60
7714,2161,2,E.B.,pess,inv,pess_inv,2,7,12,SG,def,coop,70
7715,2161,2,E.B.,pess,inv,pess_inv,3,3,15,PD,coop,def,60
7716,2161,2,E.B.,pess,inv,pess_inv,4,0,5,SH,coop,def,70
7717,2161,2,E.B.,pess,inv,pess_inv,5,0,15,PD,coop,def,70
7718,2161,2,E.B.,pess,inv,pess_inv,6,7,15,SG,def,coop,60
7719,2161,2,E.B.,pess,inv,pess_inv,7,10,8,HG,def,coop,70
7720,2161,2,E.B.,pess,inv,pess_inv,8,10,12,SG,def,coop,70
7721,2161,2,E.B.,pess,inv,pess_inv,9,3,8,SH,coop,def,60
7722,2161,2,E.B.,pess,inv,pess_inv,10,10,5,HG,def,coop,70
7723,2161,2,E.B.,pess,inv,pess_inv,11,3,12,PD,coop,def,70
7724,2161,2,E.B.,pess,inv,pess_inv,12,10,15,SG,def,coop,60
7725,2161,2,E.B.,pess,inv,pess_inv,13,0,12,PD,coop,def,70
7726,2161,2,E.B.,pess,inv,pess_inv,14,0,8,SH,coop,def,70
7727,2161,2,E.B.,pess,inv,pess_inv,15,7,8,HG,def,coop,60
7728,2161,3,F.A.,opt,inv,opt_inv,0,10,5,HG,def,coop,70
7729,2161,3,F.A.,opt,inv,opt_inv,1,7,12,SG,coop,coop,70
7730,2161,3,F.A.,opt,inv,opt_inv,2,0,12,PD,coop,def,70
7731,2161,3,F.A.,opt,inv,opt_inv,3,3,8,SH,def,def,60
7732,2161,3,F.A.,opt,inv,opt_inv,4,10,12,SG,coop,coop,60
7733,2161,3,F.A.,opt,inv,opt_inv,5,0,8,SH,def,def,70
7734,2161,3,F.A.,opt,inv,opt_inv,6,7,8,HG,def,coop,60
7735,2161,3,F.A.,opt,inv,opt_inv,7,0,15,PD,coop,def,70
7736,2161,3,F.A.,opt,inv,opt_inv,8,7,5,HG,def,coop,70
7737,2161,3,F.A.,opt,inv,opt_inv,9,10,15,SG,coop,coop,70
7738,2161,3,F.A.,opt,inv,opt_inv,10,3,5,SH,def,coop,60
7739,2161,3,F.A.,opt,inv,opt_inv,11,3,15,PD,coop,def,70
7740,2161,3,F.A.,opt,inv,opt_inv,12,3,12,PD,coop,def,60
7741,2161,3,F.A.,opt,inv,opt_inv,13,0,5,SH,def,def,70
7742,2161,3,F.A.,opt,inv,opt_inv,14,7,15,SG,coop,coop,60
7743,2161,3,F.A.,opt,inv,opt_inv,15,10,8,HG,def,coop,60
7744,2162,0,D.T.,pess,nat,pess_nat,0,0,12,PD,def,def,90
7745,2162,0,D.T.,pess,nat,pess_nat,1,0,8,SH,def,def,90
7746,2162,0,D.T.,pess,nat,pess_nat,2,7,15,SG,coop,def,90
7747,2162,0,D.T.,pess,nat,pess_nat,3,7,8,HG,coop,def,80
7748,2162,0,D.T.,pess,nat,pess_nat,4,3,12,PD,def,def,90
7749,2162,0,D.T.,pess,nat,pess_nat,5,0,5,SH,def,coop,90
7750,2162,0,D.T.,pess,nat,pess_nat,6,10,8,HG,coop,coop,90
7751,2162,0,D.T.,pess,nat,pess_nat,7,10,15,SG,coop,coop,80
7752,2162,0,D.T.,pess,nat,pess_nat,8,10,12,SG,coop,def,90
7753,2162,0,D.T.,pess,nat,pess_nat,9,0,15,PD,def,def,90
7754,2162,0,D.T.,pess,nat,pess_nat,10,10,5,HG,coop,coop,90
7755,2162,0,D.T.,pess,nat,pess_nat,11,3,8,SH,def,def,90
7756,2162,0,D.T.,pess,nat,pess_nat,12,7,12,SG,coop,def,90
7757,2162,0,D.T.,pess,nat,pess_nat,13,3,15,PD,def,def,90
7758,2162,0,D.T.,pess,nat,pess_nat,14,3,5,SH,def,coop,90
7759,2162,0,D.T.,pess,nat,pess_nat,15,7,5,HG,coop,coop,90
7760,2162,1,E.B.,opt,nat,opt_nat,0,3,5,SH,coop,coop,90
7761,2162,1,E.B.,opt,nat,opt_nat,1,0,15,PD,def,def,90
7762,2162,1,E.B.,opt,nat,opt_nat,2,7,8,HG,coop,coop,90
7763,2162,1,E.B.,opt,nat,opt_nat,3,10,12,SG,def,coop,90
7764,2162,1,E.B.,opt,nat,opt_nat,4,7,12,SG,def,def,90
7765,2162,1,E.B.,opt,nat,opt_nat,5,10,8,HG,coop,coop,90
7766,2162,1,E.B.,opt,nat,opt_nat,6,0,5,SH,coop,coop,90
7767,2162,1,E.B.,opt,nat,opt_nat,7,0,12,PD,def,def,90
7768,2162,1,E.B.,opt,nat,opt_nat,8,7,5,HG,coop,coop,90
7769,2162,1,E.B.,opt,nat,opt_nat,9,3,8,SH,coop,def,90
7770,2162,1,E.B.,opt,nat,opt_nat,10,3,12,PD,def,def,90
7771,2162,1,E.B.,opt,nat,opt_nat,11,7,15,SG,def,def,90
7772,2162,1,E.B.,opt,nat,opt_nat,12,3,15,PD,def,def,90
7773,2162,1,E.B.,opt,nat,opt_nat,13,10,5,HG,coop,coop,90
7774,2162,1,E.B.,opt,nat,opt_nat,14,10,15,SG,def,def,90
7775,2162,1,E.B.,opt,nat,opt_nat,15,0,8,SH,coop,coop,90
7776,2162,2,G.P.,opt,inv,opt_inv,0,3,8,SH,def,def,90
7777,2162,2,G.P.,opt,inv,opt_inv,1,0,15,PD,coop,def,90
7778,2162,2,G.P.,opt,inv,opt_inv,2,7,8,HG,def,coop,90
7779,2162,2,G.P.,opt,inv,opt_inv,3,7,15,SG,coop,def,90
7780,2162,2,G.P.,opt,inv,opt_inv,4,3,5,SH,def,coop,90
7781,2162,2,G.P.,opt,inv,opt_inv,5,7,5,HG,def,coop,90
7782,2162,2,G.P.,opt,inv,opt_inv,6,0,12,PD,coop,def,90
7783,2162,2,G.P.,opt,inv,opt_inv,7,10,12,SG,coop,def,90
7784,2162,2,G.P.,opt,inv,opt_inv,8,7,12,SG,coop,def,90
7785,2162,2,G.P.,opt,inv,opt_inv,9,3,15,PD,coop,def,90
7786,2162,2,G.P.,opt,inv,opt_inv,10,0,8,SH,def,def,90
7787,2162,2,G.P.,opt,inv,opt_inv,11,10,5,HG,def,coop,90
7788,2162,2,G.P.,opt,inv,opt_inv,12,10,15,SG,coop,def,90
7789,2162,2,G.P.,opt,inv,opt_inv,13,0,5,SH,def,coop,90
7790,2162,2,G.P.,opt,inv,opt_inv,14,10,8,HG,def,coop,90
7791,2162,2,G.P.,opt,inv,opt_inv,15,3,12,PD,coop,def,90
7792,2162,3,F.A.,pess,inv,pess_inv,0,7,12,SG,def,def,90
7793,2162,3,F.A.,pess,inv,pess_inv,1,7,8,HG,def,coop,90
7794,2162,3,F.A.,pess,inv,pess_inv,2,0,5,SH,coop,coop,90
7795,2162,3,F.A.,pess,inv,pess_inv,3,3,15,PD,coop,def,90
7796,2162,3,F.A.,pess,inv,pess_inv,4,0,12,PD,coop,def,90
7797,2162,3,F.A.,pess,inv,pess_inv,5,0,8,SH,coop,def,90
7798,2162,3,F.A.,pess,inv,pess_inv,6,10,12,SG,def,def,90
7799,2162,3,F.A.,pess,inv,pess_inv,7,10,5,HG,def,coop,90
7800,2162,3,F.A.,pess,inv,pess_inv,8,10,8,HG,def,coop,90
7801,2162,3,F.A.,pess,inv,pess_inv,9,10,15,SG,def,def,90
7802,2162,3,F.A.,pess,inv,pess_inv,10,3,8,SH,coop,def,90
7803,2162,3,F.A.,pess,inv,pess_inv,11,3,12,PD,coop,def,90
7804,2162,3,F.A.,pess,inv,pess_inv,12,7,15,SG,def,def,90
7805,2162,3,F.A.,pess,inv,pess_inv,13,7,5,HG,def,coop,90
7806,2162,3,F.A.,pess,inv,pess_inv,14,3,5,SH,coop,def,90
7807,2162,3,F.A.,pess,inv,pess_inv,15,0,15,PD,coop,def,90
7808,2163,0,G.P.,opt,nat,opt_nat,0,10,8,HG,coop,coop,100
7809,2163,0,G.P.,opt,nat,opt_nat,1,7,12,SG,def,coop,100
7810,2163,0,G.P.,opt,nat,opt_nat,2,0,12,PD,def,coop,100
7811,2163,0,G.P.,opt,nat,opt_nat,3,0,8,SH,coop,coop,100
7812,2163,0,G.P.,opt,nat,opt_nat,4,3,8,SH,coop,coop,100
7813,2163,0,G.P.,opt,nat,opt_nat,5,3,15,PD,def,coop,100
7814,2163,0,G.P.,opt,nat,opt_nat,6,10,15,SG,def,coop,100
7815,2163,0,G.P.,opt,nat,opt_nat,7,10,5,HG,coop,coop,100
7816,2163,0,G.P.,opt,nat,opt_nat,8,3,12,PD,def,coop,100
7817,2163,0,G.P.,opt,nat,opt_nat,9,7,8,HG,coop,coop,100
7818,2163,0,G.P.,opt,nat,opt_nat,10,10,12,SG,def,coop,100
7819,2163,0,G.P.,opt,nat,opt_nat,11,0,5,SH,coop,coop,100
7820,2163,0,G.P.,opt,nat,opt_nat,12,0,15,PD,def,coop,100
7821,2163,0,G.P.,opt,nat,opt_nat,13,7,15,SG,def,coop,100
7822,2163,0,G.P.,opt,nat,opt_nat,14,7,5,HG,coop,coop,100
7823,2163,0,G.P.,opt,nat,opt_nat,15,3,5,SH,coop,coop,100
7824,2163,1,E.B.,pess,nat,pess_nat,0,7,15,SG,coop,coop,100
7825,2163,1,E.B.,pess,nat,pess_nat,1,0,12,PD,def,coop,100
7826,2163,1,E.B.,pess,nat,pess_nat,2,3,5,SH,def,coop,100
7827,2163,1,E.B.,pess,nat,pess_nat,3,7,5,HG,coop,coop,100
7828,2163,1,E.B.,pess,nat,pess_nat,4,3,12,PD,def,coop,100
7829,2163,1,E.B.,pess,nat,pess_nat,5,7,8,HG,coop,coop,100
7830,2163,1,E.B.,pess,nat,pess_nat,6,0,8,SH,def,coop,100
7831,2163,1,E.B.,pess,nat,pess_nat,7,10,15,SG,coop,coop,100
7832,2163,1,E.B.,pess,nat,pess_nat,8,10,12,SG,coop,coop,100
7833,2163,1,E.B.,pess,nat,pess_nat,9,0,15,PD,def,coop,100
7834,2163,1,E.B.,pess,nat,pess_nat,10,0,5,SH,def,coop,100
7835,2163,1,E.B.,pess,nat,pess_nat,11,10,8,HG,coop,coop,100
7836,2163,1,E.B.,pess,nat,pess_nat,12,7,12,SG,coop,coop,100
7837,2163,1,E.B.,pess,nat,pess_nat,13,3,8,SH,def,coop,100
7838,2163,1,E.B.,pess,nat,pess_nat,14,3,15,PD,def,coop,100
7839,2163,1,E.B.,pess,nat,pess_nat,15,10,5,HG,coop,coop,100
7840,2163,2,F.A.,pess,inv,pess_inv,0,0,12,PD,coop,coop,100
7841,2163,2,F.A.,pess,inv,pess_inv,1,0,8,SH,coop,coop,100
7842,2163,2,F.A.,pess,inv,pess_inv,2,7,15,SG,def,coop,100
7843,2163,2,F.A.,pess,inv,pess_inv,3,7,8,HG,def,coop,100
7844,2163,2,F.A.,pess,inv,pess_inv,4,3,12,PD,coop,coop,100
7845,2163,2,F.A.,pess,inv,pess_inv,5,0,5,SH,coop,coop,100
7846,2163,2,F.A.,pess,inv,pess_inv,6,10,8,HG,def,coop,100
7847,2163,2,F.A.,pess,inv,pess_inv,7,10,15,SG,def,coop,100
7848,2163,2,F.A.,pess,inv,pess_inv,8,10,12,SG,def,coop,100
7849,2163,2,F.A.,pess,inv,pess_inv,9,0,15,PD,coop,coop,100
7850,2163,2,F.A.,pess,inv,pess_inv,10,10,5,HG,def,coop,100
7851,2163,2,F.A.,pess,inv,pess_inv,11,3,8,SH,coop,coop,100
7852,2163,2,F.A.,pess,inv,pess_inv,12,7,12,SG,def,coop,100
7853,2163,2,F.A.,pess,inv,pess_inv,13,3,15,PD,coop,coop,100
7854,2163,2,F.A.,pess,inv,pess_inv,14,3,5,SH,coop,coop,100
7855,2163,2,F.A.,pess,inv,pess_inv,15,7,5,HG,def,coop,100
7856,2163,3,D.T.,opt,inv,opt_inv,0,7,15,SG,coop,coop,100
7857,2163,3,D.T.,opt,inv,opt_inv,1,7,5,HG,def,coop,100
7858,2163,3,D.T.,opt,inv,opt_inv,2,3,8,SH,def,coop,100
7859,2163,3,D.T.,opt,inv,opt_inv,3,0,12,PD,coop,coop,100
7860,2163,3,D.T.,opt,inv,opt_inv,4,7,8,HG,def,coop,100
7861,2163,3,D.T.,opt,inv,opt_inv,5,0,8,SH,def,coop,100
7862,2163,3,D.T.,opt,inv,opt_inv,6,10,15,SG,coop,coop,100
7863,2163,3,D.T.,opt,inv,opt_inv,7,0,15,PD,coop,coop,100
7864,2163,3,D.T.,opt,inv,opt_inv,8,10,5,HG,def,coop,100
7865,2163,3,D.T.,opt,inv,opt_inv,9,3,5,SH,def,coop,100
7866,2163,3,D.T.,opt,inv,opt_inv,10,3,15,PD,coop,coop,100
7867,2163,3,D.T.,opt,inv,opt_inv,11,10,12,SG,coop,coop,100
7868,2163,3,D.T.,opt,inv,opt_inv,12,0,5,SH,def,coop,100
7869,2163,3,D.T.,opt,inv,opt_inv,13,3,12,PD,coop,coop,100
7870,2163,3,D.T.,opt,inv,opt_inv,14,7,12,SG,coop,coop,100
7871,2163,3,D.T.,opt,inv,opt_inv,15,10,8,HG,def,coop,100
7872,2164,0,F.A.,pess,nat,pess_nat,0,7,15,SG,coop,def,70
7873,2164,0,F.A.,pess,nat,pess_nat,1,3,15,PD,def,def,60
7874,2164,0,F.A.,pess,nat,pess_nat,2,3,8,SH,def,def,40
7875,2164,0,F.A.,pess,nat,pess_nat,3,7,5,HG,coop,coop,60
7876,2164,0,F.A.,pess,nat,pess_nat,4,10,15,SG,coop,def,60
7877,2164,0,F.A.,pess,nat,pess_nat,5,7,8,HG,coop,coop,50
7878,2164,0,F.A.,pess,nat,pess_nat,6,0,5,SH,def,coop,40
7879,2164,0,F.A.,pess,nat,pess_nat,7,0,12,PD,def,def,60
7880,2164,0,F.A.,pess,nat,pess_nat,8,3,12,PD,def,def,60
7881,2164,0,F.A.,pess,nat,pess_nat,9,7,12,SG,coop,def,60
7882,2164,0,F.A.,pess,nat,pess_nat,10,10,8,HG,coop,coop,60
7883,2164,0,F.A.,pess,nat,pess_nat,11,3,5,SH,def,coop,40
7884,2164,0,F.A.,pess,nat,pess_nat,12,10,12,SG,coop,coop,40
7885,2164,0,F.A.,pess,nat,pess_nat,13,0,15,PD,def,def,60
7886,2164,0,F.A.,pess,nat,pess_nat,14,10,5,HG,coop,coop,60
7887,2164,0,F.A.,pess,nat,pess_nat,15,0,8,SH,def,coop,40
7888,2164,1,E.B.,opt,nat,opt_nat,0,10,8,HG,coop,coop,60
7889,2164,1,E.B.,opt,nat,opt_nat,1,3,5,SH,coop,coop,40
7890,2164,1,E.B.,opt,nat,opt_nat,2,7,12,SG,def,def,60
7891,2164,1,E.B.,opt,nat,opt_nat,3,3,12,PD,def,def,60
7892,2164,1,E.B.,opt,nat,opt_nat,4,7,5,HG,coop,coop,60
7893,2164,1,E.B.,opt,nat,opt_nat,5,10,15,SG,def,def,60
7894,2164,1,E.B.,opt,nat,opt_nat,6,0,12,PD,def,def,60
7895,2164,1,E.B.,opt,nat,opt_nat,7,0,5,SH,coop,def,60
7896,2164,1,E.B.,opt,nat,opt_nat,8,10,5,HG,coop,coop,60
7897,2164,1,E.B.,opt,nat,opt_nat,9,3,8,SH,coop,def,60
7898,2164,1,E.B.,opt,nat,opt_nat,10,7,15,SG,def,def,60
7899,2164,1,E.B.,opt,nat,opt_nat,11,3,15,PD,def,def,60
7900,2164,1,E.B.,opt,nat,opt_nat,12,0,15,PD,def,def,60
7901,2164,1,E.B.,opt,nat,opt_nat,13,0,8,SH,coop,def,60
7902,2164,1,E.B.,opt,nat,opt_nat,14,10,12,SG,def,def,60
7903,2164,1,E.B.,opt,nat,opt_nat,15,7,8,HG,coop,coop,60
7904,2164,2,D.T.,pess,inv,pess_inv,0,10,12,SG,def,def,60
7905,2164,2,D.T.,pess,inv,pess_inv,1,0,12,PD,coop,def,60
7906,2164,2,D.T.,pess,inv,pess_inv,2,3,5,SH,coop,coop,60
7907,2164,2,D.T.,pess,inv,pess_inv,3,7,8,HG,def,coop,60
7908,2164,2,D.T.,pess,inv,pess_inv,4,10,5,HG,def,coop,60
7909,2164,2,D.T.,pess,inv,pess_inv,5,3,12,PD,coop,def,60
7910,2164,2,D.T.,pess,inv,pess_inv,6,3,8,SH,coop,coop,60
7911,2164,2,D.T.,pess,inv,pess_inv,7,10,15,SG,def,def,60
7912,2164,2,D.T.,pess,inv,pess_inv,8,0,15,PD,coop,def,60
7913,2164,2,D.T.,pess,inv,pess_inv,9,7,12,SG,def,def,60
7914,2164,2,D.T.,pess,inv,pess_inv,10,0,5,SH,coop,def,60
7915,2164,2,D.T.,pess,inv,pess_inv,11,7,5,HG,def,coop,60
7916,2164,2,D.T.,pess,inv,pess_inv,12,10,8,HG,def,coop,60
7917,2164,2,D.T.,pess,inv,pess_inv,13,0,8,SH,coop,def,60
7918,2164,2,D.T.,pess,inv,pess_inv,14,7,15,SG,def,def,60
7919,2164,2,D.T.,pess,inv,pess_inv,15,3,15,PD,coop,def,60
7920,2164,3,G.P.,opt,inv,opt_inv,0,7,15,SG,coop,def,60
7921,2164,3,G.P.,opt,inv,opt_inv,1,0,12,PD,coop,def,60
7922,2164,3,G.P.,opt,inv,opt_inv,2,3,5,SH,def,coop,60
7923,2164,3,G.P.,opt,inv,opt_inv,3,7,5,HG,def,coop,60
7924,2164,3,G.P.,opt,inv,opt_inv,4,3,12,PD,coop,def,60
7925,2164,3,G.P.,opt,inv,opt_inv,5,7,8,HG,def,coop,60
7926,2164,3,G.P.,opt,inv,opt_inv,6,0,8,SH,def,def,60
7927,2164,3,G.P.,opt,inv,opt_inv,7,10,15,SG,coop,def,60
7928,2164,3,G.P.,opt,inv,opt_inv,8,10,12,SG,coop,def,60
7929,2164,3,G.P.,opt,inv,opt_inv,9,0,15,PD,coop,def,60
7930,2164,3,G.P.,opt,inv,opt_inv,10,0,5,SH,def,def,60
7931,2164,3,G.P.,opt,inv,opt_inv,11,10,8,HG,def,coop,60
7932,2164,3,G.P.,opt,inv,opt_inv,12,7,12,SG,coop,def,60
7933,2164,3,G.P.,opt,inv,opt_inv,13,3,8,SH,def,coop,60
7934,2164,3,G.P.,opt,inv,opt_inv,14,3,15,PD,coop,def,60
7935,2164,3,G.P.,opt,inv,opt_inv,15,10,5,HG,def,coop,60
7936,2165,0,F.A.,pess,nat,pess_nat,0,0,12,PD,def,def,80
7937,2165,0,F.A.,pess,nat,pess_nat,1,0,8,SH,def,coop,80
7938,2165,0,F.A.,pess,nat,pess_nat,2,7,15,SG,coop,def,70
7939,2165,0,F.A.,pess,nat,pess_nat,3,7,8,HG,coop,coop,60
7940,2165,0,F.A.,pess,nat,pess_nat,4,3,12,PD,def,def,80
7941,2165,0,F.A.,pess,nat,pess_nat,5,0,5,SH,def,def,80
7942,2165,0,F.A.,pess,nat,pess_nat,6,10,8,HG,coop,coop,80
7943,2165,0,F.A.,pess,nat,pess_nat,7,10,15,SG,coop,def,70
7944,2165,0,F.A.,pess,nat,pess_nat,8,10,12,SG,coop,def,70
7945,2165,0,F.A.,pess,nat,pess_nat,9,0,15,PD,def,def,70
7946,2165,0,F.A.,pess,nat,pess_nat,10,10,5,HG,coop,coop,70
7947,2165,0,F.A.,pess,nat,pess_nat,11,3,8,SH,def,def,70
7948,2165,0,F.A.,pess,nat,pess_nat,12,7,12,SG,coop,def,70
7949,2165,0,F.A.,pess,nat,pess_nat,13,3,15,PD,def,def,70
7950,2165,0,F.A.,pess,nat,pess_nat,14,3,5,SH,def,def,70
7951,2165,0,F.A.,pess,nat,pess_nat,15,7,5,HG,coop,coop,70
7952,2165,1,E.B.,opt,nat,opt_nat,0,7,15,SG,def,def,70
7953,2165,1,E.B.,opt,nat,opt_nat,1,0,12,PD,def,def,70
7954,2165,1,E.B.,opt,nat,opt_nat,2,3,5,SH,coop,coop,70
7955,2165,1,E.B.,opt,nat,opt_nat,3,7,5,HG,coop,coop,70
7956,2165,1,E.B.,opt,nat,opt_nat,4,3,12,PD,def,def,70
7957,2165,1,E.B.,opt,nat,opt_nat,5,7,8,HG,coop,coop,70
7958,2165,1,E.B.,opt,nat,opt_nat,6,0,8,SH,coop,def,70
7959,2165,1,E.B.,opt,nat,opt_nat,7,10,15,SG,def,def,70
7960,2165,1,E.B.,opt,nat,opt_nat,8,10,12,SG,def,def,70
7961,2165,1,E.B.,opt,nat,opt_nat,9,0,15,PD,def,def,70
7962,2165,1,E.B.,opt,nat,opt_nat,10,0,5,SH,coop,coop,70
7963,2165,1,E.B.,opt,nat,opt_nat,11,10,8,HG,coop,coop,70
7964,2165,1,E.B.,opt,nat,opt_nat,12,7,12,SG,def,coop,70
7965,2165,1,E.B.,opt,nat,opt_nat,13,3,8,SH,coop,def,70
7966,2165,1,E.B.,opt,nat,opt_nat,14,3,15,PD,def,def,70
7967,2165,1,E.B.,opt,nat,opt_nat,15,10,5,HG,coop,coop,70
7968,2165,2,G.P.,opt,inv,opt_inv,0,0,5,SH,def,coop,70
7969,2165,2,G.P.,opt,inv,opt_inv,1,10,5,HG,def,coop,70
7970,2165,2,G.P.,opt,inv,opt_inv,2,3,15,PD,coop,def,70
7971,2165,2,G.P.,opt,inv,opt_inv,3,7,12,SG,coop,def,70
7972,2165,2,G.P.,opt,inv,opt_inv,4,10,8,HG,def,coop,70
7973,2165,2,G.P.,opt,inv,opt_inv,5,0,15,PD,coop,def,70
7974,2165,2,G.P.,opt,inv,opt_inv,6,3,5,SH,def,coop,70
7975,2165,2,G.P.,opt,inv,opt_inv,7,7,15,SG,coop,def,70
7976,2165,2,G.P.,opt,inv,opt_inv,8,3,12,PD,coop,def,70
7977,2165,2,G.P.,opt,inv,opt_inv,9,10,12,SG,coop,coop,70
7978,2165,2,G.P.,opt,inv,opt_inv,10,7,8,HG,def,def,70
7979,2165,2,G.P.,opt,inv,opt_inv,11,3,8,SH,def,def,70
7980,2165,2,G.P.,opt,inv,opt_inv,12,0,12,PD,coop,def,70
7981,2165,2,G.P.,opt,inv,opt_inv,13,0,8,SH,def,def,70
7982,2165,2,G.P.,opt,inv,opt_inv,14,10,15,SG,coop,coop,70
7983,2165,2,G.P.,opt,inv,opt_inv,15,7,5,HG,def,coop,70
7984,2165,3,D.T.,pess,inv,pess_inv,0,10,5,HG,def,coop,70
7985,2165,3,D.T.,pess,inv,pess_inv,1,0,15,PD,coop,def,70
7986,2165,3,D.T.,pess,inv,pess_inv,2,7,12,SG,def,def,70
7987,2165,3,D.T.,pess,inv,pess_inv,3,0,8,SH,coop,coop,70
7988,2165,3,D.T.,pess,inv,pess_inv,4,0,5,SH,coop,coop,70
7989,2165,3,D.T.,pess,inv,pess_inv,5,10,15,SG,def,coop,70
7990,2165,3,D.T.,pess,inv,pess_inv,6,7,5,HG,def,coop,70
7991,2165,3,D.T.,pess,inv,pess_inv,7,0,12,PD,coop,def,70
7992,2165,3,D.T.,pess,inv,pess_inv,8,10,8,HG,def,coop,70
7993,2165,3,D.T.,pess,inv,pess_inv,9,3,15,PD,coop,def,70
7994,2165,3,D.T.,pess,inv,pess_inv,10,3,8,SH,coop,def,70
7995,2165,3,D.T.,pess,inv,pess_inv,11,10,12,SG,def,coop,70
7996,2165,3,D.T.,pess,inv,pess_inv,12,3,12,PD,coop,def,70
7997,2165,3,D.T.,pess,inv,pess_inv,13,7,15,SG,def,coop,70
7998,2165,3,D.T.,pess,inv,pess_inv,14,7,8,HG,def,def,70
7999,2165,3,D.T.,pess,inv,pess_inv,15,3,5,SH,coop,def,70
8000,2166,0,D.T.,opt,nat,opt_nat,0,3,5,SH,coop,coop,60
8001,2166,0,D.T.,opt,nat,opt_nat,1,0,15,PD,def,coop,80
8002,2166,0,D.T.,opt,nat,opt_nat,2,7,8,HG,coop,coop,70
8003,2166,0,D.T.,opt,nat,opt_nat,3,10,12,SG,def,coop,60
8004,2166,0,D.T.,opt,nat,opt_nat,4,7,12,SG,def,coop,50
8005,2166,0,D.T.,opt,nat,opt_nat,5,10,8,HG,coop,coop,60
8006,2166,0,D.T.,opt,nat,opt_nat,6,0,5,SH,coop,coop,80
8007,2166,0,D.T.,opt,nat,opt_nat,7,0,12,PD,def,coop,70
8008,2166,0,D.T.,opt,nat,opt_nat,8,7,5,HG,coop,coop,70
8009,2166,0,D.T.,opt,nat,opt_nat,9,3,8,SH,coop,coop,60
8010,2166,0,D.T.,opt,nat,opt_nat,10,3,12,PD,def,coop,50
8011,2166,0,D.T.,opt,nat,opt_nat,11,7,15,SG,def,coop,70
8012,2166,0,D.T.,opt,nat,opt_nat,12,3,15,PD,def,coop,60
8013,2166,0,D.T.,opt,nat,opt_nat,13,10,5,HG,coop,coop,70
8014,2166,0,D.T.,opt,nat,opt_nat,14,10,15,SG,def,coop,50
8015,2166,0,D.T.,opt,nat,opt_nat,15,0,8,SH,coop,coop,80
8016,2166,1,E.B.,pess,nat,pess_nat,0,7,12,SG,coop,coop,70
8017,2166,1,E.B.,pess,nat,pess_nat,1,7,8,HG,coop,coop,70
8018,2166,1,E.B.,pess,nat,pess_nat,2,0,5,SH,def,coop,80
8019,2166,1,E.B.,pess,nat,pess_nat,3,3,15,PD,def,coop,60
8020,2166,1,E.B.,pess,nat,pess_nat,4,0,12,PD,def,coop,50
8021,2166,1,E.B.,pess,nat,pess_nat,5,0,8,SH,def,coop,50
8022,2166,1,E.B.,pess,nat,pess_nat,6,10,12,SG,coop,coop,70
8023,2166,1,E.B.,pess,nat,pess_nat,7,10,5,HG,coop,coop,60
8024,2166,1,E.B.,pess,nat,pess_nat,8,10,8,HG,coop,coop,60
8025,2166,1,E.B.,pess,nat,pess_nat,9,10,15,SG,coop,coop,70
8026,2166,1,E.B.,pess,nat,pess_nat,10,3,8,SH,def,coop,60
8027,2166,1,E.B.,pess,nat,pess_nat,11,3,12,PD,def,coop,50
8028,2166,1,E.B.,pess,nat,pess_nat,12,7,15,SG,coop,coop,70
8029,2166,1,E.B.,pess,nat,pess_nat,13,7,5,HG,coop,coop,60
8030,2166,1,E.B.,pess,nat,pess_nat,14,3,5,SH,def,coop,60
8031,2166,1,E.B.,pess,nat,pess_nat,15,0,15,PD,def,coop,70
8032,2166,2,G.P.,opt,inv,opt_inv,0,3,8,SH,def,coop,70
8033,2166,2,G.P.,opt,inv,opt_inv,1,0,15,PD,coop,coop,60
8034,2166,2,G.P.,opt,inv,opt_inv,2,7,8,HG,def,coop,60
8035,2166,2,G.P.,opt,inv,opt_inv,3,7,15,SG,coop,coop,60
8036,2166,2,G.P.,opt,inv,opt_inv,4,3,5,SH,def,coop,60
8037,2166,2,G.P.,opt,inv,opt_inv,5,7,5,HG,def,coop,60
8038,2166,2,G.P.,opt,inv,opt_inv,6,0,12,PD,coop,coop,60
8039,2166,2,G.P.,opt,inv,opt_inv,7,10,12,SG,coop,coop,60
8040,2166,2,G.P.,opt,inv,opt_inv,8,7,12,SG,coop,coop,60
8041,2166,2,G.P.,opt,inv,opt_inv,9,3,15,PD,coop,coop,60
8042,2166,2,G.P.,opt,inv,opt_inv,10,0,8,SH,def,coop,60
8043,2166,2,G.P.,opt,inv,opt_inv,11,10,5,HG,def,coop,60
8044,2166,2,G.P.,opt,inv,opt_inv,12,10,15,SG,coop,coop,60
8045,2166,2,G.P.,opt,inv,opt_inv,13,0,5,SH,def,coop,60
8046,2166,2,G.P.,opt,inv,opt_inv,14,10,8,HG,def,coop,60
8047,2166,2,G.P.,opt,inv,opt_inv,15,3,12,PD,coop,coop,60
8048,2166,3,F.A.,pess,inv,pess_inv,0,7,15,SG,def,coop,60
8049,2166,3,F.A.,pess,inv,pess_inv,1,0,12,PD,coop,coop,60
8050,2166,3,F.A.,pess,inv,pess_inv,2,3,5,SH,coop,coop,60
8051,2166,3,F.A.,pess,inv,pess_inv,3,7,5,HG,def,coop,60
8052,2166,3,F.A.,pess,inv,pess_inv,4,3,12,PD,coop,coop,60
8053,2166,3,F.A.,pess,inv,pess_inv,5,7,8,HG,def,coop,60
8054,2166,3,F.A.,pess,inv,pess_inv,6,0,8,SH,coop,coop,60
8055,2166,3,F.A.,pess,inv,pess_inv,7,10,15,SG,def,coop,60
8056,2166,3,F.A.,pess,inv,pess_inv,8,10,12,SG,def,coop,60
8057,2166,3,F.A.,pess,inv,pess_inv,9,0,15,PD,coop,coop,60
8058,2166,3,F.A.,pess,inv,pess_inv,10,0,5,SH,coop,coop,60
8059,2166,3,F.A.,pess,inv,pess_inv,11,10,8,HG,def,coop,60
8060,2166,3,F.A.,pess,inv,pess_inv,12,7,12,SG,def,coop,60
8061,2166,3,F.A.,pess,inv,pess_inv,13,3,8,SH,coop,coop,60
8062,2166,3,F.A.,pess,inv,pess_inv,14,3,15,PD,coop,coop,60
8063,2166,3,F.A.,pess,inv,pess_inv,15,10,5,HG,def,coop,60
8064,2168,0,F.A.,pess,nat,pess_nat,0,3,8,SH,def,coop,70
8065,2168,0,F.A.,pess,nat,pess_nat,1,0,15,PD,def,coop,60
8066,2168,0,F.A.,pess,nat,pess_nat,2,7,8,HG,coop,coop,70
8067,2168,0,F.A.,pess,nat,pess_nat,3,7,15,SG,coop,coop,60
8068,2168,0,F.A.,pess,nat,pess_nat,4,3,5,SH,def,coop,60
8069,2168,0,F.A.,pess,nat,pess_nat,5,7,5,HG,coop,coop,60
8070,2168,0,F.A.,pess,nat,pess_nat,6,0,12,PD,def,coop,60
8071,2168,0,F.A.,pess,nat,pess_nat,7,10,12,SG,coop,coop,60
8072,2168,0,F.A.,pess,nat,pess_nat,8,7,12,SG,coop,coop,70
8073,2168,0,F.A.,pess,nat,pess_nat,9,3,15,PD,def,coop,60
8074,2168,0,F.A.,pess,nat,pess_nat,10,0,8,SH,def,coop,60
8075,2168,0,F.A.,pess,nat,pess_nat,11,10,5,HG,coop,coop,60
8076,2168,0,F.A.,pess,nat,pess_nat,12,10,15,SG,coop,coop,70
8077,2168,0,F.A.,pess,nat,pess_nat,13,0,5,SH,def,coop,60
8078,2168,0,F.A.,pess,nat,pess_nat,14,10,8,HG,coop,coop,60
8079,2168,0,F.A.,pess,nat,pess_nat,15,3,12,PD,def,coop,60
8080,2168,1,D.T.,opt,nat,opt_nat,0,0,5,SH,coop,coop,60
8081,2168,1,D.T.,opt,nat,opt_nat,1,10,5,HG,coop,coop,60
8082,2168,1,D.T.,opt,nat,opt_nat,2,3,15,PD,def,coop,70
8083,2168,1,D.T.,opt,nat,opt_nat,3,7,12,SG,def,coop,60
8084,2168,1,D.T.,opt,nat,opt_nat,4,10,8,HG,coop,coop,70
8085,2168,1,D.T.,opt,nat,opt_nat,5,0,15,PD,def,coop,60
8086,2168,1,D.T.,opt,nat,opt_nat,6,3,5,SH,coop,coop,60
8087,2168,1,D.T.,opt,nat,opt_nat,7,7,15,SG,def,coop,60
8088,2168,1,D.T.,opt,nat,opt_nat,8,3,12,PD,def,coop,60
8089,2168,1,D.T.,opt,nat,opt_nat,9,10,12,SG,def,coop,70
8090,2168,1,D.T.,opt,nat,opt_nat,10,7,8,HG,coop,coop,60
8091,2168,1,D.T.,opt,nat,opt_nat,11,3,8,SH,coop,coop,60
8092,2168,1,D.T.,opt,nat,opt_nat,12,0,12,PD,def,coop,60
8093,2168,1,D.T.,opt,nat,opt_nat,13,0,8,SH,coop,coop,60
8094,2168,1,D.T.,opt,nat,opt_nat,14,10,15,SG,def,coop,70
8095,2168,1,D.T.,opt,nat,opt_nat,15,7,5,HG,coop,coop,60
8096,2168,2,G.P.,pess,inv,pess_inv,0,10,12,SG,def,coop,60
8097,2168,2,G.P.,pess,inv,pess_inv,1,0,12,PD,coop,coop,70
8098,2168,2,G.P.,pess,inv,pess_inv,2,3,5,SH,coop,coop,60
8099,2168,2,G.P.,pess,inv,pess_inv,3,7,8,HG,def,coop,60
8100,2168,2,G.P.,pess,inv,pess_inv,4,10,5,HG,def,coop,60
8101,2168,2,G.P.,pess,inv,pess_inv,5,3,12,PD,coop,coop,60
8102,2168,2,G.P.,pess,inv,pess_inv,6,3,8,SH,coop,coop,60
8103,2168,2,G.P.,pess,inv,pess_inv,7,10,15,SG,def,coop,60
8104,2168,2,G.P.,pess,inv,pess_inv,8,0,15,PD,coop,coop,60
8105,2168,2,G.P.,pess,inv,pess_inv,9,7,12,SG,def,coop,60
8106,2168,2,G.P.,pess,inv,pess_inv,10,0,5,SH,coop,coop,60
8107,2168,2,G.P.,pess,inv,pess_inv,11,7,5,HG,def,coop,60
8108,2168,2,G.P.,pess,inv,pess_inv,12,10,8,HG,def,coop,60
8109,2168,2,G.P.,pess,inv,pess_inv,13,0,8,SH,coop,coop,60
8110,2168,2,G.P.,pess,inv,pess_inv,14,7,15,SG,def,coop,60
8111,2168,2,G.P.,pess,inv,pess_inv,15,3,15,PD,coop,coop,70
8112,2168,3,E.B.,opt,inv,opt_inv,0,0,8,SH,def,coop,60
8113,2168,3,E.B.,opt,inv,opt_inv,1,7,5,HG,def,coop,60
8114,2168,3,E.B.,opt,inv,opt_inv,2,10,15,SG,coop,coop,60
8115,2168,3,E.B.,opt,inv,opt_inv,3,3,12,PD,coop,coop,70
8116,2168,3,E.B.,opt,inv,opt_inv,4,7,15,SG,coop,coop,60
8117,2168,3,E.B.,opt,inv,opt_inv,5,7,8,HG,def,coop,60
8118,2168,3,E.B.,opt,inv,opt_inv,6,3,5,SH,def,coop,60
8119,2168,3,E.B.,opt,inv,opt_inv,7,3,15,PD,coop,coop,70
8120,2168,3,E.B.,opt,inv,opt_inv,8,0,15,PD,coop,coop,70
8121,2168,3,E.B.,opt,inv,opt_inv,9,10,8,HG,def,coop,60
8122,2168,3,E.B.,opt,inv,opt_inv,10,10,12,SG,coop,coop,70
8123,2168,3,E.B.,opt,inv,opt_inv,11,0,5,SH,def,coop,60
8124,2168,3,E.B.,opt,inv,opt_inv,12,0,12,PD,coop,coop,70
8125,2168,3,E.B.,opt,inv,opt_inv,13,3,8,SH,def,coop,60
8126,2168,3,E.B.,opt,inv,opt_inv,14,10,5,HG,def,coop,60
8127,2168,3,E.B.,opt,inv,opt_inv,15,7,12,SG,coop,coop,70
8128,2169,0,F.A.,opt,nat,opt_nat,0,7,12,SG,def,coop,50
8129,2169,0,F.A.,opt,nat,opt_nat,1,7,8,HG,coop,coop,50
8130,2169,0,F.A.,opt,nat,opt_nat,2,0,5,SH,coop,coop,50
8131,2169,0,F.A.,opt,nat,opt_nat,3,3,15,PD,def,def,50
8132,2169,0,F.A.,opt,nat,opt_nat,4,0,12,PD,def,def,50
8133,2169,0,F.A.,opt,nat,opt_nat,5,0,8,SH,coop,def,50
8134,2169,0,F.A.,opt,nat,opt_nat,6,10,12,SG,def,coop,50
8135,2169,0,F.A.,opt,nat,opt_nat,7,10,5,HG,coop,coop,50
8136,2169,0,F.A.,opt,nat,opt_nat,8,10,8,HG,coop,coop,50
8137,2169,0,F.A.,opt,nat,opt_nat,9,10,15,SG,def,def,50
8138,2169,0,F.A.,opt,nat,opt_nat,10,3,8,SH,coop,coop,50
8139,2169,0,F.A.,opt,nat,opt_nat,11,3,12,PD,def,def,50
8140,2169,0,F.A.,opt,nat,opt_nat,12,7,15,SG,def,def,50
8141,2169,0,F.A.,opt,nat,opt_nat,13,7,5,HG,coop,coop,50
8142,2169,0,F.A.,opt,nat,opt_nat,14,3,5,SH,coop,coop,50
8143,2169,0,F.A.,opt,nat,opt_nat,15,0,15,PD,def,def,50
8144,2169,1,D.T.,pess,nat,pess_nat,0,0,5,SH,def,coop,50
8145,2169,1,D.T.,pess,nat,pess_nat,1,10,5,HG,coop,coop,50
8146,2169,1,D.T.,pess,nat,pess_nat,2,3,15,PD,def,def,50
8147,2169,1,D.T.,pess,nat,pess_nat,3,7,12,SG,coop,def,50
8148,2169,1,D.T.,pess,nat,pess_nat,4,10,8,HG,coop,coop,50
8149,2169,1,D.T.,pess,nat,pess_nat,5,0,15,PD,def,def,50
8150,2169,1,D.T.,pess,nat,pess_nat,6,3,5,SH,def,coop,50
8151,2169,1,D.T.,pess,nat,pess_nat,7,7,15,SG,coop,def,50
8152,2169,1,D.T.,pess,nat,pess_nat,8,3,12,PD,def,def,50
8153,2169,1,D.T.,pess,nat,pess_nat,9,10,12,SG,coop,def,50
8154,2169,1,D.T.,pess,nat,pess_nat,10,7,8,HG,coop,coop,50
8155,2169,1,D.T.,pess,nat,pess_nat,11,3,8,SH,def,def,50
8156,2169,1,D.T.,pess,nat,pess_nat,12,0,12,PD,def,def,50
8157,2169,1,D.T.,pess,nat,pess_nat,13,0,8,SH,def,def,50
8158,2169,1,D.T.,pess,nat,pess_nat,14,10,15,SG,coop,def,50
8159,2169,1,D.T.,pess,nat,pess_nat,15,7,5,HG,coop,coop,50
8160,2169,2,E.B.,pess,inv,pess_inv,0,0,8,SH,coop,def,50
8161,2169,2,E.B.,pess,inv,pess_inv,1,7,5,HG,def,coop,50
8162,2169,2,E.B.,pess,inv,pess_inv,2,10,15,SG,def,def,50
8163,2169,2,E.B.,pess,inv,pess_inv,3,3,12,PD,coop,def,50
8164,2169,2,E.B.,pess,inv,pess_inv,4,7,15,SG,def,def,50
8165,2169,2,E.B.,pess,inv,pess_inv,5,7,8,HG,def,coop,50
8166,2169,2,E.B.,pess,inv,pess_inv,6,3,5,SH,coop,coop,50
8167,2169,2,E.B.,pess,inv,pess_inv,7,3,15,PD,coop,def,50
8168,2169,2,E.B.,pess,inv,pess_inv,8,0,15,PD,coop,def,50
8169,2169,2,E.B.,pess,inv,pess_inv,9,10,8,HG,def,coop,50
8170,2169,2,E.B.,pess,inv,pess_inv,10,10,12,SG,def,def,50
8171,2169,2,E.B.,pess,inv,pess_inv,11,0,5,SH,coop,def,50
8172,2169,2,E.B.,pess,inv,pess_inv,12,0,12,PD,coop,def,50
8173,2169,2,E.B.,pess,inv,pess_inv,13,3,8,SH,coop,coop,50
8174,2169,2,E.B.,pess,inv,pess_inv,14,10,5,HG,def,coop,50
8175,2169,2,E.B.,pess,inv,pess_inv,15,7,12,SG,def,def,50
8176,2169,3,G.P.,opt,inv,opt_inv,0,10,5,HG,def,coop,50
8177,2169,3,G.P.,opt,inv,opt_inv,1,3,5,SH,def,coop,50
8178,2169,3,G.P.,opt,inv,opt_inv,2,0,15,PD,coop,def,50
8179,2169,3,G.P.,opt,inv,opt_inv,3,7,12,SG,coop,def,50
8180,2169,3,G.P.,opt,inv,opt_inv,4,10,15,SG,coop,def,50
8181,2169,3,G.P.,opt,inv,opt_inv,5,10,8,HG,def,coop,50
8182,2169,3,G.P.,opt,inv,opt_inv,6,0,12,PD,coop,def,50
8183,2169,3,G.P.,opt,inv,opt_inv,7,0,5,SH,def,def,50
8184,2169,3,G.P.,opt,inv,opt_inv,8,7,15,SG,coop,def,50
8185,2169,3,G.P.,opt,inv,opt_inv,9,0,8,SH,def,def,50
8186,2169,3,G.P.,opt,inv,opt_inv,10,3,15,PD,coop,def,50
8187,2169,3,G.P.,opt,inv,opt_inv,11,7,5,HG,def,coop,50
8188,2169,3,G.P.,opt,inv,opt_inv,12,3,12,PD,coop,def,50
8189,2169,3,G.P.,opt,inv,opt_inv,13,10,12,SG,coop,def,50
8190,2169,3,G.P.,opt,inv,opt_inv,14,3,8,SH,def,def,50
8191,2169,3,G.P.,opt,inv,opt_inv,15,7,8,HG,def,coop,50
8192,2170,0,E.B.,opt,nat,opt_nat,0,10,5,HG,coop,coop,70
8193,2170,0,E.B.,opt,nat,opt_nat,1,7,12,SG,def,coop,70
8194,2170,0,E.B.,opt,nat,opt_nat,2,0,12,PD,def,coop,50
8195,2170,0,E.B.,opt,nat,opt_nat,3,3,8,SH,coop,coop,50
8196,2170,0,E.B.,opt,nat,opt_nat,4,10,12,SG,def,def,80
8197,2170,0,E.B.,opt,nat,opt_nat,5,0,8,SH,coop,def,90
8198,2170,0,E.B.,opt,nat,opt_nat,6,7,8,HG,coop,coop,70
8199,2170,0,E.B.,opt,nat,opt_nat,7,0,15,PD,def,def,70
8200,2170,0,E.B.,opt,nat,opt_nat,8,7,5,HG,coop,coop,70
8201,2170,0,E.B.,opt,nat,opt_nat,9,10,15,SG,def,def,70
8202,2170,0,E.B.,opt,nat,opt_nat,10,3,5,SH,coop,coop,70
8203,2170,0,E.B.,opt,nat,opt_nat,11,3,15,PD,def,def,70
8204,2170,0,E.B.,opt,nat,opt_nat,12,3,12,PD,def,def,70
8205,2170,0,E.B.,opt,nat,opt_nat,13,0,5,SH,coop,coop,70
8206,2170,0,E.B.,opt,nat,opt_nat,14,7,15,SG,def,def,70
8207,2170,0,E.B.,opt,nat,opt_nat,15,10,8,HG,coop,coop,70
8208,2170,1,G.P.,pess,nat,pess_nat,0,7,15,SG,coop,def,70
8209,2170,1,G.P.,pess,nat,pess_nat,1,3,15,PD,def,def,70
8210,2170,1,G.P.,pess,nat,pess_nat,2,3,8,SH,def,def,70
8211,2170,1,G.P.,pess,nat,pess_nat,3,7,5,HG,coop,coop,70
8212,2170,1,G.P.,pess,nat,pess_nat,4,10,15,SG,coop,def,70
8213,2170,1,G.P.,pess,nat,pess_nat,5,7,8,HG,coop,coop,70
8214,2170,1,G.P.,pess,nat,pess_nat,6,0,5,SH,def,coop,70
8215,2170,1,G.P.,pess,nat,pess_nat,7,0,12,PD,def,def,70
8216,2170,1,G.P.,pess,nat,pess_nat,8,3,12,PD,def,def,70
8217,2170,1,G.P.,pess,nat,pess_nat,9,7,12,SG,coop,def,70
8218,2170,1,G.P.,pess,nat,pess_nat,10,10,8,HG,coop,coop,70
8219,2170,1,G.P.,pess,nat,pess_nat,11,3,5,SH,def,coop,70
8220,2170,1,G.P.,pess,nat,pess_nat,12,10,12,SG,coop,def,70
8221,2170,1,G.P.,pess,nat,pess_nat,13,0,15,PD,def,def,70
8222,2170,1,G.P.,pess,nat,pess_nat,14,10,5,HG,coop,coop,70
8223,2170,1,G.P.,pess,nat,pess_nat,15,0,8,SH,def,coop,70
8224,2170,2,F.A.,opt,inv,opt_inv,0,0,12,PD,coop,def,70
8225,2170,2,F.A.,opt,inv,opt_inv,1,0,8,SH,def,coop,70
8226,2170,2,F.A.,opt,inv,opt_inv,2,7,15,SG,coop,def,70
8227,2170,2,F.A.,opt,inv,opt_inv,3,7,8,HG,def,coop,70
8228,2170,2,F.A.,opt,inv,opt_inv,4,3,12,PD,coop,def,70
8229,2170,2,F.A.,opt,inv,opt_inv,5,0,5,SH,def,coop,70
8230,2170,2,F.A.,opt,inv,opt_inv,6,10,8,HG,def,coop,70
8231,2170,2,F.A.,opt,inv,opt_inv,7,10,15,SG,coop,def,70
8232,2170,2,F.A.,opt,inv,opt_inv,8,10,12,SG,coop,coop,70
8233,2170,2,F.A.,opt,inv,opt_inv,9,0,15,PD,coop,def,70
8234,2170,2,F.A.,opt,inv,opt_inv,10,10,5,HG,def,coop,70
8235,2170,2,F.A.,opt,inv,opt_inv,11,3,8,SH,def,coop,70
8236,2170,2,F.A.,opt,inv,opt_inv,12,7,12,SG,coop,coop,70
8237,2170,2,F.A.,opt,inv,opt_inv,13,3,15,PD,coop,def,70
8238,2170,2,F.A.,opt,inv,opt_inv,14,3,5,SH,def,coop,70
8239,2170,2,F.A.,opt,inv,opt_inv,15,7,5,HG,def,coop,70
8240,2170,3,D.T.,pess,inv,pess_inv,0,10,12,SG,def,def,70
8241,2170,3,D.T.,pess,inv,pess_inv,1,0,12,PD,coop,def,70
8242,2170,3,D.T.,pess,inv,pess_inv,2,3,5,SH,coop,coop,70
8243,2170,3,D.T.,pess,inv,pess_inv,3,7,8,HG,def,coop,70
8244,2170,3,D.T.,pess,inv,pess_inv,4,10,5,HG,def,coop,70
8245,2170,3,D.T.,pess,inv,pess_inv,5,3,12,PD,coop,def,70
8246,2170,3,D.T.,pess,inv,pess_inv,6,3,8,SH,coop,def,70
8247,2170,3,D.T.,pess,inv,pess_inv,7,10,15,SG,def,coop,70
8248,2170,3,D.T.,pess,inv,pess_inv,8,0,15,PD,coop,def,70
8249,2170,3,D.T.,pess,inv,pess_inv,9,7,12,SG,def,def,70
8250,2170,3,D.T.,pess,inv,pess_inv,10,0,5,SH,coop,coop,70
8251,2170,3,D.T.,pess,inv,pess_inv,11,7,5,HG,def,coop,70
8252,2170,3,D.T.,pess,inv,pess_inv,12,10,8,HG,def,coop,70
8253,2170,3,D.T.,pess,inv,pess_inv,13,0,8,SH,coop,coop,70
8254,2170,3,D.T.,pess,inv,pess_inv,14,7,15,SG,def,def,70
8255,2170,3,D.T.,pess,inv,pess_inv,15,3,15,PD,coop,def,70
8256,2171,0,E.B.,pess,nat,pess_nat,0,3,15,PD,def,coop,30
8257,2171,0,E.B.,pess,nat,pess_nat,1,3,5,SH,def,coop,20
8258,2171,0,E.B.,pess,nat,pess_nat,2,7,12,SG,coop,coop,10
8259,2171,0,E.B.,pess,nat,pess_nat,3,10,5,HG,coop,coop,60
8260,2171,0,E.B.,pess,nat,pess_nat,4,0,15,PD,def,coop,50
8261,2171,0,E.B.,pess,nat,pess_nat,5,0,5,SH,def,coop,10
8262,2171,0,E.B.,pess,nat,pess_nat,6,7,8,HG,coop,coop,10
8263,2171,0,E.B.,pess,nat,pess_nat,7,7,15,SG,coop,coop,70
8264,2171,0,E.B.,pess,nat,pess_nat,8,3,12,PD,def,coop,30
8265,2171,0,E.B.,pess,nat,pess_nat,9,10,8,HG,coop,coop,60
8266,2171,0,E.B.,pess,nat,pess_nat,10,3,8,SH,def,coop,80
8267,2171,0,E.B.,pess,nat,pess_nat,11,10,12,SG,coop,coop,40
8268,2171,0,E.B.,pess,nat,pess_nat,12,10,15,SG,coop,coop,20
8269,2171,0,E.B.,pess,nat,pess_nat,13,7,5,HG,coop,coop,60
8270,2171,0,E.B.,pess,nat,pess_nat,14,0,8,SH,def,coop,40
8271,2171,0,E.B.,pess,nat,pess_nat,15,0,12,PD,def,coop,20
8272,2171,1,D.T.,opt,nat,opt_nat,0,0,12,PD,def,coop,10
8273,2171,1,D.T.,opt,nat,opt_nat,1,0,8,SH,coop,coop,20
8274,2171,1,D.T.,opt,nat,opt_nat,2,7,15,SG,def,coop,70
8275,2171,1,D.T.,opt,nat,opt_nat,3,7,8,HG,coop,coop,60
8276,2171,1,D.T.,opt,nat,opt_nat,4,3,12,PD,def,coop,60
8277,2171,1,D.T.,opt,nat,opt_nat,5,0,5,SH,coop,coop,70
8278,2171,1,D.T.,opt,nat,opt_nat,6,10,8,HG,coop,coop,80
8279,2171,1,D.T.,opt,nat,opt_nat,7,10,15,SG,def,coop,70
8280,2171,1,D.T.,opt,nat,opt_nat,8,10,12,SG,def,coop,60
8281,2171,1,D.T.,opt,nat,opt_nat,9,0,15,PD,def,coop,20
8282,2171,1,D.T.,opt,nat,opt_nat,10,10,5,HG,coop,coop,70
8283,2171,1,D.T.,opt,nat,opt_nat,11,3,8,SH,coop,coop,60
8284,2171,1,D.T.,opt,nat,opt_nat,12,7,12,SG,def,coop,80
8285,2171,1,D.T.,opt,nat,opt_nat,13,3,15,PD,def,coop,30
8286,2171,1,D.T.,opt,nat,opt_nat,14,3,5,SH,coop,coop,80
8287,2171,1,D.T.,opt,nat,opt_nat,15,7,5,HG,coop,coop,90
8288,2171,2,F.A.,pess,inv,pess_inv,0,10,12,SG,def,coop,60
8289,2171,2,F.A.,pess,inv,pess_inv,1,0,12,PD,coop,coop,30
8290,2171,2,F.A.,pess,inv,pess_inv,2,3,5,SH,coop,coop,80
8291,2171,2,F.A.,pess,inv,pess_inv,3,7,8,HG,def,coop,80
8292,2171,2,F.A.,pess,inv,pess_inv,4,10,5,HG,def,coop,80
8293,2171,2,F.A.,pess,inv,pess_inv,5,3,12,PD,coop,coop,40
8294,2171,2,F.A.,pess,inv,pess_inv,6,3,8,SH,coop,coop,70
8295,2171,2,F.A.,pess,inv,pess_inv,7,10,15,SG,def,coop,60
8296,2171,2,F.A.,pess,inv,pess_inv,8,0,15,PD,coop,coop,30
8297,2171,2,F.A.,pess,inv,pess_inv,9,7,12,SG,def,coop,40
8298,2171,2,F.A.,pess,inv,pess_inv,10,0,5,SH,coop,coop,70
8299,2171,2,F.A.,pess,inv,pess_inv,11,7,5,HG,def,coop,80
8300,2171,2,F.A.,pess,inv,pess_inv,12,10,8,HG,def,coop,80
8301,2171,2,F.A.,pess,inv,pess_inv,13,0,8,SH,coop,coop,40
8302,2171,2,F.A.,pess,inv,pess_inv,14,7,15,SG,def,coop,20
8303,2171,2,F.A.,pess,inv,pess_inv,15,3,15,PD,coop,coop,20
8304,2171,3,G.P.,opt,inv,opt_inv,0,7,5,HG,def,coop,90
8305,2171,3,G.P.,opt,inv,opt_inv,1,3,5,SH,def,coop,70
8306,2171,3,G.P.,opt,inv,opt_inv,2,7,12,SG,coop,coop,80
8307,2171,3,G.P.,opt,inv,opt_inv,3,3,15,PD,coop,coop,40
8308,2171,3,G.P.,opt,inv,opt_inv,4,0,5,SH,def,coop,70
8309,2171,3,G.P.,opt,inv,opt_inv,5,0,15,PD,coop,coop,30
8310,2171,3,G.P.,opt,inv,opt_inv,6,7,15,SG,coop,coop,70
8311,2171,3,G.P.,opt,inv,opt_inv,7,10,8,HG,def,coop,80
8312,2171,3,G.P.,opt,inv,opt_inv,8,10,12,SG,coop,coop,60
8313,2171,3,G.P.,opt,inv,opt_inv,9,3,8,SH,def,coop,80
8314,2171,3,G.P.,opt,inv,opt_inv,10,10,5,HG,def,coop,90
8315,2171,3,G.P.,opt,inv,opt_inv,11,3,12,PD,coop,coop,20
8316,2171,3,G.P.,opt,inv,opt_inv,12,10,15,SG,coop,coop,60
8317,2171,3,G.P.,opt,inv,opt_inv,13,0,12,PD,coop,coop,30
8318,2171,3,G.P.,opt,inv,opt_inv,14,0,8,SH,def,coop,30
8319,2171,3,G.P.,opt,inv,opt_inv,15,7,8,HG,def,coop,60
8320,2174,0,E.B.,opt,nat,opt_nat,0,10,8,HG,coop,coop,60
8321,2174,0,E.B.,opt,nat,opt_nat,1,3,5,SH,coop,coop,90
8322,2174,0,E.B.,opt,nat,opt_nat,2,7,12,SG,def,coop,80
8323,2174,0,E.B.,opt,nat,opt_nat,3,3,12,PD,def,coop,70
8324,2174,0,E.B.,opt,nat,opt_nat,4,7,5,HG,coop,coop,70
8325,2174,0,E.B.,opt,nat,opt_nat,5,10,15,SG,def,def,70
8326,2174,0,E.B.,opt,nat,opt_nat,6,0,12,PD,def,def,90
8327,2174,0,E.B.,opt,nat,opt_nat,7,0,5,SH,coop,def,90
8328,2174,0,E.B.,opt,nat,opt_nat,8,10,5,HG,coop,coop,90
8329,2174,0,E.B.,opt,nat,opt_nat,9,3,8,SH,coop,coop,80
8330,2174,0,E.B.,opt,nat,opt_nat,10,7,15,SG,def,coop,60
8331,2174,0,E.B.,opt,nat,opt_nat,11,3,15,PD,def,coop,60
8332,2174,0,E.B.,opt,nat,opt_nat,12,0,15,PD,def,coop,70
8333,2174,0,E.B.,opt,nat,opt_nat,13,0,8,SH,coop,coop,80
8334,2174,0,E.B.,opt,nat,opt_nat,14,10,12,SG,def,coop,60
8335,2174,0,E.B.,opt,nat,opt_nat,15,7,8,HG,coop,coop,70
8336,2174,1,G.P.,pess,nat,pess_nat,0,10,5,HG,coop,coop,90
8337,2174,1,G.P.,pess,nat,pess_nat,1,0,15,PD,def,coop,60
8338,2174,1,G.P.,pess,nat,pess_nat,2,7,12,SG,coop,coop,60
8339,2174,1,G.P.,pess,nat,pess_nat,3,0,8,SH,def,coop,70
8340,2174,1,G.P.,pess,nat,pess_nat,4,0,5,SH,def,coop,60
8341,2174,1,G.P.,pess,nat,pess_nat,5,10,15,SG,coop,coop,60
8342,2174,1,G.P.,pess,nat,pess_nat,6,7,5,HG,coop,coop,60
8343,2174,1,G.P.,pess,nat,pess_nat,7,0,12,PD,def,coop,60
8344,2174,1,G.P.,pess,nat,pess_nat,8,10,8,HG,coop,coop,60
8345,2174,1,G.P.,pess,nat,pess_nat,9,3,15,PD,def,coop,60
8346,2174,1,G.P.,pess,nat,pess_nat,10,3,8,SH,def,coop,60
8347,2174,1,G.P.,pess,nat,pess_nat,11,10,12,SG,coop,coop,60
8348,2174,1,G.P.,pess,nat,pess_nat,12,3,12,PD,def,coop,60
8349,2174,1,G.P.,pess,nat,pess_nat,13,7,15,SG,coop,coop,60
8350,2174,1,G.P.,pess,nat,pess_nat,14,7,8,HG,coop,coop,60
8351,2174,1,G.P.,pess,nat,pess_nat,15,3,5,SH,def,coop,60
8352,2174,2,D.T.,pess,inv,pess_inv,0,3,5,SH,coop,coop,60
8353,2174,2,D.T.,pess,inv,pess_inv,1,0,15,PD,coop,coop,60
8354,2174,2,D.T.,pess,inv,pess_inv,2,7,8,HG,def,coop,60
8355,2174,2,D.T.,pess,inv,pess_inv,3,10,12,SG,def,coop,60
8356,2174,2,D.T.,pess,inv,pess_inv,4,7,12,SG,def,coop,60
8357,2174,2,D.T.,pess,inv,pess_inv,5,10,8,HG,def,coop,60
8358,2174,2,D.T.,pess,inv,pess_inv,6,0,5,SH,coop,coop,60
8359,2174,2,D.T.,pess,inv,pess_inv,7,0,12,PD,coop,coop,60
8360,2174,2,D.T.,pess,inv,pess_inv,8,7,5,HG,def,coop,60
8361,2174,2,D.T.,pess,inv,pess_inv,9,3,8,SH,coop,coop,60
8362,2174,2,D.T.,pess,inv,pess_inv,10,3,12,PD,coop,coop,60
8363,2174,2,D.T.,pess,inv,pess_inv,11,7,15,SG,def,coop,60
8364,2174,2,D.T.,pess,inv,pess_inv,12,3,15,PD,coop,coop,60
8365,2174,2,D.T.,pess,inv,pess_inv,13,10,5,HG,def,coop,60
8366,2174,2,D.T.,pess,inv,pess_inv,14,10,15,SG,def,coop,60
8367,2174,2,D.T.,pess,inv,pess_inv,15,0,8,SH,coop,coop,60
8368,2174,3,F.A.,opt,inv,opt_inv,0,0,8,SH,def,coop,60
8369,2174,3,F.A.,opt,inv,opt_inv,1,3,15,PD,coop,coop,60
8370,2174,3,F.A.,opt,inv,opt_inv,2,10,12,SG,coop,coop,60
8371,2174,3,F.A.,opt,inv,opt_inv,3,7,8,HG,def,coop,60
8372,2174,3,F.A.,opt,inv,opt_inv,4,10,8,HG,def,coop,60
8373,2174,3,F.A.,opt,inv,opt_inv,5,0,15,PD,coop,coop,60
8374,2174,3,F.A.,opt,inv,opt_inv,6,3,8,SH,def,coop,60
8375,2174,3,F.A.,opt,inv,opt_inv,7,7,15,SG,coop,coop,60
8376,2174,3,F.A.,opt,inv,opt_inv,8,0,12,PD,coop,coop,60
8377,2174,3,F.A.,opt,inv,opt_inv,9,3,5,SH,def,coop,60
8378,2174,3,F.A.,opt,inv,opt_inv,10,7,12,SG,coop,coop,60
8379,2174,3,F.A.,opt,inv,opt_inv,11,10,5,HG,def,coop,60
8380,2174,3,F.A.,opt,inv,opt_inv,12,0,5,SH,def,coop,60
8381,2174,3,F.A.,opt,inv,opt_inv,13,7,5,HG,def,coop,60
8382,2174,3,F.A.,opt,inv,opt_inv,14,3,12,PD,coop,coop,60
8383,2174,3,F.A.,opt,inv,opt_inv,15,10,15,SG,coop,coop,60
8384,3005,0,E.B.,pess,nat,pess_nat,0,10,5,HG,coop,coop,70
8385,3005,0,E.B.,pess,nat,pess_nat,1,3,5,SH,def,coop,60
8386,3005,0,E.B.,pess,nat,pess_nat,2,0,15,PD,def,coop,80
8387,3005,0,E.B.,pess,nat,pess_nat,3,7,12,SG,coop,coop,80
8388,3005,0,E.B.,pess,nat,pess_nat,4,10,15,SG,coop,coop,80
8389,3005,0,E.B.,pess,nat,pess_nat,5,10,8,HG,coop,coop,70
8390,3005,0,E.B.,pess,nat,pess_nat,6,0,12,PD,def,coop,70
8391,3005,0,E.B.,pess,nat,pess_nat,7,0,5,SH,def,coop,80
8392,3005,0,E.B.,pess,nat,pess_nat,8,7,15,SG,coop,coop,60
8393,3005,0,E.B.,pess,nat,pess_nat,9,0,8,SH,def,coop,60
8394,3005,0,E.B.,pess,nat,pess_nat,10,3,15,PD,def,coop,70
8395,3005,0,E.B.,pess,nat,pess_nat,11,7,5,HG,coop,coop,70
8396,3005,0,E.B.,pess,nat,pess_nat,12,3,12,PD,def,coop,70
8397,3005,0,E.B.,pess,nat,pess_nat,13,10,12,SG,coop,coop,70
8398,3005,0,E.B.,pess,nat,pess_nat,14,3,8,SH,def,coop,70
8399,3005,0,E.B.,pess,nat,pess_nat,15,7,8,HG,coop,coop,80
8400,3005,1,D.T.,opt,nat,opt_nat,0,7,12,SG,def,coop,70
8401,3005,1,D.T.,opt,nat,opt_nat,1,7,8,HG,coop,coop,70
8402,3005,1,D.T.,opt,nat,opt_nat,2,0,5,SH,coop,coop,80
8403,3005,1,D.T.,opt,nat,opt_nat,3,3,15,PD,def,coop,70
8404,3005,1,D.T.,opt,nat,opt_nat,4,0,12,PD,def,coop,70
8405,3005,1,D.T.,opt,nat,opt_nat,5,0,8,SH,coop,coop,80
8406,3005,1,D.T.,opt,nat,opt_nat,6,10,12,SG,def,coop,70
8407,3005,1,D.T.,opt,nat,opt_nat,7,10,5,HG,coop,coop,70
8408,3005,1,D.T.,opt,nat,opt_nat,8,10,8,HG,coop,coop,70
8409,3005,1,D.T.,opt,nat,opt_nat,9,10,15,SG,def,coop,70
8410,3005,1,D.T.,opt,nat,opt_nat,10,3,8,SH,coop,coop,70
8411,3005,1,D.T.,opt,nat,opt_nat,11,3,12,PD,def,coop,70
8412,3005,1,D.T.,opt,nat,opt_nat,12,7,15,SG,def,coop,70
8413,3005,1,D.T.,opt,nat,opt_nat,13,7,5,HG,coop,coop,70
8414,3005,1,D.T.,opt,nat,opt_nat,14,3,5,SH,coop,coop,70
8415,3005,1,D.T.,opt,nat,opt_nat,15,0,15,PD,def,coop,70
8416,3005,2,F.A.,pess,inv,pess_inv,0,0,8,SH,coop,coop,70
8417,3005,2,F.A.,pess,inv,pess_inv,1,3,15,PD,coop,coop,70
8418,3005,2,F.A.,pess,inv,pess_inv,2,10,12,SG,def,coop,70
8419,3005,2,F.A.,pess,inv,pess_inv,3,7,8,HG,def,coop,70
8420,3005,2,F.A.,pess,inv,pess_inv,4,10,8,HG,def,coop,70
8421,3005,2,F.A.,pess,inv,pess_inv,5,0,15,PD,coop,coop,70
8422,3005,2,F.A.,pess,inv,pess_inv,6,3,8,SH,coop,coop,70
8423,3005,2,F.A.,pess,inv,pess_inv,7,7,15,SG,def,coop,70
8424,3005,2,F.A.,pess,inv,pess_inv,8,0,12,PD,coop,coop,70
8425,3005,2,F.A.,pess,inv,pess_inv,9,3,5,SH,coop,coop,70
8426,3005,2,F.A.,pess,inv,pess_inv,10,7,12,SG,def,coop,70
8427,3005,2,F.A.,pess,inv,pess_inv,11,10,5,HG,def,coop,70
8428,3005,2,F.A.,pess,inv,pess_inv,12,0,5,SH,coop,coop,70
8429,3005,2,F.A.,pess,inv,pess_inv,13,7,5,HG,def,coop,70
8430,3005,2,F.A.,pess,inv,pess_inv,14,3,12,PD,coop,coop,70
8431,3005,2,F.A.,pess,inv,pess_inv,15,10,15,SG,def,coop,70
8432,3005,3,G.P.,opt,inv,opt_inv,0,7,5,HG,def,coop,70
8433,3005,3,G.P.,opt,inv,opt_inv,1,3,5,SH,def,coop,70
8434,3005,3,G.P.,opt,inv,opt_inv,2,7,12,SG,coop,coop,70
8435,3005,3,G.P.,opt,inv,opt_inv,3,3,15,PD,coop,coop,70
8436,3005,3,G.P.,opt,inv,opt_inv,4,0,5,SH,def,coop,70
8437,3005,3,G.P.,opt,inv,opt_inv,5,0,15,PD,coop,coop,70
8438,3005,3,G.P.,opt,inv,opt_inv,6,7,15,SG,coop,coop,70
8439,3005,3,G.P.,opt,inv,opt_inv,7,10,8,HG,def,coop,70
8440,3005,3,G.P.,opt,inv,opt_inv,8,10,12,SG,coop,coop,70
8441,3005,3,G.P.,opt,inv,opt_inv,9,3,8,SH,def,coop,70
8442,3005,3,G.P.,opt,inv,opt_inv,10,10,5,HG,def,coop,70
8443,3005,3,G.P.,opt,inv,opt_inv,11,3,12,PD,coop,coop,70
8444,3005,3,G.P.,opt,inv,opt_inv,12,10,15,SG,coop,coop,70
8445,3005,3,G.P.,opt,inv,opt_inv,13,0,12,PD,coop,coop,70
8446,3005,3,G.P.,opt,inv,opt_inv,14,0,8,SH,def,coop,70
8447,3005,3,G.P.,opt,inv,opt_inv,15,7,8,HG,def,coop,70
8448,3006,0,E.B.,opt,nat,opt_nat,0,7,5,HG,coop,coop,90
8449,3006,0,E.B.,opt,nat,opt_nat,1,3,5,SH,coop,coop,90
8450,3006,0,E.B.,opt,nat,opt_nat,2,7,12,SG,def,def,70
8451,3006,0,E.B.,opt,nat,opt_nat,3,3,15,PD,def,def,100
8452,3006,0,E.B.,opt,nat,opt_nat,4,0,5,SH,coop,def,60
8453,3006,0,E.B.,opt,nat,opt_nat,5,0,15,PD,def,def,100
8454,3006,0,E.B.,opt,nat,opt_nat,6,7,15,SG,def,def,100
8455,3006,0,E.B.,opt,nat,opt_nat,7,10,8,HG,coop,coop,100
8456,3006,0,E.B.,opt,nat,opt_nat,8,10,12,SG,def,coop,90
8457,3006,0,E.B.,opt,nat,opt_nat,9,3,8,SH,coop,def,80
8458,3006,0,E.B.,opt,nat,opt_nat,10,10,5,HG,coop,coop,100
8459,3006,0,E.B.,opt,nat,opt_nat,11,3,12,PD,def,def,90
8460,3006,0,E.B.,opt,nat,opt_nat,12,10,15,SG,def,coop,80
8461,3006,0,E.B.,opt,nat,opt_nat,13,0,12,PD,def,def,100
8462,3006,0,E.B.,opt,nat,opt_nat,14,0,8,SH,coop,def,100
8463,3006,0,E.B.,opt,nat,opt_nat,15,7,8,HG,coop,def,80
8464,3006,1,D.T.,pess,nat,pess_nat,0,0,12,PD,def,def,100
8465,3006,1,D.T.,pess,nat,pess_nat,1,7,5,HG,coop,coop,90
8466,3006,1,D.T.,pess,nat,pess_nat,2,10,12,SG,coop,def,80
8467,3006,1,D.T.,pess,nat,pess_nat,3,3,5,SH,def,coop,70
8468,3006,1,D.T.,pess,nat,pess_nat,4,0,8,SH,def,def,100
8469,3006,1,D.T.,pess,nat,pess_nat,5,0,15,PD,def,def,100
8470,3006,1,D.T.,pess,nat,pess_nat,6,10,5,HG,coop,coop,100
8471,3006,1,D.T.,pess,nat,pess_nat,7,7,12,SG,coop,def,90
8472,3006,1,D.T.,pess,nat,pess_nat,8,3,15,PD,def,def,100
8473,3006,1,D.T.,pess,nat,pess_nat,9,10,15,SG,coop,coop,90
8474,3006,1,D.T.,pess,nat,pess_nat,10,7,8,HG,coop,def,60
8475,3006,1,D.T.,pess,nat,pess_nat,11,0,5,SH,def,def,100
8476,3006,1,D.T.,pess,nat,pess_nat,12,10,8,HG,coop,coop,90
8477,3006,1,D.T.,pess,nat,pess_nat,13,7,15,SG,coop,def,90
8478,3006,1,D.T.,pess,nat,pess_nat,14,3,8,SH,def,def,80
8479,3006,1,D.T.,pess,nat,pess_nat,15,3,12,PD,def,def,100
8480,3006,2,G.P.,pess,inv,pess_inv,0,0,8,SH,coop,def,100
8481,3006,2,G.P.,pess,inv,pess_inv,1,7,5,HG,def,coop,90
8482,3006,2,G.P.,pess,inv,pess_inv,2,10,15,SG,def,coop,90
8483,3006,2,G.P.,pess,inv,pess_inv,3,3,12,PD,coop,def,90
8484,3006,2,G.P.,pess,inv,pess_inv,4,7,15,SG,def,def,90
8485,3006,2,G.P.,pess,inv,pess_inv,5,7,8,HG,def,def,80
8486,3006,2,G.P.,pess,inv,pess_inv,6,3,5,SH,coop,coop,90
8487,3006,2,G.P.,pess,inv,pess_inv,7,3,15,PD,coop,def,100
8488,3006,2,G.P.,pess,inv,pess_inv,8,0,15,PD,coop,def,100
8489,3006,2,G.P.,pess,inv,pess_inv,9,10,8,HG,def,coop,90
8490,3006,2,G.P.,pess,inv,pess_inv,10,10,12,SG,def,coop,80
8491,3006,2,G.P.,pess,inv,pess_inv,11,0,5,SH,coop,def,100
8492,3006,2,G.P.,pess,inv,pess_inv,12,0,12,PD,coop,def,100
8493,3006,2,G.P.,pess,inv,pess_inv,13,3,8,SH,coop,def,90
8494,3006,2,G.P.,pess,inv,pess_inv,14,10,5,HG,def,coop,90
8495,3006,2,G.P.,pess,inv,pess_inv,15,7,12,SG,def,def,90
8496,3006,3,F.A.,opt,inv,opt_inv,0,10,8,HG,def,coop,90
8497,3006,3,F.A.,opt,inv,opt_inv,1,3,5,SH,def,coop,90
8498,3006,3,F.A.,opt,inv,opt_inv,2,7,12,SG,coop,coop,90
8499,3006,3,F.A.,opt,inv,opt_inv,3,3,12,PD,coop,def,100
8500,3006,3,F.A.,opt,inv,opt_inv,4,7,5,HG,def,coop,90
8501,3006,3,F.A.,opt,inv,opt_inv,5,10,15,SG,coop,def,90
8502,3006,3,F.A.,opt,inv,opt_inv,6,0,12,PD,coop,def,100
8503,3006,3,F.A.,opt,inv,opt_inv,7,0,5,SH,def,def,100
8504,3006,3,F.A.,opt,inv,opt_inv,8,10,5,HG,def,coop,100
8505,3006,3,F.A.,opt,inv,opt_inv,9,3,8,SH,def,def,90
8506,3006,3,F.A.,opt,inv,opt_inv,10,7,15,SG,coop,def,90
8507,3006,3,F.A.,opt,inv,opt_inv,11,3,15,PD,coop,def,100
8508,3006,3,F.A.,opt,inv,opt_inv,12,0,15,PD,coop,def,100
8509,3006,3,F.A.,opt,inv,opt_inv,13,0,8,SH,def,def,100
8510,3006,3,F.A.,opt,inv,opt_inv,14,10,12,SG,coop,def,90
8511,3006,3,F.A.,opt,inv,opt_inv,15,7,8,HG,def,def,90
8512,3008,0,D.T.,pess,nat,pess_nat,0,3,5,SH,def,coop,80
8513,3008,0,D.T.,pess,nat,pess_nat,1,0,15,PD,def,def,90
8514,3008,0,D.T.,pess,nat,pess_nat,2,7,8,HG,coop,coop,80
8515,3008,0,D.T.,pess,nat,pess_nat,3,10,12,SG,coop,coop,80
8516,3008,0,D.T.,pess,nat,pess_nat,4,7,12,SG,coop,coop,80
8517,3008,0,D.T.,pess,nat,pess_nat,5,10,8,HG,coop,coop,80
8518,3008,0,D.T.,pess,nat,pess_nat,6,0,5,SH,def,coop,80
8519,3008,0,D.T.,pess,nat,pess_nat,7,0,12,PD,def,def,90
8520,3008,0,D.T.,pess,nat,pess_nat,8,7,5,HG,coop,coop,80
8521,3008,0,D.T.,pess,nat,pess_nat,9,3,8,SH,def,def,80
8522,3008,0,D.T.,pess,nat,pess_nat,10,3,12,PD,def,def,90
8523,3008,0,D.T.,pess,nat,pess_nat,11,7,15,SG,coop,def,80
8524,3008,0,D.T.,pess,nat,pess_nat,12,3,15,PD,def,def,90
8525,3008,0,D.T.,pess,nat,pess_nat,13,10,5,HG,coop,coop,80
8526,3008,0,D.T.,pess,nat,pess_nat,14,10,15,SG,coop,coop,80
8527,3008,0,D.T.,pess,nat,pess_nat,15,0,8,SH,def,coop,80
8528,3008,1,F.A.,opt,nat,opt_nat,0,10,8,HG,coop,coop,80
8529,3008,1,F.A.,opt,nat,opt_nat,1,3,5,SH,coop,coop,80
8530,3008,1,F.A.,opt,nat,opt_nat,2,7,12,SG,def,def,90
8531,3008,1,F.A.,opt,nat,opt_nat,3,3,12,PD,def,def,90
8532,3008,1,F.A.,opt,nat,opt_nat,4,7,5,HG,coop,coop,80
8533,3008,1,F.A.,opt,nat,opt_nat,5,10,15,SG,def,def,80
8534,3008,1,F.A.,opt,nat,opt_nat,6,0,12,PD,def,def,90
8535,3008,1,F.A.,opt,nat,opt_nat,7,0,5,SH,coop,coop,80
8536,3008,1,F.A.,opt,nat,opt_nat,8,10,5,HG,coop,coop,80
8537,3008,1,F.A.,opt,nat,opt_nat,9,3,8,SH,coop,def,80
8538,3008,1,F.A.,opt,nat,opt_nat,10,7,15,SG,def,def,80
8539,3008,1,F.A.,opt,nat,opt_nat,11,3,15,PD,def,def,90
8540,3008,1,F.A.,opt,nat,opt_nat,12,0,15,PD,def,def,90
8541,3008,1,F.A.,opt,nat,opt_nat,13,0,8,SH,coop,def,90
8542,3008,1,F.A.,opt,nat,opt_nat,14,10,12,SG,def,def,80
8543,3008,1,F.A.,opt,nat,opt_nat,15,7,8,HG,coop,coop,80
8544,3008,2,G.P.,opt,inv,opt_inv,0,10,12,SG,coop,def,80
8545,3008,2,G.P.,opt,inv,opt_inv,1,0,12,PD,coop,def,90
8546,3008,2,G.P.,opt,inv,opt_inv,2,3,5,SH,def,coop,80
8547,3008,2,G.P.,opt,inv,opt_inv,3,7,8,HG,def,coop,80
8548,3008,2,G.P.,opt,inv,opt_inv,4,10,5,HG,def,coop,80
8549,3008,2,G.P.,opt,inv,opt_inv,5,3,12,PD,coop,def,90
8550,3008,2,G.P.,opt,inv,opt_inv,6,3,8,SH,def,def,80
8551,3008,2,G.P.,opt,inv,opt_inv,7,10,15,SG,coop,def,80
8552,3008,2,G.P.,opt,inv,opt_inv,8,0,15,PD,coop,def,90
8553,3008,2,G.P.,opt,inv,opt_inv,9,7,12,SG,coop,def,80
8554,3008,2,G.P.,opt,inv,opt_inv,10,0,5,SH,def,coop,80
8555,3008,2,G.P.,opt,inv,opt_inv,11,7,5,HG,def,coop,80
8556,3008,2,G.P.,opt,inv,opt_inv,12,10,8,HG,def,coop,80
8557,3008,2,G.P.,opt,inv,opt_inv,13,0,8,SH,def,def,90
8558,3008,2,G.P.,opt,inv,opt_inv,14,7,15,SG,coop,def,80
8559,3008,2,G.P.,opt,inv,opt_inv,15,3,15,PD,coop,def,90
8560,3008,3,E.B.,pess,inv,pess_inv,0,0,12,PD,coop,def,90
8561,3008,3,E.B.,pess,inv,pess_inv,1,7,5,HG,def,coop,80
8562,3008,3,E.B.,pess,inv,pess_inv,2,10,12,SG,def,def,80
8563,3008,3,E.B.,pess,inv,pess_inv,3,3,5,SH,coop,coop,80
8564,3008,3,E.B.,pess,inv,pess_inv,4,0,8,SH,coop,def,90
8565,3008,3,E.B.,pess,inv,pess_inv,5,0,15,PD,coop,def,90
8566,3008,3,E.B.,pess,inv,pess_inv,6,10,5,HG,def,coop,80
8567,3008,3,E.B.,pess,inv,pess_inv,7,7,12,SG,def,def,80
8568,3008,3,E.B.,pess,inv,pess_inv,8,3,15,PD,coop,def,90
8569,3008,3,E.B.,pess,inv,pess_inv,9,10,15,SG,def,def,80
8570,3008,3,E.B.,pess,inv,pess_inv,10,7,8,HG,def,def,80
8571,3008,3,E.B.,pess,inv,pess_inv,11,0,5,SH,coop,coop,80
8572,3008,3,E.B.,pess,inv,pess_inv,12,10,8,HG,def,coop,80
8573,3008,3,E.B.,pess,inv,pess_inv,13,7,15,SG,def,def,90
8574,3008,3,E.B.,pess,inv,pess_inv,14,3,8,SH,coop,def,90
8575,3008,3,E.B.,pess,inv,pess_inv,15,3,12,PD,coop,def,90
8576,3009,0,F.A.,opt,nat,opt_nat,0,7,5,HG,coop,coop,70
8577,3009,0,F.A.,opt,nat,opt_nat,1,3,5,SH,coop,coop,100
8578,3009,0,F.A.,opt,nat,opt_nat,2,7,12,SG,def,coop,50
8579,3009,0,F.A.,opt,nat,opt_nat,3,3,15,PD,def,def,90
8580,3009,0,F.A.,opt,nat,opt_nat,4,0,5,SH,coop,coop,40
8581,3009,0,F.A.,opt,nat,opt_nat,5,0,15,PD,def,def,50
8582,3009,0,F.A.,opt,nat,opt_nat,6,7,15,SG,def,def,90
8583,3009,0,F.A.,opt,nat,opt_nat,7,10,8,HG,coop,coop,60
8584,3009,0,F.A.,opt,nat,opt_nat,8,10,12,SG,def,def,100
8585,3009,0,F.A.,opt,nat,opt_nat,9,3,8,SH,coop,def,100
8586,3009,0,F.A.,opt,nat,opt_nat,10,10,5,HG,coop,coop,80
8587,3009,0,F.A.,opt,nat,opt_nat,11,3,12,PD,def,def,90
8588,3009,0,F.A.,opt,nat,opt_nat,12,10,15,SG,def,coop,70
8589,3009,0,F.A.,opt,nat,opt_nat,13,0,12,PD,def,def,60
8590,3009,0,F.A.,opt,nat,opt_nat,14,0,8,SH,coop,def,50
8591,3009,0,F.A.,opt,nat,opt_nat,15,7,8,HG,coop,def,40
8592,3009,1,E.B.,pess,nat,pess_nat,0,0,8,SH,def,def,70
8593,3009,1,E.B.,pess,nat,pess_nat,1,7,5,HG,coop,coop,80
8594,3009,1,E.B.,pess,nat,pess_nat,2,10,15,SG,coop,def,60
8595,3009,1,E.B.,pess,nat,pess_nat,3,3,12,PD,def,def,80
8596,3009,1,E.B.,pess,nat,pess_nat,4,7,15,SG,coop,def,80
8597,3009,1,E.B.,pess,nat,pess_nat,5,7,8,HG,coop,coop,60
8598,3009,1,E.B.,pess,nat,pess_nat,6,3,5,SH,def,def,60
8599,3009,1,E.B.,pess,nat,pess_nat,7,3,15,PD,def,def,80
8600,3009,1,E.B.,pess,nat,pess_nat,8,0,15,PD,def,def,80
8601,3009,1,E.B.,pess,nat,pess_nat,9,10,8,HG,coop,coop,40
8602,3009,1,E.B.,pess,nat,pess_nat,10,10,12,SG,coop,def,40
8603,3009,1,E.B.,pess,nat,pess_nat,11,0,5,SH,def,coop,40
8604,3009,1,E.B.,pess,nat,pess_nat,12,0,12,PD,def,def,80
8605,3009,1,E.B.,pess,nat,pess_nat,13,3,8,SH,def,def,60
8606,3009,1,E.B.,pess,nat,pess_nat,14,10,5,HG,coop,coop,80
8607,3009,1,E.B.,pess,nat,pess_nat,15,7,12,SG,coop,def,80
8608,3009,2,D.T.,pess,inv,pess_inv,0,3,12,PD,coop,def,70
8609,3009,2,D.T.,pess,inv,pess_inv,1,7,8,HG,def,coop,60
8610,3009,2,D.T.,pess,inv,pess_inv,2,3,8,SH,coop,coop,60
8611,3009,2,D.T.,pess,inv,pess_inv,3,7,12,SG,def,def,60
8612,3009,2,D.T.,pess,inv,pess_inv,4,0,15,PD,coop,def,60
8613,3009,2,D.T.,pess,inv,pess_inv,5,0,8,SH,coop,def,60
8614,3009,2,D.T.,pess,inv,pess_inv,6,7,15,SG,def,def,60
8615,3009,2,D.T.,pess,inv,pess_inv,7,7,5,HG,def,coop,70
8616,3009,2,D.T.,pess,inv,pess_inv,8,3,15,PD,coop,def,60
8617,3009,2,D.T.,pess,inv,pess_inv,9,0,5,SH,coop,coop,60
8618,3009,2,D.T.,pess,inv,pess_inv,10,10,5,HG,def,coop,60
8619,3009,2,D.T.,pess,inv,pess_inv,11,10,15,SG,def,def,60
8620,3009,2,D.T.,pess,inv,pess_inv,12,10,12,SG,def,def,60
8621,3009,2,D.T.,pess,inv,pess_inv,13,0,12,PD,coop,def,60
8622,3009,2,D.T.,pess,inv,pess_inv,14,3,5,SH,coop,coop,60
8623,3009,2,D.T.,pess,inv,pess_inv,15,10,8,HG,def,coop,60
8624,3009,3,G.P.,opt,inv,opt_inv,0,7,15,SG,coop,def,60
8625,3009,3,G.P.,opt,inv,opt_inv,1,0,12,PD,coop,def,60
8626,3009,3,G.P.,opt,inv,opt_inv,2,3,5,SH,def,coop,60
8627,3009,3,G.P.,opt,inv,opt_inv,3,7,5,HG,def,coop,60
8628,3009,3,G.P.,opt,inv,opt_inv,4,3,12,PD,coop,def,60
8629,3009,3,G.P.,opt,inv,opt_inv,5,7,8,HG,def,coop,60
8630,3009,3,G.P.,opt,inv,opt_inv,6,0,8,SH,def,def,60
8631,3009,3,G.P.,opt,inv,opt_inv,7,10,15,SG,coop,def,60
8632,3009,3,G.P.,opt,inv,opt_inv,8,10,12,SG,coop,def,60
8633,3009,3,G.P.,opt,inv,opt_inv,9,0,15,PD,coop,def,60
8634,3009,3,G.P.,opt,inv,opt_inv,10,0,5,SH,def,coop,60
8635,3009,3,G.P.,opt,inv,opt_inv,11,10,8,HG,def,coop,60
8636,3009,3,G.P.,opt,inv,opt_inv,12,7,12,SG,coop,def,60
8637,3009,3,G.P.,opt,inv,opt_inv,13,3,8,SH,def,coop,60
8638,3009,3,G.P.,opt,inv,opt_inv,14,3,15,PD,coop,def,60
8639,3009,3,G.P.,opt,inv,opt_inv,15,10,5,HG,def,coop,60
8640,3011,0,G.P.,opt,nat,opt_nat,0,0,5,SH,coop,def,40
8641,3011,0,G.P.,opt,nat,opt_nat,1,10,5,HG,coop,def,50
8642,3011,0,G.P.,opt,nat,opt_nat,2,3,15,PD,def,def,60
8643,3011,0,G.P.,opt,nat,opt_nat,3,7,12,SG,def,def,70
8644,3011,0,G.P.,opt,nat,opt_nat,4,10,8,HG,coop,def,70
8645,3011,0,G.P.,opt,nat,opt_nat,5,0,15,PD,def,def,70
8646,3011,0,G.P.,opt,nat,opt_nat,6,3,5,SH,coop,def,70
8647,3011,0,G.P.,opt,nat,opt_nat,7,7,15,SG,def,def,60
8648,3011,0,G.P.,opt,nat,opt_nat,8,3,12,PD,def,def,60
8649,3011,0,G.P.,opt,nat,opt_nat,9,10,12,SG,def,def,60
8650,3011,0,G.P.,opt,nat,opt_nat,10,7,8,HG,coop,def,60
8651,3011,0,G.P.,opt,nat,opt_nat,11,3,8,SH,coop,def,60
8652,3011,0,G.P.,opt,nat,opt_nat,12,0,12,PD,def,def,60
8653,3011,0,G.P.,opt,nat,opt_nat,13,0,8,SH,coop,def,60
8654,3011,0,G.P.,opt,nat,opt_nat,14,10,15,SG,def,def,60
8655,3011,0,G.P.,opt,nat,opt_nat,15,7,5,HG,coop,coop,50
8656,3011,1,D.T.,pess,nat,pess_nat,0,7,5,HG,coop,coop,50
8657,3011,1,D.T.,pess,nat,pess_nat,1,3,5,SH,def,coop,50
8658,3011,1,D.T.,pess,nat,pess_nat,2,7,12,SG,coop,def,50
8659,3011,1,D.T.,pess,nat,pess_nat,3,3,15,PD,def,def,50
8660,3011,1,D.T.,pess,nat,pess_nat,4,0,5,SH,def,def,50
8661,3011,1,D.T.,pess,nat,pess_nat,5,0,15,PD,def,def,50
8662,3011,1,D.T.,pess,nat,pess_nat,6,7,15,SG,coop,def,50
8663,3011,1,D.T.,pess,nat,pess_nat,7,10,8,HG,coop,coop,50
8664,3011,1,D.T.,pess,nat,pess_nat,8,10,12,SG,coop,def,50
8665,3011,1,D.T.,pess,nat,pess_nat,9,3,8,SH,def,def,50
8666,3011,1,D.T.,pess,nat,pess_nat,10,10,5,HG,coop,coop,50
8667,3011,1,D.T.,pess,nat,pess_nat,11,3,12,PD,def,def,50
8668,3011,1,D.T.,pess,nat,pess_nat,12,10,15,SG,coop,def,50
8669,3011,1,D.T.,pess,nat,pess_nat,13,0,12,PD,def,def,50
8670,3011,1,D.T.,pess,nat,pess_nat,14,0,8,SH,def,def,50
8671,3011,1,D.T.,pess,nat,pess_nat,15,7,8,HG,coop,coop,50
8672,3011,2,F.A.,opt,inv,opt_inv,0,10,5,HG,def,coop,50
8673,3011,2,F.A.,opt,inv,opt_inv,1,0,15,PD,coop,def,50
8674,3011,2,F.A.,opt,inv,opt_inv,2,7,12,SG,coop,def,50
8675,3011,2,F.A.,opt,inv,opt_inv,3,0,8,SH,def,def,50
8676,3011,2,F.A.,opt,inv,opt_inv,4,0,5,SH,def,def,50
8677,3011,2,F.A.,opt,inv,opt_inv,5,10,15,SG,coop,def,50
8678,3011,2,F.A.,opt,inv,opt_inv,6,7,5,HG,def,coop,50
8679,3011,2,F.A.,opt,inv,opt_inv,7,0,12,PD,coop,def,50
8680,3011,2,F.A.,opt,inv,opt_inv,8,10,8,HG,def,coop,50
8681,3011,2,F.A.,opt,inv,opt_inv,9,3,15,PD,coop,def,50
8682,3011,2,F.A.,opt,inv,opt_inv,10,3,8,SH,def,def,50
8683,3011,2,F.A.,opt,inv,opt_inv,11,10,12,SG,coop,def,50
8684,3011,2,F.A.,opt,inv,opt_inv,12,3,12,PD,coop,def,50
8685,3011,2,F.A.,opt,inv,opt_inv,13,7,15,SG,coop,def,50
8686,3011,2,F.A.,opt,inv,opt_inv,14,7,8,HG,def,coop,50
8687,3011,2,F.A.,opt,inv,opt_inv,15,3,5,SH,def,def,50
8688,3011,3,E.B.,pess,inv,pess_inv,0,0,8,SH,coop,def,50
8689,3011,3,E.B.,pess,inv,pess_inv,1,3,15,PD,coop,def,50
8690,3011,3,E.B.,pess,inv,pess_inv,2,10,12,SG,def,def,50
8691,3011,3,E.B.,pess,inv,pess_inv,3,7,8,HG,def,coop,50
8692,3011,3,E.B.,pess,inv,pess_inv,4,10,8,HG,def,coop,50
8693,3011,3,E.B.,pess,inv,pess_inv,5,0,15,PD,coop,def,50
8694,3011,3,E.B.,pess,inv,pess_inv,6,3,8,SH,coop,def,50
8695,3011,3,E.B.,pess,inv,pess_inv,7,7,15,SG,def,def,50
8696,3011,3,E.B.,pess,inv,pess_inv,8,0,12,PD,coop,def,50
8697,3011,3,E.B.,pess,inv,pess_inv,9,3,5,SH,coop,def,50
8698,3011,3,E.B.,pess,inv,pess_inv,10,7,12,SG,def,def,50
8699,3011,3,E.B.,pess,inv,pess_inv,11,10,5,HG,def,coop,50
8700,3011,3,E.B.,pess,inv,pess_inv,12,0,5,SH,coop,def,50
8701,3011,3,E.B.,pess,inv,pess_inv,13,7,5,HG,def,coop,50
8702,3011,3,E.B.,pess,inv,pess_inv,14,3,12,PD,coop,def,50
8703,3011,3,E.B.,pess,inv,pess_inv,15,10,15,SG,def,def,50
8704,3012,0,D.T.,pess,nat,pess_nat,0,7,15,SG,coop,def,70
8705,3012,0,D.T.,pess,nat,pess_nat,1,0,12,PD,def,def,50
8706,3012,0,D.T.,pess,nat,pess_nat,2,3,5,SH,def,def,50
8707,3012,0,D.T.,pess,nat,pess_nat,3,7,5,HG,coop,def,70
8708,3012,0,D.T.,pess,nat,pess_nat,4,3,12,PD,def,coop,80
8709,3012,0,D.T.,pess,nat,pess_nat,5,7,8,HG,coop,def,80
8710,3012,0,D.T.,pess,nat,pess_nat,6,0,8,SH,def,def,90
8711,3012,0,D.T.,pess,nat,pess_nat,7,10,15,SG,coop,def,90
8712,3012,0,D.T.,pess,nat,pess_nat,8,10,12,SG,coop,coop,70
8713,3012,0,D.T.,pess,nat,pess_nat,9,0,15,PD,def,def,90
8714,3012,0,D.T.,pess,nat,pess_nat,10,0,5,SH,def,def,90
8715,3012,0,D.T.,pess,nat,pess_nat,11,10,8,HG,coop,coop,90
8716,3012,0,D.T.,pess,nat,pess_nat,12,7,12,SG,coop,def,80
8717,3012,0,D.T.,pess,nat,pess_nat,13,3,8,SH,def,coop,90
8718,3012,0,D.T.,pess,nat,pess_nat,14,3,15,PD,def,def,90
8719,3012,0,D.T.,pess,nat,pess_nat,15,10,5,HG,coop,coop,90
8720,3012,1,G.P.,opt,nat,opt_nat,0,0,12,PD,def,def,80
8721,3012,1,G.P.,opt,nat,opt_nat,1,7,5,HG,coop,coop,80
8722,3012,1,G.P.,opt,nat,opt_nat,2,10,12,SG,def,def,90
8723,3012,1,G.P.,opt,nat,opt_nat,3,3,5,SH,coop,coop,80
8724,3012,1,G.P.,opt,nat,opt_nat,4,0,8,SH,coop,def,90
8725,3012,1,G.P.,opt,nat,opt_nat,5,0,15,PD,def,def,90
8726,3012,1,G.P.,opt,nat,opt_nat,6,10,5,HG,coop,coop,90
8727,3012,1,G.P.,opt,nat,opt_nat,7,7,12,SG,def,def,90
8728,3012,1,G.P.,opt,nat,opt_nat,8,3,15,PD,def,def,90
8729,3012,1,G.P.,opt,nat,opt_nat,9,10,15,SG,def,def,90
8730,3012,1,G.P.,opt,nat,opt_nat,10,7,8,HG,coop,coop,90
8731,3012,1,G.P.,opt,nat,opt_nat,11,0,5,SH,coop,def,90
8732,3012,1,G.P.,opt,nat,opt_nat,12,10,8,HG,coop,coop,90
8733,3012,1,G.P.,opt,nat,opt_nat,13,7,15,SG,def,def,90
8734,3012,1,G.P.,opt,nat,opt_nat,14,3,8,SH,coop,def,90
8735,3012,1,G.P.,opt,nat,opt_nat,15,3,12,PD,def,def,90
8736,3012,2,E.B.,pess,inv,pess_inv,0,10,5,HG,def,coop,90
8737,3012,2,E.B.,pess,inv,pess_inv,1,0,15,PD,coop,def,90
8738,3012,2,E.B.,pess,inv,pess_inv,2,7,12,SG,def,def,90
8739,3012,2,E.B.,pess,inv,pess_inv,3,0,8,SH,coop,def,90
8740,3012,2,E.B.,pess,inv,pess_inv,4,0,5,SH,coop,def,90
8741,3012,2,E.B.,pess,inv,pess_inv,5,10,15,SG,def,def,90
8742,3012,2,E.B.,pess,inv,pess_inv,6,7,5,HG,def,coop,90
8743,3012,2,E.B.,pess,inv,pess_inv,7,0,12,PD,coop,def,90
8744,3012,2,E.B.,pess,inv,pess_inv,8,10,8,HG,def,coop,90
8745,3012,2,E.B.,pess,inv,pess_inv,9,3,15,PD,coop,def,90
8746,3012,2,E.B.,pess,inv,pess_inv,10,3,8,SH,coop,def,90
8747,3012,2,E.B.,pess,inv,pess_inv,11,10,12,SG,def,def,90
8748,3012,2,E.B.,pess,inv,pess_inv,12,3,12,PD,coop,def,90
8749,3012,2,E.B.,pess,inv,pess_inv,13,7,15,SG,def,def,90
8750,3012,2,E.B.,pess,inv,pess_inv,14,7,8,HG,def,coop,90
8751,3012,2,E.B.,pess,inv,pess_inv,15,3,5,SH,coop,coop,90
8752,3012,3,F.A.,opt,inv,opt_inv,0,3,5,SH,def,coop,90
8753,3012,3,F.A.,opt,inv,opt_inv,1,0,15,PD,coop,def,90
8754,3012,3,F.A.,opt,inv,opt_inv,2,7,8,HG,def,coop,90
8755,3012,3,F.A.,opt,inv,opt_inv,3,10,12,SG,coop,def,90
8756,3012,3,F.A.,opt,inv,opt_inv,4,7,12,SG,coop,def,90
8757,3012,3,F.A.,opt,inv,opt_inv,5,10,8,HG,def,coop,90
8758,3012,3,F.A.,opt,inv,opt_inv,6,0,5,SH,def,def,90
8759,3012,3,F.A.,opt,inv,opt_inv,7,0,12,PD,coop,def,90
8760,3012,3,F.A.,opt,inv,opt_inv,8,7,5,HG,def,coop,90
8761,3012,3,F.A.,opt,inv,opt_inv,9,3,8,SH,def,def,90
8762,3012,3,F.A.,opt,inv,opt_inv,10,3,12,PD,coop,def,90
8763,3012,3,F.A.,opt,inv,opt_inv,11,7,15,SG,coop,def,90
8764,3012,3,F.A.,opt,inv,opt_inv,12,3,15,PD,coop,def,90
8765,3012,3,F.A.,opt,inv,opt_inv,13,10,5,HG,def,coop,90
8766,3012,3,F.A.,opt,inv,opt_inv,14,10,15,SG,coop,def,90
8767,3012,3,F.A.,opt,inv,opt_inv,15,0,8,SH,def,def,90
8768,3013,0,D.T.,pess,nat,pess_nat,0,7,12,SG,coop,def,40
8769,3013,0,D.T.,pess,nat,pess_nat,1,7,8,HG,coop,def,20
8770,3013,0,D.T.,pess,nat,pess_nat,2,0,5,SH,def,coop,20
8771,3013,0,D.T.,pess,nat,pess_nat,3,3,15,PD,def,def,20
8772,3013,0,D.T.,pess,nat,pess_nat,4,0,12,PD,def,def,40
8773,3013,0,D.T.,pess,nat,pess_nat,5,0,8,SH,def,def,30
8774,3013,0,D.T.,pess,nat,pess_nat,6,10,12,SG,coop,def,60
8775,3013,0,D.T.,pess,nat,pess_nat,7,10,5,HG,coop,def,40
8776,3013,0,D.T.,pess,nat,pess_nat,8,10,8,HG,coop,def,40
8777,3013,0,D.T.,pess,nat,pess_nat,9,10,15,SG,coop,def,60
8778,3013,0,D.T.,pess,nat,pess_nat,10,3,8,SH,def,def,40
8779,3013,0,D.T.,pess,nat,pess_nat,11,3,12,PD,def,def,60
8780,3013,0,D.T.,pess,nat,pess_nat,12,7,15,SG,coop,def,40
8781,3013,0,D.T.,pess,nat,pess_nat,13,7,5,HG,coop,coop,40
8782,3013,0,D.T.,pess,nat,pess_nat,14,3,5,SH,def,coop,40
8783,3013,0,D.T.,pess,nat,pess_nat,15,0,15,PD,def,def,60
8784,3013,1,E.B.,opt,nat,opt_nat,0,3,12,PD,def,def,40
8785,3013,1,E.B.,opt,nat,opt_nat,1,7,8,HG,coop,def,40
8786,3013,1,E.B.,opt,nat,opt_nat,2,3,8,SH,coop,def,60
8787,3013,1,E.B.,opt,nat,opt_nat,3,7,12,SG,def,def,40
8788,3013,1,E.B.,opt,nat,opt_nat,4,0,15,PD,def,def,60
8789,3013,1,E.B.,opt,nat,opt_nat,5,0,8,SH,coop,def,40
8790,3013,1,E.B.,opt,nat,opt_nat,6,7,15,SG,def,def,40
8791,3013,1,E.B.,opt,nat,opt_nat,7,7,5,HG,coop,coop,40
8792,3013,1,E.B.,opt,nat,opt_nat,8,3,15,PD,def,def,60
8793,3013,1,E.B.,opt,nat,opt_nat,9,0,5,SH,coop,def,40
8794,3013,1,E.B.,opt,nat,opt_nat,10,10,5,HG,coop,coop,40
8795,3013,1,E.B.,opt,nat,opt_nat,11,10,15,SG,def,def,60
8796,3013,1,E.B.,opt,nat,opt_nat,12,10,12,SG,def,def,40
8797,3013,1,E.B.,opt,nat,opt_nat,13,0,12,PD,def,def,60
8798,3013,1,E.B.,opt,nat,opt_nat,14,3,5,SH,coop,def,40
8799,3013,1,E.B.,opt,nat,opt_nat,15,10,8,HG,coop,coop,40
8800,3013,2,F.A.,pess,inv,pess_inv,0,10,5,HG,def,coop,40
8801,3013,2,F.A.,pess,inv,pess_inv,1,3,5,SH,coop,coop,40
8802,3013,2,F.A.,pess,inv,pess_inv,2,0,15,PD,coop,def,60
8803,3013,2,F.A.,pess,inv,pess_inv,3,7,12,SG,def,def,60
8804,3013,2,F.A.,pess,inv,pess_inv,4,10,15,SG,def,def,60
8805,3013,2,F.A.,pess,inv,pess_inv,5,10,8,HG,def,coop,60
8806,3013,2,F.A.,pess,inv,pess_inv,6,0,12,PD,coop,def,60
8807,3013,2,F.A.,pess,inv,pess_inv,7,0,5,SH,coop,def,60
8808,3013,2,F.A.,pess,inv,pess_inv,8,7,15,SG,def,def,60
8809,3013,2,F.A.,pess,inv,pess_inv,9,0,8,SH,coop,def,60
8810,3013,2,F.A.,pess,inv,pess_inv,10,3,15,PD,coop,def,60
8811,3013,2,F.A.,pess,inv,pess_inv,11,7,5,HG,def,coop,60
8812,3013,2,F.A.,pess,inv,pess_inv,12,3,12,PD,coop,def,60
8813,3013,2,F.A.,pess,inv,pess_inv,13,10,12,SG,def,def,60
8814,3013,2,F.A.,pess,inv,pess_inv,14,3,8,SH,coop,def,60
8815,3013,2,F.A.,pess,inv,pess_inv,15,7,8,HG,def,def,60
8816,3013,3,G.P.,opt,inv,opt_inv,0,3,8,SH,def,def,60
8817,3013,3,G.P.,opt,inv,opt_inv,1,0,15,PD,coop,def,60
8818,3013,3,G.P.,opt,inv,opt_inv,2,7,8,HG,def,coop,60
8819,3013,3,G.P.,opt,inv,opt_inv,3,7,15,SG,coop,def,60
8820,3013,3,G.P.,opt,inv,opt_inv,4,3,5,SH,def,def,60
8821,3013,3,G.P.,opt,inv,opt_inv,5,7,5,HG,def,def,60
8822,3013,3,G.P.,opt,inv,opt_inv,6,0,12,PD,coop,def,60
8823,3013,3,G.P.,opt,inv,opt_inv,7,10,12,SG,coop,def,60
8824,3013,3,G.P.,opt,inv,opt_inv,8,7,12,SG,coop,def,60
8825,3013,3,G.P.,opt,inv,opt_inv,9,3,15,PD,coop,def,60
8826,3013,3,G.P.,opt,inv,opt_inv,10,0,8,SH,def,def,60
8827,3013,3,G.P.,opt,inv,opt_inv,11,10,5,HG,def,def,60
8828,3013,3,G.P.,opt,inv,opt_inv,12,10,15,SG,coop,def,60
8829,3013,3,G.P.,opt,inv,opt_inv,13,0,5,SH,def,def,60
8830,3013,3,G.P.,opt,inv,opt_inv,14,10,8,HG,def,def,60
8831,3013,3,G.P.,opt,inv,opt_inv,15,3,12,PD,coop,def,60
8832,3016,0,D.T.,opt,nat,opt_nat,0,0,12,PD,def,coop,100
8833,3016,0,D.T.,opt,nat,opt_nat,1,7,5,HG,coop,coop,100
8834,3016,0,D.T.,opt,nat,opt_nat,2,10,12,SG,def,def,90
8835,3016,0,D.T.,opt,nat,opt_nat,3,3,5,SH,coop,coop,100
8836,3016,0,D.T.,opt,nat,opt_nat,4,0,8,SH,coop,def,100
8837,3016,0,D.T.,opt,nat,opt_nat,5,0,15,PD,def,def,100
8838,3016,0,D.T.,opt,nat,opt_nat,6,10,5,HG,coop,coop,100
8839,3016,0,D.T.,opt,nat,opt_nat,7,7,12,SG,def,def,100
8840,3016,0,D.T.,opt,nat,opt_nat,8,3,15,PD,def,def,100
8841,3016,0,D.T.,opt,nat,opt_nat,9,10,15,SG,def,def,100
8842,3016,0,D.T.,opt,nat,opt_nat,10,7,8,HG,coop,coop,100
8843,3016,0,D.T.,opt,nat,opt_nat,11,0,5,SH,coop,coop,100
8844,3016,0,D.T.,opt,nat,opt_nat,12,10,8,HG,coop,coop,100
8845,3016,0,D.T.,opt,nat,opt_nat,13,7,15,SG,def,def,100
8846,3016,0,D.T.,opt,nat,opt_nat,14,3,8,SH,coop,def,100
8847,3016,0,D.T.,opt,nat,opt_nat,15,3,12,PD,def,def,100
8848,3016,1,E.B.,pess,nat,pess_nat,0,0,5,SH,def,coop,100
8849,3016,1,E.B.,pess,nat,pess_nat,1,10,5,HG,coop,coop,100
8850,3016,1,E.B.,pess,nat,pess_nat,2,3,15,PD,def,def,100
8851,3016,1,E.B.,pess,nat,pess_nat,3,7,12,SG,coop,def,100
8852,3016,1,E.B.,pess,nat,pess_nat,4,10,8,HG,coop,coop,100
8853,3016,1,E.B.,pess,nat,pess_nat,5,0,15,PD,def,def,100
8854,3016,1,E.B.,pess,nat,pess_nat,6,3,5,SH,def,coop,100
8855,3016,1,E.B.,pess,nat,pess_nat,7,7,15,SG,coop,def,100
8856,3016,1,E.B.,pess,nat,pess_nat,8,3,12,PD,def,def,100
8857,3016,1,E.B.,pess,nat,pess_nat,9,10,12,SG,coop,def,100
8858,3016,1,E.B.,pess,nat,pess_nat,10,7,8,HG,coop,coop,100
8859,3016,1,E.B.,pess,nat,pess_nat,11,3,8,SH,def,def,100
8860,3016,1,E.B.,pess,nat,pess_nat,12,0,12,PD,def,def,100
8861,3016,1,E.B.,pess,nat,pess_nat,13,0,8,SH,def,def,100
8862,3016,1,E.B.,pess,nat,pess_nat,14,10,15,SG,coop,def,100
8863,3016,1,E.B.,pess,nat,pess_nat,15,7,5,HG,coop,coop,100
8864,3016,2,G.P.,pess,inv,pess_inv,0,7,15,SG,def,def,100
8865,3016,2,G.P.,pess,inv,pess_inv,1,3,15,PD,coop,def,100
8866,3016,2,G.P.,pess,inv,pess_inv,2,3,8,SH,coop,def,100
8867,3016,2,G.P.,pess,inv,pess_inv,3,7,5,HG,def,coop,100
8868,3016,2,G.P.,pess,inv,pess_inv,4,10,15,SG,def,def,100
8869,3016,2,G.P.,pess,inv,pess_inv,5,7,8,HG,def,def,100
8870,3016,2,G.P.,pess,inv,pess_inv,6,0,5,SH,coop,def,100
8871,3016,2,G.P.,pess,inv,pess_inv,7,0,12,PD,coop,def,100
8872,3016,2,G.P.,pess,inv,pess_inv,8,3,12,PD,coop,def,100
8873,3016,2,G.P.,pess,inv,pess_inv,9,7,12,SG,def,def,100
8874,3016,2,G.P.,pess,inv,pess_inv,10,10,8,HG,def,coop,100
8875,3016,2,G.P.,pess,inv,pess_inv,11,3,5,SH,coop,def,100
8876,3016,2,G.P.,pess,inv,pess_inv,12,10,12,SG,def,def,100
8877,3016,2,G.P.,pess,inv,pess_inv,13,0,15,PD,coop,def,100
8878,3016,2,G.P.,pess,inv,pess_inv,14,10,5,HG,def,coop,100
8879,3016,2,G.P.,pess,inv,pess_inv,15,0,8,SH,coop,def,100
8880,3016,3,F.A.,opt,inv,opt_inv,0,0,8,SH,def,def,100
8881,3016,3,F.A.,opt,inv,opt_inv,1,7,5,HG,def,coop,100
8882,3016,3,F.A.,opt,inv,opt_inv,2,10,15,SG,coop,def,100
8883,3016,3,F.A.,opt,inv,opt_inv,3,3,12,PD,coop,def,100
8884,3016,3,F.A.,opt,inv,opt_inv,4,7,15,SG,coop,def,100
8885,3016,3,F.A.,opt,inv,opt_inv,5,7,8,HG,def,def,100
8886,3016,3,F.A.,opt,inv,opt_inv,6,3,5,SH,def,def,100
8887,3016,3,F.A.,opt,inv,opt_inv,7,3,15,PD,coop,def,100
8888,3016,3,F.A.,opt,inv,opt_inv,8,0,15,PD,coop,def,100
8889,3016,3,F.A.,opt,inv,opt_inv,9,10,8,HG,def,coop,100
8890,3016,3,F.A.,opt,inv,opt_inv,10,10,12,SG,coop,def,100
8891,3016,3,F.A.,opt,inv,opt_inv,11,0,5,SH,def,def,100
8892,3016,3,F.A.,opt,inv,opt_inv,12,0,12,PD,coop,def,100
8893,3016,3,F.A.,opt,inv,opt_inv,13,3,8,SH,def,def,100
8894,3016,3,F.A.,opt,inv,opt_inv,14,10,5,HG,def,coop,100
8895,3016,3,F.A.,opt,inv,opt_inv,15,7,12,SG,coop,def,100
8896,3017,0,D.T.,pess,nat,pess_nat,0,3,5,SH,def,coop,60
8897,3017,0,D.T.,pess,nat,pess_nat,1,0,15,PD,def,coop,60
8898,3017,0,D.T.,pess,nat,pess_nat,2,7,8,HG,coop,coop,90
8899,3017,0,D.T.,pess,nat,pess_nat,3,10,12,SG,coop,coop,100
8900,3017,0,D.T.,pess,nat,pess_nat,4,7,12,SG,coop,coop,90
8901,3017,0,D.T.,pess,nat,pess_nat,5,10,8,HG,coop,coop,100
8902,3017,0,D.T.,pess,nat,pess_nat,6,0,5,SH,def,coop,70
8903,3017,0,D.T.,pess,nat,pess_nat,7,0,12,PD,def,def,80
8904,3017,0,D.T.,pess,nat,pess_nat,8,7,5,HG,coop,coop,100
8905,3017,0,D.T.,pess,nat,pess_nat,9,3,8,SH,def,coop,90
8906,3017,0,D.T.,pess,nat,pess_nat,10,3,12,PD,def,coop,60
8907,3017,0,D.T.,pess,nat,pess_nat,11,7,15,SG,coop,coop,70
8908,3017,0,D.T.,pess,nat,pess_nat,12,3,15,PD,def,coop,80
8909,3017,0,D.T.,pess,nat,pess_nat,13,10,5,HG,coop,coop,100
8910,3017,0,D.T.,pess,nat,pess_nat,14,10,15,SG,coop,coop,90
8911,3017,0,D.T.,pess,nat,pess_nat,15,0,8,SH,def,coop,60
8912,3017,1,F.A.,opt,nat,opt_nat,0,7,15,SG,def,coop,90
8913,3017,1,F.A.,opt,nat,opt_nat,1,0,12,PD,def,coop,70
8914,3017,1,F.A.,opt,nat,opt_nat,2,3,5,SH,coop,coop,80
8915,3017,1,F.A.,opt,nat,opt_nat,3,7,5,HG,coop,coop,90
8916,3017,1,F.A.,opt,nat,opt_nat,4,3,12,PD,def,coop,60
8917,3017,1,F.A.,opt,nat,opt_nat,5,7,8,HG,coop,coop,70
8918,3017,1,F.A.,opt,nat,opt_nat,6,0,8,SH,coop,coop,60
8919,3017,1,F.A.,opt,nat,opt_nat,7,10,15,SG,def,coop,70
8920,3017,1,F.A.,opt,nat,opt_nat,8,10,12,SG,def,coop,90
8921,3017,1,F.A.,opt,nat,opt_nat,9,0,15,PD,def,coop,60
8922,3017,1,F.A.,opt,nat,opt_nat,10,0,5,SH,coop,coop,70
8923,3017,1,F.A.,opt,nat,opt_nat,11,10,8,HG,coop,coop,90
8924,3017,1,F.A.,opt,nat,opt_nat,12,7,12,SG,def,coop,70
8925,3017,1,F.A.,opt,nat,opt_nat,13,3,8,SH,coop,coop,60
8926,3017,1,F.A.,opt,nat,opt_nat,14,3,15,PD,def,coop,70
8927,3017,1,F.A.,opt,nat,opt_nat,15,10,5,HG,coop,coop,90
8928,3017,2,G.P.,opt,inv,opt_inv,0,7,12,SG,coop,coop,60
8929,3017,2,G.P.,opt,inv,opt_inv,1,7,8,HG,def,coop,80
8930,3017,2,G.P.,opt,inv,opt_inv,2,0,5,SH,def,coop,70
8931,3017,2,G.P.,opt,inv,opt_inv,3,3,15,PD,coop,coop,70
8932,3017,2,G.P.,opt,inv,opt_inv,4,0,12,PD,coop,coop,70
8933,3017,2,G.P.,opt,inv,opt_inv,5,0,8,SH,def,coop,60
8934,3017,2,G.P.,opt,inv,opt_inv,6,10,12,SG,coop,coop,60
8935,3017,2,G.P.,opt,inv,opt_inv,7,10,5,HG,def,coop,90
8936,3017,2,G.P.,opt,inv,opt_inv,8,10,8,HG,def,coop,90
8937,3017,2,G.P.,opt,inv,opt_inv,9,10,15,SG,coop,coop,80
8938,3017,2,G.P.,opt,inv,opt_inv,10,3,8,SH,def,coop,70
8939,3017,2,G.P.,opt,inv,opt_inv,11,3,12,PD,coop,coop,70
8940,3017,2,G.P.,opt,inv,opt_inv,12,7,15,SG,coop,coop,80
8941,3017,2,G.P.,opt,inv,opt_inv,13,7,5,HG,def,coop,80
8942,3017,2,G.P.,opt,inv,opt_inv,14,3,5,SH,def,coop,80
8943,3017,2,G.P.,opt,inv,opt_inv,15,0,15,PD,coop,coop,80
8944,3017,3,E.B.,pess,inv,pess_inv,0,0,12,PD,coop,coop,70
8945,3017,3,E.B.,pess,inv,pess_inv,1,7,5,HG,def,coop,90
8946,3017,3,E.B.,pess,inv,pess_inv,2,10,12,SG,def,coop,70
8947,3017,3,E.B.,pess,inv,pess_inv,3,3,5,SH,coop,coop,60
8948,3017,3,E.B.,pess,inv,pess_inv,4,0,8,SH,coop,coop,70
8949,3017,3,E.B.,pess,inv,pess_inv,5,0,15,PD,coop,coop,70
8950,3017,3,E.B.,pess,inv,pess_inv,6,10,5,HG,def,coop,90
8951,3017,3,E.B.,pess,inv,pess_inv,7,7,12,SG,def,coop,70
8952,3017,3,E.B.,pess,inv,pess_inv,8,3,15,PD,coop,coop,70
8953,3017,3,E.B.,pess,inv,pess_inv,9,10,15,SG,def,coop,80
8954,3017,3,E.B.,pess,inv,pess_inv,10,7,8,HG,def,coop,70
8955,3017,3,E.B.,pess,inv,pess_inv,11,0,5,SH,coop,coop,70
8956,3017,3,E.B.,pess,inv,pess_inv,12,10,8,HG,def,coop,70
8957,3017,3,E.B.,pess,inv,pess_inv,13,7,15,SG,def,coop,70
8958,3017,3,E.B.,pess,inv,pess_inv,14,3,8,SH,coop,coop,70
8959,3017,3,E.B.,pess,inv,pess_inv,15,3,12,PD,coop,coop,70
8960,3018,0,F.A.,pess,nat,pess_nat,0,7,15,SG,coop,coop,80
8961,3018,0,F.A.,pess,nat,pess_nat,1,7,5,HG,coop,coop,80
8962,3018,0,F.A.,pess,nat,pess_nat,2,3,8,SH,def,def,80
8963,3018,0,F.A.,pess,nat,pess_nat,3,0,12,PD,def,def,80
8964,3018,0,F.A.,pess,nat,pess_nat,4,7,8,HG,coop,def,70
8965,3018,0,F.A.,pess,nat,pess_nat,5,0,8,SH,def,coop,80
8966,3018,0,F.A.,pess,nat,pess_nat,6,10,15,SG,coop,coop,80
8967,3018,0,F.A.,pess,nat,pess_nat,7,0,15,PD,def,def,80
8968,3018,0,F.A.,pess,nat,pess_nat,8,10,5,HG,coop,coop,80
8969,3018,0,F.A.,pess,nat,pess_nat,9,3,5,SH,def,coop,80
8970,3018,0,F.A.,pess,nat,pess_nat,10,3,15,PD,def,def,80
8971,3018,0,F.A.,pess,nat,pess_nat,11,10,12,SG,coop,def,80
8972,3018,0,F.A.,pess,nat,pess_nat,12,0,5,SH,def,def,80
8973,3018,0,F.A.,pess,nat,pess_nat,13,3,12,PD,def,coop,80
8974,3018,0,F.A.,pess,nat,pess_nat,14,7,12,SG,coop,coop,80
8975,3018,0,F.A.,pess,nat,pess_nat,15,10,8,HG,coop,coop,80
8976,3018,1,G.P.,opt,nat,opt_nat,0,10,8,HG,coop,coop,80
8977,3018,1,G.P.,opt,nat,opt_nat,1,3,5,SH,coop,coop,80
8978,3018,1,G.P.,opt,nat,opt_nat,2,7,12,SG,def,coop,80
8979,3018,1,G.P.,opt,nat,opt_nat,3,3,12,PD,def,def,80
8980,3018,1,G.P.,opt,nat,opt_nat,4,7,5,HG,coop,coop,80
8981,3018,1,G.P.,opt,nat,opt_nat,5,10,15,SG,def,coop,80
8982,3018,1,G.P.,opt,nat,opt_nat,6,0,12,PD,def,coop,80
8983,3018,1,G.P.,opt,nat,opt_nat,7,0,5,SH,coop,coop,80
8984,3018,1,G.P.,opt,nat,opt_nat,8,10,5,HG,coop,coop,80
8985,3018,1,G.P.,opt,nat,opt_nat,9,3,8,SH,coop,coop,80
8986,3018,1,G.P.,opt,nat,opt_nat,10,7,15,SG,def,def,80
8987,3018,1,G.P.,opt,nat,opt_nat,11,3,15,PD,def,def,80
8988,3018,1,G.P.,opt,nat,opt_nat,12,0,15,PD,def,def,80
8989,3018,1,G.P.,opt,nat,opt_nat,13,0,8,SH,coop,def,80
8990,3018,1,G.P.,opt,nat,opt_nat,14,10,12,SG,def,coop,80
8991,3018,1,G.P.,opt,nat,opt_nat,15,7,8,HG,coop,coop,80
8992,3018,2,D.T.,pess,inv,pess_inv,0,10,5,HG,def,coop,80
8993,3018,2,D.T.,pess,inv,pess_inv,1,3,5,SH,coop,coop,80
8994,3018,2,D.T.,pess,inv,pess_inv,2,0,15,PD,coop,def,80
8995,3018,2,D.T.,pess,inv,pess_inv,3,7,12,SG,def,def,80
8996,3018,2,D.T.,pess,inv,pess_inv,4,10,15,SG,def,def,80
8997,3018,2,D.T.,pess,inv,pess_inv,5,10,8,HG,def,coop,80
8998,3018,2,D.T.,pess,inv,pess_inv,6,0,12,PD,coop,def,80
8999,3018,2,D.T.,pess,inv,pess_inv,7,0,5,SH,coop,coop,80
9000,3018,2,D.T.,pess,inv,pess_inv,8,7,15,SG,def,def,80
9001,3018,2,D.T.,pess,inv,pess_inv,9,0,8,SH,coop,def,80
9002,3018,2,D.T.,pess,inv,pess_inv,10,3,15,PD,coop,def,80
9003,3018,2,D.T.,pess,inv,pess_inv,11,7,5,HG,def,coop,80
9004,3018,2,D.T.,pess,inv,pess_inv,12,3,12,PD,coop,def,80
9005,3018,2,D.T.,pess,inv,pess_inv,13,10,12,SG,def,coop,80
9006,3018,2,D.T.,pess,inv,pess_inv,14,3,8,SH,coop,coop,80
9007,3018,2,D.T.,pess,inv,pess_inv,15,7,8,HG,def,def,80
9008,3018,3,E.B.,opt,inv,opt_inv,0,3,12,PD,coop,def,80
9009,3018,3,E.B.,opt,inv,opt_inv,1,7,8,HG,def,coop,80
9010,3018,3,E.B.,opt,inv,opt_inv,2,3,8,SH,def,coop,80
9011,3018,3,E.B.,opt,inv,opt_inv,3,7,12,SG,coop,coop,80
9012,3018,3,E.B.,opt,inv,opt_inv,4,0,15,PD,coop,coop,80
9013,3018,3,E.B.,opt,inv,opt_inv,5,0,8,SH,def,def,80
9014,3018,3,E.B.,opt,inv,opt_inv,6,7,15,SG,coop,coop,80
9015,3018,3,E.B.,opt,inv,opt_inv,7,7,5,HG,def,coop,80
9016,3018,3,E.B.,opt,inv,opt_inv,8,3,15,PD,coop,def,80
9017,3018,3,E.B.,opt,inv,opt_inv,9,0,5,SH,def,def,80
9018,3018,3,E.B.,opt,inv,opt_inv,10,10,5,HG,def,coop,80
9019,3018,3,E.B.,opt,inv,opt_inv,11,10,15,SG,coop,coop,80
9020,3018,3,E.B.,opt,inv,opt_inv,12,10,12,SG,coop,coop,80
9021,3018,3,E.B.,opt,inv,opt_inv,13,0,12,PD,coop,def,80
9022,3018,3,E.B.,opt,inv,opt_inv,14,3,5,SH,def,coop,80
9023,3018,3,E.B.,opt,inv,opt_inv,15,10,8,HG,def,coop,80
9024,3019,0,D.T.,opt,nat,opt_nat,0,3,5,SH,coop,coop,40
9025,3019,0,D.T.,opt,nat,opt_nat,1,0,15,PD,def,coop,50
9026,3019,0,D.T.,opt,nat,opt_nat,2,7,8,HG,coop,coop,50
9027,3019,0,D.T.,opt,nat,opt_nat,3,10,12,SG,def,coop,50
9028,3019,0,D.T.,opt,nat,opt_nat,4,7,12,SG,def,coop,50
9029,3019,0,D.T.,opt,nat,opt_nat,5,10,8,HG,coop,coop,70
9030,3019,0,D.T.,opt,nat,opt_nat,6,0,5,SH,coop,coop,60
9031,3019,0,D.T.,opt,nat,opt_nat,7,0,12,PD,def,coop,50
9032,3019,0,D.T.,opt,nat,opt_nat,8,7,5,HG,coop,coop,60
9033,3019,0,D.T.,opt,nat,opt_nat,9,3,8,SH,coop,coop,40
9034,3019,0,D.T.,opt,nat,opt_nat,10,3,12,PD,def,coop,40
9035,3019,0,D.T.,opt,nat,opt_nat,11,7,15,SG,def,coop,40
9036,3019,0,D.T.,opt,nat,opt_nat,12,3,15,PD,def,coop,40
9037,3019,0,D.T.,opt,nat,opt_nat,13,10,5,HG,coop,coop,50
9038,3019,0,D.T.,opt,nat,opt_nat,14,10,15,SG,def,coop,40
9039,3019,0,D.T.,opt,nat,opt_nat,15,0,8,SH,coop,coop,50
9040,3019,1,F.A.,pess,nat,pess_nat,0,7,15,SG,coop,coop,60
9041,3019,1,F.A.,pess,nat,pess_nat,1,0,12,PD,def,coop,40
9042,3019,1,F.A.,pess,nat,pess_nat,2,3,5,SH,def,coop,60
9043,3019,1,F.A.,pess,nat,pess_nat,3,7,5,HG,coop,coop,70
9044,3019,1,F.A.,pess,nat,pess_nat,4,3,12,PD,def,coop,40
9045,3019,1,F.A.,pess,nat,pess_nat,5,7,8,HG,coop,coop,40
9046,3019,1,F.A.,pess,nat,pess_nat,6,0,8,SH,def,coop,50
9047,3019,1,F.A.,pess,nat,pess_nat,7,10,15,SG,coop,coop,40
9048,3019,1,F.A.,pess,nat,pess_nat,8,10,12,SG,coop,coop,50
9049,3019,1,F.A.,pess,nat,pess_nat,9,0,15,PD,def,coop,50
9050,3019,1,F.A.,pess,nat,pess_nat,10,0,5,SH,def,coop,40
9051,3019,1,F.A.,pess,nat,pess_nat,11,10,8,HG,coop,coop,50
9052,3019,1,F.A.,pess,nat,pess_nat,12,7,12,SG,coop,coop,40
9053,3019,1,F.A.,pess,nat,pess_nat,13,3,8,SH,def,coop,50
9054,3019,1,F.A.,pess,nat,pess_nat,14,3,15,PD,def,coop,40
9055,3019,1,F.A.,pess,nat,pess_nat,15,10,5,HG,coop,coop,60
9056,3019,2,G.P.,opt,inv,opt_inv,0,10,12,SG,coop,coop,50
9057,3019,2,G.P.,opt,inv,opt_inv,1,0,12,PD,coop,coop,40
9058,3019,2,G.P.,opt,inv,opt_inv,2,3,5,SH,def,coop,40
9059,3019,2,G.P.,opt,inv,opt_inv,3,7,8,HG,def,coop,40
9060,3019,2,G.P.,opt,inv,opt_inv,4,10,5,HG,def,coop,50
9061,3019,2,G.P.,opt,inv,opt_inv,5,3,12,PD,coop,coop,40
9062,3019,2,G.P.,opt,inv,opt_inv,6,3,8,SH,def,coop,40
9063,3019,2,G.P.,opt,inv,opt_inv,7,10,15,SG,coop,coop,40
9064,3019,2,G.P.,opt,inv,opt_inv,8,0,15,PD,coop,coop,40
9065,3019,2,G.P.,opt,inv,opt_inv,9,7,12,SG,coop,coop,40
9066,3019,2,G.P.,opt,inv,opt_inv,10,0,5,SH,def,coop,40
9067,3019,2,G.P.,opt,inv,opt_inv,11,7,5,HG,def,coop,50
9068,3019,2,G.P.,opt,inv,opt_inv,12,10,8,HG,def,coop,60
9069,3019,2,G.P.,opt,inv,opt_inv,13,0,8,SH,def,coop,40
9070,3019,2,G.P.,opt,inv,opt_inv,14,7,15,SG,coop,coop,40
9071,3019,2,G.P.,opt,inv,opt_inv,15,3,15,PD,coop,coop,40
9072,3019,3,E.B.,pess,inv,pess_inv,0,0,8,SH,coop,coop,50
9073,3019,3,E.B.,pess,inv,pess_inv,1,3,15,PD,coop,coop,40
9074,3019,3,E.B.,pess,inv,pess_inv,2,10,12,SG,def,coop,40
9075,3019,3,E.B.,pess,inv,pess_inv,3,7,8,HG,def,coop,60
9076,3019,3,E.B.,pess,inv,pess_inv,4,10,8,HG,def,coop,60
9077,3019,3,E.B.,pess,inv,pess_inv,5,0,15,PD,coop,coop,40
9078,3019,3,E.B.,pess,inv,pess_inv,6,3,8,SH,coop,coop,40
9079,3019,3,E.B.,pess,inv,pess_inv,7,7,15,SG,def,coop,40
9080,3019,3,E.B.,pess,inv,pess_inv,8,0,12,PD,coop,coop,40
9081,3019,3,E.B.,pess,inv,pess_inv,9,3,5,SH,coop,coop,40
9082,3019,3,E.B.,pess,inv,pess_inv,10,7,12,SG,def,coop,40
9083,3019,3,E.B.,pess,inv,pess_inv,11,10,5,HG,def,coop,50
9084,3019,3,E.B.,pess,inv,pess_inv,12,0,5,SH,coop,coop,40
9085,3019,3,E.B.,pess,inv,pess_inv,13,7,5,HG,def,coop,40
9086,3019,3,E.B.,pess,inv,pess_inv,14,3,12,PD,coop,coop,40
9087,3019,3,E.B.,pess,inv,pess_inv,15,10,15,SG,def,coop,40
9088,3020,0,E.B.,opt,nat,opt_nat,0,10,12,SG,def,def,80
9089,3020,0,E.B.,opt,nat,opt_nat,1,0,12,PD,def,coop,100
9090,3020,0,E.B.,opt,nat,opt_nat,2,3,5,SH,coop,def,80
9091,3020,0,E.B.,opt,nat,opt_nat,3,7,8,HG,coop,coop,90
9092,3020,0,E.B.,opt,nat,opt_nat,4,10,5,HG,coop,coop,100
9093,3020,0,E.B.,opt,nat,opt_nat,5,3,12,PD,def,coop,100
9094,3020,0,E.B.,opt,nat,opt_nat,6,3,8,SH,coop,coop,100
9095,3020,0,E.B.,opt,nat,opt_nat,7,10,15,SG,def,def,90
9096,3020,0,E.B.,opt,nat,opt_nat,8,0,15,PD,def,def,90
9097,3020,0,E.B.,opt,nat,opt_nat,9,7,12,SG,def,def,80
9098,3020,0,E.B.,opt,nat,opt_nat,10,0,5,SH,coop,coop,100
9099,3020,0,E.B.,opt,nat,opt_nat,11,7,5,HG,coop,def,90
9100,3020,0,E.B.,opt,nat,opt_nat,12,10,8,HG,coop,def,90
9101,3020,0,E.B.,opt,nat,opt_nat,13,0,8,SH,coop,def,100
9102,3020,0,E.B.,opt,nat,opt_nat,14,7,15,SG,def,def,100
9103,3020,0,E.B.,opt,nat,opt_nat,15,3,15,PD,def,def,90
9104,3020,1,G.P.,pess,nat,pess_nat,0,10,8,HG,coop,def,80
9105,3020,1,G.P.,pess,nat,pess_nat,1,3,5,SH,def,def,100
9106,3020,1,G.P.,pess,nat,pess_nat,2,7,12,SG,coop,def,80
9107,3020,1,G.P.,pess,nat,pess_nat,3,3,12,PD,def,coop,90
9108,3020,1,G.P.,pess,nat,pess_nat,4,7,5,HG,coop,coop,100
9109,3020,1,G.P.,pess,nat,pess_nat,5,10,15,SG,coop,coop,80
9110,3020,1,G.P.,pess,nat,pess_nat,6,0,12,PD,def,def,90
9111,3020,1,G.P.,pess,nat,pess_nat,7,0,5,SH,def,coop,90
9112,3020,1,G.P.,pess,nat,pess_nat,8,10,5,HG,coop,coop,100
9113,3020,1,G.P.,pess,nat,pess_nat,9,3,8,SH,def,coop,100
9114,3020,1,G.P.,pess,nat,pess_nat,10,7,15,SG,coop,def,90
9115,3020,1,G.P.,pess,nat,pess_nat,11,3,15,PD,def,coop,80
9116,3020,1,G.P.,pess,nat,pess_nat,12,0,15,PD,def,def,90
9117,3020,1,G.P.,pess,nat,pess_nat,13,0,8,SH,def,coop,100
9118,3020,1,G.P.,pess,nat,pess_nat,14,10,12,SG,coop,coop,80
9119,3020,1,G.P.,pess,nat,pess_nat,15,7,8,HG,coop,def,80
9120,3020,2,D.T.,pess,inv,pess_inv,0,0,8,SH,coop,def,90
9121,3020,2,D.T.,pess,inv,pess_inv,1,7,5,HG,def,coop,90
9122,3020,2,D.T.,pess,inv,pess_inv,2,10,15,SG,def,coop,80
9123,3020,2,D.T.,pess,inv,pess_inv,3,3,12,PD,coop,coop,80
9124,3020,2,D.T.,pess,inv,pess_inv,4,7,15,SG,def,def,90
9125,3020,2,D.T.,pess,inv,pess_inv,5,7,8,HG,def,coop,80
9126,3020,2,D.T.,pess,inv,pess_inv,6,3,5,SH,coop,coop,80
9127,3020,2,D.T.,pess,inv,pess_inv,7,3,15,PD,coop,coop,80
9128,3020,2,D.T.,pess,inv,pess_inv,8,0,15,PD,coop,def,90
9129,3020,2,D.T.,pess,inv,pess_inv,9,10,8,HG,def,coop,80
9130,3020,2,D.T.,pess,inv,pess_inv,10,10,12,SG,def,coop,80
9131,3020,2,D.T.,pess,inv,pess_inv,11,0,5,SH,coop,def,90
9132,3020,2,D.T.,pess,inv,pess_inv,12,0,12,PD,coop,coop,80
9133,3020,2,D.T.,pess,inv,pess_inv,13,3,8,SH,coop,coop,80
9134,3020,2,D.T.,pess,inv,pess_inv,14,10,5,HG,def,def,90
9135,3020,2,D.T.,pess,inv,pess_inv,15,7,12,SG,def,coop,80
9136,3020,3,F.A.,opt,inv,opt_inv,0,0,12,PD,coop,def,90
9137,3020,3,F.A.,opt,inv,opt_inv,1,7,5,HG,def,coop,80
9138,3020,3,F.A.,opt,inv,opt_inv,2,10,12,SG,coop,def,80
9139,3020,3,F.A.,opt,inv,opt_inv,3,3,5,SH,def,coop,80
9140,3020,3,F.A.,opt,inv,opt_inv,4,0,8,SH,def,coop,80
9141,3020,3,F.A.,opt,inv,opt_inv,5,0,15,PD,coop,coop,90
9142,3020,3,F.A.,opt,inv,opt_inv,6,10,5,HG,def,def,90
9143,3020,3,F.A.,opt,inv,opt_inv,7,7,12,SG,coop,coop,80
9144,3020,3,F.A.,opt,inv,opt_inv,8,3,15,PD,coop,def,90
9145,3020,3,F.A.,opt,inv,opt_inv,9,10,15,SG,coop,def,90
9146,3020,3,F.A.,opt,inv,opt_inv,10,7,8,HG,def,def,80
9147,3020,3,F.A.,opt,inv,opt_inv,11,0,5,SH,def,coop,90
9148,3020,3,F.A.,opt,inv,opt_inv,12,10,8,HG,def,def,90
9149,3020,3,F.A.,opt,inv,opt_inv,13,7,15,SG,coop,def,90
9150,3020,3,F.A.,opt,inv,opt_inv,14,3,8,SH,def,def,80
9151,3020,3,F.A.,opt,inv,opt_inv,15,3,12,PD,coop,coop,90
9152,3021,0,F.A.,opt,nat,opt_nat,0,7,15,SG,def,def,80
9153,3021,0,F.A.,opt,nat,opt_nat,1,3,15,PD,def,coop,90
9154,3021,0,F.A.,opt,nat,opt_nat,2,3,8,SH,coop,def,90
9155,3021,0,F.A.,opt,nat,opt_nat,3,7,5,HG,coop,coop,90
9156,3021,0,F.A.,opt,nat,opt_nat,4,10,15,SG,def,coop,80
9157,3021,0,F.A.,opt,nat,opt_nat,5,7,8,HG,coop,def,90
9158,3021,0,F.A.,opt,nat,opt_nat,6,0,5,SH,coop,coop,90
9159,3021,0,F.A.,opt,nat,opt_nat,7,0,12,PD,def,def,80
9160,3021,0,F.A.,opt,nat,opt_nat,8,3,12,PD,def,coop,90
9161,3021,0,F.A.,opt,nat,opt_nat,9,7,12,SG,def,coop,90
9162,3021,0,F.A.,opt,nat,opt_nat,10,10,8,HG,coop,def,90
9163,3021,0,F.A.,opt,nat,opt_nat,11,3,5,SH,coop,coop,90
9164,3021,0,F.A.,opt,nat,opt_nat,12,10,12,SG,def,coop,90
9165,3021,0,F.A.,opt,nat,opt_nat,13,0,15,PD,def,coop,90
9166,3021,0,F.A.,opt,nat,opt_nat,14,10,5,HG,coop,def,90
9167,3021,0,F.A.,opt,nat,opt_nat,15,0,8,SH,coop,def,90
9168,3021,1,D.T.,pess,nat,pess_nat,0,0,12,PD,def,def,90
9169,3021,1,D.T.,pess,nat,pess_nat,1,0,8,SH,def,def,90
9170,3021,1,D.T.,pess,nat,pess_nat,2,7,15,SG,coop,def,90
9171,3021,1,D.T.,pess,nat,pess_nat,3,7,8,HG,coop,def,90
9172,3021,1,D.T.,pess,nat,pess_nat,4,3,12,PD,def,coop,90
9173,3021,1,D.T.,pess,nat,pess_nat,5,0,5,SH,def,def,90
9174,3021,1,D.T.,pess,nat,pess_nat,6,10,8,HG,coop,coop,90
9175,3021,1,D.T.,pess,nat,pess_nat,7,10,15,SG,coop,coop,90
9176,3021,1,D.T.,pess,nat,pess_nat,8,10,12,SG,coop,def,90
9177,3021,1,D.T.,pess,nat,pess_nat,9,0,15,PD,def,coop,90
9178,3021,1,D.T.,pess,nat,pess_nat,10,10,5,HG,coop,coop,90
9179,3021,1,D.T.,pess,nat,pess_nat,11,3,8,SH,def,coop,90
9180,3021,1,D.T.,pess,nat,pess_nat,12,7,12,SG,coop,coop,90
9181,3021,1,D.T.,pess,nat,pess_nat,13,3,15,PD,def,def,90
9182,3021,1,D.T.,pess,nat,pess_nat,14,3,5,SH,def,coop,90
9183,3021,1,D.T.,pess,nat,pess_nat,15,7,5,HG,coop,def,90
9184,3021,2,E.B.,pess,inv,pess_inv,0,0,8,SH,coop,def,90
9185,3021,2,E.B.,pess,inv,pess_inv,1,3,15,PD,coop,def,90
9186,3021,2,E.B.,pess,inv,pess_inv,2,10,12,SG,def,coop,90
9187,3021,2,E.B.,pess,inv,pess_inv,3,7,8,HG,def,coop,90
9188,3021,2,E.B.,pess,inv,pess_inv,4,10,8,HG,def,coop,90
9189,3021,2,E.B.,pess,inv,pess_inv,5,0,15,PD,coop,def,90
9190,3021,2,E.B.,pess,inv,pess_inv,6,3,8,SH,coop,coop,90
9191,3021,2,E.B.,pess,inv,pess_inv,7,7,15,SG,def,def,90
9192,3021,2,E.B.,pess,inv,pess_inv,8,0,12,PD,coop,def,90
9193,3021,2,E.B.,pess,inv,pess_inv,9,3,5,SH,coop,coop,90
9194,3021,2,E.B.,pess,inv,pess_inv,10,7,12,SG,def,coop,90
9195,3021,2,E.B.,pess,inv,pess_inv,11,10,5,HG,def,coop,90
9196,3021,2,E.B.,pess,inv,pess_inv,12,0,5,SH,coop,coop,90
9197,3021,2,E.B.,pess,inv,pess_inv,13,7,5,HG,def,coop,90
9198,3021,2,E.B.,pess,inv,pess_inv,14,3,12,PD,coop,def,90
9199,3021,2,E.B.,pess,inv,pess_inv,15,10,15,SG,def,def,90
9200,3021,3,G.P.,opt,inv,opt_inv,0,0,8,SH,def,def,90
9201,3021,3,G.P.,opt,inv,opt_inv,1,7,5,HG,def,coop,90
9202,3021,3,G.P.,opt,inv,opt_inv,2,10,15,SG,coop,coop,90
9203,3021,3,G.P.,opt,inv,opt_inv,3,3,12,PD,coop,def,90
9204,3021,3,G.P.,opt,inv,opt_inv,4,7,15,SG,coop,coop,90
9205,3021,3,G.P.,opt,inv,opt_inv,5,7,8,HG,def,coop,90
9206,3021,3,G.P.,opt,inv,opt_inv,6,3,5,SH,def,coop,90
9207,3021,3,G.P.,opt,inv,opt_inv,7,3,15,PD,coop,def,90
9208,3021,3,G.P.,opt,inv,opt_inv,8,0,15,PD,coop,def,90
9209,3021,3,G.P.,opt,inv,opt_inv,9,10,8,HG,def,coop,90
9210,3021,3,G.P.,opt,inv,opt_inv,10,10,12,SG,coop,def,90
9211,3021,3,G.P.,opt,inv,opt_inv,11,0,5,SH,def,coop,90
9212,3021,3,G.P.,opt,inv,opt_inv,12,0,12,PD,coop,def,90
9213,3021,3,G.P.,opt,inv,opt_inv,13,3,8,SH,def,coop,90
9214,3021,3,G.P.,opt,inv,opt_inv,14,10,5,HG,def,coop,90
9215,3021,3,G.P.,opt,inv,opt_inv,15,7,12,SG,coop,coop,90
9216,3022,0,G.P.,opt,nat,opt_nat,0,0,8,SH,coop,coop,70
9217,3022,0,G.P.,opt,nat,opt_nat,1,3,15,PD,def,coop,80
9218,3022,0,G.P.,opt,nat,opt_nat,2,10,12,SG,def,coop,90
9219,3022,0,G.P.,opt,nat,opt_nat,3,7,8,HG,coop,coop,80
9220,3022,0,G.P.,opt,nat,opt_nat,4,10,8,HG,coop,coop,80
9221,3022,0,G.P.,opt,nat,opt_nat,5,0,15,PD,def,coop,60
9222,3022,0,G.P.,opt,nat,opt_nat,6,3,8,SH,coop,coop,90
9223,3022,0,G.P.,opt,nat,opt_nat,7,7,15,SG,def,coop,80
9224,3022,0,G.P.,opt,nat,opt_nat,8,0,12,PD,def,coop,70
9225,3022,0,G.P.,opt,nat,opt_nat,9,3,5,SH,coop,coop,70
9226,3022,0,G.P.,opt,nat,opt_nat,10,7,12,SG,def,coop,80
9227,3022,0,G.P.,opt,nat,opt_nat,11,10,5,HG,coop,coop,90
9228,3022,0,G.P.,opt,nat,opt_nat,12,0,5,SH,coop,coop,80
9229,3022,0,G.P.,opt,nat,opt_nat,13,7,5,HG,coop,coop,90
9230,3022,0,G.P.,opt,nat,opt_nat,14,3,12,PD,def,coop,80
9231,3022,0,G.P.,opt,nat,opt_nat,15,10,15,SG,def,coop,80
9232,3022,1,E.B.,pess,nat,pess_nat,0,0,12,PD,def,coop,80
9233,3022,1,E.B.,pess,nat,pess_nat,1,7,5,HG,coop,coop,80
9234,3022,1,E.B.,pess,nat,pess_nat,2,10,12,SG,coop,coop,70
9235,3022,1,E.B.,pess,nat,pess_nat,3,3,5,SH,def,coop,70
9236,3022,1,E.B.,pess,nat,pess_nat,4,0,8,SH,def,coop,70
9237,3022,1,E.B.,pess,nat,pess_nat,5,0,15,PD,def,coop,70
9238,3022,1,E.B.,pess,nat,pess_nat,6,10,5,HG,coop,coop,90
9239,3022,1,E.B.,pess,nat,pess_nat,7,7,12,SG,coop,coop,80
9240,3022,1,E.B.,pess,nat,pess_nat,8,3,15,PD,def,coop,70
9241,3022,1,E.B.,pess,nat,pess_nat,9,10,15,SG,coop,coop,80
9242,3022,1,E.B.,pess,nat,pess_nat,10,7,8,HG,coop,coop,80
9243,3022,1,E.B.,pess,nat,pess_nat,11,0,5,SH,def,coop,70
9244,3022,1,E.B.,pess,nat,pess_nat,12,10,8,HG,coop,coop,80
9245,3022,1,E.B.,pess,nat,pess_nat,13,7,15,SG,coop,coop,70
9246,3022,1,E.B.,pess,nat,pess_nat,14,3,8,SH,def,coop,70
9247,3022,1,E.B.,pess,nat,pess_nat,15,3,12,PD,def,coop,70
9248,3022,2,F.A.,opt,inv,opt_inv,0,7,12,SG,coop,coop,70
9249,3022,2,F.A.,opt,inv,opt_inv,1,7,8,HG,def,coop,70
9250,3022,2,F.A.,opt,inv,opt_inv,2,0,5,SH,def,coop,70
9251,3022,2,F.A.,opt,inv,opt_inv,3,3,15,PD,coop,coop,70
9252,3022,2,F.A.,opt,inv,opt_inv,4,0,12,PD,coop,coop,70
9253,3022,2,F.A.,opt,inv,opt_inv,5,0,8,SH,def,coop,70
9254,3022,2,F.A.,opt,inv,opt_inv,6,10,12,SG,coop,coop,70
9255,3022,2,F.A.,opt,inv,opt_inv,7,10,5,HG,def,coop,70
9256,3022,2,F.A.,opt,inv,opt_inv,8,10,8,HG,def,coop,70
9257,3022,2,F.A.,opt,inv,opt_inv,9,10,15,SG,coop,coop,70
9258,3022,2,F.A.,opt,inv,opt_inv,10,3,8,SH,def,coop,70
9259,3022,2,F.A.,opt,inv,opt_inv,11,3,12,PD,coop,coop,70
9260,3022,2,F.A.,opt,inv,opt_inv,12,7,15,SG,coop,coop,70
9261,3022,2,F.A.,opt,inv,opt_inv,13,7,5,HG,def,coop,70
9262,3022,2,F.A.,opt,inv,opt_inv,14,3,5,SH,def,coop,70
9263,3022,2,F.A.,opt,inv,opt_inv,15,0,15,PD,coop,coop,70
9264,3022,3,D.T.,pess,inv,pess_inv,0,7,15,SG,def,coop,70
9265,3022,3,D.T.,pess,inv,pess_inv,1,3,15,PD,coop,coop,70
9266,3022,3,D.T.,pess,inv,pess_inv,2,3,8,SH,coop,coop,70
9267,3022,3,D.T.,pess,inv,pess_inv,3,7,5,HG,def,coop,70
9268,3022,3,D.T.,pess,inv,pess_inv,4,10,15,SG,def,coop,70
9269,3022,3,D.T.,pess,inv,pess_inv,5,7,8,HG,def,coop,70
9270,3022,3,D.T.,pess,inv,pess_inv,6,0,5,SH,coop,coop,70
9271,3022,3,D.T.,pess,inv,pess_inv,7,0,12,PD,coop,coop,70
9272,3022,3,D.T.,pess,inv,pess_inv,8,3,12,PD,coop,coop,70
9273,3022,3,D.T.,pess,inv,pess_inv,9,7,12,SG,def,coop,70
9274,3022,3,D.T.,pess,inv,pess_inv,10,10,8,HG,def,coop,70
9275,3022,3,D.T.,pess,inv,pess_inv,11,3,5,SH,coop,coop,70
9276,3022,3,D.T.,pess,inv,pess_inv,12,10,12,SG,def,coop,70
9277,3022,3,D.T.,pess,inv,pess_inv,13,0,15,PD,coop,coop,70
9278,3022,3,D.T.,pess,inv,pess_inv,14,10,5,HG,def,coop,70
9279,3022,3,D.T.,pess,inv,pess_inv,15,0,8,SH,coop,coop,70
9280,3023,0,F.A.,pess,nat,pess_nat,0,10,5,HG,coop,coop,70
9281,3023,0,F.A.,pess,nat,pess_nat,1,3,5,SH,def,coop,50
9282,3023,0,F.A.,pess,nat,pess_nat,2,0,15,PD,def,coop,40
9283,3023,0,F.A.,pess,nat,pess_nat,3,7,12,SG,coop,coop,60
9284,3023,0,F.A.,pess,nat,pess_nat,4,10,15,SG,coop,coop,50
9285,3023,0,F.A.,pess,nat,pess_nat,5,10,8,HG,coop,coop,70
9286,3023,0,F.A.,pess,nat,pess_nat,6,0,12,PD,def,def,70
9287,3023,0,F.A.,pess,nat,pess_nat,7,0,5,SH,def,def,60
9288,3023,0,F.A.,pess,nat,pess_nat,8,7,15,SG,coop,def,70
9289,3023,0,F.A.,pess,nat,pess_nat,9,0,8,SH,def,def,60
9290,3023,0,F.A.,pess,nat,pess_nat,10,3,15,PD,def,def,80
9291,3023,0,F.A.,pess,nat,pess_nat,11,7,5,HG,coop,coop,80
9292,3023,0,F.A.,pess,nat,pess_nat,12,3,12,PD,def,coop,80
9293,3023,0,F.A.,pess,nat,pess_nat,13,10,12,SG,coop,def,70
9294,3023,0,F.A.,pess,nat,pess_nat,14,3,8,SH,def,coop,60
9295,3023,0,F.A.,pess,nat,pess_nat,15,7,8,HG,coop,def,80
9296,3023,1,D.T.,opt,nat,opt_nat,0,0,5,SH,coop,coop,60
9297,3023,1,D.T.,opt,nat,opt_nat,1,10,5,HG,coop,coop,80
9298,3023,1,D.T.,opt,nat,opt_nat,2,3,15,PD,def,coop,70
9299,3023,1,D.T.,opt,nat,opt_nat,3,7,12,SG,def,def,70
9300,3023,1,D.T.,opt,nat,opt_nat,4,10,8,HG,coop,coop,80
9301,3023,1,D.T.,opt,nat,opt_nat,5,0,15,PD,def,def,80
9302,3023,1,D.T.,opt,nat,opt_nat,6,3,5,SH,coop,coop,80
9303,3023,1,D.T.,opt,nat,opt_nat,7,7,15,SG,def,coop,70
9304,3023,1,D.T.,opt,nat,opt_nat,8,3,12,PD,def,coop,60
9305,3023,1,D.T.,opt,nat,opt_nat,9,10,12,SG,def,def,80
9306,3023,1,D.T.,opt,nat,opt_nat,10,7,8,HG,coop,coop,80
9307,3023,1,D.T.,opt,nat,opt_nat,11,3,8,SH,coop,coop,70
9308,3023,1,D.T.,opt,nat,opt_nat,12,0,12,PD,def,coop,70
9309,3023,1,D.T.,opt,nat,opt_nat,13,0,8,SH,coop,coop,70
9310,3023,1,D.T.,opt,nat,opt_nat,14,10,15,SG,def,def,80
9311,3023,1,D.T.,opt,nat,opt_nat,15,7,5,HG,coop,coop,80
9312,3023,2,E.B.,opt,inv,opt_inv,0,3,8,SH,def,coop,70
9313,3023,2,E.B.,opt,inv,opt_inv,1,0,15,PD,coop,coop,70
9314,3023,2,E.B.,opt,inv,opt_inv,2,7,8,HG,def,coop,80
9315,3023,2,E.B.,opt,inv,opt_inv,3,7,15,SG,coop,coop,70
9316,3023,2,E.B.,opt,inv,opt_inv,4,3,5,SH,def,coop,80
9317,3023,2,E.B.,opt,inv,opt_inv,5,7,5,HG,def,coop,80
9318,3023,2,E.B.,opt,inv,opt_inv,6,0,12,PD,coop,coop,70
9319,3023,2,E.B.,opt,inv,opt_inv,7,10,12,SG,coop,def,80
9320,3023,2,E.B.,opt,inv,opt_inv,8,7,12,SG,coop,def,70
9321,3023,2,E.B.,opt,inv,opt_inv,9,3,15,PD,coop,def,70
9322,3023,2,E.B.,opt,inv,opt_inv,10,0,8,SH,def,def,70
9323,3023,2,E.B.,opt,inv,opt_inv,11,10,5,HG,def,coop,70
9324,3023,2,E.B.,opt,inv,opt_inv,12,10,15,SG,coop,def,80
9325,3023,2,E.B.,opt,inv,opt_inv,13,0,5,SH,def,coop,80
9326,3023,2,E.B.,opt,inv,opt_inv,14,10,8,HG,def,coop,80
9327,3023,2,E.B.,opt,inv,opt_inv,15,3,12,PD,coop,coop,80
9328,3023,3,G.P.,pess,inv,pess_inv,0,0,12,PD,coop,coop,80
9329,3023,3,G.P.,pess,inv,pess_inv,1,0,8,SH,coop,coop,80
9330,3023,3,G.P.,pess,inv,pess_inv,2,7,15,SG,def,coop,80
9331,3023,3,G.P.,pess,inv,pess_inv,3,7,8,HG,def,coop,70
9332,3023,3,G.P.,pess,inv,pess_inv,4,3,12,PD,coop,coop,80
9333,3023,3,G.P.,pess,inv,pess_inv,5,0,5,SH,coop,coop,70
9334,3023,3,G.P.,pess,inv,pess_inv,6,10,8,HG,def,coop,80
9335,3023,3,G.P.,pess,inv,pess_inv,7,10,15,SG,def,def,80
9336,3023,3,G.P.,pess,inv,pess_inv,8,10,12,SG,def,def,70
9337,3023,3,G.P.,pess,inv,pess_inv,9,0,15,PD,coop,def,80
9338,3023,3,G.P.,pess,inv,pess_inv,10,10,5,HG,def,coop,80
9339,3023,3,G.P.,pess,inv,pess_inv,11,3,8,SH,coop,coop,80
9340,3023,3,G.P.,pess,inv,pess_inv,12,7,12,SG,def,coop,80
9341,3023,3,G.P.,pess,inv,pess_inv,13,3,15,PD,coop,def,80
9342,3023,3,G.P.,pess,inv,pess_inv,14,3,5,SH,coop,coop,80
9343,3023,3,G.P.,pess,inv,pess_inv,15,7,5,HG,def,coop,80
9344,3024,0,D.T.,pess,nat,pess_nat,0,3,5,SH,def,coop,100
9345,3024,0,D.T.,pess,nat,pess_nat,1,0,15,PD,def,def,100
9346,3024,0,D.T.,pess,nat,pess_nat,2,7,8,HG,coop,coop,100
9347,3024,0,D.T.,pess,nat,pess_nat,3,10,12,SG,coop,def,100
9348,3024,0,D.T.,pess,nat,pess_nat,4,7,12,SG,coop,def,100
9349,3024,0,D.T.,pess,nat,pess_nat,5,10,8,HG,coop,coop,100
9350,3024,0,D.T.,pess,nat,pess_nat,6,0,5,SH,def,def,100
9351,3024,0,D.T.,pess,nat,pess_nat,7,0,12,PD,def,def,100
9352,3024,0,D.T.,pess,nat,pess_nat,8,7,5,HG,coop,coop,100
9353,3024,0,D.T.,pess,nat,pess_nat,9,3,8,SH,def,def,100
9354,3024,0,D.T.,pess,nat,pess_nat,10,3,12,PD,def,def,100
9355,3024,0,D.T.,pess,nat,pess_nat,11,7,15,SG,coop,def,100
9356,3024,0,D.T.,pess,nat,pess_nat,12,3,15,PD,def,def,100
9357,3024,0,D.T.,pess,nat,pess_nat,13,10,5,HG,coop,coop,100
9358,3024,0,D.T.,pess,nat,pess_nat,14,10,15,SG,coop,def,100
9359,3024,0,D.T.,pess,nat,pess_nat,15,0,8,SH,def,def,100
9360,3024,1,G.P.,opt,nat,opt_nat,0,7,5,HG,coop,coop,100
9361,3024,1,G.P.,opt,nat,opt_nat,1,3,5,SH,coop,def,100
9362,3024,1,G.P.,opt,nat,opt_nat,2,7,12,SG,def,def,100
9363,3024,1,G.P.,opt,nat,opt_nat,3,3,15,PD,def,def,100
9364,3024,1,G.P.,opt,nat,opt_nat,4,0,5,SH,coop,def,100
9365,3024,1,G.P.,opt,nat,opt_nat,5,0,15,PD,def,def,100
9366,3024,1,G.P.,opt,nat,opt_nat,6,7,15,SG,def,def,100
9367,3024,1,G.P.,opt,nat,opt_nat,7,10,8,HG,coop,coop,100
9368,3024,1,G.P.,opt,nat,opt_nat,8,10,12,SG,def,def,100
9369,3024,1,G.P.,opt,nat,opt_nat,9,3,8,SH,coop,def,100
9370,3024,1,G.P.,opt,nat,opt_nat,10,10,5,HG,coop,coop,100
9371,3024,1,G.P.,opt,nat,opt_nat,11,3,12,PD,def,def,100
9372,3024,1,G.P.,opt,nat,opt_nat,12,10,15,SG,def,def,100
9373,3024,1,G.P.,opt,nat,opt_nat,13,0,12,PD,def,def,100
9374,3024,1,G.P.,opt,nat,opt_nat,14,0,8,SH,coop,def,100
9375,3024,1,G.P.,opt,nat,opt_nat,15,7,8,HG,coop,def,100
9376,3024,2,E.B.,pess,inv,pess_inv,0,0,8,SH,coop,def,100
9377,3024,2,E.B.,pess,inv,pess_inv,1,3,15,PD,coop,def,100
9378,3024,2,E.B.,pess,inv,pess_inv,2,10,12,SG,def,def,100
9379,3024,2,E.B.,pess,inv,pess_inv,3,7,8,HG,def,def,100
9380,3024,2,E.B.,pess,inv,pess_inv,4,10,8,HG,def,coop,100
9381,3024,2,E.B.,pess,inv,pess_inv,5,0,15,PD,coop,def,100
9382,3024,2,E.B.,pess,inv,pess_inv,6,3,8,SH,coop,def,100
9383,3024,2,E.B.,pess,inv,pess_inv,7,7,15,SG,def,def,100
9384,3024,2,E.B.,pess,inv,pess_inv,8,0,12,PD,coop,def,100
9385,3024,2,E.B.,pess,inv,pess_inv,9,3,5,SH,coop,def,100
9386,3024,2,E.B.,pess,inv,pess_inv,10,7,12,SG,def,def,100
9387,3024,2,E.B.,pess,inv,pess_inv,11,10,5,HG,def,coop,100
9388,3024,2,E.B.,pess,inv,pess_inv,12,0,5,SH,coop,def,100
9389,3024,2,E.B.,pess,inv,pess_inv,13,7,5,HG,def,def,100
9390,3024,2,E.B.,pess,inv,pess_inv,14,3,12,PD,coop,def,100
9391,3024,2,E.B.,pess,inv,pess_inv,15,10,15,SG,def,def,100
9392,3024,3,F.A.,opt,inv,opt_inv,0,10,5,HG,def,coop,100
9393,3024,3,F.A.,opt,inv,opt_inv,1,3,5,SH,def,def,100
9394,3024,3,F.A.,opt,inv,opt_inv,2,0,15,PD,coop,def,100
9395,3024,3,F.A.,opt,inv,opt_inv,3,7,12,SG,coop,def,100
9396,3024,3,F.A.,opt,inv,opt_inv,4,10,15,SG,coop,def,100
9397,3024,3,F.A.,opt,inv,opt_inv,5,10,8,HG,def,coop,100
9398,3024,3,F.A.,opt,inv,opt_inv,6,0,12,PD,coop,def,100
9399,3024,3,F.A.,opt,inv,opt_inv,7,0,5,SH,def,def,100
9400,3024,3,F.A.,opt,inv,opt_inv,8,7,15,SG,coop,def,100
9401,3024,3,F.A.,opt,inv,opt_inv,9,0,8,SH,def,def,100
9402,3024,3,F.A.,opt,inv,opt_inv,10,3,15,PD,coop,def,100
9403,3024,3,F.A.,opt,inv,opt_inv,11,7,5,HG,def,def,100
9404,3024,3,F.A.,opt,inv,opt_inv,12,3,12,PD,coop,def,100
9405,3024,3,F.A.,opt,inv,opt_inv,13,10,12,SG,coop,def,100
9406,3024,3,F.A.,opt,inv,opt_inv,14,3,8,SH,def,def,100
9407,3024,3,F.A.,opt,inv,opt_inv,15,7,8,HG,def,def,100
9408,3026,0,G.P.,pess,nat,pess_nat,0,7,12,SG,coop,def,100
9409,3026,0,G.P.,pess,nat,pess_nat,1,7,8,HG,coop,coop,90
9410,3026,0,G.P.,pess,nat,pess_nat,2,0,5,SH,def,coop,70
9411,3026,0,G.P.,pess,nat,pess_nat,3,3,15,PD,def,def,80
9412,3026,0,G.P.,pess,nat,pess_nat,4,0,12,PD,def,def,80
9413,3026,0,G.P.,pess,nat,pess_nat,5,0,8,SH,def,def,80
9414,3026,0,G.P.,pess,nat,pess_nat,6,10,12,SG,coop,def,80
9415,3026,0,G.P.,pess,nat,pess_nat,7,10,5,HG,coop,coop,80
9416,3026,0,G.P.,pess,nat,pess_nat,8,10,8,HG,coop,coop,80
9417,3026,0,G.P.,pess,nat,pess_nat,9,10,15,SG,coop,def,80
9418,3026,0,G.P.,pess,nat,pess_nat,10,3,8,SH,def,def,80
9419,3026,0,G.P.,pess,nat,pess_nat,11,3,12,PD,def,def,80
9420,3026,0,G.P.,pess,nat,pess_nat,12,7,15,SG,coop,def,80
9421,3026,0,G.P.,pess,nat,pess_nat,13,7,5,HG,coop,coop,80
9422,3026,0,G.P.,pess,nat,pess_nat,14,3,5,SH,def,coop,80
9423,3026,0,G.P.,pess,nat,pess_nat,15,0,15,PD,def,def,80
9424,3026,1,F.A.,opt,nat,opt_nat,0,0,5,SH,coop,def,80
9425,3026,1,F.A.,opt,nat,opt_nat,1,10,5,HG,coop,coop,80
9426,3026,1,F.A.,opt,nat,opt_nat,2,3,15,PD,def,def,80
9427,3026,1,F.A.,opt,nat,opt_nat,3,7,12,SG,def,def,80
9428,3026,1,F.A.,opt,nat,opt_nat,4,10,8,HG,coop,coop,80
9429,3026,1,F.A.,opt,nat,opt_nat,5,0,15,PD,def,def,80
9430,3026,1,F.A.,opt,nat,opt_nat,6,3,5,SH,coop,coop,80
9431,3026,1,F.A.,opt,nat,opt_nat,7,7,15,SG,def,def,80
9432,3026,1,F.A.,opt,nat,opt_nat,8,3,12,PD,def,def,80
9433,3026,1,F.A.,opt,nat,opt_nat,9,10,12,SG,def,def,80
9434,3026,1,F.A.,opt,nat,opt_nat,10,7,8,HG,coop,coop,80
9435,3026,1,F.A.,opt,nat,opt_nat,11,3,8,SH,coop,coop,80
9436,3026,1,F.A.,opt,nat,opt_nat,12,0,12,PD,def,def,80
9437,3026,1,F.A.,opt,nat,opt_nat,13,0,8,SH,coop,def,80
9438,3026,1,F.A.,opt,nat,opt_nat,14,10,15,SG,def,def,80
9439,3026,1,F.A.,opt,nat,opt_nat,15,7,5,HG,coop,coop,80
9440,3026,2,D.T.,opt,inv,opt_inv,0,3,12,PD,coop,def,80
9441,3026,2,D.T.,opt,inv,opt_inv,1,7,8,HG,def,coop,80
9442,3026,2,D.T.,opt,inv,opt_inv,2,3,8,SH,def,coop,80
9443,3026,2,D.T.,opt,inv,opt_inv,3,7,12,SG,coop,def,80
9444,3026,2,D.T.,opt,inv,opt_inv,4,0,15,PD,coop,def,80
9445,3026,2,D.T.,opt,inv,opt_inv,5,0,8,SH,def,def,80
9446,3026,2,D.T.,opt,inv,opt_inv,6,7,15,SG,coop,def,80
9447,3026,2,D.T.,opt,inv,opt_inv,7,7,5,HG,def,coop,80
9448,3026,2,D.T.,opt,inv,opt_inv,8,3,15,PD,coop,def,80
9449,3026,2,D.T.,opt,inv,opt_inv,9,0,5,SH,def,def,80
9450,3026,2,D.T.,opt,inv,opt_inv,10,10,5,HG,def,coop,80
9451,3026,2,D.T.,opt,inv,opt_inv,11,10,15,SG,coop,def,80
9452,3026,2,D.T.,opt,inv,opt_inv,12,10,12,SG,coop,def,80
9453,3026,2,D.T.,opt,inv,opt_inv,13,0,12,PD,coop,def,80
9454,3026,2,D.T.,opt,inv,opt_inv,14,3,5,SH,def,coop,80
9455,3026,2,D.T.,opt,inv,opt_inv,15,10,8,HG,def,coop,80
9456,3026,3,E.B.,pess,inv,pess_inv,0,3,8,SH,coop,def,80
9457,3026,3,E.B.,pess,inv,pess_inv,1,0,15,PD,coop,def,80
9458,3026,3,E.B.,pess,inv,pess_inv,2,7,8,HG,def,coop,80
9459,3026,3,E.B.,pess,inv,pess_inv,3,7,15,SG,def,def,80
9460,3026,3,E.B.,pess,inv,pess_inv,4,3,5,SH,coop,coop,80
9461,3026,3,E.B.,pess,inv,pess_inv,5,7,5,HG,def,coop,80
9462,3026,3,E.B.,pess,inv,pess_inv,6,0,12,PD,coop,def,80
9463,3026,3,E.B.,pess,inv,pess_inv,7,10,12,SG,def,def,80
9464,3026,3,E.B.,pess,inv,pess_inv,8,7,12,SG,def,def,80
9465,3026,3,E.B.,pess,inv,pess_inv,9,3,15,PD,coop,def,80
9466,3026,3,E.B.,pess,inv,pess_inv,10,0,8,SH,coop,def,80
9467,3026,3,E.B.,pess,inv,pess_inv,11,10,5,HG,def,coop,80
9468,3026,3,E.B.,pess,inv,pess_inv,12,10,15,SG,def,def,80
9469,3026,3,E.B.,pess,inv,pess_inv,13,0,5,SH,coop,def,80
9470,3026,3,E.B.,pess,inv,pess_inv,14,10,8,HG,def,coop,80
9471,3026,3,E.B.,pess,inv,pess_inv,15,3,12,PD,coop,def,80
9472,4000,0,F.A.,pess,nat,pess_nat,0,10,12,SG,coop,def,60
9473,4000,0,F.A.,pess,nat,pess_nat,1,0,12,PD,def,def,80
9474,4000,0,F.A.,pess,nat,pess_nat,2,3,5,SH,def,coop,70
9475,4000,0,F.A.,pess,nat,pess_nat,3,7,8,HG,coop,def,60
9476,4000,0,F.A.,pess,nat,pess_nat,4,10,5,HG,coop,coop,70
9477,4000,0,F.A.,pess,nat,pess_nat,5,3,12,PD,def,def,80
9478,4000,0,F.A.,pess,nat,pess_nat,6,3,8,SH,def,coop,60
9479,4000,0,F.A.,pess,nat,pess_nat,7,10,15,SG,coop,coop,80
9480,4000,0,F.A.,pess,nat,pess_nat,8,0,15,PD,def,def,80
9481,4000,0,F.A.,pess,nat,pess_nat,9,7,12,SG,coop,coop,80
9482,4000,0,F.A.,pess,nat,pess_nat,10,0,5,SH,def,def,70
9483,4000,0,F.A.,pess,nat,pess_nat,11,7,5,HG,coop,def,80
9484,4000,0,F.A.,pess,nat,pess_nat,12,10,8,HG,coop,def,80
9485,4000,0,F.A.,pess,nat,pess_nat,13,0,8,SH,def,coop,80
9486,4000,0,F.A.,pess,nat,pess_nat,14,7,15,SG,coop,coop,80
9487,4000,0,F.A.,pess,nat,pess_nat,15,3,15,PD,def,coop,80
9488,4000,1,E.B.,opt,nat,opt_nat,0,10,8,HG,coop,def,70
9489,4000,1,E.B.,opt,nat,opt_nat,1,7,12,SG,def,coop,80
9490,4000,1,E.B.,opt,nat,opt_nat,2,0,12,PD,def,coop,70
9491,4000,1,E.B.,opt,nat,opt_nat,3,0,8,SH,coop,coop,70
9492,4000,1,E.B.,opt,nat,opt_nat,4,3,8,SH,coop,coop,80
9493,4000,1,E.B.,opt,nat,opt_nat,5,3,15,PD,def,coop,80
9494,4000,1,E.B.,opt,nat,opt_nat,6,10,15,SG,def,coop,80
9495,4000,1,E.B.,opt,nat,opt_nat,7,10,5,HG,coop,def,80
9496,4000,1,E.B.,opt,nat,opt_nat,8,3,12,PD,def,coop,80
9497,4000,1,E.B.,opt,nat,opt_nat,9,7,8,HG,coop,def,80
9498,4000,1,E.B.,opt,nat,opt_nat,10,10,12,SG,def,def,70
9499,4000,1,E.B.,opt,nat,opt_nat,11,0,5,SH,coop,coop,80
9500,4000,1,E.B.,opt,nat,opt_nat,12,0,15,PD,def,coop,80
9501,4000,1,E.B.,opt,nat,opt_nat,13,7,15,SG,def,coop,80
9502,4000,1,E.B.,opt,nat,opt_nat,14,7,5,HG,coop,def,80
9503,4000,1,E.B.,opt,nat,opt_nat,15,3,5,SH,coop,def,80
9504,4000,2,D.T.,opt,inv,opt_inv,0,0,12,PD,coop,def,80
9505,4000,2,D.T.,opt,inv,opt_inv,1,7,5,HG,def,def,80
9506,4000,2,D.T.,opt,inv,opt_inv,2,10,12,SG,coop,def,80
9507,4000,2,D.T.,opt,inv,opt_inv,3,3,5,SH,def,def,80
9508,4000,2,D.T.,opt,inv,opt_inv,4,0,8,SH,def,def,80
9509,4000,2,D.T.,opt,inv,opt_inv,5,0,15,PD,coop,def,80
9510,4000,2,D.T.,opt,inv,opt_inv,6,10,5,HG,def,def,80
9511,4000,2,D.T.,opt,inv,opt_inv,7,7,12,SG,coop,coop,80
9512,4000,2,D.T.,opt,inv,opt_inv,8,3,15,PD,coop,coop,80
9513,4000,2,D.T.,opt,inv,opt_inv,9,10,15,SG,coop,def,80
9514,4000,2,D.T.,opt,inv,opt_inv,10,7,8,HG,def,def,80
9515,4000,2,D.T.,opt,inv,opt_inv,11,0,5,SH,def,def,80
9516,4000,2,D.T.,opt,inv,opt_inv,12,10,8,HG,def,coop,80
9517,4000,2,D.T.,opt,inv,opt_inv,13,7,15,SG,coop,coop,80
9518,4000,2,D.T.,opt,inv,opt_inv,14,3,8,SH,def,def,80
9519,4000,2,D.T.,opt,inv,opt_inv,15,3,12,PD,coop,coop,80
9520,4000,3,G.P.,pess,inv,pess_inv,0,7,15,SG,def,coop,80
9521,4000,3,G.P.,pess,inv,pess_inv,1,3,15,PD,coop,coop,80
9522,4000,3,G.P.,pess,inv,pess_inv,2,3,8,SH,coop,def,80
9523,4000,3,G.P.,pess,inv,pess_inv,3,7,5,HG,def,coop,80
9524,4000,3,G.P.,pess,inv,pess_inv,4,10,15,SG,def,def,80
9525,4000,3,G.P.,pess,inv,pess_inv,5,7,8,HG,def,coop,80
9526,4000,3,G.P.,pess,inv,pess_inv,6,0,5,SH,coop,def,80
9527,4000,3,G.P.,pess,inv,pess_inv,7,0,12,PD,coop,coop,80
9528,4000,3,G.P.,pess,inv,pess_inv,8,3,12,PD,coop,coop,80
9529,4000,3,G.P.,pess,inv,pess_inv,9,7,12,SG,def,coop,80
9530,4000,3,G.P.,pess,inv,pess_inv,10,10,8,HG,def,def,80
9531,4000,3,G.P.,pess,inv,pess_inv,11,3,5,SH,coop,coop,80
9532,4000,3,G.P.,pess,inv,pess_inv,12,10,12,SG,def,def,80
9533,4000,3,G.P.,pess,inv,pess_inv,13,0,15,PD,coop,coop,80
9534,4000,3,G.P.,pess,inv,pess_inv,14,10,5,HG,def,coop,80
9535,4000,3,G.P.,pess,inv,pess_inv,15,0,8,SH,coop,def,80
9536,4001,0,G.P.,opt,nat,opt_nat,0,10,5,HG,coop,coop,90
9537,4001,0,G.P.,opt,nat,opt_nat,1,0,15,PD,def,coop,90
9538,4001,0,G.P.,opt,nat,opt_nat,2,7,12,SG,def,coop,60
9539,4001,0,G.P.,opt,nat,opt_nat,3,0,8,SH,coop,coop,80
9540,4001,0,G.P.,opt,nat,opt_nat,4,0,5,SH,coop,coop,70
9541,4001,0,G.P.,opt,nat,opt_nat,5,10,15,SG,def,coop,90
9542,4001,0,G.P.,opt,nat,opt_nat,6,7,5,HG,coop,coop,90
9543,4001,0,G.P.,opt,nat,opt_nat,7,0,12,PD,def,coop,70
9544,4001,0,G.P.,opt,nat,opt_nat,8,10,8,HG,coop,coop,80
9545,4001,0,G.P.,opt,nat,opt_nat,9,3,15,PD,def,coop,60
9546,4001,0,G.P.,opt,nat,opt_nat,10,3,8,SH,coop,coop,80
9547,4001,0,G.P.,opt,nat,opt_nat,11,10,12,SG,def,coop,90
9548,4001,0,G.P.,opt,nat,opt_nat,12,3,12,PD,def,coop,80
9549,4001,0,G.P.,opt,nat,opt_nat,13,7,15,SG,def,coop,80
9550,4001,0,G.P.,opt,nat,opt_nat,14,7,8,HG,coop,coop,80
9551,4001,0,G.P.,opt,nat,opt_nat,15,3,5,SH,coop,coop,70
9552,4001,1,E.B.,pess,nat,pess_nat,0,0,5,SH,def,coop,80
9553,4001,1,E.B.,pess,nat,pess_nat,1,10,5,HG,coop,coop,70
9554,4001,1,E.B.,pess,nat,pess_nat,2,3,15,PD,def,coop,90
9555,4001,1,E.B.,pess,nat,pess_nat,3,7,12,SG,coop,coop,80
9556,4001,1,E.B.,pess,nat,pess_nat,4,10,8,HG,coop,coop,90
9557,4001,1,E.B.,pess,nat,pess_nat,5,0,15,PD,def,coop,80
9558,4001,1,E.B.,pess,nat,pess_nat,6,3,5,SH,def,coop,90
9559,4001,1,E.B.,pess,nat,pess_nat,7,7,15,SG,coop,coop,90
9560,4001,1,E.B.,pess,nat,pess_nat,8,3,12,PD,def,coop,80
9561,4001,1,E.B.,pess,nat,pess_nat,9,10,12,SG,coop,coop,90
9562,4001,1,E.B.,pess,nat,pess_nat,10,7,8,HG,coop,coop,70
9563,4001,1,E.B.,pess,nat,pess_nat,11,3,8,SH,def,coop,90
9564,4001,1,E.B.,pess,nat,pess_nat,12,0,12,PD,def,coop,80
9565,4001,1,E.B.,pess,nat,pess_nat,13,0,8,SH,def,coop,80
9566,4001,1,E.B.,pess,nat,pess_nat,14,10,15,SG,coop,coop,90
9567,4001,1,E.B.,pess,nat,pess_nat,15,7,5,HG,coop,coop,90
9568,4001,2,F.A.,opt,inv,opt_inv,0,7,15,SG,coop,coop,90
9569,4001,2,F.A.,opt,inv,opt_inv,1,7,5,HG,def,coop,90
9570,4001,2,F.A.,opt,inv,opt_inv,2,3,8,SH,def,coop,90
9571,4001,2,F.A.,opt,inv,opt_inv,3,0,12,PD,coop,coop,90
9572,4001,2,F.A.,opt,inv,opt_inv,4,7,8,HG,def,coop,90
9573,4001,2,F.A.,opt,inv,opt_inv,5,0,8,SH,def,coop,90
9574,4001,2,F.A.,opt,inv,opt_inv,6,10,15,SG,coop,coop,90
9575,4001,2,F.A.,opt,inv,opt_inv,7,0,15,PD,coop,coop,90
9576,4001,2,F.A.,opt,inv,opt_inv,8,10,5,HG,def,coop,90
9577,4001,2,F.A.,opt,inv,opt_inv,9,3,5,SH,def,coop,90
9578,4001,2,F.A.,opt,inv,opt_inv,10,3,15,PD,coop,coop,90
9579,4001,2,F.A.,opt,inv,opt_inv,11,10,12,SG,coop,coop,90
9580,4001,2,F.A.,opt,inv,opt_inv,12,0,5,SH,def,coop,90
9581,4001,2,F.A.,opt,inv,opt_inv,13,3,12,PD,coop,coop,90
9582,4001,2,F.A.,opt,inv,opt_inv,14,7,12,SG,coop,coop,90
9583,4001,2,F.A.,opt,inv,opt_inv,15,10,8,HG,def,coop,90
9584,4001,3,D.T.,pess,inv,pess_inv,0,10,5,HG,def,coop,90
9585,4001,3,D.T.,pess,inv,pess_inv,1,3,5,SH,coop,coop,90
9586,4001,3,D.T.,pess,inv,pess_inv,2,0,15,PD,coop,coop,90
9587,4001,3,D.T.,pess,inv,pess_inv,3,7,12,SG,def,coop,90
9588,4001,3,D.T.,pess,inv,pess_inv,4,10,15,SG,def,coop,90
9589,4001,3,D.T.,pess,inv,pess_inv,5,10,8,HG,def,coop,90
9590,4001,3,D.T.,pess,inv,pess_inv,6,0,12,PD,coop,coop,90
9591,4001,3,D.T.,pess,inv,pess_inv,7,0,5,SH,coop,coop,90
9592,4001,3,D.T.,pess,inv,pess_inv,8,7,15,SG,def,coop,90
9593,4001,3,D.T.,pess,inv,pess_inv,9,0,8,SH,coop,coop,90
9594,4001,3,D.T.,pess,inv,pess_inv,10,3,15,PD,coop,coop,90
9595,4001,3,D.T.,pess,inv,pess_inv,11,7,5,HG,def,coop,90
9596,4001,3,D.T.,pess,inv,pess_inv,12,3,12,PD,coop,coop,90
9597,4001,3,D.T.,pess,inv,pess_inv,13,10,12,SG,def,coop,90
9598,4001,3,D.T.,pess,inv,pess_inv,14,3,8,SH,coop,coop,90
9599,4001,3,D.T.,pess,inv,pess_inv,15,7,8,HG,def,coop,90
