,task,trial,horizon,uncertainty,slot1_value,slot2_value,choice,RT,reward,forced,participant,tier
0,0,0,5,3,20,40,1,2020.81,41,1,0,0.0
1,0,1,5,3,20,40,1,1840.523,38,1,0,0.0
2,0,2,5,3,20,40,1,1468.408,42,1,0,0.0
3,0,3,5,3,20,40,0,1687.647,12,1,0,0.0
4,0,4,5,3,20,40,1,4849.866999999999,33,0,0,0.0
5,1,0,5,2,70,40,1,1031.596,29,1,0,0.0
6,1,1,5,2,70,40,0,966.918,79,1,0,0.0
7,1,2,5,2,70,40,0,837.7520000000001,65,1,0,0.0
8,1,3,5,2,70,40,1,922.245,57,1,0,0.0
9,1,4,5,2,70,40,0,1507.644,68,0,0,0.0
10,2,0,10,1,64,60,0,884.7159999999999,68,1,0,0.0
11,2,1,10,1,64,60,0,327.899,53,1,0,0.0
12,2,2,10,1,64,60,0,407.411,62,1,0,0.0
13,2,3,10,1,64,60,1,709.96,54,1,0,0.0
14,2,4,10,1,64,60,1,1726.438,46,0,0,0.0
15,2,5,10,1,64,60,1,1653.9740000000002,75,0,0,0.0
16,2,6,10,1,64,60,1,1657.0990000000002,55,0,0,0.0
17,2,7,10,1,64,60,0,2735.532,60,0,0,0.0
18,2,8,10,1,64,60,0,3323.917,67,0,0,0.0
19,2,9,10,1,64,60,0,499.524,69,0,0,0.0
20,3,0,10,1,60,90,0,1238.483,56,1,0,0.0
21,3,1,10,1,60,90,0,825.074,59,1,0,0.0
22,3,2,10,1,60,90,0,942.262,72,1,0,0.0
23,3,3,10,1,60,90,1,830.0600000000001,89,1,0,0.0
24,3,4,10,1,60,90,1,1435.23,93,0,0,0.0
25,3,5,10,1,60,90,1,767.026,83,0,0,0.0
26,3,6,10,1,60,90,1,662.34,88,0,0,0.0
27,3,7,10,1,60,90,1,856.463,93,0,0,0.0
28,3,8,10,1,60,90,1,323.721,75,0,0,0.0
29,3,9,10,1,60,90,1,874.378,98,0,0,0.0
30,4,0,10,1,60,30,1,1054.099,28,1,0,0.0
31,4,1,10,1,60,30,0,544.7220000000001,57,1,0,0.0
32,4,2,10,1,60,30,0,1497.185,63,1,0,0.0
33,4,3,10,1,60,30,0,811.0540000000001,52,1,0,0.0
34,4,4,10,1,60,30,1,1001.054,28,0,0,0.0
35,4,5,10,1,60,30,0,653.913,68,0,0,0.0
36,4,6,10,1,60,30,0,377.461,66,0,0,0.0
37,4,7,10,1,60,30,1,679.4630000000001,29,0,0,0.0
38,4,8,10,1,60,30,0,400.991,63,0,0,0.0
39,4,9,10,1,60,30,0,477.318,56,0,0,0.0
40,5,0,10,1,60,68,0,703.013,48,1,0,0.0
41,5,1,10,1,60,68,1,817.975,56,1,0,0.0
42,5,2,10,1,60,68,0,342.714,56,1,0,0.0
43,5,3,10,1,60,68,0,463.105,61,1,0,0.0
44,5,4,10,1,60,68,1,1290.53,66,0,0,0.0
45,5,5,10,1,60,68,1,626.684,64,0,0,0.0
46,5,6,10,1,60,68,1,959.356,66,0,0,0.0
47,5,7,10,1,60,68,1,606.184,59,0,0,0.0
48,5,8,10,1,60,68,0,915.471,69,0,0,0.0
49,5,9,10,1,60,68,1,682.847,67,0,0,0.0
50,6,0,10,3,60,64,1,1020.152,69,1,0,0.0
51,6,1,10,3,60,64,0,513.9860000000001,65,1,0,0.0
52,6,2,10,3,60,64,1,426.372,53,1,0,0.0
53,6,3,10,3,60,64,1,375.939,52,1,0,0.0
54,6,4,10,3,60,64,0,509.589,62,0,0,0.0
55,6,5,10,3,60,64,0,679.554,74,0,0,0.0
56,6,6,10,3,60,64,0,552.532,54,0,0,0.0
57,6,7,10,3,60,64,1,479.581,70,0,0,0.0
58,6,8,10,3,60,64,1,1744.428,68,0,0,0.0
59,6,9,10,3,60,64,1,1806.664,56,0,0,0.0
60,7,0,5,2,60,64,1,925.1,69,1,0,0.0
61,7,1,5,2,60,64,0,453.55,72,1,0,0.0
62,7,2,5,2,60,64,1,377.72,48,1,0,0.0
63,7,3,5,2,60,64,0,542.662,73,1,0,0.0
64,7,4,5,2,60,64,0,1439.822,57,0,0,0.0
65,8,0,5,2,44,40,1,1955.643,35,1,0,0.0
66,8,1,5,2,44,40,0,467.293,39,1,0,0.0
67,8,2,5,2,44,40,0,445.474,46,1,0,0.0
68,8,3,5,2,44,40,1,602.524,42,1,0,0.0
69,8,4,5,2,44,40,0,1511.937,52,0,0,0.0
70,9,0,10,3,48,60,1,737.0029999999999,52,1,0,0.0
71,9,1,10,3,48,60,1,449.822,66,1,0,0.0
72,9,2,10,3,48,60,0,436.273,56,1,0,0.0
73,9,3,10,3,48,60,1,511.88999999999993,55,1,0,0.0
74,9,4,10,3,48,60,0,1127.399,45,0,0,0.0
75,9,5,10,3,48,60,0,624.085,55,0,0,0.0
76,9,6,10,3,48,60,1,1620.255,59,0,0,0.0
77,9,7,10,3,48,60,1,665.331,65,0,0,0.0
78,9,8,10,3,48,60,0,506.267,53,0,0,0.0
79,9,9,10,3,48,60,1,450.867,58,0,0,0.0
80,10,0,10,2,70,40,1,710.6940000000001,26,1,0,0.0
81,10,1,10,2,70,40,0,327.85900000000004,72,1,0,0.0
82,10,2,10,2,70,40,1,425.546,47,1,0,0.0
83,10,3,10,2,70,40,0,501.128,65,1,0,0.0
84,10,4,10,2,70,40,1,727.818,47,0,0,0.0
85,10,5,10,2,70,40,0,600.2180000000001,75,0,0,0.0
86,10,6,10,2,70,40,0,932.66,71,0,0,0.0
87,10,7,10,2,70,40,0,693.527,84,0,0,0.0
88,10,8,10,2,70,40,0,574.64,65,0,0,0.0
89,10,9,10,2,70,40,1,747.9449999999999,41,0,0,0.0
90,11,0,10,2,60,64,0,748.306,51,1,0,0.0
91,11,1,10,2,60,64,1,434.9,74,1,0,0.0
92,11,2,10,2,60,64,1,423.389,54,1,0,0.0
93,11,3,10,2,60,64,0,604.606,51,1,0,0.0
94,11,4,10,2,60,64,1,752.881,71,0,0,0.0
95,11,5,10,2,60,64,1,391.906,49,0,0,0.0
96,11,6,10,2,60,64,0,413.247,58,0,0,0.0
97,11,7,10,2,60,64,1,1459.138,64,0,0,0.0
98,11,8,10,2,60,64,1,1028.244,82,0,0,0.0
99,11,9,10,2,60,64,1,479.968,63,0,0,0.0
100,12,0,5,3,40,32,1,883.635,35,1,0,0.0
101,12,1,5,3,40,32,1,412.132,21,1,0,0.0
102,12,2,5,3,40,32,0,298.78700000000003,41,1,0,0.0
103,12,3,5,3,40,32,1,955.948,43,1,0,0.0
104,12,4,5,3,40,32,0,1044.311,30,0,0,0.0
105,13,0,10,1,40,52,0,722.904,47,1,0,0.0
106,13,1,10,1,40,52,0,529.028,38,1,0,0.0
107,13,2,10,1,40,52,1,473.823,60,1,0,0.0
108,13,3,10,1,40,52,0,355.309,37,1,0,0.0
109,13,4,10,1,40,52,1,1323.3429999999998,61,0,0,0.0
110,13,5,10,1,40,52,1,739.4920000000001,48,0,0,0.0
111,13,6,10,1,40,52,0,731.5840000000001,38,0,0,0.0
112,13,7,10,1,40,52,1,1434.799,48,0,0,0.0
113,13,8,10,1,40,52,1,1423.264,53,0,0,0.0
114,13,9,10,1,40,52,1,593.836,60,0,0,0.0
115,14,0,5,1,48,60,0,897.779,44,1,0,0.0
116,14,1,5,1,48,60,0,761.996,64,1,0,0.0
117,14,2,5,1,48,60,1,681.45,71,1,0,0.0
118,14,3,5,1,48,60,0,538.906,45,1,0,0.0
119,14,4,5,1,48,60,1,980.458,68,0,0,0.0
120,15,0,5,3,40,10,0,883.2130000000001,40,1,0,0.0
121,15,1,5,3,40,10,1,1541.312,16,1,0,0.0
122,15,2,5,3,40,10,1,1335.236,13,1,0,0.0
123,15,3,5,3,40,10,1,702.7710000000001,13,1,0,0.0
124,15,4,5,3,40,10,0,656.242,22,0,0,0.0
125,16,0,10,3,60,90,1,772.156,91,1,0,0.0
126,16,1,10,3,60,90,0,811.331,54,1,0,0.0
127,16,2,10,3,60,90,1,561.1610000000001,97,1,0,0.0
128,16,3,10,3,60,90,1,544.4290000000001,91,1,0,0.0
129,16,4,10,3,60,90,1,487.726,94,0,0,0.0
130,16,5,10,3,60,90,1,402.016,95,0,0,0.0
131,16,6,10,3,60,90,1,527.3449999999999,99,0,0,0.0
132,16,7,10,3,60,90,1,311.178,94,0,0,0.0
133,16,8,10,3,60,90,1,296.09400000000005,99,0,0,0.0
134,16,9,10,3,60,90,1,359.95899999999995,90,0,0,0.0
135,17,0,5,2,52,40,1,846.4509999999999,51,1,0,0.0
136,17,1,5,2,52,40,0,370.531,48,1,0,0.0
137,17,2,5,2,52,40,0,712.795,52,1,0,0.0
138,17,3,5,2,52,40,1,737.679,34,1,0,0.0
139,17,4,5,2,52,40,0,905.982,53,0,0,0.0
140,18,0,10,3,52,60,1,679.901,57,1,0,0.0
141,18,1,10,3,52,60,1,400.721,70,1,0,0.0
142,18,2,10,3,52,60,1,286.714,60,1,0,0.0
143,18,3,10,3,52,60,0,775.9300000000001,59,1,0,0.0
144,18,4,10,3,52,60,0,1853.774,68,0,0,0.0
145,18,5,10,3,52,60,0,2721.411,59,0,0,0.0
146,18,6,10,3,52,60,1,450.382,65,0,0,0.0
147,18,7,10,3,52,60,1,293.402,49,0,0,0.0
148,18,8,10,3,52,60,1,621.876,63,0,0,0.0
149,18,9,10,3,52,60,1,321.411,59,0,0,0.0
150,19,0,5,1,20,40,0,1034.664,20,1,0,0.0
151,19,1,5,1,20,40,0,415.172,5,1,0,0.0
152,19,2,5,1,20,40,0,880.832,3,1,0,0.0
153,19,3,5,1,20,40,1,506.166,27,1,0,0.0
154,19,4,5,1,20,40,1,1043.778,41,0,0,0.0
155,20,0,5,2,72,60,1,839.6850000000001,68,1,0,0.0
156,20,1,5,2,72,60,1,614.6709999999999,74,1,0,0.0
157,20,2,5,2,72,60,0,505.394,69,1,0,0.0
158,20,3,5,2,72,60,0,411.894,60,1,0,0.0
159,20,4,5,2,72,60,1,1241.346,61,0,0,0.0
160,21,0,5,3,60,72,1,678.477,61,1,0,0.0
161,21,1,5,3,60,72,0,351.084,51,1,0,0.0
162,21,2,5,3,60,72,1,350.356,75,1,0,0.0
163,21,3,5,3,60,72,1,422.676,73,1,0,0.0
164,21,4,5,3,60,72,1,1394.876,66,0,0,0.0
165,22,0,10,2,52,60,0,730.6080000000001,57,1,0,0.0
166,22,1,10,2,52,60,1,466.422,54,1,0,0.0
167,22,2,10,2,52,60,1,326.37100000000004,55,1,0,0.0
168,22,3,10,2,52,60,0,1230.016,60,1,0,0.0
169,22,4,10,2,52,60,0,1505.603,57,0,0,0.0
170,22,5,10,2,52,60,0,651.558,72,0,0,0.0
171,22,6,10,2,52,60,0,430.09,61,0,0,0.0
172,22,7,10,2,52,60,0,930.947,61,0,0,0.0
173,22,8,10,2,52,60,0,1272.5089999999998,52,0,0,0.0
174,22,9,10,2,52,60,1,586.861,52,0,0,0.0
175,23,0,5,1,72,60,1,785.8159999999999,49,1,0,0.0
176,23,1,5,1,72,60,0,375.215,83,1,0,0.0
177,23,2,5,1,72,60,0,446.312,70,1,0,0.0
178,23,3,5,1,72,60,0,410.604,71,1,0,0.0
179,23,4,5,1,72,60,1,768.1510000000001,53,0,0,0.0
180,24,0,5,3,90,60,0,1374.866,91,1,0,0.0
181,24,1,5,3,90,60,1,389.73,51,1,0,0.0
182,24,2,5,3,90,60,1,707.56,48,1,0,0.0
183,24,3,5,3,90,60,1,382.214,51,1,0,0.0
184,24,4,5,3,90,60,0,452.221,96,0,0,0.0
185,25,0,5,3,52,40,1,1120.423,39,1,0,0.0
186,25,1,5,3,52,40,0,955.076,49,1,0,0.0
187,25,2,5,3,52,40,1,472.881,33,1,0,0.0
188,25,3,5,3,52,40,1,412.545,43,1,0,0.0
189,25,4,5,3,52,40,0,938.101,56,0,0,0.0
190,26,0,10,2,40,36,1,726.048,10,1,0,0.0
191,26,1,10,2,40,36,0,371.714,43,1,0,0.0
192,26,2,10,2,40,36,1,371.767,25,1,0,0.0
193,26,3,10,2,40,36,0,473.802,33,1,0,0.0
194,26,4,10,2,40,36,0,1211.113,30,0,0,0.0
195,26,5,10,2,40,36,0,872.39,48,0,0,0.0
196,26,6,10,2,40,36,0,459.432,33,0,0,0.0
197,26,7,10,2,40,36,0,686.735,39,0,0,0.0
198,26,8,10,2,40,36,1,783.215,34,0,0,0.0
199,26,9,10,2,40,36,0,707.8290000000001,38,0,0,0.0
200,27,0,10,2,52,40,0,1795.011,41,1,0,0.0
201,27,1,10,2,52,40,1,786.98,35,1,0,0.0
202,27,2,10,2,52,40,0,1161.243,59,1,0,0.0
203,27,3,10,2,52,40,1,337.19100000000003,47,1,0,0.0
204,27,4,10,2,52,40,0,1193.691,46,0,0,0.0
205,27,5,10,2,52,40,0,622.657,39,0,0,0.0
206,27,6,10,2,52,40,1,1275.149,43,0,0,0.0
207,27,7,10,2,52,40,0,2716.8540000000003,68,0,0,0.0
208,27,8,10,2,52,40,0,852.795,53,0,0,0.0
209,27,9,10,2,52,40,0,200.245,44,0,0,0.0
210,28,0,5,1,44,40,0,756.274,52,1,0,0.0
211,28,1,5,1,44,40,1,524.453,45,1,0,0.0
212,28,2,5,1,44,40,0,303.312,50,1,0,0.0
213,28,3,5,1,44,40,0,2024.413,45,1,0,0.0
214,28,4,5,1,44,40,0,1731.949,40,0,0,0.0
215,29,0,10,2,10,40,0,645.78,11,1,0,0.0
216,29,1,10,2,10,40,0,1014.028,10,1,0,0.0
217,29,2,10,2,10,40,1,558.4449999999999,47,1,0,0.0
218,29,3,10,2,10,40,1,461.787,31,1,0,0.0
219,29,4,10,2,10,40,0,657.756,18,0,0,0.0
220,29,5,10,2,10,40,1,507.767,46,0,0,0.0
221,29,6,10,2,10,40,1,301.262,34,0,0,0.0
222,29,7,10,2,10,40,1,325.461,43,0,0,0.0
223,29,8,10,2,10,40,1,181.244,51,0,0,0.0
224,29,9,10,2,10,40,1,114.604,43,0,0,0.0
225,30,0,5,2,68,60,1,628.3480000000001,58,1,0,0.0
226,30,1,5,2,68,60,1,447.472,56,1,0,0.0
227,30,2,5,2,68,60,0,452.984,85,1,0,0.0
228,30,3,5,2,68,60,0,632.034,72,1,0,0.0
229,30,4,5,2,68,60,0,979.973,56,0,0,0.0
230,31,0,10,2,28,40,1,602.514,41,1,0,0.0
231,31,1,10,2,28,40,0,330.04200000000003,23,1,0,0.0
232,31,2,10,2,28,40,0,537.751,35,1,0,0.0
233,31,3,10,2,28,40,1,377.375,34,1,0,0.0
234,31,4,10,2,28,40,0,534.338,26,0,0,0.0
235,31,5,10,2,28,40,1,655.186,25,0,0,0.0
236,31,6,10,2,28,40,1,866.684,37,0,0,0.0
237,31,7,10,2,28,40,0,460.294,32,0,0,0.0
238,31,8,10,2,28,40,0,406.334,27,0,0,0.0
239,31,9,10,2,28,40,0,1002.78,20,0,0,0.0
240,32,0,10,1,60,56,0,904.374,64,1,0,0.0
241,32,1,10,1,60,56,0,489.833,68,1,0,0.0
242,32,2,10,1,60,56,1,684.615,55,1,0,0.0
243,32,3,10,1,60,56,0,735.023,62,1,0,0.0
244,32,4,10,1,60,56,1,1493.873,53,0,0,0.0
245,32,5,10,1,60,56,0,1568.185,59,0,0,0.0
246,32,6,10,1,60,56,0,367.346,64,0,0,0.0
247,32,7,10,1,60,56,0,310.862,50,0,0,0.0
248,32,8,10,1,60,56,0,254.743,69,0,0,0.0
249,32,9,10,1,60,56,1,960.812,54,0,0,0.0
250,33,0,5,3,40,48,1,905.348,30,1,0,0.0
251,33,1,5,3,40,48,0,1433.848,34,1,0,0.0
252,33,2,5,3,40,48,1,502.163,50,1,0,0.0
253,33,3,5,3,40,48,1,617.092,56,1,0,0.0
254,33,4,5,3,40,48,0,628.1999999999999,30,0,0,0.0
255,34,0,10,3,40,36,1,634.473,32,1,0,0.0
256,34,1,10,3,40,36,1,405.9,46,1,0,0.0
257,34,2,10,3,40,36,1,453.009,41,1,0,0.0
258,34,3,10,3,40,36,0,510.099,35,1,0,0.0
259,34,4,10,3,40,36,1,1039.0600000000002,24,0,0,0.0
260,34,5,10,3,40,36,0,595.193,38,0,0,0.0
261,34,6,10,3,40,36,0,313.916,33,0,0,0.0
262,34,7,10,3,40,36,0,513.98,38,0,0,0.0
263,34,8,10,3,40,36,1,1346.864,44,0,0,0.0
264,34,9,10,3,40,36,1,945.908,38,0,0,0.0
265,35,0,5,2,40,28,0,907.262,31,1,0,0.0
266,35,1,5,2,40,28,1,393.806,12,1,0,0.0
267,35,2,5,2,40,28,0,1017.59,53,1,0,0.0
268,35,3,5,2,40,28,1,822.5219999999999,25,1,0,0.0
269,35,4,5,2,40,28,0,1002.835,36,0,0,0.0
270,36,0,10,2,60,40,1,643.138,50,1,0,0.0
271,36,1,10,2,60,40,0,300.70000000000005,51,1,0,0.0
272,36,2,10,2,60,40,0,767.755,55,1,0,0.0
273,36,3,10,2,60,40,1,860.768,33,1,0,0.0
274,36,4,10,2,60,40,0,1231.7769999999998,63,0,0,0.0
275,36,5,10,2,60,40,0,556.784,70,0,0,0.0
276,36,6,10,2,60,40,0,379.551,55,0,0,0.0
277,36,7,10,2,60,40,0,1072.732,63,0,0,0.0
278,36,8,10,2,60,40,0,395.391,56,0,0,0.0
279,36,9,10,2,60,40,0,511.491,61,0,0,0.0
280,37,0,5,2,90,60,1,744.574,72,1,0,0.0
281,37,1,5,2,90,60,0,297.09000000000003,84,1,0,0.0
282,37,2,5,2,90,60,0,443.335,79,1,0,0.0
283,37,3,5,2,90,60,1,592.342,57,1,0,0.0
284,37,4,5,2,90,60,0,1701.811,94,0,0,0.0
285,38,0,10,2,40,48,1,775.235,50,1,0,0.0
286,38,1,10,2,40,48,1,438.002,64,1,0,0.0
287,38,2,10,2,40,48,0,482.764,28,1,0,0.0
288,38,3,10,2,40,48,0,340.553,44,1,0,0.0
289,38,4,10,2,40,48,1,1061.1029999999998,40,0,0,0.0
290,38,5,10,2,40,48,1,640.364,61,0,0,0.0
291,38,6,10,2,40,48,1,658.922,49,0,0,0.0
292,38,7,10,2,40,48,0,558.614,50,0,0,0.0
293,38,8,10,2,40,48,0,851.724,34,0,0,0.0
294,38,9,10,2,40,48,1,486.154,55,0,0,0.0
295,39,0,10,3,40,32,1,960.587,23,1,0,0.0
296,39,1,10,3,40,32,0,304.419,40,1,0,0.0
297,39,2,10,3,40,32,1,386.2070000000001,44,1,0,0.0
298,39,3,10,3,40,32,1,400.265,33,1,0,0.0
299,39,4,10,3,40,32,0,1293.185,38,0,0,0.0
300,39,5,10,3,40,32,0,495.431,38,0,0,0.0
301,39,6,10,3,40,32,0,1104.393,32,0,0,0.0
302,39,7,10,3,40,32,1,961.025,26,0,0,0.0
303,39,8,10,3,40,32,0,344.971,46,0,0,0.0
304,39,9,10,3,40,32,0,271.096,54,0,0,0.0
305,40,0,10,3,56,60,1,1509.902,63,1,0,0.0
306,40,1,10,3,56,60,0,376.686,60,1,0,0.0
307,40,2,10,3,56,60,1,561.018,59,1,0,0.0
308,40,3,10,3,56,60,1,312.617,48,1,0,0.0
309,40,4,10,3,56,60,1,2544.586,75,0,0,0.0
310,40,5,10,3,56,60,1,424.581,65,0,0,0.0
311,40,6,10,3,56,60,1,1101.399,55,0,0,0.0
312,40,7,10,3,56,60,0,340.972,62,0,0,0.0
313,40,8,10,3,56,60,1,1981.005,64,0,0,0.0
314,40,9,10,3,56,60,0,721.834,56,0,0,0.0
315,41,0,10,2,60,68,1,601.874,77,1,0,0.0
316,41,1,10,2,60,68,0,446.76,46,1,0,0.0
317,41,2,10,2,60,68,0,524.121,57,1,0,0.0
318,41,3,10,2,60,68,1,493.329,63,1,0,0.0
319,41,4,10,2,60,68,1,1071.39,65,0,0,0.0
320,41,5,10,2,60,68,1,312.54900000000004,63,0,0,0.0
321,41,6,10,2,60,68,1,346.757,73,0,0,0.0
322,41,7,10,2,60,68,1,314.21,62,0,0,0.0
323,41,8,10,2,60,68,1,609.957,59,0,0,0.0
324,41,9,10,2,60,68,0,1645.744,58,0,0,0.0
325,42,0,10,2,60,80,1,792.492,82,1,0,0.0
326,42,1,10,2,60,80,0,1381.807,57,1,0,0.0
327,42,2,10,2,60,80,0,389.013,62,1,0,0.0
328,42,3,10,2,60,80,1,626.972,77,1,0,0.0
329,42,4,10,2,60,80,1,1071.178,79,0,0,0.0
330,42,5,10,2,60,80,1,498.747,76,0,0,0.0
331,42,6,10,2,60,80,1,460.266,87,0,0,0.0
332,42,7,10,2,60,80,1,1351.761,99,0,0,0.0
333,42,8,10,2,60,80,1,382.781,69,0,0,0.0
334,42,9,10,2,60,80,0,987.432,61,0,0,0.0
335,43,0,10,2,64,60,0,1008.59,74,1,0,0.0
336,43,1,10,2,64,60,0,510.131,75,1,0,0.0
337,43,2,10,2,64,60,1,775.8739999999999,57,1,0,0.0
338,43,3,10,2,64,60,1,407.202,53,1,0,0.0
339,43,4,10,2,64,60,0,652.106,55,0,0,0.0
340,43,5,10,2,64,60,1,1983.359,51,0,0,0.0
341,43,6,10,2,64,60,0,287.19800000000004,73,0,0,0.0
342,43,7,10,2,64,60,0,839.86,65,0,0,0.0
343,43,8,10,2,64,60,0,225.592,82,0,0,0.0
344,43,9,10,2,64,60,0,286.189,86,0,0,0.0
345,44,0,10,2,30,60,0,711.014,40,1,0,0.0
346,44,1,10,2,30,60,1,440.484,62,1,0,0.0
347,44,2,10,2,30,60,1,349.228,68,1,0,0.0
348,44,3,10,2,30,60,0,557.714,37,1,0,0.0
349,44,4,10,2,30,60,1,1068.0,62,0,0,0.0
350,44,5,10,2,30,60,1,816.083,62,0,0,0.0
351,44,6,10,2,30,60,1,276.821,60,0,0,0.0
352,44,7,10,2,30,60,1,342.949,54,0,0,0.0
353,44,8,10,2,30,60,0,621.462,35,0,0,0.0
354,44,9,10,2,30,60,1,89.98299999999999,71,0,0,0.0
355,45,0,10,2,56,60,1,774.751,71,1,0,0.0
356,45,1,10,2,56,60,0,418.039,55,1,0,0.0
357,45,2,10,2,56,60,0,736.3420000000001,54,1,0,0.0
358,45,3,10,2,56,60,1,376.62,63,1,0,0.0
359,45,4,10,2,56,60,1,2222.197,66,0,0,0.0
360,45,5,10,2,56,60,1,890.343,50,0,0,0.0
361,45,6,10,2,56,60,1,1444.8529999999998,52,0,0,0.0
362,45,7,10,2,56,60,0,585.093,69,0,0,0.0
363,45,8,10,2,56,60,0,789.922,60,0,0,0.0
364,45,9,10,2,56,60,0,1498.993,63,0,0,0.0
365,46,0,5,3,36,40,1,645.0360000000001,29,1,0,0.0
366,46,1,5,3,36,40,1,511.277,28,1,0,0.0
367,46,2,5,3,36,40,1,490.239,40,1,0,0.0
368,46,3,5,3,36,40,0,585.639,49,1,0,0.0
369,46,4,5,3,36,40,1,2792.65,51,0,0,0.0
370,47,0,10,2,40,32,0,870.541,26,1,0,0.0
371,47,1,10,2,40,32,0,1499.409,42,1,0,0.0
372,47,2,10,2,40,32,1,404.925,30,1,0,0.0
373,47,3,10,2,40,32,1,314.421,47,1,0,0.0
374,47,4,10,2,40,32,1,1930.25,39,0,0,0.0
375,47,5,10,2,40,32,1,938.491,32,0,0,0.0
376,47,6,10,2,40,32,0,282.524,27,0,0,0.0
377,47,7,10,2,40,32,1,323.909,24,0,0,0.0
378,47,8,10,2,40,32,0,516.8439999999999,47,0,0,0.0
379,47,9,10,2,40,32,0,380.38,42,0,0,0.0
380,48,0,5,3,68,60,0,1162.363,74,1,0,0.0
381,48,1,5,3,68,60,1,545.648,62,1,0,0.0
382,48,2,5,3,68,60,1,554.0319999999999,69,1,0,0.0
383,48,3,5,3,68,60,1,737.793,57,1,0,0.0
384,48,4,5,3,68,60,0,1890.066,61,0,0,0.0
385,49,0,5,2,44,40,0,698.7900000000001,37,1,0,0.0
386,49,1,5,2,44,40,1,349.8,38,1,0,0.0
387,49,2,5,2,44,40,1,349.74300000000005,44,1,0,0.0
388,49,3,5,2,44,40,0,741.043,45,1,0,0.0
389,49,4,5,2,44,40,1,2277.589,40,0,0,0.0
390,50,0,10,1,40,48,0,887.255,51,1,0,0.0
391,50,1,10,1,40,48,1,354.47200000000004,51,1,0,0.0
392,50,2,10,1,40,48,0,810.337,53,1,0,0.0
393,50,3,10,1,40,48,0,449.406,24,1,0,0.0
394,50,4,10,1,40,48,1,1564.133,47,0,0,0.0
395,50,5,10,1,40,48,1,553.604,42,0,0,0.0
396,50,6,10,1,40,48,0,489.371,33,0,0,0.0
397,50,7,10,1,40,48,1,985.669,67,0,0,0.0
398,50,8,10,1,40,48,1,645.61,44,0,0,0.0
399,50,9,10,1,40,48,0,369.39,45,0,0,0.0
400,51,0,5,1,32,40,0,871.115,43,1,0,0.0
401,51,1,5,1,32,40,0,433.727,24,1,0,0.0
402,51,2,5,1,32,40,0,438.432,34,1,0,0.0
403,51,3,5,1,32,40,1,371.266,35,1,0,0.0
404,51,4,5,1,32,40,1,1385.593,40,0,0,0.0
405,52,0,5,2,48,60,0,640.571,39,1,0,0.0
406,52,1,5,2,48,60,1,975.222,58,1,0,0.0
407,52,2,5,2,48,60,1,603.469,62,1,0,0.0
408,52,3,5,2,48,60,0,1201.229,56,1,0,0.0
409,52,4,5,2,48,60,1,4087.278,42,0,0,0.0
410,53,0,10,2,40,20,0,633.946,43,1,0,0.0
411,53,1,10,2,40,20,0,429.444,35,1,0,0.0
412,53,2,10,2,40,20,1,610.21,35,1,0,0.0
413,53,3,10,2,40,20,1,1216.6319999999998,17,1,0,0.0
414,53,4,10,2,40,20,0,1469.102,33,0,0,0.0
415,53,5,10,2,40,20,0,800.005,37,0,0,0.0
416,53,6,10,2,40,20,1,662.114,27,0,0,0.0
417,53,7,10,2,40,20,0,497.665,33,0,0,0.0
418,53,8,10,2,40,20,0,2000.776,37,0,0,0.0
419,53,9,10,2,40,20,0,285.342,32,0,0,0.0
420,54,0,10,1,60,80,1,591.3580000000001,90,1,0,0.0
421,54,1,10,1,60,80,0,429.024,55,1,0,0.0
422,54,2,10,1,60,80,0,466.034,45,1,0,0.0
423,54,3,10,1,60,80,0,1069.689,56,1,0,0.0
424,54,4,10,1,60,80,1,959.633,83,0,0,0.0
425,54,5,10,1,60,80,1,599.303,86,0,0,0.0
426,54,6,10,1,60,80,1,653.38,79,0,0,0.0
427,54,7,10,1,60,80,1,607.611,80,0,0,0.0
428,54,8,10,1,60,80,1,1.155,81,0,0,0.0
429,54,9,10,1,60,80,1,1.228,74,0,0,0.0
430,55,0,5,2,90,60,1,643.64,58,1,0,0.0
431,55,1,5,2,90,60,1,420.797,70,1,0,0.0
432,55,2,5,2,90,60,0,371.416,83,1,0,0.0
433,55,3,5,2,90,60,0,489.801,81,1,0,0.0
434,55,4,5,2,90,60,0,623.084,89,0,0,0.0
435,56,0,10,3,40,60,1,571.234,62,1,0,0.0
436,56,1,10,3,40,60,1,378.433,67,1,0,0.0
437,56,2,10,3,40,60,1,434.285,62,1,0,0.0
438,56,3,10,3,40,60,0,455.102,51,1,0,0.0
439,56,4,10,3,40,60,1,1400.367,63,0,0,0.0
440,56,5,10,3,40,60,1,365.287,60,0,0,0.0
441,56,6,10,3,40,60,0,252.42,51,0,0,0.0
442,56,7,10,3,40,60,1,198.492,74,0,0,0.0
443,56,8,10,3,40,60,1,355.808,62,0,0,0.0
444,56,9,10,3,40,60,0,281.947,48,0,0,0.0
445,57,0,5,2,60,80,1,764.831,86,1,0,0.0
446,57,1,5,2,60,80,0,396.655,73,1,0,0.0
447,57,2,5,2,60,80,0,418.629,82,1,0,0.0
448,57,3,5,2,60,80,1,311.917,82,1,0,0.0
449,57,4,5,2,60,80,1,2711.692,92,0,0,0.0
450,58,0,10,2,72,60,1,608.932,77,1,0,0.0
451,58,1,10,2,72,60,1,391.586,60,1,0,0.0
452,58,2,10,2,72,60,0,857.846,69,1,0,0.0
453,58,3,10,2,72,60,0,409.034,77,1,0,0.0
454,58,4,10,2,72,60,1,271.456,73,0,0,0.0
455,58,5,10,2,72,60,0,402.174,73,0,0,0.0
456,58,6,10,2,72,60,0,318.88,70,0,0,0.0
457,58,7,10,2,72,60,1,334.472,77,0,0,0.0
458,58,8,10,2,72,60,1,70.773,66,0,0,0.0
459,58,9,10,2,72,60,1,383.949,66,0,0,0.0
460,59,0,10,3,20,40,1,812.466,40,1,0,0.0
461,59,1,10,3,20,40,1,627.166,44,1,0,0.0
462,59,2,10,3,20,40,0,367.963,11,1,0,0.0
463,59,3,10,3,20,40,1,318.32300000000004,44,1,0,0.0
464,59,4,10,3,20,40,1,319.856,43,0,0,0.0
465,59,5,10,3,20,40,0,360.826,24,0,0,0.0
466,59,6,10,3,20,40,1,231.808,38,0,0,0.0
467,59,7,10,3,20,40,1,242.691,45,0,0,0.0
468,59,8,10,3,20,40,1,1.08,53,0,0,0.0
469,59,9,10,3,20,40,1,658.883,45,0,0,0.0
470,60,0,5,2,10,40,0,1565.475,13,1,0,0.0
471,60,1,5,2,10,40,0,429.506,9,1,0,0.0
472,60,2,5,2,10,40,1,1.541,37,1,0,0.0
473,60,3,5,2,10,40,1,486.522,41,1,0,0.0
474,60,4,5,2,10,40,1,872.1320000000001,41,0,0,0.0
475,61,0,10,3,70,40,1,558.241,26,1,0,0.0
476,61,1,10,3,70,40,1,371.512,38,1,0,0.0
477,61,2,10,3,70,40,0,460.314,74,1,0,0.0
478,61,3,10,3,70,40,1,415.377,34,1,0,0.0
479,61,4,10,3,70,40,0,724.1189999999999,75,0,0,0.0
480,61,5,10,3,70,40,0,1684.618,68,0,0,0.0
481,61,6,10,3,70,40,0,397.487,75,0,0,0.0
482,61,7,10,3,70,40,0,243.288,68,0,0,0.0
483,61,8,10,3,70,40,0,479.1,56,0,0,0.0
484,61,9,10,3,70,40,0,311.73400000000004,51,0,0,0.0
485,62,0,5,2,36,40,1,488.98,38,1,0,0.0
486,62,1,5,2,36,40,0,258.43699999999995,31,1,0,0.0
487,62,2,5,2,36,40,1,261.752,35,1,0,0.0
488,62,3,5,2,36,40,0,265.445,36,1,0,0.0
489,62,4,5,2,36,40,1,251.365,48,0,0,0.0
490,63,0,5,2,60,30,0,959.194,66,1,0,0.0
491,63,1,5,2,60,30,1,263.031,33,1,0,0.0
492,63,2,5,2,60,30,1,435.515,39,1,0,0.0
493,63,3,5,2,60,30,0,341.947,67,1,0,0.0
494,63,4,5,2,60,30,0,854.1229999999999,63,0,0,0.0
495,64,0,10,1,60,52,0,658.077,58,1,0,0.0
496,64,1,10,1,60,52,0,519.044,67,1,0,0.0
497,64,2,10,1,60,52,1,391.985,65,1,0,0.0
498,64,3,10,1,60,52,0,437.787,64,1,0,0.0
499,64,4,10,1,60,52,1,1802.694,49,0,0,0.0
500,64,5,10,1,60,52,0,287.026,57,0,0,0.0
501,64,6,10,1,60,52,0,561.087,60,0,0,0.0
502,64,7,10,1,60,52,1,248.007,54,0,0,0.0
503,64,8,10,1,60,52,0,258.366,49,0,0,0.0
504,64,9,10,1,60,52,1,492.313,50,0,0,0.0
505,65,0,5,3,60,52,1,1132.6419999999998,54,1,0,0.0
506,65,1,5,3,60,52,0,295.701,67,1,0,0.0
507,65,2,5,3,60,52,1,265.858,39,1,0,0.0
508,65,3,5,3,60,52,1,1123.404,40,1,0,0.0
509,65,4,5,3,60,52,0,1228.4930000000002,56,0,0,0.0
510,66,0,10,3,28,40,1,616.68,21,1,0,0.0
511,66,1,10,3,28,40,1,367.285,38,1,0,0.0
512,66,2,10,3,28,40,1,348.774,49,1,0,0.0
513,66,3,10,3,28,40,0,451.954,28,1,0,0.0
514,66,4,10,3,28,40,0,575.8050000000001,22,0,0,0.0
515,66,5,10,3,28,40,1,2734.335,46,0,0,0.0
516,66,6,10,3,28,40,1,669.643,29,0,0,0.0
517,66,7,10,3,28,40,0,384.128,35,0,0,0.0
518,66,8,10,3,28,40,0,637.396,29,0,0,0.0
519,66,9,10,3,28,40,1,600.996,40,0,0,0.0
520,67,0,10,3,44,40,1,838.014,42,1,0,0.0
521,67,1,10,3,44,40,1,402.044,48,1,0,0.0
522,67,2,10,3,44,40,1,344.495,32,1,0,0.0
523,67,3,10,3,44,40,0,472.181,48,1,0,0.0
524,67,4,10,3,44,40,1,1194.595,41,0,0,0.0
525,67,5,10,3,44,40,1,576.338,34,0,0,0.0
526,67,6,10,3,44,40,0,294.269,44,0,0,0.0
527,67,7,10,3,44,40,0,279.948,36,0,0,0.0
528,67,8,10,3,44,40,1,504.556,38,0,0,0.0
529,67,9,10,3,44,40,0,417.94,44,0,0,0.0
530,68,0,5,1,40,60,0,814.064,39,1,0,0.0
531,68,1,5,1,40,60,1,299.12,54,1,0,0.0
532,68,2,5,1,40,60,0,348.589,41,1,0,0.0
533,68,3,5,1,40,60,0,757.4269999999999,41,1,0,0.0
534,68,4,5,1,40,60,1,347.399,58,0,0,0.0
535,69,0,5,3,40,44,1,564.745,39,1,0,0.0
536,69,1,5,3,40,44,1,722.756,40,1,0,0.0
537,69,2,5,3,40,44,1,827.4860000000001,33,1,0,0.0
538,69,3,5,3,40,44,0,1480.448,44,1,0,0.0
539,69,4,5,3,40,44,0,2138.148,39,0,0,0.0
540,70,0,5,2,10,40,1,611.303,43,1,0,0.0
541,70,1,5,2,10,40,0,392.443,4,1,0,0.0
542,70,2,5,2,10,40,0,656.066,8,1,0,0.0
543,70,3,5,2,10,40,1,922.192,27,1,0,0.0
544,70,4,5,2,10,40,1,996.546,37,0,0,0.0
545,71,0,10,2,90,60,0,721.823,87,1,0,0.0
546,71,1,10,2,90,60,0,618.09,79,1,0,0.0
547,71,2,10,2,90,60,1,631.4689999999999,61,1,0,0.0
548,71,3,10,2,90,60,1,883.688,53,1,0,0.0
549,71,4,10,2,90,60,1,3262.2360000000003,45,0,0,0.0
550,71,5,10,2,90,60,0,1010.688,73,0,0,0.0
551,71,6,10,2,90,60,0,510.874,95,0,0,0.0
552,71,7,10,2,90,60,0,120.029,99,0,0,0.0
553,71,8,10,2,90,60,0,351.534,99,0,0,0.0
554,71,9,10,2,90,60,0,269.28000000000003,86,0,0,0.0
555,72,0,5,2,32,40,0,647.598,42,1,0,0.0
556,72,1,5,2,32,40,1,316.208,36,1,0,0.0
557,72,2,5,2,32,40,1,620.8280000000001,46,1,0,0.0
558,72,3,5,2,32,40,0,337.902,36,1,0,0.0
559,72,4,5,2,32,40,1,321.312,34,0,0,0.0
560,73,0,10,2,40,44,0,906.731,53,1,0,0.0
561,73,1,10,2,40,44,1,308.63,33,1,0,0.0
562,73,2,10,2,40,44,1,406.577,45,1,0,0.0
563,73,3,10,2,40,44,0,451.966,43,1,0,0.0
564,73,4,10,2,40,44,1,279.219,40,0,0,0.0
565,73,5,10,2,40,44,0,337.487,48,0,0,0.0
566,73,6,10,2,40,44,0,776.507,42,0,0,0.0
567,73,7,10,2,40,44,0,399.848,35,0,0,0.0
568,73,8,10,2,40,44,0,397.174,45,0,0,0.0
569,73,9,10,2,40,44,0,279.931,39,0,0,0.0
570,74,0,5,2,80,60,0,777.866,81,1,0,0.0
571,74,1,5,2,80,60,0,321.90000000000003,75,1,0,0.0
572,74,2,5,2,80,60,1,587.724,69,1,0,0.0
573,74,3,5,2,80,60,1,480.823,66,1,0,0.0
574,74,4,5,2,80,60,0,258.913,78,0,0,0.0
575,75,0,10,2,90,60,1,790.365,65,1,0,0.0
576,75,1,10,2,90,60,0,340.703,94,1,0,0.0
577,75,2,10,2,90,60,0,369.483,94,1,0,0.0
578,75,3,10,2,90,60,1,452.171,60,1,0,0.0
579,75,4,10,2,90,60,0,776.452,87,0,0,0.0
580,75,5,10,2,90,60,0,246.992,83,0,0,0.0
581,75,6,10,2,90,60,0,162.15699999999998,90,0,0,0.0
582,75,7,10,2,90,60,0,367.888,99,0,0,0.0
583,75,8,10,2,90,60,0,69.839,93,0,0,0.0
584,75,9,10,2,90,60,0,38.987,91,0,0,0.0
585,76,0,5,1,60,68,0,518.2130000000001,53,1,0,0.0
586,76,1,5,1,60,68,1,348.375,65,1,0,0.0
587,76,2,5,1,60,68,0,340.21000000000004,61,1,0,0.0
588,76,3,5,1,60,68,0,1419.91,52,1,0,0.0
589,76,4,5,1,60,68,1,1752.186,57,0,0,0.0
590,77,0,10,3,60,72,1,488.588,67,1,0,0.0
591,77,1,10,3,60,72,1,315.829,75,1,0,0.0
592,77,2,10,3,60,72,0,653.7579999999999,65,1,0,0.0
593,77,3,10,3,60,72,1,407.388,65,1,0,0.0
594,77,4,10,3,60,72,1,1469.477,64,0,0,0.0
595,77,5,10,3,60,72,1,695.496,68,0,0,0.0
596,77,6,10,3,60,72,1,384.785,76,0,0,0.0
597,77,7,10,3,60,72,1,998.192,70,0,0,0.0
598,77,8,10,3,60,72,0,547.158,51,0,0,0.0
599,77,9,10,3,60,72,1,26.514,59,0,0,0.0
600,78,0,5,2,60,48,1,1644.704,31,1,0,0.0
601,78,1,5,2,60,48,0,601.0699999999999,56,1,0,0.0
602,78,2,5,2,60,48,0,1751.631,58,1,0,0.0
603,78,3,5,2,60,48,1,670.898,41,1,0,0.0
604,78,4,5,2,60,48,0,1073.7969999999998,64,0,0,0.0
605,79,0,10,3,40,52,1,1012.612,42,1,0,0.0
606,79,1,10,3,40,52,0,410.374,40,1,0,0.0
607,79,2,10,3,40,52,1,337.006,56,1,0,0.0
608,79,3,10,3,40,52,1,1223.313,54,1,0,0.0
609,79,4,10,3,40,52,1,395.983,49,0,0,0.0
610,79,5,10,3,40,52,0,554.177,49,0,0,0.0
611,79,6,10,3,40,52,1,544.158,42,0,0,0.0
612,79,7,10,3,40,52,0,383.912,40,0,0,0.0
613,79,8,10,3,40,52,1,2236.755,71,0,0,0.0
614,79,9,10,3,40,52,1,337.145,58,0,0,0.0
615,80,0,5,2,60,72,1,989.773,62,1,0,0.0
616,80,1,5,2,60,72,1,332.608,69,1,0,0.0
617,80,2,5,2,60,72,0,421.595,68,1,0,0.0
618,80,3,5,2,60,72,0,321.961,58,1,0,0.0
619,80,4,5,2,60,72,1,275.871,77,0,0,0.0
620,81,0,10,2,40,20,1,725.985,21,1,0,0.0
621,81,1,10,2,40,20,0,2015.219,46,1,0,0.0
622,81,2,10,2,40,20,1,357.937,26,1,0,0.0
623,81,3,10,2,40,20,0,286.145,46,1,0,0.0
624,81,4,10,2,40,20,1,312.131,15,0,0,0.0
625,81,5,10,2,40,20,0,248.331,40,0,0,0.0
626,81,6,10,2,40,20,0,315.237,43,0,0,0.0
627,81,7,10,2,40,20,0,1.203,30,0,0,0.0
628,81,8,10,2,40,20,0,1.098,32,0,0,0.0
629,81,9,10,2,40,20,0,236.845,37,0,0,0.0
630,82,0,10,3,60,40,0,935.604,62,1,0,0.0
631,82,1,10,3,60,40,1,360.836,32,1,0,0.0
632,82,2,10,3,60,40,1,400.206,35,1,0,0.0
633,82,3,10,3,60,40,1,662.451,32,1,0,0.0
634,82,4,10,3,60,40,0,600.356,55,0,0,0.0
635,82,5,10,3,60,40,0,287.161,70,0,0,0.0
636,82,6,10,3,60,40,0,103.905,56,0,0,0.0
637,82,7,10,3,60,40,0,345.527,59,0,0,0.0
638,82,8,10,3,60,40,0,88.728,57,0,0,0.0
639,82,9,10,3,60,40,0,105.049,68,0,0,0.0
640,83,0,10,2,40,60,1,545.057,53,1,0,0.0
641,83,1,10,2,40,60,0,257.483,28,1,0,0.0
642,83,2,10,2,40,60,1,349.782,82,1,0,0.0
643,83,3,10,2,40,60,0,260.745,39,1,0,0.0
644,83,4,10,2,40,60,1,767.6460000000001,63,0,0,0.0
645,83,5,10,2,40,60,1,469.73,58,0,0,0.0
646,83,6,10,2,40,60,1,232.457,53,0,0,0.0
647,83,7,10,2,40,60,1,213.931,53,0,0,0.0
648,83,8,10,2,40,60,1,345.314,64,0,0,0.0
649,83,9,10,2,40,60,1,279.087,79,0,0,0.0
650,84,0,5,2,40,48,0,666.006,44,1,0,0.0
651,84,1,5,2,40,48,1,348.624,48,1,0,0.0
652,84,2,5,2,40,48,0,316.778,56,1,0,0.0
653,84,3,5,2,40,48,1,292.588,47,1,0,0.0
654,84,4,5,2,40,48,0,2175.712,39,0,0,0.0
655,85,0,10,2,60,40,1,573.36,41,1,0,0.0
656,85,1,10,2,60,40,0,278.25600000000003,50,1,0,0.0
657,85,2,10,2,60,40,1,287.72,45,1,0,0.0
658,85,3,10,2,60,40,0,538.1179999999999,68,1,0,0.0
659,85,4,10,2,60,40,1,395.183,53,0,0,0.0
660,85,5,10,2,60,40,0,944.148,65,0,0,0.0
661,85,6,10,2,60,40,0,3568.603,66,0,0,0.0
662,85,7,10,2,60,40,0,358.936,62,0,0,0.0
663,85,8,10,2,60,40,0,341.684,54,0,0,0.0
664,85,9,10,2,60,40,1,763.549,42,0,0,0.0
665,86,0,5,1,52,60,1,451.984,61,1,0,0.0
666,86,1,5,1,52,60,0,294.372,72,1,0,0.0
667,86,2,5,1,52,60,0,386.937,39,1,0,0.0
668,86,3,5,1,52,60,0,422.095,49,1,0,0.0
669,86,4,5,1,52,60,0,1651.0,51,0,0,0.0
670,87,0,10,2,40,32,1,511.678,14,1,0,0.0
671,87,1,10,2,40,32,1,489.356,31,1,0,0.0
672,87,2,10,2,40,32,0,435.638,27,1,0,0.0
673,87,3,10,2,40,32,0,336.166,39,1,0,0.0
674,87,4,10,2,40,32,0,623.1020000000001,32,0,0,0.0
675,87,5,10,2,40,32,0,428.115,35,0,0,0.0
676,87,6,10,2,40,32,0,424.066,42,0,0,0.0
677,87,7,10,2,40,32,1,901.081,30,0,0,0.0
678,87,8,10,2,40,32,0,237.781,32,0,0,0.0
679,87,9,10,2,40,32,0,287.891,28,0,0,0.0
680,88,0,5,2,60,40,1,826.387,39,1,0,0.0
681,88,1,5,2,60,40,0,438.596,68,1,0,0.0
682,88,2,5,2,60,40,0,434.767,59,1,0,0.0
683,88,3,5,2,60,40,1,447.187,43,1,0,0.0
684,88,4,5,2,60,40,0,1090.856,74,0,0,0.0
685,89,0,5,3,70,40,1,1765.029,31,1,0,0.0
686,89,1,5,3,70,40,1,437.52,28,1,0,0.0
687,89,2,5,3,70,40,0,419.105,71,1,0,0.0
688,89,3,5,3,70,40,1,581.24,39,1,0,0.0
689,89,4,5,3,70,40,0,811.849,60,0,0,0.0
690,90,0,5,2,56,60,0,601.149,62,1,0,0.0
691,90,1,5,2,56,60,1,1520.546,69,1,0,0.0
692,90,2,5,2,56,60,1,615.118,59,1,0,0.0
693,90,3,5,2,56,60,0,932.709,55,1,0,0.0
694,90,4,5,2,56,60,1,1275.908,52,0,0,0.0
695,91,0,5,2,40,60,0,630.505,29,1,0,0.0
696,91,1,5,2,40,60,0,932.32,43,1,0,0.0
697,91,2,5,2,40,60,1,1611.616,56,1,0,0.0
698,91,3,5,2,40,60,1,978.975,50,1,0,0.0
699,91,4,5,2,40,60,0,743.857,50,0,0,0.0
700,92,0,5,3,80,60,0,784.453,77,1,0,0.0
701,92,1,5,3,80,60,1,897.32,62,1,0,0.0
702,92,2,5,3,80,60,1,632.642,59,1,0,0.0
703,92,3,5,3,80,60,1,613.285,67,1,0,0.0
704,92,4,5,3,80,60,0,977.336,69,0,0,0.0
705,93,0,5,2,40,20,0,639.6659999999999,42,1,0,0.0
706,93,1,5,2,40,20,1,621.5659999999999,1,1,0,0.0
707,93,2,5,2,40,20,0,433.4,38,1,0,0.0
708,93,3,5,2,40,20,1,853.278,12,1,0,0.0
709,93,4,5,2,40,20,0,1117.931,28,0,0,0.0
710,94,0,5,2,70,40,0,2539.392,70,1,0,0.0
711,94,1,5,2,70,40,1,804.5250000000001,39,1,0,0.0
712,94,2,5,2,70,40,1,362.213,46,1,0,0.0
713,94,3,5,2,70,40,0,1658.502,68,1,0,0.0
714,94,4,5,2,70,40,0,484.8370000000001,75,0,0,0.0
715,95,0,10,2,48,60,0,553.175,41,1,0,0.0
716,95,1,10,2,48,60,1,295.544,69,1,0,0.0
717,95,2,10,2,48,60,1,668.732,61,1,0,0.0
718,95,3,10,2,48,60,0,1381.795,54,1,0,0.0
719,95,4,10,2,48,60,1,1108.058,72,0,0,0.0
720,95,5,10,2,48,60,1,276.898,51,0,0,0.0
721,95,6,10,2,48,60,0,303.219,39,0,0,0.0
722,95,7,10,2,48,60,1,158.85,60,0,0,0.0
723,95,8,10,2,48,60,1,213.281,67,0,0,0.0
724,95,9,10,2,48,60,1,313.358,69,0,0,0.0
725,96,0,10,2,70,40,1,569.511,50,1,0,0.0
726,96,1,10,2,70,40,1,391.939,39,1,0,0.0
727,96,2,10,2,70,40,0,393.333,72,1,0,0.0
728,96,3,10,2,70,40,0,275.843,95,1,0,0.0
729,96,4,10,2,70,40,0,870.6800000000001,80,0,0,0.0
730,96,5,10,2,70,40,0,697.3979999999999,89,0,0,0.0
731,96,6,10,2,70,40,0,771.602,73,0,0,0.0
732,96,7,10,2,70,40,0,688.662,72,0,0,0.0
733,96,8,10,2,70,40,0,210.622,75,0,0,0.0
734,96,9,10,2,70,40,0,454.209,66,0,0,0.0
735,97,0,10,3,60,30,1,592.649,38,1,0,0.0
736,97,1,10,3,60,30,1,438.586,38,1,0,0.0
737,97,2,10,3,60,30,0,781.0089999999999,51,1,0,0.0
738,97,3,10,3,60,30,1,698.7900000000001,23,1,0,0.0
739,97,4,10,3,60,30,0,532.362,43,0,0,0.0
740,97,5,10,3,60,30,0,636.9200000000001,57,0,0,0.0
741,97,6,10,3,60,30,0,310.891,65,0,0,0.0
742,97,7,10,3,60,30,0,415.65,54,0,0,0.0
743,97,8,10,3,60,30,0,292.661,64,0,0,0.0
744,97,9,10,3,60,30,0,261.921,64,0,0,0.0
745,98,0,5,1,40,28,0,655.8380000000001,35,1,0,0.0
746,98,1,5,1,40,28,1,308.112,37,1,0,0.0
747,98,2,5,1,40,28,0,328.20300000000003,36,1,0,0.0
748,98,3,5,1,40,28,0,428.556,41,1,0,0.0
749,98,4,5,1,40,28,0,920.64,49,0,0,0.0
750,99,0,5,2,52,60,1,585.992,56,1,0,0.0
751,99,1,5,2,52,60,1,824.721,44,1,0,0.0
752,99,2,5,2,52,60,0,558.9929999999999,61,1,0,0.0
753,99,3,5,2,52,60,0,245.129,57,1,0,0.0
754,99,4,5,2,52,60,0,761.776,48,0,0,0.0
755,100,0,10,2,60,52,1,584.167,59,1,0,0.0
756,100,1,10,2,60,52,1,374.495,40,1,0,0.0
757,100,2,10,2,60,52,0,367.998,61,1,0,0.0
758,100,3,10,2,60,52,0,492.249,73,1,0,0.0
759,100,4,10,2,60,52,0,998.264,71,0,0,0.0
760,100,5,10,2,60,52,0,1107.95,56,0,0,0.0
761,100,6,10,2,60,52,0,276.247,61,0,0,0.0
762,100,7,10,2,60,52,0,263.086,51,0,0,0.0
763,100,8,10,2,60,52,0,728.8820000000001,63,0,0,0.0
764,100,9,10,2,60,52,0,280.973,66,0,0,0.0
765,101,0,5,2,40,48,0,556.194,29,1,0,0.0
766,101,1,5,2,40,48,1,305.867,50,1,0,0.0
767,101,2,5,2,40,48,0,342.214,32,1,0,0.0
768,101,3,5,2,40,48,1,331.69100000000003,57,1,0,0.0
769,101,4,5,2,40,48,1,972.512,41,0,0,0.0
770,102,0,10,1,36,40,0,475.395,28,1,0,0.0
771,102,1,10,1,36,40,1,255.262,45,1,0,0.0
772,102,2,10,1,36,40,0,306.384,34,1,0,0.0
773,102,3,10,1,36,40,0,396.666,34,1,0,0.0
774,102,4,10,1,36,40,1,274.363,46,0,0,0.0
775,102,5,10,1,36,40,1,570.8800000000001,47,0,0,0.0
776,102,6,10,1,36,40,1,274.108,48,0,0,0.0
777,102,7,10,1,36,40,1,772.1949999999999,43,0,0,0.0
778,102,8,10,1,36,40,1,66.494,45,0,0,0.0
779,102,9,10,1,36,40,1,1.1900000000000002,35,0,0,0.0
780,103,0,10,1,10,40,0,553.191,8,1,0,0.0
781,103,1,10,1,10,40,0,536.497,11,1,0,0.0
782,103,2,10,1,10,40,0,348.315,18,1,0,0.0
783,103,3,10,1,10,40,1,688.183,51,1,0,0.0
784,103,4,10,1,10,40,1,401.999,27,0,0,0.0
785,103,5,10,1,10,40,0,807.625,34,0,0,0.0
786,103,6,10,1,10,40,0,1092.681,5,0,0,0.0
787,103,7,10,1,10,40,1,317.82,36,0,0,0.0
788,103,8,10,1,10,40,1,558.3820000000001,39,0,0,0.0
789,103,9,10,1,10,40,1,355.763,42,0,0,0.0
790,104,0,10,1,40,28,0,786.8969999999999,50,1,0,0.0
791,104,1,10,1,40,28,1,392.381,17,1,0,0.0
792,104,2,10,1,40,28,0,311.207,37,1,0,0.0
793,104,3,10,1,40,28,0,465.192,39,1,0,0.0
794,104,4,10,1,40,28,0,642.7810000000001,46,0,0,0.0
795,104,5,10,1,40,28,0,526.944,41,0,0,0.0
796,104,6,10,1,40,28,0,415.314,49,0,0,0.0
797,104,7,10,1,40,28,0,411.167,35,0,0,0.0
798,104,8,10,1,40,28,1,1263.649,30,0,0,0.0
799,104,9,10,1,40,28,0,97.021,42,0,0,0.0
800,105,0,5,2,60,64,1,540.89,63,1,0,0.0
801,105,1,5,2,60,64,0,292.175,59,1,0,0.0
802,105,2,5,2,60,64,1,344.961,76,1,0,0.0
803,105,3,5,2,60,64,0,356.752,53,1,0,0.0
804,105,4,5,2,60,64,1,2109.526,56,0,0,0.0
805,106,0,10,2,36,40,0,622.087,40,1,0,0.0
806,106,1,10,2,36,40,1,316.384,45,1,0,0.0
807,106,2,10,2,36,40,0,412.576,52,1,0,0.0
808,106,3,10,2,36,40,1,346.1,43,1,0,0.0
809,106,4,10,2,36,40,0,2193.991,40,0,0,0.0
810,106,5,10,2,36,40,0,270.944,41,0,0,0.0
811,106,6,10,2,36,40,0,145.753,33,0,0,0.0
812,106,7,10,2,36,40,1,153.666,59,0,0,0.0
813,106,8,10,2,36,40,1,254.847,36,0,0,0.0
814,106,9,10,2,36,40,0,321.35200000000003,37,0,0,0.0
815,107,0,10,1,40,60,1,745.291,48,1,0,0.0
816,107,1,10,1,40,60,0,250.525,44,1,0,0.0
817,107,2,10,1,40,60,0,430.129,20,1,0,0.0
818,107,3,10,1,40,60,0,489.952,33,1,0,0.0
819,107,4,10,1,40,60,1,812.0070000000001,63,0,0,0.0
820,107,5,10,1,40,60,1,440.487,61,0,0,0.0
821,107,6,10,1,40,60,1,277.36100000000005,55,0,0,0.0
822,107,7,10,1,40,60,1,342.435,64,0,0,0.0
823,107,8,10,1,40,60,1,285.468,54,0,0,0.0
824,107,9,10,1,40,60,1,957.988,49,0,0,0.0
825,108,0,10,2,40,60,0,518.119,37,1,0,0.0
826,108,1,10,2,40,60,0,504.895,35,1,0,0.0
827,108,2,10,2,40,60,1,471.673,70,1,0,0.0
828,108,3,10,2,40,60,1,339.39399999999995,72,1,0,0.0
829,108,4,10,2,40,60,1,313.833,43,0,0,0.0
830,108,5,10,2,40,60,0,548.0390000000001,28,0,0,0.0
831,108,6,10,2,40,60,1,250.713,55,0,0,0.0
832,108,7,10,2,40,60,1,389.05,61,0,0,0.0
833,108,8,10,2,40,60,1,442.255,53,0,0,0.0
834,108,9,10,2,40,60,1,316.53,62,0,0,0.0
835,109,0,10,1,40,44,0,663.829,42,1,0,0.0
836,109,1,10,1,40,44,1,1113.528,54,1,0,0.0
837,109,2,10,1,40,44,0,354.296,30,1,0,0.0
838,109,3,10,1,40,44,0,762.2139999999999,40,1,0,0.0
839,109,4,10,1,40,44,1,504.842,43,0,0,0.0
840,109,5,10,1,40,44,1,242.065,55,0,0,0.0
841,109,6,10,1,40,44,1,141.201,54,0,0,0.0
842,109,7,10,1,40,44,1,116.737,43,0,0,0.0
843,109,8,10,1,40,44,1,188.275,39,0,0,0.0
844,109,9,10,1,40,44,1,298.116,32,0,0,0.0
845,110,0,5,2,40,36,1,1028.13,35,1,0,0.0
846,110,1,5,2,40,36,1,424.52,49,1,0,0.0
847,110,2,5,2,40,36,0,371.654,37,1,0,0.0
848,110,3,5,2,40,36,0,810.717,25,1,0,0.0
849,110,4,5,2,40,36,1,1200.558,37,0,0,0.0
850,111,0,10,1,32,40,0,632.0409999999999,38,1,0,0.0
851,111,1,10,1,32,40,1,281.283,41,1,0,0.0
852,111,2,10,1,32,40,0,774.336,23,1,0,0.0
853,111,3,10,1,32,40,0,652.625,43,1,0,0.0
854,111,4,10,1,32,40,1,623.231,48,0,0,0.0
855,111,5,10,1,32,40,1,331.604,41,0,0,0.0
856,111,6,10,1,32,40,1,1300.321,46,0,0,0.0
857,111,7,10,1,32,40,1,332.911,32,0,0,0.0
858,111,8,10,1,32,40,0,283.625,23,0,0,0.0
859,111,9,10,1,32,40,1,123.457,47,0,0,0.0
860,112,0,10,2,56,60,0,628.735,55,1,0,0.0
861,112,1,10,2,56,60,1,345.563,51,1,0,0.0
862,112,2,10,2,56,60,1,317.124,65,1,0,0.0
863,112,3,10,2,56,60,0,657.617,58,1,0,0.0
864,112,4,10,2,56,60,1,246.288,75,0,0,0.0
865,112,5,10,2,56,60,1,177.318,56,0,0,0.0
866,112,6,10,2,56,60,1,264.05,47,0,0,0.0
867,112,7,10,2,56,60,1,249.89,73,0,0,0.0
868,112,8,10,2,56,60,1,307.508,62,0,0,0.0
869,112,9,10,2,56,60,1,379.426,51,0,0,0.0
870,113,0,10,2,40,10,0,514.93,34,1,0,0.0
871,113,1,10,2,40,10,1,250.504,3,1,0,0.0
872,113,2,10,2,40,10,0,350.606,45,1,0,0.0
873,113,3,10,2,40,10,1,213.887,21,1,0,0.0
874,113,4,10,2,40,10,0,260.13100000000003,42,0,0,0.0
875,113,5,10,2,40,10,0,589.019,33,0,0,0.0
876,113,6,10,2,40,10,0,747.437,48,0,0,0.0
877,113,7,10,2,40,10,0,186.736,43,0,0,0.0
878,113,8,10,2,40,10,0,167.31799999999998,38,0,0,0.0
879,113,9,10,2,40,10,1,292.328,5,0,0,0.0
880,114,0,5,2,60,52,0,646.4649999999999,53,1,0,0.0
881,114,1,5,2,60,52,1,290.381,52,1,0,0.0
882,114,2,5,2,60,52,0,351.232,51,1,0,0.0
883,114,3,5,2,60,52,1,469.711,66,1,0,0.0
884,114,4,5,2,60,52,1,1600.343,52,0,0,0.0
885,115,0,5,2,56,60,0,645.4649999999999,70,1,0,0.0
886,115,1,5,2,56,60,1,345.532,50,1,0,0.0
887,115,2,5,2,56,60,0,281.59000000000003,52,1,0,0.0
888,115,3,5,2,56,60,1,252.763,43,1,0,0.0
889,115,4,5,2,56,60,0,304.407,52,0,0,0.0
890,116,0,5,2,32,40,0,1070.362,32,1,0,0.0
891,116,1,5,2,32,40,1,620.192,27,1,0,0.0
892,116,2,5,2,32,40,1,586.539,46,1,0,0.0
893,116,3,5,2,32,40,0,471.266,37,1,0,0.0
894,116,4,5,2,32,40,0,1115.101,22,0,0,0.0
895,117,0,10,1,60,48,0,644.125,63,1,0,0.0
896,117,1,10,1,60,48,0,858.511,68,1,0,0.0
897,117,2,10,1,60,48,0,355.783,44,1,0,0.0
898,117,3,10,1,60,48,1,563.433,56,1,0,0.0
899,117,4,10,1,60,48,0,1138.197,45,0,0,0.0
900,117,5,10,1,60,48,0,283.288,67,0,0,0.0
901,117,6,10,1,60,48,0,113.846,63,0,0,0.0
902,117,7,10,1,60,48,0,325.672,54,0,0,0.0
903,117,8,10,1,60,48,1,342.12,55,0,0,0.0
904,117,9,10,1,60,48,0,123.661,61,0,0,0.0
905,118,0,5,2,20,40,1,621.848,31,1,0,0.0
906,118,1,5,2,20,40,1,505.668,31,1,0,0.0
907,118,2,5,2,20,40,0,355.663,12,1,0,0.0
908,118,3,5,2,20,40,0,402.018,24,1,0,0.0
909,118,4,5,2,20,40,1,735.709,26,0,0,0.0
910,119,0,5,3,60,40,1,582.684,36,1,0,0.0
911,119,1,5,3,60,40,1,431.126,45,1,0,0.0
912,119,2,5,3,60,40,0,300.697,66,1,0,0.0
913,119,3,5,3,60,40,1,446.2360000000001,44,1,0,0.0
914,119,4,5,3,60,40,0,856.495,59,0,0,0.0
915,120,0,5,2,68,60,0,2198.9990000000003,61,1,0,0.0
916,120,1,5,2,68,60,1,341.118,58,1,0,0.0
917,120,2,5,2,68,60,1,437.801,64,1,0,0.0
918,120,3,5,2,68,60,0,401.667,66,1,0,0.0
919,120,4,5,2,68,60,1,327.202,62,0,0,0.0
920,121,0,5,1,70,40,1,431.206,24,1,0,0.0
921,121,1,5,1,70,40,0,280.431,73,1,0,0.0
922,121,2,5,1,70,40,0,391.682,80,1,0,0.0
923,121,3,5,1,70,40,0,452.77,59,1,0,0.0
924,121,4,5,1,70,40,1,288.71599999999995,40,0,0,0.0
925,122,0,10,2,30,60,0,674.4050000000001,34,1,0,0.0
926,122,1,10,2,30,60,1,325.824,47,1,0,0.0
927,122,2,10,2,30,60,0,335.747,30,1,0,0.0
928,122,3,10,2,30,60,1,263.206,52,1,0,0.0
929,122,4,10,2,30,60,1,2034.4410000000005,56,0,0,0.0
930,122,5,10,2,30,60,1,287.21000000000004,55,0,0,0.0
931,122,6,10,2,30,60,1,215.89,64,0,0,0.0
932,122,7,10,2,30,60,1,221.982,52,0,0,0.0
933,122,8,10,2,30,60,1,153.787,53,0,0,0.0
934,122,9,10,2,30,60,1,126.608,61,0,0,0.0
935,123,0,5,2,60,40,0,710.999,45,1,0,0.0
936,123,1,5,2,60,40,1,256.624,36,1,0,0.0
937,123,2,5,2,60,40,1,556.372,40,1,0,0.0
938,123,3,5,2,60,40,0,421.584,65,1,0,0.0
939,123,4,5,2,60,40,0,903.629,68,0,0,0.0
940,124,0,5,3,56,60,1,521.772,66,1,0,0.0
941,124,1,5,3,56,60,0,433.541,53,1,0,0.0
942,124,2,5,3,56,60,1,342.246,56,1,0,0.0
943,124,3,5,3,56,60,1,758.9019999999999,57,1,0,0.0
944,124,4,5,3,56,60,1,1086.741,65,0,0,0.0
945,125,0,5,1,52,40,0,856.891,37,1,0,0.0
946,125,1,5,1,52,40,0,603.9649999999999,52,1,0,0.0
947,125,2,5,1,52,40,1,449.315,29,1,0,0.0
948,125,3,5,1,52,40,0,501.138,54,1,0,0.0
949,125,4,5,1,52,40,0,950.424,53,0,0,0.0
950,126,0,10,2,40,48,1,462.846,41,1,0,0.0
951,126,1,10,2,40,48,0,354.355,50,1,0,0.0
952,126,2,10,2,40,48,1,314.254,43,1,0,0.0
953,126,3,10,2,40,48,0,322.421,41,1,0,0.0
954,126,4,10,2,40,48,0,1388.227,42,0,0,0.0
955,126,5,10,2,40,48,0,273.37,46,0,0,0.0
956,126,6,10,2,40,48,1,107.418,56,0,0,0.0
957,126,7,10,2,40,48,1,516.02,37,0,0,0.0
958,126,8,10,2,40,48,0,172.537,26,0,0,0.0
959,126,9,10,2,40,48,1,193.308,52,0,0,0.0
960,127,0,5,1,40,10,0,553.151,37,1,0,0.0
961,127,1,5,1,40,10,0,390.435,56,1,0,0.0
962,127,2,5,1,40,10,1,357.88100000000003,24,1,0,0.0
963,127,3,5,1,40,10,0,571.911,38,1,0,0.0
964,127,4,5,1,40,10,0,1306.5580000000002,32,0,0,0.0
965,128,0,5,3,28,40,1,683.609,25,1,0,0.0
966,128,1,5,3,28,40,1,502.856,44,1,0,0.0
967,128,2,5,3,28,40,0,561.806,33,1,0,0.0
968,128,3,5,3,28,40,1,903.786,34,1,0,0.0
969,128,4,5,3,28,40,1,1601.601,43,0,0,0.0
970,129,0,10,1,72,60,0,592.751,81,1,0,0.0
971,129,1,10,1,72,60,1,309.546,70,1,0,0.0
972,129,2,10,1,72,60,0,279.55400000000003,80,1,0,0.0
973,129,3,10,1,72,60,0,762.817,71,1,0,0.0
974,129,4,10,1,72,60,1,336.926,68,0,0,0.0
975,129,5,10,1,72,60,0,1690.023,72,0,0,0.0
976,129,6,10,1,72,60,0,306.15700000000004,70,0,0,0.0
977,129,7,10,1,72,60,0,236.517,79,0,0,0.0
978,129,8,10,1,72,60,0,374.602,72,0,0,0.0
979,129,9,10,1,72,60,1,419.984,61,0,0,0.0
980,130,0,10,2,60,72,1,536.799,49,1,0,0.0
981,130,1,10,2,60,72,0,408.768,48,1,0,0.0
982,130,2,10,2,60,72,0,502.5220000000001,71,1,0,0.0
983,130,3,10,2,60,72,1,567.7769999999999,67,1,0,0.0
984,130,4,10,2,60,72,1,1678.312,75,0,0,0.0
985,130,5,10,2,60,72,1,528.795,66,0,0,0.0
986,130,6,10,2,60,72,0,335.91700000000003,55,0,0,0.0
987,130,7,10,2,60,72,1,112.094,73,0,0,0.0
988,130,8,10,2,60,72,1,136.488,64,0,0,0.0
989,130,9,10,2,60,72,1,487.306,79,0,0,0.0
990,131,0,5,2,60,30,1,488.607,37,1,0,0.0
991,131,1,5,2,60,30,1,403.254,30,1,0,0.0
992,131,2,5,2,60,30,0,1832.676,53,1,0,0.0
993,131,3,5,2,60,30,0,5206.451,63,1,0,0.0
994,131,4,5,2,60,30,0,748.6030000000001,65,0,0,0.0
995,132,0,10,2,40,44,1,611.3499999999999,29,1,0,0.0
996,132,1,10,2,40,44,1,391.821,30,1,0,0.0
997,132,2,10,2,40,44,0,424.35,44,1,0,0.0
998,132,3,10,2,40,44,0,315.363,36,1,0,0.0
999,132,4,10,2,40,44,0,1451.157,42,0,0,0.0
1000,132,5,10,2,40,44,0,1382.356,46,0,0,0.0
1001,132,6,10,2,40,44,0,373.161,47,0,0,0.0
1002,132,7,10,2,40,44,0,300.339,45,0,0,0.0
1003,132,8,10,2,40,44,0,323.982,51,0,0,0.0
1004,132,9,10,2,40,44,0,188.35,55,0,0,0.0
1005,133,0,10,1,40,20,1,538.0120000000001,16,1,0,0.0
1006,133,1,10,1,40,20,0,449.762,29,1,0,0.0
1007,133,2,10,1,40,20,0,405.25,40,1,0,0.0
1008,133,3,10,1,40,20,0,443.489,42,1,0,0.0
1009,133,4,10,1,40,20,0,807.2589999999999,37,0,0,0.0
1010,133,5,10,1,40,20,1,444.146,20,0,0,0.0
1011,133,6,10,1,40,20,0,230.955,42,0,0,0.0
1012,133,7,10,1,40,20,0,251.538,38,0,0,0.0
1013,133,8,10,1,40,20,0,190.395,40,0,0,0.0
1014,133,9,10,1,40,20,0,235.294,44,0,0,0.0
1015,134,0,10,3,10,40,1,918.901,47,1,0,0.0
1016,134,1,10,3,10,40,1,983.147,30,1,0,0.0
1017,134,2,10,3,10,40,0,413.755,3,1,0,0.0
1018,134,3,10,3,10,40,1,418.277,47,1,0,0.0
1019,134,4,10,3,10,40,1,862.977,42,0,0,0.0
1020,134,5,10,3,10,40,1,283.427,58,0,0,0.0
1021,134,6,10,3,10,40,1,180.919,40,0,0,0.0
1022,134,7,10,3,10,40,1,274.31600000000003,28,0,0,0.0
1023,134,8,10,3,10,40,0,900.859,13,0,0,0.0
1024,134,9,10,3,10,40,1,268.839,33,0,0,0.0
1025,135,0,5,3,60,48,1,559.571,47,1,0,0.0
1026,135,1,5,3,60,48,0,319.092,62,1,0,0.0
1027,135,2,5,3,60,48,1,352.506,51,1,0,0.0
1028,135,3,5,3,60,48,1,599.325,56,1,0,0.0
1029,135,4,5,3,60,48,0,357.746,59,0,0,0.0
1030,136,0,5,3,40,60,1,1468.525,70,1,0,0.0
1031,136,1,5,3,40,60,1,1087.591,50,1,0,0.0
1032,136,2,5,3,40,60,1,970.721,55,1,0,0.0
1033,136,3,5,3,40,60,0,667.088,46,1,0,0.0
1034,136,4,5,3,40,60,1,2285.054,64,0,0,0.0
1035,137,0,10,2,40,28,1,1519.744,39,1,0,0.0
1036,137,1,10,2,40,28,1,936.073,40,1,0,0.0
1037,137,2,10,2,40,28,0,432.513,35,1,0,0.0
1038,137,3,10,2,40,28,0,444.614,44,1,0,0.0
1039,137,4,10,2,40,28,0,1424.766,37,0,0,0.0
1040,137,5,10,2,40,28,0,701.955,43,0,0,0.0
1041,137,6,10,2,40,28,0,453.986,49,0,0,0.0
1042,137,7,10,2,40,28,0,969.454,22,0,0,0.0
1043,137,8,10,2,40,28,1,391.317,38,0,0,0.0
1044,137,9,10,2,40,28,0,395.589,35,0,0,0.0
1045,138,0,10,3,80,60,1,849.213,65,1,0,0.0
1046,138,1,10,3,80,60,1,492.934,53,1,0,0.0
1047,138,2,10,3,80,60,1,441.281,67,1,0,0.0
1048,138,3,10,3,80,60,0,572.6329999999999,99,1,0,0.0
1049,138,4,10,3,80,60,0,779.63,84,0,0,0.0
1050,138,5,10,3,80,60,0,544.784,84,0,0,0.0
1051,138,6,10,3,80,60,0,368.292,73,0,0,0.0
1052,138,7,10,3,80,60,0,374.437,70,0,0,0.0
1053,138,8,10,3,80,60,0,213.102,86,0,0,0.0
1054,138,9,10,3,80,60,0,344.904,78,0,0,0.0
1055,139,0,10,3,40,48,0,990.891,32,1,0,0.0
1056,139,1,10,3,40,48,1,550.283,46,1,0,0.0
1057,139,2,10,3,40,48,1,405.338,36,1,0,0.0
1058,139,3,10,3,40,48,1,731.441,25,1,0,0.0
1059,139,4,10,3,40,48,0,795.4350000000001,44,0,0,0.0
1060,139,5,10,3,40,48,0,384.649,35,0,0,0.0
1061,139,6,10,3,40,48,0,504.059,26,0,0,0.0
1062,139,7,10,3,40,48,1,400.056,41,0,0,0.0
1063,139,8,10,3,40,48,1,588.99,33,0,0,0.0
1064,139,9,10,3,40,48,1,378.177,44,0,0,0.0
1065,140,0,5,1,30,60,0,798.236,22,1,0,0.0
1066,140,1,5,1,30,60,1,1492.794,63,1,0,0.0
1067,140,2,5,1,30,60,0,328.802,28,1,0,0.0
1068,140,3,5,1,30,60,0,432.849,29,1,0,0.0
1069,140,4,5,1,30,60,1,252.229,76,0,0,0.0
1070,141,0,5,3,60,64,1,543.663,57,1,0,0.0
1071,141,1,5,3,60,64,0,385.912,79,1,0,0.0
1072,141,2,5,3,60,64,1,344.96500000000003,80,1,0,0.0
1073,141,3,5,3,60,64,1,1519.965,68,1,0,0.0
1074,141,4,5,3,60,64,1,1143.959,64,0,0,0.0
1075,142,0,10,2,68,60,1,455.297,59,1,0,0.0
1076,142,1,10,2,68,60,1,404.975,59,1,0,0.0
1077,142,2,10,2,68,60,0,474.829,65,1,0,0.0
1078,142,3,10,2,68,60,0,454.154,64,1,0,0.0
1079,142,4,10,2,68,60,1,358.614,60,0,0,0.0
1080,142,5,10,2,68,60,1,1412.49,74,0,0,0.0
1081,142,6,10,2,68,60,1,217.44,64,0,0,0.0
1082,142,7,10,2,68,60,1,487.103,63,0,0,0.0
1083,142,8,10,2,68,60,0,239.542,70,0,0,0.0
1084,142,9,10,2,68,60,0,162.213,76,0,0,0.0
1085,143,0,5,1,60,40,1,800.5550000000001,35,1,0,0.0
1086,143,1,5,1,60,40,0,308.487,56,1,0,0.0
1087,143,2,5,1,60,40,0,421.02,59,1,0,0.0
1088,143,3,5,1,60,40,0,1517.047,75,1,0,0.0
1089,143,4,5,1,60,40,0,2518.077,44,0,0,0.0
1090,144,0,5,1,60,80,1,519.303,78,1,0,0.0
1091,144,1,5,1,60,80,0,264.484,58,1,0,0.0
1092,144,2,5,1,60,80,0,364.406,50,1,0,0.0
1093,144,3,5,1,60,80,0,394.56,73,1,0,0.0
1094,144,4,5,1,60,80,1,1038.693,82,0,0,0.0
1095,145,0,5,2,28,40,0,484.279,18,1,0,0.0
1096,145,1,5,2,28,40,1,302.218,28,1,0,0.0
1097,145,2,5,2,28,40,1,513.6039999999999,23,1,0,0.0
1098,145,3,5,2,28,40,0,458.663,17,1,0,0.0
1099,145,4,5,2,28,40,1,646.4839999999999,46,0,0,0.0
1100,146,0,10,2,40,52,1,481.463,58,1,0,0.0
1101,146,1,10,2,40,52,0,275.687,40,1,0,0.0
1102,146,2,10,2,40,52,0,375.205,31,1,0,0.0
1103,146,3,10,2,40,52,1,310.753,52,1,0,0.0
1104,146,4,10,2,40,52,0,287.307,53,0,0,0.0
1105,146,5,10,2,40,52,1,209.891,56,0,0,0.0
1106,146,6,10,2,40,52,1,214.122,49,0,0,0.0
1107,146,7,10,2,40,52,1,121.66,50,0,0,0.0
1108,146,8,10,2,40,52,1,401.323,50,0,0,0.0
1109,146,9,10,2,40,52,1,133.89499999999998,62,0,0,0.0
1110,147,0,10,1,60,40,0,749.105,54,1,0,0.0
1111,147,1,10,1,60,40,0,346.429,62,1,0,0.0
1112,147,2,10,1,60,40,1,308.562,47,1,0,0.0
1113,147,3,10,1,60,40,0,359.70000000000005,66,1,0,0.0
1114,147,4,10,1,60,40,1,398.19,38,0,0,0.0
1115,147,5,10,1,60,40,0,348.103,69,0,0,0.0
1116,147,6,10,1,60,40,0,882.375,65,0,0,0.0
1117,147,7,10,1,60,40,0,277.211,65,0,0,0.0
1118,147,8,10,1,60,40,0,126.25,75,0,0,0.0
1119,147,9,10,1,60,40,0,70.007,51,0,0,0.0
1120,148,0,5,2,40,52,0,465.293,38,1,0,0.0
1121,148,1,5,2,40,52,0,459.655,27,1,0,0.0
1122,148,2,5,2,40,52,1,312.771,61,1,0,0.0
1123,148,3,5,2,40,52,1,583.448,48,1,0,0.0
1124,148,4,5,2,40,52,0,311.073,37,0,0,0.0
1125,149,0,10,3,68,60,1,870.846,60,1,0,0.0
1126,149,1,10,3,68,60,1,595.206,50,1,0,0.0
1127,149,2,10,3,68,60,1,424.184,56,1,0,0.0
1128,149,3,10,3,68,60,0,526.0930000000001,74,1,0,0.0
1129,149,4,10,3,68,60,0,902.209,73,0,0,0.0
1130,149,5,10,3,68,60,0,367.597,71,0,0,0.0
1131,149,6,10,3,68,60,0,359.663,74,0,0,0.0
1132,149,7,10,3,68,60,0,645.111,80,0,0,0.0
1133,149,8,10,3,68,60,0,856.385,73,0,0,0.0
1134,149,9,10,3,68,60,0,418.38,71,0,0,0.0
1135,150,0,10,1,40,70,0,750.0459999999999,40,1,0,0.0
1136,150,1,10,1,40,70,0,1024.705,47,1,0,0.0
1137,150,2,10,1,40,70,1,730.9590000000001,70,1,0,0.0
1138,150,3,10,1,40,70,0,515.87,19,1,0,0.0
1139,150,4,10,1,40,70,1,621.712,71,0,0,0.0
1140,150,5,10,1,40,70,1,745.7080000000001,72,0,0,0.0
1141,150,6,10,1,40,70,1,1568.655,65,0,0,0.0
1142,150,7,10,1,40,70,1,808.0749999999999,62,0,0,0.0
1143,150,8,10,1,40,70,1,972.988,78,0,0,0.0
1144,150,9,10,1,40,70,1,745.814,68,0,0,0.0
1145,151,0,5,1,40,48,1,497.4450000000001,50,1,0,0.0
1146,151,1,5,1,40,48,0,348.387,35,1,0,0.0
1147,151,2,5,1,40,48,0,445.195,51,1,0,0.0
1148,151,3,5,1,40,48,0,504.706,51,1,0,0.0
1149,151,4,5,1,40,48,1,1137.591,61,0,0,0.0
1150,152,0,5,1,36,40,1,938.839,58,1,0,0.0
1151,152,1,5,1,36,40,0,339.315,34,1,0,0.0
1152,152,2,5,1,36,40,0,315.788,28,1,0,0.0
1153,152,3,5,1,36,40,0,410.376,37,1,0,0.0
1154,152,4,5,1,36,40,1,754.635,35,0,0,0.0
1155,153,0,10,2,60,48,0,530.587,65,1,0,0.0
1156,153,1,10,2,60,48,1,298.36,48,1,0,0.0
1157,153,2,10,2,60,48,1,593.3389999999999,50,1,0,0.0
1158,153,3,10,2,60,48,0,603.058,60,1,0,0.0
1159,153,4,10,2,60,48,0,895.602,59,0,0,0.0
1160,153,5,10,2,60,48,0,401.934,56,0,0,0.0
1161,153,6,10,2,60,48,0,671.475,55,0,0,0.0
1162,153,7,10,2,60,48,0,745.46,73,0,0,0.0
1163,153,8,10,2,60,48,0,383.695,66,0,0,0.0
1164,153,9,10,2,60,48,0,724.773,61,0,0,0.0
1165,154,0,5,1,90,60,0,758.746,92,1,0,0.0
1166,154,1,5,1,90,60,0,819.913,92,1,0,0.0
1167,154,2,5,1,90,60,1,474.24,66,1,0,0.0
1168,154,3,5,1,90,60,0,442.862,80,1,0,0.0
1169,154,4,5,1,90,60,0,1015.077,76,0,0,0.0
1170,155,0,5,2,40,60,0,604.819,57,1,0,0.0
1171,155,1,5,2,40,60,1,593.733,67,1,0,0.0
1172,155,2,5,2,40,60,1,475.276,60,1,0,0.0
1173,155,3,5,2,40,60,0,482.634,56,1,0,0.0
1174,155,4,5,2,40,60,1,1164.256,74,0,0,0.0
1175,156,0,5,3,60,30,1,493.238,34,1,0,0.0
1176,156,1,5,3,60,30,0,323.562,63,1,0,0.0
1177,156,2,5,3,60,30,1,532.882,33,1,0,0.0
1178,156,3,5,3,60,30,1,423.7310000000001,24,1,0,0.0
1179,156,4,5,3,60,30,0,788.7180000000001,72,0,0,0.0
1180,157,0,5,1,60,56,0,444.243,55,1,0,0.0
1181,157,1,5,1,60,56,0,502.841,66,1,0,0.0
1182,157,2,5,1,60,56,0,393.692,53,1,0,0.0
1183,157,3,5,1,60,56,1,366.838,52,1,0,0.0
1184,157,4,5,1,60,56,0,894.956,65,0,0,0.0
1185,158,0,5,1,64,60,0,601.124,59,1,0,0.0
1186,158,1,5,1,64,60,1,333.707,68,1,0,0.0
1187,158,2,5,1,64,60,0,231.409,67,1,0,0.0
1188,158,3,5,1,64,60,0,1081.769,60,1,0,0.0
1189,158,4,5,1,64,60,1,2091.236,55,0,0,0.0
1190,159,0,10,2,80,60,1,494.925,64,1,0,0.0
1191,159,1,10,2,80,60,0,583.766,77,1,0,0.0
1192,159,2,10,2,80,60,1,718.215,64,1,0,0.0
1193,159,3,10,2,80,60,0,478.566,92,1,0,0.0
1194,159,4,10,2,80,60,0,633.696,85,0,0,0.0
1195,159,5,10,2,80,60,0,332.966,96,0,0,0.0
1196,159,6,10,2,80,60,0,196.686,68,0,0,0.0
1197,159,7,10,2,80,60,0,0.48,80,0,0,0.0
1198,159,8,10,2,80,60,0,7.402,81,0,0,0.0
1199,159,9,10,2,80,60,0,0.537,93,0,0,0.0
1200,0,0,5,3,20,40,1,6915.47,41,1,1,0.0
1201,0,1,5,3,20,40,1,2356.146,38,1,1,0.0
1202,0,2,5,3,20,40,1,2226.63,42,1,1,0.0
1203,0,3,5,3,20,40,0,1534.004,12,1,1,0.0
1204,0,4,5,3,20,40,1,4396.342,33,0,1,0.0
1205,1,0,5,2,70,40,1,1720.256,29,1,1,0.0
1206,1,1,5,2,70,40,0,1184.414,79,1,1,0.0
1207,1,2,5,2,70,40,0,967.282,65,1,1,0.0
1208,1,3,5,2,70,40,1,2708.128,57,1,1,0.0
1209,1,4,5,2,70,40,0,2717.017,68,0,1,0.0
1210,2,0,10,1,64,60,0,1461.955,68,1,1,0.0
1211,2,1,10,1,64,60,0,1370.246,53,1,1,0.0
1212,2,2,10,1,64,60,0,280.443,62,1,1,0.0
1213,2,3,10,1,64,60,1,730.668,54,1,1,0.0
1214,2,4,10,1,64,60,1,2073.211,46,0,1,0.0
1215,2,5,10,1,64,60,1,578.78,75,0,1,0.0
1216,2,6,10,1,64,60,1,1008.291,55,0,1,0.0
1217,2,7,10,1,64,60,1,1332.3480000000002,61,0,1,0.0
1218,2,8,10,1,64,60,1,480.46,65,0,1,0.0
1219,2,9,10,1,64,60,1,432.595,61,0,1,0.0
1220,3,0,10,1,60,90,0,1149.812,56,1,1,0.0
1221,3,1,10,1,60,90,0,547.6600000000001,59,1,1,0.0
1222,3,2,10,1,60,90,0,747.637,72,1,1,0.0
1223,3,3,10,1,60,90,1,698.083,89,1,1,0.0
1224,3,4,10,1,60,90,1,2522.146,93,0,1,0.0
1225,3,5,10,1,60,90,1,498.68,83,0,1,0.0
1226,3,6,10,1,60,90,1,249.977,88,0,1,0.0
1227,3,7,10,1,60,90,1,189.747,93,0,1,0.0
1228,3,8,10,1,60,90,1,201.29,75,0,1,0.0
1229,3,9,10,1,60,90,1,172.118,98,0,1,0.0
1230,4,0,10,1,60,30,1,1288.6709999999998,28,1,1,0.0
1231,4,1,10,1,60,30,0,408.098,57,1,1,0.0
1232,4,2,10,1,60,30,0,319.03900000000004,63,1,1,0.0
1233,4,3,10,1,60,30,0,982.908,52,1,1,0.0
1234,4,4,10,1,60,30,1,1140.64,28,0,1,0.0
1235,4,5,10,1,60,30,0,642.9899999999999,68,0,1,0.0
1236,4,6,10,1,60,30,0,453.708,66,0,1,0.0
1237,4,7,10,1,60,30,0,232.134,53,0,1,0.0
1238,4,8,10,1,60,30,0,216.469,63,0,1,0.0
1239,4,9,10,1,60,30,1,219.556,32,0,1,0.0
1240,5,0,10,1,60,68,0,733.742,48,1,1,0.0
1241,5,1,10,1,60,68,1,534.451,56,1,1,0.0
1242,5,2,10,1,60,68,0,462.085,56,1,1,0.0
1243,5,3,10,1,60,68,0,711.861,61,1,1,0.0
1244,5,4,10,1,60,68,0,1000.214,69,0,1,0.0
1245,5,5,10,1,60,68,0,316.57800000000003,58,0,1,0.0
1246,5,6,10,1,60,68,0,163.47400000000002,70,0,1,0.0
1247,5,7,10,1,60,68,0,234.051,64,0,1,0.0
1248,5,8,10,1,60,68,0,237.28,69,0,1,0.0
1249,5,9,10,1,60,68,0,422.742,61,0,1,0.0
1250,6,0,10,3,60,64,1,720.973,69,1,1,0.0
1251,6,1,10,3,60,64,0,393.645,65,1,1,0.0
1252,6,2,10,3,60,64,1,423.519,53,1,1,0.0
1253,6,3,10,3,60,64,1,409.346,52,1,1,0.0
1254,6,4,10,3,60,64,0,389.556,62,0,1,0.0
1255,6,5,10,3,60,64,0,427.027,74,0,1,0.0
1256,6,6,10,3,60,64,0,325.072,54,0,1,0.0
1257,6,7,10,3,60,64,1,420.8200000000001,70,0,1,0.0
1258,6,8,10,3,60,64,1,295.04999999999995,68,0,1,0.0
1259,6,9,10,3,60,64,0,255.353,65,0,1,0.0
1260,7,0,5,2,60,64,1,680.784,69,1,1,0.0
1261,7,1,5,2,60,64,0,356.449,72,1,1,0.0
1262,7,2,5,2,60,64,1,448.526,48,1,1,0.0
1263,7,3,5,2,60,64,0,387.574,73,1,1,0.0
1264,7,4,5,2,60,64,0,609.148,57,0,1,0.0
1265,8,0,5,2,44,40,1,549.398,35,1,1,0.0
1266,8,1,5,2,44,40,0,355.039,39,1,1,0.0
1267,8,2,5,2,44,40,0,370.352,46,1,1,0.0
1268,8,3,5,2,44,40,1,462.996,42,1,1,0.0
1269,8,4,5,2,44,40,0,136.85500000000002,52,0,1,0.0
1270,9,0,10,3,48,60,1,690.97,52,1,1,0.0
1271,9,1,10,3,48,60,1,275.194,66,1,1,0.0
1272,9,2,10,3,48,60,0,573.313,56,1,1,0.0
1273,9,3,10,3,48,60,1,387.89,55,1,1,0.0
1274,9,4,10,3,48,60,0,375.218,45,0,1,0.0
1275,9,5,10,3,48,60,0,290.646,55,0,1,0.0
1276,9,6,10,3,48,60,0,317.075,54,0,1,0.0
1277,9,7,10,3,48,60,1,3210.314,65,0,1,0.0
1278,9,8,10,3,48,60,1,2302.108,68,0,1,0.0
1279,9,9,10,3,48,60,0,1669.521,51,0,1,0.0
1280,10,0,10,2,70,40,1,959.279,26,1,1,0.0
1281,10,1,10,2,70,40,0,483.943,72,1,1,0.0
1282,10,2,10,2,70,40,1,383.077,47,1,1,0.0
1283,10,3,10,2,70,40,0,315.003,65,1,1,0.0
1284,10,4,10,2,70,40,0,515.913,72,0,1,0.0
1285,10,5,10,2,70,40,1,413.245,41,0,1,0.0
1286,10,6,10,2,70,40,0,222.246,71,0,1,0.0
1287,10,7,10,2,70,40,0,242.513,84,0,1,0.0
1288,10,8,10,2,70,40,0,316.455,65,0,1,0.0
1289,10,9,10,2,70,40,0,154.866,64,0,1,0.0
1290,11,0,10,2,60,64,0,471.72,51,1,1,0.0
1291,11,1,10,2,60,64,1,219.533,74,1,1,0.0
1292,11,2,10,2,60,64,1,262.341,54,1,1,0.0
1293,11,3,10,2,60,64,0,167.256,51,1,1,0.0
1294,11,4,10,2,60,64,1,141.897,71,0,1,0.0
1295,11,5,10,2,60,64,0,181.313,59,0,1,0.0
1296,11,6,10,2,60,64,1,89.772,65,0,1,0.0
1297,11,7,10,2,60,64,0,66.035,64,0,1,0.0
1298,11,8,10,2,60,64,0,1.454,63,0,1,0.0
1299,11,9,10,2,60,64,1,1.162,63,0,1,0.0
1300,12,0,5,3,40,32,1,3.314,35,1,1,0.0
1301,12,1,5,3,40,32,1,77.85400000000001,21,1,1,0.0
1302,12,2,5,3,40,32,0,1.313,41,1,1,0.0
1303,12,3,5,3,40,32,1,284.031,43,1,1,0.0
1304,12,4,5,3,40,32,0,151.59,30,0,1,0.0
1305,13,0,10,1,40,52,0,464.075,47,1,1,0.0
1306,13,1,10,1,40,52,0,563.55,38,1,1,0.0
1307,13,2,10,1,40,52,1,259.202,60,1,1,0.0
1308,13,3,10,1,40,52,0,100.8,37,1,1,0.0
1309,13,4,10,1,40,52,1,101.175,61,0,1,0.0
1310,13,5,10,1,40,52,1,2.325,48,0,1,0.0
1311,13,6,10,1,40,52,0,1.355,38,0,1,0.0
1312,13,7,10,1,40,52,1,1.117,48,0,1,0.0
1313,13,8,10,1,40,52,0,1.469,32,0,1,0.0
1314,13,9,10,1,40,52,1,1.3290000000000002,60,0,1,0.0
1315,14,0,5,1,48,60,0,806.034,44,1,1,0.0
1316,14,1,5,1,48,60,0,580.295,64,1,1,0.0
1317,14,2,5,1,48,60,1,9.569,71,1,1,0.0
1318,14,3,5,1,48,60,0,6.405,45,1,1,0.0
1319,14,4,5,1,48,60,1,1.255,68,0,1,0.0
1320,15,0,5,3,40,10,0,426.952,40,1,1,0.0
1321,15,1,5,3,40,10,1,4.756,16,1,1,0.0
1322,15,2,5,3,40,10,1,644.448,13,1,1,0.0
1323,15,3,5,3,40,10,1,342.52,13,1,1,0.0
1324,15,4,5,3,40,10,1,245.093,5,0,1,0.0
1325,16,0,10,3,60,90,1,583.748,91,1,1,0.0
1326,16,1,10,3,60,90,0,298.56,54,1,1,0.0
1327,16,2,10,3,60,90,1,236.029,97,1,1,0.0
1328,16,3,10,3,60,90,1,552.227,91,1,1,0.0
1329,16,4,10,3,60,90,1,381.624,94,0,1,0.0
1330,16,5,10,3,60,90,0,498.558,51,0,1,0.0
1331,16,6,10,3,60,90,0,218.021,60,0,1,0.0
1332,16,7,10,3,60,90,0,269.869,54,0,1,0.0
1333,16,8,10,3,60,90,1,158.245,99,0,1,0.0
1334,16,9,10,3,60,90,1,155.879,90,0,1,0.0
1335,17,0,5,2,52,40,1,440.774,51,1,1,0.0
1336,17,1,5,2,52,40,0,580.292,48,1,1,0.0
1337,17,2,5,2,52,40,0,597.895,52,1,1,0.0
1338,17,3,5,2,52,40,1,302.582,34,1,1,0.0
1339,17,4,5,2,52,40,0,591.169,53,0,1,0.0
1340,18,0,10,3,52,60,1,421.382,57,1,1,0.0
1341,18,1,10,3,52,60,1,762.536,70,1,1,0.0
1342,18,2,10,3,52,60,1,798.374,60,1,1,0.0
1343,18,3,10,3,52,60,0,1921.676,59,1,1,0.0
1344,18,4,10,3,52,60,0,209.769,68,0,1,0.0
1345,18,5,10,3,52,60,1,205.846,61,0,1,0.0
1346,18,6,10,3,52,60,0,193.356,54,0,1,0.0
1347,18,7,10,3,52,60,1,253.933,49,0,1,0.0
1348,18,8,10,3,52,60,0,399.417,55,0,1,0.0
1349,18,9,10,3,52,60,0,378.757,41,0,1,0.0
1350,19,0,5,1,20,40,0,2159.182,20,1,1,0.0
1351,19,1,5,1,20,40,0,367.394,5,1,1,0.0
1352,19,2,5,1,20,40,0,1.426,3,1,1,0.0
1353,19,3,5,1,20,40,1,324.166,27,1,1,0.0
1354,19,4,5,1,20,40,0,131.493,12,0,1,0.0
1355,20,0,5,2,72,60,1,2067.856,68,1,1,0.0
1356,20,1,5,2,72,60,1,365.025,74,1,1,0.0
1357,20,2,5,2,72,60,0,604.1990000000001,69,1,1,0.0
1358,20,3,5,2,72,60,0,1.335,60,1,1,0.0
1359,20,4,5,2,72,60,1,228.383,61,0,1,0.0
1360,21,0,5,3,60,72,1,721.364,61,1,1,0.0
1361,21,1,5,3,60,72,0,287.19800000000004,51,1,1,0.0
1362,21,2,5,3,60,72,1,378.154,75,1,1,0.0
1363,21,3,5,3,60,72,1,214.057,73,1,1,0.0
1364,21,4,5,3,60,72,1,552.621,66,0,1,0.0
1365,22,0,10,2,52,60,0,550.964,57,1,1,0.0
1366,22,1,10,2,52,60,1,206.474,54,1,1,0.0
1367,22,2,10,2,52,60,1,510.816,55,1,1,0.0
1368,22,3,10,2,52,60,0,299.48999999999995,60,1,1,0.0
1369,22,4,10,2,52,60,1,100.089,56,0,1,0.0
1370,22,5,10,2,52,60,0,204.068,72,0,1,0.0
1371,22,6,10,2,52,60,1,488.451,57,0,1,0.0
1372,22,7,10,2,52,60,1,161.928,59,0,1,0.0
1373,22,8,10,2,52,60,1,223.724,63,0,1,0.0
1374,22,9,10,2,52,60,1,136.545,52,0,1,0.0
1375,23,0,5,1,72,60,1,497.991,49,1,1,0.0
1376,23,1,5,1,72,60,0,47.95399999999999,83,1,1,0.0
1377,23,2,5,1,72,60,0,731.422,70,1,1,0.0
1378,23,3,5,1,72,60,0,234.148,71,1,1,0.0
1379,23,4,5,1,72,60,1,173.857,53,0,1,0.0
1380,24,0,5,3,90,60,0,395.956,91,1,1,0.0
1381,24,1,5,3,90,60,1,241.046,51,1,1,0.0
1382,24,2,5,3,90,60,1,987.558,48,1,1,0.0
1383,24,3,5,3,90,60,1,408.834,51,1,1,0.0
1384,24,4,5,3,90,60,0,1.206,96,0,1,0.0
1385,25,0,5,3,52,40,1,2.113,39,1,1,0.0
1386,25,1,5,3,52,40,0,1.3159999999999998,49,1,1,0.0
1387,25,2,5,3,52,40,1,3.948,33,1,1,0.0
1388,25,3,5,3,52,40,1,360.665,43,1,1,0.0
1389,25,4,5,3,52,40,0,1.189,56,0,1,0.0
1390,26,0,10,2,40,36,1,1.261,10,1,1,0.0
1391,26,1,10,2,40,36,0,1.363,43,1,1,0.0
1392,26,2,10,2,40,36,1,1.642,25,1,1,0.0
1393,26,3,10,2,40,36,0,1.129,33,1,1,0.0
1394,26,4,10,2,40,36,1,3.371,34,0,1,0.0
1395,26,5,10,2,40,36,0,8.405,48,0,1,0.0
1396,26,6,10,2,40,36,1,1.148,52,0,1,0.0
1397,26,7,10,2,40,36,0,1.193,39,0,1,0.0
1398,26,8,10,2,40,36,1,2.528,34,0,1,0.0
1399,26,9,10,2,40,36,1,1.211,23,0,1,0.0
1400,27,0,10,2,52,40,0,1084.041,41,1,1,0.0
1401,27,1,10,2,52,40,1,1164.092,35,1,1,0.0
1402,27,2,10,2,52,40,0,1986.939,59,1,1,0.0
1403,27,3,10,2,52,40,1,305.61100000000005,47,1,1,0.0
1404,27,4,10,2,52,40,0,297.103,46,0,1,0.0
1405,27,5,10,2,52,40,1,1.357,24,0,1,0.0
1406,27,6,10,2,52,40,0,1.619,64,0,1,0.0
1407,27,7,10,2,52,40,1,1.209,43,0,1,0.0
1408,27,8,10,2,52,40,0,1.439,53,0,1,0.0
1409,27,9,10,2,52,40,0,279.869,44,0,1,0.0
1410,28,0,5,1,44,40,0,51.039,52,1,1,0.0
1411,28,1,5,1,44,40,1,1.181,45,1,1,0.0
1412,28,2,5,1,44,40,0,1.288,50,1,1,0.0
1413,28,3,5,1,44,40,0,221.732,45,1,1,0.0
1414,28,4,5,1,44,40,1,3.326,34,0,1,0.0
1415,29,0,10,2,10,40,0,790.317,11,1,1,0.0
1416,29,1,10,2,10,40,0,445.039,10,1,1,0.0
1417,29,2,10,2,10,40,1,342.36499999999995,47,1,1,0.0
1418,29,3,10,2,10,40,1,1.218,31,1,1,0.0
1419,29,4,10,2,10,40,1,2.705,29,0,1,0.0
1420,29,5,10,2,10,40,1,28.241,46,0,1,0.0
1421,29,6,10,2,10,40,1,72.64099999999999,34,0,1,0.0
1422,29,7,10,2,10,40,1,111.644,43,0,1,0.0
1423,29,8,10,2,10,40,1,607.284,51,0,1,0.0
1424,29,9,10,2,10,40,1,411.059,43,0,1,0.0
1425,30,0,5,2,68,60,1,333.37699999999995,58,1,1,0.0
1426,30,1,5,2,68,60,1,613.293,56,1,1,0.0
1427,30,2,5,2,68,60,0,628.494,85,1,1,0.0
1428,30,3,5,2,68,60,0,1037.8860000000002,72,1,1,0.0
1429,30,4,5,2,68,60,0,457.426,56,0,1,0.0
1430,31,0,10,2,28,40,1,468.92,41,1,1,0.0
1431,31,1,10,2,28,40,0,309.261,23,1,1,0.0
1432,31,2,10,2,28,40,0,326.422,35,1,1,0.0
1433,31,3,10,2,28,40,1,317.31199999999995,34,1,1,0.0
1434,31,4,10,2,28,40,1,260.149,40,0,1,0.0
1435,31,5,10,2,28,40,1,167.305,25,0,1,0.0
1436,31,6,10,2,28,40,0,172.839,23,0,1,0.0
1437,31,7,10,2,28,40,1,129.56300000000002,36,0,1,0.0
1438,31,8,10,2,28,40,1,142.94299999999998,33,0,1,0.0
1439,31,9,10,2,28,40,1,148.573,45,0,1,0.0
1440,32,0,10,1,60,56,0,835.289,64,1,1,0.0
1441,32,1,10,1,60,56,0,5.057,68,1,1,0.0
1442,32,2,10,1,60,56,1,723.54,55,1,1,0.0
1443,32,3,10,1,60,56,0,81.86200000000001,62,1,1,0.0
1444,32,4,10,1,60,56,0,1.3290000000000002,65,0,1,0.0
1445,32,5,10,1,60,56,0,1.902,59,0,1,0.0
1446,32,6,10,1,60,56,0,1.28,64,0,1,0.0
1447,32,7,10,1,60,56,0,1.177,50,0,1,0.0
1448,32,8,10,1,60,56,0,1.3,69,0,1,0.0
1449,32,9,10,1,60,56,0,1.294,52,0,1,0.0
1450,33,0,5,3,40,48,1,515.5849999999999,30,1,1,0.0
1451,33,1,5,3,40,48,0,452.045,34,1,1,0.0
1452,33,2,5,3,40,48,1,552.372,50,1,1,0.0
1453,33,3,5,3,40,48,1,4.3,56,1,1,0.0
1454,33,4,5,3,40,48,0,1.4,30,0,1,0.0
1455,34,0,10,3,40,36,1,404.763,32,1,1,0.0
1456,34,1,10,3,40,36,1,1.2899999999999998,46,1,1,0.0
1457,34,2,10,3,40,36,1,3.491,41,1,1,0.0
1458,34,3,10,3,40,36,0,1.207,35,1,1,0.0
1459,34,4,10,3,40,36,0,13.325,30,0,1,0.0
1460,34,5,10,3,40,36,0,2.763,38,0,1,0.0
1461,34,6,10,3,40,36,1,1.146,20,0,1,0.0
1462,34,7,10,3,40,36,1,1.352,57,0,1,0.0
1463,34,8,10,3,40,36,1,1.426,44,0,1,0.0
1464,34,9,10,3,40,36,1,1.2,38,0,1,0.0
1465,35,0,5,2,40,28,0,1.137,31,1,1,0.0
1466,35,1,5,2,40,28,1,482.962,12,1,1,0.0
1467,35,2,5,2,40,28,0,251.24,53,1,1,0.0
1468,35,3,5,2,40,28,1,201.269,25,1,1,0.0
1469,35,4,5,2,40,28,1,2.165,43,0,1,0.0
1470,36,0,10,2,60,40,1,502.091,50,1,1,0.0
1471,36,1,10,2,60,40,0,430.191,51,1,1,0.0
1472,36,2,10,2,60,40,0,7.398,55,1,1,0.0
1473,36,3,10,2,60,40,1,573.335,33,1,1,0.0
1474,36,4,10,2,60,40,0,1.098,63,0,1,0.0
1475,36,5,10,2,60,40,0,1.355,70,0,1,0.0
1476,36,6,10,2,60,40,0,1.352,55,0,1,0.0
1477,36,7,10,2,60,40,0,1.239,63,0,1,0.0
1478,36,8,10,2,60,40,1,1.265,50,0,1,0.0
1479,36,9,10,2,60,40,1,1.225,38,0,1,0.0
1480,37,0,5,2,90,60,1,638.045,72,1,1,0.0
1481,37,1,5,2,90,60,0,303.635,84,1,1,0.0
1482,37,2,5,2,90,60,0,11.814,79,1,1,0.0
1483,37,3,5,2,90,60,1,405.732,57,1,1,0.0
1484,37,4,5,2,90,60,0,1.128,94,0,1,0.0
1485,38,0,10,2,40,48,1,556.162,50,1,1,0.0
1486,38,1,10,2,40,48,1,428.142,64,1,1,0.0
1487,38,2,10,2,40,48,0,894.71,28,1,1,0.0
1488,38,3,10,2,40,48,0,568.7990000000001,44,1,1,0.0
1489,38,4,10,2,40,48,1,1.094,40,0,1,0.0
1490,38,5,10,2,40,48,1,1.33,61,0,1,0.0
1491,38,6,10,2,40,48,1,1.232,49,0,1,0.0
1492,38,7,10,2,40,48,1,1.2899999999999998,52,0,1,0.0
1493,38,8,10,2,40,48,0,1.814,34,0,1,0.0
1494,38,9,10,2,40,48,0,1.201,30,0,1,0.0
1495,39,0,10,3,40,32,1,509.1,23,1,1,0.0
1496,39,1,10,3,40,32,0,414.808,40,1,1,0.0
1497,39,2,10,3,40,32,1,428.817,44,1,1,0.0
1498,39,3,10,3,40,32,1,629.878,33,1,1,0.0
1499,39,4,10,3,40,32,0,560.8199999999999,38,0,1,0.0
1500,39,5,10,3,40,32,0,878.865,38,0,1,0.0
1501,39,6,10,3,40,32,0,351.641,32,0,1,0.0
1502,39,7,10,3,40,32,0,1.598,37,0,1,0.0
1503,39,8,10,3,40,32,0,57.285,46,0,1,0.0
1504,39,9,10,3,40,32,0,1.257,54,0,1,0.0
1505,40,0,10,3,56,60,1,1344.171,63,1,1,0.0
1506,40,1,10,3,56,60,0,415.792,60,1,1,0.0
1507,40,2,10,3,56,60,1,787.524,59,1,1,0.0
1508,40,3,10,3,56,60,1,665.725,48,1,1,0.0
1509,40,4,10,3,56,60,0,418.28,62,0,1,0.0
1510,40,5,10,3,56,60,0,782.186,51,0,1,0.0
1511,40,6,10,3,56,60,0,922.469,65,0,1,0.0
1512,40,7,10,3,56,60,0,1.351,62,0,1,0.0
1513,40,8,10,3,56,60,0,1.418,58,0,1,0.0
1514,40,9,10,3,56,60,0,1.248,56,0,1,0.0
1515,41,0,10,2,60,68,1,726.703,77,1,1,0.0
1516,41,1,10,2,60,68,0,605.385,46,1,1,0.0
1517,41,2,10,2,60,68,0,650.08,57,1,1,0.0
1518,41,3,10,2,60,68,1,427.653,63,1,1,0.0
1519,41,4,10,2,60,68,1,487.424,65,0,1,0.0
1520,41,5,10,2,60,68,1,368.067,63,0,1,0.0
1521,41,6,10,2,60,68,1,317.25100000000003,73,0,1,0.0
1522,41,7,10,2,60,68,1,166.108,62,0,1,0.0
1523,41,8,10,2,60,68,1,1.153,59,0,1,0.0
1524,41,9,10,2,60,68,1,518.2130000000001,72,0,1,0.0
1525,42,0,10,2,60,80,1,647.242,82,1,1,0.0
1526,42,1,10,2,60,80,0,465.483,57,1,1,0.0
1527,42,2,10,2,60,80,0,733.023,62,1,1,0.0
1528,42,3,10,2,60,80,1,733.149,77,1,1,0.0
1529,42,4,10,2,60,80,1,427.758,79,0,1,0.0
1530,42,5,10,2,60,80,1,159.138,76,0,1,0.0
1531,42,6,10,2,60,80,1,1.4400000000000002,87,0,1,0.0
1532,42,7,10,2,60,80,1,1.33,99,0,1,0.0
1533,42,8,10,2,60,80,1,0.962,69,0,1,0.0
1534,42,9,10,2,60,80,1,1.293,81,0,1,0.0
1535,43,0,10,2,64,60,0,740.067,74,1,1,0.0
1536,43,1,10,2,64,60,0,621.865,75,1,1,0.0
1537,43,2,10,2,64,60,1,809.031,57,1,1,0.0
1538,43,3,10,2,64,60,1,509.99000000000007,53,1,1,0.0
1539,43,4,10,2,64,60,0,254.251,55,0,1,0.0
1540,43,5,10,2,64,60,0,3.531,66,0,1,0.0
1541,43,6,10,2,64,60,1,395.4,61,0,1,0.0
1542,43,7,10,2,64,60,0,1711.318,65,0,1,0.0
1543,43,8,10,2,64,60,0,1.175,82,0,1,0.0
1544,43,9,10,2,64,60,0,1.037,86,0,1,0.0
1545,44,0,10,2,30,60,0,1879.72,40,1,1,0.0
1546,44,1,10,2,30,60,1,184.337,62,1,1,0.0
1547,44,2,10,2,30,60,1,190.249,68,1,1,0.0
1548,44,3,10,2,30,60,0,603.567,37,1,1,0.0
1549,44,4,10,2,30,60,1,216.127,62,0,1,0.0
1550,44,5,10,2,30,60,1,124.032,62,0,1,0.0
1551,44,6,10,2,30,60,1,51.317,60,0,1,0.0
1552,44,7,10,2,30,60,1,460.891,54,0,1,0.0
1553,44,8,10,2,30,60,1,1.362,66,0,1,0.0
1554,44,9,10,2,30,60,1,1.148,71,0,1,0.0
1555,45,0,10,2,56,60,1,723.587,71,1,1,0.0
1556,45,1,10,2,56,60,0,392.011,55,1,1,0.0
1557,45,2,10,2,56,60,0,603.982,54,1,1,0.0
1558,45,3,10,2,56,60,1,482.348,63,1,1,0.0
1559,45,4,10,2,56,60,1,1161.68,66,0,1,0.0
1560,45,5,10,2,56,60,1,465.349,50,0,1,0.0
1561,45,6,10,2,56,60,0,417.494,59,0,1,0.0
1562,45,7,10,2,56,60,0,612.6740000000001,69,0,1,0.0
1563,45,8,10,2,56,60,0,407.789,60,0,1,0.0
1564,45,9,10,2,56,60,0,138.56,63,0,1,0.0
1565,46,0,5,3,36,40,1,1169.679,29,1,1,0.0
1566,46,1,5,3,36,40,1,616.6709999999999,28,1,1,0.0
1567,46,2,5,3,36,40,1,1075.974,40,1,1,0.0
1568,46,3,5,3,36,40,0,1022.559,49,1,1,0.0
1569,46,4,5,3,36,40,0,1250.9889999999998,24,0,1,0.0
1570,47,0,10,2,40,32,0,565.988,26,1,1,0.0
1571,47,1,10,2,40,32,0,370.455,42,1,1,0.0
1572,47,2,10,2,40,32,1,455.838,30,1,1,0.0
1573,47,3,10,2,40,32,1,652.211,47,1,1,0.0
1574,47,4,10,2,40,32,1,150.993,39,0,1,0.0
1575,47,5,10,2,40,32,1,252.437,32,0,1,0.0
1576,47,6,10,2,40,32,1,126.141,42,0,1,0.0
1577,47,7,10,2,40,32,0,173.236,40,0,1,0.0
1578,47,8,10,2,40,32,1,1.363,29,0,1,0.0
1579,47,9,10,2,40,32,0,1.267,42,0,1,0.0
1580,48,0,5,3,68,60,0,927.124,74,1,1,0.0
1581,48,1,5,3,68,60,1,359.257,62,1,1,0.0
1582,48,2,5,3,68,60,1,240.714,69,1,1,0.0
1583,48,3,5,3,68,60,1,1090.062,57,1,1,0.0
1584,48,4,5,3,68,60,0,843.2049999999999,61,0,1,0.0
1585,49,0,5,2,44,40,0,839.5970000000001,37,1,1,0.0
1586,49,1,5,2,44,40,1,395.497,38,1,1,0.0
1587,49,2,5,2,44,40,1,404.059,44,1,1,0.0
1588,49,3,5,2,44,40,0,402.725,45,1,1,0.0
1589,49,4,5,2,44,40,1,271.743,40,0,1,0.0
1590,50,0,10,1,40,48,0,489.827,51,1,1,0.0
1591,50,1,10,1,40,48,1,249.063,51,1,1,0.0
1592,50,2,10,1,40,48,0,181.274,53,1,1,0.0
1593,50,3,10,1,40,48,0,417.954,24,1,1,0.0
1594,50,4,10,1,40,48,0,901.389,36,0,1,0.0
1595,50,5,10,1,40,48,1,462.703,42,0,1,0.0
1596,50,6,10,1,40,48,0,391.315,33,0,1,0.0
1597,50,7,10,1,40,48,1,507.552,67,0,1,0.0
1598,50,8,10,1,40,48,1,330.92,44,0,1,0.0
1599,50,9,10,1,40,48,1,161.95100000000002,53,0,1,0.0
1600,51,0,5,1,32,40,0,1904.593,43,1,1,0.0
1601,51,1,5,1,32,40,0,1186.498,24,1,1,0.0
1602,51,2,5,1,32,40,0,407.164,34,1,1,0.0
1603,51,3,5,1,32,40,1,339.992,35,1,1,0.0
1604,51,4,5,1,32,40,1,283.14,40,0,1,0.0
1605,52,0,5,2,48,60,0,1372.476,39,1,1,0.0
1606,52,1,5,2,48,60,1,393.849,58,1,1,0.0
1607,52,2,5,2,48,60,1,430.944,62,1,1,0.0
1608,52,3,5,2,48,60,0,522.184,56,1,1,0.0
1609,52,4,5,2,48,60,1,416.7,42,0,1,0.0
1610,53,0,10,2,40,20,0,621.5880000000001,43,1,1,0.0
1611,53,1,10,2,40,20,0,626.7620000000001,35,1,1,0.0
1612,53,2,10,2,40,20,1,518.5490000000001,35,1,1,0.0
1613,53,3,10,2,40,20,1,606.085,17,1,1,0.0
1614,53,4,10,2,40,20,0,410.316,33,0,1,0.0
1615,53,5,10,2,40,20,0,397.876,37,0,1,0.0
1616,53,6,10,2,40,20,0,2202.13,34,0,1,0.0
1617,53,7,10,2,40,20,0,975.182,33,0,1,0.0
1618,53,8,10,2,40,20,0,578.4820000000001,37,0,1,0.0
1619,53,9,10,2,40,20,0,598.995,32,0,1,0.0
1620,54,0,10,1,60,80,1,700.433,90,1,1,0.0
1621,54,1,10,1,60,80,0,501.937,55,1,1,0.0
1622,54,2,10,1,60,80,0,623.192,45,1,1,0.0
1623,54,3,10,1,60,80,0,473.94,56,1,1,0.0
1624,54,4,10,1,60,80,1,308.471,83,0,1,0.0
1625,54,5,10,1,60,80,1,659.846,86,0,1,0.0
1626,54,6,10,1,60,80,1,317.191,79,0,1,0.0
1627,54,7,10,1,60,80,1,237.574,80,0,1,0.0
1628,54,8,10,1,60,80,1,293.699,81,0,1,0.0
1629,54,9,10,1,60,80,1,189.451,74,0,1,0.0
1630,55,0,5,2,90,60,1,720.557,58,1,1,0.0
1631,55,1,5,2,90,60,1,504.773,70,1,1,0.0
1632,55,2,5,2,90,60,0,410.822,83,1,1,0.0
1633,55,3,5,2,90,60,0,454.367,81,1,1,0.0
1634,55,4,5,2,90,60,0,1159.706,89,0,1,0.0
1635,56,0,10,3,40,60,1,665.2289999999999,62,1,1,0.0
1636,56,1,10,3,40,60,1,633.0029999999999,67,1,1,0.0
1637,56,2,10,3,40,60,1,566.3820000000001,62,1,1,0.0
1638,56,3,10,3,40,60,0,331.777,51,1,1,0.0
1639,56,4,10,3,40,60,1,882.1940000000001,63,0,1,0.0
1640,56,5,10,3,40,60,1,243.471,60,0,1,0.0
1641,56,6,10,3,40,60,1,341.341,57,0,1,0.0
1642,56,7,10,3,40,60,1,444.034,74,0,1,0.0
1643,56,8,10,3,40,60,1,494.381,62,0,1,0.0
1644,56,9,10,3,40,60,1,366.622,82,0,1,0.0
1645,57,0,5,2,60,80,1,563.995,86,1,1,0.0
1646,57,1,5,2,60,80,0,426.58,73,1,1,0.0
1647,57,2,5,2,60,80,0,414.438,82,1,1,0.0
1648,57,3,5,2,60,80,1,577.456,82,1,1,0.0
1649,57,4,5,2,60,80,1,822.8879999999999,92,0,1,0.0
1650,58,0,10,2,72,60,1,762.0360000000001,77,1,1,0.0
1651,58,1,10,2,72,60,1,409.74,60,1,1,0.0
1652,58,2,10,2,72,60,0,581.8330000000001,69,1,1,0.0
1653,58,3,10,2,72,60,0,394.276,77,1,1,0.0
1654,58,4,10,2,72,60,1,359.442,73,0,1,0.0
1655,58,5,10,2,72,60,1,381.186,59,0,1,0.0
1656,58,6,10,2,72,60,0,322.905,70,0,1,0.0
1657,58,7,10,2,72,60,1,234.101,77,0,1,0.0
1658,58,8,10,2,72,60,1,506.581,66,0,1,0.0
1659,58,9,10,2,72,60,1,273.615,66,0,1,0.0
1660,59,0,10,3,20,40,1,498.094,40,1,1,0.0
1661,59,1,10,3,20,40,1,532.5600000000001,44,1,1,0.0
1662,59,2,10,3,20,40,0,493.486,11,1,1,0.0
1663,59,3,10,3,20,40,1,540.4949999999999,44,1,1,0.0
1664,59,4,10,3,20,40,1,428.02,43,0,1,0.0
1665,59,5,10,3,20,40,1,310.709,36,0,1,0.0
1666,59,6,10,3,20,40,1,310.82,38,0,1,0.0
1667,59,7,10,3,20,40,1,277.308,45,0,1,0.0
1668,59,8,10,3,20,40,1,285.8,53,0,1,0.0
1669,59,9,10,3,20,40,1,437.343,45,0,1,0.0
1670,60,0,5,2,10,40,0,624.34,13,1,1,0.0
1671,60,1,5,2,10,40,0,428.707,9,1,1,0.0
1672,60,2,5,2,10,40,1,360.788,37,1,1,0.0
1673,60,3,5,2,10,40,1,352.468,41,1,1,0.0
1674,60,4,5,2,10,40,1,341.735,41,0,1,0.0
1675,61,0,10,3,70,40,1,621.331,26,1,1,0.0
1676,61,1,10,3,70,40,1,506.172,38,1,1,0.0
1677,61,2,10,3,70,40,0,538.403,74,1,1,0.0
1678,61,3,10,3,70,40,1,577.134,34,1,1,0.0
1679,61,4,10,3,70,40,0,544.025,75,0,1,0.0
1680,61,5,10,3,70,40,0,302.025,68,0,1,0.0
1681,61,6,10,3,70,40,0,405.994,75,0,1,0.0
1682,61,7,10,3,70,40,0,362.299,68,0,1,0.0
1683,61,8,10,3,70,40,0,495.651,56,0,1,0.0
1684,61,9,10,3,70,40,0,327.5,51,0,1,0.0
1685,62,0,5,2,36,40,1,647.0350000000001,38,1,1,0.0
1686,62,1,5,2,36,40,0,561.2620000000001,31,1,1,0.0
1687,62,2,5,2,36,40,1,354.768,35,1,1,0.0
1688,62,3,5,2,36,40,0,295.029,36,1,1,0.0
1689,62,4,5,2,36,40,1,231.637,48,0,1,0.0
1690,63,0,5,2,60,30,0,547.844,66,1,1,0.0
1691,63,1,5,2,60,30,1,322.09700000000004,33,1,1,0.0
1692,63,2,5,2,60,30,1,521.9430000000001,39,1,1,0.0
1693,63,3,5,2,60,30,0,377.891,67,1,1,0.0
1694,63,4,5,2,60,30,0,518.5880000000001,63,0,1,0.0
1695,64,0,10,1,60,52,0,542.0840000000001,58,1,1,0.0
1696,64,1,10,1,60,52,0,390.803,67,1,1,0.0
1697,64,2,10,1,60,52,1,403.037,65,1,1,0.0
1698,64,3,10,1,60,52,0,312.757,64,1,1,0.0
1699,64,4,10,1,60,52,1,287.397,49,0,1,0.0
1700,64,5,10,1,60,52,0,161.589,57,0,1,0.0
1701,64,6,10,1,60,52,0,318.584,60,0,1,0.0
1702,64,7,10,1,60,52,0,349.23,62,0,1,0.0
1703,64,8,10,1,60,52,0,468.03,49,0,1,0.0
1704,64,9,10,1,60,52,1,348.163,50,0,1,0.0
1705,65,0,5,3,60,52,1,602.487,54,1,1,0.0
1706,65,1,5,3,60,52,0,367.489,67,1,1,0.0
1707,65,2,5,3,60,52,1,416.129,39,1,1,0.0
1708,65,3,5,3,60,52,1,380.1,40,1,1,0.0
1709,65,4,5,3,60,52,0,246.427,56,0,1,0.0
1710,66,0,10,3,28,40,1,523.993,21,1,1,0.0
1711,66,1,10,3,28,40,1,401.413,38,1,1,0.0
1712,66,2,10,3,28,40,1,359.235,49,1,1,0.0
1713,66,3,10,3,28,40,0,205.696,28,1,1,0.0
1714,66,4,10,3,28,40,0,553.928,22,0,1,0.0
1715,66,5,10,3,28,40,1,191.987,46,0,1,0.0
1716,66,6,10,3,28,40,1,859.635,29,0,1,0.0
1717,66,7,10,3,28,40,0,500.362,35,0,1,0.0
1718,66,8,10,3,28,40,0,365.682,29,0,1,0.0
1719,66,9,10,3,28,40,1,187.262,40,0,1,0.0
1720,67,0,10,3,44,40,1,639.678,42,1,1,0.0
1721,67,1,10,3,44,40,1,361.713,48,1,1,0.0
1722,67,2,10,3,44,40,1,329.364,32,1,1,0.0
1723,67,3,10,3,44,40,0,569.222,48,1,1,0.0
1724,67,4,10,3,44,40,0,598.977,60,0,1,0.0
1725,67,5,10,3,44,40,0,379.331,55,0,1,0.0
1726,67,6,10,3,44,40,0,271.898,44,0,1,0.0
1727,67,7,10,3,44,40,0,216.131,36,0,1,0.0
1728,67,8,10,3,44,40,1,292.34700000000004,38,0,1,0.0
1729,67,9,10,3,44,40,0,155.57399999999998,44,0,1,0.0
1730,68,0,5,1,40,60,0,555.045,39,1,1,0.0
1731,68,1,5,1,40,60,1,265.611,54,1,1,0.0
1732,68,2,5,1,40,60,0,242.894,41,1,1,0.0
1733,68,3,5,1,40,60,0,560.09,41,1,1,0.0
1734,68,4,5,1,40,60,0,212.948,44,0,1,0.0
1735,69,0,5,3,40,44,1,615.908,39,1,1,0.0
1736,69,1,5,3,40,44,1,468.354,40,1,1,0.0
1737,69,2,5,3,40,44,1,686.3050000000001,33,1,1,0.0
1738,69,3,5,3,40,44,0,383.899,44,1,1,0.0
1739,69,4,5,3,40,44,0,300.139,39,0,1,0.0
1740,70,0,5,2,10,40,1,652.8770000000001,43,1,1,0.0
1741,70,1,5,2,10,40,0,264.473,4,1,1,0.0
1742,70,2,5,2,10,40,0,357.136,8,1,1,0.0
1743,70,3,5,2,10,40,1,394.949,27,1,1,0.0
1744,70,4,5,2,10,40,1,1271.364,37,0,1,0.0
1745,71,0,10,2,90,60,0,736.56,87,1,1,0.0
1746,71,1,10,2,90,60,0,409.615,79,1,1,0.0
1747,71,2,10,2,90,60,1,431.307,61,1,1,0.0
1748,71,3,10,2,90,60,1,456.055,53,1,1,0.0
1749,71,4,10,2,90,60,0,282.517,81,0,1,0.0
1750,71,5,10,2,90,60,0,306.78,73,0,1,0.0
1751,71,6,10,2,90,60,0,242.783,95,0,1,0.0
1752,71,7,10,2,90,60,0,221.021,99,0,1,0.0
1753,71,8,10,2,90,60,0,175.777,99,0,1,0.0
1754,71,9,10,2,90,60,0,147.157,86,0,1,0.0
1755,72,0,5,2,32,40,0,626.984,42,1,1,0.0
1756,72,1,5,2,32,40,1,349.765,36,1,1,0.0
1757,72,2,5,2,32,40,1,414.757,46,1,1,0.0
1758,72,3,5,2,32,40,0,1144.648,36,1,1,0.0
1759,72,4,5,2,32,40,1,2487.664,34,0,1,0.0
1760,73,0,10,2,40,44,0,626.309,53,1,1,0.0
1761,73,1,10,2,40,44,1,380.944,33,1,1,0.0
1762,73,2,10,2,40,44,1,452.032,45,1,1,0.0
1763,73,3,10,2,40,44,0,438.053,43,1,1,0.0
1764,73,4,10,2,40,44,0,1503.523,49,0,1,0.0
1765,73,5,10,2,40,44,1,697.393,39,0,1,0.0
1766,73,6,10,2,40,44,0,434.062,42,0,1,0.0
1767,73,7,10,2,40,44,0,762.9939999999999,35,0,1,0.0
1768,73,8,10,2,40,44,1,280.528,42,0,1,0.0
1769,73,9,10,2,40,44,1,673.922,45,0,1,0.0
1770,74,0,5,2,80,60,0,565.082,81,1,1,0.0
1771,74,1,5,2,80,60,0,362.38,75,1,1,0.0
1772,74,2,5,2,80,60,1,519.909,69,1,1,0.0
1773,74,3,5,2,80,60,1,512.018,66,1,1,0.0
1774,74,4,5,2,80,60,0,991.849,78,0,1,0.0
1775,75,0,10,2,90,60,1,582.225,65,1,1,0.0
1776,75,1,10,2,90,60,0,361.518,94,1,1,0.0
1777,75,2,10,2,90,60,0,465.302,94,1,1,0.0
1778,75,3,10,2,90,60,1,434.174,60,1,1,0.0
1779,75,4,10,2,90,60,0,203.548,87,0,1,0.0
1780,75,5,10,2,90,60,0,248.995,83,0,1,0.0
1781,75,6,10,2,90,60,0,136.987,90,0,1,0.0
1782,75,7,10,2,90,60,0,119.714,99,0,1,0.0
1783,75,8,10,2,90,60,0,127.511,93,0,1,0.0
1784,75,9,10,2,90,60,0,205.776,91,0,1,0.0
1785,76,0,5,1,60,68,0,953.093,53,1,1,0.0
1786,76,1,5,1,60,68,1,395.649,65,1,1,0.0
1787,76,2,5,1,60,68,0,565.236,61,1,1,0.0
1788,76,3,5,1,60,68,0,443.438,52,1,1,0.0
1789,76,4,5,1,60,68,1,333.608,57,0,1,0.0
1790,77,0,10,3,60,72,1,671.784,67,1,1,0.0
1791,77,1,10,3,60,72,1,327.134,75,1,1,0.0
1792,77,2,10,3,60,72,0,337.271,65,1,1,0.0
1793,77,3,10,3,60,72,1,326.93100000000004,65,1,1,0.0
1794,77,4,10,3,60,72,0,269.495,65,0,1,0.0
1795,77,5,10,3,60,72,1,199.958,68,0,1,0.0
1796,77,6,10,3,60,72,1,274.779,76,0,1,0.0
1797,77,7,10,3,60,72,1,235.571,70,0,1,0.0
1798,77,8,10,3,60,72,0,262.898,51,0,1,0.0
1799,77,9,10,3,60,72,1,62.731,59,0,1,0.0
1800,78,0,5,2,60,48,1,672.332,31,1,1,0.0
1801,78,1,5,2,60,48,0,334.748,56,1,1,0.0
1802,78,2,5,2,60,48,0,298.315,58,1,1,0.0
1803,78,3,5,2,60,48,1,269.234,41,1,1,0.0
1804,78,4,5,2,60,48,0,371.37,64,0,1,0.0
1805,79,0,10,3,40,52,1,560.4010000000001,42,1,1,0.0
1806,79,1,10,3,40,52,0,427.757,40,1,1,0.0
1807,79,2,10,3,40,52,1,578.159,56,1,1,0.0
1808,79,3,10,3,40,52,1,590.047,54,1,1,0.0
1809,79,4,10,3,40,52,1,834.08,49,0,1,0.0
1810,79,5,10,3,40,52,1,478.197,35,0,1,0.0
1811,79,6,10,3,40,52,0,382.554,43,0,1,0.0
1812,79,7,10,3,40,52,0,306.849,40,0,1,0.0
1813,79,8,10,3,40,52,0,361.829,31,0,1,0.0
1814,79,9,10,3,40,52,1,222.787,58,0,1,0.0
1815,80,0,5,2,60,72,1,1297.229,62,1,1,0.0
1816,80,1,5,2,60,72,1,834.638,69,1,1,0.0
1817,80,2,5,2,60,72,0,398.129,68,1,1,0.0
1818,80,3,5,2,60,72,0,379.298,58,1,1,0.0
1819,80,4,5,2,60,72,0,1305.205,75,0,1,0.0
1820,81,0,10,2,40,20,1,473.936,21,1,1,0.0
1821,81,1,10,2,40,20,0,354.952,46,1,1,0.0
1822,81,2,10,2,40,20,1,460.168,26,1,1,0.0
1823,81,3,10,2,40,20,0,156.4,46,1,1,0.0
1824,81,4,10,2,40,20,0,441.97,36,0,1,0.0
1825,81,5,10,2,40,20,1,236.446,32,0,1,0.0
1826,81,6,10,2,40,20,0,95.217,43,0,1,0.0
1827,81,7,10,2,40,20,0,56.187,30,0,1,0.0
1828,81,8,10,2,40,20,0,448.877,32,0,1,0.0
1829,81,9,10,2,40,20,1,153.551,9,0,1,0.0
1830,82,0,10,3,60,40,0,474.037,62,1,1,0.0
1831,82,1,10,3,60,40,1,372.399,32,1,1,0.0
1832,82,2,10,3,60,40,1,583.857,35,1,1,0.0
1833,82,3,10,3,60,40,1,770.786,32,1,1,0.0
1834,82,4,10,3,60,40,0,393.549,55,0,1,0.0
1835,82,5,10,3,60,40,0,277.304,70,0,1,0.0
1836,82,6,10,3,60,40,0,181.937,56,0,1,0.0
1837,82,7,10,3,60,40,0,26.622,59,0,1,0.0
1838,82,8,10,3,60,40,0,6.183,57,0,1,0.0
1839,82,9,10,3,60,40,0,48.783,68,0,1,0.0
1840,83,0,10,2,40,60,1,556.807,53,1,1,0.0
1841,83,1,10,2,40,60,0,369.917,28,1,1,0.0
1842,83,2,10,2,40,60,1,872.629,82,1,1,0.0
1843,83,3,10,2,40,60,0,385.274,39,1,1,0.0
1844,83,4,10,2,40,60,1,62.361,63,0,1,0.0
1845,83,5,10,2,40,60,1,111.263,58,0,1,0.0
1846,83,6,10,2,40,60,1,118.818,53,0,1,0.0
1847,83,7,10,2,40,60,1,1047.269,53,0,1,0.0
1848,83,8,10,2,40,60,1,432.218,64,0,1,0.0
1849,83,9,10,2,40,60,1,243.118,79,0,1,0.0
1850,84,0,5,2,40,48,0,567.726,44,1,1,0.0
1851,84,1,5,2,40,48,1,339.483,48,1,1,0.0
1852,84,2,5,2,40,48,0,363.696,56,1,1,0.0
1853,84,3,5,2,40,48,1,167.435,47,1,1,0.0
1854,84,4,5,2,40,48,0,133.663,39,0,1,0.0
1855,85,0,10,2,60,40,1,404.6950000000001,41,1,1,0.0
1856,85,1,10,2,60,40,0,135.795,50,1,1,0.0
1857,85,2,10,2,60,40,1,95.405,45,1,1,0.0
1858,85,3,10,2,60,40,0,24.465,68,1,1,0.0
1859,85,4,10,2,60,40,1,1.15,53,0,1,0.0
1860,85,5,10,2,60,40,0,1.312,65,0,1,0.0
1861,85,6,10,2,60,40,1,1.1720000000000002,33,0,1,0.0
1862,85,7,10,2,60,40,0,1.176,62,0,1,0.0
1863,85,8,10,2,60,40,0,1.373,54,0,1,0.0
1864,85,9,10,2,60,40,0,1.3259999999999998,60,0,1,0.0
1865,86,0,5,1,52,60,1,409.02,61,1,1,0.0
1866,86,1,5,1,52,60,0,176.94899999999998,72,1,1,0.0
1867,86,2,5,1,52,60,0,676.586,39,1,1,0.0
1868,86,3,5,1,52,60,0,47.082,49,1,1,0.0
1869,86,4,5,1,52,60,0,1.958,51,0,1,0.0
1870,87,0,10,2,40,32,1,629.279,14,1,1,0.0
1871,87,1,10,2,40,32,1,512.579,31,1,1,0.0
1872,87,2,10,2,40,32,0,346.016,27,1,1,0.0
1873,87,3,10,2,40,32,0,576.228,39,1,1,0.0
1874,87,4,10,2,40,32,0,2.892,32,0,1,0.0
1875,87,5,10,2,40,32,0,1.317,35,0,1,0.0
1876,87,6,10,2,40,32,1,1.1800000000000002,45,0,1,0.0
1877,87,7,10,2,40,32,1,1.2979999999999998,30,0,1,0.0
1878,87,8,10,2,40,32,1,1.211,42,0,1,0.0
1879,87,9,10,2,40,32,0,1.989,28,0,1,0.0
1880,88,0,5,2,60,40,1,477.748,39,1,1,0.0
1881,88,1,5,2,60,40,0,223.431,68,1,1,0.0
1882,88,2,5,2,60,40,0,1.352,59,1,1,0.0
1883,88,3,5,2,60,40,1,792.539,43,1,1,0.0
1884,88,4,5,2,60,40,0,1.096,74,0,1,0.0
1885,89,0,5,3,70,40,1,441.891,31,1,1,0.0
1886,89,1,5,3,70,40,1,461.3610000000001,28,1,1,0.0
1887,89,2,5,3,70,40,0,421.279,71,1,1,0.0
1888,89,3,5,3,70,40,1,531.8589999999999,39,1,1,0.0
1889,89,4,5,3,70,40,0,1.485,60,0,1,0.0
1890,90,0,5,2,56,60,0,568.01,62,1,1,0.0
1891,90,1,5,2,56,60,1,140.878,69,1,1,0.0
1892,90,2,5,2,56,60,1,316.583,59,1,1,0.0
1893,90,3,5,2,56,60,0,370.995,55,1,1,0.0
1894,90,4,5,2,56,60,1,169.388,52,0,1,0.0
1895,91,0,5,2,40,60,0,583.348,29,1,1,0.0
1896,91,1,5,2,40,60,0,556.508,43,1,1,0.0
1897,91,2,5,2,40,60,1,474.346,56,1,1,0.0
1898,91,3,5,2,40,60,1,325.087,50,1,1,0.0
1899,91,4,5,2,40,60,1,443.757,61,0,1,0.0
1900,92,0,5,3,80,60,0,598.7130000000001,77,1,1,0.0
1901,92,1,5,3,80,60,1,307.602,62,1,1,0.0
1902,92,2,5,3,80,60,1,390.687,59,1,1,0.0
1903,92,3,5,3,80,60,1,448.201,67,1,1,0.0
1904,92,4,5,3,80,60,1,233.966,57,0,1,0.0
1905,93,0,5,2,40,20,0,597.774,42,1,1,0.0
1906,93,1,5,2,40,20,1,386.948,1,1,1,0.0
1907,93,2,5,2,40,20,0,306.271,38,1,1,0.0
1908,93,3,5,2,40,20,1,792.986,12,1,1,0.0
1909,93,4,5,2,40,20,0,215.49,28,0,1,0.0
1910,94,0,5,2,70,40,0,492.139,70,1,1,0.0
1911,94,1,5,2,70,40,1,340.625,39,1,1,0.0
1912,94,2,5,2,70,40,1,493.362,46,1,1,0.0
1913,94,3,5,2,70,40,0,107.884,68,1,1,0.0
1914,94,4,5,2,70,40,0,28.185,75,0,1,0.0
1915,95,0,10,2,48,60,0,454.9,41,1,1,0.0
1916,95,1,10,2,48,60,1,121.321,69,1,1,0.0
1917,95,2,10,2,48,60,1,376.305,61,1,1,0.0
1918,95,3,10,2,48,60,0,479.088,54,1,1,0.0
1919,95,4,10,2,48,60,1,103.221,72,0,1,0.0
1920,95,5,10,2,48,60,1,1.294,51,0,1,0.0
1921,95,6,10,2,48,60,1,1.3079999999999998,65,0,1,0.0
1922,95,7,10,2,48,60,0,1.286,53,0,1,0.0
1923,95,8,10,2,48,60,1,1.146,67,0,1,0.0
1924,95,9,10,2,48,60,1,3.19,69,0,1,0.0
1925,96,0,10,2,70,40,1,539.215,50,1,1,0.0
1926,96,1,10,2,70,40,1,577.258,39,1,1,0.0
1927,96,2,10,2,70,40,0,271.204,72,1,1,0.0
1928,96,3,10,2,70,40,0,743.519,95,1,1,0.0
1929,96,4,10,2,70,40,0,229.704,80,0,1,0.0
1930,96,5,10,2,70,40,0,1.291,89,0,1,0.0
1931,96,6,10,2,70,40,0,1.178,73,0,1,0.0
1932,96,7,10,2,70,40,1,1.281,32,0,1,0.0
1933,96,8,10,2,70,40,0,1.144,75,0,1,0.0
1934,96,9,10,2,70,40,0,1.321,66,0,1,0.0
1935,97,0,10,3,60,30,1,477.373,38,1,1,0.0
1936,97,1,10,3,60,30,1,471.027,38,1,1,0.0
1937,97,2,10,3,60,30,0,312.888,51,1,1,0.0
1938,97,3,10,3,60,30,1,248.658,23,1,1,0.0
1939,97,4,10,3,60,30,0,1.218,43,0,1,0.0
1940,97,5,10,3,60,30,1,1.168,25,0,1,0.0
1941,97,6,10,3,60,30,0,1.333,65,0,1,0.0
1942,97,7,10,3,60,30,0,1.399,54,0,1,0.0
1943,97,8,10,3,60,30,0,1.1820000000000002,64,0,1,0.0
1944,97,9,10,3,60,30,0,3.106,64,0,1,0.0
1945,98,0,5,1,40,28,0,467.234,35,1,1,0.0
1946,98,1,5,1,40,28,1,317.523,37,1,1,0.0
1947,98,2,5,1,40,28,0,694.592,36,1,1,0.0
1948,98,3,5,1,40,28,0,686.1129999999999,41,1,1,0.0
1949,98,4,5,1,40,28,0,1.296,49,0,1,0.0
1950,99,0,5,2,52,60,1,594.856,56,1,1,0.0
1951,99,1,5,2,52,60,1,312.755,44,1,1,0.0
1952,99,2,5,2,52,60,0,273.05400000000003,61,1,1,0.0
1953,99,3,5,2,52,60,0,2.689,57,1,1,0.0
1954,99,4,5,2,52,60,0,477.702,48,0,1,0.0
1955,100,0,10,2,60,52,1,512.764,59,1,1,0.0
1956,100,1,10,2,60,52,1,297.413,40,1,1,0.0
1957,100,2,10,2,60,52,0,321.49,61,1,1,0.0
1958,100,3,10,2,60,52,0,352.281,73,1,1,0.0
1959,100,4,10,2,60,52,0,1.341,71,0,1,0.0
1960,100,5,10,2,60,52,0,1.4469999999999998,56,0,1,0.0
1961,100,6,10,2,60,52,0,1.274,61,0,1,0.0
1962,100,7,10,2,60,52,0,1.228,51,0,1,0.0
1963,100,8,10,2,60,52,0,1.233,63,0,1,0.0
1964,100,9,10,2,60,52,1,1.363,65,0,1,0.0
1965,101,0,5,2,40,48,0,541.812,29,1,1,0.0
1966,101,1,5,2,40,48,1,460.889,50,1,1,0.0
1967,101,2,5,2,40,48,0,277.286,32,1,1,0.0
1968,101,3,5,2,40,48,1,112.562,57,1,1,0.0
1969,101,4,5,2,40,48,0,16.212,45,0,1,0.0
1970,102,0,10,1,36,40,0,412.758,28,1,1,0.0
1971,102,1,10,1,36,40,1,209.51,45,1,1,0.0
1972,102,2,10,1,36,40,0,105.29,34,1,1,0.0
1973,102,3,10,1,36,40,0,622.448,34,1,1,0.0
1974,102,4,10,1,36,40,0,265.523,32,0,1,0.0
1975,102,5,10,1,36,40,1,420.076,47,0,1,0.0
1976,102,6,10,1,36,40,1,1.35,48,0,1,0.0
1977,102,7,10,1,36,40,1,1.304,43,0,1,0.0
1978,102,8,10,1,36,40,1,1.359,45,0,1,0.0
1979,102,9,10,1,36,40,1,1.325,35,0,1,0.0
1980,103,0,10,1,10,40,0,516.677,8,1,1,0.0
1981,103,1,10,1,10,40,0,637.524,11,1,1,0.0
1982,103,2,10,1,10,40,0,498.83,18,1,1,0.0
1983,103,3,10,1,10,40,1,1.293,51,1,1,0.0
1984,103,4,10,1,10,40,1,1.4549999999999998,27,0,1,0.0
1985,103,5,10,1,10,40,1,1.3079999999999998,56,0,1,0.0
1986,103,6,10,1,10,40,1,1.223,46,0,1,0.0
1987,103,7,10,1,10,40,1,1.215,36,0,1,0.0
1988,103,8,10,1,10,40,1,1.31,39,0,1,0.0
1989,103,9,10,1,10,40,1,2.772,42,0,1,0.0
1990,104,0,10,1,40,28,0,678.52,50,1,1,0.0
1991,104,1,10,1,40,28,1,431.16,17,1,1,0.0
1992,104,2,10,1,40,28,0,172.902,37,1,1,0.0
1993,104,3,10,1,40,28,0,3.412,39,1,1,0.0
1994,104,4,10,1,40,28,0,1.302,46,0,1,0.0
1995,104,5,10,1,40,28,0,1.368,41,0,1,0.0
1996,104,6,10,1,40,28,0,1.436,49,0,1,0.0
1997,104,7,10,1,40,28,1,1.251,26,0,1,0.0
1998,104,8,10,1,40,28,0,1.234,44,0,1,0.0
1999,104,9,10,1,40,28,0,1.189,42,0,1,0.0
2000,105,0,5,2,60,64,1,1.1,63,1,1,0.0
2001,105,1,5,2,60,64,0,664.172,59,1,1,0.0
2002,105,2,5,2,60,64,1,177.747,76,1,1,0.0
2003,105,3,5,2,60,64,0,413.072,53,1,1,0.0
2004,105,4,5,2,60,64,1,1.204,56,0,1,0.0
2005,106,0,10,2,36,40,0,453.834,40,1,1,0.0
2006,106,1,10,2,36,40,1,144.75199999999998,45,1,1,0.0
2007,106,2,10,2,36,40,0,45.398,52,1,1,0.0
2008,106,3,10,2,36,40,1,1.24,43,1,1,0.0
2009,106,4,10,2,36,40,1,7.716,49,0,1,0.0
2010,106,5,10,2,36,40,0,1.331,41,0,1,0.0
2011,106,6,10,2,36,40,0,1.392,33,0,1,0.0
2012,106,7,10,2,36,40,1,1.211,59,0,1,0.0
2013,106,8,10,2,36,40,1,1.085,36,0,1,0.0
2014,106,9,10,2,36,40,1,1.263,48,0,1,0.0
2015,107,0,10,1,40,60,1,1029.002,48,1,1,0.0
2016,107,1,10,1,40,60,0,168.957,44,1,1,0.0
2017,107,2,10,1,40,60,0,8.996,20,1,1,0.0
2018,107,3,10,1,40,60,0,266.924,33,1,1,0.0
2019,107,4,10,1,40,60,0,5.223,44,0,1,0.0
2020,107,5,10,1,40,60,1,1.274,61,0,1,0.0
2021,107,6,10,1,40,60,1,1.359,55,0,1,0.0
2022,107,7,10,1,40,60,1,1.193,64,0,1,0.0
2023,107,8,10,1,40,60,1,1.157,54,0,1,0.0
2024,107,9,10,1,40,60,1,1.264,49,0,1,0.0
2025,108,0,10,2,40,60,0,509.354,37,1,1,0.0
2026,108,1,10,2,40,60,0,548.086,35,1,1,0.0
2027,108,2,10,2,40,60,1,283.275,70,1,1,0.0
2028,108,3,10,2,40,60,1,4.409,72,1,1,0.0
2029,108,4,10,2,40,60,1,4.508,43,0,1,0.0
2030,108,5,10,2,40,60,1,1.075,59,0,1,0.0
2031,108,6,10,2,40,60,1,1.262,55,0,1,0.0
2032,108,7,10,2,40,60,1,1.292,61,0,1,0.0
2033,108,8,10,2,40,60,1,1.344,53,0,1,0.0
2034,108,9,10,2,40,60,0,1.474,44,0,1,0.0
2035,109,0,10,1,40,44,0,597.764,42,1,1,0.0
2036,109,1,10,1,40,44,1,13.331,54,1,1,0.0
2037,109,2,10,1,40,44,0,1.727,30,1,1,0.0
2038,109,3,10,1,40,44,0,1036.489,40,1,1,0.0
2039,109,4,10,1,40,44,1,733.9599999999999,43,0,1,0.0
2040,109,5,10,1,40,44,1,373.07,55,0,1,0.0
2041,109,6,10,1,40,44,1,329.929,54,0,1,0.0
2042,109,7,10,1,40,44,1,232.54,43,0,1,0.0
2043,109,8,10,1,40,44,1,123.536,39,0,1,0.0
2044,109,9,10,1,40,44,1,98.58,32,0,1,0.0
2045,110,0,5,2,40,36,1,523.5880000000001,35,1,1,0.0
2046,110,1,5,2,40,36,1,338.245,49,1,1,0.0
2047,110,2,5,2,40,36,0,3105.901,37,1,1,0.0
2048,110,3,5,2,40,36,0,715.448,25,1,1,0.0
2049,110,4,5,2,40,36,1,300.025,37,0,1,0.0
2050,111,0,10,1,32,40,0,681.3000000000001,38,1,1,0.0
2051,111,1,10,1,32,40,1,2014.502,41,1,1,0.0
2052,111,2,10,1,32,40,0,402.647,23,1,1,0.0
2053,111,3,10,1,32,40,0,359.951,43,1,1,0.0
2054,111,4,10,1,32,40,0,293.161,22,0,1,0.0
2055,111,5,10,1,32,40,1,279.52700000000004,41,0,1,0.0
2056,111,6,10,1,32,40,0,199.779,27,0,1,0.0
2057,111,7,10,1,32,40,1,329.034,32,0,1,0.0
2058,111,8,10,1,32,40,1,575.311,40,0,1,0.0
2059,111,9,10,1,32,40,1,498.375,47,0,1,0.0
2060,112,0,10,2,56,60,0,691.731,55,1,1,0.0
2061,112,1,10,2,56,60,1,606.592,51,1,1,0.0
2062,112,2,10,2,56,60,1,435.526,65,1,1,0.0
2063,112,3,10,2,56,60,0,938.783,58,1,1,0.0
2064,112,4,10,2,56,60,1,290.34700000000004,75,0,1,0.0
2065,112,5,10,2,56,60,1,562.894,56,0,1,0.0
2066,112,6,10,2,56,60,1,214.676,47,0,1,0.0
2067,112,7,10,2,56,60,1,193.457,73,0,1,0.0
2068,112,8,10,2,56,60,0,60.273,57,0,1,0.0
2069,112,9,10,2,56,60,1,5.202,51,0,1,0.0
2070,113,0,10,2,40,10,0,481.715,34,1,1,0.0
2071,113,1,10,2,40,10,1,242.749,3,1,1,0.0
2072,113,2,10,2,40,10,0,406.874,45,1,1,0.0
2073,113,3,10,2,40,10,1,569.029,21,1,1,0.0
2074,113,4,10,2,40,10,0,238.453,42,0,1,0.0
2075,113,5,10,2,40,10,0,273.884,33,0,1,0.0
2076,113,6,10,2,40,10,0,42.109,48,0,1,0.0
2077,113,7,10,2,40,10,0,1.38,43,0,1,0.0
2078,113,8,10,2,40,10,0,392.013,38,0,1,0.0
2079,113,9,10,2,40,10,0,387.901,39,0,1,0.0
2080,114,0,5,2,60,52,0,576.532,53,1,1,0.0
2081,114,1,5,2,60,52,1,294.491,52,1,1,0.0
2082,114,2,5,2,60,52,0,86.993,51,1,1,0.0
2083,114,3,5,2,60,52,1,97.541,66,1,1,0.0
2084,114,4,5,2,60,52,1,336.79,52,0,1,0.0
2085,115,0,5,2,56,60,0,463.312,70,1,1,0.0
2086,115,1,5,2,56,60,1,707.4240000000001,50,1,1,0.0
2087,115,2,5,2,56,60,0,2.974,52,1,1,0.0
2088,115,3,5,2,56,60,1,615.521,43,1,1,0.0
2089,115,4,5,2,56,60,0,3.053,52,0,1,0.0
2090,116,0,5,2,32,40,0,520.334,32,1,1,0.0
2091,116,1,5,2,32,40,1,239.563,27,1,1,0.0
2092,116,2,5,2,32,40,1,458.395,46,1,1,0.0
2093,116,3,5,2,32,40,0,333.261,37,1,1,0.0
2094,116,4,5,2,32,40,0,284.845,22,0,1,0.0
2095,117,0,10,1,60,48,0,638.6460000000001,63,1,1,0.0
2096,117,1,10,1,60,48,0,312.697,68,1,1,0.0
2097,117,2,10,1,60,48,0,180.062,44,1,1,0.0
2098,117,3,10,1,60,48,1,320.201,56,1,1,0.0
2099,117,4,10,1,60,48,0,86.825,45,0,1,0.0
2100,117,5,10,1,60,48,1,191.979,39,0,1,0.0
2101,117,6,10,1,60,48,0,300.672,63,0,1,0.0
2102,117,7,10,1,60,48,1,108.749,41,0,1,0.0
2103,117,8,10,1,60,48,0,5.345,72,0,1,0.0
2104,117,9,10,1,60,48,0,69.6,61,0,1,0.0
2105,118,0,5,2,20,40,1,555.1700000000001,31,1,1,0.0
2106,118,1,5,2,20,40,1,322.15500000000003,31,1,1,0.0
2107,118,2,5,2,20,40,0,475.948,12,1,1,0.0
2108,118,3,5,2,20,40,0,300.964,24,1,1,0.0
2109,118,4,5,2,20,40,1,364.681,26,0,1,0.0
2110,119,0,5,3,60,40,1,657.899,36,1,1,0.0
2111,119,1,5,3,60,40,1,3397.873,45,1,1,0.0
2112,119,2,5,3,60,40,0,348.076,66,1,1,0.0
2113,119,3,5,3,60,40,1,1643.307,44,1,1,0.0
2114,119,4,5,3,60,40,0,1318.604,59,0,1,0.0
2115,120,0,5,2,68,60,0,662.153,61,1,1,0.0
2116,120,1,5,2,68,60,1,281.197,58,1,1,0.0
2117,120,2,5,2,68,60,1,266.332,64,1,1,0.0
2118,120,3,5,2,68,60,0,461.372,66,1,1,0.0
2119,120,4,5,2,68,60,1,1.0,62,0,1,0.0
2120,121,0,5,1,70,40,1,653.5379999999999,24,1,1,0.0
2121,121,1,5,1,70,40,0,120.342,73,1,1,0.0
2122,121,2,5,1,70,40,0,1.228,80,1,1,0.0
2123,121,3,5,1,70,40,0,412.9380000000001,59,1,1,0.0
2124,121,4,5,1,70,40,1,1.285,40,0,1,0.0
2125,122,0,10,2,30,60,0,1.062,34,1,1,0.0
2126,122,1,10,2,30,60,1,2.184,47,1,1,0.0
2127,122,2,10,2,30,60,0,8.998000000000001,30,1,1,0.0
2128,122,3,10,2,30,60,1,1.335,52,1,1,0.0
2129,122,4,10,2,30,60,1,3.354,56,0,1,0.0
2130,122,5,10,2,30,60,1,1.317,55,0,1,0.0
2131,122,6,10,2,30,60,1,1.234,64,0,1,0.0
2132,122,7,10,2,30,60,0,1.176,28,0,1,0.0
2133,122,8,10,2,30,60,1,1.1969999999999998,53,0,1,0.0
2134,122,9,10,2,30,60,1,1.436,61,0,1,0.0
2135,123,0,5,2,60,40,0,461.021,45,1,1,0.0
2136,123,1,5,2,60,40,1,224.34,36,1,1,0.0
2137,123,2,5,2,60,40,1,1.275,40,1,1,0.0
2138,123,3,5,2,60,40,0,3.1,65,1,1,0.0
2139,123,4,5,2,60,40,0,3.198,68,0,1,0.0
2140,124,0,5,3,56,60,1,537.255,66,1,1,0.0
2141,124,1,5,3,56,60,0,477.92,53,1,1,0.0
2142,124,2,5,3,56,60,1,1.194,56,1,1,0.0
2143,124,3,5,3,56,60,1,1.38,57,1,1,0.0
2144,124,4,5,3,56,60,1,1.147,65,0,1,0.0
2145,125,0,5,1,52,40,0,455.002,37,1,1,0.0
2146,125,1,5,1,52,40,0,1.898,52,1,1,0.0
2147,125,2,5,1,52,40,1,1.27,29,1,1,0.0
2148,125,3,5,1,52,40,0,268.138,54,1,1,0.0
2149,125,4,5,1,52,40,0,1.295,53,0,1,0.0
2150,126,0,10,2,40,48,1,497.909,41,1,1,0.0
2151,126,1,10,2,40,48,0,385.705,50,1,1,0.0
2152,126,2,10,2,40,48,1,207.785,43,1,1,0.0
2153,126,3,10,2,40,48,0,1.201,41,1,1,0.0
2154,126,4,10,2,40,48,1,3.888,42,0,1,0.0
2155,126,5,10,2,40,48,0,1.165,46,0,1,0.0
2156,126,6,10,2,40,48,1,1.176,56,0,1,0.0
2157,126,7,10,2,40,48,0,1.123,38,0,1,0.0
2158,126,8,10,2,40,48,1,2.904,53,0,1,0.0
2159,126,9,10,2,40,48,0,1.442,48,0,1,0.0
2160,127,0,5,1,40,10,0,452.25,37,1,1,0.0
2161,127,1,5,1,40,10,0,456.293,56,1,1,0.0
2162,127,2,5,1,40,10,1,459.115,24,1,1,0.0
2163,127,3,5,1,40,10,0,387.289,38,1,1,0.0
2164,127,4,5,1,40,10,1,529.6070000000001,4,0,1,0.0
2165,128,0,5,3,28,40,1,616.743,25,1,1,0.0
2166,128,1,5,3,28,40,1,396.51,44,1,1,0.0
2167,128,2,5,3,28,40,0,323.718,33,1,1,0.0
2168,128,3,5,3,28,40,1,402.223,34,1,1,0.0
2169,128,4,5,3,28,40,0,359.628,27,0,1,0.0
2170,129,0,10,1,72,60,0,564.979,81,1,1,0.0
2171,129,1,10,1,72,60,1,473.915,70,1,1,0.0
2172,129,2,10,1,72,60,0,226.805,80,1,1,0.0
2173,129,3,10,1,72,60,0,343.127,71,1,1,0.0
2174,129,4,10,1,72,60,0,1.3159999999999998,67,0,1,0.0
2175,129,5,10,1,72,60,1,1.1969999999999998,61,0,1,0.0
2176,129,6,10,1,72,60,0,1.2080000000000002,70,0,1,0.0
2177,129,7,10,1,72,60,1,1.1800000000000002,54,0,1,0.0
2178,129,8,10,1,72,60,0,1.126,72,0,1,0.0
2179,129,9,10,1,72,60,0,537.721,65,0,1,0.0
2180,130,0,10,2,60,72,1,705.138,49,1,1,0.0
2181,130,1,10,2,60,72,0,690.0690000000001,48,1,1,0.0
2182,130,2,10,2,60,72,0,506.85100000000006,71,1,1,0.0
2183,130,3,10,2,60,72,1,675.029,67,1,1,0.0
2184,130,4,10,2,60,72,1,565.3240000000001,75,0,1,0.0
2185,130,5,10,2,60,72,1,515.035,66,0,1,0.0
2186,130,6,10,2,60,72,1,457.373,77,0,1,0.0
2187,130,7,10,2,60,72,1,659.472,73,0,1,0.0
2188,130,8,10,2,60,72,1,660.2289999999999,64,0,1,0.0
2189,130,9,10,2,60,72,1,1461.911,79,0,1,0.0
2190,131,0,5,2,60,30,1,594.025,37,1,1,0.0
2191,131,1,5,2,60,30,1,340.223,30,1,1,0.0
2192,131,2,5,2,60,30,0,475.599,53,1,1,0.0
2193,131,3,5,2,60,30,0,588.807,63,1,1,0.0
2194,131,4,5,2,60,30,1,319.936,46,0,1,0.0
2195,132,0,10,2,40,44,1,505.73,29,1,1,0.0
2196,132,1,10,2,40,44,1,555.582,30,1,1,0.0
2197,132,2,10,2,40,44,0,514.03,44,1,1,0.0
2198,132,3,10,2,40,44,0,11.981,36,1,1,0.0
2199,132,4,10,2,40,44,1,161.443,41,0,1,0.0
2200,132,5,10,2,40,44,1,1984.567,41,0,1,0.0
2201,132,6,10,2,40,44,1,487.068,46,0,1,0.0
2202,132,7,10,2,40,44,1,253.717,46,0,1,0.0
2203,132,8,10,2,40,44,1,686.604,39,0,1,0.0
2204,132,9,10,2,40,44,1,222.628,37,0,1,0.0
2205,133,0,10,1,40,20,1,489.594,16,1,1,0.0
2206,133,1,10,1,40,20,0,347.56100000000004,29,1,1,0.0
2207,133,2,10,1,40,20,0,596.0790000000001,40,1,1,0.0
2208,133,3,10,1,40,20,0,327.96500000000003,42,1,1,0.0
2209,133,4,10,1,40,20,1,239.49,24,0,1,0.0
2210,133,5,10,1,40,20,0,225.612,45,0,1,0.0
2211,133,6,10,1,40,20,0,29.543,42,0,1,0.0
2212,133,7,10,1,40,20,0,383.627,38,0,1,0.0
2213,133,8,10,1,40,20,0,84.888,40,0,1,0.0
2214,133,9,10,1,40,20,0,107.973,44,0,1,0.0
2215,134,0,10,3,10,40,1,628.606,47,1,1,0.0
2216,134,1,10,3,10,40,1,496.52,30,1,1,0.0
2217,134,2,10,3,10,40,0,321.872,3,1,1,0.0
2218,134,3,10,3,10,40,1,209.05,47,1,1,0.0
2219,134,4,10,3,10,40,1,338.25699999999995,42,0,1,0.0
2220,134,5,10,3,10,40,1,297.918,58,0,1,0.0
2221,134,6,10,3,10,40,1,193.874,40,0,1,0.0
2222,134,7,10,3,10,40,1,214.372,28,0,1,0.0
2223,134,8,10,3,10,40,0,121.039,13,0,1,0.0
2224,134,9,10,3,10,40,1,32.133,33,0,1,0.0
2225,135,0,5,3,60,48,1,475.342,47,1,1,0.0
2226,135,1,5,3,60,48,0,244.887,62,1,1,0.0
2227,135,2,5,3,60,48,1,80.415,51,1,1,0.0
2228,135,3,5,3,60,48,1,338.22,56,1,1,0.0
2229,135,4,5,3,60,48,1,191.811,38,0,1,0.0
2230,136,0,5,3,40,60,1,437.008,70,1,1,0.0
2231,136,1,5,3,40,60,1,543.59,50,1,1,0.0
2232,136,2,5,3,40,60,1,306.044,55,1,1,0.0
2233,136,3,5,3,40,60,0,711.508,46,1,1,0.0
2234,136,4,5,3,40,60,1,89.10300000000001,64,0,1,0.0
2235,137,0,10,2,40,28,1,481.367,39,1,1,0.0
2236,137,1,10,2,40,28,1,491.572,40,1,1,0.0
2237,137,2,10,2,40,28,0,358.68699999999995,35,1,1,0.0
2238,137,3,10,2,40,28,0,540.597,44,1,1,0.0
2239,137,4,10,2,40,28,1,234.457,56,0,1,0.0
2240,137,5,10,2,40,28,1,286.012,26,0,1,0.0
2241,137,6,10,2,40,28,1,302.10900000000004,32,0,1,0.0
2242,137,7,10,2,40,28,1,213.801,31,0,1,0.0
2243,137,8,10,2,40,28,1,256.761,38,0,1,0.0
2244,137,9,10,2,40,28,0,306.75,35,0,1,0.0
2245,138,0,10,3,80,60,1,571.686,65,1,1,0.0
2246,138,1,10,3,80,60,1,368.7000000000001,53,1,1,0.0
2247,138,2,10,3,80,60,1,320.87300000000005,67,1,1,0.0
2248,138,3,10,3,80,60,0,502.345,99,1,1,0.0
2249,138,4,10,3,80,60,0,478.889,84,0,1,0.0
2250,138,5,10,3,80,60,0,278.91700000000003,84,0,1,0.0
2251,138,6,10,3,80,60,0,287.541,73,0,1,0.0
2252,138,7,10,3,80,60,0,223.878,70,0,1,0.0
2253,138,8,10,3,80,60,0,260.347,86,0,1,0.0
2254,138,9,10,3,80,60,0,253.342,78,0,1,0.0
2255,139,0,10,3,40,48,0,520.732,32,1,1,0.0
2256,139,1,10,3,40,48,1,335.214,46,1,1,0.0
2257,139,2,10,3,40,48,1,527.087,36,1,1,0.0
2258,139,3,10,3,40,48,1,157.51999999999998,25,1,1,0.0
2259,139,4,10,3,40,48,0,165.22899999999998,44,0,1,0.0
2260,139,5,10,3,40,48,0,249.648,35,0,1,0.0
2261,139,6,10,3,40,48,1,156.453,43,0,1,0.0
2262,139,7,10,3,40,48,0,73.249,52,0,1,0.0
2263,139,8,10,3,40,48,1,66.8,33,0,1,0.0
2264,139,9,10,3,40,48,0,260.029,36,0,1,0.0
2265,140,0,5,1,30,60,0,532.566,22,1,1,0.0
2266,140,1,5,1,30,60,1,245.062,63,1,1,0.0
2267,140,2,5,1,30,60,0,154.337,28,1,1,0.0
2268,140,3,5,1,30,60,0,510.59,29,1,1,0.0
2269,140,4,5,1,30,60,0,303.657,19,0,1,0.0
2270,141,0,5,3,60,64,1,624.126,57,1,1,0.0
2271,141,1,5,3,60,64,0,276.221,79,1,1,0.0
2272,141,2,5,3,60,64,1,366.168,80,1,1,0.0
2273,141,3,5,3,60,64,1,419.178,68,1,1,0.0
2274,141,4,5,3,60,64,0,303.767,76,0,1,0.0
2275,142,0,10,2,68,60,1,559.408,59,1,1,0.0
2276,142,1,10,2,68,60,1,550.622,59,1,1,0.0
2277,142,2,10,2,68,60,0,582.106,65,1,1,0.0
2278,142,3,10,2,68,60,0,468.009,64,1,1,0.0
2279,142,4,10,2,68,60,0,324.016,60,0,1,0.0
2280,142,5,10,2,68,60,0,500.107,68,0,1,0.0
2281,142,6,10,2,68,60,0,243.675,63,0,1,0.0
2282,142,7,10,2,68,60,0,287.352,80,0,1,0.0
2283,142,8,10,2,68,60,0,239.285,70,0,1,0.0
2284,142,9,10,2,68,60,0,944.138,76,0,1,0.0
2285,143,0,5,1,60,40,1,646.428,35,1,1,0.0
2286,143,1,5,1,60,40,0,386.625,56,1,1,0.0
2287,143,2,5,1,60,40,0,313.029,59,1,1,0.0
2288,143,3,5,1,60,40,0,264.10299999999995,75,1,1,0.0
2289,143,4,5,1,60,40,0,747.56,44,0,1,0.0
2290,144,0,5,1,60,80,1,441.392,78,1,1,0.0
2291,144,1,5,1,60,80,0,364.506,58,1,1,0.0
2292,144,2,5,1,60,80,0,228.603,50,1,1,0.0
2293,144,3,5,1,60,80,0,185.481,73,1,1,0.0
2294,144,4,5,1,60,80,0,100.623,63,0,1,0.0
2295,145,0,5,2,28,40,0,668.513,18,1,1,0.0
2296,145,1,5,2,28,40,1,343.578,28,1,1,0.0
2297,145,2,5,2,28,40,1,632.675,23,1,1,0.0
2298,145,3,5,2,28,40,0,506.08,17,1,1,0.0
2299,145,4,5,2,28,40,0,440.767,37,0,1,0.0
2300,146,0,10,2,40,52,1,516.5849999999999,58,1,1,0.0
2301,146,1,10,2,40,52,0,214.554,40,1,1,0.0
2302,146,2,10,2,40,52,0,531.192,31,1,1,0.0
2303,146,3,10,2,40,52,1,432.458,52,1,1,0.0
2304,146,4,10,2,40,52,0,300.519,53,0,1,0.0
2305,146,5,10,2,40,52,0,276.746,42,0,1,0.0
2306,146,6,10,2,40,52,1,252.019,49,0,1,0.0
2307,146,7,10,2,40,52,0,183.651,49,0,1,0.0
2308,146,8,10,2,40,52,0,371.77900000000005,30,0,1,0.0
2309,146,9,10,2,40,52,0,249.206,39,0,1,0.0
2310,147,0,10,1,60,40,0,699.973,54,1,1,0.0
2311,147,1,10,1,60,40,0,298.013,62,1,1,0.0
2312,147,2,10,1,60,40,1,612.173,47,1,1,0.0
2313,147,3,10,1,60,40,0,175.671,66,1,1,0.0
2314,147,4,10,1,60,40,1,301.572,38,0,1,0.0
2315,147,5,10,1,60,40,0,213.158,69,0,1,0.0
2316,147,6,10,1,60,40,0,305.20399999999995,65,0,1,0.0
2317,147,7,10,1,60,40,0,257.981,65,0,1,0.0
2318,147,8,10,1,60,40,0,401.923,75,0,1,0.0
2319,147,9,10,1,60,40,0,222.363,51,0,1,0.0
2320,148,0,5,2,40,52,0,516.959,38,1,1,0.0
2321,148,1,5,2,40,52,0,500.003,27,1,1,0.0
2322,148,2,5,2,40,52,1,516.707,61,1,1,0.0
2323,148,3,5,2,40,52,1,268.534,48,1,1,0.0
2324,148,4,5,2,40,52,1,381.32700000000006,48,0,1,0.0
2325,149,0,10,3,68,60,1,501.703,60,1,1,0.0
2326,149,1,10,3,68,60,1,476.727,50,1,1,0.0
2327,149,2,10,3,68,60,1,431.019,56,1,1,0.0
2328,149,3,10,3,68,60,0,329.91,74,1,1,0.0
2329,149,4,10,3,68,60,0,240.299,73,0,1,0.0
2330,149,5,10,3,68,60,0,228.45,71,0,1,0.0
2331,149,6,10,3,68,60,0,279.22799999999995,74,0,1,0.0
2332,149,7,10,3,68,60,0,239.408,80,0,1,0.0
2333,149,8,10,3,68,60,0,241.975,73,0,1,0.0
2334,149,9,10,3,68,60,0,340.667,71,0,1,0.0
2335,150,0,10,1,40,70,0,484.643,40,1,1,0.0
2336,150,1,10,1,40,70,0,356.923,47,1,1,0.0
2337,150,2,10,1,40,70,1,530.525,70,1,1,0.0
2338,150,3,10,1,40,70,0,48.239,19,1,1,0.0
2339,150,4,10,1,40,70,1,97.633,71,0,1,0.0
2340,150,5,10,1,40,70,0,18.713,42,0,1,0.0
2341,150,6,10,1,40,70,0,284.926,48,0,1,0.0
2342,150,7,10,1,40,70,0,174.30399999999997,51,0,1,0.0
2343,150,8,10,1,40,70,0,18.426,32,0,1,0.0
2344,150,9,10,1,40,70,0,180.936,46,0,1,0.0
2345,151,0,5,1,40,48,1,731.195,50,1,1,0.0
2346,151,1,5,1,40,48,0,307.158,35,1,1,0.0
2347,151,2,5,1,40,48,0,267.504,51,1,1,0.0
2348,151,3,5,1,40,48,0,292.915,51,1,1,0.0
2349,151,4,5,1,40,48,1,334.17900000000003,61,0,1,0.0
2350,152,0,5,1,36,40,1,373.211,58,1,1,0.0
2351,152,1,5,1,36,40,0,163.252,34,1,1,0.0
2352,152,2,5,1,36,40,0,441.925,28,1,1,0.0
2353,152,3,5,1,36,40,0,196.247,37,1,1,0.0
2354,152,4,5,1,36,40,1,109.885,35,0,1,0.0
2355,153,0,10,2,60,48,0,488.048,65,1,1,0.0
2356,153,1,10,2,60,48,1,526.415,48,1,1,0.0
2357,153,2,10,2,60,48,1,232.771,50,1,1,0.0
2358,153,3,10,2,60,48,0,410.069,60,1,1,0.0
2359,153,4,10,2,60,48,1,6.877000000000001,52,0,1,0.0
2360,153,5,10,2,60,48,0,1.315,56,0,1,0.0
2361,153,6,10,2,60,48,0,1.199,55,0,1,0.0
2362,153,7,10,2,60,48,1,1.261,56,0,1,0.0
2363,153,8,10,2,60,48,1,1.167,51,0,1,0.0
2364,153,9,10,2,60,48,1,1.25,41,0,1,0.0
2365,154,0,5,1,90,60,0,478.234,92,1,1,0.0
2366,154,1,5,1,90,60,0,343.265,92,1,1,0.0
2367,154,2,5,1,90,60,1,376.341,66,1,1,0.0
2368,154,3,5,1,90,60,0,12.888,80,1,1,0.0
2369,154,4,5,1,90,60,0,4.0,76,0,1,0.0
2370,155,0,5,2,40,60,0,478.436,57,1,1,0.0
2371,155,1,5,2,40,60,1,231.792,67,1,1,0.0
2372,155,2,5,2,40,60,1,412.582,60,1,1,0.0
2373,155,3,5,2,40,60,0,32.209,56,1,1,0.0
2374,155,4,5,2,40,60,1,1.155,74,0,1,0.0
2375,156,0,5,3,60,30,1,1.178,34,1,1,0.0
2376,156,1,5,3,60,30,0,265.84000000000003,63,1,1,0.0
2377,156,2,5,3,60,30,1,341.07500000000005,33,1,1,0.0
2378,156,3,5,3,60,30,1,730.9010000000001,24,1,1,0.0
2379,156,4,5,3,60,30,0,1.479,72,0,1,0.0
2380,157,0,5,1,60,56,0,1.791,55,1,1,0.0
2381,157,1,5,1,60,56,0,347.429,66,1,1,0.0
2382,157,2,5,1,60,56,0,690.3280000000001,53,1,1,0.0
2383,157,3,5,1,60,56,1,450.791,52,1,1,0.0
2384,157,4,5,1,60,56,0,1.323,65,0,1,0.0
2385,158,0,5,1,64,60,0,418.584,59,1,1,0.0
2386,158,1,5,1,64,60,1,327.671,68,1,1,0.0
2387,158,2,5,1,64,60,0,1.255,67,1,1,0.0
2388,158,3,5,1,64,60,0,1.966,60,1,1,0.0
2389,158,4,5,1,64,60,1,0.7020000000000001,55,0,1,0.0
2390,159,0,10,2,80,60,1,611.756,64,1,1,0.0
2391,159,1,10,2,80,60,0,239.487,77,1,1,0.0
2392,159,2,10,2,80,60,1,0.662,64,1,1,0.0
2393,159,3,10,2,80,60,0,0.565,92,1,1,0.0
2394,159,4,10,2,80,60,1,0.486,61,0,1,0.0
2395,159,5,10,2,80,60,1,0.492,44,0,1,0.0
2396,159,6,10,2,80,60,1,0.5509999999999999,68,0,1,0.0
2397,159,7,10,2,80,60,0,0.661,80,0,1,0.0
2398,159,8,10,2,80,60,0,0.671,81,0,1,0.0
2399,159,9,10,2,80,60,0,0.519,93,0,1,0.0
2400,0,0,5,3,68,60,0,10347.002,63,1,2,0.0
2401,0,1,5,3,68,60,1,629.005,60,1,2,0.0
2402,0,2,5,3,68,60,1,546.423,64,1,2,0.0
2403,0,3,5,3,68,60,1,498.214,74,1,2,0.0
2404,0,4,5,3,68,60,0,627.404,73,0,2,0.0
2405,1,0,10,2,40,32,1,848.249,36,1,2,0.0
2406,1,1,10,2,40,32,1,384.79,41,1,2,0.0
2407,1,2,10,2,40,32,0,432.075,40,1,2,0.0
2408,1,3,10,2,40,32,0,472.491,33,1,2,0.0
2409,1,4,10,2,40,32,1,426.169,44,0,2,0.0
2410,1,5,10,2,40,32,0,3158.924,46,0,2,0.0
2411,1,6,10,2,40,32,0,2654.996,48,0,2,0.0
2412,1,7,10,2,40,32,1,682.083,32,0,2,0.0
2413,1,8,10,2,40,32,0,610.796,39,0,2,0.0
2414,1,9,10,2,40,32,1,363.488,21,0,2,0.0
2415,2,0,5,2,32,40,0,940.685,18,1,2,0.0
2416,2,1,5,2,32,40,1,309.043,51,1,2,0.0
2417,2,2,5,2,32,40,1,392.326,41,1,2,0.0
2418,2,3,5,2,32,40,0,542.5419999999999,23,1,2,0.0
2419,2,4,5,2,32,40,0,494.351,35,0,2,0.0
2420,3,0,10,3,56,60,0,618.36,65,1,2,0.0
2421,3,1,10,3,56,60,1,227.151,55,1,2,0.0
2422,3,2,10,3,56,60,1,355.324,68,1,2,0.0
2423,3,3,10,3,56,60,1,337.506,61,1,2,0.0
2424,3,4,10,3,56,60,1,3730.526,60,0,2,0.0
2425,3,5,10,3,56,60,0,875.29,63,0,2,0.0
2426,3,6,10,3,56,60,0,2556.51,49,0,2,0.0
2427,3,7,10,3,56,60,1,340.356,42,0,2,0.0
2428,3,8,10,3,56,60,0,3220.43,63,0,2,0.0
2429,3,9,10,3,56,60,0,760.81,61,0,2,0.0
2430,4,0,10,2,40,20,1,599.46,18,1,2,0.0
2431,4,1,10,2,40,20,0,372.17,53,1,2,0.0
2432,4,2,10,2,40,20,0,365.226,50,1,2,0.0
2433,4,3,10,2,40,20,1,331.32,19,1,2,0.0
2434,4,4,10,2,40,20,1,1363.8049999999998,20,0,2,0.0
2435,4,5,10,2,40,20,1,329.407,40,0,2,0.0
2436,4,6,10,2,40,20,1,770.005,10,0,2,0.0
2437,4,7,10,2,40,20,1,321.15700000000004,11,0,2,0.0
2438,4,8,10,2,40,20,1,352.62100000000004,22,0,2,0.0
2439,4,9,10,2,40,20,0,382.926,44,0,2,0.0
2440,5,0,10,2,10,40,0,725.6740000000001,13,1,2,0.0
2441,5,1,10,2,10,40,1,287.205,51,1,2,0.0
2442,5,2,10,2,10,40,0,448.676,1,1,2,0.0
2443,5,3,10,2,10,40,1,396.165,36,1,2,0.0
2444,5,4,10,2,10,40,1,928.759,38,0,2,0.0
2445,5,5,10,2,10,40,0,1281.07,11,0,2,0.0
2446,5,6,10,2,10,40,1,195.846,52,0,2,0.0
2447,5,7,10,2,10,40,1,297.315,36,0,2,0.0
2448,5,8,10,2,10,40,1,274.566,27,0,2,0.0
2449,5,9,10,2,10,40,1,380.361,38,0,2,0.0
2450,6,0,5,1,60,56,0,652.197,65,1,2,0.0
2451,6,1,5,1,60,56,1,309.695,50,1,2,0.0
2452,6,2,5,1,60,56,0,338.34700000000004,74,1,2,0.0
2453,6,3,5,1,60,56,0,680.215,55,1,2,0.0
2454,6,4,5,1,60,56,1,977.836,72,0,2,0.0
2455,7,0,10,1,44,40,1,449.682,29,1,2,0.0
2456,7,1,10,1,44,40,0,268.81300000000005,42,1,2,0.0
2457,7,2,10,1,44,40,0,440.313,40,1,2,0.0
2458,7,3,10,1,44,40,0,363.483,42,1,2,0.0
2459,7,4,10,1,44,40,1,1186.719,29,0,2,0.0
2460,7,5,10,1,44,40,1,1072.1750000000002,38,0,2,0.0
2461,7,6,10,1,44,40,1,1203.787,40,0,2,0.0
2462,7,7,10,1,44,40,0,944.699,49,0,2,0.0
2463,7,8,10,1,44,40,0,1527.395,38,0,2,0.0
2464,7,9,10,1,44,40,1,286.859,46,0,2,0.0
2465,8,0,5,2,64,60,1,561.397,60,1,2,0.0
2466,8,1,5,2,64,60,1,304.5,66,1,2,0.0
2467,8,2,5,2,64,60,0,367.608,61,1,2,0.0
2468,8,3,5,2,64,60,0,408.41,65,1,2,0.0
2469,8,4,5,2,64,60,1,3182.752,54,0,2,0.0
2470,9,0,10,2,60,52,0,781.8810000000001,44,1,2,0.0
2471,9,1,10,2,60,52,1,245.454,51,1,2,0.0
2472,9,2,10,2,60,52,1,329.20500000000004,60,1,2,0.0
2473,9,3,10,2,60,52,0,394.476,59,1,2,0.0
2474,9,4,10,2,60,52,1,270.515,52,0,2,0.0
2475,9,5,10,2,60,52,1,2073.568,50,0,2,0.0
2476,9,6,10,2,60,52,1,619.502,60,0,2,0.0
2477,9,7,10,2,60,52,0,785.3149999999999,62,0,2,0.0
2478,9,8,10,2,60,52,0,317.25100000000003,63,0,2,0.0
2479,9,9,10,2,60,52,1,196.799,51,0,2,0.0
2480,10,0,5,2,40,44,1,499.969,43,1,2,0.0
2481,10,1,5,2,40,44,0,180.497,31,1,2,0.0
2482,10,2,5,2,40,44,1,237.506,49,1,2,0.0
2483,10,3,5,2,40,44,0,288.837,35,1,2,0.0
2484,10,4,5,2,40,44,0,593.595,48,0,2,0.0
2485,11,0,10,2,68,60,1,465.208,66,1,2,0.0
2486,11,1,10,2,68,60,0,170.962,62,1,2,0.0
2487,11,2,10,2,68,60,1,221.278,53,1,2,0.0
2488,11,3,10,2,68,60,0,335.592,64,1,2,0.0
2489,11,4,10,2,68,60,1,416.313,67,0,2,0.0
2490,11,5,10,2,68,60,1,1972.897,63,0,2,0.0
2491,11,6,10,2,68,60,0,466.835,70,0,2,0.0
2492,11,7,10,2,68,60,0,493.534,60,0,2,0.0
2493,11,8,10,2,68,60,1,1246.0800000000002,59,0,2,0.0
2494,11,9,10,2,68,60,0,458.448,57,0,2,0.0
2495,12,0,10,2,20,40,1,438.259,27,1,2,0.0
2496,12,1,10,2,20,40,0,311.499,24,1,2,0.0
2497,12,2,10,2,20,40,1,315.065,35,1,2,0.0
2498,12,3,10,2,20,40,0,277.297,21,1,2,0.0
2499,12,4,10,2,20,40,1,319.275,44,0,2,0.0
2500,12,5,10,2,20,40,1,1608.263,40,0,2,0.0
2501,12,6,10,2,20,40,0,101.636,23,0,2,0.0
2502,12,7,10,2,20,40,1,212.991,36,0,2,0.0
2503,12,8,10,2,20,40,0,265.765,24,0,2,0.0
2504,12,9,10,2,20,40,1,268.433,49,0,2,0.0
2505,13,0,10,1,60,90,0,649.886,61,1,2,0.0
2506,13,1,10,1,60,90,0,354.825,72,1,2,0.0
2507,13,2,10,1,60,90,1,480.318,92,1,2,0.0
2508,13,3,10,1,60,90,0,469.744,69,1,2,0.0
2509,13,4,10,1,60,90,1,343.403,92,0,2,0.0
2510,13,5,10,1,60,90,1,382.395,81,0,2,0.0
2511,13,6,10,1,60,90,1,293.741,97,0,2,0.0
2512,13,7,10,1,60,90,1,246.825,94,0,2,0.0
2513,13,8,10,1,60,90,1,257.773,89,0,2,0.0
2514,13,9,10,1,60,90,1,243.459,87,0,2,0.0
2515,14,0,5,2,40,70,0,695.755,40,1,2,0.0
2516,14,1,5,2,40,70,1,267.23400000000004,75,1,2,0.0
2517,14,2,5,2,40,70,0,382.613,36,1,2,0.0
2518,14,3,5,2,40,70,1,332.827,78,1,2,0.0
2519,14,4,5,2,40,70,1,228.985,78,0,2,0.0
2520,15,0,5,1,90,60,0,529.822,94,1,2,0.0
2521,15,1,5,1,90,60,1,320.907,53,1,2,0.0
2522,15,2,5,1,90,60,0,302.917,84,1,2,0.0
2523,15,3,5,1,90,60,0,453.525,97,1,2,0.0
2524,15,4,5,1,90,60,0,377.463,80,0,2,0.0
2525,16,0,10,1,52,40,0,441.309,61,1,2,0.0
2526,16,1,10,1,52,40,1,260.661,33,1,2,0.0
2527,16,2,10,1,52,40,0,313.35400000000004,56,1,2,0.0
2528,16,3,10,1,52,40,0,455.169,53,1,2,0.0
2529,16,4,10,1,52,40,1,235.233,47,0,2,0.0
2530,16,5,10,1,52,40,0,223.503,51,0,2,0.0
2531,16,6,10,1,52,40,0,730.297,54,0,2,0.0
2532,16,7,10,1,52,40,0,507.73,72,0,2,0.0
2533,16,8,10,1,52,40,0,242.463,61,0,2,0.0
2534,16,9,10,1,52,40,0,109.372,45,0,2,0.0
2535,17,0,10,2,40,70,0,438.303,38,1,2,0.0
2536,17,1,10,2,40,70,1,291.65200000000004,63,1,2,0.0
2537,17,2,10,2,40,70,1,377.487,72,1,2,0.0
2538,17,3,10,2,40,70,0,340.94,58,1,2,0.0
2539,17,4,10,2,40,70,1,587.687,73,0,2,0.0
2540,17,5,10,2,40,70,1,74.811,65,0,2,0.0
2541,17,6,10,2,40,70,1,253.247,71,0,2,0.0
2542,17,7,10,2,40,70,1,120.417,67,0,2,0.0
2543,17,8,10,2,40,70,1,168.11100000000002,65,0,2,0.0
2544,17,9,10,2,40,70,1,149.749,81,0,2,0.0
2545,18,0,5,2,60,90,1,437.78,92,1,2,0.0
2546,18,1,5,2,60,90,0,241.233,54,1,2,0.0
2547,18,2,5,2,60,90,0,606.1450000000001,61,1,2,0.0
2548,18,3,5,2,60,90,1,409.697,96,1,2,0.0
2549,18,4,5,2,60,90,1,249.104,97,0,2,0.0
2550,19,0,10,2,68,60,1,306.274,56,1,2,0.0
2551,19,1,10,2,68,60,0,151.997,80,1,2,0.0
2552,19,2,10,2,68,60,0,607.442,60,1,2,0.0
2553,19,3,10,2,68,60,1,365.007,63,1,2,0.0
2554,19,4,10,2,68,60,0,730.835,71,0,2,0.0
2555,19,5,10,2,68,60,0,99.568,78,0,2,0.0
2556,19,6,10,2,68,60,0,68.399,70,0,2,0.0
2557,19,7,10,2,68,60,0,127.059,75,0,2,0.0
2558,19,8,10,2,68,60,0,95.089,77,0,2,0.0
2559,19,9,10,2,68,60,0,112.337,65,0,2,0.0
2560,20,0,10,2,60,40,0,416.181,51,1,2,0.0
2561,20,1,10,2,60,40,1,245.245,26,1,2,0.0
2562,20,2,10,2,60,40,1,575.099,32,1,2,0.0
2563,20,3,10,2,60,40,0,213.972,50,1,2,0.0
2564,20,4,10,2,60,40,0,461.272,75,0,2,0.0
2565,20,5,10,2,60,40,0,8.738,62,0,2,0.0
2566,20,6,10,2,60,40,0,83.90599999999999,56,0,2,0.0
2567,20,7,10,2,60,40,0,86.29599999999999,68,0,2,0.0
2568,20,8,10,2,60,40,0,88.19,63,0,2,0.0
2569,20,9,10,2,60,40,0,96.763,61,0,2,0.0
2570,21,0,5,3,60,30,1,426.732,18,1,2,0.0
2571,21,1,5,3,60,30,1,343.26800000000003,45,1,2,0.0
2572,21,2,5,3,60,30,1,422.169,13,1,2,0.0
2573,21,3,5,3,60,30,0,371.25,62,1,2,0.0
2574,21,4,5,3,60,30,0,121.492,64,0,2,0.0
2575,22,0,10,2,40,36,1,451.969,33,1,2,0.0
2576,22,1,10,2,40,36,1,367.218,44,1,2,0.0
2577,22,2,10,2,40,36,0,355.69,46,1,2,0.0
2578,22,3,10,2,40,36,0,341.586,33,1,2,0.0
2579,22,4,10,2,40,36,0,1485.763,47,0,2,0.0
2580,22,5,10,2,40,36,1,128.038,27,0,2,0.0
2581,22,6,10,2,40,36,0,110.631,40,0,2,0.0
2582,22,7,10,2,40,36,0,96.723,42,0,2,0.0
2583,22,8,10,2,40,36,0,47.878,35,0,2,0.0
2584,22,9,10,2,40,36,0,105.833,33,0,2,0.0
2585,23,0,5,2,30,60,1,461.074,60,1,2,0.0
2586,23,1,5,2,30,60,0,327.09700000000004,33,1,2,0.0
2587,23,2,5,2,30,60,0,365.72,37,1,2,0.0
2588,23,3,5,2,30,60,1,336.178,74,1,2,0.0
2589,23,4,5,2,30,60,1,104.039,54,0,2,0.0
2590,24,0,10,3,60,68,1,450.914,73,1,2,0.0
2591,24,1,10,3,60,68,1,437.546,71,1,2,0.0
2592,24,2,10,3,60,68,1,292.805,63,1,2,0.0
2593,24,3,10,3,60,68,0,580.098,67,1,2,0.0
2594,24,4,10,3,60,68,0,202.654,65,0,2,0.0
2595,24,5,10,3,60,68,0,2159.3900000000003,63,0,2,0.0
2596,24,6,10,3,60,68,1,61.96,68,0,2,0.0
2597,24,7,10,3,60,68,1,137.377,63,0,2,0.0
2598,24,8,10,3,60,68,1,392.311,73,0,2,0.0
2599,24,9,10,3,60,68,1,124.703,64,0,2,0.0
2600,25,0,10,3,52,60,0,501.656,64,1,2,0.0
2601,25,1,10,3,52,60,1,214.857,63,1,2,0.0
2602,25,2,10,3,52,60,1,477.291,82,1,2,0.0
2603,25,3,10,3,52,60,1,320.019,67,1,2,0.0
2604,25,4,10,3,52,60,1,840.584,53,0,2,0.0
2605,25,5,10,3,52,60,1,322.529,50,0,2,0.0
2606,25,6,10,3,52,60,0,115.428,54,0,2,0.0
2607,25,7,10,3,52,60,0,164.289,55,0,2,0.0
2608,25,8,10,3,52,60,0,139.93800000000002,59,0,2,0.0
2609,25,9,10,3,52,60,0,138.02700000000002,54,0,2,0.0
2610,26,0,10,1,60,30,0,402.771,48,1,2,0.0
2611,26,1,10,1,60,30,1,232.722,31,1,2,0.0
2612,26,2,10,1,60,30,0,348.979,64,1,2,0.0
2613,26,3,10,1,60,30,0,316.625,75,1,2,0.0
2614,26,4,10,1,60,30,0,1284.215,63,0,2,0.0
2615,26,5,10,1,60,30,0,94.84,61,0,2,0.0
2616,26,6,10,1,60,30,0,65.345,52,0,2,0.0
2617,26,7,10,1,60,30,0,59.351,60,0,2,0.0
2618,26,8,10,1,60,30,0,94.746,61,0,2,0.0
2619,26,9,10,1,60,30,0,71.52600000000001,48,0,2,0.0
2620,27,0,5,2,60,56,0,489.219,67,1,2,0.0
2621,27,1,5,2,60,56,0,403.009,65,1,2,0.0
2622,27,2,5,2,60,56,1,347.60600000000005,52,1,2,0.0
2623,27,3,5,2,60,56,1,873.703,55,1,2,0.0
2624,27,4,5,2,60,56,0,299.74600000000004,68,0,2,0.0
2625,28,0,10,1,40,36,0,480.65,35,1,2,0.0
2626,28,1,10,1,40,36,0,410.061,48,1,2,0.0
2627,28,2,10,1,40,36,0,278.553,47,1,2,0.0
2628,28,3,10,1,40,36,1,280.892,33,1,2,0.0
2629,28,4,10,1,40,36,1,115.556,28,0,2,0.0
2630,28,5,10,1,40,36,0,763.711,39,0,2,0.0
2631,28,6,10,1,40,36,0,154.839,38,0,2,0.0
2632,28,7,10,1,40,36,0,154.918,20,0,2,0.0
2633,28,8,10,1,40,36,0,89.766,37,0,2,0.0
2634,28,9,10,1,40,36,0,65.05,42,0,2,0.0
2635,29,0,5,2,28,40,1,420.184,51,1,2,0.0
2636,29,1,5,2,28,40,0,321.306,41,1,2,0.0
2637,29,2,5,2,28,40,1,250.79,43,1,2,0.0
2638,29,3,5,2,28,40,0,333.458,18,1,2,0.0
2639,29,4,5,2,28,40,1,271.245,52,0,2,0.0
2640,30,0,5,2,52,60,1,339.928,63,1,2,0.0
2641,30,1,5,2,52,60,0,291.485,39,1,2,0.0
2642,30,2,5,2,52,60,1,277.403,61,1,2,0.0
2643,30,3,5,2,52,60,0,263.54100000000005,44,1,2,0.0
2644,30,4,5,2,52,60,1,105.945,63,0,2,0.0
2645,31,0,10,2,52,60,0,444.918,55,1,2,0.0
2646,31,1,10,2,52,60,1,327.61,41,1,2,0.0
2647,31,2,10,2,52,60,1,296.007,54,1,2,0.0
2648,31,3,10,2,52,60,0,370.844,53,1,2,0.0
2649,31,4,10,2,52,60,0,1232.258,47,0,2,0.0
2650,31,5,10,2,52,60,0,293.346,59,0,2,0.0
2651,31,6,10,2,52,60,0,182.354,49,0,2,0.0
2652,31,7,10,2,52,60,1,141.202,68,0,2,0.0
2653,31,8,10,2,52,60,1,123.472,63,0,2,0.0
2654,31,9,10,2,52,60,1,84.167,64,0,2,0.0
2655,32,0,5,3,56,60,1,597.591,67,1,2,0.0
2656,32,1,5,3,56,60,1,316.41,55,1,2,0.0
2657,32,2,5,3,56,60,1,396.374,70,1,2,0.0
2658,32,3,5,3,56,60,0,305.487,56,1,2,0.0
2659,32,4,5,3,56,60,1,234.948,67,0,2,0.0
2660,33,0,5,3,40,70,0,514.6030000000001,41,1,2,0.0
2661,33,1,5,3,40,70,1,233.201,67,1,2,0.0
2662,33,2,5,3,40,70,1,346.219,61,1,2,0.0
2663,33,3,5,3,40,70,1,389.418,60,1,2,0.0
2664,33,4,5,3,40,70,1,227.929,75,0,2,0.0
2665,34,0,5,1,40,20,0,457.675,29,1,2,0.0
2666,34,1,5,1,40,20,0,379.055,49,1,2,0.0
2667,34,2,5,1,40,20,0,298.01,40,1,2,0.0
2668,34,3,5,1,40,20,1,323.552,34,1,2,0.0
2669,34,4,5,1,40,20,0,308.68,33,0,2,0.0
2670,35,0,5,1,40,32,0,638.1949999999999,47,1,2,0.0
2671,35,1,5,1,40,32,0,374.88,48,1,2,0.0
2672,35,2,5,1,40,32,1,282.956,36,1,2,0.0
2673,35,3,5,1,40,32,0,397.317,37,1,2,0.0
2674,35,4,5,1,40,32,0,649.37,35,0,2,0.0
2675,36,0,10,3,40,60,1,406.562,75,1,2,0.0
2676,36,1,10,3,40,60,0,307.456,43,1,2,0.0
2677,36,2,10,3,40,60,1,206.783,55,1,2,0.0
2678,36,3,10,3,40,60,1,490.864,65,1,2,0.0
2679,36,4,10,3,40,60,1,597.352,50,0,2,0.0
2680,36,5,10,3,40,60,1,97.936,64,0,2,0.0
2681,36,6,10,3,40,60,0,67.356,23,0,2,0.0
2682,36,7,10,3,40,60,1,0.417,57,0,2,0.0
2683,36,8,10,3,40,60,1,26.036,55,0,2,0.0
2684,36,9,10,3,40,60,1,36.789,50,0,2,0.0
2685,37,0,5,1,52,60,0,601.548,49,1,2,0.0
2686,37,1,5,1,52,60,0,357.259,58,1,2,0.0
2687,37,2,5,1,52,60,0,368.086,46,1,2,0.0
2688,37,3,5,1,52,60,1,262.911,71,1,2,0.0
2689,37,4,5,1,52,60,1,137.219,70,0,2,0.0
2690,38,0,10,2,36,40,0,530.396,42,1,2,0.0
2691,38,1,10,2,36,40,1,250.335,46,1,2,0.0
2692,38,2,10,2,36,40,0,330.606,22,1,2,0.0
2693,38,3,10,2,36,40,1,248.358,52,1,2,0.0
2694,38,4,10,2,36,40,1,426.722,53,0,2,0.0
2695,38,5,10,2,36,40,0,311.593,19,0,2,0.0
2696,38,6,10,2,36,40,1,24.374,29,0,2,0.0
2697,38,7,10,2,36,40,1,43.245,40,0,2,0.0
2698,38,8,10,2,36,40,1,23.478,29,0,2,0.0
2699,38,9,10,2,36,40,1,0.5810000000000001,50,0,2,0.0
2700,39,0,5,1,60,72,1,374.947,82,1,2,0.0
2701,39,1,5,1,60,72,0,303.361,67,1,2,0.0
2702,39,2,5,1,60,72,0,480.466,57,1,2,0.0
2703,39,3,5,1,60,72,0,295.415,56,1,2,0.0
2704,39,4,5,1,60,72,1,197.144,80,0,2,0.0
2705,40,0,10,2,60,80,0,3603.465,54,1,2,0.0
2706,40,1,10,2,60,80,1,297.48,82,1,2,0.0
2707,40,2,10,2,60,80,0,388.778,73,1,2,0.0
2708,40,3,10,2,60,80,1,314.846,90,1,2,0.0
2709,40,4,10,2,60,80,1,539.107,96,0,2,0.0
2710,40,5,10,2,60,80,1,11.678,80,0,2,0.0
2711,40,6,10,2,60,80,1,0.521,88,0,2,0.0
2712,40,7,10,2,60,80,1,0.596,74,0,2,0.0
2713,40,8,10,2,60,80,1,0.6130000000000001,85,0,2,0.0
2714,40,9,10,2,60,80,1,388.85,97,0,2,0.0
2715,41,0,10,2,60,40,1,411.082,46,1,2,0.0
2716,41,1,10,2,60,40,1,352.66700000000003,43,1,2,0.0
2717,41,2,10,2,60,40,0,425.755,60,1,2,0.0
2718,41,3,10,2,60,40,0,421.595,58,1,2,0.0
2719,41,4,10,2,60,40,0,1506.01,59,0,2,0.0
2720,41,5,10,2,60,40,1,484.741,45,0,2,0.0
2721,41,6,10,2,60,40,0,0.484,62,0,2,0.0
2722,41,7,10,2,60,40,0,114.306,73,0,2,0.0
2723,41,8,10,2,60,40,0,162.98000000000002,60,0,2,0.0
2724,41,9,10,2,60,40,0,73.262,59,0,2,0.0
2725,42,0,10,3,60,48,1,427.744,35,1,2,0.0
2726,42,1,10,3,60,48,1,327.40000000000003,53,1,2,0.0
2727,42,2,10,3,60,48,1,296.917,53,1,2,0.0
2728,42,3,10,3,60,48,0,280.55400000000003,64,1,2,0.0
2729,42,4,10,3,60,48,0,275.593,68,0,2,0.0
2730,42,5,10,3,60,48,0,284.459,46,0,2,0.0
2731,42,6,10,3,60,48,0,167.37,59,0,2,0.0
2732,42,7,10,3,60,48,0,69.066,51,0,2,0.0
2733,42,8,10,3,60,48,0,6.859999999999999,61,0,2,0.0
2734,42,9,10,3,60,48,0,0.501,57,0,2,0.0
2735,43,0,5,3,48,40,0,530.023,47,1,2,0.0
2736,43,1,5,3,48,40,1,217.113,31,1,2,0.0
2737,43,2,5,3,48,40,1,329.608,53,1,2,0.0
2738,43,3,5,3,48,40,1,395.748,45,1,2,0.0
2739,43,4,5,3,48,40,0,236.257,50,0,2,0.0
2740,44,0,5,2,60,40,1,274.18,28,1,2,0.0
2741,44,1,5,2,60,40,1,284.54600000000005,34,1,2,0.0
2742,44,2,5,2,60,40,0,415.154,57,1,2,0.0
2743,44,3,5,2,60,40,0,444.178,73,1,2,0.0
2744,44,4,5,2,60,40,0,871.0120000000001,62,0,2,0.0
2745,45,0,10,2,60,72,1,403.243,75,1,2,0.0
2746,45,1,10,2,60,72,0,368.3080000000001,75,1,2,0.0
2747,45,2,10,2,60,72,0,411.88,53,1,2,0.0
2748,45,3,10,2,60,72,1,284.324,77,1,2,0.0
2749,45,4,10,2,60,72,0,375.144,55,0,2,0.0
2750,45,5,10,2,60,72,1,245.682,72,0,2,0.0
2751,45,6,10,2,60,72,1,168.009,49,0,2,0.0
2752,45,7,10,2,60,72,1,54.756,55,0,2,0.0
2753,45,8,10,2,60,72,1,49.92,72,0,2,0.0
2754,45,9,10,2,60,72,1,27.522,81,0,2,0.0
2755,46,0,5,3,80,60,1,294.06100000000004,49,1,2,0.0
2756,46,1,5,3,80,60,1,290.914,64,1,2,0.0
2757,46,2,5,3,80,60,1,404.661,62,1,2,0.0
2758,46,3,5,3,80,60,0,321.051,80,1,2,0.0
2759,46,4,5,3,80,60,0,145.101,98,0,2,0.0
2760,47,0,5,3,60,64,1,320.899,69,1,2,0.0
2761,47,1,5,3,60,64,0,355.12300000000005,46,1,2,0.0
2762,47,2,5,3,60,64,1,249.892,51,1,2,0.0
2763,47,3,5,3,60,64,1,261.924,69,1,2,0.0
2764,47,4,5,3,60,64,1,687.6139999999999,65,0,2,0.0
2765,48,0,5,3,60,40,1,459.924,47,1,2,0.0
2766,48,1,5,3,60,40,1,317.534,42,1,2,0.0
2767,48,2,5,3,60,40,0,403.807,65,1,2,0.0
2768,48,3,5,3,60,40,1,307.838,31,1,2,0.0
2769,48,4,5,3,60,40,0,276.404,47,0,2,0.0
2770,49,0,5,3,48,60,1,303.234,59,1,2,0.0
2771,49,1,5,3,48,60,1,337.822,68,1,2,0.0
2772,49,2,5,3,48,60,1,249.245,60,1,2,0.0
2773,49,3,5,3,48,60,0,236.667,44,1,2,0.0
2774,49,4,5,3,48,60,1,152.588,65,0,2,0.0
2775,50,0,10,1,40,28,1,366.835,10,1,2,0.0
2776,50,1,10,1,40,28,0,333.757,29,1,2,0.0
2777,50,2,10,1,40,28,0,531.59,45,1,2,0.0
2778,50,3,10,1,40,28,0,382.463,38,1,2,0.0
2779,50,4,10,1,40,28,0,580.111,57,0,2,0.0
2780,50,5,10,1,40,28,1,179.711,18,0,2,0.0
2781,50,6,10,1,40,28,0,24.695,43,0,2,0.0
2782,50,7,10,1,40,28,0,0.473,41,0,2,0.0
2783,50,8,10,1,40,28,0,289.368,31,0,2,0.0
2784,50,9,10,1,40,28,0,74.582,47,0,2,0.0
2785,51,0,10,1,40,70,0,549.963,56,1,2,0.0
2786,51,1,10,1,40,70,0,406.486,36,1,2,0.0
2787,51,2,10,1,40,70,1,325.228,78,1,2,0.0
2788,51,3,10,1,40,70,0,355.588,45,1,2,0.0
2789,51,4,10,1,40,70,1,331.55600000000004,74,0,2,0.0
2790,51,5,10,1,40,70,1,0.579,76,0,2,0.0
2791,51,6,10,1,40,70,1,0.4659999999999999,71,0,2,0.0
2792,51,7,10,1,40,70,1,22.625,68,0,2,0.0
2793,51,8,10,1,40,70,1,0.455,66,0,2,0.0
2794,51,9,10,1,40,70,1,0.528,61,0,2,0.0
2795,52,0,5,2,72,60,1,458.919,55,1,2,0.0
2796,52,1,5,2,72,60,0,359.359,71,1,2,0.0
2797,52,2,5,2,72,60,0,469.928,74,1,2,0.0
2798,52,3,5,2,72,60,1,321.82,57,1,2,0.0
2799,52,4,5,2,72,60,0,642.328,77,0,2,0.0
2800,53,0,10,3,44,40,1,485.88,37,1,2,0.0
2801,53,1,10,3,44,40,1,280.743,45,1,2,0.0
2802,53,2,10,3,44,40,1,331.155,47,1,2,0.0
2803,53,3,10,3,44,40,0,323.273,41,1,2,0.0
2804,53,4,10,3,44,40,1,276.878,46,0,2,0.0
2805,53,5,10,3,44,40,1,238.146,54,0,2,0.0
2806,53,6,10,3,44,40,0,409.631,53,0,2,0.0
2807,53,7,10,3,44,40,1,0.464,44,0,2,0.0
2808,53,8,10,3,44,40,0,0.4629999999999999,35,0,2,0.0
2809,53,9,10,3,44,40,0,0.553,32,0,2,0.0
2810,54,0,10,1,60,40,1,573.527,37,1,2,0.0
2811,54,1,10,1,60,40,0,304.74,70,1,2,0.0
2812,54,2,10,1,60,40,0,349.172,52,1,2,0.0
2813,54,3,10,1,60,40,0,308.618,53,1,2,0.0
2814,54,4,10,1,60,40,0,1142.188,63,0,2,0.0
2815,54,5,10,1,60,40,0,237.329,53,0,2,0.0
2816,54,6,10,1,60,40,0,0.501,61,0,2,0.0
2817,54,7,10,1,60,40,0,135.33700000000002,57,0,2,0.0
2818,54,8,10,1,60,40,0,0.347,69,0,2,0.0
2819,54,9,10,1,60,40,0,0.475,63,0,2,0.0
2820,55,0,10,2,64,60,0,384.441,62,1,2,0.0
2821,55,1,10,2,64,60,0,335.37699999999995,69,1,2,0.0
2822,55,2,10,2,64,60,1,303.134,64,1,2,0.0
2823,55,3,10,2,64,60,1,304.176,57,1,2,0.0
2824,55,4,10,2,64,60,0,432.634,63,0,2,0.0
2825,55,5,10,2,64,60,0,44.623000000000005,53,0,2,0.0
2826,55,6,10,2,64,60,0,0.532,66,0,2,0.0
2827,55,7,10,2,64,60,0,78.461,69,0,2,0.0
2828,55,8,10,2,64,60,0,39.495000000000005,69,0,2,0.0
2829,55,9,10,2,64,60,0,11.983,59,0,2,0.0
2830,56,0,10,2,60,90,1,374.296,99,1,2,0.0
2831,56,1,10,2,60,90,1,337.697,92,1,2,0.0
2832,56,2,10,2,60,90,0,456.252,57,1,2,0.0
2833,56,3,10,2,60,90,0,345.989,41,1,2,0.0
2834,56,4,10,2,60,90,1,145.077,89,0,2,0.0
2835,56,5,10,2,60,90,1,34.008,99,0,2,0.0
2836,56,6,10,2,60,90,1,0.51,99,0,2,0.0
2837,56,7,10,2,60,90,1,0.532,90,0,2,0.0
2838,56,8,10,2,60,90,1,0.402,93,0,2,0.0
2839,56,9,10,2,60,90,1,387.146,93,0,2,0.0
2840,57,0,5,2,40,20,0,471.935,41,1,2,0.0
2841,57,1,5,2,40,20,0,327.316,36,1,2,0.0
2842,57,2,5,2,40,20,1,261.266,21,1,2,0.0
2843,57,3,5,2,40,20,1,320.258,16,1,2,0.0
2844,57,4,5,2,40,20,0,153.002,17,0,2,0.0
2845,58,0,5,2,60,80,0,671.2900000000001,54,1,2,0.0
2846,58,1,5,2,60,80,0,315.56,55,1,2,0.0
2847,58,2,5,2,60,80,1,232.662,88,1,2,0.0
2848,58,3,5,2,60,80,1,266.70500000000004,82,1,2,0.0
2849,58,4,5,2,60,80,1,99.795,85,0,2,0.0
2850,59,0,5,3,40,52,1,366.406,52,1,2,0.0
2851,59,1,5,3,40,52,0,301.934,52,1,2,0.0
2852,59,2,5,3,40,52,1,255.846,44,1,2,0.0
2853,59,3,5,3,40,52,1,537.976,48,1,2,0.0
2854,59,4,5,3,40,52,0,754.688,45,0,2,0.0
2855,60,0,5,1,48,60,0,625.9169999999999,46,1,2,0.0
2856,60,1,5,1,48,60,1,228.901,67,1,2,0.0
2857,60,2,5,1,48,60,0,522.948,55,1,2,0.0
2858,60,3,5,1,48,60,0,419.356,48,1,2,0.0
2859,60,4,5,1,48,60,1,544.541,75,0,2,0.0
2860,61,0,5,2,52,40,0,441.2960000000001,38,1,2,0.0
2861,61,1,5,2,52,40,1,244.313,54,1,2,0.0
2862,61,2,5,2,52,40,1,461.106,43,1,2,0.0
2863,61,3,5,2,52,40,0,325.13,51,1,2,0.0
2864,61,4,5,2,52,40,1,1029.637,58,0,2,0.0
2865,62,0,5,1,10,40,0,483.828,6,1,2,0.0
2866,62,1,5,1,10,40,0,380.761,5,1,2,0.0
2867,62,2,5,1,10,40,1,292.509,43,1,2,0.0
2868,62,3,5,1,10,40,0,382.16,11,1,2,0.0
2869,62,4,5,1,10,40,1,405.733,50,0,2,0.0
2870,63,0,5,1,52,40,1,459.146,47,1,2,0.0
2871,63,1,5,1,52,40,0,350.184,63,1,2,0.0
2872,63,2,5,1,52,40,0,329.007,53,1,2,0.0
2873,63,3,5,1,52,40,0,285.434,48,1,2,0.0
2874,63,4,5,1,52,40,0,631.7909999999999,49,0,2,0.0
2875,64,0,10,3,60,30,1,333.211,26,1,2,0.0
2876,64,1,10,3,60,30,1,287.916,16,1,2,0.0
2877,64,2,10,3,60,30,1,248.653,37,1,2,0.0
2878,64,3,10,3,60,30,0,466.697,60,1,2,0.0
2879,64,4,10,3,60,30,0,286.257,57,0,2,0.0
2880,64,5,10,3,60,30,0,576.894,58,0,2,0.0
2881,64,6,10,3,60,30,0,38.875,62,0,2,0.0
2882,64,7,10,3,60,30,0,114.856,58,0,2,0.0
2883,64,8,10,3,60,30,0,49.32,46,0,2,0.0
2884,64,9,10,3,60,30,0,122.998,55,0,2,0.0
2885,65,0,5,2,36,40,0,361.455,45,1,2,0.0
2886,65,1,5,2,36,40,0,377.196,44,1,2,0.0
2887,65,2,5,2,36,40,1,354.62100000000004,45,1,2,0.0
2888,65,3,5,2,36,40,1,314.91200000000003,34,1,2,0.0
2889,65,4,5,2,36,40,0,1762.99,42,0,2,0.0
2890,66,0,5,3,32,40,0,499.239,26,1,2,0.0
2891,66,1,5,3,32,40,1,229.365,45,1,2,0.0
2892,66,2,5,3,32,40,1,283.098,48,1,2,0.0
2893,66,3,5,3,32,40,1,275.66200000000003,39,1,2,0.0
2894,66,4,5,3,32,40,1,799.8159999999999,41,0,2,0.0
2895,67,0,5,2,70,40,0,636.621,73,1,2,0.0
2896,67,1,5,2,70,40,1,272.689,49,1,2,0.0
2897,67,2,5,2,70,40,0,325.532,71,1,2,0.0
2898,67,3,5,2,70,40,1,324.453,45,1,2,0.0
2899,67,4,5,2,70,40,0,140.46800000000002,77,0,2,0.0
2900,68,0,5,2,48,40,1,380.001,29,1,2,0.0
2901,68,1,5,2,48,40,0,267.277,51,1,2,0.0
2902,68,2,5,2,48,40,0,463.267,57,1,2,0.0
2903,68,3,5,2,48,40,1,345.461,41,1,2,0.0
2904,68,4,5,2,48,40,0,160.69,59,0,2,0.0
2905,69,0,10,2,72,60,0,385.543,82,1,2,0.0
2906,69,1,10,2,72,60,0,344.336,68,1,2,0.0
2907,69,2,10,2,72,60,1,247.908,38,1,2,0.0
2908,69,3,10,2,72,60,1,219.697,65,1,2,0.0
2909,69,4,10,2,72,60,0,438.988,66,0,2,0.0
2910,69,5,10,2,72,60,0,27.317,66,0,2,0.0
2911,69,6,10,2,72,60,0,0.506,60,0,2,0.0
2912,69,7,10,2,72,60,0,0.608,84,0,2,0.0
2913,69,8,10,2,72,60,0,0.5609999999999999,52,0,2,0.0
2914,69,9,10,2,72,60,0,0.611,62,0,2,0.0
2915,70,0,5,3,72,60,1,440.991,60,1,2,0.0
2916,70,1,5,3,72,60,0,391.198,69,1,2,0.0
2917,70,2,5,3,72,60,1,309.153,55,1,2,0.0
2918,70,3,5,3,72,60,1,311.326,69,1,2,0.0
2919,70,4,5,3,72,60,0,1175.48,69,0,2,0.0
2920,71,0,5,2,48,60,1,440.057,61,1,2,0.0
2921,71,1,5,2,48,60,0,330.797,39,1,2,0.0
2922,71,2,5,2,48,60,1,261.755,63,1,2,0.0
2923,71,3,5,2,48,60,0,328.069,46,1,2,0.0
2924,71,4,5,2,48,60,1,1191.386,40,0,2,0.0
2925,72,0,5,2,60,68,0,613.5,52,1,2,0.0
2926,72,1,5,2,60,68,1,274.034,65,1,2,0.0
2927,72,2,5,2,60,68,0,311.285,71,1,2,0.0
2928,72,3,5,2,60,68,1,334.25100000000003,65,1,2,0.0
2929,72,4,5,2,60,68,1,1597.895,78,0,2,0.0
2930,73,0,10,2,90,60,0,483.92,99,1,2,0.0
2931,73,1,10,2,90,60,1,280.254,74,1,2,0.0
2932,73,2,10,2,90,60,1,299.675,62,1,2,0.0
2933,73,3,10,2,90,60,0,387.355,99,1,2,0.0
2934,73,4,10,2,90,60,0,554.04,84,0,2,0.0
2935,73,5,10,2,90,60,0,66.609,75,0,2,0.0
2936,73,6,10,2,90,60,0,93.684,91,0,2,0.0
2937,73,7,10,2,90,60,0,101.799,94,0,2,0.0
2938,73,8,10,2,90,60,0,70.804,87,0,2,0.0
2939,73,9,10,2,90,60,0,0.669,87,0,2,0.0
2940,74,0,5,3,40,20,1,373.411,25,1,2,0.0
2941,74,1,5,3,40,20,0,293.504,39,1,2,0.0
2942,74,2,5,3,40,20,1,280.475,24,1,2,0.0
2943,74,3,5,3,40,20,1,321.275,13,1,2,0.0
2944,74,4,5,3,40,20,0,275.041,40,0,2,0.0
2945,75,0,5,2,90,60,0,468.133,96,1,2,0.0
2946,75,1,5,2,90,60,1,286.282,59,1,2,0.0
2947,75,2,5,2,90,60,0,331.97,90,1,2,0.0
2948,75,3,5,2,90,60,1,309.788,62,1,2,0.0
2949,75,4,5,2,90,60,0,117.201,84,0,2,0.0
2950,76,0,5,1,70,40,0,421.401,65,1,2,0.0
2951,76,1,5,1,70,40,0,338.046,73,1,2,0.0
2952,76,2,5,1,70,40,0,410.904,63,1,2,0.0
2953,76,3,5,1,70,40,1,319.109,35,1,2,0.0
2954,76,4,5,1,70,40,0,152.885,68,0,2,0.0
2955,77,0,10,2,40,44,1,383.525,50,1,2,0.0
2956,77,1,10,2,40,44,0,337.655,37,1,2,0.0
2957,77,2,10,2,40,44,1,254.81,54,1,2,0.0
2958,77,3,10,2,40,44,0,307.504,32,1,2,0.0
2959,77,4,10,2,40,44,1,804.685,53,0,2,0.0
2960,77,5,10,2,40,44,1,49.361,59,0,2,0.0
2961,77,6,10,2,40,44,1,0.492,56,0,2,0.0
2962,77,7,10,2,40,44,1,0.474,45,0,2,0.0
2963,77,8,10,2,40,44,1,0.539,40,0,2,0.0
2964,77,9,10,2,40,44,1,370.55,42,0,2,0.0
2965,78,0,10,2,70,40,1,513.1210000000001,40,1,2,0.0
2966,78,1,10,2,70,40,0,234.944,68,1,2,0.0
2967,78,2,10,2,70,40,1,288.034,21,1,2,0.0
2968,78,3,10,2,70,40,0,250.826,64,1,2,0.0
2969,78,4,10,2,70,40,0,181.726,66,0,2,0.0
2970,78,5,10,2,70,40,0,0.608,67,0,2,0.0
2971,78,6,10,2,70,40,0,0.491,65,0,2,0.0
2972,78,7,10,2,70,40,0,0.492,77,0,2,0.0
2973,78,8,10,2,70,40,0,297.898,69,0,2,0.0
2974,78,9,10,2,70,40,0,58.852,85,0,2,0.0
2975,79,0,10,3,40,20,1,494.229,22,1,2,0.0
2976,79,1,10,3,40,20,1,281.02,3,1,2,0.0
2977,79,2,10,3,40,20,1,308.042,11,1,2,0.0
2978,79,3,10,3,40,20,0,349.193,35,1,2,0.0
2979,79,4,10,3,40,20,0,316.083,41,0,2,0.0
2980,79,5,10,3,40,20,0,278.111,45,0,2,0.0
2981,79,6,10,3,40,20,0,131.334,46,0,2,0.0
2982,79,7,10,3,40,20,0,54.369,41,0,2,0.0
2983,79,8,10,3,40,20,0,89.60300000000001,32,0,2,0.0
2984,79,9,10,3,40,20,0,107.451,33,0,2,0.0
2985,80,0,10,3,28,40,1,2070.161,40,1,2,0.0
2986,80,1,10,3,28,40,0,282.838,24,1,2,0.0
2987,80,2,10,3,28,40,1,285.092,45,1,2,0.0
2988,80,3,10,3,28,40,1,327.303,42,1,2,0.0
2989,80,4,10,3,28,40,1,104.264,44,0,2,0.0
2990,80,5,10,3,28,40,1,89.46600000000001,40,0,2,0.0
2991,80,6,10,3,28,40,1,2.753,34,0,2,0.0
2992,80,7,10,3,28,40,1,55.852,39,0,2,0.0
2993,80,8,10,3,28,40,1,10.858,30,0,2,0.0
2994,80,9,10,3,28,40,1,0.487,37,0,2,0.0
2995,81,0,10,2,48,40,0,468.542,61,1,2,0.0
2996,81,1,10,2,48,40,1,181.686,32,1,2,0.0
2997,81,2,10,2,48,40,1,358.597,50,1,2,0.0
2998,81,3,10,2,48,40,0,365.603,55,1,2,0.0
2999,81,4,10,2,48,40,1,228.239,33,0,2,0.0
3000,81,5,10,2,48,40,0,207.922,55,0,2,0.0
3001,81,6,10,2,48,40,0,52.837,58,0,2,0.0
3002,81,7,10,2,48,40,0,7.659,40,0,2,0.0
3003,81,8,10,2,48,40,0,20.225,46,0,2,0.0
3004,81,9,10,2,48,40,0,8.612,48,0,2,0.0
3005,82,0,10,2,60,48,0,476.288,67,1,2,0.0
3006,82,1,10,2,60,48,0,325.826,78,1,2,0.0
3007,82,2,10,2,60,48,1,290.65000000000003,56,1,2,0.0
3008,82,3,10,2,60,48,1,331.4,52,1,2,0.0
3009,82,4,10,2,60,48,0,579.84,63,0,2,0.0
3010,82,5,10,2,60,48,0,82.07499999999999,53,0,2,0.0
3011,82,6,10,2,60,48,0,36.979,68,0,2,0.0
3012,82,7,10,2,60,48,0,15.561,53,0,2,0.0
3013,82,8,10,2,60,48,0,28.727,45,0,2,0.0
3014,82,9,10,2,60,48,0,22.961,51,0,2,0.0
3015,83,0,10,1,40,60,0,507.392,42,1,2,0.0
3016,83,1,10,1,40,60,0,380.297,25,1,2,0.0
3017,83,2,10,1,40,60,1,227.278,56,1,2,0.0
3018,83,3,10,1,40,60,0,512.029,48,1,2,0.0
3019,83,4,10,1,40,60,1,256.428,54,0,2,0.0
3020,83,5,10,1,40,60,1,115.217,76,0,2,0.0
3021,83,6,10,1,40,60,1,68.185,57,0,2,0.0
3022,83,7,10,1,40,60,1,14.015,47,0,2,0.0
3023,83,8,10,1,40,60,1,2.825,68,0,2,0.0
3024,83,9,10,1,40,60,1,0.471,60,0,2,0.0
3025,84,0,10,2,32,40,0,515.7779999999999,36,1,2,0.0
3026,84,1,10,2,32,40,1,285.281,38,1,2,0.0
3027,84,2,10,2,32,40,0,351.06100000000004,27,1,2,0.0
3028,84,3,10,2,32,40,1,231.718,38,1,2,0.0
3029,84,4,10,2,32,40,1,370.799,39,0,2,0.0
3030,84,5,10,2,32,40,1,297.126,41,0,2,0.0
3031,84,6,10,2,32,40,1,27.998,37,0,2,0.0
3032,84,7,10,2,32,40,1,0.458,47,0,2,0.0
3033,84,8,10,2,32,40,1,0.618,53,0,2,0.0
3034,84,9,10,2,32,40,1,0.615,50,0,2,0.0
3035,85,0,10,1,40,32,0,373.033,43,1,2,0.0
3036,85,1,10,1,40,32,0,352.979,43,1,2,0.0
3037,85,2,10,1,40,32,1,276.637,26,1,2,0.0
3038,85,3,10,1,40,32,0,630.272,40,1,2,0.0
3039,85,4,10,1,40,32,0,172.117,35,0,2,0.0
3040,85,5,10,1,40,32,0,0.575,41,0,2,0.0
3041,85,6,10,1,40,32,0,0.51,53,0,2,0.0
3042,85,7,10,1,40,32,0,0.495,39,0,2,0.0
3043,85,8,10,1,40,32,0,0.379,34,0,2,0.0
3044,85,9,10,1,40,32,0,0.6040000000000001,51,0,2,0.0
3045,86,0,5,2,48,60,0,441.957,50,1,2,0.0
3046,86,1,5,2,48,60,0,406.675,56,1,2,0.0
3047,86,2,5,2,48,60,1,259.64500000000004,70,1,2,0.0
3048,86,3,5,2,48,60,1,286.747,62,1,2,0.0
3049,86,4,5,2,48,60,1,106.119,63,0,2,0.0
3050,87,0,5,2,44,40,0,411.047,53,1,2,0.0
3051,87,1,5,2,44,40,1,224.308,41,1,2,0.0
3052,87,2,5,2,44,40,0,229.153,48,1,2,0.0
3053,87,3,5,2,44,40,1,321.513,30,1,2,0.0
3054,87,4,5,2,44,40,0,121.619,42,0,2,0.0
3055,88,0,10,1,40,20,0,404.423,38,1,2,0.0
3056,88,1,10,1,40,20,0,272.591,29,1,2,0.0
3057,88,2,10,1,40,20,0,382.354,50,1,2,0.0
3058,88,3,10,1,40,20,1,369.638,37,1,2,0.0
3059,88,4,10,1,40,20,1,232.681,12,0,2,0.0
3060,88,5,10,1,40,20,0,261.854,38,0,2,0.0
3061,88,6,10,1,40,20,0,121.168,53,0,2,0.0
3062,88,7,10,1,40,20,0,79.741,37,0,2,0.0
3063,88,8,10,1,40,20,0,49.743,49,0,2,0.0
3064,88,9,10,1,40,20,0,52.588,49,0,2,0.0
3065,89,0,10,3,60,72,1,431.289,85,1,2,0.0
3066,89,1,10,3,60,72,1,291.325,66,1,2,0.0
3067,89,2,10,3,60,72,0,373.222,71,1,2,0.0
3068,89,3,10,3,60,72,1,291.059,79,1,2,0.0
3069,89,4,10,3,60,72,1,254.308,72,0,2,0.0
3070,89,5,10,3,60,72,1,10.432,63,0,2,0.0
3071,89,6,10,3,60,72,1,15.76,65,0,2,0.0
3072,89,7,10,3,60,72,0,155.085,69,0,2,0.0
3073,89,8,10,3,60,72,0,370.077,55,0,2,0.0
3074,89,9,10,3,60,72,1,247.784,69,0,2,0.0
3075,90,0,5,2,40,52,1,483.133,42,1,2,0.0
3076,90,1,5,2,40,52,0,353.534,34,1,2,0.0
3077,90,2,5,2,40,52,1,13.773,47,1,2,0.0
3078,90,3,5,2,40,52,0,290.043,34,1,2,0.0
3079,90,4,5,2,40,52,1,0.919,60,0,2,0.0
3080,91,0,10,2,64,60,1,376.873,65,1,2,0.0
3081,91,1,10,2,64,60,1,280.53000000000003,63,1,2,0.0
3082,91,2,10,2,64,60,0,355.609,55,1,2,0.0
3083,91,3,10,2,64,60,0,362.748,75,1,2,0.0
3084,91,4,10,2,64,60,1,290.412,44,0,2,0.0
3085,91,5,10,2,64,60,0,83.895,64,0,2,0.0
3086,91,6,10,2,64,60,0,78.207,67,0,2,0.0
3087,91,7,10,2,64,60,0,48.182,72,0,2,0.0
3088,91,8,10,2,64,60,0,0.5670000000000001,61,0,2,0.0
3089,91,9,10,2,64,60,0,0.5559999999999999,68,0,2,0.0
3090,92,0,10,1,10,40,0,621.74,10,1,2,0.0
3091,92,1,10,1,10,40,0,505.707,18,1,2,0.0
3092,92,2,10,1,10,40,1,390.462,49,1,2,0.0
3093,92,3,10,1,10,40,0,448.402,12,1,2,0.0
3094,92,4,10,1,10,40,1,156.473,53,0,2,0.0
3095,92,5,10,1,10,40,1,35.265,42,0,2,0.0
3096,92,6,10,1,10,40,1,0.4679999999999999,46,0,2,0.0
3097,92,7,10,1,10,40,1,0.4679999999999999,31,0,2,0.0
3098,92,8,10,1,10,40,1,0.424,55,0,2,0.0
3099,92,9,10,1,10,40,1,0.565,59,0,2,0.0
3100,93,0,10,3,40,60,1,402.743,59,1,2,0.0
3101,93,1,10,3,40,60,1,279.46900000000005,65,1,2,0.0
3102,93,2,10,3,40,60,0,387.189,31,1,2,0.0
3103,93,3,10,3,40,60,1,248.367,58,1,2,0.0
3104,93,4,10,3,40,60,1,372.282,62,0,2,0.0
3105,93,5,10,3,40,60,1,0.464,56,0,2,0.0
3106,93,6,10,3,40,60,1,0.522,73,0,2,0.0
3107,93,7,10,3,40,60,1,0.479,66,0,2,0.0
3108,93,8,10,3,40,60,1,0.379,55,0,2,0.0
3109,93,9,10,3,40,60,1,367.752,63,0,2,0.0
3110,94,0,5,2,60,72,0,404.837,62,1,2,0.0
3111,94,1,5,2,60,72,1,210.979,69,1,2,0.0
3112,94,2,5,2,60,72,1,385.83,59,1,2,0.0
3113,94,3,5,2,60,72,0,614.7,66,1,2,0.0
3114,94,4,5,2,60,72,1,124.599,75,0,2,0.0
3115,95,0,10,3,60,80,1,427.991,75,1,2,0.0
3116,95,1,10,3,60,80,0,378.216,63,1,2,0.0
3117,95,2,10,3,60,80,1,270.891,80,1,2,0.0
3118,95,3,10,3,60,80,1,1818.38,68,1,2,0.0
3119,95,4,10,3,60,80,1,447.9330000000001,84,0,2,0.0
3120,95,5,10,3,60,80,1,0.531,84,0,2,0.0
3121,95,6,10,3,60,80,1,0.505,74,0,2,0.0
3122,95,7,10,3,60,80,1,0.615,90,0,2,0.0
3123,95,8,10,3,60,80,1,0.417,66,0,2,0.0
3124,95,9,10,3,60,80,1,0.532,77,0,2,0.0
3125,96,0,10,2,60,80,1,554.3209999999999,80,1,2,0.0
3126,96,1,10,2,60,80,0,283.225,55,1,2,0.0
3127,96,2,10,2,60,80,0,375.402,64,1,2,0.0
3128,96,3,10,2,60,80,1,355.827,88,1,2,0.0
3129,96,4,10,2,60,80,1,363.519,81,0,2,0.0
3130,96,5,10,2,60,80,1,0.526,77,0,2,0.0
3131,96,6,10,2,60,80,1,0.45,80,0,2,0.0
3132,96,7,10,2,60,80,1,0.549,79,0,2,0.0
3133,96,8,10,2,60,80,1,0.395,95,0,2,0.0
3134,96,9,10,2,60,80,1,0.57,71,0,2,0.0
3135,97,0,10,2,40,52,0,467.465,42,1,2,0.0
3136,97,1,10,2,40,52,1,267.998,50,1,2,0.0
3137,97,2,10,2,40,52,0,289.272,42,1,2,0.0
3138,97,3,10,2,40,52,1,258.58500000000004,51,1,2,0.0
3139,97,4,10,2,40,52,0,1637.94,46,0,2,0.0
3140,97,5,10,2,40,52,1,0.571,49,0,2,0.0
3141,97,6,10,2,40,52,1,374.901,50,0,2,0.0
3142,97,7,10,2,40,52,1,0.65,62,0,2,0.0
3143,97,8,10,2,40,52,1,0.5,53,0,2,0.0
3144,97,9,10,2,40,52,1,0.5770000000000001,52,0,2,0.0
3145,98,0,5,2,40,36,0,475.132,36,1,2,0.0
3146,98,1,5,2,40,36,0,372.131,39,1,2,0.0
3147,98,2,5,2,40,36,1,336.743,50,1,2,0.0
3148,98,3,5,2,40,36,1,325.027,28,1,2,0.0
3149,98,4,5,2,40,36,0,596.715,53,0,2,0.0
3150,99,0,10,1,60,80,0,627.089,56,1,2,0.0
3151,99,1,10,1,60,80,1,319.343,85,1,2,0.0
3152,99,2,10,1,60,80,0,412.638,57,1,2,0.0
3153,99,3,10,1,60,80,0,454.016,72,1,2,0.0
3154,99,4,10,1,60,80,1,712.9499999999999,80,0,2,0.0
3155,99,5,10,1,60,80,1,11.681,76,0,2,0.0
3156,99,6,10,1,60,80,1,0.521,84,0,2,0.0
3157,99,7,10,1,60,80,1,0.456,84,0,2,0.0
3158,99,8,10,1,60,80,1,0.499,96,0,2,0.0
3159,99,9,10,1,60,80,1,0.5419999999999999,70,0,2,0.0
3160,100,0,5,1,60,64,0,448.702,50,1,2,0.0
3161,100,1,5,1,60,64,0,356.982,55,1,2,0.0
3162,100,2,5,1,60,64,0,334.001,56,1,2,0.0
3163,100,3,5,1,60,64,1,397.053,73,1,2,0.0
3164,100,4,5,1,60,64,1,115.201,61,0,2,0.0
3165,101,0,5,2,40,20,0,340.671,47,1,2,0.0
3166,101,1,5,2,40,20,1,286.055,6,1,2,0.0
3167,101,2,5,2,40,20,1,382.656,8,1,2,0.0
3168,101,3,5,2,40,20,0,291.736,25,1,2,0.0
3169,101,4,5,2,40,20,0,646.2139999999999,43,0,2,0.0
3170,102,0,5,2,40,60,1,417.724,51,1,2,0.0
3171,102,1,5,2,40,60,1,347.785,66,1,2,0.0
3172,102,2,5,2,40,60,0,359.48,45,1,2,0.0
3173,102,3,5,2,40,60,0,301.47400000000005,40,1,2,0.0
3174,102,4,5,2,40,60,1,583.1220000000001,61,0,2,0.0
3175,103,0,10,2,30,60,0,469.9690000000001,27,1,2,0.0
3176,103,1,10,2,30,60,1,235.138,79,1,2,0.0
3177,103,2,10,2,30,60,1,366.672,71,1,2,0.0
3178,103,3,10,2,30,60,0,324.193,24,1,2,0.0
3179,103,4,10,2,30,60,1,261.48,61,0,2,0.0
3180,103,5,10,2,30,60,1,1071.752,69,0,2,0.0
3181,103,6,10,2,30,60,1,0.522,48,0,2,0.0
3182,103,7,10,2,30,60,1,0.4659999999999999,62,0,2,0.0
3183,103,8,10,2,30,60,1,0.57,59,0,2,0.0
3184,103,9,10,2,30,60,1,0.5609999999999999,62,0,2,0.0
3185,104,0,5,3,10,40,1,370.819,52,1,2,0.0
3186,104,1,5,3,10,40,1,300.389,47,1,2,0.0
3187,104,2,5,3,10,40,0,373.707,25,1,2,0.0
3188,104,3,5,3,10,40,1,237.189,49,1,2,0.0
3189,104,4,5,3,10,40,1,113.855,49,0,2,0.0
3190,105,0,10,3,48,40,1,329.474,31,1,2,0.0
3191,105,1,10,3,48,40,1,330.648,52,1,2,0.0
3192,105,2,10,3,48,40,0,325.325,58,1,2,0.0
3193,105,3,10,3,48,40,1,397.19,43,1,2,0.0
3194,105,4,10,3,48,40,0,218.843,45,0,2,0.0
3195,105,5,10,3,48,40,0,0.497,55,0,2,0.0
3196,105,6,10,3,48,40,0,0.49,47,0,2,0.0
3197,105,7,10,3,48,40,0,0.4449999999999999,53,0,2,0.0
3198,105,8,10,3,48,40,0,0.417,62,0,2,0.0
3199,105,9,10,3,48,40,0,0.4979999999999999,45,0,2,0.0
3200,106,0,5,3,40,60,1,551.024,43,1,2,0.0
3201,106,1,5,3,40,60,0,328.17400000000004,41,1,2,0.0
3202,106,2,5,3,40,60,1,288.525,66,1,2,0.0
3203,106,3,5,3,40,60,1,316.40200000000004,64,1,2,0.0
3204,106,4,5,3,40,60,1,436.029,50,0,2,0.0
3205,107,0,5,2,40,10,0,419.351,33,1,2,0.0
3206,107,1,5,2,40,10,1,223.612,1,1,2,0.0
3207,107,2,5,2,40,10,1,378.036,11,1,2,0.0
3208,107,3,5,2,40,10,0,400.885,39,1,2,0.0
3209,107,4,5,2,40,10,0,133.90099999999998,53,0,2,0.0
3210,108,0,10,1,56,60,0,413.645,56,1,2,0.0
3211,108,1,10,1,56,60,1,236.092,62,1,2,0.0
3212,108,2,10,1,56,60,0,265.20500000000004,48,1,2,0.0
3213,108,3,10,1,56,60,0,323.11600000000004,49,1,2,0.0
3214,108,4,10,1,56,60,0,666.746,48,0,2,0.0
3215,108,5,10,1,56,60,1,0.593,63,0,2,0.0
3216,108,6,10,1,56,60,1,34.187000000000005,55,0,2,0.0
3217,108,7,10,1,56,60,1,0.471,45,0,2,0.0
3218,108,8,10,1,56,60,1,0.342,55,0,2,0.0
3219,108,9,10,1,56,60,1,0.6130000000000001,71,0,2,0.0
3220,109,0,10,1,40,48,0,372.849,48,1,2,0.0
3221,109,1,10,1,40,48,0,282.866,45,1,2,0.0
3222,109,2,10,1,40,48,1,334.149,47,1,2,0.0
3223,109,3,10,1,40,48,0,278.351,55,1,2,0.0
3224,109,4,10,1,40,48,1,368.284,48,0,2,0.0
3225,109,5,10,1,40,48,0,55.479,47,0,2,0.0
3226,109,6,10,1,40,48,1,561.4590000000001,45,0,2,0.0
3227,109,7,10,1,40,48,0,23.117,35,0,2,0.0
3228,109,8,10,1,40,48,1,308.031,36,0,2,0.0
3229,109,9,10,1,40,48,0,268.157,50,0,2,0.0
3230,110,0,5,2,60,40,1,533.614,35,1,2,0.0
3231,110,1,5,2,60,40,0,271.26800000000003,63,1,2,0.0
3232,110,2,5,2,60,40,1,345.01300000000003,35,1,2,0.0
3233,110,3,5,2,60,40,0,329.242,65,1,2,0.0
3234,110,4,5,2,60,40,0,41.331,81,0,2,0.0
3235,111,0,5,1,40,44,0,377.164,40,1,2,0.0
3236,111,1,5,1,40,44,1,188.198,49,1,2,0.0
3237,111,2,5,1,40,44,0,307.528,38,1,2,0.0
3238,111,3,5,1,40,44,0,492.218,31,1,2,0.0
3239,111,4,5,1,40,44,1,1053.967,48,0,2,0.0
3240,112,0,5,2,60,56,0,2107.267,56,1,2,0.0
3241,112,1,5,2,60,56,0,412.356,64,1,2,0.0
3242,112,2,5,2,60,56,1,322.745,52,1,2,0.0
3243,112,3,5,2,60,56,1,299.18,46,1,2,0.0
3244,112,4,5,2,60,56,0,101.487,69,0,2,0.0
3245,113,0,5,3,36,40,0,375.473,44,1,2,0.0
3246,113,1,5,3,36,40,1,261.45,43,1,2,0.0
3247,113,2,5,3,36,40,1,321.848,50,1,2,0.0
3248,113,3,5,3,36,40,1,635.184,41,1,2,0.0
3249,113,4,5,3,36,40,1,1983.537,37,0,2,0.0
3250,114,0,5,1,40,28,1,622.0949999999999,35,1,2,0.0
3251,114,1,5,1,40,28,0,378.678,35,1,2,0.0
3252,114,2,5,1,40,28,0,307.617,47,1,2,0.0
3253,114,3,5,1,40,28,0,290.98600000000005,40,1,2,0.0
3254,114,4,5,1,40,28,0,1064.682,35,0,2,0.0
3255,115,0,5,2,80,60,0,384.283,83,1,2,0.0
3256,115,1,5,2,80,60,0,358.505,90,1,2,0.0
3257,115,2,5,2,80,60,1,334.922,59,1,2,0.0
3258,115,3,5,2,80,60,1,330.38800000000003,77,1,2,0.0
3259,115,4,5,2,80,60,0,110.826,90,0,2,0.0
3260,116,0,10,1,60,48,0,407.416,61,1,2,0.0
3261,116,1,10,1,60,48,0,222.538,54,1,2,0.0
3262,116,2,10,1,60,48,1,252.239,43,1,2,0.0
3263,116,3,10,1,60,48,0,527.452,63,1,2,0.0
3264,116,4,10,1,60,48,0,702.5949999999999,62,0,2,0.0
3265,116,5,10,1,60,48,1,0.509,53,0,2,0.0
3266,116,6,10,1,60,48,0,0.508,53,0,2,0.0
3267,116,7,10,1,60,48,0,0.539,54,0,2,0.0
3268,116,8,10,1,60,48,0,0.3959999999999999,56,0,2,0.0
3269,116,9,10,1,60,48,0,0.508,52,0,2,0.0
3270,117,0,10,2,40,60,0,359.345,38,1,2,0.0
3271,117,1,10,2,40,60,1,292.17,55,1,2,0.0
3272,117,2,10,2,40,60,1,460.739,64,1,2,0.0
3273,117,3,10,2,40,60,0,287.593,32,1,2,0.0
3274,117,4,10,2,40,60,1,74.16799999999999,51,0,2,0.0
3275,117,5,10,2,40,60,1,0.515,63,0,2,0.0
3276,117,6,10,2,40,60,1,0.478,64,0,2,0.0
3277,117,7,10,2,40,60,1,0.464,68,0,2,0.0
3278,117,8,10,2,40,60,1,0.499,70,0,2,0.0
3279,117,9,10,2,40,60,1,0.478,51,0,2,0.0
3280,118,0,10,2,10,40,1,413.949,51,1,2,0.0
3281,118,1,10,2,10,40,0,393.941,14,1,2,0.0
3282,118,2,10,2,10,40,1,383.981,48,1,2,0.0
3283,118,3,10,2,10,40,0,420.615,20,1,2,0.0
3284,118,4,10,2,10,40,1,170.25,38,0,2,0.0
3285,118,5,10,2,10,40,1,0.487,37,0,2,0.0
3286,118,6,10,2,10,40,1,0.474,29,0,2,0.0
3287,118,7,10,2,10,40,1,0.4519999999999999,38,0,2,0.0
3288,118,8,10,2,10,40,1,0.404,34,0,2,0.0
3289,118,9,10,2,10,40,1,0.508,38,0,2,0.0
3290,119,0,10,2,60,30,1,311.665,37,1,2,0.0
3291,119,1,10,2,60,30,0,362.54,51,1,2,0.0
3292,119,2,10,2,60,30,0,1001.039,57,1,2,0.0
3293,119,3,10,2,60,30,1,231.918,31,1,2,0.0
3294,119,4,10,2,60,30,0,447.702,53,0,2,0.0
3295,119,5,10,2,60,30,0,0.599,63,0,2,0.0
3296,119,6,10,2,60,30,0,27.819,59,0,2,0.0
3297,119,7,10,2,60,30,0,39.461000000000006,58,0,2,0.0
3298,119,8,10,2,60,30,0,10.812,67,0,2,0.0
3299,119,9,10,2,60,30,0,87.167,78,0,2,0.0
3300,120,0,10,2,28,40,0,607.017,18,1,2,0.0
3301,120,1,10,2,28,40,1,341.538,35,1,2,0.0
3302,120,2,10,2,28,40,0,302.547,30,1,2,0.0
3303,120,3,10,2,28,40,1,264.651,42,1,2,0.0
3304,120,4,10,2,28,40,1,395.219,37,0,2,0.0
3305,120,5,10,2,28,40,1,0.478,46,0,2,0.0
3306,120,6,10,2,28,40,1,0.48,32,0,2,0.0
3307,120,7,10,2,28,40,1,0.476,41,0,2,0.0
3308,120,8,10,2,28,40,1,0.477,42,0,2,0.0
3309,120,9,10,2,28,40,1,0.611,53,0,2,0.0
3310,121,0,5,1,40,48,0,360.809,40,1,2,0.0
3311,121,1,5,1,40,48,1,231.201,41,1,2,0.0
3312,121,2,5,1,40,48,0,275.603,28,1,2,0.0
3313,121,3,5,1,40,48,0,510.169,45,1,2,0.0
3314,121,4,5,1,40,48,0,958.121,34,0,2,0.0
3315,122,0,5,2,60,64,0,492.926,68,1,2,0.0
3316,122,1,5,2,60,64,1,264.495,89,1,2,0.0
3317,122,2,5,2,60,64,1,299.07800000000003,67,1,2,0.0
3318,122,3,5,2,60,64,0,373.533,70,1,2,0.0
3319,122,4,5,2,60,64,1,356.894,64,0,2,0.0
3320,123,0,10,3,64,60,1,363.42,72,1,2,0.0
3321,123,1,10,3,64,60,0,200.0,58,1,2,0.0
3322,123,2,10,3,64,60,1,328.595,64,1,2,0.0
3323,123,3,10,3,64,60,1,583.8480000000001,71,1,2,0.0
3324,123,4,10,3,64,60,1,2631.143,63,0,2,0.0
3325,123,5,10,3,64,60,1,0.502,65,0,2,0.0
3326,123,6,10,3,64,60,1,0.465,56,0,2,0.0
3327,123,7,10,3,64,60,1,0.479,59,0,2,0.0
3328,123,8,10,3,64,60,1,0.417,51,0,2,0.0
3329,123,9,10,3,64,60,1,0.612,59,0,2,0.0
3330,124,0,10,2,40,48,1,341.492,54,1,2,0.0
3331,124,1,10,2,40,48,0,365.073,52,1,2,0.0
3332,124,2,10,2,40,48,0,376.068,39,1,2,0.0
3333,124,3,10,2,40,48,1,242.264,49,1,2,0.0
3334,124,4,10,2,40,48,1,653.182,57,0,2,0.0
3335,124,5,10,2,40,48,0,0.5199999999999999,32,0,2,0.0
3336,124,6,10,2,40,48,1,44.657,47,0,2,0.0
3337,124,7,10,2,40,48,1,0.516,45,0,2,0.0
3338,124,8,10,2,40,48,1,0.3359999999999999,58,0,2,0.0
3339,124,9,10,2,40,48,1,18.008,55,0,2,0.0
3340,125,0,10,2,60,56,1,459.959,45,1,2,0.0
3341,125,1,10,2,60,56,0,321.287,53,1,2,0.0
3342,125,2,10,2,60,56,0,379.841,63,1,2,0.0
3343,125,3,10,2,60,56,1,292.61,64,1,2,0.0
3344,125,4,10,2,60,56,0,1747.404,57,0,2,0.0
3345,125,5,10,2,60,56,0,35.305,59,0,2,0.0
3346,125,6,10,2,60,56,1,0.479,66,0,2,0.0
3347,125,7,10,2,60,56,0,0.583,55,0,2,0.0
3348,125,8,10,2,60,56,1,0.447,53,0,2,0.0
3349,125,9,10,2,60,56,1,0.476,49,0,2,0.0
3350,126,0,5,3,44,40,1,410.186,45,1,2,0.0
3351,126,1,5,3,44,40,1,359.536,37,1,2,0.0
3352,126,2,5,3,44,40,1,312.46000000000004,52,1,2,0.0
3353,126,3,5,3,44,40,0,336.939,40,1,2,0.0
3354,126,4,5,3,44,40,1,1808.924,47,0,2,0.0
3355,127,0,5,1,36,40,1,838.482,41,1,2,0.0
3356,127,1,5,1,36,40,0,361.967,35,1,2,0.0
3357,127,2,5,1,36,40,0,571.082,43,1,2,0.0
3358,127,3,5,1,36,40,0,360.295,22,1,2,0.0
3359,127,4,5,1,36,40,1,1209.366,19,0,2,0.0
3360,128,0,10,1,52,60,1,511.077,48,1,2,0.0
3361,128,1,10,1,52,60,0,383.843,48,1,2,0.0
3362,128,2,10,1,52,60,0,334.217,71,1,2,0.0
3363,128,3,10,1,52,60,0,439.342,47,1,2,0.0
3364,128,4,10,1,52,60,0,402.597,42,0,2,0.0
3365,128,5,10,1,52,60,0,0.606,51,0,2,0.0
3366,128,6,10,1,52,60,0,0.501,53,0,2,0.0
3367,128,7,10,1,52,60,0,0.475,57,0,2,0.0
3368,128,8,10,1,52,60,0,0.571,53,0,2,0.0
3369,128,9,10,1,52,60,0,0.603,46,0,2,0.0
3370,129,0,10,1,64,60,0,488.013,58,1,2,0.0
3371,129,1,10,1,64,60,1,315.158,55,1,2,0.0
3372,129,2,10,1,64,60,0,310.838,65,1,2,0.0
3373,129,3,10,1,64,60,0,381.943,66,1,2,0.0
3374,129,4,10,1,64,60,0,804.849,61,0,2,0.0
3375,129,5,10,1,64,60,0,0.47,69,0,2,0.0
3376,129,6,10,1,64,60,0,0.4889999999999999,44,0,2,0.0
3377,129,7,10,1,64,60,0,0.447,65,0,2,0.0
3378,129,8,10,1,64,60,0,0.4659999999999999,72,0,2,0.0
3379,129,9,10,1,64,60,0,0.614,62,0,2,0.0
3380,130,0,5,1,60,80,1,416.994,91,1,2,0.0
3381,130,1,5,1,60,80,0,347.118,47,1,2,0.0
3382,130,2,5,1,60,80,0,358.246,70,1,2,0.0
3383,130,3,5,1,60,80,0,349.845,75,1,2,0.0
3384,130,4,5,1,60,80,0,220.186,58,0,2,0.0
3385,131,0,5,2,60,68,1,585.409,72,1,2,0.0
3386,131,1,5,2,60,68,0,255.811,59,1,2,0.0
3387,131,2,5,2,60,68,0,194.302,76,1,2,0.0
3388,131,3,5,2,60,68,1,450.419,51,1,2,0.0
3389,131,4,5,2,60,68,0,2517.349,54,0,2,0.0
3390,132,0,5,1,60,30,0,375.905,61,1,2,0.0
3391,132,1,5,1,60,30,0,334.343,66,1,2,0.0
3392,132,2,5,1,60,30,0,342.372,69,1,2,0.0
3393,132,3,5,1,60,30,1,366.859,38,1,2,0.0
3394,132,4,5,1,60,30,0,124.722,64,0,2,0.0
3395,133,0,5,3,28,40,1,446.174,34,1,2,0.0
3396,133,1,5,3,28,40,1,273.481,39,1,2,0.0
3397,133,2,5,3,28,40,1,270.873,43,1,2,0.0
3398,133,3,5,3,28,40,0,329.012,20,1,2,0.0
3399,133,4,5,3,28,40,1,144.14499999999998,33,0,2,0.0
3400,134,0,5,2,40,10,0,495.816,34,1,2,0.0
3401,134,1,5,2,40,10,1,233.263,12,1,2,0.0
3402,134,2,5,2,40,10,0,265.669,46,1,2,0.0
3403,134,3,5,2,40,10,1,344.651,27,1,2,0.0
3404,134,4,5,2,40,10,0,113.215,46,0,2,0.0
3405,135,0,10,3,40,10,1,353.039,18,1,2,0.0
3406,135,1,10,3,40,10,1,322.458,9,1,2,0.0
3407,135,2,10,3,40,10,1,289.51500000000004,8,1,2,0.0
3408,135,3,10,3,40,10,0,244.212,30,1,2,0.0
3409,135,4,10,3,40,10,0,136.14,23,0,2,0.0
3410,135,5,10,3,40,10,0,0.475,31,0,2,0.0
3411,135,6,10,3,40,10,0,109.114,51,0,2,0.0
3412,135,7,10,3,40,10,0,0.6040000000000001,36,0,2,0.0
3413,135,8,10,3,40,10,0,0.457,61,0,2,0.0
3414,135,9,10,3,40,10,0,0.5289999999999999,43,0,2,0.0
3415,136,0,10,3,36,40,0,396.393,22,1,2,0.0
3416,136,1,10,3,36,40,1,290.09200000000004,37,1,2,0.0
3417,136,2,10,3,36,40,1,499.268,48,1,2,0.0
3418,136,3,10,3,36,40,1,462.492,26,1,2,0.0
3419,136,4,10,3,36,40,1,88.619,43,0,2,0.0
3420,136,5,10,3,36,40,0,1170.269,32,0,2,0.0
3421,136,6,10,3,36,40,1,0.491,42,0,2,0.0
3422,136,7,10,3,36,40,1,0.583,36,0,2,0.0
3423,136,8,10,3,36,40,1,0.449,38,0,2,0.0
3424,136,9,10,3,36,40,1,0.479,27,0,2,0.0
3425,137,0,5,2,40,48,0,596.563,38,1,2,0.0
3426,137,1,5,2,40,48,1,265.969,42,1,2,0.0
3427,137,2,5,2,40,48,0,294.48400000000004,38,1,2,0.0
3428,137,3,5,2,40,48,1,321.534,47,1,2,0.0
3429,137,4,5,2,40,48,1,65.228,55,0,2,0.0
3430,138,0,5,2,52,60,0,323.697,59,1,2,0.0
3431,138,1,5,2,52,60,1,233.91,53,1,2,0.0
3432,138,2,5,2,52,60,0,279.38,47,1,2,0.0
3433,138,3,5,2,52,60,1,240.619,64,1,2,0.0
3434,138,4,5,2,52,60,1,1692.372,64,0,2,0.0
3435,139,0,5,1,60,40,0,721.249,67,1,2,0.0
3436,139,1,5,1,60,40,0,314.999,57,1,2,0.0
3437,139,2,5,1,60,40,0,364.267,59,1,2,0.0
3438,139,3,5,1,60,40,1,211.021,38,1,2,0.0
3439,139,4,5,1,60,40,0,80.926,56,0,2,0.0
3440,140,0,5,3,60,52,1,354.939,64,1,2,0.0
3441,140,1,5,3,60,52,1,265.861,58,1,2,0.0
3442,140,2,5,3,60,52,1,286.593,24,1,2,0.0
3443,140,3,5,3,60,52,0,311.391,69,1,2,0.0
3444,140,4,5,3,60,52,0,192.217,66,0,2,0.0
3445,141,0,5,1,60,40,0,446.989,62,1,2,0.0
3446,141,1,5,1,60,40,0,322.672,59,1,2,0.0
3447,141,2,5,1,60,40,0,315.161,56,1,2,0.0
3448,141,3,5,1,60,40,1,220.639,34,1,2,0.0
3449,141,4,5,1,60,40,0,185.682,64,0,2,0.0
3450,142,0,10,2,60,56,0,487.36800000000005,68,1,2,0.0
3451,142,1,10,2,60,56,1,329.957,60,1,2,0.0
3452,142,2,10,2,60,56,1,329.879,66,1,2,0.0
3453,142,3,10,2,60,56,0,243.291,54,1,2,0.0
3454,142,4,10,2,60,56,1,1838.648,68,0,2,0.0
3455,142,5,10,2,60,56,0,0.536,74,0,2,0.0
3456,142,6,10,2,60,56,0,137.535,64,0,2,0.0
3457,142,7,10,2,60,56,0,0.6719999999999999,67,0,2,0.0
3458,142,8,10,2,60,56,0,0.3379999999999999,48,0,2,0.0
3459,142,9,10,2,60,56,0,400.259,65,0,2,0.0
3460,143,0,10,3,90,60,1,357.67900000000003,56,1,2,0.0
3461,143,1,10,3,90,60,1,301.999,53,1,2,0.0
3462,143,2,10,3,90,60,0,319.436,75,1,2,0.0
3463,143,3,10,3,90,60,1,345.223,48,1,2,0.0
3464,143,4,10,3,90,60,0,262.79200000000003,76,0,2,0.0
3465,143,5,10,3,90,60,0,25.75,96,0,2,0.0
3466,143,6,10,3,90,60,0,0.477,99,0,2,0.0
3467,143,7,10,3,90,60,0,0.5810000000000001,89,0,2,0.0
3468,143,8,10,3,90,60,0,0.4659999999999999,83,0,2,0.0
3469,143,9,10,3,90,60,0,0.62,99,0,2,0.0
3470,144,0,10,2,40,52,0,599.727,41,1,2,0.0
3471,144,1,10,2,40,52,1,428.862,41,1,2,0.0
3472,144,2,10,2,40,52,0,298.218,50,1,2,0.0
3473,144,3,10,2,40,52,1,229.087,42,1,2,0.0
3474,144,4,10,2,40,52,0,961.204,39,0,2,0.0
3475,144,5,10,2,40,52,0,0.609,41,0,2,0.0
3476,144,6,10,2,40,52,1,0.62,59,0,2,0.0
3477,144,7,10,2,40,52,1,66.10199999999999,46,0,2,0.0
3478,144,8,10,2,40,52,1,0.355,60,0,2,0.0
3479,144,9,10,2,40,52,1,0.623,47,0,2,0.0
3480,145,0,10,1,72,60,0,489.049,87,1,2,0.0
3481,145,1,10,1,72,60,1,296.975,50,1,2,0.0
3482,145,2,10,1,72,60,0,267.516,68,1,2,0.0
3483,145,3,10,1,72,60,0,518.768,72,1,2,0.0
3484,145,4,10,1,72,60,0,142.416,80,0,2,0.0
3485,145,5,10,1,72,60,0,0.588,77,0,2,0.0
3486,145,6,10,1,72,60,0,0.4979999999999999,70,0,2,0.0
3487,145,7,10,1,72,60,0,0.448,70,0,2,0.0
3488,145,8,10,1,72,60,0,0.4979999999999999,66,0,2,0.0
3489,145,9,10,1,72,60,0,0.565,54,0,2,0.0
3490,146,0,10,3,40,70,0,540.4480000000001,45,1,2,0.0
3491,146,1,10,3,40,70,1,406.307,63,1,2,0.0
3492,146,2,10,3,40,70,1,515.0519999999999,72,1,2,0.0
3493,146,3,10,3,40,70,1,339.368,73,1,2,0.0
3494,146,4,10,3,40,70,1,1339.431,63,0,2,0.0
3495,146,5,10,3,40,70,1,0.4929999999999999,60,0,2,0.0
3496,146,6,10,3,40,70,1,0.51,55,0,2,0.0
3497,146,7,10,3,40,70,1,0.74,77,0,2,0.0
3498,146,8,10,3,40,70,1,0.541,62,0,2,0.0
3499,146,9,10,3,40,70,1,0.596,70,0,2,0.0
3500,147,0,5,3,60,90,1,394.827,81,1,2,0.0
3501,147,1,5,3,60,90,0,233.729,55,1,2,0.0
3502,147,2,5,3,60,90,1,246.211,99,1,2,0.0
3503,147,3,5,3,60,90,1,393.269,93,1,2,0.0
3504,147,4,5,3,60,90,1,63.676,81,0,2,0.0
3505,148,0,10,2,60,48,0,515.497,38,1,2,0.0
3506,148,1,10,2,60,48,1,227.174,44,1,2,0.0
3507,148,2,10,2,60,48,1,298.51800000000003,45,1,2,0.0
3508,148,3,10,2,60,48,0,362.178,64,1,2,0.0
3509,148,4,10,2,60,48,1,289.093,41,0,2,0.0
3510,148,5,10,2,60,48,0,154.806,59,0,2,0.0
3511,148,6,10,2,60,48,0,17.026,57,0,2,0.0
3512,148,7,10,2,60,48,0,0.506,66,0,2,0.0
3513,148,8,10,2,60,48,0,0.4609999999999999,79,0,2,0.0
3514,148,9,10,2,60,48,0,0.535,58,0,2,0.0
3515,149,0,5,2,30,60,0,468.8320000000001,31,1,2,0.0
3516,149,1,5,2,30,60,1,278.869,55,1,2,0.0
3517,149,2,5,2,30,60,1,356.927,58,1,2,0.0
3518,149,3,5,2,30,60,0,335.223,35,1,2,0.0
3519,149,4,5,2,30,60,1,90.253,49,0,2,0.0
3520,150,0,10,1,68,60,0,372.65,65,1,2,0.0
3521,150,1,10,1,68,60,1,156.095,72,1,2,0.0
3522,150,2,10,1,68,60,0,292.273,82,1,2,0.0
3523,150,3,10,1,68,60,0,318.961,75,1,2,0.0
3524,150,4,10,1,68,60,0,375.251,63,0,2,0.0
3525,150,5,10,1,68,60,1,340.978,66,0,2,0.0
3526,150,6,10,1,68,60,0,59.334,75,0,2,0.0
3527,150,7,10,1,68,60,1,0.47,69,0,2,0.0
3528,150,8,10,1,68,60,0,0.397,62,0,2,0.0
3529,150,9,10,1,68,60,1,0.611,69,0,2,0.0
3530,151,0,10,3,40,52,1,500.594,57,1,2,0.0
3531,151,1,10,3,40,52,0,280.109,54,1,2,0.0
3532,151,2,10,3,40,52,1,256.912,59,1,2,0.0
3533,151,3,10,3,40,52,1,319.849,50,1,2,0.0
3534,151,4,10,3,40,52,0,276.994,56,0,2,0.0
3535,151,5,10,3,40,52,1,256.377,54,0,2,0.0
3536,151,6,10,3,40,52,1,921.933,54,0,2,0.0
3537,151,7,10,3,40,52,1,91.19,46,0,2,0.0
3538,151,8,10,3,40,52,0,0.437,37,0,2,0.0
3539,151,9,10,3,40,52,1,0.562,55,0,2,0.0
3540,152,0,10,2,40,60,1,472.325,52,1,2,0.0
3541,152,1,10,2,40,60,0,336.232,35,1,2,0.0
3542,152,2,10,2,40,60,1,281.414,70,1,2,0.0
3543,152,3,10,2,40,60,0,258.345,31,1,2,0.0
3544,152,4,10,2,40,60,1,710.864,47,0,2,0.0
3545,152,5,10,2,40,60,1,0.4679999999999999,54,0,2,0.0
3546,152,6,10,2,40,60,0,4.527,22,0,2,0.0
3547,152,7,10,2,40,60,1,9.129,57,0,2,0.0
3548,152,8,10,2,40,60,1,0.3379999999999999,55,0,2,0.0
3549,152,9,10,2,40,60,1,0.537,53,0,2,0.0
3550,153,0,5,1,68,60,1,408.146,64,1,2,0.0
3551,153,1,5,1,68,60,0,323.56800000000004,67,1,2,0.0
3552,153,2,5,1,68,60,0,408.222,70,1,2,0.0
3553,153,3,5,1,68,60,0,330.237,54,1,2,0.0
3554,153,4,5,1,68,60,0,1122.778,59,0,2,0.0
3555,154,0,10,2,40,28,1,484.224,18,1,2,0.0
3556,154,1,10,2,40,28,0,309.826,36,1,2,0.0
3557,154,2,10,2,40,28,1,265.339,33,1,2,0.0
3558,154,3,10,2,40,28,0,314.711,39,1,2,0.0
3559,154,4,10,2,40,28,1,268.649,12,0,2,0.0
3560,154,5,10,2,40,28,0,175.255,39,0,2,0.0
3561,154,6,10,2,40,28,0,0.5,42,0,2,0.0
3562,154,7,10,2,40,28,0,11.072,42,0,2,0.0
3563,154,8,10,2,40,28,0,8.24,29,0,2,0.0
3564,154,9,10,2,40,28,0,4.087000000000001,43,0,2,0.0
3565,155,0,5,2,60,40,0,387.238,55,1,2,0.0
3566,155,1,5,2,60,40,1,287.138,39,1,2,0.0
3567,155,2,5,2,60,40,0,352.914,65,1,2,0.0
3568,155,3,5,2,60,40,1,321.092,43,1,2,0.0
3569,155,4,5,2,60,40,0,1114.621,69,0,2,0.0
3570,156,0,10,3,32,40,1,587.131,40,1,2,0.0
3571,156,1,10,3,32,40,0,367.855,28,1,2,0.0
3572,156,2,10,3,32,40,1,400.967,38,1,2,0.0
3573,156,3,10,3,32,40,1,887.366,48,1,2,0.0
3574,156,4,10,3,32,40,1,8801.613,50,0,2,0.0
3575,156,5,10,3,32,40,1,0.815,48,0,2,0.0
3576,156,6,10,3,32,40,1,0.472,35,0,2,0.0
3577,156,7,10,3,32,40,1,0.4589999999999999,30,0,2,0.0
3578,156,8,10,3,32,40,1,0.5630000000000001,43,0,2,0.0
3579,156,9,10,3,32,40,1,0.531,44,0,2,0.0
3580,157,0,5,2,40,32,0,954.06,40,1,2,0.0
3581,157,1,5,2,40,32,0,551.003,57,1,2,0.0
3582,157,2,5,2,40,32,1,421.521,34,1,2,0.0
3583,157,3,5,2,40,32,1,601.862,24,1,2,0.0
3584,157,4,5,2,40,32,0,375.123,32,0,2,0.0
3585,158,0,10,2,44,40,1,534.553,49,1,2,0.0
3586,158,1,10,2,44,40,1,277.205,41,1,2,0.0
3587,158,2,10,2,44,40,0,264.563,49,1,2,0.0
3588,158,3,10,2,44,40,0,315.212,44,1,2,0.0
3589,158,4,10,2,44,40,0,1004.841,60,0,2,0.0
3590,158,5,10,2,44,40,0,17.816,34,0,2,0.0
3591,158,6,10,2,44,40,0,0.61,46,0,2,0.0
3592,158,7,10,2,44,40,0,0.464,37,0,2,0.0
3593,158,8,10,2,44,40,0,0.453,38,0,2,0.0
3594,158,9,10,2,44,40,0,0.531,48,0,2,0.0
3595,159,0,5,2,28,40,1,442.911,49,1,2,0.0
3596,159,1,5,2,28,40,1,286.178,36,1,2,0.0
3597,159,2,5,2,28,40,0,289.196,18,1,2,0.0
3598,159,3,5,2,28,40,0,284.076,21,1,2,0.0
3599,159,4,5,2,28,40,1,349.127,39,0,2,0.0
3600,0,0,5,3,68,60,0,984.314,63,1,3,0.0
3601,0,1,5,3,68,60,1,638.533,60,1,3,0.0
3602,0,2,5,3,68,60,1,907.508,64,1,3,0.0
3603,0,3,5,3,68,60,1,883.8629999999999,74,1,3,0.0
3604,0,4,5,3,68,60,1,1292.1450000000002,65,0,3,0.0
3605,1,0,10,2,40,32,1,1518.0320000000002,36,1,3,0.0
3606,1,1,10,2,40,32,1,576.273,41,1,3,0.0
3607,1,2,10,2,40,32,0,613.394,40,1,3,0.0
3608,1,3,10,2,40,32,0,1142.985,33,1,3,0.0
3609,1,4,10,2,40,32,1,2881.1330000000003,44,0,3,0.0
3610,1,5,10,2,40,32,1,1897.463,34,0,3,0.0
3611,1,6,10,2,40,32,0,1137.704,48,0,3,0.0
3612,1,7,10,2,40,32,0,879.601,50,0,3,0.0
3613,1,8,10,2,40,32,0,929.21,39,0,3,0.0
3614,1,9,10,2,40,32,1,710.729,21,0,3,0.0
3615,2,0,5,2,32,40,0,1115.615,18,1,3,0.0
3616,2,1,5,2,32,40,1,455.716,51,1,3,0.0
3617,2,2,5,2,32,40,1,540.953,41,1,3,0.0
3618,2,3,5,2,32,40,0,601.889,23,1,3,0.0
3619,2,4,5,2,32,40,1,2189.91,42,0,3,0.0
3620,3,0,10,3,56,60,0,813.01,65,1,3,0.0
3621,3,1,10,3,56,60,1,528.9399999999999,55,1,3,0.0
3622,3,2,10,3,56,60,1,511.228,68,1,3,0.0
3623,3,3,10,3,56,60,1,489.175,61,1,3,0.0
3624,3,4,10,3,56,60,1,1490.991,60,0,3,0.0
3625,3,5,10,3,56,60,0,587.115,63,0,3,0.0
3626,3,6,10,3,56,60,0,504.648,49,0,3,0.0
3627,3,7,10,3,56,60,1,567.966,42,0,3,0.0
3628,3,8,10,3,56,60,0,715.51,63,0,3,0.0
3629,3,9,10,3,56,60,0,396.78,61,0,3,0.0
3630,4,0,10,2,40,20,1,805.8149999999999,18,1,3,0.0
3631,4,1,10,2,40,20,0,590.552,53,1,3,0.0
3632,4,2,10,2,40,20,0,398.943,50,1,3,0.0
3633,4,3,10,2,40,20,1,415.508,19,1,3,0.0
3634,4,4,10,2,40,20,0,1122.824,46,0,3,0.0
3635,4,5,10,2,40,20,0,418.618,44,0,3,0.0
3636,4,6,10,2,40,20,0,412.688,45,0,3,0.0
3637,4,7,10,2,40,20,1,730.61,11,0,3,0.0
3638,4,8,10,2,40,20,0,329.767,39,0,3,0.0
3639,4,9,10,2,40,20,0,286.836,44,0,3,0.0
3640,5,0,10,2,10,40,0,703.8149999999999,13,1,3,0.0
3641,5,1,10,2,10,40,1,424.989,51,1,3,0.0
3642,5,2,10,2,10,40,0,596.097,1,1,3,0.0
3643,5,3,10,2,10,40,1,697.072,36,1,3,0.0
3644,5,4,10,2,10,40,1,707.283,38,0,3,0.0
3645,5,5,10,2,10,40,1,338.183,36,0,3,0.0
3646,5,6,10,2,10,40,1,281.147,52,0,3,0.0
3647,5,7,10,2,10,40,1,280.804,36,0,3,0.0
3648,5,8,10,2,10,40,0,770.568,1,0,3,0.0
3649,5,9,10,2,10,40,1,221.069,38,0,3,0.0
3650,6,0,5,1,60,56,0,709.238,65,1,3,0.0
3651,6,1,5,1,60,56,1,472.7120000000001,50,1,3,0.0
3652,6,2,5,1,60,56,0,493.838,74,1,3,0.0
3653,6,3,5,1,60,56,0,567.769,55,1,3,0.0
3654,6,4,5,1,60,56,0,275.646,62,0,3,0.0
3655,7,0,10,1,44,40,1,718.37,29,1,3,0.0
3656,7,1,10,1,44,40,0,350.755,42,1,3,0.0
3657,7,2,10,1,44,40,0,378.533,40,1,3,0.0
3658,7,3,10,1,44,40,0,395.879,42,1,3,0.0
3659,7,4,10,1,44,40,0,1176.544,53,0,3,0.0
3660,7,5,10,1,44,40,1,871.5260000000001,38,0,3,0.0
3661,7,6,10,1,44,40,0,553.4630000000001,52,0,3,0.0
3662,7,7,10,1,44,40,0,286.90900000000005,49,0,3,0.0
3663,7,8,10,1,44,40,0,233.017,38,0,3,0.0
3664,7,9,10,1,44,40,0,648.051,51,0,3,0.0
3665,8,0,5,2,64,60,1,593.576,60,1,3,0.0
3666,8,1,5,2,64,60,1,471.725,66,1,3,0.0
3667,8,2,5,2,64,60,0,376.235,61,1,3,0.0
3668,8,3,5,2,64,60,0,422.889,65,1,3,0.0
3669,8,4,5,2,64,60,1,1089.965,54,0,3,0.0
3670,9,0,10,2,60,52,0,588.034,44,1,3,0.0
3671,9,1,10,2,60,52,1,345.506,51,1,3,0.0
3672,9,2,10,2,60,52,1,401.233,60,1,3,0.0
3673,9,3,10,2,60,52,0,443.954,59,1,3,0.0
3674,9,4,10,2,60,52,1,1726.482,52,0,3,0.0
3675,9,5,10,2,60,52,0,621.695,47,0,3,0.0
3676,9,6,10,2,60,52,1,258.486,60,0,3,0.0
3677,9,7,10,2,60,52,1,364.435,48,0,3,0.0
3678,9,8,10,2,60,52,0,423.162,63,0,3,0.0
3679,9,9,10,2,60,52,0,554.417,69,0,3,0.0
3680,10,0,5,2,40,44,1,649.5419999999999,43,1,3,0.0
3681,10,1,5,2,40,44,0,363.934,31,1,3,0.0
3682,10,2,5,2,40,44,1,212.898,49,1,3,0.0
3683,10,3,5,2,40,44,0,396.209,35,1,3,0.0
3684,10,4,5,2,40,44,1,571.4939999999999,28,0,3,0.0
3685,11,0,10,2,68,60,1,709.546,66,1,3,0.0
3686,11,1,10,2,68,60,0,395.409,62,1,3,0.0
3687,11,2,10,2,68,60,1,368.077,53,1,3,0.0
3688,11,3,10,2,68,60,0,422.618,64,1,3,0.0
3689,11,4,10,2,68,60,0,1833.057,82,0,3,0.0
3690,11,5,10,2,68,60,0,379.486,68,0,3,0.0
3691,11,6,10,2,68,60,0,269.856,70,0,3,0.0
3692,11,7,10,2,68,60,0,281.858,60,0,3,0.0
3693,11,8,10,2,68,60,0,270.52,62,0,3,0.0
3694,11,9,10,2,68,60,0,290.66700000000003,57,0,3,0.0
3695,12,0,10,2,20,40,1,562.5989999999999,27,1,3,0.0
3696,12,1,10,2,20,40,0,258.882,24,1,3,0.0
3697,12,2,10,2,20,40,1,285.027,35,1,3,0.0
3698,12,3,10,2,20,40,0,364.984,21,1,3,0.0
3699,12,4,10,2,20,40,1,730.438,44,0,3,0.0
3700,12,5,10,2,20,40,1,449.121,40,0,3,0.0
3701,12,6,10,2,20,40,0,484.028,23,0,3,0.0
3702,12,7,10,2,20,40,1,203.472,36,0,3,0.0
3703,12,8,10,2,20,40,1,229.536,53,0,3,0.0
3704,12,9,10,2,20,40,1,135.951,49,0,3,0.0
3705,13,0,10,1,60,90,0,623.639,61,1,3,0.0
3706,13,1,10,1,60,90,0,780.105,72,1,3,0.0
3707,13,2,10,1,60,90,1,1899.96,92,1,3,0.0
3708,13,3,10,1,60,90,0,1317.112,69,1,3,0.0
3709,13,4,10,1,60,90,1,508.826,92,0,3,0.0
3710,13,5,10,1,60,90,1,301.747,81,0,3,0.0
3711,13,6,10,1,60,90,1,269.852,97,0,3,0.0
3712,13,7,10,1,60,90,1,262.324,94,0,3,0.0
3713,13,8,10,1,60,90,1,279.903,89,0,3,0.0
3714,13,9,10,1,60,90,1,144.99200000000002,87,0,3,0.0
3715,14,0,5,2,40,70,0,798.471,40,1,3,0.0
3716,14,1,5,2,40,70,1,373.353,75,1,3,0.0
3717,14,2,5,2,40,70,0,578.871,36,1,3,0.0
3718,14,3,5,2,40,70,1,313.125,78,1,3,0.0
3719,14,4,5,2,40,70,1,303.633,78,0,3,0.0
3720,15,0,5,1,90,60,0,476.061,94,1,3,0.0
3721,15,1,5,1,90,60,1,380.9620000000001,53,1,3,0.0
3722,15,2,5,1,90,60,0,329.634,84,1,3,0.0
3723,15,3,5,1,90,60,0,1063.9840000000002,97,1,3,0.0
3724,15,4,5,1,90,60,0,274.865,80,0,3,0.0
3725,16,0,10,1,52,40,0,515.8660000000001,61,1,3,0.0
3726,16,1,10,1,52,40,1,333.688,33,1,3,0.0
3727,16,2,10,1,52,40,0,167.905,56,1,3,0.0
3728,16,3,10,1,52,40,0,514.811,53,1,3,0.0
3729,16,4,10,1,52,40,1,267.819,47,0,3,0.0
3730,16,5,10,1,52,40,0,268.927,51,0,3,0.0
3731,16,6,10,1,52,40,0,0.4979999999999999,54,0,3,0.0
3732,16,7,10,1,52,40,0,0.6970000000000001,72,0,3,0.0
3733,16,8,10,1,52,40,0,0.5860000000000001,61,0,3,0.0
3734,16,9,10,1,52,40,0,0.7879999999999999,45,0,3,0.0
3735,17,0,10,2,40,70,0,753.3349999999999,38,1,3,0.0
3736,17,1,10,2,40,70,1,468.032,63,1,3,0.0
3737,17,2,10,2,40,70,1,349.356,72,1,3,0.0
3738,17,3,10,2,40,70,0,491.809,58,1,3,0.0
3739,17,4,10,2,40,70,1,692.274,73,0,3,0.0
3740,17,5,10,2,40,70,1,365.112,65,0,3,0.0
3741,17,6,10,2,40,70,0,346.445,39,0,3,0.0
3742,17,7,10,2,40,70,1,239.899,67,0,3,0.0
3743,17,8,10,2,40,70,1,203.485,65,0,3,0.0
3744,17,9,10,2,40,70,1,0.5429999999999999,81,0,3,0.0
3745,18,0,5,2,60,90,1,553.894,92,1,3,0.0
3746,18,1,5,2,60,90,0,282.615,54,1,3,0.0
3747,18,2,5,2,60,90,0,706.0840000000001,61,1,3,0.0
3748,18,3,5,2,60,90,1,652.3480000000001,96,1,3,0.0
3749,18,4,5,2,60,90,1,287.678,97,0,3,0.0
3750,19,0,10,2,68,60,1,546.0899999999999,56,1,3,0.0
3751,19,1,10,2,68,60,0,311.875,80,1,3,0.0
3752,19,2,10,2,68,60,0,675.8199999999999,60,1,3,0.0
3753,19,3,10,2,68,60,1,808.5830000000001,63,1,3,0.0
3754,19,4,10,2,68,60,0,1421.3929999999998,71,0,3,0.0
3755,19,5,10,2,68,60,1,601.9060000000001,61,0,3,0.0
3756,19,6,10,2,68,60,0,276.652,70,0,3,0.0
3757,19,7,10,2,68,60,0,0.5760000000000001,75,0,3,0.0
3758,19,8,10,2,68,60,0,0.554,77,0,3,0.0
3759,19,9,10,2,68,60,0,525.0089999999999,65,0,3,0.0
3760,20,0,10,2,60,40,0,564.762,51,1,3,0.0
3761,20,1,10,2,60,40,1,242.615,26,1,3,0.0
3762,20,2,10,2,60,40,1,855.826,32,1,3,0.0
3763,20,3,10,2,60,40,0,478.853,50,1,3,0.0
3764,20,4,10,2,60,40,0,329.124,75,0,3,0.0
3765,20,5,10,2,60,40,0,151.71,62,0,3,0.0
3766,20,6,10,2,60,40,0,78.87700000000001,56,0,3,0.0
3767,20,7,10,2,60,40,0,95.473,68,0,3,0.0
3768,20,8,10,2,60,40,0,119.586,63,0,3,0.0
3769,20,9,10,2,60,40,0,0.55,61,0,3,0.0
3770,21,0,5,3,60,30,1,627.957,18,1,3,0.0
3771,21,1,5,3,60,30,1,606.677,45,1,3,0.0
3772,21,2,5,3,60,30,1,545.1890000000001,13,1,3,0.0
3773,21,3,5,3,60,30,0,1360.839,62,1,3,0.0
3774,21,4,5,3,60,30,0,744.711,64,0,3,0.0
3775,22,0,10,2,40,36,1,535.968,33,1,3,0.0
3776,22,1,10,2,40,36,1,608.4359999999999,44,1,3,0.0
3777,22,2,10,2,40,36,0,596.819,46,1,3,0.0
3778,22,3,10,2,40,36,0,433.828,33,1,3,0.0
3779,22,4,10,2,40,36,0,3180.51,47,0,3,0.0
3780,22,5,10,2,40,36,0,2602.242,46,0,3,0.0
3781,22,6,10,2,40,36,1,326.331,36,0,3,0.0
3782,22,7,10,2,40,36,0,283.537,42,0,3,0.0
3783,22,8,10,2,40,36,0,76.88300000000001,35,0,3,0.0
3784,22,9,10,2,40,36,0,0.66,33,0,3,0.0
3785,23,0,5,2,30,60,1,545.9340000000001,60,1,3,0.0
3786,23,1,5,2,30,60,0,288.779,33,1,3,0.0
3787,23,2,5,2,30,60,0,576.947,37,1,3,0.0
3788,23,3,5,2,30,60,1,389.32,74,1,3,0.0
3789,23,4,5,2,30,60,1,411.639,54,0,3,0.0
3790,24,0,10,3,60,68,1,545.329,73,1,3,0.0
3791,24,1,10,3,60,68,1,416.114,71,1,3,0.0
3792,24,2,10,3,60,68,1,419.399,63,1,3,0.0
3793,24,3,10,3,60,68,0,737.266,67,1,3,0.0
3794,24,4,10,3,60,68,0,2687.3,65,0,3,0.0
3795,24,5,10,3,60,68,1,1321.321,76,0,3,0.0
3796,24,6,10,3,60,68,1,272.908,68,0,3,0.0
3797,24,7,10,3,60,68,1,0.8220000000000001,63,0,3,0.0
3798,24,8,10,3,60,68,0,292.593,58,0,3,0.0
3799,24,9,10,3,60,68,1,27.748,64,0,3,0.0
3800,25,0,10,3,52,60,0,808.378,64,1,3,0.0
3801,25,1,10,3,52,60,1,316.62800000000004,63,1,3,0.0
3802,25,2,10,3,52,60,1,653.306,82,1,3,0.0
3803,25,3,10,3,52,60,1,334.719,67,1,3,0.0
3804,25,4,10,3,52,60,0,758.3839999999999,67,0,3,0.0
3805,25,5,10,3,52,60,1,308.92900000000003,50,0,3,0.0
3806,25,6,10,3,52,60,0,598.471,54,0,3,0.0
3807,25,7,10,3,52,60,0,697.053,55,0,3,0.0
3808,25,8,10,3,52,60,1,623.892,53,0,3,0.0
3809,25,9,10,3,52,60,0,275.159,54,0,3,0.0
3810,26,0,10,1,60,30,0,685.661,48,1,3,0.0
3811,26,1,10,1,60,30,1,182.487,31,1,3,0.0
3812,26,2,10,1,60,30,0,1154.301,64,1,3,0.0
3813,26,3,10,1,60,30,0,906.275,75,1,3,0.0
3814,26,4,10,1,60,30,0,434.839,63,0,3,0.0
3815,26,5,10,1,60,30,0,342.216,61,0,3,0.0
3816,26,6,10,1,60,30,0,21.351,52,0,3,0.0
3817,26,7,10,1,60,30,0,0.763,60,0,3,0.0
3818,26,8,10,1,60,30,0,0.599,61,0,3,0.0
3819,26,9,10,1,60,30,0,535.0089999999999,48,0,3,0.0
3820,27,0,5,2,60,56,0,455.46,67,1,3,0.0
3821,27,1,5,2,60,56,0,402.583,65,1,3,0.0
3822,27,2,5,2,60,56,1,640.378,52,1,3,0.0
3823,27,3,5,2,60,56,1,602.432,55,1,3,0.0
3824,27,4,5,2,60,56,0,718.1070000000001,68,0,3,0.0
3825,28,0,10,1,40,36,0,481.209,35,1,3,0.0
3826,28,1,10,1,40,36,0,547.3299999999999,48,1,3,0.0
3827,28,2,10,1,40,36,0,402.053,47,1,3,0.0
3828,28,3,10,1,40,36,1,516.744,33,1,3,0.0
3829,28,4,10,1,40,36,0,1252.82,38,0,3,0.0
3830,28,5,10,1,40,36,1,392.057,31,0,3,0.0
3831,28,6,10,1,40,36,0,292.203,38,0,3,0.0
3832,28,7,10,1,40,36,0,0.528,20,0,3,0.0
3833,28,8,10,1,40,36,1,343.117,32,0,3,0.0
3834,28,9,10,1,40,36,0,220.857,42,0,3,0.0
3835,29,0,5,2,28,40,1,856.384,51,1,3,0.0
3836,29,1,5,2,28,40,0,426.917,41,1,3,0.0
3837,29,2,5,2,28,40,1,409.766,43,1,3,0.0
3838,29,3,5,2,28,40,0,2465.906,18,1,3,0.0
3839,29,4,5,2,28,40,1,404.716,52,0,3,0.0
3840,30,0,5,2,52,60,1,528.08,63,1,3,0.0
3841,30,1,5,2,52,60,0,470.582,39,1,3,0.0
3842,30,2,5,2,52,60,1,409.302,61,1,3,0.0
3843,30,3,5,2,52,60,0,422.336,44,1,3,0.0
3844,30,4,5,2,52,60,1,513.966,63,0,3,0.0
3845,31,0,10,2,52,60,0,673.3820000000001,55,1,3,0.0
3846,31,1,10,2,52,60,1,188.068,41,1,3,0.0
3847,31,2,10,2,52,60,1,721.04,54,1,3,0.0
3848,31,3,10,2,52,60,0,1696.2379999999998,53,1,3,0.0
3849,31,4,10,2,52,60,0,2025.768,47,0,3,0.0
3850,31,5,10,2,52,60,1,341.536,59,0,3,0.0
3851,31,6,10,2,52,60,1,300.195,59,0,3,0.0
3852,31,7,10,2,52,60,1,442.748,68,0,3,0.0
3853,31,8,10,2,52,60,1,461.242,63,0,3,0.0
3854,31,9,10,2,52,60,1,262.19100000000003,64,0,3,0.0
3855,32,0,5,3,56,60,1,520.215,67,1,3,0.0
3856,32,1,5,3,56,60,1,503.498,55,1,3,0.0
3857,32,2,5,3,56,60,1,546.952,70,1,3,0.0
3858,32,3,5,3,56,60,0,1776.332,56,1,3,0.0
3859,32,4,5,3,56,60,1,653.941,67,0,3,0.0
3860,33,0,5,3,40,70,0,680.13,41,1,3,0.0
3861,33,1,5,3,40,70,1,402.616,67,1,3,0.0
3862,33,2,5,3,40,70,1,453.219,61,1,3,0.0
3863,33,3,5,3,40,70,1,443.292,60,1,3,0.0
3864,33,4,5,3,40,70,1,1766.188,75,0,3,0.0
3865,34,0,5,1,40,20,0,563.2909999999999,29,1,3,0.0
3866,34,1,5,1,40,20,0,643.415,49,1,3,0.0
3867,34,2,5,1,40,20,0,734.5699999999999,40,1,3,0.0
3868,34,3,5,1,40,20,1,955.981,34,1,3,0.0
3869,34,4,5,1,40,20,0,1691.046,33,0,3,0.0
3870,35,0,5,1,40,32,0,692.059,47,1,3,0.0
3871,35,1,5,1,40,32,0,502.286,48,1,3,0.0
3872,35,2,5,1,40,32,1,554.165,36,1,3,0.0
3873,35,3,5,1,40,32,0,485.159,37,1,3,0.0
3874,35,4,5,1,40,32,0,1479.321,35,0,3,0.0
3875,36,0,10,3,40,60,1,601.5749999999999,75,1,3,0.0
3876,36,1,10,3,40,60,0,294.377,43,1,3,0.0
3877,36,2,10,3,40,60,1,503.444,55,1,3,0.0
3878,36,3,10,3,40,60,1,726.3720000000001,65,1,3,0.0
3879,36,4,10,3,40,60,1,790.572,50,0,3,0.0
3880,36,5,10,3,40,60,0,1909.107,49,0,3,0.0
3881,36,6,10,3,40,60,1,1228.523,62,0,3,0.0
3882,36,7,10,3,40,60,1,423.395,57,0,3,0.0
3883,36,8,10,3,40,60,1,321.024,55,0,3,0.0
3884,36,9,10,3,40,60,1,240.981,50,0,3,0.0
3885,37,0,5,1,52,60,0,659.706,49,1,3,0.0
3886,37,1,5,1,52,60,0,509.592,58,1,3,0.0
3887,37,2,5,1,52,60,0,1438.566,46,1,3,0.0
3888,37,3,5,1,52,60,1,849.8639999999999,71,1,3,0.0
3889,37,4,5,1,52,60,1,548.52,70,0,3,0.0
3890,38,0,10,2,36,40,0,588.566,42,1,3,0.0
3891,38,1,10,2,36,40,1,392.822,46,1,3,0.0
3892,38,2,10,2,36,40,0,587.256,22,1,3,0.0
3893,38,3,10,2,36,40,1,1602.308,52,1,3,0.0
3894,38,4,10,2,36,40,0,775.471,22,0,3,0.0
3895,38,5,10,2,36,40,1,276.196,47,0,3,0.0
3896,38,6,10,2,36,40,1,0.673,29,0,3,0.0
3897,38,7,10,2,36,40,1,281.76,40,0,3,0.0
3898,38,8,10,2,36,40,1,82.116,29,0,3,0.0
3899,38,9,10,2,36,40,1,463.763,50,0,3,0.0
3900,39,0,5,1,60,72,1,739.508,82,1,3,0.0
3901,39,1,5,1,60,72,0,627.2489999999999,67,1,3,0.0
3902,39,2,5,1,60,72,0,925.726,57,1,3,0.0
3903,39,3,5,1,60,72,0,1286.514,56,1,3,0.0
3904,39,4,5,1,60,72,1,263.858,80,0,3,0.0
3905,40,0,10,2,60,80,0,588.153,54,1,3,0.0
3906,40,1,10,2,60,80,1,443.729,82,1,3,0.0
3907,40,2,10,2,60,80,0,614.702,73,1,3,0.0
3908,40,3,10,2,60,80,1,483.386,90,1,3,0.0
3909,40,4,10,2,60,80,1,563.25,96,0,3,0.0
3910,40,5,10,2,60,80,1,298.268,80,0,3,0.0
3911,40,6,10,2,60,80,1,266.321,88,0,3,0.0
3912,40,7,10,2,60,80,1,225.425,74,0,3,0.0
3913,40,8,10,2,60,80,1,286.306,85,0,3,0.0
3914,40,9,10,2,60,80,1,219.994,97,0,3,0.0
3915,41,0,10,2,60,40,1,1121.697,46,1,3,0.0
3916,41,1,10,2,60,40,1,490.116,43,1,3,0.0
3917,41,2,10,2,60,40,0,481.779,60,1,3,0.0
3918,41,3,10,2,60,40,0,1049.283,58,1,3,0.0
3919,41,4,10,2,60,40,0,917.886,59,0,3,0.0
3920,41,5,10,2,60,40,0,1237.287,70,0,3,0.0
3921,41,6,10,2,60,40,0,297.21500000000003,62,0,3,0.0
3922,41,7,10,2,60,40,0,0.499,73,0,3,0.0
3923,41,8,10,2,60,40,0,0.54,60,0,3,0.0
3924,41,9,10,2,60,40,0,462.196,59,0,3,0.0
3925,42,0,10,3,60,48,1,466.868,35,1,3,0.0
3926,42,1,10,3,60,48,1,626.198,53,1,3,0.0
3927,42,2,10,3,60,48,1,2438.362,53,1,3,0.0
3928,42,3,10,3,60,48,0,1450.386,64,1,3,0.0
3929,42,4,10,3,60,48,0,1236.845,68,0,3,0.0
3930,42,5,10,3,60,48,0,310.672,46,0,3,0.0
3931,42,6,10,3,60,48,1,2032.958,38,0,3,0.0
3932,42,7,10,3,60,48,0,305.012,51,0,3,0.0
3933,42,8,10,3,60,48,0,0.537,61,0,3,0.0
3934,42,9,10,3,60,48,0,0.6669999999999999,57,0,3,0.0
3935,43,0,5,3,48,40,0,1777.429,47,1,3,0.0
3936,43,1,5,3,48,40,1,2223.783,31,1,3,0.0
3937,43,2,5,3,48,40,1,1204.852,53,1,3,0.0
3938,43,3,5,3,48,40,1,866.598,45,1,3,0.0
3939,43,4,5,3,48,40,0,690.8109999999999,50,0,3,0.0
3940,44,0,5,2,60,40,1,1786.564,28,1,3,0.0
3941,44,1,5,2,60,40,1,610.856,34,1,3,0.0
3942,44,2,5,2,60,40,0,598.643,57,1,3,0.0
3943,44,3,5,2,60,40,0,669.8100000000001,73,1,3,0.0
3944,44,4,5,2,60,40,0,191.197,62,0,3,0.0
3945,45,0,10,2,60,72,1,444.811,75,1,3,0.0
3946,45,1,10,2,60,72,0,424.155,75,1,3,0.0
3947,45,2,10,2,60,72,0,437.282,53,1,3,0.0
3948,45,3,10,2,60,72,1,1701.975,77,1,3,0.0
3949,45,4,10,2,60,72,1,1008.033,64,0,3,0.0
3950,45,5,10,2,60,72,1,644.119,72,0,3,0.0
3951,45,6,10,2,60,72,1,310.523,49,0,3,0.0
3952,45,7,10,2,60,72,0,694.293,72,0,3,0.0
3953,45,8,10,2,60,72,0,333.032,42,0,3,0.0
3954,45,9,10,2,60,72,1,330.644,81,0,3,0.0
3955,46,0,5,3,80,60,1,649.971,49,1,3,0.0
3956,46,1,5,3,80,60,1,452.826,64,1,3,0.0
3957,46,2,5,3,80,60,1,809.866,62,1,3,0.0
3958,46,3,5,3,80,60,0,1252.221,80,1,3,0.0
3959,46,4,5,3,80,60,0,350.213,98,0,3,0.0
3960,47,0,5,3,60,64,1,478.081,69,1,3,0.0
3961,47,1,5,3,60,64,0,345.732,46,1,3,0.0
3962,47,2,5,3,60,64,1,489.103,51,1,3,0.0
3963,47,3,5,3,60,64,1,2247.447,69,1,3,0.0
3964,47,4,5,3,60,64,1,739.059,65,0,3,0.0
3965,48,0,5,3,60,40,1,621.0909999999999,47,1,3,0.0
3966,48,1,5,3,60,40,1,509.9630000000001,42,1,3,0.0
3967,48,2,5,3,60,40,0,535.2280000000001,65,1,3,0.0
3968,48,3,5,3,60,40,1,1192.059,31,1,3,0.0
3969,48,4,5,3,60,40,0,476.25,47,0,3,0.0
3970,49,0,5,3,48,60,1,527.442,59,1,3,0.0
3971,49,1,5,3,48,60,1,449.414,68,1,3,0.0
3972,49,2,5,3,48,60,1,406.159,60,1,3,0.0
3973,49,3,5,3,48,60,0,746.481,44,1,3,0.0
3974,49,4,5,3,48,60,1,315.019,65,0,3,0.0
3975,50,0,10,1,40,28,1,484.0,10,1,3,0.0
3976,50,1,10,1,40,28,0,372.88,29,1,3,0.0
3977,50,2,10,1,40,28,0,602.915,45,1,3,0.0
3978,50,3,10,1,40,28,0,1110.581,38,1,3,0.0
3979,50,4,10,1,40,28,1,1200.576,36,0,3,0.0
3980,50,5,10,1,40,28,0,1275.7179999999998,35,0,3,0.0
3981,50,6,10,1,40,28,1,420.566,27,0,3,0.0
3982,50,7,10,1,40,28,0,267.636,41,0,3,0.0
3983,50,8,10,1,40,28,0,321.94800000000004,31,0,3,0.0
3984,50,9,10,1,40,28,0,0.491,47,0,3,0.0
3985,51,0,10,1,40,70,0,611.3309999999999,56,1,3,0.0
3986,51,1,10,1,40,70,0,544.107,36,1,3,0.0
3987,51,2,10,1,40,70,1,784.744,78,1,3,0.0
3988,51,3,10,1,40,70,0,726.214,45,1,3,0.0
3989,51,4,10,1,40,70,1,2056.652,74,0,3,0.0
3990,51,5,10,1,40,70,1,677.748,76,0,3,0.0
3991,51,6,10,1,40,70,1,205.715,71,0,3,0.0
3992,51,7,10,1,40,70,1,0.635,68,0,3,0.0
3993,51,8,10,1,40,70,1,0.705,66,0,3,0.0
3994,51,9,10,1,40,70,1,0.597,61,0,3,0.0
3995,52,0,5,2,72,60,1,599.34,55,1,3,0.0
3996,52,1,5,2,72,60,0,396.604,71,1,3,0.0
3997,52,2,5,2,72,60,0,940.446,74,1,3,0.0
3998,52,3,5,2,72,60,1,823.4820000000001,57,1,3,0.0
3999,52,4,5,2,72,60,0,433.887,77,0,3,0.0
4000,53,0,10,3,44,40,1,599.821,37,1,3,0.0
4001,53,1,10,3,44,40,1,393.72,45,1,3,0.0
4002,53,2,10,3,44,40,1,365.113,47,1,3,0.0
4003,53,3,10,3,44,40,0,681.187,41,1,3,0.0
4004,53,4,10,3,44,40,0,431.577,41,0,3,0.0
4005,53,5,10,3,44,40,1,2562.2090000000003,54,0,3,0.0
4006,53,6,10,3,44,40,1,287.217,26,0,3,0.0
4007,53,7,10,3,44,40,0,632.1600000000001,49,0,3,0.0
4008,53,8,10,3,44,40,0,321.648,35,0,3,0.0
4009,53,9,10,3,44,40,1,167.495,34,0,3,0.0
4010,54,0,10,1,60,40,1,693.3240000000001,37,1,3,0.0
4011,54,1,10,1,60,40,0,311.699,70,1,3,0.0
4012,54,2,10,1,60,40,0,466.686,52,1,3,0.0
4013,54,3,10,1,60,40,0,475.002,53,1,3,0.0
4014,54,4,10,1,60,40,1,988.264,40,0,3,0.0
4015,54,5,10,1,60,40,0,281.141,53,0,3,0.0
4016,54,6,10,1,60,40,0,114.609,61,0,3,0.0
4017,54,7,10,1,60,40,0,0.728,57,0,3,0.0
4018,54,8,10,1,60,40,0,476.381,69,0,3,0.0
4019,54,9,10,1,60,40,0,269.067,63,0,3,0.0
4020,55,0,10,2,64,60,0,518.366,62,1,3,0.0
4021,55,1,10,2,64,60,0,519.047,69,1,3,0.0
4022,55,2,10,2,64,60,1,625.4269999999999,64,1,3,0.0
4023,55,3,10,2,64,60,1,1811.687,57,1,3,0.0
4024,55,4,10,2,64,60,1,2192.315,50,0,3,0.0
4025,55,5,10,2,64,60,0,1134.1950000000002,53,0,3,0.0
4026,55,6,10,2,64,60,0,732.327,66,0,3,0.0
4027,55,7,10,2,64,60,0,257.542,69,0,3,0.0
4028,55,8,10,2,64,60,0,0.513,69,0,3,0.0
4029,55,9,10,2,64,60,0,0.513,59,0,3,0.0
4030,56,0,10,2,60,90,1,530.9730000000001,99,1,3,0.0
4031,56,1,10,2,60,90,1,507.339,92,1,3,0.0
4032,56,2,10,2,60,90,0,481.95,57,1,3,0.0
4033,56,3,10,2,60,90,0,237.679,41,1,3,0.0
4034,56,4,10,2,60,90,1,576.3770000000001,89,0,3,0.0
4035,56,5,10,2,60,90,1,509.15600000000006,99,0,3,0.0
4036,56,6,10,2,60,90,1,253.567,99,0,3,0.0
4037,56,7,10,2,60,90,1,0.5730000000000001,90,0,3,0.0
4038,56,8,10,2,60,90,1,0.432,93,0,3,0.0
4039,56,9,10,2,60,90,1,0.415,93,0,3,0.0
4040,57,0,5,2,40,20,0,453.439,41,1,3,0.0
4041,57,1,5,2,40,20,0,501.626,36,1,3,0.0
4042,57,2,5,2,40,20,1,425.312,21,1,3,0.0
4043,57,3,5,2,40,20,1,455.675,16,1,3,0.0
4044,57,4,5,2,40,20,0,99.513,17,0,3,0.0
4045,58,0,5,2,60,80,0,711.3580000000001,54,1,3,0.0
4046,58,1,5,2,60,80,0,436.743,55,1,3,0.0
4047,58,2,5,2,60,80,1,801.149,88,1,3,0.0
4048,58,3,5,2,60,80,1,1117.991,82,1,3,0.0
4049,58,4,5,2,60,80,1,965.231,85,0,3,0.0
4050,59,0,5,3,40,52,1,500.75,52,1,3,0.0
4051,59,1,5,3,40,52,0,421.815,52,1,3,0.0
4052,59,2,5,3,40,52,1,371.036,44,1,3,0.0
4053,59,3,5,3,40,52,1,520.36,48,1,3,0.0
4054,59,4,5,3,40,52,0,1446.7179999999998,45,0,3,0.0
4055,60,0,5,1,48,60,0,765.321,46,1,3,0.0
4056,60,1,5,1,48,60,1,338.226,67,1,3,0.0
4057,60,2,5,1,48,60,0,525.065,55,1,3,0.0
4058,60,3,5,1,48,60,0,769.0749999999999,48,1,3,0.0
4059,60,4,5,1,48,60,1,342.443,75,0,3,0.0
4060,61,0,5,2,52,40,0,421.363,38,1,3,0.0
4061,61,1,5,2,52,40,1,298.39,54,1,3,0.0
4062,61,2,5,2,52,40,1,505.234,43,1,3,0.0
4063,61,3,5,2,52,40,0,1513.16,51,1,3,0.0
4064,61,4,5,2,52,40,1,411.697,58,0,3,0.0
4065,62,0,5,1,10,40,0,632.6619999999999,6,1,3,0.0
4066,62,1,5,1,10,40,0,504.1909999999999,5,1,3,0.0
4067,62,2,5,1,10,40,1,501.30300000000005,43,1,3,0.0
4068,62,3,5,1,10,40,0,2772.575,11,1,3,0.0
4069,62,4,5,1,10,40,1,242.859,50,0,3,0.0
4070,63,0,5,1,52,40,1,591.8879999999999,47,1,3,0.0
4071,63,1,5,1,52,40,0,308.439,63,1,3,0.0
4072,63,2,5,1,52,40,0,609.658,53,1,3,0.0
4073,63,3,5,1,52,40,0,360.772,48,1,3,0.0
4074,63,4,5,1,52,40,0,1047.056,49,0,3,0.0
4075,64,0,10,3,60,30,1,545.59,26,1,3,0.0
4076,64,1,10,3,60,30,1,524.698,16,1,3,0.0
4077,64,2,10,3,60,30,1,399.17,37,1,3,0.0
4078,64,3,10,3,60,30,0,685.952,60,1,3,0.0
4079,64,4,10,3,60,30,0,1174.1090000000002,57,0,3,0.0
4080,64,5,10,3,60,30,0,482.937,58,0,3,0.0
4081,64,6,10,3,60,30,0,148.661,62,0,3,0.0
4082,64,7,10,3,60,30,0,145.837,58,0,3,0.0
4083,64,8,10,3,60,30,0,207.805,46,0,3,0.0
4084,64,9,10,3,60,30,0,35.385,55,0,3,0.0
4085,65,0,5,2,36,40,0,493.243,45,1,3,0.0
4086,65,1,5,2,36,40,0,490.716,44,1,3,0.0
4087,65,2,5,2,36,40,1,915.81,45,1,3,0.0
4088,65,3,5,2,36,40,1,1039.333,34,1,3,0.0
4089,65,4,5,2,36,40,0,561.984,42,0,3,0.0
4090,66,0,5,3,32,40,0,539.06,26,1,3,0.0
4091,66,1,5,3,32,40,1,295.751,45,1,3,0.0
4092,66,2,5,3,32,40,1,505.65,48,1,3,0.0
4093,66,3,5,3,32,40,1,1119.577,39,1,3,0.0
4094,66,4,5,3,32,40,1,424.788,41,0,3,0.0
4095,67,0,5,2,70,40,0,559.9699999999999,73,1,3,0.0
4096,67,1,5,2,70,40,1,300.465,49,1,3,0.0
4097,67,2,5,2,70,40,0,710.562,71,1,3,0.0
4098,67,3,5,2,70,40,1,446.544,45,1,3,0.0
4099,67,4,5,2,70,40,0,359.731,77,0,3,0.0
4100,68,0,5,2,48,40,1,519.098,29,1,3,0.0
4101,68,1,5,2,48,40,0,343.88800000000003,51,1,3,0.0
4102,68,2,5,2,48,40,0,599.238,57,1,3,0.0
4103,68,3,5,2,48,40,1,538.995,41,1,3,0.0
4104,68,4,5,2,48,40,0,450.228,59,0,3,0.0
4105,69,0,10,2,72,60,0,492.932,82,1,3,0.0
4106,69,1,10,2,72,60,0,437.992,68,1,3,0.0
4107,69,2,10,2,72,60,1,2705.0640000000003,38,1,3,0.0
4108,69,3,10,2,72,60,1,626.3919999999999,65,1,3,0.0
4109,69,4,10,2,72,60,0,1039.334,66,0,3,0.0
4110,69,5,10,2,72,60,0,1130.7720000000002,66,0,3,0.0
4111,69,6,10,2,72,60,0,367.963,60,0,3,0.0
4112,69,7,10,2,72,60,1,310.461,49,0,3,0.0
4113,69,8,10,2,72,60,0,29.419,52,0,3,0.0
4114,69,9,10,2,72,60,0,63.538,62,0,3,0.0
4115,70,0,5,3,72,60,1,559.268,60,1,3,0.0
4116,70,1,5,3,72,60,0,303.398,69,1,3,0.0
4117,70,2,5,3,72,60,1,481.781,55,1,3,0.0
4118,70,3,5,3,72,60,1,1003.53,69,1,3,0.0
4119,70,4,5,3,72,60,0,2388.701,69,0,3,0.0
4120,71,0,5,2,48,60,1,443.117,61,1,3,0.0
4121,71,1,5,2,48,60,0,438.457,39,1,3,0.0
4122,71,2,5,2,48,60,1,331.836,63,1,3,0.0
4123,71,3,5,2,48,60,0,320.667,46,1,3,0.0
4124,71,4,5,2,48,60,1,481.011,40,0,3,0.0
4125,72,0,5,2,60,68,0,580.583,52,1,3,0.0
4126,72,1,5,2,60,68,1,375.096,65,1,3,0.0
4127,72,2,5,2,60,68,0,791.659,71,1,3,0.0
4128,72,3,5,2,60,68,1,986.447,65,1,3,0.0
4129,72,4,5,2,60,68,0,800.119,52,0,3,0.0
4130,73,0,10,2,90,60,0,436.266,99,1,3,0.0
4131,73,1,10,2,90,60,1,312.634,74,1,3,0.0
4132,73,2,10,2,90,60,1,586.0849999999999,62,1,3,0.0
4133,73,3,10,2,90,60,0,525.163,99,1,3,0.0
4134,73,4,10,2,90,60,0,1015.269,84,0,3,0.0
4135,73,5,10,2,90,60,0,409.859,75,0,3,0.0
4136,73,6,10,2,90,60,0,350.839,91,0,3,0.0
4137,73,7,10,2,90,60,0,347.919,94,0,3,0.0
4138,73,8,10,2,90,60,0,0.5109999999999999,87,0,3,0.0
4139,73,9,10,2,90,60,0,0.369,87,0,3,0.0
4140,74,0,5,3,40,20,1,635.0740000000001,25,1,3,0.0
4141,74,1,5,3,40,20,0,277.96700000000004,39,1,3,0.0
4142,74,2,5,3,40,20,1,200.42,24,1,3,0.0
4143,74,3,5,3,40,20,1,677.227,13,1,3,0.0
4144,74,4,5,3,40,20,0,21.202,40,0,3,0.0
4145,75,0,5,2,90,60,0,418.412,96,1,3,0.0
4146,75,1,5,2,90,60,1,285.593,59,1,3,0.0
4147,75,2,5,2,90,60,0,407.74,90,1,3,0.0
4148,75,3,5,2,90,60,1,325.211,62,1,3,0.0
4149,75,4,5,2,90,60,0,0.5109999999999999,84,0,3,0.0
4150,76,0,5,1,70,40,0,480.168,65,1,3,0.0
4151,76,1,5,1,70,40,0,561.164,73,1,3,0.0
4152,76,2,5,1,70,40,0,1454.2759999999998,63,1,3,0.0
4153,76,3,5,1,70,40,1,818.1429999999999,35,1,3,0.0
4154,76,4,5,1,70,40,0,733.437,68,0,3,0.0
4155,77,0,10,2,40,44,1,524.912,50,1,3,0.0
4156,77,1,10,2,40,44,0,294.268,37,1,3,0.0
4157,77,2,10,2,40,44,1,223.432,54,1,3,0.0
4158,77,3,10,2,40,44,0,303.30800000000005,32,1,3,0.0
4159,77,4,10,2,40,44,1,290.556,53,0,3,0.0
4160,77,5,10,2,40,44,1,1482.898,59,0,3,0.0
4161,77,6,10,2,40,44,1,333.1,56,0,3,0.0
4162,77,7,10,2,40,44,1,0.5469999999999999,45,0,3,0.0
4163,77,8,10,2,40,44,1,0.364,40,0,3,0.0
4164,77,9,10,2,40,44,1,0.351,42,0,3,0.0
4165,78,0,10,2,70,40,1,487.629,40,1,3,0.0
4166,78,1,10,2,70,40,0,263.678,68,1,3,0.0
4167,78,2,10,2,70,40,1,594.342,21,1,3,0.0
4168,78,3,10,2,70,40,0,70.12400000000001,64,1,3,0.0
4169,78,4,10,2,70,40,0,536.654,66,0,3,0.0
4170,78,5,10,2,70,40,0,160.635,67,0,3,0.0
4171,78,6,10,2,70,40,0,0.536,65,0,3,0.0
4172,78,7,10,2,70,40,0,0.558,77,0,3,0.0
4173,78,8,10,2,70,40,1,510.36,55,0,3,0.0
4174,78,9,10,2,70,40,0,1.767,85,0,3,0.0
4175,79,0,10,3,40,20,1,654.181,22,1,3,0.0
4176,79,1,10,3,40,20,1,619.9010000000001,3,1,3,0.0
4177,79,2,10,3,40,20,1,76.27499999999999,11,1,3,0.0
4178,79,3,10,3,40,20,0,713.4359999999999,35,1,3,0.0
4179,79,4,10,3,40,20,0,313.562,41,0,3,0.0
4180,79,5,10,3,40,20,0,384.465,45,0,3,0.0
4181,79,6,10,3,40,20,0,0.65,46,0,3,0.0
4182,79,7,10,3,40,20,0,265.413,41,0,3,0.0
4183,79,8,10,3,40,20,0,0.554,32,0,3,0.0
4184,79,9,10,3,40,20,0,0.319,33,0,3,0.0
4185,80,0,10,3,28,40,1,727.962,40,1,3,0.0
4186,80,1,10,3,28,40,0,191.906,24,1,3,0.0
4187,80,2,10,3,28,40,1,285.547,45,1,3,0.0
4188,80,3,10,3,28,40,1,399.934,42,1,3,0.0
4189,80,4,10,3,28,40,1,339.83200000000005,44,0,3,0.0
4190,80,5,10,3,28,40,1,265.935,40,0,3,0.0
4191,80,6,10,3,28,40,1,0.6930000000000001,34,0,3,0.0
4192,80,7,10,3,28,40,1,351.016,39,0,3,0.0
4193,80,8,10,3,28,40,1,0.5339999999999999,30,0,3,0.0
4194,80,9,10,3,28,40,1,432.237,37,0,3,0.0
4195,81,0,10,2,48,40,0,539.3599999999999,61,1,3,0.0
4196,81,1,10,2,48,40,1,108.044,32,1,3,0.0
4197,81,2,10,2,48,40,1,573.2660000000001,50,1,3,0.0
4198,81,3,10,2,48,40,0,361.511,55,1,3,0.0
4199,81,4,10,2,48,40,0,727.5840000000001,51,0,3,0.0
4200,81,5,10,2,48,40,1,326.11,32,0,3,0.0
4201,81,6,10,2,48,40,0,69.008,58,0,3,0.0
4202,81,7,10,2,48,40,0,310.14000000000004,40,0,3,0.0
4203,81,8,10,2,48,40,0,0.5810000000000001,46,0,3,0.0
4204,81,9,10,2,48,40,0,426.688,48,0,3,0.0
4205,82,0,10,2,60,48,0,524.474,67,1,3,0.0
4206,82,1,10,2,60,48,0,373.769,78,1,3,0.0
4207,82,2,10,2,60,48,1,501.846,56,1,3,0.0
4208,82,3,10,2,60,48,1,355.394,52,1,3,0.0
4209,82,4,10,2,60,48,0,728.555,63,0,3,0.0
4210,82,5,10,2,60,48,0,72.409,53,0,3,0.0
4211,82,6,10,2,60,48,0,0.636,68,0,3,0.0
4212,82,7,10,2,60,48,0,0.592,53,0,3,0.0
4213,82,8,10,2,60,48,0,0.5760000000000001,45,0,3,0.0
4214,82,9,10,2,60,48,0,0.6859999999999999,51,0,3,0.0
4215,83,0,10,1,40,60,0,744.653,42,1,3,0.0
4216,83,1,10,1,40,60,0,384.442,25,1,3,0.0
4217,83,2,10,1,40,60,1,551.415,56,1,3,0.0
4218,83,3,10,1,40,60,0,428.8,48,1,3,0.0
4219,83,4,10,1,40,60,1,1431.512,54,0,3,0.0
4220,83,5,10,1,40,60,1,795.562,76,0,3,0.0
4221,83,6,10,1,40,60,1,46.165,57,0,3,0.0
4222,83,7,10,1,40,60,1,0.8450000000000001,47,0,3,0.0
4223,83,8,10,1,40,60,1,588.521,68,0,3,0.0
4224,83,9,10,1,40,60,1,0.4979999999999999,60,0,3,0.0
4225,84,0,10,2,32,40,0,679.568,36,1,3,0.0
4226,84,1,10,2,32,40,1,47.457,38,1,3,0.0
4227,84,2,10,2,32,40,0,599.293,27,1,3,0.0
4228,84,3,10,2,32,40,1,316.061,38,1,3,0.0
4229,84,4,10,2,32,40,1,1278.368,39,0,3,0.0
4230,84,5,10,2,32,40,1,80.08800000000001,41,0,3,0.0
4231,84,6,10,2,32,40,1,0.696,37,0,3,0.0
4232,84,7,10,2,32,40,1,891.276,47,0,3,0.0
4233,84,8,10,2,32,40,1,0.506,53,0,3,0.0
4234,84,9,10,2,32,40,1,469.781,50,0,3,0.0
4235,85,0,10,1,40,32,0,734.971,43,1,3,0.0
4236,85,1,10,1,40,32,0,506.84,43,1,3,0.0
4237,85,2,10,1,40,32,1,472.043,26,1,3,0.0
4238,85,3,10,1,40,32,0,345.543,40,1,3,0.0
4239,85,4,10,1,40,32,0,1040.218,35,0,3,0.0
4240,85,5,10,1,40,32,0,52.439,41,0,3,0.0
4241,85,6,10,1,40,32,0,13.53,53,0,3,0.0
4242,85,7,10,1,40,32,0,25.716,39,0,3,0.0
4243,85,8,10,1,40,32,0,28.903,34,0,3,0.0
4244,85,9,10,1,40,32,0,6.335999999999999,51,0,3,0.0
4245,86,0,5,2,48,60,0,425.507,50,1,3,0.0
4246,86,1,5,2,48,60,0,500.434,56,1,3,0.0
4247,86,2,5,2,48,60,1,480.005,70,1,3,0.0
4248,86,3,5,2,48,60,1,520.463,62,1,3,0.0
4249,86,4,5,2,48,60,1,647.509,63,0,3,0.0
4250,87,0,5,2,44,40,0,572.452,53,1,3,0.0
4251,87,1,5,2,44,40,1,423.671,41,1,3,0.0
4252,87,2,5,2,44,40,0,460.6,48,1,3,0.0
4253,87,3,5,2,44,40,1,1563.058,30,1,3,0.0
4254,87,4,5,2,44,40,0,516.772,42,0,3,0.0
4255,88,0,10,1,40,20,0,579.909,38,1,3,0.0
4256,88,1,10,1,40,20,0,555.097,29,1,3,0.0
4257,88,2,10,1,40,20,0,1465.312,50,1,3,0.0
4258,88,3,10,1,40,20,1,564.7339999999999,37,1,3,0.0
4259,88,4,10,1,40,20,1,3106.7740000000003,12,0,3,0.0
4260,88,5,10,1,40,20,0,299.189,38,0,3,0.0
4261,88,6,10,1,40,20,0,268.14700000000005,53,0,3,0.0
4262,88,7,10,1,40,20,0,2.479,37,0,3,0.0
4263,88,8,10,1,40,20,0,0.5429999999999999,49,0,3,0.0
4264,88,9,10,1,40,20,0,0.638,49,0,3,0.0
4265,89,0,10,3,60,72,1,536.815,85,1,3,0.0
4266,89,1,10,3,60,72,1,481.105,66,1,3,0.0
4267,89,2,10,3,60,72,0,499.327,71,1,3,0.0
4268,89,3,10,3,60,72,1,1387.034,79,1,3,0.0
4269,89,4,10,3,60,72,0,2152.808,67,0,3,0.0
4270,89,5,10,3,60,72,1,518.051,63,0,3,0.0
4271,89,6,10,3,60,72,1,285.725,65,0,3,0.0
4272,89,7,10,3,60,72,0,310.793,69,0,3,0.0
4273,89,8,10,3,60,72,0,293.668,55,0,3,0.0
4274,89,9,10,3,60,72,1,285.991,69,0,3,0.0
4275,90,0,5,2,40,52,1,573.619,42,1,3,0.0
4276,90,1,5,2,40,52,0,518.651,34,1,3,0.0
4277,90,2,5,2,40,52,1,490.768,47,1,3,0.0
4278,90,3,5,2,40,52,0,652.9110000000001,34,1,3,0.0
4279,90,4,5,2,40,52,1,343.689,60,0,3,0.0
4280,91,0,10,2,64,60,1,448.434,65,1,3,0.0
4281,91,1,10,2,64,60,1,441.5,63,1,3,0.0
4282,91,2,10,2,64,60,0,429.397,55,1,3,0.0
4283,91,3,10,2,64,60,0,368.415,75,1,3,0.0
4284,91,4,10,2,64,60,0,1878.086,73,0,3,0.0
4285,91,5,10,2,64,60,0,399.215,64,0,3,0.0
4286,91,6,10,2,64,60,1,1140.258,54,0,3,0.0
4287,91,7,10,2,64,60,0,273.02700000000004,72,0,3,0.0
4288,91,8,10,2,64,60,0,0.6669999999999999,61,0,3,0.0
4289,91,9,10,2,64,60,0,0.707,68,0,3,0.0
4290,92,0,10,1,10,40,0,662.285,10,1,3,0.0
4291,92,1,10,1,10,40,0,523.366,18,1,3,0.0
4292,92,2,10,1,10,40,1,406.228,49,1,3,0.0
4293,92,3,10,1,10,40,0,558.645,12,1,3,0.0
4294,92,4,10,1,10,40,1,636.007,53,0,3,0.0
4295,92,5,10,1,10,40,1,303.932,42,0,3,0.0
4296,92,6,10,1,10,40,1,16.785999999999998,46,0,3,0.0
4297,92,7,10,1,10,40,1,132.649,31,0,3,0.0
4298,92,8,10,1,10,40,1,66.679,55,0,3,0.0
4299,92,9,10,1,10,40,1,84.774,59,0,3,0.0
4300,93,0,10,3,40,60,1,404.459,59,1,3,0.0
4301,93,1,10,3,40,60,1,458.789,65,1,3,0.0
4302,93,2,10,3,40,60,0,499.797,31,1,3,0.0
4303,93,3,10,3,40,60,1,413.051,58,1,3,0.0
4304,93,4,10,3,40,60,1,1506.491,62,0,3,0.0
4305,93,5,10,3,40,60,1,362.248,56,0,3,0.0
4306,93,6,10,3,40,60,0,687.125,24,0,3,0.0
4307,93,7,10,3,40,60,1,135.43,66,0,3,0.0
4308,93,8,10,3,40,60,1,334.74,55,0,3,0.0
4309,93,9,10,3,40,60,1,0.5419999999999999,63,0,3,0.0
4310,94,0,5,2,60,72,0,514.6650000000001,62,1,3,0.0
4311,94,1,5,2,60,72,1,267.646,69,1,3,0.0
4312,94,2,5,2,60,72,1,397.879,59,1,3,0.0
4313,94,3,5,2,60,72,0,638.7159999999999,66,1,3,0.0
4314,94,4,5,2,60,72,0,2349.014,49,0,3,0.0
4315,95,0,10,3,60,80,1,435.766,75,1,3,0.0
4316,95,1,10,3,60,80,0,264.84200000000004,63,1,3,0.0
4317,95,2,10,3,60,80,1,329.995,80,1,3,0.0
4318,95,3,10,3,60,80,1,614.759,68,1,3,0.0
4319,95,4,10,3,60,80,1,1884.233,84,0,3,0.0
4320,95,5,10,3,60,80,1,77.346,84,0,3,0.0
4321,95,6,10,3,60,80,1,61.562,74,0,3,0.0
4322,95,7,10,3,60,80,1,64.821,90,0,3,0.0
4323,95,8,10,3,60,80,1,49.578,66,0,3,0.0
4324,95,9,10,3,60,80,1,9.64,77,0,3,0.0
4325,96,0,10,2,60,80,1,632.1139999999999,80,1,3,0.0
4326,96,1,10,2,60,80,0,473.097,55,1,3,0.0
4327,96,2,10,2,60,80,0,658.003,64,1,3,0.0
4328,96,3,10,2,60,80,1,398.614,88,1,3,0.0
4329,96,4,10,2,60,80,1,459.075,81,0,3,0.0
4330,96,5,10,2,60,80,1,317.15700000000004,77,0,3,0.0
4331,96,6,10,2,60,80,1,18.286,80,0,3,0.0
4332,96,7,10,2,60,80,1,0.622,79,0,3,0.0
4333,96,8,10,2,60,80,1,314.91799999999995,95,0,3,0.0
4334,96,9,10,2,60,80,1,0.6880000000000001,71,0,3,0.0
4335,97,0,10,2,40,52,0,687.065,42,1,3,0.0
4336,97,1,10,2,40,52,1,276.865,50,1,3,0.0
4337,97,2,10,2,40,52,0,185.484,42,1,3,0.0
4338,97,3,10,2,40,52,1,181.055,51,1,3,0.0
4339,97,4,10,2,40,52,0,81.615,46,0,3,0.0
4340,97,5,10,2,40,52,1,347.332,49,0,3,0.0
4341,97,6,10,2,40,52,1,1717.938,50,0,3,0.0
4342,97,7,10,2,40,52,1,488.888,62,0,3,0.0
4343,97,8,10,2,40,52,1,0.6769999999999999,53,0,3,0.0
4344,97,9,10,2,40,52,1,0.518,52,0,3,0.0
4345,98,0,5,2,40,36,0,632.746,36,1,3,0.0
4346,98,1,5,2,40,36,0,587.769,39,1,3,0.0
4347,98,2,5,2,40,36,1,473.167,50,1,3,0.0
4348,98,3,5,2,40,36,1,610.606,28,1,3,0.0
4349,98,4,5,2,40,36,0,1816.029,53,0,3,0.0
4350,99,0,10,1,60,80,0,507.489,56,1,3,0.0
4351,99,1,10,1,60,80,1,332.816,85,1,3,0.0
4352,99,2,10,1,60,80,0,454.8440000000001,57,1,3,0.0
4353,99,3,10,1,60,80,0,815.9680000000001,72,1,3,0.0
4354,99,4,10,1,60,80,1,1123.293,80,0,3,0.0
4355,99,5,10,1,60,80,1,1146.9,76,0,3,0.0
4356,99,6,10,1,60,80,1,328.70899999999995,84,0,3,0.0
4357,99,7,10,1,60,80,1,271.139,84,0,3,0.0
4358,99,8,10,1,60,80,1,40.917,96,0,3,0.0
4359,99,9,10,1,60,80,1,97.983,70,0,3,0.0
4360,100,0,5,1,60,64,0,563.498,50,1,3,0.0
4361,100,1,5,1,60,64,0,448.79,55,1,3,0.0
4362,100,2,5,1,60,64,0,822.898,56,1,3,0.0
4363,100,3,5,1,60,64,1,1239.142,73,1,3,0.0
4364,100,4,5,1,60,64,1,475.671,61,0,3,0.0
4365,101,0,5,2,40,20,0,517.2189999999999,47,1,3,0.0
4366,101,1,5,2,40,20,1,367.115,6,1,3,0.0
4367,101,2,5,2,40,20,1,595.351,8,1,3,0.0
4368,101,3,5,2,40,20,0,327.495,25,1,3,0.0
4369,101,4,5,2,40,20,0,871.382,43,0,3,0.0
4370,102,0,5,2,40,60,1,455.17,51,1,3,0.0
4371,102,1,5,2,40,60,1,581.093,66,1,3,0.0
4372,102,2,5,2,40,60,0,428.982,45,1,3,0.0
4373,102,3,5,2,40,60,0,587.31,40,1,3,0.0
4374,102,4,5,2,40,60,1,932.503,61,0,3,0.0
4375,103,0,10,2,30,60,0,661.6469999999999,27,1,3,0.0
4376,103,1,10,2,30,60,1,302.83500000000004,79,1,3,0.0
4377,103,2,10,2,30,60,1,446.414,71,1,3,0.0
4378,103,3,10,2,30,60,0,402.964,24,1,3,0.0
4379,103,4,10,2,30,60,1,824.3399999999999,61,0,3,0.0
4380,103,5,10,2,30,60,1,402.291,69,0,3,0.0
4381,103,6,10,2,30,60,1,183.993,48,0,3,0.0
4382,103,7,10,2,30,60,1,59.443000000000005,62,0,3,0.0
4383,103,8,10,2,30,60,1,0.536,59,0,3,0.0
4384,103,9,10,2,30,60,1,0.5109999999999999,62,0,3,0.0
4385,104,0,5,3,10,40,1,393.939,52,1,3,0.0
4386,104,1,5,3,10,40,1,398.505,47,1,3,0.0
4387,104,2,5,3,10,40,0,517.174,25,1,3,0.0
4388,104,3,5,3,10,40,1,387.12,49,1,3,0.0
4389,104,4,5,3,10,40,1,351.763,49,0,3,0.0
4390,105,0,10,3,48,40,1,537.357,31,1,3,0.0
4391,105,1,10,3,48,40,1,407.571,52,1,3,0.0
4392,105,2,10,3,48,40,0,1220.256,58,1,3,0.0
4393,105,3,10,3,48,40,1,752.969,43,1,3,0.0
4394,105,4,10,3,48,40,0,1144.408,45,0,3,0.0
4395,105,5,10,3,48,40,1,1813.949,27,0,3,0.0
4396,105,6,10,3,48,40,0,266.95000000000005,47,0,3,0.0
4397,105,7,10,3,48,40,0,267.379,53,0,3,0.0
4398,105,8,10,3,48,40,0,221.852,62,0,3,0.0
4399,105,9,10,3,48,40,0,0.662,45,0,3,0.0
4400,106,0,5,3,40,60,1,494.242,43,1,3,0.0
4401,106,1,5,3,40,60,0,253.35800000000003,41,1,3,0.0
4402,106,2,5,3,40,60,1,354.744,66,1,3,0.0
4403,106,3,5,3,40,60,1,574.0889999999999,64,1,3,0.0
4404,106,4,5,3,40,60,1,894.789,50,0,3,0.0
4405,107,0,5,2,40,10,0,1175.501,33,1,3,0.0
4406,107,1,5,2,40,10,1,1358.061,1,1,3,0.0
4407,107,2,5,2,40,10,1,445.807,11,1,3,0.0
4408,107,3,5,2,40,10,0,416.337,39,1,3,0.0
4409,107,4,5,2,40,10,0,963.801,53,0,3,0.0
4410,108,0,10,1,56,60,0,619.402,56,1,3,0.0
4411,108,1,10,1,56,60,1,306.089,62,1,3,0.0
4412,108,2,10,1,56,60,0,396.561,48,1,3,0.0
4413,108,3,10,1,56,60,0,555.413,49,1,3,0.0
4414,108,4,10,1,56,60,1,619.3729999999999,57,0,3,0.0
4415,108,5,10,1,56,60,1,630.833,63,0,3,0.0
4416,108,6,10,1,56,60,1,327.471,55,0,3,0.0
4417,108,7,10,1,56,60,1,31.786,45,0,3,0.0
4418,108,8,10,1,56,60,1,52.13,55,0,3,0.0
4419,108,9,10,1,56,60,1,140.482,71,0,3,0.0
4420,109,0,10,1,40,48,0,629.356,48,1,3,0.0
4421,109,1,10,1,40,48,0,455.212,45,1,3,0.0
4422,109,2,10,1,40,48,1,576.27,47,1,3,0.0
4423,109,3,10,1,40,48,0,933.567,55,1,3,0.0
4424,109,4,10,1,40,48,0,3115.843,47,0,3,0.0
4425,109,5,10,1,40,48,1,546.537,57,0,3,0.0
4426,109,6,10,1,40,48,1,306.212,45,0,3,0.0
4427,109,7,10,1,40,48,0,650.038,35,0,3,0.0
4428,109,8,10,1,40,48,1,275.182,36,0,3,0.0
4429,109,9,10,1,40,48,1,669.7729999999999,50,0,3,0.0
4430,110,0,5,2,60,40,1,414.871,35,1,3,0.0
4431,110,1,5,2,60,40,0,563.122,63,1,3,0.0
4432,110,2,5,2,60,40,1,468.155,35,1,3,0.0
4433,110,3,5,2,60,40,0,354.812,65,1,3,0.0
4434,110,4,5,2,60,40,0,313.056,81,0,3,0.0
4435,111,0,5,1,40,44,0,432.593,40,1,3,0.0
4436,111,1,5,1,40,44,1,285.019,49,1,3,0.0
4437,111,2,5,1,40,44,0,471.275,38,1,3,0.0
4438,111,3,5,1,40,44,0,1320.192,31,1,3,0.0
4439,111,4,5,1,40,44,1,1441.884,48,0,3,0.0
4440,112,0,5,2,60,56,0,451.277,56,1,3,0.0
4441,112,1,5,2,60,56,0,417.168,64,1,3,0.0
4442,112,2,5,2,60,56,1,540.726,52,1,3,0.0
4443,112,3,5,2,60,56,1,417.407,46,1,3,0.0
4444,112,4,5,2,60,56,0,1726.002,69,0,3,0.0
4445,113,0,5,3,36,40,0,374.463,44,1,3,0.0
4446,113,1,5,3,36,40,1,245.844,43,1,3,0.0
4447,113,2,5,3,36,40,1,614.394,50,1,3,0.0
4448,113,3,5,3,36,40,1,425.902,41,1,3,0.0
4449,113,4,5,3,36,40,1,1415.287,37,0,3,0.0
4450,114,0,5,1,40,28,1,426.951,35,1,3,0.0
4451,114,1,5,1,40,28,0,343.889,35,1,3,0.0
4452,114,2,5,1,40,28,0,728.589,47,1,3,0.0
4453,114,3,5,1,40,28,0,580.9879999999999,40,1,3,0.0
4454,114,4,5,1,40,28,1,1314.484,23,0,3,0.0
4455,115,0,5,2,80,60,0,388.281,83,1,3,0.0
4456,115,1,5,2,80,60,0,656.7460000000001,90,1,3,0.0
4457,115,2,5,2,80,60,1,432.9740000000001,59,1,3,0.0
4458,115,3,5,2,80,60,1,427.919,77,1,3,0.0
4459,115,4,5,2,80,60,0,297.535,90,0,3,0.0
4460,116,0,10,1,60,48,0,383.527,61,1,3,0.0
4461,116,1,10,1,60,48,0,712.193,54,1,3,0.0
4462,116,2,10,1,60,48,1,447.856,43,1,3,0.0
4463,116,3,10,1,60,48,0,546.789,63,1,3,0.0
4464,116,4,10,1,60,48,0,609.039,62,0,3,0.0
4465,116,5,10,1,60,48,0,1396.612,65,0,3,0.0
4466,116,6,10,1,60,48,0,417.011,53,0,3,0.0
4467,116,7,10,1,60,48,0,205.814,54,0,3,0.0
4468,116,8,10,1,60,48,0,327.995,56,0,3,0.0
4469,116,9,10,1,60,48,0,39.586000000000006,52,0,3,0.0
4470,117,0,10,2,40,60,0,403.568,38,1,3,0.0
4471,117,1,10,2,40,60,1,368.144,55,1,3,0.0
4472,117,2,10,2,40,60,1,438.685,64,1,3,0.0
4473,117,3,10,2,40,60,0,482.348,32,1,3,0.0
4474,117,4,10,2,40,60,1,1379.319,51,0,3,0.0
4475,117,5,10,2,40,60,1,0.739,63,0,3,0.0
4476,117,6,10,2,40,60,1,0.714,64,0,3,0.0
4477,117,7,10,2,40,60,1,0.554,68,0,3,0.0
4478,117,8,10,2,40,60,1,325.041,70,0,3,0.0
4479,117,9,10,2,40,60,1,0.629,51,0,3,0.0
4480,118,0,10,2,10,40,1,558.443,51,1,3,0.0
4481,118,1,10,2,10,40,0,429.386,14,1,3,0.0
4482,118,2,10,2,10,40,1,197.456,48,1,3,0.0
4483,118,3,10,2,10,40,0,1221.454,20,1,3,0.0
4484,118,4,10,2,10,40,1,257.138,38,0,3,0.0
4485,118,5,10,2,10,40,1,1026.583,37,0,3,0.0
4486,118,6,10,2,10,40,1,270.78000000000003,29,0,3,0.0
4487,118,7,10,2,10,40,1,159.826,38,0,3,0.0
4488,118,8,10,2,10,40,1,253.722,34,0,3,0.0
4489,118,9,10,2,10,40,1,0.559,38,0,3,0.0
4490,119,0,10,2,60,30,1,498.26,37,1,3,0.0
4491,119,1,10,2,60,30,0,397.662,51,1,3,0.0
4492,119,2,10,2,60,30,0,432.294,57,1,3,0.0
4493,119,3,10,2,60,30,1,474.102,31,1,3,0.0
4494,119,4,10,2,60,30,0,805.616,53,0,3,0.0
4495,119,5,10,2,60,30,0,259.357,63,0,3,0.0
4496,119,6,10,2,60,30,0,275.867,59,0,3,0.0
4497,119,7,10,2,60,30,0,260.638,58,0,3,0.0
4498,119,8,10,2,60,30,0,0.675,67,0,3,0.0
4499,119,9,10,2,60,30,0,0.446,78,0,3,0.0
4500,120,0,10,2,28,40,0,582.8729999999999,18,1,3,0.0
4501,120,1,10,2,28,40,1,421.314,35,1,3,0.0
4502,120,2,10,2,28,40,0,520.2529999999999,30,1,3,0.0
4503,120,3,10,2,28,40,1,385.643,42,1,3,0.0
4504,120,4,10,2,28,40,0,924.769,30,0,3,0.0
4505,120,5,10,2,28,40,1,357.57,46,0,3,0.0
4506,120,6,10,2,28,40,1,0.73,32,0,3,0.0
4507,120,7,10,2,28,40,1,0.499,41,0,3,0.0
4508,120,8,10,2,28,40,1,3.3310000000000004,42,0,3,0.0
4509,120,9,10,2,28,40,1,134.496,53,0,3,0.0
4510,121,0,5,1,40,48,0,652.987,40,1,3,0.0
4511,121,1,5,1,40,48,1,298.223,41,1,3,0.0
4512,121,2,5,1,40,48,0,396.643,28,1,3,0.0
4513,121,3,5,1,40,48,0,1070.986,45,1,3,0.0
4514,121,4,5,1,40,48,1,1496.2530000000002,62,0,3,0.0
4515,122,0,5,2,60,64,0,466.656,68,1,3,0.0
4516,122,1,5,2,60,64,1,412.447,89,1,3,0.0
4517,122,2,5,2,60,64,1,466.209,67,1,3,0.0
4518,122,3,5,2,60,64,0,659.419,70,1,3,0.0
4519,122,4,5,2,60,64,1,597.174,64,0,3,0.0
4520,123,0,10,3,64,60,1,498.329,72,1,3,0.0
4521,123,1,10,3,64,60,0,299.062,58,1,3,0.0
4522,123,2,10,3,64,60,1,353.201,64,1,3,0.0
4523,123,3,10,3,64,60,1,435.156,71,1,3,0.0
4524,123,4,10,3,64,60,1,966.613,63,0,3,0.0
4525,123,5,10,3,64,60,0,771.084,60,0,3,0.0
4526,123,6,10,3,64,60,1,689.338,56,0,3,0.0
4527,123,7,10,3,64,60,1,0.501,59,0,3,0.0
4528,123,8,10,3,64,60,1,0.5339999999999999,51,0,3,0.0
4529,123,9,10,3,64,60,1,0.3379999999999999,59,0,3,0.0
4530,124,0,10,2,40,48,1,421.662,54,1,3,0.0
4531,124,1,10,2,40,48,0,330.374,52,1,3,0.0
4532,124,2,10,2,40,48,0,487.756,39,1,3,0.0
4533,124,3,10,2,40,48,1,682.385,49,1,3,0.0
4534,124,4,10,2,40,48,1,1448.636,57,0,3,0.0
4535,124,5,10,2,40,48,1,237.844,50,0,3,0.0
4536,124,6,10,2,40,48,1,0.607,47,0,3,0.0
4537,124,7,10,2,40,48,1,13.023,45,0,3,0.0
4538,124,8,10,2,40,48,0,336.423,42,0,3,0.0
4539,124,9,10,2,40,48,1,111.448,55,0,3,0.0
4540,125,0,10,2,60,56,1,480.34,45,1,3,0.0
4541,125,1,10,2,60,56,0,265.818,53,1,3,0.0
4542,125,2,10,2,60,56,0,469.896,63,1,3,0.0
4543,125,3,10,2,60,56,1,541.5219999999999,64,1,3,0.0
4544,125,4,10,2,60,56,1,2572.4170000000004,53,0,3,0.0
4545,125,5,10,2,60,56,0,449.417,59,0,3,0.0
4546,125,6,10,2,60,56,0,221.509,55,0,3,0.0
4547,125,7,10,2,60,56,1,661.366,58,0,3,0.0
4548,125,8,10,2,60,56,1,655.251,53,0,3,0.0
4549,125,9,10,2,60,56,0,225.699,56,0,3,0.0
4550,126,0,5,3,44,40,1,462.318,45,1,3,0.0
4551,126,1,5,3,44,40,1,552.0110000000001,37,1,3,0.0
4552,126,2,5,3,44,40,1,524.377,52,1,3,0.0
4553,126,3,5,3,44,40,0,1581.964,40,1,3,0.0
4554,126,4,5,3,44,40,0,1986.576,47,0,3,0.0
4555,127,0,5,1,36,40,1,482.042,41,1,3,0.0
4556,127,1,5,1,36,40,0,225.978,35,1,3,0.0
4557,127,2,5,1,36,40,0,388.83,43,1,3,0.0
4558,127,3,5,1,36,40,0,984.731,22,1,3,0.0
4559,127,4,5,1,36,40,1,613.789,19,0,3,0.0
4560,128,0,10,1,52,60,1,850.5740000000001,48,1,3,0.0
4561,128,1,10,1,52,60,0,341.273,48,1,3,0.0
4562,128,2,10,1,52,60,0,607.0100000000001,71,1,3,0.0
4563,128,3,10,1,52,60,0,1784.661,47,1,3,0.0
4564,128,4,10,1,52,60,1,1950.306,59,0,3,0.0
4565,128,5,10,1,52,60,0,331.712,51,0,3,0.0
4566,128,6,10,1,52,60,0,290.48600000000005,53,0,3,0.0
4567,128,7,10,1,52,60,0,67.505,57,0,3,0.0
4568,128,8,10,1,52,60,0,117.369,53,0,3,0.0
4569,128,9,10,1,52,60,0,0.5429999999999999,46,0,3,0.0
4570,129,0,10,1,64,60,0,311.721,58,1,3,0.0
4571,129,1,10,1,64,60,1,23.885,55,1,3,0.0
4572,129,2,10,1,64,60,0,101.507,65,1,3,0.0
4573,129,3,10,1,64,60,0,1377.312,66,1,3,0.0
4574,129,4,10,1,64,60,1,507.536,69,0,3,0.0
4575,129,5,10,1,64,60,1,307.158,64,0,3,0.0
4576,129,6,10,1,64,60,1,971.153,71,0,3,0.0
4577,129,7,10,1,64,60,1,86.941,60,0,3,0.0
4578,129,8,10,1,64,60,1,0.517,60,0,3,0.0
4579,129,9,10,1,64,60,1,404.88,63,0,3,0.0
4580,130,0,5,1,60,80,1,295.944,91,1,3,0.0
4581,130,1,5,1,60,80,0,369.575,47,1,3,0.0
4582,130,2,5,1,60,80,0,453.934,70,1,3,0.0
4583,130,3,5,1,60,80,0,702.789,75,1,3,0.0
4584,130,4,5,1,60,80,1,321.364,76,0,3,0.0
4585,131,0,5,2,60,68,1,633.364,72,1,3,0.0
4586,131,1,5,2,60,68,0,394.297,59,1,3,0.0
4587,131,2,5,2,60,68,0,448.156,76,1,3,0.0
4588,131,3,5,2,60,68,1,416.662,51,1,3,0.0
4589,131,4,5,2,60,68,0,2254.886,54,0,3,0.0
4590,132,0,5,1,60,30,0,404.913,61,1,3,0.0
4591,132,1,5,1,60,30,0,413.86,66,1,3,0.0
4592,132,2,5,1,60,30,0,283.306,69,1,3,0.0
4593,132,3,5,1,60,30,1,603.5469999999999,38,1,3,0.0
4594,132,4,5,1,60,30,0,344.578,64,0,3,0.0
4595,133,0,5,3,28,40,1,489.493,34,1,3,0.0
4596,133,1,5,3,28,40,1,497.186,39,1,3,0.0
4597,133,2,5,3,28,40,1,315.482,43,1,3,0.0
4598,133,3,5,3,28,40,0,530.299,20,1,3,0.0
4599,133,4,5,3,28,40,1,1617.815,33,0,3,0.0
4600,134,0,5,2,40,10,0,639.751,34,1,3,0.0
4601,134,1,5,2,40,10,1,681.012,12,1,3,0.0
4602,134,2,5,2,40,10,0,181.293,46,1,3,0.0
4603,134,3,5,2,40,10,1,585.109,27,1,3,0.0
4604,134,4,5,2,40,10,0,1278.902,46,0,3,0.0
4605,135,0,10,3,40,10,1,472.6060000000001,18,1,3,0.0
4606,135,1,10,3,40,10,1,427.488,9,1,3,0.0
4607,135,2,10,3,40,10,1,303.984,8,1,3,0.0
4608,135,3,10,3,40,10,0,535.2379999999999,30,1,3,0.0
4609,135,4,10,3,40,10,0,286.609,23,0,3,0.0
4610,135,5,10,3,40,10,0,1231.398,31,0,3,0.0
4611,135,6,10,3,40,10,0,130.196,51,0,3,0.0
4612,135,7,10,3,40,10,0,0.678,36,0,3,0.0
4613,135,8,10,3,40,10,0,243.072,61,0,3,0.0
4614,135,9,10,3,40,10,0,0.381,43,0,3,0.0
4615,136,0,10,3,36,40,0,699.836,22,1,3,0.0
4616,136,1,10,3,36,40,1,337.752,37,1,3,0.0
4617,136,2,10,3,36,40,1,338.79,48,1,3,0.0
4618,136,3,10,3,36,40,1,359.468,26,1,3,0.0
4619,136,4,10,3,36,40,1,494.65,43,0,3,0.0
4620,136,5,10,3,36,40,1,253.93,29,0,3,0.0
4621,136,6,10,3,36,40,1,0.5630000000000001,42,0,3,0.0
4622,136,7,10,3,36,40,1,0.769,36,0,3,0.0
4623,136,8,10,3,36,40,1,9.014,38,0,3,0.0
4624,136,9,10,3,36,40,1,577.863,27,0,3,0.0
4625,137,0,5,2,40,48,0,545.018,38,1,3,0.0
4626,137,1,5,2,40,48,1,100.562,42,1,3,0.0
4627,137,2,5,2,40,48,0,329.78400000000005,38,1,3,0.0
4628,137,3,5,2,40,48,1,740.0400000000001,47,1,3,0.0
4629,137,4,5,2,40,48,1,662.575,55,0,3,0.0
4630,138,0,5,2,52,60,0,554.345,59,1,3,0.0
4631,138,1,5,2,52,60,1,248.554,53,1,3,0.0
4632,138,2,5,2,52,60,0,114.588,47,1,3,0.0
4633,138,3,5,2,52,60,1,1078.819,64,1,3,0.0
4634,138,4,5,2,52,60,1,389.014,64,0,3,0.0
4635,139,0,5,1,60,40,0,529.3090000000001,67,1,3,0.0
4636,139,1,5,1,60,40,0,554.133,57,1,3,0.0
4637,139,2,5,1,60,40,0,438.683,59,1,3,0.0
4638,139,3,5,1,60,40,1,987.591,38,1,3,0.0
4639,139,4,5,1,60,40,0,616.165,56,0,3,0.0
4640,140,0,5,3,60,52,1,604.702,64,1,3,0.0
4641,140,1,5,3,60,52,1,608.008,58,1,3,0.0
4642,140,2,5,3,60,52,1,558.8649999999999,24,1,3,0.0
4643,140,3,5,3,60,52,0,883.3480000000001,69,1,3,0.0
4644,140,4,5,3,60,52,0,692.411,66,0,3,0.0
4645,141,0,5,1,60,40,0,460.589,62,1,3,0.0
4646,141,1,5,1,60,40,0,480.403,59,1,3,0.0
4647,141,2,5,1,60,40,0,415.466,56,1,3,0.0
4648,141,3,5,1,60,40,1,937.804,34,1,3,0.0
4649,141,4,5,1,60,40,0,294.217,64,0,3,0.0
4650,142,0,10,2,60,56,0,303.515,68,1,3,0.0
4651,142,1,10,2,60,56,1,342.319,60,1,3,0.0
4652,142,2,10,2,60,56,1,655.9209999999999,66,1,3,0.0
4653,142,3,10,2,60,56,0,436.851,54,1,3,0.0
4654,142,4,10,2,60,56,0,1749.322,65,0,3,0.0
4655,142,5,10,2,60,56,1,340.157,48,0,3,0.0
4656,142,6,10,2,60,56,0,323.709,64,0,3,0.0
4657,142,7,10,2,60,56,0,194.542,67,0,3,0.0
4658,142,8,10,2,60,56,0,0.5379999999999999,48,0,3,0.0
4659,142,9,10,2,60,56,0,0.539,65,0,3,0.0
4660,143,0,10,3,90,60,1,541.8009999999999,56,1,3,0.0
4661,143,1,10,3,90,60,1,493.202,53,1,3,0.0
4662,143,2,10,3,90,60,0,454.424,75,1,3,0.0
4663,143,3,10,3,90,60,1,1065.785,48,1,3,0.0
4664,143,4,10,3,90,60,0,804.2439999999999,76,0,3,0.0
4665,143,5,10,3,90,60,0,279.42499999999995,96,0,3,0.0
4666,143,6,10,3,90,60,0,0.718,99,0,3,0.0
4667,143,7,10,3,90,60,0,0.5479999999999999,89,0,3,0.0
4668,143,8,10,3,90,60,0,0.5609999999999999,83,0,3,0.0
4669,143,9,10,3,90,60,0,0.502,99,0,3,0.0
4670,144,0,10,2,40,52,0,455.382,41,1,3,0.0
4671,144,1,10,2,40,52,1,291.703,41,1,3,0.0
4672,144,2,10,2,40,52,0,138.283,50,1,3,0.0
4673,144,3,10,2,40,52,1,238.093,42,1,3,0.0
4674,144,4,10,2,40,52,0,308.647,39,0,3,0.0
4675,144,5,10,2,40,52,1,1740.954,63,0,3,0.0
4676,144,6,10,2,40,52,0,963.934,34,0,3,0.0
4677,144,7,10,2,40,52,1,265.02,46,0,3,0.0
4678,144,8,10,2,40,52,1,266.899,60,0,3,0.0
4679,144,9,10,2,40,52,1,0.62,47,0,3,0.0
4680,145,0,10,1,72,60,0,487.4,87,1,3,0.0
4681,145,1,10,1,72,60,1,195.081,50,1,3,0.0
4682,145,2,10,1,72,60,0,439.828,68,1,3,0.0
4683,145,3,10,1,72,60,0,685.242,72,1,3,0.0
4684,145,4,10,1,72,60,0,386.301,80,0,3,0.0
4685,145,5,10,1,72,60,0,422.785,77,0,3,0.0
4686,145,6,10,1,72,60,1,219.399,51,0,3,0.0
4687,145,7,10,1,72,60,0,77.16099999999999,70,0,3,0.0
4688,145,8,10,1,72,60,0,0.569,66,0,3,0.0
4689,145,9,10,1,72,60,0,115.005,54,0,3,0.0
4690,146,0,10,3,40,70,0,408.154,45,1,3,0.0
4691,146,1,10,3,40,70,1,230.37,63,1,3,0.0
4692,146,2,10,3,40,70,1,466.59,72,1,3,0.0
4693,146,3,10,3,40,70,1,266.588,73,1,3,0.0
4694,146,4,10,3,40,70,1,341.035,63,0,3,0.0
4695,146,5,10,3,40,70,1,379.332,60,0,3,0.0
4696,146,6,10,3,40,70,1,254.115,55,0,3,0.0
4697,146,7,10,3,40,70,1,0.637,77,0,3,0.0
4698,146,8,10,3,40,70,1,46.580000000000005,62,0,3,0.0
4699,146,9,10,3,40,70,1,0.6679999999999999,70,0,3,0.0
4700,147,0,5,3,60,90,1,332.677,81,1,3,0.0
4701,147,1,5,3,60,90,0,342.605,55,1,3,0.0
4702,147,2,5,3,60,90,1,114.125,99,1,3,0.0
4703,147,3,5,3,60,90,1,427.106,93,1,3,0.0
4704,147,4,5,3,60,90,1,100.939,81,0,3,0.0
4705,148,0,10,2,60,48,0,664.0899999999999,38,1,3,0.0
4706,148,1,10,2,60,48,1,266.178,44,1,3,0.0
4707,148,2,10,2,60,48,1,388.211,45,1,3,0.0
4708,148,3,10,2,60,48,0,517.888,64,1,3,0.0
4709,148,4,10,2,60,48,0,1296.759,66,0,3,0.0
4710,148,5,10,2,60,48,0,231.977,59,0,3,0.0
4711,148,6,10,2,60,48,0,632.897,57,0,3,0.0
4712,148,7,10,2,60,48,0,526.61,66,0,3,0.0
4713,148,8,10,2,60,48,0,0.5599999999999999,79,0,3,0.0
4714,148,9,10,2,60,48,0,368.326,58,0,3,0.0
4715,149,0,5,2,30,60,0,382.227,31,1,3,0.0
4716,149,1,5,2,30,60,1,275.848,55,1,3,0.0
4717,149,2,5,2,30,60,1,422.082,58,1,3,0.0
4718,149,3,5,2,30,60,0,844.3969999999999,35,1,3,0.0
4719,149,4,5,2,30,60,1,97.319,49,0,3,0.0
4720,150,0,10,1,68,60,0,351.867,65,1,3,0.0
4721,150,1,10,1,68,60,1,154.194,72,1,3,0.0
4722,150,2,10,1,68,60,0,420.846,82,1,3,0.0
4723,150,3,10,1,68,60,0,405.117,75,1,3,0.0
4724,150,4,10,1,68,60,1,655.5,66,0,3,0.0
4725,150,5,10,1,68,60,0,161.415,57,0,3,0.0
4726,150,6,10,1,68,60,0,239.586,75,0,3,0.0
4727,150,7,10,1,68,60,0,192.96,60,0,3,0.0
4728,150,8,10,1,68,60,0,28.712,62,0,3,0.0
4729,150,9,10,1,68,60,0,39.6,72,0,3,0.0
4730,151,0,10,3,40,52,1,403.298,57,1,3,0.0
4731,151,1,10,3,40,52,0,248.095,54,1,3,0.0
4732,151,2,10,3,40,52,1,251.525,59,1,3,0.0
4733,151,3,10,3,40,52,1,497.192,50,1,3,0.0
4734,151,4,10,3,40,52,0,1941.186,56,0,3,0.0
4735,151,5,10,3,40,52,0,611.444,37,0,3,0.0
4736,151,6,10,3,40,52,1,279.898,54,0,3,0.0
4737,151,7,10,3,40,52,1,231.998,46,0,3,0.0
4738,151,8,10,3,40,52,1,200.695,60,0,3,0.0
4739,151,9,10,3,40,52,1,78.202,55,0,3,0.0
4740,152,0,10,2,40,60,1,418.152,52,1,3,0.0
4741,152,1,10,2,40,60,0,278.154,35,1,3,0.0
4742,152,2,10,2,40,60,1,301.81,70,1,3,0.0
4743,152,3,10,2,40,60,0,247.318,31,1,3,0.0
4744,152,4,10,2,40,60,1,63.01800000000001,47,0,3,0.0
4745,152,5,10,2,40,60,1,1265.43,54,0,3,0.0
4746,152,6,10,2,40,60,1,0.699,53,0,3,0.0
4747,152,7,10,2,40,60,1,327.501,57,0,3,0.0
4748,152,8,10,2,40,60,1,332.074,55,0,3,0.0
4749,152,9,10,2,40,60,1,0.666,53,0,3,0.0
4750,153,0,5,1,68,60,1,540.54,64,1,3,0.0
4751,153,1,5,1,68,60,0,325.648,67,1,3,0.0
4752,153,2,5,1,68,60,0,516.95,70,1,3,0.0
4753,153,3,5,1,68,60,0,917.947,54,1,3,0.0
4754,153,4,5,1,68,60,1,4332.726,59,0,3,0.0
4755,154,0,10,2,40,28,1,394.567,18,1,3,0.0
4756,154,1,10,2,40,28,0,153.62400000000002,36,1,3,0.0
4757,154,2,10,2,40,28,1,216.659,33,1,3,0.0
4758,154,3,10,2,40,28,0,0.574,39,1,3,0.0
4759,154,4,10,2,40,28,0,1548.398,27,0,3,0.0
4760,154,5,10,2,40,28,0,1133.469,39,0,3,0.0
4761,154,6,10,2,40,28,0,373.696,42,0,3,0.0
4762,154,7,10,2,40,28,0,0.569,42,0,3,0.0
4763,154,8,10,2,40,28,0,0.587,29,0,3,0.0
4764,154,9,10,2,40,28,0,258.129,43,0,3,0.0
4765,155,0,5,2,60,40,0,300.267,55,1,3,0.0
4766,155,1,5,2,60,40,1,334.632,39,1,3,0.0
4767,155,2,5,2,60,40,0,763.254,65,1,3,0.0
4768,155,3,5,2,60,40,1,338.04,43,1,3,0.0
4769,155,4,5,2,60,40,0,80.339,69,0,3,0.0
4770,156,0,10,3,32,40,1,584.4970000000001,40,1,3,0.0
4771,156,1,10,3,32,40,0,248.173,28,1,3,0.0
4772,156,2,10,3,32,40,1,188.274,38,1,3,0.0
4773,156,3,10,3,32,40,1,878.779,48,1,3,0.0
4774,156,4,10,3,32,40,1,914.237,50,0,3,0.0
4775,156,5,10,3,32,40,1,250.32100000000003,48,0,3,0.0
4776,156,6,10,3,32,40,1,0.5479999999999999,35,0,3,0.0
4777,156,7,10,3,32,40,1,15.137,30,0,3,0.0
4778,156,8,10,3,32,40,1,0.512,43,0,3,0.0
4779,156,9,10,3,32,40,1,486.2600000000001,44,0,3,0.0
4780,157,0,5,2,40,32,0,646.676,40,1,3,0.0
4781,157,1,5,2,40,32,0,611.0649999999999,57,1,3,0.0
4782,157,2,5,2,40,32,1,477.396,34,1,3,0.0
4783,157,3,5,2,40,32,1,444.31,24,1,3,0.0
4784,157,4,5,2,40,32,0,268.21,32,0,3,0.0
4785,158,0,10,2,44,40,1,527.455,49,1,3,0.0
4786,158,1,10,2,44,40,1,678.8910000000001,41,1,3,0.0
4787,158,2,10,2,44,40,0,527.534,49,1,3,0.0
4788,158,3,10,2,44,40,0,858.406,44,1,3,0.0
4789,158,4,10,2,44,40,0,4602.127,60,0,3,0.0
4790,158,5,10,2,44,40,1,526.557,36,0,3,0.0
4791,158,6,10,2,44,40,0,44.516,46,0,3,0.0
4792,158,7,10,2,44,40,0,0.484,37,0,3,0.0
4793,158,8,10,2,44,40,0,251.707,38,0,3,0.0
4794,158,9,10,2,44,40,0,342.512,48,0,3,0.0
4795,159,0,5,2,28,40,1,578.789,49,1,3,0.0
4796,159,1,5,2,28,40,1,435.764,36,1,3,0.0
4797,159,2,5,2,28,40,0,419.9,18,1,3,0.0
4798,159,3,5,2,28,40,0,481.58,21,1,3,0.0
4799,159,4,5,2,28,40,1,234.836,39,0,3,0.0
4800,0,0,5,2,48,60,0,2520.591,58,1,4,0.0
4801,0,1,5,2,48,60,1,666.393,46,1,4,0.0
4802,0,2,5,2,48,60,1,551.612,61,1,4,0.0
4803,0,3,5,2,48,60,0,511.187,55,1,4,0.0
4804,0,4,5,2,48,60,0,7040.3460000000005,43,0,4,0.0
4805,1,0,10,2,36,40,1,1676.776,43,1,4,0.0
4806,1,1,10,2,36,40,0,415.345,30,1,4,0.0
4807,1,2,10,2,36,40,0,452.955,43,1,4,0.0
4808,1,3,10,2,36,40,1,496.467,35,1,4,0.0
4809,1,4,10,2,36,40,1,3977.915,38,0,4,0.0
4810,1,5,10,2,36,40,1,2473.341,46,0,4,0.0
4811,1,6,10,2,36,40,1,355.622,41,0,4,0.0
4812,1,7,10,2,36,40,1,866.103,49,0,4,0.0
4813,1,8,10,2,36,40,1,988.792,34,0,4,0.0
4814,1,9,10,2,36,40,0,529.643,35,0,4,0.0
4815,2,0,5,2,40,10,1,930.095,2,1,4,0.0
4816,2,1,5,2,40,10,0,359.367,42,1,4,0.0
4817,2,2,5,2,40,10,1,370.406,6,1,4,0.0
4818,2,3,5,2,40,10,0,492.437,30,1,4,0.0
4819,2,4,5,2,40,10,0,1332.297,35,0,4,0.0
4820,3,0,5,3,60,72,1,645.023,73,1,4,0.0
4821,3,1,5,3,60,72,1,425.359,65,1,4,0.0
4822,3,2,5,3,60,72,1,412.924,72,1,4,0.0
4823,3,3,5,3,60,72,0,649.8040000000001,68,1,4,0.0
4824,3,4,5,3,60,72,0,806.1239999999999,61,0,4,0.0
4825,4,0,5,2,60,64,1,574.628,74,1,4,0.0
4826,4,1,5,2,60,64,0,490.1710000000001,73,1,4,0.0
4827,4,2,5,2,60,64,0,445.428,63,1,4,0.0
4828,4,3,5,2,60,64,1,400.718,61,1,4,0.0
4829,4,4,5,2,60,64,1,3302.358,69,0,4,0.0
4830,5,0,10,3,44,40,1,578.2479999999999,30,1,4,0.0
4831,5,1,10,3,44,40,1,384.982,38,1,4,0.0
4832,5,2,10,3,44,40,1,335.6,28,1,4,0.0
4833,5,3,10,3,44,40,0,337.402,49,1,4,0.0
4834,5,4,10,3,44,40,0,1424.885,45,0,4,0.0
4835,5,5,10,3,44,40,0,780.3489999999999,49,0,4,0.0
4836,5,6,10,3,44,40,0,345.62,40,0,4,0.0
4837,5,7,10,3,44,40,0,553.7919999999999,57,0,4,0.0
4838,5,8,10,3,44,40,0,304.677,47,0,4,0.0
4839,5,9,10,3,44,40,0,322.534,45,0,4,0.0
4840,6,0,10,3,60,40,0,608.9639999999999,65,1,4,0.0
4841,6,1,10,3,60,40,1,346.476,50,1,4,0.0
4842,6,2,10,3,60,40,1,311.055,49,1,4,0.0
4843,6,3,10,3,60,40,1,297.267,32,1,4,0.0
4844,6,4,10,3,60,40,0,1178.032,51,0,4,0.0
4845,6,5,10,3,60,40,0,441.337,62,0,4,0.0
4846,6,6,10,3,60,40,0,332.787,69,0,4,0.0
4847,6,7,10,3,60,40,0,339.933,51,0,4,0.0
4848,6,8,10,3,60,40,0,1091.085,58,0,4,0.0
4849,6,9,10,3,60,40,0,285.278,48,0,4,0.0
4850,7,0,10,2,40,28,1,510.3370000000001,44,1,4,0.0
4851,7,1,10,2,40,28,0,272.607,42,1,4,0.0
4852,7,2,10,2,40,28,0,334.893,16,1,4,0.0
4853,7,3,10,2,40,28,1,273.903,30,1,4,0.0
4854,7,4,10,2,40,28,1,2069.78,22,0,4,0.0
4855,7,5,10,2,40,28,0,514.383,48,0,4,0.0
4856,7,6,10,2,40,28,0,498.664,37,0,4,0.0
4857,7,7,10,2,40,28,0,1635.1409999999998,44,0,4,0.0
4858,7,8,10,2,40,28,0,438.368,42,0,4,0.0
4859,7,9,10,2,40,28,0,233.522,47,0,4,0.0
4860,8,0,5,1,40,36,0,653.104,32,1,4,0.0
4861,8,1,5,1,40,36,1,265.484,34,1,4,0.0
4862,8,2,5,1,40,36,0,298.739,34,1,4,0.0
4863,8,3,5,1,40,36,0,415.089,35,1,4,0.0
4864,8,4,5,1,40,36,0,1380.502,43,0,4,0.0
4865,9,0,5,3,56,60,1,475.694,60,1,4,0.0
4866,9,1,5,3,56,60,1,564.6139999999999,50,1,4,0.0
4867,9,2,5,3,56,60,0,349.367,58,1,4,0.0
4868,9,3,5,3,56,60,1,509.0,48,1,4,0.0
4869,9,4,5,3,56,60,0,1045.4,49,0,4,0.0
4870,10,0,10,2,56,60,1,521.86,65,1,4,0.0
4871,10,1,10,2,56,60,0,305.829,61,1,4,0.0
4872,10,2,10,2,56,60,1,268.355,67,1,4,0.0
4873,10,3,10,2,56,60,0,263.379,59,1,4,0.0
4874,10,4,10,2,56,60,1,1586.784,60,0,4,0.0
4875,10,5,10,2,56,60,0,570.195,62,0,4,0.0
4876,10,6,10,2,56,60,1,791.175,62,0,4,0.0
4877,10,7,10,2,56,60,0,349.976,62,0,4,0.0
4878,10,8,10,2,56,60,1,1219.71,47,0,4,0.0
4879,10,9,10,2,56,60,0,1007.318,58,0,4,0.0
4880,11,0,10,3,64,60,0,557.313,59,1,4,0.0
4881,11,1,10,3,64,60,1,298.197,49,1,4,0.0
4882,11,2,10,3,64,60,1,281.87800000000004,52,1,4,0.0
4883,11,3,10,3,64,60,1,297.9,53,1,4,0.0
4884,11,4,10,3,64,60,0,1402.519,65,0,4,0.0
4885,11,5,10,3,64,60,0,465.201,77,0,4,0.0
4886,11,6,10,3,64,60,0,675.898,61,0,4,0.0
4887,11,7,10,3,64,60,0,974.284,69,0,4,0.0
4888,11,8,10,3,64,60,0,211.505,55,0,4,0.0
4889,11,9,10,3,64,60,0,262.666,57,0,4,0.0
4890,12,0,5,3,40,60,0,537.328,40,1,4,0.0
4891,12,1,5,3,40,60,1,305.751,78,1,4,0.0
4892,12,2,5,3,40,60,1,396.153,56,1,4,0.0
4893,12,3,5,3,40,60,1,289.433,67,1,4,0.0
4894,12,4,5,3,40,60,1,1187.095,53,0,4,0.0
4895,13,0,10,1,40,32,0,466.558,35,1,4,0.0
4896,13,1,10,1,40,32,0,830.963,39,1,4,0.0
4897,13,2,10,1,40,32,0,411.548,24,1,4,0.0
4898,13,3,10,1,40,32,1,880.853,43,1,4,0.0
4899,13,4,10,1,40,32,1,1427.958,27,0,4,0.0
4900,13,5,10,1,40,32,0,383.64,45,0,4,0.0
4901,13,6,10,1,40,32,0,326.523,46,0,4,0.0
4902,13,7,10,1,40,32,0,245.303,43,0,4,0.0
4903,13,8,10,1,40,32,0,313.795,39,0,4,0.0
4904,13,9,10,1,40,32,0,201.527,44,0,4,0.0
4905,14,0,5,2,60,90,1,438.864,82,1,4,0.0
4906,14,1,5,2,60,90,0,306.809,52,1,4,0.0
4907,14,2,5,2,60,90,1,285.563,91,1,4,0.0
4908,14,3,5,2,60,90,0,391.8130000000001,48,1,4,0.0
4909,14,4,5,2,60,90,1,437.413,81,0,4,0.0
4910,15,0,5,2,40,52,1,458.215,63,1,4,0.0
4911,15,1,5,2,40,52,1,397.28,59,1,4,0.0
4912,15,2,5,2,40,52,0,349.45500000000004,27,1,4,0.0
4913,15,3,5,2,40,52,0,429.166,46,1,4,0.0
4914,15,4,5,2,40,52,1,576.979,56,0,4,0.0
4915,16,0,10,1,56,60,0,566.5219999999999,51,1,4,0.0
4916,16,1,10,1,56,60,0,399.534,53,1,4,0.0
4917,16,2,10,1,56,60,0,290.497,47,1,4,0.0
4918,16,3,10,1,56,60,1,253.951,56,1,4,0.0
4919,16,4,10,1,56,60,1,1130.25,52,0,4,0.0
4920,16,5,10,1,56,60,1,521.962,56,0,4,0.0
4921,16,6,10,1,56,60,1,265.96,47,0,4,0.0
4922,16,7,10,1,56,60,0,301.454,48,0,4,0.0
4923,16,8,10,1,56,60,1,229.575,58,0,4,0.0
4924,16,9,10,1,56,60,1,176.554,53,0,4,0.0
4925,17,0,5,2,40,32,1,472.93,26,1,4,0.0
4926,17,1,5,2,40,32,0,258.32,38,1,4,0.0
4927,17,2,5,2,40,32,1,230.135,28,1,4,0.0
4928,17,3,5,2,40,32,0,256.999,42,1,4,0.0
4929,17,4,5,2,40,32,0,909.382,21,0,4,0.0
4930,18,0,10,2,30,60,1,447.152,55,1,4,0.0
4931,18,1,10,2,30,60,0,226.526,31,1,4,0.0
4932,18,2,10,2,30,60,0,751.614,36,1,4,0.0
4933,18,3,10,2,30,60,1,383.295,50,1,4,0.0
4934,18,4,10,2,30,60,1,1333.699,56,0,4,0.0
4935,18,5,10,2,30,60,1,245.87,55,0,4,0.0
4936,18,6,10,2,30,60,1,432.037,66,0,4,0.0
4937,18,7,10,2,30,60,1,212.94,62,0,4,0.0
4938,18,8,10,2,30,60,1,200.478,64,0,4,0.0
4939,18,9,10,2,30,60,1,195.384,56,0,4,0.0
4940,19,0,5,3,70,40,0,473.155,71,1,4,0.0
4941,19,1,5,3,70,40,1,261.455,36,1,4,0.0
4942,19,2,5,3,70,40,1,905.211,27,1,4,0.0
4943,19,3,5,3,70,40,1,402.634,45,1,4,0.0
4944,19,4,5,3,70,40,0,223.469,67,0,4,0.0
4945,20,0,10,3,60,68,0,734.162,57,1,4,0.0
4946,20,1,10,3,60,68,1,444.24,79,1,4,0.0
4947,20,2,10,3,60,68,1,409.235,66,1,4,0.0
4948,20,3,10,3,60,68,1,296.742,70,1,4,0.0
4949,20,4,10,3,60,68,0,410.173,59,0,4,0.0
4950,20,5,10,3,60,68,1,1159.8059999999998,61,0,4,0.0
4951,20,6,10,3,60,68,1,118.558,69,0,4,0.0
4952,20,7,10,3,60,68,1,23.347,76,0,4,0.0
4953,20,8,10,3,60,68,1,78.10300000000001,75,0,4,0.0
4954,20,9,10,3,60,68,1,235.621,85,0,4,0.0
4955,21,0,10,2,60,52,1,407.434,52,1,4,0.0
4956,21,1,10,2,60,52,0,236.853,38,1,4,0.0
4957,21,2,10,2,60,52,0,402.839,58,1,4,0.0
4958,21,3,10,2,60,52,1,254.07200000000003,58,1,4,0.0
4959,21,4,10,2,60,52,1,1289.498,53,0,4,0.0
4960,21,5,10,2,60,52,1,275.908,52,0,4,0.0
4961,21,6,10,2,60,52,1,414.428,64,0,4,0.0
4962,21,7,10,2,60,52,1,196.02,57,0,4,0.0
4963,21,8,10,2,60,52,1,193.189,52,0,4,0.0
4964,21,9,10,2,60,52,1,165.615,53,0,4,0.0
4965,22,0,10,2,40,44,0,437.098,44,1,4,0.0
4966,22,1,10,2,40,44,1,264.88800000000003,42,1,4,0.0
4967,22,2,10,2,40,44,1,566.957,46,1,4,0.0
4968,22,3,10,2,40,44,0,380.911,39,1,4,0.0
4969,22,4,10,2,40,44,1,330.263,40,0,4,0.0
4970,22,5,10,2,40,44,1,403.245,27,0,4,0.0
4971,22,6,10,2,40,44,0,335.667,27,0,4,0.0
4972,22,7,10,2,40,44,1,431.589,40,0,4,0.0
4973,22,8,10,2,40,44,0,307.159,48,0,4,0.0
4974,22,9,10,2,40,44,1,3322.576,52,0,4,0.0
4975,23,0,10,1,40,20,0,755.6310000000001,50,1,4,0.0
4976,23,1,10,1,40,20,0,390.223,46,1,4,0.0
4977,23,2,10,1,40,20,1,299.238,19,1,4,0.0
4978,23,3,10,1,40,20,0,307.709,37,1,4,0.0
4979,23,4,10,1,40,20,0,1157.346,50,0,4,0.0
4980,23,5,10,1,40,20,0,189.396,44,0,4,0.0
4981,23,6,10,1,40,20,1,242.595,30,0,4,0.0
4982,23,7,10,1,40,20,0,189.463,62,0,4,0.0
4983,23,8,10,1,40,20,1,187.059,22,0,4,0.0
4984,23,9,10,1,40,20,0,63.317,49,0,4,0.0
4985,24,0,5,2,40,60,1,570.543,50,1,4,0.0
4986,24,1,5,2,40,60,1,409.149,54,1,4,0.0
4987,24,2,5,2,40,60,0,359.56100000000004,40,1,4,0.0
4988,24,3,5,2,40,60,0,463.116,47,1,4,0.0
4989,24,4,5,2,40,60,0,625.678,34,0,4,0.0
4990,25,0,5,2,48,60,0,535.2829999999999,42,1,4,0.0
4991,25,1,5,2,48,60,1,240.085,62,1,4,0.0
4992,25,2,5,2,48,60,0,294.365,38,1,4,0.0
4993,25,3,5,2,48,60,1,216.757,59,1,4,0.0
4994,25,4,5,2,48,60,1,618.793,60,0,4,0.0
4995,26,0,5,1,40,10,1,375.289,28,1,4,0.0
4996,26,1,5,1,40,10,0,263.414,35,1,4,0.0
4997,26,2,5,1,40,10,0,469.028,47,1,4,0.0
4998,26,3,5,1,40,10,0,380.371,47,1,4,0.0
4999,26,4,5,1,40,10,1,715.407,1,0,4,0.0
5000,27,0,5,1,56,60,0,492.854,52,1,4,0.0
5001,27,1,5,1,56,60,0,337.764,67,1,4,0.0
5002,27,2,5,1,56,60,1,577.7529999999999,49,1,4,0.0
5003,27,3,5,1,56,60,0,302.00100000000003,61,1,4,0.0
5004,27,4,5,1,56,60,0,327.649,63,0,4,0.0
5005,28,0,10,3,32,40,0,385.441,39,1,4,0.0
5006,28,1,10,3,32,40,1,230.205,44,1,4,0.0
5007,28,2,10,3,32,40,1,643.2959999999999,46,1,4,0.0
5008,28,3,10,3,32,40,1,391.899,49,1,4,0.0
5009,28,4,10,3,32,40,1,1325.397,43,0,4,0.0
5010,28,5,10,3,32,40,0,253.887,41,0,4,0.0
5011,28,6,10,3,32,40,0,466.539,26,0,4,0.0
5012,28,7,10,3,32,40,1,253.529,28,0,4,0.0
5013,28,8,10,3,32,40,0,671.264,39,0,4,0.0
5014,28,9,10,3,32,40,1,545.101,45,0,4,0.0
5015,29,0,5,2,40,10,1,521.755,18,1,4,0.0
5016,29,1,5,2,40,10,0,279.458,50,1,4,0.0
5017,29,2,5,2,40,10,1,766.0519999999999,10,1,4,0.0
5018,29,3,5,2,40,10,0,307.672,34,1,4,0.0
5019,29,4,5,2,40,10,0,325.93699999999995,29,0,4,0.0
5020,30,0,10,3,52,40,1,503.646,38,1,4,0.0
5021,30,1,10,3,52,40,1,393.426,45,1,4,0.0
5022,30,2,10,3,52,40,0,353.44100000000003,46,1,4,0.0
5023,30,3,10,3,52,40,1,238.051,43,1,4,0.0
5024,30,4,10,3,52,40,0,1675.05,64,0,4,0.0
5025,30,5,10,3,52,40,0,725.151,47,0,4,0.0
5026,30,6,10,3,52,40,1,1620.572,46,0,4,0.0
5027,30,7,10,3,52,40,0,1296.75,61,0,4,0.0
5028,30,8,10,3,52,40,1,259.517,37,0,4,0.0
5029,30,9,10,3,52,40,0,173.254,70,0,4,0.0
5030,31,0,5,1,48,40,0,571.855,58,1,4,0.0
5031,31,1,5,1,48,40,0,491.682,51,1,4,0.0
5032,31,2,5,1,48,40,0,343.004,52,1,4,0.0
5033,31,3,5,1,48,40,1,318.51,49,1,4,0.0
5034,31,4,5,1,48,40,0,1045.931,50,0,4,0.0
5035,32,0,10,3,90,60,0,499.847,77,1,4,0.0
5036,32,1,10,3,90,60,1,261.627,74,1,4,0.0
5037,32,2,10,3,90,60,1,377.565,59,1,4,0.0
5038,32,3,10,3,90,60,1,246.189,63,1,4,0.0
5039,32,4,10,3,90,60,0,682.475,88,0,4,0.0
5040,32,5,10,3,90,60,0,204.077,80,0,4,0.0
5041,32,6,10,3,90,60,0,208.496,82,0,4,0.0
5042,32,7,10,3,90,60,0,212.941,95,0,4,0.0
5043,32,8,10,3,90,60,0,225.821,99,0,4,0.0
5044,32,9,10,3,90,60,0,206.598,88,0,4,0.0
5045,33,0,10,2,60,90,0,388.132,76,1,4,0.0
5046,33,1,10,2,60,90,1,257.284,85,1,4,0.0
5047,33,2,10,2,60,90,1,326.386,86,1,4,0.0
5048,33,3,10,2,60,90,0,414.272,56,1,4,0.0
5049,33,4,10,2,60,90,1,387.378,91,0,4,0.0
5050,33,5,10,2,60,90,1,192.961,86,0,4,0.0
5051,33,6,10,2,60,90,1,197.389,93,0,4,0.0
5052,33,7,10,2,60,90,1,108.542,94,0,4,0.0
5053,33,8,10,2,60,90,1,244.481,83,0,4,0.0
5054,33,9,10,2,60,90,1,229.883,93,0,4,0.0
5055,34,0,10,1,52,40,0,413.488,59,1,4,0.0
5056,34,1,10,1,52,40,0,407.947,50,1,4,0.0
5057,34,2,10,1,52,40,0,312.04,58,1,4,0.0
5058,34,3,10,1,52,40,1,294.544,41,1,4,0.0
5059,34,4,10,1,52,40,0,177.10600000000002,58,0,4,0.0
5060,34,5,10,1,52,40,0,798.31,50,0,4,0.0
5061,34,6,10,1,52,40,0,220.184,51,0,4,0.0
5062,34,7,10,1,52,40,1,167.55700000000002,39,0,4,0.0
5063,34,8,10,1,52,40,0,92.809,57,0,4,0.0
5064,34,9,10,1,52,40,0,217.099,66,0,4,0.0
5065,35,0,5,3,64,60,1,562.0260000000001,59,1,4,0.0
5066,35,1,5,3,64,60,0,249.272,53,1,4,0.0
5067,35,2,5,3,64,60,1,237.857,52,1,4,0.0
5068,35,3,5,3,64,60,1,410.534,53,1,4,0.0
5069,35,4,5,3,64,60,1,760.014,67,0,4,0.0
5070,36,0,10,2,40,32,1,406.136,22,1,4,0.0
5071,36,1,10,2,40,32,0,308.907,36,1,4,0.0
5072,36,2,10,2,40,32,1,190.016,33,1,4,0.0
5073,36,3,10,2,40,32,0,229.286,47,1,4,0.0
5074,36,4,10,2,40,32,1,216.279,36,0,4,0.0
5075,36,5,10,2,40,32,0,1126.734,34,0,4,0.0
5076,36,6,10,2,40,32,1,814.2139999999999,31,0,4,0.0
5077,36,7,10,2,40,32,0,747.7289999999999,54,0,4,0.0
5078,36,8,10,2,40,32,0,162.985,33,0,4,0.0
5079,36,9,10,2,40,32,0,96.159,44,0,4,0.0
5080,37,0,5,2,68,60,1,426.277,43,1,4,0.0
5081,37,1,5,2,68,60,0,230.177,62,1,4,0.0
5082,37,2,5,2,68,60,1,260.156,66,1,4,0.0
5083,37,3,5,2,68,60,0,335.291,59,1,4,0.0
5084,37,4,5,2,68,60,0,623.409,80,0,4,0.0
5085,38,0,10,2,60,80,1,462.79,85,1,4,0.0
5086,38,1,10,2,60,80,0,200.928,56,1,4,0.0
5087,38,2,10,2,60,80,0,418.259,66,1,4,0.0
5088,38,3,10,2,60,80,1,226.816,68,1,4,0.0
5089,38,4,10,2,60,80,0,198.706,57,0,4,0.0
5090,38,5,10,2,60,80,1,1013.287,91,0,4,0.0
5091,38,6,10,2,60,80,1,153.01000000000002,87,0,4,0.0
5092,38,7,10,2,60,80,1,200.044,83,0,4,0.0
5093,38,8,10,2,60,80,1,52.807,92,0,4,0.0
5094,38,9,10,2,60,80,1,231.748,95,0,4,0.0
5095,39,0,5,1,40,44,0,490.781,40,1,4,0.0
5096,39,1,5,1,40,44,0,566.181,43,1,4,0.0
5097,39,2,5,1,40,44,0,494.508,41,1,4,0.0
5098,39,3,5,1,40,44,1,343.112,42,1,4,0.0
5099,39,4,5,1,40,44,0,552.28,42,0,4,0.0
5100,40,0,5,1,68,60,0,3011.128,72,1,4,0.0
5101,40,1,5,1,68,60,1,274.048,59,1,4,0.0
5102,40,2,5,1,68,60,0,324.261,68,1,4,0.0
5103,40,3,5,1,68,60,0,452.8730000000001,55,1,4,0.0
5104,40,4,5,1,68,60,0,705.323,59,0,4,0.0
5105,41,0,10,3,30,60,1,434.62,54,1,4,0.0
5106,41,1,10,3,30,60,0,336.706,34,1,4,0.0
5107,41,2,10,3,30,60,1,287.339,60,1,4,0.0
5108,41,3,10,3,30,60,1,425.237,56,1,4,0.0
5109,41,4,10,3,30,60,1,1063.101,56,0,4,0.0
5110,41,5,10,3,30,60,1,200.626,75,0,4,0.0
5111,41,6,10,3,30,60,1,230.585,64,0,4,0.0
5112,41,7,10,3,30,60,1,106.546,63,0,4,0.0
5113,41,8,10,3,30,60,1,36.004,63,0,4,0.0
5114,41,9,10,3,30,60,1,54.123,64,0,4,0.0
5115,42,0,5,1,64,60,0,528.9730000000001,64,1,4,0.0
5116,42,1,5,1,64,60,1,234.572,66,1,4,0.0
5117,42,2,5,1,64,60,0,311.992,62,1,4,0.0
5118,42,3,5,1,64,60,0,617.0830000000001,57,1,4,0.0
5119,42,4,5,1,64,60,1,534.277,61,0,4,0.0
5120,43,0,10,2,60,30,0,534.374,68,1,4,0.0
5121,43,1,10,2,60,30,0,382.928,59,1,4,0.0
5122,43,2,10,2,60,30,1,285.382,53,1,4,0.0
5123,43,3,10,2,60,30,1,412.17,34,1,4,0.0
5124,43,4,10,2,60,30,0,997.223,58,0,4,0.0
5125,43,5,10,2,60,30,1,577.784,27,0,4,0.0
5126,43,6,10,2,60,30,0,233.359,54,0,4,0.0
5127,43,7,10,2,60,30,0,140.983,56,0,4,0.0
5128,43,8,10,2,60,30,0,52.528,64,0,4,0.0
5129,43,9,10,2,60,30,0,103.145,58,0,4,0.0
5130,44,0,5,2,72,60,0,528.376,70,1,4,0.0
5131,44,1,5,2,72,60,1,313.446,51,1,4,0.0
5132,44,2,5,2,72,60,0,274.637,76,1,4,0.0
5133,44,3,5,2,72,60,1,225.631,55,1,4,0.0
5134,44,4,5,2,72,60,0,227.432,59,0,4,0.0
5135,45,0,10,2,40,32,1,559.082,31,1,4,0.0
5136,45,1,10,2,40,32,0,295.394,41,1,4,0.0
5137,45,2,10,2,40,32,0,366.955,46,1,4,0.0
5138,45,3,10,2,40,32,1,296.233,22,1,4,0.0
5139,45,4,10,2,40,32,0,2712.503,45,0,4,0.0
5140,45,5,10,2,40,32,1,1689.624,23,0,4,0.0
5141,45,6,10,2,40,32,0,187.112,43,0,4,0.0
5142,45,7,10,2,40,32,0,184.977,37,0,4,0.0
5143,45,8,10,2,40,32,1,311.40000000000003,28,0,4,0.0
5144,45,9,10,2,40,32,0,94.732,39,0,4,0.0
5145,46,0,10,2,60,72,0,550.3050000000001,67,1,4,0.0
5146,46,1,10,2,60,72,1,237.704,83,1,4,0.0
5147,46,2,10,2,60,72,1,301.21,57,1,4,0.0
5148,46,3,10,2,60,72,0,351.28700000000003,54,1,4,0.0
5149,46,4,10,2,60,72,1,286.883,68,0,4,0.0
5150,46,5,10,2,60,72,1,231.677,76,0,4,0.0
5151,46,6,10,2,60,72,1,181.178,64,0,4,0.0
5152,46,7,10,2,60,72,1,11.95,68,0,4,0.0
5153,46,8,10,2,60,72,1,0.531,78,0,4,0.0
5154,46,9,10,2,60,72,1,0.614,62,0,4,0.0
5155,47,0,5,2,40,48,1,432.502,49,1,4,0.0
5156,47,1,5,2,40,48,1,419.2600000000001,54,1,4,0.0
5157,47,2,5,2,40,48,0,325.488,40,1,4,0.0
5158,47,3,5,2,40,48,0,417.058,32,1,4,0.0
5159,47,4,5,2,40,48,1,958.944,61,0,4,0.0
5160,48,0,5,1,52,40,0,461.496,49,1,4,0.0
5161,48,1,5,1,52,40,1,345.082,42,1,4,0.0
5162,48,2,5,1,52,40,0,282.322,47,1,4,0.0
5163,48,3,5,1,52,40,0,483.519,58,1,4,0.0
5164,48,4,5,1,52,40,0,637.864,64,0,4,0.0
5165,49,0,10,3,36,40,1,402.477,28,1,4,0.0
5166,49,1,10,3,36,40,1,554.091,39,1,4,0.0
5167,49,2,10,3,36,40,0,261.67,25,1,4,0.0
5168,49,3,10,3,36,40,1,282.153,30,1,4,0.0
5169,49,4,10,3,36,40,1,3605.571,40,0,4,0.0
5170,49,5,10,3,36,40,0,1043.647,50,0,4,0.0
5171,49,6,10,3,36,40,0,431.254,37,0,4,0.0
5172,49,7,10,3,36,40,1,233.265,58,0,4,0.0
5173,49,8,10,3,36,40,0,469.012,23,0,4,0.0
5174,49,9,10,3,36,40,1,142.00799999999998,42,0,4,0.0
5175,50,0,10,1,64,60,0,446.027,76,1,4,0.0
5176,50,1,10,1,64,60,0,343.929,59,1,4,0.0
5177,50,2,10,1,64,60,0,362.198,67,1,4,0.0
5178,50,3,10,1,64,60,1,434.287,63,1,4,0.0
5179,50,4,10,1,64,60,0,917.176,67,0,4,0.0
5180,50,5,10,1,64,60,0,165.797,63,0,4,0.0
5181,50,6,10,1,64,60,1,189.632,48,0,4,0.0
5182,50,7,10,1,64,60,0,233.934,55,0,4,0.0
5183,50,8,10,1,64,60,1,125.12699999999998,63,0,4,0.0
5184,50,9,10,1,64,60,1,525.435,63,0,4,0.0
5185,51,0,5,3,60,48,1,599.442,49,1,4,0.0
5186,51,1,5,3,60,48,1,363.788,54,1,4,0.0
5187,51,2,5,3,60,48,0,307.649,51,1,4,0.0
5188,51,3,5,3,60,48,1,274.822,57,1,4,0.0
5189,51,4,5,3,60,48,0,239.091,45,0,4,0.0
5190,52,0,5,3,60,52,1,537.901,48,1,4,0.0
5191,52,1,5,3,60,52,0,250.624,65,1,4,0.0
5192,52,2,5,3,60,52,1,450.358,49,1,4,0.0
5193,52,3,5,3,60,52,1,457.464,47,1,4,0.0
5194,52,4,5,3,60,52,0,868.741,53,0,4,0.0
5195,53,0,5,1,80,60,0,344.014,83,1,4,0.0
5196,53,1,5,1,80,60,0,472.114,79,1,4,0.0
5197,53,2,5,1,80,60,1,286.589,51,1,4,0.0
5198,53,3,5,1,80,60,0,333.966,84,1,4,0.0
5199,53,4,5,1,80,60,0,693.086,82,0,4,0.0
5200,54,0,10,2,60,40,1,383.879,31,1,4,0.0
5201,54,1,10,2,60,40,0,277.576,74,1,4,0.0
5202,54,2,10,2,60,40,0,426.197,66,1,4,0.0
5203,54,3,10,2,60,40,1,317.96200000000005,45,1,4,0.0
5204,54,4,10,2,60,40,0,1246.68,72,0,4,0.0
5205,54,5,10,2,60,40,1,273.10200000000003,35,0,4,0.0
5206,54,6,10,2,60,40,0,67.50200000000001,62,0,4,0.0
5207,54,7,10,2,60,40,0,174.036,79,0,4,0.0
5208,54,8,10,2,60,40,0,147.119,56,0,4,0.0
5209,54,9,10,2,60,40,0,233.107,74,0,4,0.0
5210,55,0,5,1,90,60,0,388.166,97,1,4,0.0
5211,55,1,5,1,90,60,0,396.04,95,1,4,0.0
5212,55,2,5,1,90,60,0,450.634,99,1,4,0.0
5213,55,3,5,1,90,60,1,238.419,72,1,4,0.0
5214,55,4,5,1,90,60,0,145.394,76,0,4,0.0
5215,56,0,10,2,40,20,0,544.942,32,1,4,0.0
5216,56,1,10,2,40,20,1,251.017,16,1,4,0.0
5217,56,2,10,2,40,20,0,216.339,46,1,4,0.0
5218,56,3,10,2,40,20,1,250.21500000000003,29,1,4,0.0
5219,56,4,10,2,40,20,0,949.547,39,0,4,0.0
5220,56,5,10,2,40,20,0,597.8560000000001,36,0,4,0.0
5221,56,6,10,2,40,20,1,723.418,13,0,4,0.0
5222,56,7,10,2,40,20,0,147.184,49,0,4,0.0
5223,56,8,10,2,40,20,0,34.043,50,0,4,0.0
5224,56,9,10,2,40,20,0,243.959,44,0,4,0.0
5225,57,0,10,2,40,44,0,383.777,43,1,4,0.0
5226,57,1,10,2,40,44,1,310.254,41,1,4,0.0
5227,57,2,10,2,40,44,1,632.2769999999999,33,1,4,0.0
5228,57,3,10,2,40,44,0,330.687,58,1,4,0.0
5229,57,4,10,2,40,44,0,555.519,48,0,4,0.0
5230,57,5,10,2,40,44,0,579.6750000000001,20,0,4,0.0
5231,57,6,10,2,40,44,1,352.95,37,0,4,0.0
5232,57,7,10,2,40,44,0,984.294,40,0,4,0.0
5233,57,8,10,2,40,44,1,214.188,34,0,4,0.0
5234,57,9,10,2,40,44,0,89.30000000000001,38,0,4,0.0
5235,58,0,10,3,48,40,0,313.739,54,1,4,0.0
5236,58,1,10,3,48,40,1,227.682,31,1,4,0.0
5237,58,2,10,3,48,40,1,642.0930000000001,52,1,4,0.0
5238,58,3,10,3,48,40,1,351.17,39,1,4,0.0
5239,58,4,10,3,48,40,0,307.04900000000004,55,0,4,0.0
5240,58,5,10,3,48,40,0,244.885,42,0,4,0.0
5241,58,6,10,3,48,40,1,184.661,32,0,4,0.0
5242,58,7,10,3,48,40,0,166.39399999999998,36,0,4,0.0
5243,58,8,10,3,48,40,0,259.905,50,0,4,0.0
5244,58,9,10,3,48,40,0,22.712,36,0,4,0.0
5245,59,0,5,3,90,60,0,381.154,83,1,4,0.0
5246,59,1,5,3,90,60,1,234.593,52,1,4,0.0
5247,59,2,5,3,90,60,1,449.378,64,1,4,0.0
5248,59,3,5,3,90,60,1,858.106,72,1,4,0.0
5249,59,4,5,3,90,60,0,1077.747,90,0,4,0.0
5250,60,0,10,2,48,40,1,471.104,34,1,4,0.0
5251,60,1,10,2,48,40,1,371.987,42,1,4,0.0
5252,60,2,10,2,48,40,0,390.223,60,1,4,0.0
5253,60,3,10,2,48,40,0,449.263,51,1,4,0.0
5254,60,4,10,2,48,40,0,827.472,35,0,4,0.0
5255,60,5,10,2,48,40,1,231.611,45,0,4,0.0
5256,60,6,10,2,48,40,0,171.858,47,0,4,0.0
5257,60,7,10,2,48,40,1,129.833,33,0,4,0.0
5258,60,8,10,2,48,40,0,137.82,44,0,4,0.0
5259,60,9,10,2,48,40,0,225.481,58,0,4,0.0
5260,61,0,5,1,40,60,0,438.32,42,1,4,0.0
5261,61,1,5,1,40,60,0,385.682,35,1,4,0.0
5262,61,2,5,1,40,60,1,299.31600000000003,51,1,4,0.0
5263,61,3,5,1,40,60,0,329.009,34,1,4,0.0
5264,61,4,5,1,40,60,1,360.816,46,0,4,0.0
5265,62,0,5,3,60,68,1,376.542,68,1,4,0.0
5266,62,1,5,3,60,68,0,302.454,51,1,4,0.0
5267,62,2,5,3,60,68,1,297.466,67,1,4,0.0
5268,62,3,5,3,60,68,1,433.126,61,1,4,0.0
5269,62,4,5,3,60,68,1,5677.517,67,0,4,0.0
5270,63,0,10,1,40,28,0,392.15,33,1,4,0.0
5271,63,1,10,1,40,28,0,375.024,35,1,4,0.0
5272,63,2,10,1,40,28,0,351.45500000000004,51,1,4,0.0
5273,63,3,10,1,40,28,1,510.182,27,1,4,0.0
5274,63,4,10,1,40,28,0,288.303,56,0,4,0.0
5275,63,5,10,1,40,28,0,258.596,44,0,4,0.0
5276,63,6,10,1,40,28,1,268.461,33,0,4,0.0
5277,63,7,10,1,40,28,0,30.868,38,0,4,0.0
5278,63,8,10,1,40,28,0,195.969,33,0,4,0.0
5279,63,9,10,1,40,28,1,455.908,33,0,4,0.0
5280,64,0,10,2,48,40,1,420.14,42,1,4,0.0
5281,64,1,10,2,48,40,0,143.393,50,1,4,0.0
5282,64,2,10,2,48,40,0,369.434,57,1,4,0.0
5283,64,3,10,2,48,40,1,254.38100000000003,31,1,4,0.0
5284,64,4,10,2,48,40,1,569.571,39,0,4,0.0
5285,64,5,10,2,48,40,0,88.798,49,0,4,0.0
5286,64,6,10,2,48,40,0,337.493,51,0,4,0.0
5287,64,7,10,2,48,40,1,1058.237,53,0,4,0.0
5288,64,8,10,2,48,40,0,84.345,51,0,4,0.0
5289,64,9,10,2,48,40,0,0.612,44,0,4,0.0
5290,65,0,10,1,30,60,1,401.928,78,1,4,0.0
5291,65,1,10,1,30,60,0,270.344,34,1,4,0.0
5292,65,2,10,1,30,60,0,338.416,41,1,4,0.0
5293,65,3,10,1,30,60,0,257.535,25,1,4,0.0
5294,65,4,10,1,30,60,1,412.287,52,0,4,0.0
5295,65,5,10,1,30,60,1,202.204,57,0,4,0.0
5296,65,6,10,1,30,60,1,190.975,60,0,4,0.0
5297,65,7,10,1,30,60,1,67.474,65,0,4,0.0
5298,65,8,10,1,30,60,1,0.4979999999999999,51,0,4,0.0
5299,65,9,10,1,30,60,1,0.507,52,0,4,0.0
5300,66,0,10,1,60,48,0,513.184,58,1,4,0.0
5301,66,1,10,1,60,48,1,216.501,48,1,4,0.0
5302,66,2,10,1,60,48,0,223.316,46,1,4,0.0
5303,66,3,10,1,60,48,0,555.23,46,1,4,0.0
5304,66,4,10,1,60,48,1,154.928,63,0,4,0.0
5305,66,5,10,1,60,48,1,402.404,47,0,4,0.0
5306,66,6,10,1,60,48,0,119.014,65,0,4,0.0
5307,66,7,10,1,60,48,1,367.827,31,0,4,0.0
5308,66,8,10,1,60,48,0,117.551,44,0,4,0.0
5309,66,9,10,1,60,48,0,181.63,65,0,4,0.0
5310,67,0,5,2,60,80,1,433.811,73,1,4,0.0
5311,67,1,5,2,60,80,0,266.019,80,1,4,0.0
5312,67,2,5,2,60,80,1,281.725,88,1,4,0.0
5313,67,3,5,2,60,80,0,203.74,46,1,4,0.0
5314,67,4,5,2,60,80,1,353.483,84,0,4,0.0
5315,68,0,5,2,60,30,1,376.67,33,1,4,0.0
5316,68,1,5,2,60,30,0,287.084,66,1,4,0.0
5317,68,2,5,2,60,30,1,763.008,31,1,4,0.0
5318,68,3,5,2,60,30,0,184.014,55,1,4,0.0
5319,68,4,5,2,60,30,0,278.273,59,0,4,0.0
5320,69,0,10,3,60,72,1,346.036,72,1,4,0.0
5321,69,1,10,3,60,72,1,327.023,84,1,4,0.0
5322,69,2,10,3,60,72,0,337.902,65,1,4,0.0
5323,69,3,10,3,60,72,1,278.15000000000003,70,1,4,0.0
5324,69,4,10,3,60,72,1,588.5089999999999,78,0,4,0.0
5325,69,5,10,3,60,72,0,235.592,54,0,4,0.0
5326,69,6,10,3,60,72,1,23.287,76,0,4,0.0
5327,69,7,10,3,60,72,1,0.462,69,0,4,0.0
5328,69,8,10,3,60,72,1,192.796,71,0,4,0.0
5329,69,9,10,3,60,72,1,0.503,85,0,4,0.0
5330,70,0,5,1,60,30,1,378.4,14,1,4,0.0
5331,70,1,5,1,60,30,0,248.458,54,1,4,0.0
5332,70,2,5,1,60,30,0,523.26,59,1,4,0.0
5333,70,3,5,1,60,30,0,411.924,55,1,4,0.0
5334,70,4,5,1,60,30,1,697.929,41,0,4,0.0
5335,71,0,5,1,40,70,0,618.837,33,1,4,0.0
5336,71,1,5,1,40,70,0,399.164,44,1,4,0.0
5337,71,2,5,1,40,70,0,313.74600000000004,44,1,4,0.0
5338,71,3,5,1,40,70,1,383.787,69,1,4,0.0
5339,71,4,5,1,40,70,1,254.23,59,0,4,0.0
5340,72,0,10,2,52,60,1,408.30300000000005,54,1,4,0.0
5341,72,1,10,2,52,60,1,431.17,55,1,4,0.0
5342,72,2,10,2,52,60,0,637.211,53,1,4,0.0
5343,72,3,10,2,52,60,0,417.218,53,1,4,0.0
5344,72,4,10,2,52,60,1,1508.982,61,0,4,0.0
5345,72,5,10,2,52,60,0,230.28,58,0,4,0.0
5346,72,6,10,2,52,60,1,242.478,61,0,4,0.0
5347,72,7,10,2,52,60,0,134.517,65,0,4,0.0
5348,72,8,10,2,52,60,1,244.999,57,0,4,0.0
5349,72,9,10,2,52,60,1,2712.812,67,0,4,0.0
5350,73,0,10,3,60,52,1,448.403,65,1,4,0.0
5351,73,1,10,3,60,52,1,320.88899999999995,42,1,4,0.0
5352,73,2,10,3,60,52,0,302.023,68,1,4,0.0
5353,73,3,10,3,60,52,1,268.997,56,1,4,0.0
5354,73,4,10,3,60,52,0,226.724,54,0,4,0.0
5355,73,5,10,3,60,52,1,334.89000000000004,50,0,4,0.0
5356,73,6,10,3,60,52,1,255.037,51,0,4,0.0
5357,73,7,10,3,60,52,0,217.994,69,0,4,0.0
5358,73,8,10,3,60,52,1,398.217,47,0,4,0.0
5359,73,9,10,3,60,52,0,170.02900000000002,69,0,4,0.0
5360,74,0,5,2,40,36,0,490.278,53,1,4,0.0
5361,74,1,5,2,40,36,1,235.221,42,1,4,0.0
5362,74,2,5,2,40,36,1,345.175,41,1,4,0.0
5363,74,3,5,2,40,36,0,343.165,40,1,4,0.0
5364,74,4,5,2,40,36,0,606.105,26,0,4,0.0
5365,75,0,10,2,60,40,1,333.904,36,1,4,0.0
5366,75,1,10,2,60,40,0,237.034,58,1,4,0.0
5367,75,2,10,2,60,40,1,226.307,39,1,4,0.0
5368,75,3,10,2,60,40,0,263.051,56,1,4,0.0
5369,75,4,10,2,60,40,1,657.378,32,0,4,0.0
5370,75,5,10,2,60,40,1,220.716,40,0,4,0.0
5371,75,6,10,2,60,40,0,128.29399999999998,59,0,4,0.0
5372,75,7,10,2,60,40,1,504.495,33,0,4,0.0
5373,75,8,10,2,60,40,0,41.788,42,0,4,0.0
5374,75,9,10,2,60,40,0,133.043,62,0,4,0.0
5375,76,0,5,3,40,28,1,298.333,38,1,4,0.0
5376,76,1,5,3,40,28,0,222.487,53,1,4,0.0
5377,76,2,5,3,40,28,1,282.527,29,1,4,0.0
5378,76,3,5,3,40,28,1,403.128,16,1,4,0.0
5379,76,4,5,3,40,28,0,105.713,44,0,4,0.0
5380,77,0,5,2,52,60,0,410.981,56,1,4,0.0
5381,77,1,5,2,52,60,1,161.036,63,1,4,0.0
5382,77,2,5,2,52,60,0,296.89700000000005,39,1,4,0.0
5383,77,3,5,2,52,60,1,241.954,60,1,4,0.0
5384,77,4,5,2,52,60,1,166.47400000000002,65,0,4,0.0
5385,78,0,10,1,36,40,0,349.451,30,1,4,0.0
5386,78,1,10,1,36,40,0,597.718,39,1,4,0.0
5387,78,2,10,1,36,40,1,232.963,36,1,4,0.0
5388,78,3,10,1,36,40,0,223.81,31,1,4,0.0
5389,78,4,10,1,36,40,1,197.002,24,0,4,0.0
5390,78,5,10,1,36,40,0,217.322,33,0,4,0.0
5391,78,6,10,1,36,40,0,167.666,40,0,4,0.0
5392,78,7,10,1,36,40,1,125.413,48,0,4,0.0
5393,78,8,10,1,36,40,1,149.274,41,0,4,0.0
5394,78,9,10,1,36,40,0,162.648,32,0,4,0.0
5395,79,0,5,2,44,40,1,602.5390000000001,38,1,4,0.0
5396,79,1,5,2,44,40,0,198.274,48,1,4,0.0
5397,79,2,5,2,44,40,0,358.12699999999995,52,1,4,0.0
5398,79,3,5,2,44,40,1,516.291,38,1,4,0.0
5399,79,4,5,2,44,40,0,350.549,23,0,4,0.0
5400,80,0,5,2,60,30,1,2233.421,22,1,4,0.0
5401,80,1,5,2,60,30,1,246.842,18,1,4,0.0
5402,80,2,5,2,60,30,0,322.865,58,1,4,0.0
5403,80,3,5,2,60,30,0,348.807,46,1,4,0.0
5404,80,4,5,2,60,30,0,92.122,64,0,4,0.0
5405,81,0,5,2,56,60,1,357.839,72,1,4,0.0
5406,81,1,5,2,56,60,0,284.45,61,1,4,0.0
5407,81,2,5,2,56,60,1,254.907,51,1,4,0.0
5408,81,3,5,2,56,60,0,348.184,58,1,4,0.0
5409,81,4,5,2,56,60,1,626.552,54,0,4,0.0
5410,82,0,10,2,40,60,0,1943.997,30,1,4,0.0
5411,82,1,10,2,40,60,0,287.786,54,1,4,0.0
5412,82,2,10,2,40,60,1,290.319,66,1,4,0.0
5413,82,3,10,2,40,60,1,413.866,62,1,4,0.0
5414,82,4,10,2,40,60,1,553.716,55,0,4,0.0
5415,82,5,10,2,40,60,1,96.606,43,0,4,0.0
5416,82,6,10,2,40,60,1,251.174,54,0,4,0.0
5417,82,7,10,2,40,60,1,485.424,65,0,4,0.0
5418,82,8,10,2,40,60,0,224.724,34,0,4,0.0
5419,82,9,10,2,40,60,1,202.629,62,0,4,0.0
5420,83,0,5,2,64,60,0,551.763,67,1,4,0.0
5421,83,1,5,2,64,60,1,247.23,70,1,4,0.0
5422,83,2,5,2,64,60,1,335.289,61,1,4,0.0
5423,83,3,5,2,64,60,0,586.671,59,1,4,0.0
5424,83,4,5,2,64,60,1,944.578,60,0,4,0.0
5425,84,0,10,3,28,40,1,441.661,60,1,4,0.0
5426,84,1,10,3,28,40,1,445.992,36,1,4,0.0
5427,84,2,10,3,28,40,1,322.893,42,1,4,0.0
5428,84,3,10,3,28,40,0,362.585,26,1,4,0.0
5429,84,4,10,3,28,40,1,1402.879,32,0,4,0.0
5430,84,5,10,3,28,40,1,256.158,50,0,4,0.0
5431,84,6,10,3,28,40,0,155.41,19,0,4,0.0
5432,84,7,10,3,28,40,1,225.066,47,0,4,0.0
5433,84,8,10,3,28,40,1,285.911,36,0,4,0.0
5434,84,9,10,3,28,40,1,814.504,54,0,4,0.0
5435,85,0,10,2,52,40,1,355.16700000000003,23,1,4,0.0
5436,85,1,10,2,52,40,1,458.212,47,1,4,0.0
5437,85,2,10,2,52,40,0,589.93,50,1,4,0.0
5438,85,3,10,2,52,40,0,484.002,58,1,4,0.0
5439,85,4,10,2,52,40,0,8830.141,53,0,4,0.0
5440,85,5,10,2,52,40,1,388.669,35,0,4,0.0
5441,85,6,10,2,52,40,0,0.635,68,0,4,0.0
5442,85,7,10,2,52,40,0,101.298,40,0,4,0.0
5443,85,8,10,2,52,40,1,614.3140000000001,46,0,4,0.0
5444,85,9,10,2,52,40,0,106.098,58,0,4,0.0
5445,86,0,10,3,40,10,0,1563.747,43,1,4,0.0
5446,86,1,10,3,40,10,1,283.927,20,1,4,0.0
5447,86,2,10,3,40,10,1,301.849,14,1,4,0.0
5448,86,3,10,3,40,10,1,416.085,17,1,4,0.0
5449,86,4,10,3,40,10,0,532.476,24,0,4,0.0
5450,86,5,10,3,40,10,1,244.617,12,0,4,0.0
5451,86,6,10,3,40,10,0,263.449,52,0,4,0.0
5452,86,7,10,3,40,10,0,67.123,45,0,4,0.0
5453,86,8,10,3,40,10,0,156.531,31,0,4,0.0
5454,86,9,10,3,40,10,0,740.1999999999999,42,0,4,0.0
5455,87,0,10,2,60,48,0,580.376,53,1,4,0.0
5456,87,1,10,2,60,48,1,259.702,54,1,4,0.0
5457,87,2,10,2,60,48,0,247.025,55,1,4,0.0
5458,87,3,10,2,60,48,1,922.559,45,1,4,0.0
5459,87,4,10,2,60,48,0,971.245,49,0,4,0.0
5460,87,5,10,2,60,48,0,698.658,49,0,4,0.0
5461,87,6,10,2,60,48,1,252.245,57,0,4,0.0
5462,87,7,10,2,60,48,1,351.22900000000004,45,0,4,0.0
5463,87,8,10,2,60,48,1,710.101,45,0,4,0.0
5464,87,9,10,2,60,48,1,69.931,53,0,4,0.0
5465,88,0,10,2,40,20,1,376.914,20,1,4,0.0
5466,88,1,10,2,40,20,0,230.9,23,1,4,0.0
5467,88,2,10,2,40,20,0,451.447,29,1,4,0.0
5468,88,3,10,2,40,20,1,222.534,28,1,4,0.0
5469,88,4,10,2,40,20,0,202.805,46,0,4,0.0
5470,88,5,10,2,40,20,1,288.174,39,0,4,0.0
5471,88,6,10,2,40,20,0,145.298,44,0,4,0.0
5472,88,7,10,2,40,20,0,48.495000000000005,48,0,4,0.0
5473,88,8,10,2,40,20,0,219.194,38,0,4,0.0
5474,88,9,10,2,40,20,1,670.9490000000001,20,0,4,0.0
5475,89,0,10,2,60,40,0,529.19,52,1,4,0.0
5476,89,1,10,2,60,40,1,258.218,51,1,4,0.0
5477,89,2,10,2,60,40,1,447.608,39,1,4,0.0
5478,89,3,10,2,60,40,0,234.451,68,1,4,0.0
5479,89,4,10,2,60,40,0,326.661,56,0,4,0.0
5480,89,5,10,2,60,40,0,382.302,54,0,4,0.0
5481,89,6,10,2,60,40,0,563.6759999999999,77,0,4,0.0
5482,89,7,10,2,60,40,0,338.93800000000005,62,0,4,0.0
5483,89,8,10,2,60,40,0,178.80499999999998,70,0,4,0.0
5484,89,9,10,2,60,40,0,190.695,68,0,4,0.0
5485,90,0,5,1,60,48,0,434.669,57,1,4,0.0
5486,90,1,5,1,60,48,0,512.8960000000001,51,1,4,0.0
5487,90,2,5,1,60,48,0,369.881,64,1,4,0.0
5488,90,3,5,1,60,48,1,232.637,43,1,4,0.0
5489,90,4,5,1,60,48,0,204.986,48,0,4,0.0
5490,91,0,5,2,40,70,1,396.399,65,1,4,0.0
5491,91,1,5,2,40,70,0,286.785,43,1,4,0.0
5492,91,2,5,2,40,70,0,446.769,45,1,4,0.0
5493,91,3,5,2,40,70,1,242.23,73,1,4,0.0
5494,91,4,5,2,40,70,1,587.583,78,0,4,0.0
5495,92,0,10,1,60,80,0,573.3960000000001,59,1,4,0.0
5496,92,1,10,1,60,80,1,223.207,80,1,4,0.0
5497,92,2,10,1,60,80,0,302.997,78,1,4,0.0
5498,92,3,10,1,60,80,0,519.609,72,1,4,0.0
5499,92,4,10,1,60,80,0,576.674,56,0,4,0.0
5500,92,5,10,1,60,80,1,421.784,79,0,4,0.0
5501,92,6,10,1,60,80,1,354.852,76,0,4,0.0
5502,92,7,10,1,60,80,0,290.252,61,0,4,0.0
5503,92,8,10,1,60,80,1,122.275,95,0,4,0.0
5504,92,9,10,1,60,80,1,0.487,68,0,4,0.0
5505,93,0,10,3,20,40,0,575.5409999999999,5,1,4,0.0
5506,93,1,10,3,20,40,1,217.771,57,1,4,0.0
5507,93,2,10,3,20,40,1,378.999,43,1,4,0.0
5508,93,3,10,3,20,40,1,346.588,40,1,4,0.0
5509,93,4,10,3,20,40,0,431.064,13,0,4,0.0
5510,93,5,10,3,20,40,1,158.085,42,0,4,0.0
5511,93,6,10,3,20,40,1,84.77600000000001,30,0,4,0.0
5512,93,7,10,3,20,40,1,0.516,46,0,4,0.0
5513,93,8,10,3,20,40,1,0.524,40,0,4,0.0
5514,93,9,10,3,20,40,1,87.12,39,0,4,0.0
5515,94,0,10,1,60,90,0,346.016,62,1,4,0.0
5516,94,1,10,1,60,90,1,304.477,99,1,4,0.0
5517,94,2,10,1,60,90,0,281.074,50,1,4,0.0
5518,94,3,10,1,60,90,0,668.02,65,1,4,0.0
5519,94,4,10,1,60,90,1,206.116,85,0,4,0.0
5520,94,5,10,1,60,90,1,123.053,84,0,4,0.0
5521,94,6,10,1,60,90,1,2355.322,89,0,4,0.0
5522,94,7,10,1,60,90,1,522.383,92,0,4,0.0
5523,94,8,10,1,60,90,1,114.254,85,0,4,0.0
5524,94,9,10,1,60,90,1,0.479,78,0,4,0.0
5525,95,0,10,2,60,48,1,547.2040000000001,51,1,4,0.0
5526,95,1,10,2,60,48,1,511.415,36,1,4,0.0
5527,95,2,10,2,60,48,0,473.239,65,1,4,0.0
5528,95,3,10,2,60,48,0,388.204,61,1,4,0.0
5529,95,4,10,2,60,48,0,851.133,60,0,4,0.0
5530,95,5,10,2,60,48,0,142.526,63,0,4,0.0
5531,95,6,10,2,60,48,0,101.91,64,0,4,0.0
5532,95,7,10,2,60,48,0,158.58,55,0,4,0.0
5533,95,8,10,2,60,48,0,45.494,63,0,4,0.0
5534,95,9,10,2,60,48,0,183.565,65,0,4,0.0
5535,96,0,5,2,60,80,0,486.446,64,1,4,0.0
5536,96,1,5,2,60,80,1,279.579,82,1,4,0.0
5537,96,2,5,2,60,80,1,633.7570000000001,73,1,4,0.0
5538,96,3,5,2,60,80,0,310.936,52,1,4,0.0
5539,96,4,5,2,60,80,1,1064.994,76,0,4,0.0
5540,97,0,5,2,60,68,0,621.4849999999999,42,1,4,0.0
5541,97,1,5,2,60,68,0,376.774,64,1,4,0.0
5542,97,2,5,2,60,68,1,470.382,69,1,4,0.0
5543,97,3,5,2,60,68,1,345.188,65,1,4,0.0
5544,97,4,5,2,60,68,1,313.111,74,0,4,0.0
5545,98,0,5,2,28,40,0,492.729,29,1,4,0.0
5546,98,1,5,2,28,40,1,348.635,43,1,4,0.0
5547,98,2,5,2,28,40,0,404.466,29,1,4,0.0
5548,98,3,5,2,28,40,1,385.567,49,1,4,0.0
5549,98,4,5,2,28,40,1,287.873,38,0,4,0.0
5550,99,0,10,2,60,64,1,474.579,73,1,4,0.0
5551,99,1,10,2,60,64,1,453.136,60,1,4,0.0
5552,99,2,10,2,60,64,0,512.8660000000001,55,1,4,0.0
5553,99,3,10,2,60,64,0,411.954,69,1,4,0.0
5554,99,4,10,2,60,64,0,847.754,63,0,4,0.0
5555,99,5,10,2,60,64,1,1108.198,63,0,4,0.0
5556,99,6,10,2,60,64,1,269.504,74,0,4,0.0
5557,99,7,10,2,60,64,1,246.232,61,0,4,0.0
5558,99,8,10,2,60,64,1,226.321,59,0,4,0.0
5559,99,9,10,2,60,64,1,886.004,68,0,4,0.0
5560,100,0,5,3,30,60,0,534.115,36,1,4,0.0
5561,100,1,5,3,30,60,1,283.871,60,1,4,0.0
5562,100,2,5,3,30,60,1,442.532,66,1,4,0.0
5563,100,3,5,3,30,60,1,598.445,65,1,4,0.0
5564,100,4,5,3,30,60,1,227.656,49,0,4,0.0
5565,101,0,10,3,56,60,1,488.346,81,1,4,0.0
5566,101,1,10,3,56,60,1,514.306,62,1,4,0.0
5567,101,2,10,3,56,60,1,427.432,69,1,4,0.0
5568,101,3,10,3,56,60,0,432.136,55,1,4,0.0
5569,101,4,10,3,56,60,1,324.188,57,0,4,0.0
5570,101,5,10,3,56,60,1,189.159,57,0,4,0.0
5571,101,6,10,3,56,60,1,155.29999999999998,40,0,4,0.0
5572,101,7,10,3,56,60,0,466.304,56,0,4,0.0
5573,101,8,10,3,56,60,0,155.256,52,0,4,0.0
5574,101,9,10,3,56,60,0,298.056,41,0,4,0.0
5575,102,0,5,2,40,70,1,411.302,73,1,4,0.0
5576,102,1,5,2,40,70,1,344.486,73,1,4,0.0
5577,102,2,5,2,40,70,0,513.803,31,1,4,0.0
5578,102,3,5,2,40,70,0,353.541,46,1,4,0.0
5579,102,4,5,2,40,70,1,1040.91,72,0,4,0.0
5580,103,0,5,2,40,60,1,452.526,65,1,4,0.0
5581,103,1,5,2,40,60,0,393.571,40,1,4,0.0
5582,103,2,5,2,40,60,1,1072.642,54,1,4,0.0
5583,103,3,5,2,40,60,0,403.556,37,1,4,0.0
5584,103,4,5,2,40,60,1,368.85,57,0,4,0.0
5585,104,0,5,3,48,40,1,304.014,38,1,4,0.0
5586,104,1,5,3,48,40,1,361.144,33,1,4,0.0
5587,104,2,5,3,48,40,1,241.489,34,1,4,0.0
5588,104,3,5,3,48,40,0,278.087,48,1,4,0.0
5589,104,4,5,3,48,40,1,239.212,46,0,4,0.0
5590,105,0,10,1,40,48,0,349.451,43,1,4,0.0
5591,105,1,10,1,40,48,0,564.407,34,1,4,0.0
5592,105,2,10,1,40,48,1,287.746,39,1,4,0.0
5593,105,3,10,1,40,48,0,220.369,40,1,4,0.0
5594,105,4,10,1,40,48,1,217.65,52,0,4,0.0
5595,105,5,10,1,40,48,1,286.43,32,0,4,0.0
5596,105,6,10,1,40,48,0,47.978,25,0,4,0.0
5597,105,7,10,1,40,48,1,259.095,60,0,4,0.0
5598,105,8,10,1,40,48,1,0.474,46,0,4,0.0
5599,105,9,10,1,40,48,1,25.92,46,0,4,0.0
5600,106,0,10,2,40,28,0,304.05,42,1,4,0.0
5601,106,1,10,2,40,28,0,368.937,48,1,4,0.0
5602,106,2,10,2,40,28,1,606.759,22,1,4,0.0
5603,106,3,10,2,40,28,1,428.597,30,1,4,0.0
5604,106,4,10,2,40,28,0,833.21,35,0,4,0.0
5605,106,5,10,2,40,28,1,293.607,39,0,4,0.0
5606,106,6,10,2,40,28,0,46.152,49,0,4,0.0
5607,106,7,10,2,40,28,0,75.031,44,0,4,0.0
5608,106,8,10,2,40,28,1,532.625,37,0,4,0.0
5609,106,9,10,2,40,28,0,148.048,33,0,4,0.0
5610,107,0,10,1,40,60,0,386.518,35,1,4,0.0
5611,107,1,10,1,40,60,0,569.5740000000001,36,1,4,0.0
5612,107,2,10,1,40,60,0,347.07,42,1,4,0.0
5613,107,3,10,1,40,60,1,256.436,48,1,4,0.0
5614,107,4,10,1,40,60,0,195.295,29,0,4,0.0
5615,107,5,10,1,40,60,1,129.601,59,0,4,0.0
5616,107,6,10,1,40,60,1,0.509,69,0,4,0.0
5617,107,7,10,1,40,60,1,0.476,56,0,4,0.0
5618,107,8,10,1,40,60,1,0.384,37,0,4,0.0
5619,107,9,10,1,40,60,1,494.4,51,0,4,0.0
5620,108,0,10,2,68,60,1,335.515,45,1,4,0.0
5621,108,1,10,2,68,60,1,470.991,52,1,4,0.0
5622,108,2,10,2,68,60,0,284.095,71,1,4,0.0
5623,108,3,10,2,68,60,0,382.2960000000001,54,1,4,0.0
5624,108,4,10,2,68,60,1,275.313,53,0,4,0.0
5625,108,5,10,2,68,60,0,165.446,77,0,4,0.0
5626,108,6,10,2,68,60,0,237.134,56,0,4,0.0
5627,108,7,10,2,68,60,0,280.733,70,0,4,0.0
5628,108,8,10,2,68,60,0,10.811,68,0,4,0.0
5629,108,9,10,2,68,60,0,510.247,62,0,4,0.0
5630,109,0,5,3,36,40,1,2079.473,57,1,4,0.0
5631,109,1,5,3,36,40,1,579.068,48,1,4,0.0
5632,109,2,5,3,36,40,1,641.726,37,1,4,0.0
5633,109,3,5,3,36,40,0,326.38800000000003,36,1,4,0.0
5634,109,4,5,3,36,40,1,239.82,48,0,4,0.0
5635,110,0,5,3,32,40,1,417.173,32,1,4,0.0
5636,110,1,5,3,32,40,0,281.381,42,1,4,0.0
5637,110,2,5,3,32,40,1,325.186,40,1,4,0.0
5638,110,3,5,3,32,40,1,500.521,55,1,4,0.0
5639,110,4,5,3,32,40,0,255.43,22,0,4,0.0
5640,111,0,5,2,28,40,1,378.611,37,1,4,0.0
5641,111,1,5,2,28,40,0,280.731,38,1,4,0.0
5642,111,2,5,2,28,40,0,425.577,36,1,4,0.0
5643,111,3,5,2,28,40,1,280.029,48,1,4,0.0
5644,111,4,5,2,28,40,1,201.995,53,0,4,0.0
5645,112,0,10,3,70,40,0,376.067,61,1,4,0.0
5646,112,1,10,3,70,40,1,255.499,52,1,4,0.0
5647,112,2,10,3,70,40,1,522.674,44,1,4,0.0
5648,112,3,10,3,70,40,1,266.574,41,1,4,0.0
5649,112,4,10,3,70,40,0,253.019,68,0,4,0.0
5650,112,5,10,3,70,40,0,232.449,69,0,4,0.0
5651,112,6,10,3,70,40,0,172.173,70,0,4,0.0
5652,112,7,10,3,70,40,0,51.375,71,0,4,0.0
5653,112,8,10,3,70,40,0,21.66,69,0,4,0.0
5654,112,9,10,3,70,40,0,0.541,66,0,4,0.0
5655,113,0,10,2,72,60,1,451.007,65,1,4,0.0
5656,113,1,10,2,72,60,0,522.186,74,1,4,0.0
5657,113,2,10,2,72,60,1,479.568,69,1,4,0.0
5658,113,3,10,2,72,60,0,293.06,83,1,4,0.0
5659,113,4,10,2,72,60,0,159.409,80,0,4,0.0
5660,113,5,10,2,72,60,0,69.61,64,0,4,0.0
5661,113,6,10,2,72,60,0,64.22999999999999,52,0,4,0.0
5662,113,7,10,2,72,60,0,99.665,85,0,4,0.0
5663,113,8,10,2,72,60,0,92.212,72,0,4,0.0
5664,113,9,10,2,72,60,0,109.236,79,0,4,0.0
5665,114,0,5,3,20,40,1,542.3240000000001,48,1,4,0.0
5666,114,1,5,3,20,40,1,1175.405,31,1,4,0.0
5667,114,2,5,3,20,40,1,299.8,31,1,4,0.0
5668,114,3,5,3,20,40,0,367.382,21,1,4,0.0
5669,114,4,5,3,20,40,1,188.904,46,0,4,0.0
5670,115,0,5,2,36,40,0,373.246,30,1,4,0.0
5671,115,1,5,2,36,40,1,234.026,26,1,4,0.0
5672,115,2,5,2,36,40,0,217.317,39,1,4,0.0
5673,115,3,5,2,36,40,1,132.323,43,1,4,0.0
5674,115,4,5,2,36,40,1,148.811,26,0,4,0.0
5675,116,0,10,1,68,60,0,258.438,77,1,4,0.0
5676,116,1,10,1,68,60,1,262.97,65,1,4,0.0
5677,116,2,10,1,68,60,0,475.801,68,1,4,0.0
5678,116,3,10,1,68,60,0,431.167,63,1,4,0.0
5679,116,4,10,1,68,60,1,258.17,60,0,4,0.0
5680,116,5,10,1,68,60,0,116.892,59,0,4,0.0
5681,116,6,10,1,68,60,1,62.057,64,0,4,0.0
5682,116,7,10,1,68,60,1,104.675,53,0,4,0.0
5683,116,8,10,1,68,60,0,177.624,72,0,4,0.0
5684,116,9,10,1,68,60,0,87.04599999999999,79,0,4,0.0
5685,117,0,10,1,40,60,0,560.728,41,1,4,0.0
5686,117,1,10,1,40,60,0,392.48,41,1,4,0.0
5687,117,2,10,1,40,60,1,312.892,56,1,4,0.0
5688,117,3,10,1,40,60,0,217.146,43,1,4,0.0
5689,117,4,10,1,40,60,1,765.5,75,0,4,0.0
5690,117,5,10,1,40,60,1,42.934,52,0,4,0.0
5691,117,6,10,1,40,60,0,238.617,58,0,4,0.0
5692,117,7,10,1,40,60,1,98.848,52,0,4,0.0
5693,117,8,10,1,40,60,1,0.532,66,0,4,0.0
5694,117,9,10,1,40,60,1,0.597,59,0,4,0.0
5695,118,0,5,2,60,90,0,290.8,80,1,4,0.0
5696,118,1,5,2,60,90,0,326.101,50,1,4,0.0
5697,118,2,5,2,60,90,1,245.374,99,1,4,0.0
5698,118,3,5,2,60,90,1,593.937,99,1,4,0.0
5699,118,4,5,2,60,90,1,120.127,98,0,4,0.0
5700,119,0,5,2,40,60,0,335.398,49,1,4,0.0
5701,119,1,5,2,40,60,1,242.765,57,1,4,0.0
5702,119,2,5,2,40,60,0,237.172,38,1,4,0.0
5703,119,3,5,2,40,60,1,282.052,67,1,4,0.0
5704,119,4,5,2,40,60,1,202.221,58,0,4,0.0
5705,120,0,5,1,52,60,1,2048.855,60,1,4,0.0
5706,120,1,5,1,52,60,0,327.02500000000003,57,1,4,0.0
5707,120,2,5,1,52,60,0,296.688,56,1,4,0.0
5708,120,3,5,1,52,60,0,466.513,55,1,4,0.0
5709,120,4,5,1,52,60,1,228.75,56,0,4,0.0
5710,121,0,10,3,80,60,1,410.355,43,1,4,0.0
5711,121,1,10,3,80,60,1,373.987,66,1,4,0.0
5712,121,2,10,3,80,60,0,454.023,75,1,4,0.0
5713,121,3,10,3,80,60,1,377.451,63,1,4,0.0
5714,121,4,10,3,80,60,0,159.053,88,0,4,0.0
5715,121,5,10,3,80,60,0,237.652,75,0,4,0.0
5716,121,6,10,3,80,60,0,0.501,92,0,4,0.0
5717,121,7,10,3,80,60,0,47.924,69,0,4,0.0
5718,121,8,10,3,80,60,0,90.748,95,0,4,0.0
5719,121,9,10,3,80,60,0,683.991,81,0,4,0.0
5720,122,0,5,3,40,52,1,477.998,53,1,4,0.0
5721,122,1,5,3,40,52,1,416.589,40,1,4,0.0
5722,122,2,5,3,40,52,0,313.667,41,1,4,0.0
5723,122,3,5,3,40,52,1,222.06500000000003,40,1,4,0.0
5724,122,4,5,3,40,52,1,100.323,46,0,4,0.0
5725,123,0,5,2,32,40,1,461.689,40,1,4,0.0
5726,123,1,5,2,32,40,1,245.534,37,1,4,0.0
5727,123,2,5,2,32,40,0,301.228,40,1,4,0.0
5728,123,3,5,2,32,40,0,374.932,28,1,4,0.0
5729,123,4,5,2,32,40,1,333.348,53,0,4,0.0
5730,124,0,10,2,60,68,1,415.888,53,1,4,0.0
5731,124,1,10,2,60,68,0,222.63,54,1,4,0.0
5732,124,2,10,2,60,68,1,153.39600000000002,66,1,4,0.0
5733,124,3,10,2,60,68,0,265.947,59,1,4,0.0
5734,124,4,10,2,60,68,1,523.799,47,0,4,0.0
5735,124,5,10,2,60,68,1,179.82999999999998,54,0,4,0.0
5736,124,6,10,2,60,68,0,82.856,61,0,4,0.0
5737,124,7,10,2,60,68,0,172.245,54,0,4,0.0
5738,124,8,10,2,60,68,0,106.496,63,0,4,0.0
5739,124,9,10,2,60,68,0,51.282,68,0,4,0.0
5740,125,0,10,2,40,70,1,428.642,71,1,4,0.0
5741,125,1,10,2,40,70,0,312.837,47,1,4,0.0
5742,125,2,10,2,40,70,1,226.248,59,1,4,0.0
5743,125,3,10,2,40,70,0,163.398,44,1,4,0.0
5744,125,4,10,2,40,70,1,126.236,57,0,4,0.0
5745,125,5,10,2,40,70,0,141.736,59,0,4,0.0
5746,125,6,10,2,40,70,1,300.831,63,0,4,0.0
5747,125,7,10,2,40,70,1,239.651,56,0,4,0.0
5748,125,8,10,2,40,70,0,130.047,47,0,4,0.0
5749,125,9,10,2,40,70,1,57.451,68,0,4,0.0
5750,126,0,5,2,60,40,0,371.315,62,1,4,0.0
5751,126,1,5,2,60,40,0,475.954,64,1,4,0.0
5752,126,2,5,2,60,40,1,254.662,44,1,4,0.0
5753,126,3,5,2,60,40,1,553.943,53,1,4,0.0
5754,126,4,5,2,60,40,0,258.319,57,0,4,0.0
5755,127,0,10,2,70,40,0,373.211,69,1,4,0.0
5756,127,1,10,2,70,40,1,215.07,49,1,4,0.0
5757,127,2,10,2,70,40,0,152.899,67,1,4,0.0
5758,127,3,10,2,70,40,1,161.244,26,1,4,0.0
5759,127,4,10,2,70,40,0,198.874,64,0,4,0.0
5760,127,5,10,2,70,40,0,221.927,63,0,4,0.0
5761,127,6,10,2,70,40,0,105.359,85,0,4,0.0
5762,127,7,10,2,70,40,0,106.098,77,0,4,0.0
5763,127,8,10,2,70,40,0,315.47,75,0,4,0.0
5764,127,9,10,2,70,40,0,170.56,70,0,4,0.0
5765,128,0,5,2,60,56,1,329.588,52,1,4,0.0
5766,128,1,5,2,60,56,0,215.751,45,1,4,0.0
5767,128,2,5,2,60,56,1,135.791,60,1,4,0.0
5768,128,3,5,2,60,56,0,254.371,60,1,4,0.0
5769,128,4,5,2,60,56,1,473.946,61,0,4,0.0
5770,129,0,10,1,10,40,0,372.339,8,1,4,0.0
5771,129,1,10,1,10,40,0,530.4440000000001,3,1,4,0.0
5772,129,2,10,1,10,40,1,428.704,42,1,4,0.0
5773,129,3,10,1,10,40,0,256.368,5,1,4,0.0
5774,129,4,10,1,10,40,1,269.17999999999995,47,0,4,0.0
5775,129,5,10,1,10,40,1,246.975,43,0,4,0.0
5776,129,6,10,1,10,40,1,74.474,52,0,4,0.0
5777,129,7,10,1,10,40,1,37.496,42,0,4,0.0
5778,129,8,10,1,10,40,1,0.393,44,0,4,0.0
5779,129,9,10,1,10,40,1,428.481,37,0,4,0.0
5780,130,0,10,2,64,60,0,462.192,50,1,4,0.0
5781,130,1,10,2,64,60,1,315.606,62,1,4,0.0
5782,130,2,10,2,64,60,0,189.22,78,1,4,0.0
5783,130,3,10,2,64,60,1,874.37,65,1,4,0.0
5784,130,4,10,2,64,60,0,317.639,68,0,4,0.0
5785,130,5,10,2,64,60,0,950.673,65,0,4,0.0
5786,130,6,10,2,64,60,0,157.882,70,0,4,0.0
5787,130,7,10,2,64,60,0,0.494,62,0,4,0.0
5788,130,8,10,2,64,60,0,505.9,62,0,4,0.0
5789,130,9,10,2,64,60,0,113.965,69,0,4,0.0
5790,131,0,5,2,40,48,1,353.369,48,1,4,0.0
5791,131,1,5,2,40,48,0,271.503,48,1,4,0.0
5792,131,2,5,2,40,48,1,219.332,48,1,4,0.0
5793,131,3,5,2,40,48,0,287.841,48,1,4,0.0
5794,131,4,5,2,40,48,1,242.845,40,0,4,0.0
5795,132,0,10,3,60,40,1,446.355,47,1,4,0.0
5796,132,1,10,3,60,40,0,329.924,49,1,4,0.0
5797,132,2,10,3,60,40,1,290.628,37,1,4,0.0
5798,132,3,10,3,60,40,1,508.892,36,1,4,0.0
5799,132,4,10,3,60,40,0,262.304,68,0,4,0.0
5800,132,5,10,3,60,40,0,121.184,62,0,4,0.0
5801,132,6,10,3,60,40,0,105.89,52,0,4,0.0
5802,132,7,10,3,60,40,0,83.012,53,0,4,0.0
5803,132,8,10,3,60,40,0,61.161,50,0,4,0.0
5804,132,9,10,3,60,40,0,38.796,62,0,4,0.0
5805,133,0,5,1,20,40,0,369.395,26,1,4,0.0
5806,133,1,5,1,20,40,0,425.047,22,1,4,0.0
5807,133,2,5,1,20,40,0,340.26,21,1,4,0.0
5808,133,3,5,1,20,40,1,294.41,47,1,4,0.0
5809,133,4,5,1,20,40,1,208.44,44,0,4,0.0
5810,134,0,5,2,44,40,0,318.418,41,1,4,0.0
5811,134,1,5,2,44,40,0,291.981,43,1,4,0.0
5812,134,2,5,2,44,40,1,234.28,32,1,4,0.0
5813,134,3,5,2,44,40,1,989.371,24,1,4,0.0
5814,134,4,5,2,44,40,0,1011.517,37,0,4,0.0
5815,135,0,5,2,40,20,0,272.843,35,1,4,0.0
5816,135,1,5,2,40,20,1,140.898,23,1,4,0.0
5817,135,2,5,2,40,20,1,468.566,21,1,4,0.0
5818,135,3,5,2,40,20,0,414.834,48,1,4,0.0
5819,135,4,5,2,40,20,0,204.991,35,0,4,0.0
5820,136,0,5,1,40,60,1,570.6320000000001,47,1,4,0.0
5821,136,1,5,1,40,60,0,342.482,47,1,4,0.0
5822,136,2,5,1,40,60,0,354.37600000000003,45,1,4,0.0
5823,136,3,5,1,40,60,0,496.495,42,1,4,0.0
5824,136,4,5,1,40,60,1,403.137,64,0,4,0.0
5825,137,0,5,1,32,40,1,632.7660000000001,48,1,4,0.0
5826,137,1,5,1,32,40,0,252.714,31,1,4,0.0
5827,137,2,5,1,32,40,0,418.597,24,1,4,0.0
5828,137,3,5,1,32,40,0,317.193,32,1,4,0.0
5829,137,4,5,1,32,40,1,1103.1519999999998,53,0,4,0.0
5830,138,0,10,2,60,80,0,567.272,63,1,4,0.0
5831,138,1,10,2,60,80,0,327.283,65,1,4,0.0
5832,138,2,10,2,60,80,1,485.464,84,1,4,0.0
5833,138,3,10,2,60,80,1,297.711,80,1,4,0.0
5834,138,4,10,2,60,80,1,531.4879999999999,82,0,4,0.0
5835,138,5,10,2,60,80,1,1108.513,73,0,4,0.0
5836,138,6,10,2,60,80,1,61.134,68,0,4,0.0
5837,138,7,10,2,60,80,1,15.575,63,0,4,0.0
5838,138,8,10,2,60,80,1,28.243,85,0,4,0.0
5839,138,9,10,2,60,80,1,112.764,65,0,4,0.0
5840,139,0,5,3,40,10,1,511.94,20,1,4,0.0
5841,139,1,5,3,40,10,0,317.11499999999995,44,1,4,0.0
5842,139,2,5,3,40,10,1,299.582,1,1,4,0.0
5843,139,3,5,3,40,10,1,381.058,6,1,4,0.0
5844,139,4,5,3,40,10,0,835.272,37,0,4,0.0
5845,140,0,5,2,20,40,0,504.429,29,1,4,0.0
5846,140,1,5,2,20,40,0,348.83,10,1,4,0.0
5847,140,2,5,2,20,40,1,281.831,53,1,4,0.0
5848,140,3,5,2,20,40,1,363.168,39,1,4,0.0
5849,140,4,5,2,20,40,1,953.75,30,0,4,0.0
5850,141,0,10,1,60,52,0,466.7,48,1,4,0.0
5851,141,1,10,1,60,52,0,460.351,53,1,4,0.0
5852,141,2,10,1,60,52,0,256.74,65,1,4,0.0
5853,141,3,10,1,60,52,1,251.414,66,1,4,0.0
5854,141,4,10,1,60,52,0,391.2070000000001,62,0,4,0.0
5855,141,5,10,1,60,52,0,259.602,66,0,4,0.0
5856,141,6,10,1,60,52,0,310.927,55,0,4,0.0
5857,141,7,10,1,60,52,0,183.452,66,0,4,0.0
5858,141,8,10,1,60,52,0,108.26,59,0,4,0.0
5859,141,9,10,1,60,52,0,0.574,58,0,4,0.0
5860,142,0,10,1,40,70,0,441.586,40,1,4,0.0
5861,142,1,10,1,40,70,1,262.00800000000004,70,1,4,0.0
5862,142,2,10,1,40,70,0,335.012,38,1,4,0.0
5863,142,3,10,1,40,70,0,329.021,33,1,4,0.0
5864,142,4,10,1,40,70,1,313.01800000000003,72,0,4,0.0
5865,142,5,10,1,40,70,1,195.249,74,0,4,0.0
5866,142,6,10,1,40,70,0,200.02,38,0,4,0.0
5867,142,7,10,1,40,70,1,14.105,54,0,4,0.0
5868,142,8,10,1,40,70,1,10.625,62,0,4,0.0
5869,142,9,10,1,40,70,1,229.991,65,0,4,0.0
5870,143,0,5,2,52,60,1,449.282,63,1,4,0.0
5871,143,1,5,2,52,60,0,246.37,56,1,4,0.0
5872,143,2,5,2,52,60,1,290.691,55,1,4,0.0
5873,143,3,5,2,52,60,0,174.358,61,1,4,0.0
5874,143,4,5,2,52,60,0,203.523,54,0,4,0.0
5875,144,0,10,2,60,90,1,400.967,92,1,4,0.0
5876,144,1,10,2,60,90,1,446.781,93,1,4,0.0
5877,144,2,10,2,60,90,0,400.11,64,1,4,0.0
5878,144,3,10,2,60,90,0,386.446,53,1,4,0.0
5879,144,4,10,2,60,90,1,279.577,86,0,4,0.0
5880,144,5,10,2,60,90,1,193.562,95,0,4,0.0
5881,144,6,10,2,60,90,1,96.683,99,0,4,0.0
5882,144,7,10,2,60,90,1,137.701,90,0,4,0.0
5883,144,8,10,2,60,90,1,79.613,71,0,4,0.0
5884,144,9,10,2,60,90,1,112.32,88,0,4,0.0
5885,145,0,10,2,10,40,0,473.146,15,1,4,0.0
5886,145,1,10,2,10,40,1,244.808,35,1,4,0.0
5887,145,2,10,2,10,40,0,239.788,18,1,4,0.0
5888,145,3,10,2,10,40,1,221.284,50,1,4,0.0
5889,145,4,10,2,10,40,0,207.976,19,0,4,0.0
5890,145,5,10,2,10,40,1,181.375,39,0,4,0.0
5891,145,6,10,2,10,40,1,155.839,42,0,4,0.0
5892,145,7,10,2,10,40,1,10.979,36,0,4,0.0
5893,145,8,10,2,10,40,1,0.376,29,0,4,0.0
5894,145,9,10,2,10,40,1,0.507,23,0,4,0.0
5895,146,0,5,2,52,40,0,305.606,48,1,4,0.0
5896,146,1,5,2,52,40,0,368.184,57,1,4,0.0
5897,146,2,5,2,52,40,1,579.661,34,1,4,0.0
5898,146,3,5,2,52,40,1,422.046,30,1,4,0.0
5899,146,4,5,2,52,40,0,761.741,48,0,4,0.0
5900,147,0,5,1,28,40,0,442.032,10,1,4,0.0
5901,147,1,5,1,28,40,0,855.031,30,1,4,0.0
5902,147,2,5,1,28,40,1,322.061,55,1,4,0.0
5903,147,3,5,1,28,40,0,283.833,34,1,4,0.0
5904,147,4,5,1,28,40,1,196.964,37,0,4,0.0
5905,148,0,10,1,40,44,1,370.628,52,1,4,0.0
5906,148,1,10,1,40,44,0,242.452,54,1,4,0.0
5907,148,2,10,1,40,44,0,558.904,48,1,4,0.0
5908,148,3,10,1,40,44,0,421.385,44,1,4,0.0
5909,148,4,10,1,40,44,1,289.559,44,0,4,0.0
5910,148,5,10,1,40,44,1,484.419,34,0,4,0.0
5911,148,6,10,1,40,44,0,246.232,38,0,4,0.0
5912,148,7,10,1,40,44,1,97.484,32,0,4,0.0
5913,148,8,10,1,40,44,0,298.42600000000004,54,0,4,0.0
5914,148,9,10,1,40,44,0,90.06,59,0,4,0.0
5915,149,0,5,2,60,72,1,428.903,79,1,4,0.0
5916,149,1,5,2,60,72,0,380.034,52,1,4,0.0
5917,149,2,5,2,60,72,1,256.13000000000005,65,1,4,0.0
5918,149,3,5,2,60,72,0,234.294,55,1,4,0.0
5919,149,4,5,2,60,72,1,191.846,80,0,4,0.0
5920,150,0,5,3,40,60,1,430.07,70,1,4,0.0
5921,150,1,5,3,40,60,1,528.7579999999999,57,1,4,0.0
5922,150,2,5,3,40,60,1,519.689,66,1,4,0.0
5923,150,3,5,3,40,60,0,346.253,41,1,4,0.0
5924,150,4,5,3,40,60,1,426.609,58,0,4,0.0
5925,151,0,10,2,56,60,0,367.096,58,1,4,0.0
5926,151,1,10,2,56,60,1,212.144,53,1,4,0.0
5927,151,2,10,2,56,60,1,834.6139999999999,75,1,4,0.0
5928,151,3,10,2,56,60,0,334.75500000000005,51,1,4,0.0
5929,151,4,10,2,56,60,1,246.916,48,0,4,0.0
5930,151,5,10,2,56,60,0,220.914,55,0,4,0.0
5931,151,6,10,2,56,60,1,63.92399999999999,54,0,4,0.0
5932,151,7,10,2,56,60,1,50.263000000000005,55,0,4,0.0
5933,151,8,10,2,56,60,1,12.018,55,0,4,0.0
5934,151,9,10,2,56,60,1,47.795,67,0,4,0.0
5935,152,0,5,3,80,60,1,455.666,75,1,4,0.0
5936,152,1,5,3,80,60,0,281.342,65,1,4,0.0
5937,152,2,5,3,80,60,1,241.407,70,1,4,0.0
5938,152,3,5,3,80,60,1,524.98,46,1,4,0.0
5939,152,4,5,3,80,60,0,588.9830000000001,65,0,4,0.0
5940,153,0,10,3,48,60,0,357.044,57,1,4,0.0
5941,153,1,10,3,48,60,1,187.914,74,1,4,0.0
5942,153,2,10,3,48,60,1,601.315,80,1,4,0.0
5943,153,3,10,3,48,60,1,391.182,54,1,4,0.0
5944,153,4,10,3,48,60,0,267.601,44,0,4,0.0
5945,153,5,10,3,48,60,1,191.025,64,0,4,0.0
5946,153,6,10,3,48,60,1,155.90300000000002,54,0,4,0.0
5947,153,7,10,3,48,60,1,98.224,59,0,4,0.0
5948,153,8,10,3,48,60,1,0.467,59,0,4,0.0
5949,153,9,10,3,48,60,1,95.181,63,0,4,0.0
5950,154,0,10,2,36,40,0,577.763,38,1,4,0.0
5951,154,1,10,2,36,40,0,391.796,33,1,4,0.0
5952,154,2,10,2,36,40,1,295.618,34,1,4,0.0
5953,154,3,10,2,36,40,1,271.994,48,1,4,0.0
5954,154,4,10,2,36,40,1,450.71,44,0,4,0.0
5955,154,5,10,2,36,40,0,110.561,59,0,4,0.0
5956,154,6,10,2,36,40,0,375.498,36,0,4,0.0
5957,154,7,10,2,36,40,1,211.866,39,0,4,0.0
5958,154,8,10,2,36,40,0,40.316,34,0,4,0.0
5959,154,9,10,2,36,40,1,267.0,40,0,4,0.0
5960,155,0,5,1,60,72,1,438.992,74,1,4,0.0
5961,155,1,5,1,60,72,0,297.89,65,1,4,0.0
5962,155,2,5,1,60,72,0,341.57300000000004,53,1,4,0.0
5963,155,3,5,1,60,72,0,677.3209999999999,56,1,4,0.0
5964,155,4,5,1,60,72,1,151.891,58,0,4,0.0
5965,156,0,10,1,60,72,0,367.152,72,1,4,0.0
5966,156,1,10,1,60,72,0,455.13,56,1,4,0.0
5967,156,2,10,1,60,72,0,562.755,51,1,4,0.0
5968,156,3,10,1,60,72,1,450.031,79,1,4,0.0
5969,156,4,10,1,60,72,1,132.70399999999998,80,0,4,0.0
5970,156,5,10,1,60,72,1,117.378,82,0,4,0.0
5971,156,6,10,1,60,72,1,796.298,65,0,4,0.0
5972,156,7,10,1,60,72,1,532.609,68,0,4,0.0
5973,156,8,10,1,60,72,1,114.231,61,0,4,0.0
5974,156,9,10,1,60,72,1,17.91,56,0,4,0.0
5975,157,0,10,2,10,40,0,335.318,1,1,4,0.0
5976,157,1,10,2,10,40,1,414.216,41,1,4,0.0
5977,157,2,10,2,10,40,0,164.30800000000002,7,1,4,0.0
5978,157,3,10,2,10,40,1,74.384,32,1,4,0.0
5979,157,4,10,2,10,40,0,212.903,3,0,4,0.0
5980,157,5,10,2,10,40,1,162.245,22,0,4,0.0
5981,157,6,10,2,10,40,1,0.491,54,0,4,0.0
5982,157,7,10,2,10,40,1,228.547,34,0,4,0.0
5983,157,8,10,2,10,40,1,0.471,43,0,4,0.0
5984,157,9,10,2,10,40,1,0.5339999999999999,27,0,4,0.0
5985,158,0,10,2,40,52,0,385.141,48,1,4,0.0
5986,158,1,10,2,40,52,1,196.841,54,1,4,0.0
5987,158,2,10,2,40,52,0,598.231,44,1,4,0.0
5988,158,3,10,2,40,52,1,187.677,51,1,4,0.0
5989,158,4,10,2,40,52,1,410.787,59,0,4,0.0
5990,158,5,10,2,40,52,1,87.26,38,0,4,0.0
5991,158,6,10,2,40,52,0,465.314,39,0,4,0.0
5992,158,7,10,2,40,52,1,4.305,43,0,4,0.0
5993,158,8,10,2,40,52,1,169.323,43,0,4,0.0
5994,158,9,10,2,40,52,1,110.747,71,0,4,0.0
5995,159,0,5,3,44,40,0,382.481,39,1,4,0.0
5996,159,1,5,3,44,40,1,132.95299999999995,50,1,4,0.0
5997,159,2,5,3,44,40,1,497.381,45,1,4,0.0
5998,159,3,5,3,44,40,1,170.405,40,1,4,0.0
5999,159,4,5,3,44,40,0,300.02,42,0,4,0.0
6000,0,0,5,1,60,80,0,7141.05,43,1,5,0.0
6001,0,1,5,1,60,80,0,819.436,48,1,5,0.0
6002,0,2,5,1,60,80,1,608.491,91,1,5,0.0
6003,0,3,5,1,60,80,0,626.342,56,1,5,0.0
6004,0,4,5,1,60,80,1,486.92800000000005,76,0,5,0.0
6005,1,0,5,3,48,60,0,1016.705,52,1,5,0.0
6006,1,1,5,3,48,60,1,429.1,56,1,5,0.0
6007,1,2,5,3,48,60,1,512.323,59,1,5,0.0
6008,1,3,5,3,48,60,1,503.115,56,1,5,0.0
6009,1,4,5,3,48,60,0,1584.6260000000002,41,0,5,0.0
6010,2,0,10,3,32,40,1,774.165,44,1,5,0.0
6011,2,1,10,3,32,40,1,742.1410000000001,43,1,5,0.0
6012,2,2,10,3,32,40,1,556.352,37,1,5,0.0
6013,2,3,10,3,32,40,0,546.059,23,1,5,0.0
6014,2,4,10,3,32,40,1,1817.717,46,0,5,0.0
6015,2,5,10,3,32,40,1,706.5219999999999,38,0,5,0.0
6016,2,6,10,3,32,40,1,1714.6509999999998,33,0,5,0.0
6017,2,7,10,3,32,40,0,554.1089999999999,20,0,5,0.0
6018,2,8,10,3,32,40,1,417.562,53,0,5,0.0
6019,2,9,10,3,32,40,1,283.396,44,0,5,0.0
6020,3,0,10,2,40,48,0,1100.982,44,1,5,0.0
6021,3,1,10,2,40,48,1,415.395,44,1,5,0.0
6022,3,2,10,2,40,48,0,418.219,63,1,5,0.0
6023,3,3,10,2,40,48,1,366.099,44,1,5,0.0
6024,3,4,10,2,40,48,0,498.019,37,0,5,0.0
6025,3,5,10,2,40,48,1,979.007,58,0,5,0.0
6026,3,6,10,2,40,48,1,1384.219,47,0,5,0.0
6027,3,7,10,2,40,48,0,413.276,53,0,5,0.0
6028,3,8,10,2,40,48,0,3353.679,34,0,5,0.0
6029,3,9,10,2,40,48,1,318.083,51,0,5,0.0
6030,4,0,5,1,70,40,0,783.236,67,1,5,0.0
6031,4,1,5,1,70,40,1,907.477,30,1,5,0.0
6032,4,2,5,1,70,40,0,388.062,79,1,5,0.0
6033,4,3,5,1,70,40,0,819.71,62,1,5,0.0
6034,4,4,5,1,70,40,0,804.984,72,0,5,0.0
6035,5,0,5,2,40,70,1,707.017,61,1,5,0.0
6036,5,1,5,2,40,70,0,548.709,32,1,5,0.0
6037,5,2,5,2,40,70,1,363.275,70,1,5,0.0
6038,5,3,5,2,40,70,0,450.971,35,1,5,0.0
6039,5,4,5,2,40,70,1,460.248,78,0,5,0.0
6040,6,0,10,2,40,70,1,665.336,80,1,5,0.0
6041,6,1,10,2,40,70,0,375.85,47,1,5,0.0
6042,6,2,10,2,40,70,1,332.86,77,1,5,0.0
6043,6,3,10,2,40,70,0,268.091,42,1,5,0.0
6044,6,4,10,2,40,70,1,254.403,73,0,5,0.0
6045,6,5,10,2,40,70,1,1728.6619999999998,73,0,5,0.0
6046,6,6,10,2,40,70,1,296.938,69,0,5,0.0
6047,6,7,10,2,40,70,1,256.53900000000004,58,0,5,0.0
6048,6,8,10,2,40,70,1,401.441,66,0,5,0.0
6049,6,9,10,2,40,70,1,292.78,83,0,5,0.0
6050,7,0,5,3,60,30,1,708.326,28,1,5,0.0
6051,7,1,5,3,60,30,1,398.339,33,1,5,0.0
6052,7,2,5,3,60,30,1,326.415,16,1,5,0.0
6053,7,3,5,3,60,30,0,507.597,56,1,5,0.0
6054,7,4,5,3,60,30,0,613.643,61,0,5,0.0
6055,8,0,10,2,64,60,1,652.237,53,1,5,0.0
6056,8,1,10,2,64,60,0,277.549,72,1,5,0.0
6057,8,2,10,2,64,60,0,877.538,56,1,5,0.0
6058,8,3,10,2,64,60,1,392.48,62,1,5,0.0
6059,8,4,10,2,64,60,0,1805.282,62,0,5,0.0
6060,8,5,10,2,64,60,0,921.729,65,0,5,0.0
6061,8,6,10,2,64,60,0,425.744,58,0,5,0.0
6062,8,7,10,2,64,60,1,381.273,64,0,5,0.0
6063,8,8,10,2,64,60,1,393.404,62,0,5,0.0
6064,8,9,10,2,64,60,1,415.38000000000005,68,0,5,0.0
6065,9,0,5,2,40,70,0,700.564,43,1,5,0.0
6066,9,1,5,2,40,70,1,289.562,69,1,5,0.0
6067,9,2,5,2,40,70,1,445.23,73,1,5,0.0
6068,9,3,5,2,40,70,0,326.978,39,1,5,0.0
6069,9,4,5,2,40,70,1,864.3729999999999,68,0,5,0.0
6070,10,0,10,2,60,40,1,601.876,35,1,5,0.0
6071,10,1,10,2,60,40,1,399.372,29,1,5,0.0
6072,10,2,10,2,60,40,0,364.779,50,1,5,0.0
6073,10,3,10,2,60,40,0,345.415,59,1,5,0.0
6074,10,4,10,2,60,40,0,312.874,72,0,5,0.0
6075,10,5,10,2,60,40,0,1146.49,62,0,5,0.0
6076,10,6,10,2,60,40,0,455.953,59,0,5,0.0
6077,10,7,10,2,60,40,0,730.271,56,0,5,0.0
6078,10,8,10,2,60,40,0,311.723,63,0,5,0.0
6079,10,9,10,2,60,40,0,342.655,64,0,5,0.0
6080,11,0,5,2,60,40,0,509.8,63,1,5,0.0
6081,11,1,5,2,60,40,0,359.678,68,1,5,0.0
6082,11,2,5,2,60,40,1,621.8249999999999,35,1,5,0.0
6083,11,3,5,2,60,40,1,970.359,41,1,5,0.0
6084,11,4,5,2,60,40,0,358.85299999999995,54,0,5,0.0
6085,12,0,5,2,60,56,1,639.072,54,1,5,0.0
6086,12,1,5,2,60,56,1,395.391,55,1,5,0.0
6087,12,2,5,2,60,56,0,375.841,67,1,5,0.0
6088,12,3,5,2,60,56,0,557.461,59,1,5,0.0
6089,12,4,5,2,60,56,1,1083.724,52,0,5,0.0
6090,13,0,5,3,28,40,1,605.4079999999999,46,1,5,0.0
6091,13,1,5,3,28,40,0,355.779,19,1,5,0.0
6092,13,2,5,3,28,40,1,378.797,46,1,5,0.0
6093,13,3,5,3,28,40,1,367.537,48,1,5,0.0
6094,13,4,5,3,28,40,1,439.083,41,0,5,0.0
6095,14,0,5,3,52,40,1,548.43,40,1,5,0.0
6096,14,1,5,3,52,40,0,377.1590000000001,50,1,5,0.0
6097,14,2,5,3,52,40,1,1102.159,35,1,5,0.0
6098,14,3,5,3,52,40,1,359.505,35,1,5,0.0
6099,14,4,5,3,52,40,0,327.868,48,0,5,0.0
6100,15,0,5,3,10,40,1,574.4240000000001,38,1,5,0.0
6101,15,1,5,3,10,40,1,406.493,23,1,5,0.0
6102,15,2,5,3,10,40,0,465.902,14,1,5,0.0
6103,15,3,5,3,10,40,1,474.95,25,1,5,0.0
6104,15,4,5,3,10,40,1,581.3009999999999,41,0,5,0.0
6105,16,0,10,1,60,52,0,706.896,55,1,5,0.0
6106,16,1,10,1,60,52,1,372.813,49,1,5,0.0
6107,16,2,10,1,60,52,0,688.086,61,1,5,0.0
6108,16,3,10,1,60,52,0,393.888,63,1,5,0.0
6109,16,4,10,1,60,52,0,1230.127,53,0,5,0.0
6110,16,5,10,1,60,52,0,553.8199999999999,64,0,5,0.0
6111,16,6,10,1,60,52,0,415.9860000000001,54,0,5,0.0
6112,16,7,10,1,60,52,1,747.5540000000001,49,0,5,0.0
6113,16,8,10,1,60,52,0,353.749,65,0,5,0.0
6114,16,9,10,1,60,52,0,359.332,46,0,5,0.0
6115,17,0,5,1,40,28,0,685.429,25,1,5,0.0
6116,17,1,5,1,40,28,0,415.146,30,1,5,0.0
6117,17,2,5,1,40,28,1,435.5820000000001,28,1,5,0.0
6118,17,3,5,1,40,28,0,718.1070000000001,41,1,5,0.0
6119,17,4,5,1,40,28,0,758.811,36,0,5,0.0
6120,18,0,10,3,56,60,1,559.2,61,1,5,0.0
6121,18,1,10,3,56,60,1,396.064,66,1,5,0.0
6122,18,2,10,3,56,60,0,386.946,68,1,5,0.0
6123,18,3,10,3,56,60,1,503.50700000000006,64,1,5,0.0
6124,18,4,10,3,56,60,0,631.226,54,0,5,0.0
6125,18,5,10,3,56,60,1,2178.117,62,0,5,0.0
6126,18,6,10,3,56,60,1,456.734,55,0,5,0.0
6127,18,7,10,3,56,60,0,273.40700000000004,65,0,5,0.0
6128,18,8,10,3,56,60,0,331.243,55,0,5,0.0
6129,18,9,10,3,56,60,1,353.874,54,0,5,0.0
6130,19,0,5,3,72,60,1,543.806,38,1,5,0.0
6131,19,1,5,3,72,60,1,454.242,66,1,5,0.0
6132,19,2,5,3,72,60,1,314.206,68,1,5,0.0
6133,19,3,5,3,72,60,0,491.696,66,1,5,0.0
6134,19,4,5,3,72,60,0,2132.963,77,0,5,0.0
6135,20,0,10,2,40,60,0,556.851,46,1,5,0.0
6136,20,1,10,2,40,60,1,322.951,50,1,5,0.0
6137,20,2,10,2,40,60,0,404.735,40,1,5,0.0
6138,20,3,10,2,40,60,1,296.63,54,1,5,0.0
6139,20,4,10,2,40,60,0,344.734,35,0,5,0.0
6140,20,5,10,2,40,60,1,895.5490000000001,64,0,5,0.0
6141,20,6,10,2,40,60,1,303.183,62,0,5,0.0
6142,20,7,10,2,40,60,1,272.202,62,0,5,0.0
6143,20,8,10,2,40,60,1,256.934,58,0,5,0.0
6144,20,9,10,2,40,60,1,1051.011,79,0,5,0.0
6145,21,0,5,1,60,40,0,1069.171,59,1,5,0.0
6146,21,1,5,1,60,40,0,414.777,63,1,5,0.0
6147,21,2,5,1,60,40,1,499.915,40,1,5,0.0
6148,21,3,5,1,60,40,0,517.323,64,1,5,0.0
6149,21,4,5,1,60,40,0,1039.438,68,0,5,0.0
6150,22,0,10,1,40,10,1,467.2,21,1,5,0.0
6151,22,1,10,1,40,10,0,325.879,40,1,5,0.0
6152,22,2,10,1,40,10,0,423.279,42,1,5,0.0
6153,22,3,10,1,40,10,0,377.713,54,1,5,0.0
6154,22,4,10,1,40,10,0,2030.741,30,0,5,0.0
6155,22,5,10,1,40,10,1,810.0730000000001,12,0,5,0.0
6156,22,6,10,1,40,10,0,325.397,36,0,5,0.0
6157,22,7,10,1,40,10,0,348.213,42,0,5,0.0
6158,22,8,10,1,40,10,0,266.75,34,0,5,0.0
6159,22,9,10,1,40,10,0,262.39,46,0,5,0.0
6160,23,0,10,2,36,40,0,588.219,31,1,5,0.0
6161,23,1,10,2,36,40,1,410.672,46,1,5,0.0
6162,23,2,10,2,36,40,1,488.251,18,1,5,0.0
6163,23,3,10,2,36,40,0,447.014,56,1,5,0.0
6164,23,4,10,2,36,40,0,1347.866,25,0,5,0.0
6165,23,5,10,2,36,40,1,1704.596,35,0,5,0.0
6166,23,6,10,2,36,40,0,841.584,29,0,5,0.0
6167,23,7,10,2,36,40,1,1154.992,51,0,5,0.0
6168,23,8,10,2,36,40,1,1793.722,33,0,5,0.0
6169,23,9,10,2,36,40,0,350.31600000000003,34,0,5,0.0
6170,24,0,10,2,52,40,1,568.952,25,1,5,0.0
6171,24,1,10,2,52,40,0,339.118,57,1,5,0.0
6172,24,2,10,2,52,40,0,395.195,54,1,5,0.0
6173,24,3,10,2,52,40,1,383.72,34,1,5,0.0
6174,24,4,10,2,52,40,0,375.113,56,0,5,0.0
6175,24,5,10,2,52,40,0,980.342,40,0,5,0.0
6176,24,6,10,2,52,40,0,338.475,51,0,5,0.0
6177,24,7,10,2,52,40,0,1239.974,49,0,5,0.0
6178,24,8,10,2,52,40,0,434.529,51,0,5,0.0
6179,24,9,10,2,52,40,1,677.348,40,0,5,0.0
6180,25,0,10,2,68,60,0,630.6500000000001,68,1,5,0.0
6181,25,1,10,2,68,60,1,336.039,59,1,5,0.0
6182,25,2,10,2,68,60,1,482.908,49,1,5,0.0
6183,25,3,10,2,68,60,0,444.418,73,1,5,0.0
6184,25,4,10,2,68,60,0,576.577,64,0,5,0.0
6185,25,5,10,2,68,60,0,262.43,54,0,5,0.0
6186,25,6,10,2,68,60,0,175.43200000000002,59,0,5,0.0
6187,25,7,10,2,68,60,0,67.607,69,0,5,0.0
6188,25,8,10,2,68,60,0,254.721,64,0,5,0.0
6189,25,9,10,2,68,60,0,240.69,69,0,5,0.0
6190,26,0,5,1,60,52,0,475.264,67,1,5,0.0
6191,26,1,5,1,60,52,0,443.611,58,1,5,0.0
6192,26,2,5,1,60,52,0,453.26,73,1,5,0.0
6193,26,3,5,1,60,52,1,512.7159999999999,52,1,5,0.0
6194,26,4,5,1,60,52,0,873.831,63,0,5,0.0
6195,27,0,5,2,32,40,0,523.711,49,1,5,0.0
6196,27,1,5,2,32,40,1,483.395,36,1,5,0.0
6197,27,2,5,2,32,40,0,426.68,31,1,5,0.0
6198,27,3,5,2,32,40,1,350.369,35,1,5,0.0
6199,27,4,5,2,32,40,1,1310.283,47,0,5,0.0
6200,28,0,10,3,90,60,1,550.601,53,1,5,0.0
6201,28,1,10,3,90,60,0,308.977,90,1,5,0.0
6202,28,2,10,3,90,60,1,381.282,74,1,5,0.0
6203,28,3,10,3,90,60,1,508.0820000000001,70,1,5,0.0
6204,28,4,10,3,90,60,0,1388.464,99,0,5,0.0
6205,28,5,10,3,90,60,0,434.09,88,0,5,0.0
6206,28,6,10,3,90,60,0,500.0830000000001,97,0,5,0.0
6207,28,7,10,3,90,60,0,411.817,95,0,5,0.0
6208,28,8,10,3,90,60,0,383.353,90,0,5,0.0
6209,28,9,10,3,90,60,0,331.14500000000004,93,0,5,0.0
6210,29,0,5,1,44,40,1,635.337,39,1,5,0.0
6211,29,1,5,1,44,40,0,558.195,58,1,5,0.0
6212,29,2,5,1,44,40,0,740.1990000000001,45,1,5,0.0
6213,29,3,5,1,44,40,0,533.9939999999999,39,1,5,0.0
6214,29,4,5,1,44,40,1,892.6469999999999,32,0,5,0.0
6215,30,0,5,2,40,10,1,528.599,6,1,5,0.0
6216,30,1,5,2,40,10,1,378.888,24,1,5,0.0
6217,30,2,5,2,40,10,0,531.2909999999999,38,1,5,0.0
6218,30,3,5,2,40,10,0,465.81,53,1,5,0.0
6219,30,4,5,2,40,10,0,1614.106,47,0,5,0.0
6220,31,0,10,2,40,20,1,484.373,30,1,5,0.0
6221,31,1,10,2,40,20,0,434.488,36,1,5,0.0
6222,31,2,10,2,40,20,1,248.679,12,1,5,0.0
6223,31,3,10,2,40,20,0,238.904,39,1,5,0.0
6224,31,4,10,2,40,20,0,1539.024,39,0,5,0.0
6225,31,5,10,2,40,20,0,434.444,20,0,5,0.0
6226,31,6,10,2,40,20,1,365.957,27,0,5,0.0
6227,31,7,10,2,40,20,0,2131.445,27,0,5,0.0
6228,31,8,10,2,40,20,0,771.044,30,0,5,0.0
6229,31,9,10,2,40,20,0,294.858,44,0,5,0.0
6230,32,0,5,2,60,90,0,512.2860000000001,54,1,5,0.0
6231,32,1,5,2,60,90,0,441.869,58,1,5,0.0
6232,32,2,5,2,60,90,1,869.268,91,1,5,0.0
6233,32,3,5,2,60,90,1,462.791,83,1,5,0.0
6234,32,4,5,2,60,90,1,297.51800000000003,98,0,5,0.0
6235,33,0,5,2,60,30,1,811.501,40,1,5,0.0
6236,33,1,5,2,60,30,1,463.638,38,1,5,0.0
6237,33,2,5,2,60,30,0,882.542,62,1,5,0.0
6238,33,3,5,2,60,30,0,3221.6490000000003,62,1,5,0.0
6239,33,4,5,2,60,30,0,282.372,66,0,5,0.0
6240,34,0,5,2,80,60,1,508.342,61,1,5,0.0
6241,34,1,5,2,80,60,0,363.845,82,1,5,0.0
6242,34,2,5,2,80,60,1,595.398,48,1,5,0.0
6243,34,3,5,2,80,60,0,759.116,92,1,5,0.0
6244,34,4,5,2,80,60,0,286.105,61,0,5,0.0
6245,35,0,5,2,64,60,1,469.749,45,1,5,0.0
6246,35,1,5,2,64,60,0,400.722,76,1,5,0.0
6247,35,2,5,2,64,60,0,407.916,59,1,5,0.0
6248,35,3,5,2,64,60,1,1674.958,72,1,5,0.0
6249,35,4,5,2,64,60,0,2083.666,64,0,5,0.0
6250,36,0,5,2,60,52,0,542.132,57,1,5,0.0
6251,36,1,5,2,60,52,0,363.497,49,1,5,0.0
6252,36,2,5,2,60,52,1,363.434,63,1,5,0.0
6253,36,3,5,2,60,52,1,360.154,55,1,5,0.0
6254,36,4,5,2,60,52,1,502.734,57,0,5,0.0
6255,37,0,5,1,60,72,0,454.599,72,1,5,0.0
6256,37,1,5,1,60,72,1,425.905,64,1,5,0.0
6257,37,2,5,1,60,72,0,381.8250000000001,72,1,5,0.0
6258,37,3,5,1,60,72,0,654.2470000000001,67,1,5,0.0
6259,37,4,5,1,60,72,0,1340.308,57,0,5,0.0
6260,38,0,10,2,40,10,1,579.134,8,1,5,0.0
6261,38,1,10,2,40,10,0,354.41,45,1,5,0.0
6262,38,2,10,2,40,10,1,335.596,18,1,5,0.0
6263,38,3,10,2,40,10,0,320.432,44,1,5,0.0
6264,38,4,10,2,40,10,1,551.282,19,0,5,0.0
6265,38,5,10,2,40,10,0,975.796,50,0,5,0.0
6266,38,6,10,2,40,10,0,252.654,51,0,5,0.0
6267,38,7,10,2,40,10,0,206.407,33,0,5,0.0
6268,38,8,10,2,40,10,0,121.932,41,0,5,0.0
6269,38,9,10,2,40,10,0,128.748,40,0,5,0.0
6270,39,0,5,2,36,40,0,455.721,38,1,5,0.0
6271,39,1,5,2,36,40,1,538.292,47,1,5,0.0
6272,39,2,5,2,36,40,0,674.123,21,1,5,0.0
6273,39,3,5,2,36,40,1,371.456,41,1,5,0.0
6274,39,4,5,2,36,40,1,275.578,53,0,5,0.0
6275,40,0,5,1,40,36,0,564.9960000000001,38,1,5,0.0
6276,40,1,5,1,40,36,0,395.25,47,1,5,0.0
6277,40,2,5,1,40,36,1,2048.735,33,1,5,0.0
6278,40,3,5,1,40,36,0,581.136,37,1,5,0.0
6279,40,4,5,1,40,36,0,864.6930000000001,28,0,5,0.0
6280,41,0,10,1,40,36,0,477.727,30,1,5,0.0
6281,41,1,10,1,40,36,0,413.566,37,1,5,0.0
6282,41,2,10,1,40,36,1,562.064,29,1,5,0.0
6283,41,3,10,1,40,36,0,376.254,49,1,5,0.0
6284,41,4,10,1,40,36,0,1228.202,36,0,5,0.0
6285,41,5,10,1,40,36,0,337.10400000000004,47,0,5,0.0
6286,41,6,10,1,40,36,0,120.697,38,0,5,0.0
6287,41,7,10,1,40,36,0,198.788,37,0,5,0.0
6288,41,8,10,1,40,36,0,20.279,32,0,5,0.0
6289,41,9,10,1,40,36,0,0.652,32,0,5,0.0
6290,42,0,10,2,40,52,1,570.0150000000001,58,1,5,0.0
6291,42,1,10,2,40,52,0,392.121,47,1,5,0.0
6292,42,2,10,2,40,52,0,824.279,24,1,5,0.0
6293,42,3,10,2,40,52,1,329.95000000000005,48,1,5,0.0
6294,42,4,10,2,40,52,1,401.773,65,0,5,0.0
6295,42,5,10,2,40,52,1,278.827,57,0,5,0.0
6296,42,6,10,2,40,52,1,207.804,70,0,5,0.0
6297,42,7,10,2,40,52,1,219.848,64,0,5,0.0
6298,42,8,10,2,40,52,1,207.361,59,0,5,0.0
6299,42,9,10,2,40,52,1,217.53,51,0,5,0.0
6300,43,0,5,1,60,30,0,595.5160000000001,51,1,5,0.0
6301,43,1,5,1,60,30,1,281.638,27,1,5,0.0
6302,43,2,5,1,60,30,0,340.673,64,1,5,0.0
6303,43,3,5,1,60,30,0,6920.879,64,1,5,0.0
6304,43,4,5,1,60,30,0,619.336,59,0,5,0.0
6305,44,0,5,2,60,64,1,440.982,63,1,5,0.0
6306,44,1,5,2,60,64,1,675.926,60,1,5,0.0
6307,44,2,5,2,60,64,0,387.124,49,1,5,0.0
6308,44,3,5,2,60,64,0,722.963,52,1,5,0.0
6309,44,4,5,2,60,64,1,419.021,70,0,5,0.0
6310,45,0,5,1,40,52,1,462.469,64,1,5,0.0
6311,45,1,5,1,40,52,0,297.91200000000003,38,1,5,0.0
6312,45,2,5,1,40,52,0,499.992,40,1,5,0.0
6313,45,3,5,1,40,52,0,545.8199999999999,38,1,5,0.0
6314,45,4,5,1,40,52,1,771.476,72,0,5,0.0
6315,46,0,5,2,48,40,0,568.353,40,1,5,0.0
6316,46,1,5,2,48,40,1,278.019,39,1,5,0.0
6317,46,2,5,2,48,40,0,305.33900000000006,65,1,5,0.0
6318,46,3,5,2,48,40,1,312.505,35,1,5,0.0
6319,46,4,5,2,48,40,0,1007.219,43,0,5,0.0
6320,47,0,10,2,60,30,1,454.666,31,1,5,0.0
6321,47,1,10,2,60,30,0,286.096,67,1,5,0.0
6322,47,2,10,2,60,30,0,422.434,65,1,5,0.0
6323,47,3,10,2,60,30,1,354.114,30,1,5,0.0
6324,47,4,10,2,60,30,0,963.423,62,0,5,0.0
6325,47,5,10,2,60,30,0,299.577,63,0,5,0.0
6326,47,6,10,2,60,30,0,275.11,56,0,5,0.0
6327,47,7,10,2,60,30,0,842.895,65,0,5,0.0
6328,47,8,10,2,60,30,0,333.559,54,0,5,0.0
6329,47,9,10,2,60,30,0,330.901,58,0,5,0.0
6330,48,0,5,3,40,36,1,441.75,34,1,5,0.0
6331,48,1,5,3,40,36,1,462.842,43,1,5,0.0
6332,48,2,5,3,40,36,0,561.6020000000001,50,1,5,0.0
6333,48,3,5,3,40,36,1,1054.821,37,1,5,0.0
6334,48,4,5,3,40,36,0,297.504,60,0,5,0.0
6335,49,0,5,3,68,60,1,449.728,55,1,5,0.0
6336,49,1,5,3,68,60,1,496.092,61,1,5,0.0
6337,49,2,5,3,68,60,0,518.0590000000001,67,1,5,0.0
6338,49,3,5,3,68,60,1,678.431,51,1,5,0.0
6339,49,4,5,3,68,60,0,295.843,61,0,5,0.0
6340,50,0,5,2,52,40,1,461.986,49,1,5,0.0
6341,50,1,5,2,52,40,0,458.505,47,1,5,0.0
6342,50,2,5,2,52,40,0,669.965,51,1,5,0.0
6343,50,3,5,2,52,40,1,966.554,41,1,5,0.0
6344,50,4,5,2,52,40,0,1268.497,55,0,5,0.0
6345,51,0,10,3,48,40,0,847.222,35,1,5,0.0
6346,51,1,10,3,48,40,1,330.982,31,1,5,0.0
6347,51,2,10,3,48,40,1,386.76,23,1,5,0.0
6348,51,3,10,3,48,40,1,359.909,34,1,5,0.0
6349,51,4,10,3,48,40,0,1367.2,59,0,5,0.0
6350,51,5,10,3,48,40,0,412.807,38,0,5,0.0
6351,51,6,10,3,48,40,1,648.8589999999999,51,0,5,0.0
6352,51,7,10,3,48,40,0,345.913,49,0,5,0.0
6353,51,8,10,3,48,40,1,369.117,43,0,5,0.0
6354,51,9,10,3,48,40,0,2358.684,49,0,5,0.0
6355,52,0,5,1,10,40,1,502.096,32,1,5,0.0
6356,52,1,5,1,10,40,0,350.26,1,1,5,0.0
6357,52,2,5,1,10,40,0,880.684,1,1,5,0.0
6358,52,3,5,1,10,40,0,598.238,20,1,5,0.0
6359,52,4,5,1,10,40,1,445.023,42,0,5,0.0
6360,53,0,10,1,52,40,1,607.553,37,1,5,0.0
6361,53,1,10,1,52,40,0,433.635,66,1,5,0.0
6362,53,2,10,1,52,40,0,439.338,41,1,5,0.0
6363,53,3,10,1,52,40,0,338.28000000000003,50,1,5,0.0
6364,53,4,10,1,52,40,1,1338.1940000000002,50,0,5,0.0
6365,53,5,10,1,52,40,0,361.707,47,0,5,0.0
6366,53,6,10,1,52,40,0,335.403,52,0,5,0.0
6367,53,7,10,1,52,40,0,326.152,55,0,5,0.0
6368,53,8,10,1,52,40,0,228.461,63,0,5,0.0
6369,53,9,10,1,52,40,0,23.757,58,0,5,0.0
6370,54,0,5,1,60,56,0,451.212,53,1,5,0.0
6371,54,1,5,1,60,56,1,396.869,55,1,5,0.0
6372,54,2,5,1,60,56,0,403.478,58,1,5,0.0
6373,54,3,5,1,60,56,0,728.283,70,1,5,0.0
6374,54,4,5,1,60,56,0,399.266,54,0,5,0.0
6375,55,0,10,1,90,60,0,397.023,92,1,5,0.0
6376,55,1,10,1,90,60,1,378.283,59,1,5,0.0
6377,55,2,10,1,90,60,0,327.592,89,1,5,0.0
6378,55,3,10,1,90,60,0,823.539,96,1,5,0.0
6379,55,4,10,1,90,60,0,507.837,99,0,5,0.0
6380,55,5,10,1,90,60,0,284.769,75,0,5,0.0
6381,55,6,10,1,90,60,1,590.143,61,0,5,0.0
6382,55,7,10,1,90,60,0,858.962,81,0,5,0.0
6383,55,8,10,1,90,60,0,372.677,93,0,5,0.0
6384,55,9,10,1,90,60,0,255.879,90,0,5,0.0
6385,56,0,10,3,52,40,0,450.872,39,1,5,0.0
6386,56,1,10,3,52,40,1,309.614,40,1,5,0.0
6387,56,2,10,3,52,40,1,431.148,39,1,5,0.0
6388,56,3,10,3,52,40,1,5352.541,52,1,5,0.0
6389,56,4,10,3,52,40,0,792.399,56,0,5,0.0
6390,56,5,10,3,52,40,0,587.96,48,0,5,0.0
6391,56,6,10,3,52,40,0,608.932,53,0,5,0.0
6392,56,7,10,3,52,40,0,293.193,67,0,5,0.0
6393,56,8,10,3,52,40,0,221.376,50,0,5,0.0
6394,56,9,10,3,52,40,0,216.377,68,0,5,0.0
6395,57,0,10,2,60,90,1,477.436,86,1,5,0.0
6396,57,1,10,2,60,90,0,310.795,74,1,5,0.0
6397,57,2,10,2,60,90,1,305.633,82,1,5,0.0
6398,57,3,10,2,60,90,0,1143.99,77,1,5,0.0
6399,57,4,10,2,60,90,1,479.549,99,0,5,0.0
6400,57,5,10,2,60,90,1,337.577,90,0,5,0.0
6401,57,6,10,2,60,90,1,272.305,90,0,5,0.0
6402,57,7,10,2,60,90,1,249.792,98,0,5,0.0
6403,57,8,10,2,60,90,1,260.065,83,0,5,0.0
6404,57,9,10,2,60,90,1,268.173,99,0,5,0.0
6405,58,0,10,2,60,48,0,501.884,62,1,5,0.0
6406,58,1,10,2,60,48,1,297.178,37,1,5,0.0
6407,58,2,10,2,60,48,1,458.661,56,1,5,0.0
6408,58,3,10,2,60,48,0,376.835,53,1,5,0.0
6409,58,4,10,2,60,48,0,1847.483,64,0,5,0.0
6410,58,5,10,2,60,48,0,378.308,64,0,5,0.0
6411,58,6,10,2,60,48,0,222.866,71,0,5,0.0
6412,58,7,10,2,60,48,0,240.896,49,0,5,0.0
6413,58,8,10,2,60,48,1,483.826,45,0,5,0.0
6414,58,9,10,2,60,48,0,260.41,59,0,5,0.0
6415,59,0,5,2,56,60,0,519.427,48,1,5,0.0
6416,59,1,5,2,56,60,1,270.598,53,1,5,0.0
6417,59,2,5,2,56,60,0,297.204,57,1,5,0.0
6418,59,3,5,2,56,60,1,620.848,57,1,5,0.0
6419,59,4,5,2,56,60,1,1510.346,70,0,5,0.0
6420,60,0,10,2,40,44,0,383.855,47,1,5,0.0
6421,60,1,10,2,40,44,1,253.972,59,1,5,0.0
6422,60,2,10,2,40,44,0,289.449,35,1,5,0.0
6423,60,3,10,2,40,44,1,289.757,49,1,5,0.0
6424,60,4,10,2,40,44,1,1363.049,45,0,5,0.0
6425,60,5,10,2,40,44,1,249.397,39,0,5,0.0
6426,60,6,10,2,40,44,1,244.558,36,0,5,0.0
6427,60,7,10,2,40,44,0,334.023,34,0,5,0.0
6428,60,8,10,2,40,44,1,276.84,38,0,5,0.0
6429,60,9,10,2,40,44,1,308.97799999999995,49,0,5,0.0
6430,61,0,10,2,48,60,0,621.8320000000001,52,1,5,0.0
6431,61,1,10,2,48,60,1,249.455,50,1,5,0.0
6432,61,2,10,2,48,60,1,436.9,60,1,5,0.0
6433,61,3,10,2,48,60,0,375.93,54,1,5,0.0
6434,61,4,10,2,48,60,1,3053.842,69,0,5,0.0
6435,61,5,10,2,48,60,1,320.514,54,0,5,0.0
6436,61,6,10,2,48,60,0,360.334,44,0,5,0.0
6437,61,7,10,2,48,60,1,276.931,68,0,5,0.0
6438,61,8,10,2,48,60,1,109.99,61,0,5,0.0
6439,61,9,10,2,48,60,1,0.505,44,0,5,0.0
6440,62,0,5,2,60,90,1,439.786,83,1,5,0.0
6441,62,1,5,2,60,90,0,243.397,58,1,5,0.0
6442,62,2,5,2,60,90,1,279.25100000000003,79,1,5,0.0
6443,62,3,5,2,60,90,0,342.903,56,1,5,0.0
6444,62,4,5,2,60,90,1,38.793,93,0,5,0.0
6445,63,0,5,2,80,60,1,427.602,50,1,5,0.0
6446,63,1,5,2,80,60,1,390.946,63,1,5,0.0
6447,63,2,5,2,80,60,0,475.644,82,1,5,0.0
6448,63,3,5,2,80,60,0,503.697,75,1,5,0.0
6449,63,4,5,2,80,60,0,301.282,85,0,5,0.0
6450,64,0,5,3,40,32,1,463.399,33,1,5,0.0
6451,64,1,5,3,40,32,1,377.427,30,1,5,0.0
6452,64,2,5,3,40,32,0,477.708,45,1,5,0.0
6453,64,3,5,3,40,32,1,382.684,33,1,5,0.0
6454,64,4,5,3,40,32,0,637.083,36,0,5,0.0
6455,65,0,10,3,80,60,1,553.16,70,1,5,0.0
6456,65,1,10,3,80,60,0,311.305,86,1,5,0.0
6457,65,2,10,3,80,60,1,250.938,57,1,5,0.0
6458,65,3,10,3,80,60,1,489.986,84,1,5,0.0
6459,65,4,10,3,80,60,0,1482.544,78,0,5,0.0
6460,65,5,10,3,80,60,0,1332.8629999999998,78,0,5,0.0
6461,65,6,10,3,80,60,1,307.751,66,0,5,0.0
6462,65,7,10,3,80,60,0,130.97,98,0,5,0.0
6463,65,8,10,3,80,60,0,98.999,75,0,5,0.0
6464,65,9,10,3,80,60,0,154.097,98,0,5,0.0
6465,66,0,5,2,40,28,0,424.511,47,1,5,0.0
6466,66,1,5,2,40,28,1,243.415,25,1,5,0.0
6467,66,2,5,2,40,28,0,376.173,27,1,5,0.0
6468,66,3,5,2,40,28,1,1035.325,19,1,5,0.0
6469,66,4,5,2,40,28,0,279.871,53,0,5,0.0
6470,67,0,5,1,60,48,1,515.5880000000001,45,1,5,0.0
6471,67,1,5,1,60,48,0,249.741,68,1,5,0.0
6472,67,2,5,1,60,48,0,877.139,57,1,5,0.0
6473,67,3,5,1,60,48,0,471.142,48,1,5,0.0
6474,67,4,5,1,60,48,0,736.509,55,0,5,0.0
6475,68,0,5,1,60,68,0,472.087,54,1,5,0.0
6476,68,1,5,1,60,68,0,457.504,52,1,5,0.0
6477,68,2,5,1,60,68,1,889.58,72,1,5,0.0
6478,68,3,5,1,60,68,0,420.919,50,1,5,0.0
6479,68,4,5,1,60,68,1,512.693,81,0,5,0.0
6480,69,0,10,3,44,40,1,465.777,33,1,5,0.0
6481,69,1,10,3,44,40,1,484.147,31,1,5,0.0
6482,69,2,10,3,44,40,1,310.505,37,1,5,0.0
6483,69,3,10,3,44,40,0,414.345,46,1,5,0.0
6484,69,4,10,3,44,40,0,569.684,44,0,5,0.0
6485,69,5,10,3,44,40,0,696.911,41,0,5,0.0
6486,69,6,10,3,44,40,1,271.946,33,0,5,0.0
6487,69,7,10,3,44,40,0,249.073,37,0,5,0.0
6488,69,8,10,3,44,40,0,451.167,42,0,5,0.0
6489,69,9,10,3,44,40,0,317.345,45,0,5,0.0
6490,70,0,10,3,30,60,0,572.346,26,1,5,0.0
6491,70,1,10,3,30,60,1,280.411,60,1,5,0.0
6492,70,2,10,3,30,60,1,535.713,60,1,5,0.0
6493,70,3,10,3,30,60,1,325.475,57,1,5,0.0
6494,70,4,10,3,30,60,1,557.284,52,0,5,0.0
6495,70,5,10,3,30,60,1,571.259,54,0,5,0.0
6496,70,6,10,3,30,60,1,249.015,62,0,5,0.0
6497,70,7,10,3,30,60,1,235.757,71,0,5,0.0
6498,70,8,10,3,30,60,1,230.583,54,0,5,0.0
6499,70,9,10,3,30,60,1,264.428,67,0,5,0.0
6500,71,0,5,1,40,32,1,435.801,36,1,5,0.0
6501,71,1,5,1,40,32,0,261.1,39,1,5,0.0
6502,71,2,5,1,40,32,0,432.054,60,1,5,0.0
6503,71,3,5,1,40,32,0,467.133,38,1,5,0.0
6504,71,4,5,1,40,32,0,837.87,56,0,5,0.0
6505,72,0,10,1,40,48,1,417.198,51,1,5,0.0
6506,72,1,10,1,40,48,0,245.07,36,1,5,0.0
6507,72,2,10,1,40,48,0,474.307,44,1,5,0.0
6508,72,3,10,1,40,48,0,426.484,31,1,5,0.0
6509,72,4,10,1,40,48,1,398.834,34,0,5,0.0
6510,72,5,10,1,40,48,1,379.281,54,0,5,0.0
6511,72,6,10,1,40,48,1,271.39000000000004,49,0,5,0.0
6512,72,7,10,1,40,48,1,281.649,56,0,5,0.0
6513,72,8,10,1,40,48,1,233.203,42,0,5,0.0
6514,72,9,10,1,40,48,1,187.902,35,0,5,0.0
6515,73,0,10,1,68,60,1,401.563,66,1,5,0.0
6516,73,1,10,1,68,60,0,248.264,69,1,5,0.0
6517,73,2,10,1,68,60,0,371.776,52,1,5,0.0
6518,73,3,10,1,68,60,0,332.932,60,1,5,0.0
6519,73,4,10,1,68,60,0,1573.7859999999998,72,0,5,0.0
6520,73,5,10,1,68,60,0,356.639,64,0,5,0.0
6521,73,6,10,1,68,60,0,289.345,69,0,5,0.0
6522,73,7,10,1,68,60,1,266.073,62,0,5,0.0
6523,73,8,10,1,68,60,0,237.022,71,0,5,0.0
6524,73,9,10,1,68,60,0,670.223,60,0,5,0.0
6525,74,0,10,1,56,60,1,450.012,66,1,5,0.0
6526,74,1,10,1,56,60,0,219.208,51,1,5,0.0
6527,74,2,10,1,56,60,0,534.129,59,1,5,0.0
6528,74,3,10,1,56,60,0,293.057,65,1,5,0.0
6529,74,4,10,1,56,60,1,616.955,55,0,5,0.0
6530,74,5,10,1,56,60,0,283.966,61,0,5,0.0
6531,74,6,10,1,56,60,1,326.058,75,0,5,0.0
6532,74,7,10,1,56,60,0,252.77,46,0,5,0.0
6533,74,8,10,1,56,60,1,214.04,65,0,5,0.0
6534,74,9,10,1,56,60,1,233.625,62,0,5,0.0
6535,75,0,10,3,70,40,1,646.244,34,1,5,0.0
6536,75,1,10,3,70,40,0,304.231,74,1,5,0.0
6537,75,2,10,3,70,40,1,610.227,32,1,5,0.0
6538,75,3,10,3,70,40,1,422.561,28,1,5,0.0
6539,75,4,10,3,70,40,0,290.474,67,0,5,0.0
6540,75,5,10,3,70,40,0,203.632,73,0,5,0.0
6541,75,6,10,3,70,40,0,86.45700000000001,70,0,5,0.0
6542,75,7,10,3,70,40,0,0.502,73,0,5,0.0
6543,75,8,10,3,70,40,0,0.6719999999999999,72,0,5,0.0
6544,75,9,10,3,70,40,0,648.207,67,0,5,0.0
6545,76,0,5,2,60,52,0,418.722,57,1,5,0.0
6546,76,1,5,2,60,52,1,255.248,49,1,5,0.0
6547,76,2,5,2,60,52,0,202.064,55,1,5,0.0
6548,76,3,5,2,60,52,1,510.92,58,1,5,0.0
6549,76,4,5,2,60,52,1,996.062,58,0,5,0.0
6550,77,0,5,1,40,48,0,466.243,32,1,5,0.0
6551,77,1,5,1,40,48,1,245.25,66,1,5,0.0
6552,77,2,5,1,40,48,0,264.18,36,1,5,0.0
6553,77,3,5,1,40,48,0,800.817,45,1,5,0.0
6554,77,4,5,1,40,48,1,262.499,42,0,5,0.0
6555,78,0,5,3,56,60,0,499.467,60,1,5,0.0
6556,78,1,5,3,56,60,1,265.288,52,1,5,0.0
6557,78,2,5,3,56,60,1,397.226,63,1,5,0.0
6558,78,3,5,3,56,60,1,1255.674,72,1,5,0.0
6559,78,4,5,3,56,60,1,260.184,52,0,5,0.0
6560,79,0,10,2,36,40,0,491.522,29,1,5,0.0
6561,79,1,10,2,36,40,1,222.295,43,1,5,0.0
6562,79,2,10,2,36,40,0,315.15,19,1,5,0.0
6563,79,3,10,2,36,40,1,282.028,43,1,5,0.0
6564,79,4,10,2,36,40,0,220.821,38,0,5,0.0
6565,79,5,10,2,36,40,1,327.762,49,0,5,0.0
6566,79,6,10,2,36,40,1,263.156,39,0,5,0.0
6567,79,7,10,2,36,40,1,32.989,40,0,5,0.0
6568,79,8,10,2,36,40,1,236.703,41,0,5,0.0
6569,79,9,10,2,36,40,1,182.122,49,0,5,0.0
6570,80,0,10,2,60,52,0,889.269,70,1,5,0.0
6571,80,1,10,2,60,52,0,298.644,66,1,5,0.0
6572,80,2,10,2,60,52,1,277.098,62,1,5,0.0
6573,80,3,10,2,60,52,1,477.819,61,1,5,0.0
6574,80,4,10,2,60,52,0,400.575,56,0,5,0.0
6575,80,5,10,2,60,52,1,244.381,77,0,5,0.0
6576,80,6,10,2,60,52,1,1061.79,60,0,5,0.0
6577,80,7,10,2,60,52,1,327.938,52,0,5,0.0
6578,80,8,10,2,60,52,0,0.486,67,0,5,0.0
6579,80,9,10,2,60,52,0,657.242,68,0,5,0.0
6580,81,0,10,2,32,40,1,356.271,32,1,5,0.0
6581,81,1,10,2,32,40,0,246.189,37,1,5,0.0
6582,81,2,10,2,32,40,0,544.875,37,1,5,0.0
6583,81,3,10,2,32,40,1,1269.88,37,1,5,0.0
6584,81,4,10,2,32,40,1,790.442,40,0,5,0.0
6585,81,5,10,2,32,40,0,357.136,27,0,5,0.0
6586,81,6,10,2,32,40,1,282.231,33,0,5,0.0
6587,81,7,10,2,32,40,1,235.533,44,0,5,0.0
6588,81,8,10,2,32,40,1,173.047,37,0,5,0.0
6589,81,9,10,2,32,40,1,81.914,39,0,5,0.0
6590,82,0,5,3,40,70,1,366.661,69,1,5,0.0
6591,82,1,5,3,40,70,1,370.383,54,1,5,0.0
6592,82,2,5,3,40,70,0,465.73,42,1,5,0.0
6593,82,3,5,3,40,70,1,848.847,63,1,5,0.0
6594,82,4,5,3,40,70,1,237.89,90,0,5,0.0
6595,83,0,5,2,44,40,1,432.6880000000001,36,1,5,0.0
6596,83,1,5,2,44,40,0,301.663,47,1,5,0.0
6597,83,2,5,2,44,40,1,326.159,38,1,5,0.0
6598,83,3,5,2,44,40,0,487.108,50,1,5,0.0
6599,83,4,5,2,44,40,0,270.418,61,0,5,0.0
6600,84,0,5,2,68,60,0,479.167,78,1,5,0.0
6601,84,1,5,2,68,60,1,234.15,64,1,5,0.0
6602,84,2,5,2,68,60,0,133.67100000000002,93,1,5,0.0
6603,84,3,5,2,68,60,1,1341.248,69,1,5,0.0
6604,84,4,5,2,68,60,0,229.308,56,0,5,0.0
6605,85,0,10,2,72,60,1,434.262,50,1,5,0.0
6606,85,1,10,2,72,60,1,749.4110000000001,72,1,5,0.0
6607,85,2,10,2,72,60,0,420.522,82,1,5,0.0
6608,85,3,10,2,72,60,0,432.2,78,1,5,0.0
6609,85,4,10,2,72,60,0,1122.495,88,0,5,0.0
6610,85,5,10,2,72,60,0,284.753,80,0,5,0.0
6611,85,6,10,2,72,60,0,245.625,65,0,5,0.0
6612,85,7,10,2,72,60,0,254.365,76,0,5,0.0
6613,85,8,10,2,72,60,0,865.832,74,0,5,0.0
6614,85,9,10,2,72,60,0,219.032,79,0,5,0.0
6615,86,0,10,1,40,70,0,567.626,32,1,5,0.0
6616,86,1,10,1,40,70,1,269.279,73,1,5,0.0
6617,86,2,10,1,40,70,0,281.368,46,1,5,0.0
6618,86,3,10,1,40,70,0,706.233,24,1,5,0.0
6619,86,4,10,1,40,70,0,291.539,30,0,5,0.0
6620,86,5,10,1,40,70,1,1981.152,66,0,5,0.0
6621,86,6,10,1,40,70,1,353.952,71,0,5,0.0
6622,86,7,10,1,40,70,1,223.859,69,0,5,0.0
6623,86,8,10,1,40,70,1,243.827,75,0,5,0.0
6624,86,9,10,1,40,70,1,237.887,68,0,5,0.0
6625,87,0,10,3,60,68,1,440.525,63,1,5,0.0
6626,87,1,10,3,60,68,1,362.768,80,1,5,0.0
6627,87,2,10,3,60,68,0,401.882,63,1,5,0.0
6628,87,3,10,3,60,68,1,292.824,69,1,5,0.0
6629,87,4,10,3,60,68,1,1176.278,73,0,5,0.0
6630,87,5,10,3,60,68,0,342.373,70,0,5,0.0
6631,87,6,10,3,60,68,1,303.71700000000004,72,0,5,0.0
6632,87,7,10,3,60,68,0,207.119,61,0,5,0.0
6633,87,8,10,3,60,68,1,331.98,73,0,5,0.0
6634,87,9,10,3,60,68,1,113.545,63,0,5,0.0
6635,88,0,10,3,36,40,0,426.939,24,1,5,0.0
6636,88,1,10,3,36,40,1,230.397,42,1,5,0.0
6637,88,2,10,3,36,40,1,763.995,45,1,5,0.0
6638,88,3,10,3,36,40,1,295.502,43,1,5,0.0
6639,88,4,10,3,36,40,0,450.325,47,0,5,0.0
6640,88,5,10,3,36,40,0,843.836,36,0,5,0.0
6641,88,6,10,3,36,40,1,270.50800000000004,45,0,5,0.0
6642,88,7,10,3,36,40,1,327.775,26,0,5,0.0
6643,88,8,10,3,36,40,0,511.878,53,0,5,0.0
6644,88,9,10,3,36,40,0,4670.486999999999,34,0,5,0.0
6645,89,0,10,2,64,60,1,472.052,58,1,5,0.0
6646,89,1,10,2,64,60,1,649.694,67,1,5,0.0
6647,89,2,10,2,64,60,0,334.384,62,1,5,0.0
6648,89,3,10,2,64,60,0,859.949,72,1,5,0.0
6649,89,4,10,2,64,60,0,559.621,71,0,5,0.0
6650,89,5,10,2,64,60,0,356.257,61,0,5,0.0
6651,89,6,10,2,64,60,1,210.315,78,0,5,0.0
6652,89,7,10,2,64,60,0,254.667,66,0,5,0.0
6653,89,8,10,2,64,60,1,263.73600000000005,61,0,5,0.0
6654,89,9,10,2,64,60,0,303.72900000000004,74,0,5,0.0
6655,90,0,5,3,60,52,1,487.669,57,1,5,0.0
6656,90,1,5,3,60,52,1,354.763,56,1,5,0.0
6657,90,2,5,3,60,52,0,297.702,58,1,5,0.0
6658,90,3,5,3,60,52,1,1074.922,55,1,5,0.0
6659,90,4,5,3,60,52,0,813.162,73,0,5,0.0
6660,91,0,10,1,20,40,1,431.355,53,1,5,0.0
6661,91,1,10,1,20,40,0,282.871,25,1,5,0.0
6662,91,2,10,1,20,40,0,429.198,11,1,5,0.0
6663,91,3,10,1,20,40,0,639.79,18,1,5,0.0
6664,91,4,10,1,20,40,1,333.103,35,0,5,0.0
6665,91,5,10,1,20,40,1,644.839,41,0,5,0.0
6666,91,6,10,1,20,40,1,309.588,29,0,5,0.0
6667,91,7,10,1,20,40,1,140.796,37,0,5,0.0
6668,91,8,10,1,20,40,1,139.00799999999998,32,0,5,0.0
6669,91,9,10,1,20,40,1,257.592,44,0,5,0.0
6670,92,0,5,3,80,60,1,386.968,55,1,5,0.0
6671,92,1,5,3,80,60,1,362.938,59,1,5,0.0
6672,92,2,5,3,80,60,1,271.657,58,1,5,0.0
6673,92,3,5,3,80,60,0,473.882,80,1,5,0.0
6674,92,4,5,3,80,60,0,787.625,68,0,5,0.0
6675,93,0,10,1,60,48,0,393.277,64,1,5,0.0
6676,93,1,10,1,60,48,0,406.263,58,1,5,0.0
6677,93,2,10,1,60,48,1,395.636,49,1,5,0.0
6678,93,3,10,1,60,48,0,366.124,60,1,5,0.0
6679,93,4,10,1,60,48,1,196.746,31,0,5,0.0
6680,93,5,10,1,60,48,0,488.766,67,0,5,0.0
6681,93,6,10,1,60,48,0,186.625,52,0,5,0.0
6682,93,7,10,1,60,48,0,102.524,64,0,5,0.0
6683,93,8,10,1,60,48,0,46.417,80,0,5,0.0
6684,93,9,10,1,60,48,0,0.61,63,0,5,0.0
6685,94,0,5,2,40,28,1,437.926,23,1,5,0.0
6686,94,1,5,2,40,28,0,280.918,32,1,5,0.0
6687,94,2,5,2,40,28,0,739.3199999999999,29,1,5,0.0
6688,94,3,5,2,40,28,1,465.158,28,1,5,0.0
6689,94,4,5,2,40,28,0,259.716,28,0,5,0.0
6690,95,0,5,2,60,40,1,503.20200000000006,52,1,5,0.0
6691,95,1,5,2,60,40,1,375.594,48,1,5,0.0
6692,95,2,5,2,60,40,0,583.367,60,1,5,0.0
6693,95,3,5,2,60,40,0,394.133,62,1,5,0.0
6694,95,4,5,2,60,40,0,264.84400000000005,53,0,5,0.0
6695,96,0,10,1,40,60,0,585.401,41,1,5,0.0
6696,96,1,10,1,40,60,0,383.235,53,1,5,0.0
6697,96,2,10,1,40,60,1,386.846,56,1,5,0.0
6698,96,3,10,1,40,60,0,258.214,42,1,5,0.0
6699,96,4,10,1,40,60,1,1508.551,61,0,5,0.0
6700,96,5,10,1,40,60,1,356.16,74,0,5,0.0
6701,96,6,10,1,40,60,1,210.87,57,0,5,0.0
6702,96,7,10,1,40,60,1,181.368,63,0,5,0.0
6703,96,8,10,1,40,60,1,12.463,58,0,5,0.0
6704,96,9,10,1,40,60,1,0.456,59,0,5,0.0
6705,97,0,5,1,60,40,0,425.964,70,1,5,0.0
6706,97,1,5,1,60,40,0,365.274,54,1,5,0.0
6707,97,2,5,1,60,40,1,358.42400000000004,41,1,5,0.0
6708,97,3,5,1,60,40,0,290.399,53,1,5,0.0
6709,97,4,5,1,60,40,0,457.372,56,0,5,0.0
6710,98,0,5,2,60,30,0,427.734,71,1,5,0.0
6711,98,1,5,2,60,30,0,632.48,53,1,5,0.0
6712,98,2,5,2,60,30,1,356.834,31,1,5,0.0
6713,98,3,5,2,60,30,1,427.642,37,1,5,0.0
6714,98,4,5,2,60,30,0,247.214,61,0,5,0.0
6715,99,0,10,2,40,70,1,388.534,81,1,5,0.0
6716,99,1,10,2,40,70,0,286.833,28,1,5,0.0
6717,99,2,10,2,40,70,1,264.416,71,1,5,0.0
6718,99,3,10,2,40,70,0,260.63199999999995,40,1,5,0.0
6719,99,4,10,2,40,70,1,141.736,73,0,5,0.0
6720,99,5,10,2,40,70,1,284.21200000000005,72,0,5,0.0
6721,99,6,10,2,40,70,1,125.68,63,0,5,0.0
6722,99,7,10,2,40,70,1,211.038,61,0,5,0.0
6723,99,8,10,2,40,70,1,279.52700000000004,81,0,5,0.0
6724,99,9,10,2,40,70,1,207.296,65,0,5,0.0
6725,100,0,5,2,60,48,1,392.903,44,1,5,0.0
6726,100,1,5,2,60,48,1,394.435,41,1,5,0.0
6727,100,2,5,2,60,48,0,407.651,40,1,5,0.0
6728,100,3,5,2,60,48,0,385.228,67,1,5,0.0
6729,100,4,5,2,60,48,0,222.314,65,0,5,0.0
6730,101,0,5,2,36,40,0,427.4,28,1,5,0.0
6731,101,1,5,2,36,40,1,223.359,42,1,5,0.0
6732,101,2,5,2,36,40,0,235.892,35,1,5,0.0
6733,101,3,5,2,36,40,1,218.264,35,1,5,0.0
6734,101,4,5,2,36,40,1,1247.307,33,0,5,0.0
6735,102,0,10,2,10,40,0,366.662,7,1,5,0.0
6736,102,1,10,2,10,40,1,245.473,42,1,5,0.0
6737,102,2,10,2,10,40,0,143.392,9,1,5,0.0
6738,102,3,10,2,10,40,1,209.581,28,1,5,0.0
6739,102,4,10,2,10,40,0,281.01,16,0,5,0.0
6740,102,5,10,2,10,40,1,858.817,39,0,5,0.0
6741,102,6,10,2,10,40,1,140.049,38,0,5,0.0
6742,102,7,10,2,10,40,1,194.039,45,0,5,0.0
6743,102,8,10,2,10,40,1,110.075,31,0,5,0.0
6744,102,9,10,2,10,40,1,23.25,53,0,5,0.0
6745,103,0,10,2,40,28,1,394.54,37,1,5,0.0
6746,103,1,10,2,40,28,1,687.056,38,1,5,0.0
6747,103,2,10,2,40,28,0,360.118,35,1,5,0.0
6748,103,3,10,2,40,28,0,295.023,32,1,5,0.0
6749,103,4,10,2,40,28,1,1088.395,38,0,5,0.0
6750,103,5,10,2,40,28,0,321.50600000000003,45,0,5,0.0
6751,103,6,10,2,40,28,0,526.6129999999999,60,0,5,0.0
6752,103,7,10,2,40,28,0,232.192,46,0,5,0.0
6753,103,8,10,2,40,28,1,243.793,23,0,5,0.0
6754,103,9,10,2,40,28,0,117.372,49,0,5,0.0
6755,104,0,5,2,20,40,1,382.762,42,1,5,0.0
6756,104,1,5,2,20,40,1,401.56,48,1,5,0.0
6757,104,2,5,2,20,40,0,408.122,20,1,5,0.0
6758,104,3,5,2,20,40,0,506.7310000000001,1,1,5,0.0
6759,104,4,5,2,20,40,1,565.984,50,0,5,0.0
6760,105,0,10,3,28,40,1,381.181,35,1,5,0.0
6761,105,1,10,3,28,40,1,346.762,29,1,5,0.0
6762,105,2,10,3,28,40,0,273.848,32,1,5,0.0
6763,105,3,10,3,28,40,1,410.987,39,1,5,0.0
6764,105,4,10,3,28,40,0,1327.4969999999998,29,0,5,0.0
6765,105,5,10,3,28,40,1,326.962,36,0,5,0.0
6766,105,6,10,3,28,40,0,689.118,25,0,5,0.0
6767,105,7,10,3,28,40,1,165.768,49,0,5,0.0
6768,105,8,10,3,28,40,1,123.311,28,0,5,0.0
6769,105,9,10,3,28,40,1,0.348,37,0,5,0.0
6770,106,0,5,2,48,60,0,552.028,61,1,5,0.0
6771,106,1,5,2,48,60,0,364.434,56,1,5,0.0
6772,106,2,5,2,48,60,1,297.392,55,1,5,0.0
6773,106,3,5,2,48,60,1,1426.193,56,1,5,0.0
6774,106,4,5,2,48,60,0,974.955,43,0,5,0.0
6775,107,0,5,2,60,72,0,612.337,58,1,5,0.0
6776,107,1,5,2,60,72,0,464.472,65,1,5,0.0
6777,107,2,5,2,60,72,1,347.501,70,1,5,0.0
6778,107,3,5,2,60,72,1,767.531,66,1,5,0.0
6779,107,4,5,2,60,72,1,423.095,73,0,5,0.0
6780,108,0,10,1,28,40,0,499.345,17,1,5,0.0
6781,108,1,10,1,28,40,0,635.818,21,1,5,0.0
6782,108,2,10,1,28,40,0,392.454,26,1,5,0.0
6783,108,3,10,1,28,40,1,308.71500000000003,37,1,5,0.0
6784,108,4,10,1,28,40,1,1469.524,44,0,5,0.0
6785,108,5,10,1,28,40,1,927.879,45,0,5,0.0
6786,108,6,10,1,28,40,1,255.927,22,0,5,0.0
6787,108,7,10,1,28,40,1,242.125,53,0,5,0.0
6788,108,8,10,1,28,40,1,195.951,42,0,5,0.0
6789,108,9,10,1,28,40,1,231.276,45,0,5,0.0
6790,109,0,5,3,40,20,1,403.594,14,1,5,0.0
6791,109,1,5,3,40,20,1,351.961,22,1,5,0.0
6792,109,2,5,3,40,20,0,392.25,35,1,5,0.0
6793,109,3,5,3,40,20,1,834.909,17,1,5,0.0
6794,109,4,5,3,40,20,0,182.781,46,0,5,0.0
6795,110,0,5,2,40,10,0,474.842,27,1,5,0.0
6796,110,1,5,2,40,10,1,301.92,9,1,5,0.0
6797,110,2,5,2,40,10,0,354.272,38,1,5,0.0
6798,110,3,5,2,40,10,1,239.447,5,1,5,0.0
6799,110,4,5,2,40,10,0,185.219,37,0,5,0.0
6800,111,0,10,1,40,44,1,535.288,49,1,5,0.0
6801,111,1,10,1,40,44,0,272.19,40,1,5,0.0
6802,111,2,10,1,40,44,0,401.049,36,1,5,0.0
6803,111,3,10,1,40,44,0,499.795,40,1,5,0.0
6804,111,4,10,1,40,44,1,1156.884,53,0,5,0.0
6805,111,5,10,1,40,44,1,380.04,37,0,5,0.0
6806,111,6,10,1,40,44,1,241.001,45,0,5,0.0
6807,111,7,10,1,40,44,1,250.488,42,0,5,0.0
6808,111,8,10,1,40,44,1,244.11,28,0,5,0.0
6809,111,9,10,1,40,44,1,278.118,37,0,5,0.0
6810,112,0,10,2,60,80,1,368.88,73,1,5,0.0
6811,112,1,10,2,60,80,1,350.54400000000004,82,1,5,0.0
6812,112,2,10,2,60,80,0,317.797,71,1,5,0.0
6813,112,3,10,2,60,80,0,326.422,42,1,5,0.0
6814,112,4,10,2,60,80,1,1006.929,63,0,5,0.0
6815,112,5,10,2,60,80,1,812.225,73,0,5,0.0
6816,112,6,10,2,60,80,1,206.831,90,0,5,0.0
6817,112,7,10,2,60,80,1,146.558,85,0,5,0.0
6818,112,8,10,2,60,80,1,192.317,78,0,5,0.0
6819,112,9,10,2,60,80,1,92.906,88,0,5,0.0
6820,113,0,5,1,20,40,0,431.066,22,1,5,0.0
6821,113,1,5,1,20,40,0,321.036,35,1,5,0.0
6822,113,2,5,1,20,40,1,426.014,49,1,5,0.0
6823,113,3,5,1,20,40,0,381.006,12,1,5,0.0
6824,113,4,5,1,20,40,1,72.78099999999999,41,0,5,0.0
6825,114,0,5,3,40,60,1,396.318,55,1,5,0.0
6826,114,1,5,3,40,60,1,337.635,66,1,5,0.0
6827,114,2,5,3,40,60,0,480.845,35,1,5,0.0
6828,114,3,5,3,40,60,1,442.704,64,1,5,0.0
6829,114,4,5,3,40,60,1,238.303,45,0,5,0.0
6830,115,0,10,2,40,60,1,391.93,58,1,5,0.0
6831,115,1,10,2,40,60,1,452.796,66,1,5,0.0
6832,115,2,10,2,40,60,0,497.033,39,1,5,0.0
6833,115,3,10,2,40,60,0,1158.177,42,1,5,0.0
6834,115,4,10,2,40,60,1,280.274,66,0,5,0.0
6835,115,5,10,2,40,60,1,633.808,63,0,5,0.0
6836,115,6,10,2,40,60,1,307.693,59,0,5,0.0
6837,115,7,10,2,40,60,1,269.134,70,0,5,0.0
6838,115,8,10,2,40,60,1,469.421,68,0,5,0.0
6839,115,9,10,2,40,60,1,0.717,44,0,5,0.0
6840,116,0,10,1,72,60,0,372.959,62,1,5,0.0
6841,116,1,10,1,72,60,0,626.953,60,1,5,0.0
6842,116,2,10,1,72,60,0,327.127,79,1,5,0.0
6843,116,3,10,1,72,60,1,472.585,61,1,5,0.0
6844,116,4,10,1,72,60,1,478.7,56,0,5,0.0
6845,116,5,10,1,72,60,0,311.24,87,0,5,0.0
6846,116,6,10,1,72,60,0,599.134,58,0,5,0.0
6847,116,7,10,1,72,60,0,170.71800000000002,72,0,5,0.0
6848,116,8,10,1,72,60,0,208.099,68,0,5,0.0
6849,116,9,10,1,72,60,0,115.624,70,0,5,0.0
6850,117,0,10,2,40,44,1,321.758,45,1,5,0.0
6851,117,1,10,2,40,44,1,347.647,53,1,5,0.0
6852,117,2,10,2,40,44,0,259.854,38,1,5,0.0
6853,117,3,10,2,40,44,0,284.912,37,1,5,0.0
6854,117,4,10,2,40,44,1,1621.052,41,0,5,0.0
6855,117,5,10,2,40,44,0,409.213,49,0,5,0.0
6856,117,6,10,2,40,44,1,214.192,45,0,5,0.0
6857,117,7,10,2,40,44,1,1424.666,53,0,5,0.0
6858,117,8,10,2,40,44,1,252.57800000000003,47,0,5,0.0
6859,117,9,10,2,40,44,1,0.36,27,0,5,0.0
6860,118,0,10,2,60,72,0,337.63300000000004,78,1,5,0.0
6861,118,1,10,2,60,72,0,418.597,58,1,5,0.0
6862,118,2,10,2,60,72,1,281.06199999999995,73,1,5,0.0
6863,118,3,10,2,60,72,1,374.507,72,1,5,0.0
6864,118,4,10,2,60,72,0,2196.456,64,0,5,0.0
6865,118,5,10,2,60,72,1,273.517,81,0,5,0.0
6866,118,6,10,2,60,72,1,608.9290000000001,72,0,5,0.0
6867,118,7,10,2,60,72,1,247.109,72,0,5,0.0
6868,118,8,10,2,60,72,1,433.947,69,0,5,0.0
6869,118,9,10,2,60,72,1,348.132,81,0,5,0.0
6870,119,0,5,2,40,60,1,616.726,58,1,5,0.0
6871,119,1,5,2,40,60,0,374.328,31,1,5,0.0
6872,119,2,5,2,40,60,0,2139.913,45,1,5,0.0
6873,119,3,5,2,40,60,1,580.068,53,1,5,0.0
6874,119,4,5,2,40,60,1,210.61,67,0,5,0.0
6875,120,0,10,2,60,80,1,933.661,70,1,5,0.0
6876,120,1,10,2,60,80,0,292.569,54,1,5,0.0
6877,120,2,10,2,60,80,0,342.817,66,1,5,0.0
6878,120,3,10,2,60,80,1,333.655,73,1,5,0.0
6879,120,4,10,2,60,80,1,372.941,77,0,5,0.0
6880,120,5,10,2,60,80,1,819.57,80,0,5,0.0
6881,120,6,10,2,60,80,1,96.25,83,0,5,0.0
6882,120,7,10,2,60,80,1,152.143,87,0,5,0.0
6883,120,8,10,2,60,80,1,197.445,79,0,5,0.0
6884,120,9,10,2,60,80,1,192.66,81,0,5,0.0
6885,121,0,5,2,60,40,0,525.75,60,1,5,0.0
6886,121,1,5,2,60,40,0,386.234,56,1,5,0.0
6887,121,2,5,2,60,40,1,358.60900000000004,28,1,5,0.0
6888,121,3,5,2,60,40,1,584.4209999999999,47,1,5,0.0
6889,121,4,5,2,60,40,0,84.85,75,0,5,0.0
6890,122,0,10,3,60,40,1,400.831,36,1,5,0.0
6891,122,1,10,3,60,40,1,403.415,39,1,5,0.0
6892,122,2,10,3,60,40,1,346.697,31,1,5,0.0
6893,122,3,10,3,60,40,0,463.668,67,1,5,0.0
6894,122,4,10,3,60,40,0,786.156,57,0,5,0.0
6895,122,5,10,3,60,40,0,254.387,45,0,5,0.0
6896,122,6,10,3,60,40,0,209.427,55,0,5,0.0
6897,122,7,10,3,60,40,0,214.279,57,0,5,0.0
6898,122,8,10,3,60,40,0,167.783,56,0,5,0.0
6899,122,9,10,3,60,40,0,92.839,69,0,5,0.0
6900,123,0,10,3,52,60,1,407.607,60,1,5,0.0
6901,123,1,10,3,52,60,1,482.244,60,1,5,0.0
6902,123,2,10,3,52,60,0,427.614,63,1,5,0.0
6903,123,3,10,3,52,60,1,638.521,55,1,5,0.0
6904,123,4,10,3,52,60,0,402.702,48,0,5,0.0
6905,123,5,10,3,52,60,1,295.869,66,0,5,0.0
6906,123,6,10,3,52,60,1,215.23,67,0,5,0.0
6907,123,7,10,3,52,60,1,122.427,71,0,5,0.0
6908,123,8,10,3,52,60,1,9.222,66,0,5,0.0
6909,123,9,10,3,52,60,1,53.307,48,0,5,0.0
6910,124,0,10,3,40,20,1,423.328,11,1,5,0.0
6911,124,1,10,3,40,20,0,258.891,30,1,5,0.0
6912,124,2,10,3,40,20,1,388.463,24,1,5,0.0
6913,124,3,10,3,40,20,1,495.675,24,1,5,0.0
6914,124,4,10,3,40,20,0,1921.998,37,0,5,0.0
6915,124,5,10,3,40,20,0,290.238,43,0,5,0.0
6916,124,6,10,3,40,20,0,340.16200000000003,44,0,5,0.0
6917,124,7,10,3,40,20,0,209.587,35,0,5,0.0
6918,124,8,10,3,40,20,0,173.666,38,0,5,0.0
6919,124,9,10,3,40,20,0,218.501,48,0,5,0.0
6920,125,0,5,3,60,40,1,574.631,39,1,5,0.0
6921,125,1,5,3,60,40,1,324.018,30,1,5,0.0
6922,125,2,5,3,60,40,1,309.393,53,1,5,0.0
6923,125,3,5,3,60,40,0,629.308,60,1,5,0.0
6924,125,4,5,3,60,40,0,290.085,68,0,5,0.0
6925,126,0,10,2,56,60,0,426.746,53,1,5,0.0
6926,126,1,10,2,56,60,1,254.148,58,1,5,0.0
6927,126,2,10,2,56,60,0,249.707,74,1,5,0.0
6928,126,3,10,2,56,60,1,319.007,59,1,5,0.0
6929,126,4,10,2,56,60,0,762.267,70,0,5,0.0
6930,126,5,10,2,56,60,1,480.662,52,0,5,0.0
6931,126,6,10,2,56,60,0,9.986,61,0,5,0.0
6932,126,7,10,2,56,60,0,0.5109999999999999,56,0,5,0.0
6933,126,8,10,2,56,60,0,0.354,46,0,5,0.0
6934,126,9,10,2,56,60,0,693.0600000000001,47,0,5,0.0
6935,127,0,5,2,40,48,0,421.37,39,1,5,0.0
6936,127,1,5,2,40,48,1,274.153,39,1,5,0.0
6937,127,2,5,2,40,48,1,544.126,44,1,5,0.0
6938,127,3,5,2,40,48,0,303.70399999999995,39,1,5,0.0
6939,127,4,5,2,40,48,1,513.5070000000001,46,0,5,0.0
6940,128,0,10,3,40,10,0,467.56,49,1,5,0.0
6941,128,1,10,3,40,10,1,275.75,3,1,5,0.0
6942,128,2,10,3,40,10,1,694.029,13,1,5,0.0
6943,128,3,10,3,40,10,1,350.86400000000003,19,1,5,0.0
6944,128,4,10,3,40,10,0,940.55,52,0,5,0.0
6945,128,5,10,3,40,10,0,156.89,45,0,5,0.0
6946,128,6,10,3,40,10,0,146.684,30,0,5,0.0
6947,128,7,10,3,40,10,0,72.158,37,0,5,0.0
6948,128,8,10,3,40,10,0,65.83,44,0,5,0.0
6949,128,9,10,3,40,10,0,65.916,46,0,5,0.0
6950,129,0,5,2,60,68,0,348.916,66,1,5,0.0
6951,129,1,5,2,60,68,0,451.6470000000001,58,1,5,0.0
6952,129,2,5,2,60,68,1,342.785,69,1,5,0.0
6953,129,3,5,2,60,68,1,1180.41,75,1,5,0.0
6954,129,4,5,2,60,68,1,474.915,55,0,5,0.0
6955,130,0,5,3,44,40,1,498.38,38,1,5,0.0
6956,130,1,5,3,44,40,1,438.664,35,1,5,0.0
6957,130,2,5,3,44,40,0,381.313,40,1,5,0.0
6958,130,3,5,3,44,40,1,517.13,48,1,5,0.0
6959,130,4,5,3,44,40,1,1156.528,38,0,5,0.0
6960,131,0,5,1,90,60,1,373.163,53,1,5,0.0
6961,131,1,5,1,90,60,0,345.9,99,1,5,0.0
6962,131,2,5,1,90,60,0,755.8979999999999,92,1,5,0.0
6963,131,3,5,1,90,60,0,407.972,93,1,5,0.0
6964,131,4,5,1,90,60,0,213.798,80,0,5,0.0
6965,132,0,5,2,40,20,0,505.165,52,1,5,0.0
6966,132,1,5,2,40,20,1,307.529,28,1,5,0.0
6967,132,2,5,2,40,20,1,3476.065,24,1,5,0.0
6968,132,3,5,2,40,20,0,350.859,35,1,5,0.0
6969,132,4,5,2,40,20,0,332.578,39,0,5,0.0
6970,133,0,5,3,48,40,1,404.897,46,1,5,0.0
6971,133,1,5,3,48,40,1,338.78200000000004,34,1,5,0.0
6972,133,2,5,3,48,40,0,528.632,44,1,5,0.0
6973,133,3,5,3,48,40,1,413.799,35,1,5,0.0
6974,133,4,5,3,48,40,0,258.954,38,0,5,0.0
6975,134,0,5,3,90,60,0,359.326,85,1,5,0.0
6976,134,1,5,3,90,60,1,287.759,58,1,5,0.0
6977,134,2,5,3,90,60,1,764.741,57,1,5,0.0
6978,134,3,5,3,90,60,1,789.0350000000001,69,1,5,0.0
6979,134,4,5,3,90,60,0,722.466,91,0,5,0.0
6980,135,0,5,2,72,60,0,403.09,65,1,5,0.0
6981,135,1,5,2,72,60,1,359.136,59,1,5,0.0
6982,135,2,5,2,72,60,0,402.027,71,1,5,0.0
6983,135,3,5,2,72,60,1,371.661,58,1,5,0.0
6984,135,4,5,2,72,60,0,248.754,82,0,5,0.0
6985,136,0,5,2,52,40,0,371.675,46,1,5,0.0
6986,136,1,5,2,52,40,0,461.738,51,1,5,0.0
6987,136,2,5,2,52,40,1,698.746,43,1,5,0.0
6988,136,3,5,2,52,40,1,1330.231,39,1,5,0.0
6989,136,4,5,2,52,40,0,297.361,51,0,5,0.0
6990,137,0,10,1,60,64,0,428.827,48,1,5,0.0
6991,137,1,10,1,60,64,1,285.609,72,1,5,0.0
6992,137,2,10,1,60,64,0,299.78900000000004,54,1,5,0.0
6993,137,3,10,1,60,64,0,487.054,56,1,5,0.0
6994,137,4,10,1,60,64,1,282.355,71,0,5,0.0
6995,137,5,10,1,60,64,1,27.331,52,0,5,0.0
6996,137,6,10,1,60,64,1,0.653,60,0,5,0.0
6997,137,7,10,1,60,64,1,802.452,64,0,5,0.0
6998,137,8,10,1,60,64,1,406.88,62,0,5,0.0
6999,137,9,10,1,60,64,1,0.566,65,0,5,0.0
7000,138,0,10,3,60,40,1,387.425,47,1,5,0.0
7001,138,1,10,3,60,40,1,403.977,40,1,5,0.0
7002,138,2,10,3,60,40,1,467.032,39,1,5,0.0
7003,138,3,10,3,60,40,0,646.3100000000001,59,1,5,0.0
7004,138,4,10,3,60,40,0,2244.217,59,0,5,0.0
7005,138,5,10,3,60,40,0,30.835,61,0,5,0.0
7006,138,6,10,3,60,40,0,90.393,61,0,5,0.0
7007,138,7,10,3,60,40,0,250.531,67,0,5,0.0
7008,138,8,10,3,60,40,0,61.398,66,0,5,0.0
7009,138,9,10,3,60,40,0,6.376,61,0,5,0.0
7010,139,0,10,3,48,60,0,1225.845,38,1,5,0.0
7011,139,1,10,3,48,60,1,1350.793,69,1,5,0.0
7012,139,2,10,3,48,60,1,350.327,64,1,5,0.0
7013,139,3,10,3,48,60,1,363.768,59,1,5,0.0
7014,139,4,10,3,48,60,1,1409.3960000000002,67,0,5,0.0
7015,139,5,10,3,48,60,1,1117.803,68,0,5,0.0
7016,139,6,10,3,48,60,1,533.614,63,0,5,0.0
7017,139,7,10,3,48,60,1,1036.728,65,0,5,0.0
7018,139,8,10,3,48,60,1,446.984,63,0,5,0.0
7019,139,9,10,3,48,60,1,241.409,61,0,5,0.0
7020,140,0,10,1,30,60,0,642.904,26,1,5,0.0
7021,140,1,10,1,30,60,1,277.319,64,1,5,0.0
7022,140,2,10,1,30,60,0,291.005,22,1,5,0.0
7023,140,3,10,1,30,60,0,402.997,37,1,5,0.0
7024,140,4,10,1,30,60,1,446.577,39,0,5,0.0
7025,140,5,10,1,30,60,1,145.651,60,0,5,0.0
7026,140,6,10,1,30,60,1,87.22399999999999,69,0,5,0.0
7027,140,7,10,1,30,60,1,168.526,65,0,5,0.0
7028,140,8,10,1,30,60,1,142.828,60,0,5,0.0
7029,140,9,10,1,30,60,1,108.242,55,0,5,0.0
7030,141,0,10,1,32,40,0,4828.721,29,1,5,0.0
7031,141,1,10,1,32,40,0,392.698,30,1,5,0.0
7032,141,2,10,1,32,40,0,335.621,36,1,5,0.0
7033,141,3,10,1,32,40,1,511.097,29,1,5,0.0
7034,141,4,10,1,32,40,0,2135.164,29,0,5,0.0
7035,141,5,10,1,32,40,1,303.325,26,0,5,0.0
7036,141,6,10,1,32,40,0,263.907,30,0,5,0.0
7037,141,7,10,1,32,40,0,128.935,28,0,5,0.0
7038,141,8,10,1,32,40,0,127.67,33,0,5,0.0
7039,141,9,10,1,32,40,0,78.503,36,0,5,0.0
7040,142,0,5,1,64,60,0,432.198,53,1,5,0.0
7041,142,1,5,1,64,60,1,276.238,60,1,5,0.0
7042,142,2,5,1,64,60,0,276.755,73,1,5,0.0
7043,142,3,5,1,64,60,0,1326.226,59,1,5,0.0
7044,142,4,5,1,64,60,0,0.527,56,0,5,0.0
7045,143,0,10,2,60,40,1,400.39,34,1,5,0.0
7046,143,1,10,2,60,40,1,894.386,35,1,5,0.0
7047,143,2,10,2,60,40,0,286.564,60,1,5,0.0
7048,143,3,10,2,60,40,0,305.71700000000004,53,1,5,0.0
7049,143,4,10,2,60,40,1,322.28200000000004,31,0,5,0.0
7050,143,5,10,2,60,40,0,512.923,65,0,5,0.0
7051,143,6,10,2,60,40,0,144.784,74,0,5,0.0
7052,143,7,10,2,60,40,0,151.115,61,0,5,0.0
7053,143,8,10,2,60,40,0,316.204,61,0,5,0.0
7054,143,9,10,2,60,40,0,180.461,63,0,5,0.0
7055,144,0,10,1,60,80,1,587.82,75,1,5,0.0
7056,144,1,10,1,60,80,0,221.775,61,1,5,0.0
7057,144,2,10,1,60,80,0,571.526,64,1,5,0.0
7058,144,3,10,1,60,80,0,369.066,48,1,5,0.0
7059,144,4,10,1,60,80,1,255.404,99,0,5,0.0
7060,144,5,10,1,60,80,1,192.191,80,0,5,0.0
7061,144,6,10,1,60,80,1,148.857,87,0,5,0.0
7062,144,7,10,1,60,80,1,163.619,83,0,5,0.0
7063,144,8,10,1,60,80,1,224.438,99,0,5,0.0
7064,144,9,10,1,60,80,1,195.126,72,0,5,0.0
7065,145,0,10,2,60,56,0,526.636,52,1,5,0.0
7066,145,1,10,2,60,56,1,270.982,58,1,5,0.0
7067,145,2,10,2,60,56,1,674.7990000000001,47,1,5,0.0
7068,145,3,10,2,60,56,0,291.821,48,1,5,0.0
7069,145,4,10,2,60,56,1,301.702,50,0,5,0.0
7070,145,5,10,2,60,56,0,1470.253,70,0,5,0.0
7071,145,6,10,2,60,56,0,423.715,59,0,5,0.0
7072,145,7,10,2,60,56,0,762.719,69,0,5,0.0
7073,145,8,10,2,60,56,0,504.013,67,0,5,0.0
7074,145,9,10,2,60,56,0,231.892,56,0,5,0.0
7075,146,0,10,2,60,90,1,490.811,91,1,5,0.0
7076,146,1,10,2,60,90,0,324.788,59,1,5,0.0
7077,146,2,10,2,60,90,1,299.625,82,1,5,0.0
7078,146,3,10,2,60,90,0,227.351,46,1,5,0.0
7079,146,4,10,2,60,90,1,214.276,96,0,5,0.0
7080,146,5,10,2,60,90,1,185.181,99,0,5,0.0
7081,146,6,10,2,60,90,1,174.33100000000002,82,0,5,0.0
7082,146,7,10,2,60,90,1,228.388,88,0,5,0.0
7083,146,8,10,2,60,90,1,158.653,91,0,5,0.0
7084,146,9,10,2,60,90,1,156.26100000000002,99,0,5,0.0
7085,147,0,10,3,60,64,0,380.506,52,1,5,0.0
7086,147,1,10,3,60,64,1,271.387,68,1,5,0.0
7087,147,2,10,3,60,64,1,818.1469999999999,59,1,5,0.0
7088,147,3,10,3,60,64,1,533.116,58,1,5,0.0
7089,147,4,10,3,60,64,1,588.915,63,0,5,0.0
7090,147,5,10,3,60,64,0,642.8190000000001,60,0,5,0.0
7091,147,6,10,3,60,64,1,261.636,63,0,5,0.0
7092,147,7,10,3,60,64,0,270.19,56,0,5,0.0
7093,147,8,10,3,60,64,1,241.549,71,0,5,0.0
7094,147,9,10,3,60,64,1,26.1,51,0,5,0.0
7095,148,0,10,3,72,60,1,510.984,57,1,5,0.0
7096,148,1,10,3,72,60,1,359.039,69,1,5,0.0
7097,148,2,10,3,72,60,1,277.185,70,1,5,0.0
7098,148,3,10,3,72,60,0,487.584,74,1,5,0.0
7099,148,4,10,3,72,60,0,1040.578,66,0,5,0.0
7100,148,5,10,3,72,60,1,364.27,54,0,5,0.0
7101,148,6,10,3,72,60,0,233.315,89,0,5,0.0
7102,148,7,10,3,72,60,0,52.427,73,0,5,0.0
7103,148,8,10,3,72,60,0,182.107,68,0,5,0.0
7104,148,9,10,3,72,60,0,130.28699999999998,77,0,5,0.0
7105,149,0,5,2,32,40,0,389.179,29,1,5,0.0
7106,149,1,5,2,32,40,1,249.282,30,1,5,0.0
7107,149,2,5,2,32,40,1,633.715,21,1,5,0.0
7108,149,3,5,2,32,40,0,732.785,19,1,5,0.0
7109,149,4,5,2,32,40,1,1795.944,30,0,5,0.0
7110,150,0,10,2,20,40,0,523.894,28,1,5,0.0
7111,150,1,10,2,20,40,1,311.199,27,1,5,0.0
7112,150,2,10,2,20,40,0,272.50600000000003,19,1,5,0.0
7113,150,3,10,2,20,40,1,322.022,36,1,5,0.0
7114,150,4,10,2,20,40,1,254.363,28,0,5,0.0
7115,150,5,10,2,20,40,1,205.464,46,0,5,0.0
7116,150,6,10,2,20,40,1,145.208,25,0,5,0.0
7117,150,7,10,2,20,40,1,240.37,36,0,5,0.0
7118,150,8,10,2,20,40,1,177.44,41,0,5,0.0
7119,150,9,10,2,20,40,1,159.69,34,0,5,0.0
7120,151,0,10,2,60,52,0,380.164,66,1,5,0.0
7121,151,1,10,2,60,52,1,211.009,51,1,5,0.0
7122,151,2,10,2,60,52,0,238.96,55,1,5,0.0
7123,151,3,10,2,60,52,1,219.192,47,1,5,0.0
7124,151,4,10,2,60,52,0,670.421,60,0,5,0.0
7125,151,5,10,2,60,52,0,209.158,41,0,5,0.0
7126,151,6,10,2,60,52,1,276.41700000000003,44,0,5,0.0
7127,151,7,10,2,60,52,0,180.928,48,0,5,0.0
7128,151,8,10,2,60,52,1,306.723,50,0,5,0.0
7129,151,9,10,2,60,52,0,265.889,68,0,5,0.0
7130,152,0,5,3,64,60,1,459.886,69,1,5,0.0
7131,152,1,5,3,64,60,1,701.9720000000001,64,1,5,0.0
7132,152,2,5,3,64,60,0,274.459,68,1,5,0.0
7133,152,3,5,3,64,60,1,319.485,52,1,5,0.0
7134,152,4,5,3,64,60,0,1520.682,71,0,5,0.0
7135,153,0,10,2,28,40,1,487.814,48,1,5,0.0
7136,153,1,10,2,28,40,1,409.976,50,1,5,0.0
7137,153,2,10,2,28,40,0,510.722,38,1,5,0.0
7138,153,3,10,2,28,40,0,718.362,21,1,5,0.0
7139,153,4,10,2,28,40,1,1774.268,33,0,5,0.0
7140,153,5,10,2,28,40,1,1971.623,53,0,5,0.0
7141,153,6,10,2,28,40,1,8258.739,41,0,5,0.0
7142,153,7,10,2,28,40,1,692.504,42,0,5,0.0
7143,153,8,10,2,28,40,1,102.155,48,0,5,0.0
7144,153,9,10,2,28,40,1,189.301,43,0,5,0.0
7145,154,0,5,2,40,44,0,512.892,47,1,5,0.0
7146,154,1,5,2,40,44,1,225.836,46,1,5,0.0
7147,154,2,5,2,40,44,0,222.304,45,1,5,0.0
7148,154,3,5,2,40,44,1,250.209,37,1,5,0.0
7149,154,4,5,2,40,44,0,692.188,27,0,5,0.0
7150,155,0,10,2,60,30,1,575.419,37,1,5,0.0
7151,155,1,10,2,60,30,0,261.308,60,1,5,0.0
7152,155,2,10,2,60,30,1,233.497,28,1,5,0.0
7153,155,3,10,2,60,30,0,322.906,54,1,5,0.0
7154,155,4,10,2,60,30,0,849.601,72,0,5,0.0
7155,155,5,10,2,60,30,0,149.478,63,0,5,0.0
7156,155,6,10,2,60,30,0,139.017,60,0,5,0.0
7157,155,7,10,2,60,30,0,160.81799999999998,64,0,5,0.0
7158,155,8,10,2,60,30,0,159.30700000000002,68,0,5,0.0
7159,155,9,10,2,60,30,0,187.873,60,0,5,0.0
7160,156,0,10,2,32,40,0,364.798,40,1,5,0.0
7161,156,1,10,2,32,40,1,207.341,47,1,5,0.0
7162,156,2,10,2,32,40,1,605.764,50,1,5,0.0
7163,156,3,10,2,32,40,0,391.563,36,1,5,0.0
7164,156,4,10,2,32,40,1,269.902,36,0,5,0.0
7165,156,5,10,2,32,40,1,0.612,26,0,5,0.0
7166,156,6,10,2,32,40,1,0.501,57,0,5,0.0
7167,156,7,10,2,32,40,1,15.825,40,0,5,0.0
7168,156,8,10,2,32,40,1,34.772,43,0,5,0.0
7169,156,9,10,2,32,40,1,84.735,41,0,5,0.0
7170,157,0,10,1,60,40,0,406.991,90,1,5,0.0
7171,157,1,10,1,60,40,1,191.226,44,1,5,0.0
7172,157,2,10,1,60,40,0,57.034,46,1,5,0.0
7173,157,3,10,1,60,40,0,400.791,64,1,5,0.0
7174,157,4,10,1,60,40,0,280.869,54,0,5,0.0
7175,157,5,10,1,60,40,0,480.928,63,0,5,0.0
7176,157,6,10,1,60,40,0,210.809,58,0,5,0.0
7177,157,7,10,1,60,40,0,214.002,75,0,5,0.0
7178,157,8,10,1,60,40,0,169.064,66,0,5,0.0
7179,157,9,10,1,60,40,0,102.333,59,0,5,0.0
7180,158,0,10,2,68,60,0,381.413,90,1,5,0.0
7181,158,1,10,2,68,60,1,229.058,58,1,5,0.0
7182,158,2,10,2,68,60,1,1248.716,65,1,5,0.0
7183,158,3,10,2,68,60,0,282.55400000000003,62,1,5,0.0
7184,158,4,10,2,68,60,1,268.098,57,0,5,0.0
7185,158,5,10,2,68,60,0,253.96400000000003,78,0,5,0.0
7186,158,6,10,2,68,60,0,271.43,57,0,5,0.0
7187,158,7,10,2,68,60,0,194.041,65,0,5,0.0
7188,158,8,10,2,68,60,0,222.34,80,0,5,0.0
7189,158,9,10,2,68,60,0,247.897,62,0,5,0.0
7190,159,0,10,2,48,40,0,347.476,43,1,5,0.0
7191,159,1,10,2,48,40,0,619.088,44,1,5,0.0
7192,159,2,10,2,48,40,1,684.629,46,1,5,0.0
7193,159,3,10,2,48,40,1,686.8919999999999,40,1,5,0.0
7194,159,4,10,2,48,40,0,752.404,39,0,5,0.0
7195,159,5,10,2,48,40,1,190.637,46,0,5,0.0
7196,159,6,10,2,48,40,1,266.381,49,0,5,0.0
7197,159,7,10,2,48,40,1,172.54,42,0,5,0.0
7198,159,8,10,2,48,40,1,168.96,43,0,5,0.0
7199,159,9,10,2,48,40,1,108.19,24,0,5,0.0
7200,0,0,10,2,28,40,0,1224.457,17,1,6,1.0
7201,0,1,10,2,28,40,1,588.186,32,1,6,1.0
7202,0,2,10,2,28,40,1,539.763,42,1,6,1.0
7203,0,3,10,2,28,40,0,516.111,20,1,6,1.0
7204,0,4,10,2,28,40,0,1620.301,38,0,6,1.0
7205,0,5,10,2,28,40,1,1513.2779999999998,56,0,6,1.0
7206,0,6,10,2,28,40,1,466.36,45,0,6,1.0
7207,0,7,10,2,28,40,1,923.609,46,0,6,1.0
7208,0,8,10,2,28,40,0,1315.811,16,0,6,1.0
7209,0,9,10,2,28,40,1,259.891,31,0,6,1.0
7210,1,0,5,3,40,44,1,1197.084,29,1,6,1.0
7211,1,1,5,3,40,44,1,661.332,48,1,6,1.0
7212,1,2,5,3,40,44,0,688.2230000000001,46,1,6,1.0
7213,1,3,5,3,40,44,1,811.578,34,1,6,1.0
7214,1,4,5,3,40,44,0,6824.573,35,0,6,1.0
7215,2,0,5,1,36,40,0,708.992,31,1,6,1.0
7216,2,1,5,1,36,40,0,472.472,42,1,6,1.0
7217,2,2,5,1,36,40,1,563.3240000000001,31,1,6,1.0
7218,2,3,5,1,36,40,0,929.81,34,1,6,1.0
7219,2,4,5,1,36,40,0,2522.253,19,0,6,1.0
7220,3,0,5,2,52,60,0,663.199,54,1,6,1.0
7221,3,1,5,2,52,60,0,445.395,40,1,6,1.0
7222,3,2,5,2,52,60,1,412.084,55,1,6,1.0
7223,3,3,5,2,52,60,1,646.64,53,1,6,1.0
7224,3,4,5,2,52,60,1,1617.38,50,0,6,1.0
7225,4,0,10,3,32,40,1,600.511,35,1,6,1.0
7226,4,1,10,3,32,40,0,459.887,25,1,6,1.0
7227,4,2,10,3,32,40,1,384.996,46,1,6,1.0
7228,4,3,10,3,32,40,1,366.52,41,1,6,1.0
7229,4,4,10,3,32,40,1,2053.076,40,0,6,1.0
7230,4,5,10,3,32,40,0,6201.054,21,0,6,1.0
7231,4,6,10,3,32,40,1,1384.681,42,0,6,1.0
7232,4,7,10,3,32,40,1,4034.133,42,0,6,1.0
7233,4,8,10,3,32,40,0,1214.61,42,0,6,1.0
7234,4,9,10,3,32,40,0,1194.55,24,0,6,1.0
7235,5,0,5,1,40,20,1,511.336,11,1,6,1.0
7236,5,1,5,1,40,20,0,449.861,40,1,6,1.0
7237,5,2,5,1,40,20,0,409.423,46,1,6,1.0
7238,5,3,5,1,40,20,0,970.401,24,1,6,1.0
7239,5,4,5,1,40,20,1,497.706,10,0,6,1.0
7240,6,0,5,1,32,40,1,468.417,46,1,6,1.0
7241,6,1,5,1,32,40,0,334.765,25,1,6,1.0
7242,6,2,5,1,32,40,0,219.779,36,1,6,1.0
7243,6,3,5,1,32,40,0,251.987,38,1,6,1.0
7244,6,4,5,1,32,40,0,806.4839999999999,34,0,6,1.0
7245,7,0,5,2,64,60,0,309.39,77,1,6,1.0
7246,7,1,5,2,64,60,1,612.649,59,1,6,1.0
7247,7,2,5,2,64,60,0,326.184,62,1,6,1.0
7248,7,3,5,2,64,60,1,325.106,65,1,6,1.0
7249,7,4,5,2,64,60,0,2029.055,68,0,6,1.0
7250,8,0,10,2,40,48,1,465.975,47,1,6,1.0
7251,8,1,10,2,40,48,1,260.478,29,1,6,1.0
7252,8,2,10,2,40,48,0,443.354,48,1,6,1.0
7253,8,3,10,2,40,48,0,260.752,61,1,6,1.0
7254,8,4,10,2,40,48,0,263.37699999999995,41,0,6,1.0
7255,8,5,10,2,40,48,1,2081.907,53,0,6,1.0
7256,8,6,10,2,40,48,1,900.371,46,0,6,1.0
7257,8,7,10,2,40,48,1,844.309,37,0,6,1.0
7258,8,8,10,2,40,48,1,343.067,56,0,6,1.0
7259,8,9,10,2,40,48,1,326.64300000000003,56,0,6,1.0
7260,9,0,10,3,48,40,1,453.742,50,1,6,1.0
7261,9,1,10,3,48,40,1,489.84,37,1,6,1.0
7262,9,2,10,3,48,40,1,475.897,45,1,6,1.0
7263,9,3,10,3,48,40,0,32.126000000000005,62,1,6,1.0
7264,9,4,10,3,48,40,0,267.152,46,0,6,1.0
7265,9,5,10,3,48,40,0,189.703,47,0,6,1.0
7266,9,6,10,3,48,40,0,164.345,44,0,6,1.0
7267,9,7,10,3,48,40,0,321.344,60,0,6,1.0
7268,9,8,10,3,48,40,1,521.718,58,0,6,1.0
7269,9,9,10,3,48,40,0,1225.781,49,0,6,1.0
7270,10,0,10,3,60,72,1,381.786,65,1,6,1.0
7271,10,1,10,3,60,72,0,276.142,58,1,6,1.0
7272,10,2,10,3,60,72,1,327.04299999999995,74,1,6,1.0
7273,10,3,10,3,60,72,1,383.499,78,1,6,1.0
7274,10,4,10,3,60,72,1,565.341,71,0,6,1.0
7275,10,5,10,3,60,72,1,307.934,68,0,6,1.0
7276,10,6,10,3,60,72,1,1301.064,73,0,6,1.0
7277,10,7,10,3,60,72,1,309.745,79,0,6,1.0
7278,10,8,10,3,60,72,1,285.815,80,0,6,1.0
7279,10,9,10,3,60,72,1,167.647,71,0,6,1.0
7280,11,0,10,2,60,30,0,637.8439999999999,68,1,6,1.0
7281,11,1,10,2,60,30,0,244.615,69,1,6,1.0
7282,11,2,10,2,60,30,1,479.399,35,1,6,1.0
7283,11,3,10,2,60,30,1,520.079,39,1,6,1.0
7284,11,4,10,2,60,30,1,353.562,30,0,6,1.0
7285,11,5,10,2,60,30,0,616.888,55,0,6,1.0
7286,11,6,10,2,60,30,0,133.646,77,0,6,1.0
7287,11,7,10,2,60,30,0,30.298,44,0,6,1.0
7288,11,8,10,2,60,30,0,297.644,52,0,6,1.0
7289,11,9,10,2,60,30,0,121.573,63,0,6,1.0
7290,12,0,5,2,40,70,0,417.147,48,1,6,1.0
7291,12,1,5,2,40,70,1,255.637,82,1,6,1.0
7292,12,2,5,2,40,70,1,310.565,67,1,6,1.0
7293,12,3,5,2,40,70,0,364.808,41,1,6,1.0
7294,12,4,5,2,40,70,1,171.55599999999998,84,0,6,1.0
7295,13,0,5,2,52,40,0,634.345,54,1,6,1.0
7296,13,1,5,2,52,40,1,207.175,35,1,6,1.0
7297,13,2,5,2,52,40,1,259.488,23,1,6,1.0
7298,13,3,5,2,52,40,0,215.302,60,1,6,1.0
7299,13,4,5,2,52,40,0,309.114,56,0,6,1.0
7300,14,0,5,2,60,40,0,406.26,57,1,6,1.0
7301,14,1,5,2,60,40,1,164.83100000000002,31,1,6,1.0
7302,14,2,5,2,60,40,1,218.756,34,1,6,1.0
7303,14,3,5,2,60,40,0,238.876,50,1,6,1.0
7304,14,4,5,2,60,40,0,698.909,68,0,6,1.0
7305,15,0,10,2,90,60,1,494.053,53,1,6,1.0
7306,15,1,10,2,90,60,1,503.0750000000001,61,1,6,1.0
7307,15,2,10,2,90,60,0,648.058,81,1,6,1.0
7308,15,3,10,2,90,60,0,284.63100000000003,89,1,6,1.0
7309,15,4,10,2,90,60,0,399.462,83,0,6,1.0
7310,15,5,10,2,90,60,0,131.012,85,0,6,1.0
7311,15,6,10,2,90,60,0,395.951,87,0,6,1.0
7312,15,7,10,2,90,60,0,33.783,98,0,6,1.0
7313,15,8,10,2,90,60,0,0.539,95,0,6,1.0
7314,15,9,10,2,90,60,0,447.634,92,0,6,1.0
7315,16,0,10,1,30,60,0,522.983,29,1,6,1.0
7316,16,1,10,1,30,60,1,85.53099999999999,47,1,6,1.0
7317,16,2,10,1,30,60,0,262.62,24,1,6,1.0
7318,16,3,10,1,30,60,0,345.825,19,1,6,1.0
7319,16,4,10,1,30,60,1,240.956,69,0,6,1.0
7320,16,5,10,1,30,60,1,347.687,60,0,6,1.0
7321,16,6,10,1,30,60,1,341.486,44,0,6,1.0
7322,16,7,10,1,30,60,1,260.377,60,0,6,1.0
7323,16,8,10,1,30,60,1,46.085,64,0,6,1.0
7324,16,9,10,1,30,60,1,0.619,44,0,6,1.0
7325,17,0,10,3,60,52,1,364.844,45,1,6,1.0
7326,17,1,10,3,60,52,0,388.9500000000001,59,1,6,1.0
7327,17,2,10,3,60,52,1,403.547,48,1,6,1.0
7328,17,3,10,3,60,52,1,135.126,63,1,6,1.0
7329,17,4,10,3,60,52,1,0.5429999999999999,63,0,6,1.0
7330,17,5,10,3,60,52,1,0.655,46,0,6,1.0
7331,17,6,10,3,60,52,1,322.916,47,0,6,1.0
7332,17,7,10,3,60,52,1,97.783,63,0,6,1.0
7333,17,8,10,3,60,52,1,0.643,54,0,6,1.0
7334,17,9,10,3,60,52,1,0.494,53,0,6,1.0
7335,18,0,5,3,20,40,1,387.852,47,1,6,1.0
7336,18,1,5,3,20,40,1,378.308,33,1,6,1.0
7337,18,2,5,3,20,40,0,158.239,26,1,6,1.0
7338,18,3,5,3,20,40,1,526.556,35,1,6,1.0
7339,18,4,5,3,20,40,0,824.53,34,0,6,1.0
7340,19,0,10,2,40,36,1,333.335,37,1,6,1.0
7341,19,1,10,2,40,36,0,212.886,38,1,6,1.0
7342,19,2,10,2,40,36,1,308.334,23,1,6,1.0
7343,19,3,10,2,40,36,0,595.6550000000001,27,1,6,1.0
7344,19,4,10,2,40,36,1,80.069,41,0,6,1.0
7345,19,5,10,2,40,36,1,165.032,33,0,6,1.0
7346,19,6,10,2,40,36,0,355.494,44,0,6,1.0
7347,19,7,10,2,40,36,0,706.472,45,0,6,1.0
7348,19,8,10,2,40,36,0,314.415,49,0,6,1.0
7349,19,9,10,2,40,36,0,105.764,37,0,6,1.0
7350,20,0,5,2,56,60,1,183.762,66,1,6,1.0
7351,20,1,5,2,56,60,0,33.643,54,1,6,1.0
7352,20,2,5,2,56,60,1,38.835,61,1,6,1.0
7353,20,3,5,2,56,60,0,538.419,49,1,6,1.0
7354,20,4,5,2,56,60,1,497.896,53,0,6,1.0
7355,21,0,5,2,48,40,1,261.107,42,1,6,1.0
7356,21,1,5,2,48,40,0,200.019,41,1,6,1.0
7357,21,2,5,2,48,40,1,173.933,44,1,6,1.0
7358,21,3,5,2,48,40,0,222.102,55,1,6,1.0
7359,21,4,5,2,48,40,0,1113.215,44,0,6,1.0
7360,22,0,5,3,40,36,1,419.423,42,1,6,1.0
7361,22,1,5,3,40,36,1,534.967,29,1,6,1.0
7362,22,2,5,3,40,36,0,0.467,46,1,6,1.0
7363,22,3,5,3,40,36,1,339.38800000000003,41,1,6,1.0
7364,22,4,5,3,40,36,1,374.067,36,0,6,1.0
7365,23,0,5,2,60,40,1,452.395,39,1,6,1.0
7366,23,1,5,2,60,40,0,0.503,76,1,6,1.0
7367,23,2,5,2,60,40,0,509.079,69,1,6,1.0
7368,23,3,5,2,60,40,1,519.069,40,1,6,1.0
7369,23,4,5,2,60,40,0,712.3159999999999,60,0,6,1.0
7370,24,0,10,1,70,40,1,473.846,40,1,6,1.0
7371,24,1,10,1,70,40,0,211.567,65,1,6,1.0
7372,24,2,10,1,70,40,0,617.038,81,1,6,1.0
7373,24,3,10,1,70,40,0,469.873,63,1,6,1.0
7374,24,4,10,1,70,40,0,680.045,68,0,6,1.0
7375,24,5,10,1,70,40,0,1931.45,59,0,6,1.0
7376,24,6,10,1,70,40,0,2115.817,78,0,6,1.0
7377,24,7,10,1,70,40,0,347.834,68,0,6,1.0
7378,24,8,10,1,70,40,0,89.99,75,0,6,1.0
7379,24,9,10,1,70,40,0,234.711,63,0,6,1.0
7380,25,0,10,2,60,64,0,728.054,57,1,6,1.0
7381,25,1,10,2,60,64,1,256.907,67,1,6,1.0
7382,25,2,10,2,60,64,0,172.256,62,1,6,1.0
7383,25,3,10,2,60,64,1,147.40900000000002,70,1,6,1.0
7384,25,4,10,2,60,64,1,203.077,56,0,6,1.0
7385,25,5,10,2,60,64,1,199.825,73,0,6,1.0
7386,25,6,10,2,60,64,1,100.87,59,0,6,1.0
7387,25,7,10,2,60,64,1,54.171,60,0,6,1.0
7388,25,8,10,2,60,64,1,0.555,61,0,6,1.0
7389,25,9,10,2,60,64,1,37.115,68,0,6,1.0
7390,26,0,10,3,56,60,1,263.179,63,1,6,1.0
7391,26,1,10,3,56,60,1,356.611,66,1,6,1.0
7392,26,2,10,3,56,60,1,194.998,61,1,6,1.0
7393,26,3,10,3,56,60,0,168.52700000000002,43,1,6,1.0
7394,26,4,10,3,56,60,1,246.471,68,0,6,1.0
7395,26,5,10,3,56,60,0,0.558,56,0,6,1.0
7396,26,6,10,3,56,60,1,56.089,71,0,6,1.0
7397,26,7,10,3,56,60,1,56.993,60,0,6,1.0
7398,26,8,10,3,56,60,1,99.439,64,0,6,1.0
7399,26,9,10,3,56,60,1,0.623,69,0,6,1.0
7400,27,0,10,2,70,40,0,520.957,63,1,6,1.0
7401,27,1,10,2,70,40,1,147.987,27,1,6,1.0
7402,27,2,10,2,70,40,0,0.4589999999999999,75,1,6,1.0
7403,27,3,10,2,70,40,1,521.725,31,1,6,1.0
7404,27,4,10,2,70,40,0,81.963,65,0,6,1.0
7405,27,5,10,2,70,40,0,44.213,72,0,6,1.0
7406,27,6,10,2,70,40,0,39.593,76,0,6,1.0
7407,27,7,10,2,70,40,0,0.596,59,0,6,1.0
7408,27,8,10,2,70,40,0,13.377,71,0,6,1.0
7409,27,9,10,2,70,40,0,26.284,71,0,6,1.0
7410,28,0,5,2,48,60,0,364.548,48,1,6,1.0
7411,28,1,5,2,48,60,0,569.232,54,1,6,1.0
7412,28,2,5,2,48,60,1,482.814,62,1,6,1.0
7413,28,3,5,2,48,60,1,398.002,68,1,6,1.0
7414,28,4,5,2,48,60,0,674.988,45,0,6,1.0
7415,29,0,10,1,60,64,1,526.7570000000001,54,1,6,1.0
7416,29,1,10,1,60,64,0,455.744,73,1,6,1.0
7417,29,2,10,1,60,64,0,136.505,68,1,6,1.0
7418,29,3,10,1,60,64,0,15.943,67,1,6,1.0
7419,29,4,10,1,60,64,0,0.501,63,0,6,1.0
7420,29,5,10,1,60,64,0,91.806,61,0,6,1.0
7421,29,6,10,1,60,64,0,86.108,61,0,6,1.0
7422,29,7,10,1,60,64,0,39.678,53,0,6,1.0
7423,29,8,10,1,60,64,0,10.155,60,0,6,1.0
7424,29,9,10,1,60,64,0,253.027,67,0,6,1.0
7425,30,0,10,1,90,60,0,546.1519999999999,91,1,6,1.0
7426,30,1,10,1,90,60,1,322.72200000000004,68,1,6,1.0
7427,30,2,10,1,90,60,0,0.318,93,1,6,1.0
7428,30,3,10,1,90,60,0,577.476,78,1,6,1.0
7429,30,4,10,1,90,60,1,135.683,65,0,6,1.0
7430,30,5,10,1,90,60,0,0.5429999999999999,97,0,6,1.0
7431,30,6,10,1,90,60,0,164.08700000000002,95,0,6,1.0
7432,30,7,10,1,90,60,1,172.149,51,0,6,1.0
7433,30,8,10,1,90,60,0,424.292,95,0,6,1.0
7434,30,9,10,1,90,60,0,308.571,86,0,6,1.0
7435,31,0,5,2,60,80,1,813.076,90,1,6,1.0
7436,31,1,5,2,60,80,0,155.529,52,1,6,1.0
7437,31,2,5,2,60,80,1,26.145000000000003,73,1,6,1.0
7438,31,3,5,2,60,80,0,555.808,55,1,6,1.0
7439,31,4,5,2,60,80,0,335.906,52,0,6,1.0
7440,32,0,5,2,60,80,1,415.001,91,1,6,1.0
7441,32,1,5,2,60,80,0,644.688,51,1,6,1.0
7442,32,2,5,2,60,80,1,225.939,80,1,6,1.0
7443,32,3,5,2,60,80,0,478.041,46,1,6,1.0
7444,32,4,5,2,60,80,1,200.106,87,0,6,1.0
7445,33,0,5,2,40,60,1,367.826,58,1,6,1.0
7446,33,1,5,2,40,60,1,435.516,59,1,6,1.0
7447,33,2,5,2,40,60,0,209.477,42,1,6,1.0
7448,33,3,5,2,40,60,0,155.919,43,1,6,1.0
7449,33,4,5,2,40,60,1,267.22200000000004,60,0,6,1.0
7450,34,0,5,3,40,28,1,383.22,30,1,6,1.0
7451,34,1,5,3,40,28,1,259.069,35,1,6,1.0
7452,34,2,5,3,40,28,1,505.767,24,1,6,1.0
7453,34,3,5,3,40,28,0,274.10200000000003,31,1,6,1.0
7454,34,4,5,3,40,28,1,213.801,32,0,6,1.0
7455,35,0,10,2,44,40,0,778.04,45,1,6,1.0
7456,35,1,10,2,44,40,0,193.913,43,1,6,1.0
7457,35,2,10,2,44,40,1,457.531,41,1,6,1.0
7458,35,3,10,2,44,40,1,410.024,27,1,6,1.0
7459,35,4,10,2,44,40,0,1311.176,30,0,6,1.0
7460,35,5,10,2,44,40,0,1848.338,46,0,6,1.0
7461,35,6,10,2,44,40,1,851.854,45,0,6,1.0
7462,35,7,10,2,44,40,0,221.463,22,0,6,1.0
7463,35,8,10,2,44,40,1,353.336,34,0,6,1.0
7464,35,9,10,2,44,40,1,568.6229999999999,47,0,6,1.0
7465,36,0,10,2,40,52,1,415.75,49,1,6,1.0
7466,36,1,10,2,40,52,0,491.947,55,1,6,1.0
7467,36,2,10,2,40,52,0,653.737,42,1,6,1.0
7468,36,3,10,2,40,52,1,297.222,56,1,6,1.0
7469,36,4,10,2,40,52,0,0.533,34,0,6,1.0
7470,36,5,10,2,40,52,0,408.207,35,0,6,1.0
7471,36,6,10,2,40,52,1,908.587,46,0,6,1.0
7472,36,7,10,2,40,52,1,141.33,52,0,6,1.0
7473,36,8,10,2,40,52,1,52.556,45,0,6,1.0
7474,36,9,10,2,40,52,1,0.5469999999999999,48,0,6,1.0
7475,37,0,5,3,56,60,0,620.029,61,1,6,1.0
7476,37,1,5,3,56,60,1,294.685,62,1,6,1.0
7477,37,2,5,3,56,60,1,419.58,62,1,6,1.0
7478,37,3,5,3,56,60,1,384.199,60,1,6,1.0
7479,37,4,5,3,56,60,0,143.68,51,0,6,1.0
7480,38,0,10,3,10,40,1,287.50100000000003,36,1,6,1.0
7481,38,1,10,3,10,40,1,428.948,45,1,6,1.0
7482,38,2,10,3,10,40,1,78.044,21,1,6,1.0
7483,38,3,10,3,10,40,0,392.623,16,1,6,1.0
7484,38,4,10,3,10,40,0,230.469,8,0,6,1.0
7485,38,5,10,3,10,40,1,521.9939999999999,46,0,6,1.0
7486,38,6,10,3,10,40,1,185.798,47,0,6,1.0
7487,38,7,10,3,10,40,1,127.073,35,0,6,1.0
7488,38,8,10,3,10,40,1,77.64,40,0,6,1.0
7489,38,9,10,3,10,40,1,79.58,35,0,6,1.0
7490,39,0,10,1,60,48,0,527.928,57,1,6,1.0
7491,39,1,10,1,60,48,0,265.791,59,1,6,1.0
7492,39,2,10,1,60,48,1,405.244,51,1,6,1.0
7493,39,3,10,1,60,48,0,417.322,57,1,6,1.0
7494,39,4,10,1,60,48,1,295.053,55,0,6,1.0
7495,39,5,10,1,60,48,0,287.174,49,0,6,1.0
7496,39,6,10,1,60,48,1,209.007,40,0,6,1.0
7497,39,7,10,1,60,48,1,813.169,56,0,6,1.0
7498,39,8,10,1,60,48,1,265.685,28,0,6,1.0
7499,39,9,10,1,60,48,0,595.425,59,0,6,1.0
7500,40,0,10,2,40,20,1,523.2520000000001,8,1,6,1.0
7501,40,1,10,2,40,20,0,397.756,39,1,6,1.0
7502,40,2,10,2,40,20,1,324.778,15,1,6,1.0
7503,40,3,10,2,40,20,0,253.004,36,1,6,1.0
7504,40,4,10,2,40,20,1,16.422,25,0,6,1.0
7505,40,5,10,2,40,20,0,132.609,29,0,6,1.0
7506,40,6,10,2,40,20,0,1965.258,31,0,6,1.0
7507,40,7,10,2,40,20,0,84.18100000000001,56,0,6,1.0
7508,40,8,10,2,40,20,0,85.128,47,0,6,1.0
7509,40,9,10,2,40,20,0,0.5599999999999999,25,0,6,1.0
7510,41,0,5,3,52,60,1,434.266,63,1,6,1.0
7511,41,1,5,3,52,60,1,335.31600000000003,61,1,6,1.0
7512,41,2,5,3,52,60,0,434.573,62,1,6,1.0
7513,41,3,5,3,52,60,1,380.073,60,1,6,1.0
7514,41,4,5,3,52,60,1,1362.743,61,0,6,1.0
7515,42,0,5,1,64,60,1,410.331,45,1,6,1.0
7516,42,1,5,1,64,60,0,374.998,77,1,6,1.0
7517,42,2,5,1,64,60,0,519.5260000000001,64,1,6,1.0
7518,42,3,5,1,64,60,0,438.213,59,1,6,1.0
7519,42,4,5,1,64,60,1,602.4699999999999,60,0,6,1.0
7520,43,0,10,2,40,10,0,619.5260000000001,45,1,6,1.0
7521,43,1,10,2,40,10,1,406.927,11,1,6,1.0
7522,43,2,10,2,40,10,1,324.295,7,1,6,1.0
7523,43,3,10,2,40,10,0,405.781,43,1,6,1.0
7524,43,4,10,2,40,10,0,529.456,35,0,6,1.0
7525,43,5,10,2,40,10,0,58.952,43,0,6,1.0
7526,43,6,10,2,40,10,0,0.505,40,0,6,1.0
7527,43,7,10,2,40,10,0,0.4029999999999999,40,0,6,1.0
7528,43,8,10,2,40,10,0,318.731,43,0,6,1.0
7529,43,9,10,2,40,10,0,261.20500000000004,43,0,6,1.0
7530,44,0,5,3,60,30,1,440.626,50,1,6,1.0
7531,44,1,5,3,60,30,1,294.238,38,1,6,1.0
7532,44,2,5,3,60,30,0,247.16,62,1,6,1.0
7533,44,3,5,3,60,30,1,521.161,55,1,6,1.0
7534,44,4,5,3,60,30,0,1250.88,69,0,6,1.0
7535,45,0,10,2,70,40,1,557.6959999999999,26,1,6,1.0
7536,45,1,10,2,70,40,0,430.517,62,1,6,1.0
7537,45,2,10,2,70,40,0,243.4,76,1,6,1.0
7538,45,3,10,2,70,40,1,184.68,35,1,6,1.0
7539,45,4,10,2,70,40,0,366.905,63,0,6,1.0
7540,45,5,10,2,70,40,0,252.203,80,0,6,1.0
7541,45,6,10,2,70,40,0,128.545,50,0,6,1.0
7542,45,7,10,2,70,40,0,313.056,78,0,6,1.0
7543,45,8,10,2,70,40,0,377.363,81,0,6,1.0
7544,45,9,10,2,70,40,0,134.491,85,0,6,1.0
7545,46,0,10,3,40,20,1,517.915,20,1,6,1.0
7546,46,1,10,3,40,20,1,375.741,24,1,6,1.0
7547,46,2,10,3,40,20,1,513.967,8,1,6,1.0
7548,46,3,10,3,40,20,0,486.562,40,1,6,1.0
7549,46,4,10,3,40,20,0,257.454,38,0,6,1.0
7550,46,5,10,3,40,20,0,132.503,47,0,6,1.0
7551,46,6,10,3,40,20,0,67.074,38,0,6,1.0
7552,46,7,10,3,40,20,0,55.077,25,0,6,1.0
7553,46,8,10,3,40,20,0,327.878,51,0,6,1.0
7554,46,9,10,3,40,20,0,234.985,47,0,6,1.0
7555,47,0,5,2,72,60,0,563.002,58,1,6,1.0
7556,47,1,5,2,72,60,1,282.338,50,1,6,1.0
7557,47,2,5,2,72,60,1,237.127,59,1,6,1.0
7558,47,3,5,2,72,60,0,600.827,75,1,6,1.0
7559,47,4,5,2,72,60,0,285.629,71,0,6,1.0
7560,48,0,10,2,30,60,0,558.5550000000001,25,1,6,1.0
7561,48,1,10,2,30,60,1,615.15,64,1,6,1.0
7562,48,2,10,2,30,60,0,3516.25,29,1,6,1.0
7563,48,3,10,2,30,60,1,36.24,63,1,6,1.0
7564,48,4,10,2,30,60,1,113.236,61,0,6,1.0
7565,48,5,10,2,30,60,1,17.693,70,0,6,1.0
7566,48,6,10,2,30,60,1,63.839000000000006,63,0,6,1.0
7567,48,7,10,2,30,60,1,0.483,68,0,6,1.0
7568,48,8,10,2,30,60,1,0.515,63,0,6,1.0
7569,48,9,10,2,30,60,1,0.545,55,0,6,1.0
7570,49,0,10,3,36,40,1,373.101,30,1,6,1.0
7571,49,1,10,3,36,40,1,487.484,42,1,6,1.0
7572,49,2,10,3,36,40,1,181.568,43,1,6,1.0
7573,49,3,10,3,36,40,0,542.198,39,1,6,1.0
7574,49,4,10,3,36,40,1,666.9920000000001,43,0,6,1.0
7575,49,5,10,3,36,40,0,117.116,33,0,6,1.0
7576,49,6,10,3,36,40,1,12.707,40,0,6,1.0
7577,49,7,10,3,36,40,1,112.458,34,0,6,1.0
7578,49,8,10,3,36,40,1,111.022,41,0,6,1.0
7579,49,9,10,3,36,40,1,55.782,35,0,6,1.0
7580,50,0,10,2,80,60,0,506.051,83,1,6,1.0
7581,50,1,10,2,80,60,0,260.532,76,1,6,1.0
7582,50,2,10,2,80,60,1,462.94,66,1,6,1.0
7583,50,3,10,2,80,60,1,64.563,65,1,6,1.0
7584,50,4,10,2,80,60,1,66.588,72,0,6,1.0
7585,50,5,10,2,80,60,1,21.354000000000003,48,0,6,1.0
7586,50,6,10,2,80,60,1,16.575,66,0,6,1.0
7587,50,7,10,2,80,60,1,0.506,60,0,6,1.0
7588,50,8,10,2,80,60,0,722.485,86,0,6,1.0
7589,50,9,10,2,80,60,0,104.276,88,0,6,1.0
7590,51,0,10,3,40,52,1,505.285,58,1,6,1.0
7591,51,1,10,3,40,52,1,227.506,52,1,6,1.0
7592,51,2,10,3,40,52,1,409.154,42,1,6,1.0
7593,51,3,10,3,40,52,0,394.9,39,1,6,1.0
7594,51,4,10,3,40,52,1,211.132,54,0,6,1.0
7595,51,5,10,3,40,52,1,384.26,42,0,6,1.0
7596,51,6,10,3,40,52,0,373.858,51,0,6,1.0
7597,51,7,10,3,40,52,1,138.796,54,0,6,1.0
7598,51,8,10,3,40,52,1,0.5720000000000001,70,0,6,1.0
7599,51,9,10,3,40,52,1,278.274,41,0,6,1.0
7600,52,0,10,3,60,90,1,256.919,99,1,6,1.0
7601,52,1,10,3,60,90,1,331.902,85,1,6,1.0
7602,52,2,10,3,60,90,1,92.276,77,1,6,1.0
7603,52,3,10,3,60,90,0,286.54200000000003,61,1,6,1.0
7604,52,4,10,3,60,90,0,296.09400000000005,72,0,6,1.0
7605,52,5,10,3,60,90,1,226.003,89,0,6,1.0
7606,52,6,10,3,60,90,1,6.968,99,0,6,1.0
7607,52,7,10,3,60,90,1,67.05999999999999,89,0,6,1.0
7608,52,8,10,3,60,90,1,0.5379999999999999,77,0,6,1.0
7609,52,9,10,3,60,90,1,0.615,95,0,6,1.0
7610,53,0,10,3,40,60,1,407.143,78,1,6,1.0
7611,53,1,10,3,40,60,0,507.598,38,1,6,1.0
7612,53,2,10,3,40,60,1,29.253,64,1,6,1.0
7613,53,3,10,3,40,60,1,24.477,73,1,6,1.0
7614,53,4,10,3,40,60,1,261.883,64,0,6,1.0
7615,53,5,10,3,40,60,1,887.3299999999999,51,0,6,1.0
7616,53,6,10,3,40,60,1,177.97899999999998,54,0,6,1.0
7617,53,7,10,3,40,60,1,39.511,53,0,6,1.0
7618,53,8,10,3,40,60,1,33.660000000000004,72,0,6,1.0
7619,53,9,10,3,40,60,1,117.467,44,0,6,1.0
7620,54,0,5,3,32,40,0,637.7049999999999,41,1,6,1.0
7621,54,1,5,3,32,40,1,129.496,41,1,6,1.0
7622,54,2,5,3,32,40,1,298.44100000000003,34,1,6,1.0
7623,54,3,5,3,32,40,1,345.912,49,1,6,1.0
7624,54,4,5,3,32,40,1,81.02199999999999,36,0,6,1.0
7625,55,0,10,2,52,60,0,563.69,44,1,6,1.0
7626,55,1,10,2,52,60,0,1235.0410000000002,62,1,6,1.0
7627,55,2,10,2,52,60,1,336.57300000000004,60,1,6,1.0
7628,55,3,10,2,52,60,1,0.532,58,1,6,1.0
7629,55,4,10,2,52,60,1,28.995,45,0,6,1.0
7630,55,5,10,2,52,60,1,112.187,41,0,6,1.0
7631,55,6,10,2,52,60,0,576.73,45,0,6,1.0
7632,55,7,10,2,52,60,0,767.163,46,0,6,1.0
7633,55,8,10,2,52,60,0,13.47,74,0,6,1.0
7634,55,9,10,2,52,60,0,176.05,37,0,6,1.0
7635,56,0,5,2,52,60,0,365.964,46,1,6,1.0
7636,56,1,5,2,52,60,1,198.552,70,1,6,1.0
7637,56,2,5,2,52,60,0,107.838,54,1,6,1.0
7638,56,3,5,2,52,60,1,325.02,72,1,6,1.0
7639,56,4,5,2,52,60,0,1011.414,45,0,6,1.0
7640,57,0,5,3,40,60,1,658.871,50,1,6,1.0
7641,57,1,5,3,40,60,1,459.015,58,1,6,1.0
7642,57,2,5,3,40,60,1,438.6,71,1,6,1.0
7643,57,3,5,3,40,60,0,595.281,51,1,6,1.0
7644,57,4,5,3,40,60,1,969.46,70,0,6,1.0
7645,58,0,10,2,48,40,0,512.288,45,1,6,1.0
7646,58,1,10,2,48,40,1,185.897,32,1,6,1.0
7647,58,2,10,2,48,40,0,103.842,49,1,6,1.0
7648,58,3,10,2,48,40,1,395.2,53,1,6,1.0
7649,58,4,10,2,48,40,0,125.70799999999998,53,0,6,1.0
7650,58,5,10,2,48,40,1,221.648,35,0,6,1.0
7651,58,6,10,2,48,40,1,681.529,38,0,6,1.0
7652,58,7,10,2,48,40,1,260.946,53,0,6,1.0
7653,58,8,10,2,48,40,0,895.845,32,0,6,1.0
7654,58,9,10,2,48,40,1,198.872,52,0,6,1.0
7655,59,0,10,2,60,52,0,515.203,53,1,6,1.0
7656,59,1,10,2,60,52,0,446.882,63,1,6,1.0
7657,59,2,10,2,60,52,1,427.001,59,1,6,1.0
7658,59,3,10,2,60,52,1,55.632,56,1,6,1.0
7659,59,4,10,2,60,52,1,106.666,52,0,6,1.0
7660,59,5,10,2,60,52,0,172.567,70,0,6,1.0
7661,59,6,10,2,60,52,0,201.184,69,0,6,1.0
7662,59,7,10,2,60,52,0,70.355,61,0,6,1.0
7663,59,8,10,2,60,52,0,79.237,48,0,6,1.0
7664,59,9,10,2,60,52,0,392.335,65,0,6,1.0
7665,60,0,5,2,40,20,0,446.935,39,1,6,1.0
7666,60,1,5,2,40,20,1,242.292,16,1,6,1.0
7667,60,2,5,2,40,20,1,535.867,19,1,6,1.0
7668,60,3,5,2,40,20,0,397.265,35,1,6,1.0
7669,60,4,5,2,40,20,1,618.471,17,0,6,1.0
7670,61,0,10,1,40,60,0,257.799,48,1,6,1.0
7671,61,1,10,1,40,60,0,250.955,50,1,6,1.0
7672,61,2,10,1,40,60,1,215.144,67,1,6,1.0
7673,61,3,10,1,40,60,0,460.463,44,1,6,1.0
7674,61,4,10,1,40,60,1,303.607,57,0,6,1.0
7675,61,5,10,1,40,60,1,104.367,69,0,6,1.0
7676,61,6,10,1,40,60,1,32.552,58,0,6,1.0
7677,61,7,10,1,40,60,1,35.596999999999994,66,0,6,1.0
7678,61,8,10,1,40,60,1,0.5419999999999999,57,0,6,1.0
7679,61,9,10,1,40,60,1,547.7760000000001,59,0,6,1.0
7680,62,0,5,1,40,52,0,387.874,41,1,6,1.0
7681,62,1,5,1,40,52,0,417.403,32,1,6,1.0
7682,62,2,5,1,40,52,1,278.435,44,1,6,1.0
7683,62,3,5,1,40,52,0,448.364,40,1,6,1.0
7684,62,4,5,1,40,52,1,931.934,35,0,6,1.0
7685,63,0,5,1,60,40,1,611.3349999999999,41,1,6,1.0
7686,63,1,5,1,60,40,0,329.686,72,1,6,1.0
7687,63,2,5,1,60,40,0,442.57,72,1,6,1.0
7688,63,3,5,1,60,40,0,134.661,69,1,6,1.0
7689,63,4,5,1,60,40,0,142.285,73,0,6,1.0
7690,64,0,10,2,60,48,0,733.432,60,1,6,1.0
7691,64,1,10,2,60,48,1,399.397,45,1,6,1.0
7692,64,2,10,2,60,48,1,331.555,48,1,6,1.0
7693,64,3,10,2,60,48,0,467.328,65,1,6,1.0
7694,64,4,10,2,60,48,0,167.768,45,0,6,1.0
7695,64,5,10,2,60,48,0,190.272,63,0,6,1.0
7696,64,6,10,2,60,48,0,131.03300000000002,66,0,6,1.0
7697,64,7,10,2,60,48,0,27.381,68,0,6,1.0
7698,64,8,10,2,60,48,0,734.1750000000001,56,0,6,1.0
7699,64,9,10,2,60,48,0,198.164,54,0,6,1.0
7700,65,0,5,2,60,56,0,236.944,61,1,6,1.0
7701,65,1,5,2,60,56,0,359.771,55,1,6,1.0
7702,65,2,5,2,60,56,1,179.05499999999998,49,1,6,1.0
7703,65,3,5,2,60,56,1,156.924,57,1,6,1.0
7704,65,4,5,2,60,56,0,1050.368,76,0,6,1.0
7705,66,0,10,2,60,56,1,453.732,68,1,6,1.0
7706,66,1,10,2,60,56,0,441.212,64,1,6,1.0
7707,66,2,10,2,60,56,1,53.782,50,1,6,1.0
7708,66,3,10,2,60,56,0,503.705,65,1,6,1.0
7709,66,4,10,2,60,56,1,1155.483,61,0,6,1.0
7710,66,5,10,2,60,56,1,138.556,64,0,6,1.0
7711,66,6,10,2,60,56,1,51.503,63,0,6,1.0
7712,66,7,10,2,60,56,0,958.071,63,0,6,1.0
7713,66,8,10,2,60,56,0,267.886,50,0,6,1.0
7714,66,9,10,2,60,56,1,157.20899999999995,73,0,6,1.0
7715,67,0,5,3,48,60,1,3669.094,65,1,6,1.0
7716,67,1,5,3,48,60,1,305.147,70,1,6,1.0
7717,67,2,5,3,48,60,0,426.708,51,1,6,1.0
7718,67,3,5,3,48,60,1,391.4,53,1,6,1.0
7719,67,4,5,3,48,60,1,388.237,55,0,6,1.0
7720,68,0,10,1,60,80,0,572.0920000000001,55,1,6,1.0
7721,68,1,10,1,60,80,1,467.621,83,1,6,1.0
7722,68,2,10,1,60,80,0,495.077,53,1,6,1.0
7723,68,3,10,1,60,80,0,303.565,71,1,6,1.0
7724,68,4,10,1,60,80,0,80.73700000000001,50,0,6,1.0
7725,68,5,10,1,60,80,0,130.768,74,0,6,1.0
7726,68,6,10,1,60,80,0,107.222,66,0,6,1.0
7727,68,7,10,1,60,80,0,26.933,65,0,6,1.0
7728,68,8,10,1,60,80,0,54.086000000000006,64,0,6,1.0
7729,68,9,10,1,60,80,0,375.679,54,0,6,1.0
7730,69,0,5,2,40,28,1,468.893,49,1,6,1.0
7731,69,1,5,2,40,28,0,233.057,42,1,6,1.0
7732,69,2,5,2,40,28,1,110.372,25,1,6,1.0
7733,69,3,5,2,40,28,0,422.625,47,1,6,1.0
7734,69,4,5,2,40,28,0,802.937,44,0,6,1.0
7735,70,0,5,1,90,60,0,416.258,85,1,6,1.0
7736,70,1,5,1,90,60,0,566.307,99,1,6,1.0
7737,70,2,5,1,90,60,1,492.544,57,1,6,1.0
7738,70,3,5,1,90,60,0,388.798,91,1,6,1.0
7739,70,4,5,1,90,60,0,114.974,87,0,6,1.0
7740,71,0,10,1,40,10,1,447.081,7,1,6,1.0
7741,71,1,10,1,40,10,0,409.068,40,1,6,1.0
7742,71,2,10,1,40,10,0,343.33200000000005,42,1,6,1.0
7743,71,3,10,1,40,10,0,171.989,52,1,6,1.0
7744,71,4,10,1,40,10,0,28.793,36,0,6,1.0
7745,71,5,10,1,40,10,1,608.72,12,0,6,1.0
7746,71,6,10,1,40,10,0,93.456,39,0,6,1.0
7747,71,7,10,1,40,10,0,0.593,31,0,6,1.0
7748,71,8,10,1,40,10,0,0.499,48,0,6,1.0
7749,71,9,10,1,40,10,0,0.483,42,0,6,1.0
7750,72,0,5,2,40,20,1,395.42,15,1,6,1.0
7751,72,1,5,2,40,20,0,187.997,44,1,6,1.0
7752,72,2,5,2,40,20,1,458.634,26,1,6,1.0
7753,72,3,5,2,40,20,0,148.38199999999998,27,1,6,1.0
7754,72,4,5,2,40,20,0,76.454,48,0,6,1.0
7755,73,0,5,1,40,10,0,301.341,29,1,6,1.0
7756,73,1,5,1,40,10,0,615.4190000000001,40,1,6,1.0
7757,73,2,5,1,40,10,1,124.956,2,1,6,1.0
7758,73,3,5,1,40,10,0,279.204,38,1,6,1.0
7759,73,4,5,1,40,10,0,406.99,36,0,6,1.0
7760,74,0,5,2,60,90,0,308.216,51,1,6,1.0
7761,74,1,5,2,60,90,1,197.987,82,1,6,1.0
7762,74,2,5,2,60,90,0,116.059,49,1,6,1.0
7763,74,3,5,2,60,90,1,504.189,91,1,6,1.0
7764,74,4,5,2,60,90,1,108.906,87,0,6,1.0
7765,75,0,10,3,60,30,0,398.865,64,1,6,1.0
7766,75,1,10,3,60,30,1,172.436,34,1,6,1.0
7767,75,2,10,3,60,30,1,474.66,24,1,6,1.0
7768,75,3,10,3,60,30,1,165.076,32,1,6,1.0
7769,75,4,10,3,60,30,1,99.865,12,0,6,1.0
7770,75,5,10,3,60,30,0,781.1080000000001,59,0,6,1.0
7771,75,6,10,3,60,30,0,11.532,61,0,6,1.0
7772,75,7,10,3,60,30,0,47.918,52,0,6,1.0
7773,75,8,10,3,60,30,0,43.254,63,0,6,1.0
7774,75,9,10,3,60,30,0,28.833,53,0,6,1.0
7775,76,0,10,1,40,52,0,471.351,50,1,6,1.0
7776,76,1,10,1,40,52,0,466.54,45,1,6,1.0
7777,76,2,10,1,40,52,1,476.697,50,1,6,1.0
7778,76,3,10,1,40,52,0,134.721,40,1,6,1.0
7779,76,4,10,1,40,52,0,102.958,45,0,6,1.0
7780,76,5,10,1,40,52,0,1.349,37,0,6,1.0
7781,76,6,10,1,40,52,0,117.734,47,0,6,1.0
7782,76,7,10,1,40,52,1,1037.488,56,0,6,1.0
7783,76,8,10,1,40,52,1,152.35299999999998,57,0,6,1.0
7784,76,9,10,1,40,52,1,110.329,36,0,6,1.0
7785,77,0,10,2,72,60,0,462.14,68,1,6,1.0
7786,77,1,10,2,72,60,0,250.765,86,1,6,1.0
7787,77,2,10,2,72,60,1,624.214,66,1,6,1.0
7788,77,3,10,2,72,60,1,385.707,64,1,6,1.0
7789,77,4,10,2,72,60,0,576.602,66,0,6,1.0
7790,77,5,10,2,72,60,1,269.874,74,0,6,1.0
7791,77,6,10,2,72,60,0,448.363,86,0,6,1.0
7792,77,7,10,2,72,60,1,283.266,54,0,6,1.0
7793,77,8,10,2,72,60,1,452.632,57,0,6,1.0
7794,77,9,10,2,72,60,0,118.257,71,0,6,1.0
7795,78,0,5,2,40,60,1,485.725,57,1,6,1.0
7796,78,1,5,2,40,60,0,320.328,43,1,6,1.0
7797,78,2,5,2,40,60,1,231.182,52,1,6,1.0
7798,78,3,5,2,40,60,0,498.4450000000001,36,1,6,1.0
7799,78,4,5,2,40,60,0,220.925,40,0,6,1.0
7800,79,0,5,2,30,60,1,521.1759999999999,54,1,6,1.0
7801,79,1,5,2,30,60,0,361.933,21,1,6,1.0
7802,79,2,5,2,30,60,0,338.918,18,1,6,1.0
7803,79,3,5,2,30,60,1,362.362,66,1,6,1.0
7804,79,4,5,2,30,60,1,290.367,51,0,6,1.0
7805,80,0,10,2,52,40,1,508.329,34,1,6,1.0
7806,80,1,10,2,52,40,0,153.915,58,1,6,1.0
7807,80,2,10,2,52,40,1,242.066,49,1,6,1.0
7808,80,3,10,2,52,40,0,375.38,57,1,6,1.0
7809,80,4,10,2,52,40,1,124.941,36,0,6,1.0
7810,80,5,10,2,52,40,0,821.894,52,0,6,1.0
7811,80,6,10,2,52,40,0,90.083,57,0,6,1.0
7812,80,7,10,2,52,40,0,26.735,53,0,6,1.0
7813,80,8,10,2,52,40,0,198.55,54,0,6,1.0
7814,80,9,10,2,52,40,0,59.07599999999999,56,0,6,1.0
7815,81,0,5,2,10,40,0,500.269,27,1,6,1.0
7816,81,1,5,2,10,40,1,261.428,47,1,6,1.0
7817,81,2,5,2,10,40,1,473.072,43,1,6,1.0
7818,81,3,5,2,10,40,0,65.79599999999999,1,1,6,1.0
7819,81,4,5,2,10,40,1,341.459,30,0,6,1.0
7820,82,0,10,2,10,40,1,406.597,52,1,6,1.0
7821,82,1,10,2,10,40,0,75.544,3,1,6,1.0
7822,82,2,10,2,10,40,0,565.899,8,1,6,1.0
7823,82,3,10,2,10,40,1,315.42900000000003,44,1,6,1.0
7824,82,4,10,2,10,40,1,269.36,29,0,6,1.0
7825,82,5,10,2,10,40,0,480.336,14,0,6,1.0
7826,82,6,10,2,10,40,1,130.049,52,0,6,1.0
7827,82,7,10,2,10,40,1,26.328,35,0,6,1.0
7828,82,8,10,2,10,40,0,85.612,17,0,6,1.0
7829,82,9,10,2,10,40,1,69.57000000000001,34,0,6,1.0
7830,83,0,10,3,28,40,0,457.846,31,1,6,1.0
7831,83,1,10,3,28,40,1,149.93,42,1,6,1.0
7832,83,2,10,3,28,40,1,476.85,48,1,6,1.0
7833,83,3,10,3,28,40,1,110.549,37,1,6,1.0
7834,83,4,10,3,28,40,1,199.964,38,0,6,1.0
7835,83,5,10,3,28,40,0,165.565,43,0,6,1.0
7836,83,6,10,3,28,40,1,114.611,45,0,6,1.0
7837,83,7,10,3,28,40,1,105.856,31,0,6,1.0
7838,83,8,10,3,28,40,1,123.27,38,0,6,1.0
7839,83,9,10,3,28,40,1,74.871,35,0,6,1.0
7840,84,0,5,3,40,52,1,579.1899999999999,50,1,6,1.0
7841,84,1,5,3,40,52,1,396.727,45,1,6,1.0
7842,84,2,5,3,40,52,0,591.856,39,1,6,1.0
7843,84,3,5,3,40,52,1,291.612,41,1,6,1.0
7844,84,4,5,3,40,52,1,1166.095,46,0,6,1.0
7845,85,0,5,3,48,40,1,549.421,42,1,6,1.0
7846,85,1,5,3,48,40,1,6666.337,60,1,6,1.0
7847,85,2,5,3,48,40,0,386.363,44,1,6,1.0
7848,85,3,5,3,48,40,1,217.387,32,1,6,1.0
7849,85,4,5,3,48,40,1,77.499,43,0,6,1.0
7850,86,0,10,2,40,44,0,744.0609999999999,34,1,6,1.0
7851,86,1,10,2,40,44,0,386.95,47,1,6,1.0
7852,86,2,10,2,40,44,1,263.50800000000004,43,1,6,1.0
7853,86,3,10,2,40,44,1,56.909,48,1,6,1.0
7854,86,4,10,2,40,44,0,107.507,37,0,6,1.0
7855,86,5,10,2,40,44,1,324.035,34,0,6,1.0
7856,86,6,10,2,40,44,1,884.028,37,0,6,1.0
7857,86,7,10,2,40,44,0,549.8870000000001,36,0,6,1.0
7858,86,8,10,2,40,44,1,405.348,26,0,6,1.0
7859,86,9,10,2,40,44,0,88.448,41,0,6,1.0
7860,87,0,5,2,60,30,0,345.634,57,1,6,1.0
7861,87,1,5,2,60,30,1,308.06600000000003,30,1,6,1.0
7862,87,2,5,2,60,30,1,476.012,45,1,6,1.0
7863,87,3,5,2,60,30,0,254.409,75,1,6,1.0
7864,87,4,5,2,60,30,0,201.688,61,0,6,1.0
7865,88,0,10,3,40,44,1,405.841,44,1,6,1.0
7866,88,1,10,3,40,44,1,377.551,49,1,6,1.0
7867,88,2,10,3,40,44,0,498.439,39,1,6,1.0
7868,88,3,10,3,40,44,1,628.5730000000001,32,1,6,1.0
7869,88,4,10,3,40,44,1,1512.74,49,0,6,1.0
7870,88,5,10,3,40,44,1,1282.179,27,0,6,1.0
7871,88,6,10,3,40,44,0,25.536,34,0,6,1.0
7872,88,7,10,3,40,44,0,22.671,33,0,6,1.0
7873,88,8,10,3,40,44,0,173.31,24,0,6,1.0
7874,88,9,10,3,40,44,1,195.791,39,0,6,1.0
7875,89,0,10,2,60,68,1,334.747,63,1,6,1.0
7876,89,1,10,2,60,68,1,287.734,80,1,6,1.0
7877,89,2,10,2,60,68,0,533.456,50,1,6,1.0
7878,89,3,10,2,60,68,0,338.75,61,1,6,1.0
7879,89,4,10,2,60,68,0,275.745,66,0,6,1.0
7880,89,5,10,2,60,68,0,132.583,50,0,6,1.0
7881,89,6,10,2,60,68,1,421.096,66,0,6,1.0
7882,89,7,10,2,60,68,1,233.353,71,0,6,1.0
7883,89,8,10,2,60,68,1,469.351,61,0,6,1.0
7884,89,9,10,2,60,68,1,110.34,63,0,6,1.0
7885,90,0,10,2,80,60,1,350.45300000000003,59,1,6,1.0
7886,90,1,10,2,80,60,1,274.524,73,1,6,1.0
7887,90,2,10,2,80,60,0,601.7280000000001,79,1,6,1.0
7888,90,3,10,2,80,60,0,150.906,84,1,6,1.0
7889,90,4,10,2,80,60,0,151.69,66,0,6,1.0
7890,90,5,10,2,80,60,1,22.471,70,0,6,1.0
7891,90,6,10,2,80,60,0,98.877,77,0,6,1.0
7892,90,7,10,2,80,60,0,132.075,70,0,6,1.0
7893,90,8,10,2,80,60,0,113.783,80,0,6,1.0
7894,90,9,10,2,80,60,0,82.943,86,0,6,1.0
7895,91,0,5,3,64,60,1,299.842,82,1,6,1.0
7896,91,1,5,3,64,60,1,466.648,52,1,6,1.0
7897,91,2,5,3,64,60,0,354.651,70,1,6,1.0
7898,91,3,5,3,64,60,1,544.074,55,1,6,1.0
7899,91,4,5,3,64,60,1,207.814,54,0,6,1.0
7900,92,0,10,2,40,36,0,236.28,28,1,6,1.0
7901,92,1,10,2,40,36,1,498.431,37,1,6,1.0
7902,92,2,10,2,40,36,1,99.556,31,1,6,1.0
7903,92,3,10,2,40,36,0,532.2909999999999,35,1,6,1.0
7904,92,4,10,2,40,36,0,557.0730000000001,38,0,6,1.0
7905,92,5,10,2,40,36,1,188.522,27,0,6,1.0
7906,92,6,10,2,40,36,0,257.611,31,0,6,1.0
7907,92,7,10,2,40,36,0,0.4519999999999999,50,0,6,1.0
7908,92,8,10,2,40,36,0,64.831,45,0,6,1.0
7909,92,9,10,2,40,36,0,164.522,49,0,6,1.0
7910,93,0,5,2,64,60,0,424.436,74,1,6,1.0
7911,93,1,5,2,64,60,1,346.959,76,1,6,1.0
7912,93,2,5,2,64,60,0,292.588,57,1,6,1.0
7913,93,3,5,2,64,60,1,245.801,61,1,6,1.0
7914,93,4,5,2,64,60,1,567.2080000000001,56,0,6,1.0
7915,94,0,5,1,40,60,0,462.598,54,1,6,1.0
7916,94,1,5,1,40,60,0,395.659,31,1,6,1.0
7917,94,2,5,1,40,60,1,1113.327,64,1,6,1.0
7918,94,3,5,1,40,60,0,273.3,51,1,6,1.0
7919,94,4,5,1,40,60,0,72.379,49,0,6,1.0
7920,95,0,5,2,48,60,1,428.058,48,1,6,1.0
7921,95,1,5,2,48,60,1,193.825,63,1,6,1.0
7922,95,2,5,2,48,60,0,391.711,42,1,6,1.0
7923,95,3,5,2,48,60,0,118.851,60,1,6,1.0
7924,95,4,5,2,48,60,0,1012.306,49,0,6,1.0
7925,96,0,5,2,40,44,1,450.283,44,1,6,1.0
7926,96,1,5,2,40,44,0,287.284,47,1,6,1.0
7927,96,2,5,2,40,44,1,198.57,33,1,6,1.0
7928,96,3,5,2,40,44,0,124.032,27,1,6,1.0
7929,96,4,5,2,40,44,1,516.362,49,0,6,1.0
7930,97,0,5,1,60,52,0,468.801,66,1,6,1.0
7931,97,1,5,1,60,52,0,288.668,56,1,6,1.0
7932,97,2,5,1,60,52,1,426.831,61,1,6,1.0
7933,97,3,5,1,60,52,0,548.961,52,1,6,1.0
7934,97,4,5,1,60,52,0,1038.846,49,0,6,1.0
7935,98,0,10,1,56,60,1,362.1710000000001,57,1,6,1.0
7936,98,1,10,1,56,60,0,208.759,46,1,6,1.0
7937,98,2,10,1,56,60,0,423.999,61,1,6,1.0
7938,98,3,10,1,56,60,0,140.651,57,1,6,1.0
7939,98,4,10,1,56,60,0,27.33,63,0,6,1.0
7940,98,5,10,1,56,60,0,88.45100000000001,69,0,6,1.0
7941,98,6,10,1,56,60,0,89.409,69,0,6,1.0
7942,98,7,10,1,56,60,0,274.707,58,0,6,1.0
7943,98,8,10,1,56,60,0,66.114,59,0,6,1.0
7944,98,9,10,1,56,60,0,117.305,52,0,6,1.0
7945,99,0,5,2,28,40,0,620.607,26,1,6,1.0
7946,99,1,5,2,28,40,1,282.775,41,1,6,1.0
7947,99,2,5,2,28,40,1,445.392,41,1,6,1.0
7948,99,3,5,2,28,40,0,441.197,23,1,6,1.0
7949,99,4,5,2,28,40,1,205.151,25,0,6,1.0
7950,100,0,5,2,90,60,0,162.169,99,1,6,1.0
7951,100,1,5,2,90,60,1,499.996,66,1,6,1.0
7952,100,2,5,2,90,60,0,108.322,83,1,6,1.0
7953,100,3,5,2,90,60,1,216.285,66,1,6,1.0
7954,100,4,5,2,90,60,0,136.488,80,0,6,1.0
7955,101,0,5,2,70,40,0,4272.4890000000005,69,1,6,1.0
7956,101,1,5,2,70,40,1,203.986,42,1,6,1.0
7957,101,2,5,2,70,40,0,131.464,62,1,6,1.0
7958,101,3,5,2,70,40,1,299.9,26,1,6,1.0
7959,101,4,5,2,70,40,0,411.685,78,0,6,1.0
7960,102,0,5,3,70,40,1,490.856,23,1,6,1.0
7961,102,1,5,3,70,40,0,411.664,71,1,6,1.0
7962,102,2,5,3,70,40,1,248.767,27,1,6,1.0
7963,102,3,5,3,70,40,1,1246.109,46,1,6,1.0
7964,102,4,5,3,70,40,0,3280.166,75,0,6,1.0
7965,103,0,10,2,40,60,1,507.401,57,1,6,1.0
7966,103,1,10,2,40,60,0,363.391,39,1,6,1.0
7967,103,2,10,2,40,60,1,2517.708,54,1,6,1.0
7968,103,3,10,2,40,60,0,318.25100000000003,37,1,6,1.0
7969,103,4,10,2,40,60,1,270.661,53,0,6,1.0
7970,103,5,10,2,40,60,0,257.519,39,0,6,1.0
7971,103,6,10,2,40,60,1,101.152,47,0,6,1.0
7972,103,7,10,2,40,60,1,0.488,56,0,6,1.0
7973,103,8,10,2,40,60,1,0.537,59,0,6,1.0
7974,103,9,10,2,40,60,1,85.353,66,0,6,1.0
7975,104,0,10,2,60,40,1,1830.529,33,1,6,1.0
7976,104,1,10,2,60,40,1,280.528,47,1,6,1.0
7977,104,2,10,2,60,40,0,743.432,61,1,6,1.0
7978,104,3,10,2,60,40,0,464.636,55,1,6,1.0
7979,104,4,10,2,60,40,1,282.163,46,0,6,1.0
7980,104,5,10,2,60,40,0,194.093,72,0,6,1.0
7981,104,6,10,2,60,40,0,95.698,49,0,6,1.0
7982,104,7,10,2,60,40,0,98.437,65,0,6,1.0
7983,104,8,10,2,60,40,0,8.758000000000001,59,0,6,1.0
7984,104,9,10,2,60,40,0,69.55,59,0,6,1.0
7985,105,0,5,1,30,60,0,329.962,38,1,6,1.0
7986,105,1,5,1,30,60,0,408.513,26,1,6,1.0
7987,105,2,5,1,30,60,0,262.00800000000004,16,1,6,1.0
7988,105,3,5,1,30,60,1,246.252,52,1,6,1.0
7989,105,4,5,1,30,60,1,137.875,50,0,6,1.0
7990,106,0,10,2,60,40,0,297.476,48,1,6,1.0
7991,106,1,10,2,60,40,1,409.628,37,1,6,1.0
7992,106,2,10,2,60,40,1,213.377,38,1,6,1.0
7993,106,3,10,2,60,40,0,331.009,61,1,6,1.0
7994,106,4,10,2,60,40,0,2115.157,46,0,6,1.0
7995,106,5,10,2,60,40,1,925.104,27,0,6,1.0
7996,106,6,10,2,60,40,0,308.192,56,0,6,1.0
7997,106,7,10,2,60,40,0,189.68,66,0,6,1.0
7998,106,8,10,2,60,40,0,50.192,59,0,6,1.0
7999,106,9,10,2,60,40,0,125.32399999999998,56,0,6,1.0
8000,107,0,5,3,60,90,1,372.217,87,1,6,1.0
8001,107,1,5,3,60,90,1,339.779,87,1,6,1.0
8002,107,2,5,3,60,90,1,284.317,84,1,6,1.0
8003,107,3,5,3,60,90,0,246.921,72,1,6,1.0
8004,107,4,5,3,60,90,1,41.97,93,0,6,1.0
8005,108,0,10,1,40,36,0,405.823,46,1,6,1.0
8006,108,1,10,1,40,36,0,114.424,46,1,6,1.0
8007,108,2,10,1,40,36,0,0.508,26,1,6,1.0
8008,108,3,10,1,40,36,1,352.023,37,1,6,1.0
8009,108,4,10,1,40,36,1,256.787,18,0,6,1.0
8010,108,5,10,1,40,36,0,353.604,43,0,6,1.0
8011,108,6,10,1,40,36,0,88.92,57,0,6,1.0
8012,108,7,10,1,40,36,0,138.786,46,0,6,1.0
8013,108,8,10,1,40,36,0,89.269,39,0,6,1.0
8014,108,9,10,1,40,36,0,145.491,51,0,6,1.0
8015,109,0,10,1,32,40,1,409.011,24,1,6,1.0
8016,109,1,10,1,32,40,0,183.853,20,1,6,1.0
8017,109,2,10,1,32,40,0,436.696,16,1,6,1.0
8018,109,3,10,1,32,40,0,345.616,38,1,6,1.0
8019,109,4,10,1,32,40,1,823.602,40,0,6,1.0
8020,109,5,10,1,32,40,1,403.743,38,0,6,1.0
8021,109,6,10,1,32,40,1,113.989,40,0,6,1.0
8022,109,7,10,1,32,40,1,81.697,41,0,6,1.0
8023,109,8,10,1,32,40,1,186.056,33,0,6,1.0
8024,109,9,10,1,32,40,0,695.375,26,0,6,1.0
8025,110,0,5,2,32,40,0,529.116,36,1,6,1.0
8026,110,1,5,2,32,40,0,399.901,24,1,6,1.0
8027,110,2,5,2,32,40,1,421.124,45,1,6,1.0
8028,110,3,5,2,32,40,1,273.962,33,1,6,1.0
8029,110,4,5,2,32,40,1,188.799,36,0,6,1.0
8030,111,0,10,3,60,80,1,179.635,94,1,6,1.0
8031,111,1,10,3,60,80,1,411.684,90,1,6,1.0
8032,111,2,10,3,60,80,0,79.292,67,1,6,1.0
8033,111,3,10,3,60,80,1,0.4679999999999999,78,1,6,1.0
8034,111,4,10,3,60,80,1,0.528,74,0,6,1.0
8035,111,5,10,3,60,80,1,52.604,74,0,6,1.0
8036,111,6,10,3,60,80,1,38.907,87,0,6,1.0
8037,111,7,10,3,60,80,1,51.63,79,0,6,1.0
8038,111,8,10,3,60,80,1,0.423,66,0,6,1.0
8039,111,9,10,3,60,80,1,0.5469999999999999,99,0,6,1.0
8040,112,0,10,2,60,72,1,294.6,75,1,6,1.0
8041,112,1,10,2,60,72,1,496.71,66,1,6,1.0
8042,112,2,10,2,60,72,0,299.735,54,1,6,1.0
8043,112,3,10,2,60,72,0,502.06,52,1,6,1.0
8044,112,4,10,2,60,72,0,0.583,58,0,6,1.0
8045,112,5,10,2,60,72,1,132.235,62,0,6,1.0
8046,112,6,10,2,60,72,1,412.52,76,0,6,1.0
8047,112,7,10,2,60,72,1,424.717,67,0,6,1.0
8048,112,8,10,2,60,72,1,150.374,72,0,6,1.0
8049,112,9,10,2,60,72,1,211.033,77,0,6,1.0
8050,113,0,5,3,60,80,1,321.833,94,1,6,1.0
8051,113,1,5,3,60,80,1,322.679,94,1,6,1.0
8052,113,2,5,3,60,80,0,351.605,66,1,6,1.0
8053,113,3,5,3,60,80,1,231.786,75,1,6,1.0
8054,113,4,5,3,60,80,1,660.326,91,0,6,1.0
8055,114,0,5,1,80,60,0,887.575,90,1,6,1.0
8056,114,1,5,1,80,60,1,433.23,50,1,6,1.0
8057,114,2,5,1,80,60,0,324.237,73,1,6,1.0
8058,114,3,5,1,80,60,0,420.952,95,1,6,1.0
8059,114,4,5,1,80,60,0,193.625,82,0,6,1.0
8060,115,0,10,2,60,48,0,415.157,62,1,6,1.0
8061,115,1,10,2,60,48,0,244.908,58,1,6,1.0
8062,115,2,10,2,60,48,1,299.119,50,1,6,1.0
8063,115,3,10,2,60,48,1,244.743,48,1,6,1.0
8064,115,4,10,2,60,48,1,286.685,56,0,6,1.0
8065,115,5,10,2,60,48,0,328.473,63,0,6,1.0
8066,115,6,10,2,60,48,0,185.838,63,0,6,1.0
8067,115,7,10,2,60,48,0,86.857,56,0,6,1.0
8068,115,8,10,2,60,48,0,215.099,69,0,6,1.0
8069,115,9,10,2,60,48,0,43.415,65,0,6,1.0
8070,116,0,10,1,40,48,1,430.632,50,1,6,1.0
8071,116,1,10,1,40,48,0,481.945,48,1,6,1.0
8072,116,2,10,1,40,48,0,708.6400000000001,35,1,6,1.0
8073,116,3,10,1,40,48,0,333.91900000000004,35,1,6,1.0
8074,116,4,10,1,40,48,1,1095.201,46,0,6,1.0
8075,116,5,10,1,40,48,1,640.1099999999999,58,0,6,1.0
8076,116,6,10,1,40,48,1,1131.086,41,0,6,1.0
8077,116,7,10,1,40,48,0,1122.961,43,0,6,1.0
8078,116,8,10,1,40,48,1,195.949,45,0,6,1.0
8079,116,9,10,1,40,48,1,135.733,48,0,6,1.0
8080,117,0,5,2,10,40,0,423.916,17,1,6,1.0
8081,117,1,5,2,10,40,1,549.794,30,1,6,1.0
8082,117,2,5,2,10,40,1,3389.588,30,1,6,1.0
8083,117,3,5,2,10,40,0,324.629,7,1,6,1.0
8084,117,4,5,2,10,40,1,252.228,43,0,6,1.0
8085,118,0,10,2,32,40,0,832.337,38,1,6,1.0
8086,118,1,10,2,32,40,1,278.671,51,1,6,1.0
8087,118,2,10,2,32,40,0,459.308,27,1,6,1.0
8088,118,3,10,2,32,40,1,1123.257,28,1,6,1.0
8089,118,4,10,2,32,40,1,461.413,53,0,6,1.0
8090,118,5,10,2,32,40,1,232.331,41,0,6,1.0
8091,118,6,10,2,32,40,1,187.356,46,0,6,1.0
8092,118,7,10,2,32,40,1,345.551,40,0,6,1.0
8093,118,8,10,2,32,40,1,320.593,32,0,6,1.0
8094,118,9,10,2,32,40,1,80.884,40,0,6,1.0
8095,119,0,5,1,68,60,0,274.611,70,1,6,1.0
8096,119,1,5,1,68,60,0,331.288,72,1,6,1.0
8097,119,2,5,1,68,60,1,389.69,69,1,6,1.0
8098,119,3,5,1,68,60,0,421.171,69,1,6,1.0
8099,119,4,5,1,68,60,0,223.564,63,0,6,1.0
8100,120,0,5,1,72,60,0,464.632,67,1,6,1.0
8101,120,1,5,1,72,60,0,227.987,77,1,6,1.0
8102,120,2,5,1,72,60,1,354.368,63,1,6,1.0
8103,120,3,5,1,72,60,0,346.372,74,1,6,1.0
8104,120,4,5,1,72,60,0,632.636,63,0,6,1.0
8105,121,0,10,3,40,70,1,486.738,68,1,6,1.0
8106,121,1,10,3,40,70,1,273.016,61,1,6,1.0
8107,121,2,10,3,40,70,0,610.4549999999999,42,1,6,1.0
8108,121,3,10,3,40,70,1,184.391,79,1,6,1.0
8109,121,4,10,3,40,70,1,234.875,65,0,6,1.0
8110,121,5,10,3,40,70,0,305.925,48,0,6,1.0
8111,121,6,10,3,40,70,1,50.584,67,0,6,1.0
8112,121,7,10,3,40,70,1,93.887,76,0,6,1.0
8113,121,8,10,3,40,70,1,5.32,62,0,6,1.0
8114,121,9,10,3,40,70,1,121.852,73,0,6,1.0
8115,122,0,10,2,60,40,0,313.994,71,1,6,1.0
8116,122,1,10,2,60,40,1,334.248,43,1,6,1.0
8117,122,2,10,2,60,40,0,242.819,48,1,6,1.0
8118,122,3,10,2,60,40,1,214.558,61,1,6,1.0
8119,122,4,10,2,60,40,0,315.231,62,0,6,1.0
8120,122,5,10,2,60,40,0,627.6899999999999,72,0,6,1.0
8121,122,6,10,2,60,40,0,136.676,58,0,6,1.0
8122,122,7,10,2,60,40,0,272.31,49,0,6,1.0
8123,122,8,10,2,60,40,1,217.844,36,0,6,1.0
8124,122,9,10,2,60,40,0,157.4,71,0,6,1.0
8125,123,0,10,3,68,60,1,732.5840000000001,55,1,6,1.0
8126,123,1,10,3,68,60,0,347.641,66,1,6,1.0
8127,123,2,10,3,68,60,1,444.968,50,1,6,1.0
8128,123,3,10,3,68,60,1,583.679,59,1,6,1.0
8129,123,4,10,3,68,60,0,349.707,70,0,6,1.0
8130,123,5,10,3,68,60,0,172.65900000000002,75,0,6,1.0
8131,123,6,10,3,68,60,0,219.143,79,0,6,1.0
8132,123,7,10,3,68,60,0,110.785,72,0,6,1.0
8133,123,8,10,3,68,60,0,199.465,56,0,6,1.0
8134,123,9,10,3,68,60,0,235.426,65,0,6,1.0
8135,124,0,5,2,40,32,1,490.163,29,1,6,1.0
8136,124,1,5,2,40,32,0,121.142,21,1,6,1.0
8137,124,2,5,2,40,32,1,154.642,20,1,6,1.0
8138,124,3,5,2,40,32,0,554.034,33,1,6,1.0
8139,124,4,5,2,40,32,0,1128.525,36,0,6,1.0
8140,125,0,5,2,40,44,1,1681.803,33,1,6,1.0
8141,125,1,5,2,40,44,0,364.828,40,1,6,1.0
8142,125,2,5,2,40,44,0,588.827,38,1,6,1.0
8143,125,3,5,2,40,44,1,537.686,38,1,6,1.0
8144,125,4,5,2,40,44,0,938.975,34,0,6,1.0
8145,126,0,10,1,60,68,0,396.23,53,1,6,1.0
8146,126,1,10,1,60,68,0,329.312,81,1,6,1.0
8147,126,2,10,1,60,68,0,160.028,53,1,6,1.0
8148,126,3,10,1,60,68,1,359.09400000000005,64,1,6,1.0
8149,126,4,10,1,60,68,1,317.54900000000004,65,0,6,1.0
8150,126,5,10,1,60,68,0,518.424,60,0,6,1.0
8151,126,6,10,1,60,68,0,207.736,74,0,6,1.0
8152,126,7,10,1,60,68,0,140.262,73,0,6,1.0
8153,126,8,10,1,60,68,0,76.22,65,0,6,1.0
8154,126,9,10,1,60,68,0,197.403,55,0,6,1.0
8155,127,0,5,2,68,60,1,554.552,51,1,6,1.0
8156,127,1,5,2,68,60,1,466.517,54,1,6,1.0
8157,127,2,5,2,68,60,0,349.76,73,1,6,1.0
8158,127,3,5,2,68,60,0,378.9,62,1,6,1.0
8159,127,4,5,2,68,60,0,866.46,66,0,6,1.0
8160,128,0,10,2,60,90,1,426.628,89,1,6,1.0
8161,128,1,10,2,60,90,1,282.214,99,1,6,1.0
8162,128,2,10,2,60,90,0,374.408,65,1,6,1.0
8163,128,3,10,2,60,90,0,259.892,67,1,6,1.0
8164,128,4,10,2,60,90,1,558.138,96,0,6,1.0
8165,128,5,10,2,60,90,1,420.393,97,0,6,1.0
8166,128,6,10,2,60,90,1,353.829,82,0,6,1.0
8167,128,7,10,2,60,90,1,241.175,78,0,6,1.0
8168,128,8,10,2,60,90,1,403.023,89,0,6,1.0
8169,128,9,10,2,60,90,1,366.742,93,0,6,1.0
8170,129,0,5,3,60,40,0,311.03799999999995,58,1,6,1.0
8171,129,1,5,3,60,40,1,439.537,48,1,6,1.0
8172,129,2,5,3,60,40,1,1475.119,38,1,6,1.0
8173,129,3,5,3,60,40,1,526.303,34,1,6,1.0
8174,129,4,5,3,60,40,0,374.369,63,0,6,1.0
8175,130,0,10,2,64,60,0,924.711,65,1,6,1.0
8176,130,1,10,2,64,60,1,211.794,46,1,6,1.0
8177,130,2,10,2,64,60,0,467.915,77,1,6,1.0
8178,130,3,10,2,64,60,1,422.186,69,1,6,1.0
8179,130,4,10,2,64,60,0,1779.569,59,0,6,1.0
8180,130,5,10,2,64,60,0,209.591,69,0,6,1.0
8181,130,6,10,2,64,60,0,462.512,53,0,6,1.0
8182,130,7,10,2,64,60,0,777.03,61,0,6,1.0
8183,130,8,10,2,64,60,0,286.5,59,0,6,1.0
8184,130,9,10,2,64,60,0,720.722,75,0,6,1.0
8185,131,0,10,1,40,20,0,407.062,34,1,6,1.0
8186,131,1,10,1,40,20,0,413.335,52,1,6,1.0
8187,131,2,10,1,40,20,1,500.644,20,1,6,1.0
8188,131,3,10,1,40,20,0,445.006,31,1,6,1.0
8189,131,4,10,1,40,20,0,905.151,42,0,6,1.0
8190,131,5,10,1,40,20,0,433.881,46,0,6,1.0
8191,131,6,10,1,40,20,0,294.546,39,0,6,1.0
8192,131,7,10,1,40,20,0,296.415,35,0,6,1.0
8193,131,8,10,1,40,20,1,1057.389,12,0,6,1.0
8194,131,9,10,1,40,20,0,66.38199999999999,32,0,6,1.0
8195,132,0,5,2,60,72,1,524.931,70,1,6,1.0
8196,132,1,5,2,60,72,0,460.669,61,1,6,1.0
8197,132,2,5,2,60,72,0,482.451,56,1,6,1.0
8198,132,3,5,2,60,72,1,507.104,83,1,6,1.0
8199,132,4,5,2,60,72,1,324.245,89,0,6,1.0
8200,133,0,5,1,48,40,0,539.62,59,1,6,1.0
8201,133,1,5,1,48,40,1,346.586,56,1,6,1.0
8202,133,2,5,1,48,40,0,326.287,42,1,6,1.0
8203,133,3,5,1,48,40,0,325.173,47,1,6,1.0
8204,133,4,5,1,48,40,0,1373.916,48,0,6,1.0
8205,134,0,10,1,40,28,1,556.888,19,1,6,1.0
8206,134,1,10,1,40,28,0,292.341,43,1,6,1.0
8207,134,2,10,1,40,28,0,359.598,33,1,6,1.0
8208,134,3,10,1,40,28,0,1550.233,49,1,6,1.0
8209,134,4,10,1,40,28,0,549.787,41,0,6,1.0
8210,134,5,10,1,40,28,0,140.133,40,0,6,1.0
8211,134,6,10,1,40,28,0,484.786,53,0,6,1.0
8212,134,7,10,1,40,28,0,166.249,43,0,6,1.0
8213,134,8,10,1,40,28,0,171.73,38,0,6,1.0
8214,134,9,10,1,40,28,0,505.305,45,0,6,1.0
8215,135,0,5,2,40,52,1,512.54,37,1,6,1.0
8216,135,1,5,2,40,52,0,230.739,36,1,6,1.0
8217,135,2,5,2,40,52,0,206.665,40,1,6,1.0
8218,135,3,5,2,40,52,1,332.605,49,1,6,1.0
8219,135,4,5,2,40,52,1,860.3929999999999,54,0,6,1.0
8220,136,0,10,1,40,60,0,392.366,45,1,6,1.0
8221,136,1,10,1,40,60,1,431.295,61,1,6,1.0
8222,136,2,10,1,40,60,0,507.821,41,1,6,1.0
8223,136,3,10,1,40,60,0,1830.827,50,1,6,1.0
8224,136,4,10,1,40,60,1,466.02,63,0,6,1.0
8225,136,5,10,1,40,60,1,60.63,67,0,6,1.0
8226,136,6,10,1,40,60,1,176.197,75,0,6,1.0
8227,136,7,10,1,40,60,1,317.443,56,0,6,1.0
8228,136,8,10,1,40,60,1,350.742,57,0,6,1.0
8229,136,9,10,1,40,60,1,595.271,51,0,6,1.0
8230,137,0,5,3,72,60,1,665.59,61,1,6,1.0
8231,137,1,5,3,72,60,0,440.4,69,1,6,1.0
8232,137,2,5,3,72,60,1,307.73,68,1,6,1.0
8233,137,3,5,3,72,60,1,217.377,61,1,6,1.0
8234,137,4,5,3,72,60,1,526.111,48,0,6,1.0
8235,138,0,10,2,32,40,1,535.343,32,1,6,1.0
8236,138,1,10,2,32,40,0,1673.425,24,1,6,1.0
8237,138,2,10,2,32,40,0,339.598,34,1,6,1.0
8238,138,3,10,2,32,40,1,371.635,52,1,6,1.0
8239,138,4,10,2,32,40,1,442.298,32,0,6,1.0
8240,138,5,10,2,32,40,0,2390.684,22,0,6,1.0
8241,138,6,10,2,32,40,0,554.9960000000001,24,0,6,1.0
8242,138,7,10,2,32,40,1,274.25300000000004,32,0,6,1.0
8243,138,8,10,2,32,40,1,107.274,38,0,6,1.0
8244,138,9,10,2,32,40,1,132.656,24,0,6,1.0
8245,139,0,10,2,40,20,1,722.7660000000001,15,1,6,1.0
8246,139,1,10,2,40,20,0,165.32,36,1,6,1.0
8247,139,2,10,2,40,20,1,557.923,13,1,6,1.0
8248,139,3,10,2,40,20,0,451.887,37,1,6,1.0
8249,139,4,10,2,40,20,0,174.741,42,0,6,1.0
8250,139,5,10,2,40,20,0,301.573,25,0,6,1.0
8251,139,6,10,2,40,20,0,127.578,51,0,6,1.0
8252,139,7,10,2,40,20,0,614.943,42,0,6,1.0
8253,139,8,10,2,40,20,0,394.91,38,0,6,1.0
8254,139,9,10,2,40,20,0,175.005,48,0,6,1.0
8255,140,0,5,1,40,28,1,436.941,20,1,6,1.0
8256,140,1,5,1,40,28,0,505.00999999999993,38,1,6,1.0
8257,140,2,5,1,40,28,0,363.28,49,1,6,1.0
8258,140,3,5,1,40,28,0,178.21,40,1,6,1.0
8259,140,4,5,1,40,28,0,392.328,28,0,6,1.0
8260,141,0,10,3,60,48,1,422.129,52,1,6,1.0
8261,141,1,10,3,60,48,1,306.439,50,1,6,1.0
8262,141,2,10,3,60,48,1,173.166,50,1,6,1.0
8263,141,3,10,3,60,48,0,450.682,69,1,6,1.0
8264,141,4,10,3,60,48,0,304.568,74,0,6,1.0
8265,141,5,10,3,60,48,0,231.487,53,0,6,1.0
8266,141,6,10,3,60,48,0,980.204,69,0,6,1.0
8267,141,7,10,3,60,48,0,80.724,64,0,6,1.0
8268,141,8,10,3,60,48,0,66.49900000000001,62,0,6,1.0
8269,141,9,10,3,60,48,0,3.997,56,0,6,1.0
8270,142,0,5,1,40,44,0,576.656,40,1,6,1.0
8271,142,1,5,1,40,44,0,327.653,37,1,6,1.0
8272,142,2,5,1,40,44,0,697.8919999999999,43,1,6,1.0
8273,142,3,5,1,40,44,1,241.608,45,1,6,1.0
8274,142,4,5,1,40,44,1,174.574,43,0,6,1.0
8275,143,0,5,3,60,68,1,0.4519999999999999,61,1,6,1.0
8276,143,1,5,3,60,68,0,379.465,51,1,6,1.0
8277,143,2,5,3,60,68,1,386.713,65,1,6,1.0
8278,143,3,5,3,60,68,1,336.46700000000004,69,1,6,1.0
8279,143,4,5,3,60,68,1,1271.808,68,0,6,1.0
8280,144,0,10,2,60,68,1,451.52,73,1,6,1.0
8281,144,1,10,2,60,68,1,925.925,67,1,6,1.0
8282,144,2,10,2,60,68,0,758.4830000000001,55,1,6,1.0
8283,144,3,10,2,60,68,0,302.147,67,1,6,1.0
8284,144,4,10,2,60,68,0,807.077,57,0,6,1.0
8285,144,5,10,2,60,68,1,436.37,58,0,6,1.0
8286,144,6,10,2,60,68,1,112.028,74,0,6,1.0
8287,144,7,10,2,60,68,1,88.62299999999999,61,0,6,1.0
8288,144,8,10,2,60,68,1,273.63,57,0,6,1.0
8289,144,9,10,2,60,68,1,379.574,70,0,6,1.0
8290,145,0,5,3,10,40,1,504.186,32,1,6,1.0
8291,145,1,5,3,10,40,1,283.942,40,1,6,1.0
8292,145,2,5,3,10,40,0,332.37699999999995,4,1,6,1.0
8293,145,3,5,3,10,40,1,525.706,34,1,6,1.0
8294,145,4,5,3,10,40,1,557.826,39,0,6,1.0
8295,146,0,10,1,44,40,0,596.0210000000001,41,1,6,1.0
8296,146,1,10,1,44,40,1,242.063,45,1,6,1.0
8297,146,2,10,1,44,40,0,391.855,35,1,6,1.0
8298,146,3,10,1,44,40,0,316.743,41,1,6,1.0
8299,146,4,10,1,44,40,0,844.602,46,0,6,1.0
8300,146,5,10,1,44,40,0,351.489,28,0,6,1.0
8301,146,6,10,1,44,40,1,566.9739999999999,28,0,6,1.0
8302,146,7,10,1,44,40,1,150.209,40,0,6,1.0
8303,146,8,10,1,44,40,0,540.464,56,0,6,1.0
8304,146,9,10,1,44,40,0,179.277,24,0,6,1.0
8305,147,0,10,2,56,60,1,352.87,49,1,6,1.0
8306,147,1,10,2,56,60,0,400.598,65,1,6,1.0
8307,147,2,10,2,56,60,0,432.281,56,1,6,1.0
8308,147,3,10,2,56,60,1,546.3240000000001,58,1,6,1.0
8309,147,4,10,2,56,60,1,1354.9260000000002,64,0,6,1.0
8310,147,5,10,2,56,60,1,5536.329000000001,62,0,6,1.0
8311,147,6,10,2,56,60,1,385.856,60,0,6,1.0
8312,147,7,10,2,56,60,1,158.297,63,0,6,1.0
8313,147,8,10,2,56,60,1,156.451,49,0,6,1.0
8314,147,9,10,2,56,60,1,483.293,64,0,6,1.0
8315,148,0,5,2,40,48,1,819.861,64,1,6,1.0
8316,148,1,5,2,40,48,0,154.545,34,1,6,1.0
8317,148,2,5,2,40,48,0,760.864,51,1,6,1.0
8318,148,3,5,2,40,48,1,354.857,34,1,6,1.0
8319,148,4,5,2,40,48,1,1089.207,52,0,6,1.0
8320,149,0,5,1,56,60,0,298.263,61,1,6,1.0
8321,149,1,5,1,56,60,0,373.774,42,1,6,1.0
8322,149,2,5,1,56,60,1,523.882,64,1,6,1.0
8323,149,3,5,1,56,60,0,403.959,49,1,6,1.0
8324,149,4,5,1,56,60,1,1394.5030000000002,62,0,6,1.0
8325,150,0,5,2,40,36,0,319.195,50,1,6,1.0
8326,150,1,5,2,40,36,1,261.451,43,1,6,1.0
8327,150,2,5,2,40,36,0,363.264,47,1,6,1.0
8328,150,3,5,2,40,36,1,482.649,27,1,6,1.0
8329,150,4,5,2,40,36,0,1300.548,40,0,6,1.0
8330,151,0,10,1,72,60,0,383.097,77,1,6,1.0
8331,151,1,10,1,72,60,0,396.705,86,1,6,1.0
8332,151,2,10,1,72,60,0,323.805,76,1,6,1.0
8333,151,3,10,1,72,60,1,371.774,60,1,6,1.0
8334,151,4,10,1,72,60,0,1082.5929999999998,70,0,6,1.0
8335,151,5,10,1,72,60,0,524.969,67,0,6,1.0
8336,151,6,10,1,72,60,0,398.343,62,0,6,1.0
8337,151,7,10,1,72,60,0,83.75399999999999,66,0,6,1.0
8338,151,8,10,1,72,60,0,68.52,75,0,6,1.0
8339,151,9,10,1,72,60,0,93.448,62,0,6,1.0
8340,152,0,5,1,40,70,0,244.222,36,1,6,1.0
8341,152,1,5,1,40,70,1,184.132,66,1,6,1.0
8342,152,2,5,1,40,70,0,527.083,39,1,6,1.0
8343,152,3,5,1,40,70,0,321.036,39,1,6,1.0
8344,152,4,5,1,40,70,1,241.978,58,0,6,1.0
8345,153,0,5,2,40,36,0,782.702,42,1,6,1.0
8346,153,1,5,2,40,36,0,340.611,54,1,6,1.0
8347,153,2,5,2,40,36,1,2315.867,35,1,6,1.0
8348,153,3,5,2,40,36,1,596.723,20,1,6,1.0
8349,153,4,5,2,40,36,0,594.14,45,0,6,1.0
8350,154,0,5,2,68,60,1,544.052,67,1,6,1.0
8351,154,1,5,2,68,60,0,408.471,59,1,6,1.0
8352,154,2,5,2,68,60,1,471.036,58,1,6,1.0
8353,154,3,5,2,68,60,0,352.503,69,1,6,1.0
8354,154,4,5,2,68,60,0,320.564,69,0,6,1.0
8355,155,0,10,3,60,40,1,376.815,50,1,6,1.0
8356,155,1,10,3,60,40,1,289.047,30,1,6,1.0
8357,155,2,10,3,60,40,1,266.767,26,1,6,1.0
8358,155,3,10,3,60,40,0,549.945,58,1,6,1.0
8359,155,4,10,3,60,40,0,228.912,62,0,6,1.0
8360,155,5,10,3,60,40,0,129.866,51,0,6,1.0
8361,155,6,10,3,60,40,0,107.832,68,0,6,1.0
8362,155,7,10,3,60,40,0,0.469,61,0,6,1.0
8363,155,8,10,3,60,40,0,0.6539999999999999,72,0,6,1.0
8364,155,9,10,3,60,40,0,0.5680000000000001,59,0,6,1.0
8365,156,0,5,1,60,48,0,265.641,64,1,6,1.0
8366,156,1,5,1,60,48,1,350.753,59,1,6,1.0
8367,156,2,5,1,60,48,0,289.188,54,1,6,1.0
8368,156,3,5,1,60,48,0,323.415,64,1,6,1.0
8369,156,4,5,1,60,48,0,635.624,52,0,6,1.0
8370,157,0,10,1,52,60,0,191.414,61,1,6,1.0
8371,157,1,10,1,52,60,0,395.403,47,1,6,1.0
8372,157,2,10,1,52,60,1,179.858,52,1,6,1.0
8373,157,3,10,1,52,60,0,376.644,39,1,6,1.0
8374,157,4,10,1,52,60,1,232.391,75,0,6,1.0
8375,157,5,10,1,52,60,1,234.998,67,0,6,1.0
8376,157,6,10,1,52,60,1,71.894,74,0,6,1.0
8377,157,7,10,1,52,60,1,10.124,67,0,6,1.0
8378,157,8,10,1,52,60,1,46.23,54,0,6,1.0
8379,157,9,10,1,52,60,1,87.22399999999999,62,0,6,1.0
8380,158,0,10,3,64,60,1,235.09,59,1,6,1.0
8381,158,1,10,3,64,60,1,413.205,58,1,6,1.0
8382,158,2,10,3,64,60,0,378.858,65,1,6,1.0
8383,158,3,10,3,64,60,1,370.644,58,1,6,1.0
8384,158,4,10,3,64,60,1,279.961,54,0,6,1.0
8385,158,5,10,3,64,60,0,115.485,63,0,6,1.0
8386,158,6,10,3,64,60,0,100.133,67,0,6,1.0
8387,158,7,10,3,64,60,0,28.765,66,0,6,1.0
8388,158,8,10,3,64,60,0,0.533,71,0,6,1.0
8389,158,9,10,3,64,60,0,380.628,71,0,6,1.0
8390,159,0,10,2,40,28,0,289.65200000000004,39,1,6,1.0
8391,159,1,10,2,40,28,0,596.4739999999999,39,1,6,1.0
8392,159,2,10,2,40,28,1,322.395,32,1,6,1.0
8393,159,3,10,2,40,28,1,0.571,26,1,6,1.0
8394,159,4,10,2,40,28,1,0.528,16,0,6,1.0
8395,159,5,10,2,40,28,1,78.30199999999999,45,0,6,1.0
8396,159,6,10,2,40,28,0,88.727,33,0,6,1.0
8397,159,7,10,2,40,28,0,208.424,45,0,6,1.0
8398,159,8,10,2,40,28,0,109.955,39,0,6,1.0
8399,159,9,10,2,40,28,0,222.536,42,0,6,1.0
