,participant,task,trial,choice,reward,forced,slot1_value,slot2_value
0,9,0,0,1,21,1,40,10
1,9,0,1,1,6,1,40,10
2,9,0,2,1,17,1,40,10
3,9,0,3,0,33,1,40,10
4,9,0,4,0,31,0,40,10
5,9,0,5,0,43,0,40,10
6,9,0,6,0,47,0,40,10
7,9,0,7,0,53,0,40,10
8,9,0,8,0,46,0,40,10
9,9,0,9,0,33,0,40,10
10,9,1,0,0,39,1,40,28
11,9,1,1,1,38,1,40,28
12,9,1,2,1,25,1,40,28
13,9,1,3,1,28,1,40,28
14,9,1,4,1,10,0,40,28
15,9,1,5,0,47,0,40,28
16,9,1,6,0,60,0,40,28
17,9,1,7,0,52,0,40,28
18,9,1,8,0,32,0,40,28
19,9,1,9,0,43,0,40,28
20,9,2,0,1,40,1,28,40
21,9,2,1,0,16,1,28,40
22,9,2,2,1,42,1,28,40
23,9,2,3,1,43,1,28,40
24,9,2,4,1,40,0,28,40
25,9,3,0,0,16,1,10,40
26,9,3,1,1,38,1,10,40
27,9,3,2,1,36,1,10,40
28,9,3,3,1,47,1,10,40
29,9,3,4,1,35,0,10,40
30,9,4,0,0,47,1,40,32
31,9,4,1,0,41,1,40,32
32,9,4,2,1,30,1,40,32
33,9,4,3,1,29,1,40,32
34,9,4,4,1,40,0,40,32
35,9,4,5,0,34,0,40,32
36,9,4,6,0,39,0,40,32
37,9,4,7,0,47,0,40,32
38,9,4,8,0,48,0,40,32
39,9,4,9,0,49,0,40,32
40,9,5,0,1,47,1,40,52
41,9,5,1,1,67,1,40,52
42,9,5,2,0,57,1,40,52
43,9,5,3,1,53,1,40,52
44,9,5,4,1,47,0,40,52
45,9,5,5,0,52,0,40,52
46,9,5,6,1,53,0,40,52
47,9,5,7,1,49,0,40,52
48,9,5,8,1,61,0,40,52
49,9,5,9,1,53,0,40,52
50,9,6,0,0,75,1,70,40
51,9,6,1,0,73,1,70,40
52,9,6,2,0,49,1,70,40
53,9,6,3,1,25,1,70,40
54,9,6,4,0,64,0,70,40
55,9,7,0,0,24,1,30,60
56,9,7,1,0,35,1,30,60
57,9,7,2,0,29,1,30,60
58,9,7,3,1,55,1,30,60
59,9,7,4,1,54,0,30,60
60,9,7,5,1,64,0,30,60
61,9,7,6,1,53,0,30,60
62,9,7,7,1,71,0,30,60
63,9,7,8,1,62,0,30,60
64,9,7,9,1,56,0,30,60
65,9,8,0,1,59,1,40,60
66,9,8,1,1,51,1,40,60
67,9,8,2,0,46,1,40,60
68,9,8,3,0,50,1,40,60
69,9,8,4,1,58,0,40,60
70,9,9,0,0,41,1,48,40
71,9,9,1,0,36,1,48,40
72,9,9,2,1,56,1,48,40
73,9,9,3,1,27,1,48,40
74,9,9,4,1,34,0,48,40
75,9,10,0,1,65,1,60,64
76,9,10,1,1,55,1,60,64
77,9,10,2,0,59,1,60,64
78,9,10,3,0,73,1,60,64
79,9,10,4,0,72,0,60,64
80,9,11,0,1,58,1,40,48
81,9,11,1,0,47,1,40,48
82,9,11,2,1,44,1,40,48
83,9,11,3,0,41,1,40,48
84,9,11,4,1,44,0,40,48
85,9,12,0,1,64,1,40,70
86,9,12,1,1,75,1,40,70
87,9,12,2,0,37,1,40,70
88,9,12,3,0,46,1,40,70
89,9,12,4,1,70,0,40,70
90,9,13,0,0,33,1,30,60
91,9,13,1,1,58,1,30,60
92,9,13,2,0,32,1,30,60
93,9,13,3,1,64,1,30,60
94,9,13,4,1,54,0,30,60
95,9,14,0,0,51,1,52,40
96,9,14,1,0,45,1,52,40
97,9,14,2,1,40,1,52,40
98,9,14,3,0,49,1,52,40
99,9,14,4,0,60,0,52,40
100,9,15,0,1,56,1,90,60
101,9,15,1,0,92,1,90,60
102,9,15,2,0,100,1,90,60
103,9,15,3,1,53,1,90,60
104,9,15,4,0,82,0,90,60
105,9,15,5,0,81,0,90,60
106,9,15,6,0,92,0,90,60
107,9,15,7,0,83,0,90,60
108,9,15,8,0,86,0,90,60
109,9,15,9,0,96,0,90,60
110,9,16,0,0,42,1,40,36
111,9,16,1,1,39,1,40,36
112,9,16,2,0,35,1,40,36
113,9,16,3,0,39,1,40,36
114,9,16,4,0,30,0,40,36
115,9,17,0,0,57,1,60,30
116,9,17,1,1,31,1,60,30
117,9,17,2,1,38,1,60,30
118,9,17,3,0,50,1,60,30
119,9,17,4,0,53,0,60,30
120,9,17,5,0,65,0,60,30
121,9,17,6,0,47,0,60,30
122,9,17,7,0,51,0,60,30
123,9,17,8,0,58,0,60,30
124,9,17,9,0,63,0,60,30
125,9,18,0,1,75,1,60,90
126,9,18,1,0,58,1,60,90
127,9,18,2,1,71,1,60,90
128,9,18,3,0,53,1,60,90
129,9,18,4,1,94,0,60,90
130,9,19,0,1,33,1,60,52
131,9,19,1,0,66,1,60,52
132,9,19,2,0,41,1,60,52
133,9,19,3,0,51,1,60,52
134,9,19,4,0,55,0,60,52
135,9,19,5,0,60,0,60,52
136,9,19,6,0,49,0,60,52
137,9,19,7,0,60,0,60,52
138,9,19,8,0,53,0,60,52
139,9,19,9,0,47,0,60,52
140,9,20,0,1,39,1,48,40
141,9,20,1,0,36,1,48,40
142,9,20,2,1,35,1,48,40
143,9,20,3,1,34,1,48,40
144,9,20,4,1,43,0,48,40
145,9,20,5,1,44,0,48,40
146,9,20,6,1,44,0,48,40
147,9,20,7,1,35,0,48,40
148,9,20,8,1,43,0,48,40
149,9,20,9,1,40,0,48,40
150,9,21,0,0,41,1,40,70
151,9,21,1,1,65,1,40,70
152,9,21,2,0,33,1,40,70
153,9,21,3,0,38,1,40,70
154,9,21,4,1,79,0,40,70
155,9,21,5,1,65,0,40,70
156,9,21,6,1,66,0,40,70
157,9,21,7,1,66,0,40,70
158,9,21,8,1,75,0,40,70
159,9,21,9,1,77,0,40,70
160,9,22,0,0,35,1,40,32
161,9,22,1,1,33,1,40,32
162,9,22,2,1,32,1,40,32
163,9,22,3,0,41,1,40,32
164,9,22,4,0,51,0,40,32
165,9,22,5,0,36,0,40,32
166,9,22,6,0,53,0,40,32
167,9,22,7,0,35,0,40,32
168,9,22,8,0,51,0,40,32
169,9,22,9,0,47,0,40,32
170,9,23,0,0,27,1,28,40
171,9,23,1,1,39,1,28,40
172,9,23,2,0,40,1,28,40
173,9,23,3,0,33,1,28,40
174,9,23,4,1,32,0,28,40
175,9,23,5,1,46,0,28,40
176,9,23,6,1,37,0,28,40
177,9,23,7,1,40,0,28,40
178,9,23,8,1,36,0,28,40
179,9,23,9,1,42,0,28,40
180,9,24,0,1,70,1,60,72
181,9,24,1,1,83,1,60,72
182,9,24,2,0,54,1,60,72
183,9,24,3,0,50,1,60,72
184,9,24,4,1,72,0,60,72
185,9,25,0,0,46,1,48,60
186,9,25,1,0,48,1,48,60
187,9,25,2,1,64,1,48,60
188,9,25,3,1,64,1,48,60
189,9,25,4,1,61,0,48,60
190,9,25,5,1,52,0,48,60
191,9,25,6,1,61,0,48,60
192,9,25,7,1,60,0,48,60
193,9,25,8,1,64,0,48,60
194,9,25,9,1,49,0,48,60
195,9,26,0,1,72,1,40,60
196,9,26,1,0,39,1,40,60
197,9,26,2,0,38,1,40,60
198,9,26,3,1,60,1,40,60
199,9,26,4,1,50,0,40,60
200,9,26,5,1,48,0,40,60
201,9,26,6,1,67,0,40,60
202,9,26,7,1,51,0,40,60
203,9,26,8,1,59,0,40,60
204,9,26,9,1,60,0,40,60
205,9,27,0,1,58,1,80,60
206,9,27,1,0,81,1,80,60
207,9,27,2,1,56,1,80,60
208,9,27,3,1,52,1,80,60
209,9,27,4,0,85,0,80,60
210,9,28,0,0,80,1,68,60
211,9,28,1,0,66,1,68,60
212,9,28,2,1,57,1,68,60
213,9,28,3,0,67,1,68,60
214,9,28,4,0,71,0,68,60
215,9,28,5,0,67,0,68,60
216,9,28,6,0,67,0,68,60
217,9,28,7,0,71,0,68,60
218,9,28,8,0,78,0,68,60
219,9,28,9,0,59,0,68,60
220,9,29,0,1,73,1,60,90
221,9,29,1,0,56,1,60,90
222,9,29,2,1,85,1,60,90
223,9,29,3,0,51,1,60,90
224,9,29,4,1,87,0,60,90
225,9,30,0,0,64,1,60,80
226,9,30,1,1,72,1,60,80
227,9,30,2,1,67,1,60,80
228,9,30,3,1,79,1,60,80
229,9,30,4,1,65,0,60,80
230,9,30,5,1,77,0,60,80
231,9,30,6,1,75,0,60,80
232,9,30,7,1,73,0,60,80
233,9,30,8,1,88,0,60,80
234,9,30,9,1,73,0,60,80
235,9,31,0,0,44,1,48,60
236,9,31,1,0,53,1,48,60
237,9,31,2,1,67,1,48,60
238,9,31,3,1,58,1,48,60
239,9,31,4,1,53,0,48,60
240,9,31,5,1,71,0,48,60
241,9,31,6,1,59,0,48,60
242,9,31,7,1,42,0,48,60
243,9,31,8,1,59,0,48,60
244,9,31,9,1,69,0,48,60
245,9,32,0,0,43,1,44,40
246,9,32,1,1,47,1,44,40
247,9,32,2,1,47,1,44,40
248,9,32,3,1,52,1,44,40
249,9,32,4,1,47,0,44,40
250,9,33,0,1,57,1,60,56
251,9,33,1,1,59,1,60,56
252,9,33,2,0,52,1,60,56
253,9,33,3,1,58,1,60,56
254,9,33,4,1,50,0,60,56
255,9,34,0,0,49,1,48,60
256,9,34,1,1,71,1,48,60
257,9,34,2,1,48,1,48,60
258,9,34,3,0,49,1,48,60
259,9,34,4,1,55,0,48,60
260,9,35,0,1,35,1,60,40
261,9,35,1,0,68,1,60,40
262,9,35,2,0,75,1,60,40
263,9,35,3,1,52,1,60,40
264,9,35,4,0,62,0,60,40
265,9,36,0,1,67,1,40,70
266,9,36,1,1,71,1,40,70
267,9,36,2,0,39,1,40,70
268,9,36,3,0,37,1,40,70
269,9,36,4,1,56,0,40,70
270,9,37,0,1,58,1,80,60
271,9,37,1,0,84,1,80,60
272,9,37,2,1,50,1,80,60
273,9,37,3,1,65,1,80,60
274,9,37,4,0,76,0,80,60
275,9,38,0,1,58,1,40,52
276,9,38,1,0,35,1,40,52
277,9,38,2,1,46,1,40,52
278,9,38,3,0,48,1,40,52
279,9,38,4,1,41,0,40,52
280,9,38,5,1,57,0,40,52
281,9,38,6,1,39,0,40,52
282,9,38,7,1,62,0,40,52
283,9,38,8,1,58,0,40,52
284,9,38,9,1,63,0,40,52
285,9,39,0,1,35,1,36,40
286,9,39,1,0,42,1,36,40
287,9,39,2,1,34,1,36,40
288,9,39,3,1,42,1,36,40
289,9,39,4,0,26,0,36,40
290,9,39,5,1,29,0,36,40
291,9,39,6,1,43,0,36,40
292,9,39,7,1,42,0,36,40
293,9,39,8,1,37,0,36,40
294,9,39,9,1,46,0,36,40
295,9,40,0,0,59,1,60,80
296,9,40,1,0,57,1,60,80
297,9,40,2,1,74,1,60,80
298,9,40,3,1,76,1,60,80
299,9,40,4,1,75,0,60,80
300,9,40,5,1,73,0,60,80
301,9,40,6,1,93,0,60,80
302,9,40,7,1,76,0,60,80
303,9,40,8,1,77,0,60,80
304,9,40,9,1,85,0,60,80
305,9,41,0,0,26,1,30,60
306,9,41,1,1,55,1,30,60
307,9,41,2,0,20,1,30,60
308,9,41,3,1,70,1,30,60
309,9,41,4,1,65,0,30,60
310,9,42,0,0,56,1,60,68
311,9,42,1,1,74,1,60,68
312,9,42,2,1,63,1,60,68
313,9,42,3,0,75,1,60,68
314,9,42,4,1,75,0,60,68
315,9,42,5,1,61,0,60,68
316,9,42,6,1,61,0,60,68
317,9,42,7,1,57,0,60,68
318,9,42,8,1,70,0,60,68
319,9,42,9,1,67,0,60,68
320,9,43,0,1,4,1,40,10
321,9,43,1,0,40,1,40,10
322,9,43,2,1,19,1,40,10
323,9,43,3,0,30,1,40,10
324,9,43,4,0,43,0,40,10
325,9,44,0,0,44,1,40,60
326,9,44,1,1,63,1,40,60
327,9,44,2,0,52,1,40,60
328,9,44,3,0,49,1,40,60
329,9,44,4,1,48,0,40,60
330,9,44,5,1,67,0,40,60
331,9,44,6,1,62,0,40,60
332,9,44,7,1,68,0,40,60
333,9,44,8,1,58,0,40,60
334,9,44,9,1,62,0,40,60
335,9,45,0,1,72,1,60,64
336,9,45,1,1,64,1,60,64
337,9,45,2,0,57,1,60,64
338,9,45,3,0,66,1,60,64
339,9,45,4,1,59,0,60,64
340,9,46,0,1,55,1,20,40
341,9,46,1,0,32,1,20,40
342,9,46,2,1,35,1,20,40
343,9,46,3,0,21,1,20,40
344,9,46,4,1,39,0,20,40
345,9,47,0,0,62,1,60,56
346,9,47,1,1,47,1,60,56
347,9,47,2,0,65,1,60,56
348,9,47,3,1,59,1,60,56
349,9,47,4,0,70,0,60,56
350,9,47,5,0,54,0,60,56
351,9,47,6,0,57,0,60,56
352,9,47,7,0,58,0,60,56
353,9,47,8,0,63,0,60,56
354,9,47,9,0,62,0,60,56
355,9,48,0,1,56,1,72,60
356,9,48,1,0,79,1,72,60
357,9,48,2,1,41,1,72,60
358,9,48,3,0,92,1,72,60
359,9,48,4,0,71,0,72,60
360,9,48,5,0,67,0,72,60
361,9,48,6,0,73,0,72,60
362,9,48,7,0,74,0,72,60
363,9,48,8,0,73,0,72,60
364,9,48,9,0,70,0,72,60
365,9,49,0,1,67,1,60,64
366,9,49,1,1,62,1,60,64
367,9,49,2,0,63,1,60,64
368,9,49,3,0,57,1,60,64
369,9,49,4,1,56,0,60,64
370,9,50,0,0,34,1,44,40
371,9,50,1,0,30,1,44,40
372,9,50,2,0,42,1,44,40
373,9,50,3,1,36,1,44,40
374,9,50,4,0,35,0,44,40
375,9,51,0,1,35,1,40,32
376,9,51,1,0,40,1,40,32
377,9,51,2,0,34,1,40,32
378,9,51,3,1,23,1,40,32
379,9,51,4,0,40,0,40,32
380,9,52,0,0,39,1,40,48
381,9,52,1,1,56,1,40,48
382,9,52,2,1,58,1,40,48
383,9,52,3,1,41,1,40,48
384,9,52,4,1,46,0,40,48
385,9,53,0,0,54,1,40,48
386,9,53,1,0,52,1,40,48
387,9,53,2,0,51,1,40,48
388,9,53,3,1,36,1,40,48
389,9,53,4,0,37,0,40,48
390,9,54,0,1,87,1,60,90
391,9,54,1,1,87,1,60,90
392,9,54,2,1,79,1,60,90
393,9,54,3,0,52,1,60,90
394,9,54,4,1,81,0,60,90
395,9,54,5,1,100,0,60,90
396,9,54,6,1,99,0,60,90
397,9,54,7,1,93,0,60,90
398,9,54,8,1,87,0,60,90
399,9,54,9,1,72,0,60,90
400,9,55,0,1,35,1,40,52
401,9,55,1,1,61,1,40,52
402,9,55,2,0,46,1,40,52
403,9,55,3,1,52,1,40,52
404,9,55,4,1,58,0,40,52
405,9,55,5,1,54,0,40,52
406,9,55,6,1,58,0,40,52
407,9,55,7,1,58,0,40,52
408,9,55,8,1,50,0,40,52
409,9,55,9,1,54,0,40,52
410,9,56,0,0,49,1,60,80
411,9,56,1,1,69,1,60,80
412,9,56,2,0,42,1,60,80
413,9,56,3,0,66,1,60,80
414,9,56,4,1,73,0,60,80
415,9,57,0,0,43,1,40,60
416,9,57,1,0,39,1,40,60
417,9,57,2,0,21,1,40,60
418,9,57,3,1,56,1,40,60
419,9,57,4,1,54,0,40,60
420,9,57,5,1,51,0,40,60
421,9,57,6,1,51,0,40,60
422,9,57,7,1,61,0,40,60
423,9,57,8,1,57,0,40,60
424,9,57,9,1,57,0,40,60
425,9,58,0,1,40,1,36,40
426,9,58,1,0,37,1,36,40
427,9,58,2,1,39,1,36,40
428,9,58,3,0,22,1,36,40
429,9,58,4,1,32,0,36,40
430,9,59,0,0,70,1,70,40
431,9,59,1,0,62,1,70,40
432,9,59,2,0,60,1,70,40
433,9,59,3,1,30,1,70,40
434,9,59,4,0,71,0,70,40
435,9,60,0,1,47,1,40,52
436,9,60,1,0,45,1,40,52
437,9,60,2,0,42,1,40,52
438,9,60,3,1,68,1,40,52
439,9,60,4,1,51,0,40,52
440,9,61,0,1,4,1,40,10
441,9,61,1,0,41,1,40,10
442,9,61,2,1,11,1,40,10
443,9,61,3,0,38,1,40,10
444,9,61,4,0,34,0,40,10
445,9,62,0,0,18,1,20,40
446,9,62,1,1,36,1,20,40
447,9,62,2,1,40,1,20,40
448,9,62,3,1,47,1,20,40
449,9,62,4,1,32,0,20,40
450,9,62,5,1,50,0,20,40
451,9,62,6,1,52,0,20,40
452,9,62,7,1,37,0,20,40
453,9,62,8,1,44,0,20,40
454,9,62,9,1,25,0,20,40
455,9,63,0,1,40,1,20,40
456,9,63,1,0,24,1,20,40
457,9,63,2,0,12,1,20,40
458,9,63,3,0,20,1,20,40
459,9,63,4,1,24,0,20,40
460,9,64,0,0,28,1,32,40
461,9,64,1,1,34,1,32,40
462,9,64,2,1,50,1,32,40
463,9,64,3,1,30,1,32,40
464,9,64,4,1,56,0,32,40
465,9,65,0,0,94,1,90,60
466,9,65,1,1,72,1,90,60
467,9,65,2,1,66,1,90,60
468,9,65,3,1,69,1,90,60
469,9,65,4,0,93,0,90,60
470,9,66,0,1,46,1,10,40
471,9,66,1,1,41,1,10,40
472,9,66,2,0,1,1,10,40
473,9,66,3,0,30,1,10,40
474,9,66,4,1,36,0,10,40
475,9,66,5,1,26,0,10,40
476,9,66,6,1,36,0,10,40
477,9,66,7,1,44,0,10,40
478,9,66,8,1,41,0,10,40
479,9,66,9,1,41,0,10,40
480,9,67,0,1,64,1,60,56
481,9,67,1,1,40,1,60,56
482,9,67,2,0,62,1,60,56
483,9,67,3,1,56,1,60,56
484,9,67,4,0,52,0,60,56
485,9,68,0,0,45,1,60,64
486,9,68,1,1,57,1,60,64
487,9,68,2,1,78,1,60,64
488,9,68,3,1,54,1,60,64
489,9,68,4,1,71,0,60,64
490,9,68,5,1,61,0,60,64
491,9,68,6,1,69,0,60,64
492,9,68,7,1,74,0,60,64
493,9,68,8,1,66,0,60,64
494,9,68,9,1,67,0,60,64
495,9,69,0,0,43,1,48,60
496,9,69,1,1,69,1,48,60
497,9,69,2,1,63,1,48,60
498,9,69,3,0,44,1,48,60
499,9,69,4,1,60,0,48,60
500,9,70,0,1,40,1,40,48
501,9,70,1,0,32,1,40,48
502,9,70,2,1,38,1,40,48
503,9,70,3,0,50,1,40,48
504,9,70,4,1,51,0,40,48
505,9,71,0,0,56,1,48,60
506,9,71,1,1,62,1,48,60
507,9,71,2,0,57,1,48,60
508,9,71,3,0,46,1,48,60
509,9,71,4,1,51,0,48,60
510,9,72,0,0,35,1,40,60
511,9,72,1,0,51,1,40,60
512,9,72,2,0,42,1,40,60
513,9,72,3,1,58,1,40,60
514,9,72,4,1,62,0,40,60
515,9,72,5,1,63,0,40,60
516,9,72,6,1,57,0,40,60
517,9,72,7,1,57,0,40,60
518,9,72,8,1,58,0,40,60
519,9,72,9,1,62,0,40,60
520,9,73,0,0,49,1,40,32
521,9,73,1,1,29,1,40,32
522,9,73,2,0,46,1,40,32
523,9,73,3,1,41,1,40,32
524,9,73,4,0,30,0,40,32
525,9,74,0,0,74,1,60,64
526,9,74,1,1,75,1,60,64
527,9,74,2,1,53,1,60,64
528,9,74,3,0,61,1,60,64
529,9,74,4,1,75,0,60,64
530,9,74,5,1,64,0,60,64
531,9,74,6,1,54,0,60,64
532,9,74,7,1,62,0,60,64
533,9,74,8,1,67,0,60,64
534,9,74,9,1,67,0,60,64
535,9,75,0,0,1,1,10,40
536,9,75,1,1,38,1,10,40
537,9,75,2,1,26,1,10,40
538,9,75,3,1,44,1,10,40
539,9,75,4,1,42,0,10,40
540,9,76,0,1,35,1,32,40
541,9,76,1,1,33,1,32,40
542,9,76,2,0,34,1,32,40
543,9,76,3,1,39,1,32,40
544,9,76,4,1,38,0,32,40
545,9,76,5,1,43,0,32,40
546,9,76,6,1,45,0,32,40
547,9,76,7,1,29,0,32,40
548,9,76,8,1,48,0,32,40
549,9,76,9,1,40,0,32,40
550,9,77,0,1,34,1,40,36
551,9,77,1,0,35,1,40,36
552,9,77,2,0,30,1,40,36
553,9,77,3,0,29,1,40,36
554,9,77,4,1,43,0,40,36
555,9,77,5,1,40,0,40,36
556,9,77,6,1,30,0,40,36
557,9,77,7,1,33,0,40,36
558,9,77,8,1,38,0,40,36
559,9,77,9,1,34,0,40,36
560,9,78,0,0,25,1,20,40
561,9,78,1,1,37,1,20,40
562,9,78,2,1,40,1,20,40
563,9,78,3,1,43,1,20,40
564,9,78,4,1,50,0,20,40
565,9,78,5,1,57,0,20,40
566,9,78,6,1,35,0,20,40
567,9,78,7,1,39,0,20,40
568,9,78,8,1,34,0,20,40
569,9,78,9,1,45,0,20,40
570,9,79,0,0,58,1,60,80
571,9,79,1,0,67,1,60,80
572,9,79,2,1,81,1,60,80
573,9,79,3,1,75,1,60,80
574,9,79,4,1,73,0,60,80
575,9,79,5,1,83,0,60,80
576,9,79,6,1,64,0,60,80
577,9,79,7,1,68,0,60,80
578,9,79,8,1,70,0,60,80
579,9,79,9,1,82,0,60,80
580,9,80,0,1,33,1,70,40
581,9,80,1,0,77,1,70,40
582,9,80,2,0,69,1,70,40
583,9,80,3,1,41,1,70,40
584,9,80,4,0,70,0,70,40
585,9,80,5,0,79,0,70,40
586,9,80,6,0,67,0,70,40
587,9,80,7,0,72,0,70,40
588,9,80,8,0,75,0,70,40
589,9,80,9,0,81,0,70,40
590,9,81,0,0,43,1,60,72
591,9,81,1,0,48,1,60,72
592,9,81,2,1,74,1,60,72
593,9,81,3,0,56,1,60,72
594,9,81,4,1,70,0,60,72
595,9,81,5,1,62,0,60,72
596,9,81,6,1,62,0,60,72
597,9,81,7,1,78,0,60,72
598,9,81,8,1,54,0,60,72
599,9,81,9,1,75,0,60,72
600,9,82,0,1,83,1,60,72
601,9,82,1,1,73,1,60,72
602,9,82,2,0,60,1,60,72
603,9,82,3,1,65,1,60,72
604,9,82,4,1,85,0,60,72
605,9,83,0,0,43,1,40,36
606,9,83,1,1,42,1,40,36
607,9,83,2,0,34,1,40,36
608,9,83,3,0,45,1,40,36
609,9,83,4,0,43,0,40,36
610,9,84,0,0,70,1,68,60
611,9,84,1,0,57,1,68,60
612,9,84,2,1,41,1,68,60
613,9,84,3,0,79,1,68,60
614,9,84,4,0,66,0,68,60
615,9,84,5,0,64,0,68,60
616,9,84,6,0,54,0,68,60
617,9,84,7,0,76,0,68,60
618,9,84,8,0,64,0,68,60
619,9,84,9,0,67,0,68,60
620,9,85,0,1,43,1,28,40
621,9,85,1,0,41,1,28,40
622,9,85,2,1,37,1,28,40
623,9,85,3,1,49,1,28,40
624,9,85,4,1,35,0,28,40
625,9,86,0,1,57,1,68,60
626,9,86,1,1,57,1,68,60
627,9,86,2,0,77,1,68,60
628,9,86,3,0,86,1,68,60
629,9,86,4,0,79,0,68,60
630,9,86,5,0,64,0,68,60
631,9,86,6,0,59,0,68,60
632,9,86,7,0,73,0,68,60
633,9,86,8,0,76,0,68,60
634,9,86,9,0,62,0,68,60
635,9,87,0,1,63,1,40,60
636,9,87,1,0,43,1,40,60
637,9,87,2,1,49,1,40,60
638,9,87,3,0,41,1,40,60
639,9,87,4,1,56,0,40,60
640,9,87,5,1,71,0,40,60
641,9,87,6,1,45,0,40,60
642,9,87,7,1,57,0,40,60
643,9,87,8,1,66,0,40,60
644,9,87,9,1,62,0,40,60
645,9,88,0,0,72,1,60,30
646,9,88,1,1,31,1,60,30
647,9,88,2,1,41,1,60,30
648,9,88,3,0,60,1,60,30
649,9,88,4,0,59,0,60,30
650,9,88,5,0,75,0,60,30
651,9,88,6,0,68,0,60,30
652,9,88,7,0,44,0,60,30
653,9,88,8,0,46,0,60,30
654,9,88,9,0,62,0,60,30
655,9,89,0,1,61,1,60,64
656,9,89,1,1,65,1,60,64
657,9,89,2,0,59,1,60,64
658,9,89,3,0,63,1,60,64
659,9,89,4,1,52,0,60,64
660,9,90,0,0,43,1,44,40
661,9,90,1,0,33,1,44,40
662,9,90,2,0,39,1,44,40
663,9,90,3,1,46,1,44,40
664,9,90,4,1,44,0,44,40
665,9,91,0,1,52,1,64,60
666,9,91,1,1,54,1,64,60
667,9,91,2,0,64,1,64,60
668,9,91,3,0,57,1,64,60
669,9,91,4,0,79,0,64,60
670,9,91,5,0,70,0,64,60
671,9,91,6,0,56,0,64,60
672,9,91,7,0,71,0,64,60
673,9,91,8,0,54,0,64,60
674,9,91,9,0,56,0,64,60
675,9,92,0,1,54,1,90,60
676,9,92,1,0,100,1,90,60
677,9,92,2,0,83,1,90,60
678,9,92,3,1,46,1,90,60
679,9,92,4,0,94,0,90,60
680,9,92,5,0,92,0,90,60
681,9,92,6,0,82,0,90,60
682,9,92,7,0,97,0,90,60
683,9,92,8,0,97,0,90,60
684,9,92,9,0,88,0,90,60
685,9,93,0,0,41,1,32,40
686,9,93,1,1,46,1,32,40
687,9,93,2,1,35,1,32,40
688,9,93,3,1,43,1,32,40
689,9,93,4,1,44,0,32,40
690,9,94,0,1,50,1,40,60
691,9,94,1,0,32,1,40,60
692,9,94,2,0,39,1,40,60
693,9,94,3,1,75,1,40,60
694,9,94,4,1,68,0,40,60
695,9,94,5,1,59,0,40,60
696,9,94,6,1,56,0,40,60
697,9,94,7,1,56,0,40,60
698,9,94,8,1,45,0,40,60
699,9,94,9,1,47,0,40,60
700,9,95,0,1,42,1,40,52
701,9,95,1,0,25,1,40,52
702,9,95,2,0,44,1,40,52
703,9,95,3,1,47,1,40,52
704,9,95,4,1,55,0,40,52
705,9,96,0,1,40,1,32,40
706,9,96,1,1,37,1,32,40
707,9,96,2,0,23,1,32,40
708,9,96,3,1,25,1,32,40
709,9,96,4,1,47,0,32,40
710,9,96,5,1,44,0,32,40
711,9,96,6,1,44,0,32,40
712,9,96,7,1,38,0,32,40
713,9,96,8,1,36,0,32,40
714,9,96,9,1,37,0,32,40
715,9,97,0,0,72,1,60,64
716,9,97,1,1,62,1,60,64
717,9,97,2,1,72,1,60,64
718,9,97,3,1,59,1,60,64
719,9,97,4,0,62,0,60,64
720,9,97,5,0,73,0,60,64
721,9,97,6,0,61,0,60,64
722,9,97,7,0,62,0,60,64
723,9,97,8,0,52,0,60,64
724,9,97,9,0,63,0,60,64
725,9,98,0,1,35,1,10,40
726,9,98,1,0,21,1,10,40
727,9,98,2,0,7,1,10,40
728,9,98,3,0,6,1,10,40
729,9,98,4,1,40,0,10,40
730,9,99,0,0,48,1,60,40
731,9,99,1,1,29,1,60,40
732,9,99,2,1,48,1,60,40
733,9,99,3,0,60,1,60,40
734,9,99,4,0,67,0,60,40
735,13,0,0,0,36,1,40,36
736,13,0,1,1,48,1,40,36
737,13,0,2,1,33,1,40,36
738,13,0,3,1,37,1,40,36
739,13,0,4,1,49,0,40,36
740,13,0,5,0,33,0,40,36
741,13,0,6,1,50,0,40,36
742,13,0,7,0,50,0,40,36
743,13,0,8,0,41,0,40,36
744,13,0,9,1,36,0,40,36
745,13,1,0,0,66,1,60,48
746,13,1,1,1,56,1,60,48
747,13,1,2,0,70,1,60,48
748,13,1,3,1,43,1,60,48
749,13,1,4,0,54,0,60,48
750,13,1,5,0,52,0,60,48
751,13,1,6,1,46,0,60,48
752,13,1,7,0,54,0,60,48
753,13,1,8,0,55,0,60,48
754,13,1,9,0,69,0,60,48
755,13,2,0,1,32,1,40,36
756,13,2,1,0,24,1,40,36
757,13,2,2,0,57,1,40,36
758,13,2,3,1,36,1,40,36
759,13,2,4,0,40,0,40,36
760,13,2,5,0,41,0,40,36
761,13,2,6,0,32,0,40,36
762,13,2,7,1,29,0,40,36
763,13,2,8,0,36,0,40,36
764,13,2,9,1,28,0,40,36
765,13,3,0,1,46,1,40,48
766,13,3,1,0,32,1,40,48
767,13,3,2,0,36,1,40,48
768,13,3,3,1,59,1,40,48
769,13,3,4,0,40,0,40,48
770,13,4,0,1,1,1,40,10
771,13,4,1,0,32,1,40,10
772,13,4,2,1,1,1,40,10
773,13,4,3,0,45,1,40,10
774,13,4,4,1,5,0,40,10
775,13,5,0,1,45,1,60,56
776,13,5,1,0,63,1,60,56
777,13,5,2,1,56,1,60,56
778,13,5,3,0,61,1,60,56
779,13,5,4,0,58,0,60,56
780,13,6,0,1,51,1,40,48
781,13,6,1,1,32,1,40,48
782,13,6,2,0,38,1,40,48
783,13,6,3,1,49,1,40,48
784,13,6,4,1,53,0,40,48
785,13,6,5,1,52,0,40,48
786,13,6,6,0,36,0,40,48
787,13,6,7,1,45,0,40,48
788,13,6,8,0,40,0,40,48
789,13,6,9,1,38,0,40,48
790,13,7,0,0,63,1,56,60
791,13,7,1,0,51,1,56,60
792,13,7,2,0,57,1,56,60
793,13,7,3,1,57,1,56,60
794,13,7,4,1,68,0,56,60
795,13,8,0,1,63,1,48,60
796,13,8,1,0,29,1,48,60
797,13,8,2,1,63,1,48,60
798,13,8,3,1,58,1,48,60
799,13,8,4,1,53,0,48,60
800,13,8,5,0,49,0,48,60
801,13,8,6,0,64,0,48,60
802,13,8,7,0,45,0,48,60
803,13,8,8,1,60,0,48,60
804,13,8,9,1,72,0,48,60
805,13,9,0,1,56,1,80,60
806,13,9,1,1,54,1,80,60
807,13,9,2,0,81,1,80,60
808,13,9,3,1,60,1,80,60
809,13,9,4,0,88,0,80,60
810,13,10,0,1,64,1,40,60
811,13,10,1,0,37,1,40,60
812,13,10,2,0,31,1,40,60
813,13,10,3,0,61,1,40,60
814,13,10,4,0,44,0,40,60
815,13,11,0,1,64,1,40,70
816,13,11,1,0,37,1,40,70
817,13,11,2,1,61,1,40,70
818,13,11,3,0,20,1,40,70
819,13,11,4,1,70,0,40,70
820,13,11,5,0,32,0,40,70
821,13,11,6,1,81,0,40,70
822,13,11,7,0,38,0,40,70
823,13,11,8,1,67,0,40,70
824,13,11,9,0,53,0,40,70
825,13,12,0,0,45,1,40,32
826,13,12,1,1,47,1,40,32
827,13,12,2,0,36,1,40,32
828,13,12,3,0,41,1,40,32
829,13,12,4,1,35,0,40,32
830,13,13,0,1,34,1,40,36
831,13,13,1,0,25,1,40,36
832,13,13,2,0,37,1,40,36
833,13,13,3,0,48,1,40,36
834,13,13,4,0,48,0,40,36
835,13,13,5,0,50,0,40,36
836,13,13,6,0,43,0,40,36
837,13,13,7,1,43,0,40,36
838,13,13,8,1,46,0,40,36
839,13,13,9,0,32,0,40,36
840,13,14,0,0,61,1,72,60
841,13,14,1,1,49,1,72,60
842,13,14,2,0,79,1,72,60
843,13,14,3,1,57,1,72,60
844,13,14,4,0,52,0,72,60
845,13,14,5,0,67,0,72,60
846,13,14,6,1,49,0,72,60
847,13,14,7,1,68,0,72,60
848,13,14,8,0,68,0,72,60
849,13,14,9,0,62,0,72,60
850,13,15,0,1,40,1,40,60
851,13,15,1,1,55,1,40,60
852,13,15,2,0,56,1,40,60
853,13,15,3,0,46,1,40,60
854,13,15,4,0,34,0,40,60
855,13,15,5,1,62,0,40,60
856,13,15,6,1,50,0,40,60
857,13,15,7,1,61,0,40,60
858,13,15,8,0,41,0,40,60
859,13,15,9,0,35,0,40,60
860,13,16,0,0,37,1,40,70
861,13,16,1,1,73,1,40,70
862,13,16,2,1,67,1,40,70
863,13,16,3,1,71,1,40,70
864,13,16,4,1,67,0,40,70
865,13,17,0,1,50,1,40,60
866,13,17,1,1,58,1,40,60
867,13,17,2,0,39,1,40,60
868,13,17,3,0,44,1,40,60
869,13,17,4,1,67,0,40,60
870,13,17,5,1,42,0,40,60
871,13,17,6,0,44,0,40,60
872,13,17,7,0,45,0,40,60
873,13,17,8,1,59,0,40,60
874,13,17,9,1,52,0,40,60
875,13,18,0,1,23,1,70,40
876,13,18,1,0,63,1,70,40
877,13,18,2,0,70,1,70,40
878,13,18,3,0,86,1,70,40
879,13,18,4,0,66,0,70,40
880,13,18,5,0,74,0,70,40
881,13,18,6,0,61,0,70,40
882,13,18,7,1,40,0,70,40
883,13,18,8,1,38,0,70,40
884,13,18,9,1,45,0,70,40
885,13,19,0,0,53,1,60,56
886,13,19,1,1,55,1,60,56
887,13,19,2,1,62,1,60,56
888,13,19,3,1,47,1,60,56
889,13,19,4,0,50,0,60,56
890,13,20,0,0,21,1,20,40
891,13,20,1,1,45,1,20,40
892,13,20,2,0,18,1,20,40
893,13,20,3,1,32,1,20,40
894,13,20,4,1,53,0,20,40
895,13,21,0,0,73,1,80,60
896,13,21,1,0,87,1,80,60
897,13,21,2,0,86,1,80,60
898,13,21,3,1,60,1,80,60
899,13,21,4,0,74,0,80,60
900,13,22,0,0,41,1,48,40
901,13,22,1,1,27,1,48,40
902,13,22,2,0,44,1,48,40
903,13,22,3,0,37,1,48,40
904,13,22,4,0,41,0,48,40
905,13,22,5,0,28,0,48,40
906,13,22,6,1,38,0,48,40
907,13,22,7,1,41,0,48,40
908,13,22,8,1,53,0,48,40
909,13,22,9,1,45,0,48,40
910,13,23,0,1,37,1,40,32
911,13,23,1,0,41,1,40,32
912,13,23,2,1,35,1,40,32
913,13,23,3,1,34,1,40,32
914,13,23,4,0,40,0,40,32
915,13,23,5,0,39,0,40,32
916,13,23,6,0,29,0,40,32
917,13,23,7,1,24,0,40,32
918,13,23,8,1,34,0,40,32
919,13,23,9,1,34,0,40,32
920,13,24,0,1,61,1,48,60
921,13,24,1,0,42,1,48,60
922,13,24,2,1,62,1,48,60
923,13,24,3,1,51,1,48,60
924,13,24,4,0,41,0,48,60
925,13,24,5,0,37,0,48,60
926,13,24,6,1,50,0,48,60
927,13,24,7,1,65,0,48,60
928,13,24,8,0,30,0,48,60
929,13,24,9,1,75,0,48,60
930,13,25,0,1,99,1,60,90
931,13,25,1,0,49,1,60,90
932,13,25,2,0,61,1,60,90
933,13,25,3,1,85,1,60,90
934,13,25,4,1,99,0,60,90
935,13,26,0,1,68,1,52,60
936,13,26,1,1,64,1,52,60
937,13,26,2,1,61,1,52,60
938,13,26,3,0,52,1,52,60
939,13,26,4,0,65,0,52,60
940,13,27,0,1,88,1,60,80
941,13,27,1,0,55,1,60,80
942,13,27,2,1,74,1,60,80
943,13,27,3,1,97,1,60,80
944,13,27,4,0,50,0,60,80
945,13,27,5,0,60,0,60,80
946,13,27,6,0,63,0,60,80
947,13,27,7,1,92,0,60,80
948,13,27,8,1,85,0,60,80
949,13,27,9,1,73,0,60,80
950,13,28,0,1,63,1,40,60
951,13,28,1,1,54,1,40,60
952,13,28,2,0,45,1,40,60
953,13,28,3,0,35,1,40,60
954,13,28,4,1,58,0,40,60
955,13,28,5,1,59,0,40,60
956,13,28,6,0,38,0,40,60
957,13,28,7,0,51,0,40,60
958,13,28,8,1,52,0,40,60
959,13,28,9,1,56,0,40,60
960,13,29,0,0,24,1,30,60
961,13,29,1,0,26,1,30,60
962,13,29,2,1,70,1,30,60
963,13,29,3,0,35,1,30,60
964,13,29,4,1,63,0,30,60
965,13,29,5,1,63,0,30,60
966,13,29,6,0,34,0,30,60
967,13,29,7,0,16,0,30,60
968,13,29,8,1,51,0,30,60
969,13,29,9,1,69,0,30,60
970,13,30,0,0,60,1,60,68
971,13,30,1,1,59,1,60,68
972,13,30,2,0,50,1,60,68
973,13,30,3,1,76,1,60,68
974,13,30,4,0,44,0,60,68
975,13,30,5,0,59,0,60,68
976,13,30,6,1,79,0,60,68
977,13,30,7,0,59,0,60,68
978,13,30,8,0,56,0,60,68
979,13,30,9,1,65,0,60,68
980,13,31,0,1,53,1,68,60
981,13,31,1,1,64,1,68,60
982,13,31,2,0,59,1,68,60
983,13,31,3,1,54,1,68,60
984,13,31,4,0,70,0,68,60
985,13,32,0,1,53,1,40,48
986,13,32,1,1,43,1,40,48
987,13,32,2,0,39,1,40,48
988,13,32,3,0,37,1,40,48
989,13,32,4,1,57,0,40,48
990,13,32,5,1,60,0,40,48
991,13,32,6,0,30,0,40,48
992,13,32,7,0,28,0,40,48
993,13,32,8,1,45,0,40,48
994,13,32,9,1,33,0,40,48
995,13,33,0,1,21,1,40,20
996,13,33,1,1,23,1,40,20
997,13,33,2,0,38,1,40,20
998,13,33,3,1,12,1,40,20
999,13,33,4,1,23,0,40,20
1000,13,33,5,1,7,0,40,20
1001,13,33,6,0,33,0,40,20
1002,13,33,7,0,47,0,40,20
1003,13,33,8,0,43,0,40,20
1004,13,33,9,0,42,0,40,20
1005,13,34,0,0,38,1,30,60
1006,13,34,1,1,73,1,30,60
1007,13,34,2,1,59,1,30,60
1008,13,34,3,1,59,1,30,60
1009,13,34,4,1,59,0,30,60
1010,13,34,5,0,28,0,30,60
1011,13,34,6,1,64,0,30,60
1012,13,34,7,1,63,0,30,60
1013,13,34,8,1,57,0,30,60
1014,13,34,9,0,40,0,30,60
1015,13,35,0,1,52,1,40,60
1016,13,35,1,0,57,1,40,60
1017,13,35,2,0,35,1,40,60
1018,13,35,3,0,38,1,40,60
1019,13,35,4,1,64,0,40,60
1020,13,35,5,0,28,0,40,60
1021,13,35,6,0,47,0,40,60
1022,13,35,7,0,39,0,40,60
1023,13,35,8,1,73,0,40,60
1024,13,35,9,1,48,0,40,60
1025,13,36,0,0,32,1,36,40
1026,13,36,1,1,21,1,36,40
1027,13,36,2,1,40,1,36,40
1028,13,36,3,0,47,1,36,40
1029,13,36,4,0,49,0,36,40
1030,13,36,5,0,36,0,36,40
1031,13,36,6,1,44,0,36,40
1032,13,36,7,1,41,0,36,40
1033,13,36,8,1,25,0,36,40
1034,13,36,9,0,35,0,36,40
1035,13,37,0,1,57,1,80,60
1036,13,37,1,1,64,1,80,60
1037,13,37,2,0,80,1,80,60
1038,13,37,3,0,64,1,80,60
1039,13,37,4,0,94,0,80,60
1040,13,38,0,0,52,1,40,10
1041,13,38,1,0,32,1,40,10
1042,13,38,2,1,9,1,40,10
1043,13,38,3,1,1,1,40,10
1044,13,38,4,0,37,0,40,10
1045,13,38,5,0,35,0,40,10
1046,13,38,6,1,3,0,40,10
1047,13,38,7,0,38,0,40,10
1048,13,38,8,1,7,0,40,10
1049,13,38,9,0,24,0,40,10
1050,13,39,0,1,52,1,40,36
1051,13,39,1,0,39,1,40,36
1052,13,39,2,0,46,1,40,36
1053,13,39,3,0,37,1,40,36
1054,13,39,4,1,39,0,40,36
1055,13,39,5,1,36,0,40,36
1056,13,39,6,1,43,0,40,36
1057,13,39,7,1,35,0,40,36
1058,13,39,8,0,49,0,40,36
1059,13,39,9,0,19,0,40,36
1060,13,40,0,0,64,1,60,68
1061,13,40,1,1,69,1,60,68
1062,13,40,2,0,57,1,60,68
1063,13,40,3,1,72,1,60,68
1064,13,40,4,0,58,0,60,68
1065,13,40,5,0,55,0,60,68
1066,13,40,6,1,70,0,60,68
1067,13,40,7,0,55,0,60,68
1068,13,40,8,1,59,0,60,68
1069,13,40,9,1,75,0,60,68
1070,13,41,0,0,35,1,32,40
1071,13,41,1,0,37,1,32,40
1072,13,41,2,0,27,1,32,40
1073,13,41,3,1,37,1,32,40
1074,13,41,4,0,41,0,32,40
1075,13,41,5,0,35,0,32,40
1076,13,41,6,1,52,0,32,40
1077,13,41,7,1,36,0,32,40
1078,13,41,8,0,40,0,32,40
1079,13,41,9,0,45,0,32,40
1080,13,42,0,1,68,1,64,60
1081,13,42,1,1,69,1,64,60
1082,13,42,2,0,58,1,64,60
1083,13,42,3,0,66,1,64,60
1084,13,42,4,1,61,0,64,60
1085,13,43,0,1,71,1,40,60
1086,13,43,1,0,39,1,40,60
1087,13,43,2,0,38,1,40,60
1088,13,43,3,0,41,1,40,60
1089,13,43,4,0,51,0,40,60
1090,13,43,5,0,30,0,40,60
1091,13,43,6,1,72,0,40,60
1092,13,43,7,1,60,0,40,60
1093,13,43,8,1,57,0,40,60
1094,13,43,9,0,45,0,40,60
1095,13,44,0,1,17,1,40,28
1096,13,44,1,1,7,1,40,28
1097,13,44,2,1,22,1,40,28
1098,13,44,3,0,34,1,40,28
1099,13,44,4,0,34,0,40,28
1100,13,45,0,1,56,1,48,60
1101,13,45,1,0,43,1,48,60
1102,13,45,2,0,66,1,48,60
1103,13,45,3,0,45,1,48,60
1104,13,45,4,0,50,0,48,60
1105,13,46,0,0,66,1,60,80
1106,13,46,1,1,77,1,60,80
1107,13,46,2,0,65,1,60,80
1108,13,46,3,0,57,1,60,80
1109,13,46,4,1,65,0,60,80
1110,13,46,5,1,87,0,60,80
1111,13,46,6,1,77,0,60,80
1112,13,46,7,1,89,0,60,80
1113,13,46,8,1,63,0,60,80
1114,13,46,9,1,94,0,60,80
1115,13,47,0,0,22,1,10,40
1116,13,47,1,1,40,1,10,40
1117,13,47,2,1,51,1,10,40
1118,13,47,3,0,2,1,10,40
1119,13,47,4,1,52,0,10,40
1120,13,47,5,1,36,0,10,40
1121,13,47,6,1,38,0,10,40
1122,13,47,7,1,39,0,10,40
1123,13,47,8,1,48,0,10,40
1124,13,47,9,1,43,0,10,40
1125,13,48,0,0,45,1,40,60
1126,13,48,1,0,50,1,40,60
1127,13,48,2,1,61,1,40,60
1128,13,48,3,1,55,1,40,60
1129,13,48,4,0,35,0,40,60
1130,13,48,5,1,61,0,40,60
1131,13,48,6,0,41,0,40,60
1132,13,48,7,1,57,0,40,60
1133,13,48,8,0,36,0,40,60
1134,13,48,9,0,20,0,40,60
1135,13,49,0,1,52,1,40,48
1136,13,49,1,0,39,1,40,48
1137,13,49,2,0,45,1,40,48
1138,13,49,3,1,53,1,40,48
1139,13,49,4,0,38,0,40,48
1140,13,50,0,0,34,1,40,28
1141,13,50,1,1,32,1,40,28
1142,13,50,2,0,39,1,40,28
1143,13,50,3,1,19,1,40,28
1144,13,50,4,0,38,0,40,28
1145,13,51,0,0,75,1,60,56
1146,13,51,1,1,67,1,60,56
1147,13,51,2,1,56,1,60,56
1148,13,51,3,1,58,1,60,56
1149,13,51,4,0,55,0,60,56
1150,13,52,0,1,74,1,60,90
1151,13,52,1,0,53,1,60,90
1152,13,52,2,0,66,1,60,90
1153,13,52,3,1,91,1,60,90
1154,13,52,4,0,55,0,60,90
1155,13,53,0,1,53,1,40,48
1156,13,53,1,1,51,1,40,48
1157,13,53,2,0,45,1,40,48
1158,13,53,3,0,28,1,40,48
1159,13,53,4,0,36,0,40,48
1160,13,53,5,1,52,0,40,48
1161,13,53,6,0,33,0,40,48
1162,13,53,7,0,53,0,40,48
1163,13,53,8,0,36,0,40,48
1164,13,53,9,0,45,0,40,48
1165,13,54,0,1,51,1,48,60
1166,13,54,1,0,50,1,48,60
1167,13,54,2,1,48,1,48,60
1168,13,54,3,0,47,1,48,60
1169,13,54,4,1,54,0,48,60
1170,13,54,5,0,50,0,48,60
1171,13,54,6,1,54,0,48,60
1172,13,54,7,1,65,0,48,60
1173,13,54,8,0,39,0,48,60
1174,13,54,9,1,56,0,48,60
1175,13,55,0,0,73,1,60,72
1176,13,55,1,1,74,1,60,72
1177,13,55,2,0,48,1,60,72
1178,13,55,3,1,74,1,60,72
1179,13,55,4,0,83,0,60,72
1180,13,56,0,1,44,1,52,40
1181,13,56,1,0,61,1,52,40
1182,13,56,2,1,42,1,52,40
1183,13,56,3,1,42,1,52,40
1184,13,56,4,0,56,0,52,40
1185,13,56,5,0,37,0,52,40
1186,13,56,6,0,48,0,52,40
1187,13,56,7,0,52,0,52,40
1188,13,56,8,1,51,0,52,40
1189,13,56,9,1,36,0,52,40
1190,13,57,0,1,58,1,40,60
1191,13,57,1,1,69,1,40,60
1192,13,57,2,0,31,1,40,60
1193,13,57,3,0,44,1,40,60
1194,13,57,4,0,39,0,40,60
1195,13,57,5,1,46,0,40,60
1196,13,57,6,1,50,0,40,60
1197,13,57,7,1,72,0,40,60
1198,13,57,8,1,51,0,40,60
1199,13,57,9,1,56,0,40,60
1200,13,58,0,1,42,1,40,36
1201,13,58,1,0,50,1,40,36
1202,13,58,2,0,16,1,40,36
1203,13,58,3,1,34,1,40,36
1204,13,58,4,1,38,0,40,36
1205,13,58,5,1,31,0,40,36
1206,13,58,6,0,36,0,40,36
1207,13,58,7,0,48,0,40,36
1208,13,58,8,1,40,0,40,36
1209,13,58,9,1,46,0,40,36
1210,13,59,0,1,21,1,40,28
1211,13,59,1,0,39,1,40,28
1212,13,59,2,0,23,1,40,28
1213,13,59,3,1,33,1,40,28
1214,13,59,4,1,30,0,40,28
1215,13,60,0,1,25,1,60,30
1216,13,60,1,0,61,1,60,30
1217,13,60,2,1,28,1,60,30
1218,13,60,3,1,15,1,60,30
1219,13,60,4,1,46,0,60,30
1220,13,61,0,0,36,1,40,70
1221,13,61,1,1,64,1,40,70
1222,13,61,2,1,77,1,40,70
1223,13,61,3,0,35,1,40,70
1224,13,61,4,0,31,0,40,70
1225,13,61,5,0,34,0,40,70
1226,13,61,6,1,87,0,40,70
1227,13,61,7,1,56,0,40,70
1228,13,61,8,1,78,0,40,70
1229,13,61,9,0,26,0,40,70
1230,13,62,0,0,39,1,36,40
1231,13,62,1,1,39,1,36,40
1232,13,62,2,1,46,1,36,40
1233,13,62,3,0,49,1,36,40
1234,13,62,4,0,43,0,36,40
1235,13,62,5,1,32,0,36,40
1236,13,62,6,0,44,0,36,40
1237,13,62,7,0,36,0,36,40
1238,13,62,8,0,31,0,36,40
1239,13,62,9,1,44,0,36,40
1240,13,63,0,1,33,1,36,40
1241,13,63,1,0,31,1,36,40
1242,13,63,2,1,51,1,36,40
1243,13,63,3,0,41,1,36,40
1244,13,63,4,1,43,0,36,40
1245,13,64,0,1,9,1,40,10
1246,13,64,1,0,46,1,40,10
1247,13,64,2,0,43,1,40,10
1248,13,64,3,1,8,1,40,10
1249,13,64,4,0,35,0,40,10
1250,13,65,0,1,36,1,40,44
1251,13,65,1,1,38,1,40,44
1252,13,65,2,1,43,1,40,44
1253,13,65,3,0,37,1,40,44
1254,13,65,4,0,53,0,40,44
1255,13,66,0,1,64,1,52,60
1256,13,66,1,1,64,1,52,60
1257,13,66,2,1,53,1,52,60
1258,13,66,3,0,41,1,52,60
1259,13,66,4,0,62,0,52,60
1260,13,67,0,1,76,1,60,64
1261,13,67,1,1,69,1,60,64
1262,13,67,2,0,69,1,60,64
1263,13,67,3,0,62,1,60,64
1264,13,67,4,0,54,0,60,64
1265,13,67,5,0,58,0,60,64
1266,13,67,6,0,63,0,60,64
1267,13,67,7,0,65,0,60,64
1268,13,67,8,0,63,0,60,64
1269,13,67,9,0,62,0,60,64
1270,13,68,0,1,56,1,40,60
1271,13,68,1,0,44,1,40,60
1272,13,68,2,0,37,1,40,60
1273,13,68,3,0,35,1,40,60
1274,13,68,4,1,40,0,40,60
1275,13,69,0,1,62,1,48,60
1276,13,69,1,0,50,1,48,60
1277,13,69,2,1,60,1,48,60
1278,13,69,3,0,36,1,48,60
1279,13,69,4,0,45,0,48,60
1280,13,69,5,0,43,0,48,60
1281,13,69,6,0,47,0,48,60
1282,13,69,7,1,64,0,48,60
1283,13,69,8,1,57,0,48,60
1284,13,69,9,1,53,0,48,60
1285,13,70,0,1,48,1,52,40
1286,13,70,1,0,62,1,52,40
1287,13,70,2,1,28,1,52,40
1288,13,70,3,1,29,1,52,40
1289,13,70,4,0,57,0,52,40
1290,13,70,5,1,44,0,52,40
1291,13,70,6,1,38,0,52,40
1292,13,70,7,1,36,0,52,40
1293,13,70,8,1,46,0,52,40
1294,13,70,9,1,49,0,52,40
1295,13,71,0,1,32,1,60,30
1296,13,71,1,0,73,1,60,30
1297,13,71,2,1,26,1,60,30
1298,13,71,3,1,23,1,60,30
1299,13,71,4,0,66,0,60,30
1300,13,72,0,0,64,1,72,60
1301,13,72,1,1,49,1,72,60
1302,13,72,2,0,76,1,72,60
1303,13,72,3,1,62,1,72,60
1304,13,72,4,1,59,0,72,60
1305,13,72,5,1,73,0,72,60
1306,13,72,6,1,68,0,72,60
1307,13,72,7,1,55,0,72,60
1308,13,72,8,1,49,0,72,60
1309,13,72,9,0,81,0,72,60
1310,13,73,0,0,21,1,30,60
1311,13,73,1,0,38,1,30,60
1312,13,73,2,1,62,1,30,60
1313,13,73,3,0,46,1,30,60
1314,13,73,4,0,36,0,30,60
1315,13,73,5,0,31,0,30,60
1316,13,73,6,0,32,0,30,60
1317,13,73,7,0,28,0,30,60
1318,13,73,8,0,34,0,30,60
1319,13,73,9,0,16,0,30,60
1320,13,74,0,1,29,1,52,40
1321,13,74,1,1,59,1,52,40
1322,13,74,2,0,47,1,52,40
1323,13,74,3,1,42,1,52,40
1324,13,74,4,1,38,0,52,40
1325,13,75,0,1,43,1,60,52
1326,13,75,1,0,51,1,60,52
1327,13,75,2,0,57,1,60,52
1328,13,75,3,1,54,1,60,52
1329,13,75,4,0,62,0,60,52
1330,13,76,0,0,45,1,40,10
1331,13,76,1,0,44,1,40,10
1332,13,76,2,1,5,1,40,10
1333,13,76,3,1,21,1,40,10
1334,13,76,4,1,7,0,40,10
1335,13,76,5,1,10,0,40,10
1336,13,76,6,0,45,0,40,10
1337,13,76,7,0,36,0,40,10
1338,13,76,8,0,60,0,40,10
1339,13,76,9,0,45,0,40,10
1340,13,77,0,0,86,1,80,60
1341,13,77,1,0,90,1,80,60
1342,13,77,2,0,91,1,80,60
1343,13,77,3,1,68,1,80,60
1344,13,77,4,0,82,0,80,60
1345,13,78,0,1,31,1,40,20
1346,13,78,1,1,34,1,40,20
1347,13,78,2,0,43,1,40,20
1348,13,78,3,1,7,1,40,20
1349,13,78,4,0,53,0,40,20
1350,13,78,5,0,54,0,40,20
1351,13,78,6,0,46,0,40,20
1352,13,78,7,1,19,0,40,20
1353,13,78,8,1,16,0,40,20
1354,13,78,9,1,25,0,40,20
1355,13,79,0,0,66,1,64,60
1356,13,79,1,0,68,1,64,60
1357,13,79,2,1,62,1,64,60
1358,13,79,3,0,79,1,64,60
1359,13,79,4,1,66,0,64,60
1360,13,80,0,0,68,1,60,48
1361,13,80,1,0,57,1,60,48
1362,13,80,2,0,63,1,60,48
1363,13,80,3,1,35,1,60,48
1364,13,80,4,1,43,0,60,48
1365,13,80,5,1,45,0,60,48
1366,13,80,6,0,68,0,60,48
1367,13,80,7,0,58,0,60,48
1368,13,80,8,1,51,0,60,48
1369,13,80,9,1,51,0,60,48
1370,13,81,0,0,61,1,60,80
1371,13,81,1,1,89,1,60,80
1372,13,81,2,0,57,1,60,80
1373,13,81,3,0,66,1,60,80
1374,13,81,4,0,58,0,60,80
1375,13,81,5,0,54,0,60,80
1376,13,81,6,1,78,0,60,80
1377,13,81,7,0,68,0,60,80
1378,13,81,8,1,71,0,60,80
1379,13,81,9,1,83,0,60,80
1380,13,82,0,1,53,1,52,60
1381,13,82,1,0,67,1,52,60
1382,13,82,2,0,46,1,52,60
1383,13,82,3,1,56,1,52,60
1384,13,82,4,1,54,0,52,60
1385,13,82,5,1,46,0,52,60
1386,13,82,6,1,59,0,52,60
1387,13,82,7,0,55,0,52,60
1388,13,82,8,0,53,0,52,60
1389,13,82,9,1,57,0,52,60
1390,13,83,0,1,63,1,80,60
1391,13,83,1,1,58,1,80,60
1392,13,83,2,0,86,1,80,60
1393,13,83,3,0,84,1,80,60
1394,13,83,4,1,64,0,80,60
1395,13,84,0,0,28,1,20,40
1396,13,84,1,0,11,1,20,40
1397,13,84,2,1,37,1,20,40
1398,13,84,3,1,33,1,20,40
1399,13,84,4,0,31,0,20,40
1400,13,84,5,0,25,0,20,40
1401,13,84,6,1,41,0,20,40
1402,13,84,7,1,39,0,20,40
1403,13,84,8,1,37,0,20,40
1404,13,84,9,1,29,0,20,40
1405,13,85,0,1,45,1,48,40
1406,13,85,1,1,33,1,48,40
1407,13,85,2,0,54,1,48,40
1408,13,85,3,0,43,1,48,40
1409,13,85,4,1,36,0,48,40
1410,13,86,0,0,54,1,40,32
1411,13,86,1,1,24,1,40,32
1412,13,86,2,0,33,1,40,32
1413,13,86,3,0,36,1,40,32
1414,13,86,4,1,27,0,40,32
1415,13,87,0,1,48,1,40,48
1416,13,87,1,1,62,1,40,48
1417,13,87,2,0,41,1,40,48
1418,13,87,3,1,43,1,40,48
1419,13,87,4,0,27,0,40,48
1420,13,87,5,0,40,0,40,48
1421,13,87,6,1,41,0,40,48
1422,13,87,7,0,29,0,40,48
1423,13,87,8,1,52,0,40,48
1424,13,87,9,1,60,0,40,48
1425,13,88,0,1,66,1,52,60
1426,13,88,1,0,55,1,52,60
1427,13,88,2,0,58,1,52,60
1428,13,88,3,1,61,1,52,60
1429,13,88,4,1,56,0,52,60
1430,13,88,5,1,65,0,52,60
1431,13,88,6,0,52,0,52,60
1432,13,88,7,0,48,0,52,60
1433,13,88,8,1,56,0,52,60
1434,13,88,9,1,52,0,52,60
1435,13,89,0,0,34,1,30,60
1436,13,89,1,1,57,1,30,60
1437,13,89,2,0,38,1,30,60
1438,13,89,3,0,32,1,30,60
1439,13,89,4,1,49,0,30,60
1440,13,90,0,1,46,1,52,40
1441,13,90,1,1,42,1,52,40
1442,13,90,2,0,49,1,52,40
1443,13,90,3,1,25,1,52,40
1444,13,90,4,1,38,0,52,40
1445,13,91,0,0,48,1,60,72
1446,13,91,1,1,65,1,60,72
1447,13,91,2,0,61,1,60,72
1448,13,91,3,1,69,1,60,72
1449,13,91,4,0,80,0,60,72
1450,13,92,0,0,53,1,60,48
1451,13,92,1,0,57,1,60,48
1452,13,92,2,0,63,1,60,48
1453,13,92,3,1,36,1,60,48
1454,13,92,4,0,65,0,60,48
1455,13,92,5,0,58,0,60,48
1456,13,92,6,0,68,0,60,48
1457,13,92,7,1,54,0,60,48
1458,13,92,8,1,55,0,60,48
1459,13,92,9,0,52,0,60,48
1460,13,93,0,1,43,1,40,28
1461,13,93,1,0,34,1,40,28
1462,13,93,2,0,28,1,40,28
1463,13,93,3,1,21,1,40,28
1464,13,93,4,0,31,0,40,28
1465,13,94,0,1,50,1,40,52
1466,13,94,1,0,29,1,40,52
1467,13,94,2,0,32,1,40,52
1468,13,94,3,1,56,1,40,52
1469,13,94,4,1,53,0,40,52
1470,13,95,0,1,74,1,80,60
1471,13,95,1,1,61,1,80,60
1472,13,95,2,0,89,1,80,60
1473,13,95,3,1,64,1,80,60
1474,13,95,4,1,56,0,80,60
1475,13,96,0,0,20,1,40,70
1476,13,96,1,1,79,1,40,70
1477,13,96,2,1,71,1,40,70
1478,13,96,3,1,72,1,40,70
1479,13,96,4,0,48,0,40,70
1480,13,97,0,0,68,1,60,72
1481,13,97,1,1,68,1,60,72
1482,13,97,2,0,50,1,60,72
1483,13,97,3,0,57,1,60,72
1484,13,97,4,1,71,0,60,72
1485,13,97,5,1,71,0,60,72
1486,13,97,6,0,59,0,60,72
1487,13,97,7,0,48,0,60,72
1488,13,97,8,0,52,0,60,72
1489,13,97,9,1,81,0,60,72
1490,13,98,0,0,86,1,90,60
1491,13,98,1,1,63,1,90,60
1492,13,98,2,0,93,1,90,60
1493,13,98,3,1,50,1,90,60
1494,13,98,4,0,98,0,90,60
1495,13,99,0,1,63,1,40,60
1496,13,99,1,0,32,1,40,60
1497,13,99,2,0,35,1,40,60
1498,13,99,3,1,51,1,40,60
1499,13,99,4,0,45,0,40,60
1500,20,0,0,0,41,1,40,36
1501,20,0,1,1,35,1,40,36
1502,20,0,2,1,39,1,40,36
1503,20,0,3,1,40,1,40,36
1504,20,0,4,0,18,0,40,36
1505,20,0,5,0,40,0,40,36
1506,20,0,6,1,33,0,40,36
1507,20,0,7,0,41,0,40,36
1508,20,0,8,0,38,0,40,36
1509,20,0,9,0,39,0,40,36
1510,20,1,0,0,51,1,60,48
1511,20,1,1,1,46,1,60,48
1512,20,1,2,0,71,1,60,48
1513,20,1,3,1,54,1,60,48
1514,20,1,4,0,46,0,60,48
1515,20,1,5,1,48,0,60,48
1516,20,1,6,0,62,0,60,48
1517,20,1,7,0,66,0,60,48
1518,20,1,8,1,58,0,60,48
1519,20,1,9,0,54,0,60,48
1520,20,2,0,1,37,1,40,36
1521,20,2,1,0,39,1,40,36
1522,20,2,2,0,23,1,40,36
1523,20,2,3,1,47,1,40,36
1524,20,2,4,0,35,0,40,36
1525,20,2,5,1,34,0,40,36
1526,20,2,6,0,41,0,40,36
1527,20,2,7,1,28,0,40,36
1528,20,2,8,0,36,0,40,36
1529,20,2,9,0,39,0,40,36
1530,20,3,0,1,57,1,40,48
1531,20,3,1,0,31,1,40,48
1532,20,3,2,0,44,1,40,48
1533,20,3,3,1,41,1,40,48
1534,20,3,4,1,54,0,40,48
1535,20,4,0,1,13,1,40,10
1536,20,4,1,0,30,1,40,10
1537,20,4,2,1,20,1,40,10
1538,20,4,3,0,44,1,40,10
1539,20,4,4,0,32,0,40,10
1540,20,5,0,1,44,1,60,56
1541,20,5,1,0,53,1,60,56
1542,20,5,2,1,63,1,60,56
1543,20,5,3,0,67,1,60,56
1544,20,5,4,0,63,0,60,56
1545,20,6,0,1,48,1,40,48
1546,20,6,1,1,44,1,40,48
1547,20,6,2,0,44,1,40,48
1548,20,6,3,1,58,1,40,48
1549,20,6,4,0,19,0,40,48
1550,20,6,5,1,32,0,40,48
1551,20,6,6,0,34,0,40,48
1552,20,6,7,1,31,0,40,48
1553,20,6,8,0,46,0,40,48
1554,20,6,9,1,57,0,40,48
1555,20,7,0,0,71,1,56,60
1556,20,7,1,0,66,1,56,60
1557,20,7,2,0,55,1,56,60
1558,20,7,3,1,61,1,56,60
1559,20,7,4,0,43,0,56,60
1560,20,8,0,1,64,1,48,60
1561,20,8,1,0,31,1,48,60
1562,20,8,2,1,55,1,48,60
1563,20,8,3,1,52,1,48,60
1564,20,8,4,0,46,0,48,60
1565,20,8,5,1,63,0,48,60
1566,20,8,6,1,59,0,48,60
1567,20,8,7,1,60,0,48,60
1568,20,8,8,1,73,0,48,60
1569,20,8,9,1,57,0,48,60
1570,20,9,0,1,61,1,80,60
1571,20,9,1,1,71,1,80,60
1572,20,9,2,0,74,1,80,60
1573,20,9,3,1,59,1,80,60
1574,20,9,4,0,69,0,80,60
1575,20,10,0,1,70,1,40,60
1576,20,10,1,0,27,1,40,60
1577,20,10,2,0,45,1,40,60
1578,20,10,3,0,31,1,40,60
1579,20,10,4,1,64,0,40,60
1580,20,11,0,1,66,1,40,70
1581,20,11,1,0,44,1,40,70
1582,20,11,2,1,65,1,40,70
1583,20,11,3,0,36,1,40,70
1584,20,11,4,0,28,0,40,70
1585,20,11,5,1,58,0,40,70
1586,20,11,6,0,22,0,40,70
1587,20,11,7,1,78,0,40,70
1588,20,11,8,1,65,0,40,70
1589,20,11,9,1,73,0,40,70
1590,20,12,0,0,35,1,40,32
1591,20,12,1,1,33,1,40,32
1592,20,12,2,0,38,1,40,32
1593,20,12,3,0,46,1,40,32
1594,20,12,4,1,30,0,40,32
1595,20,13,0,1,27,1,40,36
1596,20,13,1,0,43,1,40,36
1597,20,13,2,0,42,1,40,36
1598,20,13,3,0,23,1,40,36
1599,20,13,4,1,35,0,40,36
1600,20,13,5,1,31,0,40,36
1601,20,13,6,0,32,0,40,36
1602,20,13,7,1,29,0,40,36
1603,20,13,8,0,52,0,40,36
1604,20,13,9,0,42,0,40,36
1605,20,14,0,0,96,1,72,60
1606,20,14,1,1,53,1,72,60
1607,20,14,2,0,55,1,72,60
1608,20,14,3,1,58,1,72,60
1609,20,14,4,0,76,0,72,60
1610,20,14,5,1,60,0,72,60
1611,20,14,6,0,87,0,72,60
1612,20,14,7,0,79,0,72,60
1613,20,14,8,0,67,0,72,60
1614,20,14,9,0,65,0,72,60
1615,20,15,0,1,68,1,40,60
1616,20,15,1,1,65,1,40,60
1617,20,15,2,0,44,1,40,60
1618,20,15,3,0,42,1,40,60
1619,20,15,4,1,59,0,40,60
1620,20,15,5,0,55,0,40,60
1621,20,15,6,1,64,0,40,60
1622,20,15,7,0,41,0,40,60
1623,20,15,8,1,51,0,40,60
1624,20,15,9,1,56,0,40,60
1625,20,16,0,0,34,1,40,70
1626,20,16,1,1,73,1,40,70
1627,20,16,2,1,63,1,40,70
1628,20,16,3,1,64,1,40,70
1629,20,16,4,1,56,0,40,70
1630,20,17,0,1,59,1,40,60
1631,20,17,1,1,56,1,40,60
1632,20,17,2,0,34,1,40,60
1633,20,17,3,0,24,1,40,60
1634,20,17,4,1,64,0,40,60
1635,20,17,5,1,49,0,40,60
1636,20,17,6,0,44,0,40,60
1637,20,17,7,1,57,0,40,60
1638,20,17,8,1,64,0,40,60
1639,20,17,9,1,58,0,40,60
1640,20,18,0,1,34,1,70,40
1641,20,18,1,0,70,1,70,40
1642,20,18,2,0,73,1,70,40
1643,20,18,3,0,80,1,70,40
1644,20,18,4,0,72,0,70,40
1645,20,18,5,1,37,0,70,40
1646,20,18,6,0,79,0,70,40
1647,20,18,7,0,68,0,70,40
1648,20,18,8,0,71,0,70,40
1649,20,18,9,0,70,0,70,40
1650,20,19,0,0,67,1,60,56
1651,20,19,1,1,63,1,60,56
1652,20,19,2,1,62,1,60,56
1653,20,19,3,1,63,1,60,56
1654,20,19,4,0,71,0,60,56
1655,20,20,0,0,28,1,20,40
1656,20,20,1,1,25,1,20,40
1657,20,20,2,0,33,1,20,40
1658,20,20,3,1,28,1,20,40
1659,20,20,4,0,32,0,20,40
1660,20,21,0,0,75,1,80,60
1661,20,21,1,0,80,1,80,60
1662,20,21,2,0,72,1,80,60
1663,20,21,3,1,47,1,80,60
1664,20,21,4,0,91,0,80,60
1665,20,22,0,0,33,1,48,40
1666,20,22,1,1,44,1,48,40
1667,20,22,2,0,40,1,48,40
1668,20,22,3,0,66,1,48,40
1669,20,22,4,0,60,0,48,40
1670,20,22,5,1,40,0,48,40
1671,20,22,6,0,61,0,48,40
1672,20,22,7,0,50,0,48,40
1673,20,22,8,0,53,0,48,40
1674,20,22,9,0,50,0,48,40
1675,20,23,0,1,33,1,40,32
1676,20,23,1,0,36,1,40,32
1677,20,23,2,1,31,1,40,32
1678,20,23,3,1,40,1,40,32
1679,20,23,4,0,45,0,40,32
1680,20,23,5,0,27,0,40,32
1681,20,23,6,1,33,0,40,32
1682,20,23,7,0,43,0,40,32
1683,20,23,8,1,37,0,40,32
1684,20,23,9,0,29,0,40,32
1685,20,24,0,1,52,1,48,60
1686,20,24,1,0,46,1,48,60
1687,20,24,2,1,69,1,48,60
1688,20,24,3,1,62,1,48,60
1689,20,24,4,1,57,0,48,60
1690,20,24,5,0,45,0,48,60
1691,20,24,6,1,59,0,48,60
1692,20,24,7,1,58,0,48,60
1693,20,24,8,1,51,0,48,60
1694,20,24,9,1,54,0,48,60
1695,20,25,0,1,93,1,60,90
1696,20,25,1,0,64,1,60,90
1697,20,25,2,0,58,1,60,90
1698,20,25,3,1,100,1,60,90
1699,20,25,4,1,92,0,60,90
1700,20,26,0,1,67,1,52,60
1701,20,26,1,1,56,1,52,60
1702,20,26,2,1,58,1,52,60
1703,20,26,3,0,53,1,52,60
1704,20,26,4,1,70,0,52,60
1705,20,27,0,1,73,1,60,80
1706,20,27,1,0,50,1,60,80
1707,20,27,2,1,76,1,60,80
1708,20,27,3,1,82,1,60,80
1709,20,27,4,1,80,0,60,80
1710,20,27,5,1,89,0,60,80
1711,20,27,6,1,73,0,60,80
1712,20,27,7,1,73,0,60,80
1713,20,27,8,1,70,0,60,80
1714,20,27,9,1,76,0,60,80
1715,20,28,0,1,53,1,40,60
1716,20,28,1,1,67,1,40,60
1717,20,28,2,0,30,1,40,60
1718,20,28,3,0,59,1,40,60
1719,20,28,4,1,58,0,40,60
1720,20,28,5,0,43,0,40,60
1721,20,28,6,1,68,0,40,60
1722,20,28,7,1,66,0,40,60
1723,20,28,8,1,65,0,40,60
1724,20,28,9,1,68,0,40,60
1725,20,29,0,0,28,1,30,60
1726,20,29,1,0,47,1,30,60
1727,20,29,2,1,59,1,30,60
1728,20,29,3,0,27,1,30,60
1729,20,29,4,0,32,0,30,60
1730,20,29,5,1,61,0,30,60
1731,20,29,6,1,68,0,30,60
1732,20,29,7,1,59,0,30,60
1733,20,29,8,1,61,0,30,60
1734,20,29,9,1,64,0,30,60
1735,20,30,0,0,48,1,60,68
1736,20,30,1,1,77,1,60,68
1737,20,30,2,0,90,1,60,68
1738,20,30,3,1,64,1,60,68
1739,20,30,4,0,58,0,60,68
1740,20,30,5,1,62,0,60,68
1741,20,30,6,0,64,0,60,68
1742,20,30,7,0,63,0,60,68
1743,20,30,8,1,66,0,60,68
1744,20,30,9,0,57,0,60,68
1745,20,31,0,1,62,1,68,60
1746,20,31,1,1,74,1,68,60
1747,20,31,2,0,65,1,68,60
1748,20,31,3,1,51,1,68,60
1749,20,31,4,0,69,0,68,60
1750,20,32,0,1,45,1,40,48
1751,20,32,1,1,61,1,40,48
1752,20,32,2,0,39,1,40,48
1753,20,32,3,0,52,1,40,48
1754,20,32,4,1,53,0,40,48
1755,20,32,5,1,48,0,40,48
1756,20,32,6,1,61,0,40,48
1757,20,32,7,1,45,0,40,48
1758,20,32,8,1,42,0,40,48
1759,20,32,9,1,40,0,40,48
1760,20,33,0,1,31,1,40,20
1761,20,33,1,1,35,1,40,20
1762,20,33,2,0,28,1,40,20
1763,20,33,3,1,18,1,40,20
1764,20,33,4,0,42,0,40,20
1765,20,33,5,0,33,0,40,20
1766,20,33,6,1,30,0,40,20
1767,20,33,7,0,42,0,40,20
1768,20,33,8,0,44,0,40,20
1769,20,33,9,0,35,0,40,20
1770,20,34,0,0,36,1,30,60
1771,20,34,1,1,60,1,30,60
1772,20,34,2,1,60,1,30,60
1773,20,34,3,1,62,1,30,60
1774,20,34,4,0,24,0,30,60
1775,20,34,5,1,50,0,30,60
1776,20,34,6,1,54,0,30,60
1777,20,34,7,1,68,0,30,60
1778,20,34,8,1,59,0,30,60
1779,20,34,9,1,56,0,30,60
1780,20,35,0,1,46,1,40,60
1781,20,35,1,0,37,1,40,60
1782,20,35,2,0,49,1,40,60
1783,20,35,3,0,50,1,40,60
1784,20,35,4,1,50,0,40,60
1785,20,35,5,1,59,0,40,60
1786,20,35,6,1,68,0,40,60
1787,20,35,7,1,79,0,40,60
1788,20,35,8,1,58,0,40,60
1789,20,35,9,1,61,0,40,60
1790,20,36,0,0,30,1,36,40
1791,20,36,1,1,47,1,36,40
1792,20,36,2,1,42,1,36,40
1793,20,36,3,0,33,1,36,40
1794,20,36,4,1,33,0,36,40
1795,20,36,5,0,34,0,36,40
1796,20,36,6,0,30,0,36,40
1797,20,36,7,1,33,0,36,40
1798,20,36,8,0,33,0,36,40
1799,20,36,9,1,31,0,36,40
1800,20,37,0,1,62,1,80,60
1801,20,37,1,1,55,1,80,60
1802,20,37,2,0,81,1,80,60
1803,20,37,3,0,68,1,80,60
1804,20,37,4,0,76,0,80,60
1805,20,38,0,0,35,1,40,10
1806,20,38,1,0,35,1,40,10
1807,20,38,2,1,15,1,40,10
1808,20,38,3,1,12,1,40,10
1809,20,38,4,0,43,0,40,10
1810,20,38,5,0,46,0,40,10
1811,20,38,6,0,42,0,40,10
1812,20,38,7,0,37,0,40,10
1813,20,38,8,0,40,0,40,10
1814,20,38,9,0,49,0,40,10
1815,20,39,0,1,34,1,40,36
1816,20,39,1,0,42,1,40,36
1817,20,39,2,0,28,1,40,36
1818,20,39,3,0,48,1,40,36
1819,20,39,4,0,34,0,40,36
1820,20,39,5,0,42,0,40,36
1821,20,39,6,0,36,0,40,36
1822,20,39,7,0,29,0,40,36
1823,20,39,8,0,26,0,40,36
1824,20,39,9,1,41,0,40,36
1825,20,40,0,0,63,1,60,68
1826,20,40,1,1,77,1,60,68
1827,20,40,2,0,58,1,60,68
1828,20,40,3,1,65,1,60,68
1829,20,40,4,1,87,0,60,68
1830,20,40,5,1,66,0,60,68
1831,20,40,6,1,66,0,60,68
1832,20,40,7,1,67,0,60,68
1833,20,40,8,1,79,0,60,68
1834,20,40,9,1,61,0,60,68
1835,20,41,0,0,44,1,32,40
1836,20,41,1,0,31,1,32,40
1837,20,41,2,0,38,1,32,40
1838,20,41,3,1,34,1,32,40
1839,20,41,4,1,23,0,32,40
1840,20,41,5,0,32,0,32,40
1841,20,41,6,1,40,0,32,40
1842,20,41,7,0,30,0,32,40
1843,20,41,8,1,30,0,32,40
1844,20,41,9,1,40,0,32,40
1845,20,42,0,1,66,1,64,60
1846,20,42,1,1,68,1,64,60
1847,20,42,2,0,59,1,64,60
1848,20,42,3,0,63,1,64,60
1849,20,42,4,1,70,0,64,60
1850,20,43,0,1,53,1,40,60
1851,20,43,1,0,29,1,40,60
1852,20,43,2,0,52,1,40,60
1853,20,43,3,0,34,1,40,60
1854,20,43,4,1,61,0,40,60
1855,20,43,5,1,61,0,40,60
1856,20,43,6,1,74,0,40,60
1857,20,43,7,1,68,0,40,60
1858,20,43,8,1,66,0,40,60
1859,20,43,9,1,62,0,40,60
1860,20,44,0,1,39,1,40,28
1861,20,44,1,1,20,1,40,28
1862,20,44,2,1,26,1,40,28
1863,20,44,3,0,45,1,40,28
1864,20,44,4,0,29,0,40,28
1865,20,45,0,1,49,1,48,60
1866,20,45,1,0,60,1,48,60
1867,20,45,2,0,49,1,48,60
1868,20,45,3,0,49,1,48,60
1869,20,45,4,0,53,0,48,60
1870,20,46,0,0,53,1,60,80
1871,20,46,1,1,74,1,60,80
1872,20,46,2,0,50,1,60,80
1873,20,46,3,0,69,1,60,80
1874,20,46,4,1,74,0,60,80
1875,20,46,5,1,84,0,60,80
1876,20,46,6,1,77,0,60,80
1877,20,46,7,1,82,0,60,80
1878,20,46,8,1,72,0,60,80
1879,20,46,9,1,85,0,60,80
1880,20,47,0,0,1,1,10,40
1881,20,47,1,1,35,1,10,40
1882,20,47,2,1,48,1,10,40
1883,20,47,3,0,6,1,10,40
1884,20,47,4,1,44,0,10,40
1885,20,47,5,1,30,0,10,40
1886,20,47,6,1,47,0,10,40
1887,20,47,7,1,57,0,10,40
1888,20,47,8,1,50,0,10,40
1889,20,47,9,1,47,0,10,40
1890,20,48,0,0,44,1,40,60
1891,20,48,1,0,39,1,40,60
1892,20,48,2,1,48,1,40,60
1893,20,48,3,1,63,1,40,60
1894,20,48,4,0,46,0,40,60
1895,20,48,5,1,35,0,40,60
1896,20,48,6,0,34,0,40,60
1897,20,48,7,1,59,0,40,60
1898,20,48,8,1,59,0,40,60
1899,20,48,9,1,77,0,40,60
1900,20,49,0,1,36,1,40,48
1901,20,49,1,0,41,1,40,48
1902,20,49,2,0,33,1,40,48
1903,20,49,3,1,50,1,40,48
1904,20,49,4,1,57,0,40,48
1905,20,50,0,0,42,1,40,28
1906,20,50,1,1,40,1,40,28
1907,20,50,2,0,29,1,40,28
1908,20,50,3,1,23,1,40,28
1909,20,50,4,0,43,0,40,28
1910,20,51,0,0,68,1,60,56
1911,20,51,1,1,53,1,60,56
1912,20,51,2,1,67,1,60,56
1913,20,51,3,1,60,1,60,56
1914,20,51,4,0,69,0,60,56
1915,20,52,0,1,92,1,60,90
1916,20,52,1,0,46,1,60,90
1917,20,52,2,0,64,1,60,90
1918,20,52,3,1,100,1,60,90
1919,20,52,4,1,90,0,60,90
1920,20,53,0,1,50,1,40,48
1921,20,53,1,1,58,1,40,48
1922,20,53,2,0,46,1,40,48
1923,20,53,3,0,42,1,40,48
1924,20,53,4,1,46,0,40,48
1925,20,53,5,1,46,0,40,48
1926,20,53,6,1,55,0,40,48
1927,20,53,7,1,42,0,40,48
1928,20,53,8,1,55,0,40,48
1929,20,53,9,1,52,0,40,48
1930,20,54,0,1,53,1,48,60
1931,20,54,1,0,43,1,48,60
1932,20,54,2,1,75,1,48,60
1933,20,54,3,0,33,1,48,60
1934,20,54,4,1,74,0,48,60
1935,20,54,5,1,56,0,48,60
1936,20,54,6,1,59,0,48,60
1937,20,54,7,1,61,0,48,60
1938,20,54,8,1,64,0,48,60
1939,20,54,9,1,66,0,48,60
1940,20,55,0,0,59,1,60,72
1941,20,55,1,1,79,1,60,72
1942,20,55,2,0,67,1,60,72
1943,20,55,3,1,60,1,60,72
1944,20,55,4,1,56,0,60,72
1945,20,56,0,1,45,1,52,40
1946,20,56,1,0,49,1,52,40
1947,20,56,2,1,39,1,52,40
1948,20,56,3,1,51,1,52,40
1949,20,56,4,0,52,0,52,40
1950,20,56,5,0,49,0,52,40
1951,20,56,6,1,50,0,52,40
1952,20,56,7,0,57,0,52,40
1953,20,56,8,0,49,0,52,40
1954,20,56,9,0,61,0,52,40
1955,20,57,0,1,65,1,40,60
1956,20,57,1,1,53,1,40,60
1957,20,57,2,0,44,1,40,60
1958,20,57,3,0,46,1,40,60
1959,20,57,4,1,64,0,40,60
1960,20,57,5,1,62,0,40,60
1961,20,57,6,1,56,0,40,60
1962,20,57,7,1,56,0,40,60
1963,20,57,8,1,43,0,40,60
1964,20,57,9,1,51,0,40,60
1965,20,58,0,1,25,1,40,36
1966,20,58,1,0,34,1,40,36
1967,20,58,2,0,33,1,40,36
1968,20,58,3,1,39,1,40,36
1969,20,58,4,0,47,0,40,36
1970,20,58,5,1,38,0,40,36
1971,20,58,6,0,38,0,40,36
1972,20,58,7,0,26,0,40,36
1973,20,58,8,1,38,0,40,36
1974,20,58,9,0,42,0,40,36
1975,20,59,0,1,44,1,40,28
1976,20,59,1,0,53,1,40,28
1977,20,59,2,0,49,1,40,28
1978,20,59,3,1,22,1,40,28
1979,20,59,4,0,35,0,40,28
1980,20,60,0,1,35,1,60,30
1981,20,60,1,0,68,1,60,30
1982,20,60,2,1,38,1,60,30
1983,20,60,3,1,33,1,60,30
1984,20,60,4,0,64,0,60,30
1985,20,61,0,0,38,1,40,70
1986,20,61,1,1,74,1,40,70
1987,20,61,2,1,80,1,40,70
1988,20,61,3,0,48,1,40,70
1989,20,61,4,1,77,0,40,70
1990,20,61,5,1,73,0,40,70
1991,20,61,6,1,86,0,40,70
1992,20,61,7,1,60,0,40,70
1993,20,61,8,1,77,0,40,70
1994,20,61,9,1,76,0,40,70
1995,20,62,0,0,38,1,36,40
1996,20,62,1,1,45,1,36,40
1997,20,62,2,1,33,1,36,40
1998,20,62,3,0,35,1,36,40
1999,20,62,4,1,36,0,36,40
2000,20,62,5,0,36,0,36,40
2001,20,62,6,1,23,0,36,40
2002,20,62,7,0,42,0,36,40
2003,20,62,8,0,43,0,36,40
2004,20,62,9,0,43,0,36,40
2005,20,63,0,1,37,1,36,40
2006,20,63,1,0,35,1,36,40
2007,20,63,2,1,41,1,36,40
2008,20,63,3,0,35,1,36,40
2009,20,63,4,1,55,0,36,40
2010,20,64,0,1,4,1,40,10
2011,20,64,1,0,39,1,40,10
2012,20,64,2,0,29,1,40,10
2013,20,64,3,1,17,1,40,10
2014,20,64,4,0,40,0,40,10
2015,20,65,0,1,41,1,40,44
2016,20,65,1,1,58,1,40,44
2017,20,65,2,1,30,1,40,44
2018,20,65,3,0,44,1,40,44
2019,20,65,4,1,43,0,40,44
2020,20,66,0,1,71,1,52,60
2021,20,66,1,1,60,1,52,60
2022,20,66,2,1,52,1,52,60
2023,20,66,3,0,58,1,52,60
2024,20,66,4,1,70,0,52,60
2025,20,67,0,1,63,1,60,64
2026,20,67,1,1,67,1,60,64
2027,20,67,2,0,66,1,60,64
2028,20,67,3,0,63,1,60,64
2029,20,67,4,1,67,0,60,64
2030,20,67,5,0,58,0,60,64
2031,20,67,6,1,45,0,60,64
2032,20,67,7,0,61,0,60,64
2033,20,67,8,0,49,0,60,64
2034,20,67,9,0,68,0,60,64
2035,20,68,0,1,65,1,40,60
2036,20,68,1,0,48,1,40,60
2037,20,68,2,0,29,1,40,60
2038,20,68,3,0,29,1,40,60
2039,20,68,4,1,62,0,40,60
2040,20,69,0,1,66,1,48,60
2041,20,69,1,0,45,1,48,60
2042,20,69,2,1,68,1,48,60
2043,20,69,3,0,63,1,48,60
2044,20,69,4,1,66,0,48,60
2045,20,69,5,1,54,0,48,60
2046,20,69,6,1,83,0,48,60
2047,20,69,7,1,74,0,48,60
2048,20,69,8,1,64,0,48,60
2049,20,69,9,1,70,0,48,60
2050,20,70,0,1,41,1,52,40
2051,20,70,1,0,71,1,52,40
2052,20,70,2,1,29,1,52,40
2053,20,70,3,1,45,1,52,40
2054,20,70,4,0,60,0,52,40
2055,20,70,5,0,48,0,52,40
2056,20,70,6,0,52,0,52,40
2057,20,70,7,0,62,0,52,40
2058,20,70,8,0,65,0,52,40
2059,20,70,9,0,52,0,52,40
2060,20,71,0,1,35,1,60,30
2061,20,71,1,0,61,1,60,30
2062,20,71,2,1,12,1,60,30
2063,20,71,3,1,21,1,60,30
2064,20,71,4,0,79,0,60,30
2065,20,72,0,0,75,1,72,60
2066,20,72,1,1,67,1,72,60
2067,20,72,2,0,69,1,72,60
2068,20,72,3,1,68,1,72,60
2069,20,72,4,0,69,0,72,60
2070,20,72,5,0,78,0,72,60
2071,20,72,6,0,80,0,72,60
2072,20,72,7,0,70,0,72,60
2073,20,72,8,0,72,0,72,60
2074,20,72,9,0,73,0,72,60
2075,20,73,0,0,39,1,30,60
2076,20,73,1,0,42,1,30,60
2077,20,73,2,1,61,1,30,60
2078,20,73,3,0,24,1,30,60
2079,20,73,4,1,70,0,30,60
2080,20,73,5,1,53,0,30,60
2081,20,73,6,1,57,0,30,60
2082,20,73,7,1,54,0,30,60
2083,20,73,8,1,69,0,30,60
2084,20,73,9,1,54,0,30,60
2085,20,74,0,1,46,1,52,40
2086,20,74,1,1,42,1,52,40
2087,20,74,2,0,61,1,52,40
2088,20,74,3,1,42,1,52,40
2089,20,74,4,0,61,0,52,40
2090,20,75,0,1,47,1,60,52
2091,20,75,1,0,44,1,60,52
2092,20,75,2,0,60,1,60,52
2093,20,75,3,1,60,1,60,52
2094,20,75,4,0,71,0,60,52
2095,20,76,0,0,22,1,40,10
2096,20,76,1,0,41,1,40,10
2097,20,76,2,1,14,1,40,10
2098,20,76,3,1,8,1,40,10
2099,20,76,4,0,47,0,40,10
2100,20,76,5,0,36,0,40,10
2101,20,76,6,0,42,0,40,10
2102,20,76,7,0,36,0,40,10
2103,20,76,8,0,37,0,40,10
2104,20,76,9,0,46,0,40,10
2105,20,77,0,0,100,1,80,60
2106,20,77,1,0,97,1,80,60
2107,20,77,2,0,72,1,80,60
2108,20,77,3,1,57,1,80,60
2109,20,77,4,0,88,0,80,60
2110,20,78,0,1,19,1,40,20
2111,20,78,1,1,23,1,40,20
2112,20,78,2,0,36,1,40,20
2113,20,78,3,1,26,1,40,20
2114,20,78,4,0,35,0,40,20
2115,20,78,5,0,47,0,40,20
2116,20,78,6,0,36,0,40,20
2117,20,78,7,0,44,0,40,20
2118,20,78,8,0,43,0,40,20
2119,20,78,9,0,25,0,40,20
2120,20,79,0,0,50,1,64,60
2121,20,79,1,0,62,1,64,60
2122,20,79,2,1,47,1,64,60
2123,20,79,3,0,66,1,64,60
2124,20,79,4,0,61,0,64,60
2125,20,80,0,0,70,1,60,48
2126,20,80,1,0,51,1,60,48
2127,20,80,2,0,55,1,60,48
2128,20,80,3,1,35,1,60,48
2129,20,80,4,0,73,0,60,48
2130,20,80,5,0,62,0,60,48
2131,20,80,6,0,72,0,60,48
2132,20,80,7,0,57,0,60,48
2133,20,80,8,0,52,0,60,48
2134,20,80,9,0,72,0,60,48
2135,20,81,0,0,73,1,60,80
2136,20,81,1,1,77,1,60,80
2137,20,81,2,0,77,1,60,80
2138,20,81,3,0,55,1,60,80
2139,20,81,4,1,75,0,60,80
2140,20,81,5,1,73,0,60,80
2141,20,81,6,1,81,0,60,80
2142,20,81,7,1,75,0,60,80
2143,20,81,8,1,87,0,60,80
2144,20,81,9,1,88,0,60,80
2145,20,82,0,1,46,1,52,60
2146,20,82,1,0,47,1,52,60
2147,20,82,2,0,61,1,52,60
2148,20,82,3,1,50,1,52,60
2149,20,82,4,0,43,0,52,60
2150,20,82,5,1,72,0,52,60
2151,20,82,6,1,54,0,52,60
2152,20,82,7,1,72,0,52,60
2153,20,82,8,1,62,0,52,60
2154,20,82,9,1,48,0,52,60
2155,20,83,0,1,66,1,80,60
2156,20,83,1,1,35,1,80,60
2157,20,83,2,0,86,1,80,60
2158,20,83,3,0,81,1,80,60
2159,20,83,4,0,75,0,80,60
2160,20,84,0,0,16,1,20,40
2161,20,84,1,0,13,1,20,40
2162,20,84,2,1,31,1,20,40
2163,20,84,3,1,26,1,20,40
2164,20,84,4,1,37,0,20,40
2165,20,84,5,1,39,0,20,40
2166,20,84,6,1,35,0,20,40
2167,20,84,7,1,61,0,20,40
2168,20,84,8,1,38,0,20,40
2169,20,84,9,1,52,0,20,40
2170,20,85,0,1,51,1,48,40
2171,20,85,1,1,34,1,48,40
2172,20,85,2,0,56,1,48,40
2173,20,85,3,0,58,1,48,40
2174,20,85,4,0,53,0,48,40
2175,20,86,0,0,30,1,40,32
2176,20,86,1,1,43,1,40,32
2177,20,86,2,0,38,1,40,32
2178,20,86,3,0,41,1,40,32
2179,20,86,4,1,37,0,40,32
2180,20,87,0,1,57,1,40,48
2181,20,87,1,1,61,1,40,48
2182,20,87,2,0,41,1,40,48
2183,20,87,3,1,39,1,40,48
2184,20,87,4,1,48,0,40,48
2185,20,87,5,1,57,0,40,48
2186,20,87,6,1,58,0,40,48
2187,20,87,7,1,58,0,40,48
2188,20,87,8,1,52,0,40,48
2189,20,87,9,1,33,0,40,48
2190,20,88,0,1,62,1,52,60
2191,20,88,1,0,61,1,52,60
2192,20,88,2,0,63,1,52,60
2193,20,88,3,1,66,1,52,60
2194,20,88,4,0,40,0,52,60
2195,20,88,5,1,53,0,52,60
2196,20,88,6,1,61,0,52,60
2197,20,88,7,1,53,0,52,60
2198,20,88,8,1,75,0,52,60
2199,20,88,9,1,53,0,52,60
2200,20,89,0,0,35,1,30,60
2201,20,89,1,1,59,1,30,60
2202,20,89,2,0,32,1,30,60
2203,20,89,3,0,27,1,30,60
2204,20,89,4,1,54,0,30,60
2205,20,90,0,1,51,1,52,40
2206,20,90,1,1,36,1,52,40
2207,20,90,2,0,47,1,52,40
2208,20,90,3,1,33,1,52,40
2209,20,90,4,0,51,0,52,40
2210,20,91,0,0,70,1,60,72
2211,20,91,1,1,74,1,60,72
2212,20,91,2,0,61,1,60,72
2213,20,91,3,1,71,1,60,72
2214,20,91,4,1,71,0,60,72
2215,20,92,0,0,56,1,60,48
2216,20,92,1,0,71,1,60,48
2217,20,92,2,0,60,1,60,48
2218,20,92,3,1,50,1,60,48
2219,20,92,4,0,77,0,60,48
2220,20,92,5,0,72,0,60,48
2221,20,92,6,0,68,0,60,48
2222,20,92,7,0,52,0,60,48
2223,20,92,8,0,56,0,60,48
2224,20,92,9,0,50,0,60,48
2225,20,93,0,1,20,1,40,28
2226,20,93,1,0,51,1,40,28
2227,20,93,2,0,40,1,40,28
2228,20,93,3,1,40,1,40,28
2229,20,93,4,0,34,0,40,28
2230,20,94,0,1,42,1,40,52
2231,20,94,1,0,33,1,40,52
2232,20,94,2,0,55,1,40,52
2233,20,94,3,1,60,1,40,52
2234,20,94,4,1,49,0,40,52
2235,20,95,0,1,58,1,80,60
2236,20,95,1,1,53,1,80,60
2237,20,95,2,0,88,1,80,60
2238,20,95,3,1,59,1,80,60
2239,20,95,4,0,75,0,80,60
2240,20,96,0,0,41,1,40,70
2241,20,96,1,1,64,1,40,70
2242,20,96,2,1,69,1,40,70
2243,20,96,3,1,60,1,40,70
2244,20,96,4,1,62,0,40,70
2245,20,97,0,0,66,1,60,72
2246,20,97,1,1,73,1,60,72
2247,20,97,2,0,47,1,60,72
2248,20,97,3,0,58,1,60,72
2249,20,97,4,1,65,0,60,72
2250,20,97,5,1,63,0,60,72
2251,20,97,6,1,67,0,60,72
2252,20,97,7,1,63,0,60,72
2253,20,97,8,1,79,0,60,72
2254,20,97,9,1,68,0,60,72
2255,20,98,0,0,88,1,90,60
2256,20,98,1,1,56,1,90,60
2257,20,98,2,0,95,1,90,60
2258,20,98,3,1,56,1,90,60
2259,20,98,4,0,81,0,90,60
2260,20,99,0,1,45,1,40,60
2261,20,99,1,0,44,1,40,60
2262,20,99,2,0,38,1,40,60
2263,20,99,3,1,50,1,40,60
2264,20,99,4,1,58,0,40,60
2265,36,0,0,0,46,1,40,36
2266,36,0,1,1,38,1,40,36
2267,36,0,2,1,55,1,40,36
2268,36,0,3,1,39,1,40,36
2269,36,0,4,0,50,0,40,36
2270,36,0,5,0,37,0,40,36
2271,36,0,6,1,27,0,40,36
2272,36,0,7,0,31,0,40,36
2273,36,0,8,0,26,0,40,36
2274,36,0,9,1,48,0,40,36
2275,36,1,0,0,61,1,60,48
2276,36,1,1,1,38,1,60,48
2277,36,1,2,0,57,1,60,48
2278,36,1,3,1,59,1,60,48
2279,36,1,4,0,68,0,60,48
2280,36,1,5,1,56,0,60,48
2281,36,1,6,0,58,0,60,48
2282,36,1,7,1,40,0,60,48
2283,36,1,8,0,55,0,60,48
2284,36,1,9,0,72,0,60,48
2285,36,2,0,1,43,1,40,36
2286,36,2,1,0,41,1,40,36
2287,36,2,2,0,34,1,40,36
2288,36,2,3,1,36,1,40,36
2289,36,2,4,1,45,0,40,36
2290,36,2,5,1,28,0,40,36
2291,36,2,6,0,38,0,40,36
2292,36,2,7,1,31,0,40,36
2293,36,2,8,0,41,0,40,36
2294,36,2,9,1,35,0,40,36
2295,36,3,0,1,44,1,40,48
2296,36,3,1,0,44,1,40,48
2297,36,3,2,0,39,1,40,48
2298,36,3,3,1,42,1,40,48
2299,36,3,4,1,56,0,40,48
2300,36,4,0,1,17,1,40,10
2301,36,4,1,0,40,1,40,10
2302,36,4,2,1,6,1,40,10
2303,36,4,3,0,35,1,40,10
2304,36,4,4,1,8,0,40,10
2305,36,5,0,1,69,1,60,56
2306,36,5,1,0,56,1,60,56
2307,36,5,2,1,58,1,60,56
2308,36,5,3,0,60,1,60,56
2309,36,5,4,1,62,0,60,56
2310,36,6,0,1,52,1,40,48
2311,36,6,1,1,44,1,40,48
2312,36,6,2,0,22,1,40,48
2313,36,6,3,1,48,1,40,48
2314,36,6,4,0,65,0,40,48
2315,36,6,5,1,60,0,40,48
2316,36,6,6,0,46,0,40,48
2317,36,6,7,1,57,0,40,48
2318,36,6,8,0,52,0,40,48
2319,36,6,9,1,29,0,40,48
2320,36,7,0,0,49,1,56,60
2321,36,7,1,0,64,1,56,60
2322,36,7,2,0,54,1,56,60
2323,36,7,3,1,63,1,56,60
2324,36,7,4,0,64,0,56,60
2325,36,8,0,1,65,1,48,60
2326,36,8,1,0,38,1,48,60
2327,36,8,2,1,55,1,48,60
2328,36,8,3,1,56,1,48,60
2329,36,8,4,0,56,0,48,60
2330,36,8,5,0,48,0,48,60
2331,36,8,6,1,75,0,48,60
2332,36,8,7,0,52,0,48,60
2333,36,8,8,1,50,0,48,60
2334,36,8,9,1,65,0,48,60
2335,36,9,0,1,56,1,80,60
2336,36,9,1,1,67,1,80,60
2337,36,9,2,0,85,1,80,60
2338,36,9,3,1,67,1,80,60
2339,36,9,4,0,87,0,80,60
2340,36,10,0,1,66,1,40,60
2341,36,10,1,0,49,1,40,60
2342,36,10,2,0,45,1,40,60
2343,36,10,3,0,47,1,40,60
2344,36,10,4,0,24,0,40,60
2345,36,11,0,1,59,1,40,70
2346,36,11,1,0,45,1,40,70
2347,36,11,2,1,63,1,40,70
2348,36,11,3,0,38,1,40,70
2349,36,11,4,1,78,0,40,70
2350,36,11,5,0,38,0,40,70
2351,36,11,6,1,79,0,40,70
2352,36,11,7,0,41,0,40,70
2353,36,11,8,1,76,0,40,70
2354,36,11,9,0,41,0,40,70
2355,36,12,0,0,41,1,40,32
2356,36,12,1,1,28,1,40,32
2357,36,12,2,0,42,1,40,32
2358,36,12,3,0,41,1,40,32
2359,36,12,4,1,29,0,40,32
2360,36,13,0,1,38,1,40,36
2361,36,13,1,0,41,1,40,36
2362,36,13,2,0,42,1,40,36
2363,36,13,3,0,31,1,40,36
2364,36,13,4,0,56,0,40,36
2365,36,13,5,1,45,0,40,36
2366,36,13,6,0,49,0,40,36
2367,36,13,7,1,45,0,40,36
2368,36,13,8,0,27,0,40,36
2369,36,13,9,1,28,0,40,36
2370,36,14,0,0,80,1,72,60
2371,36,14,1,1,56,1,72,60
2372,36,14,2,0,81,1,72,60
2373,36,14,3,1,65,1,72,60
2374,36,14,4,0,77,0,72,60
2375,36,14,5,1,66,0,72,60
2376,36,14,6,0,71,0,72,60
2377,36,14,7,1,60,0,72,60
2378,36,14,8,0,59,0,72,60
2379,36,14,9,1,62,0,72,60
2380,36,15,0,1,53,1,40,60
2381,36,15,1,1,44,1,40,60
2382,36,15,2,0,50,1,40,60
2383,36,15,3,0,41,1,40,60
2384,36,15,4,1,45,0,40,60
2385,36,15,5,0,48,0,40,60
2386,36,15,6,1,60,0,40,60
2387,36,15,7,0,32,0,40,60
2388,36,15,8,1,68,0,40,60
2389,36,15,9,0,61,0,40,60
2390,36,16,0,0,45,1,40,70
2391,36,16,1,1,67,1,40,70
2392,36,16,2,1,74,1,40,70
2393,36,16,3,1,80,1,40,70
2394,36,16,4,0,44,0,40,70
2395,36,17,0,1,62,1,40,60
2396,36,17,1,1,65,1,40,60
2397,36,17,2,0,26,1,40,60
2398,36,17,3,0,37,1,40,60
2399,36,17,4,1,65,0,40,60
2400,36,17,5,0,56,0,40,60
2401,36,17,6,1,58,0,40,60
2402,36,17,7,0,35,0,40,60
2403,36,17,8,1,72,0,40,60
2404,36,17,9,0,36,0,40,60
2405,36,18,0,1,41,1,70,40
2406,36,18,1,0,74,1,70,40
2407,36,18,2,0,88,1,70,40
2408,36,18,3,0,80,1,70,40
2409,36,18,4,0,74,0,70,40
2410,36,18,5,1,27,0,70,40
2411,36,18,6,0,77,0,70,40
2412,36,18,7,1,40,0,70,40
2413,36,18,8,0,85,0,70,40
2414,36,18,9,1,50,0,70,40
2415,36,19,0,0,72,1,60,56
2416,36,19,1,1,56,1,60,56
2417,36,19,2,1,65,1,60,56
2418,36,19,3,1,35,1,60,56
2419,36,19,4,0,69,0,60,56
2420,36,20,0,0,16,1,20,40
2421,36,20,1,1,40,1,20,40
2422,36,20,2,0,27,1,20,40
2423,36,20,3,1,51,1,20,40
2424,36,20,4,0,14,0,20,40
2425,36,21,0,0,79,1,80,60
2426,36,21,1,0,77,1,80,60
2427,36,21,2,0,89,1,80,60
2428,36,21,3,1,58,1,80,60
2429,36,21,4,0,73,0,80,60
2430,36,22,0,0,39,1,48,40
2431,36,22,1,1,33,1,48,40
2432,36,22,2,0,53,1,48,40
2433,36,22,3,0,59,1,48,40
2434,36,22,4,1,44,0,48,40
2435,36,22,5,0,52,0,48,40
2436,36,22,6,1,40,0,48,40
2437,36,22,7,0,52,0,48,40
2438,36,22,8,1,40,0,48,40
2439,36,22,9,0,38,0,48,40
2440,36,23,0,1,24,1,40,32
2441,36,23,1,0,36,1,40,32
2442,36,23,2,1,46,1,40,32
2443,36,23,3,1,31,1,40,32
2444,36,23,4,0,30,0,40,32
2445,36,23,5,0,38,0,40,32
2446,36,23,6,1,48,0,40,32
2447,36,23,7,0,37,0,40,32
2448,36,23,8,1,33,0,40,32
2449,36,23,9,0,42,0,40,32
2450,36,24,0,1,59,1,48,60
2451,36,24,1,0,37,1,48,60
2452,36,24,2,1,62,1,48,60
2453,36,24,3,1,64,1,48,60
2454,36,24,4,0,48,0,48,60
2455,36,24,5,1,54,0,48,60
2456,36,24,6,0,51,0,48,60
2457,36,24,7,1,50,0,48,60
2458,36,24,8,0,36,0,48,60
2459,36,24,9,1,66,0,48,60
2460,36,25,0,1,99,1,60,90
2461,36,25,1,0,63,1,60,90
2462,36,25,2,0,53,1,60,90
2463,36,25,3,1,97,1,60,90
2464,36,25,4,0,64,0,60,90
2465,36,26,0,1,60,1,52,60
2466,36,26,1,1,59,1,52,60
2467,36,26,2,1,59,1,52,60
2468,36,26,3,0,59,1,52,60
2469,36,26,4,0,59,0,52,60
2470,36,27,0,1,73,1,60,80
2471,36,27,1,0,61,1,60,80
2472,36,27,2,1,75,1,60,80
2473,36,27,3,1,97,1,60,80
2474,36,27,4,0,56,0,60,80
2475,36,27,5,1,82,0,60,80
2476,36,27,6,0,69,0,60,80
2477,36,27,7,1,89,0,60,80
2478,36,27,8,0,71,0,60,80
2479,36,27,9,1,83,0,60,80
2480,36,28,0,1,52,1,40,60
2481,36,28,1,1,50,1,40,60
2482,36,28,2,0,39,1,40,60
2483,36,28,3,0,44,1,40,60
2484,36,28,4,1,68,0,40,60
2485,36,28,5,0,50,0,40,60
2486,36,28,6,1,50,0,40,60
2487,36,28,7,0,20,0,40,60
2488,36,28,8,1,60,0,40,60
2489,36,28,9,0,43,0,40,60
2490,36,29,0,0,35,1,30,60
2491,36,29,1,0,41,1,30,60
2492,36,29,2,1,59,1,30,60
2493,36,29,3,0,25,1,30,60
2494,36,29,4,1,63,0,30,60
2495,36,29,5,1,62,0,30,60
2496,36,29,6,0,27,0,30,60
2497,36,29,7,1,74,0,30,60
2498,36,29,8,0,24,0,30,60
2499,36,29,9,1,51,0,30,60
2500,36,30,0,0,55,1,60,68
2501,36,30,1,1,75,1,60,68
2502,36,30,2,0,60,1,60,68
2503,36,30,3,1,70,1,60,68
2504,36,30,4,0,60,0,60,68
2505,36,30,5,1,64,0,60,68
2506,36,30,6,0,67,0,60,68
2507,36,30,7,1,65,0,60,68
2508,36,30,8,0,72,0,60,68
2509,36,30,9,1,71,0,60,68
2510,36,31,0,1,55,1,68,60
2511,36,31,1,1,71,1,68,60
2512,36,31,2,0,65,1,68,60
2513,36,31,3,1,61,1,68,60
2514,36,31,4,0,70,0,68,60
2515,36,32,0,1,45,1,40,48
2516,36,32,1,1,59,1,40,48
2517,36,32,2,0,49,1,40,48
2518,36,32,3,0,37,1,40,48
2519,36,32,4,1,52,0,40,48
2520,36,32,5,1,56,0,40,48
2521,36,32,6,0,40,0,40,48
2522,36,32,7,1,48,0,40,48
2523,36,32,8,0,26,0,40,48
2524,36,32,9,1,54,0,40,48
2525,36,33,0,1,17,1,40,20
2526,36,33,1,1,11,1,40,20
2527,36,33,2,0,46,1,40,20
2528,36,33,3,1,28,1,40,20
2529,36,33,4,0,50,0,40,20
2530,36,33,5,1,9,0,40,20
2531,36,33,6,0,30,0,40,20
2532,36,33,7,1,26,0,40,20
2533,36,33,8,0,42,0,40,20
2534,36,33,9,1,18,0,40,20
2535,36,34,0,0,28,1,30,60
2536,36,34,1,1,53,1,30,60
2537,36,34,2,1,58,1,30,60
2538,36,34,3,1,70,1,30,60
2539,36,34,4,0,33,0,30,60
2540,36,34,5,0,40,0,30,60
2541,36,34,6,1,65,0,30,60
2542,36,34,7,0,51,0,30,60
2543,36,34,8,1,66,0,30,60
2544,36,34,9,0,28,0,30,60
2545,36,35,0,1,58,1,40,60
2546,36,35,1,0,59,1,40,60
2547,36,35,2,0,46,1,40,60
2548,36,35,3,0,25,1,40,60
2549,36,35,4,1,50,0,40,60
2550,36,35,5,0,41,0,40,60
2551,36,35,6,1,51,0,40,60
2552,36,35,7,0,47,0,40,60
2553,36,35,8,1,55,0,40,60
2554,36,35,9,0,43,0,40,60
2555,36,36,0,0,21,1,36,40
2556,36,36,1,1,52,1,36,40
2557,36,36,2,1,49,1,36,40
2558,36,36,3,0,35,1,36,40
2559,36,36,4,1,56,0,36,40
2560,36,36,5,0,29,0,36,40
2561,36,36,6,1,39,0,36,40
2562,36,36,7,0,43,0,36,40
2563,36,36,8,1,42,0,36,40
2564,36,36,9,0,30,0,36,40
2565,36,37,0,1,64,1,80,60
2566,36,37,1,1,59,1,80,60
2567,36,37,2,0,78,1,80,60
2568,36,37,3,0,80,1,80,60
2569,36,37,4,1,42,0,80,60
2570,36,38,0,0,46,1,40,10
2571,36,38,1,0,38,1,40,10
2572,36,38,2,1,16,1,40,10
2573,36,38,3,1,10,1,40,10
2574,36,38,4,0,45,0,40,10
2575,36,38,5,1,18,0,40,10
2576,36,38,6,0,35,0,40,10
2577,36,38,7,1,25,0,40,10
2578,36,38,8,0,44,0,40,10
2579,36,38,9,1,5,0,40,10
2580,36,39,0,1,39,1,40,36
2581,36,39,1,0,33,1,40,36
2582,36,39,2,0,41,1,40,36
2583,36,39,3,0,49,1,40,36
2584,36,39,4,1,32,0,40,36
2585,36,39,5,0,38,0,40,36
2586,36,39,6,1,36,0,40,36
2587,36,39,7,0,46,0,40,36
2588,36,39,8,1,20,0,40,36
2589,36,39,9,0,42,0,40,36
2590,36,40,0,0,43,1,60,68
2591,36,40,1,1,71,1,60,68
2592,36,40,2,0,49,1,60,68
2593,36,40,3,1,72,1,60,68
2594,36,40,4,0,54,0,60,68
2595,36,40,5,1,62,0,60,68
2596,36,40,6,0,54,0,60,68
2597,36,40,7,1,71,0,60,68
2598,36,40,8,0,61,0,60,68
2599,36,40,9,1,66,0,60,68
2600,36,41,0,0,48,1,32,40
2601,36,41,1,0,38,1,32,40
2602,36,41,2,0,29,1,32,40
2603,36,41,3,1,46,1,32,40
2604,36,41,4,0,24,0,32,40
2605,36,41,5,1,38,0,32,40
2606,36,41,6,0,13,0,32,40
2607,36,41,7,1,47,0,32,40
2608,36,41,8,0,28,0,32,40
2609,36,41,9,1,42,0,32,40
2610,36,42,0,1,54,1,64,60
2611,36,42,1,1,60,1,64,60
2612,36,42,2,0,49,1,64,60
2613,36,42,3,0,58,1,64,60
2614,36,42,4,1,67,0,64,60
2615,36,43,0,1,51,1,40,60
2616,36,43,1,0,45,1,40,60
2617,36,43,2,0,27,1,40,60
2618,36,43,3,0,43,1,40,60
2619,36,43,4,1,57,0,40,60
2620,36,43,5,0,46,0,40,60
2621,36,43,6,1,62,0,40,60
2622,36,43,7,0,44,0,40,60
2623,36,43,8,1,51,0,40,60
2624,36,43,9,0,46,0,40,60
2625,36,44,0,1,23,1,40,28
2626,36,44,1,1,24,1,40,28
2627,36,44,2,1,15,1,40,28
2628,36,44,3,0,28,1,40,28
2629,36,44,4,1,28,0,40,28
2630,36,45,0,1,78,1,48,60
2631,36,45,1,0,52,1,48,60
2632,36,45,2,0,54,1,48,60
2633,36,45,3,0,44,1,48,60
2634,36,45,4,1,63,0,48,60
2635,36,46,0,0,54,1,60,80
2636,36,46,1,1,86,1,60,80
2637,36,46,2,0,52,1,60,80
2638,36,46,3,0,60,1,60,80
2639,36,46,4,1,84,0,60,80
2640,36,46,5,0,61,0,60,80
2641,36,46,6,1,94,0,60,80
2642,36,46,7,0,58,0,60,80
2643,36,46,8,1,83,0,60,80
2644,36,46,9,0,56,0,60,80
2645,36,47,0,0,10,1,10,40
2646,36,47,1,1,39,1,10,40
2647,36,47,2,1,44,1,10,40
2648,36,47,3,0,18,1,10,40
2649,36,47,4,1,37,0,10,40
2650,36,47,5,0,5,0,10,40
2651,36,47,6,1,57,0,10,40
2652,36,47,7,0,12,0,10,40
2653,36,47,8,1,42,0,10,40
2654,36,47,9,0,1,0,10,40
2655,36,48,0,0,36,1,40,60
2656,36,48,1,0,37,1,40,60
2657,36,48,2,1,73,1,40,60
2658,36,48,3,1,64,1,40,60
2659,36,48,4,0,35,0,40,60
2660,36,48,5,1,63,0,40,60
2661,36,48,6,0,25,0,40,60
2662,36,48,7,1,74,0,40,60
2663,36,48,8,0,47,0,40,60
2664,36,48,9,1,69,0,40,60
2665,36,49,0,1,52,1,40,48
2666,36,49,1,0,34,1,40,48
2667,36,49,2,0,52,1,40,48
2668,36,49,3,1,49,1,40,48
2669,36,49,4,0,41,0,40,48
2670,36,50,0,0,50,1,40,28
2671,36,50,1,1,26,1,40,28
2672,36,50,2,0,52,1,40,28
2673,36,50,3,1,17,1,40,28
2674,36,50,4,0,43,0,40,28
2675,36,51,0,0,62,1,60,56
2676,36,51,1,1,66,1,60,56
2677,36,51,2,1,50,1,60,56
2678,36,51,3,1,46,1,60,56
2679,36,51,4,0,60,0,60,56
2680,36,52,0,1,76,1,60,90
2681,36,52,1,0,58,1,60,90
2682,36,52,2,0,67,1,60,90
2683,36,52,3,1,87,1,60,90
2684,36,52,4,0,59,0,60,90
2685,36,53,0,1,45,1,40,48
2686,36,53,1,1,57,1,40,48
2687,36,53,2,0,35,1,40,48
2688,36,53,3,0,34,1,40,48
2689,36,53,4,1,44,0,40,48
2690,36,53,5,0,39,0,40,48
2691,36,53,6,1,46,0,40,48
2692,36,53,7,0,47,0,40,48
2693,36,53,8,1,52,0,40,48
2694,36,53,9,0,36,0,40,48
2695,36,54,0,1,50,1,48,60
2696,36,54,1,0,31,1,48,60
2697,36,54,2,1,65,1,48,60
2698,36,54,3,0,41,1,48,60
2699,36,54,4,1,56,0,48,60
2700,36,54,5,0,53,0,48,60
2701,36,54,6,1,65,0,48,60
2702,36,54,7,0,46,0,48,60
2703,36,54,8,1,46,0,48,60
2704,36,54,9,0,53,0,48,60
2705,36,55,0,0,75,1,60,72
2706,36,55,1,1,76,1,60,72
2707,36,55,2,0,57,1,60,72
2708,36,55,3,1,70,1,60,72
2709,36,55,4,0,61,0,60,72
2710,36,56,0,1,42,1,52,40
2711,36,56,1,0,51,1,52,40
2712,36,56,2,1,35,1,52,40
2713,36,56,3,1,42,1,52,40
2714,36,56,4,0,43,0,52,40
2715,36,56,5,0,46,0,52,40
2716,36,56,6,1,35,0,52,40
2717,36,56,7,0,47,0,52,40
2718,36,56,8,1,34,0,52,40
2719,36,56,9,0,64,0,52,40
2720,36,57,0,1,69,1,40,60
2721,36,57,1,1,60,1,40,60
2722,36,57,2,0,26,1,40,60
2723,36,57,3,0,34,1,40,60
2724,36,57,4,1,53,0,40,60
2725,36,57,5,0,36,0,40,60
2726,36,57,6,1,68,0,40,60
2727,36,57,7,0,29,0,40,60
2728,36,57,8,1,66,0,40,60
2729,36,57,9,0,37,0,40,60
2730,36,58,0,1,38,1,40,36
2731,36,58,1,0,53,1,40,36
2732,36,58,2,0,35,1,40,36
2733,36,58,3,1,33,1,40,36
2734,36,58,4,0,40,0,40,36
2735,36,58,5,1,28,0,40,36
2736,36,58,6,0,43,0,40,36
2737,36,58,7,1,32,0,40,36
2738,36,58,8,0,34,0,40,36
2739,36,58,9,1,35,0,40,36
2740,36,59,0,1,31,1,40,28
2741,36,59,1,0,58,1,40,28
2742,36,59,2,0,30,1,40,28
2743,36,59,3,1,9,1,40,28
2744,36,59,4,0,52,0,40,28
2745,36,60,0,1,39,1,60,30
2746,36,60,1,0,51,1,60,30
2747,36,60,2,1,25,1,60,30
2748,36,60,3,1,30,1,60,30
2749,36,60,4,0,59,0,60,30
2750,36,61,0,0,46,1,40,70
2751,36,61,1,1,77,1,40,70
2752,36,61,2,1,80,1,40,70
2753,36,61,3,0,35,1,40,70
2754,36,61,4,1,67,0,40,70
2755,36,61,5,0,35,0,40,70
2756,36,61,6,1,68,0,40,70
2757,36,61,7,0,39,0,40,70
2758,36,61,8,1,74,0,40,70
2759,36,61,9,0,37,0,40,70
2760,36,62,0,0,28,1,36,40
2761,36,62,1,1,33,1,36,40
2762,36,62,2,1,50,1,36,40
2763,36,62,3,0,35,1,36,40
2764,36,62,4,1,37,0,36,40
2765,36,62,5,0,44,0,36,40
2766,36,62,6,1,38,0,36,40
2767,36,62,7,0,35,0,36,40
2768,36,62,8,1,38,0,36,40
2769,36,62,9,0,43,0,36,40
2770,36,63,0,1,54,1,36,40
2771,36,63,1,0,27,1,36,40
2772,36,63,2,1,45,1,36,40
2773,36,63,3,0,40,1,36,40
2774,36,63,4,1,37,0,36,40
2775,36,64,0,1,4,1,40,10
2776,36,64,1,0,57,1,40,10
2777,36,64,2,0,43,1,40,10
2778,36,64,3,1,4,1,40,10
2779,36,64,4,0,33,0,40,10
2780,36,65,0,1,52,1,40,44
2781,36,65,1,1,37,1,40,44
2782,36,65,2,1,52,1,40,44
2783,36,65,3,0,45,1,40,44
2784,36,65,4,0,45,0,40,44
2785,36,66,0,1,63,1,52,60
2786,36,66,1,1,50,1,52,60
2787,36,66,2,1,56,1,52,60
2788,36,66,3,0,48,1,52,60
2789,36,66,4,0,53,0,52,60
2790,36,67,0,1,61,1,60,64
2791,36,67,1,1,55,1,60,64
2792,36,67,2,0,52,1,60,64
2793,36,67,3,0,71,1,60,64
2794,36,67,4,1,70,0,60,64
2795,36,67,5,0,50,0,60,64
2796,36,67,6,1,70,0,60,64
2797,36,67,7,0,76,0,60,64
2798,36,67,8,1,69,0,60,64
2799,36,67,9,0,58,0,60,64
2800,36,68,0,1,66,1,40,60
2801,36,68,1,0,19,1,40,60
2802,36,68,2,0,39,1,40,60
2803,36,68,3,0,42,1,40,60
2804,36,68,4,0,37,0,40,60
2805,36,69,0,1,64,1,48,60
2806,36,69,1,0,41,1,48,60
2807,36,69,2,1,83,1,48,60
2808,36,69,3,0,60,1,48,60
2809,36,69,4,1,70,0,48,60
2810,36,69,5,0,45,0,48,60
2811,36,69,6,1,40,0,48,60
2812,36,69,7,0,51,0,48,60
2813,36,69,8,1,55,0,48,60
2814,36,69,9,0,37,0,48,60
2815,36,70,0,1,42,1,52,40
2816,36,70,1,0,40,1,52,40
2817,36,70,2,1,41,1,52,40
2818,36,70,3,1,40,1,52,40
2819,36,70,4,0,56,0,52,40
2820,36,70,5,1,43,0,52,40
2821,36,70,6,0,57,0,52,40
2822,36,70,7,1,26,0,52,40
2823,36,70,8,0,44,0,52,40
2824,36,70,9,1,39,0,52,40
2825,36,71,0,1,32,1,60,30
2826,36,71,1,0,51,1,60,30
2827,36,71,2,1,29,1,60,30
2828,36,71,3,1,39,1,60,30
2829,36,71,4,0,79,0,60,30
2830,36,72,0,0,63,1,72,60
2831,36,72,1,1,53,1,72,60
2832,36,72,2,0,67,1,72,60
2833,36,72,3,1,56,1,72,60
2834,36,72,4,0,62,0,72,60
2835,36,72,5,1,57,0,72,60
2836,36,72,6,0,50,0,72,60
2837,36,72,7,1,70,0,72,60
2838,36,72,8,0,74,0,72,60
2839,36,72,9,1,62,0,72,60
2840,36,73,0,0,30,1,30,60
2841,36,73,1,0,27,1,30,60
2842,36,73,2,1,51,1,30,60
2843,36,73,3,0,32,1,30,60
2844,36,73,4,1,68,0,30,60
2845,36,73,5,0,29,0,30,60
2846,36,73,6,1,66,0,30,60
2847,36,73,7,0,25,0,30,60
2848,36,73,8,1,61,0,30,60
2849,36,73,9,0,28,0,30,60
2850,36,74,0,1,22,1,52,40
2851,36,74,1,1,43,1,52,40
2852,36,74,2,0,33,1,52,40
2853,36,74,3,1,32,1,52,40
2854,36,74,4,0,43,0,52,40
2855,36,75,0,1,48,1,60,52
2856,36,75,1,0,65,1,60,52
2857,36,75,2,0,74,1,60,52
2858,36,75,3,1,57,1,60,52
2859,36,75,4,0,52,0,60,52
2860,36,76,0,0,41,1,40,10
2861,36,76,1,0,34,1,40,10
2862,36,76,2,1,8,1,40,10
2863,36,76,3,1,18,1,40,10
2864,36,76,4,0,48,0,40,10
2865,36,76,5,0,45,0,40,10
2866,36,76,6,0,45,0,40,10
2867,36,76,7,1,15,0,40,10
2868,36,76,8,0,55,0,40,10
2869,36,76,9,1,15,0,40,10
2870,36,77,0,0,68,1,80,60
2871,36,77,1,0,79,1,80,60
2872,36,77,2,0,71,1,80,60
2873,36,77,3,1,53,1,80,60
2874,36,77,4,0,87,0,80,60
2875,36,78,0,1,30,1,40,20
2876,36,78,1,1,26,1,40,20
2877,36,78,2,0,29,1,40,20
2878,36,78,3,1,21,1,40,20
2879,36,78,4,0,44,0,40,20
2880,36,78,5,1,21,0,40,20
2881,36,78,6,0,55,0,40,20
2882,36,78,7,1,23,0,40,20
2883,36,78,8,0,43,0,40,20
2884,36,78,9,1,24,0,40,20
2885,36,79,0,0,62,1,64,60
2886,36,79,1,0,75,1,64,60
2887,36,79,2,1,51,1,64,60
2888,36,79,3,0,64,1,64,60
2889,36,79,4,1,58,0,64,60
2890,36,80,0,0,66,1,60,48
2891,36,80,1,0,56,1,60,48
2892,36,80,2,0,74,1,60,48
2893,36,80,3,1,55,1,60,48
2894,36,80,4,0,67,0,60,48
2895,36,80,5,1,55,0,60,48
2896,36,80,6,0,50,0,60,48
2897,36,80,7,1,58,0,60,48
2898,36,80,8,0,50,0,60,48
2899,36,80,9,1,42,0,60,48
2900,36,81,0,0,65,1,60,80
2901,36,81,1,1,84,1,60,80
2902,36,81,2,0,58,1,60,80
2903,36,81,3,0,62,1,60,80
2904,36,81,4,1,83,0,60,80
2905,36,81,5,0,57,0,60,80
2906,36,81,6,1,80,0,60,80
2907,36,81,7,0,75,0,60,80
2908,36,81,8,1,67,0,60,80
2909,36,81,9,0,53,0,60,80
2910,36,82,0,1,58,1,52,60
2911,36,82,1,0,65,1,52,60
2912,36,82,2,0,61,1,52,60
2913,36,82,3,1,76,1,52,60
2914,36,82,4,0,49,0,52,60
2915,36,82,5,1,65,0,52,60
2916,36,82,6,0,60,0,52,60
2917,36,82,7,1,58,0,52,60
2918,36,82,8,0,50,0,52,60
2919,36,82,9,1,58,0,52,60
2920,36,83,0,1,48,1,80,60
2921,36,83,1,1,65,1,80,60
2922,36,83,2,0,85,1,80,60
2923,36,83,3,0,70,1,80,60
2924,36,83,4,1,68,0,80,60
2925,36,84,0,0,30,1,20,40
2926,36,84,1,0,19,1,20,40
2927,36,84,2,1,23,1,20,40
2928,36,84,3,1,30,1,20,40
2929,36,84,4,0,13,0,20,40
2930,36,84,5,0,12,0,20,40
2931,36,84,6,1,30,0,20,40
2932,36,84,7,1,47,0,20,40
2933,36,84,8,0,27,0,20,40
2934,36,84,9,1,43,0,20,40
2935,36,85,0,1,50,1,48,40
2936,36,85,1,1,43,1,48,40
2937,36,85,2,0,44,1,48,40
2938,36,85,3,0,41,1,48,40
2939,36,85,4,1,42,0,48,40
2940,36,86,0,0,43,1,40,32
2941,36,86,1,1,24,1,40,32
2942,36,86,2,0,22,1,40,32
2943,36,86,3,0,40,1,40,32
2944,36,86,4,0,37,0,40,32
2945,36,87,0,1,41,1,40,48
2946,36,87,1,1,61,1,40,48
2947,36,87,2,0,43,1,40,48
2948,36,87,3,1,54,1,40,48
2949,36,87,4,0,43,0,40,48
2950,36,87,5,1,47,0,40,48
2951,36,87,6,0,35,0,40,48
2952,36,87,7,1,56,0,40,48
2953,36,87,8,0,36,0,40,48
2954,36,87,9,1,42,0,40,48
2955,36,88,0,1,60,1,52,60
2956,36,88,1,0,59,1,52,60
2957,36,88,2,0,48,1,52,60
2958,36,88,3,1,68,1,52,60
2959,36,88,4,0,52,0,52,60
2960,36,88,5,1,65,0,52,60
2961,36,88,6,0,50,0,52,60
2962,36,88,7,1,64,0,52,60
2963,36,88,8,0,60,0,52,60
2964,36,88,9,1,64,0,52,60
2965,36,89,0,0,22,1,30,60
2966,36,89,1,1,59,1,30,60
2967,36,89,2,0,35,1,30,60
2968,36,89,3,0,33,1,30,60
2969,36,89,4,1,58,0,30,60
2970,36,90,0,1,42,1,52,40
2971,36,90,1,1,43,1,52,40
2972,36,90,2,0,63,1,52,40
2973,36,90,3,1,40,1,52,40
2974,36,90,4,0,46,0,52,40
2975,36,91,0,0,56,1,60,72
2976,36,91,1,1,86,1,60,72
2977,36,91,2,0,64,1,60,72
2978,36,91,3,1,76,1,60,72
2979,36,91,4,0,53,0,60,72
2980,36,92,0,0,55,1,60,48
2981,36,92,1,0,70,1,60,48
2982,36,92,2,0,59,1,60,48
2983,36,92,3,1,34,1,60,48
2984,36,92,4,0,62,0,60,48
2985,36,92,5,1,42,0,60,48
2986,36,92,6,0,67,0,60,48
2987,36,92,7,1,48,0,60,48
2988,36,92,8,0,61,0,60,48
2989,36,92,9,1,54,0,60,48
2990,36,93,0,1,27,1,40,28
2991,36,93,1,0,23,1,40,28
2992,36,93,2,0,53,1,40,28
2993,36,93,3,1,28,1,40,28
2994,36,93,4,0,39,0,40,28
2995,36,94,0,1,56,1,40,52
2996,36,94,1,0,41,1,40,52
2997,36,94,2,0,35,1,40,52
2998,36,94,3,1,50,1,40,52
2999,36,94,4,0,37,0,40,52
3000,36,95,0,1,55,1,80,60
3001,36,95,1,1,68,1,80,60
3002,36,95,2,0,82,1,80,60
3003,36,95,3,1,47,1,80,60
3004,36,95,4,0,84,0,80,60
3005,36,96,0,0,37,1,40,70
3006,36,96,1,1,62,1,40,70
3007,36,96,2,1,63,1,40,70
3008,36,96,3,1,72,1,40,70
3009,36,96,4,0,22,0,40,70
3010,36,97,0,0,73,1,60,72
3011,36,97,1,1,75,1,60,72
3012,36,97,2,0,69,1,60,72
3013,36,97,3,0,53,1,60,72
3014,36,97,4,1,58,0,60,72
3015,36,97,5,0,59,0,60,72
3016,36,97,6,1,67,0,60,72
3017,36,97,7,0,55,0,60,72
3018,36,97,8,1,79,0,60,72
3019,36,97,9,0,51,0,60,72
3020,36,98,0,0,100,1,90,60
3021,36,98,1,1,53,1,90,60
3022,36,98,2,0,85,1,90,60
3023,36,98,3,1,73,1,90,60
3024,36,98,4,0,98,0,90,60
3025,36,99,0,1,61,1,40,60
3026,36,99,1,0,25,1,40,60
3027,36,99,2,0,44,1,40,60
3028,36,99,3,1,57,1,40,60
3029,36,99,4,0,35,0,40,60
3030,49,0,0,1,11,1,40,10
3031,49,0,1,1,7,1,40,10
3032,49,0,2,1,17,1,40,10
3033,49,0,3,0,30,1,40,10
3034,49,0,4,0,47,0,40,10
3035,49,0,5,0,41,0,40,10
3036,49,0,6,0,41,0,40,10
3037,49,0,7,0,37,0,40,10
3038,49,0,8,0,29,0,40,10
3039,49,0,9,0,43,0,40,10
3040,49,1,0,0,27,1,40,28
3041,49,1,1,1,45,1,40,28
3042,49,1,2,1,41,1,40,28
3043,49,1,3,1,22,1,40,28
3044,49,1,4,0,25,0,40,28
3045,49,1,5,1,23,0,40,28
3046,49,1,6,0,55,0,40,28
3047,49,1,7,0,39,0,40,28
3048,49,1,8,0,39,0,40,28
3049,49,1,9,0,39,0,40,28
3050,49,2,0,1,46,1,28,40
3051,49,2,1,0,29,1,28,40
3052,49,2,2,1,49,1,28,40
3053,49,2,3,1,36,1,28,40
3054,49,2,4,1,34,0,28,40
3055,49,3,0,0,1,1,10,40
3056,49,3,1,1,60,1,10,40
3057,49,3,2,1,35,1,10,40
3058,49,3,3,1,36,1,10,40
3059,49,3,4,1,38,0,10,40
3060,49,4,0,0,50,1,40,32
3061,49,4,1,0,42,1,40,32
3062,49,4,2,1,45,1,40,32
3063,49,4,3,1,34,1,40,32
3064,49,4,4,0,52,0,40,32
3065,49,4,5,0,47,0,40,32
3066,49,4,6,0,31,0,40,32
3067,49,4,7,0,41,0,40,32
3068,49,4,8,0,46,0,40,32
3069,49,4,9,0,22,0,40,32
3070,49,5,0,1,54,1,40,52
3071,49,5,1,1,52,1,40,52
3072,49,5,2,0,28,1,40,52
3073,49,5,3,1,49,1,40,52
3074,49,5,4,1,53,0,40,52
3075,49,5,5,1,48,0,40,52
3076,49,5,6,1,39,0,40,52
3077,49,5,7,1,33,0,40,52
3078,49,5,8,1,49,0,40,52
3079,49,5,9,1,45,0,40,52
3080,49,6,0,0,69,1,70,40
3081,49,6,1,0,86,1,70,40
3082,49,6,2,0,61,1,70,40
3083,49,6,3,1,38,1,70,40
3084,49,6,4,0,80,0,70,40
3085,49,7,0,0,27,1,30,60
3086,49,7,1,0,19,1,30,60
3087,49,7,2,0,44,1,30,60
3088,49,7,3,1,55,1,30,60
3089,49,7,4,1,51,0,30,60
3090,49,7,5,1,61,0,30,60
3091,49,7,6,1,63,0,30,60
3092,49,7,7,1,56,0,30,60
3093,49,7,8,1,74,0,30,60
3094,49,7,9,1,56,0,30,60
3095,49,8,0,1,61,1,40,60
3096,49,8,1,1,52,1,40,60
3097,49,8,2,0,40,1,40,60
3098,49,8,3,0,37,1,40,60
3099,49,8,4,1,60,0,40,60
3100,49,9,0,0,48,1,48,40
3101,49,9,1,0,41,1,48,40
3102,49,9,2,1,41,1,48,40
3103,49,9,3,1,31,1,48,40
3104,49,9,4,0,31,0,48,40
3105,49,10,0,1,59,1,60,64
3106,49,10,1,1,61,1,60,64
3107,49,10,2,0,64,1,60,64
3108,49,10,3,0,54,1,60,64
3109,49,10,4,0,54,0,60,64
3110,49,11,0,1,64,1,40,48
3111,49,11,1,0,38,1,40,48
3112,49,11,2,1,56,1,40,48
3113,49,11,3,0,48,1,40,48
3114,49,11,4,1,67,0,40,48
3115,49,12,0,1,66,1,40,70
3116,49,12,1,1,72,1,40,70
3117,49,12,2,0,34,1,40,70
3118,49,12,3,0,56,1,40,70
3119,49,12,4,1,81,0,40,70
3120,49,13,0,0,27,1,30,60
3121,49,13,1,1,48,1,30,60
3122,49,13,2,0,37,1,30,60
3123,49,13,3,1,58,1,30,60
3124,49,13,4,1,62,0,30,60
3125,49,14,0,0,35,1,52,40
3126,49,14,1,0,45,1,52,40
3127,49,14,2,1,30,1,52,40
3128,49,14,3,0,34,1,52,40
3129,49,14,4,0,48,0,52,40
3130,49,15,0,1,50,1,90,60
3131,49,15,1,0,88,1,90,60
3132,49,15,2,0,81,1,90,60
3133,49,15,3,1,58,1,90,60
3134,49,15,4,0,90,0,90,60
3135,49,15,5,0,77,0,90,60
3136,49,15,6,0,80,0,90,60
3137,49,15,7,0,99,0,90,60
3138,49,15,8,0,80,0,90,60
3139,49,15,9,0,68,0,90,60
3140,49,16,0,0,37,1,40,36
3141,49,16,1,1,42,1,40,36
3142,49,16,2,0,31,1,40,36
3143,49,16,3,0,43,1,40,36
3144,49,16,4,0,41,0,40,36
3145,49,17,0,0,62,1,60,30
3146,49,17,1,1,16,1,60,30
3147,49,17,2,1,21,1,60,30
3148,49,17,3,0,61,1,60,30
3149,49,17,4,0,56,0,60,30
3150,49,17,5,0,49,0,60,30
3151,49,17,6,0,55,0,60,30
3152,49,17,7,0,62,0,60,30
3153,49,17,8,0,50,0,60,30
3154,49,17,9,0,56,0,60,30
3155,49,18,0,1,94,1,60,90
3156,49,18,1,0,71,1,60,90
3157,49,18,2,1,100,1,60,90
3158,49,18,3,0,52,1,60,90
3159,49,18,4,1,90,0,60,90
3160,49,19,0,1,44,1,60,52
3161,49,19,1,0,51,1,60,52
3162,49,19,2,0,72,1,60,52
3163,49,19,3,0,51,1,60,52
3164,49,19,4,0,65,0,60,52
3165,49,19,5,0,55,0,60,52
3166,49,19,6,0,57,0,60,52
3167,49,19,7,0,56,0,60,52
3168,49,19,8,0,52,0,60,52
3169,49,19,9,0,65,0,60,52
3170,49,20,0,1,40,1,48,40
3171,49,20,1,0,51,1,48,40
3172,49,20,2,1,46,1,48,40
3173,49,20,3,1,45,1,48,40
3174,49,20,4,0,53,0,48,40
3175,49,20,5,0,60,0,48,40
3176,49,20,6,0,48,0,48,40
3177,49,20,7,0,40,0,48,40
3178,49,20,8,0,51,0,48,40
3179,49,20,9,0,46,0,48,40
3180,49,21,0,0,35,1,40,70
3181,49,21,1,1,70,1,40,70
3182,49,21,2,0,35,1,40,70
3183,49,21,3,0,42,1,40,70
3184,49,21,4,1,77,0,40,70
3185,49,21,5,1,57,0,40,70
3186,49,21,6,1,80,0,40,70
3187,49,21,7,1,75,0,40,70
3188,49,21,8,1,65,0,40,70
3189,49,21,9,1,79,0,40,70
3190,49,22,0,0,57,1,40,32
3191,49,22,1,1,22,1,40,32
3192,49,22,2,1,40,1,40,32
3193,49,22,3,0,44,1,40,32
3194,49,22,4,0,41,0,40,32
3195,49,22,5,0,8,0,40,32
3196,49,22,6,0,30,0,40,32
3197,49,22,7,0,48,0,40,32
3198,49,22,8,0,52,0,40,32
3199,49,22,9,0,40,0,40,32
3200,49,23,0,0,28,1,28,40
3201,49,23,1,1,41,1,28,40
3202,49,23,2,0,34,1,28,40
3203,49,23,3,0,26,1,28,40
3204,49,23,4,1,45,0,28,40
3205,49,23,5,1,32,0,28,40
3206,49,23,6,1,39,0,28,40
3207,49,23,7,1,20,0,28,40
3208,49,23,8,1,36,0,28,40
3209,49,23,9,1,39,0,28,40
3210,49,24,0,1,70,1,60,72
3211,49,24,1,1,68,1,60,72
3212,49,24,2,0,55,1,60,72
3213,49,24,3,0,52,1,60,72
3214,49,24,4,1,75,0,60,72
3215,49,25,0,0,36,1,48,60
3216,49,25,1,0,34,1,48,60
3217,49,25,2,1,54,1,48,60
3218,49,25,3,1,68,1,48,60
3219,49,25,4,1,60,0,48,60
3220,49,25,5,1,63,0,48,60
3221,49,25,6,1,58,0,48,60
3222,49,25,7,1,64,0,48,60
3223,49,25,8,1,43,0,48,60
3224,49,25,9,1,64,0,48,60
3225,49,26,0,1,57,1,40,60
3226,49,26,1,0,55,1,40,60
3227,49,26,2,0,30,1,40,60
3228,49,26,3,1,60,1,40,60
3229,49,26,4,1,55,0,40,60
3230,49,26,5,1,58,0,40,60
3231,49,26,6,1,67,0,40,60
3232,49,26,7,1,56,0,40,60
3233,49,26,8,1,75,0,40,60
3234,49,26,9,1,58,0,40,60
3235,49,27,0,1,61,1,80,60
3236,49,27,1,0,69,1,80,60
3237,49,27,2,1,58,1,80,60
3238,49,27,3,1,65,1,80,60
3239,49,27,4,0,88,0,80,60
3240,49,28,0,0,58,1,68,60
3241,49,28,1,0,77,1,68,60
3242,49,28,2,1,61,1,68,60
3243,49,28,3,0,80,1,68,60
3244,49,28,4,0,71,0,68,60
3245,49,28,5,0,67,0,68,60
3246,49,28,6,0,69,0,68,60
3247,49,28,7,0,77,0,68,60
3248,49,28,8,0,86,0,68,60
3249,49,28,9,0,55,0,68,60
3250,49,29,0,1,96,1,60,90
3251,49,29,1,0,56,1,60,90
3252,49,29,2,1,89,1,60,90
3253,49,29,3,0,69,1,60,90
3254,49,29,4,1,87,0,60,90
3255,49,30,0,0,50,1,60,80
3256,49,30,1,1,73,1,60,80
3257,49,30,2,1,81,1,60,80
3258,49,30,3,1,75,1,60,80
3259,49,30,4,1,96,0,60,80
3260,49,30,5,1,85,0,60,80
3261,49,30,6,1,92,0,60,80
3262,49,30,7,1,83,0,60,80
3263,49,30,8,1,67,0,60,80
3264,49,30,9,1,93,0,60,80
3265,49,31,0,0,44,1,48,60
3266,49,31,1,0,44,1,48,60
3267,49,31,2,1,71,1,48,60
3268,49,31,3,1,54,1,48,60
3269,49,31,4,1,72,0,48,60
3270,49,31,5,1,77,0,48,60
3271,49,31,6,1,64,0,48,60
3272,49,31,7,1,48,0,48,60
3273,49,31,8,1,56,0,48,60
3274,49,31,9,1,57,0,48,60
3275,49,32,0,0,42,1,44,40
3276,49,32,1,1,36,1,44,40
3277,49,32,2,1,39,1,44,40
3278,49,32,3,1,41,1,44,40
3279,49,32,4,0,48,0,44,40
3280,49,33,0,1,42,1,60,56
3281,49,33,1,1,64,1,60,56
3282,49,33,2,0,66,1,60,56
3283,49,33,3,1,48,1,60,56
3284,49,33,4,0,53,0,60,56
3285,49,34,0,0,43,1,48,60
3286,49,34,1,1,61,1,48,60
3287,49,34,2,1,65,1,48,60
3288,49,34,3,0,50,1,48,60
3289,49,34,4,1,65,0,48,60
3290,49,35,0,1,42,1,60,40
3291,49,35,1,0,55,1,60,40
3292,49,35,2,0,42,1,60,40
3293,49,35,3,1,33,1,60,40
3294,49,35,4,0,59,0,60,40
3295,49,36,0,1,77,1,40,70
3296,49,36,1,1,70,1,40,70
3297,49,36,2,0,28,1,40,70
3298,49,36,3,0,38,1,40,70
3299,49,36,4,1,78,0,40,70
3300,49,37,0,1,54,1,80,60
3301,49,37,1,0,97,1,80,60
3302,49,37,2,1,65,1,80,60
3303,49,37,3,1,68,1,80,60
3304,49,37,4,0,81,0,80,60
3305,49,38,0,1,54,1,40,52
3306,49,38,1,0,35,1,40,52
3307,49,38,2,1,65,1,40,52
3308,49,38,3,0,40,1,40,52
3309,49,38,4,1,52,0,40,52
3310,49,38,5,1,44,0,40,52
3311,49,38,6,1,42,0,40,52
3312,49,38,7,1,52,0,40,52
3313,49,38,8,1,60,0,40,52
3314,49,38,9,1,43,0,40,52
3315,49,39,0,1,40,1,36,40
3316,49,39,1,0,38,1,36,40
3317,49,39,2,1,43,1,36,40
3318,49,39,3,1,33,1,36,40
3319,49,39,4,0,26,0,36,40
3320,49,39,5,1,41,0,36,40
3321,49,39,6,1,34,0,36,40
3322,49,39,7,1,40,0,36,40
3323,49,39,8,1,30,0,36,40
3324,49,39,9,1,35,0,36,40
3325,49,40,0,0,58,1,60,80
3326,49,40,1,0,61,1,60,80
3327,49,40,2,1,74,1,60,80
3328,49,40,3,1,71,1,60,80
3329,49,40,4,1,76,0,60,80
3330,49,40,5,1,83,0,60,80
3331,49,40,6,1,70,0,60,80
3332,49,40,7,1,76,0,60,80
3333,49,40,8,1,80,0,60,80
3334,49,40,9,1,93,0,60,80
3335,49,41,0,0,20,1,30,60
3336,49,41,1,1,47,1,30,60
3337,49,41,2,0,22,1,30,60
3338,49,41,3,1,59,1,30,60
3339,49,41,4,1,58,0,30,60
3340,49,42,0,0,59,1,60,68
3341,49,42,1,1,69,1,60,68
3342,49,42,2,1,63,1,60,68
3343,49,42,3,0,69,1,60,68
3344,49,42,4,1,75,0,60,68
3345,49,42,5,1,68,0,60,68
3346,49,42,6,1,70,0,60,68
3347,49,42,7,1,73,0,60,68
3348,49,42,8,1,72,0,60,68
3349,49,42,9,1,80,0,60,68
3350,49,43,0,1,1,1,40,10
3351,49,43,1,0,41,1,40,10
3352,49,43,2,1,23,1,40,10
3353,49,43,3,0,29,1,40,10
3354,49,43,4,0,22,0,40,10
3355,49,44,0,0,42,1,40,60
3356,49,44,1,1,53,1,40,60
3357,49,44,2,0,33,1,40,60
3358,49,44,3,0,42,1,40,60
3359,49,44,4,1,50,0,40,60
3360,49,44,5,1,74,0,40,60
3361,49,44,6,1,53,0,40,60
3362,49,44,7,1,63,0,40,60
3363,49,44,8,1,62,0,40,60
3364,49,44,9,1,60,0,40,60
3365,49,45,0,1,68,1,60,64
3366,49,45,1,1,51,1,60,64
3367,49,45,2,0,60,1,60,64
3368,49,45,3,0,66,1,60,64
3369,49,45,4,1,69,0,60,64
3370,49,46,0,1,40,1,20,40
3371,49,46,1,0,17,1,20,40
3372,49,46,2,1,44,1,20,40
3373,49,46,3,0,23,1,20,40
3374,49,46,4,1,41,0,20,40
3375,49,47,0,0,52,1,60,56
3376,49,47,1,1,59,1,60,56
3377,49,47,2,0,53,1,60,56
3378,49,47,3,1,51,1,60,56
3379,49,47,4,0,46,0,60,56
3380,49,47,5,1,55,0,60,56
3381,49,47,6,1,34,0,60,56
3382,49,47,7,1,45,0,60,56
3383,49,47,8,1,62,0,60,56
3384,49,47,9,1,61,0,60,56
3385,49,48,0,1,59,1,72,60
3386,49,48,1,0,64,1,72,60
3387,49,48,2,1,69,1,72,60
3388,49,48,3,0,77,1,72,60
3389,49,48,4,0,71,0,72,60
3390,49,48,5,0,86,0,72,60
3391,49,48,6,0,74,0,72,60
3392,49,48,7,0,63,0,72,60
3393,49,48,8,0,76,0,72,60
3394,49,48,9,0,79,0,72,60
3395,49,49,0,1,59,1,60,64
3396,49,49,1,1,80,1,60,64
3397,49,49,2,0,49,1,60,64
3398,49,49,3,0,63,1,60,64
3399,49,49,4,1,56,0,60,64
3400,49,50,0,0,49,1,44,40
3401,49,50,1,0,42,1,44,40
3402,49,50,2,0,49,1,44,40
3403,49,50,3,1,52,1,44,40
3404,49,50,4,1,66,0,44,40
3405,49,51,0,1,35,1,40,32
3406,49,51,1,0,42,1,40,32
3407,49,51,2,0,39,1,40,32
3408,49,51,3,1,17,1,40,32
3409,49,51,4,0,37,0,40,32
3410,49,52,0,0,34,1,40,48
3411,49,52,1,1,51,1,40,48
3412,49,52,2,1,42,1,40,48
3413,49,52,3,1,59,1,40,48
3414,49,52,4,1,52,0,40,48
3415,49,53,0,0,46,1,40,48
3416,49,53,1,0,43,1,40,48
3417,49,53,2,0,54,1,40,48
3418,49,53,3,1,56,1,40,48
3419,49,53,4,1,41,0,40,48
3420,49,54,0,1,98,1,60,90
3421,49,54,1,1,89,1,60,90
3422,49,54,2,1,96,1,60,90
3423,49,54,3,0,64,1,60,90
3424,49,54,4,1,74,0,60,90
3425,49,54,5,1,91,0,60,90
3426,49,54,6,1,84,0,60,90
3427,49,54,7,1,98,0,60,90
3428,49,54,8,1,98,0,60,90
3429,49,54,9,1,91,0,60,90
3430,49,55,0,1,64,1,40,52
3431,49,55,1,1,62,1,40,52
3432,49,55,2,0,40,1,40,52
3433,49,55,3,1,49,1,40,52
3434,49,55,4,1,54,0,40,52
3435,49,55,5,1,49,0,40,52
3436,49,55,6,1,57,0,40,52
3437,49,55,7,1,56,0,40,52
3438,49,55,8,1,44,0,40,52
3439,49,55,9,1,46,0,40,52
3440,49,56,0,0,75,1,60,80
3441,49,56,1,1,76,1,60,80
3442,49,56,2,0,52,1,60,80
3443,49,56,3,0,41,1,60,80
3444,49,56,4,1,69,0,60,80
3445,49,57,0,0,35,1,40,60
3446,49,57,1,0,50,1,40,60
3447,49,57,2,0,43,1,40,60
3448,49,57,3,1,59,1,40,60
3449,49,57,4,1,54,0,40,60
3450,49,57,5,1,61,0,40,60
3451,49,57,6,1,61,0,40,60
3452,49,57,7,1,57,0,40,60
3453,49,57,8,1,69,0,40,60
3454,49,57,9,1,56,0,40,60
3455,49,58,0,1,44,1,36,40
3456,49,58,1,0,36,1,36,40
3457,49,58,2,1,40,1,36,40
3458,49,58,3,0,27,1,36,40
3459,49,58,4,1,36,0,36,40
3460,49,59,0,0,55,1,70,40
3461,49,59,1,0,74,1,70,40
3462,49,59,2,0,71,1,70,40
3463,49,59,3,1,36,1,70,40
3464,49,59,4,0,77,0,70,40
3465,49,60,0,1,55,1,40,52
3466,49,60,1,0,44,1,40,52
3467,49,60,2,0,40,1,40,52
3468,49,60,3,1,59,1,40,52
3469,49,60,4,1,71,0,40,52
3470,49,61,0,1,10,1,40,10
3471,49,61,1,0,46,1,40,10
3472,49,61,2,1,1,1,40,10
3473,49,61,3,0,36,1,40,10
3474,49,61,4,0,47,0,40,10
3475,49,62,0,0,8,1,20,40
3476,49,62,1,1,50,1,20,40
3477,49,62,2,1,45,1,20,40
3478,49,62,3,1,32,1,20,40
3479,49,62,4,1,38,0,20,40
3480,49,62,5,1,43,0,20,40
3481,49,62,6,1,47,0,20,40
3482,49,62,7,1,29,0,20,40
3483,49,62,8,1,36,0,20,40
3484,49,62,9,1,36,0,20,40
3485,49,63,0,1,38,1,20,40
3486,49,63,1,0,19,1,20,40
3487,49,63,2,0,32,1,20,40
3488,49,63,3,0,36,1,20,40
3489,49,63,4,1,41,0,20,40
3490,49,64,0,0,25,1,32,40
3491,49,64,1,1,41,1,32,40
3492,49,64,2,1,48,1,32,40
3493,49,64,3,1,47,1,32,40
3494,49,64,4,1,52,0,32,40
3495,49,65,0,0,91,1,90,60
3496,49,65,1,1,68,1,90,60
3497,49,65,2,1,58,1,90,60
3498,49,65,3,1,68,1,90,60
3499,49,65,4,0,89,0,90,60
3500,49,66,0,1,33,1,10,40
3501,49,66,1,1,56,1,10,40
3502,49,66,2,0,7,1,10,40
3503,49,66,3,0,10,1,10,40
3504,49,66,4,1,39,0,10,40
3505,49,66,5,1,42,0,10,40
3506,49,66,6,1,43,0,10,40
3507,49,66,7,1,34,0,10,40
3508,49,66,8,1,38,0,10,40
3509,49,66,9,1,32,0,10,40
3510,49,67,0,1,53,1,60,56
3511,49,67,1,1,56,1,60,56
3512,49,67,2,0,63,1,60,56
3513,49,67,3,1,52,1,60,56
3514,49,67,4,0,72,0,60,56
3515,49,68,0,0,59,1,60,64
3516,49,68,1,1,66,1,60,64
3517,49,68,2,1,61,1,60,64
3518,49,68,3,1,66,1,60,64
3519,49,68,4,1,82,0,60,64
3520,49,68,5,1,52,0,60,64
3521,49,68,6,1,49,0,60,64
3522,49,68,7,1,58,0,60,64
3523,49,68,8,1,60,0,60,64
3524,49,68,9,1,66,0,60,64
3525,49,69,0,0,49,1,48,60
3526,49,69,1,1,65,1,48,60
3527,49,69,2,1,47,1,48,60
3528,49,69,3,0,42,1,48,60
3529,49,69,4,1,66,0,48,60
3530,49,70,0,1,62,1,40,48
3531,49,70,1,0,43,1,40,48
3532,49,70,2,1,43,1,40,48
3533,49,70,3,0,38,1,40,48
3534,49,70,4,1,60,0,40,48
3535,49,71,0,0,47,1,48,60
3536,49,71,1,1,67,1,48,60
3537,49,71,2,0,48,1,48,60
3538,49,71,3,0,59,1,48,60
3539,49,71,4,1,67,0,48,60
3540,49,72,0,0,34,1,40,60
3541,49,72,1,0,39,1,40,60
3542,49,72,2,0,51,1,40,60
3543,49,72,3,1,46,1,40,60
3544,49,72,4,1,52,0,40,60
3545,49,72,5,1,62,0,40,60
3546,49,72,6,1,61,0,40,60
3547,49,72,7,1,60,0,40,60
3548,49,72,8,1,55,0,40,60
3549,49,72,9,1,66,0,40,60
3550,49,73,0,0,31,1,40,32
3551,49,73,1,1,42,1,40,32
3552,49,73,2,0,24,1,40,32
3553,49,73,3,1,23,1,40,32
3554,49,73,4,1,34,0,40,32
3555,49,74,0,0,50,1,60,64
3556,49,74,1,1,62,1,60,64
3557,49,74,2,1,50,1,60,64
3558,49,74,3,0,69,1,60,64
3559,49,74,4,0,57,0,60,64
3560,49,74,5,0,67,0,60,64
3561,49,74,6,0,45,0,60,64
3562,49,74,7,0,66,0,60,64
3563,49,74,8,0,53,0,60,64
3564,49,74,9,0,49,0,60,64
3565,49,75,0,0,9,1,10,40
3566,49,75,1,1,40,1,10,40
3567,49,75,2,1,47,1,10,40
3568,49,75,3,1,43,1,10,40
3569,49,75,4,1,32,0,10,40
3570,49,76,0,1,48,1,32,40
3571,49,76,1,1,37,1,32,40
3572,49,76,2,0,39,1,32,40
3573,49,76,3,1,34,1,32,40
3574,49,76,4,1,37,0,32,40
3575,49,76,5,1,32,0,32,40
3576,49,76,6,1,36,0,32,40
3577,49,76,7,1,47,0,32,40
3578,49,76,8,1,42,0,32,40
3579,49,76,9,1,49,0,32,40
3580,49,77,0,1,24,1,40,36
3581,49,77,1,0,55,1,40,36
3582,49,77,2,0,45,1,40,36
3583,49,77,3,0,30,1,40,36
3584,49,77,4,0,36,0,40,36
3585,49,77,5,0,44,0,40,36
3586,49,77,6,0,34,0,40,36
3587,49,77,7,0,40,0,40,36
3588,49,77,8,0,39,0,40,36
3589,49,77,9,0,40,0,40,36
3590,49,78,0,0,30,1,20,40
3591,49,78,1,1,48,1,20,40
3592,49,78,2,1,31,1,20,40
3593,49,78,3,1,48,1,20,40
3594,49,78,4,1,34,0,20,40
3595,49,78,5,1,36,0,20,40
3596,49,78,6,1,36,0,20,40
3597,49,78,7,1,54,0,20,40
3598,49,78,8,1,41,0,20,40
3599,49,78,9,1,40,0,20,40
3600,49,79,0,0,60,1,60,80
3601,49,79,1,0,58,1,60,80
3602,49,79,2,1,95,1,60,80
3603,49,79,3,1,77,1,60,80
3604,49,79,4,1,76,0,60,80
3605,49,79,5,1,81,0,60,80
3606,49,79,6,1,76,0,60,80
3607,49,79,7,1,88,0,60,80
3608,49,79,8,1,81,0,60,80
3609,49,79,9,1,65,0,60,80
3610,49,80,0,1,32,1,70,40
3611,49,80,1,0,64,1,70,40
3612,49,80,2,0,59,1,70,40
3613,49,80,3,1,31,1,70,40
3614,49,80,4,0,82,0,70,40
3615,49,80,5,0,63,0,70,40
3616,49,80,6,0,57,0,70,40
3617,49,80,7,0,49,0,70,40
3618,49,80,8,0,64,0,70,40
3619,49,80,9,0,62,0,70,40
3620,49,81,0,0,64,1,60,72
3621,49,81,1,0,56,1,60,72
3622,49,81,2,1,58,1,60,72
3623,49,81,3,0,74,1,60,72
3624,49,81,4,0,65,0,60,72
3625,49,81,5,0,63,0,60,72
3626,49,81,6,0,68,0,60,72
3627,49,81,7,0,49,0,60,72
3628,49,81,8,0,37,0,60,72
3629,49,81,9,0,48,0,60,72
3630,49,82,0,1,55,1,60,72
3631,49,82,1,1,77,1,60,72
3632,49,82,2,0,70,1,60,72
3633,49,82,3,1,63,1,60,72
3634,49,82,4,1,75,0,60,72
3635,49,83,0,0,41,1,40,36
3636,49,83,1,1,45,1,40,36
3637,49,83,2,0,29,1,40,36
3638,49,83,3,0,51,1,40,36
3639,49,83,4,0,42,0,40,36
3640,49,84,0,0,72,1,68,60
3641,49,84,1,0,82,1,68,60
3642,49,84,2,1,61,1,68,60
3643,49,84,3,0,52,1,68,60
3644,49,84,4,0,70,0,68,60
3645,49,84,5,0,63,0,68,60
3646,49,84,6,0,68,0,68,60
3647,49,84,7,0,62,0,68,60
3648,49,84,8,0,68,0,68,60
3649,49,84,9,0,56,0,68,60
3650,49,85,0,1,42,1,28,40
3651,49,85,1,0,26,1,28,40
3652,49,85,2,1,38,1,28,40
3653,49,85,3,1,28,1,28,40
3654,49,85,4,1,42,0,28,40
3655,49,86,0,1,60,1,68,60
3656,49,86,1,1,74,1,68,60
3657,49,86,2,0,64,1,68,60
3658,49,86,3,0,77,1,68,60
3659,49,86,4,0,70,0,68,60
3660,49,86,5,0,74,0,68,60
3661,49,86,6,0,70,0,68,60
3662,49,86,7,0,75,0,68,60
3663,49,86,8,0,68,0,68,60
3664,49,86,9,0,72,0,68,60
3665,49,87,0,1,50,1,40,60
3666,49,87,1,0,38,1,40,60
3667,49,87,2,1,69,1,40,60
3668,49,87,3,0,43,1,40,60
3669,49,87,4,1,62,0,40,60
3670,49,87,5,1,62,0,40,60
3671,49,87,6,1,62,0,40,60
3672,49,87,7,1,73,0,40,60
3673,49,87,8,1,59,0,40,60
3674,49,87,9,1,60,0,40,60
3675,49,88,0,0,61,1,60,30
3676,49,88,1,1,29,1,60,30
3677,49,88,2,1,36,1,60,30
3678,49,88,3,0,64,1,60,30
3679,49,88,4,0,56,0,60,30
3680,49,88,5,0,59,0,60,30
3681,49,88,6,0,60,0,60,30
3682,49,88,7,0,55,0,60,30
3683,49,88,8,0,68,0,60,30
3684,49,88,9,0,72,0,60,30
3685,49,89,0,1,75,1,60,64
3686,49,89,1,1,77,1,60,64
3687,49,89,2,0,51,1,60,64
3688,49,89,3,0,52,1,60,64
3689,49,89,4,1,59,0,60,64
3690,49,90,0,0,48,1,44,40
3691,49,90,1,0,33,1,44,40
3692,49,90,2,0,32,1,44,40
3693,49,90,3,1,33,1,44,40
3694,49,90,4,1,33,0,44,40
3695,49,91,0,1,69,1,64,60
3696,49,91,1,1,64,1,64,60
3697,49,91,2,0,75,1,64,60
3698,49,91,3,0,69,1,64,60
3699,49,91,4,0,51,0,64,60
3700,49,91,5,0,73,0,64,60
3701,49,91,6,0,61,0,64,60
3702,49,91,7,0,56,0,64,60
3703,49,91,8,0,66,0,64,60
3704,49,91,9,0,63,0,64,60
3705,49,92,0,1,54,1,90,60
3706,49,92,1,0,77,1,90,60
3707,49,92,2,0,95,1,90,60
3708,49,92,3,1,82,1,90,60
3709,49,92,4,0,95,0,90,60
3710,49,92,5,0,92,0,90,60
3711,49,92,6,0,84,0,90,60
3712,49,92,7,0,87,0,90,60
3713,49,92,8,0,100,0,90,60
3714,49,92,9,0,98,0,90,60
3715,49,93,0,0,18,1,32,40
3716,49,93,1,1,39,1,32,40
3717,49,93,2,1,58,1,32,40
3718,49,93,3,1,42,1,32,40
3719,49,93,4,1,45,0,32,40
3720,49,94,0,1,54,1,40,60
3721,49,94,1,0,63,1,40,60
3722,49,94,2,0,45,1,40,60
3723,49,94,3,1,66,1,40,60
3724,49,94,4,1,54,0,40,60
3725,49,94,5,1,70,0,40,60
3726,49,94,6,1,74,0,40,60
3727,49,94,7,1,69,0,40,60
3728,49,94,8,1,74,0,40,60
3729,49,94,9,1,66,0,40,60
3730,49,95,0,1,56,1,40,52
3731,49,95,1,0,43,1,40,52
3732,49,95,2,0,46,1,40,52
3733,49,95,3,1,60,1,40,52
3734,49,95,4,1,62,0,40,52
3735,49,96,0,1,55,1,32,40
3736,49,96,1,1,54,1,32,40
3737,49,96,2,0,32,1,32,40
3738,49,96,3,1,36,1,32,40
3739,49,96,4,1,42,0,32,40
3740,49,96,5,1,51,0,32,40
3741,49,96,6,1,28,0,32,40
3742,49,96,7,1,44,0,32,40
3743,49,96,8,1,37,0,32,40
3744,49,96,9,1,51,0,32,40
3745,49,97,0,0,47,1,60,64
3746,49,97,1,1,73,1,60,64
3747,49,97,2,1,68,1,60,64
3748,49,97,3,1,60,1,60,64
3749,49,97,4,1,56,0,60,64
3750,49,97,5,1,53,0,60,64
3751,49,97,6,1,68,0,60,64
3752,49,97,7,1,71,0,60,64
3753,49,97,8,1,55,0,60,64
3754,49,97,9,1,64,0,60,64
3755,49,98,0,1,50,1,10,40
3756,49,98,1,0,1,1,10,40
3757,49,98,2,0,6,1,10,40
3758,49,98,3,0,1,1,10,40
3759,49,98,4,1,58,0,10,40
3760,49,99,0,0,60,1,60,40
3761,49,99,1,1,50,1,60,40
3762,49,99,2,1,45,1,60,40
3763,49,99,3,0,38,1,60,40
3764,49,99,4,0,58,0,60,40
3765,57,0,0,1,60,1,80,60
3766,57,0,1,0,78,1,80,60
3767,57,0,2,1,64,1,80,60
3768,57,0,3,0,70,1,80,60
3769,57,0,4,0,83,0,80,60
3770,57,0,5,1,62,0,80,60
3771,57,0,6,0,84,0,80,60
3772,57,0,7,1,54,0,80,60
3773,57,0,8,0,83,0,80,60
3774,57,0,9,1,60,0,80,60
3775,57,1,0,1,40,1,60,40
3776,57,1,1,0,66,1,60,40
3777,57,1,2,1,45,1,60,40
3778,57,1,3,1,41,1,60,40
3779,57,1,4,0,62,0,60,40
3780,57,1,5,1,44,0,60,40
3781,57,1,6,0,63,0,60,40
3782,57,1,7,1,50,0,60,40
3783,57,1,8,0,63,0,60,40
3784,57,1,9,1,36,0,60,40
3785,57,2,0,0,31,1,40,28
3786,57,2,1,1,25,1,40,28
3787,57,2,2,1,33,1,40,28
3788,57,2,3,0,27,1,40,28
3789,57,2,4,1,34,0,40,28
3790,57,2,5,0,51,0,40,28
3791,57,2,6,1,31,0,40,28
3792,57,2,7,0,33,0,40,28
3793,57,2,8,1,12,0,40,28
3794,57,2,9,0,42,0,40,28
3795,57,3,0,1,55,1,60,64
3796,57,3,1,1,64,1,60,64
3797,57,3,2,1,53,1,60,64
3798,57,3,3,0,69,1,60,64
3799,57,3,4,1,66,0,60,64
3800,57,3,5,1,54,0,60,64
3801,57,3,6,0,81,0,60,64
3802,57,3,7,0,68,0,60,64
3803,57,3,8,1,77,0,60,64
3804,57,3,9,0,63,0,60,64
3805,57,4,0,1,40,1,48,40
3806,57,4,1,0,51,1,48,40
3807,57,4,2,0,54,1,48,40
3808,57,4,3,1,41,1,48,40
3809,57,4,4,0,36,0,48,40
3810,57,5,0,1,45,1,80,60
3811,57,5,1,0,92,1,80,60
3812,57,5,2,0,74,1,80,60
3813,57,5,3,0,80,1,80,60
3814,57,5,4,1,65,0,80,60
3815,57,5,5,0,76,0,80,60
3816,57,5,6,0,85,0,80,60
3817,57,5,7,1,61,0,80,60
3818,57,5,8,0,76,0,80,60
3819,57,5,9,1,40,0,80,60
3820,57,6,0,0,54,1,60,48
3821,57,6,1,1,38,1,60,48
3822,57,6,2,0,61,1,60,48
3823,57,6,3,1,37,1,60,48
3824,57,6,4,0,55,0,60,48
3825,57,7,0,0,67,1,60,30
3826,57,7,1,1,16,1,60,30
3827,57,7,2,0,46,1,60,30
3828,57,7,3,0,52,1,60,30
3829,57,7,4,1,28,0,60,30
3830,57,8,0,0,83,1,80,60
3831,57,8,1,1,60,1,80,60
3832,57,8,2,1,65,1,80,60
3833,57,8,3,0,79,1,80,60
3834,57,8,4,1,68,0,80,60
3835,57,9,0,1,39,1,60,48
3836,57,9,1,0,49,1,60,48
3837,57,9,2,1,37,1,60,48
3838,57,9,3,0,71,1,60,48
3839,57,9,4,0,63,0,60,48
3840,57,10,0,1,62,1,90,60
3841,57,10,1,1,59,1,90,60
3842,57,10,2,0,88,1,90,60
3843,57,10,3,1,68,1,90,60
3844,57,10,4,0,97,0,90,60
3845,57,11,0,1,70,1,60,64
3846,57,11,1,0,58,1,60,64
3847,57,11,2,1,52,1,60,64
3848,57,11,3,1,67,1,60,64
3849,57,11,4,0,54,0,60,64
3850,57,12,0,0,15,1,20,40
3851,57,12,1,1,31,1,20,40
3852,57,12,2,0,21,1,20,40
3853,57,12,3,0,17,1,20,40
3854,57,12,4,1,39,0,20,40
3855,57,12,5,0,30,0,20,40
3856,57,12,6,1,53,0,20,40
3857,57,12,7,0,18,0,20,40
3858,57,12,8,1,32,0,20,40
3859,57,12,9,0,35,0,20,40
3860,57,13,0,1,49,1,32,40
3861,57,13,1,0,26,1,32,40
3862,57,13,2,1,30,1,32,40
3863,57,13,3,1,45,1,32,40
3864,57,13,4,0,51,0,32,40
3865,57,14,0,0,46,1,40,60
3866,57,14,1,1,72,1,40,60
3867,57,14,2,0,44,1,40,60
3868,57,14,3,1,60,1,40,60
3869,57,14,4,0,26,0,40,60
3870,57,15,0,0,60,1,48,40
3871,57,15,1,1,39,1,48,40
3872,57,15,2,1,28,1,48,40
3873,57,15,3,1,46,1,48,40
3874,57,15,4,0,44,0,48,40
3875,57,15,5,1,47,0,48,40
3876,57,15,6,0,49,0,48,40
3877,57,15,7,1,40,0,48,40
3878,57,15,8,0,49,0,48,40
3879,57,15,9,1,44,0,48,40
3880,57,16,0,1,82,1,60,72
3881,57,16,1,0,79,1,60,72
3882,57,16,2,0,55,1,60,72
3883,57,16,3,0,54,1,60,72
3884,57,16,4,1,64,0,60,72
3885,57,16,5,1,78,0,60,72
3886,57,16,6,0,63,0,60,72
3887,57,16,7,1,69,0,60,72
3888,57,16,8,0,60,0,60,72
3889,57,16,9,1,86,0,60,72
3890,57,17,0,1,68,1,60,64
3891,57,17,1,0,68,1,60,64
3892,57,17,2,0,73,1,60,64
3893,57,17,3,0,63,1,60,64
3894,57,17,4,1,48,0,60,64
3895,57,18,0,1,53,1,60,40
3896,57,18,1,1,35,1,60,40
3897,57,18,2,1,34,1,60,40
3898,57,18,3,0,49,1,60,40
3899,57,18,4,1,31,0,60,40
3900,57,19,0,0,57,1,70,40
3901,57,19,1,1,46,1,70,40
3902,57,19,2,1,41,1,70,40
3903,57,19,3,0,67,1,70,40
3904,57,19,4,1,31,0,70,40
3905,57,19,5,0,69,0,70,40
3906,57,19,6,1,53,0,70,40
3907,57,19,7,0,64,0,70,40
3908,57,19,8,1,37,0,70,40
3909,57,19,9,0,77,0,70,40
3910,57,20,0,1,61,1,40,60
3911,57,20,1,1,54,1,40,60
3912,57,20,2,0,35,1,40,60
3913,57,20,3,0,32,1,40,60
3914,57,20,4,1,52,0,40,60
3915,57,20,5,1,64,0,40,60
3916,57,20,6,0,50,0,40,60
3917,57,20,7,1,59,0,40,60
3918,57,20,8,1,61,0,40,60
3919,57,20,9,0,62,0,40,60
3920,57,21,0,1,62,1,72,60
3921,57,21,1,1,59,1,72,60
3922,57,21,2,1,56,1,72,60
3923,57,21,3,0,63,1,72,60
3924,57,21,4,1,59,0,72,60
3925,57,21,5,1,56,0,72,60
3926,57,21,6,0,62,0,72,60
3927,57,21,7,1,62,0,72,60
3928,57,21,8,0,65,0,72,60
3929,57,21,9,1,70,0,72,60
3930,57,22,0,1,62,1,60,64
3931,57,22,1,0,55,1,60,64
3932,57,22,2,1,66,1,60,64
3933,57,22,3,1,68,1,60,64
3934,57,22,4,0,60,0,60,64
3935,57,23,0,1,45,1,60,40
3936,57,23,1,1,40,1,60,40
3937,57,23,2,0,53,1,60,40
3938,57,23,3,0,45,1,60,40
3939,57,23,4,1,33,0,60,40
3940,57,24,0,1,47,1,80,60
3941,57,24,1,1,72,1,80,60
3942,57,24,2,0,78,1,80,60
3943,57,24,3,1,66,1,80,60
3944,57,24,4,0,83,0,80,60
3945,57,24,5,1,57,0,80,60
3946,57,24,6,0,77,0,80,60
3947,57,24,7,1,50,0,80,60
3948,57,24,8,0,77,0,80,60
3949,57,24,9,1,69,0,80,60
3950,57,25,0,0,37,1,28,40
3951,57,25,1,0,20,1,28,40
3952,57,25,2,1,45,1,28,40
3953,57,25,3,0,37,1,28,40
3954,57,25,4,1,46,0,28,40
3955,57,25,5,1,37,0,28,40
3956,57,25,6,1,41,0,28,40
3957,57,25,7,0,38,0,28,40
3958,57,25,8,1,20,0,28,40
3959,57,25,9,0,26,0,28,40
3960,57,26,0,0,18,1,20,40
3961,57,26,1,1,50,1,20,40
3962,57,26,2,0,22,1,20,40
3963,57,26,3,0,16,1,20,40
3964,57,26,4,1,45,0,20,40
3965,57,27,0,1,45,1,60,40
3966,57,27,1,0,74,1,60,40
3967,57,27,2,1,49,1,60,40
3968,57,27,3,1,44,1,60,40
3969,57,27,4,0,47,0,60,40
3970,57,27,5,0,61,0,60,40
3971,57,27,6,1,40,0,60,40
3972,57,27,7,0,55,0,60,40
3973,57,27,8,0,60,0,60,40
3974,57,27,9,1,41,0,60,40
3975,57,28,0,0,47,1,40,52
3976,57,28,1,1,55,1,40,52
3977,57,28,2,0,42,1,40,52
3978,57,28,3,0,37,1,40,52
3979,57,28,4,1,63,0,40,52
3980,57,29,0,0,87,1,70,40
3981,57,29,1,1,33,1,70,40
3982,57,29,2,1,42,1,70,40
3983,57,29,3,0,66,1,70,40
3984,57,29,4,1,44,0,70,40
3985,57,29,5,0,72,0,70,40
3986,57,29,6,0,66,0,70,40
3987,57,29,7,0,61,0,70,40
3988,57,29,8,1,36,0,70,40
3989,57,29,9,0,78,0,70,40
3990,57,30,0,0,32,1,48,40
3991,57,30,1,0,41,1,48,40
3992,57,30,2,1,45,1,48,40
3993,57,30,3,1,37,1,48,40
3994,57,30,4,1,42,0,48,40
3995,57,31,0,0,37,1,40,32
3996,57,31,1,0,43,1,40,32
3997,57,31,2,1,26,1,40,32
3998,57,31,3,1,37,1,40,32
3999,57,31,4,0,41,0,40,32
4000,57,31,5,1,29,0,40,32
4001,57,31,6,0,37,0,40,32
4002,57,31,7,1,43,0,40,32
4003,57,31,8,0,38,0,40,32
4004,57,31,9,1,35,0,40,32
4005,57,32,0,0,58,1,60,40
4006,57,32,1,1,35,1,60,40
4007,57,32,2,1,41,1,60,40
4008,57,32,3,0,61,1,60,40
4009,57,32,4,0,65,0,60,40
4010,57,33,0,1,34,1,40,44
4011,57,33,1,1,43,1,40,44
4012,57,33,2,0,39,1,40,44
4013,57,33,3,0,50,1,40,44
4014,57,33,4,1,28,0,40,44
4015,57,34,0,0,69,1,60,68
4016,57,34,1,0,56,1,60,68
4017,57,34,2,1,66,1,60,68
4018,57,34,3,1,74,1,60,68
4019,57,34,4,1,75,0,60,68
4020,57,34,5,0,53,0,60,68
4021,57,34,6,1,70,0,60,68
4022,57,34,7,0,59,0,60,68
4023,57,34,8,1,58,0,60,68
4024,57,34,9,1,66,0,60,68
4025,57,35,0,0,48,1,40,70
4026,57,35,1,0,38,1,40,70
4027,57,35,2,1,81,1,40,70
4028,57,35,3,0,57,1,40,70
4029,57,35,4,1,67,0,40,70
4030,57,36,0,0,44,1,40,60
4031,57,36,1,1,44,1,40,60
4032,57,36,2,0,38,1,40,60
4033,57,36,3,1,42,1,40,60
4034,57,36,4,0,53,0,40,60
4035,57,37,0,0,55,1,60,30
4036,57,37,1,1,31,1,60,30
4037,57,37,2,1,11,1,60,30
4038,57,37,3,1,36,1,60,30
4039,57,37,4,0,53,0,60,30
4040,57,37,5,1,25,0,60,30
4041,57,37,6,0,59,0,60,30
4042,57,37,7,1,33,0,60,30
4043,57,37,8,0,61,0,60,30
4044,57,37,9,0,73,0,60,30
4045,57,38,0,0,38,1,40,28
4046,57,38,1,1,27,1,40,28
4047,57,38,2,0,43,1,40,28
4048,57,38,3,0,43,1,40,28
4049,57,38,4,1,39,0,40,28
4050,57,39,0,0,55,1,60,68
4051,57,39,1,1,60,1,60,68
4052,57,39,2,1,59,1,60,68
4053,57,39,3,1,73,1,60,68
4054,57,39,4,0,72,0,60,68
4055,57,40,0,1,62,1,60,72
4056,57,40,1,0,42,1,60,72
4057,57,40,2,0,75,1,60,72
4058,57,40,3,0,63,1,60,72
4059,57,40,4,1,73,0,60,72
4060,57,40,5,0,66,0,60,72
4061,57,40,6,1,77,0,60,72
4062,57,40,7,0,59,0,60,72
4063,57,40,8,1,68,0,60,72
4064,57,40,9,1,65,0,60,72
4065,57,41,0,1,47,1,72,60
4066,57,41,1,1,49,1,72,60
4067,57,41,2,0,78,1,72,60
4068,57,41,3,0,72,1,72,60
4069,57,41,4,1,64,0,72,60
4070,57,42,0,1,64,1,52,60
4071,57,42,1,1,55,1,52,60
4072,57,42,2,0,56,1,52,60
4073,57,42,3,1,64,1,52,60
4074,57,42,4,0,56,0,52,60
4075,57,42,5,0,41,0,52,60
4076,57,42,6,1,57,0,52,60
4077,57,42,7,0,49,0,52,60
4078,57,42,8,1,62,0,52,60
4079,57,42,9,1,60,0,52,60
4080,57,43,0,1,43,1,60,48
4081,57,43,1,0,73,1,60,48
4082,57,43,2,1,45,1,60,48
4083,57,43,3,0,66,1,60,48
4084,57,43,4,0,56,0,60,48
4085,57,44,0,1,50,1,60,56
4086,57,44,1,1,53,1,60,56
4087,57,44,2,0,53,1,60,56
4088,57,44,3,0,57,1,60,56
4089,57,44,4,1,67,0,60,56
4090,57,44,5,1,46,0,60,56
4091,57,44,6,0,50,0,60,56
4092,57,44,7,1,63,0,60,56
4093,57,44,8,1,55,0,60,56
4094,57,44,9,0,48,0,60,56
4095,57,45,0,1,7,1,40,10
4096,57,45,1,0,43,1,40,10
4097,57,45,2,0,41,1,40,10
4098,57,45,3,0,29,1,40,10
4099,57,45,4,1,9,0,40,10
4100,57,45,5,0,41,0,40,10
4101,57,45,6,0,31,0,40,10
4102,57,45,7,1,23,0,40,10
4103,57,45,8,0,36,0,40,10
4104,57,45,9,1,13,0,40,10
4105,57,46,0,0,65,1,60,72
4106,57,46,1,0,53,1,60,72
4107,57,46,2,1,61,1,60,72
4108,57,46,3,1,73,1,60,72
4109,57,46,4,0,46,0,60,72
4110,57,47,0,1,51,1,72,60
4111,57,47,1,1,60,1,72,60
4112,57,47,2,0,56,1,72,60
4113,57,47,3,0,72,1,72,60
4114,57,47,4,0,81,0,72,60
4115,57,47,5,1,35,0,72,60
4116,57,47,6,0,71,0,72,60
4117,57,47,7,1,49,0,72,60
4118,57,47,8,0,80,0,72,60
4119,57,47,9,0,73,0,72,60
4120,57,48,0,0,67,1,60,90
4121,57,48,1,1,90,1,60,90
4122,57,48,2,0,51,1,60,90
4123,57,48,3,1,87,1,60,90
4124,57,48,4,1,95,0,60,90
4125,57,49,0,1,27,1,40,28
4126,57,49,1,1,20,1,40,28
4127,57,49,2,1,28,1,40,28
4128,57,49,3,0,29,1,40,28
4129,57,49,4,1,23,0,40,28
4130,57,49,5,0,17,0,40,28
4131,57,49,6,1,28,0,40,28
4132,57,49,7,0,25,0,40,28
4133,57,49,8,1,15,0,40,28
4134,57,49,9,0,36,0,40,28
4135,57,50,0,1,58,1,60,48
4136,57,50,1,0,59,1,60,48
4137,57,50,2,1,45,1,60,48
4138,57,50,3,0,65,1,60,48
4139,57,50,4,0,44,0,60,48
4140,57,50,5,1,55,0,60,48
4141,57,50,6,0,65,0,60,48
4142,57,50,7,1,49,0,60,48
4143,57,50,8,0,66,0,60,48
4144,57,50,9,0,67,0,60,48
4145,57,51,0,0,24,1,20,40
4146,57,51,1,1,36,1,20,40
4147,57,51,2,0,9,1,20,40
4148,57,51,3,0,18,1,20,40
4149,57,51,4,1,45,0,20,40
4150,57,52,0,1,68,1,40,60
4151,57,52,1,1,54,1,40,60
4152,57,52,2,0,50,1,40,60
4153,57,52,3,0,33,1,40,60
4154,57,52,4,1,51,0,40,60
4155,57,52,5,1,46,0,40,60
4156,57,52,6,0,47,0,40,60
4157,57,52,7,1,75,0,40,60
4158,57,52,8,0,49,0,40,60
4159,57,52,9,1,58,0,40,60
4160,57,53,0,1,69,1,90,60
4161,57,53,1,1,69,1,90,60
4162,57,53,2,0,93,1,90,60
4163,57,53,3,1,58,1,90,60
4164,57,53,4,0,91,0,90,60
4165,57,54,0,0,68,1,60,90
4166,57,54,1,0,66,1,60,90
4167,57,54,2,1,90,1,60,90
4168,57,54,3,0,58,1,60,90
4169,57,54,4,1,83,0,60,90
4170,57,54,5,0,57,0,60,90
4171,57,54,6,1,76,0,60,90
4172,57,54,7,1,95,0,60,90
4173,57,54,8,0,54,0,60,90
4174,57,54,9,1,96,0,60,90
4175,57,55,0,1,1,1,40,10
4176,57,55,1,0,34,1,40,10
4177,57,55,2,1,26,1,40,10
4178,57,55,3,1,5,1,40,10
4179,57,55,4,0,34,0,40,10
4180,57,56,0,0,50,1,40,10
4181,57,56,1,1,8,1,40,10
4182,57,56,2,0,37,1,40,10
4183,57,56,3,1,6,1,40,10
4184,57,56,4,0,42,0,40,10
4185,57,57,0,1,32,1,40,36
4186,57,57,1,0,42,1,40,36
4187,57,57,2,1,44,1,40,36
4188,57,57,3,1,36,1,40,36
4189,57,57,4,0,42,0,40,36
4190,57,57,5,0,36,0,40,36
4191,57,57,6,1,25,0,40,36
4192,57,57,7,0,32,0,40,36
4193,57,57,8,0,44,0,40,36
4194,57,57,9,1,34,0,40,36
4195,57,58,0,1,57,1,60,56
4196,57,58,1,0,59,1,60,56
4197,57,58,2,1,68,1,60,56
4198,57,58,3,0,55,1,60,56
4199,57,58,4,1,49,0,60,56
4200,57,58,5,0,62,0,60,56
4201,57,58,6,1,55,0,60,56
4202,57,58,7,0,64,0,60,56
4203,57,58,8,1,46,0,60,56
4204,57,58,9,0,65,0,60,56
4205,57,59,0,0,77,1,60,30
4206,57,59,1,1,35,1,60,30
4207,57,59,2,1,33,1,60,30
4208,57,59,3,1,29,1,60,30
4209,57,59,4,0,74,0,60,30
4210,57,59,5,0,55,0,60,30
4211,57,59,6,1,41,0,60,30
4212,57,59,7,0,52,0,60,30
4213,57,59,8,0,53,0,60,30
4214,57,59,9,1,44,0,60,30
4215,57,60,0,1,52,1,60,72
4216,57,60,1,0,70,1,60,72
4217,57,60,2,1,82,1,60,72
4218,57,60,3,1,62,1,60,72
4219,57,60,4,0,62,0,60,72
4220,57,61,0,1,21,1,40,10
4221,57,61,1,0,41,1,40,10
4222,57,61,2,1,12,1,40,10
4223,57,61,3,1,7,1,40,10
4224,57,61,4,0,50,0,40,10
4225,57,62,0,1,59,1,64,60
4226,57,62,1,0,55,1,64,60
4227,57,62,2,0,58,1,64,60
4228,57,62,3,0,64,1,64,60
4229,57,62,4,1,54,0,64,60
4230,57,62,5,1,56,0,64,60
4231,57,62,6,1,61,0,64,60
4232,57,62,7,0,61,0,64,60
4233,57,62,8,0,56,0,64,60
4234,57,62,9,1,76,0,64,60
4235,57,63,0,1,62,1,80,60
4236,57,63,1,0,73,1,80,60
4237,57,63,2,0,92,1,80,60
4238,57,63,3,0,80,1,80,60
4239,57,63,4,1,72,0,80,60
4240,57,63,5,1,69,0,80,60
4241,57,63,6,0,89,0,80,60
4242,57,63,7,0,84,0,80,60
4243,57,63,8,1,56,0,80,60
4244,57,63,9,0,79,0,80,60
4245,57,64,0,1,50,1,60,48
4246,57,64,1,0,49,1,60,48
4247,57,64,2,1,49,1,60,48
4248,57,64,3,0,60,1,60,48
4249,57,64,4,1,55,0,60,48
4250,57,64,5,0,61,0,60,48
4251,57,64,6,0,68,0,60,48
4252,57,64,7,1,47,0,60,48
4253,57,64,8,0,71,0,60,48
4254,57,64,9,0,70,0,60,48
4255,57,65,0,1,74,1,72,60
4256,57,65,1,1,60,1,72,60
4257,57,65,2,0,79,1,72,60
4258,57,65,3,0,71,1,72,60
4259,57,65,4,1,58,0,72,60
4260,57,65,5,1,68,0,72,60
4261,57,65,6,0,81,0,72,60
4262,57,65,7,0,72,0,72,60
4263,57,65,8,1,64,0,72,60
4264,57,65,9,0,69,0,72,60
4265,57,66,0,1,81,1,40,70
4266,57,66,1,0,44,1,40,70
4267,57,66,2,1,58,1,40,70
4268,57,66,3,0,29,1,40,70
4269,57,66,4,1,75,0,40,70
4270,57,66,5,0,49,0,40,70
4271,57,66,6,1,83,0,40,70
4272,57,66,7,0,32,0,40,70
4273,57,66,8,1,69,0,40,70
4274,57,66,9,1,71,0,40,70
4275,57,67,0,0,23,1,32,40
4276,57,67,1,0,46,1,32,40
4277,57,67,2,0,17,1,32,40
4278,57,67,3,1,62,1,32,40
4279,57,67,4,0,37,0,32,40
4280,57,68,0,1,35,1,40,32
4281,57,68,1,0,33,1,40,32
4282,57,68,2,0,35,1,40,32
4283,57,68,3,0,31,1,40,32
4284,57,68,4,1,26,0,40,32
4285,57,68,5,1,44,0,40,32
4286,57,68,6,0,49,0,40,32
4287,57,68,7,1,38,0,40,32
4288,57,68,8,0,44,0,40,32
4289,57,68,9,1,27,0,40,32
4290,57,69,0,0,41,1,40,10
4291,57,69,1,1,2,1,40,10
4292,57,69,2,0,36,1,40,10
4293,57,69,3,1,14,1,40,10
4294,57,69,4,0,41,0,40,10
4295,57,70,0,0,78,1,80,60
4296,57,70,1,1,51,1,80,60
4297,57,70,2,1,60,1,80,60
4298,57,70,3,0,65,1,80,60
4299,57,70,4,1,59,0,80,60
4300,57,71,0,1,34,1,48,40
4301,57,71,1,0,47,1,48,40
4302,57,71,2,0,46,1,48,40
4303,57,71,3,1,36,1,48,40
4304,57,71,4,0,57,0,48,40
4305,57,72,0,0,48,1,40,44
4306,57,72,1,0,30,1,40,44
4307,57,72,2,1,43,1,40,44
4308,57,72,3,1,36,1,40,44
4309,57,72,4,1,41,0,40,44
4310,57,73,0,0,53,1,56,60
4311,57,73,1,0,63,1,56,60
4312,57,73,2,1,72,1,56,60
4313,57,73,3,0,53,1,56,60
4314,57,73,4,1,53,0,56,60
4315,57,73,5,1,62,0,56,60
4316,57,73,6,0,56,0,56,60
4317,57,73,7,1,56,0,56,60
4318,57,73,8,0,51,0,56,60
4319,57,73,9,1,70,0,56,60
4320,57,74,0,0,56,1,60,30
4321,57,74,1,1,28,1,60,30
4322,57,74,2,0,64,1,60,30
4323,57,74,3,0,74,1,60,30
4324,57,74,4,0,56,0,60,30
4325,57,75,0,0,57,1,52,60
4326,57,75,1,1,66,1,52,60
4327,57,75,2,0,45,1,52,60
4328,57,75,3,1,67,1,52,60
4329,57,75,4,0,41,0,52,60
4330,57,75,5,1,57,0,52,60
4331,57,75,6,0,50,0,52,60
4332,57,75,7,1,49,0,52,60
4333,57,75,8,0,76,0,52,60
4334,57,75,9,1,71,0,52,60
4335,57,76,0,1,32,1,40,20
4336,57,76,1,1,19,1,40,20
4337,57,76,2,0,38,1,40,20
4338,57,76,3,0,24,1,40,20
4339,57,76,4,1,35,0,40,20
4340,57,76,5,1,7,0,40,20
4341,57,76,6,0,28,0,40,20
4342,57,76,7,1,28,0,40,20
4343,57,76,8,0,45,0,40,20
4344,57,76,9,0,37,0,40,20
4345,57,77,0,1,53,1,40,60
4346,57,77,1,0,52,1,40,60
4347,57,77,2,1,60,1,40,60
4348,57,77,3,0,40,1,40,60
4349,57,77,4,1,62,0,40,60
4350,57,77,5,1,69,0,40,60
4351,57,77,6,0,42,0,40,60
4352,57,77,7,1,57,0,40,60
4353,57,77,8,1,53,0,40,60
4354,57,77,9,0,31,0,40,60
4355,57,78,0,1,33,1,32,40
4356,57,78,1,0,24,1,32,40
4357,57,78,2,1,29,1,32,40
4358,57,78,3,1,38,1,32,40
4359,57,78,4,1,45,0,32,40
4360,57,79,0,0,31,1,32,40
4361,57,79,1,1,56,1,32,40
4362,57,79,2,0,36,1,32,40
4363,57,79,3,1,32,1,32,40
4364,57,79,4,1,31,0,32,40
4365,57,80,0,0,60,1,60,68
4366,57,80,1,1,67,1,60,68
4367,57,80,2,1,58,1,60,68
4368,57,80,3,1,60,1,60,68
4369,57,80,4,1,65,0,60,68
4370,57,81,0,0,59,1,60,48
4371,57,81,1,1,33,1,60,48
4372,57,81,2,0,45,1,60,48
4373,57,81,3,1,58,1,60,48
4374,57,81,4,0,74,0,60,48
4375,57,82,0,1,81,1,40,70
4376,57,82,1,0,33,1,40,70
4377,57,82,2,1,67,1,40,70
4378,57,82,3,0,29,1,40,70
4379,57,82,4,1,53,0,40,70
4380,57,82,5,1,55,0,40,70
4381,57,82,6,0,42,0,40,70
4382,57,82,7,1,70,0,40,70
4383,57,82,8,1,73,0,40,70
4384,57,82,9,1,73,0,40,70
4385,57,83,0,0,50,1,60,40
4386,57,83,1,1,29,1,60,40
4387,57,83,2,1,37,1,60,40
4388,57,83,3,0,64,1,60,40
4389,57,83,4,0,69,0,60,40
4390,57,84,0,1,24,1,40,28
4391,57,84,1,1,32,1,40,28
4392,57,84,2,1,26,1,40,28
4393,57,84,3,0,34,1,40,28
4394,57,84,4,1,15,0,40,28
4395,57,84,5,1,19,0,40,28
4396,57,84,6,0,50,0,40,28
4397,57,84,7,1,14,0,40,28
4398,57,84,8,0,46,0,40,28
4399,57,84,9,0,29,0,40,28
4400,57,85,0,1,47,1,52,60
4401,57,85,1,1,58,1,52,60
4402,57,85,2,0,51,1,52,60
4403,57,85,3,1,67,1,52,60
4404,57,85,4,0,50,0,52,60
4405,57,85,5,1,53,0,52,60
4406,57,85,6,1,58,0,52,60
4407,57,85,7,0,69,0,52,60
4408,57,85,8,1,56,0,52,60
4409,57,85,9,0,54,0,52,60
4410,57,86,0,1,73,1,60,72
4411,57,86,1,0,55,1,60,72
4412,57,86,2,1,69,1,60,72
4413,57,86,3,1,65,1,60,72
4414,57,86,4,1,73,0,60,72
4415,57,87,0,0,67,1,60,40
4416,57,87,1,1,42,1,60,40
4417,57,87,2,1,37,1,60,40
4418,57,87,3,1,42,1,60,40
4419,57,87,4,0,56,0,60,40
4420,57,88,0,1,84,1,60,72
4421,57,88,1,0,76,1,60,72
4422,57,88,2,1,77,1,60,72
4423,57,88,3,0,50,1,60,72
4424,57,88,4,1,86,0,60,72
4425,57,88,5,0,59,0,60,72
4426,57,88,6,1,61,0,60,72
4427,57,88,7,0,45,0,60,72
4428,57,88,8,1,69,0,60,72
4429,57,88,9,1,71,0,60,72
4430,57,89,0,1,67,1,64,60
4431,57,89,1,1,63,1,64,60
4432,57,89,2,0,64,1,64,60
4433,57,89,3,0,67,1,64,60
4434,57,89,4,1,61,0,64,60
4435,57,89,5,1,65,0,64,60
4436,57,89,6,0,85,0,64,60
4437,57,89,7,0,72,0,64,60
4438,57,89,8,1,64,0,64,60
4439,57,89,9,0,70,0,64,60
4440,57,90,0,0,46,1,60,90
4441,57,90,1,0,65,1,60,90
4442,57,90,2,1,86,1,60,90
4443,57,90,3,0,50,1,60,90
4444,57,90,4,1,98,0,60,90
4445,57,90,5,0,55,0,60,90
4446,57,90,6,1,89,0,60,90
4447,57,90,7,0,51,0,60,90
4448,57,90,8,1,100,0,60,90
4449,57,90,9,1,91,0,60,90
4450,57,91,0,0,40,1,28,40
4451,57,91,1,0,22,1,28,40
4452,57,91,2,1,50,1,28,40
4453,57,91,3,0,22,1,28,40
4454,57,91,4,1,45,0,28,40
4455,57,91,5,1,46,0,28,40
4456,57,91,6,0,18,0,28,40
4457,57,91,7,1,42,0,28,40
4458,57,91,8,1,34,0,28,40
4459,57,91,9,0,21,0,28,40
4460,57,92,0,1,39,1,36,40
4461,57,92,1,0,32,1,36,40
4462,57,92,2,0,42,1,36,40
4463,57,92,3,1,32,1,36,40
4464,57,92,4,1,24,0,36,40
4465,57,93,0,0,56,1,56,60
4466,57,93,1,0,49,1,56,60
4467,57,93,2,1,53,1,56,60
4468,57,93,3,0,52,1,56,60
4469,57,93,4,1,59,0,56,60
4470,57,93,5,1,59,0,56,60
4471,57,93,6,0,56,0,56,60
4472,57,93,7,1,59,0,56,60
4473,57,93,8,0,60,0,56,60
4474,57,93,9,1,64,0,56,60
4475,57,94,0,1,82,1,60,72
4476,57,94,1,0,50,1,60,72
4477,57,94,2,1,68,1,60,72
4478,57,94,3,0,55,1,60,72
4479,57,94,4,1,66,0,60,72
4480,57,94,5,0,63,0,60,72
4481,57,94,6,1,66,0,60,72
4482,57,94,7,0,65,0,60,72
4483,57,94,8,1,71,0,60,72
4484,57,94,9,1,75,0,60,72
4485,57,95,0,0,68,1,56,60
4486,57,95,1,0,59,1,56,60
4487,57,95,2,0,43,1,56,60
4488,57,95,3,1,50,1,56,60
4489,57,95,4,0,54,0,56,60
4490,57,96,0,0,39,1,60,68
4491,57,96,1,0,80,1,60,68
4492,57,96,2,1,63,1,60,68
4493,57,96,3,0,54,1,60,68
4494,57,96,4,1,76,0,60,68
4495,57,96,5,1,57,0,60,68
4496,57,96,6,0,44,0,60,68
4497,57,96,7,1,67,0,60,68
4498,57,96,8,1,74,0,60,68
4499,57,96,9,1,57,0,60,68
4500,57,97,0,0,54,1,44,40
4501,57,97,1,1,40,1,44,40
4502,57,97,2,0,39,1,44,40
4503,57,97,3,1,35,1,44,40
4504,57,97,4,0,40,0,44,40
4505,57,97,5,1,38,0,44,40
4506,57,97,6,0,46,0,44,40
4507,57,97,7,1,44,0,44,40
4508,57,97,8,0,41,0,44,40
4509,57,97,9,1,44,0,44,40
4510,57,98,0,1,53,1,40,60
4511,57,98,1,0,42,1,40,60
4512,57,98,2,1,67,1,40,60
4513,57,98,3,0,36,1,40,60
4514,57,98,4,1,52,0,40,60
4515,57,98,5,0,34,0,40,60
4516,57,98,6,1,69,0,40,60
4517,57,98,7,1,54,0,40,60
4518,57,98,8,0,36,0,40,60
4519,57,98,9,1,61,0,40,60
4520,57,99,0,0,54,1,56,60
4521,57,99,1,1,73,1,56,60
4522,57,99,2,0,59,1,56,60
4523,57,99,3,1,37,1,56,60
4524,57,99,4,1,49,0,56,60
4525,64,0,0,0,50,1,40,36
4526,64,0,1,1,39,1,40,36
4527,64,0,2,1,19,1,40,36
4528,64,0,3,1,26,1,40,36
4529,64,0,4,0,29,0,40,36
4530,64,0,5,0,47,0,40,36
4531,64,0,6,0,25,0,40,36
4532,64,0,7,0,51,0,40,36
4533,64,0,8,0,57,0,40,36
4534,64,0,9,0,23,0,40,36
4535,64,1,0,0,47,1,60,48
4536,64,1,1,1,56,1,60,48
4537,64,1,2,0,51,1,60,48
4538,64,1,3,1,53,1,60,48
4539,64,1,4,1,50,0,60,48
4540,64,1,5,1,47,0,60,48
4541,64,1,6,1,46,0,60,48
4542,64,1,7,1,34,0,60,48
4543,64,1,8,0,50,0,60,48
4544,64,1,9,0,63,0,60,48
4545,64,2,0,1,25,1,40,36
4546,64,2,1,0,54,1,40,36
4547,64,2,2,0,33,1,40,36
4548,64,2,3,1,32,1,40,36
4549,64,2,4,0,42,0,40,36
4550,64,2,5,0,25,0,40,36
4551,64,2,6,1,29,0,40,36
4552,64,2,7,0,35,0,40,36
4553,64,2,8,0,42,0,40,36
4554,64,2,9,0,31,0,40,36
4555,64,3,0,1,49,1,40,48
4556,64,3,1,0,25,1,40,48
4557,64,3,2,0,55,1,40,48
4558,64,3,3,1,41,1,40,48
4559,64,3,4,0,51,0,40,48
4560,64,4,0,1,18,1,40,10
4561,64,4,1,0,41,1,40,10
4562,64,4,2,1,21,1,40,10
4563,64,4,3,0,59,1,40,10
4564,64,4,4,0,40,0,40,10
4565,64,5,0,1,58,1,60,56
4566,64,5,1,0,58,1,60,56
4567,64,5,2,1,65,1,60,56
4568,64,5,3,0,53,1,60,56
4569,64,5,4,1,62,0,60,56
4570,64,6,0,1,43,1,40,48
4571,64,6,1,1,51,1,40,48
4572,64,6,2,0,20,1,40,48
4573,64,6,3,1,55,1,40,48
4574,64,6,4,1,50,0,40,48
4575,64,6,5,1,50,0,40,48
4576,64,6,6,1,41,0,40,48
4577,64,6,7,1,51,0,40,48
4578,64,6,8,1,43,0,40,48
4579,64,6,9,1,28,0,40,48
4580,64,7,0,0,57,1,56,60
4581,64,7,1,0,38,1,56,60
4582,64,7,2,0,58,1,56,60
4583,64,7,3,1,64,1,56,60
4584,64,7,4,1,51,0,56,60
4585,64,8,0,1,70,1,48,60
4586,64,8,1,0,38,1,48,60
4587,64,8,2,1,67,1,48,60
4588,64,8,3,1,55,1,48,60
4589,64,8,4,1,65,0,48,60
4590,64,8,5,1,62,0,48,60
4591,64,8,6,1,62,0,48,60
4592,64,8,7,1,72,0,48,60
4593,64,8,8,1,51,0,48,60
4594,64,8,9,1,60,0,48,60
4595,64,9,0,1,63,1,80,60
4596,64,9,1,1,64,1,80,60
4597,64,9,2,0,79,1,80,60
4598,64,9,3,1,67,1,80,60
4599,64,9,4,0,68,0,80,60
4600,64,10,0,1,57,1,40,60
4601,64,10,1,0,41,1,40,60
4602,64,10,2,0,48,1,40,60
4603,64,10,3,0,42,1,40,60
4604,64,10,4,1,60,0,40,60
4605,64,11,0,1,75,1,40,70
4606,64,11,1,0,34,1,40,70
4607,64,11,2,1,76,1,40,70
4608,64,11,3,0,37,1,40,70
4609,64,11,4,1,70,0,40,70
4610,64,11,5,1,75,0,40,70
4611,64,11,6,1,61,0,40,70
4612,64,11,7,1,79,0,40,70
4613,64,11,8,1,79,0,40,70
4614,64,11,9,1,71,0,40,70
4615,64,12,0,0,29,1,40,32
4616,64,12,1,1,30,1,40,32
4617,64,12,2,0,37,1,40,32
4618,64,12,3,0,36,1,40,32
4619,64,12,4,1,39,0,40,32
4620,64,13,0,1,22,1,40,36
4621,64,13,1,0,39,1,40,36
4622,64,13,2,0,43,1,40,36
4623,64,13,3,0,38,1,40,36
4624,64,13,4,0,38,0,40,36
4625,64,13,5,0,43,0,40,36
4626,64,13,6,0,59,0,40,36
4627,64,13,7,0,45,0,40,36
4628,64,13,8,0,41,0,40,36
4629,64,13,9,0,37,0,40,36
4630,64,14,0,0,78,1,72,60
4631,64,14,1,1,71,1,72,60
4632,64,14,2,0,68,1,72,60
4633,64,14,3,1,63,1,72,60
4634,64,14,4,0,62,0,72,60
4635,64,14,5,0,61,0,72,60
4636,64,14,6,0,82,0,72,60
4637,64,14,7,0,72,0,72,60
4638,64,14,8,0,79,0,72,60
4639,64,14,9,0,62,0,72,60
4640,64,15,0,1,72,1,40,60
4641,64,15,1,1,58,1,40,60
4642,64,15,2,0,44,1,40,60
4643,64,15,3,0,31,1,40,60
4644,64,15,4,1,61,0,40,60
4645,64,15,5,1,47,0,40,60
4646,64,15,6,1,53,0,40,60
4647,64,15,7,1,76,0,40,60
4648,64,15,8,1,64,0,40,60
4649,64,15,9,1,64,0,40,60
4650,64,16,0,0,56,1,40,70
4651,64,16,1,1,70,1,40,70
4652,64,16,2,1,75,1,40,70
4653,64,16,3,1,66,1,40,70
4654,64,16,4,1,72,0,40,70
4655,64,17,0,1,62,1,40,60
4656,64,17,1,1,67,1,40,60
4657,64,17,2,0,30,1,40,60
4658,64,17,3,0,43,1,40,60
4659,64,17,4,1,57,0,40,60
4660,64,17,5,1,67,0,40,60
4661,64,17,6,1,57,0,40,60
4662,64,17,7,1,51,0,40,60
4663,64,17,8,1,50,0,40,60
4664,64,17,9,1,70,0,40,60
4665,64,18,0,1,42,1,70,40
4666,64,18,1,0,69,1,70,40
4667,64,18,2,0,80,1,70,40
4668,64,18,3,0,55,1,70,40
4669,64,18,4,0,78,0,70,40
4670,64,18,5,0,52,0,70,40
4671,64,18,6,0,63,0,70,40
4672,64,18,7,0,73,0,70,40
4673,64,18,8,0,75,0,70,40
4674,64,18,9,0,87,0,70,40
4675,64,19,0,0,61,1,60,56
4676,64,19,1,1,47,1,60,56
4677,64,19,2,1,48,1,60,56
4678,64,19,3,1,52,1,60,56
4679,64,19,4,0,65,0,60,56
4680,64,20,0,0,18,1,20,40
4681,64,20,1,1,30,1,20,40
4682,64,20,2,0,14,1,20,40
4683,64,20,3,1,54,1,20,40
4684,64,20,4,1,43,0,20,40
4685,64,21,0,0,82,1,80,60
4686,64,21,1,0,77,1,80,60
4687,64,21,2,0,90,1,80,60
4688,64,21,3,1,58,1,80,60
4689,64,21,4,0,87,0,80,60
4690,64,22,0,0,37,1,48,40
4691,64,22,1,1,27,1,48,40
4692,64,22,2,0,48,1,48,40
4693,64,22,3,0,47,1,48,40
4694,64,22,4,0,50,0,48,40
4695,64,22,5,0,33,0,48,40
4696,64,22,6,0,44,0,48,40
4697,64,22,7,0,56,0,48,40
4698,64,22,8,0,52,0,48,40
4699,64,22,9,0,50,0,48,40
4700,64,23,0,1,34,1,40,32
4701,64,23,1,0,52,1,40,32
4702,64,23,2,1,32,1,40,32
4703,64,23,3,1,30,1,40,32
4704,64,23,4,0,58,0,40,32
4705,64,23,5,0,51,0,40,32
4706,64,23,6,0,34,0,40,32
4707,64,23,7,0,45,0,40,32
4708,64,23,8,0,47,0,40,32
4709,64,23,9,0,38,0,40,32
4710,64,24,0,1,64,1,48,60
4711,64,24,1,0,62,1,48,60
4712,64,24,2,1,61,1,48,60
4713,64,24,3,1,64,1,48,60
4714,64,24,4,1,66,0,48,60
4715,64,24,5,1,48,0,48,60
4716,64,24,6,1,65,0,48,60
4717,64,24,7,1,77,0,48,60
4718,64,24,8,1,44,0,48,60
4719,64,24,9,1,56,0,48,60
4720,64,25,0,1,84,1,60,90
4721,64,25,1,0,56,1,60,90
4722,64,25,2,0,58,1,60,90
4723,64,25,3,1,86,1,60,90
4724,64,25,4,1,90,0,60,90
4725,64,26,0,1,67,1,52,60
4726,64,26,1,1,71,1,52,60
4727,64,26,2,1,51,1,52,60
4728,64,26,3,0,44,1,52,60
4729,64,26,4,1,61,0,52,60
4730,64,27,0,1,89,1,60,80
4731,64,27,1,0,63,1,60,80
4732,64,27,2,1,70,1,60,80
4733,64,27,3,1,75,1,60,80
4734,64,27,4,1,69,0,60,80
4735,64,27,5,1,90,0,60,80
4736,64,27,6,1,68,0,60,80
4737,64,27,7,1,92,0,60,80
4738,64,27,8,1,79,0,60,80
4739,64,27,9,1,80,0,60,80
4740,64,28,0,1,49,1,40,60
4741,64,28,1,1,71,1,40,60
4742,64,28,2,0,56,1,40,60
4743,64,28,3,0,44,1,40,60
4744,64,28,4,1,57,0,40,60
4745,64,28,5,1,69,0,40,60
4746,64,28,6,1,68,0,40,60
4747,64,28,7,1,68,0,40,60
4748,64,28,8,1,55,0,40,60
4749,64,28,9,1,50,0,40,60
4750,64,29,0,0,22,1,30,60
4751,64,29,1,0,31,1,30,60
4752,64,29,2,1,57,1,30,60
4753,64,29,3,0,32,1,30,60
4754,64,29,4,1,48,0,30,60
4755,64,29,5,1,54,0,30,60
4756,64,29,6,1,76,0,30,60
4757,64,29,7,1,52,0,30,60
4758,64,29,8,1,54,0,30,60
4759,64,29,9,1,62,0,30,60
4760,64,30,0,0,68,1,60,68
4761,64,30,1,1,72,1,60,68
4762,64,30,2,0,65,1,60,68
4763,64,30,3,1,61,1,60,68
4764,64,30,4,1,76,0,60,68
4765,64,30,5,1,81,0,60,68
4766,64,30,6,1,71,0,60,68
4767,64,30,7,1,79,0,60,68
4768,64,30,8,1,63,0,60,68
4769,64,30,9,1,64,0,60,68
4770,64,31,0,1,60,1,68,60
4771,64,31,1,1,59,1,68,60
4772,64,31,2,0,70,1,68,60
4773,64,31,3,1,64,1,68,60
4774,64,31,4,0,69,0,68,60
4775,64,32,0,1,68,1,40,48
4776,64,32,1,1,60,1,40,48
4777,64,32,2,0,36,1,40,48
4778,64,32,3,0,48,1,40,48
4779,64,32,4,1,44,0,40,48
4780,64,32,5,1,53,0,40,48
4781,64,32,6,1,49,0,40,48
4782,64,32,7,1,57,0,40,48
4783,64,32,8,1,51,0,40,48
4784,64,32,9,1,50,0,40,48
4785,64,33,0,1,25,1,40,20
4786,64,33,1,1,18,1,40,20
4787,64,33,2,0,43,1,40,20
4788,64,33,3,1,13,1,40,20
4789,64,33,4,0,44,0,40,20
4790,64,33,5,0,45,0,40,20
4791,64,33,6,0,47,0,40,20
4792,64,33,7,0,33,0,40,20
4793,64,33,8,0,41,0,40,20
4794,64,33,9,0,34,0,40,20
4795,64,34,0,0,40,1,30,60
4796,64,34,1,1,70,1,30,60
4797,64,34,2,1,55,1,30,60
4798,64,34,3,1,65,1,30,60
4799,64,34,4,1,45,0,30,60
4800,64,34,5,1,59,0,30,60
4801,64,34,6,1,49,0,30,60
4802,64,34,7,1,64,0,30,60
4803,64,34,8,1,51,0,30,60
4804,64,34,9,1,53,0,30,60
4805,64,35,0,1,70,1,40,60
4806,64,35,1,0,42,1,40,60
4807,64,35,2,0,35,1,40,60
4808,64,35,3,0,41,1,40,60
4809,64,35,4,1,73,0,40,60
4810,64,35,5,1,69,0,40,60
4811,64,35,6,1,61,0,40,60
4812,64,35,7,1,64,0,40,60
4813,64,35,8,1,67,0,40,60
4814,64,35,9,1,57,0,40,60
4815,64,36,0,0,22,1,36,40
4816,64,36,1,1,38,1,36,40
4817,64,36,2,1,40,1,36,40
4818,64,36,3,0,54,1,36,40
4819,64,36,4,1,48,0,36,40
4820,64,36,5,1,52,0,36,40
4821,64,36,6,1,37,0,36,40
4822,64,36,7,1,34,0,36,40
4823,64,36,8,0,32,0,36,40
4824,64,36,9,1,23,0,36,40
4825,64,37,0,1,69,1,80,60
4826,64,37,1,1,66,1,80,60
4827,64,37,2,0,73,1,80,60
4828,64,37,3,0,81,1,80,60
4829,64,37,4,0,86,0,80,60
4830,64,38,0,0,30,1,40,10
4831,64,38,1,0,43,1,40,10
4832,64,38,2,1,14,1,40,10
4833,64,38,3,1,1,1,40,10
4834,64,38,4,0,38,0,40,10
4835,64,38,5,0,43,0,40,10
4836,64,38,6,0,39,0,40,10
4837,64,38,7,0,39,0,40,10
4838,64,38,8,0,36,0,40,10
4839,64,38,9,0,39,0,40,10
4840,64,39,0,1,42,1,40,36
4841,64,39,1,0,36,1,40,36
4842,64,39,2,0,31,1,40,36
4843,64,39,3,0,28,1,40,36
4844,64,39,4,1,42,0,40,36
4845,64,39,5,1,47,0,40,36
4846,64,39,6,1,43,0,40,36
4847,64,39,7,1,47,0,40,36
4848,64,39,8,1,28,0,40,36
4849,64,39,9,1,53,0,40,36
4850,64,40,0,0,65,1,60,68
4851,64,40,1,1,74,1,60,68
4852,64,40,2,0,59,1,60,68
4853,64,40,3,1,71,1,60,68
4854,64,40,4,1,62,0,60,68
4855,64,40,5,1,77,0,60,68
4856,64,40,6,1,65,0,60,68
4857,64,40,7,1,68,0,60,68
4858,64,40,8,1,60,0,60,68
4859,64,40,9,1,70,0,60,68
4860,64,41,0,0,33,1,32,40
4861,64,41,1,0,35,1,32,40
4862,64,41,2,0,23,1,32,40
4863,64,41,3,1,61,1,32,40
4864,64,41,4,1,42,0,32,40
4865,64,41,5,1,49,0,32,40
4866,64,41,6,1,39,0,32,40
4867,64,41,7,1,54,0,32,40
4868,64,41,8,1,23,0,32,40
4869,64,41,9,1,30,0,32,40
4870,64,42,0,1,64,1,64,60
4871,64,42,1,1,58,1,64,60
4872,64,42,2,0,71,1,64,60
4873,64,42,3,0,59,1,64,60
4874,64,42,4,0,54,0,64,60
4875,64,43,0,1,68,1,40,60
4876,64,43,1,0,36,1,40,60
4877,64,43,2,0,44,1,40,60
4878,64,43,3,0,52,1,40,60
4879,64,43,4,1,61,0,40,60
4880,64,43,5,1,53,0,40,60
4881,64,43,6,1,75,0,40,60
4882,64,43,7,1,68,0,40,60
4883,64,43,8,1,54,0,40,60
4884,64,43,9,1,76,0,40,60
4885,64,44,0,1,30,1,40,28
4886,64,44,1,1,15,1,40,28
4887,64,44,2,1,18,1,40,28
4888,64,44,3,0,29,1,40,28
4889,64,44,4,0,45,0,40,28
4890,64,45,0,1,72,1,48,60
4891,64,45,1,0,43,1,48,60
4892,64,45,2,0,39,1,48,60
4893,64,45,3,0,48,1,48,60
4894,64,45,4,1,79,0,48,60
4895,64,46,0,0,47,1,60,80
4896,64,46,1,1,76,1,60,80
4897,64,46,2,0,43,1,60,80
4898,64,46,3,0,68,1,60,80
4899,64,46,4,1,80,0,60,80
4900,64,46,5,1,82,0,60,80
4901,64,46,6,1,87,0,60,80
4902,64,46,7,1,70,0,60,80
4903,64,46,8,1,75,0,60,80
4904,64,46,9,1,81,0,60,80
4905,64,47,0,0,8,1,10,40
4906,64,47,1,1,37,1,10,40
4907,64,47,2,1,44,1,10,40
4908,64,47,3,0,5,1,10,40
4909,64,47,4,1,52,0,10,40
4910,64,47,5,1,52,0,10,40
4911,64,47,6,1,42,0,10,40
4912,64,47,7,1,30,0,10,40
4913,64,47,8,1,32,0,10,40
4914,64,47,9,1,35,0,10,40
4915,64,48,0,0,44,1,40,60
4916,64,48,1,0,44,1,40,60
4917,64,48,2,1,57,1,40,60
4918,64,48,3,1,66,1,40,60
4919,64,48,4,1,52,0,40,60
4920,64,48,5,1,66,0,40,60
4921,64,48,6,1,57,0,40,60
4922,64,48,7,1,74,0,40,60
4923,64,48,8,1,61,0,40,60
4924,64,48,9,1,69,0,40,60
4925,64,49,0,1,39,1,40,48
4926,64,49,1,0,49,1,40,48
4927,64,49,2,0,39,1,40,48
4928,64,49,3,1,57,1,40,48
4929,64,49,4,1,59,0,40,48
4930,64,50,0,0,53,1,40,28
4931,64,50,1,1,20,1,40,28
4932,64,50,2,0,52,1,40,28
4933,64,50,3,1,19,1,40,28
4934,64,50,4,0,29,0,40,28
4935,64,51,0,0,67,1,60,56
4936,64,51,1,1,63,1,60,56
4937,64,51,2,1,52,1,60,56
4938,64,51,3,1,53,1,60,56
4939,64,51,4,0,46,0,60,56
4940,64,52,0,1,93,1,60,90
4941,64,52,1,0,62,1,60,90
4942,64,52,2,0,70,1,60,90
4943,64,52,3,1,75,1,60,90
4944,64,52,4,1,97,0,60,90
4945,64,53,0,1,43,1,40,48
4946,64,53,1,1,44,1,40,48
4947,64,53,2,0,39,1,40,48
4948,64,53,3,0,35,1,40,48
4949,64,53,4,1,59,0,40,48
4950,64,53,5,1,58,0,40,48
4951,64,53,6,1,57,0,40,48
4952,64,53,7,1,50,0,40,48
4953,64,53,8,1,34,0,40,48
4954,64,53,9,1,40,0,40,48
4955,64,54,0,1,75,1,48,60
4956,64,54,1,0,51,1,48,60
4957,64,54,2,1,65,1,48,60
4958,64,54,3,0,51,1,48,60
4959,64,54,4,1,64,0,48,60
4960,64,54,5,1,73,0,48,60
4961,64,54,6,1,64,0,48,60
4962,64,54,7,1,71,0,48,60
4963,64,54,8,1,71,0,48,60
4964,64,54,9,1,64,0,48,60
4965,64,55,0,0,61,1,60,72
4966,64,55,1,1,74,1,60,72
4967,64,55,2,0,54,1,60,72
4968,64,55,3,1,64,1,60,72
4969,64,55,4,1,73,0,60,72
4970,64,56,0,1,30,1,52,40
4971,64,56,1,0,42,1,52,40
4972,64,56,2,1,42,1,52,40
4973,64,56,3,1,29,1,52,40
4974,64,56,4,0,34,0,52,40
4975,64,56,5,1,46,0,52,40
4976,64,56,6,1,38,0,52,40
4977,64,56,7,0,49,0,52,40
4978,64,56,8,0,55,0,52,40
4979,64,56,9,0,55,0,52,40
4980,64,57,0,1,63,1,40,60
4981,64,57,1,1,55,1,40,60
4982,64,57,2,0,46,1,40,60
4983,64,57,3,0,41,1,40,60
4984,64,57,4,1,49,0,40,60
4985,64,57,5,1,52,0,40,60
4986,64,57,6,1,79,0,40,60
4987,64,57,7,1,71,0,40,60
4988,64,57,8,1,62,0,40,60
4989,64,57,9,1,63,0,40,60
4990,64,58,0,1,26,1,40,36
4991,64,58,1,0,37,1,40,36
4992,64,58,2,0,37,1,40,36
4993,64,58,3,1,47,1,40,36
4994,64,58,4,0,50,0,40,36
4995,64,58,5,0,47,0,40,36
4996,64,58,6,0,32,0,40,36
4997,64,58,7,1,38,0,40,36
4998,64,58,8,1,28,0,40,36
4999,64,58,9,1,37,0,40,36
5000,64,59,0,1,14,1,40,28
5001,64,59,1,0,46,1,40,28
5002,64,59,2,0,41,1,40,28
5003,64,59,3,1,33,1,40,28
5004,64,59,4,0,44,0,40,28
5005,64,60,0,1,25,1,60,30
5006,64,60,1,0,50,1,60,30
5007,64,60,2,1,28,1,60,30
5008,64,60,3,1,47,1,60,30
5009,64,60,4,0,73,0,60,30
5010,64,61,0,0,43,1,40,70
5011,64,61,1,1,69,1,40,70
5012,64,61,2,1,68,1,40,70
5013,64,61,3,0,55,1,40,70
5014,64,61,4,1,74,0,40,70
5015,64,61,5,1,72,0,40,70
5016,64,61,6,1,75,0,40,70
5017,64,61,7,1,88,0,40,70
5018,64,61,8,1,72,0,40,70
5019,64,61,9,1,64,0,40,70
5020,64,62,0,0,53,1,36,40
5021,64,62,1,1,46,1,36,40
5022,64,62,2,1,24,1,36,40
5023,64,62,3,0,53,1,36,40
5024,64,62,4,0,39,0,36,40
5025,64,62,5,0,37,0,36,40
5026,64,62,6,0,44,0,36,40
5027,64,62,7,0,31,0,36,40
5028,64,62,8,0,32,0,36,40
5029,64,62,9,0,51,0,36,40
5030,64,63,0,1,48,1,36,40
5031,64,63,1,0,28,1,36,40
5032,64,63,2,1,34,1,36,40
5033,64,63,3,0,26,1,36,40
5034,64,63,4,1,43,0,36,40
5035,64,64,0,1,1,1,40,10
5036,64,64,1,0,46,1,40,10
5037,64,64,2,0,50,1,40,10
5038,64,64,3,1,7,1,40,10
5039,64,64,4,0,25,0,40,10
5040,64,65,0,1,41,1,40,44
5041,64,65,1,1,40,1,40,44
5042,64,65,2,1,62,1,40,44
5043,64,65,3,0,56,1,40,44
5044,64,65,4,0,40,0,40,44
5045,64,66,0,1,57,1,52,60
5046,64,66,1,1,44,1,52,60
5047,64,66,2,1,46,1,52,60
5048,64,66,3,0,45,1,52,60
5049,64,66,4,1,62,0,52,60
5050,64,67,0,1,52,1,60,64
5051,64,67,1,1,71,1,60,64
5052,64,67,2,0,60,1,60,64
5053,64,67,3,0,44,1,60,64
5054,64,67,4,1,54,0,60,64
5055,64,67,5,1,50,0,60,64
5056,64,67,6,1,59,0,60,64
5057,64,67,7,1,74,0,60,64
5058,64,67,8,1,59,0,60,64
5059,64,67,9,1,77,0,60,64
5060,64,68,0,1,71,1,40,60
5061,64,68,1,0,34,1,40,60
5062,64,68,2,0,65,1,40,60
5063,64,68,3,0,54,1,40,60
5064,64,68,4,1,69,0,40,60
5065,64,69,0,1,59,1,48,60
5066,64,69,1,0,44,1,48,60
5067,64,69,2,1,61,1,48,60
5068,64,69,3,0,35,1,48,60
5069,64,69,4,1,57,0,48,60
5070,64,69,5,1,63,0,48,60
5071,64,69,6,1,65,0,48,60
5072,64,69,7,1,59,0,48,60
5073,64,69,8,1,60,0,48,60
5074,64,69,9,1,67,0,48,60
5075,64,70,0,1,43,1,52,40
5076,64,70,1,0,43,1,52,40
5077,64,70,2,1,40,1,52,40
5078,64,70,3,1,47,1,52,40
5079,64,70,4,1,46,0,52,40
5080,64,70,5,1,29,0,52,40
5081,64,70,6,0,62,0,52,40
5082,64,70,7,0,50,0,52,40
5083,64,70,8,0,60,0,52,40
5084,64,70,9,0,60,0,52,40
5085,64,71,0,1,29,1,60,30
5086,64,71,1,0,55,1,60,30
5087,64,71,2,1,41,1,60,30
5088,64,71,3,1,30,1,60,30
5089,64,71,4,0,67,0,60,30
5090,64,72,0,0,74,1,72,60
5091,64,72,1,1,68,1,72,60
5092,64,72,2,0,71,1,72,60
5093,64,72,3,1,70,1,72,60
5094,64,72,4,0,67,0,72,60
5095,64,72,5,1,56,0,72,60
5096,64,72,6,0,59,0,72,60
5097,64,72,7,0,61,0,72,60
5098,64,72,8,0,67,0,72,60
5099,64,72,9,0,80,0,72,60
5100,64,73,0,0,39,1,30,60
5101,64,73,1,0,30,1,30,60
5102,64,73,2,1,52,1,30,60
5103,64,73,3,0,33,1,30,60
5104,64,73,4,1,67,0,30,60
5105,64,73,5,1,60,0,30,60
5106,64,73,6,1,53,0,30,60
5107,64,73,7,1,64,0,30,60
5108,64,73,8,1,71,0,30,60
5109,64,73,9,1,68,0,30,60
5110,64,74,0,1,30,1,52,40
5111,64,74,1,1,38,1,52,40
5112,64,74,2,0,52,1,52,40
5113,64,74,3,1,60,1,52,40
5114,64,74,4,0,47,0,52,40
5115,64,75,0,1,56,1,60,52
5116,64,75,1,0,60,1,60,52
5117,64,75,2,0,72,1,60,52
5118,64,75,3,1,48,1,60,52
5119,64,75,4,0,59,0,60,52
5120,64,76,0,0,35,1,40,10
5121,64,76,1,0,35,1,40,10
5122,64,76,2,1,9,1,40,10
5123,64,76,3,1,3,1,40,10
5124,64,76,4,0,35,0,40,10
5125,64,76,5,0,37,0,40,10
5126,64,76,6,0,52,0,40,10
5127,64,76,7,0,49,0,40,10
5128,64,76,8,0,62,0,40,10
5129,64,76,9,0,39,0,40,10
5130,64,77,0,0,68,1,80,60
5131,64,77,1,0,86,1,80,60
5132,64,77,2,0,72,1,80,60
5133,64,77,3,1,52,1,80,60
5134,64,77,4,0,83,0,80,60
5135,64,78,0,1,29,1,40,20
5136,64,78,1,1,25,1,40,20
5137,64,78,2,0,36,1,40,20
5138,64,78,3,1,7,1,40,20
5139,64,78,4,0,27,0,40,20
5140,64,78,5,0,26,0,40,20
5141,64,78,6,0,43,0,40,20
5142,64,78,7,0,32,0,40,20
5143,64,78,8,0,31,0,40,20
5144,64,78,9,0,49,0,40,20
5145,64,79,0,0,59,1,64,60
5146,64,79,1,0,81,1,64,60
5147,64,79,2,1,53,1,64,60
5148,64,79,3,0,66,1,64,60
5149,64,79,4,0,59,0,64,60
5150,64,80,0,0,60,1,60,48
5151,64,80,1,0,73,1,60,48
5152,64,80,2,0,67,1,60,48
5153,64,80,3,1,39,1,60,48
5154,64,80,4,0,45,0,60,48
5155,64,80,5,0,61,0,60,48
5156,64,80,6,0,60,0,60,48
5157,64,80,7,0,64,0,60,48
5158,64,80,8,0,63,0,60,48
5159,64,80,9,0,63,0,60,48
5160,64,81,0,0,55,1,60,80
5161,64,81,1,1,75,1,60,80
5162,64,81,2,0,54,1,60,80
5163,64,81,3,0,65,1,60,80
5164,64,81,4,1,79,0,60,80
5165,64,81,5,1,76,0,60,80
5166,64,81,6,1,81,0,60,80
5167,64,81,7,1,80,0,60,80
5168,64,81,8,1,72,0,60,80
5169,64,81,9,1,79,0,60,80
5170,64,82,0,1,52,1,52,60
5171,64,82,1,0,56,1,52,60
5172,64,82,2,0,51,1,52,60
5173,64,82,3,1,66,1,52,60
5174,64,82,4,1,48,0,52,60
5175,64,82,5,1,59,0,52,60
5176,64,82,6,1,62,0,52,60
5177,64,82,7,1,57,0,52,60
5178,64,82,8,1,58,0,52,60
5179,64,82,9,1,56,0,52,60
5180,64,83,0,1,61,1,80,60
5181,64,83,1,1,70,1,80,60
5182,64,83,2,0,89,1,80,60
5183,64,83,3,0,80,1,80,60
5184,64,83,4,0,87,0,80,60
5185,64,84,0,0,22,1,20,40
5186,64,84,1,0,19,1,20,40
5187,64,84,2,1,51,1,20,40
5188,64,84,3,1,31,1,20,40
5189,64,84,4,1,46,0,20,40
5190,64,84,5,1,29,0,20,40
5191,64,84,6,1,48,0,20,40
5192,64,84,7,1,37,0,20,40
5193,64,84,8,1,29,0,20,40
5194,64,84,9,1,35,0,20,40
5195,64,85,0,1,45,1,48,40
5196,64,85,1,1,41,1,48,40
5197,64,85,2,0,34,1,48,40
5198,64,85,3,0,63,1,48,40
5199,64,85,4,0,37,0,48,40
5200,64,86,0,0,42,1,40,32
5201,64,86,1,1,38,1,40,32
5202,64,86,2,0,55,1,40,32
5203,64,86,3,0,36,1,40,32
5204,64,86,4,0,39,0,40,32
5205,64,87,0,1,40,1,40,48
5206,64,87,1,1,51,1,40,48
5207,64,87,2,0,43,1,40,48
5208,64,87,3,1,53,1,40,48
5209,64,87,4,1,57,0,40,48
5210,64,87,5,1,36,0,40,48
5211,64,87,6,1,51,0,40,48
5212,64,87,7,1,47,0,40,48
5213,64,87,8,1,20,0,40,48
5214,64,87,9,1,28,0,40,48
5215,64,88,0,1,56,1,52,60
5216,64,88,1,0,61,1,52,60
5217,64,88,2,0,39,1,52,60
5218,64,88,3,1,58,1,52,60
5219,64,88,4,1,55,0,52,60
5220,64,88,5,1,49,0,52,60
5221,64,88,6,1,68,0,52,60
5222,64,88,7,1,57,0,52,60
5223,64,88,8,1,60,0,52,60
5224,64,88,9,1,57,0,52,60
5225,64,89,0,0,20,1,30,60
5226,64,89,1,1,51,1,30,60
5227,64,89,2,0,39,1,30,60
5228,64,89,3,0,31,1,30,60
5229,64,89,4,1,54,0,30,60
5230,64,90,0,1,38,1,52,40
5231,64,90,1,1,40,1,52,40
5232,64,90,2,0,43,1,52,40
5233,64,90,3,1,45,1,52,40
5234,64,90,4,0,60,0,52,40
5235,64,91,0,0,65,1,60,72
5236,64,91,1,1,75,1,60,72
5237,64,91,2,0,68,1,60,72
5238,64,91,3,1,81,1,60,72
5239,64,91,4,1,88,0,60,72
5240,64,92,0,0,65,1,60,48
5241,64,92,1,0,51,1,60,48
5242,64,92,2,0,71,1,60,48
5243,64,92,3,1,47,1,60,48
5244,64,92,4,0,59,0,60,48
5245,64,92,5,0,52,0,60,48
5246,64,92,6,0,66,0,60,48
5247,64,92,7,0,34,0,60,48
5248,64,92,8,0,64,0,60,48
5249,64,92,9,0,62,0,60,48
5250,64,93,0,1,25,1,40,28
5251,64,93,1,0,51,1,40,28
5252,64,93,2,0,32,1,40,28
5253,64,93,3,1,30,1,40,28
5254,64,93,4,0,44,0,40,28
5255,64,94,0,1,67,1,40,52
5256,64,94,1,0,28,1,40,52
5257,64,94,2,0,54,1,40,52
5258,64,94,3,1,58,1,40,52
5259,64,94,4,1,60,0,40,52
5260,64,95,0,1,58,1,80,60
5261,64,95,1,1,56,1,80,60
5262,64,95,2,0,75,1,80,60
5263,64,95,3,1,57,1,80,60
5264,64,95,4,0,80,0,80,60
5265,64,96,0,0,29,1,40,70
5266,64,96,1,1,59,1,40,70
5267,64,96,2,1,70,1,40,70
5268,64,96,3,1,77,1,40,70
5269,64,96,4,1,79,0,40,70
5270,64,97,0,0,56,1,60,72
5271,64,97,1,1,75,1,60,72
5272,64,97,2,0,59,1,60,72
5273,64,97,3,0,43,1,60,72
5274,64,97,4,1,71,0,60,72
5275,64,97,5,1,70,0,60,72
5276,64,97,6,1,80,0,60,72
5277,64,97,7,1,74,0,60,72
5278,64,97,8,1,80,0,60,72
5279,64,97,9,1,57,0,60,72
5280,64,98,0,0,95,1,90,60
5281,64,98,1,1,62,1,90,60
5282,64,98,2,0,100,1,90,60
5283,64,98,3,1,73,1,90,60
5284,64,98,4,0,78,0,90,60
5285,64,99,0,1,58,1,40,60
5286,64,99,1,0,27,1,40,60
5287,64,99,2,0,35,1,40,60
5288,64,99,3,1,49,1,40,60
5289,64,99,4,1,58,0,40,60
5290,71,0,0,0,20,1,40,36
5291,71,0,1,1,31,1,40,36
5292,71,0,2,1,27,1,40,36
5293,71,0,3,1,34,1,40,36
5294,71,0,4,1,41,0,40,36
5295,71,0,5,1,38,0,40,36
5296,71,0,6,1,31,0,40,36
5297,71,0,7,1,33,0,40,36
5298,71,0,8,1,34,0,40,36
5299,71,0,9,1,31,0,40,36
5300,71,1,0,0,58,1,60,48
5301,71,1,1,1,52,1,60,48
5302,71,1,2,0,75,1,60,48
5303,71,1,3,1,48,1,60,48
5304,71,1,4,0,51,0,60,48
5305,71,1,5,0,59,0,60,48
5306,71,1,6,0,47,0,60,48
5307,71,1,7,0,46,0,60,48
5308,71,1,8,0,75,0,60,48
5309,71,1,9,0,56,0,60,48
5310,71,2,0,1,42,1,40,36
5311,71,2,1,0,54,1,40,36
5312,71,2,2,0,33,1,40,36
5313,71,2,3,1,37,1,40,36
5314,71,2,4,1,34,0,40,36
5315,71,2,5,1,31,0,40,36
5316,71,2,6,0,64,0,40,36
5317,71,2,7,0,41,0,40,36
5318,71,2,8,0,46,0,40,36
5319,71,2,9,0,41,0,40,36
5320,71,3,0,1,44,1,40,48
5321,71,3,1,0,24,1,40,48
5322,71,3,2,0,35,1,40,48
5323,71,3,3,1,48,1,40,48
5324,71,3,4,1,42,0,40,48
5325,71,4,0,1,16,1,40,10
5326,71,4,1,0,38,1,40,10
5327,71,4,2,1,1,1,40,10
5328,71,4,3,0,51,1,40,10
5329,71,4,4,0,29,0,40,10
5330,71,5,0,1,43,1,60,56
5331,71,5,1,0,76,1,60,56
5332,71,5,2,1,45,1,60,56
5333,71,5,3,0,63,1,60,56
5334,71,5,4,0,55,0,60,56
5335,71,6,0,1,54,1,40,48
5336,71,6,1,1,50,1,40,48
5337,71,6,2,0,27,1,40,48
5338,71,6,3,1,62,1,40,48
5339,71,6,4,1,37,0,40,48
5340,71,6,5,1,63,0,40,48
5341,71,6,6,1,52,0,40,48
5342,71,6,7,1,41,0,40,48
5343,71,6,8,1,54,0,40,48
5344,71,6,9,1,54,0,40,48
5345,71,7,0,0,46,1,56,60
5346,71,7,1,0,50,1,56,60
5347,71,7,2,0,66,1,56,60
5348,71,7,3,1,43,1,56,60
5349,71,7,4,0,62,0,56,60
5350,71,8,0,1,72,1,48,60
5351,71,8,1,0,46,1,48,60
5352,71,8,2,1,56,1,48,60
5353,71,8,3,1,70,1,48,60
5354,71,8,4,1,63,0,48,60
5355,71,8,5,1,72,0,48,60
5356,71,8,6,1,63,0,48,60
5357,71,8,7,1,64,0,48,60
5358,71,8,8,1,71,0,48,60
5359,71,8,9,1,57,0,48,60
5360,71,9,0,1,66,1,80,60
5361,71,9,1,1,60,1,80,60
5362,71,9,2,0,62,1,80,60
5363,71,9,3,1,44,1,80,60
5364,71,9,4,1,55,0,80,60
5365,71,10,0,1,71,1,40,60
5366,71,10,1,0,28,1,40,60
5367,71,10,2,0,53,1,40,60
5368,71,10,3,0,40,1,40,60
5369,71,10,4,1,55,0,40,60
5370,71,11,0,1,92,1,40,70
5371,71,11,1,0,26,1,40,70
5372,71,11,2,1,64,1,40,70
5373,71,11,3,0,54,1,40,70
5374,71,11,4,1,63,0,40,70
5375,71,11,5,1,70,0,40,70
5376,71,11,6,1,83,0,40,70
5377,71,11,7,1,74,0,40,70
5378,71,11,8,1,64,0,40,70
5379,71,11,9,1,67,0,40,70
5380,71,12,0,0,24,1,40,32
5381,71,12,1,1,34,1,40,32
5382,71,12,2,0,49,1,40,32
5383,71,12,3,0,66,1,40,32
5384,71,12,4,0,32,0,40,32
5385,71,13,0,1,34,1,40,36
5386,71,13,1,0,45,1,40,36
5387,71,13,2,0,42,1,40,36
5388,71,13,3,0,45,1,40,36
5389,71,13,4,0,45,0,40,36
5390,71,13,5,0,41,0,40,36
5391,71,13,6,0,26,0,40,36
5392,71,13,7,0,37,0,40,36
5393,71,13,8,0,41,0,40,36
5394,71,13,9,0,38,0,40,36
5395,71,14,0,0,65,1,72,60
5396,71,14,1,1,67,1,72,60
5397,71,14,2,0,65,1,72,60
5398,71,14,3,1,57,1,72,60
5399,71,14,4,1,56,0,72,60
5400,71,14,5,0,80,0,72,60
5401,71,14,6,0,67,0,72,60
5402,71,14,7,0,74,0,72,60
5403,71,14,8,0,82,0,72,60
5404,71,14,9,0,69,0,72,60
5405,71,15,0,1,65,1,40,60
5406,71,15,1,1,52,1,40,60
5407,71,15,2,0,31,1,40,60
5408,71,15,3,0,47,1,40,60
5409,71,15,4,1,55,0,40,60
5410,71,15,5,1,60,0,40,60
5411,71,15,6,1,50,0,40,60
5412,71,15,7,1,72,0,40,60
5413,71,15,8,1,52,0,40,60
5414,71,15,9,1,74,0,40,60
5415,71,16,0,0,32,1,40,70
5416,71,16,1,1,76,1,40,70
5417,71,16,2,1,79,1,40,70
5418,71,16,3,1,70,1,40,70
5419,71,16,4,1,61,0,40,70
5420,71,17,0,1,46,1,40,60
5421,71,17,1,1,61,1,40,60
5422,71,17,2,0,47,1,40,60
5423,71,17,3,0,45,1,40,60
5424,71,17,4,1,57,0,40,60
5425,71,17,5,1,57,0,40,60
5426,71,17,6,1,60,0,40,60
5427,71,17,7,1,55,0,40,60
5428,71,17,8,1,60,0,40,60
5429,71,17,9,1,52,0,40,60
5430,71,18,0,1,46,1,70,40
5431,71,18,1,0,80,1,70,40
5432,71,18,2,0,73,1,70,40
5433,71,18,3,0,60,1,70,40
5434,71,18,4,0,76,0,70,40
5435,71,18,5,0,65,0,70,40
5436,71,18,6,0,57,0,70,40
5437,71,18,7,0,56,0,70,40
5438,71,18,8,0,63,0,70,40
5439,71,18,9,0,68,0,70,40
5440,71,19,0,0,63,1,60,56
5441,71,19,1,1,61,1,60,56
5442,71,19,2,1,55,1,60,56
5443,71,19,3,1,52,1,60,56
5444,71,19,4,0,62,0,60,56
5445,71,20,0,0,20,1,20,40
5446,71,20,1,1,38,1,20,40
5447,71,20,2,0,20,1,20,40
5448,71,20,3,1,37,1,20,40
5449,71,20,4,1,39,0,20,40
5450,71,21,0,0,78,1,80,60
5451,71,21,1,0,81,1,80,60
5452,71,21,2,0,77,1,80,60
5453,71,21,3,1,50,1,80,60
5454,71,21,4,0,81,0,80,60
5455,71,22,0,0,44,1,48,40
5456,71,22,1,1,47,1,48,40
5457,71,22,2,0,41,1,48,40
5458,71,22,3,0,48,1,48,40
5459,71,22,4,1,48,0,48,40
5460,71,22,5,1,38,0,48,40
5461,71,22,6,0,55,0,48,40
5462,71,22,7,0,40,0,48,40
5463,71,22,8,0,52,0,48,40
5464,71,22,9,0,45,0,48,40
5465,71,23,0,1,26,1,40,32
5466,71,23,1,0,45,1,40,32
5467,71,23,2,1,35,1,40,32
5468,71,23,3,1,29,1,40,32
5469,71,23,4,0,30,0,40,32
5470,71,23,5,0,30,0,40,32
5471,71,23,6,0,42,0,40,32
5472,71,23,7,0,48,0,40,32
5473,71,23,8,0,27,0,40,32
5474,71,23,9,0,41,0,40,32
5475,71,24,0,1,53,1,48,60
5476,71,24,1,0,38,1,48,60
5477,71,24,2,1,74,1,48,60
5478,71,24,3,1,61,1,48,60
5479,71,24,4,1,60,0,48,60
5480,71,24,5,1,61,0,48,60
5481,71,24,6,1,70,0,48,60
5482,71,24,7,1,61,0,48,60
5483,71,24,8,1,66,0,48,60
5484,71,24,9,1,53,0,48,60
5485,71,25,0,1,91,1,60,90
5486,71,25,1,0,62,1,60,90
5487,71,25,2,0,61,1,60,90
5488,71,25,3,1,78,1,60,90
5489,71,25,4,1,92,0,60,90
5490,71,26,0,1,72,1,52,60
5491,71,26,1,1,48,1,52,60
5492,71,26,2,1,57,1,52,60
5493,71,26,3,0,53,1,52,60
5494,71,26,4,1,66,0,52,60
5495,71,27,0,1,63,1,60,80
5496,71,27,1,0,64,1,60,80
5497,71,27,2,1,77,1,60,80
5498,71,27,3,1,95,1,60,80
5499,71,27,4,1,60,0,60,80
5500,71,27,5,1,75,0,60,80
5501,71,27,6,1,78,0,60,80
5502,71,27,7,1,70,0,60,80
5503,71,27,8,1,81,0,60,80
5504,71,27,9,1,89,0,60,80
5505,71,28,0,1,60,1,40,60
5506,71,28,1,1,65,1,40,60
5507,71,28,2,0,28,1,40,60
5508,71,28,3,0,39,1,40,60
5509,71,28,4,1,53,0,40,60
5510,71,28,5,1,65,0,40,60
5511,71,28,6,1,51,0,40,60
5512,71,28,7,1,81,0,40,60
5513,71,28,8,1,55,0,40,60
5514,71,28,9,1,54,0,40,60
5515,71,29,0,0,27,1,30,60
5516,71,29,1,0,26,1,30,60
5517,71,29,2,1,54,1,30,60
5518,71,29,3,0,33,1,30,60
5519,71,29,4,1,60,0,30,60
5520,71,29,5,1,73,0,30,60
5521,71,29,6,1,78,0,30,60
5522,71,29,7,1,73,0,30,60
5523,71,29,8,1,60,0,30,60
5524,71,29,9,1,62,0,30,60
5525,71,30,0,0,60,1,60,68
5526,71,30,1,1,70,1,60,68
5527,71,30,2,0,62,1,60,68
5528,71,30,3,1,63,1,60,68
5529,71,30,4,1,39,0,60,68
5530,71,30,5,0,56,0,60,68
5531,71,30,6,0,58,0,60,68
5532,71,30,7,0,66,0,60,68
5533,71,30,8,0,58,0,60,68
5534,71,30,9,0,59,0,60,68
5535,71,31,0,1,58,1,68,60
5536,71,31,1,1,46,1,68,60
5537,71,31,2,0,62,1,68,60
5538,71,31,3,1,69,1,68,60
5539,71,31,4,1,73,0,68,60
5540,71,32,0,1,34,1,40,48
5541,71,32,1,1,46,1,40,48
5542,71,32,2,0,46,1,40,48
5543,71,32,3,0,50,1,40,48
5544,71,32,4,0,28,0,40,48
5545,71,32,5,0,39,0,40,48
5546,71,32,6,0,40,0,40,48
5547,71,32,7,0,49,0,40,48
5548,71,32,8,0,35,0,40,48
5549,71,32,9,0,32,0,40,48
5550,71,33,0,1,28,1,40,20
5551,71,33,1,1,36,1,40,20
5552,71,33,2,0,40,1,40,20
5553,71,33,3,1,10,1,40,20
5554,71,33,4,0,37,0,40,20
5555,71,33,5,0,35,0,40,20
5556,71,33,6,0,24,0,40,20
5557,71,33,7,0,53,0,40,20
5558,71,33,8,0,43,0,40,20
5559,71,33,9,0,43,0,40,20
5560,71,34,0,0,24,1,30,60
5561,71,34,1,1,67,1,30,60
5562,71,34,2,1,67,1,30,60
5563,71,34,3,1,63,1,30,60
5564,71,34,4,1,69,0,30,60
5565,71,34,5,1,61,0,30,60
5566,71,34,6,1,55,0,30,60
5567,71,34,7,1,58,0,30,60
5568,71,34,8,1,55,0,30,60
5569,71,34,9,1,66,0,30,60
5570,71,35,0,1,49,1,40,60
5571,71,35,1,0,48,1,40,60
5572,71,35,2,0,42,1,40,60
5573,71,35,3,0,33,1,40,60
5574,71,35,4,1,68,0,40,60
5575,71,35,5,1,63,0,40,60
5576,71,35,6,1,58,0,40,60
5577,71,35,7,1,52,0,40,60
5578,71,35,8,1,66,0,40,60
5579,71,35,9,1,66,0,40,60
5580,71,36,0,0,29,1,36,40
5581,71,36,1,1,42,1,36,40
5582,71,36,2,1,35,1,36,40
5583,71,36,3,0,37,1,36,40
5584,71,36,4,1,46,0,36,40
5585,71,36,5,1,31,0,36,40
5586,71,36,6,1,46,0,36,40
5587,71,36,7,1,45,0,36,40
5588,71,36,8,1,40,0,36,40
5589,71,36,9,1,45,0,36,40
5590,71,37,0,1,58,1,80,60
5591,71,37,1,1,60,1,80,60
5592,71,37,2,0,83,1,80,60
5593,71,37,3,0,86,1,80,60
5594,71,37,4,0,93,0,80,60
5595,71,38,0,0,37,1,40,10
5596,71,38,1,0,45,1,40,10
5597,71,38,2,1,8,1,40,10
5598,71,38,3,1,4,1,40,10
5599,71,38,4,0,37,0,40,10
5600,71,38,5,0,44,0,40,10
5601,71,38,6,0,43,0,40,10
5602,71,38,7,0,41,0,40,10
5603,71,38,8,0,48,0,40,10
5604,71,38,9,0,41,0,40,10
5605,71,39,0,1,28,1,40,36
5606,71,39,1,0,44,1,40,36
5607,71,39,2,0,36,1,40,36
5608,71,39,3,0,46,1,40,36
5609,71,39,4,0,37,0,40,36
5610,71,39,5,0,35,0,40,36
5611,71,39,6,0,33,0,40,36
5612,71,39,7,0,47,0,40,36
5613,71,39,8,0,40,0,40,36
5614,71,39,9,0,32,0,40,36
5615,71,40,0,0,59,1,60,68
5616,71,40,1,1,55,1,60,68
5617,71,40,2,0,59,1,60,68
5618,71,40,3,1,65,1,60,68
5619,71,40,4,1,65,0,60,68
5620,71,40,5,1,63,0,60,68
5621,71,40,6,1,59,0,60,68
5622,71,40,7,1,69,0,60,68
5623,71,40,8,1,64,0,60,68
5624,71,40,9,1,63,0,60,68
5625,71,41,0,0,34,1,32,40
5626,71,41,1,0,21,1,32,40
5627,71,41,2,0,38,1,32,40
5628,71,41,3,1,35,1,32,40
5629,71,41,4,0,30,0,32,40
5630,71,41,5,1,38,0,32,40
5631,71,41,6,1,43,0,32,40
5632,71,41,7,1,51,0,32,40
5633,71,41,8,1,47,0,32,40
5634,71,41,9,1,38,0,32,40
5635,71,42,0,1,57,1,64,60
5636,71,42,1,1,56,1,64,60
5637,71,42,2,0,59,1,64,60
5638,71,42,3,0,66,1,64,60
5639,71,42,4,0,68,0,64,60
5640,71,43,0,1,68,1,40,60
5641,71,43,1,0,29,1,40,60
5642,71,43,2,0,31,1,40,60
5643,71,43,3,0,30,1,40,60
5644,71,43,4,1,51,0,40,60
5645,71,43,5,1,62,0,40,60
5646,71,43,6,1,59,0,40,60
5647,71,43,7,1,50,0,40,60
5648,71,43,8,1,57,0,40,60
5649,71,43,9,1,73,0,40,60
5650,71,44,0,1,17,1,40,28
5651,71,44,1,1,37,1,40,28
5652,71,44,2,1,23,1,40,28
5653,71,44,3,0,33,1,40,28
5654,71,44,4,0,38,0,40,28
5655,71,45,0,1,49,1,48,60
5656,71,45,1,0,47,1,48,60
5657,71,45,2,0,57,1,48,60
5658,71,45,3,0,46,1,48,60
5659,71,45,4,0,52,0,48,60
5660,71,46,0,0,57,1,60,80
5661,71,46,1,1,85,1,60,80
5662,71,46,2,0,55,1,60,80
5663,71,46,3,0,67,1,60,80
5664,71,46,4,1,93,0,60,80
5665,71,46,5,1,79,0,60,80
5666,71,46,6,1,98,0,60,80
5667,71,46,7,1,81,0,60,80
5668,71,46,8,1,85,0,60,80
5669,71,46,9,1,77,0,60,80
5670,71,47,0,0,3,1,10,40
5671,71,47,1,1,43,1,10,40
5672,71,47,2,1,46,1,10,40
5673,71,47,3,0,23,1,10,40
5674,71,47,4,1,35,0,10,40
5675,71,47,5,1,25,0,10,40
5676,71,47,6,1,42,0,10,40
5677,71,47,7,1,41,0,10,40
5678,71,47,8,1,46,0,10,40
5679,71,47,9,1,38,0,10,40
5680,71,48,0,0,44,1,40,60
5681,71,48,1,0,39,1,40,60
5682,71,48,2,1,48,1,40,60
5683,71,48,3,1,54,1,40,60
5684,71,48,4,1,68,0,40,60
5685,71,48,5,1,64,0,40,60
5686,71,48,6,1,60,0,40,60
5687,71,48,7,1,42,0,40,60
5688,71,48,8,1,59,0,40,60
5689,71,48,9,1,70,0,40,60
5690,71,49,0,1,48,1,40,48
5691,71,49,1,0,46,1,40,48
5692,71,49,2,0,47,1,40,48
5693,71,49,3,1,59,1,40,48
5694,71,49,4,1,43,0,40,48
5695,71,50,0,0,35,1,40,28
5696,71,50,1,1,17,1,40,28
5697,71,50,2,0,50,1,40,28
5698,71,50,3,1,27,1,40,28
5699,71,50,4,0,48,0,40,28
5700,71,51,0,0,57,1,60,56
5701,71,51,1,1,56,1,60,56
5702,71,51,2,1,56,1,60,56
5703,71,51,3,1,66,1,60,56
5704,71,51,4,1,71,0,60,56
5705,71,52,0,1,95,1,60,90
5706,71,52,1,0,63,1,60,90
5707,71,52,2,0,70,1,60,90
5708,71,52,3,1,89,1,60,90
5709,71,52,4,1,74,0,60,90
5710,71,53,0,1,37,1,40,48
5711,71,53,1,1,52,1,40,48
5712,71,53,2,0,20,1,40,48
5713,71,53,3,0,51,1,40,48
5714,71,53,4,1,48,0,40,48
5715,71,53,5,1,48,0,40,48
5716,71,53,6,1,58,0,40,48
5717,71,53,7,1,41,0,40,48
5718,71,53,8,1,39,0,40,48
5719,71,53,9,1,40,0,40,48
5720,71,54,0,1,67,1,48,60
5721,71,54,1,0,52,1,48,60
5722,71,54,2,1,54,1,48,60
5723,71,54,3,0,51,1,48,60
5724,71,54,4,1,58,0,48,60
5725,71,54,5,1,57,0,48,60
5726,71,54,6,1,53,0,48,60
5727,71,54,7,1,57,0,48,60
5728,71,54,8,1,59,0,48,60
5729,71,54,9,1,54,0,48,60
5730,71,55,0,0,53,1,60,72
5731,71,55,1,1,64,1,60,72
5732,71,55,2,0,42,1,60,72
5733,71,55,3,1,78,1,60,72
5734,71,55,4,1,73,0,60,72
5735,71,56,0,1,46,1,52,40
5736,71,56,1,0,61,1,52,40
5737,71,56,2,1,48,1,52,40
5738,71,56,3,1,34,1,52,40
5739,71,56,4,0,46,0,52,40
5740,71,56,5,0,48,0,52,40
5741,71,56,6,0,27,0,52,40
5742,71,56,7,0,45,0,52,40
5743,71,56,8,0,58,0,52,40
5744,71,56,9,0,44,0,52,40
5745,71,57,0,1,56,1,40,60
5746,71,57,1,1,58,1,40,60
5747,71,57,2,0,43,1,40,60
5748,71,57,3,0,47,1,40,60
5749,71,57,4,1,56,0,40,60
5750,71,57,5,1,47,0,40,60
5751,71,57,6,1,64,0,40,60
5752,71,57,7,1,65,0,40,60
5753,71,57,8,1,53,0,40,60
5754,71,57,9,1,54,0,40,60
5755,71,58,0,1,27,1,40,36
5756,71,58,1,0,24,1,40,36
5757,71,58,2,0,42,1,40,36
5758,71,58,3,1,35,1,40,36
5759,71,58,4,0,39,0,40,36
5760,71,58,5,0,41,0,40,36
5761,71,58,6,0,40,0,40,36
5762,71,58,7,0,40,0,40,36
5763,71,58,8,0,29,0,40,36
5764,71,58,9,0,40,0,40,36
5765,71,59,0,1,21,1,40,28
5766,71,59,1,0,28,1,40,28
5767,71,59,2,0,28,1,40,28
5768,71,59,3,1,31,1,40,28
5769,71,59,4,1,20,0,40,28
5770,71,60,0,1,30,1,60,30
5771,71,60,1,0,63,1,60,30
5772,71,60,2,1,30,1,60,30
5773,71,60,3,1,25,1,60,30
5774,71,60,4,0,64,0,60,30
5775,71,61,0,0,32,1,40,70
5776,71,61,1,1,79,1,40,70
5777,71,61,2,1,72,1,40,70
5778,71,61,3,0,57,1,40,70
5779,71,61,4,1,78,0,40,70
5780,71,61,5,1,74,0,40,70
5781,71,61,6,1,75,0,40,70
5782,71,61,7,1,76,0,40,70
5783,71,61,8,1,76,0,40,70
5784,71,61,9,1,60,0,40,70
5785,71,62,0,0,42,1,36,40
5786,71,62,1,1,30,1,36,40
5787,71,62,2,1,40,1,36,40
5788,71,62,3,0,30,1,36,40
5789,71,62,4,0,38,0,36,40
5790,71,62,5,0,25,0,36,40
5791,71,62,6,0,34,0,36,40
5792,71,62,7,0,40,0,36,40
5793,71,62,8,0,36,0,36,40
5794,71,62,9,0,43,0,36,40
5795,71,63,0,1,50,1,36,40
5796,71,63,1,0,41,1,36,40
5797,71,63,2,1,36,1,36,40
5798,71,63,3,0,35,1,36,40
5799,71,63,4,1,32,0,36,40
5800,71,64,0,1,8,1,40,10
5801,71,64,1,0,25,1,40,10
5802,71,64,2,0,52,1,40,10
5803,71,64,3,1,1,1,40,10
5804,71,64,4,0,51,0,40,10
5805,71,65,0,1,59,1,40,44
5806,71,65,1,1,31,1,40,44
5807,71,65,2,1,46,1,40,44
5808,71,65,3,0,39,1,40,44
5809,71,65,4,1,41,0,40,44
5810,71,66,0,1,62,1,52,60
5811,71,66,1,1,53,1,52,60
5812,71,66,2,1,51,1,52,60
5813,71,66,3,0,44,1,52,60
5814,71,66,4,1,55,0,52,60
5815,71,67,0,1,82,1,60,64
5816,71,67,1,1,63,1,60,64
5817,71,67,2,0,55,1,60,64
5818,71,67,3,0,67,1,60,64
5819,71,67,4,1,68,0,60,64
5820,71,67,5,1,58,0,60,64
5821,71,67,6,1,59,0,60,64
5822,71,67,7,1,68,0,60,64
5823,71,67,8,1,69,0,60,64
5824,71,67,9,1,66,0,60,64
5825,71,68,0,1,56,1,40,60
5826,71,68,1,0,44,1,40,60
5827,71,68,2,0,13,1,40,60
5828,71,68,3,0,43,1,40,60
5829,71,68,4,1,69,0,40,60
5830,71,69,0,1,64,1,48,60
5831,71,69,1,0,35,1,48,60
5832,71,69,2,1,65,1,48,60
5833,71,69,3,0,45,1,48,60
5834,71,69,4,1,57,0,48,60
5835,71,69,5,1,60,0,48,60
5836,71,69,6,1,59,0,48,60
5837,71,69,7,1,60,0,48,60
5838,71,69,8,1,71,0,48,60
5839,71,69,9,1,63,0,48,60
5840,71,70,0,1,43,1,52,40
5841,71,70,1,0,59,1,52,40
5842,71,70,2,1,35,1,52,40
5843,71,70,3,1,32,1,52,40
5844,71,70,4,0,54,0,52,40
5845,71,70,5,0,42,0,52,40
5846,71,70,6,0,53,0,52,40
5847,71,70,7,0,37,0,52,40
5848,71,70,8,0,40,0,52,40
5849,71,70,9,0,53,0,52,40
5850,71,71,0,1,30,1,60,30
5851,71,71,1,0,62,1,60,30
5852,71,71,2,1,28,1,60,30
5853,71,71,3,1,37,1,60,30
5854,71,71,4,0,61,0,60,30
5855,71,72,0,0,63,1,72,60
5856,71,72,1,1,45,1,72,60
5857,71,72,2,0,70,1,72,60
5858,71,72,3,1,62,1,72,60
5859,71,72,4,0,75,0,72,60
5860,71,72,5,0,74,0,72,60
5861,71,72,6,0,66,0,72,60
5862,71,72,7,0,68,0,72,60
5863,71,72,8,0,76,0,72,60
5864,71,72,9,0,77,0,72,60
5865,71,73,0,0,28,1,30,60
5866,71,73,1,0,29,1,30,60
5867,71,73,2,1,53,1,30,60
5868,71,73,3,0,33,1,30,60
5869,71,73,4,1,64,0,30,60
5870,71,73,5,1,66,0,30,60
5871,71,73,6,1,54,0,30,60
5872,71,73,7,1,47,0,30,60
5873,71,73,8,1,53,0,30,60
5874,71,73,9,1,59,0,30,60
5875,71,74,0,1,36,1,52,40
5876,71,74,1,1,53,1,52,40
5877,71,74,2,0,54,1,52,40
5878,71,74,3,1,39,1,52,40
5879,71,74,4,0,44,0,52,40
5880,71,75,0,1,47,1,60,52
5881,71,75,1,0,66,1,60,52
5882,71,75,2,0,71,1,60,52
5883,71,75,3,1,51,1,60,52
5884,71,75,4,0,66,0,60,52
5885,71,76,0,0,47,1,40,10
5886,71,76,1,0,27,1,40,10
5887,71,76,2,1,22,1,40,10
5888,71,76,3,1,5,1,40,10
5889,71,76,4,0,40,0,40,10
5890,71,76,5,0,48,0,40,10
5891,71,76,6,0,42,0,40,10
5892,71,76,7,0,39,0,40,10
5893,71,76,8,0,42,0,40,10
5894,71,76,9,0,40,0,40,10
5895,71,77,0,0,79,1,80,60
5896,71,77,1,0,78,1,80,60
5897,71,77,2,0,80,1,80,60
5898,71,77,3,1,60,1,80,60
5899,71,77,4,0,95,0,80,60
5900,71,78,0,1,17,1,40,20
5901,71,78,1,1,17,1,40,20
5902,71,78,2,0,52,1,40,20
5903,71,78,3,1,19,1,40,20
5904,71,78,4,0,34,0,40,20
5905,71,78,5,0,32,0,40,20
5906,71,78,6,0,49,0,40,20
5907,71,78,7,0,31,0,40,20
5908,71,78,8,0,39,0,40,20
5909,71,78,9,0,42,0,40,20
5910,71,79,0,0,56,1,64,60
5911,71,79,1,0,73,1,64,60
5912,71,79,2,1,68,1,64,60
5913,71,79,3,0,69,1,64,60
5914,71,79,4,0,61,0,64,60
5915,71,80,0,0,56,1,60,48
5916,71,80,1,0,63,1,60,48
5917,71,80,2,0,57,1,60,48
5918,71,80,3,1,49,1,60,48
5919,71,80,4,0,62,0,60,48
5920,71,80,5,0,65,0,60,48
5921,71,80,6,0,61,0,60,48
5922,71,80,7,0,69,0,60,48
5923,71,80,8,0,65,0,60,48
5924,71,80,9,0,62,0,60,48
5925,71,81,0,0,59,1,60,80
5926,71,81,1,1,91,1,60,80
5927,71,81,2,0,62,1,60,80
5928,71,81,3,0,55,1,60,80
5929,71,81,4,1,79,0,60,80
5930,71,81,5,1,88,0,60,80
5931,71,81,6,1,71,0,60,80
5932,71,81,7,1,96,0,60,80
5933,71,81,8,1,83,0,60,80
5934,71,81,9,1,92,0,60,80
5935,71,82,0,1,63,1,52,60
5936,71,82,1,0,54,1,52,60
5937,71,82,2,0,59,1,52,60
5938,71,82,3,1,59,1,52,60
5939,71,82,4,1,49,0,52,60
5940,71,82,5,1,61,0,52,60
5941,71,82,6,1,54,0,52,60
5942,71,82,7,1,64,0,52,60
5943,71,82,8,1,55,0,52,60
5944,71,82,9,1,50,0,52,60
5945,71,83,0,1,79,1,80,60
5946,71,83,1,1,64,1,80,60
5947,71,83,2,0,73,1,80,60
5948,71,83,3,0,73,1,80,60
5949,71,83,4,0,81,0,80,60
5950,71,84,0,0,18,1,20,40
5951,71,84,1,0,14,1,20,40
5952,71,84,2,1,36,1,20,40
5953,71,84,3,1,44,1,20,40
5954,71,84,4,1,47,0,20,40
5955,71,84,5,1,45,0,20,40
5956,71,84,6,1,43,0,20,40
5957,71,84,7,1,30,0,20,40
5958,71,84,8,1,38,0,20,40
5959,71,84,9,1,45,0,20,40
5960,71,85,0,1,36,1,48,40
5961,71,85,1,1,42,1,48,40
5962,71,85,2,0,51,1,48,40
5963,71,85,3,0,50,1,48,40
5964,71,85,4,0,57,0,48,40
5965,71,86,0,0,41,1,40,32
5966,71,86,1,1,15,1,40,32
5967,71,86,2,0,28,1,40,32
5968,71,86,3,0,45,1,40,32
5969,71,86,4,0,45,0,40,32
5970,71,87,0,1,48,1,40,48
5971,71,87,1,1,33,1,40,48
5972,71,87,2,0,38,1,40,48
5973,71,87,3,1,54,1,40,48
5974,71,87,4,1,47,0,40,48
5975,71,87,5,1,53,0,40,48
5976,71,87,6,1,59,0,40,48
5977,71,87,7,1,34,0,40,48
5978,71,87,8,1,48,0,40,48
5979,71,87,9,1,50,0,40,48
5980,71,88,0,1,51,1,52,60
5981,71,88,1,0,49,1,52,60
5982,71,88,2,0,54,1,52,60
5983,71,88,3,1,48,1,52,60
5984,71,88,4,0,49,0,52,60
5985,71,88,5,0,52,0,52,60
5986,71,88,6,0,57,0,52,60
5987,71,88,7,0,47,0,52,60
5988,71,88,8,0,61,0,52,60
5989,71,88,9,0,49,0,52,60
5990,71,89,0,0,27,1,30,60
5991,71,89,1,1,64,1,30,60
5992,71,89,2,0,38,1,30,60
5993,71,89,3,0,46,1,30,60
5994,71,89,4,1,48,0,30,60
5995,71,90,0,1,44,1,52,40
5996,71,90,1,1,39,1,52,40
5997,71,90,2,0,54,1,52,40
5998,71,90,3,1,25,1,52,40
5999,71,90,4,0,51,0,52,40
6000,71,91,0,0,58,1,60,72
6001,71,91,1,1,70,1,60,72
6002,71,91,2,0,67,1,60,72
6003,71,91,3,1,69,1,60,72
6004,71,91,4,1,73,0,60,72
6005,71,92,0,0,67,1,60,48
6006,71,92,1,0,66,1,60,48
6007,71,92,2,0,67,1,60,48
6008,71,92,3,1,29,1,60,48
6009,71,92,4,0,50,0,60,48
6010,71,92,5,0,62,0,60,48
6011,71,92,6,0,67,0,60,48
6012,71,92,7,0,54,0,60,48
6013,71,92,8,0,68,0,60,48
6014,71,92,9,0,83,0,60,48
6015,71,93,0,1,32,1,40,28
6016,71,93,1,0,44,1,40,28
6017,71,93,2,0,38,1,40,28
6018,71,93,3,1,33,1,40,28
6019,71,93,4,0,43,0,40,28
6020,71,94,0,1,42,1,40,52
6021,71,94,1,0,50,1,40,52
6022,71,94,2,0,37,1,40,52
6023,71,94,3,1,36,1,40,52
6024,71,94,4,0,35,0,40,52
6025,71,95,0,1,59,1,80,60
6026,71,95,1,1,63,1,80,60
6027,71,95,2,0,79,1,80,60
6028,71,95,3,1,67,1,80,60
6029,71,95,4,0,90,0,80,60
6030,71,96,0,0,31,1,40,70
6031,71,96,1,1,73,1,40,70
6032,71,96,2,1,64,1,40,70
6033,71,96,3,1,75,1,40,70
6034,71,96,4,1,63,0,40,70
6035,71,97,0,0,58,1,60,72
6036,71,97,1,1,77,1,60,72
6037,71,97,2,0,61,1,60,72
6038,71,97,3,0,63,1,60,72
6039,71,97,4,1,67,0,60,72
6040,71,97,5,1,70,0,60,72
6041,71,97,6,1,64,0,60,72
6042,71,97,7,1,84,0,60,72
6043,71,97,8,1,85,0,60,72
6044,71,97,9,1,67,0,60,72
6045,71,98,0,0,94,1,90,60
6046,71,98,1,1,55,1,90,60
6047,71,98,2,0,80,1,90,60
6048,71,98,3,1,70,1,90,60
6049,71,98,4,0,91,0,90,60
6050,71,99,0,1,51,1,40,60
6051,71,99,1,0,44,1,40,60
6052,71,99,2,0,45,1,40,60
6053,71,99,3,1,75,1,40,60
6054,71,99,4,1,62,0,40,60
6055,72,0,0,0,32,1,40,36
6056,72,0,1,1,34,1,40,36
6057,72,0,2,1,33,1,40,36
6058,72,0,3,1,33,1,40,36
6059,72,0,4,1,19,0,40,36
6060,72,0,5,1,35,0,40,36
6061,72,0,6,0,34,0,40,36
6062,72,0,7,1,39,0,40,36
6063,72,0,8,1,27,0,40,36
6064,72,0,9,1,25,0,40,36
6065,72,1,0,0,55,1,60,48
6066,72,1,1,1,56,1,60,48
6067,72,1,2,0,74,1,60,48
6068,72,1,3,1,44,1,60,48
6069,72,1,4,1,55,0,60,48
6070,72,1,5,1,47,0,60,48
6071,72,1,6,0,51,0,60,48
6072,72,1,7,0,51,0,60,48
6073,72,1,8,0,54,0,60,48
6074,72,1,9,1,50,0,60,48
6075,72,2,0,1,45,1,40,36
6076,72,2,1,0,37,1,40,36
6077,72,2,2,0,38,1,40,36
6078,72,2,3,1,35,1,40,36
6079,72,2,4,1,21,0,40,36
6080,72,2,5,1,52,0,40,36
6081,72,2,6,1,32,0,40,36
6082,72,2,7,1,45,0,40,36
6083,72,2,8,1,16,0,40,36
6084,72,2,9,1,37,0,40,36
6085,72,3,0,1,54,1,40,48
6086,72,3,1,0,49,1,40,48
6087,72,3,2,0,37,1,40,48
6088,72,3,3,1,57,1,40,48
6089,72,3,4,0,40,0,40,48
6090,72,4,0,1,15,1,40,10
6091,72,4,1,0,38,1,40,10
6092,72,4,2,1,23,1,40,10
6093,72,4,3,0,34,1,40,10
6094,72,4,4,0,39,0,40,10
6095,72,5,0,1,55,1,60,56
6096,72,5,1,0,54,1,60,56
6097,72,5,2,1,55,1,60,56
6098,72,5,3,0,43,1,60,56
6099,72,5,4,1,60,0,60,56
6100,72,6,0,1,60,1,40,48
6101,72,6,1,1,44,1,40,48
6102,72,6,2,0,39,1,40,48
6103,72,6,3,1,49,1,40,48
6104,72,6,4,1,60,0,40,48
6105,72,6,5,1,52,0,40,48
6106,72,6,6,1,47,0,40,48
6107,72,6,7,1,54,0,40,48
6108,72,6,8,1,45,0,40,48
6109,72,6,9,1,20,0,40,48
6110,72,7,0,0,57,1,56,60
6111,72,7,1,0,76,1,56,60
6112,72,7,2,0,51,1,56,60
6113,72,7,3,1,45,1,56,60
6114,72,7,4,1,61,0,56,60
6115,72,8,0,1,59,1,48,60
6116,72,8,1,0,36,1,48,60
6117,72,8,2,1,63,1,48,60
6118,72,8,3,1,40,1,48,60
6119,72,8,4,1,56,0,48,60
6120,72,8,5,1,78,0,48,60
6121,72,8,6,1,53,0,48,60
6122,72,8,7,1,58,0,48,60
6123,72,8,8,1,65,0,48,60
6124,72,8,9,1,69,0,48,60
6125,72,9,0,1,60,1,80,60
6126,72,9,1,1,63,1,80,60
6127,72,9,2,0,69,1,80,60
6128,72,9,3,1,63,1,80,60
6129,72,9,4,1,71,0,80,60
6130,72,10,0,1,47,1,40,60
6131,72,10,1,0,52,1,40,60
6132,72,10,2,0,29,1,40,60
6133,72,10,3,0,36,1,40,60
6134,72,10,4,1,46,0,40,60
6135,72,11,0,1,78,1,40,70
6136,72,11,1,0,30,1,40,70
6137,72,11,2,1,70,1,40,70
6138,72,11,3,0,29,1,40,70
6139,72,11,4,0,49,0,40,70
6140,72,11,5,1,70,0,40,70
6141,72,11,6,1,68,0,40,70
6142,72,11,7,1,85,0,40,70
6143,72,11,8,1,86,0,40,70
6144,72,11,9,1,79,0,40,70
6145,72,12,0,0,36,1,40,32
6146,72,12,1,1,35,1,40,32
6147,72,12,2,0,31,1,40,32
6148,72,12,3,0,34,1,40,32
6149,72,12,4,1,43,0,40,32
6150,72,13,0,1,40,1,40,36
6151,72,13,1,0,52,1,40,36
6152,72,13,2,0,47,1,40,36
6153,72,13,3,0,39,1,40,36
6154,72,13,4,0,38,0,40,36
6155,72,13,5,1,54,0,40,36
6156,72,13,6,1,36,0,40,36
6157,72,13,7,0,33,0,40,36
6158,72,13,8,1,38,0,40,36
6159,72,13,9,1,37,0,40,36
6160,72,14,0,0,67,1,72,60
6161,72,14,1,1,56,1,72,60
6162,72,14,2,0,70,1,72,60
6163,72,14,3,1,72,1,72,60
6164,72,14,4,0,63,0,72,60
6165,72,14,5,0,86,0,72,60
6166,72,14,6,0,79,0,72,60
6167,72,14,7,0,86,0,72,60
6168,72,14,8,0,71,0,72,60
6169,72,14,9,0,74,0,72,60
6170,72,15,0,1,57,1,40,60
6171,72,15,1,1,62,1,40,60
6172,72,15,2,0,46,1,40,60
6173,72,15,3,0,49,1,40,60
6174,72,15,4,1,73,0,40,60
6175,72,15,5,1,56,0,40,60
6176,72,15,6,1,56,0,40,60
6177,72,15,7,1,59,0,40,60
6178,72,15,8,1,73,0,40,60
6179,72,15,9,1,59,0,40,60
6180,72,16,0,0,20,1,40,70
6181,72,16,1,1,80,1,40,70
6182,72,16,2,1,77,1,40,70
6183,72,16,3,1,75,1,40,70
6184,72,16,4,1,82,0,40,70
6185,72,17,0,1,62,1,40,60
6186,72,17,1,1,51,1,40,60
6187,72,17,2,0,49,1,40,60
6188,72,17,3,0,48,1,40,60
6189,72,17,4,1,70,0,40,60
6190,72,17,5,1,65,0,40,60
6191,72,17,6,1,46,0,40,60
6192,72,17,7,1,55,0,40,60
6193,72,17,8,1,60,0,40,60
6194,72,17,9,1,61,0,40,60
6195,72,18,0,1,55,1,70,40
6196,72,18,1,0,78,1,70,40
6197,72,18,2,0,90,1,70,40
6198,72,18,3,0,78,1,70,40
6199,72,18,4,0,79,0,70,40
6200,72,18,5,0,75,0,70,40
6201,72,18,6,0,68,0,70,40
6202,72,18,7,0,81,0,70,40
6203,72,18,8,0,74,0,70,40
6204,72,18,9,0,57,0,70,40
6205,72,19,0,0,53,1,60,56
6206,72,19,1,1,51,1,60,56
6207,72,19,2,1,55,1,60,56
6208,72,19,3,1,63,1,60,56
6209,72,19,4,1,54,0,60,56
6210,72,20,0,0,30,1,20,40
6211,72,20,1,1,42,1,20,40
6212,72,20,2,0,15,1,20,40
6213,72,20,3,1,35,1,20,40
6214,72,20,4,1,38,0,20,40
6215,72,21,0,0,74,1,80,60
6216,72,21,1,0,83,1,80,60
6217,72,21,2,0,86,1,80,60
6218,72,21,3,1,62,1,80,60
6219,72,21,4,0,85,0,80,60
6220,72,22,0,0,63,1,48,40
6221,72,22,1,1,34,1,48,40
6222,72,22,2,0,48,1,48,40
6223,72,22,3,0,49,1,48,40
6224,72,22,4,0,50,0,48,40
6225,72,22,5,0,46,0,48,40
6226,72,22,6,0,44,0,48,40
6227,72,22,7,0,53,0,48,40
6228,72,22,8,0,43,0,48,40
6229,72,22,9,0,51,0,48,40
6230,72,23,0,1,46,1,40,32
6231,72,23,1,0,48,1,40,32
6232,72,23,2,1,32,1,40,32
6233,72,23,3,1,41,1,40,32
6234,72,23,4,1,27,0,40,32
6235,72,23,5,0,46,0,40,32
6236,72,23,6,0,38,0,40,32
6237,72,23,7,0,28,0,40,32
6238,72,23,8,0,29,0,40,32
6239,72,23,9,1,41,0,40,32
6240,72,24,0,1,59,1,48,60
6241,72,24,1,0,47,1,48,60
6242,72,24,2,1,59,1,48,60
6243,72,24,3,1,52,1,48,60
6244,72,24,4,1,67,0,48,60
6245,72,24,5,1,75,0,48,60
6246,72,24,6,1,56,0,48,60
6247,72,24,7,1,72,0,48,60
6248,72,24,8,1,69,0,48,60
6249,72,24,9,1,54,0,48,60
6250,72,25,0,1,87,1,60,90
6251,72,25,1,0,53,1,60,90
6252,72,25,2,0,64,1,60,90
6253,72,25,3,1,93,1,60,90
6254,72,25,4,1,83,0,60,90
6255,72,26,0,1,69,1,52,60
6256,72,26,1,1,59,1,52,60
6257,72,26,2,1,68,1,52,60
6258,72,26,3,0,57,1,52,60
6259,72,26,4,1,57,0,52,60
6260,72,27,0,1,75,1,60,80
6261,72,27,1,0,63,1,60,80
6262,72,27,2,1,80,1,60,80
6263,72,27,3,1,81,1,60,80
6264,72,27,4,1,71,0,60,80
6265,72,27,5,1,73,0,60,80
6266,72,27,6,1,86,0,60,80
6267,72,27,7,1,74,0,60,80
6268,72,27,8,1,65,0,60,80
6269,72,27,9,1,72,0,60,80
6270,72,28,0,1,57,1,40,60
6271,72,28,1,1,60,1,40,60
6272,72,28,2,0,31,1,40,60
6273,72,28,3,0,41,1,40,60
6274,72,28,4,1,56,0,40,60
6275,72,28,5,1,48,0,40,60
6276,72,28,6,1,52,0,40,60
6277,72,28,7,1,62,0,40,60
6278,72,28,8,1,48,0,40,60
6279,72,28,9,1,68,0,40,60
6280,72,29,0,0,14,1,30,60
6281,72,29,1,0,13,1,30,60
6282,72,29,2,1,57,1,30,60
6283,72,29,3,0,31,1,30,60
6284,72,29,4,1,60,0,30,60
6285,72,29,5,1,63,0,30,60
6286,72,29,6,1,78,0,30,60
6287,72,29,7,1,55,0,30,60
6288,72,29,8,1,56,0,30,60
6289,72,29,9,1,59,0,30,60
6290,72,30,0,0,59,1,60,68
6291,72,30,1,1,83,1,60,68
6292,72,30,2,0,74,1,60,68
6293,72,30,3,1,69,1,60,68
6294,72,30,4,1,54,0,60,68
6295,72,30,5,1,72,0,60,68
6296,72,30,6,1,62,0,60,68
6297,72,30,7,1,65,0,60,68
6298,72,30,8,1,78,0,60,68
6299,72,30,9,1,75,0,60,68
6300,72,31,0,1,55,1,68,60
6301,72,31,1,1,56,1,68,60
6302,72,31,2,0,70,1,68,60
6303,72,31,3,1,48,1,68,60
6304,72,31,4,0,64,0,68,60
6305,72,32,0,1,53,1,40,48
6306,72,32,1,1,45,1,40,48
6307,72,32,2,0,44,1,40,48
6308,72,32,3,0,24,1,40,48
6309,72,32,4,1,30,0,40,48
6310,72,32,5,0,43,0,40,48
6311,72,32,6,0,32,0,40,48
6312,72,32,7,1,40,0,40,48
6313,72,32,8,1,51,0,40,48
6314,72,32,9,1,43,0,40,48
6315,72,33,0,1,17,1,40,20
6316,72,33,1,1,18,1,40,20
6317,72,33,2,0,23,1,40,20
6318,72,33,3,1,28,1,40,20
6319,72,33,4,1,21,0,40,20
6320,72,33,5,0,38,0,40,20
6321,72,33,6,0,47,0,40,20
6322,72,33,7,0,37,0,40,20
6323,72,33,8,0,34,0,40,20
6324,72,33,9,0,40,0,40,20
6325,72,34,0,0,37,1,30,60
6326,72,34,1,1,48,1,30,60
6327,72,34,2,1,63,1,30,60
6328,72,34,3,1,61,1,30,60
6329,72,34,4,1,57,0,30,60
6330,72,34,5,1,59,0,30,60
6331,72,34,6,1,75,0,30,60
6332,72,34,7,1,64,0,30,60
6333,72,34,8,1,61,0,30,60
6334,72,34,9,1,55,0,30,60
6335,72,35,0,1,62,1,40,60
6336,72,35,1,0,36,1,40,60
6337,72,35,2,0,38,1,40,60
6338,72,35,3,0,50,1,40,60
6339,72,35,4,1,57,0,40,60
6340,72,35,5,1,49,0,40,60
6341,72,35,6,1,68,0,40,60
6342,72,35,7,1,57,0,40,60
6343,72,35,8,1,63,0,40,60
6344,72,35,9,1,67,0,40,60
6345,72,36,0,0,33,1,36,40
6346,72,36,1,1,34,1,36,40
6347,72,36,2,1,45,1,36,40
6348,72,36,3,0,19,1,36,40
6349,72,36,4,1,45,0,36,40
6350,72,36,5,1,27,0,36,40
6351,72,36,6,1,44,0,36,40
6352,72,36,7,1,45,0,36,40
6353,72,36,8,1,30,0,36,40
6354,72,36,9,1,42,0,36,40
6355,72,37,0,1,66,1,80,60
6356,72,37,1,1,56,1,80,60
6357,72,37,2,0,99,1,80,60
6358,72,37,3,0,80,1,80,60
6359,72,37,4,0,82,0,80,60
6360,72,38,0,0,42,1,40,10
6361,72,38,1,0,40,1,40,10
6362,72,38,2,1,8,1,40,10
6363,72,38,3,1,2,1,40,10
6364,72,38,4,0,48,0,40,10
6365,72,38,5,0,54,0,40,10
6366,72,38,6,0,45,0,40,10
6367,72,38,7,0,67,0,40,10
6368,72,38,8,0,52,0,40,10
6369,72,38,9,0,45,0,40,10
6370,72,39,0,1,36,1,40,36
6371,72,39,1,0,38,1,40,36
6372,72,39,2,0,32,1,40,36
6373,72,39,3,0,44,1,40,36
6374,72,39,4,1,30,0,40,36
6375,72,39,5,1,46,0,40,36
6376,72,39,6,0,27,0,40,36
6377,72,39,7,1,22,0,40,36
6378,72,39,8,1,40,0,40,36
6379,72,39,9,1,47,0,40,36
6380,72,40,0,0,77,1,60,68
6381,72,40,1,1,65,1,60,68
6382,72,40,2,0,55,1,60,68
6383,72,40,3,1,64,1,60,68
6384,72,40,4,1,66,0,60,68
6385,72,40,5,0,63,0,60,68
6386,72,40,6,0,64,0,60,68
6387,72,40,7,0,65,0,60,68
6388,72,40,8,0,59,0,60,68
6389,72,40,9,0,64,0,60,68
6390,72,41,0,0,39,1,32,40
6391,72,41,1,0,23,1,32,40
6392,72,41,2,0,32,1,32,40
6393,72,41,3,1,44,1,32,40
6394,72,41,4,1,45,0,32,40
6395,72,41,5,1,49,0,32,40
6396,72,41,6,1,43,0,32,40
6397,72,41,7,1,51,0,32,40
6398,72,41,8,1,46,0,32,40
6399,72,41,9,1,31,0,32,40
6400,72,42,0,1,68,1,64,60
6401,72,42,1,1,68,1,64,60
6402,72,42,2,0,45,1,64,60
6403,72,42,3,0,75,1,64,60
6404,72,42,4,1,63,0,64,60
6405,72,43,0,1,57,1,40,60
6406,72,43,1,0,35,1,40,60
6407,72,43,2,0,45,1,40,60
6408,72,43,3,0,44,1,40,60
6409,72,43,4,1,43,0,40,60
6410,72,43,5,1,58,0,40,60
6411,72,43,6,1,64,0,40,60
6412,72,43,7,1,66,0,40,60
6413,72,43,8,1,48,0,40,60
6414,72,43,9,1,66,0,40,60
6415,72,44,0,1,21,1,40,28
6416,72,44,1,1,16,1,40,28
6417,72,44,2,1,15,1,40,28
6418,72,44,3,0,43,1,40,28
6419,72,44,4,0,36,0,40,28
6420,72,45,0,1,63,1,48,60
6421,72,45,1,0,55,1,48,60
6422,72,45,2,0,56,1,48,60
6423,72,45,3,0,51,1,48,60
6424,72,45,4,1,58,0,48,60
6425,72,46,0,0,70,1,60,80
6426,72,46,1,1,77,1,60,80
6427,72,46,2,0,74,1,60,80
6428,72,46,3,0,73,1,60,80
6429,72,46,4,1,75,0,60,80
6430,72,46,5,1,76,0,60,80
6431,72,46,6,1,89,0,60,80
6432,72,46,7,1,76,0,60,80
6433,72,46,8,1,86,0,60,80
6434,72,46,9,1,76,0,60,80
6435,72,47,0,0,7,1,10,40
6436,72,47,1,1,34,1,10,40
6437,72,47,2,1,30,1,10,40
6438,72,47,3,0,6,1,10,40
6439,72,47,4,1,46,0,10,40
6440,72,47,5,1,36,0,10,40
6441,72,47,6,1,42,0,10,40
6442,72,47,7,1,42,0,10,40
6443,72,47,8,1,37,0,10,40
6444,72,47,9,1,39,0,10,40
6445,72,48,0,0,37,1,40,60
6446,72,48,1,0,34,1,40,60
6447,72,48,2,1,73,1,40,60
6448,72,48,3,1,51,1,40,60
6449,72,48,4,1,63,0,40,60
6450,72,48,5,1,50,0,40,60
6451,72,48,6,1,61,0,40,60
6452,72,48,7,1,55,0,40,60
6453,72,48,8,1,62,0,40,60
6454,72,48,9,1,53,0,40,60
6455,72,49,0,1,48,1,40,48
6456,72,49,1,0,47,1,40,48
6457,72,49,2,0,51,1,40,48
6458,72,49,3,1,52,1,40,48
6459,72,49,4,0,43,0,40,48
6460,72,50,0,0,40,1,40,28
6461,72,50,1,1,31,1,40,28
6462,72,50,2,0,52,1,40,28
6463,72,50,3,1,13,1,40,28
6464,72,50,4,0,43,0,40,28
6465,72,51,0,0,65,1,60,56
6466,72,51,1,1,58,1,60,56
6467,72,51,2,1,50,1,60,56
6468,72,51,3,1,47,1,60,56
6469,72,51,4,0,58,0,60,56
6470,72,52,0,1,93,1,60,90
6471,72,52,1,0,66,1,60,90
6472,72,52,2,0,57,1,60,90
6473,72,52,3,1,94,1,60,90
6474,72,52,4,1,80,0,60,90
6475,72,53,0,1,67,1,40,48
6476,72,53,1,1,47,1,40,48
6477,72,53,2,0,51,1,40,48
6478,72,53,3,0,42,1,40,48
6479,72,53,4,1,56,0,40,48
6480,72,53,5,1,47,0,40,48
6481,72,53,6,1,47,0,40,48
6482,72,53,7,1,43,0,40,48
6483,72,53,8,1,57,0,40,48
6484,72,53,9,1,46,0,40,48
6485,72,54,0,1,67,1,48,60
6486,72,54,1,0,65,1,48,60
6487,72,54,2,1,50,1,48,60
6488,72,54,3,0,48,1,48,60
6489,72,54,4,1,69,0,48,60
6490,72,54,5,1,72,0,48,60
6491,72,54,6,1,56,0,48,60
6492,72,54,7,1,66,0,48,60
6493,72,54,8,1,66,0,48,60
6494,72,54,9,1,63,0,48,60
6495,72,55,0,0,58,1,60,72
6496,72,55,1,1,63,1,60,72
6497,72,55,2,0,53,1,60,72
6498,72,55,3,1,83,1,60,72
6499,72,55,4,1,85,0,60,72
6500,72,56,0,1,54,1,52,40
6501,72,56,1,0,47,1,52,40
6502,72,56,2,1,48,1,52,40
6503,72,56,3,1,50,1,52,40
6504,72,56,4,1,47,0,52,40
6505,72,56,5,0,39,0,52,40
6506,72,56,6,1,43,0,52,40
6507,72,56,7,1,40,0,52,40
6508,72,56,8,1,41,0,52,40
6509,72,56,9,1,42,0,52,40
6510,72,57,0,1,69,1,40,60
6511,72,57,1,1,64,1,40,60
6512,72,57,2,0,32,1,40,60
6513,72,57,3,0,35,1,40,60
6514,72,57,4,1,50,0,40,60
6515,72,57,5,1,76,0,40,60
6516,72,57,6,1,60,0,40,60
6517,72,57,7,1,61,0,40,60
6518,72,57,8,1,68,0,40,60
6519,72,57,9,1,52,0,40,60
6520,72,58,0,1,38,1,40,36
6521,72,58,1,0,20,1,40,36
6522,72,58,2,0,50,1,40,36
6523,72,58,3,1,20,1,40,36
6524,72,58,4,1,42,0,40,36
6525,72,58,5,1,27,0,40,36
6526,72,58,6,0,29,0,40,36
6527,72,58,7,1,35,0,40,36
6528,72,58,8,0,34,0,40,36
6529,72,58,9,1,22,0,40,36
6530,72,59,0,1,33,1,40,28
6531,72,59,1,0,42,1,40,28
6532,72,59,2,0,49,1,40,28
6533,72,59,3,1,28,1,40,28
6534,72,59,4,0,56,0,40,28
6535,72,60,0,1,21,1,60,30
6536,72,60,1,0,64,1,60,30
6537,72,60,2,1,27,1,60,30
6538,72,60,3,1,25,1,60,30
6539,72,60,4,0,57,0,60,30
6540,72,61,0,0,33,1,40,70
6541,72,61,1,1,80,1,40,70
6542,72,61,2,1,70,1,40,70
6543,72,61,3,0,36,1,40,70
6544,72,61,4,1,64,0,40,70
6545,72,61,5,1,64,0,40,70
6546,72,61,6,1,62,0,40,70
6547,72,61,7,1,71,0,40,70
6548,72,61,8,1,55,0,40,70
6549,72,61,9,1,58,0,40,70
6550,72,62,0,0,35,1,36,40
6551,72,62,1,1,41,1,36,40
6552,72,62,2,1,16,1,36,40
6553,72,62,3,0,29,1,36,40
6554,72,62,4,1,43,0,36,40
6555,72,62,5,1,36,0,36,40
6556,72,62,6,1,32,0,36,40
6557,72,62,7,0,36,0,36,40
6558,72,62,8,0,44,0,36,40
6559,72,62,9,1,38,0,36,40
6560,72,63,0,1,46,1,36,40
6561,72,63,1,0,36,1,36,40
6562,72,63,2,1,31,1,36,40
6563,72,63,3,0,34,1,36,40
6564,72,63,4,1,44,0,36,40
6565,72,64,0,1,16,1,40,10
6566,72,64,1,0,40,1,40,10
6567,72,64,2,0,43,1,40,10
6568,72,64,3,1,1,1,40,10
6569,72,64,4,0,55,0,40,10
6570,72,65,0,1,34,1,40,44
6571,72,65,1,1,46,1,40,44
6572,72,65,2,1,36,1,40,44
6573,72,65,3,0,37,1,40,44
6574,72,65,4,0,56,0,40,44
6575,72,66,0,1,62,1,52,60
6576,72,66,1,1,46,1,52,60
6577,72,66,2,1,48,1,52,60
6578,72,66,3,0,49,1,52,60
6579,72,66,4,0,62,0,52,60
6580,72,67,0,1,64,1,60,64
6581,72,67,1,1,64,1,60,64
6582,72,67,2,0,70,1,60,64
6583,72,67,3,0,55,1,60,64
6584,72,67,4,0,64,0,60,64
6585,72,67,5,0,59,0,60,64
6586,72,67,6,0,51,0,60,64
6587,72,67,7,0,60,0,60,64
6588,72,67,8,0,70,0,60,64
6589,72,67,9,0,57,0,60,64
6590,72,68,0,1,69,1,40,60
6591,72,68,1,0,35,1,40,60
6592,72,68,2,0,43,1,40,60
6593,72,68,3,0,45,1,40,60
6594,72,68,4,1,46,0,40,60
6595,72,69,0,1,70,1,48,60
6596,72,69,1,0,44,1,48,60
6597,72,69,2,1,48,1,48,60
6598,72,69,3,0,43,1,48,60
6599,72,69,4,1,63,0,48,60
6600,72,69,5,1,67,0,48,60
6601,72,69,6,1,49,0,48,60
6602,72,69,7,1,54,0,48,60
6603,72,69,8,1,72,0,48,60
6604,72,69,9,1,56,0,48,60
6605,72,70,0,1,44,1,52,40
6606,72,70,1,0,62,1,52,40
6607,72,70,2,1,35,1,52,40
6608,72,70,3,1,29,1,52,40
6609,72,70,4,0,52,0,52,40
6610,72,70,5,0,43,0,52,40
6611,72,70,6,0,53,0,52,40
6612,72,70,7,0,52,0,52,40
6613,72,70,8,0,48,0,52,40
6614,72,70,9,0,54,0,52,40
6615,72,71,0,1,28,1,60,30
6616,72,71,1,0,72,1,60,30
6617,72,71,2,1,26,1,60,30
6618,72,71,3,1,29,1,60,30
6619,72,71,4,0,75,0,60,30
6620,72,72,0,0,67,1,72,60
6621,72,72,1,1,41,1,72,60
6622,72,72,2,0,70,1,72,60
6623,72,72,3,1,75,1,72,60
6624,72,72,4,1,72,0,72,60
6625,72,72,5,1,61,0,72,60
6626,72,72,6,1,67,0,72,60
6627,72,72,7,1,58,0,72,60
6628,72,72,8,1,49,0,72,60
6629,72,72,9,1,57,0,72,60
6630,72,73,0,0,25,1,30,60
6631,72,73,1,0,30,1,30,60
6632,72,73,2,1,57,1,30,60
6633,72,73,3,0,25,1,30,60
6634,72,73,4,1,48,0,30,60
6635,72,73,5,1,55,0,30,60
6636,72,73,6,1,71,0,30,60
6637,72,73,7,1,41,0,30,60
6638,72,73,8,1,55,0,30,60
6639,72,73,9,1,62,0,30,60
6640,72,74,0,1,42,1,52,40
6641,72,74,1,1,30,1,52,40
6642,72,74,2,0,49,1,52,40
6643,72,74,3,1,51,1,52,40
6644,72,74,4,0,65,0,52,40
6645,72,75,0,1,46,1,60,52
6646,72,75,1,0,65,1,60,52
6647,72,75,2,0,53,1,60,52
6648,72,75,3,1,64,1,60,52
6649,72,75,4,0,61,0,60,52
6650,72,76,0,0,45,1,40,10
6651,72,76,1,0,16,1,40,10
6652,72,76,2,1,7,1,40,10
6653,72,76,3,1,27,1,40,10
6654,72,76,4,1,19,0,40,10
6655,72,76,5,1,4,0,40,10
6656,72,76,6,0,40,0,40,10
6657,72,76,7,0,51,0,40,10
6658,72,76,8,0,42,0,40,10
6659,72,76,9,0,47,0,40,10
6660,72,77,0,0,80,1,80,60
6661,72,77,1,0,87,1,80,60
6662,72,77,2,0,83,1,80,60
6663,72,77,3,1,61,1,80,60
6664,72,77,4,0,86,0,80,60
6665,72,78,0,1,26,1,40,20
6666,72,78,1,1,33,1,40,20
6667,72,78,2,0,42,1,40,20
6668,72,78,3,1,34,1,40,20
6669,72,78,4,0,32,0,40,20
6670,72,78,5,0,36,0,40,20
6671,72,78,6,0,44,0,40,20
6672,72,78,7,0,33,0,40,20
6673,72,78,8,0,42,0,40,20
6674,72,78,9,0,50,0,40,20
6675,72,79,0,0,56,1,64,60
6676,72,79,1,0,51,1,64,60
6677,72,79,2,1,70,1,64,60
6678,72,79,3,0,71,1,64,60
6679,72,79,4,1,55,0,64,60
6680,72,80,0,0,46,1,60,48
6681,72,80,1,0,71,1,60,48
6682,72,80,2,0,45,1,60,48
6683,72,80,3,1,37,1,60,48
6684,72,80,4,0,59,0,60,48
6685,72,80,5,0,34,0,60,48
6686,72,80,6,0,65,0,60,48
6687,72,80,7,0,66,0,60,48
6688,72,80,8,0,56,0,60,48
6689,72,80,9,0,64,0,60,48
6690,72,81,0,0,56,1,60,80
6691,72,81,1,1,91,1,60,80
6692,72,81,2,0,53,1,60,80
6693,72,81,3,0,61,1,60,80
6694,72,81,4,1,99,0,60,80
6695,72,81,5,1,84,0,60,80
6696,72,81,6,1,90,0,60,80
6697,72,81,7,1,73,0,60,80
6698,72,81,8,1,85,0,60,80
6699,72,81,9,1,86,0,60,80
6700,72,82,0,1,56,1,52,60
6701,72,82,1,0,55,1,52,60
6702,72,82,2,0,40,1,52,60
6703,72,82,3,1,48,1,52,60
6704,72,82,4,1,65,0,52,60
6705,72,82,5,1,59,0,52,60
6706,72,82,6,1,61,0,52,60
6707,72,82,7,1,59,0,52,60
6708,72,82,8,1,67,0,52,60
6709,72,82,9,1,56,0,52,60
6710,72,83,0,1,71,1,80,60
6711,72,83,1,1,49,1,80,60
6712,72,83,2,0,73,1,80,60
6713,72,83,3,0,71,1,80,60
6714,72,83,4,0,83,0,80,60
6715,72,84,0,0,18,1,20,40
6716,72,84,1,0,33,1,20,40
6717,72,84,2,1,39,1,20,40
6718,72,84,3,1,41,1,20,40
6719,72,84,4,1,42,0,20,40
6720,72,84,5,1,49,0,20,40
6721,72,84,6,1,42,0,20,40
6722,72,84,7,1,52,0,20,40
6723,72,84,8,1,57,0,20,40
6724,72,84,9,1,44,0,20,40
6725,72,85,0,1,40,1,48,40
6726,72,85,1,1,50,1,48,40
6727,72,85,2,0,59,1,48,40
6728,72,85,3,0,45,1,48,40
6729,72,85,4,0,52,0,48,40
6730,72,86,0,0,52,1,40,32
6731,72,86,1,1,28,1,40,32
6732,72,86,2,0,32,1,40,32
6733,72,86,3,0,34,1,40,32
6734,72,86,4,0,48,0,40,32
6735,72,87,0,1,52,1,40,48
6736,72,87,1,1,46,1,40,48
6737,72,87,2,0,40,1,40,48
6738,72,87,3,1,46,1,40,48
6739,72,87,4,1,54,0,40,48
6740,72,87,5,1,59,0,40,48
6741,72,87,6,1,38,0,40,48
6742,72,87,7,1,45,0,40,48
6743,72,87,8,1,48,0,40,48
6744,72,87,9,1,47,0,40,48
6745,72,88,0,1,65,1,52,60
6746,72,88,1,0,62,1,52,60
6747,72,88,2,0,51,1,52,60
6748,72,88,3,1,56,1,52,60
6749,72,88,4,0,70,0,52,60
6750,72,88,5,0,50,0,52,60
6751,72,88,6,0,41,0,52,60
6752,72,88,7,0,57,0,52,60
6753,72,88,8,0,42,0,52,60
6754,72,88,9,0,55,0,52,60
6755,72,89,0,0,14,1,30,60
6756,72,89,1,1,51,1,30,60
6757,72,89,2,0,38,1,30,60
6758,72,89,3,0,37,1,30,60
6759,72,89,4,1,61,0,30,60
6760,72,90,0,1,41,1,52,40
6761,72,90,1,1,56,1,52,40
6762,72,90,2,0,64,1,52,40
6763,72,90,3,1,34,1,52,40
6764,72,90,4,0,60,0,52,40
6765,72,91,0,0,60,1,60,72
6766,72,91,1,1,64,1,60,72
6767,72,91,2,0,57,1,60,72
6768,72,91,3,1,78,1,60,72
6769,72,91,4,1,70,0,60,72
6770,72,92,0,0,44,1,60,48
6771,72,92,1,0,57,1,60,48
6772,72,92,2,0,62,1,60,48
6773,72,92,3,1,39,1,60,48
6774,72,92,4,0,60,0,60,48
6775,72,92,5,0,45,0,60,48
6776,72,92,6,0,49,0,60,48
6777,72,92,7,0,42,0,60,48
6778,72,92,8,0,55,0,60,48
6779,72,92,9,0,61,0,60,48
6780,72,93,0,1,26,1,40,28
6781,72,93,1,0,48,1,40,28
6782,72,93,2,0,46,1,40,28
6783,72,93,3,1,11,1,40,28
6784,72,93,4,0,45,0,40,28
6785,72,94,0,1,47,1,40,52
6786,72,94,1,0,33,1,40,52
6787,72,94,2,0,34,1,40,52
6788,72,94,3,1,44,1,40,52
6789,72,94,4,1,62,0,40,52
6790,72,95,0,1,52,1,80,60
6791,72,95,1,1,49,1,80,60
6792,72,95,2,0,81,1,80,60
6793,72,95,3,1,65,1,80,60
6794,72,95,4,0,90,0,80,60
6795,72,96,0,0,43,1,40,70
6796,72,96,1,1,81,1,40,70
6797,72,96,2,1,73,1,40,70
6798,72,96,3,1,77,1,40,70
6799,72,96,4,1,52,0,40,70
6800,72,97,0,0,64,1,60,72
6801,72,97,1,1,73,1,60,72
6802,72,97,2,0,73,1,60,72
6803,72,97,3,0,60,1,60,72
6804,72,97,4,1,65,0,60,72
6805,72,97,5,1,69,0,60,72
6806,72,97,6,1,79,0,60,72
6807,72,97,7,1,71,0,60,72
6808,72,97,8,1,75,0,60,72
6809,72,97,9,1,68,0,60,72
6810,72,98,0,0,83,1,90,60
6811,72,98,1,1,55,1,90,60
6812,72,98,2,0,95,1,90,60
6813,72,98,3,1,63,1,90,60
6814,72,98,4,0,92,0,90,60
6815,72,99,0,1,58,1,40,60
6816,72,99,1,0,52,1,40,60
6817,72,99,2,0,50,1,40,60
6818,72,99,3,1,58,1,40,60
6819,72,99,4,1,53,0,40,60
6820,77,0,0,0,26,1,40,36
6821,77,0,1,1,30,1,40,36
6822,77,0,2,1,44,1,40,36
6823,77,0,3,1,27,1,40,36
6824,77,0,4,0,38,0,40,36
6825,77,0,5,1,36,0,40,36
6826,77,0,6,0,29,0,40,36
6827,77,0,7,1,34,0,40,36
6828,77,0,8,0,46,0,40,36
6829,77,0,9,1,39,0,40,36
6830,77,1,0,0,54,1,60,48
6831,77,1,1,1,39,1,60,48
6832,77,1,2,0,59,1,60,48
6833,77,1,3,1,35,1,60,48
6834,77,1,4,1,49,0,60,48
6835,77,1,5,1,40,0,60,48
6836,77,1,6,0,66,0,60,48
6837,77,1,7,0,62,0,60,48
6838,77,1,8,0,69,0,60,48
6839,77,1,9,0,60,0,60,48
6840,77,2,0,1,31,1,40,36
6841,77,2,1,0,57,1,40,36
6842,77,2,2,0,46,1,40,36
6843,77,2,3,1,37,1,40,36
6844,77,2,4,0,45,0,40,36
6845,77,2,5,0,35,0,40,36
6846,77,2,6,0,33,0,40,36
6847,77,2,7,0,57,0,40,36
6848,77,2,8,0,40,0,40,36
6849,77,2,9,0,39,0,40,36
6850,77,3,0,1,57,1,40,48
6851,77,3,1,0,46,1,40,48
6852,77,3,2,0,39,1,40,48
6853,77,3,3,1,42,1,40,48
6854,77,3,4,1,44,0,40,48
6855,77,4,0,1,20,1,40,10
6856,77,4,1,0,42,1,40,10
6857,77,4,2,1,18,1,40,10
6858,77,4,3,0,39,1,40,10
6859,77,4,4,0,35,0,40,10
6860,77,5,0,1,58,1,60,56
6861,77,5,1,0,73,1,60,56
6862,77,5,2,1,45,1,60,56
6863,77,5,3,0,59,1,60,56
6864,77,5,4,0,59,0,60,56
6865,77,6,0,1,42,1,40,48
6866,77,6,1,1,52,1,40,48
6867,77,6,2,0,52,1,40,48
6868,77,6,3,1,29,1,40,48
6869,77,6,4,0,57,0,40,48
6870,77,6,5,1,57,0,40,48
6871,77,6,6,0,39,0,40,48
6872,77,6,7,1,58,0,40,48
6873,77,6,8,0,39,0,40,48
6874,77,6,9,1,46,0,40,48
6875,77,7,0,0,42,1,56,60
6876,77,7,1,0,64,1,56,60
6877,77,7,2,0,58,1,56,60
6878,77,7,3,1,51,1,56,60
6879,77,7,4,0,46,0,56,60
6880,77,8,0,1,63,1,48,60
6881,77,8,1,0,39,1,48,60
6882,77,8,2,1,71,1,48,60
6883,77,8,3,1,53,1,48,60
6884,77,8,4,0,31,0,48,60
6885,77,8,5,1,47,0,48,60
6886,77,8,6,1,60,0,48,60
6887,77,8,7,1,64,0,48,60
6888,77,8,8,1,48,0,48,60
6889,77,8,9,1,56,0,48,60
6890,77,9,0,1,67,1,80,60
6891,77,9,1,1,61,1,80,60
6892,77,9,2,0,97,1,80,60
6893,77,9,3,1,60,1,80,60
6894,77,9,4,0,76,0,80,60
6895,77,10,0,1,54,1,40,60
6896,77,10,1,0,54,1,40,60
6897,77,10,2,0,39,1,40,60
6898,77,10,3,0,36,1,40,60
6899,77,10,4,0,29,0,40,60
6900,77,11,0,1,73,1,40,70
6901,77,11,1,0,27,1,40,70
6902,77,11,2,1,65,1,40,70
6903,77,11,3,0,38,1,40,70
6904,77,11,4,1,75,0,40,70
6905,77,11,5,0,31,0,40,70
6906,77,11,6,1,76,0,40,70
6907,77,11,7,1,80,0,40,70
6908,77,11,8,1,64,0,40,70
6909,77,11,9,1,78,0,40,70
6910,77,12,0,0,46,1,40,32
6911,77,12,1,1,54,1,40,32
6912,77,12,2,0,43,1,40,32
6913,77,12,3,0,49,1,40,32
6914,77,12,4,1,36,0,40,32
6915,77,13,0,1,26,1,40,36
6916,77,13,1,0,21,1,40,36
6917,77,13,2,0,43,1,40,36
6918,77,13,3,0,33,1,40,36
6919,77,13,4,1,34,0,40,36
6920,77,13,5,0,40,0,40,36
6921,77,13,6,1,43,0,40,36
6922,77,13,7,0,50,0,40,36
6923,77,13,8,0,42,0,40,36
6924,77,13,9,0,40,0,40,36
6925,77,14,0,0,72,1,72,60
6926,77,14,1,1,62,1,72,60
6927,77,14,2,0,72,1,72,60
6928,77,14,3,1,57,1,72,60
6929,77,14,4,0,68,0,72,60
6930,77,14,5,0,63,0,72,60
6931,77,14,6,0,73,0,72,60
6932,77,14,7,0,74,0,72,60
6933,77,14,8,0,82,0,72,60
6934,77,14,9,0,81,0,72,60
6935,77,15,0,1,49,1,40,60
6936,77,15,1,1,63,1,40,60
6937,77,15,2,0,47,1,40,60
6938,77,15,3,0,39,1,40,60
6939,77,15,4,1,66,0,40,60
6940,77,15,5,1,62,0,40,60
6941,77,15,6,1,66,0,40,60
6942,77,15,7,1,59,0,40,60
6943,77,15,8,1,54,0,40,60
6944,77,15,9,1,59,0,40,60
6945,77,16,0,0,31,1,40,70
6946,77,16,1,1,79,1,40,70
6947,77,16,2,1,71,1,40,70
6948,77,16,3,1,77,1,40,70
6949,77,16,4,1,61,0,40,70
6950,77,17,0,1,49,1,40,60
6951,77,17,1,1,57,1,40,60
6952,77,17,2,0,40,1,40,60
6953,77,17,3,0,40,1,40,60
6954,77,17,4,1,71,0,40,60
6955,77,17,5,1,51,0,40,60
6956,77,17,6,1,61,0,40,60
6957,77,17,7,1,49,0,40,60
6958,77,17,8,1,46,0,40,60
6959,77,17,9,1,62,0,40,60
6960,77,18,0,1,27,1,70,40
6961,77,18,1,0,82,1,70,40
6962,77,18,2,0,75,1,70,40
6963,77,18,3,0,63,1,70,40
6964,77,18,4,0,67,0,70,40
6965,77,18,5,0,70,0,70,40
6966,77,18,6,0,72,0,70,40
6967,77,18,7,0,64,0,70,40
6968,77,18,8,0,70,0,70,40
6969,77,18,9,0,65,0,70,40
6970,77,19,0,0,63,1,60,56
6971,77,19,1,1,55,1,60,56
6972,77,19,2,1,48,1,60,56
6973,77,19,3,1,38,1,60,56
6974,77,19,4,0,57,0,60,56
6975,77,20,0,0,22,1,20,40
6976,77,20,1,1,31,1,20,40
6977,77,20,2,0,4,1,20,40
6978,77,20,3,1,45,1,20,40
6979,77,20,4,1,35,0,20,40
6980,77,21,0,0,76,1,80,60
6981,77,21,1,0,68,1,80,60
6982,77,21,2,0,83,1,80,60
6983,77,21,3,1,57,1,80,60
6984,77,21,4,0,74,0,80,60
6985,77,22,0,0,53,1,48,40
6986,77,22,1,1,37,1,48,40
6987,77,22,2,0,49,1,48,40
6988,77,22,3,0,45,1,48,40
6989,77,22,4,0,49,0,48,40
6990,77,22,5,0,53,0,48,40
6991,77,22,6,0,58,0,48,40
6992,77,22,7,0,43,0,48,40
6993,77,22,8,0,63,0,48,40
6994,77,22,9,0,37,0,48,40
6995,77,23,0,1,27,1,40,32
6996,77,23,1,0,40,1,40,32
6997,77,23,2,1,27,1,40,32
6998,77,23,3,1,33,1,40,32
6999,77,23,4,0,32,0,40,32
7000,77,23,5,0,24,0,40,32
7001,77,23,6,0,36,0,40,32
7002,77,23,7,0,51,0,40,32
7003,77,23,8,0,30,0,40,32
7004,77,23,9,0,31,0,40,32
7005,77,24,0,1,52,1,48,60
7006,77,24,1,0,51,1,48,60
7007,77,24,2,1,44,1,48,60
7008,77,24,3,1,68,1,48,60
7009,77,24,4,0,60,0,48,60
7010,77,24,5,1,50,0,48,60
7011,77,24,6,0,54,0,48,60
7012,77,24,7,1,52,0,48,60
7013,77,24,8,0,46,0,48,60
7014,77,24,9,1,68,0,48,60
7015,77,25,0,1,100,1,60,90
7016,77,25,1,0,58,1,60,90
7017,77,25,2,0,80,1,60,90
7018,77,25,3,1,80,1,60,90
7019,77,25,4,1,85,0,60,90
7020,77,26,0,1,67,1,52,60
7021,77,26,1,1,57,1,52,60
7022,77,26,2,1,59,1,52,60
7023,77,26,3,0,54,1,52,60
7024,77,26,4,1,53,0,52,60
7025,77,27,0,1,69,1,60,80
7026,77,27,1,0,60,1,60,80
7027,77,27,2,1,71,1,60,80
7028,77,27,3,1,79,1,60,80
7029,77,27,4,1,79,0,60,80
7030,77,27,5,1,80,0,60,80
7031,77,27,6,1,80,0,60,80
7032,77,27,7,1,75,0,60,80
7033,77,27,8,1,86,0,60,80
7034,77,27,9,1,95,0,60,80
7035,77,28,0,1,62,1,40,60
7036,77,28,1,1,49,1,40,60
7037,77,28,2,0,41,1,40,60
7038,77,28,3,0,49,1,40,60
7039,77,28,4,1,55,0,40,60
7040,77,28,5,1,61,0,40,60
7041,77,28,6,1,57,0,40,60
7042,77,28,7,1,66,0,40,60
7043,77,28,8,1,52,0,40,60
7044,77,28,9,1,69,0,40,60
7045,77,29,0,0,27,1,30,60
7046,77,29,1,0,31,1,30,60
7047,77,29,2,1,58,1,30,60
7048,77,29,3,0,29,1,30,60
7049,77,29,4,1,60,0,30,60
7050,77,29,5,1,62,0,30,60
7051,77,29,6,1,47,0,30,60
7052,77,29,7,1,70,0,30,60
7053,77,29,8,1,54,0,30,60
7054,77,29,9,1,54,0,30,60
7055,77,30,0,0,57,1,60,68
7056,77,30,1,1,68,1,60,68
7057,77,30,2,0,51,1,60,68
7058,77,30,3,1,86,1,60,68
7059,77,30,4,1,72,0,60,68
7060,77,30,5,1,70,0,60,68
7061,77,30,6,1,75,0,60,68
7062,77,30,7,1,62,0,60,68
7063,77,30,8,1,50,0,60,68
7064,77,30,9,1,65,0,60,68
7065,77,31,0,1,63,1,68,60
7066,77,31,1,1,69,1,68,60
7067,77,31,2,0,61,1,68,60
7068,77,31,3,1,49,1,68,60
7069,77,31,4,1,72,0,68,60
7070,77,32,0,1,35,1,40,48
7071,77,32,1,1,46,1,40,48
7072,77,32,2,0,40,1,40,48
7073,77,32,3,0,41,1,40,48
7074,77,32,4,0,27,0,40,48
7075,77,32,5,1,51,0,40,48
7076,77,32,6,1,31,0,40,48
7077,77,32,7,1,29,0,40,48
7078,77,32,8,1,49,0,40,48
7079,77,32,9,1,40,0,40,48
7080,77,33,0,1,24,1,40,20
7081,77,33,1,1,8,1,40,20
7082,77,33,2,0,49,1,40,20
7083,77,33,3,1,17,1,40,20
7084,77,33,4,0,37,0,40,20
7085,77,33,5,0,62,0,40,20
7086,77,33,6,0,52,0,40,20
7087,77,33,7,0,46,0,40,20
7088,77,33,8,0,30,0,40,20
7089,77,33,9,0,28,0,40,20
7090,77,34,0,0,33,1,30,60
7091,77,34,1,1,66,1,30,60
7092,77,34,2,1,63,1,30,60
7093,77,34,3,1,60,1,30,60
7094,77,34,4,1,52,0,30,60
7095,77,34,5,1,56,0,30,60
7096,77,34,6,1,56,0,30,60
7097,77,34,7,1,73,0,30,60
7098,77,34,8,1,64,0,30,60
7099,77,34,9,1,53,0,30,60
7100,77,35,0,1,60,1,40,60
7101,77,35,1,0,41,1,40,60
7102,77,35,2,0,29,1,40,60
7103,77,35,3,0,47,1,40,60
7104,77,35,4,1,66,0,40,60
7105,77,35,5,1,47,0,40,60
7106,77,35,6,1,50,0,40,60
7107,77,35,7,1,55,0,40,60
7108,77,35,8,1,63,0,40,60
7109,77,35,9,1,57,0,40,60
7110,77,36,0,0,40,1,36,40
7111,77,36,1,1,49,1,36,40
7112,77,36,2,1,30,1,36,40
7113,77,36,3,0,36,1,36,40
7114,77,36,4,1,30,0,36,40
7115,77,36,5,1,37,0,36,40
7116,77,36,6,1,26,0,36,40
7117,77,36,7,1,43,0,36,40
7118,77,36,8,1,37,0,36,40
7119,77,36,9,1,41,0,36,40
7120,77,37,0,1,68,1,80,60
7121,77,37,1,1,64,1,80,60
7122,77,37,2,0,85,1,80,60
7123,77,37,3,0,83,1,80,60
7124,77,37,4,0,76,0,80,60
7125,77,38,0,0,52,1,40,10
7126,77,38,1,0,33,1,40,10
7127,77,38,2,1,5,1,40,10
7128,77,38,3,1,6,1,40,10
7129,77,38,4,0,47,0,40,10
7130,77,38,5,0,37,0,40,10
7131,77,38,6,0,42,0,40,10
7132,77,38,7,0,47,0,40,10
7133,77,38,8,0,43,0,40,10
7134,77,38,9,0,44,0,40,10
7135,77,39,0,1,43,1,40,36
7136,77,39,1,0,41,1,40,36
7137,77,39,2,0,47,1,40,36
7138,77,39,3,0,27,1,40,36
7139,77,39,4,1,44,0,40,36
7140,77,39,5,1,42,0,40,36
7141,77,39,6,1,34,0,40,36
7142,77,39,7,1,35,0,40,36
7143,77,39,8,1,29,0,40,36
7144,77,39,9,1,34,0,40,36
7145,77,40,0,0,58,1,60,68
7146,77,40,1,1,72,1,60,68
7147,77,40,2,0,66,1,60,68
7148,77,40,3,1,66,1,60,68
7149,77,40,4,0,57,0,60,68
7150,77,40,5,0,58,0,60,68
7151,77,40,6,0,55,0,60,68
7152,77,40,7,0,67,0,60,68
7153,77,40,8,0,50,0,60,68
7154,77,40,9,0,52,0,60,68
7155,77,41,0,0,37,1,32,40
7156,77,41,1,0,38,1,32,40
7157,77,41,2,0,33,1,32,40
7158,77,41,3,1,46,1,32,40
7159,77,41,4,1,35,0,32,40
7160,77,41,5,1,24,0,32,40
7161,77,41,6,0,35,0,32,40
7162,77,41,7,1,27,0,32,40
7163,77,41,8,0,35,0,32,40
7164,77,41,9,1,34,0,32,40
7165,77,42,0,1,55,1,64,60
7166,77,42,1,1,63,1,64,60
7167,77,42,2,0,79,1,64,60
7168,77,42,3,0,71,1,64,60
7169,77,42,4,0,58,0,64,60
7170,77,43,0,1,53,1,40,60
7171,77,43,1,0,38,1,40,60
7172,77,43,2,0,47,1,40,60
7173,77,43,3,0,39,1,40,60
7174,77,43,4,1,63,0,40,60
7175,77,43,5,1,66,0,40,60
7176,77,43,6,1,53,0,40,60
7177,77,43,7,1,63,0,40,60
7178,77,43,8,1,66,0,40,60
7179,77,43,9,1,48,0,40,60
7180,77,44,0,1,21,1,40,28
7181,77,44,1,1,30,1,40,28
7182,77,44,2,1,29,1,40,28
7183,77,44,3,0,30,1,40,28
7184,77,44,4,1,24,0,40,28
7185,77,45,0,1,63,1,48,60
7186,77,45,1,0,52,1,48,60
7187,77,45,2,0,33,1,48,60
7188,77,45,3,0,62,1,48,60
7189,77,45,4,1,68,0,48,60
7190,77,46,0,0,61,1,60,80
7191,77,46,1,1,74,1,60,80
7192,77,46,2,0,47,1,60,80
7193,77,46,3,0,56,1,60,80
7194,77,46,4,1,60,0,60,80
7195,77,46,5,1,67,0,60,80
7196,77,46,6,1,84,0,60,80
7197,77,46,7,1,67,0,60,80
7198,77,46,8,1,90,0,60,80
7199,77,46,9,1,82,0,60,80
7200,77,47,0,0,13,1,10,40
7201,77,47,1,1,49,1,10,40
7202,77,47,2,1,37,1,10,40
7203,77,47,3,0,13,1,10,40
7204,77,47,4,1,44,0,10,40
7205,77,47,5,1,37,0,10,40
7206,77,47,6,1,55,0,10,40
7207,77,47,7,1,32,0,10,40
7208,77,47,8,1,42,0,10,40
7209,77,47,9,1,21,0,10,40
7210,77,48,0,0,27,1,40,60
7211,77,48,1,0,38,1,40,60
7212,77,48,2,1,70,1,40,60
7213,77,48,3,1,70,1,40,60
7214,77,48,4,1,60,0,40,60
7215,77,48,5,1,47,0,40,60
7216,77,48,6,1,58,0,40,60
7217,77,48,7,1,69,0,40,60
7218,77,48,8,1,61,0,40,60
7219,77,48,9,1,67,0,40,60
7220,77,49,0,1,59,1,40,48
7221,77,49,1,0,37,1,40,48
7222,77,49,2,0,50,1,40,48
7223,77,49,3,1,55,1,40,48
7224,77,49,4,1,61,0,40,48
7225,77,50,0,0,44,1,40,28
7226,77,50,1,1,42,1,40,28
7227,77,50,2,0,57,1,40,28
7228,77,50,3,1,32,1,40,28
7229,77,50,4,0,38,0,40,28
7230,77,51,0,0,67,1,60,56
7231,77,51,1,1,63,1,60,56
7232,77,51,2,1,65,1,60,56
7233,77,51,3,1,50,1,60,56
7234,77,51,4,1,49,0,60,56
7235,77,52,0,1,99,1,60,90
7236,77,52,1,0,53,1,60,90
7237,77,52,2,0,58,1,60,90
7238,77,52,3,1,95,1,60,90
7239,77,52,4,1,90,0,60,90
7240,77,53,0,1,44,1,40,48
7241,77,53,1,1,50,1,40,48
7242,77,53,2,0,37,1,40,48
7243,77,53,3,0,44,1,40,48
7244,77,53,4,1,55,0,40,48
7245,77,53,5,1,39,0,40,48
7246,77,53,6,1,53,0,40,48
7247,77,53,7,1,29,0,40,48
7248,77,53,8,1,49,0,40,48
7249,77,53,9,1,47,0,40,48
7250,77,54,0,1,51,1,48,60
7251,77,54,1,0,44,1,48,60
7252,77,54,2,1,67,1,48,60
7253,77,54,3,0,60,1,48,60
7254,77,54,4,1,59,0,48,60
7255,77,54,5,1,56,0,48,60
7256,77,54,6,1,64,0,48,60
7257,77,54,7,1,53,0,48,60
7258,77,54,8,1,50,0,48,60
7259,77,54,9,1,50,0,48,60
7260,77,55,0,0,63,1,60,72
7261,77,55,1,1,68,1,60,72
7262,77,55,2,0,70,1,60,72
7263,77,55,3,1,70,1,60,72
7264,77,55,4,0,48,0,60,72
7265,77,56,0,1,49,1,52,40
7266,77,56,1,0,60,1,52,40
7267,77,56,2,1,39,1,52,40
7268,77,56,3,1,32,1,52,40
7269,77,56,4,0,41,0,52,40
7270,77,56,5,0,34,0,52,40
7271,77,56,6,0,54,0,52,40
7272,77,56,7,0,63,0,52,40
7273,77,56,8,0,46,0,52,40
7274,77,56,9,0,44,0,52,40
7275,77,57,0,1,74,1,40,60
7276,77,57,1,1,54,1,40,60
7277,77,57,2,0,46,1,40,60
7278,77,57,3,0,50,1,40,60
7279,77,57,4,1,71,0,40,60
7280,77,57,5,1,58,0,40,60
7281,77,57,6,1,57,0,40,60
7282,77,57,7,1,68,0,40,60
7283,77,57,8,1,59,0,40,60
7284,77,57,9,1,47,0,40,60
7285,77,58,0,1,31,1,40,36
7286,77,58,1,0,42,1,40,36
7287,77,58,2,0,32,1,40,36
7288,77,58,3,1,38,1,40,36
7289,77,58,4,0,30,0,40,36
7290,77,58,5,0,42,0,40,36
7291,77,58,6,0,35,0,40,36
7292,77,58,7,0,42,0,40,36
7293,77,58,8,0,47,0,40,36
7294,77,58,9,0,41,0,40,36
7295,77,59,0,1,30,1,40,28
7296,77,59,1,0,41,1,40,28
7297,77,59,2,0,50,1,40,28
7298,77,59,3,1,20,1,40,28
7299,77,59,4,0,36,0,40,28
7300,77,60,0,1,22,1,60,30
7301,77,60,1,0,53,1,60,30
7302,77,60,2,1,33,1,60,30
7303,77,60,3,1,28,1,60,30
7304,77,60,4,0,62,0,60,30
7305,77,61,0,0,27,1,40,70
7306,77,61,1,1,77,1,40,70
7307,77,61,2,1,55,1,40,70
7308,77,61,3,0,25,1,40,70
7309,77,61,4,1,79,0,40,70
7310,77,61,5,1,81,0,40,70
7311,77,61,6,1,78,0,40,70
7312,77,61,7,1,73,0,40,70
7313,77,61,8,1,71,0,40,70
7314,77,61,9,1,62,0,40,70
7315,77,62,0,0,38,1,36,40
7316,77,62,1,1,44,1,36,40
7317,77,62,2,1,46,1,36,40
7318,77,62,3,0,39,1,36,40
7319,77,62,4,1,41,0,36,40
7320,77,62,5,1,51,0,36,40
7321,77,62,6,1,41,0,36,40
7322,77,62,7,1,48,0,36,40
7323,77,62,8,1,58,0,36,40
7324,77,62,9,1,43,0,36,40
7325,77,63,0,1,41,1,36,40
7326,77,63,1,0,20,1,36,40
7327,77,63,2,1,46,1,36,40
7328,77,63,3,0,44,1,36,40
7329,77,63,4,1,35,0,36,40
7330,77,64,0,1,1,1,40,10
7331,77,64,1,0,37,1,40,10
7332,77,64,2,0,35,1,40,10
7333,77,64,3,1,6,1,40,10
7334,77,64,4,0,29,0,40,10
7335,77,65,0,1,52,1,40,44
7336,77,65,1,1,48,1,40,44
7337,77,65,2,1,30,1,40,44
7338,77,65,3,0,62,1,40,44
7339,77,65,4,1,34,0,40,44
7340,77,66,0,1,57,1,52,60
7341,77,66,1,1,67,1,52,60
7342,77,66,2,1,79,1,52,60
7343,77,66,3,0,58,1,52,60
7344,77,66,4,1,51,0,52,60
7345,77,67,0,1,55,1,60,64
7346,77,67,1,1,78,1,60,64
7347,77,67,2,0,57,1,60,64
7348,77,67,3,0,80,1,60,64
7349,77,67,4,1,62,0,60,64
7350,77,67,5,0,65,0,60,64
7351,77,67,6,0,42,0,60,64
7352,77,67,7,1,68,0,60,64
7353,77,67,8,0,73,0,60,64
7354,77,67,9,0,62,0,60,64
7355,77,68,0,1,62,1,40,60
7356,77,68,1,0,31,1,40,60
7357,77,68,2,0,38,1,40,60
7358,77,68,3,0,34,1,40,60
7359,77,68,4,1,67,0,40,60
7360,77,69,0,1,64,1,48,60
7361,77,69,1,0,48,1,48,60
7362,77,69,2,1,74,1,48,60
7363,77,69,3,0,49,1,48,60
7364,77,69,4,1,61,0,48,60
7365,77,69,5,1,71,0,48,60
7366,77,69,6,1,59,0,48,60
7367,77,69,7,1,56,0,48,60
7368,77,69,8,1,56,0,48,60
7369,77,69,9,1,55,0,48,60
7370,77,70,0,1,44,1,52,40
7371,77,70,1,0,51,1,52,40
7372,77,70,2,1,40,1,52,40
7373,77,70,3,1,36,1,52,40
7374,77,70,4,0,38,0,52,40
7375,77,70,5,0,52,0,52,40
7376,77,70,6,0,57,0,52,40
7377,77,70,7,0,50,0,52,40
7378,77,70,8,0,45,0,52,40
7379,77,70,9,0,53,0,52,40
7380,77,71,0,1,39,1,60,30
7381,77,71,1,0,64,1,60,30
7382,77,71,2,1,25,1,60,30
7383,77,71,3,1,34,1,60,30
7384,77,71,4,0,55,0,60,30
7385,77,72,0,0,71,1,72,60
7386,77,72,1,1,65,1,72,60
7387,77,72,2,0,72,1,72,60
7388,77,72,3,1,59,1,72,60
7389,77,72,4,0,85,0,72,60
7390,77,72,5,0,79,0,72,60
7391,77,72,6,0,73,0,72,60
7392,77,72,7,0,77,0,72,60
7393,77,72,8,0,86,0,72,60
7394,77,72,9,0,68,0,72,60
7395,77,73,0,0,20,1,30,60
7396,77,73,1,0,28,1,30,60
7397,77,73,2,1,55,1,30,60
7398,77,73,3,0,42,1,30,60
7399,77,73,4,1,58,0,30,60
7400,77,73,5,1,68,0,30,60
7401,77,73,6,1,71,0,30,60
7402,77,73,7,1,43,0,30,60
7403,77,73,8,1,49,0,30,60
7404,77,73,9,1,70,0,30,60
7405,77,74,0,1,32,1,52,40
7406,77,74,1,1,51,1,52,40
7407,77,74,2,0,57,1,52,40
7408,77,74,3,1,36,1,52,40
7409,77,74,4,0,49,0,52,40
7410,77,75,0,1,33,1,60,52
7411,77,75,1,0,60,1,60,52
7412,77,75,2,0,59,1,60,52
7413,77,75,3,1,42,1,60,52
7414,77,75,4,0,63,0,60,52
7415,77,76,0,0,52,1,40,10
7416,77,76,1,0,28,1,40,10
7417,77,76,2,1,10,1,40,10
7418,77,76,3,1,11,1,40,10
7419,77,76,4,0,47,0,40,10
7420,77,76,5,0,31,0,40,10
7421,77,76,6,0,30,0,40,10
7422,77,76,7,0,37,0,40,10
7423,77,76,8,0,33,0,40,10
7424,77,76,9,0,39,0,40,10
7425,77,77,0,0,85,1,80,60
7426,77,77,1,0,69,1,80,60
7427,77,77,2,0,77,1,80,60
7428,77,77,3,1,53,1,80,60
7429,77,77,4,0,90,0,80,60
7430,77,78,0,1,27,1,40,20
7431,77,78,1,1,12,1,40,20
7432,77,78,2,0,36,1,40,20
7433,77,78,3,1,15,1,40,20
7434,77,78,4,0,41,0,40,20
7435,77,78,5,0,38,0,40,20
7436,77,78,6,0,47,0,40,20
7437,77,78,7,0,38,0,40,20
7438,77,78,8,0,48,0,40,20
7439,77,78,9,0,42,0,40,20
7440,77,79,0,0,65,1,64,60
7441,77,79,1,0,62,1,64,60
7442,77,79,2,1,53,1,64,60
7443,77,79,3,0,69,1,64,60
7444,77,79,4,0,60,0,64,60
7445,77,80,0,0,65,1,60,48
7446,77,80,1,0,61,1,60,48
7447,77,80,2,0,62,1,60,48
7448,77,80,3,1,58,1,60,48
7449,77,80,4,0,65,0,60,48
7450,77,80,5,0,64,0,60,48
7451,77,80,6,0,64,0,60,48
7452,77,80,7,0,56,0,60,48
7453,77,80,8,0,68,0,60,48
7454,77,80,9,0,54,0,60,48
7455,77,81,0,0,44,1,60,80
7456,77,81,1,1,83,1,60,80
7457,77,81,2,0,70,1,60,80
7458,77,81,3,0,63,1,60,80
7459,77,81,4,1,76,0,60,80
7460,77,81,5,1,79,0,60,80
7461,77,81,6,1,80,0,60,80
7462,77,81,7,1,80,0,60,80
7463,77,81,8,1,86,0,60,80
7464,77,81,9,1,83,0,60,80
7465,77,82,0,1,69,1,52,60
7466,77,82,1,0,59,1,52,60
7467,77,82,2,0,58,1,52,60
7468,77,82,3,1,68,1,52,60
7469,77,82,4,1,66,0,52,60
7470,77,82,5,1,54,0,52,60
7471,77,82,6,1,59,0,52,60
7472,77,82,7,1,71,0,52,60
7473,77,82,8,1,53,0,52,60
7474,77,82,9,1,53,0,52,60
7475,77,83,0,1,54,1,80,60
7476,77,83,1,1,58,1,80,60
7477,77,83,2,0,83,1,80,60
7478,77,83,3,0,77,1,80,60
7479,77,83,4,0,72,0,80,60
7480,77,84,0,0,27,1,20,40
7481,77,84,1,0,22,1,20,40
7482,77,84,2,1,38,1,20,40
7483,77,84,3,1,35,1,20,40
7484,77,84,4,0,7,0,20,40
7485,77,84,5,1,40,0,20,40
7486,77,84,6,1,35,0,20,40
7487,77,84,7,1,50,0,20,40
7488,77,84,8,1,42,0,20,40
7489,77,84,9,1,40,0,20,40
7490,77,85,0,1,38,1,48,40
7491,77,85,1,1,42,1,48,40
7492,77,85,2,0,33,1,48,40
7493,77,85,3,0,60,1,48,40
7494,77,85,4,1,31,0,48,40
7495,77,86,0,0,46,1,40,32
7496,77,86,1,1,41,1,40,32
7497,77,86,2,0,30,1,40,32
7498,77,86,3,0,33,1,40,32
7499,77,86,4,1,35,0,40,32
7500,77,87,0,1,70,1,40,48
7501,77,87,1,1,56,1,40,48
7502,77,87,2,0,32,1,40,48
7503,77,87,3,1,44,1,40,48
7504,77,87,4,1,44,0,40,48
7505,77,87,5,1,47,0,40,48
7506,77,87,6,1,50,0,40,48
7507,77,87,7,1,62,0,40,48
7508,77,87,8,1,46,0,40,48
7509,77,87,9,1,54,0,40,48
7510,77,88,0,1,56,1,52,60
7511,77,88,1,0,54,1,52,60
7512,77,88,2,0,45,1,52,60
7513,77,88,3,1,62,1,52,60
7514,77,88,4,1,56,0,52,60
7515,77,88,5,1,59,0,52,60
7516,77,88,6,1,59,0,52,60
7517,77,88,7,1,71,0,52,60
7518,77,88,8,1,53,0,52,60
7519,77,88,9,1,74,0,52,60
7520,77,89,0,0,26,1,30,60
7521,77,89,1,1,64,1,30,60
7522,77,89,2,0,28,1,30,60
7523,77,89,3,0,32,1,30,60
7524,77,89,4,1,41,0,30,60
7525,77,90,0,1,31,1,52,40
7526,77,90,1,1,44,1,52,40
7527,77,90,2,0,49,1,52,40
7528,77,90,3,1,40,1,52,40
7529,77,90,4,0,52,0,52,40
7530,77,91,0,0,60,1,60,72
7531,77,91,1,1,74,1,60,72
7532,77,91,2,0,61,1,60,72
7533,77,91,3,1,94,1,60,72
7534,77,91,4,1,62,0,60,72
7535,77,92,0,0,58,1,60,48
7536,77,92,1,0,54,1,60,48
7537,77,92,2,0,64,1,60,48
7538,77,92,3,1,38,1,60,48
7539,77,92,4,0,74,0,60,48
7540,77,92,5,0,68,0,60,48
7541,77,92,6,0,61,0,60,48
7542,77,92,7,0,54,0,60,48
7543,77,92,8,0,59,0,60,48
7544,77,92,9,0,61,0,60,48
7545,77,93,0,1,35,1,40,28
7546,77,93,1,0,46,1,40,28
7547,77,93,2,0,38,1,40,28
7548,77,93,3,1,23,1,40,28
7549,77,93,4,0,54,0,40,28
7550,77,94,0,1,53,1,40,52
7551,77,94,1,0,47,1,40,52
7552,77,94,2,0,42,1,40,52
7553,77,94,3,1,49,1,40,52
7554,77,94,4,1,56,0,40,52
7555,77,95,0,1,67,1,80,60
7556,77,95,1,1,63,1,80,60
7557,77,95,2,0,80,1,80,60
7558,77,95,3,1,56,1,80,60
7559,77,95,4,0,85,0,80,60
7560,77,96,0,0,62,1,40,70
7561,77,96,1,1,71,1,40,70
7562,77,96,2,1,75,1,40,70
7563,77,96,3,1,76,1,40,70
7564,77,96,4,1,70,0,40,70
7565,77,97,0,0,47,1,60,72
7566,77,97,1,1,69,1,60,72
7567,77,97,2,0,56,1,60,72
7568,77,97,3,0,62,1,60,72
7569,77,97,4,1,67,0,60,72
7570,77,97,5,1,71,0,60,72
7571,77,97,6,1,66,0,60,72
7572,77,97,7,1,70,0,60,72
7573,77,97,8,1,65,0,60,72
7574,77,97,9,1,69,0,60,72
7575,77,98,0,0,90,1,90,60
7576,77,98,1,1,57,1,90,60
7577,77,98,2,0,99,1,90,60
7578,77,98,3,1,60,1,90,60
7579,77,98,4,0,92,0,90,60
7580,77,99,0,1,54,1,40,60
7581,77,99,1,0,34,1,40,60
7582,77,99,2,0,42,1,40,60
7583,77,99,3,1,68,1,40,60
7584,77,99,4,1,60,0,40,60
7585,80,0,0,0,17,1,40,36
7586,80,0,1,1,22,1,40,36
7587,80,0,2,1,26,1,40,36
7588,80,0,3,1,31,1,40,36
7589,80,0,4,0,48,0,40,36
7590,80,0,5,1,39,0,40,36
7591,80,0,6,0,47,0,40,36
7592,80,0,7,0,34,0,40,36
7593,80,0,8,0,42,0,40,36
7594,80,0,9,0,41,0,40,36
7595,80,1,0,0,62,1,60,48
7596,80,1,1,1,52,1,60,48
7597,80,1,2,0,50,1,60,48
7598,80,1,3,1,53,1,60,48
7599,80,1,4,0,53,0,60,48
7600,80,1,5,1,49,0,60,48
7601,80,1,6,0,59,0,60,48
7602,80,1,7,0,58,0,60,48
7603,80,1,8,0,48,0,60,48
7604,80,1,9,0,61,0,60,48
7605,80,2,0,1,44,1,40,36
7606,80,2,1,0,45,1,40,36
7607,80,2,2,0,50,1,40,36
7608,80,2,3,1,39,1,40,36
7609,80,2,4,0,21,0,40,36
7610,80,2,5,1,45,0,40,36
7611,80,2,6,0,50,0,40,36
7612,80,2,7,0,47,0,40,36
7613,80,2,8,0,44,0,40,36
7614,80,2,9,0,52,0,40,36
7615,80,3,0,1,38,1,40,48
7616,80,3,1,0,32,1,40,48
7617,80,3,2,0,57,1,40,48
7618,80,3,3,1,37,1,40,48
7619,80,3,4,0,40,0,40,48
7620,80,4,0,1,8,1,40,10
7621,80,4,1,0,55,1,40,10
7622,80,4,2,1,12,1,40,10
7623,80,4,3,0,43,1,40,10
7624,80,4,4,0,44,0,40,10
7625,80,5,0,1,51,1,60,56
7626,80,5,1,0,68,1,60,56
7627,80,5,2,1,50,1,60,56
7628,80,5,3,0,59,1,60,56
7629,80,5,4,0,53,0,60,56
7630,80,6,0,1,55,1,40,48
7631,80,6,1,1,48,1,40,48
7632,80,6,2,0,33,1,40,48
7633,80,6,3,1,36,1,40,48
7634,80,6,4,0,46,0,40,48
7635,80,6,5,0,34,0,40,48
7636,80,6,6,1,43,0,40,48
7637,80,6,7,1,50,0,40,48
7638,80,6,8,1,33,0,40,48
7639,80,6,9,1,61,0,40,48
7640,80,7,0,0,55,1,56,60
7641,80,7,1,0,72,1,56,60
7642,80,7,2,0,52,1,56,60
7643,80,7,3,1,66,1,56,60
7644,80,7,4,1,75,0,56,60
7645,80,8,0,1,55,1,48,60
7646,80,8,1,0,55,1,48,60
7647,80,8,2,1,81,1,48,60
7648,80,8,3,1,61,1,48,60
7649,80,8,4,0,54,0,48,60
7650,80,8,5,0,36,0,48,60
7651,80,8,6,1,70,0,48,60
7652,80,8,7,1,53,0,48,60
7653,80,8,8,1,53,0,48,60
7654,80,8,9,1,48,0,48,60
7655,80,9,0,1,54,1,80,60
7656,80,9,1,1,61,1,80,60
7657,80,9,2,0,91,1,80,60
7658,80,9,3,1,55,1,80,60
7659,80,9,4,0,65,0,80,60
7660,80,10,0,1,56,1,40,60
7661,80,10,1,0,36,1,40,60
7662,80,10,2,0,36,1,40,60
7663,80,10,3,0,47,1,40,60
7664,80,10,4,1,76,0,40,60
7665,80,11,0,1,70,1,40,70
7666,80,11,1,0,44,1,40,70
7667,80,11,2,1,66,1,40,70
7668,80,11,3,0,32,1,40,70
7669,80,11,4,1,68,0,40,70
7670,80,11,5,1,73,0,40,70
7671,80,11,6,1,74,0,40,70
7672,80,11,7,1,66,0,40,70
7673,80,11,8,1,74,0,40,70
7674,80,11,9,1,58,0,40,70
7675,80,12,0,0,47,1,40,32
7676,80,12,1,1,34,1,40,32
7677,80,12,2,0,41,1,40,32
7678,80,12,3,0,43,1,40,32
7679,80,12,4,0,41,0,40,32
7680,80,13,0,1,37,1,40,36
7681,80,13,1,0,45,1,40,36
7682,80,13,2,0,48,1,40,36
7683,80,13,3,0,48,1,40,36
7684,80,13,4,0,55,0,40,36
7685,80,13,5,0,33,0,40,36
7686,80,13,6,0,47,0,40,36
7687,80,13,7,0,48,0,40,36
7688,80,13,8,0,56,0,40,36
7689,80,13,9,0,25,0,40,36
7690,80,14,0,0,67,1,72,60
7691,80,14,1,1,65,1,72,60
7692,80,14,2,0,69,1,72,60
7693,80,14,3,1,53,1,72,60
7694,80,14,4,1,63,0,72,60
7695,80,14,5,0,80,0,72,60
7696,80,14,6,0,80,0,72,60
7697,80,14,7,0,64,0,72,60
7698,80,14,8,0,65,0,72,60
7699,80,14,9,0,71,0,72,60
7700,80,15,0,1,63,1,40,60
7701,80,15,1,1,60,1,40,60
7702,80,15,2,0,31,1,40,60
7703,80,15,3,0,48,1,40,60
7704,80,15,4,0,30,0,40,60
7705,80,15,5,1,62,0,40,60
7706,80,15,6,1,51,0,40,60
7707,80,15,7,1,61,0,40,60
7708,80,15,8,1,53,0,40,60
7709,80,15,9,1,70,0,40,60
7710,80,16,0,0,43,1,40,70
7711,80,16,1,1,69,1,40,70
7712,80,16,2,1,91,1,40,70
7713,80,16,3,1,56,1,40,70
7714,80,16,4,1,70,0,40,70
7715,80,17,0,1,57,1,40,60
7716,80,17,1,1,66,1,40,60
7717,80,17,2,0,50,1,40,60
7718,80,17,3,0,53,1,40,60
7719,80,17,4,1,57,0,40,60
7720,80,17,5,1,66,0,40,60
7721,80,17,6,1,65,0,40,60
7722,80,17,7,1,69,0,40,60
7723,80,17,8,1,61,0,40,60
7724,80,17,9,1,62,0,40,60
7725,80,18,0,1,42,1,70,40
7726,80,18,1,0,65,1,70,40
7727,80,18,2,0,80,1,70,40
7728,80,18,3,0,67,1,70,40
7729,80,18,4,0,68,0,70,40
7730,80,18,5,0,67,0,70,40
7731,80,18,6,0,75,0,70,40
7732,80,18,7,0,81,0,70,40
7733,80,18,8,0,86,0,70,40
7734,80,18,9,0,73,0,70,40
7735,80,19,0,0,75,1,60,56
7736,80,19,1,1,59,1,60,56
7737,80,19,2,1,51,1,60,56
7738,80,19,3,1,63,1,60,56
7739,80,19,4,0,70,0,60,56
7740,80,20,0,0,7,1,20,40
7741,80,20,1,1,38,1,20,40
7742,80,20,2,0,26,1,20,40
7743,80,20,3,1,36,1,20,40
7744,80,20,4,1,32,0,20,40
7745,80,21,0,0,76,1,80,60
7746,80,21,1,0,73,1,80,60
7747,80,21,2,0,84,1,80,60
7748,80,21,3,1,76,1,80,60
7749,80,21,4,0,76,0,80,60
7750,80,22,0,0,49,1,48,40
7751,80,22,1,1,36,1,48,40
7752,80,22,2,0,44,1,48,40
7753,80,22,3,0,51,1,48,40
7754,80,22,4,0,36,0,48,40
7755,80,22,5,0,55,0,48,40
7756,80,22,6,0,54,0,48,40
7757,80,22,7,0,49,0,48,40
7758,80,22,8,0,48,0,48,40
7759,80,22,9,0,40,0,48,40
7760,80,23,0,1,20,1,40,32
7761,80,23,1,0,42,1,40,32
7762,80,23,2,1,35,1,40,32
7763,80,23,3,1,16,1,40,32
7764,80,23,4,0,28,0,40,32
7765,80,23,5,0,41,0,40,32
7766,80,23,6,0,24,0,40,32
7767,80,23,7,0,36,0,40,32
7768,80,23,8,0,45,0,40,32
7769,80,23,9,0,41,0,40,32
7770,80,24,0,1,52,1,48,60
7771,80,24,1,0,39,1,48,60
7772,80,24,2,1,81,1,48,60
7773,80,24,3,1,71,1,48,60
7774,80,24,4,1,50,0,48,60
7775,80,24,5,1,48,0,48,60
7776,80,24,6,1,64,0,48,60
7777,80,24,7,1,66,0,48,60
7778,80,24,8,1,63,0,48,60
7779,80,24,9,1,61,0,48,60
7780,80,25,0,1,100,1,60,90
7781,80,25,1,0,59,1,60,90
7782,80,25,2,0,62,1,60,90
7783,80,25,3,1,92,1,60,90
7784,80,25,4,1,87,0,60,90
7785,80,26,0,1,61,1,52,60
7786,80,26,1,1,61,1,52,60
7787,80,26,2,1,50,1,52,60
7788,80,26,3,0,53,1,52,60
7789,80,26,4,1,56,0,52,60
7790,80,27,0,1,88,1,60,80
7791,80,27,1,0,66,1,60,80
7792,80,27,2,1,86,1,60,80
7793,80,27,3,1,60,1,60,80
7794,80,27,4,1,82,0,60,80
7795,80,27,5,1,76,0,60,80
7796,80,27,6,1,75,0,60,80
7797,80,27,7,1,77,0,60,80
7798,80,27,8,1,79,0,60,80
7799,80,27,9,1,68,0,60,80
7800,80,28,0,1,60,1,40,60
7801,80,28,1,1,63,1,40,60
7802,80,28,2,0,55,1,40,60
7803,80,28,3,0,36,1,40,60
7804,80,28,4,1,54,0,40,60
7805,80,28,5,1,67,0,40,60
7806,80,28,6,1,53,0,40,60
7807,80,28,7,1,48,0,40,60
7808,80,28,8,1,58,0,40,60
7809,80,28,9,1,62,0,40,60
7810,80,29,0,0,38,1,30,60
7811,80,29,1,0,25,1,30,60
7812,80,29,2,1,57,1,30,60
7813,80,29,3,0,27,1,30,60
7814,80,29,4,1,67,0,30,60
7815,80,29,5,1,73,0,30,60
7816,80,29,6,1,66,0,30,60
7817,80,29,7,1,48,0,30,60
7818,80,29,8,1,60,0,30,60
7819,80,29,9,1,54,0,30,60
7820,80,30,0,0,53,1,60,68
7821,80,30,1,1,74,1,60,68
7822,80,30,2,0,67,1,60,68
7823,80,30,3,1,77,1,60,68
7824,80,30,4,0,58,0,60,68
7825,80,30,5,1,60,0,60,68
7826,80,30,6,1,82,0,60,68
7827,80,30,7,1,53,0,60,68
7828,80,30,8,1,70,0,60,68
7829,80,30,9,1,76,0,60,68
7830,80,31,0,1,62,1,68,60
7831,80,31,1,1,64,1,68,60
7832,80,31,2,0,79,1,68,60
7833,80,31,3,1,65,1,68,60
7834,80,31,4,0,61,0,68,60
7835,80,32,0,1,48,1,40,48
7836,80,32,1,1,56,1,40,48
7837,80,32,2,0,43,1,40,48
7838,80,32,3,0,44,1,40,48
7839,80,32,4,1,36,0,40,48
7840,80,32,5,1,61,0,40,48
7841,80,32,6,1,64,0,40,48
7842,80,32,7,1,40,0,40,48
7843,80,32,8,1,65,0,40,48
7844,80,32,9,1,51,0,40,48
7845,80,33,0,1,1,1,40,20
7846,80,33,1,1,42,1,40,20
7847,80,33,2,0,53,1,40,20
7848,80,33,3,1,19,1,40,20
7849,80,33,4,0,55,0,40,20
7850,80,33,5,0,50,0,40,20
7851,80,33,6,0,35,0,40,20
7852,80,33,7,0,45,0,40,20
7853,80,33,8,0,44,0,40,20
7854,80,33,9,0,39,0,40,20
7855,80,34,0,0,38,1,30,60
7856,80,34,1,1,70,1,30,60
7857,80,34,2,1,80,1,30,60
7858,80,34,3,1,51,1,30,60
7859,80,34,4,1,55,0,30,60
7860,80,34,5,1,64,0,30,60
7861,80,34,6,1,65,0,30,60
7862,80,34,7,1,70,0,30,60
7863,80,34,8,1,75,0,30,60
7864,80,34,9,1,62,0,30,60
7865,80,35,0,1,68,1,40,60
7866,80,35,1,0,46,1,40,60
7867,80,35,2,0,40,1,40,60
7868,80,35,3,0,37,1,40,60
7869,80,35,4,1,52,0,40,60
7870,80,35,5,1,45,0,40,60
7871,80,35,6,1,56,0,40,60
7872,80,35,7,1,43,0,40,60
7873,80,35,8,1,63,0,40,60
7874,80,35,9,1,59,0,40,60
7875,80,36,0,0,29,1,36,40
7876,80,36,1,1,37,1,36,40
7877,80,36,2,1,49,1,36,40
7878,80,36,3,0,33,1,36,40
7879,80,36,4,1,46,0,36,40
7880,80,36,5,1,50,0,36,40
7881,80,36,6,1,57,0,36,40
7882,80,36,7,1,52,0,36,40
7883,80,36,8,1,34,0,36,40
7884,80,36,9,1,42,0,36,40
7885,80,37,0,1,66,1,80,60
7886,80,37,1,1,55,1,80,60
7887,80,37,2,0,77,1,80,60
7888,80,37,3,0,70,1,80,60
7889,80,37,4,0,86,0,80,60
7890,80,38,0,0,50,1,40,10
7891,80,38,1,0,27,1,40,10
7892,80,38,2,1,14,1,40,10
7893,80,38,3,1,2,1,40,10
7894,80,38,4,0,31,0,40,10
7895,80,38,5,0,43,0,40,10
7896,80,38,6,0,31,0,40,10
7897,80,38,7,0,40,0,40,10
7898,80,38,8,0,32,0,40,10
7899,80,38,9,0,37,0,40,10
7900,80,39,0,1,40,1,40,36
7901,80,39,1,0,54,1,40,36
7902,80,39,2,0,44,1,40,36
7903,80,39,3,0,39,1,40,36
7904,80,39,4,0,52,0,40,36
7905,80,39,5,0,44,0,40,36
7906,80,39,6,0,36,0,40,36
7907,80,39,7,0,36,0,40,36
7908,80,39,8,0,35,0,40,36
7909,80,39,9,0,36,0,40,36
7910,80,40,0,0,45,1,60,68
7911,80,40,1,1,50,1,60,68
7912,80,40,2,0,61,1,60,68
7913,80,40,3,1,74,1,60,68
7914,80,40,4,1,58,0,60,68
7915,80,40,5,1,74,0,60,68
7916,80,40,6,1,78,0,60,68
7917,80,40,7,1,59,0,60,68
7918,80,40,8,1,60,0,60,68
7919,80,40,9,1,54,0,60,68
7920,80,41,0,0,27,1,32,40
7921,80,41,1,0,33,1,32,40
7922,80,41,2,0,31,1,32,40
7923,80,41,3,1,36,1,32,40
7924,80,41,4,1,46,0,32,40
7925,80,41,5,1,47,0,32,40
7926,80,41,6,1,43,0,32,40
7927,80,41,7,1,38,0,32,40
7928,80,41,8,1,45,0,32,40
7929,80,41,9,1,51,0,32,40
7930,80,42,0,1,70,1,64,60
7931,80,42,1,1,58,1,64,60
7932,80,42,2,0,62,1,64,60
7933,80,42,3,0,73,1,64,60
7934,80,42,4,0,60,0,64,60
7935,80,43,0,1,70,1,40,60
7936,80,43,1,0,31,1,40,60
7937,80,43,2,0,41,1,40,60
7938,80,43,3,0,22,1,40,60
7939,80,43,4,1,67,0,40,60
7940,80,43,5,1,55,0,40,60
7941,80,43,6,1,59,0,40,60
7942,80,43,7,1,78,0,40,60
7943,80,43,8,1,63,0,40,60
7944,80,43,9,1,77,0,40,60
7945,80,44,0,1,39,1,40,28
7946,80,44,1,1,23,1,40,28
7947,80,44,2,1,21,1,40,28
7948,80,44,3,0,35,1,40,28
7949,80,44,4,0,53,0,40,28
7950,80,45,0,1,36,1,48,60
7951,80,45,1,0,37,1,48,60
7952,80,45,2,0,53,1,48,60
7953,80,45,3,0,62,1,48,60
7954,80,45,4,0,50,0,48,60
7955,80,46,0,0,47,1,60,80
7956,80,46,1,1,69,1,60,80
7957,80,46,2,0,57,1,60,80
7958,80,46,3,0,47,1,60,80
7959,80,46,4,1,86,0,60,80
7960,80,46,5,1,79,0,60,80
7961,80,46,6,1,71,0,60,80
7962,80,46,7,1,90,0,60,80
7963,80,46,8,1,83,0,60,80
7964,80,46,9,1,86,0,60,80
7965,80,47,0,0,14,1,10,40
7966,80,47,1,1,40,1,10,40
7967,80,47,2,1,33,1,10,40
7968,80,47,3,0,19,1,10,40
7969,80,47,4,1,37,0,10,40
7970,80,47,5,1,39,0,10,40
7971,80,47,6,1,40,0,10,40
7972,80,47,7,1,54,0,10,40
7973,80,47,8,1,37,0,10,40
7974,80,47,9,1,47,0,10,40
7975,80,48,0,0,29,1,40,60
7976,80,48,1,0,40,1,40,60
7977,80,48,2,1,60,1,40,60
7978,80,48,3,1,54,1,40,60
7979,80,48,4,1,63,0,40,60
7980,80,48,5,1,78,0,40,60
7981,80,48,6,1,63,0,40,60
7982,80,48,7,1,65,0,40,60
7983,80,48,8,1,67,0,40,60
7984,80,48,9,1,66,0,40,60
7985,80,49,0,1,42,1,40,48
7986,80,49,1,0,44,1,40,48
7987,80,49,2,0,51,1,40,48
7988,80,49,3,1,34,1,40,48
7989,80,49,4,0,38,0,40,48
7990,80,50,0,0,51,1,40,28
7991,80,50,1,1,35,1,40,28
7992,80,50,2,0,40,1,40,28
7993,80,50,3,1,19,1,40,28
7994,80,50,4,0,32,0,40,28
7995,80,51,0,0,66,1,60,56
7996,80,51,1,1,57,1,60,56
7997,80,51,2,1,57,1,60,56
7998,80,51,3,1,62,1,60,56
7999,80,51,4,0,65,0,60,56
8000,80,52,0,1,82,1,60,90
8001,80,52,1,0,59,1,60,90
8002,80,52,2,0,48,1,60,90
8003,80,52,3,1,94,1,60,90
8004,80,52,4,1,95,0,60,90
8005,80,53,0,1,49,1,40,48
8006,80,53,1,1,41,1,40,48
8007,80,53,2,0,38,1,40,48
8008,80,53,3,0,34,1,40,48
8009,80,53,4,1,55,0,40,48
8010,80,53,5,1,48,0,40,48
8011,80,53,6,1,41,0,40,48
8012,80,53,7,1,47,0,40,48
8013,80,53,8,1,37,0,40,48
8014,80,53,9,1,46,0,40,48
8015,80,54,0,1,73,1,48,60
8016,80,54,1,0,46,1,48,60
8017,80,54,2,1,56,1,48,60
8018,80,54,3,0,51,1,48,60
8019,80,54,4,1,74,0,48,60
8020,80,54,5,1,69,0,48,60
8021,80,54,6,1,67,0,48,60
8022,80,54,7,1,85,0,48,60
8023,80,54,8,1,67,0,48,60
8024,80,54,9,1,58,0,48,60
8025,80,55,0,0,72,1,60,72
8026,80,55,1,1,54,1,60,72
8027,80,55,2,0,58,1,60,72
8028,80,55,3,1,78,1,60,72
8029,80,55,4,0,41,0,60,72
8030,80,56,0,1,52,1,52,40
8031,80,56,1,0,53,1,52,40
8032,80,56,2,1,51,1,52,40
8033,80,56,3,1,41,1,52,40
8034,80,56,4,0,62,0,52,40
8035,80,56,5,0,36,0,52,40
8036,80,56,6,0,60,0,52,40
8037,80,56,7,0,57,0,52,40
8038,80,56,8,0,53,0,52,40
8039,80,56,9,0,54,0,52,40
8040,80,57,0,1,49,1,40,60
8041,80,57,1,1,65,1,40,60
8042,80,57,2,0,35,1,40,60
8043,80,57,3,0,33,1,40,60
8044,80,57,4,1,64,0,40,60
8045,80,57,5,1,53,0,40,60
8046,80,57,6,1,61,0,40,60
8047,80,57,7,1,57,0,40,60
8048,80,57,8,1,53,0,40,60
8049,80,57,9,1,70,0,40,60
8050,80,58,0,1,33,1,40,36
8051,80,58,1,0,35,1,40,36
8052,80,58,2,0,45,1,40,36
8053,80,58,3,1,32,1,40,36
8054,80,58,4,0,41,0,40,36
8055,80,58,5,0,43,0,40,36
8056,80,58,6,0,45,0,40,36
8057,80,58,7,0,48,0,40,36
8058,80,58,8,0,30,0,40,36
8059,80,58,9,0,41,0,40,36
8060,80,59,0,1,30,1,40,28
8061,80,59,1,0,52,1,40,28
8062,80,59,2,0,46,1,40,28
8063,80,59,3,1,18,1,40,28
8064,80,59,4,0,39,0,40,28
8065,80,60,0,1,36,1,60,30
8066,80,60,1,0,64,1,60,30
8067,80,60,2,1,35,1,60,30
8068,80,60,3,1,26,1,60,30
8069,80,60,4,0,57,0,60,30
8070,80,61,0,0,49,1,40,70
8071,80,61,1,1,65,1,40,70
8072,80,61,2,1,79,1,40,70
8073,80,61,3,0,29,1,40,70
8074,80,61,4,1,77,0,40,70
8075,80,61,5,1,70,0,40,70
8076,80,61,6,1,66,0,40,70
8077,80,61,7,1,77,0,40,70
8078,80,61,8,1,75,0,40,70
8079,80,61,9,1,63,0,40,70
8080,80,62,0,0,35,1,36,40
8081,80,62,1,1,47,1,36,40
8082,80,62,2,1,44,1,36,40
8083,80,62,3,0,25,1,36,40
8084,80,62,4,1,38,0,36,40
8085,80,62,5,1,37,0,36,40
8086,80,62,6,1,35,0,36,40
8087,80,62,7,1,51,0,36,40
8088,80,62,8,1,39,0,36,40
8089,80,62,9,1,34,0,36,40
8090,80,63,0,1,36,1,36,40
8091,80,63,1,0,27,1,36,40
8092,80,63,2,1,36,1,36,40
8093,80,63,3,0,46,1,36,40
8094,80,63,4,1,42,0,36,40
8095,80,64,0,1,6,1,40,10
8096,80,64,1,0,38,1,40,10
8097,80,64,2,0,42,1,40,10
8098,80,64,3,1,1,1,40,10
8099,80,64,4,0,47,0,40,10
8100,80,65,0,1,35,1,40,44
8101,80,65,1,1,51,1,40,44
8102,80,65,2,1,37,1,40,44
8103,80,65,3,0,44,1,40,44
8104,80,65,4,1,56,0,40,44
8105,80,66,0,1,69,1,52,60
8106,80,66,1,1,62,1,52,60
8107,80,66,2,1,49,1,52,60
8108,80,66,3,0,40,1,52,60
8109,80,66,4,1,50,0,52,60
8110,80,67,0,1,54,1,60,64
8111,80,67,1,1,65,1,60,64
8112,80,67,2,0,71,1,60,64
8113,80,67,3,0,60,1,60,64
8114,80,67,4,0,43,0,60,64
8115,80,67,5,0,50,0,60,64
8116,80,67,6,0,51,0,60,64
8117,80,67,7,0,65,0,60,64
8118,80,67,8,0,57,0,60,64
8119,80,67,9,0,73,0,60,64
8120,80,68,0,1,64,1,40,60
8121,80,68,1,0,40,1,40,60
8122,80,68,2,0,38,1,40,60
8123,80,68,3,0,38,1,40,60
8124,80,68,4,1,59,0,40,60
8125,80,69,0,1,65,1,48,60
8126,80,69,1,0,52,1,48,60
8127,80,69,2,1,65,1,48,60
8128,80,69,3,0,49,1,48,60
8129,80,69,4,1,60,0,48,60
8130,80,69,5,1,52,0,48,60
8131,80,69,6,1,56,0,48,60
8132,80,69,7,1,64,0,48,60
8133,80,69,8,1,59,0,48,60
8134,80,69,9,1,65,0,48,60
8135,80,70,0,1,51,1,52,40
8136,80,70,1,0,49,1,52,40
8137,80,70,2,1,43,1,52,40
8138,80,70,3,1,27,1,52,40
8139,80,70,4,1,46,0,52,40
8140,80,70,5,1,49,0,52,40
8141,80,70,6,1,42,0,52,40
8142,80,70,7,1,33,0,52,40
8143,80,70,8,1,40,0,52,40
8144,80,70,9,1,41,0,52,40
8145,80,71,0,1,30,1,60,30
8146,80,71,1,0,51,1,60,30
8147,80,71,2,1,32,1,60,30
8148,80,71,3,1,37,1,60,30
8149,80,71,4,0,44,0,60,30
8150,80,72,0,0,66,1,72,60
8151,80,72,1,1,66,1,72,60
8152,80,72,2,0,80,1,72,60
8153,80,72,3,1,55,1,72,60
8154,80,72,4,0,71,0,72,60
8155,80,72,5,0,67,0,72,60
8156,80,72,6,0,62,0,72,60
8157,80,72,7,0,80,0,72,60
8158,80,72,8,0,68,0,72,60
8159,80,72,9,0,63,0,72,60
8160,80,73,0,0,31,1,30,60
8161,80,73,1,0,26,1,30,60
8162,80,73,2,1,58,1,30,60
8163,80,73,3,0,37,1,30,60
8164,80,73,4,1,61,0,30,60
8165,80,73,5,1,65,0,30,60
8166,80,73,6,1,52,0,30,60
8167,80,73,7,1,51,0,30,60
8168,80,73,8,1,47,0,30,60
8169,80,73,9,1,63,0,30,60
8170,80,74,0,1,44,1,52,40
8171,80,74,1,1,42,1,52,40
8172,80,74,2,0,54,1,52,40
8173,80,74,3,1,48,1,52,40
8174,80,74,4,0,56,0,52,40
8175,80,75,0,1,52,1,60,52
8176,80,75,1,0,60,1,60,52
8177,80,75,2,0,57,1,60,52
8178,80,75,3,1,58,1,60,52
8179,80,75,4,0,59,0,60,52
8180,80,76,0,0,50,1,40,10
8181,80,76,1,0,39,1,40,10
8182,80,76,2,1,3,1,40,10
8183,80,76,3,1,1,1,40,10
8184,80,76,4,0,51,0,40,10
8185,80,76,5,0,47,0,40,10
8186,80,76,6,0,55,0,40,10
8187,80,76,7,0,32,0,40,10
8188,80,76,8,0,51,0,40,10
8189,80,76,9,0,32,0,40,10
8190,80,77,0,0,77,1,80,60
8191,80,77,1,0,77,1,80,60
8192,80,77,2,0,80,1,80,60
8193,80,77,3,1,63,1,80,60
8194,80,77,4,0,76,0,80,60
8195,80,78,0,1,18,1,40,20
8196,80,78,1,1,24,1,40,20
8197,80,78,2,0,45,1,40,20
8198,80,78,3,1,22,1,40,20
8199,80,78,4,0,52,0,40,20
8200,80,78,5,0,34,0,40,20
8201,80,78,6,0,45,0,40,20
8202,80,78,7,0,43,0,40,20
8203,80,78,8,0,48,0,40,20
8204,80,78,9,0,35,0,40,20
8205,80,79,0,0,65,1,64,60
8206,80,79,1,0,63,1,64,60
8207,80,79,2,1,63,1,64,60
8208,80,79,3,0,66,1,64,60
8209,80,79,4,0,61,0,64,60
8210,80,80,0,0,56,1,60,48
8211,80,80,1,0,66,1,60,48
8212,80,80,2,0,65,1,60,48
8213,80,80,3,1,48,1,60,48
8214,80,80,4,0,57,0,60,48
8215,80,80,5,0,72,0,60,48
8216,80,80,6,0,76,0,60,48
8217,80,80,7,0,58,0,60,48
8218,80,80,8,0,55,0,60,48
8219,80,80,9,0,63,0,60,48
8220,80,81,0,0,53,1,60,80
8221,80,81,1,1,69,1,60,80
8222,80,81,2,0,69,1,60,80
8223,80,81,3,0,59,1,60,80
8224,80,81,4,1,84,0,60,80
8225,80,81,5,1,68,0,60,80
8226,80,81,6,1,88,0,60,80
8227,80,81,7,1,82,0,60,80
8228,80,81,8,1,77,0,60,80
8229,80,81,9,1,82,0,60,80
8230,80,82,0,1,61,1,52,60
8231,80,82,1,0,62,1,52,60
8232,80,82,2,0,40,1,52,60
8233,80,82,3,1,75,1,52,60
8234,80,82,4,1,64,0,52,60
8235,80,82,5,1,72,0,52,60
8236,80,82,6,1,62,0,52,60
8237,80,82,7,1,57,0,52,60
8238,80,82,8,1,63,0,52,60
8239,80,82,9,1,61,0,52,60
8240,80,83,0,1,59,1,80,60
8241,80,83,1,1,51,1,80,60
8242,80,83,2,0,85,1,80,60
8243,80,83,3,0,81,1,80,60
8244,80,83,4,0,78,0,80,60
8245,80,84,0,0,20,1,20,40
8246,80,84,1,0,15,1,20,40
8247,80,84,2,1,32,1,20,40
8248,80,84,3,1,51,1,20,40
8249,80,84,4,1,33,0,20,40
8250,80,84,5,1,56,0,20,40
8251,80,84,6,1,41,0,20,40
8252,80,84,7,1,32,0,20,40
8253,80,84,8,1,31,0,20,40
8254,80,84,9,1,38,0,20,40
8255,80,85,0,1,35,1,48,40
8256,80,85,1,1,48,1,48,40
8257,80,85,2,0,62,1,48,40
8258,80,85,3,0,55,1,48,40
8259,80,85,4,0,49,0,48,40
8260,80,86,0,0,37,1,40,32
8261,80,86,1,1,40,1,40,32
8262,80,86,2,0,47,1,40,32
8263,80,86,3,0,40,1,40,32
8264,80,86,4,1,18,0,40,32
8265,80,87,0,1,43,1,40,48
8266,80,87,1,1,52,1,40,48
8267,80,87,2,0,32,1,40,48
8268,80,87,3,1,51,1,40,48
8269,80,87,4,1,45,0,40,48
8270,80,87,5,1,49,0,40,48
8271,80,87,6,1,53,0,40,48
8272,80,87,7,1,56,0,40,48
8273,80,87,8,1,51,0,40,48
8274,80,87,9,1,52,0,40,48
8275,80,88,0,1,60,1,52,60
8276,80,88,1,0,50,1,52,60
8277,80,88,2,0,42,1,52,60
8278,80,88,3,1,52,1,52,60
8279,80,88,4,1,53,0,52,60
8280,80,88,5,1,58,0,52,60
8281,80,88,6,1,46,0,52,60
8282,80,88,7,1,59,0,52,60
8283,80,88,8,1,59,0,52,60
8284,80,88,9,1,74,0,52,60
8285,80,89,0,0,32,1,30,60
8286,80,89,1,1,65,1,30,60
8287,80,89,2,0,29,1,30,60
8288,80,89,3,0,38,1,30,60
8289,80,89,4,1,67,0,30,60
8290,80,90,0,1,34,1,52,40
8291,80,90,1,1,64,1,52,40
8292,80,90,2,0,50,1,52,40
8293,80,90,3,1,49,1,52,40
8294,80,90,4,0,49,0,52,40
8295,80,91,0,0,54,1,60,72
8296,80,91,1,1,79,1,60,72
8297,80,91,2,0,51,1,60,72
8298,80,91,3,1,75,1,60,72
8299,80,91,4,1,87,0,60,72
8300,80,92,0,0,52,1,60,48
8301,80,92,1,0,52,1,60,48
8302,80,92,2,0,60,1,60,48
8303,80,92,3,1,50,1,60,48
8304,80,92,4,0,61,0,60,48
8305,80,92,5,0,59,0,60,48
8306,80,92,6,0,59,0,60,48
8307,80,92,7,0,46,0,60,48
8308,80,92,8,0,66,0,60,48
8309,80,92,9,0,63,0,60,48
8310,80,93,0,1,28,1,40,28
8311,80,93,1,0,47,1,40,28
8312,80,93,2,0,37,1,40,28
8313,80,93,3,1,21,1,40,28
8314,80,93,4,0,52,0,40,28
8315,80,94,0,1,67,1,40,52
8316,80,94,1,0,47,1,40,52
8317,80,94,2,0,40,1,40,52
8318,80,94,3,1,40,1,40,52
8319,80,94,4,1,50,0,40,52
8320,80,95,0,1,67,1,80,60
8321,80,95,1,1,68,1,80,60
8322,80,95,2,0,73,1,80,60
8323,80,95,3,1,57,1,80,60
8324,80,95,4,0,73,0,80,60
8325,80,96,0,0,38,1,40,70
8326,80,96,1,1,72,1,40,70
8327,80,96,2,1,63,1,40,70
8328,80,96,3,1,83,1,40,70
8329,80,96,4,1,71,0,40,70
8330,80,97,0,0,63,1,60,72
8331,80,97,1,1,88,1,60,72
8332,80,97,2,0,48,1,60,72
8333,80,97,3,0,68,1,60,72
8334,80,97,4,1,86,0,60,72
8335,80,97,5,1,85,0,60,72
8336,80,97,6,1,82,0,60,72
8337,80,97,7,1,50,0,60,72
8338,80,97,8,1,84,0,60,72
8339,80,97,9,1,70,0,60,72
8340,80,98,0,0,92,1,90,60
8341,80,98,1,1,55,1,90,60
8342,80,98,2,0,78,1,90,60
8343,80,98,3,1,66,1,90,60
8344,80,98,4,0,100,0,90,60
8345,80,99,0,1,61,1,40,60
8346,80,99,1,0,45,1,40,60
8347,80,99,2,0,47,1,40,60
8348,80,99,3,1,53,1,40,60
8349,80,99,4,1,61,0,40,60
