,participant,task,trial,choice,reward,forced,slot1_value,slot2_value
0,7,0,0,0,49,1,40,36
1,7,0,1,1,43,1,40,36
2,7,0,2,1,33,1,40,36
3,7,0,3,1,32,1,40,36
4,7,0,4,1,39,0,40,36
5,7,0,5,0,46,0,40,36
6,7,0,6,1,47,0,40,36
7,7,0,7,0,38,0,40,36
8,7,0,8,1,34,0,40,36
9,7,0,9,1,55,0,40,36
10,7,1,0,0,55,1,60,48
11,7,1,1,1,53,1,60,48
12,7,1,2,0,50,1,60,48
13,7,1,3,1,57,1,60,48
14,7,1,4,0,64,0,60,48
15,7,1,5,1,41,0,60,48
16,7,1,6,0,72,0,60,48
17,7,1,7,1,45,0,60,48
18,7,1,8,0,66,0,60,48
19,7,1,9,1,49,0,60,48
20,7,2,0,1,35,1,40,36
21,7,2,1,0,32,1,40,36
22,7,2,2,0,39,1,40,36
23,7,2,3,1,38,1,40,36
24,7,2,4,0,57,0,40,36
25,7,2,5,1,43,0,40,36
26,7,2,6,0,34,0,40,36
27,7,2,7,1,43,0,40,36
28,7,2,8,0,32,0,40,36
29,7,2,9,1,31,0,40,36
30,7,3,0,1,56,1,40,48
31,7,3,1,0,54,1,40,48
32,7,3,2,0,39,1,40,48
33,7,3,3,1,47,1,40,48
34,7,3,4,0,26,0,40,48
35,7,4,0,1,18,1,40,10
36,7,4,1,0,54,1,40,10
37,7,4,2,1,10,1,40,10
38,7,4,3,0,35,1,40,10
39,7,4,4,1,10,0,40,10
40,7,5,0,1,57,1,60,56
41,7,5,1,0,51,1,60,56
42,7,5,2,1,54,1,60,56
43,7,5,3,0,58,1,60,56
44,7,5,4,1,42,0,60,56
45,7,6,0,1,55,1,40,48
46,7,6,1,1,57,1,40,48
47,7,6,2,0,51,1,40,48
48,7,6,3,1,38,1,40,48
49,7,6,4,1,40,0,40,48
50,7,6,5,0,57,0,40,48
51,7,6,6,1,40,0,40,48
52,7,6,7,0,32,0,40,48
53,7,6,8,1,49,0,40,48
54,7,6,9,0,42,0,40,48
55,7,7,0,0,57,1,56,60
56,7,7,1,0,62,1,56,60
57,7,7,2,0,58,1,56,60
58,7,7,3,1,71,1,56,60
59,7,7,4,1,73,0,56,60
60,7,8,0,1,55,1,48,60
61,7,8,1,0,47,1,48,60
62,7,8,2,1,66,1,48,60
63,7,8,3,1,70,1,48,60
64,7,8,4,0,47,0,48,60
65,7,8,5,1,68,0,48,60
66,7,8,6,0,38,0,48,60
67,7,8,7,1,67,0,48,60
68,7,8,8,0,54,0,48,60
69,7,8,9,1,54,0,48,60
70,7,9,0,1,73,1,80,60
71,7,9,1,1,60,1,80,60
72,7,9,2,0,75,1,80,60
73,7,9,3,1,66,1,80,60
74,7,9,4,0,81,0,80,60
75,7,10,0,1,48,1,40,60
76,7,10,1,0,33,1,40,60
77,7,10,2,0,41,1,40,60
78,7,10,3,0,46,1,40,60
79,7,10,4,1,59,0,40,60
80,7,11,0,1,63,1,40,70
81,7,11,1,0,55,1,40,70
82,7,11,2,1,78,1,40,70
83,7,11,3,0,36,1,40,70
84,7,11,4,0,44,0,40,70
85,7,11,5,1,61,0,40,70
86,7,11,6,0,35,0,40,70
87,7,11,7,1,53,0,40,70
88,7,11,8,0,38,0,40,70
89,7,11,9,1,69,0,40,70
90,7,12,0,0,43,1,40,32
91,7,12,1,1,29,1,40,32
92,7,12,2,0,13,1,40,32
93,7,12,3,0,43,1,40,32
94,7,12,4,1,19,0,40,32
95,7,13,0,1,26,1,40,36
96,7,13,1,0,45,1,40,36
97,7,13,2,0,42,1,40,36
98,7,13,3,0,42,1,40,36
99,7,13,4,1,32,0,40,36
100,7,13,5,0,44,0,40,36
101,7,13,6,1,49,0,40,36
102,7,13,7,0,47,0,40,36
103,7,13,8,1,34,0,40,36
104,7,13,9,0,39,0,40,36
105,7,14,0,0,81,1,72,60
106,7,14,1,1,58,1,72,60
107,7,14,2,0,71,1,72,60
108,7,14,3,1,64,1,72,60
109,7,14,4,0,52,0,72,60
110,7,14,5,1,72,0,72,60
111,7,14,6,0,72,0,72,60
112,7,14,7,1,56,0,72,60
113,7,14,8,0,68,0,72,60
114,7,14,9,1,75,0,72,60
115,7,15,0,1,54,1,40,60
116,7,15,1,1,63,1,40,60
117,7,15,2,0,33,1,40,60
118,7,15,3,0,28,1,40,60
119,7,15,4,1,58,0,40,60
120,7,15,5,0,29,0,40,60
121,7,15,6,1,55,0,40,60
122,7,15,7,0,41,0,40,60
123,7,15,8,1,65,0,40,60
124,7,15,9,0,31,0,40,60
125,7,16,0,0,33,1,40,70
126,7,16,1,1,58,1,40,70
127,7,16,2,1,65,1,40,70
128,7,16,3,1,64,1,40,70
129,7,16,4,0,44,0,40,70
130,7,17,0,1,61,1,40,60
131,7,17,1,1,60,1,40,60
132,7,17,2,0,34,1,40,60
133,7,17,3,0,38,1,40,60
134,7,17,4,0,33,0,40,60
135,7,17,5,1,61,0,40,60
136,7,17,6,0,25,0,40,60
137,7,17,7,1,52,0,40,60
138,7,17,8,0,40,0,40,60
139,7,17,9,1,67,0,40,60
140,7,18,0,1,25,1,70,40
141,7,18,1,0,67,1,70,40
142,7,18,2,0,77,1,70,40
143,7,18,3,0,62,1,70,40
144,7,18,4,0,75,0,70,40
145,7,18,5,1,37,0,70,40
146,7,18,6,0,79,0,70,40
147,7,18,7,1,42,0,70,40
148,7,18,8,0,76,0,70,40
149,7,18,9,1,38,0,70,40
150,7,19,0,0,70,1,60,56
151,7,19,1,1,58,1,60,56
152,7,19,2,1,53,1,60,56
153,7,19,3,1,50,1,60,56
154,7,19,4,0,66,0,60,56
155,7,20,0,0,17,1,20,40
156,7,20,1,1,52,1,20,40
157,7,20,2,0,20,1,20,40
158,7,20,3,1,48,1,20,40
159,7,20,4,0,32,0,20,40
160,7,21,0,0,84,1,80,60
161,7,21,1,0,100,1,80,60
162,7,21,2,0,76,1,80,60
163,7,21,3,1,66,1,80,60
164,7,21,4,0,100,0,80,60
165,7,22,0,0,53,1,48,40
166,7,22,1,1,44,1,48,40
167,7,22,2,0,38,1,48,40
168,7,22,3,0,42,1,48,40
169,7,22,4,0,53,0,48,40
170,7,22,5,1,35,0,48,40
171,7,22,6,0,48,0,48,40
172,7,22,7,1,35,0,48,40
173,7,22,8,0,48,0,48,40
174,7,22,9,1,39,0,48,40
175,7,23,0,1,26,1,40,32
176,7,23,1,0,29,1,40,32
177,7,23,2,1,38,1,40,32
178,7,23,3,1,38,1,40,32
179,7,23,4,0,41,0,40,32
180,7,23,5,1,30,0,40,32
181,7,23,6,0,37,0,40,32
182,7,23,7,1,20,0,40,32
183,7,23,8,0,29,0,40,32
184,7,23,9,1,24,0,40,32
185,7,24,0,1,66,1,48,60
186,7,24,1,0,62,1,48,60
187,7,24,2,1,74,1,48,60
188,7,24,3,1,53,1,48,60
189,7,24,4,0,45,0,48,60
190,7,24,5,1,69,0,48,60
191,7,24,6,0,54,0,48,60
192,7,24,7,1,84,0,48,60
193,7,24,8,0,53,0,48,60
194,7,24,9,1,46,0,48,60
195,7,25,0,1,82,1,60,90
196,7,25,1,0,67,1,60,90
197,7,25,2,0,73,1,60,90
198,7,25,3,1,81,1,60,90
199,7,25,4,0,63,0,60,90
200,7,26,0,1,63,1,52,60
201,7,26,1,1,56,1,52,60
202,7,26,2,1,54,1,52,60
203,7,26,3,0,50,1,52,60
204,7,26,4,0,63,0,52,60
205,7,27,0,1,75,1,60,80
206,7,27,1,0,68,1,60,80
207,7,27,2,1,80,1,60,80
208,7,27,3,1,80,1,60,80
209,7,27,4,0,53,0,60,80
210,7,27,5,1,89,0,60,80
211,7,27,6,0,51,0,60,80
212,7,27,7,1,85,0,60,80
213,7,27,8,0,58,0,60,80
214,7,27,9,1,74,0,60,80
215,7,28,0,1,55,1,40,60
216,7,28,1,1,62,1,40,60
217,7,28,2,0,42,1,40,60
218,7,28,3,0,44,1,40,60
219,7,28,4,1,56,0,40,60
220,7,28,5,0,43,0,40,60
221,7,28,6,1,53,0,40,60
222,7,28,7,0,52,0,40,60
223,7,28,8,1,63,0,40,60
224,7,28,9,0,40,0,40,60
225,7,29,0,0,45,1,30,60
226,7,29,1,0,32,1,30,60
227,7,29,2,1,60,1,30,60
228,7,29,3,0,36,1,30,60
229,7,29,4,1,55,0,30,60
230,7,29,5,0,20,0,30,60
231,7,29,6,1,63,0,30,60
232,7,29,7,0,26,0,30,60
233,7,29,8,1,65,0,30,60
234,7,29,9,0,17,0,30,60
235,7,30,0,0,49,1,60,68
236,7,30,1,1,73,1,60,68
237,7,30,2,0,54,1,60,68
238,7,30,3,1,64,1,60,68
239,7,30,4,0,61,0,60,68
240,7,30,5,1,67,0,60,68
241,7,30,6,0,58,0,60,68
242,7,30,7,1,70,0,60,68
243,7,30,8,0,58,0,60,68
244,7,30,9,1,61,0,60,68
245,7,31,0,1,51,1,68,60
246,7,31,1,1,67,1,68,60
247,7,31,2,0,73,1,68,60
248,7,31,3,1,67,1,68,60
249,7,31,4,0,70,0,68,60
250,7,32,0,1,59,1,40,48
251,7,32,1,1,48,1,40,48
252,7,32,2,0,43,1,40,48
253,7,32,3,0,35,1,40,48
254,7,32,4,1,47,0,40,48
255,7,32,5,0,43,0,40,48
256,7,32,6,1,45,0,40,48
257,7,32,7,0,38,0,40,48
258,7,32,8,1,32,0,40,48
259,7,32,9,0,23,0,40,48
260,7,33,0,1,33,1,40,20
261,7,33,1,1,24,1,40,20
262,7,33,2,0,24,1,40,20
263,7,33,3,1,27,1,40,20
264,7,33,4,0,38,0,40,20
265,7,33,5,1,30,0,40,20
266,7,33,6,0,48,0,40,20
267,7,33,7,1,24,0,40,20
268,7,33,8,0,42,0,40,20
269,7,33,9,1,16,0,40,20
270,7,34,0,0,33,1,30,60
271,7,34,1,1,56,1,30,60
272,7,34,2,1,70,1,30,60
273,7,34,3,1,69,1,30,60
274,7,34,4,0,26,0,30,60
275,7,34,5,1,53,0,30,60
276,7,34,6,0,12,0,30,60
277,7,34,7,1,58,0,30,60
278,7,34,8,0,15,0,30,60
279,7,34,9,1,57,0,30,60
280,7,35,0,1,61,1,40,60
281,7,35,1,0,43,1,40,60
282,7,35,2,0,38,1,40,60
283,7,35,3,0,47,1,40,60
284,7,35,4,1,68,0,40,60
285,7,35,5,0,37,0,40,60
286,7,35,6,1,59,0,40,60
287,7,35,7,0,38,0,40,60
288,7,35,8,1,57,0,40,60
289,7,35,9,0,30,0,40,60
290,7,36,0,0,34,1,36,40
291,7,36,1,1,36,1,36,40
292,7,36,2,1,33,1,36,40
293,7,36,3,0,26,1,36,40
294,7,36,4,1,44,0,36,40
295,7,36,5,0,25,0,36,40
296,7,36,6,1,36,0,36,40
297,7,36,7,0,33,0,36,40
298,7,36,8,1,34,0,36,40
299,7,36,9,0,36,0,36,40
300,7,37,0,1,59,1,80,60
301,7,37,1,1,50,1,80,60
302,7,37,2,0,69,1,80,60
303,7,37,3,0,82,1,80,60
304,7,37,4,1,54,0,80,60
305,7,38,0,0,41,1,40,10
306,7,38,1,0,33,1,40,10
307,7,38,2,1,14,1,40,10
308,7,38,3,1,1,1,40,10
309,7,38,4,0,37,0,40,10
310,7,38,5,1,7,0,40,10
311,7,38,6,0,26,0,40,10
312,7,38,7,1,12,0,40,10
313,7,38,8,0,35,0,40,10
314,7,38,9,1,10,0,40,10
315,7,39,0,1,29,1,40,36
316,7,39,1,0,53,1,40,36
317,7,39,2,0,33,1,40,36
318,7,39,3,0,37,1,40,36
319,7,39,4,1,26,0,40,36
320,7,39,5,0,39,0,40,36
321,7,39,6,1,35,0,40,36
322,7,39,7,0,44,0,40,36
323,7,39,8,1,40,0,40,36
324,7,39,9,0,36,0,40,36
325,7,40,0,0,63,1,60,68
326,7,40,1,1,72,1,60,68
327,7,40,2,0,62,1,60,68
328,7,40,3,1,70,1,60,68
329,7,40,4,0,55,0,60,68
330,7,40,5,1,85,0,60,68
331,7,40,6,0,64,0,60,68
332,7,40,7,1,72,0,60,68
333,7,40,8,0,52,0,60,68
334,7,40,9,1,55,0,60,68
335,7,41,0,0,32,1,32,40
336,7,41,1,0,39,1,32,40
337,7,41,2,0,42,1,32,40
338,7,41,3,1,39,1,32,40
339,7,41,4,0,36,0,32,40
340,7,41,5,1,26,0,32,40
341,7,41,6,0,30,0,32,40
342,7,41,7,1,32,0,32,40
343,7,41,8,0,19,0,32,40
344,7,41,9,1,37,0,32,40
345,7,42,0,1,56,1,64,60
346,7,42,1,1,59,1,64,60
347,7,42,2,0,65,1,64,60
348,7,42,3,0,68,1,64,60
349,7,42,4,1,64,0,64,60
350,7,43,0,1,57,1,40,60
351,7,43,1,0,40,1,40,60
352,7,43,2,0,38,1,40,60
353,7,43,3,0,28,1,40,60
354,7,43,4,1,61,0,40,60
355,7,43,5,0,32,0,40,60
356,7,43,6,1,58,0,40,60
357,7,43,7,0,46,0,40,60
358,7,43,8,1,61,0,40,60
359,7,43,9,0,27,0,40,60
360,7,44,0,1,34,1,40,28
361,7,44,1,1,31,1,40,28
362,7,44,2,1,27,1,40,28
363,7,44,3,0,32,1,40,28
364,7,44,4,0,40,0,40,28
365,7,45,0,1,53,1,48,60
366,7,45,1,0,51,1,48,60
367,7,45,2,0,42,1,48,60
368,7,45,3,0,45,1,48,60
369,7,45,4,1,50,0,48,60
370,7,46,0,0,61,1,60,80
371,7,46,1,1,84,1,60,80
372,7,46,2,0,66,1,60,80
373,7,46,3,0,59,1,60,80
374,7,46,4,1,89,0,60,80
375,7,46,5,0,67,0,60,80
376,7,46,6,1,79,0,60,80
377,7,46,7,0,79,0,60,80
378,7,46,8,1,81,0,60,80
379,7,46,9,0,80,0,60,80
380,7,47,0,0,1,1,10,40
381,7,47,1,1,39,1,10,40
382,7,47,2,1,39,1,10,40
383,7,47,3,0,15,1,10,40
384,7,47,4,1,51,0,10,40
385,7,47,5,0,17,0,10,40
386,7,47,6,1,44,0,10,40
387,7,47,7,0,1,0,10,40
388,7,47,8,1,39,0,10,40
389,7,47,9,0,1,0,10,40
390,7,48,0,0,40,1,40,60
391,7,48,1,0,25,1,40,60
392,7,48,2,1,77,1,40,60
393,7,48,3,1,64,1,40,60
394,7,48,4,0,28,0,40,60
395,7,48,5,1,49,0,40,60
396,7,48,6,0,34,0,40,60
397,7,48,7,1,66,0,40,60
398,7,48,8,0,28,0,40,60
399,7,48,9,1,65,0,40,60
400,7,49,0,1,38,1,40,48
401,7,49,1,0,26,1,40,48
402,7,49,2,0,38,1,40,48
403,7,49,3,1,43,1,40,48
404,7,49,4,0,49,0,40,48
405,7,50,0,0,49,1,40,28
406,7,50,1,1,46,1,40,28
407,7,50,2,0,36,1,40,28
408,7,50,3,1,31,1,40,28
409,7,50,4,0,44,0,40,28
410,7,51,0,0,67,1,60,56
411,7,51,1,1,50,1,60,56
412,7,51,2,1,61,1,60,56
413,7,51,3,1,58,1,60,56
414,7,51,4,0,55,0,60,56
415,7,52,0,1,81,1,60,90
416,7,52,1,0,77,1,60,90
417,7,52,2,0,66,1,60,90
418,7,52,3,1,95,1,60,90
419,7,52,4,0,55,0,60,90
420,7,53,0,1,49,1,40,48
421,7,53,1,1,60,1,40,48
422,7,53,2,0,25,1,40,48
423,7,53,3,0,33,1,40,48
424,7,53,4,1,36,0,40,48
425,7,53,5,0,32,0,40,48
426,7,53,6,1,48,0,40,48
427,7,53,7,0,45,0,40,48
428,7,53,8,1,54,0,40,48
429,7,53,9,0,39,0,40,48
430,7,54,0,1,58,1,48,60
431,7,54,1,0,48,1,48,60
432,7,54,2,1,60,1,48,60
433,7,54,3,0,54,1,48,60
434,7,54,4,1,51,0,48,60
435,7,54,5,0,46,0,48,60
436,7,54,6,1,47,0,48,60
437,7,54,7,0,62,0,48,60
438,7,54,8,1,58,0,48,60
439,7,54,9,0,48,0,48,60
440,7,55,0,0,59,1,60,72
441,7,55,1,1,71,1,60,72
442,7,55,2,0,71,1,60,72
443,7,55,3,1,66,1,60,72
444,7,55,4,0,62,0,60,72
445,7,56,0,1,27,1,52,40
446,7,56,1,0,55,1,52,40
447,7,56,2,1,29,1,52,40
448,7,56,3,1,42,1,52,40
449,7,56,4,0,60,0,52,40
450,7,56,5,1,45,0,52,40
451,7,56,6,0,54,0,52,40
452,7,56,7,1,46,0,52,40
453,7,56,8,0,51,0,52,40
454,7,56,9,1,38,0,52,40
455,7,57,0,1,51,1,40,60
456,7,57,1,1,65,1,40,60
457,7,57,2,0,40,1,40,60
458,7,57,3,0,41,1,40,60
459,7,57,4,1,54,0,40,60
460,7,57,5,0,34,0,40,60
461,7,57,6,1,57,0,40,60
462,7,57,7,0,44,0,40,60
463,7,57,8,1,61,0,40,60
464,7,57,9,0,34,0,40,60
465,7,58,0,1,35,1,40,36
466,7,58,1,0,42,1,40,36
467,7,58,2,0,43,1,40,36
468,7,58,3,1,47,1,40,36
469,7,58,4,0,30,0,40,36
470,7,58,5,1,46,0,40,36
471,7,58,6,0,27,0,40,36
472,7,58,7,1,37,0,40,36
473,7,58,8,0,34,0,40,36
474,7,58,9,1,41,0,40,36
475,7,59,0,1,38,1,40,28
476,7,59,1,0,41,1,40,28
477,7,59,2,0,42,1,40,28
478,7,59,3,1,23,1,40,28
479,7,59,4,0,49,0,40,28
480,7,60,0,1,27,1,60,30
481,7,60,1,0,41,1,60,30
482,7,60,2,1,40,1,60,30
483,7,60,3,1,40,1,60,30
484,7,60,4,0,82,0,60,30
485,7,61,0,0,53,1,40,70
486,7,61,1,1,64,1,40,70
487,7,61,2,1,62,1,40,70
488,7,61,3,0,38,1,40,70
489,7,61,4,1,51,0,40,70
490,7,61,5,0,45,0,40,70
491,7,61,6,1,81,0,40,70
492,7,61,7,0,36,0,40,70
493,7,61,8,1,64,0,40,70
494,7,61,9,0,41,0,40,70
495,7,62,0,0,27,1,36,40
496,7,62,1,1,42,1,36,40
497,7,62,2,1,26,1,36,40
498,7,62,3,0,50,1,36,40
499,7,62,4,1,30,0,36,40
500,7,62,5,0,40,0,36,40
501,7,62,6,1,37,0,36,40
502,7,62,7,0,42,0,36,40
503,7,62,8,1,45,0,36,40
504,7,62,9,0,38,0,36,40
505,7,63,0,1,53,1,36,40
506,7,63,1,0,24,1,36,40
507,7,63,2,1,49,1,36,40
508,7,63,3,0,35,1,36,40
509,7,63,4,1,42,0,36,40
510,7,64,0,1,14,1,40,10
511,7,64,1,0,53,1,40,10
512,7,64,2,0,36,1,40,10
513,7,64,3,1,3,1,40,10
514,7,64,4,0,35,0,40,10
515,7,65,0,1,35,1,40,44
516,7,65,1,1,50,1,40,44
517,7,65,2,1,33,1,40,44
518,7,65,3,0,23,1,40,44
519,7,65,4,1,43,0,40,44
520,7,66,0,1,51,1,52,60
521,7,66,1,1,53,1,52,60
522,7,66,2,1,55,1,52,60
523,7,66,3,0,57,1,52,60
524,7,66,4,1,58,0,52,60
525,7,67,0,1,64,1,60,64
526,7,67,1,1,60,1,60,64
527,7,67,2,0,49,1,60,64
528,7,67,3,0,63,1,60,64
529,7,67,4,1,63,0,60,64
530,7,67,5,0,58,0,60,64
531,7,67,6,1,61,0,60,64
532,7,67,7,0,63,0,60,64
533,7,67,8,1,66,0,60,64
534,7,67,9,0,59,0,60,64
535,7,68,0,1,47,1,40,60
536,7,68,1,0,37,1,40,60
537,7,68,2,0,39,1,40,60
538,7,68,3,0,43,1,40,60
539,7,68,4,1,46,0,40,60
540,7,69,0,1,78,1,48,60
541,7,69,1,0,45,1,48,60
542,7,69,2,1,42,1,48,60
543,7,69,3,0,54,1,48,60
544,7,69,4,1,55,0,48,60
545,7,69,5,0,40,0,48,60
546,7,69,6,1,50,0,48,60
547,7,69,7,0,45,0,48,60
548,7,69,8,1,52,0,48,60
549,7,69,9,0,46,0,48,60
550,7,70,0,1,45,1,52,40
551,7,70,1,0,48,1,52,40
552,7,70,2,1,44,1,52,40
553,7,70,3,1,38,1,52,40
554,7,70,4,0,50,0,52,40
555,7,70,5,1,31,0,52,40
556,7,70,6,0,47,0,52,40
557,7,70,7,1,46,0,52,40
558,7,70,8,0,61,0,52,40
559,7,70,9,1,30,0,52,40
560,7,71,0,1,24,1,60,30
561,7,71,1,0,61,1,60,30
562,7,71,2,1,25,1,60,30
563,7,71,3,1,25,1,60,30
564,7,71,4,0,61,0,60,30
565,7,72,0,0,77,1,72,60
566,7,72,1,1,53,1,72,60
567,7,72,2,0,65,1,72,60
568,7,72,3,1,47,1,72,60
569,7,72,4,0,62,0,72,60
570,7,72,5,1,46,0,72,60
571,7,72,6,0,83,0,72,60
572,7,72,7,1,67,0,72,60
573,7,72,8,0,72,0,72,60
574,7,72,9,1,47,0,72,60
575,7,73,0,0,36,1,30,60
576,7,73,1,0,39,1,30,60
577,7,73,2,1,54,1,30,60
578,7,73,3,0,44,1,30,60
579,7,73,4,1,48,0,30,60
580,7,73,5,0,25,0,30,60
581,7,73,6,1,58,0,30,60
582,7,73,7,0,19,0,30,60
583,7,73,8,1,56,0,30,60
584,7,73,9,0,39,0,30,60
585,7,74,0,1,43,1,52,40
586,7,74,1,1,48,1,52,40
587,7,74,2,0,53,1,52,40
588,7,74,3,1,50,1,52,40
589,7,74,4,0,68,0,52,40
590,7,75,0,1,49,1,60,52
591,7,75,1,0,50,1,60,52
592,7,75,2,0,61,1,60,52
593,7,75,3,1,51,1,60,52
594,7,75,4,0,49,0,60,52
595,7,76,0,0,41,1,40,10
596,7,76,1,0,53,1,40,10
597,7,76,2,1,11,1,40,10
598,7,76,3,1,16,1,40,10
599,7,76,4,0,32,0,40,10
600,7,76,5,1,17,0,40,10
601,7,76,6,0,33,0,40,10
602,7,76,7,1,1,0,40,10
603,7,76,8,0,46,0,40,10
604,7,76,9,1,7,0,40,10
605,7,77,0,0,81,1,80,60
606,7,77,1,0,70,1,80,60
607,7,77,2,0,83,1,80,60
608,7,77,3,1,60,1,80,60
609,7,77,4,0,81,0,80,60
610,7,78,0,1,22,1,40,20
611,7,78,1,1,24,1,40,20
612,7,78,2,0,36,1,40,20
613,7,78,3,1,16,1,40,20
614,7,78,4,0,57,0,40,20
615,7,78,5,1,32,0,40,20
616,7,78,6,0,42,0,40,20
617,7,78,7,1,19,0,40,20
618,7,78,8,0,33,0,40,20
619,7,78,9,1,29,0,40,20
620,7,79,0,0,75,1,64,60
621,7,79,1,0,53,1,64,60
622,7,79,2,1,54,1,64,60
623,7,79,3,0,57,1,64,60
624,7,79,4,1,67,0,64,60
625,7,80,0,0,50,1,60,48
626,7,80,1,0,60,1,60,48
627,7,80,2,0,58,1,60,48
628,7,80,3,1,43,1,60,48
629,7,80,4,0,61,0,60,48
630,7,80,5,1,41,0,60,48
631,7,80,6,0,44,0,60,48
632,7,80,7,1,44,0,60,48
633,7,80,8,0,63,0,60,48
634,7,80,9,1,59,0,60,48
635,7,81,0,0,70,1,60,80
636,7,81,1,1,78,1,60,80
637,7,81,2,0,61,1,60,80
638,7,81,3,0,66,1,60,80
639,7,81,4,1,83,0,60,80
640,7,81,5,0,58,0,60,80
641,7,81,6,1,90,0,60,80
642,7,81,7,0,54,0,60,80
643,7,81,8,1,84,0,60,80
644,7,81,9,0,64,0,60,80
645,7,82,0,1,63,1,52,60
646,7,82,1,0,45,1,52,60
647,7,82,2,0,55,1,52,60
648,7,82,3,1,60,1,52,60
649,7,82,4,0,45,0,52,60
650,7,82,5,1,52,0,52,60
651,7,82,6,0,62,0,52,60
652,7,82,7,1,70,0,52,60
653,7,82,8,0,50,0,52,60
654,7,82,9,1,57,0,52,60
655,7,83,0,1,54,1,80,60
656,7,83,1,1,54,1,80,60
657,7,83,2,0,85,1,80,60
658,7,83,3,0,87,1,80,60
659,7,83,4,1,54,0,80,60
660,7,84,0,0,17,1,20,40
661,7,84,1,0,21,1,20,40
662,7,84,2,1,50,1,20,40
663,7,84,3,1,33,1,20,40
664,7,84,4,0,18,0,20,40
665,7,84,5,1,46,0,20,40
666,7,84,6,0,10,0,20,40
667,7,84,7,1,41,0,20,40
668,7,84,8,0,21,0,20,40
669,7,84,9,1,33,0,20,40
670,7,85,0,1,29,1,48,40
671,7,85,1,1,39,1,48,40
672,7,85,2,0,54,1,48,40
673,7,85,3,0,45,1,48,40
674,7,85,4,1,23,0,48,40
675,7,86,0,0,55,1,40,32
676,7,86,1,1,20,1,40,32
677,7,86,2,0,37,1,40,32
678,7,86,3,0,32,1,40,32
679,7,86,4,1,55,0,40,32
680,7,87,0,1,47,1,40,48
681,7,87,1,1,62,1,40,48
682,7,87,2,0,47,1,40,48
683,7,87,3,1,43,1,40,48
684,7,87,4,0,39,0,40,48
685,7,87,5,1,49,0,40,48
686,7,87,6,0,45,0,40,48
687,7,87,7,1,30,0,40,48
688,7,87,8,0,31,0,40,48
689,7,87,9,1,42,0,40,48
690,7,88,0,1,52,1,52,60
691,7,88,1,0,65,1,52,60
692,7,88,2,0,52,1,52,60
693,7,88,3,1,68,1,52,60
694,7,88,4,0,62,0,52,60
695,7,88,5,1,66,0,52,60
696,7,88,6,0,58,0,52,60
697,7,88,7,1,74,0,52,60
698,7,88,8,0,49,0,52,60
699,7,88,9,1,57,0,52,60
700,7,89,0,0,23,1,30,60
701,7,89,1,1,67,1,30,60
702,7,89,2,0,31,1,30,60
703,7,89,3,0,38,1,30,60
704,7,89,4,1,57,0,30,60
705,7,90,0,1,44,1,52,40
706,7,90,1,1,35,1,52,40
707,7,90,2,0,80,1,52,40
708,7,90,3,1,36,1,52,40
709,7,90,4,0,51,0,52,40
710,7,91,0,0,58,1,60,72
711,7,91,1,1,73,1,60,72
712,7,91,2,0,60,1,60,72
713,7,91,3,1,75,1,60,72
714,7,91,4,0,68,0,60,72
715,7,92,0,0,63,1,60,48
716,7,92,1,0,59,1,60,48
717,7,92,2,0,52,1,60,48
718,7,92,3,1,39,1,60,48
719,7,92,4,0,51,0,60,48
720,7,92,5,1,53,0,60,48
721,7,92,6,0,58,0,60,48
722,7,92,7,1,37,0,60,48
723,7,92,8,0,54,0,60,48
724,7,92,9,1,48,0,60,48
725,7,93,0,1,33,1,40,28
726,7,93,1,0,46,1,40,28
727,7,93,2,0,44,1,40,28
728,7,93,3,1,15,1,40,28
729,7,93,4,0,38,0,40,28
730,7,94,0,1,45,1,40,52
731,7,94,1,0,22,1,40,52
732,7,94,2,0,43,1,40,52
733,7,94,3,1,49,1,40,52
734,7,94,4,0,44,0,40,52
735,7,95,0,1,67,1,80,60
736,7,95,1,1,61,1,80,60
737,7,95,2,0,96,1,80,60
738,7,95,3,1,62,1,80,60
739,7,95,4,0,77,0,80,60
740,7,96,0,0,35,1,40,70
741,7,96,1,1,71,1,40,70
742,7,96,2,1,67,1,40,70
743,7,96,3,1,68,1,40,70
744,7,96,4,0,38,0,40,70
745,7,97,0,0,65,1,60,72
746,7,97,1,1,55,1,60,72
747,7,97,2,0,69,1,60,72
748,7,97,3,0,65,1,60,72
749,7,97,4,1,95,0,60,72
750,7,97,5,0,73,0,60,72
751,7,97,6,1,50,0,60,72
752,7,97,7,0,51,0,60,72
753,7,97,8,1,65,0,60,72
754,7,97,9,0,63,0,60,72
755,7,98,0,0,100,1,90,60
756,7,98,1,1,62,1,90,60
757,7,98,2,0,79,1,90,60
758,7,98,3,1,66,1,90,60
759,7,98,4,0,91,0,90,60
760,7,99,0,1,51,1,40,60
761,7,99,1,0,49,1,40,60
762,7,99,2,0,33,1,40,60
763,7,99,3,1,48,1,40,60
764,7,99,4,0,41,0,40,60
765,13,0,0,0,40,1,40,36
766,13,0,1,1,25,1,40,36
767,13,0,2,1,31,1,40,36
768,13,0,3,1,44,1,40,36
769,13,0,4,1,43,0,40,36
770,13,0,5,1,42,0,40,36
771,13,0,6,0,40,0,40,36
772,13,0,7,1,41,0,40,36
773,13,0,8,1,27,0,40,36
774,13,0,9,1,50,0,40,36
775,13,1,0,0,65,1,60,48
776,13,1,1,1,48,1,60,48
777,13,1,2,0,55,1,60,48
778,13,1,3,1,45,1,60,48
779,13,1,4,0,62,0,60,48
780,13,1,5,0,67,0,60,48
781,13,1,6,0,60,0,60,48
782,13,1,7,0,53,0,60,48
783,13,1,8,0,78,0,60,48
784,13,1,9,0,49,0,60,48
785,13,2,0,1,41,1,40,36
786,13,2,1,0,40,1,40,36
787,13,2,2,0,68,1,40,36
788,13,2,3,1,38,1,40,36
789,13,2,4,0,49,0,40,36
790,13,2,5,0,36,0,40,36
791,13,2,6,0,46,0,40,36
792,13,2,7,0,52,0,40,36
793,13,2,8,0,40,0,40,36
794,13,2,9,0,42,0,40,36
795,13,3,0,1,36,1,40,48
796,13,3,1,0,58,1,40,48
797,13,3,2,0,40,1,40,48
798,13,3,3,1,38,1,40,48
799,13,3,4,0,29,0,40,48
800,13,4,0,1,1,1,40,10
801,13,4,1,0,49,1,40,10
802,13,4,2,1,1,1,40,10
803,13,4,3,0,46,1,40,10
804,13,4,4,0,43,0,40,10
805,13,5,0,1,56,1,60,56
806,13,5,1,0,68,1,60,56
807,13,5,2,1,62,1,60,56
808,13,5,3,0,60,1,60,56
809,13,5,4,0,51,0,60,56
810,13,6,0,1,45,1,40,48
811,13,6,1,1,37,1,40,48
812,13,6,2,0,41,1,40,48
813,13,6,3,1,48,1,40,48
814,13,6,4,1,50,0,40,48
815,13,6,5,1,53,0,40,48
816,13,6,6,1,50,0,40,48
817,13,6,7,1,47,0,40,48
818,13,6,8,1,37,0,40,48
819,13,6,9,1,44,0,40,48
820,13,7,0,0,58,1,56,60
821,13,7,1,0,53,1,56,60
822,13,7,2,0,44,1,56,60
823,13,7,3,1,52,1,56,60
824,13,7,4,0,55,0,56,60
825,13,8,0,1,53,1,48,60
826,13,8,1,0,56,1,48,60
827,13,8,2,1,59,1,48,60
828,13,8,3,1,55,1,48,60
829,13,8,4,0,41,0,48,60
830,13,8,5,1,61,0,48,60
831,13,8,6,1,61,0,48,60
832,13,8,7,1,52,0,48,60
833,13,8,8,1,66,0,48,60
834,13,8,9,1,62,0,48,60
835,13,9,0,1,43,1,80,60
836,13,9,1,1,61,1,80,60
837,13,9,2,0,80,1,80,60
838,13,9,3,1,42,1,80,60
839,13,9,4,0,82,0,80,60
840,13,10,0,1,53,1,40,60
841,13,10,1,0,30,1,40,60
842,13,10,2,0,34,1,40,60
843,13,10,3,0,45,1,40,60
844,13,10,4,1,54,0,40,60
845,13,11,0,1,62,1,40,70
846,13,11,1,0,26,1,40,70
847,13,11,2,1,67,1,40,70
848,13,11,3,0,33,1,40,70
849,13,11,4,1,73,0,40,70
850,13,11,5,1,78,0,40,70
851,13,11,6,1,71,0,40,70
852,13,11,7,1,67,0,40,70
853,13,11,8,1,53,0,40,70
854,13,11,9,1,59,0,40,70
855,13,12,0,0,46,1,40,32
856,13,12,1,1,49,1,40,32
857,13,12,2,0,39,1,40,32
858,13,12,3,0,40,1,40,32
859,13,12,4,1,43,0,40,32
860,13,13,0,1,32,1,40,36
861,13,13,1,0,35,1,40,36
862,13,13,2,0,44,1,40,36
863,13,13,3,0,49,1,40,36
864,13,13,4,0,35,0,40,36
865,13,13,5,0,32,0,40,36
866,13,13,6,0,42,0,40,36
867,13,13,7,0,41,0,40,36
868,13,13,8,0,41,0,40,36
869,13,13,9,0,34,0,40,36
870,13,14,0,0,66,1,72,60
871,13,14,1,1,58,1,72,60
872,13,14,2,0,72,1,72,60
873,13,14,3,1,52,1,72,60
874,13,14,4,0,74,0,72,60
875,13,14,5,0,78,0,72,60
876,13,14,6,0,77,0,72,60
877,13,14,7,0,70,0,72,60
878,13,14,8,0,51,0,72,60
879,13,14,9,0,73,0,72,60
880,13,15,0,1,59,1,40,60
881,13,15,1,1,37,1,40,60
882,13,15,2,0,46,1,40,60
883,13,15,3,0,31,1,40,60
884,13,15,4,1,45,0,40,60
885,13,15,5,1,57,0,40,60
886,13,15,6,1,40,0,40,60
887,13,15,7,1,51,0,40,60
888,13,15,8,1,72,0,40,60
889,13,15,9,1,53,0,40,60
890,13,16,0,0,40,1,40,70
891,13,16,1,1,63,1,40,70
892,13,16,2,1,73,1,40,70
893,13,16,3,1,68,1,40,70
894,13,16,4,1,64,0,40,70
895,13,17,0,1,61,1,40,60
896,13,17,1,1,70,1,40,60
897,13,17,2,0,59,1,40,60
898,13,17,3,0,47,1,40,60
899,13,17,4,1,58,0,40,60
900,13,17,5,1,64,0,40,60
901,13,17,6,1,56,0,40,60
902,13,17,7,1,57,0,40,60
903,13,17,8,1,57,0,40,60
904,13,17,9,1,57,0,40,60
905,13,18,0,1,34,1,70,40
906,13,18,1,0,72,1,70,40
907,13,18,2,0,64,1,70,40
908,13,18,3,0,63,1,70,40
909,13,18,4,0,50,0,70,40
910,13,18,5,0,72,0,70,40
911,13,18,6,0,73,0,70,40
912,13,18,7,0,88,0,70,40
913,13,18,8,0,68,0,70,40
914,13,18,9,0,78,0,70,40
915,13,19,0,0,59,1,60,56
916,13,19,1,1,42,1,60,56
917,13,19,2,1,55,1,60,56
918,13,19,3,1,55,1,60,56
919,13,19,4,0,63,0,60,56
920,13,20,0,0,19,1,20,40
921,13,20,1,1,45,1,20,40
922,13,20,2,0,18,1,20,40
923,13,20,3,1,53,1,20,40
924,13,20,4,1,48,0,20,40
925,13,21,0,0,76,1,80,60
926,13,21,1,0,84,1,80,60
927,13,21,2,0,84,1,80,60
928,13,21,3,1,67,1,80,60
929,13,21,4,0,89,0,80,60
930,13,22,0,0,69,1,48,40
931,13,22,1,1,40,1,48,40
932,13,22,2,0,53,1,48,40
933,13,22,3,0,48,1,48,40
934,13,22,4,0,54,0,48,40
935,13,22,5,0,46,0,48,40
936,13,22,6,0,44,0,48,40
937,13,22,7,0,42,0,48,40
938,13,22,8,0,51,0,48,40
939,13,22,9,0,55,0,48,40
940,13,23,0,1,28,1,40,32
941,13,23,1,0,34,1,40,32
942,13,23,2,1,33,1,40,32
943,13,23,3,1,27,1,40,32
944,13,23,4,0,31,0,40,32
945,13,23,5,0,35,0,40,32
946,13,23,6,0,31,0,40,32
947,13,23,7,0,39,0,40,32
948,13,23,8,0,39,0,40,32
949,13,23,9,0,39,0,40,32
950,13,24,0,1,68,1,48,60
951,13,24,1,0,38,1,48,60
952,13,24,2,1,43,1,48,60
953,13,24,3,1,48,1,48,60
954,13,24,4,1,60,0,48,60
955,13,24,5,1,71,0,48,60
956,13,24,6,1,49,0,48,60
957,13,24,7,1,61,0,48,60
958,13,24,8,1,66,0,48,60
959,13,24,9,1,52,0,48,60
960,13,25,0,1,86,1,60,90
961,13,25,1,0,61,1,60,90
962,13,25,2,0,65,1,60,90
963,13,25,3,1,87,1,60,90
964,13,25,4,1,100,0,60,90
965,13,26,0,1,50,1,52,60
966,13,26,1,1,80,1,52,60
967,13,26,2,1,46,1,52,60
968,13,26,3,0,50,1,52,60
969,13,26,4,1,63,0,52,60
970,13,27,0,1,91,1,60,80
971,13,27,1,0,53,1,60,80
972,13,27,2,1,83,1,60,80
973,13,27,3,1,75,1,60,80
974,13,27,4,1,71,0,60,80
975,13,27,5,1,82,0,60,80
976,13,27,6,1,77,0,60,80
977,13,27,7,1,79,0,60,80
978,13,27,8,1,79,0,60,80
979,13,27,9,1,85,0,60,80
980,13,28,0,1,66,1,40,60
981,13,28,1,1,61,1,40,60
982,13,28,2,0,31,1,40,60
983,13,28,3,0,33,1,40,60
984,13,28,4,1,64,0,40,60
985,13,28,5,1,51,0,40,60
986,13,28,6,1,38,0,40,60
987,13,28,7,1,60,0,40,60
988,13,28,8,1,54,0,40,60
989,13,28,9,1,61,0,40,60
990,13,29,0,0,44,1,30,60
991,13,29,1,0,28,1,30,60
992,13,29,2,1,54,1,30,60
993,13,29,3,0,21,1,30,60
994,13,29,4,1,54,0,30,60
995,13,29,5,1,45,0,30,60
996,13,29,6,1,68,0,30,60
997,13,29,7,1,51,0,30,60
998,13,29,8,1,55,0,30,60
999,13,29,9,1,57,0,30,60
1000,13,30,0,0,58,1,60,68
1001,13,30,1,1,48,1,60,68
1002,13,30,2,0,61,1,60,68
1003,13,30,3,1,75,1,60,68
1004,13,30,4,0,66,0,60,68
1005,13,30,5,1,60,0,60,68
1006,13,30,6,0,75,0,60,68
1007,13,30,7,0,65,0,60,68
1008,13,30,8,0,65,0,60,68
1009,13,30,9,0,56,0,60,68
1010,13,31,0,1,56,1,68,60
1011,13,31,1,1,74,1,68,60
1012,13,31,2,0,52,1,68,60
1013,13,31,3,1,84,1,68,60
1014,13,31,4,1,45,0,68,60
1015,13,32,0,1,46,1,40,48
1016,13,32,1,1,38,1,40,48
1017,13,32,2,0,41,1,40,48
1018,13,32,3,0,41,1,40,48
1019,13,32,4,1,43,0,40,48
1020,13,32,5,1,52,0,40,48
1021,13,32,6,1,51,0,40,48
1022,13,32,7,1,30,0,40,48
1023,13,32,8,1,51,0,40,48
1024,13,32,9,1,51,0,40,48
1025,13,33,0,1,18,1,40,20
1026,13,33,1,1,30,1,40,20
1027,13,33,2,0,33,1,40,20
1028,13,33,3,1,19,1,40,20
1029,13,33,4,0,45,0,40,20
1030,13,33,5,0,33,0,40,20
1031,13,33,6,0,33,0,40,20
1032,13,33,7,0,43,0,40,20
1033,13,33,8,0,39,0,40,20
1034,13,33,9,0,45,0,40,20
1035,13,34,0,0,32,1,30,60
1036,13,34,1,1,59,1,30,60
1037,13,34,2,1,52,1,30,60
1038,13,34,3,1,76,1,30,60
1039,13,34,4,1,68,0,30,60
1040,13,34,5,1,54,0,30,60
1041,13,34,6,1,71,0,30,60
1042,13,34,7,1,63,0,30,60
1043,13,34,8,1,59,0,30,60
1044,13,34,9,1,72,0,30,60
1045,13,35,0,1,67,1,40,60
1046,13,35,1,0,48,1,40,60
1047,13,35,2,0,33,1,40,60
1048,13,35,3,0,38,1,40,60
1049,13,35,4,1,61,0,40,60
1050,13,35,5,1,57,0,40,60
1051,13,35,6,1,62,0,40,60
1052,13,35,7,1,49,0,40,60
1053,13,35,8,1,60,0,40,60
1054,13,35,9,1,43,0,40,60
1055,13,36,0,0,30,1,36,40
1056,13,36,1,1,43,1,36,40
1057,13,36,2,1,37,1,36,40
1058,13,36,3,0,25,1,36,40
1059,13,36,4,1,41,0,36,40
1060,13,36,5,1,35,0,36,40
1061,13,36,6,1,30,0,36,40
1062,13,36,7,1,44,0,36,40
1063,13,36,8,1,43,0,36,40
1064,13,36,9,1,35,0,36,40
1065,13,37,0,1,45,1,80,60
1066,13,37,1,1,51,1,80,60
1067,13,37,2,0,87,1,80,60
1068,13,37,3,0,83,1,80,60
1069,13,37,4,0,76,0,80,60
1070,13,38,0,0,44,1,40,10
1071,13,38,1,0,39,1,40,10
1072,13,38,2,1,15,1,40,10
1073,13,38,3,1,23,1,40,10
1074,13,38,4,0,33,0,40,10
1075,13,38,5,0,34,0,40,10
1076,13,38,6,0,37,0,40,10
1077,13,38,7,0,35,0,40,10
1078,13,38,8,0,55,0,40,10
1079,13,38,9,0,43,0,40,10
1080,13,39,0,1,41,1,40,36
1081,13,39,1,0,33,1,40,36
1082,13,39,2,0,40,1,40,36
1083,13,39,3,0,36,1,40,36
1084,13,39,4,1,30,0,40,36
1085,13,39,5,1,34,0,40,36
1086,13,39,6,1,35,0,40,36
1087,13,39,7,1,28,0,40,36
1088,13,39,8,1,47,0,40,36
1089,13,39,9,1,26,0,40,36
1090,13,40,0,0,45,1,60,68
1091,13,40,1,1,72,1,60,68
1092,13,40,2,0,66,1,60,68
1093,13,40,3,1,58,1,60,68
1094,13,40,4,1,69,0,60,68
1095,13,40,5,1,62,0,60,68
1096,13,40,6,1,76,0,60,68
1097,13,40,7,1,78,0,60,68
1098,13,40,8,1,79,0,60,68
1099,13,40,9,1,69,0,60,68
1100,13,41,0,0,37,1,32,40
1101,13,41,1,0,45,1,32,40
1102,13,41,2,0,38,1,32,40
1103,13,41,3,1,55,1,32,40
1104,13,41,4,1,38,0,32,40
1105,13,41,5,1,39,0,32,40
1106,13,41,6,1,42,0,32,40
1107,13,41,7,1,30,0,32,40
1108,13,41,8,1,33,0,32,40
1109,13,41,9,1,38,0,32,40
1110,13,42,0,1,66,1,64,60
1111,13,42,1,1,63,1,64,60
1112,13,42,2,0,65,1,64,60
1113,13,42,3,0,58,1,64,60
1114,13,42,4,1,72,0,64,60
1115,13,43,0,1,60,1,40,60
1116,13,43,1,0,33,1,40,60
1117,13,43,2,0,45,1,40,60
1118,13,43,3,0,37,1,40,60
1119,13,43,4,1,55,0,40,60
1120,13,43,5,1,59,0,40,60
1121,13,43,6,1,60,0,40,60
1122,13,43,7,1,52,0,40,60
1123,13,43,8,1,68,0,40,60
1124,13,43,9,1,49,0,40,60
1125,13,44,0,1,24,1,40,28
1126,13,44,1,1,22,1,40,28
1127,13,44,2,1,29,1,40,28
1128,13,44,3,0,32,1,40,28
1129,13,44,4,0,39,0,40,28
1130,13,45,0,1,64,1,48,60
1131,13,45,1,0,44,1,48,60
1132,13,45,2,0,54,1,48,60
1133,13,45,3,0,42,1,48,60
1134,13,45,4,1,40,0,48,60
1135,13,46,0,0,71,1,60,80
1136,13,46,1,1,92,1,60,80
1137,13,46,2,0,58,1,60,80
1138,13,46,3,0,59,1,60,80
1139,13,46,4,1,71,0,60,80
1140,13,46,5,1,96,0,60,80
1141,13,46,6,1,85,0,60,80
1142,13,46,7,1,81,0,60,80
1143,13,46,8,1,83,0,60,80
1144,13,46,9,1,78,0,60,80
1145,13,47,0,0,1,1,10,40
1146,13,47,1,1,60,1,10,40
1147,13,47,2,1,38,1,10,40
1148,13,47,3,0,7,1,10,40
1149,13,47,4,1,37,0,10,40
1150,13,47,5,1,55,0,10,40
1151,13,47,6,1,40,0,10,40
1152,13,47,7,1,32,0,10,40
1153,13,47,8,1,54,0,10,40
1154,13,47,9,1,45,0,10,40
1155,13,48,0,0,30,1,40,60
1156,13,48,1,0,41,1,40,60
1157,13,48,2,1,64,1,40,60
1158,13,48,3,1,55,1,40,60
1159,13,48,4,1,71,0,40,60
1160,13,48,5,1,68,0,40,60
1161,13,48,6,1,53,0,40,60
1162,13,48,7,1,60,0,40,60
1163,13,48,8,1,61,0,40,60
1164,13,48,9,1,63,0,40,60
1165,13,49,0,1,59,1,40,48
1166,13,49,1,0,47,1,40,48
1167,13,49,2,0,33,1,40,48
1168,13,49,3,1,55,1,40,48
1169,13,49,4,1,50,0,40,48
1170,13,50,0,0,40,1,40,28
1171,13,50,1,1,30,1,40,28
1172,13,50,2,0,29,1,40,28
1173,13,50,3,1,42,1,40,28
1174,13,50,4,1,21,0,40,28
1175,13,51,0,0,57,1,60,56
1176,13,51,1,1,56,1,60,56
1177,13,51,2,1,66,1,60,56
1178,13,51,3,1,63,1,60,56
1179,13,51,4,1,59,0,60,56
1180,13,52,0,1,82,1,60,90
1181,13,52,1,0,56,1,60,90
1182,13,52,2,0,44,1,60,90
1183,13,52,3,1,83,1,60,90
1184,13,52,4,1,90,0,60,90
1185,13,53,0,1,44,1,40,48
1186,13,53,1,1,40,1,40,48
1187,13,53,2,0,37,1,40,48
1188,13,53,3,0,46,1,40,48
1189,13,53,4,1,52,0,40,48
1190,13,53,5,1,42,0,40,48
1191,13,53,6,1,36,0,40,48
1192,13,53,7,1,46,0,40,48
1193,13,53,8,1,50,0,40,48
1194,13,53,9,1,55,0,40,48
1195,13,54,0,1,55,1,48,60
1196,13,54,1,0,39,1,48,60
1197,13,54,2,1,55,1,48,60
1198,13,54,3,0,56,1,48,60
1199,13,54,4,1,54,0,48,60
1200,13,54,5,1,57,0,48,60
1201,13,54,6,1,48,0,48,60
1202,13,54,7,1,58,0,48,60
1203,13,54,8,1,64,0,48,60
1204,13,54,9,1,57,0,48,60
1205,13,55,0,0,72,1,60,72
1206,13,55,1,1,61,1,60,72
1207,13,55,2,0,60,1,60,72
1208,13,55,3,1,71,1,60,72
1209,13,55,4,1,67,0,60,72
1210,13,56,0,1,38,1,52,40
1211,13,56,1,0,60,1,52,40
1212,13,56,2,1,46,1,52,40
1213,13,56,3,1,50,1,52,40
1214,13,56,4,0,42,0,52,40
1215,13,56,5,0,58,0,52,40
1216,13,56,6,0,42,0,52,40
1217,13,56,7,0,57,0,52,40
1218,13,56,8,0,46,0,52,40
1219,13,56,9,0,48,0,52,40
1220,13,57,0,1,71,1,40,60
1221,13,57,1,1,71,1,40,60
1222,13,57,2,0,47,1,40,60
1223,13,57,3,0,38,1,40,60
1224,13,57,4,1,66,0,40,60
1225,13,57,5,1,67,0,40,60
1226,13,57,6,1,65,0,40,60
1227,13,57,7,1,61,0,40,60
1228,13,57,8,1,58,0,40,60
1229,13,57,9,1,54,0,40,60
1230,13,58,0,1,34,1,40,36
1231,13,58,1,0,42,1,40,36
1232,13,58,2,0,46,1,40,36
1233,13,58,3,1,49,1,40,36
1234,13,58,4,1,29,0,40,36
1235,13,58,5,1,38,0,40,36
1236,13,58,6,1,30,0,40,36
1237,13,58,7,1,47,0,40,36
1238,13,58,8,1,51,0,40,36
1239,13,58,9,1,54,0,40,36
1240,13,59,0,1,14,1,40,28
1241,13,59,1,0,49,1,40,28
1242,13,59,2,0,24,1,40,28
1243,13,59,3,1,39,1,40,28
1244,13,59,4,0,34,0,40,28
1245,13,60,0,1,27,1,60,30
1246,13,60,1,0,74,1,60,30
1247,13,60,2,1,25,1,60,30
1248,13,60,3,1,28,1,60,30
1249,13,60,4,0,47,0,60,30
1250,13,61,0,0,45,1,40,70
1251,13,61,1,1,74,1,40,70
1252,13,61,2,1,70,1,40,70
1253,13,61,3,0,32,1,40,70
1254,13,61,4,1,83,0,40,70
1255,13,61,5,1,70,0,40,70
1256,13,61,6,1,74,0,40,70
1257,13,61,7,1,66,0,40,70
1258,13,61,8,1,57,0,40,70
1259,13,61,9,1,71,0,40,70
1260,13,62,0,0,33,1,36,40
1261,13,62,1,1,34,1,36,40
1262,13,62,2,1,40,1,36,40
1263,13,62,3,0,35,1,36,40
1264,13,62,4,1,45,0,36,40
1265,13,62,5,1,35,0,36,40
1266,13,62,6,1,40,0,36,40
1267,13,62,7,1,37,0,36,40
1268,13,62,8,1,53,0,36,40
1269,13,62,9,1,44,0,36,40
1270,13,63,0,1,50,1,36,40
1271,13,63,1,0,27,1,36,40
1272,13,63,2,1,45,1,36,40
1273,13,63,3,0,29,1,36,40
1274,13,63,4,1,41,0,36,40
1275,13,64,0,1,9,1,40,10
1276,13,64,1,0,43,1,40,10
1277,13,64,2,0,37,1,40,10
1278,13,64,3,1,14,1,40,10
1279,13,64,4,0,51,0,40,10
1280,13,65,0,1,43,1,40,44
1281,13,65,1,1,49,1,40,44
1282,13,65,2,1,50,1,40,44
1283,13,65,3,0,25,1,40,44
1284,13,65,4,1,48,0,40,44
1285,13,66,0,1,61,1,52,60
1286,13,66,1,1,71,1,52,60
1287,13,66,2,1,56,1,52,60
1288,13,66,3,0,53,1,52,60
1289,13,66,4,1,55,0,52,60
1290,13,67,0,1,52,1,60,64
1291,13,67,1,1,64,1,60,64
1292,13,67,2,0,55,1,60,64
1293,13,67,3,0,64,1,60,64
1294,13,67,4,1,64,0,60,64
1295,13,67,5,1,73,0,60,64
1296,13,67,6,1,63,0,60,64
1297,13,67,7,1,79,0,60,64
1298,13,67,8,1,79,0,60,64
1299,13,67,9,1,64,0,60,64
1300,13,68,0,1,66,1,40,60
1301,13,68,1,0,36,1,40,60
1302,13,68,2,0,39,1,40,60
1303,13,68,3,0,42,1,40,60
1304,13,68,4,1,69,0,40,60
1305,13,69,0,1,69,1,48,60
1306,13,69,1,0,44,1,48,60
1307,13,69,2,1,44,1,48,60
1308,13,69,3,0,55,1,48,60
1309,13,69,4,1,69,0,48,60
1310,13,69,5,1,72,0,48,60
1311,13,69,6,1,64,0,48,60
1312,13,69,7,1,60,0,48,60
1313,13,69,8,1,59,0,48,60
1314,13,69,9,1,63,0,48,60
1315,13,70,0,1,43,1,52,40
1316,13,70,1,0,48,1,52,40
1317,13,70,2,1,43,1,52,40
1318,13,70,3,1,46,1,52,40
1319,13,70,4,0,46,0,52,40
1320,13,70,5,0,55,0,52,40
1321,13,70,6,0,45,0,52,40
1322,13,70,7,0,48,0,52,40
1323,13,70,8,0,51,0,52,40
1324,13,70,9,0,51,0,52,40
1325,13,71,0,1,31,1,60,30
1326,13,71,1,0,75,1,60,30
1327,13,71,2,1,28,1,60,30
1328,13,71,3,1,30,1,60,30
1329,13,71,4,0,46,0,60,30
1330,13,72,0,0,58,1,72,60
1331,13,72,1,1,66,1,72,60
1332,13,72,2,0,67,1,72,60
1333,13,72,3,1,77,1,72,60
1334,13,72,4,1,56,0,72,60
1335,13,72,5,1,65,0,72,60
1336,13,72,6,1,60,0,72,60
1337,13,72,7,1,66,0,72,60
1338,13,72,8,1,54,0,72,60
1339,13,72,9,1,62,0,72,60
1340,13,73,0,0,22,1,30,60
1341,13,73,1,0,23,1,30,60
1342,13,73,2,1,55,1,30,60
1343,13,73,3,0,39,1,30,60
1344,13,73,4,1,57,0,30,60
1345,13,73,5,1,55,0,30,60
1346,13,73,6,1,66,0,30,60
1347,13,73,7,1,48,0,30,60
1348,13,73,8,1,69,0,30,60
1349,13,73,9,1,59,0,30,60
1350,13,74,0,1,32,1,52,40
1351,13,74,1,1,40,1,52,40
1352,13,74,2,0,49,1,52,40
1353,13,74,3,1,51,1,52,40
1354,13,74,4,1,28,0,52,40
1355,13,75,0,1,57,1,60,52
1356,13,75,1,0,59,1,60,52
1357,13,75,2,0,46,1,60,52
1358,13,75,3,1,71,1,60,52
1359,13,75,4,1,46,0,60,52
1360,13,76,0,0,31,1,40,10
1361,13,76,1,0,42,1,40,10
1362,13,76,2,1,13,1,40,10
1363,13,76,3,1,1,1,40,10
1364,13,76,4,0,34,0,40,10
1365,13,76,5,0,30,0,40,10
1366,13,76,6,0,25,0,40,10
1367,13,76,7,0,24,0,40,10
1368,13,76,8,0,42,0,40,10
1369,13,76,9,0,42,0,40,10
1370,13,77,0,0,76,1,80,60
1371,13,77,1,0,81,1,80,60
1372,13,77,2,0,66,1,80,60
1373,13,77,3,1,69,1,80,60
1374,13,77,4,0,77,0,80,60
1375,13,78,0,1,20,1,40,20
1376,13,78,1,1,27,1,40,20
1377,13,78,2,0,46,1,40,20
1378,13,78,3,1,17,1,40,20
1379,13,78,4,0,43,0,40,20
1380,13,78,5,0,58,0,40,20
1381,13,78,6,0,45,0,40,20
1382,13,78,7,0,35,0,40,20
1383,13,78,8,0,31,0,40,20
1384,13,78,9,0,49,0,40,20
1385,13,79,0,0,57,1,64,60
1386,13,79,1,0,63,1,64,60
1387,13,79,2,1,60,1,64,60
1388,13,79,3,0,63,1,64,60
1389,13,79,4,1,64,0,64,60
1390,13,80,0,0,53,1,60,48
1391,13,80,1,0,56,1,60,48
1392,13,80,2,0,67,1,60,48
1393,13,80,3,1,50,1,60,48
1394,13,80,4,0,66,0,60,48
1395,13,80,5,0,65,0,60,48
1396,13,80,6,0,62,0,60,48
1397,13,80,7,0,64,0,60,48
1398,13,80,8,0,58,0,60,48
1399,13,80,9,0,61,0,60,48
1400,13,81,0,0,67,1,60,80
1401,13,81,1,1,72,1,60,80
1402,13,81,2,0,65,1,60,80
1403,13,81,3,0,61,1,60,80
1404,13,81,4,1,79,0,60,80
1405,13,81,5,1,80,0,60,80
1406,13,81,6,1,71,0,60,80
1407,13,81,7,1,77,0,60,80
1408,13,81,8,1,74,0,60,80
1409,13,81,9,1,86,0,60,80
1410,13,82,0,1,61,1,52,60
1411,13,82,1,0,58,1,52,60
1412,13,82,2,0,64,1,52,60
1413,13,82,3,1,57,1,52,60
1414,13,82,4,0,48,0,52,60
1415,13,82,5,0,49,0,52,60
1416,13,82,6,0,59,0,52,60
1417,13,82,7,0,46,0,52,60
1418,13,82,8,0,45,0,52,60
1419,13,82,9,0,52,0,52,60
1420,13,83,0,1,65,1,80,60
1421,13,83,1,1,60,1,80,60
1422,13,83,2,0,81,1,80,60
1423,13,83,3,0,79,1,80,60
1424,13,83,4,0,73,0,80,60
1425,13,84,0,0,25,1,20,40
1426,13,84,1,0,23,1,20,40
1427,13,84,2,1,50,1,20,40
1428,13,84,3,1,26,1,20,40
1429,13,84,4,1,43,0,20,40
1430,13,84,5,1,45,0,20,40
1431,13,84,6,1,55,0,20,40
1432,13,84,7,1,42,0,20,40
1433,13,84,8,1,55,0,20,40
1434,13,84,9,1,33,0,20,40
1435,13,85,0,1,38,1,48,40
1436,13,85,1,1,37,1,48,40
1437,13,85,2,0,40,1,48,40
1438,13,85,3,0,40,1,48,40
1439,13,85,4,0,35,0,48,40
1440,13,86,0,0,26,1,40,32
1441,13,86,1,1,39,1,40,32
1442,13,86,2,0,43,1,40,32
1443,13,86,3,0,34,1,40,32
1444,13,86,4,1,36,0,40,32
1445,13,87,0,1,59,1,40,48
1446,13,87,1,1,46,1,40,48
1447,13,87,2,0,31,1,40,48
1448,13,87,3,1,53,1,40,48
1449,13,87,4,1,45,0,40,48
1450,13,87,5,1,45,0,40,48
1451,13,87,6,1,46,0,40,48
1452,13,87,7,1,65,0,40,48
1453,13,87,8,1,43,0,40,48
1454,13,87,9,1,33,0,40,48
1455,13,88,0,1,59,1,52,60
1456,13,88,1,0,52,1,52,60
1457,13,88,2,0,58,1,52,60
1458,13,88,3,1,49,1,52,60
1459,13,88,4,1,67,0,52,60
1460,13,88,5,1,59,0,52,60
1461,13,88,6,1,61,0,52,60
1462,13,88,7,1,50,0,52,60
1463,13,88,8,1,62,0,52,60
1464,13,88,9,1,63,0,52,60
1465,13,89,0,0,14,1,30,60
1466,13,89,1,1,59,1,30,60
1467,13,89,2,0,32,1,30,60
1468,13,89,3,0,29,1,30,60
1469,13,89,4,1,55,0,30,60
1470,13,90,0,1,43,1,52,40
1471,13,90,1,1,26,1,52,40
1472,13,90,2,0,53,1,52,40
1473,13,90,3,1,41,1,52,40
1474,13,90,4,0,64,0,52,40
1475,13,91,0,0,75,1,60,72
1476,13,91,1,1,73,1,60,72
1477,13,91,2,0,59,1,60,72
1478,13,91,3,1,71,1,60,72
1479,13,91,4,1,73,0,60,72
1480,13,92,0,0,53,1,60,48
1481,13,92,1,0,56,1,60,48
1482,13,92,2,0,59,1,60,48
1483,13,92,3,1,48,1,60,48
1484,13,92,4,0,63,0,60,48
1485,13,92,5,0,58,0,60,48
1486,13,92,6,0,55,0,60,48
1487,13,92,7,0,46,0,60,48
1488,13,92,8,0,72,0,60,48
1489,13,92,9,0,47,0,60,48
1490,13,93,0,1,34,1,40,28
1491,13,93,1,0,49,1,40,28
1492,13,93,2,0,39,1,40,28
1493,13,93,3,1,26,1,40,28
1494,13,93,4,0,51,0,40,28
1495,13,94,0,1,40,1,40,52
1496,13,94,1,0,46,1,40,52
1497,13,94,2,0,37,1,40,52
1498,13,94,3,1,49,1,40,52
1499,13,94,4,1,59,0,40,52
1500,13,95,0,1,60,1,80,60
1501,13,95,1,1,68,1,80,60
1502,13,95,2,0,68,1,80,60
1503,13,95,3,1,62,1,80,60
1504,13,95,4,1,67,0,80,60
1505,13,96,0,0,49,1,40,70
1506,13,96,1,1,55,1,40,70
1507,13,96,2,1,77,1,40,70
1508,13,96,3,1,85,1,40,70
1509,13,96,4,1,72,0,40,70
1510,13,97,0,0,61,1,60,72
1511,13,97,1,1,74,1,60,72
1512,13,97,2,0,56,1,60,72
1513,13,97,3,0,63,1,60,72
1514,13,97,4,1,68,0,60,72
1515,13,97,5,1,74,0,60,72
1516,13,97,6,1,53,0,60,72
1517,13,97,7,1,67,0,60,72
1518,13,97,8,1,73,0,60,72
1519,13,97,9,1,67,0,60,72
1520,13,98,0,0,91,1,90,60
1521,13,98,1,1,59,1,90,60
1522,13,98,2,0,94,1,90,60
1523,13,98,3,1,64,1,90,60
1524,13,98,4,0,77,0,90,60
1525,13,99,0,1,54,1,40,60
1526,13,99,1,0,45,1,40,60
1527,13,99,2,0,50,1,40,60
1528,13,99,3,1,54,1,40,60
1529,13,99,4,1,58,0,40,60
1530,15,0,0,0,26,1,40,36
1531,15,0,1,1,33,1,40,36
1532,15,0,2,1,29,1,40,36
1533,15,0,3,1,26,1,40,36
1534,15,0,4,1,35,0,40,36
1535,15,0,5,1,36,0,40,36
1536,15,0,6,1,28,0,40,36
1537,15,0,7,1,40,0,40,36
1538,15,0,8,1,45,0,40,36
1539,15,0,9,1,33,0,40,36
1540,15,1,0,0,67,1,60,48
1541,15,1,1,1,43,1,60,48
1542,15,1,2,0,58,1,60,48
1543,15,1,3,1,64,1,60,48
1544,15,1,4,1,50,0,60,48
1545,15,1,5,0,42,0,60,48
1546,15,1,6,1,52,0,60,48
1547,15,1,7,1,43,0,60,48
1548,15,1,8,1,50,0,60,48
1549,15,1,9,1,45,0,60,48
1550,15,2,0,1,14,1,40,36
1551,15,2,1,0,29,1,40,36
1552,15,2,2,0,39,1,40,36
1553,15,2,3,1,35,1,40,36
1554,15,2,4,0,28,0,40,36
1555,15,2,5,1,36,0,40,36
1556,15,2,6,0,37,0,40,36
1557,15,2,7,1,48,0,40,36
1558,15,2,8,0,51,0,40,36
1559,15,2,9,0,36,0,40,36
1560,15,3,0,1,57,1,40,48
1561,15,3,1,0,26,1,40,48
1562,15,3,2,0,41,1,40,48
1563,15,3,3,1,61,1,40,48
1564,15,3,4,1,45,0,40,48
1565,15,4,0,1,9,1,40,10
1566,15,4,1,0,46,1,40,10
1567,15,4,2,1,10,1,40,10
1568,15,4,3,0,41,1,40,10
1569,15,4,4,0,38,0,40,10
1570,15,5,0,1,53,1,60,56
1571,15,5,1,0,61,1,60,56
1572,15,5,2,1,62,1,60,56
1573,15,5,3,0,51,1,60,56
1574,15,5,4,0,54,0,60,56
1575,15,6,0,1,51,1,40,48
1576,15,6,1,1,53,1,40,48
1577,15,6,2,0,46,1,40,48
1578,15,6,3,1,31,1,40,48
1579,15,6,4,1,39,0,40,48
1580,15,6,5,1,41,0,40,48
1581,15,6,6,1,42,0,40,48
1582,15,6,7,1,43,0,40,48
1583,15,6,8,1,42,0,40,48
1584,15,6,9,1,39,0,40,48
1585,15,7,0,0,58,1,56,60
1586,15,7,1,0,50,1,56,60
1587,15,7,2,0,56,1,56,60
1588,15,7,3,1,49,1,56,60
1589,15,7,4,1,56,0,56,60
1590,15,8,0,1,61,1,48,60
1591,15,8,1,0,56,1,48,60
1592,15,8,2,1,53,1,48,60
1593,15,8,3,1,63,1,48,60
1594,15,8,4,1,63,0,48,60
1595,15,8,5,1,63,0,48,60
1596,15,8,6,1,68,0,48,60
1597,15,8,7,1,73,0,48,60
1598,15,8,8,1,49,0,48,60
1599,15,8,9,1,68,0,48,60
1600,15,9,0,1,77,1,80,60
1601,15,9,1,1,44,1,80,60
1602,15,9,2,0,77,1,80,60
1603,15,9,3,1,66,1,80,60
1604,15,9,4,1,51,0,80,60
1605,15,10,0,1,47,1,40,60
1606,15,10,1,0,50,1,40,60
1607,15,10,2,0,47,1,40,60
1608,15,10,3,0,55,1,40,60
1609,15,10,4,0,45,0,40,60
1610,15,11,0,1,59,1,40,70
1611,15,11,1,0,30,1,40,70
1612,15,11,2,1,71,1,40,70
1613,15,11,3,0,50,1,40,70
1614,15,11,4,0,48,0,40,70
1615,15,11,5,0,46,0,40,70
1616,15,11,6,1,77,0,40,70
1617,15,11,7,1,60,0,40,70
1618,15,11,8,1,61,0,40,70
1619,15,11,9,1,64,0,40,70
1620,15,12,0,0,50,1,40,32
1621,15,12,1,1,10,1,40,32
1622,15,12,2,0,37,1,40,32
1623,15,12,3,0,41,1,40,32
1624,15,12,4,0,40,0,40,32
1625,15,13,0,1,41,1,40,36
1626,15,13,1,0,41,1,40,36
1627,15,13,2,0,38,1,40,36
1628,15,13,3,0,44,1,40,36
1629,15,13,4,0,27,0,40,36
1630,15,13,5,1,39,0,40,36
1631,15,13,6,0,52,0,40,36
1632,15,13,7,0,44,0,40,36
1633,15,13,8,0,43,0,40,36
1634,15,13,9,0,49,0,40,36
1635,15,14,0,0,62,1,72,60
1636,15,14,1,1,64,1,72,60
1637,15,14,2,0,63,1,72,60
1638,15,14,3,1,44,1,72,60
1639,15,14,4,1,61,0,72,60
1640,15,14,5,0,85,0,72,60
1641,15,14,6,0,72,0,72,60
1642,15,14,7,0,72,0,72,60
1643,15,14,8,0,76,0,72,60
1644,15,14,9,0,72,0,72,60
1645,15,15,0,1,70,1,40,60
1646,15,15,1,1,68,1,40,60
1647,15,15,2,0,50,1,40,60
1648,15,15,3,0,36,1,40,60
1649,15,15,4,0,46,0,40,60
1650,15,15,5,0,45,0,40,60
1651,15,15,6,0,44,0,40,60
1652,15,15,7,1,59,0,40,60
1653,15,15,8,1,54,0,40,60
1654,15,15,9,1,64,0,40,60
1655,15,16,0,0,33,1,40,70
1656,15,16,1,1,77,1,40,70
1657,15,16,2,1,83,1,40,70
1658,15,16,3,1,67,1,40,70
1659,15,16,4,1,69,0,40,70
1660,15,17,0,1,57,1,40,60
1661,15,17,1,1,55,1,40,60
1662,15,17,2,0,42,1,40,60
1663,15,17,3,0,26,1,40,60
1664,15,17,4,0,39,0,40,60
1665,15,17,5,1,51,0,40,60
1666,15,17,6,1,54,0,40,60
1667,15,17,7,1,59,0,40,60
1668,15,17,8,1,60,0,40,60
1669,15,17,9,1,51,0,40,60
1670,15,18,0,1,36,1,70,40
1671,15,18,1,0,77,1,70,40
1672,15,18,2,0,85,1,70,40
1673,15,18,3,0,64,1,70,40
1674,15,18,4,0,62,0,70,40
1675,15,18,5,0,74,0,70,40
1676,15,18,6,0,73,0,70,40
1677,15,18,7,0,49,0,70,40
1678,15,18,8,0,65,0,70,40
1679,15,18,9,0,73,0,70,40
1680,15,19,0,0,54,1,60,56
1681,15,19,1,1,65,1,60,56
1682,15,19,2,1,55,1,60,56
1683,15,19,3,1,43,1,60,56
1684,15,19,4,1,52,0,60,56
1685,15,20,0,0,20,1,20,40
1686,15,20,1,1,45,1,20,40
1687,15,20,2,0,17,1,20,40
1688,15,20,3,1,40,1,20,40
1689,15,20,4,1,34,0,20,40
1690,15,21,0,0,84,1,80,60
1691,15,21,1,0,70,1,80,60
1692,15,21,2,0,68,1,80,60
1693,15,21,3,1,53,1,80,60
1694,15,21,4,0,88,0,80,60
1695,15,22,0,0,43,1,48,40
1696,15,22,1,1,46,1,48,40
1697,15,22,2,0,46,1,48,40
1698,15,22,3,0,46,1,48,40
1699,15,22,4,0,55,0,48,40
1700,15,22,5,1,39,0,48,40
1701,15,22,6,0,61,0,48,40
1702,15,22,7,0,44,0,48,40
1703,15,22,8,0,58,0,48,40
1704,15,22,9,0,48,0,48,40
1705,15,23,0,1,36,1,40,32
1706,15,23,1,0,38,1,40,32
1707,15,23,2,1,31,1,40,32
1708,15,23,3,1,34,1,40,32
1709,15,23,4,0,33,0,40,32
1710,15,23,5,0,46,0,40,32
1711,15,23,6,1,25,0,40,32
1712,15,23,7,0,36,0,40,32
1713,15,23,8,0,45,0,40,32
1714,15,23,9,0,20,0,40,32
1715,15,24,0,1,64,1,48,60
1716,15,24,1,0,51,1,48,60
1717,15,24,2,1,50,1,48,60
1718,15,24,3,1,60,1,48,60
1719,15,24,4,1,73,0,48,60
1720,15,24,5,1,58,0,48,60
1721,15,24,6,1,57,0,48,60
1722,15,24,7,1,46,0,48,60
1723,15,24,8,1,57,0,48,60
1724,15,24,9,1,59,0,48,60
1725,15,25,0,1,94,1,60,90
1726,15,25,1,0,58,1,60,90
1727,15,25,2,0,60,1,60,90
1728,15,25,3,1,97,1,60,90
1729,15,25,4,1,85,0,60,90
1730,15,26,0,1,57,1,52,60
1731,15,26,1,1,62,1,52,60
1732,15,26,2,1,44,1,52,60
1733,15,26,3,0,60,1,52,60
1734,15,26,4,0,49,0,52,60
1735,15,27,0,1,88,1,60,80
1736,15,27,1,0,51,1,60,80
1737,15,27,2,1,91,1,60,80
1738,15,27,3,1,82,1,60,80
1739,15,27,4,1,94,0,60,80
1740,15,27,5,1,85,0,60,80
1741,15,27,6,1,80,0,60,80
1742,15,27,7,1,78,0,60,80
1743,15,27,8,1,73,0,60,80
1744,15,27,9,1,75,0,60,80
1745,15,28,0,1,68,1,40,60
1746,15,28,1,1,61,1,40,60
1747,15,28,2,0,46,1,40,60
1748,15,28,3,0,38,1,40,60
1749,15,28,4,0,28,0,40,60
1750,15,28,5,1,57,0,40,60
1751,15,28,6,1,69,0,40,60
1752,15,28,7,1,62,0,40,60
1753,15,28,8,1,54,0,40,60
1754,15,28,9,1,52,0,40,60
1755,15,29,0,0,34,1,30,60
1756,15,29,1,0,30,1,30,60
1757,15,29,2,1,48,1,30,60
1758,15,29,3,0,25,1,30,60
1759,15,29,4,0,28,0,30,60
1760,15,29,5,1,53,0,30,60
1761,15,29,6,1,65,0,30,60
1762,15,29,7,1,57,0,30,60
1763,15,29,8,1,47,0,30,60
1764,15,29,9,1,60,0,30,60
1765,15,30,0,0,58,1,60,68
1766,15,30,1,1,55,1,60,68
1767,15,30,2,0,61,1,60,68
1768,15,30,3,1,43,1,60,68
1769,15,30,4,1,88,0,60,68
1770,15,30,5,1,58,0,60,68
1771,15,30,6,1,63,0,60,68
1772,15,30,7,1,69,0,60,68
1773,15,30,8,1,52,0,60,68
1774,15,30,9,1,76,0,60,68
1775,15,31,0,1,54,1,68,60
1776,15,31,1,1,54,1,68,60
1777,15,31,2,0,65,1,68,60
1778,15,31,3,1,47,1,68,60
1779,15,31,4,1,66,0,68,60
1780,15,32,0,1,60,1,40,48
1781,15,32,1,1,47,1,40,48
1782,15,32,2,0,45,1,40,48
1783,15,32,3,0,50,1,40,48
1784,15,32,4,0,31,0,40,48
1785,15,32,5,0,40,0,40,48
1786,15,32,6,1,45,0,40,48
1787,15,32,7,1,55,0,40,48
1788,15,32,8,1,58,0,40,48
1789,15,32,9,1,46,0,40,48
1790,15,33,0,1,6,1,40,20
1791,15,33,1,1,16,1,40,20
1792,15,33,2,0,31,1,40,20
1793,15,33,3,1,4,1,40,20
1794,15,33,4,1,22,0,40,20
1795,15,33,5,0,52,0,40,20
1796,15,33,6,0,44,0,40,20
1797,15,33,7,0,62,0,40,20
1798,15,33,8,0,51,0,40,20
1799,15,33,9,0,36,0,40,20
1800,15,34,0,0,16,1,30,60
1801,15,34,1,1,60,1,30,60
1802,15,34,2,1,66,1,30,60
1803,15,34,3,1,70,1,30,60
1804,15,34,4,1,68,0,30,60
1805,15,34,5,1,62,0,30,60
1806,15,34,6,1,45,0,30,60
1807,15,34,7,1,57,0,30,60
1808,15,34,8,1,44,0,30,60
1809,15,34,9,1,66,0,30,60
1810,15,35,0,1,78,1,40,60
1811,15,35,1,0,42,1,40,60
1812,15,35,2,0,38,1,40,60
1813,15,35,3,0,41,1,40,60
1814,15,35,4,1,45,0,40,60
1815,15,35,5,1,63,0,40,60
1816,15,35,6,1,80,0,40,60
1817,15,35,7,1,49,0,40,60
1818,15,35,8,1,46,0,40,60
1819,15,35,9,1,51,0,40,60
1820,15,36,0,0,31,1,36,40
1821,15,36,1,1,38,1,36,40
1822,15,36,2,1,34,1,36,40
1823,15,36,3,0,28,1,36,40
1824,15,36,4,0,47,0,36,40
1825,15,36,5,1,49,0,36,40
1826,15,36,6,1,39,0,36,40
1827,15,36,7,1,38,0,36,40
1828,15,36,8,1,34,0,36,40
1829,15,36,9,1,48,0,36,40
1830,15,37,0,1,59,1,80,60
1831,15,37,1,1,60,1,80,60
1832,15,37,2,0,76,1,80,60
1833,15,37,3,0,82,1,80,60
1834,15,37,4,0,80,0,80,60
1835,15,38,0,0,37,1,40,10
1836,15,38,1,0,34,1,40,10
1837,15,38,2,1,1,1,40,10
1838,15,38,3,1,34,1,40,10
1839,15,38,4,0,37,0,40,10
1840,15,38,5,1,1,0,40,10
1841,15,38,6,1,8,0,40,10
1842,15,38,7,0,36,0,40,10
1843,15,38,8,0,46,0,40,10
1844,15,38,9,0,49,0,40,10
1845,15,39,0,1,26,1,40,36
1846,15,39,1,0,42,1,40,36
1847,15,39,2,0,37,1,40,36
1848,15,39,3,0,52,1,40,36
1849,15,39,4,0,45,0,40,36
1850,15,39,5,0,48,0,40,36
1851,15,39,6,0,50,0,40,36
1852,15,39,7,0,39,0,40,36
1853,15,39,8,0,40,0,40,36
1854,15,39,9,0,47,0,40,36
1855,15,40,0,0,53,1,60,68
1856,15,40,1,1,60,1,60,68
1857,15,40,2,0,66,1,60,68
1858,15,40,3,1,61,1,60,68
1859,15,40,4,0,71,0,60,68
1860,15,40,5,0,55,0,60,68
1861,15,40,6,0,67,0,60,68
1862,15,40,7,0,52,0,60,68
1863,15,40,8,0,66,0,60,68
1864,15,40,9,0,60,0,60,68
1865,15,41,0,0,33,1,32,40
1866,15,41,1,0,39,1,32,40
1867,15,41,2,0,21,1,32,40
1868,15,41,3,1,40,1,32,40
1869,15,41,4,0,27,0,32,40
1870,15,41,5,1,36,0,32,40
1871,15,41,6,0,30,0,32,40
1872,15,41,7,1,29,0,32,40
1873,15,41,8,1,25,0,32,40
1874,15,41,9,0,28,0,32,40
1875,15,42,0,1,57,1,64,60
1876,15,42,1,1,73,1,64,60
1877,15,42,2,0,63,1,64,60
1878,15,42,3,0,54,1,64,60
1879,15,42,4,0,63,0,64,60
1880,15,43,0,1,62,1,40,60
1881,15,43,1,0,51,1,40,60
1882,15,43,2,0,37,1,40,60
1883,15,43,3,0,45,1,40,60
1884,15,43,4,1,67,0,40,60
1885,15,43,5,1,66,0,40,60
1886,15,43,6,1,63,0,40,60
1887,15,43,7,1,57,0,40,60
1888,15,43,8,1,54,0,40,60
1889,15,43,9,1,79,0,40,60
1890,15,44,0,1,30,1,40,28
1891,15,44,1,1,28,1,40,28
1892,15,44,2,1,26,1,40,28
1893,15,44,3,0,46,1,40,28
1894,15,44,4,0,36,0,40,28
1895,15,45,0,1,77,1,48,60
1896,15,45,1,0,49,1,48,60
1897,15,45,2,0,58,1,48,60
1898,15,45,3,0,55,1,48,60
1899,15,45,4,0,56,0,48,60
1900,15,46,0,0,52,1,60,80
1901,15,46,1,1,79,1,60,80
1902,15,46,2,0,67,1,60,80
1903,15,46,3,0,60,1,60,80
1904,15,46,4,0,68,0,60,80
1905,15,46,5,0,65,0,60,80
1906,15,46,6,0,65,0,60,80
1907,15,46,7,0,54,0,60,80
1908,15,46,8,0,50,0,60,80
1909,15,46,9,0,62,0,60,80
1910,15,47,0,0,8,1,10,40
1911,15,47,1,1,34,1,10,40
1912,15,47,2,1,42,1,10,40
1913,15,47,3,0,4,1,10,40
1914,15,47,4,1,42,0,10,40
1915,15,47,5,0,11,0,10,40
1916,15,47,6,1,50,0,10,40
1917,15,47,7,1,42,0,10,40
1918,15,47,8,1,27,0,10,40
1919,15,47,9,1,37,0,10,40
1920,15,48,0,0,23,1,40,60
1921,15,48,1,0,42,1,40,60
1922,15,48,2,1,56,1,40,60
1923,15,48,3,1,59,1,40,60
1924,15,48,4,1,62,0,40,60
1925,15,48,5,1,69,0,40,60
1926,15,48,6,1,61,0,40,60
1927,15,48,7,1,54,0,40,60
1928,15,48,8,1,56,0,40,60
1929,15,48,9,1,55,0,40,60
1930,15,49,0,1,48,1,40,48
1931,15,49,1,0,23,1,40,48
1932,15,49,2,0,42,1,40,48
1933,15,49,3,1,43,1,40,48
1934,15,49,4,1,33,0,40,48
1935,15,50,0,0,34,1,40,28
1936,15,50,1,1,37,1,40,28
1937,15,50,2,0,43,1,40,28
1938,15,50,3,1,39,1,40,28
1939,15,50,4,0,41,0,40,28
1940,15,51,0,0,56,1,60,56
1941,15,51,1,1,49,1,60,56
1942,15,51,2,1,70,1,60,56
1943,15,51,3,1,55,1,60,56
1944,15,51,4,1,54,0,60,56
1945,15,52,0,1,86,1,60,90
1946,15,52,1,0,53,1,60,90
1947,15,52,2,0,62,1,60,90
1948,15,52,3,1,92,1,60,90
1949,15,52,4,1,99,0,60,90
1950,15,53,0,1,48,1,40,48
1951,15,53,1,1,47,1,40,48
1952,15,53,2,0,32,1,40,48
1953,15,53,3,0,46,1,40,48
1954,15,53,4,0,37,0,40,48
1955,15,53,5,0,45,0,40,48
1956,15,53,6,1,54,0,40,48
1957,15,53,7,1,53,0,40,48
1958,15,53,8,1,60,0,40,48
1959,15,53,9,1,49,0,40,48
1960,15,54,0,1,64,1,48,60
1961,15,54,1,0,42,1,48,60
1962,15,54,2,1,62,1,48,60
1963,15,54,3,0,48,1,48,60
1964,15,54,4,1,53,0,48,60
1965,15,54,5,0,55,0,48,60
1966,15,54,6,1,62,0,48,60
1967,15,54,7,1,64,0,48,60
1968,15,54,8,1,59,0,48,60
1969,15,54,9,1,48,0,48,60
1970,15,55,0,0,41,1,60,72
1971,15,55,1,1,75,1,60,72
1972,15,55,2,0,60,1,60,72
1973,15,55,3,1,57,1,60,72
1974,15,55,4,0,64,0,60,72
1975,15,56,0,1,41,1,52,40
1976,15,56,1,0,48,1,52,40
1977,15,56,2,1,38,1,52,40
1978,15,56,3,1,34,1,52,40
1979,15,56,4,1,54,0,52,40
1980,15,56,5,0,50,0,52,40
1981,15,56,6,1,43,0,52,40
1982,15,56,7,0,50,0,52,40
1983,15,56,8,0,56,0,52,40
1984,15,56,9,0,43,0,52,40
1985,15,57,0,1,56,1,40,60
1986,15,57,1,1,71,1,40,60
1987,15,57,2,0,32,1,40,60
1988,15,57,3,0,47,1,40,60
1989,15,57,4,1,70,0,40,60
1990,15,57,5,1,60,0,40,60
1991,15,57,6,1,54,0,40,60
1992,15,57,7,1,56,0,40,60
1993,15,57,8,1,59,0,40,60
1994,15,57,9,1,69,0,40,60
1995,15,58,0,1,25,1,40,36
1996,15,58,1,0,39,1,40,36
1997,15,58,2,0,53,1,40,36
1998,15,58,3,1,25,1,40,36
1999,15,58,4,1,39,0,40,36
2000,15,58,5,0,34,0,40,36
2001,15,58,6,1,26,0,40,36
2002,15,58,7,0,32,0,40,36
2003,15,58,8,0,34,0,40,36
2004,15,58,9,0,30,0,40,36
2005,15,59,0,1,33,1,40,28
2006,15,59,1,0,49,1,40,28
2007,15,59,2,0,45,1,40,28
2008,15,59,3,1,27,1,40,28
2009,15,59,4,0,47,0,40,28
2010,15,60,0,1,28,1,60,30
2011,15,60,1,0,74,1,60,30
2012,15,60,2,1,35,1,60,30
2013,15,60,3,1,27,1,60,30
2014,15,60,4,1,36,0,60,30
2015,15,61,0,0,40,1,40,70
2016,15,61,1,1,71,1,40,70
2017,15,61,2,1,55,1,40,70
2018,15,61,3,0,40,1,40,70
2019,15,61,4,1,81,0,40,70
2020,15,61,5,1,71,0,40,70
2021,15,61,6,1,58,0,40,70
2022,15,61,7,1,76,0,40,70
2023,15,61,8,1,57,0,40,70
2024,15,61,9,1,64,0,40,70
2025,15,62,0,0,46,1,36,40
2026,15,62,1,1,49,1,36,40
2027,15,62,2,1,21,1,36,40
2028,15,62,3,0,24,1,36,40
2029,15,62,4,0,40,0,36,40
2030,15,62,5,0,42,0,36,40
2031,15,62,6,1,38,0,36,40
2032,15,62,7,0,26,0,36,40
2033,15,62,8,0,34,0,36,40
2034,15,62,9,0,37,0,36,40
2035,15,63,0,1,33,1,36,40
2036,15,63,1,0,43,1,36,40
2037,15,63,2,1,28,1,36,40
2038,15,63,3,0,29,1,36,40
2039,15,63,4,0,25,0,36,40
2040,15,64,0,1,24,1,40,10
2041,15,64,1,0,22,1,40,10
2042,15,64,2,0,41,1,40,10
2043,15,64,3,1,16,1,40,10
2044,15,64,4,0,40,0,40,10
2045,15,65,0,1,53,1,40,44
2046,15,65,1,1,35,1,40,44
2047,15,65,2,1,55,1,40,44
2048,15,65,3,0,27,1,40,44
2049,15,65,4,1,41,0,40,44
2050,15,66,0,1,71,1,52,60
2051,15,66,1,1,60,1,52,60
2052,15,66,2,1,68,1,52,60
2053,15,66,3,0,57,1,52,60
2054,15,66,4,1,64,0,52,60
2055,15,67,0,1,60,1,60,64
2056,15,67,1,1,69,1,60,64
2057,15,67,2,0,45,1,60,64
2058,15,67,3,0,58,1,60,64
2059,15,67,4,0,65,0,60,64
2060,15,67,5,0,63,0,60,64
2061,15,67,6,1,53,0,60,64
2062,15,67,7,0,74,0,60,64
2063,15,67,8,0,45,0,60,64
2064,15,67,9,0,57,0,60,64
2065,15,68,0,1,61,1,40,60
2066,15,68,1,0,55,1,40,60
2067,15,68,2,0,59,1,40,60
2068,15,68,3,0,47,1,40,60
2069,15,68,4,1,67,0,40,60
2070,15,69,0,1,73,1,48,60
2071,15,69,1,0,48,1,48,60
2072,15,69,2,1,66,1,48,60
2073,15,69,3,0,45,1,48,60
2074,15,69,4,1,63,0,48,60
2075,15,69,5,1,58,0,48,60
2076,15,69,6,1,50,0,48,60
2077,15,69,7,1,75,0,48,60
2078,15,69,8,1,73,0,48,60
2079,15,69,9,1,74,0,48,60
2080,15,70,0,1,42,1,52,40
2081,15,70,1,0,56,1,52,40
2082,15,70,2,1,43,1,52,40
2083,15,70,3,1,37,1,52,40
2084,15,70,4,1,44,0,52,40
2085,15,70,5,1,43,0,52,40
2086,15,70,6,0,54,0,52,40
2087,15,70,7,0,48,0,52,40
2088,15,70,8,0,56,0,52,40
2089,15,70,9,0,58,0,52,40
2090,15,71,0,1,35,1,60,30
2091,15,71,1,0,72,1,60,30
2092,15,71,2,1,32,1,60,30
2093,15,71,3,1,26,1,60,30
2094,15,71,4,0,64,0,60,30
2095,15,72,0,0,65,1,72,60
2096,15,72,1,1,61,1,72,60
2097,15,72,2,0,70,1,72,60
2098,15,72,3,1,62,1,72,60
2099,15,72,4,1,60,0,72,60
2100,15,72,5,0,73,0,72,60
2101,15,72,6,0,67,0,72,60
2102,15,72,7,0,57,0,72,60
2103,15,72,8,0,61,0,72,60
2104,15,72,9,0,85,0,72,60
2105,15,73,0,0,30,1,30,60
2106,15,73,1,0,39,1,30,60
2107,15,73,2,1,75,1,30,60
2108,15,73,3,0,22,1,30,60
2109,15,73,4,1,66,0,30,60
2110,15,73,5,1,37,0,30,60
2111,15,73,6,0,29,0,30,60
2112,15,73,7,1,55,0,30,60
2113,15,73,8,1,55,0,30,60
2114,15,73,9,1,62,0,30,60
2115,15,74,0,1,42,1,52,40
2116,15,74,1,1,30,1,52,40
2117,15,74,2,0,49,1,52,40
2118,15,74,3,1,33,1,52,40
2119,15,74,4,1,38,0,52,40
2120,15,75,0,1,56,1,60,52
2121,15,75,1,0,61,1,60,52
2122,15,75,2,0,60,1,60,52
2123,15,75,3,1,49,1,60,52
2124,15,75,4,0,62,0,60,52
2125,15,76,0,0,32,1,40,10
2126,15,76,1,0,38,1,40,10
2127,15,76,2,1,4,1,40,10
2128,15,76,3,1,17,1,40,10
2129,15,76,4,1,9,0,40,10
2130,15,76,5,0,37,0,40,10
2131,15,76,6,0,46,0,40,10
2132,15,76,7,0,37,0,40,10
2133,15,76,8,0,39,0,40,10
2134,15,76,9,0,43,0,40,10
2135,15,77,0,0,88,1,80,60
2136,15,77,1,0,77,1,80,60
2137,15,77,2,0,89,1,80,60
2138,15,77,3,1,51,1,80,60
2139,15,77,4,0,63,0,80,60
2140,15,78,0,1,20,1,40,20
2141,15,78,1,1,28,1,40,20
2142,15,78,2,0,40,1,40,20
2143,15,78,3,1,23,1,40,20
2144,15,78,4,0,34,0,40,20
2145,15,78,5,0,20,0,40,20
2146,15,78,6,0,36,0,40,20
2147,15,78,7,1,13,0,40,20
2148,15,78,8,0,40,0,40,20
2149,15,78,9,0,33,0,40,20
2150,15,79,0,0,65,1,64,60
2151,15,79,1,0,71,1,64,60
2152,15,79,2,1,72,1,64,60
2153,15,79,3,0,66,1,64,60
2154,15,79,4,0,69,0,64,60
2155,15,80,0,0,55,1,60,48
2156,15,80,1,0,50,1,60,48
2157,15,80,2,0,57,1,60,48
2158,15,80,3,1,39,1,60,48
2159,15,80,4,0,44,0,60,48
2160,15,80,5,0,66,0,60,48
2161,15,80,6,0,48,0,60,48
2162,15,80,7,0,56,0,60,48
2163,15,80,8,0,48,0,60,48
2164,15,80,9,0,63,0,60,48
2165,15,81,0,0,51,1,60,80
2166,15,81,1,1,83,1,60,80
2167,15,81,2,0,71,1,60,80
2168,15,81,3,0,52,1,60,80
2169,15,81,4,0,50,0,60,80
2170,15,81,5,1,94,0,60,80
2171,15,81,6,1,85,0,60,80
2172,15,81,7,1,76,0,60,80
2173,15,81,8,1,85,0,60,80
2174,15,81,9,1,78,0,60,80
2175,15,82,0,1,65,1,52,60
2176,15,82,1,0,56,1,52,60
2177,15,82,2,0,54,1,52,60
2178,15,82,3,1,55,1,52,60
2179,15,82,4,0,55,0,52,60
2180,15,82,5,0,80,0,52,60
2181,15,82,6,1,62,0,52,60
2182,15,82,7,1,73,0,52,60
2183,15,82,8,1,53,0,52,60
2184,15,82,9,1,78,0,52,60
2185,15,83,0,1,69,1,80,60
2186,15,83,1,1,58,1,80,60
2187,15,83,2,0,81,1,80,60
2188,15,83,3,0,84,1,80,60
2189,15,83,4,0,80,0,80,60
2190,15,84,0,0,25,1,20,40
2191,15,84,1,0,17,1,20,40
2192,15,84,2,1,22,1,20,40
2193,15,84,3,1,46,1,20,40
2194,15,84,4,1,42,0,20,40
2195,15,84,5,1,30,0,20,40
2196,15,84,6,1,34,0,20,40
2197,15,84,7,1,35,0,20,40
2198,15,84,8,1,34,0,20,40
2199,15,84,9,1,48,0,20,40
2200,15,85,0,1,41,1,48,40
2201,15,85,1,1,38,1,48,40
2202,15,85,2,0,46,1,48,40
2203,15,85,3,0,49,1,48,40
2204,15,85,4,0,47,0,48,40
2205,15,86,0,0,23,1,40,32
2206,15,86,1,1,32,1,40,32
2207,15,86,2,0,40,1,40,32
2208,15,86,3,0,43,1,40,32
2209,15,86,4,0,51,0,40,32
2210,15,87,0,1,49,1,40,48
2211,15,87,1,1,44,1,40,48
2212,15,87,2,0,35,1,40,48
2213,15,87,3,1,49,1,40,48
2214,15,87,4,1,53,0,40,48
2215,15,87,5,1,46,0,40,48
2216,15,87,6,1,39,0,40,48
2217,15,87,7,1,35,0,40,48
2218,15,87,8,1,46,0,40,48
2219,15,87,9,1,58,0,40,48
2220,15,88,0,1,51,1,52,60
2221,15,88,1,0,51,1,52,60
2222,15,88,2,0,57,1,52,60
2223,15,88,3,1,74,1,52,60
2224,15,88,4,1,42,0,52,60
2225,15,88,5,0,55,0,52,60
2226,15,88,6,0,50,0,52,60
2227,15,88,7,0,54,0,52,60
2228,15,88,8,0,42,0,52,60
2229,15,88,9,0,43,0,52,60
2230,15,89,0,0,19,1,30,60
2231,15,89,1,1,73,1,30,60
2232,15,89,2,0,37,1,30,60
2233,15,89,3,0,41,1,30,60
2234,15,89,4,0,37,0,30,60
2235,15,90,0,1,39,1,52,40
2236,15,90,1,1,37,1,52,40
2237,15,90,2,0,73,1,52,40
2238,15,90,3,1,36,1,52,40
2239,15,90,4,0,62,0,52,40
2240,15,91,0,0,74,1,60,72
2241,15,91,1,1,65,1,60,72
2242,15,91,2,0,57,1,60,72
2243,15,91,3,1,71,1,60,72
2244,15,91,4,0,68,0,60,72
2245,15,92,0,0,47,1,60,48
2246,15,92,1,0,67,1,60,48
2247,15,92,2,0,51,1,60,48
2248,15,92,3,1,39,1,60,48
2249,15,92,4,0,56,0,60,48
2250,15,92,5,0,57,0,60,48
2251,15,92,6,0,69,0,60,48
2252,15,92,7,0,53,0,60,48
2253,15,92,8,0,67,0,60,48
2254,15,92,9,0,66,0,60,48
2255,15,93,0,1,38,1,40,28
2256,15,93,1,0,26,1,40,28
2257,15,93,2,0,36,1,40,28
2258,15,93,3,1,32,1,40,28
2259,15,93,4,1,35,0,40,28
2260,15,94,0,1,54,1,40,52
2261,15,94,1,0,45,1,40,52
2262,15,94,2,0,47,1,40,52
2263,15,94,3,1,53,1,40,52
2264,15,94,4,1,50,0,40,52
2265,15,95,0,1,58,1,80,60
2266,15,95,1,1,50,1,80,60
2267,15,95,2,0,82,1,80,60
2268,15,95,3,1,53,1,80,60
2269,15,95,4,1,73,0,80,60
2270,15,96,0,0,27,1,40,70
2271,15,96,1,1,77,1,40,70
2272,15,96,2,1,83,1,40,70
2273,15,96,3,1,68,1,40,70
2274,15,96,4,1,73,0,40,70
2275,15,97,0,0,65,1,60,72
2276,15,97,1,1,74,1,60,72
2277,15,97,2,0,44,1,60,72
2278,15,97,3,0,57,1,60,72
2279,15,97,4,0,59,0,60,72
2280,15,97,5,0,51,0,60,72
2281,15,97,6,0,70,0,60,72
2282,15,97,7,0,66,0,60,72
2283,15,97,8,0,66,0,60,72
2284,15,97,9,0,73,0,60,72
2285,15,98,0,0,70,1,90,60
2286,15,98,1,1,66,1,90,60
2287,15,98,2,0,88,1,90,60
2288,15,98,3,1,56,1,90,60
2289,15,98,4,0,89,0,90,60
2290,15,99,0,1,67,1,40,60
2291,15,99,1,0,39,1,40,60
2292,15,99,2,0,30,1,40,60
2293,15,99,3,1,63,1,40,60
2294,15,99,4,1,65,0,40,60
2295,18,0,0,0,38,1,40,36
2296,18,0,1,1,37,1,40,36
2297,18,0,2,1,35,1,40,36
2298,18,0,3,1,38,1,40,36
2299,18,0,4,0,42,0,40,36
2300,18,0,5,0,26,0,40,36
2301,18,0,6,1,25,0,40,36
2302,18,0,7,1,17,0,40,36
2303,18,0,8,0,52,0,40,36
2304,18,0,9,0,37,0,40,36
2305,18,1,0,0,68,1,60,48
2306,18,1,1,1,61,1,60,48
2307,18,1,2,0,66,1,60,48
2308,18,1,3,1,53,1,60,48
2309,18,1,4,1,47,0,60,48
2310,18,1,5,0,56,0,60,48
2311,18,1,6,0,60,0,60,48
2312,18,1,7,0,58,0,60,48
2313,18,1,8,0,62,0,60,48
2314,18,1,9,0,50,0,60,48
2315,18,2,0,1,34,1,40,36
2316,18,2,1,0,40,1,40,36
2317,18,2,2,0,47,1,40,36
2318,18,2,3,1,34,1,40,36
2319,18,2,4,1,41,0,40,36
2320,18,2,5,0,37,0,40,36
2321,18,2,6,1,40,0,40,36
2322,18,2,7,0,31,0,40,36
2323,18,2,8,1,37,0,40,36
2324,18,2,9,1,41,0,40,36
2325,18,3,0,1,40,1,40,48
2326,18,3,1,0,43,1,40,48
2327,18,3,2,0,45,1,40,48
2328,18,3,3,1,43,1,40,48
2329,18,3,4,1,52,0,40,48
2330,18,4,0,1,20,1,40,10
2331,18,4,1,0,38,1,40,10
2332,18,4,2,1,13,1,40,10
2333,18,4,3,0,44,1,40,10
2334,18,4,4,1,1,0,40,10
2335,18,5,0,1,54,1,60,56
2336,18,5,1,0,59,1,60,56
2337,18,5,2,1,52,1,60,56
2338,18,5,3,0,54,1,60,56
2339,18,5,4,0,49,0,60,56
2340,18,6,0,1,52,1,40,48
2341,18,6,1,1,47,1,40,48
2342,18,6,2,0,37,1,40,48
2343,18,6,3,1,58,1,40,48
2344,18,6,4,1,47,0,40,48
2345,18,6,5,0,38,0,40,48
2346,18,6,6,0,37,0,40,48
2347,18,6,7,1,54,0,40,48
2348,18,6,8,1,34,0,40,48
2349,18,6,9,0,52,0,40,48
2350,18,7,0,0,58,1,56,60
2351,18,7,1,0,63,1,56,60
2352,18,7,2,0,50,1,56,60
2353,18,7,3,1,62,1,56,60
2354,18,7,4,1,54,0,56,60
2355,18,8,0,1,57,1,48,60
2356,18,8,1,0,50,1,48,60
2357,18,8,2,1,73,1,48,60
2358,18,8,3,1,52,1,48,60
2359,18,8,4,0,46,0,48,60
2360,18,8,5,0,38,0,48,60
2361,18,8,6,1,65,0,48,60
2362,18,8,7,1,61,0,48,60
2363,18,8,8,1,65,0,48,60
2364,18,8,9,1,75,0,48,60
2365,18,9,0,1,80,1,80,60
2366,18,9,1,1,66,1,80,60
2367,18,9,2,0,78,1,80,60
2368,18,9,3,1,44,1,80,60
2369,18,9,4,0,88,0,80,60
2370,18,10,0,1,65,1,40,60
2371,18,10,1,0,34,1,40,60
2372,18,10,2,0,23,1,40,60
2373,18,10,3,0,51,1,40,60
2374,18,10,4,1,50,0,40,60
2375,18,11,0,1,70,1,40,70
2376,18,11,1,0,40,1,40,70
2377,18,11,2,1,69,1,40,70
2378,18,11,3,0,50,1,40,70
2379,18,11,4,0,39,0,40,70
2380,18,11,5,0,33,0,40,70
2381,18,11,6,1,72,0,40,70
2382,18,11,7,1,65,0,40,70
2383,18,11,8,1,81,0,40,70
2384,18,11,9,1,74,0,40,70
2385,18,12,0,0,36,1,40,32
2386,18,12,1,1,23,1,40,32
2387,18,12,2,0,36,1,40,32
2388,18,12,3,0,19,1,40,32
2389,18,12,4,1,29,0,40,32
2390,18,13,0,1,32,1,40,36
2391,18,13,1,0,37,1,40,36
2392,18,13,2,0,49,1,40,36
2393,18,13,3,0,48,1,40,36
2394,18,13,4,1,38,0,40,36
2395,18,13,5,0,31,0,40,36
2396,18,13,6,0,20,0,40,36
2397,18,13,7,1,41,0,40,36
2398,18,13,8,0,24,0,40,36
2399,18,13,9,1,32,0,40,36
2400,18,14,0,0,88,1,72,60
2401,18,14,1,1,71,1,72,60
2402,18,14,2,0,81,1,72,60
2403,18,14,3,1,54,1,72,60
2404,18,14,4,1,57,0,72,60
2405,18,14,5,0,75,0,72,60
2406,18,14,6,1,71,0,72,60
2407,18,14,7,0,84,0,72,60
2408,18,14,8,0,75,0,72,60
2409,18,14,9,0,73,0,72,60
2410,18,15,0,1,66,1,40,60
2411,18,15,1,1,64,1,40,60
2412,18,15,2,0,33,1,40,60
2413,18,15,3,0,40,1,40,60
2414,18,15,4,1,71,0,40,60
2415,18,15,5,1,58,0,40,60
2416,18,15,6,0,56,0,40,60
2417,18,15,7,0,53,0,40,60
2418,18,15,8,1,67,0,40,60
2419,18,15,9,1,63,0,40,60
2420,18,16,0,0,35,1,40,70
2421,18,16,1,1,69,1,40,70
2422,18,16,2,1,61,1,40,70
2423,18,16,3,1,57,1,40,70
2424,18,16,4,1,80,0,40,70
2425,18,17,0,1,64,1,40,60
2426,18,17,1,1,67,1,40,60
2427,18,17,2,0,30,1,40,60
2428,18,17,3,0,37,1,40,60
2429,18,17,4,1,59,0,40,60
2430,18,17,5,0,38,0,40,60
2431,18,17,6,1,66,0,40,60
2432,18,17,7,0,29,0,40,60
2433,18,17,8,1,60,0,40,60
2434,18,17,9,1,51,0,40,60
2435,18,18,0,1,33,1,70,40
2436,18,18,1,0,60,1,70,40
2437,18,18,2,0,68,1,70,40
2438,18,18,3,0,53,1,70,40
2439,18,18,4,1,39,0,70,40
2440,18,18,5,1,31,0,70,40
2441,18,18,6,0,72,0,70,40
2442,18,18,7,0,76,0,70,40
2443,18,18,8,0,78,0,70,40
2444,18,18,9,0,76,0,70,40
2445,18,19,0,0,46,1,60,56
2446,18,19,1,1,46,1,60,56
2447,18,19,2,1,57,1,60,56
2448,18,19,3,1,50,1,60,56
2449,18,19,4,1,49,0,60,56
2450,18,20,0,0,37,1,20,40
2451,18,20,1,1,42,1,20,40
2452,18,20,2,0,16,1,20,40
2453,18,20,3,1,38,1,20,40
2454,18,20,4,1,39,0,20,40
2455,18,21,0,0,93,1,80,60
2456,18,21,1,0,67,1,80,60
2457,18,21,2,0,81,1,80,60
2458,18,21,3,1,58,1,80,60
2459,18,21,4,0,69,0,80,60
2460,18,22,0,0,42,1,48,40
2461,18,22,1,1,50,1,48,40
2462,18,22,2,0,44,1,48,40
2463,18,22,3,0,47,1,48,40
2464,18,22,4,1,62,0,48,40
2465,18,22,5,1,57,0,48,40
2466,18,22,6,0,43,0,48,40
2467,18,22,7,1,44,0,48,40
2468,18,22,8,0,40,0,48,40
2469,18,22,9,1,39,0,48,40
2470,18,23,0,1,23,1,40,32
2471,18,23,1,0,39,1,40,32
2472,18,23,2,1,44,1,40,32
2473,18,23,3,1,37,1,40,32
2474,18,23,4,0,49,0,40,32
2475,18,23,5,1,37,0,40,32
2476,18,23,6,0,31,0,40,32
2477,18,23,7,1,46,0,40,32
2478,18,23,8,0,38,0,40,32
2479,18,23,9,1,26,0,40,32
2480,18,24,0,1,57,1,48,60
2481,18,24,1,0,50,1,48,60
2482,18,24,2,1,61,1,48,60
2483,18,24,3,1,52,1,48,60
2484,18,24,4,0,48,0,48,60
2485,18,24,5,1,67,0,48,60
2486,18,24,6,0,53,0,48,60
2487,18,24,7,1,62,0,48,60
2488,18,24,8,0,47,0,48,60
2489,18,24,9,1,47,0,48,60
2490,18,25,0,1,90,1,60,90
2491,18,25,1,0,68,1,60,90
2492,18,25,2,0,54,1,60,90
2493,18,25,3,1,94,1,60,90
2494,18,25,4,1,85,0,60,90
2495,18,26,0,1,59,1,52,60
2496,18,26,1,1,52,1,52,60
2497,18,26,2,1,43,1,52,60
2498,18,26,3,0,37,1,52,60
2499,18,26,4,0,49,0,52,60
2500,18,27,0,1,70,1,60,80
2501,18,27,1,0,52,1,60,80
2502,18,27,2,1,82,1,60,80
2503,18,27,3,1,77,1,60,80
2504,18,27,4,0,60,0,60,80
2505,18,27,5,0,68,0,60,80
2506,18,27,6,1,77,0,60,80
2507,18,27,7,1,86,0,60,80
2508,18,27,8,1,80,0,60,80
2509,18,27,9,1,76,0,60,80
2510,18,28,0,1,41,1,40,60
2511,18,28,1,1,64,1,40,60
2512,18,28,2,0,33,1,40,60
2513,18,28,3,0,29,1,40,60
2514,18,28,4,1,62,0,40,60
2515,18,28,5,1,41,0,40,60
2516,18,28,6,1,75,0,40,60
2517,18,28,7,0,48,0,40,60
2518,18,28,8,1,53,0,40,60
2519,18,28,9,0,57,0,40,60
2520,18,29,0,0,37,1,30,60
2521,18,29,1,0,46,1,30,60
2522,18,29,2,1,48,1,30,60
2523,18,29,3,0,25,1,30,60
2524,18,29,4,1,66,0,30,60
2525,18,29,5,1,65,0,30,60
2526,18,29,6,1,56,0,30,60
2527,18,29,7,1,56,0,30,60
2528,18,29,8,0,40,0,30,60
2529,18,29,9,1,58,0,30,60
2530,18,30,0,0,62,1,60,68
2531,18,30,1,1,74,1,60,68
2532,18,30,2,0,61,1,60,68
2533,18,30,3,1,82,1,60,68
2534,18,30,4,0,66,0,60,68
2535,18,30,5,0,54,0,60,68
2536,18,30,6,1,63,0,60,68
2537,18,30,7,1,62,0,60,68
2538,18,30,8,1,78,0,60,68
2539,18,30,9,1,70,0,60,68
2540,18,31,0,1,61,1,68,60
2541,18,31,1,1,61,1,68,60
2542,18,31,2,0,63,1,68,60
2543,18,31,3,1,43,1,68,60
2544,18,31,4,0,83,0,68,60
2545,18,32,0,1,53,1,40,48
2546,18,32,1,1,42,1,40,48
2547,18,32,2,0,45,1,40,48
2548,18,32,3,0,36,1,40,48
2549,18,32,4,0,29,0,40,48
2550,18,32,5,0,36,0,40,48
2551,18,32,6,1,58,0,40,48
2552,18,32,7,1,49,0,40,48
2553,18,32,8,1,62,0,40,48
2554,18,32,9,1,44,0,40,48
2555,18,33,0,1,14,1,40,20
2556,18,33,1,1,11,1,40,20
2557,18,33,2,0,29,1,40,20
2558,18,33,3,1,28,1,40,20
2559,18,33,4,0,35,0,40,20
2560,18,33,5,0,57,0,40,20
2561,18,33,6,0,49,0,40,20
2562,18,33,7,1,1,0,40,20
2563,18,33,8,0,48,0,40,20
2564,18,33,9,0,45,0,40,20
2565,18,34,0,0,39,1,30,60
2566,18,34,1,1,71,1,30,60
2567,18,34,2,1,62,1,30,60
2568,18,34,3,1,52,1,30,60
2569,18,34,4,0,43,0,30,60
2570,18,34,5,1,51,0,30,60
2571,18,34,6,0,33,0,30,60
2572,18,34,7,1,72,0,30,60
2573,18,34,8,1,55,0,30,60
2574,18,34,9,1,66,0,30,60
2575,18,35,0,1,66,1,40,60
2576,18,35,1,0,30,1,40,60
2577,18,35,2,0,52,1,40,60
2578,18,35,3,0,35,1,40,60
2579,18,35,4,0,38,0,40,60
2580,18,35,5,1,52,0,40,60
2581,18,35,6,1,45,0,40,60
2582,18,35,7,1,53,0,40,60
2583,18,35,8,1,62,0,40,60
2584,18,35,9,1,71,0,40,60
2585,18,36,0,0,28,1,36,40
2586,18,36,1,1,49,1,36,40
2587,18,36,2,1,34,1,36,40
2588,18,36,3,0,45,1,36,40
2589,18,36,4,1,38,0,36,40
2590,18,36,5,1,51,0,36,40
2591,18,36,6,0,27,0,36,40
2592,18,36,7,0,33,0,36,40
2593,18,36,8,1,38,0,36,40
2594,18,36,9,1,46,0,36,40
2595,18,37,0,1,48,1,80,60
2596,18,37,1,1,60,1,80,60
2597,18,37,2,0,91,1,80,60
2598,18,37,3,0,81,1,80,60
2599,18,37,4,1,62,0,80,60
2600,18,38,0,0,37,1,40,10
2601,18,38,1,0,43,1,40,10
2602,18,38,2,1,28,1,40,10
2603,18,38,3,1,6,1,40,10
2604,18,38,4,0,49,0,40,10
2605,18,38,5,1,1,0,40,10
2606,18,38,6,1,12,0,40,10
2607,18,38,7,0,46,0,40,10
2608,18,38,8,0,39,0,40,10
2609,18,38,9,0,38,0,40,10
2610,18,39,0,1,30,1,40,36
2611,18,39,1,0,42,1,40,36
2612,18,39,2,0,32,1,40,36
2613,18,39,3,0,49,1,40,36
2614,18,39,4,1,54,0,40,36
2615,18,39,5,1,45,0,40,36
2616,18,39,6,0,25,0,40,36
2617,18,39,7,1,38,0,40,36
2618,18,39,8,1,34,0,40,36
2619,18,39,9,1,25,0,40,36
2620,18,40,0,0,63,1,60,68
2621,18,40,1,1,67,1,60,68
2622,18,40,2,0,69,1,60,68
2623,18,40,3,1,70,1,60,68
2624,18,40,4,0,49,0,60,68
2625,18,40,5,1,71,0,60,68
2626,18,40,6,0,73,0,60,68
2627,18,40,7,1,84,0,60,68
2628,18,40,8,0,52,0,60,68
2629,18,40,9,1,52,0,60,68
2630,18,41,0,0,23,1,32,40
2631,18,41,1,0,25,1,32,40
2632,18,41,2,0,47,1,32,40
2633,18,41,3,1,33,1,32,40
2634,18,41,4,1,48,0,32,40
2635,18,41,5,0,38,0,32,40
2636,18,41,6,0,40,0,32,40
2637,18,41,7,1,42,0,32,40
2638,18,41,8,1,33,0,32,40
2639,18,41,9,0,29,0,32,40
2640,18,42,0,1,58,1,64,60
2641,18,42,1,1,58,1,64,60
2642,18,42,2,0,65,1,64,60
2643,18,42,3,0,69,1,64,60
2644,18,42,4,1,53,0,64,60
2645,18,43,0,1,59,1,40,60
2646,18,43,1,0,41,1,40,60
2647,18,43,2,0,44,1,40,60
2648,18,43,3,0,41,1,40,60
2649,18,43,4,1,51,0,40,60
2650,18,43,5,1,44,0,40,60
2651,18,43,6,0,44,0,40,60
2652,18,43,7,1,63,0,40,60
2653,18,43,8,1,44,0,40,60
2654,18,43,9,1,59,0,40,60
2655,18,44,0,1,26,1,40,28
2656,18,44,1,1,38,1,40,28
2657,18,44,2,1,6,1,40,28
2658,18,44,3,0,25,1,40,28
2659,18,44,4,1,27,0,40,28
2660,18,45,0,1,70,1,48,60
2661,18,45,1,0,44,1,48,60
2662,18,45,2,0,58,1,48,60
2663,18,45,3,0,47,1,48,60
2664,18,45,4,1,56,0,48,60
2665,18,46,0,0,66,1,60,80
2666,18,46,1,1,80,1,60,80
2667,18,46,2,0,63,1,60,80
2668,18,46,3,0,69,1,60,80
2669,18,46,4,1,76,0,60,80
2670,18,46,5,1,86,0,60,80
2671,18,46,6,1,77,0,60,80
2672,18,46,7,1,83,0,60,80
2673,18,46,8,1,72,0,60,80
2674,18,46,9,1,92,0,60,80
2675,18,47,0,0,3,1,10,40
2676,18,47,1,1,47,1,10,40
2677,18,47,2,1,29,1,10,40
2678,18,47,3,0,22,1,10,40
2679,18,47,4,0,4,0,10,40
2680,18,47,5,1,38,0,10,40
2681,18,47,6,1,34,0,10,40
2682,18,47,7,0,8,0,10,40
2683,18,47,8,0,13,0,10,40
2684,18,47,9,1,57,0,10,40
2685,18,48,0,0,27,1,40,60
2686,18,48,1,0,17,1,40,60
2687,18,48,2,1,48,1,40,60
2688,18,48,3,1,61,1,40,60
2689,18,48,4,0,30,0,40,60
2690,18,48,5,1,60,0,40,60
2691,18,48,6,0,40,0,40,60
2692,18,48,7,0,52,0,40,60
2693,18,48,8,1,55,0,40,60
2694,18,48,9,1,68,0,40,60
2695,18,49,0,1,44,1,40,48
2696,18,49,1,0,33,1,40,48
2697,18,49,2,0,36,1,40,48
2698,18,49,3,1,52,1,40,48
2699,18,49,4,0,29,0,40,48
2700,18,50,0,0,35,1,40,28
2701,18,50,1,1,25,1,40,28
2702,18,50,2,0,40,1,40,28
2703,18,50,3,1,27,1,40,28
2704,18,50,4,0,25,0,40,28
2705,18,51,0,0,53,1,60,56
2706,18,51,1,1,62,1,60,56
2707,18,51,2,1,54,1,60,56
2708,18,51,3,1,68,1,60,56
2709,18,51,4,0,53,0,60,56
2710,18,52,0,1,91,1,60,90
2711,18,52,1,0,49,1,60,90
2712,18,52,2,0,65,1,60,90
2713,18,52,3,1,97,1,60,90
2714,18,52,4,1,80,0,60,90
2715,18,53,0,1,53,1,40,48
2716,18,53,1,1,43,1,40,48
2717,18,53,2,0,53,1,40,48
2718,18,53,3,0,54,1,40,48
2719,18,53,4,0,53,0,40,48
2720,18,53,5,0,27,0,40,48
2721,18,53,6,1,48,0,40,48
2722,18,53,7,1,34,0,40,48
2723,18,53,8,0,34,0,40,48
2724,18,53,9,0,42,0,40,48
2725,18,54,0,1,66,1,48,60
2726,18,54,1,0,41,1,48,60
2727,18,54,2,1,56,1,48,60
2728,18,54,3,0,24,1,48,60
2729,18,54,4,1,56,0,48,60
2730,18,54,5,1,58,0,48,60
2731,18,54,6,0,45,0,48,60
2732,18,54,7,0,44,0,48,60
2733,18,54,8,1,62,0,48,60
2734,18,54,9,1,68,0,48,60
2735,18,55,0,0,51,1,60,72
2736,18,55,1,1,71,1,60,72
2737,18,55,2,0,57,1,60,72
2738,18,55,3,1,64,1,60,72
2739,18,55,4,0,42,0,60,72
2740,18,56,0,1,45,1,52,40
2741,18,56,1,0,60,1,52,40
2742,18,56,2,1,31,1,52,40
2743,18,56,3,1,44,1,52,40
2744,18,56,4,0,44,0,52,40
2745,18,56,5,0,64,0,52,40
2746,18,56,6,0,68,0,52,40
2747,18,56,7,0,52,0,52,40
2748,18,56,8,0,49,0,52,40
2749,18,56,9,1,19,0,52,40
2750,18,57,0,1,53,1,40,60
2751,18,57,1,1,43,1,40,60
2752,18,57,2,0,23,1,40,60
2753,18,57,3,0,36,1,40,60
2754,18,57,4,1,72,0,40,60
2755,18,57,5,1,58,0,40,60
2756,18,57,6,0,39,0,40,60
2757,18,57,7,1,64,0,40,60
2758,18,57,8,1,61,0,40,60
2759,18,57,9,1,56,0,40,60
2760,18,58,0,1,38,1,40,36
2761,18,58,1,0,63,1,40,36
2762,18,58,2,0,45,1,40,36
2763,18,58,3,1,40,1,40,36
2764,18,58,4,0,24,0,40,36
2765,18,58,5,1,32,0,40,36
2766,18,58,6,0,43,0,40,36
2767,18,58,7,0,30,0,40,36
2768,18,58,8,1,43,0,40,36
2769,18,58,9,0,52,0,40,36
2770,18,59,0,1,30,1,40,28
2771,18,59,1,0,46,1,40,28
2772,18,59,2,0,23,1,40,28
2773,18,59,3,1,28,1,40,28
2774,18,59,4,0,42,0,40,28
2775,18,60,0,1,40,1,60,30
2776,18,60,1,0,54,1,60,30
2777,18,60,2,1,32,1,60,30
2778,18,60,3,1,28,1,60,30
2779,18,60,4,0,65,0,60,30
2780,18,61,0,0,31,1,40,70
2781,18,61,1,1,80,1,40,70
2782,18,61,2,1,69,1,40,70
2783,18,61,3,0,35,1,40,70
2784,18,61,4,0,45,0,40,70
2785,18,61,5,1,76,0,40,70
2786,18,61,6,1,72,0,40,70
2787,18,61,7,0,32,0,40,70
2788,18,61,8,1,56,0,40,70
2789,18,61,9,1,75,0,40,70
2790,18,62,0,0,38,1,36,40
2791,18,62,1,1,41,1,36,40
2792,18,62,2,1,25,1,36,40
2793,18,62,3,0,41,1,36,40
2794,18,62,4,0,34,0,36,40
2795,18,62,5,1,45,0,36,40
2796,18,62,6,0,40,0,36,40
2797,18,62,7,0,40,0,36,40
2798,18,62,8,1,37,0,36,40
2799,18,62,9,1,38,0,36,40
2800,18,63,0,1,37,1,36,40
2801,18,63,1,0,30,1,36,40
2802,18,63,2,1,26,1,36,40
2803,18,63,3,0,41,1,36,40
2804,18,63,4,1,32,0,36,40
2805,18,64,0,1,17,1,40,10
2806,18,64,1,0,35,1,40,10
2807,18,64,2,0,48,1,40,10
2808,18,64,3,1,1,1,40,10
2809,18,64,4,0,36,0,40,10
2810,18,65,0,1,40,1,40,44
2811,18,65,1,1,44,1,40,44
2812,18,65,2,1,43,1,40,44
2813,18,65,3,0,43,1,40,44
2814,18,65,4,0,60,0,40,44
2815,18,66,0,1,71,1,52,60
2816,18,66,1,1,68,1,52,60
2817,18,66,2,1,47,1,52,60
2818,18,66,3,0,45,1,52,60
2819,18,66,4,0,49,0,52,60
2820,18,67,0,1,60,1,60,64
2821,18,67,1,1,57,1,60,64
2822,18,67,2,0,46,1,60,64
2823,18,67,3,0,59,1,60,64
2824,18,67,4,0,67,0,60,64
2825,18,67,5,1,66,0,60,64
2826,18,67,6,1,52,0,60,64
2827,18,67,7,0,63,0,60,64
2828,18,67,8,0,59,0,60,64
2829,18,67,9,0,57,0,60,64
2830,18,68,0,1,71,1,40,60
2831,18,68,1,0,37,1,40,60
2832,18,68,2,0,40,1,40,60
2833,18,68,3,0,43,1,40,60
2834,18,68,4,1,64,0,40,60
2835,18,69,0,1,56,1,48,60
2836,18,69,1,0,46,1,48,60
2837,18,69,2,1,74,1,48,60
2838,18,69,3,0,46,1,48,60
2839,18,69,4,1,67,0,48,60
2840,18,69,5,1,78,0,48,60
2841,18,69,6,0,47,0,48,60
2842,18,69,7,1,59,0,48,60
2843,18,69,8,1,49,0,48,60
2844,18,69,9,1,52,0,48,60
2845,18,70,0,1,25,1,52,40
2846,18,70,1,0,62,1,52,40
2847,18,70,2,1,39,1,52,40
2848,18,70,3,1,48,1,52,40
2849,18,70,4,0,41,0,52,40
2850,18,70,5,1,38,0,52,40
2851,18,70,6,1,32,0,52,40
2852,18,70,7,0,50,0,52,40
2853,18,70,8,0,51,0,52,40
2854,18,70,9,0,58,0,52,40
2855,18,71,0,1,31,1,60,30
2856,18,71,1,0,53,1,60,30
2857,18,71,2,1,29,1,60,30
2858,18,71,3,1,22,1,60,30
2859,18,71,4,0,60,0,60,30
2860,18,72,0,0,53,1,72,60
2861,18,72,1,1,49,1,72,60
2862,18,72,2,0,64,1,72,60
2863,18,72,3,1,70,1,72,60
2864,18,72,4,0,74,0,72,60
2865,18,72,5,0,77,0,72,60
2866,18,72,6,1,62,0,72,60
2867,18,72,7,1,51,0,72,60
2868,18,72,8,0,72,0,72,60
2869,18,72,9,0,63,0,72,60
2870,18,73,0,0,30,1,30,60
2871,18,73,1,0,27,1,30,60
2872,18,73,2,1,65,1,30,60
2873,18,73,3,0,31,1,30,60
2874,18,73,4,1,68,0,30,60
2875,18,73,5,0,13,0,30,60
2876,18,73,6,0,17,0,30,60
2877,18,73,7,1,55,0,30,60
2878,18,73,8,1,56,0,30,60
2879,18,73,9,1,61,0,30,60
2880,18,74,0,1,37,1,52,40
2881,18,74,1,1,31,1,52,40
2882,18,74,2,0,77,1,52,40
2883,18,74,3,1,36,1,52,40
2884,18,74,4,0,61,0,52,40
2885,18,75,0,1,43,1,60,52
2886,18,75,1,0,40,1,60,52
2887,18,75,2,0,47,1,60,52
2888,18,75,3,1,49,1,60,52
2889,18,75,4,1,44,0,60,52
2890,18,76,0,0,38,1,40,10
2891,18,76,1,0,43,1,40,10
2892,18,76,2,1,11,1,40,10
2893,18,76,3,1,9,1,40,10
2894,18,76,4,1,1,0,40,10
2895,18,76,5,1,20,0,40,10
2896,18,76,6,0,34,0,40,10
2897,18,76,7,0,34,0,40,10
2898,18,76,8,0,54,0,40,10
2899,18,76,9,0,28,0,40,10
2900,18,77,0,0,79,1,80,60
2901,18,77,1,0,86,1,80,60
2902,18,77,2,0,80,1,80,60
2903,18,77,3,1,57,1,80,60
2904,18,77,4,1,58,0,80,60
2905,18,78,0,1,20,1,40,20
2906,18,78,1,1,22,1,40,20
2907,18,78,2,0,34,1,40,20
2908,18,78,3,1,8,1,40,20
2909,18,78,4,0,47,0,40,20
2910,18,78,5,0,53,0,40,20
2911,18,78,6,1,17,0,40,20
2912,18,78,7,0,42,0,40,20
2913,18,78,8,0,33,0,40,20
2914,18,78,9,0,44,0,40,20
2915,18,79,0,0,69,1,64,60
2916,18,79,1,0,57,1,64,60
2917,18,79,2,1,66,1,64,60
2918,18,79,3,0,62,1,64,60
2919,18,79,4,0,53,0,64,60
2920,18,80,0,0,62,1,60,48
2921,18,80,1,0,53,1,60,48
2922,18,80,2,0,68,1,60,48
2923,18,80,3,1,43,1,60,48
2924,18,80,4,1,45,0,60,48
2925,18,80,5,0,50,0,60,48
2926,18,80,6,0,62,0,60,48
2927,18,80,7,0,63,0,60,48
2928,18,80,8,1,47,0,60,48
2929,18,80,9,1,40,0,60,48
2930,18,81,0,0,55,1,60,80
2931,18,81,1,1,83,1,60,80
2932,18,81,2,0,54,1,60,80
2933,18,81,3,0,63,1,60,80
2934,18,81,4,1,81,0,60,80
2935,18,81,5,1,81,0,60,80
2936,18,81,6,1,66,0,60,80
2937,18,81,7,0,66,0,60,80
2938,18,81,8,0,79,0,60,80
2939,18,81,9,0,65,0,60,80
2940,18,82,0,1,54,1,52,60
2941,18,82,1,0,59,1,52,60
2942,18,82,2,0,58,1,52,60
2943,18,82,3,1,68,1,52,60
2944,18,82,4,0,58,0,52,60
2945,18,82,5,1,66,0,52,60
2946,18,82,6,0,54,0,52,60
2947,18,82,7,0,51,0,52,60
2948,18,82,8,1,61,0,52,60
2949,18,82,9,1,51,0,52,60
2950,18,83,0,1,69,1,80,60
2951,18,83,1,1,64,1,80,60
2952,18,83,2,0,91,1,80,60
2953,18,83,3,0,65,1,80,60
2954,18,83,4,0,70,0,80,60
2955,18,84,0,0,23,1,20,40
2956,18,84,1,0,9,1,20,40
2957,18,84,2,1,40,1,20,40
2958,18,84,3,1,44,1,20,40
2959,18,84,4,1,56,0,20,40
2960,18,84,5,1,56,0,20,40
2961,18,84,6,0,31,0,20,40
2962,18,84,7,0,18,0,20,40
2963,18,84,8,1,35,0,20,40
2964,18,84,9,1,47,0,20,40
2965,18,85,0,1,41,1,48,40
2966,18,85,1,1,36,1,48,40
2967,18,85,2,0,57,1,48,40
2968,18,85,3,0,34,1,48,40
2969,18,85,4,0,48,0,48,40
2970,18,86,0,0,42,1,40,32
2971,18,86,1,1,28,1,40,32
2972,18,86,2,0,56,1,40,32
2973,18,86,3,0,42,1,40,32
2974,18,86,4,1,38,0,40,32
2975,18,87,0,1,54,1,40,48
2976,18,87,1,1,50,1,40,48
2977,18,87,2,0,39,1,40,48
2978,18,87,3,1,38,1,40,48
2979,18,87,4,0,40,0,40,48
2980,18,87,5,0,48,0,40,48
2981,18,87,6,1,60,0,40,48
2982,18,87,7,0,48,0,40,48
2983,18,87,8,1,44,0,40,48
2984,18,87,9,1,48,0,40,48
2985,18,88,0,1,55,1,52,60
2986,18,88,1,0,46,1,52,60
2987,18,88,2,0,63,1,52,60
2988,18,88,3,1,63,1,52,60
2989,18,88,4,1,60,0,52,60
2990,18,88,5,1,60,0,52,60
2991,18,88,6,0,62,0,52,60
2992,18,88,7,0,51,0,52,60
2993,18,88,8,0,59,0,52,60
2994,18,88,9,0,46,0,52,60
2995,18,89,0,0,36,1,30,60
2996,18,89,1,1,61,1,30,60
2997,18,89,2,0,17,1,30,60
2998,18,89,3,0,28,1,30,60
2999,18,89,4,1,60,0,30,60
3000,18,90,0,1,51,1,52,40
3001,18,90,1,1,44,1,52,40
3002,18,90,2,0,53,1,52,40
3003,18,90,3,1,43,1,52,40
3004,18,90,4,0,38,0,52,40
3005,18,91,0,0,71,1,60,72
3006,18,91,1,1,59,1,60,72
3007,18,91,2,0,49,1,60,72
3008,18,91,3,1,67,1,60,72
3009,18,91,4,1,65,0,60,72
3010,18,92,0,0,46,1,60,48
3011,18,92,1,0,59,1,60,48
3012,18,92,2,0,65,1,60,48
3013,18,92,3,1,45,1,60,48
3014,18,92,4,1,54,0,60,48
3015,18,92,5,1,47,0,60,48
3016,18,92,6,0,67,0,60,48
3017,18,92,7,0,49,0,60,48
3018,18,92,8,0,46,0,60,48
3019,18,92,9,0,62,0,60,48
3020,18,93,0,1,26,1,40,28
3021,18,93,1,0,40,1,40,28
3022,18,93,2,0,31,1,40,28
3023,18,93,3,1,47,1,40,28
3024,18,93,4,1,20,0,40,28
3025,18,94,0,1,66,1,40,52
3026,18,94,1,0,33,1,40,52
3027,18,94,2,0,49,1,40,52
3028,18,94,3,1,44,1,40,52
3029,18,94,4,1,53,0,40,52
3030,18,95,0,1,50,1,80,60
3031,18,95,1,1,61,1,80,60
3032,18,95,2,0,72,1,80,60
3033,18,95,3,1,67,1,80,60
3034,18,95,4,0,74,0,80,60
3035,18,96,0,0,35,1,40,70
3036,18,96,1,1,48,1,40,70
3037,18,96,2,1,67,1,40,70
3038,18,96,3,1,75,1,40,70
3039,18,96,4,0,33,0,40,70
3040,18,97,0,0,59,1,60,72
3041,18,97,1,1,69,1,60,72
3042,18,97,2,0,52,1,60,72
3043,18,97,3,0,61,1,60,72
3044,18,97,4,1,74,0,60,72
3045,18,97,5,1,73,0,60,72
3046,18,97,6,1,74,0,60,72
3047,18,97,7,1,75,0,60,72
3048,18,97,8,1,68,0,60,72
3049,18,97,9,1,63,0,60,72
3050,18,98,0,0,87,1,90,60
3051,18,98,1,1,51,1,90,60
3052,18,98,2,0,93,1,90,60
3053,18,98,3,1,50,1,90,60
3054,18,98,4,0,80,0,90,60
3055,18,99,0,1,70,1,40,60
3056,18,99,1,0,51,1,40,60
3057,18,99,2,0,40,1,40,60
3058,18,99,3,1,51,1,40,60
3059,18,99,4,1,56,0,40,60
3060,27,0,0,0,36,1,40,36
3061,27,0,1,1,55,1,40,36
3062,27,0,2,1,36,1,40,36
3063,27,0,3,1,42,1,40,36
3064,27,0,4,1,35,0,40,36
3065,27,0,5,1,27,0,40,36
3066,27,0,6,0,46,0,40,36
3067,27,0,7,0,32,0,40,36
3068,27,0,8,0,28,0,40,36
3069,27,0,9,0,36,0,40,36
3070,27,1,0,0,58,1,60,48
3071,27,1,1,1,43,1,60,48
3072,27,1,2,0,61,1,60,48
3073,27,1,3,1,30,1,60,48
3074,27,1,4,0,51,0,60,48
3075,27,1,5,0,72,0,60,48
3076,27,1,6,0,61,0,60,48
3077,27,1,7,0,59,0,60,48
3078,27,1,8,0,59,0,60,48
3079,27,1,9,0,55,0,60,48
3080,27,2,0,1,43,1,40,36
3081,27,2,1,0,39,1,40,36
3082,27,2,2,0,46,1,40,36
3083,27,2,3,1,12,1,40,36
3084,27,2,4,0,33,0,40,36
3085,27,2,5,0,46,0,40,36
3086,27,2,6,0,52,0,40,36
3087,27,2,7,0,43,0,40,36
3088,27,2,8,0,33,0,40,36
3089,27,2,9,0,21,0,40,36
3090,27,3,0,1,51,1,40,48
3091,27,3,1,0,48,1,40,48
3092,27,3,2,0,58,1,40,48
3093,27,3,3,1,52,1,40,48
3094,27,3,4,0,42,0,40,48
3095,27,4,0,1,6,1,40,10
3096,27,4,1,0,51,1,40,10
3097,27,4,2,1,8,1,40,10
3098,27,4,3,0,25,1,40,10
3099,27,4,4,0,40,0,40,10
3100,27,5,0,1,58,1,60,56
3101,27,5,1,0,59,1,60,56
3102,27,5,2,1,65,1,60,56
3103,27,5,3,0,54,1,60,56
3104,27,5,4,1,44,0,60,56
3105,27,6,0,1,50,1,40,48
3106,27,6,1,1,58,1,40,48
3107,27,6,2,0,30,1,40,48
3108,27,6,3,1,50,1,40,48
3109,27,6,4,1,44,0,40,48
3110,27,6,5,1,54,0,40,48
3111,27,6,6,1,42,0,40,48
3112,27,6,7,1,54,0,40,48
3113,27,6,8,1,35,0,40,48
3114,27,6,9,1,53,0,40,48
3115,27,7,0,0,56,1,56,60
3116,27,7,1,0,57,1,56,60
3117,27,7,2,0,66,1,56,60
3118,27,7,3,1,57,1,56,60
3119,27,7,4,0,62,0,56,60
3120,27,8,0,1,62,1,48,60
3121,27,8,1,0,58,1,48,60
3122,27,8,2,1,53,1,48,60
3123,27,8,3,1,46,1,48,60
3124,27,8,4,0,44,0,48,60
3125,27,8,5,1,77,0,48,60
3126,27,8,6,1,59,0,48,60
3127,27,8,7,1,57,0,48,60
3128,27,8,8,1,67,0,48,60
3129,27,8,9,1,63,0,48,60
3130,27,9,0,1,58,1,80,60
3131,27,9,1,1,52,1,80,60
3132,27,9,2,0,68,1,80,60
3133,27,9,3,1,58,1,80,60
3134,27,9,4,0,88,0,80,60
3135,27,10,0,1,68,1,40,60
3136,27,10,1,0,39,1,40,60
3137,27,10,2,0,38,1,40,60
3138,27,10,3,0,38,1,40,60
3139,27,10,4,1,78,0,40,60
3140,27,11,0,1,69,1,40,70
3141,27,11,1,0,41,1,40,70
3142,27,11,2,1,61,1,40,70
3143,27,11,3,0,30,1,40,70
3144,27,11,4,1,72,0,40,70
3145,27,11,5,1,74,0,40,70
3146,27,11,6,1,74,0,40,70
3147,27,11,7,1,66,0,40,70
3148,27,11,8,1,75,0,40,70
3149,27,11,9,1,73,0,40,70
3150,27,12,0,0,35,1,40,32
3151,27,12,1,1,37,1,40,32
3152,27,12,2,0,46,1,40,32
3153,27,12,3,0,44,1,40,32
3154,27,12,4,1,34,0,40,32
3155,27,13,0,1,33,1,40,36
3156,27,13,1,0,34,1,40,36
3157,27,13,2,0,34,1,40,36
3158,27,13,3,0,32,1,40,36
3159,27,13,4,1,41,0,40,36
3160,27,13,5,1,43,0,40,36
3161,27,13,6,1,56,0,40,36
3162,27,13,7,1,31,0,40,36
3163,27,13,8,1,33,0,40,36
3164,27,13,9,1,30,0,40,36
3165,27,14,0,0,77,1,72,60
3166,27,14,1,1,59,1,72,60
3167,27,14,2,0,72,1,72,60
3168,27,14,3,1,65,1,72,60
3169,27,14,4,0,75,0,72,60
3170,27,14,5,0,61,0,72,60
3171,27,14,6,0,62,0,72,60
3172,27,14,7,0,88,0,72,60
3173,27,14,8,0,69,0,72,60
3174,27,14,9,0,90,0,72,60
3175,27,15,0,1,46,1,40,60
3176,27,15,1,1,54,1,40,60
3177,27,15,2,0,34,1,40,60
3178,27,15,3,0,42,1,40,60
3179,27,15,4,1,53,0,40,60
3180,27,15,5,1,56,0,40,60
3181,27,15,6,1,52,0,40,60
3182,27,15,7,1,57,0,40,60
3183,27,15,8,1,73,0,40,60
3184,27,15,9,1,63,0,40,60
3185,27,16,0,0,45,1,40,70
3186,27,16,1,1,66,1,40,70
3187,27,16,2,1,57,1,40,70
3188,27,16,3,1,63,1,40,70
3189,27,16,4,1,86,0,40,70
3190,27,17,0,1,59,1,40,60
3191,27,17,1,1,67,1,40,60
3192,27,17,2,0,31,1,40,60
3193,27,17,3,0,27,1,40,60
3194,27,17,4,1,61,0,40,60
3195,27,17,5,1,54,0,40,60
3196,27,17,6,1,59,0,40,60
3197,27,17,7,1,62,0,40,60
3198,27,17,8,1,50,0,40,60
3199,27,17,9,1,75,0,40,60
3200,27,18,0,1,51,1,70,40
3201,27,18,1,0,63,1,70,40
3202,27,18,2,0,77,1,70,40
3203,27,18,3,0,65,1,70,40
3204,27,18,4,0,62,0,70,40
3205,27,18,5,0,66,0,70,40
3206,27,18,6,0,56,0,70,40
3207,27,18,7,0,83,0,70,40
3208,27,18,8,0,67,0,70,40
3209,27,18,9,0,84,0,70,40
3210,27,19,0,0,58,1,60,56
3211,27,19,1,1,61,1,60,56
3212,27,19,2,1,69,1,60,56
3213,27,19,3,1,47,1,60,56
3214,27,19,4,1,58,0,60,56
3215,27,20,0,0,13,1,20,40
3216,27,20,1,1,39,1,20,40
3217,27,20,2,0,15,1,20,40
3218,27,20,3,1,49,1,20,40
3219,27,20,4,1,33,0,20,40
3220,27,21,0,0,74,1,80,60
3221,27,21,1,0,76,1,80,60
3222,27,21,2,0,90,1,80,60
3223,27,21,3,1,52,1,80,60
3224,27,21,4,0,82,0,80,60
3225,27,22,0,0,56,1,48,40
3226,27,22,1,1,38,1,48,40
3227,27,22,2,0,39,1,48,40
3228,27,22,3,0,49,1,48,40
3229,27,22,4,0,41,0,48,40
3230,27,22,5,0,44,0,48,40
3231,27,22,6,0,54,0,48,40
3232,27,22,7,0,36,0,48,40
3233,27,22,8,0,39,0,48,40
3234,27,22,9,0,46,0,48,40
3235,27,23,0,1,34,1,40,32
3236,27,23,1,0,31,1,40,32
3237,27,23,2,1,42,1,40,32
3238,27,23,3,1,26,1,40,32
3239,27,23,4,0,34,0,40,32
3240,27,23,5,1,31,0,40,32
3241,27,23,6,0,33,0,40,32
3242,27,23,7,1,32,0,40,32
3243,27,23,8,1,20,0,40,32
3244,27,23,9,0,25,0,40,32
3245,27,24,0,1,63,1,48,60
3246,27,24,1,0,46,1,48,60
3247,27,24,2,1,66,1,48,60
3248,27,24,3,1,63,1,48,60
3249,27,24,4,1,60,0,48,60
3250,27,24,5,1,60,0,48,60
3251,27,24,6,1,53,0,48,60
3252,27,24,7,1,55,0,48,60
3253,27,24,8,1,65,0,48,60
3254,27,24,9,1,54,0,48,60
3255,27,25,0,1,91,1,60,90
3256,27,25,1,0,53,1,60,90
3257,27,25,2,0,57,1,60,90
3258,27,25,3,1,82,1,60,90
3259,27,25,4,1,81,0,60,90
3260,27,26,0,1,50,1,52,60
3261,27,26,1,1,68,1,52,60
3262,27,26,2,1,36,1,52,60
3263,27,26,3,0,39,1,52,60
3264,27,26,4,1,66,0,52,60
3265,27,27,0,1,89,1,60,80
3266,27,27,1,0,55,1,60,80
3267,27,27,2,1,74,1,60,80
3268,27,27,3,1,78,1,60,80
3269,27,27,4,1,93,0,60,80
3270,27,27,5,1,94,0,60,80
3271,27,27,6,1,75,0,60,80
3272,27,27,7,1,94,0,60,80
3273,27,27,8,1,77,0,60,80
3274,27,27,9,1,81,0,60,80
3275,27,28,0,1,58,1,40,60
3276,27,28,1,1,67,1,40,60
3277,27,28,2,0,53,1,40,60
3278,27,28,3,0,39,1,40,60
3279,27,28,4,1,58,0,40,60
3280,27,28,5,1,48,0,40,60
3281,27,28,6,1,63,0,40,60
3282,27,28,7,1,66,0,40,60
3283,27,28,8,1,70,0,40,60
3284,27,28,9,1,52,0,40,60
3285,27,29,0,0,28,1,30,60
3286,27,29,1,0,19,1,30,60
3287,27,29,2,1,62,1,30,60
3288,27,29,3,0,27,1,30,60
3289,27,29,4,1,67,0,30,60
3290,27,29,5,1,56,0,30,60
3291,27,29,6,1,69,0,30,60
3292,27,29,7,1,71,0,30,60
3293,27,29,8,1,55,0,30,60
3294,27,29,9,1,61,0,30,60
3295,27,30,0,0,66,1,60,68
3296,27,30,1,1,63,1,60,68
3297,27,30,2,0,46,1,60,68
3298,27,30,3,1,81,1,60,68
3299,27,30,4,1,62,0,60,68
3300,27,30,5,1,64,0,60,68
3301,27,30,6,1,70,0,60,68
3302,27,30,7,1,65,0,60,68
3303,27,30,8,1,80,0,60,68
3304,27,30,9,1,75,0,60,68
3305,27,31,0,1,58,1,68,60
3306,27,31,1,1,73,1,68,60
3307,27,31,2,0,53,1,68,60
3308,27,31,3,1,65,1,68,60
3309,27,31,4,1,64,0,68,60
3310,27,32,0,1,53,1,40,48
3311,27,32,1,1,49,1,40,48
3312,27,32,2,0,37,1,40,48
3313,27,32,3,0,38,1,40,48
3314,27,32,4,1,61,0,40,48
3315,27,32,5,1,49,0,40,48
3316,27,32,6,1,46,0,40,48
3317,27,32,7,1,50,0,40,48
3318,27,32,8,1,42,0,40,48
3319,27,32,9,1,50,0,40,48
3320,27,33,0,1,3,1,40,20
3321,27,33,1,1,17,1,40,20
3322,27,33,2,0,45,1,40,20
3323,27,33,3,1,23,1,40,20
3324,27,33,4,0,49,0,40,20
3325,27,33,5,0,25,0,40,20
3326,27,33,6,0,42,0,40,20
3327,27,33,7,0,59,0,40,20
3328,27,33,8,0,46,0,40,20
3329,27,33,9,0,35,0,40,20
3330,27,34,0,0,32,1,30,60
3331,27,34,1,1,62,1,30,60
3332,27,34,2,1,58,1,30,60
3333,27,34,3,1,65,1,30,60
3334,27,34,4,1,54,0,30,60
3335,27,34,5,1,63,0,30,60
3336,27,34,6,1,58,0,30,60
3337,27,34,7,1,70,0,30,60
3338,27,34,8,1,58,0,30,60
3339,27,34,9,1,60,0,30,60
3340,27,35,0,1,62,1,40,60
3341,27,35,1,0,41,1,40,60
3342,27,35,2,0,33,1,40,60
3343,27,35,3,0,45,1,40,60
3344,27,35,4,1,65,0,40,60
3345,27,35,5,1,65,0,40,60
3346,27,35,6,1,69,0,40,60
3347,27,35,7,1,59,0,40,60
3348,27,35,8,1,60,0,40,60
3349,27,35,9,1,54,0,40,60
3350,27,36,0,0,36,1,36,40
3351,27,36,1,1,38,1,36,40
3352,27,36,2,1,48,1,36,40
3353,27,36,3,0,27,1,36,40
3354,27,36,4,1,47,0,36,40
3355,27,36,5,1,35,0,36,40
3356,27,36,6,1,36,0,36,40
3357,27,36,7,1,37,0,36,40
3358,27,36,8,1,32,0,36,40
3359,27,36,9,1,23,0,36,40
3360,27,37,0,1,58,1,80,60
3361,27,37,1,1,53,1,80,60
3362,27,37,2,0,75,1,80,60
3363,27,37,3,0,78,1,80,60
3364,27,37,4,0,75,0,80,60
3365,27,38,0,0,66,1,40,10
3366,27,38,1,0,56,1,40,10
3367,27,38,2,1,10,1,40,10
3368,27,38,3,1,3,1,40,10
3369,27,38,4,0,41,0,40,10
3370,27,38,5,0,36,0,40,10
3371,27,38,6,0,46,0,40,10
3372,27,38,7,0,32,0,40,10
3373,27,38,8,0,30,0,40,10
3374,27,38,9,0,44,0,40,10
3375,27,39,0,1,31,1,40,36
3376,27,39,1,0,30,1,40,36
3377,27,39,2,0,34,1,40,36
3378,27,39,3,0,32,1,40,36
3379,27,39,4,1,25,0,40,36
3380,27,39,5,0,36,0,40,36
3381,27,39,6,0,47,0,40,36
3382,27,39,7,0,44,0,40,36
3383,27,39,8,0,48,0,40,36
3384,27,39,9,0,41,0,40,36
3385,27,40,0,0,80,1,60,68
3386,27,40,1,1,54,1,60,68
3387,27,40,2,0,60,1,60,68
3388,27,40,3,1,71,1,60,68
3389,27,40,4,0,56,0,60,68
3390,27,40,5,0,61,0,60,68
3391,27,40,6,0,59,0,60,68
3392,27,40,7,0,72,0,60,68
3393,27,40,8,0,63,0,60,68
3394,27,40,9,0,70,0,60,68
3395,27,41,0,0,29,1,32,40
3396,27,41,1,0,30,1,32,40
3397,27,41,2,0,32,1,32,40
3398,27,41,3,1,43,1,32,40
3399,27,41,4,1,50,0,32,40
3400,27,41,5,1,43,0,32,40
3401,27,41,6,1,51,0,32,40
3402,27,41,7,1,45,0,32,40
3403,27,41,8,1,26,0,32,40
3404,27,41,9,1,30,0,32,40
3405,27,42,0,1,57,1,64,60
3406,27,42,1,1,76,1,64,60
3407,27,42,2,0,65,1,64,60
3408,27,42,3,0,58,1,64,60
3409,27,42,4,1,46,0,64,60
3410,27,43,0,1,52,1,40,60
3411,27,43,1,0,43,1,40,60
3412,27,43,2,0,37,1,40,60
3413,27,43,3,0,36,1,40,60
3414,27,43,4,1,49,0,40,60
3415,27,43,5,1,68,0,40,60
3416,27,43,6,1,50,0,40,60
3417,27,43,7,1,42,0,40,60
3418,27,43,8,1,72,0,40,60
3419,27,43,9,1,71,0,40,60
3420,27,44,0,1,46,1,40,28
3421,27,44,1,1,30,1,40,28
3422,27,44,2,1,32,1,40,28
3423,27,44,3,0,43,1,40,28
3424,27,44,4,0,34,0,40,28
3425,27,45,0,1,54,1,48,60
3426,27,45,1,0,37,1,48,60
3427,27,45,2,0,35,1,48,60
3428,27,45,3,0,58,1,48,60
3429,27,45,4,1,64,0,48,60
3430,27,46,0,0,68,1,60,80
3431,27,46,1,1,83,1,60,80
3432,27,46,2,0,78,1,60,80
3433,27,46,3,0,66,1,60,80
3434,27,46,4,1,76,0,60,80
3435,27,46,5,1,96,0,60,80
3436,27,46,6,1,88,0,60,80
3437,27,46,7,1,78,0,60,80
3438,27,46,8,1,84,0,60,80
3439,27,46,9,1,71,0,60,80
3440,27,47,0,0,5,1,10,40
3441,27,47,1,1,27,1,10,40
3442,27,47,2,1,36,1,10,40
3443,27,47,3,0,1,1,10,40
3444,27,47,4,1,41,0,10,40
3445,27,47,5,1,29,0,10,40
3446,27,47,6,1,36,0,10,40
3447,27,47,7,1,40,0,10,40
3448,27,47,8,1,38,0,10,40
3449,27,47,9,1,43,0,10,40
3450,27,48,0,0,40,1,40,60
3451,27,48,1,0,39,1,40,60
3452,27,48,2,1,67,1,40,60
3453,27,48,3,1,56,1,40,60
3454,27,48,4,1,47,0,40,60
3455,27,48,5,1,65,0,40,60
3456,27,48,6,1,79,0,40,60
3457,27,48,7,1,60,0,40,60
3458,27,48,8,1,55,0,40,60
3459,27,48,9,1,67,0,40,60
3460,27,49,0,1,50,1,40,48
3461,27,49,1,0,44,1,40,48
3462,27,49,2,0,39,1,40,48
3463,27,49,3,1,57,1,40,48
3464,27,49,4,1,36,0,40,48
3465,27,50,0,0,32,1,40,28
3466,27,50,1,1,10,1,40,28
3467,27,50,2,0,52,1,40,28
3468,27,50,3,1,24,1,40,28
3469,27,50,4,0,27,0,40,28
3470,27,51,0,0,56,1,60,56
3471,27,51,1,1,59,1,60,56
3472,27,51,2,1,46,1,60,56
3473,27,51,3,1,40,1,60,56
3474,27,51,4,0,55,0,60,56
3475,27,52,0,1,95,1,60,90
3476,27,52,1,0,70,1,60,90
3477,27,52,2,0,58,1,60,90
3478,27,52,3,1,100,1,60,90
3479,27,52,4,1,80,0,60,90
3480,27,53,0,1,49,1,40,48
3481,27,53,1,1,43,1,40,48
3482,27,53,2,0,41,1,40,48
3483,27,53,3,0,34,1,40,48
3484,27,53,4,1,43,0,40,48
3485,27,53,5,1,42,0,40,48
3486,27,53,6,1,43,0,40,48
3487,27,53,7,1,43,0,40,48
3488,27,53,8,1,54,0,40,48
3489,27,53,9,1,45,0,40,48
3490,27,54,0,1,47,1,48,60
3491,27,54,1,0,69,1,48,60
3492,27,54,2,1,53,1,48,60
3493,27,54,3,0,36,1,48,60
3494,27,54,4,0,67,0,48,60
3495,27,54,5,0,52,0,48,60
3496,27,54,6,0,57,0,48,60
3497,27,54,7,0,57,0,48,60
3498,27,54,8,0,62,0,48,60
3499,27,54,9,0,48,0,48,60
3500,27,55,0,0,64,1,60,72
3501,27,55,1,1,68,1,60,72
3502,27,55,2,0,61,1,60,72
3503,27,55,3,1,72,1,60,72
3504,27,55,4,1,76,0,60,72
3505,27,56,0,1,47,1,52,40
3506,27,56,1,0,74,1,52,40
3507,27,56,2,1,34,1,52,40
3508,27,56,3,1,35,1,52,40
3509,27,56,4,0,59,0,52,40
3510,27,56,5,0,51,0,52,40
3511,27,56,6,0,54,0,52,40
3512,27,56,7,0,46,0,52,40
3513,27,56,8,0,58,0,52,40
3514,27,56,9,0,56,0,52,40
3515,27,57,0,1,50,1,40,60
3516,27,57,1,1,61,1,40,60
3517,27,57,2,0,38,1,40,60
3518,27,57,3,0,60,1,40,60
3519,27,57,4,1,53,0,40,60
3520,27,57,5,1,63,0,40,60
3521,27,57,6,1,57,0,40,60
3522,27,57,7,1,72,0,40,60
3523,27,57,8,1,55,0,40,60
3524,27,57,9,1,65,0,40,60
3525,27,58,0,1,31,1,40,36
3526,27,58,1,0,39,1,40,36
3527,27,58,2,0,27,1,40,36
3528,27,58,3,1,36,1,40,36
3529,27,58,4,0,37,0,40,36
3530,27,58,5,0,40,0,40,36
3531,27,58,6,0,38,0,40,36
3532,27,58,7,0,53,0,40,36
3533,27,58,8,0,39,0,40,36
3534,27,58,9,0,48,0,40,36
3535,27,59,0,1,28,1,40,28
3536,27,59,1,0,28,1,40,28
3537,27,59,2,0,39,1,40,28
3538,27,59,3,1,28,1,40,28
3539,27,59,4,0,49,0,40,28
3540,27,60,0,1,34,1,60,30
3541,27,60,1,0,59,1,60,30
3542,27,60,2,1,26,1,60,30
3543,27,60,3,1,35,1,60,30
3544,27,60,4,0,60,0,60,30
3545,27,61,0,0,34,1,40,70
3546,27,61,1,1,74,1,40,70
3547,27,61,2,1,77,1,40,70
3548,27,61,3,0,44,1,40,70
3549,27,61,4,1,75,0,40,70
3550,27,61,5,1,63,0,40,70
3551,27,61,6,1,59,0,40,70
3552,27,61,7,1,67,0,40,70
3553,27,61,8,1,69,0,40,70
3554,27,61,9,1,59,0,40,70
3555,27,62,0,0,39,1,36,40
3556,27,62,1,1,42,1,36,40
3557,27,62,2,1,49,1,36,40
3558,27,62,3,0,46,1,36,40
3559,27,62,4,1,44,0,36,40
3560,27,62,5,1,40,0,36,40
3561,27,62,6,1,48,0,36,40
3562,27,62,7,1,29,0,36,40
3563,27,62,8,1,26,0,36,40
3564,27,62,9,1,42,0,36,40
3565,27,63,0,1,41,1,36,40
3566,27,63,1,0,27,1,36,40
3567,27,63,2,1,50,1,36,40
3568,27,63,3,0,37,1,36,40
3569,27,63,4,1,37,0,36,40
3570,27,64,0,1,10,1,40,10
3571,27,64,1,0,42,1,40,10
3572,27,64,2,0,42,1,40,10
3573,27,64,3,1,9,1,40,10
3574,27,64,4,0,46,0,40,10
3575,27,65,0,1,36,1,40,44
3576,27,65,1,1,40,1,40,44
3577,27,65,2,1,44,1,40,44
3578,27,65,3,0,49,1,40,44
3579,27,65,4,0,44,0,40,44
3580,27,66,0,1,64,1,52,60
3581,27,66,1,1,62,1,52,60
3582,27,66,2,1,60,1,52,60
3583,27,66,3,0,53,1,52,60
3584,27,66,4,1,41,0,52,60
3585,27,67,0,1,64,1,60,64
3586,27,67,1,1,71,1,60,64
3587,27,67,2,0,60,1,60,64
3588,27,67,3,0,61,1,60,64
3589,27,67,4,1,65,0,60,64
3590,27,67,5,1,66,0,60,64
3591,27,67,6,1,59,0,60,64
3592,27,67,7,1,62,0,60,64
3593,27,67,8,1,71,0,60,64
3594,27,67,9,1,71,0,60,64
3595,27,68,0,1,59,1,40,60
3596,27,68,1,0,45,1,40,60
3597,27,68,2,0,51,1,40,60
3598,27,68,3,0,31,1,40,60
3599,27,68,4,1,57,0,40,60
3600,27,69,0,1,53,1,48,60
3601,27,69,1,0,41,1,48,60
3602,27,69,2,1,69,1,48,60
3603,27,69,3,0,55,1,48,60
3604,27,69,4,1,46,0,48,60
3605,27,69,5,1,59,0,48,60
3606,27,69,6,1,65,0,48,60
3607,27,69,7,1,67,0,48,60
3608,27,69,8,1,52,0,48,60
3609,27,69,9,1,57,0,48,60
3610,27,70,0,1,40,1,52,40
3611,27,70,1,0,43,1,52,40
3612,27,70,2,1,41,1,52,40
3613,27,70,3,1,61,1,52,40
3614,27,70,4,0,44,0,52,40
3615,27,70,5,1,44,0,52,40
3616,27,70,6,1,42,0,52,40
3617,27,70,7,1,38,0,52,40
3618,27,70,8,1,44,0,52,40
3619,27,70,9,1,35,0,52,40
3620,27,71,0,1,27,1,60,30
3621,27,71,1,0,54,1,60,30
3622,27,71,2,1,29,1,60,30
3623,27,71,3,1,33,1,60,30
3624,27,71,4,0,43,0,60,30
3625,27,72,0,0,55,1,72,60
3626,27,72,1,1,51,1,72,60
3627,27,72,2,0,81,1,72,60
3628,27,72,3,1,54,1,72,60
3629,27,72,4,0,63,0,72,60
3630,27,72,5,0,62,0,72,60
3631,27,72,6,0,68,0,72,60
3632,27,72,7,0,64,0,72,60
3633,27,72,8,0,74,0,72,60
3634,27,72,9,0,96,0,72,60
3635,27,73,0,0,25,1,30,60
3636,27,73,1,0,42,1,30,60
3637,27,73,2,1,68,1,30,60
3638,27,73,3,0,19,1,30,60
3639,27,73,4,1,58,0,30,60
3640,27,73,5,1,78,0,30,60
3641,27,73,6,1,61,0,30,60
3642,27,73,7,1,71,0,30,60
3643,27,73,8,1,59,0,30,60
3644,27,73,9,1,58,0,30,60
3645,27,74,0,1,36,1,52,40
3646,27,74,1,1,34,1,52,40
3647,27,74,2,0,52,1,52,40
3648,27,74,3,1,50,1,52,40
3649,27,74,4,0,45,0,52,40
3650,27,75,0,1,41,1,60,52
3651,27,75,1,0,73,1,60,52
3652,27,75,2,0,61,1,60,52
3653,27,75,3,1,43,1,60,52
3654,27,75,4,0,65,0,60,52
3655,27,76,0,0,55,1,40,10
3656,27,76,1,0,42,1,40,10
3657,27,76,2,1,1,1,40,10
3658,27,76,3,1,23,1,40,10
3659,27,76,4,0,29,0,40,10
3660,27,76,5,0,32,0,40,10
3661,27,76,6,0,29,0,40,10
3662,27,76,7,0,44,0,40,10
3663,27,76,8,0,29,0,40,10
3664,27,76,9,0,28,0,40,10
3665,27,77,0,0,73,1,80,60
3666,27,77,1,0,91,1,80,60
3667,27,77,2,0,93,1,80,60
3668,27,77,3,1,54,1,80,60
3669,27,77,4,0,81,0,80,60
3670,27,78,0,1,26,1,40,20
3671,27,78,1,1,22,1,40,20
3672,27,78,2,0,44,1,40,20
3673,27,78,3,1,3,1,40,20
3674,27,78,4,0,33,0,40,20
3675,27,78,5,0,33,0,40,20
3676,27,78,6,0,31,0,40,20
3677,27,78,7,0,43,0,40,20
3678,27,78,8,0,60,0,40,20
3679,27,78,9,0,34,0,40,20
3680,27,79,0,0,65,1,64,60
3681,27,79,1,0,72,1,64,60
3682,27,79,2,1,64,1,64,60
3683,27,79,3,0,64,1,64,60
3684,27,79,4,0,52,0,64,60
3685,27,80,0,0,58,1,60,48
3686,27,80,1,0,58,1,60,48
3687,27,80,2,0,55,1,60,48
3688,27,80,3,1,51,1,60,48
3689,27,80,4,0,55,0,60,48
3690,27,80,5,0,48,0,60,48
3691,27,80,6,0,73,0,60,48
3692,27,80,7,0,55,0,60,48
3693,27,80,8,0,61,0,60,48
3694,27,80,9,0,54,0,60,48
3695,27,81,0,0,51,1,60,80
3696,27,81,1,1,77,1,60,80
3697,27,81,2,0,62,1,60,80
3698,27,81,3,0,54,1,60,80
3699,27,81,4,1,98,0,60,80
3700,27,81,5,1,88,0,60,80
3701,27,81,6,1,87,0,60,80
3702,27,81,7,1,78,0,60,80
3703,27,81,8,1,66,0,60,80
3704,27,81,9,1,81,0,60,80
3705,27,82,0,1,62,1,52,60
3706,27,82,1,0,58,1,52,60
3707,27,82,2,0,59,1,52,60
3708,27,82,3,1,70,1,52,60
3709,27,82,4,1,66,0,52,60
3710,27,82,5,1,62,0,52,60
3711,27,82,6,1,59,0,52,60
3712,27,82,7,1,71,0,52,60
3713,27,82,8,1,70,0,52,60
3714,27,82,9,1,62,0,52,60
3715,27,83,0,1,64,1,80,60
3716,27,83,1,1,63,1,80,60
3717,27,83,2,0,81,1,80,60
3718,27,83,3,0,79,1,80,60
3719,27,83,4,0,73,0,80,60
3720,27,84,0,0,28,1,20,40
3721,27,84,1,0,37,1,20,40
3722,27,84,2,1,44,1,20,40
3723,27,84,3,1,49,1,20,40
3724,27,84,4,1,49,0,20,40
3725,27,84,5,1,37,0,20,40
3726,27,84,6,1,36,0,20,40
3727,27,84,7,1,41,0,20,40
3728,27,84,8,1,34,0,20,40
3729,27,84,9,1,31,0,20,40
3730,27,85,0,1,53,1,48,40
3731,27,85,1,1,44,1,48,40
3732,27,85,2,0,53,1,48,40
3733,27,85,3,0,43,1,48,40
3734,27,85,4,1,48,0,48,40
3735,27,86,0,0,41,1,40,32
3736,27,86,1,1,33,1,40,32
3737,27,86,2,0,20,1,40,32
3738,27,86,3,0,43,1,40,32
3739,27,86,4,0,41,0,40,32
3740,27,87,0,1,49,1,40,48
3741,27,87,1,1,50,1,40,48
3742,27,87,2,0,41,1,40,48
3743,27,87,3,1,31,1,40,48
3744,27,87,4,1,44,0,40,48
3745,27,87,5,1,45,0,40,48
3746,27,87,6,1,55,0,40,48
3747,27,87,7,1,32,0,40,48
3748,27,87,8,1,41,0,40,48
3749,27,87,9,1,47,0,40,48
3750,27,88,0,1,60,1,52,60
3751,27,88,1,0,55,1,52,60
3752,27,88,2,0,50,1,52,60
3753,27,88,3,1,55,1,52,60
3754,27,88,4,1,60,0,52,60
3755,27,88,5,1,56,0,52,60
3756,27,88,6,1,63,0,52,60
3757,27,88,7,1,55,0,52,60
3758,27,88,8,1,53,0,52,60
3759,27,88,9,1,70,0,52,60
3760,27,89,0,0,40,1,30,60
3761,27,89,1,1,53,1,30,60
3762,27,89,2,0,21,1,30,60
3763,27,89,3,0,22,1,30,60
3764,27,89,4,1,70,0,30,60
3765,27,90,0,1,37,1,52,40
3766,27,90,1,1,39,1,52,40
3767,27,90,2,0,53,1,52,40
3768,27,90,3,1,50,1,52,40
3769,27,90,4,0,61,0,52,40
3770,27,91,0,0,55,1,60,72
3771,27,91,1,1,68,1,60,72
3772,27,91,2,0,70,1,60,72
3773,27,91,3,1,78,1,60,72
3774,27,91,4,1,83,0,60,72
3775,27,92,0,0,64,1,60,48
3776,27,92,1,0,59,1,60,48
3777,27,92,2,0,56,1,60,48
3778,27,92,3,1,42,1,60,48
3779,27,92,4,0,65,0,60,48
3780,27,92,5,0,62,0,60,48
3781,27,92,6,0,53,0,60,48
3782,27,92,7,0,63,0,60,48
3783,27,92,8,0,61,0,60,48
3784,27,92,9,0,46,0,60,48
3785,27,93,0,1,13,1,40,28
3786,27,93,1,0,31,1,40,28
3787,27,93,2,0,41,1,40,28
3788,27,93,3,1,1,1,40,28
3789,27,93,4,0,27,0,40,28
3790,27,94,0,1,57,1,40,52
3791,27,94,1,0,50,1,40,52
3792,27,94,2,0,42,1,40,52
3793,27,94,3,1,64,1,40,52
3794,27,94,4,1,67,0,40,52
3795,27,95,0,1,68,1,80,60
3796,27,95,1,1,62,1,80,60
3797,27,95,2,0,78,1,80,60
3798,27,95,3,1,63,1,80,60
3799,27,95,4,0,80,0,80,60
3800,27,96,0,0,58,1,40,70
3801,27,96,1,1,59,1,40,70
3802,27,96,2,1,69,1,40,70
3803,27,96,3,1,73,1,40,70
3804,27,96,4,1,63,0,40,70
3805,27,97,0,0,53,1,60,72
3806,27,97,1,1,71,1,60,72
3807,27,97,2,0,66,1,60,72
3808,27,97,3,0,62,1,60,72
3809,27,97,4,1,74,0,60,72
3810,27,97,5,1,73,0,60,72
3811,27,97,6,1,75,0,60,72
3812,27,97,7,1,78,0,60,72
3813,27,97,8,1,68,0,60,72
3814,27,97,9,1,85,0,60,72
3815,27,98,0,0,100,1,90,60
3816,27,98,1,1,58,1,90,60
3817,27,98,2,0,93,1,90,60
3818,27,98,3,1,52,1,90,60
3819,27,98,4,0,94,0,90,60
3820,27,99,0,1,56,1,40,60
3821,27,99,1,0,39,1,40,60
3822,27,99,2,0,44,1,40,60
3823,27,99,3,1,45,1,40,60
3824,27,99,4,1,62,0,40,60
3825,39,0,0,0,53,1,40,36
3826,39,0,1,1,43,1,40,36
3827,39,0,2,1,38,1,40,36
3828,39,0,3,1,50,1,40,36
3829,39,0,4,0,48,0,40,36
3830,39,0,5,1,39,0,40,36
3831,39,0,6,0,51,0,40,36
3832,39,0,7,1,38,0,40,36
3833,39,0,8,0,49,0,40,36
3834,39,0,9,0,50,0,40,36
3835,39,1,0,0,74,1,60,48
3836,39,1,1,1,46,1,60,48
3837,39,1,2,0,54,1,60,48
3838,39,1,3,1,56,1,60,48
3839,39,1,4,0,53,0,60,48
3840,39,1,5,1,32,0,60,48
3841,39,1,6,0,53,0,60,48
3842,39,1,7,0,57,0,60,48
3843,39,1,8,1,55,0,60,48
3844,39,1,9,0,57,0,60,48
3845,39,2,0,1,34,1,40,36
3846,39,2,1,0,34,1,40,36
3847,39,2,2,0,44,1,40,36
3848,39,2,3,1,44,1,40,36
3849,39,2,4,1,30,0,40,36
3850,39,2,5,0,40,0,40,36
3851,39,2,6,0,31,0,40,36
3852,39,2,7,1,44,0,40,36
3853,39,2,8,1,37,0,40,36
3854,39,2,9,0,40,0,40,36
3855,39,3,0,1,44,1,40,48
3856,39,3,1,0,42,1,40,48
3857,39,3,2,0,36,1,40,48
3858,39,3,3,1,60,1,40,48
3859,39,3,4,1,68,0,40,48
3860,39,4,0,1,5,1,40,10
3861,39,4,1,0,45,1,40,10
3862,39,4,2,1,13,1,40,10
3863,39,4,3,0,39,1,40,10
3864,39,4,4,0,36,0,40,10
3865,39,5,0,1,46,1,60,56
3866,39,5,1,0,74,1,60,56
3867,39,5,2,1,51,1,60,56
3868,39,5,3,0,55,1,60,56
3869,39,5,4,0,67,0,60,56
3870,39,6,0,1,37,1,40,48
3871,39,6,1,1,50,1,40,48
3872,39,6,2,0,52,1,40,48
3873,39,6,3,1,48,1,40,48
3874,39,6,4,0,35,0,40,48
3875,39,6,5,1,59,0,40,48
3876,39,6,6,0,39,0,40,48
3877,39,6,7,1,42,0,40,48
3878,39,6,8,1,48,0,40,48
3879,39,6,9,1,42,0,40,48
3880,39,7,0,0,66,1,56,60
3881,39,7,1,0,55,1,56,60
3882,39,7,2,0,54,1,56,60
3883,39,7,3,1,62,1,56,60
3884,39,7,4,1,58,0,56,60
3885,39,8,0,1,61,1,48,60
3886,39,8,1,0,45,1,48,60
3887,39,8,2,1,58,1,48,60
3888,39,8,3,1,65,1,48,60
3889,39,8,4,0,57,0,48,60
3890,39,8,5,0,60,0,48,60
3891,39,8,6,1,74,0,48,60
3892,39,8,7,0,51,0,48,60
3893,39,8,8,1,64,0,48,60
3894,39,8,9,1,51,0,48,60
3895,39,9,0,1,47,1,80,60
3896,39,9,1,1,67,1,80,60
3897,39,9,2,0,86,1,80,60
3898,39,9,3,1,53,1,80,60
3899,39,9,4,0,89,0,80,60
3900,39,10,0,1,58,1,40,60
3901,39,10,1,0,33,1,40,60
3902,39,10,2,0,35,1,40,60
3903,39,10,3,0,32,1,40,60
3904,39,10,4,1,69,0,40,60
3905,39,11,0,1,78,1,40,70
3906,39,11,1,0,60,1,40,70
3907,39,11,2,1,73,1,40,70
3908,39,11,3,0,57,1,40,70
3909,39,11,4,0,51,0,40,70
3910,39,11,5,1,66,0,40,70
3911,39,11,6,1,80,0,40,70
3912,39,11,7,1,50,0,40,70
3913,39,11,8,1,62,0,40,70
3914,39,11,9,1,74,0,40,70
3915,39,12,0,0,41,1,40,32
3916,39,12,1,1,36,1,40,32
3917,39,12,2,0,55,1,40,32
3918,39,12,3,0,48,1,40,32
3919,39,12,4,1,25,0,40,32
3920,39,13,0,1,38,1,40,36
3921,39,13,1,0,38,1,40,36
3922,39,13,2,0,47,1,40,36
3923,39,13,3,0,35,1,40,36
3924,39,13,4,0,40,0,40,36
3925,39,13,5,0,30,0,40,36
3926,39,13,6,1,23,0,40,36
3927,39,13,7,0,53,0,40,36
3928,39,13,8,0,50,0,40,36
3929,39,13,9,0,41,0,40,36
3930,39,14,0,0,79,1,72,60
3931,39,14,1,1,61,1,72,60
3932,39,14,2,0,78,1,72,60
3933,39,14,3,1,49,1,72,60
3934,39,14,4,1,60,0,72,60
3935,39,14,5,0,57,0,72,60
3936,39,14,6,0,75,0,72,60
3937,39,14,7,0,90,0,72,60
3938,39,14,8,0,89,0,72,60
3939,39,14,9,0,68,0,72,60
3940,39,15,0,1,67,1,40,60
3941,39,15,1,1,53,1,40,60
3942,39,15,2,0,43,1,40,60
3943,39,15,3,0,41,1,40,60
3944,39,15,4,1,54,0,40,60
3945,39,15,5,1,58,0,40,60
3946,39,15,6,1,53,0,40,60
3947,39,15,7,0,37,0,40,60
3948,39,15,8,1,56,0,40,60
3949,39,15,9,1,54,0,40,60
3950,39,16,0,0,30,1,40,70
3951,39,16,1,1,71,1,40,70
3952,39,16,2,1,61,1,40,70
3953,39,16,3,1,75,1,40,70
3954,39,16,4,1,64,0,40,70
3955,39,17,0,1,56,1,40,60
3956,39,17,1,1,59,1,40,60
3957,39,17,2,0,44,1,40,60
3958,39,17,3,0,35,1,40,60
3959,39,17,4,1,51,0,40,60
3960,39,17,5,0,38,0,40,60
3961,39,17,6,1,55,0,40,60
3962,39,17,7,1,63,0,40,60
3963,39,17,8,1,50,0,40,60
3964,39,17,9,1,57,0,40,60
3965,39,18,0,1,50,1,70,40
3966,39,18,1,0,73,1,70,40
3967,39,18,2,0,67,1,70,40
3968,39,18,3,0,64,1,70,40
3969,39,18,4,1,42,0,70,40
3970,39,18,5,0,60,0,70,40
3971,39,18,6,0,86,0,70,40
3972,39,18,7,0,54,0,70,40
3973,39,18,8,0,68,0,70,40
3974,39,18,9,0,76,0,70,40
3975,39,19,0,0,65,1,60,56
3976,39,19,1,1,50,1,60,56
3977,39,19,2,1,51,1,60,56
3978,39,19,3,1,54,1,60,56
3979,39,19,4,0,65,0,60,56
3980,39,20,0,0,24,1,20,40
3981,39,20,1,1,26,1,20,40
3982,39,20,2,0,19,1,20,40
3983,39,20,3,1,47,1,20,40
3984,39,20,4,1,32,0,20,40
3985,39,21,0,0,74,1,80,60
3986,39,21,1,0,72,1,80,60
3987,39,21,2,0,81,1,80,60
3988,39,21,3,1,51,1,80,60
3989,39,21,4,0,76,0,80,60
3990,39,22,0,0,55,1,48,40
3991,39,22,1,1,43,1,48,40
3992,39,22,2,0,42,1,48,40
3993,39,22,3,0,47,1,48,40
3994,39,22,4,1,25,0,48,40
3995,39,22,5,0,60,0,48,40
3996,39,22,6,0,41,0,48,40
3997,39,22,7,1,42,0,48,40
3998,39,22,8,0,66,0,48,40
3999,39,22,9,0,51,0,48,40
4000,39,23,0,1,40,1,40,32
4001,39,23,1,0,47,1,40,32
4002,39,23,2,1,47,1,40,32
4003,39,23,3,1,39,1,40,32
4004,39,23,4,1,35,0,40,32
4005,39,23,5,0,39,0,40,32
4006,39,23,6,0,37,0,40,32
4007,39,23,7,1,33,0,40,32
4008,39,23,8,0,27,0,40,32
4009,39,23,9,0,45,0,40,32
4010,39,24,0,1,66,1,48,60
4011,39,24,1,0,41,1,48,60
4012,39,24,2,1,61,1,48,60
4013,39,24,3,1,66,1,48,60
4014,39,24,4,0,47,0,48,60
4015,39,24,5,1,36,0,48,60
4016,39,24,6,1,49,0,48,60
4017,39,24,7,1,68,0,48,60
4018,39,24,8,1,60,0,48,60
4019,39,24,9,1,63,0,48,60
4020,39,25,0,1,93,1,60,90
4021,39,25,1,0,74,1,60,90
4022,39,25,2,0,54,1,60,90
4023,39,25,3,1,87,1,60,90
4024,39,25,4,1,75,0,60,90
4025,39,26,0,1,48,1,52,60
4026,39,26,1,1,66,1,52,60
4027,39,26,2,1,65,1,52,60
4028,39,26,3,0,46,1,52,60
4029,39,26,4,1,52,0,52,60
4030,39,27,0,1,71,1,60,80
4031,39,27,1,0,81,1,60,80
4032,39,27,2,1,83,1,60,80
4033,39,27,3,1,78,1,60,80
4034,39,27,4,1,74,0,60,80
4035,39,27,5,1,84,0,60,80
4036,39,27,6,0,68,0,60,80
4037,39,27,7,1,86,0,60,80
4038,39,27,8,1,83,0,60,80
4039,39,27,9,1,80,0,60,80
4040,39,28,0,1,60,1,40,60
4041,39,28,1,1,60,1,40,60
4042,39,28,2,0,40,1,40,60
4043,39,28,3,0,38,1,40,60
4044,39,28,4,0,34,0,40,60
4045,39,28,5,1,56,0,40,60
4046,39,28,6,1,56,0,40,60
4047,39,28,7,1,63,0,40,60
4048,39,28,8,1,51,0,40,60
4049,39,28,9,1,67,0,40,60
4050,39,29,0,0,28,1,30,60
4051,39,29,1,0,39,1,30,60
4052,39,29,2,1,58,1,30,60
4053,39,29,3,0,35,1,30,60
4054,39,29,4,1,63,0,30,60
4055,39,29,5,1,57,0,30,60
4056,39,29,6,0,35,0,30,60
4057,39,29,7,1,58,0,30,60
4058,39,29,8,1,65,0,30,60
4059,39,29,9,1,64,0,30,60
4060,39,30,0,0,50,1,60,68
4061,39,30,1,1,66,1,60,68
4062,39,30,2,0,53,1,60,68
4063,39,30,3,1,80,1,60,68
4064,39,30,4,1,72,0,60,68
4065,39,30,5,1,68,0,60,68
4066,39,30,6,1,59,0,60,68
4067,39,30,7,0,55,0,60,68
4068,39,30,8,1,68,0,60,68
4069,39,30,9,1,72,0,60,68
4070,39,31,0,1,73,1,68,60
4071,39,31,1,1,56,1,68,60
4072,39,31,2,0,72,1,68,60
4073,39,31,3,1,56,1,68,60
4074,39,31,4,0,71,0,68,60
4075,39,32,0,1,46,1,40,48
4076,39,32,1,1,53,1,40,48
4077,39,32,2,0,55,1,40,48
4078,39,32,3,0,29,1,40,48
4079,39,32,4,1,52,0,40,48
4080,39,32,5,0,52,0,40,48
4081,39,32,6,1,42,0,40,48
4082,39,32,7,1,51,0,40,48
4083,39,32,8,1,49,0,40,48
4084,39,32,9,1,50,0,40,48
4085,39,33,0,1,29,1,40,20
4086,39,33,1,1,23,1,40,20
4087,39,33,2,0,31,1,40,20
4088,39,33,3,1,40,1,40,20
4089,39,33,4,1,28,0,40,20
4090,39,33,5,0,31,0,40,20
4091,39,33,6,0,50,0,40,20
4092,39,33,7,0,39,0,40,20
4093,39,33,8,0,44,0,40,20
4094,39,33,9,0,46,0,40,20
4095,39,34,0,0,32,1,30,60
4096,39,34,1,1,63,1,30,60
4097,39,34,2,1,64,1,30,60
4098,39,34,3,1,54,1,30,60
4099,39,34,4,0,19,0,30,60
4100,39,34,5,1,49,0,30,60
4101,39,34,6,1,63,0,30,60
4102,39,34,7,1,69,0,30,60
4103,39,34,8,1,61,0,30,60
4104,39,34,9,1,65,0,30,60
4105,39,35,0,1,54,1,40,60
4106,39,35,1,0,36,1,40,60
4107,39,35,2,0,48,1,40,60
4108,39,35,3,0,45,1,40,60
4109,39,35,4,0,35,0,40,60
4110,39,35,5,1,58,0,40,60
4111,39,35,6,1,60,0,40,60
4112,39,35,7,1,64,0,40,60
4113,39,35,8,1,57,0,40,60
4114,39,35,9,1,72,0,40,60
4115,39,36,0,0,29,1,36,40
4116,39,36,1,1,44,1,36,40
4117,39,36,2,1,38,1,36,40
4118,39,36,3,0,44,1,36,40
4119,39,36,4,0,46,0,36,40
4120,39,36,5,0,32,0,36,40
4121,39,36,6,0,35,0,36,40
4122,39,36,7,1,35,0,36,40
4123,39,36,8,0,49,0,36,40
4124,39,36,9,0,35,0,36,40
4125,39,37,0,1,73,1,80,60
4126,39,37,1,1,56,1,80,60
4127,39,37,2,0,88,1,80,60
4128,39,37,3,0,79,1,80,60
4129,39,37,4,0,74,0,80,60
4130,39,38,0,0,32,1,40,10
4131,39,38,1,0,43,1,40,10
4132,39,38,2,1,8,1,40,10
4133,39,38,3,1,15,1,40,10
4134,39,38,4,0,45,0,40,10
4135,39,38,5,1,16,0,40,10
4136,39,38,6,0,39,0,40,10
4137,39,38,7,0,42,0,40,10
4138,39,38,8,0,24,0,40,10
4139,39,38,9,0,38,0,40,10
4140,39,39,0,1,47,1,40,36
4141,39,39,1,0,31,1,40,36
4142,39,39,2,0,25,1,40,36
4143,39,39,3,0,34,1,40,36
4144,39,39,4,0,46,0,40,36
4145,39,39,5,1,38,0,40,36
4146,39,39,6,1,23,0,40,36
4147,39,39,7,1,26,0,40,36
4148,39,39,8,1,39,0,40,36
4149,39,39,9,1,19,0,40,36
4150,39,40,0,0,50,1,60,68
4151,39,40,1,1,57,1,60,68
4152,39,40,2,0,72,1,60,68
4153,39,40,3,1,73,1,60,68
4154,39,40,4,1,66,0,60,68
4155,39,40,5,0,42,0,60,68
4156,39,40,6,1,77,0,60,68
4157,39,40,7,1,77,0,60,68
4158,39,40,8,1,57,0,60,68
4159,39,40,9,1,57,0,60,68
4160,39,41,0,0,27,1,32,40
4161,39,41,1,0,33,1,32,40
4162,39,41,2,0,34,1,32,40
4163,39,41,3,1,30,1,32,40
4164,39,41,4,0,37,0,32,40
4165,39,41,5,0,44,0,32,40
4166,39,41,6,1,28,0,32,40
4167,39,41,7,0,31,0,32,40
4168,39,41,8,0,36,0,32,40
4169,39,41,9,0,30,0,32,40
4170,39,42,0,1,69,1,64,60
4171,39,42,1,1,57,1,64,60
4172,39,42,2,0,60,1,64,60
4173,39,42,3,0,70,1,64,60
4174,39,42,4,0,59,0,64,60
4175,39,43,0,1,69,1,40,60
4176,39,43,1,0,38,1,40,60
4177,39,43,2,0,39,1,40,60
4178,39,43,3,0,34,1,40,60
4179,39,43,4,0,42,0,40,60
4180,39,43,5,1,56,0,40,60
4181,39,43,6,1,58,0,40,60
4182,39,43,7,1,73,0,40,60
4183,39,43,8,1,64,0,40,60
4184,39,43,9,1,65,0,40,60
4185,39,44,0,1,38,1,40,28
4186,39,44,1,1,31,1,40,28
4187,39,44,2,1,44,1,40,28
4188,39,44,3,0,30,1,40,28
4189,39,44,4,0,35,0,40,28
4190,39,45,0,1,68,1,48,60
4191,39,45,1,0,54,1,48,60
4192,39,45,2,0,41,1,48,60
4193,39,45,3,0,50,1,48,60
4194,39,45,4,1,73,0,48,60
4195,39,46,0,0,65,1,60,80
4196,39,46,1,1,91,1,60,80
4197,39,46,2,0,70,1,60,80
4198,39,46,3,0,50,1,60,80
4199,39,46,4,0,53,0,60,80
4200,39,46,5,1,88,0,60,80
4201,39,46,6,1,93,0,60,80
4202,39,46,7,1,79,0,60,80
4203,39,46,8,1,69,0,60,80
4204,39,46,9,1,79,0,60,80
4205,39,47,0,0,5,1,10,40
4206,39,47,1,1,29,1,10,40
4207,39,47,2,1,46,1,10,40
4208,39,47,3,0,8,1,10,40
4209,39,47,4,1,25,0,10,40
4210,39,47,5,1,43,0,10,40
4211,39,47,6,1,53,0,10,40
4212,39,47,7,1,40,0,10,40
4213,39,47,8,1,44,0,10,40
4214,39,47,9,1,25,0,10,40
4215,39,48,0,0,40,1,40,60
4216,39,48,1,0,45,1,40,60
4217,39,48,2,1,57,1,40,60
4218,39,48,3,1,61,1,40,60
4219,39,48,4,0,36,0,40,60
4220,39,48,5,1,63,0,40,60
4221,39,48,6,1,50,0,40,60
4222,39,48,7,1,65,0,40,60
4223,39,48,8,1,55,0,40,60
4224,39,48,9,1,44,0,40,60
4225,39,49,0,1,48,1,40,48
4226,39,49,1,0,44,1,40,48
4227,39,49,2,0,29,1,40,48
4228,39,49,3,1,47,1,40,48
4229,39,49,4,1,52,0,40,48
4230,39,50,0,0,39,1,40,28
4231,39,50,1,1,35,1,40,28
4232,39,50,2,0,51,1,40,28
4233,39,50,3,1,29,1,40,28
4234,39,50,4,0,28,0,40,28
4235,39,51,0,0,58,1,60,56
4236,39,51,1,1,66,1,60,56
4237,39,51,2,1,56,1,60,56
4238,39,51,3,1,65,1,60,56
4239,39,51,4,1,52,0,60,56
4240,39,52,0,1,88,1,60,90
4241,39,52,1,0,58,1,60,90
4242,39,52,2,0,68,1,60,90
4243,39,52,3,1,88,1,60,90
4244,39,52,4,1,85,0,60,90
4245,39,53,0,1,44,1,40,48
4246,39,53,1,1,38,1,40,48
4247,39,53,2,0,35,1,40,48
4248,39,53,3,0,44,1,40,48
4249,39,53,4,0,33,0,40,48
4250,39,53,5,1,40,0,40,48
4251,39,53,6,0,33,0,40,48
4252,39,53,7,0,40,0,40,48
4253,39,53,8,0,42,0,40,48
4254,39,53,9,0,39,0,40,48
4255,39,54,0,1,60,1,48,60
4256,39,54,1,0,53,1,48,60
4257,39,54,2,1,70,1,48,60
4258,39,54,3,0,46,1,48,60
4259,39,54,4,0,65,0,48,60
4260,39,54,5,1,73,0,48,60
4261,39,54,6,1,58,0,48,60
4262,39,54,7,1,60,0,48,60
4263,39,54,8,1,59,0,48,60
4264,39,54,9,1,57,0,48,60
4265,39,55,0,0,66,1,60,72
4266,39,55,1,1,75,1,60,72
4267,39,55,2,0,62,1,60,72
4268,39,55,3,1,88,1,60,72
4269,39,55,4,1,72,0,60,72
4270,39,56,0,1,35,1,52,40
4271,39,56,1,0,42,1,52,40
4272,39,56,2,1,47,1,52,40
4273,39,56,3,1,37,1,52,40
4274,39,56,4,1,27,0,52,40
4275,39,56,5,0,43,0,52,40
4276,39,56,6,0,43,0,52,40
4277,39,56,7,0,57,0,52,40
4278,39,56,8,0,48,0,52,40
4279,39,56,9,0,54,0,52,40
4280,39,57,0,1,58,1,40,60
4281,39,57,1,1,58,1,40,60
4282,39,57,2,0,52,1,40,60
4283,39,57,3,0,48,1,40,60
4284,39,57,4,0,39,0,40,60
4285,39,57,5,1,81,0,40,60
4286,39,57,6,1,65,0,40,60
4287,39,57,7,1,64,0,40,60
4288,39,57,8,1,62,0,40,60
4289,39,57,9,1,57,0,40,60
4290,39,58,0,1,43,1,40,36
4291,39,58,1,0,36,1,40,36
4292,39,58,2,0,50,1,40,36
4293,39,58,3,1,32,1,40,36
4294,39,58,4,1,43,0,40,36
4295,39,58,5,1,48,0,40,36
4296,39,58,6,0,40,0,40,36
4297,39,58,7,1,34,0,40,36
4298,39,58,8,1,28,0,40,36
4299,39,58,9,1,26,0,40,36
4300,39,59,0,1,32,1,40,28
4301,39,59,1,0,29,1,40,28
4302,39,59,2,0,35,1,40,28
4303,39,59,3,1,25,1,40,28
4304,39,59,4,0,43,0,40,28
4305,39,60,0,1,37,1,60,30
4306,39,60,1,0,60,1,60,30
4307,39,60,2,1,36,1,60,30
4308,39,60,3,1,35,1,60,30
4309,39,60,4,0,53,0,60,30
4310,39,61,0,0,40,1,40,70
4311,39,61,1,1,80,1,40,70
4312,39,61,2,1,64,1,40,70
4313,39,61,3,0,49,1,40,70
4314,39,61,4,0,40,0,40,70
4315,39,61,5,1,76,0,40,70
4316,39,61,6,1,76,0,40,70
4317,39,61,7,1,66,0,40,70
4318,39,61,8,1,53,0,40,70
4319,39,61,9,1,77,0,40,70
4320,39,62,0,0,33,1,36,40
4321,39,62,1,1,46,1,36,40
4322,39,62,2,1,61,1,36,40
4323,39,62,3,0,35,1,36,40
4324,39,62,4,1,44,0,36,40
4325,39,62,5,1,41,0,36,40
4326,39,62,6,1,41,0,36,40
4327,39,62,7,0,36,0,36,40
4328,39,62,8,1,44,0,36,40
4329,39,62,9,1,36,0,36,40
4330,39,63,0,1,55,1,36,40
4331,39,63,1,0,32,1,36,40
4332,39,63,2,1,48,1,36,40
4333,39,63,3,0,41,1,36,40
4334,39,63,4,1,35,0,36,40
4335,39,64,0,1,18,1,40,10
4336,39,64,1,0,41,1,40,10
4337,39,64,2,0,44,1,40,10
4338,39,64,3,1,1,1,40,10
4339,39,64,4,0,43,0,40,10
4340,39,65,0,1,42,1,40,44
4341,39,65,1,1,51,1,40,44
4342,39,65,2,1,34,1,40,44
4343,39,65,3,0,38,1,40,44
4344,39,65,4,0,39,0,40,44
4345,39,66,0,1,63,1,52,60
4346,39,66,1,1,66,1,52,60
4347,39,66,2,1,79,1,52,60
4348,39,66,3,0,43,1,52,60
4349,39,66,4,1,50,0,52,60
4350,39,67,0,1,64,1,60,64
4351,39,67,1,1,72,1,60,64
4352,39,67,2,0,68,1,60,64
4353,39,67,3,0,74,1,60,64
4354,39,67,4,0,60,0,60,64
4355,39,67,5,1,71,0,60,64
4356,39,67,6,0,58,0,60,64
4357,39,67,7,1,50,0,60,64
4358,39,67,8,1,73,0,60,64
4359,39,67,9,1,64,0,60,64
4360,39,68,0,1,71,1,40,60
4361,39,68,1,0,39,1,40,60
4362,39,68,2,0,38,1,40,60
4363,39,68,3,0,34,1,40,60
4364,39,68,4,1,60,0,40,60
4365,39,69,0,1,46,1,48,60
4366,39,69,1,0,52,1,48,60
4367,39,69,2,1,62,1,48,60
4368,39,69,3,0,46,1,48,60
4369,39,69,4,0,41,0,48,60
4370,39,69,5,1,58,0,48,60
4371,39,69,6,1,75,0,48,60
4372,39,69,7,1,65,0,48,60
4373,39,69,8,1,67,0,48,60
4374,39,69,9,1,60,0,48,60
4375,39,70,0,1,36,1,52,40
4376,39,70,1,0,72,1,52,40
4377,39,70,2,1,44,1,52,40
4378,39,70,3,1,51,1,52,40
4379,39,70,4,0,41,0,52,40
4380,39,70,5,1,45,0,52,40
4381,39,70,6,0,53,0,52,40
4382,39,70,7,0,46,0,52,40
4383,39,70,8,1,36,0,52,40
4384,39,70,9,0,56,0,52,40
4385,39,71,0,1,28,1,60,30
4386,39,71,1,0,52,1,60,30
4387,39,71,2,1,30,1,60,30
4388,39,71,3,1,36,1,60,30
4389,39,71,4,0,70,0,60,30
4390,39,72,0,0,68,1,72,60
4391,39,72,1,1,52,1,72,60
4392,39,72,2,0,68,1,72,60
4393,39,72,3,1,61,1,72,60
4394,39,72,4,1,66,0,72,60
4395,39,72,5,0,65,0,72,60
4396,39,72,6,0,76,0,72,60
4397,39,72,7,0,68,0,72,60
4398,39,72,8,0,79,0,72,60
4399,39,72,9,0,64,0,72,60
4400,39,73,0,0,43,1,30,60
4401,39,73,1,0,38,1,30,60
4402,39,73,2,1,51,1,30,60
4403,39,73,3,0,34,1,30,60
4404,39,73,4,0,38,0,30,60
4405,39,73,5,1,61,0,30,60
4406,39,73,6,1,61,0,30,60
4407,39,73,7,1,62,0,30,60
4408,39,73,8,1,66,0,30,60
4409,39,73,9,1,72,0,30,60
4410,39,74,0,1,60,1,52,40
4411,39,74,1,1,48,1,52,40
4412,39,74,2,0,66,1,52,40
4413,39,74,3,1,34,1,52,40
4414,39,74,4,0,38,0,52,40
4415,39,75,0,1,48,1,60,52
4416,39,75,1,0,73,1,60,52
4417,39,75,2,0,51,1,60,52
4418,39,75,3,1,65,1,60,52
4419,39,75,4,0,52,0,60,52
4420,39,76,0,0,38,1,40,10
4421,39,76,1,0,45,1,40,10
4422,39,76,2,1,8,1,40,10
4423,39,76,3,1,5,1,40,10
4424,39,76,4,0,41,0,40,10
4425,39,76,5,1,9,0,40,10
4426,39,76,6,0,44,0,40,10
4427,39,76,7,0,40,0,40,10
4428,39,76,8,0,26,0,40,10
4429,39,76,9,0,48,0,40,10
4430,39,77,0,0,72,1,80,60
4431,39,77,1,0,96,1,80,60
4432,39,77,2,0,78,1,80,60
4433,39,77,3,1,69,1,80,60
4434,39,77,4,0,83,0,80,60
4435,39,78,0,1,23,1,40,20
4436,39,78,1,1,21,1,40,20
4437,39,78,2,0,56,1,40,20
4438,39,78,3,1,17,1,40,20
4439,39,78,4,0,46,0,40,20
4440,39,78,5,0,39,0,40,20
4441,39,78,6,0,44,0,40,20
4442,39,78,7,1,21,0,40,20
4443,39,78,8,0,42,0,40,20
4444,39,78,9,0,28,0,40,20
4445,39,79,0,0,67,1,64,60
4446,39,79,1,0,68,1,64,60
4447,39,79,2,1,61,1,64,60
4448,39,79,3,0,66,1,64,60
4449,39,79,4,0,74,0,64,60
4450,39,80,0,0,58,1,60,48
4451,39,80,1,0,43,1,60,48
4452,39,80,2,0,61,1,60,48
4453,39,80,3,1,36,1,60,48
4454,39,80,4,0,75,0,60,48
4455,39,80,5,0,59,0,60,48
4456,39,80,6,0,56,0,60,48
4457,39,80,7,0,58,0,60,48
4458,39,80,8,0,61,0,60,48
4459,39,80,9,0,55,0,60,48
4460,39,81,0,0,64,1,60,80
4461,39,81,1,1,90,1,60,80
4462,39,81,2,0,65,1,60,80
4463,39,81,3,0,76,1,60,80
4464,39,81,4,1,77,0,60,80
4465,39,81,5,0,62,0,60,80
4466,39,81,6,1,73,0,60,80
4467,39,81,7,1,71,0,60,80
4468,39,81,8,1,75,0,60,80
4469,39,81,9,1,87,0,60,80
4470,39,82,0,1,62,1,52,60
4471,39,82,1,0,56,1,52,60
4472,39,82,2,0,57,1,52,60
4473,39,82,3,1,71,1,52,60
4474,39,82,4,0,67,0,52,60
4475,39,82,5,0,53,0,52,60
4476,39,82,6,0,40,0,52,60
4477,39,82,7,1,53,0,52,60
4478,39,82,8,1,68,0,52,60
4479,39,82,9,1,55,0,52,60
4480,39,83,0,1,59,1,80,60
4481,39,83,1,1,62,1,80,60
4482,39,83,2,0,82,1,80,60
4483,39,83,3,0,80,1,80,60
4484,39,83,4,0,75,0,80,60
4485,39,84,0,0,15,1,20,40
4486,39,84,1,0,33,1,20,40
4487,39,84,2,1,54,1,20,40
4488,39,84,3,1,31,1,20,40
4489,39,84,4,0,13,0,20,40
4490,39,84,5,1,36,0,20,40
4491,39,84,6,1,37,0,20,40
4492,39,84,7,1,38,0,20,40
4493,39,84,8,1,32,0,20,40
4494,39,84,9,1,36,0,20,40
4495,39,85,0,1,22,1,48,40
4496,39,85,1,1,42,1,48,40
4497,39,85,2,0,39,1,48,40
4498,39,85,3,0,39,1,48,40
4499,39,85,4,0,47,0,48,40
4500,39,86,0,0,42,1,40,32
4501,39,86,1,1,40,1,40,32
4502,39,86,2,0,41,1,40,32
4503,39,86,3,0,39,1,40,32
4504,39,86,4,0,40,0,40,32
4505,39,87,0,1,50,1,40,48
4506,39,87,1,1,52,1,40,48
4507,39,87,2,0,48,1,40,48
4508,39,87,3,1,44,1,40,48
4509,39,87,4,1,54,0,40,48
4510,39,87,5,1,44,0,40,48
4511,39,87,6,0,39,0,40,48
4512,39,87,7,0,39,0,40,48
4513,39,87,8,1,40,0,40,48
4514,39,87,9,1,45,0,40,48
4515,39,88,0,1,56,1,52,60
4516,39,88,1,0,52,1,52,60
4517,39,88,2,0,42,1,52,60
4518,39,88,3,1,55,1,52,60
4519,39,88,4,1,59,0,52,60
4520,39,88,5,0,47,0,52,60
4521,39,88,6,1,56,0,52,60
4522,39,88,7,1,56,0,52,60
4523,39,88,8,1,56,0,52,60
4524,39,88,9,1,52,0,52,60
4525,39,89,0,0,23,1,30,60
4526,39,89,1,1,61,1,30,60
4527,39,89,2,0,35,1,30,60
4528,39,89,3,0,34,1,30,60
4529,39,89,4,1,69,0,30,60
4530,39,90,0,1,45,1,52,40
4531,39,90,1,1,44,1,52,40
4532,39,90,2,0,51,1,52,40
4533,39,90,3,1,34,1,52,40
4534,39,90,4,0,61,0,52,40
4535,39,91,0,0,61,1,60,72
4536,39,91,1,1,66,1,60,72
4537,39,91,2,0,50,1,60,72
4538,39,91,3,1,81,1,60,72
4539,39,91,4,1,71,0,60,72
4540,39,92,0,0,65,1,60,48
4541,39,92,1,0,84,1,60,48
4542,39,92,2,0,64,1,60,48
4543,39,92,3,1,50,1,60,48
4544,39,92,4,0,62,0,60,48
4545,39,92,5,0,72,0,60,48
4546,39,92,6,0,63,0,60,48
4547,39,92,7,0,64,0,60,48
4548,39,92,8,0,57,0,60,48
4549,39,92,9,0,63,0,60,48
4550,39,93,0,1,23,1,40,28
4551,39,93,1,0,51,1,40,28
4552,39,93,2,0,51,1,40,28
4553,39,93,3,1,42,1,40,28
4554,39,93,4,0,38,0,40,28
4555,39,94,0,1,43,1,40,52
4556,39,94,1,0,44,1,40,52
4557,39,94,2,0,30,1,40,52
4558,39,94,3,1,49,1,40,52
4559,39,94,4,1,57,0,40,52
4560,39,95,0,1,58,1,80,60
4561,39,95,1,1,68,1,80,60
4562,39,95,2,0,79,1,80,60
4563,39,95,3,1,65,1,80,60
4564,39,95,4,0,87,0,80,60
4565,39,96,0,0,32,1,40,70
4566,39,96,1,1,73,1,40,70
4567,39,96,2,1,63,1,40,70
4568,39,96,3,1,70,1,40,70
4569,39,96,4,1,77,0,40,70
4570,39,97,0,0,59,1,60,72
4571,39,97,1,1,80,1,60,72
4572,39,97,2,0,46,1,60,72
4573,39,97,3,0,56,1,60,72
4574,39,97,4,1,77,0,60,72
4575,39,97,5,1,76,0,60,72
4576,39,97,6,1,57,0,60,72
4577,39,97,7,1,88,0,60,72
4578,39,97,8,1,71,0,60,72
4579,39,97,9,1,64,0,60,72
4580,39,98,0,0,85,1,90,60
4581,39,98,1,1,72,1,90,60
4582,39,98,2,0,82,1,90,60
4583,39,98,3,1,60,1,90,60
4584,39,98,4,0,82,0,90,60
4585,39,99,0,1,68,1,40,60
4586,39,99,1,0,31,1,40,60
4587,39,99,2,0,44,1,40,60
4588,39,99,3,1,66,1,40,60
4589,39,99,4,1,56,0,40,60
