,participant,task,trial,choice,reward,forced,slot1_value,slot2_value
0,12,0,0,1,15,1,40,20
1,12,0,1,0,36,1,40,20
2,12,0,2,0,40,1,40,20
3,12,0,3,1,15,1,40,20
4,12,0,4,0,32,0,40,20
5,12,0,5,0,36,0,40,20
6,12,0,6,0,39,0,40,20
7,12,0,7,0,44,0,40,20
8,12,0,8,0,28,0,40,20
9,12,0,9,0,46,0,40,20
10,12,1,0,0,55,1,60,52
11,12,1,1,0,65,1,60,52
12,12,1,2,0,70,1,60,52
13,12,1,3,1,54,1,60,52
14,12,1,4,0,48,0,60,52
15,12,2,0,0,82,1,80,60
16,12,2,1,1,68,1,80,60
17,12,2,2,0,73,1,80,60
18,12,2,3,0,87,1,80,60
19,12,2,4,0,87,0,80,60
20,12,2,5,0,82,0,80,60
21,12,2,6,0,72,0,80,60
22,12,2,7,0,85,0,80,60
23,12,2,8,0,83,0,80,60
24,12,2,9,0,73,0,80,60
25,12,3,0,0,19,1,20,40
26,12,3,1,1,43,1,20,40
27,12,3,2,0,14,1,20,40
28,12,3,3,1,50,1,20,40
29,12,3,4,1,26,0,20,40
30,12,4,0,0,57,1,60,68
31,12,4,1,1,62,1,60,68
32,12,4,2,1,82,1,60,68
33,12,4,3,0,58,1,60,68
34,12,4,4,1,72,0,60,68
35,12,4,5,1,83,0,60,68
36,12,4,6,1,62,0,60,68
37,12,4,7,1,73,0,60,68
38,12,4,8,1,59,0,60,68
39,12,4,9,1,66,0,60,68
40,12,5,0,1,56,1,40,60
41,12,5,1,1,75,1,40,60
42,12,5,2,1,58,1,40,60
43,12,5,3,0,49,1,40,60
44,12,5,4,1,64,0,40,60
45,12,6,0,0,65,1,60,40
46,12,6,1,1,34,1,60,40
47,12,6,2,1,30,1,60,40
48,12,6,3,0,72,1,60,40
49,12,6,4,0,61,0,60,40
50,12,7,0,0,73,1,72,60
51,12,7,1,0,71,1,72,60
52,12,7,2,1,52,1,72,60
53,12,7,3,1,47,1,72,60
54,12,7,4,0,89,0,72,60
55,12,7,5,0,75,0,72,60
56,12,7,6,0,70,0,72,60
57,12,7,7,0,67,0,72,60
58,12,7,8,0,69,0,72,60
59,12,7,9,0,75,0,72,60
60,12,8,0,0,35,1,40,52
61,12,8,1,0,47,1,40,52
62,12,8,2,1,43,1,40,52
63,12,8,3,1,57,1,40,52
64,12,8,4,1,52,0,40,52
65,12,9,0,1,29,1,40,20
66,12,9,1,0,36,1,40,20
67,12,9,2,0,41,1,40,20
68,12,9,3,0,43,1,40,20
69,12,9,4,0,45,0,40,20
70,12,9,5,0,25,0,40,20
71,12,9,6,0,47,0,40,20
72,12,9,7,0,36,0,40,20
73,12,9,8,0,42,0,40,20
74,12,9,9,0,36,0,40,20
75,12,10,0,1,49,1,40,44
76,12,10,1,0,45,1,40,44
77,12,10,2,1,45,1,40,44
78,12,10,3,0,40,1,40,44
79,12,10,4,1,37,0,40,44
80,12,11,0,0,77,1,60,68
81,12,11,1,0,52,1,60,68
82,12,11,2,0,78,1,60,68
83,12,11,3,1,56,1,60,68
84,12,11,4,0,50,0,60,68
85,12,12,0,1,37,1,40,44
86,12,12,1,1,48,1,40,44
87,12,12,2,0,39,1,40,44
88,12,12,3,0,26,1,40,44
89,12,12,4,1,45,0,40,44
90,12,12,5,1,41,0,40,44
91,12,12,6,1,38,0,40,44
92,12,12,7,1,35,0,40,44
93,12,12,8,1,47,0,40,44
94,12,12,9,1,47,0,40,44
95,12,13,0,1,15,1,40,28
96,12,13,1,0,33,1,40,28
97,12,13,2,1,31,1,40,28
98,12,13,3,1,41,1,40,28
99,12,13,4,1,30,0,40,28
100,12,14,0,0,43,1,36,40
101,12,14,1,1,39,1,36,40
102,12,14,2,0,39,1,36,40
103,12,14,3,1,40,1,36,40
104,12,14,4,0,54,0,36,40
105,12,14,5,1,39,0,36,40
106,12,14,6,0,24,0,36,40
107,12,14,7,0,27,0,36,40
108,12,14,8,0,33,0,36,40
109,12,14,9,0,31,0,36,40
110,12,15,0,1,30,1,48,40
111,12,15,1,1,42,1,48,40
112,12,15,2,0,51,1,48,40
113,12,15,3,1,43,1,48,40
114,12,15,4,0,66,0,48,40
115,12,16,0,0,22,1,28,40
116,12,16,1,1,37,1,28,40
117,12,16,2,1,48,1,28,40
118,12,16,3,0,23,1,28,40
119,12,16,4,1,40,0,28,40
120,12,17,0,0,46,1,48,60
121,12,17,1,1,73,1,48,60
122,12,17,2,0,49,1,48,60
123,12,17,3,1,66,1,48,60
124,12,17,4,1,54,0,48,60
125,12,17,5,1,64,0,48,60
126,12,17,6,1,51,0,48,60
127,12,17,7,1,62,0,48,60
128,12,17,8,1,63,0,48,60
129,12,17,9,1,60,0,48,60
130,12,18,0,0,37,1,36,40
131,12,18,1,1,47,1,36,40
132,12,18,2,1,29,1,36,40
133,12,18,3,0,45,1,36,40
134,12,18,4,0,48,0,36,40
135,12,18,5,0,36,0,36,40
136,12,18,6,0,29,0,36,40
137,12,18,7,0,30,0,36,40
138,12,18,8,0,40,0,36,40
139,12,18,9,0,50,0,36,40
140,12,19,0,0,46,1,40,44
141,12,19,1,0,45,1,40,44
142,12,19,2,1,44,1,40,44
143,12,19,3,1,53,1,40,44
144,12,19,4,1,42,0,40,44
145,12,19,5,1,63,0,40,44
146,12,19,6,1,36,0,40,44
147,12,19,7,1,34,0,40,44
148,12,19,8,1,31,0,40,44
149,12,19,9,1,38,0,40,44
150,12,20,0,1,71,1,60,52
151,12,20,1,1,58,1,60,52
152,12,20,2,1,48,1,60,52
153,12,20,3,0,69,1,60,52
154,12,20,4,0,60,0,60,52
155,12,20,5,0,61,0,60,52
156,12,20,6,0,58,0,60,52
157,12,20,7,0,48,0,60,52
158,12,20,8,0,58,0,60,52
159,12,20,9,0,56,0,60,52
160,12,21,0,1,52,1,68,60
161,12,21,1,1,57,1,68,60
162,12,21,2,0,78,1,68,60
163,12,21,3,1,64,1,68,60
164,12,21,4,0,89,0,68,60
165,12,21,5,0,68,0,68,60
166,12,21,6,0,68,0,68,60
167,12,21,7,0,71,0,68,60
168,12,21,8,0,67,0,68,60
169,12,21,9,0,54,0,68,60
170,12,22,0,1,68,1,40,60
171,12,22,1,1,60,1,40,60
172,12,22,2,1,62,1,40,60
173,12,22,3,0,37,1,40,60
174,12,22,4,1,53,0,40,60
175,12,23,0,0,56,1,60,48
176,12,23,1,1,51,1,60,48
177,12,23,2,1,46,1,60,48
178,12,23,3,1,49,1,60,48
179,12,23,4,0,58,0,60,48
180,12,23,5,0,50,0,60,48
181,12,23,6,0,53,0,60,48
182,12,23,7,0,57,0,60,48
183,12,23,8,0,62,0,60,48
184,12,23,9,0,63,0,60,48
185,12,24,0,0,46,1,60,68
186,12,24,1,1,70,1,60,68
187,12,24,2,1,75,1,60,68
188,12,24,3,0,56,1,60,68
189,12,24,4,1,65,0,60,68
190,12,24,5,1,59,0,60,68
191,12,24,6,1,68,0,60,68
192,12,24,7,1,48,0,60,68
193,12,24,8,1,80,0,60,68
194,12,24,9,1,69,0,60,68
195,12,25,0,1,45,1,40,36
196,12,25,1,0,40,1,40,36
197,12,25,2,1,44,1,40,36
198,12,25,3,0,26,1,40,36
199,12,25,4,1,26,0,40,36
200,12,26,0,0,46,1,64,60
201,12,26,1,0,56,1,64,60
202,12,26,2,0,67,1,64,60
203,12,26,3,1,56,1,64,60
204,12,26,4,0,60,0,64,60
205,12,27,0,0,73,1,72,60
206,12,27,1,1,62,1,72,60
207,12,27,2,1,82,1,72,60
208,12,27,3,0,66,1,72,60
209,12,27,4,1,53,0,72,60
210,12,28,0,1,37,1,60,40
211,12,28,1,0,55,1,60,40
212,12,28,2,1,38,1,60,40
213,12,28,3,1,29,1,60,40
214,12,28,4,0,55,0,60,40
215,12,28,5,0,55,0,60,40
216,12,28,6,0,60,0,60,40
217,12,28,7,0,65,0,60,40
218,12,28,8,0,66,0,60,40
219,12,28,9,0,56,0,60,40
220,12,29,0,0,57,1,60,64
221,12,29,1,1,61,1,60,64
222,12,29,2,0,43,1,60,64
223,12,29,3,0,68,1,60,64
224,12,29,4,1,61,0,60,64
225,12,29,5,1,54,0,60,64
226,12,29,6,1,77,0,60,64
227,12,29,7,1,74,0,60,64
228,12,29,8,1,70,0,60,64
229,12,29,9,1,63,0,60,64
230,12,30,0,0,41,1,48,60
231,12,30,1,1,56,1,48,60
232,12,30,2,0,60,1,48,60
233,12,30,3,1,71,1,48,60
234,12,30,4,1,63,0,48,60
235,12,30,5,1,69,0,48,60
236,12,30,6,1,56,0,48,60
237,12,30,7,1,64,0,48,60
238,12,30,8,1,66,0,48,60
239,12,30,9,1,75,0,48,60
240,12,31,0,1,24,1,40,36
241,12,31,1,1,37,1,40,36
242,12,31,2,1,25,1,40,36
243,12,31,3,0,38,1,40,36
244,12,31,4,0,45,0,40,36
245,12,32,0,1,36,1,60,40
246,12,32,1,0,73,1,60,40
247,12,32,2,1,38,1,60,40
248,12,32,3,0,55,1,60,40
249,12,32,4,0,43,0,60,40
250,12,32,5,0,77,0,60,40
251,12,32,6,0,60,0,60,40
252,12,32,7,0,54,0,60,40
253,12,32,8,0,56,0,60,40
254,12,32,9,0,63,0,60,40
255,12,33,0,0,42,1,40,28
256,12,33,1,0,38,1,40,28
257,12,33,2,1,31,1,40,28
258,12,33,3,0,41,1,40,28
259,12,33,4,0,45,0,40,28
260,12,33,5,0,44,0,40,28
261,12,33,6,0,48,0,40,28
262,12,33,7,0,42,0,40,28
263,12,33,8,0,40,0,40,28
264,12,33,9,0,50,0,40,28
265,12,34,0,1,4,1,40,20
266,12,34,1,0,46,1,40,20
267,12,34,2,0,49,1,40,20
268,12,34,3,1,14,1,40,20
269,12,34,4,0,30,0,40,20
270,12,34,5,0,40,0,40,20
271,12,34,6,0,44,0,40,20
272,12,34,7,0,33,0,40,20
273,12,34,8,0,51,0,40,20
274,12,34,9,0,24,0,40,20
275,12,35,0,0,50,1,60,52
276,12,35,1,0,71,1,60,52
277,12,35,2,0,68,1,60,52
278,12,35,3,1,63,1,60,52
279,12,35,4,0,54,0,60,52
280,12,36,0,0,39,1,40,52
281,12,36,1,0,25,1,40,52
282,12,36,2,1,52,1,40,52
283,12,36,3,0,50,1,40,52
284,12,36,4,1,49,0,40,52
285,12,36,5,1,44,0,40,52
286,12,36,6,1,64,0,40,52
287,12,36,7,1,59,0,40,52
288,12,36,8,1,42,0,40,52
289,12,36,9,1,49,0,40,52
290,12,37,0,1,59,1,80,60
291,12,37,1,1,69,1,80,60
292,12,37,2,0,70,1,80,60
293,12,37,3,0,77,1,80,60
294,12,37,4,0,98,0,80,60
295,12,38,0,0,38,1,36,40
296,12,38,1,1,48,1,36,40
297,12,38,2,0,51,1,36,40
298,12,38,3,1,43,1,36,40
299,12,38,4,0,50,0,36,40
300,12,38,5,0,27,0,36,40
301,12,38,6,0,27,0,36,40
302,12,38,7,0,27,0,36,40
303,12,38,8,0,42,0,36,40
304,12,38,9,0,30,0,36,40
305,12,39,0,0,79,1,60,56
306,12,39,1,1,58,1,60,56
307,12,39,2,0,57,1,60,56
308,12,39,3,1,55,1,60,56
309,12,39,4,0,64,0,60,56
310,12,40,0,0,56,1,60,40
311,12,40,1,1,36,1,60,40
312,12,40,2,1,37,1,60,40
313,12,40,3,0,70,1,60,40
314,12,40,4,0,60,0,60,40
315,12,41,0,1,36,1,44,40
316,12,41,1,1,27,1,44,40
317,12,41,2,1,50,1,44,40
318,12,41,3,0,41,1,44,40
319,12,41,4,1,39,0,44,40
320,12,41,5,1,42,0,44,40
321,12,41,6,1,46,0,44,40
322,12,41,7,1,43,0,44,40
323,12,41,8,1,30,0,44,40
324,12,41,9,1,30,0,44,40
325,12,42,0,1,70,1,48,60
326,12,42,1,0,52,1,48,60
327,12,42,2,0,43,1,48,60
328,12,42,3,0,41,1,48,60
329,12,42,4,1,69,0,48,60
330,12,43,0,0,65,1,60,48
331,12,43,1,1,48,1,60,48
332,12,43,2,1,46,1,60,48
333,12,43,3,1,45,1,60,48
334,12,43,4,0,51,0,60,48
335,12,43,5,0,75,0,60,48
336,12,43,6,0,61,0,60,48
337,12,43,7,0,65,0,60,48
338,12,43,8,0,60,0,60,48
339,12,43,9,0,55,0,60,48
340,12,44,0,0,41,1,40,52
341,12,44,1,0,48,1,40,52
342,12,44,2,1,61,1,40,52
343,12,44,3,1,47,1,40,52
344,12,44,4,1,49,0,40,52
345,12,45,0,0,54,1,60,48
346,12,45,1,1,31,1,60,48
347,12,45,2,0,45,1,60,48
348,12,45,3,1,52,1,60,48
349,12,45,4,0,65,0,60,48
350,12,46,0,1,56,1,48,60
351,12,46,1,0,49,1,48,60
352,12,46,2,0,49,1,48,60
353,12,46,3,1,60,1,48,60
354,12,46,4,1,58,0,48,60
355,12,46,5,1,54,0,48,60
356,12,46,6,1,55,0,48,60
357,12,46,7,1,56,0,48,60
358,12,46,8,1,68,0,48,60
359,12,46,9,1,62,0,48,60
360,12,47,0,0,74,1,60,68
361,12,47,1,1,57,1,60,68
362,12,47,2,0,70,1,60,68
363,12,47,3,1,36,1,60,68
364,12,47,4,0,58,0,60,68
365,12,47,5,0,55,0,60,68
366,12,47,6,0,59,0,60,68
367,12,47,7,0,55,0,60,68
368,12,47,8,0,75,0,60,68
369,12,47,9,0,53,0,60,68
370,12,48,0,0,55,1,40,20
371,12,48,1,0,32,1,40,20
372,12,48,2,1,22,1,40,20
373,12,48,3,0,45,1,40,20
374,12,48,4,0,40,0,40,20
375,12,49,0,1,63,1,72,60
376,12,49,1,1,52,1,72,60
377,12,49,2,0,71,1,72,60
378,12,49,3,1,40,1,72,60
379,12,49,4,0,58,0,72,60
380,12,50,0,0,57,1,52,40
381,12,50,1,0,54,1,52,40
382,12,50,2,1,47,1,52,40
383,12,50,3,1,62,1,52,40
384,12,50,4,0,46,0,52,40
385,12,50,5,0,51,0,52,40
386,12,50,6,0,56,0,52,40
387,12,50,7,0,42,0,52,40
388,12,50,8,0,55,0,52,40
389,12,50,9,0,43,0,52,40
390,12,51,0,0,44,1,40,36
391,12,51,1,1,24,1,40,36
392,12,51,2,1,26,1,40,36
393,12,51,3,1,43,1,40,36
394,12,51,4,0,41,0,40,36
395,12,51,5,0,50,0,40,36
396,12,51,6,0,45,0,40,36
397,12,51,7,0,42,0,40,36
398,12,51,8,0,49,0,40,36
399,12,51,9,0,34,0,40,36
400,12,52,0,1,68,1,52,60
401,12,52,1,0,61,1,52,60
402,12,52,2,0,58,1,52,60
403,12,52,3,0,48,1,52,60
404,12,52,4,1,72,0,52,60
405,12,52,5,1,60,0,52,60
406,12,52,6,1,67,0,52,60
407,12,52,7,1,61,0,52,60
408,12,52,8,1,40,0,52,60
409,12,52,9,1,72,0,52,60
410,12,53,0,0,22,1,20,40
411,12,53,1,1,53,1,20,40
412,12,53,2,0,18,1,20,40
413,12,53,3,1,40,1,20,40
414,12,53,4,1,48,0,20,40
415,12,54,0,0,34,1,32,40
416,12,54,1,0,29,1,32,40
417,12,54,2,1,38,1,32,40
418,12,54,3,1,40,1,32,40
419,12,54,4,1,35,0,32,40
420,12,54,5,1,42,0,32,40
421,12,54,6,1,36,0,32,40
422,12,54,7,1,43,0,32,40
423,12,54,8,1,38,0,32,40
424,12,54,9,1,35,0,32,40
425,12,55,0,1,62,1,52,60
426,12,55,1,0,60,1,52,60
427,12,55,2,0,44,1,52,60
428,12,55,3,1,63,1,52,60
429,12,55,4,1,64,0,52,60
430,12,56,0,0,86,1,80,60
431,12,56,1,1,60,1,80,60
432,12,56,2,1,60,1,80,60
433,12,56,3,0,66,1,80,60
434,12,56,4,0,81,0,80,60
435,12,56,5,0,92,0,80,60
436,12,56,6,0,85,0,80,60
437,12,56,7,0,73,0,80,60
438,12,56,8,0,82,0,80,60
439,12,56,9,0,71,0,80,60
440,12,57,0,1,58,1,40,60
441,12,57,1,1,61,1,40,60
442,12,57,2,1,67,1,40,60
443,12,57,3,0,31,1,40,60
444,12,57,4,1,59,0,40,60
445,12,57,5,1,58,0,40,60
446,12,57,6,1,64,0,40,60
447,12,57,7,1,60,0,40,60
448,12,57,8,1,58,0,40,60
449,12,57,9,1,59,0,40,60
450,12,58,0,0,38,1,40,28
451,12,58,1,0,38,1,40,28
452,12,58,2,1,39,1,40,28
453,12,58,3,0,31,1,40,28
454,12,58,4,1,24,0,40,28
455,12,58,5,1,23,0,40,28
456,12,58,6,1,28,0,40,28
457,12,58,7,1,40,0,40,28
458,12,58,8,1,41,0,40,28
459,12,58,9,1,29,0,40,28
460,12,59,0,0,58,1,60,80
461,12,59,1,0,55,1,60,80
462,12,59,2,1,91,1,60,80
463,12,59,3,0,54,1,60,80
464,12,59,4,1,89,0,60,80
465,12,60,0,1,35,1,44,40
466,12,60,1,0,41,1,44,40
467,12,60,2,1,49,1,44,40
468,12,60,3,0,51,1,44,40
469,12,60,4,0,36,0,44,40
470,12,61,0,0,64,1,72,60
471,12,61,1,0,57,1,72,60
472,12,61,2,1,71,1,72,60
473,12,61,3,1,58,1,72,60
474,12,61,4,1,60,0,72,60
475,12,61,5,1,63,0,72,60
476,12,61,6,1,64,0,72,60
477,12,61,7,1,56,0,72,60
478,12,61,8,1,46,0,72,60
479,12,61,9,1,69,0,72,60
480,12,62,0,0,64,1,60,68
481,12,62,1,1,70,1,60,68
482,12,62,2,1,65,1,60,68
483,12,62,3,0,55,1,60,68
484,12,62,4,1,63,0,60,68
485,12,63,0,1,29,1,40,36
486,12,63,1,1,28,1,40,36
487,12,63,2,1,35,1,40,36
488,12,63,3,0,30,1,40,36
489,12,63,4,1,47,0,40,36
490,12,64,0,0,39,1,52,40
491,12,64,1,0,61,1,52,40
492,12,64,2,1,30,1,52,40
493,12,64,3,1,35,1,52,40
494,12,64,4,0,50,0,52,40
495,12,64,5,0,58,0,52,40
496,12,64,6,0,75,0,52,40
497,12,64,7,0,47,0,52,40
498,12,64,8,0,54,0,52,40
499,12,64,9,0,31,0,52,40
500,12,65,0,1,57,1,68,60
501,12,65,1,0,65,1,68,60
502,12,65,2,0,59,1,68,60
503,12,65,3,0,66,1,68,60
504,12,65,4,0,60,0,68,60
505,12,65,5,0,85,0,68,60
506,12,65,6,0,70,0,68,60
507,12,65,7,0,68,0,68,60
508,12,65,8,0,62,0,68,60
509,12,65,9,0,65,0,68,60
510,12,66,0,0,19,1,28,40
511,12,66,1,1,39,1,28,40
512,12,66,2,1,58,1,28,40
513,12,66,3,0,25,1,28,40
514,12,66,4,1,30,0,28,40
515,12,67,0,1,37,1,40,44
516,12,67,1,1,50,1,40,44
517,12,67,2,0,51,1,40,44
518,12,67,3,1,33,1,40,44
519,12,67,4,0,39,0,40,44
520,12,68,0,1,40,1,40,44
521,12,68,1,0,31,1,40,44
522,12,68,2,1,51,1,40,44
523,12,68,3,0,46,1,40,44
524,12,68,4,1,49,0,40,44
525,12,69,0,0,72,1,80,60
526,12,69,1,1,65,1,80,60
527,12,69,2,1,58,1,80,60
528,12,69,3,0,75,1,80,60
529,12,69,4,0,85,0,80,60
530,12,69,5,0,77,0,80,60
531,12,69,6,0,69,0,80,60
532,12,69,7,0,83,0,80,60
533,12,69,8,0,78,0,80,60
534,12,69,9,0,83,0,80,60
535,12,70,0,1,34,1,60,40
536,12,70,1,0,58,1,60,40
537,12,70,2,1,43,1,60,40
538,12,70,3,1,50,1,60,40
539,12,70,4,0,54,0,60,40
540,12,71,0,1,71,1,40,60
541,12,71,1,1,63,1,40,60
542,12,71,2,1,66,1,40,60
543,12,71,3,0,56,1,40,60
544,12,71,4,1,58,0,40,60
545,12,71,5,1,50,0,40,60
546,12,71,6,1,70,0,40,60
547,12,71,7,1,56,0,40,60
548,12,71,8,1,50,0,40,60
549,12,71,9,1,73,0,40,60
550,12,72,0,0,55,1,52,60
551,12,72,1,1,55,1,52,60
552,12,72,2,1,62,1,52,60
553,12,72,3,1,58,1,52,60
554,12,72,4,1,42,0,52,60
555,12,73,0,0,13,1,36,40
556,12,73,1,0,43,1,36,40
557,12,73,2,1,50,1,36,40
558,12,73,3,0,33,1,36,40
559,12,73,4,1,38,0,36,40
560,12,74,0,0,44,1,40,48
561,12,74,1,1,36,1,40,48
562,12,74,2,0,37,1,40,48
563,12,74,3,1,44,1,40,48
564,12,74,4,0,53,0,40,48
565,12,75,0,0,49,1,60,64
566,12,75,1,1,56,1,60,64
567,12,75,2,0,61,1,60,64
568,12,75,3,0,58,1,60,64
569,12,75,4,0,58,0,60,64
570,12,75,5,0,49,0,60,64
571,12,75,6,0,85,0,60,64
572,12,75,7,0,72,0,60,64
573,12,75,8,0,48,0,60,64
574,12,75,9,0,66,0,60,64
575,12,76,0,0,48,1,60,40
576,12,76,1,0,71,1,60,40
577,12,76,2,1,44,1,60,40
578,12,76,3,1,38,1,60,40
579,12,76,4,0,59,0,60,40
580,12,77,0,1,71,1,40,52
581,12,77,1,1,41,1,40,52
582,12,77,2,0,34,1,40,52
583,12,77,3,1,42,1,40,52
584,12,77,4,1,47,0,40,52
585,12,77,5,1,49,0,40,52
586,12,77,6,1,53,0,40,52
587,12,77,7,1,38,0,40,52
588,12,77,8,1,55,0,40,52
589,12,77,9,1,46,0,40,52
590,12,78,0,1,65,1,52,60
591,12,78,1,0,37,1,52,60
592,12,78,2,0,57,1,52,60
593,12,78,3,1,75,1,52,60
594,12,78,4,1,62,0,52,60
595,12,79,0,0,55,1,40,32
596,12,79,1,1,31,1,40,32
597,12,79,2,1,49,1,40,32
598,12,79,3,0,43,1,40,32
599,12,79,4,0,36,0,40,32
600,12,79,5,0,48,0,40,32
601,12,79,6,0,40,0,40,32
602,12,79,7,0,47,0,40,32
603,12,79,8,0,38,0,40,32
604,12,79,9,0,48,0,40,32
605,12,80,0,1,58,1,52,60
606,12,80,1,0,37,1,52,60
607,12,80,2,0,46,1,52,60
608,12,80,3,0,67,1,52,60
609,12,80,4,1,56,0,52,60
610,12,80,5,1,56,0,52,60
611,12,80,6,1,53,0,52,60
612,12,80,7,1,65,0,52,60
613,12,80,8,1,71,0,52,60
614,12,80,9,1,62,0,52,60
615,12,81,0,0,41,1,40,36
616,12,81,1,1,38,1,40,36
617,12,81,2,1,42,1,40,36
618,12,81,3,1,24,1,40,36
619,12,81,4,0,39,0,40,36
620,12,81,5,0,37,0,40,36
621,12,81,6,0,23,0,40,36
622,12,81,7,0,35,0,40,36
623,12,81,8,0,46,0,40,36
624,12,81,9,0,40,0,40,36
625,12,82,0,1,36,1,48,40
626,12,82,1,1,43,1,48,40
627,12,82,2,0,50,1,48,40
628,12,82,3,1,57,1,48,40
629,12,82,4,0,48,0,48,40
630,12,83,0,1,49,1,60,40
631,12,83,1,0,67,1,60,40
632,12,83,2,1,27,1,60,40
633,12,83,3,0,64,1,60,40
634,12,83,4,0,53,0,60,40
635,12,83,5,0,64,0,60,40
636,12,83,6,0,56,0,60,40
637,12,83,7,0,51,0,60,40
638,12,83,8,0,67,0,60,40
639,12,83,9,0,54,0,60,40
640,12,84,0,1,53,1,48,60
641,12,84,1,0,50,1,48,60
642,12,84,2,0,55,1,48,60
643,12,84,3,0,42,1,48,60
644,12,84,4,0,47,0,48,60
645,12,85,0,1,33,1,40,28
646,12,85,1,0,41,1,40,28
647,12,85,2,1,30,1,40,28
648,12,85,3,1,32,1,40,28
649,12,85,4,0,39,0,40,28
650,12,86,0,0,61,1,60,68
651,12,86,1,0,50,1,60,68
652,12,86,2,0,58,1,60,68
653,12,86,3,1,67,1,60,68
654,12,86,4,1,54,0,60,68
655,12,87,0,0,57,1,60,56
656,12,87,1,1,59,1,60,56
657,12,87,2,0,58,1,60,56
658,12,87,3,1,63,1,60,56
659,12,87,4,1,60,0,60,56
660,12,88,0,1,71,1,72,60
661,12,88,1,0,76,1,72,60
662,12,88,2,0,83,1,72,60
663,12,88,3,0,67,1,72,60
664,12,88,4,0,60,0,72,60
665,12,89,0,1,38,1,60,40
666,12,89,1,0,58,1,60,40
667,12,89,2,1,48,1,60,40
668,12,89,3,1,45,1,60,40
669,12,89,4,0,58,0,60,40
670,12,90,0,1,40,1,40,44
671,12,90,1,1,43,1,40,44
672,12,90,2,0,50,1,40,44
673,12,90,3,0,44,1,40,44
674,12,90,4,0,37,0,40,44
675,12,90,5,0,45,0,40,44
676,12,90,6,0,30,0,40,44
677,12,90,7,0,29,0,40,44
678,12,90,8,0,55,0,40,44
679,12,90,9,0,29,0,40,44
680,12,91,0,0,23,1,20,40
681,12,91,1,1,37,1,20,40
682,12,91,2,1,47,1,20,40
683,12,91,3,0,21,1,20,40
684,12,91,4,1,45,0,20,40
685,12,91,5,1,49,0,20,40
686,12,91,6,1,43,0,20,40
687,12,91,7,1,41,0,20,40
688,12,91,8,1,47,0,20,40
689,12,91,9,1,42,0,20,40
690,12,92,0,1,60,1,48,60
691,12,92,1,0,41,1,48,60
692,12,92,2,0,48,1,48,60
693,12,92,3,1,55,1,48,60
694,12,92,4,1,70,0,48,60
695,12,92,5,1,72,0,48,60
696,12,92,6,1,58,0,48,60
697,12,92,7,1,57,0,48,60
698,12,92,8,1,65,0,48,60
699,12,92,9,1,59,0,48,60
700,12,93,0,0,45,1,36,40
701,12,93,1,1,41,1,36,40
702,12,93,2,1,45,1,36,40
703,12,93,3,0,30,1,36,40
704,12,93,4,1,43,0,36,40
705,12,93,5,1,42,0,36,40
706,12,93,6,1,44,0,36,40
707,12,93,7,1,52,0,36,40
708,12,93,8,1,31,0,36,40
709,12,93,9,1,31,0,36,40
710,12,94,0,1,33,1,60,40
711,12,94,1,0,53,1,60,40
712,12,94,2,1,33,1,60,40
713,12,94,3,1,56,1,60,40
714,12,94,4,0,66,0,60,40
715,12,94,5,0,55,0,60,40
716,12,94,6,0,62,0,60,40
717,12,94,7,0,81,0,60,40
718,12,94,8,0,68,0,60,40
719,12,94,9,0,64,0,60,40
720,12,95,0,0,71,1,72,60
721,12,95,1,1,55,1,72,60
722,12,95,2,1,63,1,72,60
723,12,95,3,0,81,1,72,60
724,12,95,4,0,78,0,72,60
725,12,96,0,0,63,1,56,60
726,12,96,1,1,61,1,56,60
727,12,96,2,0,45,1,56,60
728,12,96,3,0,51,1,56,60
729,12,96,4,0,62,0,56,60
730,12,96,5,0,55,0,56,60
731,12,96,6,0,52,0,56,60
732,12,96,7,0,46,0,56,60
733,12,96,8,0,53,0,56,60
734,12,96,9,0,56,0,56,60
735,12,97,0,0,42,1,40,44
736,12,97,1,0,33,1,40,44
737,12,97,2,1,54,1,40,44
738,12,97,3,1,44,1,40,44
739,12,97,4,1,49,0,40,44
740,12,97,5,1,49,0,40,44
741,12,97,6,1,44,0,40,44
742,12,97,7,1,56,0,40,44
743,12,97,8,1,47,0,40,44
744,12,97,9,1,56,0,40,44
745,12,98,0,0,66,1,60,52
746,12,98,1,1,38,1,60,52
747,12,98,2,1,59,1,60,52
748,12,98,3,0,63,1,60,52
749,12,98,4,0,57,0,60,52
750,12,99,0,0,36,1,40,48
751,12,99,1,1,48,1,40,48
752,12,99,2,0,39,1,40,48
753,12,99,3,1,59,1,40,48
754,12,99,4,1,44,0,40,48
755,18,0,0,0,52,1,52,40
756,18,0,1,1,44,1,52,40
757,18,0,2,0,52,1,52,40
758,18,0,3,1,43,1,52,40
759,18,0,4,0,59,0,52,40
760,18,0,5,0,49,0,52,40
761,18,0,6,0,56,0,52,40
762,18,0,7,0,63,0,52,40
763,18,0,8,0,54,0,52,40
764,18,0,9,0,53,0,52,40
765,18,1,0,1,53,1,80,60
766,18,1,1,1,55,1,80,60
767,18,1,2,0,92,1,80,60
768,18,1,3,0,77,1,80,60
769,18,1,4,0,74,0,80,60
770,18,2,0,1,30,1,28,40
771,18,2,1,0,37,1,28,40
772,18,2,2,0,31,1,28,40
773,18,2,3,0,31,1,28,40
774,18,2,4,0,9,0,28,40
775,18,3,0,1,73,1,60,80
776,18,3,1,0,68,1,60,80
777,18,3,2,0,49,1,60,80
778,18,3,3,0,63,1,60,80
779,18,3,4,1,70,0,60,80
780,18,4,0,1,56,1,68,60
781,18,4,1,0,69,1,68,60
782,18,4,2,0,73,1,68,60
783,18,4,3,0,76,1,68,60
784,18,4,4,0,73,0,68,60
785,18,4,5,0,55,0,68,60
786,18,4,6,0,54,0,68,60
787,18,4,7,0,58,0,68,60
788,18,4,8,0,64,0,68,60
789,18,4,9,0,62,0,68,60
790,18,5,0,1,65,1,52,60
791,18,5,1,0,57,1,52,60
792,18,5,2,0,52,1,52,60
793,18,5,3,1,59,1,52,60
794,18,5,4,1,62,0,52,60
795,18,6,0,1,48,1,40,60
796,18,6,1,0,47,1,40,60
797,18,6,2,1,61,1,40,60
798,18,6,3,0,46,1,40,60
799,18,6,4,1,68,0,40,60
800,18,7,0,1,42,1,40,44
801,18,7,1,1,35,1,40,44
802,18,7,2,0,44,1,40,44
803,18,7,3,0,53,1,40,44
804,18,7,4,0,46,0,40,44
805,18,7,5,0,53,0,40,44
806,18,7,6,0,43,0,40,44
807,18,7,7,0,39,0,40,44
808,18,7,8,0,44,0,40,44
809,18,7,9,0,34,0,40,44
810,18,8,0,0,50,1,40,20
811,18,8,1,1,15,1,40,20
812,18,8,2,0,33,1,40,20
813,18,8,3,0,37,1,40,20
814,18,8,4,0,32,0,40,20
815,18,9,0,1,54,1,52,60
816,18,9,1,0,52,1,52,60
817,18,9,2,1,48,1,52,60
818,18,9,3,0,51,1,52,60
819,18,9,4,0,48,0,52,60
820,18,9,5,0,48,0,52,60
821,18,9,6,0,54,0,52,60
822,18,9,7,0,50,0,52,60
823,18,9,8,0,31,0,52,60
824,18,9,9,0,53,0,52,60
825,18,10,0,0,25,1,28,40
826,18,10,1,0,28,1,28,40
827,18,10,2,1,52,1,28,40
828,18,10,3,1,44,1,28,40
829,18,10,4,1,21,0,28,40
830,18,10,5,1,46,0,28,40
831,18,10,6,1,28,0,28,40
832,18,10,7,1,37,0,28,40
833,18,10,8,1,44,0,28,40
834,18,10,9,1,51,0,28,40
835,18,11,0,0,41,1,40,44
836,18,11,1,1,47,1,40,44
837,18,11,2,1,41,1,40,44
838,18,11,3,0,45,1,40,44
839,18,11,4,1,43,0,40,44
840,18,12,0,1,42,1,28,40
841,18,12,1,0,41,1,28,40
842,18,12,2,0,16,1,28,40
843,18,12,3,0,17,1,28,40
844,18,12,4,1,40,0,28,40
845,18,13,0,0,67,1,60,48
846,18,13,1,1,37,1,60,48
847,18,13,2,1,59,1,60,48
848,18,13,3,1,35,1,60,48
849,18,13,4,0,59,0,60,48
850,18,13,5,0,64,0,60,48
851,18,13,6,0,65,0,60,48
852,18,13,7,0,69,0,60,48
853,18,13,8,0,69,0,60,48
854,18,13,9,0,63,0,60,48
855,18,14,0,0,71,1,64,60
856,18,14,1,1,55,1,64,60
857,18,14,2,1,58,1,64,60
858,18,14,3,1,60,1,64,60
859,18,14,4,0,77,0,64,60
860,18,15,0,0,34,1,40,60
861,18,15,1,0,41,1,40,60
862,18,15,2,1,66,1,40,60
863,18,15,3,1,73,1,40,60
864,18,15,4,1,54,0,40,60
865,18,16,0,0,48,1,60,48
866,18,16,1,0,64,1,60,48
867,18,16,2,0,60,1,60,48
868,18,16,3,1,53,1,60,48
869,18,16,4,0,53,0,60,48
870,18,16,5,0,57,0,60,48
871,18,16,6,0,47,0,60,48
872,18,16,7,0,71,0,60,48
873,18,16,8,0,43,0,60,48
874,18,16,9,0,59,0,60,48
875,18,17,0,1,47,1,20,40
876,18,17,1,1,31,1,20,40
877,18,17,2,0,36,1,20,40
878,18,17,3,0,19,1,20,40
879,18,17,4,1,44,0,20,40
880,18,17,5,1,38,0,20,40
881,18,17,6,1,40,0,20,40
882,18,17,7,1,47,0,20,40
883,18,17,8,1,54,0,20,40
884,18,17,9,1,49,0,20,40
885,18,18,0,0,50,1,60,52
886,18,18,1,1,45,1,60,52
887,18,18,2,1,35,1,60,52
888,18,18,3,0,60,1,60,52
889,18,18,4,0,73,0,60,52
890,18,19,0,1,33,1,40,28
891,18,19,1,0,55,1,40,28
892,18,19,2,1,40,1,40,28
893,18,19,3,0,34,1,40,28
894,18,19,4,0,58,0,40,28
895,18,19,5,0,40,0,40,28
896,18,19,6,0,52,0,40,28
897,18,19,7,0,38,0,40,28
898,18,19,8,0,56,0,40,28
899,18,19,9,0,38,0,40,28
900,18,20,0,1,70,1,60,64
901,18,20,1,0,64,1,60,64
902,18,20,2,1,74,1,60,64
903,18,20,3,0,46,1,60,64
904,18,20,4,1,64,0,60,64
905,18,20,5,1,61,0,60,64
906,18,20,6,1,50,0,60,64
907,18,20,7,1,58,0,60,64
908,18,20,8,1,67,0,60,64
909,18,20,9,1,60,0,60,64
910,18,21,0,0,59,1,60,56
911,18,21,1,1,47,1,60,56
912,18,21,2,0,63,1,60,56
913,18,21,3,0,57,1,60,56
914,18,21,4,0,63,0,60,56
915,18,21,5,0,71,0,60,56
916,18,21,6,0,68,0,60,56
917,18,21,7,0,65,0,60,56
918,18,21,8,0,71,0,60,56
919,18,21,9,0,64,0,60,56
920,18,22,0,1,80,1,60,72
921,18,22,1,0,57,1,60,72
922,18,22,2,0,61,1,60,72
923,18,22,3,1,80,1,60,72
924,18,22,4,1,64,0,60,72
925,18,23,0,0,39,1,40,32
926,18,23,1,0,55,1,40,32
927,18,23,2,1,35,1,40,32
928,18,23,3,0,44,1,40,32
929,18,23,4,0,37,0,40,32
930,18,23,5,0,48,0,40,32
931,18,23,6,0,47,0,40,32
932,18,23,7,0,38,0,40,32
933,18,23,8,0,38,0,40,32
934,18,23,9,0,31,0,40,32
935,18,24,0,1,53,1,40,48
936,18,24,1,0,54,1,40,48
937,18,24,2,1,51,1,40,48
938,18,24,3,0,45,1,40,48
939,18,24,4,1,61,0,40,48
940,18,25,0,1,32,1,60,40
941,18,25,1,1,39,1,60,40
942,18,25,2,0,43,1,60,40
943,18,25,3,1,46,1,60,40
944,18,25,4,0,58,0,60,40
945,18,26,0,0,91,1,80,60
946,18,26,1,0,82,1,80,60
947,18,26,2,1,50,1,80,60
948,18,26,3,0,82,1,80,60
949,18,26,4,0,67,0,80,60
950,18,26,5,0,88,0,80,60
951,18,26,6,0,71,0,80,60
952,18,26,7,0,77,0,80,60
953,18,26,8,0,79,0,80,60
954,18,26,9,0,79,0,80,60
955,18,27,0,1,46,1,68,60
956,18,27,1,1,62,1,68,60
957,18,27,2,0,75,1,68,60
958,18,27,3,0,78,1,68,60
959,18,27,4,0,64,0,68,60
960,18,27,5,0,63,0,68,60
961,18,27,6,0,77,0,68,60
962,18,27,7,0,65,0,68,60
963,18,27,8,0,69,0,68,60
964,18,27,9,0,59,0,68,60
965,18,28,0,1,55,1,40,60
966,18,28,1,0,37,1,40,60
967,18,28,2,0,42,1,40,60
968,18,28,3,1,65,1,40,60
969,18,28,4,1,59,0,40,60
970,18,29,0,1,42,1,32,40
971,18,29,1,1,43,1,32,40
972,18,29,2,0,29,1,32,40
973,18,29,3,0,41,1,32,40
974,18,29,4,1,38,0,32,40
975,18,29,5,1,41,0,32,40
976,18,29,6,1,41,0,32,40
977,18,29,7,1,48,0,32,40
978,18,29,8,1,45,0,32,40
979,18,29,9,1,28,0,32,40
980,18,30,0,0,27,1,36,40
981,18,30,1,0,26,1,36,40
982,18,30,2,0,42,1,36,40
983,18,30,3,1,42,1,36,40
984,18,30,4,1,40,0,36,40
985,18,31,0,1,70,1,80,60
986,18,31,1,1,68,1,80,60
987,18,31,2,0,88,1,80,60
988,18,31,3,0,67,1,80,60
989,18,31,4,0,86,0,80,60
990,18,32,0,0,62,1,60,68
991,18,32,1,1,66,1,60,68
992,18,32,2,0,54,1,60,68
993,18,32,3,0,46,1,60,68
994,18,32,4,1,58,0,60,68
995,18,33,0,0,44,1,40,32
996,18,33,1,0,62,1,40,32
997,18,33,2,0,44,1,40,32
998,18,33,3,1,39,1,40,32
999,18,33,4,0,46,0,40,32
1000,18,34,0,1,56,1,40,60
1001,18,34,1,0,27,1,40,60
1002,18,34,2,0,48,1,40,60
1003,18,34,3,1,62,1,40,60
1004,18,34,4,1,47,0,40,60
1005,18,35,0,1,38,1,20,40
1006,18,35,1,1,31,1,20,40
1007,18,35,2,0,20,1,20,40
1008,18,35,3,1,37,1,20,40
1009,18,35,4,1,50,0,20,40
1010,18,36,0,0,24,1,28,40
1011,18,36,1,1,36,1,28,40
1012,18,36,2,0,38,1,28,40
1013,18,36,3,1,43,1,28,40
1014,18,36,4,1,39,0,28,40
1015,18,37,0,0,24,1,40,52
1016,18,37,1,1,54,1,40,52
1017,18,37,2,0,35,1,40,52
1018,18,37,3,0,39,1,40,52
1019,18,37,4,1,54,0,40,52
1020,18,37,5,1,59,0,40,52
1021,18,37,6,1,59,0,40,52
1022,18,37,7,1,60,0,40,52
1023,18,37,8,1,63,0,40,52
1024,18,37,9,1,59,0,40,52
1025,18,38,0,1,88,1,60,72
1026,18,38,1,1,76,1,60,72
1027,18,38,2,1,55,1,60,72
1028,18,38,3,0,60,1,60,72
1029,18,38,4,1,86,0,60,72
1030,18,38,5,1,72,0,60,72
1031,18,38,6,1,70,0,60,72
1032,18,38,7,1,72,0,60,72
1033,18,38,8,1,87,0,60,72
1034,18,38,9,1,78,0,60,72
1035,18,39,0,0,43,1,40,60
1036,18,39,1,0,47,1,40,60
1037,18,39,2,1,58,1,40,60
1038,18,39,3,1,64,1,40,60
1039,18,39,4,1,67,0,40,60
1040,18,40,0,0,36,1,40,20
1041,18,40,1,0,42,1,40,20
1042,18,40,2,1,19,1,40,20
1043,18,40,3,0,31,1,40,20
1044,18,40,4,0,46,0,40,20
1045,18,40,5,0,37,0,40,20
1046,18,40,6,0,48,0,40,20
1047,18,40,7,0,44,0,40,20
1048,18,40,8,0,28,0,40,20
1049,18,40,9,0,39,0,40,20
1050,18,41,0,1,63,1,64,60
1051,18,41,1,0,58,1,64,60
1052,18,41,2,0,53,1,64,60
1053,18,41,3,1,70,1,64,60
1054,18,41,4,1,70,0,64,60
1055,18,42,0,1,48,1,40,52
1056,18,42,1,1,52,1,40,52
1057,18,42,2,0,46,1,40,52
1058,18,42,3,0,51,1,40,52
1059,18,42,4,1,35,0,40,52
1060,18,43,0,0,69,1,60,72
1061,18,43,1,0,63,1,60,72
1062,18,43,2,0,57,1,60,72
1063,18,43,3,1,67,1,60,72
1064,18,43,4,1,71,0,60,72
1065,18,44,0,1,55,1,56,60
1066,18,44,1,1,65,1,56,60
1067,18,44,2,0,56,1,56,60
1068,18,44,3,0,62,1,56,60
1069,18,44,4,1,56,0,56,60
1070,18,44,5,1,65,0,56,60
1071,18,44,6,1,69,0,56,60
1072,18,44,7,1,55,0,56,60
1073,18,44,8,1,52,0,56,60
1074,18,44,9,1,59,0,56,60
1075,18,45,0,0,44,1,52,60
1076,18,45,1,1,63,1,52,60
1077,18,45,2,1,72,1,52,60
1078,18,45,3,1,58,1,52,60
1079,18,45,4,1,67,0,52,60
1080,18,46,0,0,67,1,60,64
1081,18,46,1,0,57,1,60,64
1082,18,46,2,1,67,1,60,64
1083,18,46,3,0,48,1,60,64
1084,18,46,4,1,52,0,60,64
1085,18,47,0,0,72,1,80,60
1086,18,47,1,1,69,1,80,60
1087,18,47,2,1,52,1,80,60
1088,18,47,3,1,71,1,80,60
1089,18,47,4,0,94,0,80,60
1090,18,47,5,0,76,0,80,60
1091,18,47,6,0,76,0,80,60
1092,18,47,7,0,83,0,80,60
1093,18,47,8,0,83,0,80,60
1094,18,47,9,0,79,0,80,60
1095,18,48,0,1,36,1,40,36
1096,18,48,1,1,32,1,40,36
1097,18,48,2,1,40,1,40,36
1098,18,48,3,0,39,1,40,36
1099,18,48,4,0,51,0,40,36
1100,18,48,5,0,36,0,40,36
1101,18,48,6,0,52,0,40,36
1102,18,48,7,0,44,0,40,36
1103,18,48,8,0,45,0,40,36
1104,18,48,9,0,44,0,40,36
1105,18,49,0,1,41,1,40,32
1106,18,49,1,1,20,1,40,32
1107,18,49,2,0,47,1,40,32
1108,18,49,3,1,37,1,40,32
1109,18,49,4,0,32,0,40,32
1110,18,49,5,0,44,0,40,32
1111,18,49,6,0,40,0,40,32
1112,18,49,7,0,54,0,40,32
1113,18,49,8,0,31,0,40,32
1114,18,49,9,0,43,0,40,32
1115,18,50,0,1,56,1,68,60
1116,18,50,1,0,65,1,68,60
1117,18,50,2,0,67,1,68,60
1118,18,50,3,0,61,1,68,60
1119,18,50,4,0,68,0,68,60
1120,18,50,5,0,77,0,68,60
1121,18,50,6,0,70,0,68,60
1122,18,50,7,0,56,0,68,60
1123,18,50,8,0,79,0,68,60
1124,18,50,9,0,76,0,68,60
1125,18,51,0,1,39,1,60,40
1126,18,51,1,1,42,1,60,40
1127,18,51,2,1,38,1,60,40
1128,18,51,3,0,55,1,60,40
1129,18,51,4,0,52,0,60,40
1130,18,51,5,0,67,0,60,40
1131,18,51,6,0,58,0,60,40
1132,18,51,7,0,56,0,60,40
1133,18,51,8,0,70,0,60,40
1134,18,51,9,0,68,0,60,40
1135,18,52,0,1,53,1,60,72
1136,18,52,1,1,71,1,60,72
1137,18,52,2,0,64,1,60,72
1138,18,52,3,0,60,1,60,72
1139,18,52,4,1,65,0,60,72
1140,18,52,5,1,72,0,60,72
1141,18,52,6,1,87,0,60,72
1142,18,52,7,1,76,0,60,72
1143,18,52,8,1,57,0,60,72
1144,18,52,9,1,59,0,60,72
1145,18,53,0,0,66,1,68,60
1146,18,53,1,1,59,1,68,60
1147,18,53,2,1,48,1,68,60
1148,18,53,3,0,63,1,68,60
1149,18,53,4,0,64,0,68,60
1150,18,54,0,0,50,1,52,40
1151,18,54,1,1,45,1,52,40
1152,18,54,2,0,54,1,52,40
1153,18,54,3,1,36,1,52,40
1154,18,54,4,0,47,0,52,40
1155,18,54,5,0,55,0,52,40
1156,18,54,6,0,57,0,52,40
1157,18,54,7,0,47,0,52,40
1158,18,54,8,0,56,0,52,40
1159,18,54,9,0,61,0,52,40
1160,18,55,0,0,80,1,80,60
1161,18,55,1,1,54,1,80,60
1162,18,55,2,1,71,1,80,60
1163,18,55,3,1,58,1,80,60
1164,18,55,4,0,91,0,80,60
1165,18,55,5,0,80,0,80,60
1166,18,55,6,0,73,0,80,60
1167,18,55,7,0,67,0,80,60
1168,18,55,8,0,82,0,80,60
1169,18,55,9,0,78,0,80,60
1170,18,56,0,0,25,1,28,40
1171,18,56,1,1,40,1,28,40
1172,18,56,2,1,27,1,28,40
1173,18,56,3,0,37,1,28,40
1174,18,56,4,1,39,0,28,40
1175,18,57,0,0,53,1,60,68
1176,18,57,1,1,88,1,60,68
1177,18,57,2,0,64,1,60,68
1178,18,57,3,0,53,1,60,68
1179,18,57,4,1,64,0,60,68
1180,18,58,0,1,40,1,40,28
1181,18,58,1,0,41,1,40,28
1182,18,58,2,1,42,1,40,28
1183,18,58,3,0,34,1,40,28
1184,18,58,4,1,33,0,40,28
1185,18,58,5,1,28,0,40,28
1186,18,58,6,1,30,0,40,28
1187,18,58,7,1,31,0,40,28
1188,18,58,8,1,29,0,40,28
1189,18,58,9,1,27,0,40,28
1190,18,59,0,0,46,1,40,36
1191,18,59,1,0,38,1,40,36
1192,18,59,2,1,32,1,40,36
1193,18,59,3,1,37,1,40,36
1194,18,59,4,0,40,0,40,36
1195,18,60,0,1,35,1,40,36
1196,18,60,1,1,29,1,40,36
1197,18,60,2,1,32,1,40,36
1198,18,60,3,0,38,1,40,36
1199,18,60,4,0,34,0,40,36
1200,18,60,5,0,28,0,40,36
1201,18,60,6,0,45,0,40,36
1202,18,60,7,0,39,0,40,36
1203,18,60,8,0,44,0,40,36
1204,18,60,9,0,34,0,40,36
1205,18,61,0,0,38,1,40,44
1206,18,61,1,1,47,1,40,44
1207,18,61,2,1,37,1,40,44
1208,18,61,3,0,66,1,40,44
1209,18,61,4,0,38,0,40,44
1210,18,62,0,1,59,1,60,64
1211,18,62,1,0,68,1,60,64
1212,18,62,2,1,71,1,60,64
1213,18,62,3,0,69,1,60,64
1214,18,62,4,1,69,0,60,64
1215,18,62,5,1,61,0,60,64
1216,18,62,6,1,61,0,60,64
1217,18,62,7,1,77,0,60,64
1218,18,62,8,1,59,0,60,64
1219,18,62,9,1,67,0,60,64
1220,18,63,0,0,33,1,40,60
1221,18,63,1,1,57,1,40,60
1222,18,63,2,1,50,1,40,60
1223,18,63,3,0,33,1,40,60
1224,18,63,4,1,67,0,40,60
1225,18,63,5,1,71,0,40,60
1226,18,63,6,1,72,0,40,60
1227,18,63,7,1,71,0,40,60
1228,18,63,8,1,50,0,40,60
1229,18,63,9,1,61,0,40,60
1230,18,64,0,1,58,1,60,64
1231,18,64,1,1,61,1,60,64
1232,18,64,2,1,78,1,60,64
1233,18,64,3,0,60,1,60,64
1234,18,64,4,1,73,0,60,64
1235,18,64,5,1,59,0,60,64
1236,18,64,6,1,56,0,60,64
1237,18,64,7,1,47,0,60,64
1238,18,64,8,1,57,0,60,64
1239,18,64,9,1,72,0,60,64
1240,18,65,0,0,74,1,60,52
1241,18,65,1,1,52,1,60,52
1242,18,65,2,1,43,1,60,52
1243,18,65,3,0,55,1,60,52
1244,18,65,4,0,54,0,60,52
1245,18,66,0,1,35,1,60,40
1246,18,66,1,1,43,1,60,40
1247,18,66,2,0,63,1,60,40
1248,18,66,3,1,28,1,60,40
1249,18,66,4,0,67,0,60,40
1250,18,67,0,0,57,1,56,60
1251,18,67,1,1,56,1,56,60
1252,18,67,2,0,54,1,56,60
1253,18,67,3,1,62,1,56,60
1254,18,67,4,1,56,0,56,60
1255,18,68,0,1,39,1,40,44
1256,18,68,1,1,44,1,40,44
1257,18,68,2,0,36,1,40,44
1258,18,68,3,0,49,1,40,44
1259,18,68,4,1,53,0,40,44
1260,18,68,5,1,33,0,40,44
1261,18,68,6,1,42,0,40,44
1262,18,68,7,1,45,0,40,44
1263,18,68,8,1,47,0,40,44
1264,18,68,9,1,32,0,40,44
1265,18,69,0,0,34,1,40,32
1266,18,69,1,0,32,1,40,32
1267,18,69,2,1,37,1,40,32
1268,18,69,3,0,49,1,40,32
1269,18,69,4,0,45,0,40,32
1270,18,69,5,0,27,0,40,32
1271,18,69,6,0,37,0,40,32
1272,18,69,7,0,38,0,40,32
1273,18,69,8,0,39,0,40,32
1274,18,69,9,0,42,0,40,32
1275,18,70,0,0,31,1,48,40
1276,18,70,1,1,35,1,48,40
1277,18,70,2,1,38,1,48,40
1278,18,70,3,0,40,1,48,40
1279,18,70,4,1,39,0,48,40
1280,18,70,5,1,32,0,48,40
1281,18,70,6,1,46,0,48,40
1282,18,70,7,1,51,0,48,40
1283,18,70,8,1,46,0,48,40
1284,18,70,9,1,34,0,48,40
1285,18,71,0,1,86,1,60,80
1286,18,71,1,0,62,1,60,80
1287,18,71,2,0,72,1,60,80
1288,18,71,3,0,71,1,60,80
1289,18,71,4,1,86,0,60,80
1290,18,72,0,1,61,1,60,72
1291,18,72,1,0,65,1,60,72
1292,18,72,2,1,72,1,60,72
1293,18,72,3,1,65,1,60,72
1294,18,72,4,1,65,0,60,72
1295,18,73,0,1,34,1,48,40
1296,18,73,1,1,37,1,48,40
1297,18,73,2,1,51,1,48,40
1298,18,73,3,0,55,1,48,40
1299,18,73,4,0,65,0,48,40
1300,18,73,5,0,51,0,48,40
1301,18,73,6,0,48,0,48,40
1302,18,73,7,0,52,0,48,40
1303,18,73,8,0,29,0,48,40
1304,18,73,9,0,62,0,48,40
1305,18,74,0,0,90,1,80,60
1306,18,74,1,0,79,1,80,60
1307,18,74,2,1,68,1,80,60
1308,18,74,3,0,70,1,80,60
1309,18,74,4,0,91,0,80,60
1310,18,74,5,0,82,0,80,60
1311,18,74,6,0,72,0,80,60
1312,18,74,7,0,88,0,80,60
1313,18,74,8,0,88,0,80,60
1314,18,74,9,0,90,0,80,60
1315,18,75,0,1,49,1,20,40
1316,18,75,1,0,17,1,20,40
1317,18,75,2,0,6,1,20,40
1318,18,75,3,1,46,1,20,40
1319,18,75,4,1,40,0,20,40
1320,18,75,5,1,42,0,20,40
1321,18,75,6,1,47,0,20,40
1322,18,75,7,1,39,0,20,40
1323,18,75,8,1,37,0,20,40
1324,18,75,9,1,30,0,20,40
1325,18,76,0,1,29,1,40,28
1326,18,76,1,0,29,1,40,28
1327,18,76,2,1,34,1,40,28
1328,18,76,3,1,10,1,40,28
1329,18,76,4,0,31,0,40,28
1330,18,77,0,0,36,1,40,60
1331,18,77,1,1,47,1,40,60
1332,18,77,2,1,59,1,40,60
1333,18,77,3,0,39,1,40,60
1334,18,77,4,1,56,0,40,60
1335,18,77,5,1,70,0,40,60
1336,18,77,6,1,57,0,40,60
1337,18,77,7,1,39,0,40,60
1338,18,77,8,1,68,0,40,60
1339,18,77,9,1,71,0,40,60
1340,18,78,0,0,63,1,56,60
1341,18,78,1,1,54,1,56,60
1342,18,78,2,0,51,1,56,60
1343,18,78,3,1,52,1,56,60
1344,18,78,4,0,53,0,56,60
1345,18,79,0,0,45,1,40,32
1346,18,79,1,0,42,1,40,32
1347,18,79,2,0,39,1,40,32
1348,18,79,3,1,20,1,40,32
1349,18,79,4,0,30,0,40,32
1350,18,80,0,0,38,1,36,40
1351,18,80,1,0,28,1,36,40
1352,18,80,2,0,43,1,36,40
1353,18,80,3,1,41,1,36,40
1354,18,80,4,1,40,0,36,40
1355,18,81,0,1,53,1,20,40
1356,18,81,1,1,38,1,20,40
1357,18,81,2,0,17,1,20,40
1358,18,81,3,0,32,1,20,40
1359,18,81,4,1,29,0,20,40
1360,18,81,5,1,40,0,20,40
1361,18,81,6,1,31,0,20,40
1362,18,81,7,1,46,0,20,40
1363,18,81,8,1,34,0,20,40
1364,18,81,9,1,32,0,20,40
1365,18,82,0,1,33,1,20,40
1366,18,82,1,1,45,1,20,40
1367,18,82,2,0,15,1,20,40
1368,18,82,3,1,39,1,20,40
1369,18,82,4,1,31,0,20,40
1370,18,83,0,1,43,1,20,40
1371,18,83,1,0,34,1,20,40
1372,18,83,2,0,9,1,20,40
1373,18,83,3,1,43,1,20,40
1374,18,83,4,1,42,0,20,40
1375,18,83,5,1,32,0,20,40
1376,18,83,6,1,42,0,20,40
1377,18,83,7,1,43,0,20,40
1378,18,83,8,1,34,0,20,40
1379,18,83,9,1,42,0,20,40
1380,18,84,0,1,54,1,68,60
1381,18,84,1,1,64,1,68,60
1382,18,84,2,0,86,1,68,60
1383,18,84,3,0,60,1,68,60
1384,18,84,4,0,71,0,68,60
1385,18,84,5,0,68,0,68,60
1386,18,84,6,0,75,0,68,60
1387,18,84,7,0,52,0,68,60
1388,18,84,8,0,66,0,68,60
1389,18,84,9,0,67,0,68,60
1390,18,85,0,1,81,1,60,72
1391,18,85,1,0,68,1,60,72
1392,18,85,2,1,53,1,60,72
1393,18,85,3,1,77,1,60,72
1394,18,85,4,1,69,0,60,72
1395,18,86,0,1,41,1,48,40
1396,18,86,1,1,41,1,48,40
1397,18,86,2,1,30,1,48,40
1398,18,86,3,0,56,1,48,40
1399,18,86,4,0,55,0,48,40
1400,18,87,0,0,29,1,28,40
1401,18,87,1,1,38,1,28,40
1402,18,87,2,0,40,1,28,40
1403,18,87,3,1,43,1,28,40
1404,18,87,4,1,43,0,28,40
1405,18,88,0,0,26,1,40,60
1406,18,88,1,1,65,1,40,60
1407,18,88,2,1,65,1,40,60
1408,18,88,3,0,42,1,40,60
1409,18,88,4,1,67,0,40,60
1410,18,88,5,1,57,0,40,60
1411,18,88,6,1,59,0,40,60
1412,18,88,7,1,54,0,40,60
1413,18,88,8,1,61,0,40,60
1414,18,88,9,1,49,0,40,60
1415,18,89,0,0,60,1,60,56
1416,18,89,1,1,56,1,60,56
1417,18,89,2,0,60,1,60,56
1418,18,89,3,0,65,1,60,56
1419,18,89,4,0,68,0,60,56
1420,18,89,5,0,56,0,60,56
1421,18,89,6,0,46,0,60,56
1422,18,89,7,0,57,0,60,56
1423,18,89,8,0,61,0,60,56
1424,18,89,9,0,75,0,60,56
1425,18,90,0,0,62,1,60,48
1426,18,90,1,0,60,1,60,48
1427,18,90,2,0,52,1,60,48
1428,18,90,3,1,42,1,60,48
1429,18,90,4,0,64,0,60,48
1430,18,90,5,0,54,0,60,48
1431,18,90,6,0,51,0,60,48
1432,18,90,7,0,55,0,60,48
1433,18,90,8,0,61,0,60,48
1434,18,90,9,0,75,0,60,48
1435,18,91,0,0,40,1,40,36
1436,18,91,1,0,46,1,40,36
1437,18,91,2,1,41,1,40,36
1438,18,91,3,1,34,1,40,36
1439,18,91,4,0,39,0,40,36
1440,18,92,0,1,35,1,36,40
1441,18,92,1,1,44,1,36,40
1442,18,92,2,0,37,1,36,40
1443,18,92,3,0,27,1,36,40
1444,18,92,4,1,28,0,36,40
1445,18,92,5,1,47,0,36,40
1446,18,92,6,1,46,0,36,40
1447,18,92,7,1,39,0,36,40
1448,18,92,8,1,41,0,36,40
1449,18,92,9,1,37,0,36,40
1450,18,93,0,0,32,1,48,40
1451,18,93,1,1,34,1,48,40
1452,18,93,2,1,47,1,48,40
1453,18,93,3,0,42,1,48,40
1454,18,93,4,1,42,0,48,40
1455,18,93,5,1,13,0,48,40
1456,18,93,6,1,34,0,48,40
1457,18,93,7,1,26,0,48,40
1458,18,93,8,1,41,0,48,40
1459,18,93,9,1,58,0,48,40
1460,18,94,0,1,70,1,60,72
1461,18,94,1,0,66,1,60,72
1462,18,94,2,0,60,1,60,72
1463,18,94,3,1,69,1,60,72
1464,18,94,4,1,76,0,60,72
1465,18,95,0,0,52,1,52,60
1466,18,95,1,1,60,1,52,60
1467,18,95,2,1,55,1,52,60
1468,18,95,3,1,47,1,52,60
1469,18,95,4,1,54,0,52,60
1470,18,96,0,0,78,1,68,60
1471,18,96,1,1,58,1,68,60
1472,18,96,2,1,58,1,68,60
1473,18,96,3,0,72,1,68,60
1474,18,96,4,0,68,0,68,60
1475,18,97,0,0,59,1,64,60
1476,18,97,1,0,55,1,64,60
1477,18,97,2,1,56,1,64,60
1478,18,97,3,0,58,1,64,60
1479,18,97,4,0,59,0,64,60
1480,18,97,5,0,62,0,64,60
1481,18,97,6,0,67,0,64,60
1482,18,97,7,0,53,0,64,60
1483,18,97,8,0,56,0,64,60
1484,18,97,9,0,68,0,64,60
1485,18,98,0,0,62,1,60,48
1486,18,98,1,1,66,1,60,48
1487,18,98,2,1,54,1,60,48
1488,18,98,3,1,44,1,60,48
1489,18,98,4,0,68,0,60,48
1490,18,98,5,0,73,0,60,48
1491,18,98,6,0,73,0,60,48
1492,18,98,7,0,71,0,60,48
1493,18,98,8,0,71,0,60,48
1494,18,98,9,0,42,0,60,48
1495,18,99,0,0,37,1,40,52
1496,18,99,1,1,53,1,40,52
1497,18,99,2,0,30,1,40,52
1498,18,99,3,0,43,1,40,52
1499,18,99,4,1,53,0,40,52
1500,18,99,5,1,45,0,40,52
1501,18,99,6,1,72,0,40,52
1502,18,99,7,1,63,0,40,52
1503,18,99,8,1,35,0,40,52
1504,18,99,9,1,60,0,40,52
1505,21,0,0,0,31,1,40,20
1506,21,0,1,1,31,1,40,20
1507,21,0,2,0,40,1,40,20
1508,21,0,3,1,8,1,40,20
1509,21,0,4,1,22,0,40,20
1510,21,1,0,0,57,1,60,52
1511,21,1,1,1,40,1,60,52
1512,21,1,2,0,54,1,60,52
1513,21,1,3,0,70,1,60,52
1514,21,1,4,0,53,0,60,52
1515,21,2,0,0,39,1,32,40
1516,21,2,1,1,25,1,32,40
1517,21,2,2,1,28,1,32,40
1518,21,2,3,0,22,1,32,40
1519,21,2,4,1,33,0,32,40
1520,21,2,5,0,28,0,32,40
1521,21,2,6,0,28,0,32,40
1522,21,2,7,0,37,0,32,40
1523,21,2,8,1,51,0,32,40
1524,21,2,9,0,41,0,32,40
1525,21,3,0,1,69,1,60,80
1526,21,3,1,0,52,1,60,80
1527,21,3,2,0,62,1,60,80
1528,21,3,3,0,72,1,60,80
1529,21,3,4,0,71,0,60,80
1530,21,4,0,0,34,1,40,36
1531,21,4,1,0,47,1,40,36
1532,21,4,2,1,38,1,40,36
1533,21,4,3,0,42,1,40,36
1534,21,4,4,1,38,0,40,36
1535,21,5,0,0,71,1,60,40
1536,21,5,1,0,58,1,60,40
1537,21,5,2,1,35,1,60,40
1538,21,5,3,1,35,1,60,40
1539,21,5,4,0,54,0,60,40
1540,21,5,5,1,50,0,60,40
1541,21,5,6,0,58,0,60,40
1542,21,5,7,0,66,0,60,40
1543,21,5,8,1,47,0,60,40
1544,21,5,9,0,57,0,60,40
1545,21,6,0,0,60,1,60,48
1546,21,6,1,0,70,1,60,48
1547,21,6,2,1,43,1,60,48
1548,21,6,3,1,49,1,60,48
1549,21,6,4,0,43,0,60,48
1550,21,6,5,0,69,0,60,48
1551,21,6,6,1,43,0,60,48
1552,21,6,7,0,62,0,60,48
1553,21,6,8,0,67,0,60,48
1554,21,6,9,0,55,0,60,48
1555,21,7,0,0,30,1,40,52
1556,21,7,1,0,45,1,40,52
1557,21,7,2,1,46,1,40,52
1558,21,7,3,1,49,1,40,52
1559,21,7,4,1,66,0,40,52
1560,21,7,5,0,33,0,40,52
1561,21,7,6,1,56,0,40,52
1562,21,7,7,0,31,0,40,52
1563,21,7,8,1,52,0,40,52
1564,21,7,9,1,35,0,40,52
1565,21,8,0,1,76,1,60,72
1566,21,8,1,1,64,1,60,72
1567,21,8,2,0,66,1,60,72
1568,21,8,3,0,53,1,60,72
1569,21,8,4,1,69,0,60,72
1570,21,9,0,1,55,1,40,52
1571,21,9,1,0,44,1,40,52
1572,21,9,2,0,43,1,40,52
1573,21,9,3,1,40,1,40,52
1574,21,9,4,0,39,0,40,52
1575,21,9,5,1,55,0,40,52
1576,21,9,6,0,53,0,40,52
1577,21,9,7,0,53,0,40,52
1578,21,9,8,1,42,0,40,52
1579,21,9,9,0,43,0,40,52
1580,21,10,0,0,35,1,40,36
1581,21,10,1,1,37,1,40,36
1582,21,10,2,1,40,1,40,36
1583,21,10,3,0,33,1,40,36
1584,21,10,4,1,31,0,40,36
1585,21,10,5,0,40,0,40,36
1586,21,10,6,0,34,0,40,36
1587,21,10,7,1,41,0,40,36
1588,21,10,8,0,42,0,40,36
1589,21,10,9,0,50,0,40,36
1590,21,11,0,0,59,1,60,64
1591,21,11,1,1,67,1,60,64
1592,21,11,2,1,79,1,60,64
1593,21,11,3,0,68,1,60,64
1594,21,11,4,1,69,0,60,64
1595,21,11,5,0,51,0,60,64
1596,21,11,6,1,80,0,60,64
1597,21,11,7,0,74,0,60,64
1598,21,11,8,1,61,0,60,64
1599,21,11,9,0,56,0,60,64
1600,21,12,0,0,41,1,40,20
1601,21,12,1,1,14,1,40,20
1602,21,12,2,0,38,1,40,20
1603,21,12,3,1,30,1,40,20
1604,21,12,4,0,36,0,40,20
1605,21,13,0,1,42,1,28,40
1606,21,13,1,0,21,1,28,40
1607,21,13,2,1,47,1,28,40
1608,21,13,3,1,44,1,28,40
1609,21,13,4,1,59,0,28,40
1610,21,13,5,0,31,0,28,40
1611,21,13,6,0,39,0,28,40
1612,21,13,7,1,39,0,28,40
1613,21,13,8,0,39,0,28,40
1614,21,13,9,1,39,0,28,40
1615,21,14,0,0,63,1,60,64
1616,21,14,1,1,65,1,60,64
1617,21,14,2,1,64,1,60,64
1618,21,14,3,1,64,1,60,64
1619,21,14,4,0,54,0,60,64
1620,21,14,5,1,49,0,60,64
1621,21,14,6,0,59,0,60,64
1622,21,14,7,1,75,0,60,64
1623,21,14,8,0,56,0,60,64
1624,21,14,9,1,51,0,60,64
1625,21,15,0,1,51,1,60,40
1626,21,15,1,0,62,1,60,40
1627,21,15,2,1,41,1,60,40
1628,21,15,3,0,74,1,60,40
1629,21,15,4,0,69,0,60,40
1630,21,16,0,0,68,1,72,60
1631,21,16,1,0,63,1,72,60
1632,21,16,2,0,71,1,72,60
1633,21,16,3,1,57,1,72,60
1634,21,16,4,0,66,0,72,60
1635,21,16,5,1,59,0,72,60
1636,21,16,6,0,77,0,72,60
1637,21,16,7,1,49,0,72,60
1638,21,16,8,0,73,0,72,60
1639,21,16,9,0,76,0,72,60
1640,21,17,0,0,97,1,80,60
1641,21,17,1,0,77,1,80,60
1642,21,17,2,1,50,1,80,60
1643,21,17,3,0,86,1,80,60
1644,21,17,4,0,95,0,80,60
1645,21,17,5,0,72,0,80,60
1646,21,17,6,1,52,0,80,60
1647,21,17,7,0,80,0,80,60
1648,21,17,8,0,90,0,80,60
1649,21,17,9,0,71,0,80,60
1650,21,18,0,1,27,1,36,40
1651,21,18,1,1,37,1,36,40
1652,21,18,2,0,45,1,36,40
1653,21,18,3,0,35,1,36,40
1654,21,18,4,0,46,0,36,40
1655,21,19,0,1,52,1,40,44
1656,21,19,1,1,46,1,40,44
1657,21,19,2,0,40,1,40,44
1658,21,19,3,1,41,1,40,44
1659,21,19,4,0,41,0,40,44
1660,21,20,0,0,44,1,44,40
1661,21,20,1,1,42,1,44,40
1662,21,20,2,1,50,1,44,40
1663,21,20,3,0,52,1,44,40
1664,21,20,4,1,41,0,44,40
1665,21,21,0,0,55,1,60,68
1666,21,21,1,1,61,1,60,68
1667,21,21,2,0,59,1,60,68
1668,21,21,3,1,69,1,60,68
1669,21,21,4,1,73,0,60,68
1670,21,22,0,1,69,1,60,72
1671,21,22,1,0,55,1,60,72
1672,21,22,2,1,79,1,60,72
1673,21,22,3,1,68,1,60,72
1674,21,22,4,1,68,0,60,72
1675,21,23,0,0,64,1,60,64
1676,21,23,1,1,78,1,60,64
1677,21,23,2,1,54,1,60,64
1678,21,23,3,1,62,1,60,64
1679,21,23,4,0,64,0,60,64
1680,21,23,5,1,67,0,60,64
1681,21,23,6,0,47,0,60,64
1682,21,23,7,1,63,0,60,64
1683,21,23,8,1,82,0,60,64
1684,21,23,9,1,73,0,60,64
1685,21,24,0,0,64,1,60,80
1686,21,24,1,1,83,1,60,80
1687,21,24,2,1,70,1,60,80
1688,21,24,3,0,52,1,60,80
1689,21,24,4,1,88,0,60,80
1690,21,24,5,0,48,0,60,80
1691,21,24,6,1,69,0,60,80
1692,21,24,7,1,72,0,60,80
1693,21,24,8,0,61,0,60,80
1694,21,24,9,1,85,0,60,80
1695,21,25,0,1,56,1,60,56
1696,21,25,1,1,56,1,60,56
1697,21,25,2,0,54,1,60,56
1698,21,25,3,1,56,1,60,56
1699,21,25,4,0,59,0,60,56
1700,21,26,0,1,51,1,40,44
1701,21,26,1,1,36,1,40,44
1702,21,26,2,0,34,1,40,44
1703,21,26,3,0,50,1,40,44
1704,21,26,4,1,44,0,40,44
1705,21,26,5,0,45,0,40,44
1706,21,26,6,1,44,0,40,44
1707,21,26,7,0,30,0,40,44
1708,21,26,8,1,41,0,40,44
1709,21,26,9,0,40,0,40,44
1710,21,27,0,0,71,1,72,60
1711,21,27,1,0,81,1,72,60
1712,21,27,2,0,63,1,72,60
1713,21,27,3,1,80,1,72,60
1714,21,27,4,0,63,0,72,60
1715,21,27,5,0,73,0,72,60
1716,21,27,6,1,61,0,72,60
1717,21,27,7,0,62,0,72,60
1718,21,27,8,1,57,0,72,60
1719,21,27,9,0,76,0,72,60
1720,21,28,0,0,43,1,40,60
1721,21,28,1,0,57,1,40,60
1722,21,28,2,0,45,1,40,60
1723,21,28,3,1,66,1,40,60
1724,21,28,4,0,34,0,40,60
1725,21,29,0,1,41,1,36,40
1726,21,29,1,1,42,1,36,40
1727,21,29,2,0,51,1,36,40
1728,21,29,3,0,48,1,36,40
1729,21,29,4,0,33,0,36,40
1730,21,30,0,0,37,1,40,52
1731,21,30,1,0,27,1,40,52
1732,21,30,2,1,46,1,40,52
1733,21,30,3,1,38,1,40,52
1734,21,30,4,1,51,0,40,52
1735,21,30,5,1,55,0,40,52
1736,21,30,6,0,58,0,40,52
1737,21,30,7,1,64,0,40,52
1738,21,30,8,1,46,0,40,52
1739,21,30,9,1,63,0,40,52
1740,21,31,0,0,52,1,60,40
1741,21,31,1,0,68,1,60,40
1742,21,31,2,1,53,1,60,40
1743,21,31,3,1,43,1,60,40
1744,21,31,4,0,73,0,60,40
1745,21,31,5,0,63,0,60,40
1746,21,31,6,1,39,0,60,40
1747,21,31,7,0,51,0,60,40
1748,21,31,8,0,60,0,60,40
1749,21,31,9,0,64,0,60,40
1750,21,32,0,0,83,1,72,60
1751,21,32,1,1,73,1,72,60
1752,21,32,2,0,80,1,72,60
1753,21,32,3,0,65,1,72,60
1754,21,32,4,0,67,0,72,60
1755,21,33,0,1,26,1,40,28
1756,21,33,1,0,36,1,40,28
1757,21,33,2,1,30,1,40,28
1758,21,33,3,1,39,1,40,28
1759,21,33,4,0,47,0,40,28
1760,21,34,0,0,34,1,28,40
1761,21,34,1,1,31,1,28,40
1762,21,34,2,0,42,1,28,40
1763,21,34,3,1,31,1,28,40
1764,21,34,4,0,21,0,28,40
1765,21,35,0,0,51,1,60,68
1766,21,35,1,1,74,1,60,68
1767,21,35,2,0,51,1,60,68
1768,21,35,3,1,71,1,60,68
1769,21,35,4,0,70,0,60,68
1770,21,36,0,1,32,1,60,40
1771,21,36,1,0,61,1,60,40
1772,21,36,2,0,66,1,60,40
1773,21,36,3,1,46,1,60,40
1774,21,36,4,0,57,0,60,40
1775,21,37,0,1,46,1,60,52
1776,21,37,1,0,75,1,60,52
1777,21,37,2,1,55,1,60,52
1778,21,37,3,0,64,1,60,52
1779,21,37,4,0,56,0,60,52
1780,21,38,0,1,69,1,48,60
1781,21,38,1,1,56,1,48,60
1782,21,38,2,0,42,1,48,60
1783,21,38,3,0,52,1,48,60
1784,21,38,4,1,73,0,48,60
1785,21,38,5,1,63,0,48,60
1786,21,38,6,0,41,0,48,60
1787,21,38,7,1,62,0,48,60
1788,21,38,8,0,42,0,48,60
1789,21,38,9,1,62,0,48,60
1790,21,39,0,0,18,1,32,40
1791,21,39,1,1,39,1,32,40
1792,21,39,2,1,33,1,32,40
1793,21,39,3,1,52,1,32,40
1794,21,39,4,0,28,0,32,40
1795,21,40,0,1,67,1,40,60
1796,21,40,1,1,59,1,40,60
1797,21,40,2,0,40,1,40,60
1798,21,40,3,1,63,1,40,60
1799,21,40,4,1,54,0,40,60
1800,21,41,0,0,50,1,48,40
1801,21,41,1,1,35,1,48,40
1802,21,41,2,0,38,1,48,40
1803,21,41,3,0,51,1,48,40
1804,21,41,4,0,51,0,48,40
1805,21,42,0,1,41,1,28,40
1806,21,42,1,0,34,1,28,40
1807,21,42,2,1,39,1,28,40
1808,21,42,3,0,18,1,28,40
1809,21,42,4,1,40,0,28,40
1810,21,43,0,0,25,1,28,40
1811,21,43,1,1,29,1,28,40
1812,21,43,2,0,26,1,28,40
1813,21,43,3,1,31,1,28,40
1814,21,43,4,0,24,0,28,40
1815,21,44,0,0,55,1,44,40
1816,21,44,1,1,24,1,44,40
1817,21,44,2,1,41,1,44,40
1818,21,44,3,0,45,1,44,40
1819,21,44,4,0,40,0,44,40
1820,21,45,0,1,49,1,60,56
1821,21,45,1,1,62,1,60,56
1822,21,45,2,0,60,1,60,56
1823,21,45,3,1,52,1,60,56
1824,21,45,4,0,61,0,60,56
1825,21,46,0,0,38,1,40,36
1826,21,46,1,1,50,1,40,36
1827,21,46,2,0,40,1,40,36
1828,21,46,3,0,43,1,40,36
1829,21,46,4,0,38,0,40,36
1830,21,46,5,0,38,0,40,36
1831,21,46,6,1,40,0,40,36
1832,21,46,7,0,40,0,40,36
1833,21,46,8,1,30,0,40,36
1834,21,46,9,0,31,0,40,36
1835,21,47,0,1,45,1,36,40
1836,21,47,1,0,41,1,36,40
1837,21,47,2,1,22,1,36,40
1838,21,47,3,0,34,1,36,40
1839,21,47,4,0,43,0,36,40
1840,21,48,0,0,41,1,40,36
1841,21,48,1,0,26,1,40,36
1842,21,48,2,1,34,1,40,36
1843,21,48,3,0,29,1,40,36
1844,21,48,4,1,49,0,40,36
1845,21,49,0,1,54,1,52,40
1846,21,49,1,0,43,1,52,40
1847,21,49,2,1,51,1,52,40
1848,21,49,3,1,45,1,52,40
1849,21,49,4,0,56,0,52,40
1850,21,49,5,0,65,0,52,40
1851,21,49,6,1,34,0,52,40
1852,21,49,7,0,46,0,52,40
1853,21,49,8,1,33,0,52,40
1854,21,49,9,0,40,0,52,40
1855,21,50,0,1,69,1,40,52
1856,21,50,1,0,54,1,40,52
1857,21,50,2,0,44,1,40,52
1858,21,50,3,1,54,1,40,52
1859,21,50,4,1,59,0,40,52
1860,21,50,5,0,38,0,40,52
1861,21,50,6,1,60,0,40,52
1862,21,50,7,0,33,0,40,52
1863,21,50,8,1,41,0,40,52
1864,21,50,9,1,59,0,40,52
1865,21,51,0,0,51,1,56,60
1866,21,51,1,1,63,1,56,60
1867,21,51,2,1,62,1,56,60
1868,21,51,3,1,59,1,56,60
1869,21,51,4,0,49,0,56,60
1870,21,51,5,1,67,0,56,60
1871,21,51,6,1,56,0,56,60
1872,21,51,7,0,57,0,56,60
1873,21,51,8,1,60,0,56,60
1874,21,51,9,1,54,0,56,60
1875,21,52,0,1,52,1,40,60
1876,21,52,1,1,80,1,40,60
1877,21,52,2,0,45,1,40,60
1878,21,52,3,1,51,1,40,60
1879,21,52,4,0,48,0,40,60
1880,21,53,0,0,46,1,60,80
1881,21,53,1,1,82,1,60,80
1882,21,53,2,1,69,1,60,80
1883,21,53,3,0,59,1,60,80
1884,21,53,4,1,80,0,60,80
1885,21,53,5,1,81,0,60,80
1886,21,53,6,0,66,0,60,80
1887,21,53,7,1,87,0,60,80
1888,21,53,8,1,81,0,60,80
1889,21,53,9,1,83,0,60,80
1890,21,54,0,0,39,1,40,20
1891,21,54,1,0,43,1,40,20
1892,21,54,2,1,23,1,40,20
1893,21,54,3,0,43,1,40,20
1894,21,54,4,1,14,0,40,20
1895,21,54,5,0,40,0,40,20
1896,21,54,6,1,30,0,40,20
1897,21,54,7,0,48,0,40,20
1898,21,54,8,0,34,0,40,20
1899,21,54,9,0,43,0,40,20
1900,21,55,0,1,67,1,48,60
1901,21,55,1,1,40,1,48,60
1902,21,55,2,0,53,1,48,60
1903,21,55,3,0,50,1,48,60
1904,21,55,4,1,58,0,48,60
1905,21,55,5,1,62,0,48,60
1906,21,55,6,0,60,0,48,60
1907,21,55,7,1,69,0,48,60
1908,21,55,8,0,54,0,48,60
1909,21,55,9,1,48,0,48,60
1910,21,56,0,1,73,1,80,60
1911,21,56,1,0,83,1,80,60
1912,21,56,2,0,78,1,80,60
1913,21,56,3,1,44,1,80,60
1914,21,56,4,0,94,0,80,60
1915,21,57,0,1,40,1,60,40
1916,21,57,1,0,63,1,60,40
1917,21,57,2,0,49,1,60,40
1918,21,57,3,1,31,1,60,40
1919,21,57,4,0,62,0,60,40
1920,21,58,0,1,57,1,52,60
1921,21,58,1,1,57,1,52,60
1922,21,58,2,0,55,1,52,60
1923,21,58,3,1,58,1,52,60
1924,21,58,4,1,57,0,52,60
1925,21,58,5,0,59,0,52,60
1926,21,58,6,1,51,0,52,60
1927,21,58,7,0,42,0,52,60
1928,21,58,8,1,63,0,52,60
1929,21,58,9,1,58,0,52,60
1930,21,59,0,1,34,1,40,44
1931,21,59,1,1,28,1,40,44
1932,21,59,2,0,40,1,40,44
1933,21,59,3,0,55,1,40,44
1934,21,59,4,0,48,0,40,44
1935,21,59,5,1,45,0,40,44
1936,21,59,6,0,45,0,40,44
1937,21,59,7,1,37,0,40,44
1938,21,59,8,0,25,0,40,44
1939,21,59,9,1,36,0,40,44
1940,21,60,0,0,44,1,40,44
1941,21,60,1,0,39,1,40,44
1942,21,60,2,0,46,1,40,44
1943,21,60,3,1,48,1,40,44
1944,21,60,4,0,55,0,40,44
1945,21,61,0,0,23,1,40,44
1946,21,61,1,0,36,1,40,44
1947,21,61,2,0,40,1,40,44
1948,21,61,3,1,58,1,40,44
1949,21,61,4,0,32,0,40,44
1950,21,61,5,1,34,0,40,44
1951,21,61,6,0,40,0,40,44
1952,21,61,7,1,36,0,40,44
1953,21,61,8,0,41,0,40,44
1954,21,61,9,1,53,0,40,44
1955,21,62,0,1,64,1,80,60
1956,21,62,1,1,53,1,80,60
1957,21,62,2,0,85,1,80,60
1958,21,62,3,1,61,1,80,60
1959,21,62,4,0,71,0,80,60
1960,21,63,0,0,43,1,40,20
1961,21,63,1,0,35,1,40,20
1962,21,63,2,1,29,1,40,20
1963,21,63,3,0,43,1,40,20
1964,21,63,4,1,1,0,40,20
1965,21,63,5,0,28,0,40,20
1966,21,63,6,1,9,0,40,20
1967,21,63,7,0,48,0,40,20
1968,21,63,8,1,23,0,40,20
1969,21,63,9,0,38,0,40,20
1970,21,64,0,0,32,1,40,36
1971,21,64,1,1,38,1,40,36
1972,21,64,2,1,32,1,40,36
1973,21,64,3,0,57,1,40,36
1974,21,64,4,0,43,0,40,36
1975,21,64,5,1,39,0,40,36
1976,21,64,6,0,44,0,40,36
1977,21,64,7,1,40,0,40,36
1978,21,64,8,0,34,0,40,36
1979,21,64,9,1,34,0,40,36
1980,21,65,0,1,63,1,68,60
1981,21,65,1,0,66,1,68,60
1982,21,65,2,0,71,1,68,60
1983,21,65,3,0,67,1,68,60
1984,21,65,4,1,55,0,68,60
1985,21,65,5,0,59,0,68,60
1986,21,65,6,1,56,0,68,60
1987,21,65,7,0,76,0,68,60
1988,21,65,8,1,61,0,68,60
1989,21,65,9,0,51,0,68,60
1990,21,66,0,1,48,1,52,40
1991,21,66,1,0,42,1,52,40
1992,21,66,2,1,36,1,52,40
1993,21,66,3,1,42,1,52,40
1994,21,66,4,0,57,0,52,40
1995,21,66,5,1,47,0,52,40
1996,21,66,6,0,57,0,52,40
1997,21,66,7,1,54,0,52,40
1998,21,66,8,0,47,0,52,40
1999,21,66,9,1,24,0,52,40
2000,21,67,0,1,32,1,20,40
2001,21,67,1,0,6,1,20,40
2002,21,67,2,1,40,1,20,40
2003,21,67,3,1,37,1,20,40
2004,21,67,4,0,29,0,20,40
2005,21,67,5,1,48,0,20,40
2006,21,67,6,0,18,0,20,40
2007,21,67,7,1,30,0,20,40
2008,21,67,8,0,9,0,20,40
2009,21,67,9,1,48,0,20,40
2010,21,68,0,1,66,1,52,60
2011,21,68,1,1,58,1,52,60
2012,21,68,2,0,46,1,52,60
2013,21,68,3,1,46,1,52,60
2014,21,68,4,0,29,0,52,60
2015,21,68,5,1,46,0,52,60
2016,21,68,6,0,63,0,52,60
2017,21,68,7,1,66,0,52,60
2018,21,68,8,0,43,0,52,60
2019,21,68,9,1,68,0,52,60
2020,21,69,0,1,75,1,60,72
2021,21,69,1,0,54,1,60,72
2022,21,69,2,1,64,1,60,72
2023,21,69,3,1,62,1,60,72
2024,21,69,4,0,68,0,60,72
2025,21,70,0,1,57,1,52,60
2026,21,70,1,0,55,1,52,60
2027,21,70,2,0,50,1,52,60
2028,21,70,3,1,46,1,52,60
2029,21,70,4,0,46,0,52,60
2030,21,70,5,1,66,0,52,60
2031,21,70,6,0,50,0,52,60
2032,21,70,7,1,58,0,52,60
2033,21,70,8,0,53,0,52,60
2034,21,70,9,1,62,0,52,60
2035,21,71,0,1,50,1,60,48
2036,21,71,1,0,58,1,60,48
2037,21,71,2,0,55,1,60,48
2038,21,71,3,0,58,1,60,48
2039,21,71,4,1,60,0,60,48
2040,21,72,0,1,75,1,80,60
2041,21,72,1,0,81,1,80,60
2042,21,72,2,1,68,1,80,60
2043,21,72,3,1,64,1,80,60
2044,21,72,4,0,81,0,80,60
2045,21,72,5,1,65,0,80,60
2046,21,72,6,0,77,0,80,60
2047,21,72,7,1,52,0,80,60
2048,21,72,8,0,81,0,80,60
2049,21,72,9,1,61,0,80,60
2050,21,73,0,1,31,1,20,40
2051,21,73,1,0,30,1,20,40
2052,21,73,2,1,58,1,20,40
2053,21,73,3,1,44,1,20,40
2054,21,73,4,0,7,0,20,40
2055,21,73,5,1,49,0,20,40
2056,21,73,6,0,37,0,20,40
2057,21,73,7,1,37,0,20,40
2058,21,73,8,0,20,0,20,40
2059,21,73,9,1,55,0,20,40
2060,21,74,0,0,48,1,60,48
2061,21,74,1,0,58,1,60,48
2062,21,74,2,1,47,1,60,48
2063,21,74,3,1,49,1,60,48
2064,21,74,4,0,56,0,60,48
2065,21,74,5,1,55,0,60,48
2066,21,74,6,0,56,0,60,48
2067,21,74,7,1,43,0,60,48
2068,21,74,8,0,47,0,60,48
2069,21,74,9,1,45,0,60,48
2070,21,75,0,1,50,1,60,40
2071,21,75,1,0,65,1,60,40
2072,21,75,2,1,37,1,60,40
2073,21,75,3,0,53,1,60,40
2074,21,75,4,1,39,0,60,40
2075,21,76,0,0,47,1,40,60
2076,21,76,1,0,51,1,40,60
2077,21,76,2,0,35,1,40,60
2078,21,76,3,1,64,1,40,60
2079,21,76,4,0,38,0,40,60
2080,21,77,0,1,42,1,28,40
2081,21,77,1,0,23,1,28,40
2082,21,77,2,1,39,1,28,40
2083,21,77,3,1,39,1,28,40
2084,21,77,4,0,25,0,28,40
2085,21,77,5,1,24,0,28,40
2086,21,77,6,0,22,0,28,40
2087,21,77,7,1,38,0,28,40
2088,21,77,8,0,24,0,28,40
2089,21,77,9,1,39,0,28,40
2090,21,78,0,1,65,1,60,68
2091,21,78,1,1,55,1,60,68
2092,21,78,2,0,60,1,60,68
2093,21,78,3,0,70,1,60,68
2094,21,78,4,1,56,0,60,68
2095,21,78,5,0,63,0,60,68
2096,21,78,6,1,70,0,60,68
2097,21,78,7,0,59,0,60,68
2098,21,78,8,1,66,0,60,68
2099,21,78,9,0,61,0,60,68
2100,21,79,0,0,47,1,60,40
2101,21,79,1,1,38,1,60,40
2102,21,79,2,0,70,1,60,40
2103,21,79,3,1,32,1,60,40
2104,21,79,4,0,63,0,60,40
2105,21,79,5,1,39,0,60,40
2106,21,79,6,0,56,0,60,40
2107,21,79,7,1,50,0,60,40
2108,21,79,8,0,42,0,60,40
2109,21,79,9,1,35,0,60,40
2110,21,80,0,1,38,1,60,48
2111,21,80,1,0,53,1,60,48
2112,21,80,2,0,52,1,60,48
2113,21,80,3,0,67,1,60,48
2114,21,80,4,1,50,0,60,48
2115,21,80,5,0,60,0,60,48
2116,21,80,6,1,50,0,60,48
2117,21,80,7,0,71,0,60,48
2118,21,80,8,1,47,0,60,48
2119,21,80,9,0,62,0,60,48
2120,21,81,0,0,31,1,40,48
2121,21,81,1,1,52,1,40,48
2122,21,81,2,1,40,1,40,48
2123,21,81,3,0,54,1,40,48
2124,21,81,4,1,48,0,40,48
2125,21,81,5,0,32,0,40,48
2126,21,81,6,1,46,0,40,48
2127,21,81,7,0,40,0,40,48
2128,21,81,8,1,51,0,40,48
2129,21,81,9,0,42,0,40,48
2130,21,82,0,1,40,1,32,40
2131,21,82,1,0,36,1,32,40
2132,21,82,2,0,31,1,32,40
2133,21,82,3,0,33,1,32,40
2134,21,82,4,1,35,0,32,40
2135,21,82,5,0,38,0,32,40
2136,21,82,6,1,52,0,32,40
2137,21,82,7,0,33,0,32,40
2138,21,82,8,1,52,0,32,40
2139,21,82,9,0,41,0,32,40
2140,21,83,0,1,60,1,60,48
2141,21,83,1,0,62,1,60,48
2142,21,83,2,0,58,1,60,48
2143,21,83,3,0,60,1,60,48
2144,21,83,4,1,44,0,60,48
2145,21,84,0,1,47,1,48,40
2146,21,84,1,0,51,1,48,40
2147,21,84,2,1,37,1,48,40
2148,21,84,3,0,55,1,48,40
2149,21,84,4,1,61,0,48,40
2150,21,85,0,0,29,1,32,40
2151,21,85,1,1,34,1,32,40
2152,21,85,2,1,59,1,32,40
2153,21,85,3,0,33,1,32,40
2154,21,85,4,1,39,0,32,40
2155,21,85,5,0,42,0,32,40
2156,21,85,6,1,38,0,32,40
2157,21,85,7,0,29,0,32,40
2158,21,85,8,1,36,0,32,40
2159,21,85,9,0,24,0,32,40
2160,21,86,0,1,45,1,40,36
2161,21,86,1,0,38,1,40,36
2162,21,86,2,1,26,1,40,36
2163,21,86,3,0,41,1,40,36
2164,21,86,4,1,33,0,40,36
2165,21,86,5,0,22,0,40,36
2166,21,86,6,1,31,0,40,36
2167,21,86,7,0,40,0,40,36
2168,21,86,8,1,32,0,40,36
2169,21,86,9,0,45,0,40,36
2170,21,87,0,0,31,1,40,36
2171,21,87,1,1,44,1,40,36
2172,21,87,2,0,31,1,40,36
2173,21,87,3,0,38,1,40,36
2174,21,87,4,1,31,0,40,36
2175,21,87,5,0,43,0,40,36
2176,21,87,6,1,33,0,40,36
2177,21,87,7,0,43,0,40,36
2178,21,87,8,1,46,0,40,36
2179,21,87,9,0,45,0,40,36
2180,21,88,0,1,29,1,52,40
2181,21,88,1,1,45,1,52,40
2182,21,88,2,0,52,1,52,40
2183,21,88,3,0,47,1,52,40
2184,21,88,4,1,44,0,52,40
2185,21,89,0,0,67,1,60,40
2186,21,89,1,1,46,1,60,40
2187,21,89,2,0,68,1,60,40
2188,21,89,3,1,40,1,60,40
2189,21,89,4,0,46,0,60,40
2190,21,89,5,1,43,0,60,40
2191,21,89,6,0,45,0,60,40
2192,21,89,7,1,50,0,60,40
2193,21,89,8,0,56,0,60,40
2194,21,89,9,1,40,0,60,40
2195,21,90,0,1,35,1,28,40
2196,21,90,1,0,45,1,28,40
2197,21,90,2,1,26,1,28,40
2198,21,90,3,0,28,1,28,40
2199,21,90,4,1,46,0,28,40
2200,21,91,0,1,38,1,60,48
2201,21,91,1,0,72,1,60,48
2202,21,91,2,0,58,1,60,48
2203,21,91,3,0,58,1,60,48
2204,21,91,4,1,43,0,60,48
2205,21,91,5,0,74,0,60,48
2206,21,91,6,1,44,0,60,48
2207,21,91,7,0,54,0,60,48
2208,21,91,8,1,53,0,60,48
2209,21,91,9,0,60,0,60,48
2210,21,92,0,1,64,1,60,52
2211,21,92,1,0,67,1,60,52
2212,21,92,2,1,55,1,60,52
2213,21,92,3,0,65,1,60,52
2214,21,92,4,1,51,0,60,52
2215,21,93,0,1,53,1,32,40
2216,21,93,1,0,34,1,32,40
2217,21,93,2,0,31,1,32,40
2218,21,93,3,0,31,1,32,40
2219,21,93,4,1,37,0,32,40
2220,21,93,5,0,33,0,32,40
2221,21,93,6,1,41,0,32,40
2222,21,93,7,0,27,0,32,40
2223,21,93,8,1,32,0,32,40
2224,21,93,9,0,44,0,32,40
2225,21,94,0,0,36,1,40,44
2226,21,94,1,0,42,1,40,44
2227,21,94,2,0,24,1,40,44
2228,21,94,3,1,41,1,40,44
2229,21,94,4,0,29,0,40,44
2230,21,94,5,1,48,0,40,44
2231,21,94,6,0,40,0,40,44
2232,21,94,7,1,34,0,40,44
2233,21,94,8,0,31,0,40,44
2234,21,94,9,1,40,0,40,44
2235,21,95,0,1,38,1,36,40
2236,21,95,1,0,35,1,36,40
2237,21,95,2,1,41,1,36,40
2238,21,95,3,0,33,1,36,40
2239,21,95,4,1,26,0,36,40
2240,21,96,0,0,83,1,80,60
2241,21,96,1,0,80,1,80,60
2242,21,96,2,1,66,1,80,60
2243,21,96,3,0,87,1,80,60
2244,21,96,4,1,65,0,80,60
2245,21,96,5,0,89,0,80,60
2246,21,96,6,1,68,0,80,60
2247,21,96,7,0,73,0,80,60
2248,21,96,8,1,65,0,80,60
2249,21,96,9,0,75,0,80,60
2250,21,97,0,0,47,1,60,52
2251,21,97,1,1,51,1,60,52
2252,21,97,2,0,58,1,60,52
2253,21,97,3,0,65,1,60,52
2254,21,97,4,1,64,0,60,52
2255,21,98,0,1,58,1,64,60
2256,21,98,1,0,75,1,64,60
2257,21,98,2,0,69,1,64,60
2258,21,98,3,1,63,1,64,60
2259,21,98,4,0,66,0,64,60
2260,21,99,0,0,49,1,60,40
2261,21,99,1,0,45,1,60,40
2262,21,99,2,1,38,1,60,40
2263,21,99,3,1,37,1,60,40
2264,21,99,4,0,61,0,60,40
2265,21,99,5,1,26,0,60,40
2266,21,99,6,0,63,0,60,40
2267,21,99,7,1,40,0,60,40
2268,21,99,8,0,69,0,60,40
2269,21,99,9,1,46,0,60,40
2270,31,0,0,0,57,1,56,60
2271,31,0,1,1,70,1,56,60
2272,31,0,2,1,67,1,56,60
2273,31,0,3,1,65,1,56,60
2274,31,0,4,1,67,0,56,60
2275,31,1,0,0,42,1,36,40
2276,31,1,1,0,40,1,36,40
2277,31,1,2,0,41,1,36,40
2278,31,1,3,1,35,1,36,40
2279,31,1,4,0,48,0,36,40
2280,31,1,5,0,27,0,36,40
2281,31,1,6,1,36,0,36,40
2282,31,1,7,0,32,0,36,40
2283,31,1,8,1,49,0,36,40
2284,31,1,9,0,46,0,36,40
2285,31,2,0,0,53,1,60,52
2286,31,2,1,0,62,1,60,52
2287,31,2,2,1,51,1,60,52
2288,31,2,3,0,64,1,60,52
2289,31,2,4,0,57,0,60,52
2290,31,3,0,0,36,1,40,28
2291,31,3,1,1,36,1,40,28
2292,31,3,2,0,43,1,40,28
2293,31,3,3,1,30,1,40,28
2294,31,3,4,0,22,0,40,28
2295,31,4,0,1,71,1,60,72
2296,31,4,1,1,71,1,60,72
2297,31,4,2,1,83,1,60,72
2298,31,4,3,0,70,1,60,72
2299,31,4,4,1,73,0,60,72
2300,31,4,5,1,57,0,60,72
2301,31,4,6,1,82,0,60,72
2302,31,4,7,1,75,0,60,72
2303,31,4,8,1,75,0,60,72
2304,31,4,9,1,80,0,60,72
2305,31,5,0,0,64,1,60,68
2306,31,5,1,1,76,1,60,68
2307,31,5,2,1,61,1,60,68
2308,31,5,3,0,43,1,60,68
2309,31,5,4,1,69,0,60,68
2310,31,6,0,1,63,1,60,48
2311,31,6,1,0,63,1,60,48
2312,31,6,2,0,70,1,60,48
2313,31,6,3,0,71,1,60,48
2314,31,6,4,1,49,0,60,48
2315,31,6,5,0,58,0,60,48
2316,31,6,6,0,75,0,60,48
2317,31,6,7,0,68,0,60,48
2318,31,6,8,0,56,0,60,48
2319,31,6,9,0,64,0,60,48
2320,31,7,0,0,43,1,40,20
2321,31,7,1,0,43,1,40,20
2322,31,7,2,1,5,1,40,20
2323,31,7,3,1,20,1,40,20
2324,31,7,4,0,32,0,40,20
2325,31,7,5,0,37,0,40,20
2326,31,7,6,0,31,0,40,20
2327,31,7,7,0,44,0,40,20
2328,31,7,8,0,45,0,40,20
2329,31,7,9,0,37,0,40,20
2330,31,8,0,1,12,1,36,40
2331,31,8,1,0,25,1,36,40
2332,31,8,2,1,37,1,36,40
2333,31,8,3,0,33,1,36,40
2334,31,8,4,0,25,0,36,40
2335,31,8,5,1,35,0,36,40
2336,31,8,6,1,39,0,36,40
2337,31,8,7,1,49,0,36,40
2338,31,8,8,1,28,0,36,40
2339,31,8,9,1,40,0,36,40
2340,31,9,0,1,56,1,48,60
2341,31,9,1,1,55,1,48,60
2342,31,9,2,0,44,1,48,60
2343,31,9,3,0,64,1,48,60
2344,31,9,4,1,63,0,48,60
2345,31,9,5,1,66,0,48,60
2346,31,9,6,1,59,0,48,60
2347,31,9,7,1,53,0,48,60
2348,31,9,8,1,65,0,48,60
2349,31,9,9,1,73,0,48,60
2350,31,10,0,1,37,1,48,40
2351,31,10,1,1,48,1,48,40
2352,31,10,2,0,44,1,48,40
2353,31,10,3,0,47,1,48,40
2354,31,10,4,1,46,0,48,40
2355,31,10,5,0,43,0,48,40
2356,31,10,6,1,34,0,48,40
2357,31,10,7,0,47,0,48,40
2358,31,10,8,0,33,0,48,40
2359,31,10,9,0,47,0,48,40
2360,31,11,0,1,28,1,60,40
2361,31,11,1,0,65,1,60,40
2362,31,11,2,1,27,1,60,40
2363,31,11,3,1,51,1,60,40
2364,31,11,4,0,56,0,60,40
2365,31,11,5,0,52,0,60,40
2366,31,11,6,0,50,0,60,40
2367,31,11,7,0,53,0,60,40
2368,31,11,8,0,64,0,60,40
2369,31,11,9,0,64,0,60,40
2370,31,12,0,0,40,1,36,40
2371,31,12,1,0,44,1,36,40
2372,31,12,2,0,31,1,36,40
2373,31,12,3,1,41,1,36,40
2374,31,12,4,1,51,0,36,40
2375,31,12,5,1,37,0,36,40
2376,31,12,6,0,51,0,36,40
2377,31,12,7,0,26,0,36,40
2378,31,12,8,1,42,0,36,40
2379,31,12,9,1,64,0,36,40
2380,31,13,0,0,32,1,40,36
2381,31,13,1,1,28,1,40,36
2382,31,13,2,0,57,1,40,36
2383,31,13,3,1,37,1,40,36
2384,31,13,4,0,40,0,40,36
2385,31,13,5,0,33,0,40,36
2386,31,13,6,0,40,0,40,36
2387,31,13,7,0,46,0,40,36
2388,31,13,8,0,34,0,40,36
2389,31,13,9,0,44,0,40,36
2390,31,14,0,1,43,1,44,40
2391,31,14,1,0,43,1,44,40
2392,31,14,2,0,47,1,44,40
2393,31,14,3,0,39,1,44,40
2394,31,14,4,0,65,0,44,40
2395,31,15,0,0,24,1,36,40
2396,31,15,1,1,42,1,36,40
2397,31,15,2,1,38,1,36,40
2398,31,15,3,1,33,1,36,40
2399,31,15,4,1,37,0,36,40
2400,31,15,5,1,52,0,36,40
2401,31,15,6,1,30,0,36,40
2402,31,15,7,1,42,0,36,40
2403,31,15,8,1,54,0,36,40
2404,31,15,9,1,53,0,36,40
2405,31,16,0,1,43,1,40,48
2406,31,16,1,0,45,1,40,48
2407,31,16,2,1,43,1,40,48
2408,31,16,3,1,39,1,40,48
2409,31,16,4,0,30,0,40,48
2410,31,16,5,1,48,0,40,48
2411,31,16,6,1,59,0,40,48
2412,31,16,7,1,37,0,40,48
2413,31,16,8,1,56,0,40,48
2414,31,16,9,1,49,0,40,48
2415,31,17,0,1,69,1,64,60
2416,31,17,1,1,60,1,64,60
2417,31,17,2,1,58,1,64,60
2418,31,17,3,0,76,1,64,60
2419,31,17,4,0,79,0,64,60
2420,31,17,5,0,54,0,64,60
2421,31,17,6,0,61,0,64,60
2422,31,17,7,0,71,0,64,60
2423,31,17,8,0,54,0,64,60
2424,31,17,9,0,61,0,64,60
2425,31,18,0,1,55,1,80,60
2426,31,18,1,1,69,1,80,60
2427,31,18,2,0,87,1,80,60
2428,31,18,3,0,91,1,80,60
2429,31,18,4,0,82,0,80,60
2430,31,19,0,0,66,1,60,40
2431,31,19,1,0,70,1,60,40
2432,31,19,2,0,55,1,60,40
2433,31,19,3,1,30,1,60,40
2434,31,19,4,0,57,0,60,40
2435,31,20,0,0,55,1,60,52
2436,31,20,1,1,61,1,60,52
2437,31,20,2,0,62,1,60,52
2438,31,20,3,0,65,1,60,52
2439,31,20,4,0,56,0,60,52
2440,31,20,5,1,44,0,60,52
2441,31,20,6,0,57,0,60,52
2442,31,20,7,0,64,0,60,52
2443,31,20,8,0,55,0,60,52
2444,31,20,9,0,60,0,60,52
2445,31,21,0,1,24,1,40,28
2446,31,21,1,1,30,1,40,28
2447,31,21,2,0,42,1,40,28
2448,31,21,3,1,30,1,40,28
2449,31,21,4,0,35,0,40,28
2450,31,22,0,0,58,1,60,80
2451,31,22,1,1,67,1,60,80
2452,31,22,2,1,71,1,60,80
2453,31,22,3,1,78,1,60,80
2454,31,22,4,1,75,0,60,80
2455,31,23,0,0,73,1,72,60
2456,31,23,1,1,63,1,72,60
2457,31,23,2,1,72,1,72,60
2458,31,23,3,0,87,1,72,60
2459,31,23,4,0,76,0,72,60
2460,31,23,5,0,60,0,72,60
2461,31,23,6,0,81,0,72,60
2462,31,23,7,0,81,0,72,60
2463,31,23,8,0,75,0,72,60
2464,31,23,9,0,84,0,72,60
2465,31,24,0,1,41,1,52,40
2466,31,24,1,0,43,1,52,40
2467,31,24,2,0,48,1,52,40
2468,31,24,3,1,35,1,52,40
2469,31,24,4,0,68,0,52,40
2470,31,25,0,1,90,1,60,80
2471,31,25,1,1,77,1,60,80
2472,31,25,2,0,70,1,60,80
2473,31,25,3,0,62,1,60,80
2474,31,25,4,1,79,0,60,80
2475,31,25,5,1,92,0,60,80
2476,31,25,6,1,80,0,60,80
2477,31,25,7,1,84,0,60,80
2478,31,25,8,1,65,0,60,80
2479,31,25,9,1,90,0,60,80
2480,31,26,0,0,46,1,60,64
2481,31,26,1,1,55,1,60,64
2482,31,26,2,1,52,1,60,64
2483,31,26,3,1,62,1,60,64
2484,31,26,4,1,71,0,60,64
2485,31,27,0,1,46,1,60,48
2486,31,27,1,1,51,1,60,48
2487,31,27,2,0,63,1,60,48
2488,31,27,3,1,45,1,60,48
2489,31,27,4,0,59,0,60,48
2490,31,27,5,0,43,0,60,48
2491,31,27,6,0,55,0,60,48
2492,31,27,7,0,49,0,60,48
2493,31,27,8,0,69,0,60,48
2494,31,27,9,0,56,0,60,48
2495,31,28,0,0,67,1,56,60
2496,31,28,1,1,40,1,56,60
2497,31,28,2,1,54,1,56,60
2498,31,28,3,1,47,1,56,60
2499,31,28,4,0,50,0,56,60
2500,31,29,0,0,38,1,36,40
2501,31,29,1,1,42,1,36,40
2502,31,29,2,1,33,1,36,40
2503,31,29,3,1,39,1,36,40
2504,31,29,4,0,34,0,36,40
2505,31,29,5,1,43,0,36,40
2506,31,29,6,1,30,0,36,40
2507,31,29,7,1,40,0,36,40
2508,31,29,8,1,37,0,36,40
2509,31,29,9,1,34,0,36,40
2510,31,30,0,1,42,1,20,40
2511,31,30,1,0,22,1,20,40
2512,31,30,2,1,31,1,20,40
2513,31,30,3,1,44,1,20,40
2514,31,30,4,1,53,0,20,40
2515,31,30,5,1,34,0,20,40
2516,31,30,6,1,34,0,20,40
2517,31,30,7,1,41,0,20,40
2518,31,30,8,1,58,0,20,40
2519,31,30,9,1,31,0,20,40
2520,31,31,0,0,33,1,40,32
2521,31,31,1,1,26,1,40,32
2522,31,31,2,0,40,1,40,32
2523,31,31,3,1,41,1,40,32
2524,31,31,4,0,45,0,40,32
2525,31,31,5,0,44,0,40,32
2526,31,31,6,0,43,0,40,32
2527,31,31,7,0,45,0,40,32
2528,31,31,8,0,31,0,40,32
2529,31,31,9,0,41,0,40,32
2530,31,32,0,1,37,1,60,40
2531,31,32,1,0,54,1,60,40
2532,31,32,2,1,44,1,60,40
2533,31,32,3,1,44,1,60,40
2534,31,32,4,0,64,0,60,40
2535,31,33,0,0,41,1,52,40
2536,31,33,1,0,60,1,52,40
2537,31,33,2,0,45,1,52,40
2538,31,33,3,1,41,1,52,40
2539,31,33,4,0,50,0,52,40
2540,31,33,5,0,52,0,52,40
2541,31,33,6,0,47,0,52,40
2542,31,33,7,0,69,0,52,40
2543,31,33,8,0,30,0,52,40
2544,31,33,9,0,61,0,52,40
2545,31,34,0,1,42,1,60,40
2546,31,34,1,0,67,1,60,40
2547,31,34,2,0,50,1,60,40
2548,31,34,3,0,51,1,60,40
2549,31,34,4,0,45,0,60,40
2550,31,34,5,0,62,0,60,40
2551,31,34,6,0,51,0,60,40
2552,31,34,7,0,68,0,60,40
2553,31,34,8,0,53,0,60,40
2554,31,34,9,0,58,0,60,40
2555,31,35,0,0,31,1,40,44
2556,31,35,1,0,42,1,40,44
2557,31,35,2,1,55,1,40,44
2558,31,35,3,1,56,1,40,44
2559,31,35,4,1,41,0,40,44
2560,31,36,0,0,57,1,60,56
2561,31,36,1,1,43,1,60,56
2562,31,36,2,1,51,1,60,56
2563,31,36,3,0,61,1,60,56
2564,31,36,4,0,53,0,60,56
2565,31,37,0,0,27,1,32,40
2566,31,37,1,1,40,1,32,40
2567,31,37,2,1,39,1,32,40
2568,31,37,3,0,34,1,32,40
2569,31,37,4,1,41,0,32,40
2570,31,38,0,1,68,1,60,72
2571,31,38,1,0,67,1,60,72
2572,31,38,2,0,61,1,60,72
2573,31,38,3,0,63,1,60,72
2574,31,38,4,0,55,0,60,72
2575,31,39,0,1,46,1,20,40
2576,31,39,1,0,12,1,20,40
2577,31,39,2,0,26,1,20,40
2578,31,39,3,0,13,1,20,40
2579,31,39,4,1,49,0,20,40
2580,31,39,5,1,38,0,20,40
2581,31,39,6,1,36,0,20,40
2582,31,39,7,1,35,0,20,40
2583,31,39,8,1,42,0,20,40
2584,31,39,9,1,43,0,20,40
2585,31,40,0,1,60,1,80,60
2586,31,40,1,1,67,1,80,60
2587,31,40,2,0,63,1,80,60
2588,31,40,3,0,83,1,80,60
2589,31,40,4,0,68,0,80,60
2590,31,41,0,1,48,1,48,40
2591,31,41,1,1,39,1,48,40
2592,31,41,2,0,60,1,48,40
2593,31,41,3,0,47,1,48,40
2594,31,41,4,0,52,0,48,40
2595,31,41,5,0,50,0,48,40
2596,31,41,6,0,37,0,48,40
2597,31,41,7,0,53,0,48,40
2598,31,41,8,0,52,0,48,40
2599,31,41,9,0,55,0,48,40
2600,31,42,0,1,63,1,40,52
2601,31,42,1,0,35,1,40,52
2602,31,42,2,1,41,1,40,52
2603,31,42,3,0,31,1,40,52
2604,31,42,4,1,46,0,40,52
2605,31,42,5,1,38,0,40,52
2606,31,42,6,1,61,0,40,52
2607,31,42,7,1,51,0,40,52
2608,31,42,8,1,50,0,40,52
2609,31,42,9,1,57,0,40,52
2610,31,43,0,0,36,1,40,20
2611,31,43,1,0,48,1,40,20
2612,31,43,2,1,18,1,40,20
2613,31,43,3,1,27,1,40,20
2614,31,43,4,0,44,0,40,20
2615,31,43,5,0,28,0,40,20
2616,31,43,6,0,41,0,40,20
2617,31,43,7,0,55,0,40,20
2618,31,43,8,0,30,0,40,20
2619,31,43,9,0,38,0,40,20
2620,31,44,0,1,62,1,40,60
2621,31,44,1,0,41,1,40,60
2622,31,44,2,0,28,1,40,60
2623,31,44,3,0,36,1,40,60
2624,31,44,4,1,57,0,40,60
2625,31,45,0,1,44,1,40,48
2626,31,45,1,1,34,1,40,48
2627,31,45,2,0,41,1,40,48
2628,31,45,3,0,47,1,40,48
2629,31,45,4,0,52,0,40,48
2630,31,45,5,0,42,0,40,48
2631,31,45,6,0,43,0,40,48
2632,31,45,7,0,40,0,40,48
2633,31,45,8,0,36,0,40,48
2634,31,45,9,0,22,0,40,48
2635,31,46,0,0,55,1,48,40
2636,31,46,1,0,47,1,48,40
2637,31,46,2,1,37,1,48,40
2638,31,46,3,0,50,1,48,40
2639,31,46,4,0,37,0,48,40
2640,31,47,0,1,72,1,60,80
2641,31,47,1,0,63,1,60,80
2642,31,47,2,0,53,1,60,80
2643,31,47,3,1,78,1,60,80
2644,31,47,4,1,83,0,60,80
2645,31,47,5,1,71,0,60,80
2646,31,47,6,1,84,0,60,80
2647,31,47,7,1,76,0,60,80
2648,31,47,8,1,83,0,60,80
2649,31,47,9,1,81,0,60,80
2650,31,48,0,0,31,1,32,40
2651,31,48,1,0,30,1,32,40
2652,31,48,2,1,35,1,32,40
2653,31,48,3,1,27,1,32,40
2654,31,48,4,1,39,0,32,40
2655,31,48,5,1,54,0,32,40
2656,31,48,6,1,53,0,32,40
2657,31,48,7,1,40,0,32,40
2658,31,48,8,1,24,0,32,40
2659,31,48,9,1,30,0,32,40
2660,31,49,0,0,77,1,72,60
2661,31,49,1,1,48,1,72,60
2662,31,49,2,1,50,1,72,60
2663,31,49,3,0,87,1,72,60
2664,31,49,4,0,90,0,72,60
2665,31,49,5,0,96,0,72,60
2666,31,49,6,0,55,0,72,60
2667,31,49,7,0,68,0,72,60
2668,31,49,8,0,69,0,72,60
2669,31,49,9,0,83,0,72,60
2670,31,50,0,1,32,1,36,40
2671,31,50,1,0,30,1,36,40
2672,31,50,2,1,41,1,36,40
2673,31,50,3,0,48,1,36,40
2674,31,50,4,0,31,0,36,40
2675,31,51,0,1,28,1,52,40
2676,31,51,1,0,42,1,52,40
2677,31,51,2,0,47,1,52,40
2678,31,51,3,1,49,1,52,40
2679,31,51,4,0,47,0,52,40
2680,31,52,0,1,49,1,60,40
2681,31,52,1,0,64,1,60,40
2682,31,52,2,0,57,1,60,40
2683,31,52,3,1,28,1,60,40
2684,31,52,4,0,62,0,60,40
2685,31,53,0,0,46,1,60,80
2686,31,53,1,1,81,1,60,80
2687,31,53,2,1,78,1,60,80
2688,31,53,3,1,94,1,60,80
2689,31,53,4,1,75,0,60,80
2690,31,54,0,1,69,1,72,60
2691,31,54,1,1,64,1,72,60
2692,31,54,2,0,62,1,72,60
2693,31,54,3,1,52,1,72,60
2694,31,54,4,1,62,0,72,60
2695,31,55,0,0,44,1,52,40
2696,31,55,1,1,37,1,52,40
2697,31,55,2,0,47,1,52,40
2698,31,55,3,1,39,1,52,40
2699,31,55,4,0,49,0,52,40
2700,31,56,0,1,52,1,40,48
2701,31,56,1,1,37,1,40,48
2702,31,56,2,0,35,1,40,48
2703,31,56,3,0,35,1,40,48
2704,31,56,4,1,44,0,40,48
2705,31,56,5,1,43,0,40,48
2706,31,56,6,1,52,0,40,48
2707,31,56,7,1,45,0,40,48
2708,31,56,8,1,58,0,40,48
2709,31,56,9,1,38,0,40,48
2710,31,57,0,0,12,1,20,40
2711,31,57,1,0,29,1,20,40
2712,31,57,2,1,33,1,20,40
2713,31,57,3,1,44,1,20,40
2714,31,57,4,1,38,0,20,40
2715,31,58,0,1,51,1,60,48
2716,31,58,1,1,52,1,60,48
2717,31,58,2,0,57,1,60,48
2718,31,58,3,0,58,1,60,48
2719,31,58,4,0,48,0,60,48
2720,31,58,5,0,55,0,60,48
2721,31,58,6,0,45,0,60,48
2722,31,58,7,0,70,0,60,48
2723,31,58,8,0,56,0,60,48
2724,31,58,9,0,58,0,60,48
2725,31,59,0,0,36,1,48,60
2726,31,59,1,0,48,1,48,60
2727,31,59,2,0,40,1,48,60
2728,31,59,3,1,50,1,48,60
2729,31,59,4,1,46,0,48,60
2730,31,60,0,1,53,1,60,48
2731,31,60,1,0,59,1,60,48
2732,31,60,2,0,48,1,60,48
2733,31,60,3,0,57,1,60,48
2734,31,60,4,0,66,0,60,48
2735,31,60,5,0,68,0,60,48
2736,31,60,6,0,72,0,60,48
2737,31,60,7,0,57,0,60,48
2738,31,60,8,0,58,0,60,48
2739,31,60,9,0,64,0,60,48
2740,31,61,0,1,60,1,64,60
2741,31,61,1,1,75,1,64,60
2742,31,61,2,1,61,1,64,60
2743,31,61,3,0,56,1,64,60
2744,31,61,4,1,65,0,64,60
2745,31,61,5,1,60,0,64,60
2746,31,61,6,1,64,0,64,60
2747,31,61,7,1,54,0,64,60
2748,31,61,8,1,66,0,64,60
2749,31,61,9,1,70,0,64,60
2750,31,62,0,1,65,1,52,60
2751,31,62,1,1,62,1,52,60
2752,31,62,2,0,49,1,52,60
2753,31,62,3,0,63,1,52,60
2754,31,62,4,1,43,0,52,60
2755,31,63,0,0,48,1,52,40
2756,31,63,1,0,57,1,52,40
2757,31,63,2,0,59,1,52,40
2758,31,63,3,1,31,1,52,40
2759,31,63,4,0,46,0,52,40
2760,31,63,5,0,44,0,52,40
2761,31,63,6,0,44,0,52,40
2762,31,63,7,0,50,0,52,40
2763,31,63,8,0,39,0,52,40
2764,31,63,9,0,43,0,52,40
2765,31,64,0,0,64,1,60,40
2766,31,64,1,1,28,1,60,40
2767,31,64,2,1,50,1,60,40
2768,31,64,3,0,54,1,60,40
2769,31,64,4,0,63,0,60,40
2770,31,64,5,0,65,0,60,40
2771,31,64,6,0,48,0,60,40
2772,31,64,7,0,70,0,60,40
2773,31,64,8,0,43,0,60,40
2774,31,64,9,0,81,0,60,40
2775,31,65,0,1,36,1,40,32
2776,31,65,1,1,28,1,40,32
2777,31,65,2,0,50,1,40,32
2778,31,65,3,1,31,1,40,32
2779,31,65,4,0,57,0,40,32
2780,31,65,5,0,37,0,40,32
2781,31,65,6,0,42,0,40,32
2782,31,65,7,0,43,0,40,32
2783,31,65,8,0,36,0,40,32
2784,31,65,9,0,31,0,40,32
2785,31,66,0,0,65,1,52,40
2786,31,66,1,1,36,1,52,40
2787,31,66,2,0,45,1,52,40
2788,31,66,3,1,39,1,52,40
2789,31,66,4,0,56,0,52,40
2790,31,67,0,0,47,1,40,44
2791,31,67,1,0,34,1,40,44
2792,31,67,2,1,32,1,40,44
2793,31,67,3,0,31,1,40,44
2794,31,67,4,0,23,0,40,44
2795,31,67,5,0,40,0,40,44
2796,31,67,6,0,37,0,40,44
2797,31,67,7,0,40,0,40,44
2798,31,67,8,0,38,0,40,44
2799,31,67,9,0,52,0,40,44
2800,31,68,0,1,66,1,60,64
2801,31,68,1,0,76,1,60,64
2802,31,68,2,0,68,1,60,64
2803,31,68,3,1,62,1,60,64
2804,31,68,4,0,51,0,60,64
2805,31,68,5,0,37,0,60,64
2806,31,68,6,0,62,0,60,64
2807,31,68,7,0,54,0,60,64
2808,31,68,8,0,48,0,60,64
2809,31,68,9,0,50,0,60,64
2810,31,69,0,0,36,1,48,40
2811,31,69,1,0,49,1,48,40
2812,31,69,2,1,44,1,48,40
2813,31,69,3,0,37,1,48,40
2814,31,69,4,0,40,0,48,40
2815,31,70,0,0,62,1,60,56
2816,31,70,1,0,58,1,60,56
2817,31,70,2,0,56,1,60,56
2818,31,70,3,1,67,1,60,56
2819,31,70,4,1,55,0,60,56
2820,31,71,0,1,31,1,40,52
2821,31,71,1,0,48,1,40,52
2822,31,71,2,1,57,1,40,52
2823,31,71,3,0,34,1,40,52
2824,31,71,4,1,45,0,40,52
2825,31,71,5,1,53,0,40,52
2826,31,71,6,1,48,0,40,52
2827,31,71,7,1,47,0,40,52
2828,31,71,8,1,57,0,40,52
2829,31,71,9,1,57,0,40,52
2830,31,72,0,1,46,1,44,40
2831,31,72,1,1,43,1,44,40
2832,31,72,2,0,50,1,44,40
2833,31,72,3,0,43,1,44,40
2834,31,72,4,0,41,0,44,40
2835,31,73,0,1,37,1,20,40
2836,31,73,1,0,17,1,20,40
2837,31,73,2,0,14,1,20,40
2838,31,73,3,0,27,1,20,40
2839,31,73,4,1,47,0,20,40
2840,31,73,5,1,47,0,20,40
2841,31,73,6,1,39,0,20,40
2842,31,73,7,1,51,0,20,40
2843,31,73,8,1,43,0,20,40
2844,31,73,9,1,41,0,20,40
2845,31,74,0,0,41,1,40,32
2846,31,74,1,1,38,1,40,32
2847,31,74,2,0,42,1,40,32
2848,31,74,3,1,33,1,40,32
2849,31,74,4,0,32,0,40,32
2850,31,74,5,0,31,0,40,32
2851,31,74,6,0,37,0,40,32
2852,31,74,7,0,40,0,40,32
2853,31,74,8,0,43,0,40,32
2854,31,74,9,0,49,0,40,32
2855,31,75,0,1,64,1,52,60
2856,31,75,1,1,64,1,52,60
2857,31,75,2,1,59,1,52,60
2858,31,75,3,0,36,1,52,60
2859,31,75,4,1,66,0,52,60
2860,31,76,0,1,27,1,60,40
2861,31,76,1,0,69,1,60,40
2862,31,76,2,1,49,1,60,40
2863,31,76,3,1,32,1,60,40
2864,31,76,4,0,60,0,60,40
2865,31,76,5,0,63,0,60,40
2866,31,76,6,0,55,0,60,40
2867,31,76,7,0,58,0,60,40
2868,31,76,8,0,76,0,60,40
2869,31,76,9,0,46,0,60,40
2870,31,77,0,1,30,1,60,40
2871,31,77,1,0,51,1,60,40
2872,31,77,2,0,58,1,60,40
2873,31,77,3,1,39,1,60,40
2874,31,77,4,0,57,0,60,40
2875,31,78,0,0,34,1,40,44
2876,31,78,1,0,32,1,40,44
2877,31,78,2,1,40,1,40,44
2878,31,78,3,0,49,1,40,44
2879,31,78,4,0,33,0,40,44
2880,31,78,5,0,53,0,40,44
2881,31,78,6,0,47,0,40,44
2882,31,78,7,0,41,0,40,44
2883,31,78,8,0,41,0,40,44
2884,31,78,9,0,43,0,40,44
2885,31,79,0,1,67,1,40,60
2886,31,79,1,0,52,1,40,60
2887,31,79,2,0,45,1,40,60
2888,31,79,3,0,41,1,40,60
2889,31,79,4,1,56,0,40,60
2890,31,80,0,1,38,1,44,40
2891,31,80,1,1,42,1,44,40
2892,31,80,2,0,48,1,44,40
2893,31,80,3,0,38,1,44,40
2894,31,80,4,0,49,0,44,40
2895,31,81,0,0,20,1,20,40
2896,31,81,1,0,21,1,20,40
2897,31,81,2,1,48,1,20,40
2898,31,81,3,1,35,1,20,40
2899,31,81,4,1,49,0,20,40
2900,31,82,0,1,46,1,60,48
2901,31,82,1,1,44,1,60,48
2902,31,82,2,0,75,1,60,48
2903,31,82,3,0,56,1,60,48
2904,31,82,4,0,58,0,60,48
2905,31,82,5,0,65,0,60,48
2906,31,82,6,0,67,0,60,48
2907,31,82,7,0,63,0,60,48
2908,31,82,8,0,65,0,60,48
2909,31,82,9,0,58,0,60,48
2910,31,83,0,0,60,1,60,68
2911,31,83,1,1,63,1,60,68
2912,31,83,2,1,58,1,60,68
2913,31,83,3,1,61,1,60,68
2914,31,83,4,1,69,0,60,68
2915,31,84,0,0,46,1,44,40
2916,31,84,1,1,34,1,44,40
2917,31,84,2,1,33,1,44,40
2918,31,84,3,0,61,1,44,40
2919,31,84,4,0,44,0,44,40
2920,31,84,5,0,54,0,44,40
2921,31,84,6,0,31,0,44,40
2922,31,84,7,0,40,0,44,40
2923,31,84,8,0,34,0,44,40
2924,31,84,9,0,52,0,44,40
2925,31,85,0,0,61,1,60,68
2926,31,85,1,1,66,1,60,68
2927,31,85,2,1,61,1,60,68
2928,31,85,3,0,62,1,60,68
2929,31,85,4,1,65,0,60,68
2930,31,86,0,1,43,1,52,60
2931,31,86,1,1,71,1,52,60
2932,31,86,2,0,56,1,52,60
2933,31,86,3,0,51,1,52,60
2934,31,86,4,1,57,0,52,60
2935,31,87,0,1,37,1,36,40
2936,31,87,1,0,18,1,36,40
2937,31,87,2,1,33,1,36,40
2938,31,87,3,0,39,1,36,40
2939,31,87,4,1,32,0,36,40
2940,31,87,5,1,53,0,36,40
2941,31,87,6,1,48,0,36,40
2942,31,87,7,1,41,0,36,40
2943,31,87,8,1,32,0,36,40
2944,31,87,9,1,34,0,36,40
2945,31,88,0,1,63,1,48,60
2946,31,88,1,1,60,1,48,60
2947,31,88,2,0,49,1,48,60
2948,31,88,3,0,43,1,48,60
2949,31,88,4,1,51,0,48,60
2950,31,88,5,1,57,0,48,60
2951,31,88,6,1,55,0,48,60
2952,31,88,7,1,65,0,48,60
2953,31,88,8,1,45,0,48,60
2954,31,88,9,1,65,0,48,60
2955,31,89,0,1,59,1,68,60
2956,31,89,1,0,80,1,68,60
2957,31,89,2,0,65,1,68,60
2958,31,89,3,1,57,1,68,60
2959,31,89,4,0,69,0,68,60
2960,31,90,0,0,42,1,40,44
2961,31,90,1,0,46,1,40,44
2962,31,90,2,1,47,1,40,44
2963,31,90,3,1,48,1,40,44
2964,31,90,4,1,37,0,40,44
2965,31,91,0,1,69,1,60,80
2966,31,91,1,0,72,1,60,80
2967,31,91,2,1,76,1,60,80
2968,31,91,3,0,68,1,60,80
2969,31,91,4,1,63,0,60,80
2970,31,92,0,1,63,1,60,48
2971,31,92,1,1,57,1,60,48
2972,31,92,2,0,58,1,60,48
2973,31,92,3,1,42,1,60,48
2974,31,92,4,1,61,0,60,48
2975,31,92,5,1,51,0,60,48
2976,31,92,6,1,50,0,60,48
2977,31,92,7,1,44,0,60,48
2978,31,92,8,1,44,0,60,48
2979,31,92,9,1,51,0,60,48
2980,31,93,0,1,56,1,48,40
2981,31,93,1,0,42,1,48,40
2982,31,93,2,0,40,1,48,40
2983,31,93,3,0,55,1,48,40
2984,31,93,4,1,36,0,48,40
2985,31,93,5,1,42,0,48,40
2986,31,93,6,1,56,0,48,40
2987,31,93,7,1,38,0,48,40
2988,31,93,8,1,41,0,48,40
2989,31,93,9,1,41,0,48,40
2990,31,94,0,1,91,1,60,80
2991,31,94,1,1,64,1,60,80
2992,31,94,2,0,60,1,60,80
2993,31,94,3,0,57,1,60,80
2994,31,94,4,1,70,0,60,80
2995,31,94,5,1,73,0,60,80
2996,31,94,6,1,71,0,60,80
2997,31,94,7,1,79,0,60,80
2998,31,94,8,1,88,0,60,80
2999,31,94,9,1,65,0,60,80
3000,31,95,0,1,49,1,44,40
3001,31,95,1,0,33,1,44,40
3002,31,95,2,0,47,1,44,40
3003,31,95,3,0,36,1,44,40
3004,31,95,4,1,37,0,44,40
3005,31,96,0,0,51,1,60,48
3006,31,96,1,0,57,1,60,48
3007,31,96,2,1,45,1,60,48
3008,31,96,3,1,45,1,60,48
3009,31,96,4,0,60,0,60,48
3010,31,97,0,0,69,1,60,52
3011,31,97,1,0,70,1,60,52
3012,31,97,2,1,45,1,60,52
3013,31,97,3,0,48,1,60,52
3014,31,97,4,0,58,0,60,52
3015,31,98,0,1,35,1,60,40
3016,31,98,1,0,62,1,60,40
3017,31,98,2,1,50,1,60,40
3018,31,98,3,1,54,1,60,40
3019,31,98,4,0,48,0,60,40
3020,31,99,0,1,33,1,40,32
3021,31,99,1,1,31,1,40,32
3022,31,99,2,0,28,1,40,32
3023,31,99,3,1,38,1,40,32
3024,31,99,4,1,28,0,40,32
3025,31,99,5,1,46,0,40,32
3026,31,99,6,1,38,0,40,32
3027,31,99,7,1,40,0,40,32
3028,31,99,8,1,29,0,40,32
3029,31,99,9,1,33,0,40,32
3030,50,0,0,1,37,1,40,32
3031,50,0,1,0,46,1,40,32
3032,50,0,2,0,40,1,40,32
3033,50,0,3,1,38,1,40,32
3034,50,0,4,0,43,0,40,32
3035,50,0,5,1,22,0,40,32
3036,50,0,6,0,39,0,40,32
3037,50,0,7,1,30,0,40,32
3038,50,0,8,0,48,0,40,32
3039,50,0,9,0,33,0,40,32
3040,50,1,0,1,62,1,60,72
3041,50,1,1,0,56,1,60,72
3042,50,1,2,1,66,1,60,72
3043,50,1,3,1,63,1,60,72
3044,50,1,4,1,72,0,60,72
3045,50,1,5,1,72,0,60,72
3046,50,1,6,1,75,0,60,72
3047,50,1,7,1,80,0,60,72
3048,50,1,8,1,80,0,60,72
3049,50,1,9,1,61,0,60,72
3050,50,2,0,1,47,1,28,40
3051,50,2,1,0,32,1,28,40
3052,50,2,2,1,40,1,28,40
3053,50,2,3,0,39,1,28,40
3054,50,2,4,1,45,0,28,40
3055,50,2,5,1,53,0,28,40
3056,50,2,6,1,37,0,28,40
3057,50,2,7,1,42,0,28,40
3058,50,2,8,1,35,0,28,40
3059,50,2,9,1,31,0,28,40
3060,50,3,0,1,54,1,28,40
3061,50,3,1,1,43,1,28,40
3062,50,3,2,0,32,1,28,40
3063,50,3,3,1,42,1,28,40
3064,50,3,4,1,46,0,28,40
3065,50,3,5,1,47,0,28,40
3066,50,3,6,1,47,0,28,40
3067,50,3,7,1,39,0,28,40
3068,50,3,8,1,27,0,28,40
3069,50,3,9,1,47,0,28,40
3070,50,4,0,1,61,1,60,64
3071,50,4,1,1,56,1,60,64
3072,50,4,2,0,56,1,60,64
3073,50,4,3,0,79,1,60,64
3074,50,4,4,1,75,0,60,64
3075,50,5,0,0,64,1,60,68
3076,50,5,1,0,48,1,60,68
3077,50,5,2,1,62,1,60,68
3078,50,5,3,1,68,1,60,68
3079,50,5,4,1,74,0,60,68
3080,50,6,0,1,58,1,40,60
3081,50,6,1,0,29,1,40,60
3082,50,6,2,0,44,1,40,60
3083,50,6,3,0,30,1,40,60
3084,50,6,4,1,55,0,40,60
3085,50,6,5,1,65,0,40,60
3086,50,6,6,1,61,0,40,60
3087,50,6,7,1,71,0,40,60
3088,50,6,8,1,51,0,40,60
3089,50,6,9,1,59,0,40,60
3090,50,7,0,1,37,1,44,40
3091,50,7,1,1,47,1,44,40
3092,50,7,2,1,20,1,44,40
3093,50,7,3,0,43,1,44,40
3094,50,7,4,0,43,0,44,40
3095,50,7,5,1,44,0,44,40
3096,50,7,6,0,32,0,44,40
3097,50,7,7,1,38,0,44,40
3098,50,7,8,1,28,0,44,40
3099,50,7,9,0,33,0,44,40
3100,50,8,0,0,40,1,40,52
3101,50,8,1,1,50,1,40,52
3102,50,8,2,0,26,1,40,52
3103,50,8,3,1,44,1,40,52
3104,50,8,4,1,54,0,40,52
3105,50,9,0,0,41,1,52,40
3106,50,9,1,1,47,1,52,40
3107,50,9,2,1,55,1,52,40
3108,50,9,3,1,43,1,52,40
3109,50,9,4,1,38,0,52,40
3110,50,10,0,1,35,1,48,40
3111,50,10,1,1,42,1,48,40
3112,50,10,2,0,63,1,48,40
3113,50,10,3,0,39,1,48,40
3114,50,10,4,0,46,0,48,40
3115,50,11,0,0,59,1,60,68
3116,50,11,1,0,68,1,60,68
3117,50,11,2,1,68,1,60,68
3118,50,11,3,1,65,1,60,68
3119,50,11,4,0,48,0,60,68
3120,50,12,0,0,50,1,60,52
3121,50,12,1,0,64,1,60,52
3122,50,12,2,0,62,1,60,52
3123,50,12,3,1,51,1,60,52
3124,50,12,4,0,54,0,60,52
3125,50,12,5,1,39,0,60,52
3126,50,12,6,0,48,0,60,52
3127,50,12,7,1,67,0,60,52
3128,50,12,8,1,56,0,60,52
3129,50,12,9,0,64,0,60,52
3130,50,13,0,1,29,1,40,28
3131,50,13,1,1,26,1,40,28
3132,50,13,2,0,32,1,40,28
3133,50,13,3,0,43,1,40,28
3134,50,13,4,0,47,0,40,28
3135,50,14,0,1,40,1,40,32
3136,50,14,1,1,36,1,40,32
3137,50,14,2,1,27,1,40,32
3138,50,14,3,0,38,1,40,32
3139,50,14,4,0,38,0,40,32
3140,50,15,0,0,54,1,40,32
3141,50,15,1,0,46,1,40,32
3142,50,15,2,1,37,1,40,32
3143,50,15,3,1,30,1,40,32
3144,50,15,4,0,31,0,40,32
3145,50,16,0,1,50,1,28,40
3146,50,16,1,1,39,1,28,40
3147,50,16,2,0,34,1,28,40
3148,50,16,3,1,40,1,28,40
3149,50,16,4,1,41,0,28,40
3150,50,16,5,1,41,0,28,40
3151,50,16,6,1,41,0,28,40
3152,50,16,7,1,54,0,28,40
3153,50,16,8,1,51,0,28,40
3154,50,16,9,1,37,0,28,40
3155,50,17,0,0,34,1,36,40
3156,50,17,1,1,38,1,36,40
3157,50,17,2,0,36,1,36,40
3158,50,17,3,0,47,1,36,40
3159,50,17,4,1,56,0,36,40
3160,50,17,5,1,28,0,36,40
3161,50,17,6,0,33,0,36,40
3162,50,17,7,1,43,0,36,40
3163,50,17,8,1,37,0,36,40
3164,50,17,9,0,27,0,36,40
3165,50,18,0,1,24,1,40,32
3166,50,18,1,0,37,1,40,32
3167,50,18,2,0,42,1,40,32
3168,50,18,3,1,51,1,40,32
3169,50,18,4,0,32,0,40,32
3170,50,18,5,1,31,0,40,32
3171,50,18,6,0,48,0,40,32
3172,50,18,7,1,39,0,40,32
3173,50,18,8,1,34,0,40,32
3174,50,18,9,0,46,0,40,32
3175,50,19,0,0,56,1,64,60
3176,50,19,1,0,72,1,64,60
3177,50,19,2,1,58,1,64,60
3178,50,19,3,0,65,1,64,60
3179,50,19,4,0,57,0,64,60
3180,50,19,5,1,45,0,64,60
3181,50,19,6,0,66,0,64,60
3182,50,19,7,0,66,0,64,60
3183,50,19,8,0,67,0,64,60
3184,50,19,9,0,60,0,64,60
3185,50,20,0,0,49,1,40,52
3186,50,20,1,1,59,1,40,52
3187,50,20,2,0,36,1,40,52
3188,50,20,3,1,55,1,40,52
3189,50,20,4,1,55,0,40,52
3190,50,21,0,1,45,1,60,52
3191,50,21,1,0,60,1,60,52
3192,50,21,2,0,64,1,60,52
3193,50,21,3,1,54,1,60,52
3194,50,21,4,0,63,0,60,52
3195,50,21,5,0,55,0,60,52
3196,50,21,6,0,51,0,60,52
3197,50,21,7,0,58,0,60,52
3198,50,21,8,0,50,0,60,52
3199,50,21,9,0,58,0,60,52
3200,50,22,0,0,63,1,60,40
3201,50,22,1,0,70,1,60,40
3202,50,22,2,1,40,1,60,40
3203,50,22,3,0,57,1,60,40
3204,50,22,4,0,54,0,60,40
3205,50,23,0,0,69,1,60,56
3206,50,23,1,1,49,1,60,56
3207,50,23,2,1,57,1,60,56
3208,50,23,3,0,69,1,60,56
3209,50,23,4,0,59,0,60,56
3210,50,24,0,0,56,1,52,40
3211,50,24,1,0,66,1,52,40
3212,50,24,2,1,41,1,52,40
3213,50,24,3,0,29,1,52,40
3214,50,24,4,0,59,0,52,40
3215,50,24,5,0,61,0,52,40
3216,50,24,6,1,32,0,52,40
3217,50,24,7,0,54,0,52,40
3218,50,24,8,0,48,0,52,40
3219,50,24,9,0,58,0,52,40
3220,50,25,0,1,33,1,20,40
3221,50,25,1,0,19,1,20,40
3222,50,25,2,1,39,1,20,40
3223,50,25,3,1,26,1,20,40
3224,50,25,4,1,38,0,20,40
3225,50,25,5,0,26,0,20,40
3226,50,25,6,1,28,0,20,40
3227,50,25,7,1,46,0,20,40
3228,50,25,8,1,44,0,20,40
3229,50,25,9,1,35,0,20,40
3230,50,26,0,0,68,1,68,60
3231,50,26,1,0,63,1,68,60
3232,50,26,2,0,63,1,68,60
3233,50,26,3,1,59,1,68,60
3234,50,26,4,0,69,0,68,60
3235,50,27,0,1,63,1,40,60
3236,50,27,1,1,58,1,40,60
3237,50,27,2,0,34,1,40,60
3238,50,27,3,1,60,1,40,60
3239,50,27,4,1,49,0,40,60
3240,50,28,0,0,48,1,40,60
3241,50,28,1,0,34,1,40,60
3242,50,28,2,0,39,1,40,60
3243,50,28,3,1,57,1,40,60
3244,50,28,4,1,65,0,40,60
3245,50,29,0,1,45,1,40,52
3246,50,29,1,0,35,1,40,52
3247,50,29,2,1,48,1,40,52
3248,50,29,3,0,50,1,40,52
3249,50,29,4,1,66,0,40,52
3250,50,29,5,1,51,0,40,52
3251,50,29,6,1,58,0,40,52
3252,50,29,7,1,44,0,40,52
3253,50,29,8,1,54,0,40,52
3254,50,29,9,1,55,0,40,52
3255,50,30,0,0,44,1,60,40
3256,50,30,1,0,56,1,60,40
3257,50,30,2,1,55,1,60,40
3258,50,30,3,0,58,1,60,40
3259,50,30,4,0,60,0,60,40
3260,50,31,0,1,44,1,20,40
3261,50,31,1,0,14,1,20,40
3262,50,31,2,1,34,1,20,40
3263,50,31,3,1,39,1,20,40
3264,50,31,4,1,35,0,20,40
3265,50,31,5,1,35,0,20,40
3266,50,31,6,1,36,0,20,40
3267,50,31,7,1,40,0,20,40
3268,50,31,8,1,39,0,20,40
3269,50,31,9,1,45,0,20,40
3270,50,32,0,1,62,1,80,60
3271,50,32,1,1,62,1,80,60
3272,50,32,2,1,60,1,80,60
3273,50,32,3,0,92,1,80,60
3274,50,32,4,0,86,0,80,60
3275,50,32,5,0,90,0,80,60
3276,50,32,6,0,76,0,80,60
3277,50,32,7,0,73,0,80,60
3278,50,32,8,0,80,0,80,60
3279,50,32,9,0,60,0,80,60
3280,50,33,0,0,74,1,72,60
3281,50,33,1,1,58,1,72,60
3282,50,33,2,1,74,1,72,60
3283,50,33,3,0,70,1,72,60
3284,50,33,4,0,68,0,72,60
3285,50,33,5,0,67,0,72,60
3286,50,33,6,0,50,0,72,60
3287,50,33,7,1,83,0,72,60
3288,50,33,8,1,79,0,72,60
3289,50,33,9,1,72,0,72,60
3290,50,34,0,0,46,1,40,32
3291,50,34,1,0,48,1,40,32
3292,50,34,2,1,19,1,40,32
3293,50,34,3,1,24,1,40,32
3294,50,34,4,0,41,0,40,32
3295,50,35,0,0,69,1,60,40
3296,50,35,1,1,50,1,60,40
3297,50,35,2,1,35,1,60,40
3298,50,35,3,0,58,1,60,40
3299,50,35,4,0,51,0,60,40
3300,50,35,5,1,38,0,60,40
3301,50,35,6,0,62,0,60,40
3302,50,35,7,0,64,0,60,40
3303,50,35,8,0,50,0,60,40
3304,50,35,9,0,59,0,60,40
3305,50,36,0,1,77,1,60,64
3306,50,36,1,1,61,1,60,64
3307,50,36,2,0,62,1,60,64
3308,50,36,3,0,62,1,60,64
3309,50,36,4,1,59,0,60,64
3310,50,37,0,1,28,1,48,40
3311,50,37,1,0,47,1,48,40
3312,50,37,2,1,38,1,48,40
3313,50,37,3,1,48,1,48,40
3314,50,37,4,0,62,0,48,40
3315,50,37,5,0,39,0,48,40
3316,50,37,6,0,41,0,48,40
3317,50,37,7,1,37,0,48,40
3318,50,37,8,0,45,0,48,40
3319,50,37,9,0,50,0,48,40
3320,50,38,0,0,44,1,36,40
3321,50,38,1,1,34,1,36,40
3322,50,38,2,0,37,1,36,40
3323,50,38,3,0,29,1,36,40
3324,50,38,4,1,50,0,36,40
3325,50,38,5,1,38,0,36,40
3326,50,38,6,1,36,0,36,40
3327,50,38,7,0,33,0,36,40
3328,50,38,8,1,30,0,36,40
3329,50,38,9,0,27,0,36,40
3330,50,39,0,0,62,1,64,60
3331,50,39,1,0,71,1,64,60
3332,50,39,2,1,56,1,64,60
3333,50,39,3,0,59,1,64,60
3334,50,39,4,0,74,0,64,60
3335,50,39,5,0,64,0,64,60
3336,50,39,6,1,65,0,64,60
3337,50,39,7,1,66,0,64,60
3338,50,39,8,0,67,0,64,60
3339,50,39,9,0,48,0,64,60
3340,50,40,0,1,47,1,40,52
3341,50,40,1,0,47,1,40,52
3342,50,40,2,1,44,1,40,52
3343,50,40,3,0,56,1,40,52
3344,50,40,4,0,40,0,40,52
3345,50,40,5,1,49,0,40,52
3346,50,40,6,0,28,0,40,52
3347,50,40,7,1,63,0,40,52
3348,50,40,8,1,57,0,40,52
3349,50,40,9,1,51,0,40,52
3350,50,41,0,0,48,1,40,60
3351,50,41,1,0,33,1,40,60
3352,50,41,2,1,65,1,40,60
3353,50,41,3,0,42,1,40,60
3354,50,41,4,1,57,0,40,60
3355,50,41,5,1,59,0,40,60
3356,50,41,6,1,49,0,40,60
3357,50,41,7,0,34,0,40,60
3358,50,41,8,1,61,0,40,60
3359,50,41,9,1,66,0,40,60
3360,50,42,0,1,55,1,60,64
3361,50,42,1,0,46,1,60,64
3362,50,42,2,1,67,1,60,64
3363,50,42,3,0,65,1,60,64
3364,50,42,4,1,62,0,60,64
3365,50,42,5,1,69,0,60,64
3366,50,42,6,1,52,0,60,64
3367,50,42,7,0,48,0,60,64
3368,50,42,8,1,55,0,60,64
3369,50,42,9,1,59,0,60,64
3370,50,43,0,0,79,1,72,60
3371,50,43,1,1,67,1,72,60
3372,50,43,2,0,82,1,72,60
3373,50,43,3,1,58,1,72,60
3374,50,43,4,0,56,0,72,60
3375,50,44,0,0,74,1,60,48
3376,50,44,1,1,46,1,60,48
3377,50,44,2,0,62,1,60,48
3378,50,44,3,0,51,1,60,48
3379,50,44,4,0,67,0,60,48
3380,50,45,0,1,46,1,56,60
3381,50,45,1,1,54,1,56,60
3382,50,45,2,0,72,1,56,60
3383,50,45,3,1,57,1,56,60
3384,50,45,4,0,41,0,56,60
3385,50,46,0,1,21,1,40,20
3386,50,46,1,1,15,1,40,20
3387,50,46,2,0,29,1,40,20
3388,50,46,3,1,15,1,40,20
3389,50,46,4,0,45,0,40,20
3390,50,47,0,1,40,1,28,40
3391,50,47,1,0,28,1,28,40
3392,50,47,2,0,9,1,28,40
3393,50,47,3,1,39,1,28,40
3394,50,47,4,1,32,0,28,40
3395,50,48,0,1,59,1,60,72
3396,50,48,1,0,60,1,60,72
3397,50,48,2,1,62,1,60,72
3398,50,48,3,1,67,1,60,72
3399,50,48,4,1,90,0,60,72
3400,50,48,5,1,73,0,60,72
3401,50,48,6,1,63,0,60,72
3402,50,48,7,1,88,0,60,72
3403,50,48,8,1,64,0,60,72
3404,50,48,9,1,62,0,60,72
3405,50,49,0,0,53,1,60,40
3406,50,49,1,1,33,1,60,40
3407,50,49,2,0,55,1,60,40
3408,50,49,3,1,33,1,60,40
3409,50,49,4,0,69,0,60,40
3410,50,49,5,0,59,0,60,40
3411,50,49,6,0,63,0,60,40
3412,50,49,7,0,58,0,60,40
3413,50,49,8,0,62,0,60,40
3414,50,49,9,0,60,0,60,40
3415,50,50,0,1,69,1,64,60
3416,50,50,1,0,63,1,64,60
3417,50,50,2,0,58,1,64,60
3418,50,50,3,1,54,1,64,60
3419,50,50,4,1,71,0,64,60
3420,50,51,0,1,24,1,44,40
3421,50,51,1,0,42,1,44,40
3422,50,51,2,0,45,1,44,40
3423,50,51,3,0,39,1,44,40
3424,50,51,4,0,50,0,44,40
3425,50,52,0,1,28,1,40,32
3426,50,52,1,1,30,1,40,32
3427,50,52,2,1,29,1,40,32
3428,50,52,3,0,40,1,40,32
3429,50,52,4,0,42,0,40,32
3430,50,53,0,0,50,1,52,40
3431,50,53,1,0,52,1,52,40
3432,50,53,2,1,40,1,52,40
3433,50,53,3,0,49,1,52,40
3434,50,53,4,0,63,0,52,40
3435,50,53,5,0,50,0,52,40
3436,50,53,6,0,44,0,52,40
3437,50,53,7,1,61,0,52,40
3438,50,53,8,1,39,0,52,40
3439,50,53,9,0,45,0,52,40
3440,50,54,0,0,88,1,72,60
3441,50,54,1,1,47,1,72,60
3442,50,54,2,1,45,1,72,60
3443,50,54,3,0,72,1,72,60
3444,50,54,4,0,75,0,72,60
3445,50,54,5,0,73,0,72,60
3446,50,54,6,0,63,0,72,60
3447,50,54,7,0,77,0,72,60
3448,50,54,8,0,63,0,72,60
3449,50,54,9,0,69,0,72,60
3450,50,55,0,1,16,1,40,20
3451,50,55,1,1,33,1,40,20
3452,50,55,2,0,38,1,40,20
3453,50,55,3,1,13,1,40,20
3454,50,55,4,0,26,0,40,20
3455,50,56,0,0,57,1,52,40
3456,50,56,1,1,43,1,52,40
3457,50,56,2,1,34,1,52,40
3458,50,56,3,1,50,1,52,40
3459,50,56,4,1,37,0,52,40
3460,50,57,0,1,75,1,60,72
3461,50,57,1,0,57,1,60,72
3462,50,57,2,0,58,1,60,72
3463,50,57,3,0,63,1,60,72
3464,50,57,4,1,80,0,60,72
3465,50,58,0,1,50,1,60,64
3466,50,58,1,0,63,1,60,64
3467,50,58,2,1,52,1,60,64
3468,50,58,3,0,65,1,60,64
3469,50,58,4,0,62,0,60,64
3470,50,58,5,1,67,0,60,64
3471,50,58,6,0,68,0,60,64
3472,50,58,7,0,66,0,60,64
3473,50,58,8,0,66,0,60,64
3474,50,58,9,0,54,0,60,64
3475,50,59,0,1,49,1,68,60
3476,50,59,1,0,77,1,68,60
3477,50,59,2,1,53,1,68,60
3478,50,59,3,0,71,1,68,60
3479,50,59,4,0,65,0,68,60
3480,50,59,5,0,67,0,68,60
3481,50,59,6,0,72,0,68,60
3482,50,59,7,0,71,0,68,60
3483,50,59,8,0,76,0,68,60
3484,50,59,9,0,71,0,68,60
3485,50,60,0,1,60,1,56,60
3486,50,60,1,0,51,1,56,60
3487,50,60,2,0,61,1,56,60
3488,50,60,3,1,56,1,56,60
3489,50,60,4,1,74,0,56,60
3490,50,60,5,1,68,0,56,60
3491,50,60,6,1,61,0,56,60
3492,50,60,7,1,69,0,56,60
3493,50,60,8,1,49,0,56,60
3494,50,60,9,1,60,0,56,60
3495,50,61,0,1,45,1,44,40
3496,50,61,1,0,39,1,44,40
3497,50,61,2,0,42,1,44,40
3498,50,61,3,0,50,1,44,40
3499,50,61,4,0,34,0,44,40
3500,50,62,0,0,27,1,40,36
3501,50,62,1,1,22,1,40,36
3502,50,62,2,1,21,1,40,36
3503,50,62,3,1,47,1,40,36
3504,50,62,4,0,43,0,40,36
3505,50,62,5,0,41,0,40,36
3506,50,62,6,0,33,0,40,36
3507,50,62,7,1,29,0,40,36
3508,50,62,8,0,45,0,40,36
3509,50,62,9,0,34,0,40,36
3510,50,63,0,0,60,1,60,52
3511,50,63,1,0,64,1,60,52
3512,50,63,2,0,63,1,60,52
3513,50,63,3,1,41,1,60,52
3514,50,63,4,0,60,0,60,52
3515,50,63,5,0,56,0,60,52
3516,50,63,6,0,64,0,60,52
3517,50,63,7,0,50,0,60,52
3518,50,63,8,0,67,0,60,52
3519,50,63,9,0,56,0,60,52
3520,50,64,0,1,27,1,60,40
3521,50,64,1,0,52,1,60,40
3522,50,64,2,0,55,1,60,40
3523,50,64,3,1,40,1,60,40
3524,50,64,4,0,54,0,60,40
3525,50,65,0,0,29,1,40,48
3526,50,65,1,0,41,1,40,48
3527,50,65,2,1,58,1,40,48
3528,50,65,3,1,48,1,40,48
3529,50,65,4,1,44,0,40,48
3530,50,65,5,1,41,0,40,48
3531,50,65,6,1,53,0,40,48
3532,50,65,7,1,45,0,40,48
3533,50,65,8,1,53,0,40,48
3534,50,65,9,1,43,0,40,48
3535,50,66,0,1,41,1,60,40
3536,50,66,1,1,46,1,60,40
3537,50,66,2,0,52,1,60,40
3538,50,66,3,0,67,1,60,40
3539,50,66,4,0,70,0,60,40
3540,50,66,5,0,74,0,60,40
3541,50,66,6,0,77,0,60,40
3542,50,66,7,0,67,0,60,40
3543,50,66,8,0,54,0,60,40
3544,50,66,9,0,77,0,60,40
3545,50,67,0,0,52,1,60,56
3546,50,67,1,1,52,1,60,56
3547,50,67,2,1,51,1,60,56
3548,50,67,3,0,73,1,60,56
3549,50,67,4,0,58,0,60,56
3550,50,68,0,1,62,1,60,72
3551,50,68,1,0,69,1,60,72
3552,50,68,2,0,71,1,60,72
3553,50,68,3,0,58,1,60,72
3554,50,68,4,0,78,0,60,72
3555,50,69,0,0,53,1,40,36
3556,50,69,1,1,37,1,40,36
3557,50,69,2,1,30,1,40,36
3558,50,69,3,1,34,1,40,36
3559,50,69,4,0,33,0,40,36
3560,50,69,5,1,34,0,40,36
3561,50,69,6,0,51,0,40,36
3562,50,69,7,0,34,0,40,36
3563,50,69,8,0,51,0,40,36
3564,50,69,9,0,50,0,40,36
3565,50,70,0,1,59,1,40,60
3566,50,70,1,0,36,1,40,60
3567,50,70,2,0,50,1,40,60
3568,50,70,3,1,56,1,40,60
3569,50,70,4,1,75,0,40,60
3570,50,71,0,0,54,1,48,60
3571,50,71,1,1,58,1,48,60
3572,50,71,2,0,51,1,48,60
3573,50,71,3,0,47,1,48,60
3574,50,71,4,1,61,0,48,60
3575,50,71,5,1,60,0,48,60
3576,50,71,6,1,50,0,48,60
3577,50,71,7,1,52,0,48,60
3578,50,71,8,1,66,0,48,60
3579,50,71,9,1,52,0,48,60
3580,50,72,0,1,55,1,60,64
3581,50,72,1,0,62,1,60,64
3582,50,72,2,1,69,1,60,64
3583,50,72,3,0,68,1,60,64
3584,50,72,4,1,67,0,60,64
3585,50,72,5,1,58,0,60,64
3586,50,72,6,1,62,0,60,64
3587,50,72,7,1,68,0,60,64
3588,50,72,8,1,78,0,60,64
3589,50,72,9,1,56,0,60,64
3590,50,73,0,0,47,1,40,60
3591,50,73,1,1,85,1,40,60
3592,50,73,2,1,57,1,40,60
3593,50,73,3,0,37,1,40,60
3594,50,73,4,1,54,0,40,60
3595,50,74,0,0,49,1,40,60
3596,50,74,1,0,56,1,40,60
3597,50,74,2,0,52,1,40,60
3598,50,74,3,1,70,1,40,60
3599,50,74,4,1,68,0,40,60
3600,50,75,0,0,67,1,60,48
3601,50,75,1,1,49,1,60,48
3602,50,75,2,0,62,1,60,48
3603,50,75,3,1,52,1,60,48
3604,50,75,4,0,66,0,60,48
3605,50,75,5,0,56,0,60,48
3606,50,75,6,0,50,0,60,48
3607,50,75,7,1,53,0,60,48
3608,50,75,8,0,79,0,60,48
3609,50,75,9,0,44,0,60,48
3610,50,76,0,0,37,1,48,40
3611,50,76,1,1,37,1,48,40
3612,50,76,2,1,34,1,48,40
3613,50,76,3,1,38,1,48,40
3614,50,76,4,0,49,0,48,40
3615,50,77,0,0,39,1,40,60
3616,50,77,1,1,60,1,40,60
3617,50,77,2,1,62,1,40,60
3618,50,77,3,0,33,1,40,60
3619,50,77,4,1,75,0,40,60
3620,50,77,5,1,61,0,40,60
3621,50,77,6,1,61,0,40,60
3622,50,77,7,1,41,0,40,60
3623,50,77,8,1,63,0,40,60
3624,50,77,9,1,49,0,40,60
3625,50,78,0,0,54,1,60,52
3626,50,78,1,1,51,1,60,52
3627,50,78,2,1,54,1,60,52
3628,50,78,3,0,58,1,60,52
3629,50,78,4,0,75,0,60,52
3630,50,79,0,1,58,1,60,64
3631,50,79,1,0,57,1,60,64
3632,50,79,2,1,75,1,60,64
3633,50,79,3,0,64,1,60,64
3634,50,79,4,1,68,0,60,64
3635,50,79,5,1,72,0,60,64
3636,50,79,6,1,66,0,60,64
3637,50,79,7,1,64,0,60,64
3638,50,79,8,1,57,0,60,64
3639,50,79,9,1,67,0,60,64
3640,50,80,0,0,77,1,60,48
3641,50,80,1,1,46,1,60,48
3642,50,80,2,1,55,1,60,48
3643,50,80,3,1,49,1,60,48
3644,50,80,4,0,63,0,60,48
3645,50,81,0,0,44,1,36,40
3646,50,81,1,0,36,1,36,40
3647,50,81,2,0,42,1,36,40
3648,50,81,3,1,42,1,36,40
3649,50,81,4,1,59,0,36,40
3650,50,82,0,0,55,1,60,48
3651,50,82,1,1,37,1,60,48
3652,50,82,2,0,53,1,60,48
3653,50,82,3,1,59,1,60,48
3654,50,82,4,0,69,0,60,48
3655,50,82,5,1,59,0,60,48
3656,50,82,6,0,60,0,60,48
3657,50,82,7,0,65,0,60,48
3658,50,82,8,0,62,0,60,48
3659,50,82,9,0,58,0,60,48
3660,50,83,0,0,66,1,60,64
3661,50,83,1,1,71,1,60,64
3662,50,83,2,1,65,1,60,64
3663,50,83,3,1,63,1,60,64
3664,50,83,4,1,64,0,60,64
3665,50,84,0,0,73,1,68,60
3666,50,84,1,1,53,1,68,60
3667,50,84,2,0,60,1,68,60
3668,50,84,3,0,69,1,68,60
3669,50,84,4,0,75,0,68,60
3670,50,84,5,0,66,0,68,60
3671,50,84,6,0,50,0,68,60
3672,50,84,7,0,78,0,68,60
3673,50,84,8,0,62,0,68,60
3674,50,84,9,0,73,0,68,60
3675,50,85,0,1,37,1,48,40
3676,50,85,1,1,30,1,48,40
3677,50,85,2,0,61,1,48,40
3678,50,85,3,0,43,1,48,40
3679,50,85,4,0,50,0,48,40
3680,50,86,0,1,51,1,40,60
3681,50,86,1,0,51,1,40,60
3682,50,86,2,0,57,1,40,60
3683,50,86,3,0,45,1,40,60
3684,50,86,4,1,66,0,40,60
3685,50,86,5,1,69,0,40,60
3686,50,86,6,1,58,0,40,60
3687,50,86,7,1,62,0,40,60
3688,50,86,8,1,66,0,40,60
3689,50,86,9,1,67,0,40,60
3690,50,87,0,0,42,1,48,40
3691,50,87,1,1,44,1,48,40
3692,50,87,2,1,42,1,48,40
3693,50,87,3,1,40,1,48,40
3694,50,87,4,0,59,0,48,40
3695,50,88,0,1,48,1,60,40
3696,50,88,1,1,29,1,60,40
3697,50,88,2,0,60,1,60,40
3698,50,88,3,0,47,1,60,40
3699,50,88,4,0,65,0,60,40
3700,50,88,5,0,70,0,60,40
3701,50,88,6,0,47,0,60,40
3702,50,88,7,0,68,0,60,40
3703,50,88,8,0,64,0,60,40
3704,50,88,9,0,64,0,60,40
3705,50,89,0,1,34,1,40,36
3706,50,89,1,1,33,1,40,36
3707,50,89,2,0,37,1,40,36
3708,50,89,3,0,45,1,40,36
3709,50,89,4,0,47,0,40,36
3710,50,89,5,1,45,0,40,36
3711,50,89,6,0,41,0,40,36
3712,50,89,7,1,55,0,40,36
3713,50,89,8,1,25,0,40,36
3714,50,89,9,0,43,0,40,36
3715,52,0,0,0,64,1,60,72
3716,52,0,1,0,58,1,60,72
3717,52,0,2,0,52,1,60,72
3718,52,0,3,1,67,1,60,72
3719,52,0,4,1,76,0,60,72
3720,52,0,5,0,44,0,60,72
3721,52,0,6,1,71,0,60,72
3722,52,0,7,1,65,0,60,72
3723,52,0,8,0,55,0,60,72
3724,52,0,9,1,78,0,60,72
3725,52,1,0,1,47,1,32,40
3726,52,1,1,1,34,1,32,40
3727,52,1,2,1,51,1,32,40
3728,52,1,3,0,28,1,32,40
3729,52,1,4,0,29,0,32,40
3730,52,1,5,1,30,0,32,40
3731,52,1,6,0,31,0,32,40
3732,52,1,7,1,39,0,32,40
3733,52,1,8,0,24,0,32,40
3734,52,1,9,1,50,0,32,40
3735,52,2,0,0,40,1,40,20
3736,52,2,1,1,20,1,40,20
3737,52,2,2,0,33,1,40,20
3738,52,2,3,1,16,1,40,20
3739,52,2,4,0,45,0,40,20
3740,52,3,0,1,71,1,60,64
3741,52,3,1,0,73,1,60,64
3742,52,3,2,1,59,1,60,64
3743,52,3,3,1,63,1,60,64
3744,52,3,4,0,56,0,60,64
3745,52,3,5,1,71,0,60,64
3746,52,3,6,0,68,0,60,64
3747,52,3,7,1,67,0,60,64
3748,52,3,8,0,53,0,60,64
3749,52,3,9,1,58,0,60,64
3750,52,4,0,0,47,1,60,40
3751,52,4,1,1,35,1,60,40
3752,52,4,2,1,30,1,60,40
3753,52,4,3,1,43,1,60,40
3754,52,4,4,0,58,0,60,40
3755,52,5,0,0,35,1,28,40
3756,52,5,1,0,33,1,28,40
3757,52,5,2,1,35,1,28,40
3758,52,5,3,1,27,1,28,40
3759,52,5,4,0,44,0,28,40
3760,52,6,0,0,40,1,40,20
3761,52,6,1,1,26,1,40,20
3762,52,6,2,1,23,1,40,20
3763,52,6,3,1,15,1,40,20
3764,52,6,4,0,55,0,40,20
3765,52,7,0,0,46,1,40,60
3766,52,7,1,1,61,1,40,60
3767,52,7,2,0,28,1,40,60
3768,52,7,3,1,75,1,40,60
3769,52,7,4,1,64,0,40,60
3770,52,8,0,0,68,1,60,52
3771,52,8,1,0,65,1,60,52
3772,52,8,2,0,49,1,60,52
3773,52,8,3,1,60,1,60,52
3774,52,8,4,0,53,0,60,52
3775,52,9,0,0,45,1,52,60
3776,52,9,1,1,64,1,52,60
3777,52,9,2,1,56,1,52,60
3778,52,9,3,0,56,1,52,60
3779,52,9,4,1,67,0,52,60
3780,52,9,5,1,52,0,52,60
3781,52,9,6,1,58,0,52,60
3782,52,9,7,1,60,0,52,60
3783,52,9,8,1,53,0,52,60
3784,52,9,9,1,54,0,52,60
3785,52,10,0,1,30,1,40,28
3786,52,10,1,0,28,1,40,28
3787,52,10,2,0,50,1,40,28
3788,52,10,3,1,47,1,40,28
3789,52,10,4,0,34,0,40,28
3790,52,11,0,0,56,1,48,40
3791,52,11,1,1,48,1,48,40
3792,52,11,2,1,43,1,48,40
3793,52,11,3,1,52,1,48,40
3794,52,11,4,0,40,0,48,40
3795,52,11,5,1,44,0,48,40
3796,52,11,6,0,38,0,48,40
3797,52,11,7,1,45,0,48,40
3798,52,11,8,1,28,0,48,40
3799,52,11,9,0,44,0,48,40
3800,52,12,0,1,52,1,60,52
3801,52,12,1,0,53,1,60,52
3802,52,12,2,1,46,1,60,52
3803,52,12,3,0,61,1,60,52
3804,52,12,4,0,50,0,60,52
3805,52,13,0,1,51,1,56,60
3806,52,13,1,1,47,1,56,60
3807,52,13,2,0,48,1,56,60
3808,52,13,3,1,61,1,56,60
3809,52,13,4,1,57,0,56,60
3810,52,13,5,0,57,0,56,60
3811,52,13,6,0,60,0,56,60
3812,52,13,7,0,69,0,56,60
3813,52,13,8,1,63,0,56,60
3814,52,13,9,0,77,0,56,60
3815,52,14,0,1,51,1,40,52
3816,52,14,1,0,40,1,40,52
3817,52,14,2,1,43,1,40,52
3818,52,14,3,1,48,1,40,52
3819,52,14,4,0,38,0,40,52
3820,52,14,5,1,32,0,40,52
3821,52,14,6,1,38,0,40,52
3822,52,14,7,0,35,0,40,52
3823,52,14,8,1,64,0,40,52
3824,52,14,9,1,44,0,40,52
3825,52,15,0,1,75,1,60,64
3826,52,15,1,0,60,1,60,64
3827,52,15,2,1,60,1,60,64
3828,52,15,3,1,60,1,60,64
3829,52,15,4,0,59,0,60,64
3830,52,15,5,1,54,0,60,64
3831,52,15,6,1,65,0,60,64
3832,52,15,7,1,59,0,60,64
3833,52,15,8,1,62,0,60,64
3834,52,15,9,1,52,0,60,64
3835,52,16,0,0,24,1,20,40
3836,52,16,1,1,39,1,20,40
3837,52,16,2,1,37,1,20,40
3838,52,16,3,0,15,1,20,40
3839,52,16,4,1,44,0,20,40
3840,52,16,5,1,31,0,20,40
3841,52,16,6,1,30,0,20,40
3842,52,16,7,0,22,0,20,40
3843,52,16,8,1,44,0,20,40
3844,52,16,9,1,47,0,20,40
3845,52,17,0,0,61,1,60,56
3846,52,17,1,1,49,1,60,56
3847,52,17,2,1,56,1,60,56
3848,52,17,3,0,69,1,60,56
3849,52,17,4,0,64,0,60,56
3850,52,17,5,0,44,0,60,56
3851,52,17,6,0,64,0,60,56
3852,52,17,7,0,71,0,60,56
3853,52,17,8,0,57,0,60,56
3854,52,17,9,0,57,0,60,56
3855,52,18,0,0,43,1,40,20
3856,52,18,1,1,17,1,40,20
3857,52,18,2,0,46,1,40,20
3858,52,18,3,1,12,1,40,20
3859,52,18,4,0,37,0,40,20
3860,52,18,5,0,38,0,40,20
3861,52,18,6,0,51,0,40,20
3862,52,18,7,0,51,0,40,20
3863,52,18,8,0,41,0,40,20
3864,52,18,9,0,40,0,40,20
3865,52,19,0,1,51,1,80,60
3866,52,19,1,1,73,1,80,60
3867,52,19,2,0,84,1,80,60
3868,52,19,3,0,84,1,80,60
3869,52,19,4,0,79,0,80,60
3870,52,19,5,0,73,0,80,60
3871,52,19,6,0,89,0,80,60
3872,52,19,7,0,83,0,80,60
3873,52,19,8,0,82,0,80,60
3874,52,19,9,0,78,0,80,60
3875,52,20,0,1,71,1,40,60
3876,52,20,1,1,48,1,40,60
3877,52,20,2,1,66,1,40,60
3878,52,20,3,0,36,1,40,60
3879,52,20,4,1,58,0,40,60
3880,52,20,5,1,64,0,40,60
3881,52,20,6,1,58,0,40,60
3882,52,20,7,1,61,0,40,60
3883,52,20,8,1,52,0,40,60
3884,52,20,9,1,73,0,40,60
3885,52,21,0,1,34,1,32,40
3886,52,21,1,1,34,1,32,40
3887,52,21,2,1,44,1,32,40
3888,52,21,3,0,45,1,32,40
3889,52,21,4,0,28,0,32,40
3890,52,21,5,0,16,0,32,40
3891,52,21,6,1,36,0,32,40
3892,52,21,7,1,40,0,32,40
3893,52,21,8,1,40,0,32,40
3894,52,21,9,1,44,0,32,40
3895,52,22,0,0,42,1,40,32
3896,52,22,1,0,30,1,40,32
3897,52,22,2,1,46,1,40,32
3898,52,22,3,0,35,1,40,32
3899,52,22,4,1,42,0,40,32
3900,52,22,5,1,40,0,40,32
3901,52,22,6,1,37,0,40,32
3902,52,22,7,1,47,0,40,32
3903,52,22,8,1,21,0,40,32
3904,52,22,9,1,35,0,40,32
3905,52,23,0,0,79,1,64,60
3906,52,23,1,0,73,1,64,60
3907,52,23,2,0,76,1,64,60
3908,52,23,3,1,56,1,64,60
3909,52,23,4,0,66,0,64,60
3910,52,24,0,1,63,1,40,60
3911,52,24,1,0,49,1,40,60
3912,52,24,2,0,41,1,40,60
3913,52,24,3,0,38,1,40,60
3914,52,24,4,1,45,0,40,60
3915,52,24,5,1,49,0,40,60
3916,52,24,6,1,75,0,40,60
3917,52,24,7,1,59,0,40,60
3918,52,24,8,1,60,0,40,60
3919,52,24,9,1,46,0,40,60
3920,52,25,0,0,39,1,40,60
3921,52,25,1,0,39,1,40,60
3922,52,25,2,1,59,1,40,60
3923,52,25,3,0,55,1,40,60
3924,52,25,4,1,62,0,40,60
3925,52,26,0,1,57,1,56,60
3926,52,26,1,1,47,1,56,60
3927,52,26,2,0,65,1,56,60
3928,52,26,3,1,65,1,56,60
3929,52,26,4,0,57,0,56,60
3930,52,26,5,0,51,0,56,60
3931,52,26,6,0,66,0,56,60
3932,52,26,7,0,51,0,56,60
3933,52,26,8,0,66,0,56,60
3934,52,26,9,0,55,0,56,60
3935,52,27,0,0,53,1,56,60
3936,52,27,1,1,70,1,56,60
3937,52,27,2,0,66,1,56,60
3938,52,27,3,1,52,1,56,60
3939,52,27,4,0,53,0,56,60
3940,52,28,0,1,55,1,60,52
3941,52,28,1,0,51,1,60,52
3942,52,28,2,1,43,1,60,52
3943,52,28,3,0,56,1,60,52
3944,52,28,4,1,61,0,60,52
3945,52,29,0,0,39,1,28,40
3946,52,29,1,0,34,1,28,40
3947,52,29,2,1,27,1,28,40
3948,52,29,3,0,19,1,28,40
3949,52,29,4,1,41,0,28,40
3950,52,29,5,1,18,0,28,40
3951,52,29,6,0,34,0,28,40
3952,52,29,7,1,43,0,28,40
3953,52,29,8,1,45,0,28,40
3954,52,29,9,1,47,0,28,40
3955,52,30,0,0,40,1,40,52
3956,52,30,1,1,55,1,40,52
3957,52,30,2,0,33,1,40,52
3958,52,30,3,1,46,1,40,52
3959,52,30,4,1,60,0,40,52
3960,52,31,0,0,47,1,52,60
3961,52,31,1,1,63,1,52,60
3962,52,31,2,1,54,1,52,60
3963,52,31,3,0,40,1,52,60
3964,52,31,4,1,62,0,52,60
3965,52,31,5,1,59,0,52,60
3966,52,31,6,1,60,0,52,60
3967,52,31,7,1,48,0,52,60
3968,52,31,8,1,44,0,52,60
3969,52,31,9,1,72,0,52,60
3970,52,32,0,0,67,1,60,48
3971,52,32,1,0,61,1,60,48
3972,52,32,2,1,57,1,60,48
3973,52,32,3,0,70,1,60,48
3974,52,32,4,0,51,0,60,48
3975,52,33,0,0,30,1,40,36
3976,52,33,1,0,47,1,40,36
3977,52,33,2,0,37,1,40,36
3978,52,33,3,1,31,1,40,36
3979,52,33,4,0,44,0,40,36
3980,52,34,0,1,72,1,64,60
3981,52,34,1,0,54,1,64,60
3982,52,34,2,1,49,1,64,60
3983,52,34,3,0,68,1,64,60
3984,52,34,4,1,47,0,64,60
3985,52,34,5,0,68,0,64,60
3986,52,34,6,0,65,0,64,60
3987,52,34,7,0,58,0,64,60
3988,52,34,8,0,64,0,64,60
3989,52,34,9,0,50,0,64,60
3990,52,35,0,1,51,1,40,48
3991,52,35,1,1,45,1,40,48
3992,52,35,2,0,32,1,40,48
3993,52,35,3,0,51,1,40,48
3994,52,35,4,1,65,0,40,48
3995,52,35,5,1,52,0,40,48
3996,52,35,6,1,40,0,40,48
3997,52,35,7,1,37,0,40,48
3998,52,35,8,0,55,0,40,48
3999,52,35,9,0,34,0,40,48
4000,52,36,0,1,53,1,40,44
4001,52,36,1,0,39,1,40,44
4002,52,36,2,0,38,1,40,44
4003,52,36,3,1,39,1,40,44
4004,52,36,4,0,33,0,40,44
4005,52,37,0,1,47,1,40,36
4006,52,37,1,0,40,1,40,36
4007,52,37,2,0,56,1,40,36
4008,52,37,3,0,48,1,40,36
4009,52,37,4,1,42,0,40,36
4010,52,37,5,0,35,0,40,36
4011,52,37,6,0,38,0,40,36
4012,52,37,7,0,36,0,40,36
4013,52,37,8,0,45,0,40,36
4014,52,37,9,0,49,0,40,36
4015,52,38,0,1,45,1,40,48
4016,52,38,1,0,43,1,40,48
4017,52,38,2,1,43,1,40,48
4018,52,38,3,1,43,1,40,48
4019,52,38,4,0,29,0,40,48
4020,52,39,0,1,63,1,56,60
4021,52,39,1,0,57,1,56,60
4022,52,39,2,0,44,1,56,60
4023,52,39,3,1,62,1,56,60
4024,52,39,4,1,61,0,56,60
4025,52,40,0,1,33,1,40,36
4026,52,40,1,0,55,1,40,36
4027,52,40,2,1,35,1,40,36
4028,52,40,3,1,38,1,40,36
4029,52,40,4,0,28,0,40,36
4030,52,41,0,0,49,1,56,60
4031,52,41,1,1,59,1,56,60
4032,52,41,2,0,50,1,56,60
4033,52,41,3,1,69,1,56,60
4034,52,41,4,1,57,0,56,60
4035,52,42,0,1,38,1,60,48
4036,52,42,1,0,59,1,60,48
4037,52,42,2,1,47,1,60,48
4038,52,42,3,1,64,1,60,48
4039,52,42,4,0,60,0,60,48
4040,52,43,0,0,22,1,40,20
4041,52,43,1,1,25,1,40,20
4042,52,43,2,1,22,1,40,20
4043,52,43,3,1,13,1,40,20
4044,52,43,4,0,36,0,40,20
4045,52,44,0,1,67,1,80,60
4046,52,44,1,0,72,1,80,60
4047,52,44,2,0,86,1,80,60
4048,52,44,3,1,51,1,80,60
4049,52,44,4,0,71,0,80,60
4050,52,45,0,1,64,1,72,60
4051,52,45,1,0,76,1,72,60
4052,52,45,2,0,80,1,72,60
4053,52,45,3,1,53,1,72,60
4054,52,45,4,0,80,0,72,60
4055,52,46,0,0,46,1,60,72
4056,52,46,1,0,58,1,60,72
4057,52,46,2,0,57,1,60,72
4058,52,46,3,1,75,1,60,72
4059,52,46,4,1,81,0,60,72
4060,52,46,5,1,63,0,60,72
4061,52,46,6,1,72,0,60,72
4062,52,46,7,1,85,0,60,72
4063,52,46,8,1,66,0,60,72
4064,52,46,9,1,72,0,60,72
4065,52,47,0,0,63,1,68,60
4066,52,47,1,1,60,1,68,60
4067,52,47,2,0,82,1,68,60
4068,52,47,3,1,62,1,68,60
4069,52,47,4,0,64,0,68,60
4070,52,48,0,1,37,1,48,40
4071,52,48,1,0,36,1,48,40
4072,52,48,2,0,43,1,48,40
4073,52,48,3,1,42,1,48,40
4074,52,48,4,0,41,0,48,40
4075,52,49,0,1,67,1,64,60
4076,52,49,1,0,57,1,64,60
4077,52,49,2,0,74,1,64,60
4078,52,49,3,1,72,1,64,60
4079,52,49,4,0,62,0,64,60
4080,52,49,5,1,53,0,64,60
4081,52,49,6,0,62,0,64,60
4082,52,49,7,0,66,0,64,60
4083,52,49,8,0,77,0,64,60
4084,52,49,9,0,64,0,64,60
4085,52,50,0,1,60,1,40,52
4086,52,50,1,0,43,1,40,52
4087,52,50,2,0,39,1,40,52
4088,52,50,3,1,43,1,40,52
4089,52,50,4,1,60,0,40,52
4090,52,50,5,1,48,0,40,52
4091,52,50,6,1,57,0,40,52
4092,52,50,7,1,43,0,40,52
4093,52,50,8,1,56,0,40,52
4094,52,50,9,1,59,0,40,52
4095,52,51,0,0,41,1,40,60
4096,52,51,1,0,48,1,40,60
4097,52,51,2,1,71,1,40,60
4098,52,51,3,0,35,1,40,60
4099,52,51,4,1,61,0,40,60
4100,52,52,0,0,45,1,40,36
4101,52,52,1,0,51,1,40,36
4102,52,52,2,0,53,1,40,36
4103,52,52,3,1,29,1,40,36
4104,52,52,4,0,44,0,40,36
4105,52,53,0,1,36,1,28,40
4106,52,53,1,1,36,1,28,40
4107,52,53,2,0,38,1,28,40
4108,52,53,3,1,44,1,28,40
4109,52,53,4,0,26,0,28,40
4110,52,53,5,0,32,0,28,40
4111,52,53,6,1,40,0,28,40
4112,52,53,7,1,50,0,28,40
4113,52,53,8,1,37,0,28,40
4114,52,53,9,1,43,0,28,40
4115,52,54,0,0,62,1,60,68
4116,52,54,1,1,83,1,60,68
4117,52,54,2,0,55,1,60,68
4118,52,54,3,0,57,1,60,68
4119,52,54,4,1,62,0,60,68
4120,52,55,0,0,45,1,40,20
4121,52,55,1,1,31,1,40,20
4122,52,55,2,0,28,1,40,20
4123,52,55,3,1,15,1,40,20
4124,52,55,4,0,28,0,40,20
4125,52,55,5,0,43,0,40,20
4126,52,55,6,0,38,0,40,20
4127,52,55,7,0,25,0,40,20
4128,52,55,8,0,44,0,40,20
4129,52,55,9,0,29,0,40,20
4130,52,56,0,1,72,1,52,60
4131,52,56,1,1,74,1,52,60
4132,52,56,2,0,51,1,52,60
4133,52,56,3,0,54,1,52,60
4134,52,56,4,1,60,0,52,60
4135,52,57,0,0,68,1,60,40
4136,52,57,1,0,72,1,60,40
4137,52,57,2,0,73,1,60,40
4138,52,57,3,1,36,1,60,40
4139,52,57,4,0,66,0,60,40
4140,52,58,0,0,48,1,48,40
4141,52,58,1,1,37,1,48,40
4142,52,58,2,1,37,1,48,40
4143,52,58,3,1,36,1,48,40
4144,52,58,4,0,57,0,48,40
4145,52,58,5,0,51,0,48,40
4146,52,58,6,0,62,0,48,40
4147,52,58,7,0,48,0,48,40
4148,52,58,8,0,38,0,48,40
4149,52,58,9,0,49,0,48,40
4150,52,59,0,1,66,1,40,60
4151,52,59,1,0,35,1,40,60
4152,52,59,2,0,37,1,40,60
4153,52,59,3,0,47,1,40,60
4154,52,59,4,1,56,0,40,60
4155,52,59,5,1,56,0,40,60
4156,52,59,6,1,42,0,40,60
4157,52,59,7,1,65,0,40,60
4158,52,59,8,1,43,0,40,60
4159,52,59,9,1,58,0,40,60
4160,52,60,0,1,34,1,48,40
4161,52,60,1,0,56,1,48,40
4162,52,60,2,0,60,1,48,40
4163,52,60,3,1,44,1,48,40
4164,52,60,4,0,54,0,48,40
4165,52,61,0,1,55,1,60,48
4166,52,61,1,1,57,1,60,48
4167,52,61,2,0,54,1,60,48
4168,52,61,3,0,60,1,60,48
4169,52,61,4,0,54,0,60,48
4170,52,61,5,0,45,0,60,48
4171,52,61,6,1,50,0,60,48
4172,52,61,7,1,51,0,60,48
4173,52,61,8,0,60,0,60,48
4174,52,61,9,1,53,0,60,48
4175,52,62,0,1,73,1,64,60
4176,52,62,1,0,66,1,64,60
4177,52,62,2,0,56,1,64,60
4178,52,62,3,1,63,1,64,60
4179,52,62,4,0,57,0,64,60
4180,52,62,5,1,65,0,64,60
4181,52,62,6,1,63,0,64,60
4182,52,62,7,1,60,0,64,60
4183,52,62,8,1,92,0,64,60
4184,52,62,9,1,66,0,64,60
4185,52,63,0,0,65,1,60,40
4186,52,63,1,0,55,1,60,40
4187,52,63,2,1,39,1,60,40
4188,52,63,3,1,33,1,60,40
4189,52,63,4,0,61,0,60,40
4190,52,64,0,0,30,1,28,40
4191,52,64,1,0,15,1,28,40
4192,52,64,2,1,39,1,28,40
4193,52,64,3,1,42,1,28,40
4194,52,64,4,1,42,0,28,40
4195,52,65,0,1,50,1,40,44
4196,52,65,1,1,45,1,40,44
4197,52,65,2,1,56,1,40,44
4198,52,65,3,0,35,1,40,44
4199,52,65,4,1,48,0,40,44
4200,52,66,0,0,48,1,40,60
4201,52,66,1,1,58,1,40,60
4202,52,66,2,0,45,1,40,60
4203,52,66,3,1,71,1,40,60
4204,52,66,4,1,75,0,40,60
4205,52,67,0,0,49,1,52,60
4206,52,67,1,1,63,1,52,60
4207,52,67,2,1,60,1,52,60
4208,52,67,3,1,58,1,52,60
4209,52,67,4,1,55,0,52,60
4210,52,68,0,1,40,1,40,36
4211,52,68,1,0,34,1,40,36
4212,52,68,2,1,39,1,40,36
4213,52,68,3,1,24,1,40,36
4214,52,68,4,0,38,0,40,36
4215,52,69,0,1,81,1,60,80
4216,52,69,1,1,90,1,60,80
4217,52,69,2,0,60,1,60,80
4218,52,69,3,0,53,1,60,80
4219,52,69,4,1,77,0,60,80
4220,52,69,5,1,75,0,60,80
4221,52,69,6,1,77,0,60,80
4222,52,69,7,1,100,0,60,80
4223,52,69,8,1,81,0,60,80
4224,52,69,9,1,68,0,60,80
4225,52,70,0,1,27,1,40,28
4226,52,70,1,0,50,1,40,28
4227,52,70,2,0,30,1,40,28
4228,52,70,3,1,29,1,40,28
4229,52,70,4,0,39,0,40,28
4230,52,71,0,0,44,1,40,44
4231,52,71,1,1,45,1,40,44
4232,52,71,2,0,31,1,40,44
4233,52,71,3,1,63,1,40,44
4234,52,71,4,1,56,0,40,44
4235,52,72,0,0,34,1,40,52
4236,52,72,1,1,46,1,40,52
4237,52,72,2,0,43,1,40,52
4238,52,72,3,1,50,1,40,52
4239,52,72,4,1,55,0,40,52
4240,52,73,0,0,55,1,52,40
4241,52,73,1,1,26,1,52,40
4242,52,73,2,1,46,1,52,40
4243,52,73,3,1,29,1,52,40
4244,52,73,4,0,60,0,52,40
4245,52,74,0,1,41,1,40,52
4246,52,74,1,0,42,1,40,52
4247,52,74,2,0,27,1,40,52
4248,52,74,3,1,69,1,40,52
4249,52,74,4,1,57,0,40,52
4250,52,74,5,1,48,0,40,52
4251,52,74,6,1,51,0,40,52
4252,52,74,7,1,48,0,40,52
4253,52,74,8,1,43,0,40,52
4254,52,74,9,1,67,0,40,52
4255,52,75,0,1,47,1,40,48
4256,52,75,1,1,35,1,40,48
4257,52,75,2,0,48,1,40,48
4258,52,75,3,0,37,1,40,48
4259,52,75,4,0,38,0,40,48
4260,52,75,5,0,38,0,40,48
4261,52,75,6,1,46,0,40,48
4262,52,75,7,1,46,0,40,48
4263,52,75,8,1,63,0,40,48
4264,52,75,9,1,62,0,40,48
4265,52,76,0,1,61,1,52,60
4266,52,76,1,1,57,1,52,60
4267,52,76,2,0,48,1,52,60
4268,52,76,3,0,47,1,52,60
4269,52,76,4,1,60,0,52,60
4270,52,77,0,0,44,1,32,40
4271,52,77,1,1,32,1,32,40
4272,52,77,2,0,24,1,32,40
4273,52,77,3,1,52,1,32,40
4274,52,77,4,1,47,0,32,40
4275,52,77,5,0,31,0,32,40
4276,52,77,6,1,41,0,32,40
4277,52,77,7,1,31,0,32,40
4278,52,77,8,1,39,0,32,40
4279,52,77,9,1,28,0,32,40
4280,52,78,0,0,75,1,72,60
4281,52,78,1,0,79,1,72,60
4282,52,78,2,0,87,1,72,60
4283,52,78,3,1,66,1,72,60
4284,52,78,4,0,67,0,72,60
4285,52,79,0,0,43,1,40,44
4286,52,79,1,1,42,1,40,44
4287,52,79,2,0,39,1,40,44
4288,52,79,3,1,43,1,40,44
4289,52,79,4,1,53,0,40,44
4290,52,80,0,0,76,1,68,60
4291,52,80,1,1,48,1,68,60
4292,52,80,2,0,84,1,68,60
4293,52,80,3,1,64,1,68,60
4294,52,80,4,0,78,0,68,60
4295,52,81,0,1,63,1,48,60
4296,52,81,1,0,43,1,48,60
4297,52,81,2,0,45,1,48,60
4298,52,81,3,1,65,1,48,60
4299,52,81,4,1,59,0,48,60
4300,52,81,5,1,56,0,48,60
4301,52,81,6,1,67,0,48,60
4302,52,81,7,1,59,0,48,60
4303,52,81,8,1,62,0,48,60
4304,52,81,9,1,61,0,48,60
4305,52,82,0,1,46,1,40,52
4306,52,82,1,0,37,1,40,52
4307,52,82,2,0,44,1,40,52
4308,52,82,3,1,45,1,40,52
4309,52,82,4,1,51,0,40,52
4310,52,82,5,1,57,0,40,52
4311,52,82,6,1,39,0,40,52
4312,52,82,7,1,44,0,40,52
4313,52,82,8,1,50,0,40,52
4314,52,82,9,1,51,0,40,52
4315,52,83,0,0,35,1,48,40
4316,52,83,1,0,42,1,48,40
4317,52,83,2,1,36,1,48,40
4318,52,83,3,1,41,1,48,40
4319,52,83,4,1,52,0,48,40
4320,52,83,5,0,44,0,48,40
4321,52,83,6,1,45,0,48,40
4322,52,83,7,1,44,0,48,40
4323,52,83,8,1,53,0,48,40
4324,52,83,9,1,37,0,48,40
4325,52,84,0,1,69,1,40,60
4326,52,84,1,0,39,1,40,60
4327,52,84,2,1,62,1,40,60
4328,52,84,3,1,76,1,40,60
4329,52,84,4,1,70,0,40,60
4330,52,84,5,1,63,0,40,60
4331,52,84,6,1,58,0,40,60
4332,52,84,7,1,39,0,40,60
4333,52,84,8,1,62,0,40,60
4334,52,84,9,1,49,0,40,60
4335,52,85,0,0,59,1,60,40
4336,52,85,1,0,65,1,60,40
4337,52,85,2,1,25,1,60,40
4338,52,85,3,1,41,1,60,40
4339,52,85,4,0,81,0,60,40
4340,52,86,0,0,50,1,56,60
4341,52,86,1,1,60,1,56,60
4342,52,86,2,1,66,1,56,60
4343,52,86,3,0,58,1,56,60
4344,52,86,4,1,61,0,56,60
4345,52,86,5,1,71,0,56,60
4346,52,86,6,1,59,0,56,60
4347,52,86,7,1,63,0,56,60
4348,52,86,8,1,54,0,56,60
4349,52,86,9,1,60,0,56,60
4350,52,87,0,0,55,1,52,60
4351,52,87,1,1,54,1,52,60
4352,52,87,2,1,61,1,52,60
4353,52,87,3,1,49,1,52,60
4354,52,87,4,1,59,0,52,60
4355,52,88,0,1,42,1,28,40
4356,52,88,1,1,49,1,28,40
4357,52,88,2,0,19,1,28,40
4358,52,88,3,1,37,1,28,40
4359,52,88,4,1,45,0,28,40
4360,52,88,5,1,37,0,28,40
4361,52,88,6,1,44,0,28,40
4362,52,88,7,1,44,0,28,40
4363,52,88,8,1,39,0,28,40
4364,52,88,9,1,38,0,28,40
4365,52,89,0,1,64,1,60,48
4366,52,89,1,0,64,1,60,48
4367,52,89,2,1,34,1,60,48
4368,52,89,3,1,52,1,60,48
4369,52,89,4,0,57,0,60,48
4370,52,90,0,1,46,1,80,60
4371,52,90,1,0,80,1,80,60
4372,52,90,2,0,76,1,80,60
4373,52,90,3,1,68,1,80,60
4374,52,90,4,0,84,0,80,60
4375,52,91,0,0,47,1,52,40
4376,52,91,1,1,36,1,52,40
4377,52,91,2,1,55,1,52,40
4378,52,91,3,1,44,1,52,40
4379,52,91,4,0,46,0,52,40
4380,52,92,0,0,37,1,28,40
4381,52,92,1,0,12,1,28,40
4382,52,92,2,1,40,1,28,40
4383,52,92,3,0,31,1,28,40
4384,52,92,4,1,18,0,28,40
4385,52,92,5,0,33,0,28,40
4386,52,92,6,0,28,0,28,40
4387,52,92,7,0,36,0,28,40
4388,52,92,8,0,38,0,28,40
4389,52,92,9,0,32,0,28,40
4390,52,93,0,0,61,1,60,68
4391,52,93,1,0,75,1,60,68
4392,52,93,2,0,62,1,60,68
4393,52,93,3,1,62,1,60,68
4394,52,93,4,0,74,0,60,68
4395,52,93,5,0,75,0,60,68
4396,52,93,6,0,39,0,60,68
4397,52,93,7,0,52,0,60,68
4398,52,93,8,0,64,0,60,68
4399,52,93,9,0,61,0,60,68
4400,52,94,0,0,71,1,64,60
4401,52,94,1,0,62,1,64,60
4402,52,94,2,0,59,1,64,60
4403,52,94,3,1,52,1,64,60
4404,52,94,4,0,55,0,64,60
4405,52,94,5,0,64,0,64,60
4406,52,94,6,0,59,0,64,60
4407,52,94,7,0,49,0,64,60
4408,52,94,8,0,43,0,64,60
4409,52,94,9,0,73,0,64,60
4410,52,95,0,0,47,1,60,52
4411,52,95,1,0,57,1,60,52
4412,52,95,2,0,67,1,60,52
4413,52,95,3,1,46,1,60,52
4414,52,95,4,0,48,0,60,52
4415,52,96,0,0,53,1,64,60
4416,52,96,1,0,75,1,64,60
4417,52,96,2,0,56,1,64,60
4418,52,96,3,1,59,1,64,60
4419,52,96,4,0,56,0,64,60
4420,52,97,0,1,53,1,40,52
4421,52,97,1,0,32,1,40,52
4422,52,97,2,0,41,1,40,52
4423,52,97,3,1,45,1,40,52
4424,52,97,4,1,68,0,40,52
4425,52,97,5,1,57,0,40,52
4426,52,97,6,1,54,0,40,52
4427,52,97,7,1,54,0,40,52
4428,52,97,8,1,50,0,40,52
4429,52,97,9,1,50,0,40,52
4430,52,98,0,1,67,1,40,60
4431,52,98,1,0,35,1,40,60
4432,52,98,2,1,69,1,40,60
4433,52,98,3,1,60,1,40,60
4434,52,98,4,1,66,0,40,60
4435,52,98,5,1,57,0,40,60
4436,52,98,6,1,73,0,40,60
4437,52,98,7,1,69,0,40,60
4438,52,98,8,1,53,0,40,60
4439,52,98,9,1,65,0,40,60
4440,52,99,0,1,73,1,40,60
4441,52,99,1,0,36,1,40,60
4442,52,99,2,0,46,1,40,60
4443,52,99,3,0,47,1,40,60
4444,52,99,4,1,55,0,40,60
4445,52,99,5,1,61,0,40,60
4446,52,99,6,1,60,0,40,60
4447,52,99,7,1,47,0,40,60
4448,52,99,8,1,57,0,40,60
4449,52,99,9,1,61,0,40,60
4450,57,0,0,0,31,1,48,60
4451,57,0,1,0,60,1,48,60
4452,57,0,2,0,48,1,48,60
4453,57,0,3,1,67,1,48,60
4454,57,0,4,1,52,0,48,60
4455,57,0,5,1,68,0,48,60
4456,57,0,6,1,57,0,48,60
4457,57,0,7,1,65,0,48,60
4458,57,0,8,1,53,0,48,60
4459,57,0,9,1,55,0,48,60
4460,57,1,0,1,22,1,40,20
4461,57,1,1,0,36,1,40,20
4462,57,1,2,0,42,1,40,20
4463,57,1,3,1,22,1,40,20
4464,57,1,4,0,45,0,40,20
4465,57,2,0,1,51,1,56,60
4466,57,2,1,1,57,1,56,60
4467,57,2,2,1,56,1,56,60
4468,57,2,3,0,44,1,56,60
4469,57,2,4,1,54,0,56,60
4470,57,3,0,1,61,1,48,60
4471,57,3,1,1,58,1,48,60
4472,57,3,2,0,50,1,48,60
4473,57,3,3,0,51,1,48,60
4474,57,3,4,1,60,0,48,60
4475,57,4,0,0,58,1,60,56
4476,57,4,1,1,47,1,60,56
4477,57,4,2,0,58,1,60,56
4478,57,4,3,1,56,1,60,56
4479,57,4,4,0,62,0,60,56
4480,57,5,0,0,65,1,60,40
4481,57,5,1,1,38,1,60,40
4482,57,5,2,0,58,1,60,40
4483,57,5,3,1,36,1,60,40
4484,57,5,4,0,63,0,60,40
4485,57,6,0,0,54,1,48,60
4486,57,6,1,0,47,1,48,60
4487,57,6,2,1,60,1,48,60
4488,57,6,3,1,70,1,48,60
4489,57,6,4,1,59,0,48,60
4490,57,7,0,1,68,1,60,72
4491,57,7,1,0,63,1,60,72
4492,57,7,2,1,76,1,60,72
4493,57,7,3,1,79,1,60,72
4494,57,7,4,1,79,0,60,72
4495,57,7,5,1,72,0,60,72
4496,57,7,6,1,75,0,60,72
4497,57,7,7,1,61,0,60,72
4498,57,7,8,1,64,0,60,72
4499,57,7,9,1,83,0,60,72
4500,57,8,0,1,45,1,60,40
4501,57,8,1,1,40,1,60,40
4502,57,8,2,0,72,1,60,40
4503,57,8,3,1,40,1,60,40
4504,57,8,4,0,69,0,60,40
4505,57,8,5,0,55,0,60,40
4506,57,8,6,0,54,0,60,40
4507,57,8,7,0,55,0,60,40
4508,57,8,8,0,59,0,60,40
4509,57,8,9,0,62,0,60,40
4510,57,9,0,1,40,1,60,40
4511,57,9,1,1,43,1,60,40
4512,57,9,2,1,43,1,60,40
4513,57,9,3,0,64,1,60,40
4514,57,9,4,0,68,0,60,40
4515,57,9,5,0,53,0,60,40
4516,57,9,6,0,54,0,60,40
4517,57,9,7,0,70,0,60,40
4518,57,9,8,0,66,0,60,40
4519,57,9,9,0,67,0,60,40
4520,57,10,0,1,43,1,28,40
4521,57,10,1,1,40,1,28,40
4522,57,10,2,1,44,1,28,40
4523,57,10,3,0,22,1,28,40
4524,57,10,4,1,52,0,28,40
4525,57,11,0,0,68,1,72,60
4526,57,11,1,1,75,1,72,60
4527,57,11,2,1,68,1,72,60
4528,57,11,3,1,69,1,72,60
4529,57,11,4,1,52,0,72,60
4530,57,12,0,0,42,1,40,60
4531,57,12,1,1,57,1,40,60
4532,57,12,2,0,53,1,40,60
4533,57,12,3,1,62,1,40,60
4534,57,12,4,1,59,0,40,60
4535,57,13,0,1,54,1,72,60
4536,57,13,1,0,75,1,72,60
4537,57,13,2,0,74,1,72,60
4538,57,13,3,1,66,1,72,60
4539,57,13,4,0,76,0,72,60
4540,57,14,0,1,41,1,40,44
4541,57,14,1,0,40,1,40,44
4542,57,14,2,1,47,1,40,44
4543,57,14,3,1,40,1,40,44
4544,57,14,4,0,37,0,40,44
4545,57,14,5,1,57,0,40,44
4546,57,14,6,1,36,0,40,44
4547,57,14,7,1,51,0,40,44
4548,57,14,8,1,48,0,40,44
4549,57,14,9,1,41,0,40,44
4550,57,15,0,1,34,1,40,44
4551,57,15,1,0,37,1,40,44
4552,57,15,2,1,40,1,40,44
4553,57,15,3,1,43,1,40,44
4554,57,15,4,0,37,0,40,44
4555,57,16,0,0,39,1,48,40
4556,57,16,1,0,54,1,48,40
4557,57,16,2,1,42,1,48,40
4558,57,16,3,0,55,1,48,40
4559,57,16,4,0,36,0,48,40
4560,57,16,5,0,47,0,48,40
4561,57,16,6,0,39,0,48,40
4562,57,16,7,0,57,0,48,40
4563,57,16,8,0,59,0,48,40
4564,57,16,9,0,46,0,48,40
4565,57,17,0,0,58,1,60,52
4566,57,17,1,0,47,1,60,52
4567,57,17,2,1,57,1,60,52
4568,57,17,3,0,52,1,60,52
4569,57,17,4,1,46,0,60,52
4570,57,17,5,0,42,0,60,52
4571,57,17,6,0,76,0,60,52
4572,57,17,7,0,66,0,60,52
4573,57,17,8,0,60,0,60,52
4574,57,17,9,0,56,0,60,52
4575,57,18,0,1,39,1,40,48
4576,57,18,1,0,52,1,40,48
4577,57,18,2,1,40,1,40,48
4578,57,18,3,1,49,1,40,48
4579,57,18,4,0,47,0,40,48
4580,57,18,5,0,34,0,40,48
4581,57,18,6,0,40,0,40,48
4582,57,18,7,0,54,0,40,48
4583,57,18,8,0,48,0,40,48
4584,57,18,9,0,52,0,40,48
4585,57,19,0,0,53,1,60,40
4586,57,19,1,1,27,1,60,40
4587,57,19,2,0,66,1,60,40
4588,57,19,3,0,65,1,60,40
4589,57,19,4,0,72,0,60,40
4590,57,19,5,0,64,0,60,40
4591,57,19,6,0,67,0,60,40
4592,57,19,7,0,48,0,60,40
4593,57,19,8,0,74,0,60,40
4594,57,19,9,0,61,0,60,40
4595,57,20,0,0,61,1,60,64
4596,57,20,1,1,64,1,60,64
4597,57,20,2,1,55,1,60,64
4598,57,20,3,0,88,1,60,64
4599,57,20,4,0,59,0,60,64
4600,57,20,5,0,61,0,60,64
4601,57,20,6,0,62,0,60,64
4602,57,20,7,0,69,0,60,64
4603,57,20,8,0,68,0,60,64
4604,57,20,9,0,70,0,60,64
4605,57,21,0,0,42,1,40,44
4606,57,21,1,1,35,1,40,44
4607,57,21,2,1,63,1,40,44
4608,57,21,3,0,40,1,40,44
4609,57,21,4,1,37,0,40,44
4610,57,22,0,0,46,1,48,60
4611,57,22,1,0,50,1,48,60
4612,57,22,2,1,53,1,48,60
4613,57,22,3,1,49,1,48,60
4614,57,22,4,1,51,0,48,60
4615,57,22,5,1,56,0,48,60
4616,57,22,6,1,60,0,48,60
4617,57,22,7,1,37,0,48,60
4618,57,22,8,1,63,0,48,60
4619,57,22,9,1,66,0,48,60
4620,57,23,0,0,34,1,40,60
4621,57,23,1,1,63,1,40,60
4622,57,23,2,0,38,1,40,60
4623,57,23,3,1,71,1,40,60
4624,57,23,4,1,57,0,40,60
4625,57,24,0,1,34,1,40,44
4626,57,24,1,1,53,1,40,44
4627,57,24,2,0,52,1,40,44
4628,57,24,3,0,41,1,40,44
4629,57,24,4,1,43,0,40,44
4630,57,24,5,1,44,0,40,44
4631,57,24,6,1,43,0,40,44
4632,57,24,7,1,33,0,40,44
4633,57,24,8,1,40,0,40,44
4634,57,24,9,1,36,0,40,44
4635,57,25,0,0,52,1,52,60
4636,57,25,1,1,51,1,52,60
4637,57,25,2,1,62,1,52,60
4638,57,25,3,1,59,1,52,60
4639,57,25,4,1,73,0,52,60
4640,57,25,5,1,60,0,52,60
4641,57,25,6,1,66,0,52,60
4642,57,25,7,1,82,0,52,60
4643,57,25,8,1,66,0,52,60
4644,57,25,9,1,49,0,52,60
4645,57,26,0,1,55,1,60,52
4646,57,26,1,1,67,1,60,52
4647,57,26,2,0,56,1,60,52
4648,57,26,3,0,63,1,60,52
4649,57,26,4,1,44,0,60,52
4650,57,26,5,0,45,0,60,52
4651,57,26,6,0,62,0,60,52
4652,57,26,7,0,58,0,60,52
4653,57,26,8,0,58,0,60,52
4654,57,26,9,0,60,0,60,52
4655,57,27,0,0,56,1,40,44
4656,57,27,1,1,56,1,40,44
4657,57,27,2,1,42,1,40,44
4658,57,27,3,0,25,1,40,44
4659,57,27,4,1,41,0,40,44
4660,57,28,0,1,53,1,40,48
4661,57,28,1,0,33,1,40,48
4662,57,28,2,1,50,1,40,48
4663,57,28,3,1,47,1,40,48
4664,57,28,4,1,52,0,40,48
4665,57,28,5,1,49,0,40,48
4666,57,28,6,1,54,0,40,48
4667,57,28,7,1,55,0,40,48
4668,57,28,8,1,49,0,40,48
4669,57,28,9,1,49,0,40,48
4670,57,29,0,1,63,1,72,60
4671,57,29,1,1,62,1,72,60
4672,57,29,2,0,74,1,72,60
4673,57,29,3,0,63,1,72,60
4674,57,29,4,0,68,0,72,60
4675,57,30,0,1,56,1,68,60
4676,57,30,1,0,61,1,68,60
4677,57,30,2,1,61,1,68,60
4678,57,30,3,0,78,1,68,60
4679,57,30,4,0,77,0,68,60
4680,57,30,5,0,76,0,68,60
4681,57,30,6,0,66,0,68,60
4682,57,30,7,0,64,0,68,60
4683,57,30,8,0,73,0,68,60
4684,57,30,9,0,69,0,68,60
4685,57,31,0,1,45,1,48,40
4686,57,31,1,0,58,1,48,40
4687,57,31,2,0,54,1,48,40
4688,57,31,3,0,42,1,48,40
4689,57,31,4,0,35,0,48,40
4690,57,32,0,1,48,1,60,52
4691,57,32,1,1,51,1,60,52
4692,57,32,2,0,69,1,60,52
4693,57,32,3,0,52,1,60,52
4694,57,32,4,0,62,0,60,52
4695,57,32,5,0,66,0,60,52
4696,57,32,6,0,67,0,60,52
4697,57,32,7,0,67,0,60,52
4698,57,32,8,0,53,0,60,52
4699,57,32,9,0,54,0,60,52
4700,57,33,0,1,39,1,60,48
4701,57,33,1,1,57,1,60,48
4702,57,33,2,1,37,1,60,48
4703,57,33,3,0,72,1,60,48
4704,57,33,4,0,68,0,60,48
4705,57,33,5,0,86,0,60,48
4706,57,33,6,0,73,0,60,48
4707,57,33,7,0,61,0,60,48
4708,57,33,8,0,55,0,60,48
4709,57,33,9,0,81,0,60,48
4710,57,34,0,0,64,1,60,52
4711,57,34,1,1,39,1,60,52
4712,57,34,2,0,57,1,60,52
4713,57,34,3,1,57,1,60,52
4714,57,34,4,0,50,0,60,52
4715,57,34,5,0,61,0,60,52
4716,57,34,6,0,61,0,60,52
4717,57,34,7,0,77,0,60,52
4718,57,34,8,0,75,0,60,52
4719,57,34,9,0,45,0,60,52
4720,57,35,0,0,34,1,40,36
4721,57,35,1,0,37,1,40,36
4722,57,35,2,1,38,1,40,36
4723,57,35,3,0,50,1,40,36
4724,57,35,4,0,60,0,40,36
4725,57,36,0,1,14,1,40,20
4726,57,36,1,0,41,1,40,20
4727,57,36,2,0,43,1,40,20
4728,57,36,3,1,11,1,40,20
4729,57,36,4,0,49,0,40,20
4730,57,37,0,1,42,1,40,44
4731,57,37,1,0,43,1,40,44
4732,57,37,2,1,45,1,40,44
4733,57,37,3,1,51,1,40,44
4734,57,37,4,1,40,0,40,44
4735,57,38,0,1,56,1,68,60
4736,57,38,1,1,62,1,68,60
4737,57,38,2,0,69,1,68,60
4738,57,38,3,0,65,1,68,60
4739,57,38,4,0,62,0,68,60
4740,57,39,0,1,40,1,36,40
4741,57,39,1,0,36,1,36,40
4742,57,39,2,1,34,1,36,40
4743,57,39,3,0,26,1,36,40
4744,57,39,4,1,48,0,36,40
4745,57,40,0,0,57,1,52,60
4746,57,40,1,1,64,1,52,60
4747,57,40,2,1,63,1,52,60
4748,57,40,3,1,53,1,52,60
4749,57,40,4,1,50,0,52,60
4750,57,40,5,1,50,0,52,60
4751,57,40,6,1,59,0,52,60
4752,57,40,7,1,70,0,52,60
4753,57,40,8,1,58,0,52,60
4754,57,40,9,1,57,0,52,60
4755,57,41,0,0,39,1,40,44
4756,57,41,1,0,33,1,40,44
4757,57,41,2,1,43,1,40,44
4758,57,41,3,1,49,1,40,44
4759,57,41,4,1,43,0,40,44
4760,57,42,0,1,49,1,40,52
4761,57,42,1,1,59,1,40,52
4762,57,42,2,0,49,1,40,52
4763,57,42,3,0,49,1,40,52
4764,57,42,4,1,40,0,40,52
4765,57,42,5,1,53,0,40,52
4766,57,42,6,1,58,0,40,52
4767,57,42,7,1,49,0,40,52
4768,57,42,8,1,38,0,40,52
4769,57,42,9,1,39,0,40,52
4770,57,43,0,0,32,1,40,28
4771,57,43,1,0,38,1,40,28
4772,57,43,2,0,33,1,40,28
4773,57,43,3,1,24,1,40,28
4774,57,43,4,0,38,0,40,28
4775,57,44,0,0,51,1,60,48
4776,57,44,1,1,65,1,60,48
4777,57,44,2,0,66,1,60,48
4778,57,44,3,1,44,1,60,48
4779,57,44,4,0,66,0,60,48
4780,57,44,5,0,64,0,60,48
4781,57,44,6,0,69,0,60,48
4782,57,44,7,0,54,0,60,48
4783,57,44,8,0,74,0,60,48
4784,57,44,9,0,52,0,60,48
4785,57,45,0,1,58,1,40,60
4786,57,45,1,0,34,1,40,60
4787,57,45,2,0,40,1,40,60
4788,57,45,3,0,54,1,40,60
4789,57,45,4,1,48,0,40,60
4790,57,46,0,1,35,1,36,40
4791,57,46,1,0,33,1,36,40
4792,57,46,2,1,28,1,36,40
4793,57,46,3,0,36,1,36,40
4794,57,46,4,0,32,0,36,40
4795,57,47,0,1,44,1,60,40
4796,57,47,1,1,45,1,60,40
4797,57,47,2,0,65,1,60,40
4798,57,47,3,1,39,1,60,40
4799,57,47,4,0,68,0,60,40
4800,57,48,0,0,48,1,60,40
4801,57,48,1,1,52,1,60,40
4802,57,48,2,0,64,1,60,40
4803,57,48,3,1,46,1,60,40
4804,57,48,4,0,43,0,60,40
4805,57,49,0,0,76,1,60,64
4806,57,49,1,1,59,1,60,64
4807,57,49,2,1,57,1,60,64
4808,57,49,3,0,54,1,60,64
4809,57,49,4,0,64,0,60,64
4810,57,49,5,0,50,0,60,64
4811,57,49,6,0,71,0,60,64
4812,57,49,7,0,57,0,60,64
4813,57,49,8,0,60,0,60,64
4814,57,49,9,0,69,0,60,64
4815,57,50,0,0,71,1,80,60
4816,57,50,1,0,72,1,80,60
4817,57,50,2,1,59,1,80,60
4818,57,50,3,0,78,1,80,60
4819,57,50,4,0,75,0,80,60
4820,57,50,5,0,66,0,80,60
4821,57,50,6,0,71,0,80,60
4822,57,50,7,0,82,0,80,60
4823,57,50,8,0,76,0,80,60
4824,57,50,9,0,77,0,80,60
4825,57,51,0,1,68,1,80,60
4826,57,51,1,1,71,1,80,60
4827,57,51,2,0,90,1,80,60
4828,57,51,3,0,84,1,80,60
4829,57,51,4,0,78,0,80,60
4830,57,52,0,1,51,1,36,40
4831,57,52,1,0,29,1,36,40
4832,57,52,2,1,36,1,36,40
4833,57,52,3,1,45,1,36,40
4834,57,52,4,1,33,0,36,40
4835,57,52,5,1,20,0,36,40
4836,57,52,6,1,26,0,36,40
4837,57,52,7,1,42,0,36,40
4838,57,52,8,1,42,0,36,40
4839,57,52,9,1,40,0,36,40
4840,57,53,0,1,42,1,40,48
4841,57,53,1,0,37,1,40,48
4842,57,53,2,0,26,1,40,48
4843,57,53,3,1,38,1,40,48
4844,57,53,4,1,48,0,40,48
4845,57,54,0,1,58,1,60,52
4846,57,54,1,0,57,1,60,52
4847,57,54,2,1,62,1,60,52
4848,57,54,3,0,62,1,60,52
4849,57,54,4,1,53,0,60,52
4850,57,55,0,0,69,1,52,40
4851,57,55,1,0,67,1,52,40
4852,57,55,2,0,53,1,52,40
4853,57,55,3,1,33,1,52,40
4854,57,55,4,0,60,0,52,40
4855,57,56,0,1,55,1,40,60
4856,57,56,1,0,35,1,40,60
4857,57,56,2,0,33,1,40,60
4858,57,56,3,0,39,1,40,60
4859,57,56,4,1,74,0,40,60
4860,57,57,0,1,32,1,48,40
4861,57,57,1,0,57,1,48,40
4862,57,57,2,0,49,1,48,40
4863,57,57,3,1,37,1,48,40
4864,57,57,4,0,53,0,48,40
4865,57,57,5,0,50,0,48,40
4866,57,57,6,0,28,0,48,40
4867,57,57,7,0,44,0,48,40
4868,57,57,8,0,53,0,48,40
4869,57,57,9,0,40,0,48,40
4870,57,58,0,0,53,1,40,36
4871,57,58,1,0,57,1,40,36
4872,57,58,2,1,37,1,40,36
4873,57,58,3,0,52,1,40,36
4874,57,58,4,0,41,0,40,36
4875,57,59,0,1,44,1,60,40
4876,57,59,1,1,41,1,60,40
4877,57,59,2,0,68,1,60,40
4878,57,59,3,1,24,1,60,40
4879,57,59,4,0,66,0,60,40
4880,57,60,0,1,36,1,40,44
4881,57,60,1,0,40,1,40,44
4882,57,60,2,1,38,1,40,44
4883,57,60,3,1,39,1,40,44
4884,57,60,4,0,18,0,40,44
4885,57,60,5,1,36,0,40,44
4886,57,60,6,1,48,0,40,44
4887,57,60,7,1,39,0,40,44
4888,57,60,8,1,55,0,40,44
4889,57,60,9,1,36,0,40,44
4890,57,61,0,1,36,1,60,40
4891,57,61,1,1,30,1,60,40
4892,57,61,2,0,62,1,60,40
4893,57,61,3,1,33,1,60,40
4894,57,61,4,0,63,0,60,40
4895,57,61,5,0,68,0,60,40
4896,57,61,6,0,50,0,60,40
4897,57,61,7,0,66,0,60,40
4898,57,61,8,0,61,0,60,40
4899,57,61,9,0,44,0,60,40
4900,57,62,0,0,33,1,40,52
4901,57,62,1,1,44,1,40,52
4902,57,62,2,0,41,1,40,52
4903,57,62,3,1,47,1,40,52
4904,57,62,4,1,49,0,40,52
4905,57,62,5,1,53,0,40,52
4906,57,62,6,1,55,0,40,52
4907,57,62,7,1,40,0,40,52
4908,57,62,8,1,62,0,40,52
4909,57,62,9,1,58,0,40,52
4910,57,63,0,0,42,1,48,60
4911,57,63,1,0,54,1,48,60
4912,57,63,2,1,61,1,48,60
4913,57,63,3,1,64,1,48,60
4914,57,63,4,1,73,0,48,60
4915,57,64,0,0,65,1,60,80
4916,57,64,1,0,64,1,60,80
4917,57,64,2,1,76,1,60,80
4918,57,64,3,1,85,1,60,80
4919,57,64,4,1,88,0,60,80
4920,57,64,5,1,85,0,60,80
4921,57,64,6,1,85,0,60,80
4922,57,64,7,1,83,0,60,80
4923,57,64,8,1,69,0,60,80
4924,57,64,9,1,81,0,60,80
4925,57,65,0,1,65,1,40,60
4926,57,65,1,1,76,1,40,60
4927,57,65,2,1,60,1,40,60
4928,57,65,3,0,45,1,40,60
4929,57,65,4,1,47,0,40,60
4930,57,66,0,0,42,1,48,40
4931,57,66,1,0,54,1,48,40
4932,57,66,2,1,43,1,48,40
4933,57,66,3,0,48,1,48,40
4934,57,66,4,0,53,0,48,40
4935,57,66,5,0,54,0,48,40
4936,57,66,6,0,44,0,48,40
4937,57,66,7,0,45,0,48,40
4938,57,66,8,0,52,0,48,40
4939,57,66,9,0,55,0,48,40
4940,57,67,0,0,33,1,40,44
4941,57,67,1,0,50,1,40,44
4942,57,67,2,1,58,1,40,44
4943,57,67,3,0,54,1,40,44
4944,57,67,4,1,44,0,40,44
4945,57,67,5,1,52,0,40,44
4946,57,67,6,1,46,0,40,44
4947,57,67,7,1,40,0,40,44
4948,57,67,8,1,55,0,40,44
4949,57,67,9,1,44,0,40,44
4950,57,68,0,1,57,1,72,60
4951,57,68,1,0,71,1,72,60
4952,57,68,2,0,69,1,72,60
4953,57,68,3,0,68,1,72,60
4954,57,68,4,0,81,0,72,60
4955,57,68,5,0,69,0,72,60
4956,57,68,6,0,66,0,72,60
4957,57,68,7,0,68,0,72,60
4958,57,68,8,0,60,0,72,60
4959,57,68,9,0,77,0,72,60
4960,57,69,0,0,59,1,60,52
4961,57,69,1,1,50,1,60,52
4962,57,69,2,0,72,1,60,52
4963,57,69,3,1,54,1,60,52
4964,57,69,4,0,59,0,60,52
4965,57,69,5,0,52,0,60,52
4966,57,69,6,0,76,0,60,52
4967,57,69,7,0,58,0,60,52
4968,57,69,8,0,67,0,60,52
4969,57,69,9,0,64,0,60,52
4970,57,70,0,1,69,1,60,80
4971,57,70,1,1,71,1,60,80
4972,57,70,2,0,58,1,60,80
4973,57,70,3,0,55,1,60,80
4974,57,70,4,1,68,0,60,80
4975,57,70,5,1,81,0,60,80
4976,57,70,6,1,86,0,60,80
4977,57,70,7,1,87,0,60,80
4978,57,70,8,1,71,0,60,80
4979,57,70,9,1,71,0,60,80
4980,57,71,0,0,35,1,40,60
4981,57,71,1,1,62,1,40,60
4982,57,71,2,1,73,1,40,60
4983,57,71,3,0,36,1,40,60
4984,57,71,4,1,59,0,40,60
4985,57,71,5,1,57,0,40,60
4986,57,71,6,1,58,0,40,60
4987,57,71,7,1,55,0,40,60
4988,57,71,8,1,52,0,40,60
4989,57,71,9,1,57,0,40,60
4990,57,72,0,0,70,1,60,80
4991,57,72,1,0,66,1,60,80
4992,57,72,2,1,87,1,60,80
4993,57,72,3,1,97,1,60,80
4994,57,72,4,1,73,0,60,80
4995,57,72,5,1,81,0,60,80
4996,57,72,6,1,81,0,60,80
4997,57,72,7,1,90,0,60,80
4998,57,72,8,1,81,0,60,80
4999,57,72,9,1,92,0,60,80
5000,57,73,0,1,33,1,36,40
5001,57,73,1,0,42,1,36,40
5002,57,73,2,0,45,1,36,40
5003,57,73,3,1,38,1,36,40
5004,57,73,4,0,42,0,36,40
5005,57,73,5,0,42,0,36,40
5006,57,73,6,0,43,0,36,40
5007,57,73,7,0,29,0,36,40
5008,57,73,8,0,21,0,36,40
5009,57,73,9,0,27,0,36,40
5010,57,74,0,1,33,1,36,40
5011,57,74,1,0,26,1,36,40
5012,57,74,2,1,41,1,36,40
5013,57,74,3,1,35,1,36,40
5014,57,74,4,1,28,0,36,40
5015,57,74,5,1,45,0,36,40
5016,57,74,6,1,27,0,36,40
5017,57,74,7,1,48,0,36,40
5018,57,74,8,1,38,0,36,40
5019,57,74,9,1,32,0,36,40
5020,57,75,0,1,45,1,36,40
5021,57,75,1,1,35,1,36,40
5022,57,75,2,0,41,1,36,40
5023,57,75,3,0,37,1,36,40
5024,57,75,4,0,32,0,36,40
5025,57,75,5,0,34,0,36,40
5026,57,75,6,0,42,0,36,40
5027,57,75,7,0,39,0,36,40
5028,57,75,8,0,28,0,36,40
5029,57,75,9,0,46,0,36,40
5030,57,76,0,0,56,1,60,64
5031,57,76,1,1,74,1,60,64
5032,57,76,2,0,63,1,60,64
5033,57,76,3,0,61,1,60,64
5034,57,76,4,1,67,0,60,64
5035,57,77,0,0,48,1,40,32
5036,57,77,1,1,24,1,40,32
5037,57,77,2,1,37,1,40,32
5038,57,77,3,1,46,1,40,32
5039,57,77,4,0,47,0,40,32
5040,57,78,0,1,31,1,40,44
5041,57,78,1,1,41,1,40,44
5042,57,78,2,0,38,1,40,44
5043,57,78,3,0,28,1,40,44
5044,57,78,4,1,34,0,40,44
5045,57,78,5,1,48,0,40,44
5046,57,78,6,1,44,0,40,44
5047,57,78,7,1,40,0,40,44
5048,57,78,8,1,38,0,40,44
5049,57,78,9,1,38,0,40,44
5050,57,79,0,0,35,1,36,40
5051,57,79,1,0,32,1,36,40
5052,57,79,2,0,51,1,36,40
5053,57,79,3,1,48,1,36,40
5054,57,79,4,1,39,0,36,40
5055,57,79,5,1,41,0,36,40
5056,57,79,6,1,39,0,36,40
5057,57,79,7,1,45,0,36,40
5058,57,79,8,1,34,0,36,40
5059,57,79,9,1,35,0,36,40
5060,57,80,0,0,42,1,40,28
5061,57,80,1,0,34,1,40,28
5062,57,80,2,0,41,1,40,28
5063,57,80,3,1,23,1,40,28
5064,57,80,4,0,38,0,40,28
5065,57,81,0,0,41,1,60,48
5066,57,81,1,1,45,1,60,48
5067,57,81,2,0,59,1,60,48
5068,57,81,3,1,46,1,60,48
5069,57,81,4,0,49,0,60,48
5070,57,81,5,0,62,0,60,48
5071,57,81,6,0,57,0,60,48
5072,57,81,7,0,58,0,60,48
5073,57,81,8,0,51,0,60,48
5074,57,81,9,0,57,0,60,48
5075,57,82,0,0,28,1,40,44
5076,57,82,1,0,28,1,40,44
5077,57,82,2,1,49,1,40,44
5078,57,82,3,0,24,1,40,44
5079,57,82,4,1,43,0,40,44
5080,57,82,5,1,35,0,40,44
5081,57,82,6,1,42,0,40,44
5082,57,82,7,1,36,0,40,44
5083,57,82,8,1,35,0,40,44
5084,57,82,9,1,37,0,40,44
5085,57,83,0,1,64,1,72,60
5086,57,83,1,0,64,1,72,60
5087,57,83,2,0,58,1,72,60
5088,57,83,3,1,55,1,72,60
5089,57,83,4,0,52,0,72,60
5090,57,84,0,1,56,1,40,48
5091,57,84,1,0,46,1,40,48
5092,57,84,2,1,44,1,40,48
5093,57,84,3,1,43,1,40,48
5094,57,84,4,1,55,0,40,48
5095,57,85,0,0,39,1,40,60
5096,57,85,1,1,56,1,40,60
5097,57,85,2,1,63,1,40,60
5098,57,85,3,0,32,1,40,60
5099,57,85,4,1,56,0,40,60
5100,57,85,5,1,59,0,40,60
5101,57,85,6,1,49,0,40,60
5102,57,85,7,1,51,0,40,60
5103,57,85,8,1,55,0,40,60
5104,57,85,9,1,65,0,40,60
5105,57,86,0,0,44,1,40,32
5106,57,86,1,1,17,1,40,32
5107,57,86,2,1,45,1,40,32
5108,57,86,3,1,26,1,40,32
5109,57,86,4,0,42,0,40,32
5110,57,87,0,0,1,1,20,40
5111,57,87,1,1,44,1,20,40
5112,57,87,2,1,26,1,20,40
5113,57,87,3,0,22,1,20,40
5114,57,87,4,1,38,0,20,40
5115,57,87,5,1,37,0,20,40
5116,57,87,6,1,48,0,20,40
5117,57,87,7,1,36,0,20,40
5118,57,87,8,1,34,0,20,40
5119,57,87,9,1,45,0,20,40
5120,57,88,0,1,28,1,60,40
5121,57,88,1,1,43,1,60,40
5122,57,88,2,1,18,1,60,40
5123,57,88,3,0,63,1,60,40
5124,57,88,4,0,49,0,60,40
5125,57,88,5,0,56,0,60,40
5126,57,88,6,0,61,0,60,40
5127,57,88,7,0,51,0,60,40
5128,57,88,8,0,60,0,60,40
5129,57,88,9,0,59,0,60,40
5130,57,89,0,1,59,1,68,60
5131,57,89,1,1,58,1,68,60
5132,57,89,2,0,72,1,68,60
5133,57,89,3,0,73,1,68,60
5134,57,89,4,0,54,0,68,60
5135,57,90,0,1,61,1,80,60
5136,57,90,1,1,47,1,80,60
5137,57,90,2,0,75,1,80,60
5138,57,90,3,0,85,1,80,60
5139,57,90,4,0,79,0,80,60
5140,57,91,0,0,49,1,60,40
5141,57,91,1,1,49,1,60,40
5142,57,91,2,0,56,1,60,40
5143,57,91,3,0,54,1,60,40
5144,57,91,4,0,68,0,60,40
5145,57,91,5,0,58,0,60,40
5146,57,91,6,0,53,0,60,40
5147,57,91,7,0,68,0,60,40
5148,57,91,8,0,46,0,60,40
5149,57,91,9,0,66,0,60,40
5150,57,92,0,1,39,1,48,40
5151,57,92,1,0,44,1,48,40
5152,57,92,2,0,45,1,48,40
5153,57,92,3,1,29,1,48,40
5154,57,92,4,0,41,0,48,40
5155,57,92,5,0,41,0,48,40
5156,57,92,6,0,44,0,48,40
5157,57,92,7,0,55,0,48,40
5158,57,92,8,0,49,0,48,40
5159,57,92,9,0,57,0,48,40
5160,57,93,0,1,32,1,40,48
5161,57,93,1,0,43,1,40,48
5162,57,93,2,0,50,1,40,48
5163,57,93,3,1,51,1,40,48
5164,57,93,4,0,43,0,40,48
5165,57,94,0,1,51,1,52,60
5166,57,94,1,1,65,1,52,60
5167,57,94,2,0,47,1,52,60
5168,57,94,3,0,40,1,52,60
5169,57,94,4,1,59,0,52,60
5170,57,95,0,1,41,1,48,40
5171,57,95,1,0,47,1,48,40
5172,57,95,2,0,39,1,48,40
5173,57,95,3,0,61,1,48,40
5174,57,95,4,0,43,0,48,40
5175,57,96,0,0,60,1,60,52
5176,57,96,1,0,64,1,60,52
5177,57,96,2,1,54,1,60,52
5178,57,96,3,0,60,1,60,52
5179,57,96,4,0,63,0,60,52
5180,57,96,5,0,62,0,60,52
5181,57,96,6,0,71,0,60,52
5182,57,96,7,0,70,0,60,52
5183,57,96,8,0,67,0,60,52
5184,57,96,9,0,61,0,60,52
5185,57,97,0,0,37,1,32,40
5186,57,97,1,0,26,1,32,40
5187,57,97,2,0,37,1,32,40
5188,57,97,3,1,36,1,32,40
5189,57,97,4,1,47,0,32,40
5190,57,98,0,0,17,1,20,40
5191,57,98,1,0,30,1,20,40
5192,57,98,2,0,14,1,20,40
5193,57,98,3,1,29,1,20,40
5194,57,98,4,1,37,0,20,40
5195,57,99,0,1,71,1,56,60
5196,57,99,1,1,64,1,56,60
5197,57,99,2,1,63,1,56,60
5198,57,99,3,0,46,1,56,60
5199,57,99,4,1,62,0,56,60
